ISO-10303-21;
HEADER;
FILE_DESCRIPTION (( 'STEP AP203' ),
    '1' );
FILE_NAME ('95947A001_Aluminum Female Threaded Hex Standoff.STEP',
    '2021-08-25T17:10:04',
    ( 'Administrator' ),
    ( 'Managed by Terraform' ),
    'SwSTEP 2.0',
    'SolidWorks 2017',
    '' );
FILE_SCHEMA (( 'CONFIG_CONTROL_DESIGN' ));
ENDSEC;

DATA;
#1 = CARTESIAN_POINT ( 'NONE',  ( 1.916850952641918600, -2.047445795422412600E-016, -1.114577578257896800 ) ) ;
#2 = CARTESIAN_POINT ( 'NONE',  ( 0.0000000000000000000, -1.124999999999998200, -1.948557158514986600 ) ) ;
#3 = ADVANCED_FACE ( 'NONE', ( #1456 ), #1580, .F. ) ;
#4 = CARTESIAN_POINT ( 'NONE',  ( 0.08849721360620213500, 0.1460871245316107400, 1.224002786393797400 ) ) ;
#5 = CARTESIAN_POINT ( 'NONE',  ( 3.841237976320960500, -1.278125000000000200, 1.565251690160211100E-016 ) ) ;
#6 = VERTEX_POINT ( 'NONE', #1585 ) ;
#7 = CARTESIAN_POINT ( 'NONE',  ( 4.961213928962876300, 1.278124999999999500, -0.7379258128079913000 ) ) ;
#8 = EDGE_CURVE ( 'NONE', #601, #1537, #1763, .T. ) ;
#9 = CARTESIAN_POINT ( 'NONE',  ( 0.01947352571978724900, 2.249999999999998700, 0.4428661505148302500 ) ) ;
#10 = CARTESIAN_POINT ( 'NONE',  ( 3.641850952641918900, -0.9652524972598771600, -0.5572887891289481900 ) ) ;
#11 = ORIENTED_EDGE ( 'NONE', *, *, #701, .F. ) ;
#12 = CARTESIAN_POINT ( 'NONE',  ( 0.8362139289628770500, -2.711095453990543300E-016, -1.475851625615981000 ) ) ;
#13 = PLANE ( 'NONE',  #2203 ) ;
#14 = CARTESIAN_POINT ( 'NONE',  ( 5.799038105676659800, -2.249999999999999100, 1.299038105676656900 ) ) ;
#15 = EDGE_LOOP ( 'NONE', ( #733, #3007, #2848, #2767 ) ) ;
#16 = CARTESIAN_POINT ( 'NONE',  ( 0.1402892616303169900, -2.249999999999999100, 1.088861940770091900 ) ) ;
#17 = CARTESIAN_POINT ( 'NONE',  ( 0.0000000000000000000, 0.0000000000000000000, 1.250000000000000200 ) ) ;
#18 = CARTESIAN_POINT ( 'NONE',  ( 3.391237976320960800, -1.278125000000000200, 1.565251690160211100E-016 ) ) ;
#19 = CARTESIAN_POINT ( 'NONE',  ( 4.548713928962876600, 1.278125000000000200, 0.0000000000000000000 ) ) ;
#20 = ADVANCED_FACE ( 'NONE', ( #360, #401 ), #3177, .T. ) ;
#21 = CARTESIAN_POINT ( 'NONE',  ( 3.229350952641918800, -0.4826262486299389100, -0.8359331836934224000 ) ) ;
#22 = CONICAL_SURFACE ( 'NONE', #1703, 2.249999999999998700, 1.047197551196600100 ) ;
#23 = CARTESIAN_POINT ( 'NONE',  ( 1.129350952641918800, 0.9652524972598769400, 0.0000000000000000000 ) ) ;
#24 = CARTESIAN_POINT ( 'NONE',  ( 5.062500000000001800, 1.743066579297358300E-016, 1.250000000000000000 ) ) ;
#25 = CARTESIAN_POINT ( 'NONE',  ( 1.448100952641919100, -0.9652524972598771600, -0.5572887891289480800 ) ) ;
#26 = CARTESIAN_POINT ( 'NONE',  ( 5.860152396849483300, 2.249999999999997800, -1.087331990916885000 ) ) ;
#27 = CONICAL_SURFACE ( 'NONE', #1182, 1.250000000000000200, 0.7853981633974518300 ) ;
#28 = CARTESIAN_POINT ( 'NONE',  ( 3.353737976320960300, -1.278125000000000000, 0.7379258128079908600 ) ) ;
#29 = CARTESIAN_POINT ( 'NONE',  ( 0.2106009526419191100, 0.4826262486299377500, -0.8359331836934230700 ) ) ;
#30 = CARTESIAN_POINT ( 'NONE',  ( -0.03314904735808103100, -0.9652524972598767200, 0.5572887891289487500 ) ) ;
#31 = CARTESIAN_POINT ( 'NONE',  ( 2.741850952641919000, -0.9652524972598771600, -0.5572887891289481900 ) ) ;
#32 = CARTESIAN_POINT ( 'NONE',  ( 1.466850952641918700, -2.047445795422412600E-016, -1.114577578257896800 ) ) ;
#33 = B_SPLINE_CURVE_WITH_KNOTS ( 'NONE', 3,
 ( #2816, #605, #369, #3350, #3363, #1481 ),
 .UNSPECIFIED., .F., .F.,
 ( 4, 2, 4 ),
 ( 0.001314652396222794100, 0.001969405109320622000, 0.002624157822418450000 ),
 .UNSPECIFIED. ) ;
#34 = DIRECTION ( 'NONE',  ( 0.0000000000000000000, 0.0000000000000000000, 1.000000000000000000 ) ) ;
#35 = CARTESIAN_POINT ( 'NONE',  ( 2.085600952641919000, 0.9652524972598769400, 0.0000000000000000000 ) ) ;
#36 = CARTESIAN_POINT ( 'NONE',  ( 3.017403810567669300, -0.3349364905389006800, -1.250000000000001800 ) ) ;
#37 = CARTESIAN_POINT ( 'NONE',  ( -0.05189904735808078400, 6.824819318074709100E-017, 1.114577578257897100 ) ) ;
#38 = ORIENTED_EDGE ( 'NONE', *, *, #1131, .T. ) ;
#39 = CARTESIAN_POINT ( 'NONE',  ( 1.673100952641919200, 0.9652524972598769400, 0.5572887891289483000 ) ) ;
#40 = CARTESIAN_POINT ( 'NONE',  ( 1.166850952641918600, 0.9652524972598769400, 0.5572887891289483000 ) ) ;
#41 = CARTESIAN_POINT ( 'NONE',  ( 2.441850952641919200, 0.9652524972598765000, -0.5572887891289489700 ) ) ;
#42 = ORIENTED_EDGE ( 'NONE', *, *, #632, .T. ) ;
#43 = CARTESIAN_POINT ( 'NONE',  ( 3.791850952641918800, 0.9652524972598767200, -0.5572887891289489700 ) ) ;
#44 = CARTESIAN_POINT ( 'NONE',  ( 4.592403810567667200, 0.3349364905389035100, 1.250000000000000000 ) ) ;
#45 = CARTESIAN_POINT ( 'NONE',  ( 1.410600952641919000, -0.9652524972598769400, 1.182093381138297500E-016 ) ) ;
#46 = CARTESIAN_POINT ( 'NONE',  ( 0.0000000000000000000, 0.0000000000000000000, 0.0000000000000000000 ) ) ;
#47 = CARTESIAN_POINT ( 'NONE',  ( 0.9606009526419191400, -0.9652524972598769400, 1.182093381138297500E-016 ) ) ;
#48 = CARTESIAN_POINT ( 'NONE',  ( 5.453737976320961200, 1.278125000000000200, 0.7379258128079903000 ) ) ;
#49 = ORIENTED_EDGE ( 'NONE', *, *, #2411, .T. ) ;
#50 = CARTESIAN_POINT ( 'NONE',  ( 6.116850952641918600, 0.9652524972598769400, 0.5572887891289483000 ) ) ;
#51 = CARTESIAN_POINT ( 'NONE',  ( 0.5293509526419190000, -0.4826262486299389100, -0.8359331836934224000 ) ) ;
#52 = ORIENTED_EDGE ( 'NONE', *, *, #3492, .F. ) ;
#53 = EDGE_CURVE ( 'NONE', #1543, #1746, #815, .T. ) ;
#54 = CARTESIAN_POINT ( 'NONE',  ( 4.841850952641918200, 6.824819318074709100E-017, 1.114577578257897100 ) ) ;
#55 = DESIGN_CONTEXT ( 'detailed design', #2684, 'design' ) ;
#56 = VERTEX_POINT ( 'NONE', #1539 ) ;
#57 = CARTESIAN_POINT ( 'NONE',  ( 2.254350952641918800, -0.9652524972598769400, 1.182093381138297500E-016 ) ) ;
#58 = CARTESIAN_POINT ( 'NONE',  ( 1.335600952641919000, -0.4826262486299382500, 0.8359331836934227300 ) ) ;
#59 = CARTESIAN_POINT ( 'NONE',  ( 4.114951905283835000, 1.250000000000000200, 0.0000000000000000000 ) ) ;
#60 = CARTESIAN_POINT ( 'NONE',  ( 5.860229930904660400, -0.1835754756815207700, -2.492088861051973600 ) ) ;
#61 = CARTESIAN_POINT ( 'NONE',  ( 1.257596189432336900, 0.3349364905389029000, -1.250000000000000400 ) ) ;
#62 = FACE_OUTER_BOUND ( 'NONE', #1896, .T. ) ;
#63 =( BOUNDED_CURVE ( )  B_SPLINE_CURVE ( 2, ( #3164, #1278, #1557, #2105, #2366, #1843, #2094, #418, #700 ),
 .UNSPECIFIED., .F., .T. ) 
 B_SPLINE_CURVE_WITH_KNOTS ( ( 3, 2, 2, 2, 3 ),
 ( 0.2055555555555556000, 0.2111111111111111400, 0.2222222222222223200, 0.2333333333333333900, 0.2388888888888889300 ),
 .UNSPECIFIED. ) 
 CURVE ( )  GEOMETRIC_REPRESENTATION_ITEM ( )  RATIONAL_B_SPLINE_CURVE ( ( 0.9330127018922194100, 0.9330127018922194100, 1.000000000000000000, 0.8660254037844388200, 1.000000000000000000, 0.8660254037844388200, 1.000000000000000000, 0.9330127018922194100, 0.9330127018922194100 ) ) 
 REPRESENTATION_ITEM ( '' )  );
#64 = CARTESIAN_POINT ( 'NONE',  ( 0.3231009526419191300, 0.9652524972598769400, 0.5572887891289483000 ) ) ;
#65 = CARTESIAN_POINT ( 'NONE',  ( 0.9793509526419188500, -0.4826262486299389100, -0.8359331836934224000 ) ) ;
#66 = CYLINDRICAL_SURFACE ( 'NONE', #617, 1.250000000000000200 ) ;
#67 = CARTESIAN_POINT ( 'NONE',  ( 5.104350952641919300, 0.4826262486299377500, -0.8359331836934230700 ) ) ;
#68 = LINE ( 'NONE', #2355, #3082 ) ;
#69 = CARTESIAN_POINT ( 'NONE',  ( 2.216850952641919100, -0.9652524972598767200, 0.5572887891289487500 ) ) ;
#70 = CARTESIAN_POINT ( 'NONE',  ( 4.575000000000002000, 0.6250000000000002200, 1.082531754730548400 ) ) ;
#71 = CARTESIAN_POINT ( 'NONE',  ( 0.9981009526419191100, -0.9652524972598771600, -0.5572887891289480800 ) ) ;
#72 = DIRECTION ( 'NONE',  ( 0.0000000000000000000, 0.0000000000000000000, 1.000000000000000000 ) ) ;
#73 = CARTESIAN_POINT ( 'NONE',  ( 6.016237976320960400, -0.6390624999999997600, 1.106888719211985800 ) ) ;
#74 = CARTESIAN_POINT ( 'NONE',  ( 0.5481009526419190500, -0.9652524972598771600, -0.5572887891289481900 ) ) ;
#75 = CARTESIAN_POINT ( 'NONE',  ( 3.023100952641919000, 0.9652524972598769400, 0.5572887891289483000 ) ) ;
#76 = CARTESIAN_POINT ( 'NONE',  ( 2.764951905283835400, 1.250000000000000200, 0.0000000000000000000 ) ) ;
#77 = ORIENTED_EDGE ( 'NONE', *, *, #727, .T. ) ;
#78 = CARTESIAN_POINT ( 'NONE',  ( 2.877451905283834300, 2.033577675846917800E-016, 1.250000000000000000 ) ) ;
#79 = CARTESIAN_POINT ( 'NONE',  ( 5.291850952641917500, 6.824819318074709100E-017, 1.114577578257897100 ) ) ;
#80 = ORIENTED_EDGE ( 'NONE', *, *, #2524, .T. ) ;
#81 = CARTESIAN_POINT ( 'NONE',  ( 2.104350952641918800, 0.4826262486299385800, 0.8359331836934226200 ) ) ;
#82 = CARTESIAN_POINT ( 'NONE',  ( 6.000000000000000000, -2.249999999999998200, -1.299038105676658200 ) ) ;
#83 = CARTESIAN_POINT ( 'NONE',  ( 2.212500000000001700, 1.249999999999999100, -0.7216878364870330500 ) ) ;
#84 = CARTESIAN_POINT ( 'NONE',  ( 2.812500000000003600, -3.137519842735245600E-015, 1.250000000000000200 ) ) ;
#85 = CARTESIAN_POINT ( 'NONE',  ( 0.06901530771650640800, 0.7247448713916079300, 1.024944026382318900 ) ) ;
#86 = SECURITY_CLASSIFICATION ( '', '', #1053 ) ;
#87 = CARTESIAN_POINT ( 'NONE',  ( 2.423100952641918900, -2.047445795422412600E-016, -1.114577578257897100 ) ) ;
#88 = CARTESIAN_POINT ( 'NONE',  ( 4.973100952641918800, -0.9652524972598767200, 0.5572887891289487500 ) ) ;
#89 = ORIENTED_EDGE ( 'NONE', *, *, #1108, .F. ) ;
#90 = CARTESIAN_POINT ( 'NONE',  ( 1.898100952641919000, -0.9652524972598771600, -0.5572887891289481900 ) ) ;
#91 = B_SPLINE_CURVE_WITH_KNOTS ( 'NONE', 3,
 ( #3149, #935, #1503, #3123, #1476, #688, #1787, #2834, #129, #2561, #2604, #361, #919, #106 ),
 .UNSPECIFIED., .F., .F.,
 ( 4, 2, 2, 2, 2, 2, 4 ),
 ( 0.0007614087033131630100, 0.001331409672726677100, 0.001901410642140191100, 0.002186411126846948000, 0.002471411611553705000, 0.002756412096260462000, 0.003041412580967219100 ),
 .UNSPECIFIED. ) ;
#92 = CARTESIAN_POINT ( 'NONE',  ( 2.727451905283834000, 1.249999999999999100, -0.7216878364870330500 ) ) ;
#93 = CARTESIAN_POINT ( 'NONE',  ( 4.922548094716169100, 0.3349364905389029000, -1.250000000000000400 ) ) ;
#94 = CARTESIAN_POINT ( 'NONE',  ( 4.541850952641918400, -0.9652524972598771600, -0.5572887891289481900 ) ) ;
#95 = EDGE_LOOP ( 'NONE', ( #80, #1237, #2975, #365 ) ) ;
#96 = CARTESIAN_POINT ( 'NONE',  ( 4.241850952641918600, 0.9652524972598767200, -0.5572887891289489700 ) ) ;
#97 = CARTESIAN_POINT ( 'NONE',  ( 1.762500000000002200, 1.249999999999999100, -0.7216878364870330500 ) ) ;
#98 = ORIENTED_EDGE ( 'NONE', *, *, #1999, .T. ) ;
#99 = CARTESIAN_POINT ( 'NONE',  ( -1.508985197173315500E-015, 1.508335473232665700, -1.727238319854173000 ) ) ;
#100 = CARTESIAN_POINT ( 'NONE',  ( 1.110600952641919200, 0.4826262486299377500, -0.8359331836934230700 ) ) ;
#101 = CARTESIAN_POINT ( 'NONE',  ( 0.8323557158515011400, -0.3349364905389031200, -1.250000000000000200 ) ) ;
#102 = ORIENTED_EDGE ( 'NONE', *, *, #2956, .F. ) ;
#103 = CARTESIAN_POINT ( 'NONE',  ( 3.960600952641918600, 0.4826262486299385800, 0.8359331836934226200 ) ) ;
#104 = CARTESIAN_POINT ( 'NONE',  ( 3.885600952641918800, 0.9652524972598769400, 0.0000000000000000000 ) ) ;
#105 = CARTESIAN_POINT ( 'NONE',  ( 4.035600952641918800, -0.4826262486299382500, 0.8359331836934227300 ) ) ;
#106 = CARTESIAN_POINT ( 'NONE',  ( 5.851882938683652400, 2.488305979943048100E-011, -1.164382938683654800 ) ) ;
#107 = EDGE_CURVE ( 'NONE', #3285, #2412, #3144, .T. ) ;
#108 = CARTESIAN_POINT ( 'NONE',  ( 2.877451905283833900, 2.033577675846917800E-016, 1.250000000000000000 ) ) ;
#109 = CARTESIAN_POINT ( 'NONE',  ( 5.441850952641917900, -0.9652524972598771600, -0.5572887891289480800 ) ) ;
#110 = CARTESIAN_POINT ( 'NONE',  ( 5.652752497259877300, 0.9714548447032621500, 0.06636492999104630400 ) ) ;
#111 = DIRECTION ( 'NONE',  ( 0.0000000000000000000, 0.0000000000000000000, -1.000000000000000000 ) ) ;
#112 = CARTESIAN_POINT ( 'NONE',  ( 5.492403810567667600, 0.3349364905389035100, 1.250000000000000000 ) ) ;
#113 = CARTESIAN_POINT ( 'NONE',  ( 2.348100952641919200, -0.9652524972598771600, -0.5572887891289481900 ) ) ;
#114 = VECTOR ( 'NONE', #1459, 1000.000000000000000 ) ;
#115 = CARTESIAN_POINT ( 'NONE',  ( 4.748100952641919100, 0.9652524972598767200, -0.5572887891289489700 ) ) ;
#116 = CARTESIAN_POINT ( 'NONE',  ( 4.073100952641919300, -0.9652524972598767200, 0.5572887891289487500 ) ) ;
#117 = CARTESIAN_POINT ( 'NONE',  ( 2.857355715851500400, 0.3349364905389035600, 1.250000000000000000 ) ) ;
#118 = CARTESIAN_POINT ( 'NONE',  ( 2.914951905283835300, -0.6249999999999997800, 1.082531754730548600 ) ) ;
#119 = CARTESIAN_POINT ( 'NONE',  ( 5.479350952641918400, -0.4826262486299389100, -0.8359331836934224000 ) ) ;
#120 = DIRECTION ( 'NONE',  ( 1.000000000000000000, 0.0000000000000000000, 0.0000000000000000000 ) ) ;
#121 = CARTESIAN_POINT ( 'NONE',  ( 3.637500000000001100, 1.250000000000000200, 0.7216878364870320500 ) ) ;
#122 = EDGE_LOOP ( 'NONE', ( #1628, #1186, #1088, #2145 ) ) ;
#123 = CARTESIAN_POINT ( 'NONE',  ( 3.060600952641918700, 0.4826262486299385800, 0.8359331836934226200 ) ) ;
#124 = EDGE_CURVE ( 'NONE', #659, #1810, #2899, .T. ) ;
#125 = ORIENTED_EDGE ( 'NONE', *, *, #2866, .F. ) ;
#126 = CARTESIAN_POINT ( 'NONE',  ( 3.173100952641918900, -0.9652524972598767200, 0.5572887891289487500 ) ) ;
#127 = CARTESIAN_POINT ( 'NONE',  ( 3.810600952641918200, 0.4826262486299377500, -0.8359331836934230700 ) ) ;
#128 = ORIENTED_EDGE ( 'NONE', *, *, #3449, .T. ) ;
#129 = CARTESIAN_POINT ( 'NONE',  ( 5.877506424399398600, 0.6410469636283266900, -1.007163867000648600 ) ) ;
#130 = CARTESIAN_POINT ( 'NONE',  ( 4.804350952641919500, 0.4826262486299385800, 0.8359331836934226200 ) ) ;
#131 = CARTESIAN_POINT ( 'NONE',  ( 0.2009618943233405800, 7.958310265323646400E-016, -2.598076211353313800 ) ) ;
#132 = ORIENTED_EDGE ( 'NONE', *, *, #2048, .F. ) ;
#133 = CARTESIAN_POINT ( 'NONE',  ( 1.935600952641919100, -0.4826262486299389100, -0.8359331836934224000 ) ) ;
#134 = CARTESIAN_POINT ( 'NONE',  ( 4.448100952641918400, 6.824819318074709100E-017, 1.114577578257896800 ) ) ;
#135 = CARTESIAN_POINT ( 'NONE',  ( 6.248100952641919100, 6.824819318074709100E-017, 1.114577578257897100 ) ) ;
#136 = VERTEX_POINT ( 'NONE', #2358 ) ;
#137 = B_SPLINE_CURVE_WITH_KNOTS ( 'NONE', 3,
 ( #1681, #1971, #3326, #1399, #4, #548 ),
 .UNSPECIFIED., .F., .F.,
 ( 4, 2, 4 ),
 ( 0.0007579673602764590700, 0.001193525271621866200, 0.001629083182967273400 ),
 .UNSPECIFIED. ) ;
#138 = CARTESIAN_POINT ( 'NONE',  ( 4.697548094716169400, -0.3349364905389032300, 1.250000000000000000 ) ) ;
#139 = CARTESIAN_POINT ( 'NONE',  ( 0.0000000000000000000, 0.0000000000000000000, 0.0000000000000000000 ) ) ;
#140 = ORIENTED_EDGE ( 'NONE', *, *, #3382, .F. ) ;
#141 = CARTESIAN_POINT ( 'NONE',  ( 5.516850952641918000, -2.047445795422412600E-016, -1.114577578257896800 ) ) ;
#142 = CARTESIAN_POINT ( 'NONE',  ( 0.0000000000000000000, 0.0000000000000000000, 0.0000000000000000000 ) ) ;
#143 = DIRECTION ( 'NONE',  ( 0.0000000000000000000, 0.0000000000000000000, 1.000000000000000000 ) ) ;
#144 = DIRECTION ( 'NONE',  ( 0.4999999999999979500, 0.0000000000000000000, 0.8660254037844397100 ) ) ;
#145 = EDGE_CURVE ( 'NONE', #3316, #1842, #284, .T. ) ;
#146 = CARTESIAN_POINT ( 'NONE',  ( 4.598100952641918800, -0.9652524972598771600, -0.5572887891289481900 ) ) ;
#147 = CARTESIAN_POINT ( 'NONE',  ( 0.0000000000000000000, 0.0000000000000000000, 0.0000000000000000000 ) ) ;
#148 = CARTESIAN_POINT ( 'NONE',  ( 4.335600952641918600, 0.9652524972598769400, 0.0000000000000000000 ) ) ;
#149 = CARTESIAN_POINT ( 'NONE',  ( 4.752451905283834300, -1.249999999999999600, 0.7216878364870327200 ) ) ;
#150 = CIRCLE ( 'NONE', #408, 2.249999999999998200 ) ;
#151 = DIRECTION ( 'NONE',  ( 0.0000000000000000000, 0.0000000000000000000, 1.000000000000000000 ) ) ;
#152 = LINE ( 'NONE', #2147, #1550 ) ;
#153 = CARTESIAN_POINT ( 'NONE',  ( 0.2009618943233409900, -1.513318042917043800E-015, 2.598076211353314700 ) ) ;
#154 = CARTESIAN_POINT ( 'NONE',  ( 6.000000000000000000, 2.249999999999998700, 1.299038105676658700 ) ) ;
#155 = CARTESIAN_POINT ( 'NONE',  ( 6.000000000000000000, 0.0000000000000000000, 0.0000000000000000000 ) ) ;
#156 = CARTESIAN_POINT ( 'NONE',  ( 5.423100952641918000, -0.9652524972598767200, 0.5572887891289487500 ) ) ;
#157 = CARTESIAN_POINT ( 'NONE',  ( 2.812500000000003600, -3.137519842735245600E-015, 1.250000000000000200 ) ) ;
#158 = CARTESIAN_POINT ( 'NONE',  ( 5.348100952641918800, 6.824819318074709100E-017, 1.114577578257897100 ) ) ;
#159 = CARTESIAN_POINT ( 'NONE',  ( 6.000000000000000000, -2.249999999999998700, -0.2199930545031161500 ) ) ;
#160 = ORIENTED_EDGE ( 'NONE', *, *, #2352, .F. ) ;
#161 = CARTESIAN_POINT ( 'NONE',  ( 2.966850952641918700, 0.9652524972598769400, 0.5572887891289483000 ) ) ;
#162 = DIRECTION ( 'NONE',  ( -1.000000000000000000, 0.0000000000000000000, 0.0000000000000000000 ) ) ;
#163 = CARTESIAN_POINT ( 'NONE',  ( 0.08881098751097409000, -2.249999999999998200, -0.8712733266714579600 ) ) ;
#164 = ORIENTED_EDGE ( 'NONE', *, *, #813, .T. ) ;
#165 = CARTESIAN_POINT ( 'NONE',  ( 0.1336122727778328900, -0.9139677614530828900, 0.7597502173130087400 ) ) ;
#166 = EDGE_CURVE ( 'NONE', #2629, #2677, #2730, .T. ) ;
#167 = CARTESIAN_POINT ( 'NONE',  ( 5.535600952641918800, -0.4826262486299389100, -0.8359331836934224000 ) ) ;
#168 = CARTESIAN_POINT ( 'NONE',  ( 5.760600952641918400, 0.4826262486299385800, 0.8359331836934226200 ) ) ;
#169 = CARTESIAN_POINT ( 'NONE',  ( 1.912500000000002800, 1.743066579297358300E-016, 1.250000000000000000 ) ) ;
#170 =( BOUNDED_SURFACE ( )  B_SPLINE_SURFACE ( 1, 2, ( 
 ( #3392, #2805, #2019, #37, #343, #621, #2506, #629, #2032, #2556, #2544, #594, #3104, #915, #2817, #2259, #2829, #1197, #3068, #1482, #862, #2781, #2519, #1151, #1435, #3341, #1719, #1994, #319, #1448, #47, #2006, #329, #2853, #100, #942, #658, #3117, #1226, #3131, #2307, #2057, #1495, #380, #2319, #2567, #644, #3408, #929, #2840, #1213, #1779, #2578, #2083, #2584, #90, #2335, #2572, #2047, #934, #2593, #1202, #404, #373, #3148, #385, #1475, #687, #2833, #1771, #2344, #3109, #948, #1488, #3094, #1229, #2857, #1513, #909, #2864, #959, #651, #1240, #1523, #1798, #75, #2820, #3398, #3433, #3122, #2035, #1188, #2312, #634, #1500, #2061, #662, #3380, #1758, #1807, #359, #3136, #2846, #1219, #3415, #2299, #127, #1785, #2559, #3425, #918, #674, #105, #116, #2323, #2073, #395, #1250, #2135, #3461, #148, #2910, #2923, #1552, #1531, #2395, #1270, #3159, #1862, #704, #2110, #2091, #3181, #2636, #183, #2646, #3475, #731, #717, #2614, #1576, #1563, #1838, #696, #1017, #434, #3170, #158, #1284, #1850, #979, #458, #2898, #2373, #969, #1004, #3441, #3192, #168, #2123, #414, #1297, #446, #3205, #2383, #2099, #3486, #2603, #2875, #1817, #3450, #135, #2353 ),
 ( #2885, #1263, #1542, #1826, #425, #2360, #2625, #992, #2695, #1506, #2328, #842, #2159, #1887, #2427, #3496, #2717, #1327, #210, #801, #1603, #1065, #3509, #1589, #3253, #1350, #3533, #2934, #1360, #2983, #2683, #3262, #3546, #235, #2148, #1313, #3233, #1640, #1617, #472, #3220, #483, #2671, #3520, #496, #2697, #1875, #195, #1919, #2448, #1627, #2417, #1338, #1052, #2405, #247, #769, #1038, #2972, #754, #790, #2946, #2181, #3242, #1077, #1910, #2961, #1900, #225, #2170, #508, #2194, #780, #2438, #2708, #521, #3275, #306, #2745, #561, #534, #1682, #1128, #2250, #1141, #1972, #2770, #2757, #1102, #28, #18, #3301, #2733, #3043, #2484, #1667, #281, #1412, #297, #3004, #582, #1401, #5, #2992, #840, #1654, #1695, #1961, #2238, #2459, #3327, #2227, #1423, #572, #2218, #1709, #1986, #2507, #3030, #1948, #3317, #2497, #1933, #864, #810, #1089, #1372, #1386, #853, #3556, #259, #269, #2206, #1114, #550, #3016, #3289, #3570, #2472, #826, #1730, #2283, #3342, #2569, #1163, #48, #646, #1449, #906, #3352, #1436, #3090, #1185, #3377, #2782, #1198, #2831, #2532, #3105, #3394, #73, #1996, #1152, #3069, #1485, #1460, #320, #3054, #2008, #2520, #3365, #345, #2545 ) ),
 .UNSPECIFIED., .F., .F., .T. ) 
 B_SPLINE_SURFACE_WITH_KNOTS ( ( 2, 2 ),
 ( 3, 2, 2, 2, 2, 2, 2, 2, 2, 2, 2, 2, 2, 2, 2, 2, 2, 2, 2, 2, 2, 2, 2, 2, 2, 2, 2, 2, 2, 2, 2, 2, 2, 2, 2, 2, 2, 2, 2, 2, 2, 2, 2, 2, 2, 2, 2, 2, 2, 2, 2, 2, 2, 2, 2, 2, 2, 2, 2, 2, 2, 2, 2, 2, 2, 2, 2, 2, 2, 2, 2, 2, 2, 2, 2, 2, 2, 2, 2, 2, 2, 2, 2, 2, 2, 2, 3 ),
 ( 0.0000000000000000000, 1.000000000000000000 ),
 ( 0.0000000000000000000, 0.01111111111111111200, 0.02222222222222222300, 0.03333333333333333300, 0.04444444444444444600, 0.05555555555555555200, 0.06666666666666666600, 0.07777777777777777900, 0.08888888888888889200, 0.1000000000000000100, 0.1111111111111111000, 0.1222222222222222200, 0.1333333333333333300, 0.1444444444444444300, 0.1555555555555555600, 0.1666666666666666600, 0.1777777777777777800, 0.1888888888888888800, 0.2000000000000000100, 0.2111111111111111100, 0.2222222222222222100, 0.2333333333333333400, 0.2444444444444444400, 0.2555555555555555400, 0.2666666666666666600, 0.2777777777777777900, 0.2888888888888888600, 0.2999999999999999900, 0.3111111111111111200, 0.3222222222222222400, 0.3333333333333333100, 0.3444444444444444400, 0.3555555555555555700, 0.3666666666666666400, 0.3777777777777777700, 0.3888888888888889000, 0.4000000000000000200, 0.4111111111111110900, 0.4222222222222222200, 0.4333333333333333500, 0.4444444444444444200, 0.4555555555555555500, 0.4666666666666666700, 0.4777777777777778000, 0.4888888888888888700, 0.5000000000000000000, 0.5111111111111110700, 0.5222222222222222500, 0.5333333333333333300, 0.5444444444444444000, 0.5555555555555555800, 0.5666666666666666500, 0.5777777777777777200, 0.5888888888888889100, 0.5999999999999999800, 0.6111111111111111600, 0.6222222222222222300, 0.6333333333333333000, 0.6444444444444444900, 0.6555555555555555600, 0.6666666666666666300, 0.6777777777777778100, 0.6888888888888888800, 0.6999999999999999600, 0.7111111111111111400, 0.7222222222222222100, 0.7333333333333332800, 0.7444444444444444600, 0.7555555555555555400, 0.7666666666666667200, 0.7777777777777777900, 0.7888888888888888600, 0.8000000000000000400, 0.8111111111111111200, 0.8222222222222221900, 0.8333333333333333700, 0.8444444444444444400, 0.8555555555555555100, 0.8666666666666667000, 0.8777777777777777700, 0.8888888888888888400, 0.9000000000000000200, 0.9111111111111110900, 0.9222222222222222800, 0.9333333333333333500, 0.9444444444444444200, 0.9555555555555556000 ),
 .UNSPECIFIED. ) 
 GEOMETRIC_REPRESENTATION_ITEM ( )  RATIONAL_B_SPLINE_SURFACE ( (
 ( 1.000000000000000000, 0.8660254037844387100, 1.000000000000000000, 0.8660254037844387100, 1.000000000000000000, 0.8660254037844387100, 1.000000000000000000, 0.8660254037844387100, 1.000000000000000000, 0.8660254037844387100, 1.000000000000000000, 0.8660254037844387100, 1.000000000000000000, 0.8660254037844387100, 1.000000000000000000, 0.8660254037844387100, 1.000000000000000000, 0.8660254037844387100, 1.000000000000000000, 0.8660254037844387100, 1.000000000000000000, 0.8660254037844387100, 1.000000000000000000, 0.8660254037844387100, 1.000000000000000000, 0.8660254037844387100, 1.000000000000000000, 0.8660254037844387100, 1.000000000000000000, 0.8660254037844387100, 1.000000000000000000, 0.8660254037844387100, 1.000000000000000000, 0.8660254037844387100, 1.000000000000000000, 0.8660254037844387100, 1.000000000000000000, 0.8660254037844387100, 1.000000000000000000, 0.8660254037844387100, 1.000000000000000000, 0.8660254037844387100, 1.000000000000000000, 0.8660254037844387100, 1.000000000000000000, 0.8660254037844387100, 1.000000000000000000, 0.8660254037844387100, 1.000000000000000000, 0.8660254037844387100, 1.000000000000000000, 0.8660254037844387100, 1.000000000000000000, 0.8660254037844387100, 1.000000000000000000, 0.8660254037844387100, 1.000000000000000000, 0.8660254037844387100, 1.000000000000000000, 0.8660254037844387100, 1.000000000000000000, 0.8660254037844387100, 1.000000000000000000, 0.8660254037844387100, 1.000000000000000000, 0.8660254037844387100, 1.000000000000000000, 0.8660254037844387100, 1.000000000000000000, 0.8660254037844387100, 1.000000000000000000, 0.8660254037844387100, 1.000000000000000000, 0.8660254037844387100, 1.000000000000000000, 0.8660254037844387100, 1.000000000000000000, 0.8660254037844387100, 1.000000000000000000, 0.8660254037844387100, 1.000000000000000000, 0.8660254037844387100, 1.000000000000000000, 0.8660254037844387100, 1.000000000000000000, 0.8660254037844387100, 1.000000000000000000, 0.8660254037844387100, 1.000000000000000000, 0.8660254037844387100, 1.000000000000000000, 0.8660254037844387100, 1.000000000000000000, 0.8660254037844387100, 1.000000000000000000, 0.8660254037844387100, 1.000000000000000000, 0.8660254037844387100, 1.000000000000000000, 0.8660254037844387100, 1.000000000000000000, 0.8660254037844387100, 1.000000000000000000, 0.8660254037844387100, 1.000000000000000000, 0.8660254037844387100, 1.000000000000000000, 0.8660254037844387100, 1.000000000000000000, 0.8660254037844387100, 1.000000000000000000, 0.8660254037844387100, 1.000000000000000000, 0.8660254037844387100, 1.000000000000000000, 0.8660254037844387100, 1.000000000000000000, 0.8660254037844387100, 1.000000000000000000, 0.8660254037844387100, 1.000000000000000000, 0.8660254037844387100, 1.000000000000000000, 0.8660254037844387100, 1.000000000000000000, 0.8660254037844387100, 1.000000000000000000, 0.8660254037844387100, 1.000000000000000000, 0.8660254037844387100, 1.000000000000000000, 0.8660254037844387100, 1.000000000000000000, 0.8660254037844387100, 1.000000000000000000, 0.8660254037844387100, 1.000000000000000000, 0.8660254037844387100, 1.000000000000000000, 0.8660254037844387100, 1.000000000000000000, 0.8660254037844387100, 1.000000000000000000, 0.8660254037844387100, 1.000000000000000000, 0.8660254037844387100, 1.000000000000000000, 0.8660254037844387100, 1.000000000000000000, 0.8660254037844387100, 1.000000000000000000, 0.8660254037844387100, 1.000000000000000000, 0.8660254037844387100, 1.000000000000000000, 0.8660254037844387100, 1.000000000000000000, 0.8660254037844387100, 1.000000000000000000, 0.8660254037844387100, 1.000000000000000000, 0.8660254037844387100, 1.000000000000000000, 0.8660254037844387100, 1.000000000000000000, 0.8660254037844387100, 1.000000000000000000, 0.8660254037844387100, 1.000000000000000000, 0.8660254037844387100, 1.000000000000000000, 0.8660254037844387100, 1.000000000000000000),
 ( 1.000000000000000000, 0.8660254037844387100, 1.000000000000000000, 0.8660254037844387100, 1.000000000000000000, 0.8660254037844387100, 1.000000000000000000, 0.8660254037844387100, 1.000000000000000000, 0.8660254037844387100, 1.000000000000000000, 0.8660254037844387100, 1.000000000000000000, 0.8660254037844387100, 1.000000000000000000, 0.8660254037844387100, 1.000000000000000000, 0.8660254037844387100, 1.000000000000000000, 0.8660254037844387100, 1.000000000000000000, 0.8660254037844387100, 1.000000000000000000, 0.8660254037844387100, 1.000000000000000000, 0.8660254037844387100, 1.000000000000000000, 0.8660254037844387100, 1.000000000000000000, 0.8660254037844387100, 1.000000000000000000, 0.8660254037844387100, 1.000000000000000000, 0.8660254037844387100, 1.000000000000000000, 0.8660254037844387100, 1.000000000000000000, 0.8660254037844387100, 1.000000000000000000, 0.8660254037844387100, 1.000000000000000000, 0.8660254037844387100, 1.000000000000000000, 0.8660254037844387100, 1.000000000000000000, 0.8660254037844387100, 1.000000000000000000, 0.8660254037844387100, 1.000000000000000000, 0.8660254037844387100, 1.000000000000000000, 0.8660254037844387100, 1.000000000000000000, 0.8660254037844387100, 1.000000000000000000, 0.8660254037844387100, 1.000000000000000000, 0.8660254037844387100, 1.000000000000000000, 0.8660254037844387100, 1.000000000000000000, 0.8660254037844387100, 1.000000000000000000, 0.8660254037844387100, 1.000000000000000000, 0.8660254037844387100, 1.000000000000000000, 0.8660254037844387100, 1.000000000000000000, 0.8660254037844387100, 1.000000000000000000, 0.8660254037844387100, 1.000000000000000000, 0.8660254037844387100, 1.000000000000000000, 0.8660254037844387100, 1.000000000000000000, 0.8660254037844387100, 1.000000000000000000, 0.8660254037844387100, 1.000000000000000000, 0.8660254037844387100, 1.000000000000000000, 0.8660254037844387100, 1.000000000000000000, 0.8660254037844387100, 1.000000000000000000, 0.8660254037844387100, 1.000000000000000000, 0.8660254037844387100, 1.000000000000000000, 0.8660254037844387100, 1.000000000000000000, 0.8660254037844387100, 1.000000000000000000, 0.8660254037844387100, 1.000000000000000000, 0.8660254037844387100, 1.000000000000000000, 0.8660254037844387100, 1.000000000000000000, 0.8660254037844387100, 1.000000000000000000, 0.8660254037844387100, 1.000000000000000000, 0.8660254037844387100, 1.000000000000000000, 0.8660254037844387100, 1.000000000000000000, 0.8660254037844387100, 1.000000000000000000, 0.8660254037844387100, 1.000000000000000000, 0.8660254037844387100, 1.000000000000000000, 0.8660254037844387100, 1.000000000000000000, 0.8660254037844387100, 1.000000000000000000, 0.8660254037844387100, 1.000000000000000000, 0.8660254037844387100, 1.000000000000000000, 0.8660254037844387100, 1.000000000000000000, 0.8660254037844387100, 1.000000000000000000, 0.8660254037844387100, 1.000000000000000000, 0.8660254037844387100, 1.000000000000000000, 0.8660254037844387100, 1.000000000000000000, 0.8660254037844387100, 1.000000000000000000, 0.8660254037844387100, 1.000000000000000000, 0.8660254037844387100, 1.000000000000000000, 0.8660254037844387100, 1.000000000000000000, 0.8660254037844387100, 1.000000000000000000, 0.8660254037844387100, 1.000000000000000000, 0.8660254037844387100, 1.000000000000000000, 0.8660254037844387100, 1.000000000000000000, 0.8660254037844387100, 1.000000000000000000, 0.8660254037844387100, 1.000000000000000000, 0.8660254037844387100, 1.000000000000000000, 0.8660254037844387100, 1.000000000000000000, 0.8660254037844387100, 1.000000000000000000, 0.8660254037844387100, 1.000000000000000000, 0.8660254037844387100, 1.000000000000000000, 0.8660254037844387100, 1.000000000000000000, 0.8660254037844387100, 1.000000000000000000, 0.8660254037844387100, 1.000000000000000000, 0.8660254037844387100, 1.000000000000000000, 0.8660254037844387100, 1.000000000000000000) ) ) 
 REPRESENTATION_ITEM ( '' )  SURFACE ( )  );
#171 = CARTESIAN_POINT ( 'NONE',  ( 0.3344791281152211800, -1.338558928461751600E-012, 0.9780208718847779300 ) ) ;
#172 = ORIENTED_EDGE ( 'NONE', *, *, #188, .T. ) ;
#173 = CARTESIAN_POINT ( 'NONE',  ( 4.016850952641918900, -0.9652524972598767200, 0.5572887891289487500 ) ) ;
#174 =( BOUNDED_CURVE ( )  B_SPLINE_CURVE ( 2, ( #390, #2891, #1419, #1897, #1914, #519, #1326 ),
 .UNSPECIFIED., .F., .T. ) 
 B_SPLINE_CURVE_WITH_KNOTS ( ( 3, 2, 2, 3 ),
 ( 0.9166666666666667400, 0.9222222222222222800, 0.9333333333333333500, 0.9368012218652866900 ),
 .UNSPECIFIED. ) 
 CURVE ( )  GEOMETRIC_REPRESENTATION_ITEM ( )  RATIONAL_B_SPLINE_CURVE ( ( 0.9330127018922194100, 0.9330127018922200800, 1.000000000000000000, 0.8660254037844388200, 1.000000000000000000, 0.9581851930789876400, 0.9424720222476754600 ) ) 
 REPRESENTATION_ITEM ( '' )  );
#175 = ORIENTED_EDGE ( 'NONE', *, *, #1951, .T. ) ;
#176 = DIRECTION ( 'NONE',  ( 0.0000000000000000000, 0.0000000000000000000, 1.000000000000000000 ) ) ;
#177 = CARTESIAN_POINT ( 'NONE',  ( 1.564951905283835000, -0.6249999999999997800, 1.082531754730548600 ) ) ;
#178 = CARTESIAN_POINT ( 'NONE',  ( 0.06495190528383530700, 1.250000000000000200, 0.0000000000000000000 ) ) ;
#179 = CARTESIAN_POINT ( 'NONE',  ( 0.8625000000000026000, 1.249999999999999100, -0.7216878364870330500 ) ) ;
#180 = ORIENTED_EDGE ( 'NONE', *, *, #511, .T. ) ;
#181 = CARTESIAN_POINT ( 'NONE',  ( 5.385600952641918400, -0.4826262486299382500, 0.8359331836934227300 ) ) ;
#182 = CARTESIAN_POINT ( 'NONE',  ( 3.572548094716169000, 0.3349364905389059500, -1.249999999999998400 ) ) ;
#183 = CARTESIAN_POINT ( 'NONE',  ( 4.860600952641918900, 0.4826262486299385800, 0.8359331836934226200 ) ) ;
#184 = CARTESIAN_POINT ( 'NONE',  ( 1.932596189432336900, -0.3349364905389032300, 1.250000000000000000 ) ) ;
#185 = VERTEX_POINT ( 'NONE', #3470 ) ;
#186 = CARTESIAN_POINT ( 'NONE',  ( 3.454350952641918900, 0.4826262486299385800, 0.8359331836934226200 ) ) ;
#187 = DIRECTION ( 'NONE',  ( -1.000000000000000000, -0.0000000000000000000, -0.0000000000000000000 ) ) ;
#188 = EDGE_CURVE ( 'NONE', #1537, #1666, #2844, .T. ) ;
#189 = DATE_AND_TIME ( #449, #3197 ) ;
#190 = CARTESIAN_POINT ( 'NONE',  ( 4.860600952641918900, 0.4826262486299385800, 0.8359331836934226200 ) ) ;
#191 = FACE_OUTER_BOUND ( 'NONE', #618, .T. ) ;
#192 = CARTESIAN_POINT ( 'NONE',  ( 5.625000000000003600, -1.250000000000000200, 1.530808498934192100E-016 ) ) ;
#193 = CARTESIAN_POINT ( 'NONE',  ( 2.700000000000002400, 1.250000000000000200, 0.0000000000000000000 ) ) ;
#194 = CARTESIAN_POINT ( 'NONE',  ( 4.657355715851500700, 0.3349364905389035600, 1.250000000000000000 ) ) ;
#195 = CARTESIAN_POINT ( 'NONE',  ( 1.778737976320961000, 1.278124999999999500, -0.7379258128079913000 ) ) ;
#196 = AXIS2_PLACEMENT_3D ( 'NONE', #944, #1215, #3118 ) ;
#197 = VECTOR ( 'NONE', #559, 1000.000000000000000 ) ;
#198 = PERSON_AND_ORGANIZATION_ROLE ( 'creator' ) ;
#199 = CARTESIAN_POINT ( 'NONE',  ( 3.386213928962876500, -1.278125000000000000, 0.7379258128079908600 ) ) ;
#200 = ADVANCED_FACE ( 'NONE', ( #2201 ), #785, .F. ) ;
#201 = CARTESIAN_POINT ( 'NONE',  ( 3.004350952641918800, 0.4826262486299385800, 0.8359331836934226200 ) ) ;
#202 = FACE_OUTER_BOUND ( 'NONE', #122, .T. ) ;
#203 = CC_DESIGN_PERSON_AND_ORGANIZATION_ASSIGNMENT ( #1292, #1642, ( #3388 ) ) ;
#204 = CARTESIAN_POINT ( 'NONE',  ( 0.6274519052838352100, 2.033577675846917800E-016, 1.250000000000000000 ) ) ;
#205 = CARTESIAN_POINT ( 'NONE',  ( 0.3000000000000028800, -0.6250000000000006700, -1.082531754730548200 ) ) ;
#206 = CARTESIAN_POINT ( 'NONE',  ( 5.709238654534137100, 2.199169000880166300E-014, 1.021738654534134300 ) ) ;
#207 = CARTESIAN_POINT ( 'NONE',  ( 2.389951905283835400, 0.6250000000000003300, 1.082531754730548400 ) ) ;
#208 = CARTESIAN_POINT ( 'NONE',  ( 6.000000000000000000, 0.0000000000000000000, 0.0000000000000000000 ) ) ;
#209 = DIRECTION ( 'NONE',  ( 0.0000000000000000000, 0.0000000000000000000, 1.000000000000000000 ) ) ;
#210 = CARTESIAN_POINT ( 'NONE',  ( 0.6912379763209609600, -1.278125000000000200, 1.565251690160211100E-016 ) ) ;
#211 = ORIENTED_EDGE ( 'NONE', *, *, #2109, .T. ) ;
#212 = CARTESIAN_POINT ( 'NONE',  ( 3.873713928962876400, -1.278125000000000200, 1.565251690160211100E-016 ) ) ;
#213 = ORIENTED_EDGE ( 'NONE', *, *, #2048, .T. ) ;
#214 = CARTESIAN_POINT ( 'NONE',  ( 1.766850952641918700, -0.9652524972598767200, 0.5572887891289487500 ) ) ;
#215 = CARTESIAN_POINT ( 'NONE',  ( 0.3793509526419189300, -0.4826262486299382500, 0.8359331836934227300 ) ) ;
#216 = CARTESIAN_POINT ( 'NONE',  ( 3.057596189432336700, 0.3349364905389059500, -1.249999999999998400 ) ) ;
#217 = DIRECTION ( 'NONE',  ( -1.000000000000000000, -0.0000000000000000000, -0.0000000000000000000 ) ) ;
#218 = EDGE_CURVE ( 'NONE', #397, #316, #2947, .T. ) ;
#219 = DIRECTION ( 'NONE',  ( 0.7071067811865672200, 0.0000000000000000000, -0.7071067811865279200 ) ) ;
#220 = ADVANCED_FACE ( 'NONE', ( #2400 ), #1248, .F. ) ;
#221 =( BOUNDED_CURVE ( )  B_SPLINE_CURVE ( 2, ( #1111, #2715, #1664, #1383, #3567, #531, #2456, #1944, #1959 ),
 .UNSPECIFIED., .F., .T. ) 
 B_SPLINE_CURVE_WITH_KNOTS ( ( 3, 2, 2, 2, 3 ),
 ( 0.8166666666666666500, 0.8222222222222221900, 0.8333333333333333700, 0.8444444444444444400, 0.8499999999999999800 ),
 .UNSPECIFIED. ) 
 CURVE ( )  GEOMETRIC_REPRESENTATION_ITEM ( )  RATIONAL_B_SPLINE_CURVE ( ( 0.9330127018922194100, 0.9330127018922194100, 1.000000000000000000, 0.8660254037844388200, 1.000000000000000000, 0.8660254037844388200, 1.000000000000000000, 0.9330127018922194100, 0.9330127018922194100 ) ) 
 REPRESENTATION_ITEM ( '' )  );
#222 = CARTESIAN_POINT ( 'NONE',  ( 0.0000000000000000000, 0.0000000000000000000, 0.0000000000000000000 ) ) ;
#223 = CARTESIAN_POINT ( 'NONE',  ( 4.639951905283834500, 0.6250000000000003300, 1.082531754730548400 ) ) ;
#224 = ORIENTED_EDGE ( 'NONE', *, *, #2368, .F. ) ;
#225 = CARTESIAN_POINT ( 'NONE',  ( 2.566237976320960600, -0.6390625000000006400, -1.106888719211985400 ) ) ;
#226 = ORIENTED_EDGE ( 'NONE', *, *, #1927, .F. ) ;
#227 = CARTESIAN_POINT ( 'NONE',  ( 3.161213928962876500, 1.278124999999999500, -0.7379258128079913000 ) ) ;
#228 = CARTESIAN_POINT ( 'NONE',  ( 5.404350952641919100, -0.9652524972598769400, 1.182093381138297500E-016 ) ) ;
#229 = CARTESIAN_POINT ( 'NONE',  ( 0.3043509526419189700, 0.4826262486299385800, 0.8359331836934226200 ) ) ;
#230 = VERTEX_POINT ( 'NONE', #2422 ) ;
#231 = CARTESIAN_POINT ( 'NONE',  ( 0.5625000000000027800, -6.972266317189432000E-016, 1.249999999999999800 ) ) ;
#232 = CARTESIAN_POINT ( 'NONE',  ( 5.828692727287533500, 0.9674952002077731300, 0.6250924341768131500 ) ) ;
#233 = CARTESIAN_POINT ( 'NONE',  ( 6.000000000000000000, 2.249999999999998700, -1.299038105676656900 ) ) ;
#234 = CARTESIAN_POINT ( 'NONE',  ( 0.0000000000000000000, 1.530808498934191800E-016, -1.250000000000000200 ) ) ;
#235 = CARTESIAN_POINT ( 'NONE',  ( 1.253737976320961100, -2.711095453990543300E-016, -1.475851625615981000 ) ) ;
#236 = CARTESIAN_POINT ( 'NONE',  ( 1.773713928962876900, 0.6390624999999990900, -1.106888719211986300 ) ) ;
#237 = CYLINDRICAL_SURFACE ( 'NONE', #3318, 1.250000000000000200 ) ;
#238 = ADVANCED_FACE ( 'NONE', ( #2282 ), #982, .T. ) ;
#239 = CARTESIAN_POINT ( 'NONE',  ( 6.229350952641918400, -0.4826262486299382500, 0.8359331836934227300 ) ) ;
#240 = CARTESIAN_POINT ( 'NONE',  ( 1.616850952641919000, 0.9652524972598769400, 0.5572887891289483000 ) ) ;
#241 = CARTESIAN_POINT ( 'NONE',  ( 0.5424038105676685100, 0.3349364905389035100, 1.250000000000000000 ) ) ;
#242 = EDGE_CURVE ( 'NONE', #2746, #3413, #1428, .T. ) ;
#243 = DIRECTION ( 'NONE',  ( -1.000000000000000000, 0.0000000000000000000, 0.0000000000000000000 ) ) ;
#244 = CARTESIAN_POINT ( 'NONE',  ( 0.01947352571978736000, -2.249999999999998700, 0.4428661505148309700 ) ) ;
#245 = DIRECTION ( 'NONE',  ( -1.000000000000000000, -0.0000000000000000000, -0.0000000000000000000 ) ) ;
#246 = CIRCLE ( 'NONE', #907, 2.249999999999998200 ) ;
#247 = CARTESIAN_POINT ( 'NONE',  ( 2.078737976320960400, -1.278125000000000400, -0.7379258128079899700 ) ) ;
#248 = CONICAL_SURFACE ( 'NONE', #854, 2.249999999999998700, 1.047197551196600100 ) ;
#249 = CARTESIAN_POINT ( 'NONE',  ( 2.898713928962876700, -0.6390624999999997600, 1.106888719211985800 ) ) ;
#250 = CARTESIAN_POINT ( 'NONE',  ( 5.254350952641918800, 0.4826262486299385800, 0.8359331836934226200 ) ) ;
#251 = CARTESIAN_POINT ( 'NONE',  ( 5.980756665990565300, 0.7433463941989659800, 2.168904970561404100 ) ) ;
#252 = CARTESIAN_POINT ( 'NONE',  ( 5.930984692283495900, 0.5252551286084549100, 1.140119483078741600 ) ) ;
#253 = ORIENTED_EDGE ( 'NONE', *, *, #2654, .T. ) ;
#254 = DIRECTION ( 'NONE',  ( -1.000000000000000000, 0.0000000000000000000, 0.0000000000000000000 ) ) ;
#255 = ADVANCED_FACE ( 'NONE', ( #1907 ), #1995, .F. ) ;
#256 = CARTESIAN_POINT ( 'NONE',  ( 0.3274519052838352200, -1.250000000000000200, -0.7216878364870317200 ) ) ;
#257 = CARTESIAN_POINT ( 'NONE',  ( 5.851882938683652400, 2.488305979943048100E-011, -1.164382938683654800 ) ) ;
#258 = ORIENTED_EDGE ( 'NONE', *, *, #1320, .T. ) ;
#259 = CARTESIAN_POINT ( 'NONE',  ( 4.891237976320961200, 0.6390624999999990900, -1.106888719211986300 ) ) ;
#260 = CARTESIAN_POINT ( 'NONE',  ( 5.861213928962877500, 1.278124999999999500, -0.7379258128079913000 ) ) ;
#261 = EDGE_CURVE ( 'NONE', #1413, #2100, #2324, .T. ) ;
#262 = ORIENTED_EDGE ( 'NONE', *, *, #2176, .F. ) ;
#263 = CARTESIAN_POINT ( 'NONE',  ( 1.204350952641918700, 0.4826262486299385800, 0.8359331836934226200 ) ) ;
#264 = CARTESIAN_POINT ( 'NONE',  ( 0.9487139289628769800, 1.278125000000000200, 0.0000000000000000000 ) ) ;
#265 = ORIENTED_EDGE ( 'NONE', *, *, #1079, .T. ) ;
#266 = CARTESIAN_POINT ( 'NONE',  ( 0.2009618943233413000, 2.249999999999998700, 1.299038105676658700 ) ) ;
#267 = CARTESIAN_POINT ( 'NONE',  ( 0.0000000000000000000, 0.0000000000000000000, 0.0000000000000000000 ) ) ;
#268 = CARTESIAN_POINT ( 'NONE',  ( 3.139951905283834500, 0.6249999999999992200, -1.082531754730548900 ) ) ;
#269 = CARTESIAN_POINT ( 'NONE',  ( 4.928737976320960900, 1.278124999999999500, -0.7379258128079913000 ) ) ;
#270 = VERTEX_POINT ( 'NONE', #3034 ) ;
#271 = CC_DESIGN_PERSON_AND_ORGANIZATION_ASSIGNMENT ( #1602, #1877, ( #86 ) ) ;
#272 = CARTESIAN_POINT ( 'NONE',  ( 5.486213928962876600, 1.278125000000000200, 0.7379258128079903000 ) ) ;
#273 = ORIENTED_EDGE ( 'NONE', *, *, #3412, .F. ) ;
#274 = ADVANCED_FACE ( 'NONE', ( #715 ), #3035, .F. ) ;
#275 = CARTESIAN_POINT ( 'NONE',  ( 5.479350952641918400, -0.4826262486299389100, -0.8359331836934224000 ) ) ;
#276 = CARTESIAN_POINT ( 'NONE',  ( 4.054350952641918600, -0.9652524972598769400, 1.182093381138297500E-016 ) ) ;
#277 = CARTESIAN_POINT ( 'NONE',  ( 0.6862139289628771400, -1.278125000000000000, 0.7379258128079908600 ) ) ;
#278 = CARTESIAN_POINT ( 'NONE',  ( 5.699758225958476900, 0.2037204728207443500, 1.012258225958470500 ) ) ;
#279 = CARTESIAN_POINT ( 'NONE',  ( 3.000000000000002700, -0.6250000000000006700, -1.082531754730548200 ) ) ;
#280 = CARTESIAN_POINT ( 'NONE',  ( 5.794298412015870700, -1.062089479617292800, -0.3425371124663922400 ) ) ;
#281 = CARTESIAN_POINT ( 'NONE',  ( 3.616237976320961300, 1.278125000000000200, 0.0000000000000000000 ) ) ;
#282 = LINE ( 'NONE', #233, #3031 ) ;
#283 = CARTESIAN_POINT ( 'NONE',  ( 5.073713928962877000, 0.6390625000000002000, 1.106888719211985600 ) ) ;
#284 =( BOUNDED_CURVE ( )  B_SPLINE_CURVE ( 2, ( #420, #2622, #1846, #2895, #1559, #179, #1265, #1546, #3457 ),
 .UNSPECIFIED., .F., .T. ) 
 B_SPLINE_CURVE_WITH_KNOTS ( ( 3, 2, 2, 2, 3 ),
 ( 0.8055555555555555800, 0.8111111111111111200, 0.8222222222222223000, 0.8333333333333333700, 0.8388888888888889100 ),
 .UNSPECIFIED. ) 
 CURVE ( )  GEOMETRIC_REPRESENTATION_ITEM ( )  RATIONAL_B_SPLINE_CURVE ( ( 0.9330127018922194100, 0.9330127018922194100, 1.000000000000000000, 0.8660254037844388200, 1.000000000000000000, 0.8660254037844388200, 1.000000000000000000, 0.9330127018922200800, 0.9330127018922194100 ) ) 
 REPRESENTATION_ITEM ( '' )  );
#285 = DIRECTION ( 'NONE',  ( -1.000000000000000000, -0.0000000000000000000, -0.0000000000000000000 ) ) ;
#286 = CONICAL_SURFACE ( 'NONE', #3476, 1.250000000000000200, 0.7853981633974518300 ) ;
#287 = ORIENTED_EDGE ( 'NONE', *, *, #444, .F. ) ;
#288 = CARTESIAN_POINT ( 'NONE',  ( 2.029350952641919100, 0.9652524972598769400, 0.0000000000000000000 ) ) ;
#289 = CARTESIAN_POINT ( 'NONE',  ( 0.01121392896287709700, 1.278124999999999500, -0.7379258128079913000 ) ) ;
#290 = EDGE_CURVE ( 'NONE', #744, #1413, #3160, .T. ) ;
#291 = CYLINDRICAL_SURFACE ( 'NONE', #2033, 1.250000000000000200 ) ;
#292 = CARTESIAN_POINT ( 'NONE',  ( 0.4543509526419189400, -0.9652524972598769400, 1.182093381138297500E-016 ) ) ;
#293 = CARTESIAN_POINT ( 'NONE',  ( 0.2009618943233410500, -2.249999999999999100, 1.299038105676656900 ) ) ;
#294 = ADVANCED_FACE ( 'NONE', ( #2691 ), #13, .F. ) ;
#295 = CARTESIAN_POINT ( 'NONE',  ( 5.799038105676658900, 2.249999999999998700, 1.299038105676658700 ) ) ;
#296 = CARTESIAN_POINT ( 'NONE',  ( 5.777160910286361300, -1.095571655774719500, 0.08730173727577676700 ) ) ;
#297 = CARTESIAN_POINT ( 'NONE',  ( 3.691237976320960600, 0.6390625000000002000, 1.106888719211985600 ) ) ;
#298 = AXIS2_PLACEMENT_3D ( 'NONE', #2178, #3240, #2193 ) ;
#299 = CARTESIAN_POINT ( 'NONE',  ( 5.336213928962876300, -2.711095453990543300E-016, -1.475851625615981000 ) ) ;
#300 = ORIENTED_EDGE ( 'NONE', *, *, #2610, .F. ) ;
#301 = CARTESIAN_POINT ( 'NONE',  ( 4.241850952641918600, 0.9652524972598765000, -0.5572887891289489700 ) ) ;
#302 = CARTESIAN_POINT ( 'NONE',  ( 0.8668509526419190300, -0.9652524972598767200, 0.5572887891289487500 ) ) ;
#303 = CARTESIAN_POINT ( 'NONE',  ( 0.6231009526419190000, -2.047445795422412600E-016, -1.114577578257896800 ) ) ;
#304 = CARTESIAN_POINT ( 'NONE',  ( 5.911189012489021600, 2.249999999999998700, -0.8712733266714743900 ) ) ;
#305 = CARTESIAN_POINT ( 'NONE',  ( 3.552451905283835000, 6.245988575815533700E-015, -1.250000000000000200 ) ) ;
#306 = CARTESIAN_POINT ( 'NONE',  ( 2.903737976320961000, -1.278125000000000000, 0.7379258128079908600 ) ) ;
#307 = CARTESIAN_POINT ( 'NONE',  ( 1.560600952641919100, 0.4826262486299377500, -0.8359331836934230700 ) ) ;
#308 = ORIENTED_EDGE ( 'NONE', *, *, #1927, .T. ) ;
#309 = CARTESIAN_POINT ( 'NONE',  ( 0.8668509526419188000, -0.9652524972598767200, 0.5572887891289487500 ) ) ;
#310 = EDGE_CURVE ( 'NONE', #1280, #230, #897, .T. ) ;
#311 = CARTESIAN_POINT ( 'NONE',  ( 2.291850952641919300, -0.9652524972598771600, -0.5572887891289481900 ) ) ;
#312 = ORIENTED_EDGE ( 'NONE', *, *, #1549, .F. ) ;
#313 = CARTESIAN_POINT ( 'NONE',  ( 1.541850952641918600, 0.9652524972598767200, -0.5572887891289489700 ) ) ;
#314 = CARTESIAN_POINT ( 'NONE',  ( 5.267403810567668800, -0.3349364905389038400, -1.250000000000000000 ) ) ;
#315 = AXIS2_PLACEMENT_3D ( 'NONE', #994, #1578, #1864 ) ;
#316 = VERTEX_POINT ( 'NONE', #3283 ) ;
#317 = CARTESIAN_POINT ( 'NONE',  ( 2.685600952641918700, -0.4826262486299382500, 0.8359331836934227300 ) ) ;
#318 = CARTESIAN_POINT ( 'NONE',  ( 2.832596189432336600, -0.3349364905389032300, 1.250000000000000000 ) ) ;
#319 = CARTESIAN_POINT ( 'NONE',  ( 0.8856009526419191800, -0.4826262486299382500, 0.8359331836934227300 ) ) ;
#320 = CARTESIAN_POINT ( 'NONE',  ( 6.241237976320960900, 0.6390624999999990900, -1.106888719211986300 ) ) ;
#321 = CARTESIAN_POINT ( 'NONE',  ( 0.1731009526419191600, -2.047445795422412600E-016, -1.114577578257897100 ) ) ;
#322 = CARTESIAN_POINT ( 'NONE',  ( 0.2668509526419189400, 0.9652524972598769400, 0.5572887891289483000 ) ) ;
#323 = CARTESIAN_POINT ( 'NONE',  ( 2.329350952641918900, -0.4826262486299389100, -0.8359331836934224000 ) ) ;
#324 = LINE ( 'NONE', #3102, #1157 ) ;
#325 = CARTESIAN_POINT ( 'NONE',  ( 3.154350952641918700, -0.9652524972598769400, 1.182093381138297500E-016 ) ) ;
#326 = PLANE ( 'NONE',  #1277 ) ;
#327 = CARTESIAN_POINT ( 'NONE',  ( 2.235600952641918900, -0.4826262486299382500, 0.8359331836934227300 ) ) ;
#328 = CARTESIAN_POINT ( 'NONE',  ( 0.2009618943233409900, -1.513318042917043800E-015, 2.598076211353314700 ) ) ;
#329 = CARTESIAN_POINT ( 'NONE',  ( 1.035600952641919200, -0.4826262486299389100, -0.8359331836934224000 ) ) ;
#330 = FACE_OUTER_BOUND ( 'NONE', #3373, .T. ) ;
#331 = CARTESIAN_POINT ( 'NONE',  ( 1.237500000000002700, 1.191095495853194700E-015, -1.250000000000000000 ) ) ;
#332 = EDGE_CURVE ( 'NONE', #6, #2338, #821, .T. ) ;
#333 =( BOUNDED_CURVE ( )  B_SPLINE_CURVE ( 2, ( #2086, #671, #964, #3391, #1527, #83, #681, #2068, #2599 ),
 .UNSPECIFIED., .F., .T. ) 
 B_SPLINE_CURVE_WITH_KNOTS ( ( 3, 2, 2, 2, 3 ),
 ( 0.6055555555555556200, 0.6111111111111111600, 0.6222222222222222300, 0.6333333333333333000, 0.6388888888888888400 ),
 .UNSPECIFIED. ) 
 CURVE ( )  GEOMETRIC_REPRESENTATION_ITEM ( )  RATIONAL_B_SPLINE_CURVE ( ( 0.9330127018922194100, 0.9330127018922194100, 1.000000000000000000, 0.8660254037844388200, 1.000000000000000000, 0.8660254037844388200, 1.000000000000000000, 0.9330127018922200800, 0.9330127018922194100 ) ) 
 REPRESENTATION_ITEM ( '' )  );
#334 = APPROVAL_PERSON_ORGANIZATION ( #455, #693, #1361 ) ;
#335 = CARTESIAN_POINT ( 'NONE',  ( 0.2856009526419191500, 0.9652524972598769400, 0.0000000000000000000 ) ) ;
#336 = CARTESIAN_POINT ( 'NONE',  ( 1.466850952641918700, -2.047445795422412600E-016, -1.114577578257897100 ) ) ;
#337 = VECTOR ( 'NONE', #1844, 1000.000000000000000 ) ;
#338 = CARTESIAN_POINT ( 'NONE',  ( 4.879350952641918800, -0.4826262486299382500, 0.8359331836934227300 ) ) ;
#339 = EDGE_CURVE ( 'NONE', #1505, #3321, #497, .T. ) ;
#340 = CARTESIAN_POINT ( 'NONE',  ( 3.979350952641918800, -0.4826262486299382500, 0.8359331836934227300 ) ) ;
#341 = CARTESIAN_POINT ( 'NONE',  ( 5.910171848970799500, -2.249999999999999100, 0.8761050724297401200 ) ) ;
#342 = CARTESIAN_POINT ( 'NONE',  ( 1.898100952641919000, -0.9652524972598771600, -0.5572887891289480800 ) ) ;
#343 = CARTESIAN_POINT ( 'NONE',  ( -0.01439904735808079100, -0.4826262486299382500, 0.8359331836934227300 ) ) ;
#344 = EDGE_LOOP ( 'NONE', ( #2720, #573, #477, #984, #1002 ) ) ;
#345 = CARTESIAN_POINT ( 'NONE',  ( 6.428737976320960000, 9.036984846635145800E-017, 1.475851625615981000 ) ) ;
#346 = VERTEX_POINT ( 'NONE', #3163 ) ;
#347 = CARTESIAN_POINT ( 'NONE',  ( 6.191850952641919600, 6.824819318074709100E-017, 1.114577578257897100 ) ) ;
#348 = CARTESIAN_POINT ( 'NONE',  ( 0.6793509526419189100, 0.9652524972598769400, 0.0000000000000000000 ) ) ;
#349 = CARTESIAN_POINT ( 'NONE',  ( 3.027451905283834700, -1.250000000000000200, -0.7216878364870317200 ) ) ;
#350 = CARTESIAN_POINT ( 'NONE',  ( 4.466850952641919100, -0.9652524972598767200, 0.5572887891289487500 ) ) ;
#351 = ORIENTED_EDGE ( 'NONE', *, *, #3284, .T. ) ;
#352 = CARTESIAN_POINT ( 'NONE',  ( 4.204350952641918000, 0.4826262486299377500, -0.8359331836934230700 ) ) ;
#353 = CARTESIAN_POINT ( 'NONE',  ( 4.837500000000002100, -4.938688641342514700E-016, -1.250000000000000200 ) ) ;
#354 = CARTESIAN_POINT ( 'NONE',  ( 1.860600952641919200, -0.9652524972598769400, 1.182093381138297500E-016 ) ) ;
#355 = CARTESIAN_POINT ( 'NONE',  ( 4.227451905283834000, 2.033577675846917800E-016, 1.250000000000000000 ) ) ;
#356 = CARTESIAN_POINT ( 'NONE',  ( -1.014065103375071800E-015, 0.7416645267673314100, 2.169875997175799500 ) ) ;
#357 = ORIENTED_EDGE ( 'NONE', *, *, #1079, .F. ) ;
#358 = CARTESIAN_POINT ( 'NONE',  ( 1.073100952641919100, -2.047445795422412600E-016, -1.114577578257897100 ) ) ;
#359 = CARTESIAN_POINT ( 'NONE',  ( 3.585600952641919000, -0.4826262486299382500, 0.8359331836934227300 ) ) ;
#360 = FACE_BOUND ( 'NONE', #2998, .T. ) ;
#361 = CARTESIAN_POINT ( 'NONE',  ( 5.859676679774843000, 0.1918434466762864700, -1.160255835948068600 ) ) ;
#362 = EDGE_CURVE ( 'NONE', #346, #2412, #396, .T. ) ;
#363 = DIRECTION ( 'NONE',  ( 1.000000000000000000, 0.0000000000000000000, 0.0000000000000000000 ) ) ;
#364 = CARTESIAN_POINT ( 'NONE',  ( 5.216850952641919100, 0.9652524972598769400, 0.5572887891289483000 ) ) ;
#365 = ORIENTED_EDGE ( 'NONE', *, *, #1273, .F. ) ;
#366 = CARTESIAN_POINT ( 'NONE',  ( 3.941850952641918800, 6.824819318074709100E-017, 1.114577578257896800 ) ) ;
#367 = CARTESIAN_POINT ( 'NONE',  ( 2.202451905283835400, 2.817957636530729900E-015, -1.250000000000000200 ) ) ;
#368 = CARTESIAN_POINT ( 'NONE',  ( 0.7500000000000028900, -0.6250000000000006700, -1.082531754730548200 ) ) ;
#369 = CARTESIAN_POINT ( 'NONE',  ( 5.980756665990568000, 1.506653605801024700, -1.728209346468572600 ) ) ;
#370 = CARTESIAN_POINT ( 'NONE',  ( 0.0000000000000000000, 1.124999999999997800, 1.948557158514986300 ) ) ;
#371 = CARTESIAN_POINT ( 'NONE',  ( 2.535600952641918800, 0.9652524972598769400, 0.0000000000000000000 ) ) ;
#372 = CARTESIAN_POINT ( 'NONE',  ( 3.098100952641919200, 6.824819318074709100E-017, 1.114577578257896800 ) ) ;
#373 = CARTESIAN_POINT ( 'NONE',  ( 2.198100952641918400, 6.824819318074709100E-017, 1.114577578257897100 ) ) ;
#374 = DIRECTION ( 'NONE',  ( -1.000000000000000000, -0.0000000000000000000, -0.0000000000000000000 ) ) ;
#375 = VECTOR ( 'NONE', #2681, 1000.000000000000000 ) ;
#376 = CARTESIAN_POINT ( 'NONE',  ( 5.921727692845873700, -0.3680687615027743400, 2.385571612819396200 ) ) ;
#377 = CARTESIAN_POINT ( 'NONE',  ( 2.329350952641918900, -0.4826262486299389100, -0.8359331836934224000 ) ) ;
#378 = CARTESIAN_POINT ( 'NONE',  ( 1.707596189432337000, 0.3349364905389029000, -1.250000000000000400 ) ) ;
#379 = CARTESIAN_POINT ( 'NONE',  ( 0.3472475027401218900, 1.690861735247402700E-012, 0.9652524972598770500 ) ) ;
#380 = CARTESIAN_POINT ( 'NONE',  ( 1.448100952641919100, -0.9652524972598771600, -0.5572887891289481900 ) ) ;
#381 = CIRCLE ( 'NONE', #574, 1.312500000000000000 ) ;
#382 = CARTESIAN_POINT ( 'NONE',  ( 3.998100952641918700, 6.824819318074709100E-017, 1.114577578257897100 ) ) ;
#383 = EDGE_CURVE ( 'NONE', #1515, #1572, #3442, .T. ) ;
#384 = CARTESIAN_POINT ( 'NONE',  ( 4.260600952641918400, 0.4826262486299377500, -0.8359331836934230700 ) ) ;
#385 = CARTESIAN_POINT ( 'NONE',  ( 2.273100952641919000, -0.9652524972598767200, 0.5572887891289487500 ) ) ;
#386 = CARTESIAN_POINT ( 'NONE',  ( 2.812500000000003600, -3.137519842735245600E-015, 1.250000000000000200 ) ) ;
#387 = ORIENTED_EDGE ( 'NONE', *, *, #2455, .T. ) ;
#388 = DIRECTION ( 'NONE',  ( -1.000000000000000000, -0.0000000000000000000, -0.0000000000000000000 ) ) ;
#389 = ORIENTED_EDGE ( 'NONE', *, *, #1649, .T. ) ;
#390 = CARTESIAN_POINT ( 'NONE',  ( 5.802451905283835000, 6.245988575815533700E-015, -1.250000000000000200 ) ) ;
#391 = CARTESIAN_POINT ( 'NONE',  ( 5.652752497259879000, 0.9217687848398973300, -0.3142187184414057500 ) ) ;
#392 = CARTESIAN_POINT ( 'NONE',  ( 5.437500000000001800, 1.250000000000000200, 0.7216878364870320500 ) ) ;
#393 = CARTESIAN_POINT ( 'NONE',  ( 2.948100952641918800, 0.9652524972598765000, -0.5572887891289489700 ) ) ;
#394 = CARTESIAN_POINT ( 'NONE',  ( 3.360600952641918500, 0.4826262486299377500, -0.8359331836934230700 ) ) ;
#395 = CARTESIAN_POINT ( 'NONE',  ( 4.185600952641919100, -0.4826262486299389100, -0.8359331836934224000 ) ) ;
#396 = B_SPLINE_CURVE_WITH_KNOTS ( 'NONE', 3,
 ( #1790, #2348, #668, #690, #2065, #153 ),
 .UNSPECIFIED., .F., .F.,
 ( 4, 2, 4 ),
 ( 0.001314652396222794500, 0.001969405109320633700, 0.002624157822418473000 ),
 .UNSPECIFIED. ) ;
#397 = VERTEX_POINT ( 'NONE', #1535 ) ;
#398 = CARTESIAN_POINT ( 'NONE',  ( 5.291850952641918400, 6.824819318074709100E-017, 1.114577578257896800 ) ) ;
#399 = ORIENTED_EDGE ( 'NONE', *, *, #469, .T. ) ;
#400 = CARTESIAN_POINT ( 'NONE',  ( 5.307596189432336700, 0.3349364905389029000, -1.250000000000000400 ) ) ;
#401 = FACE_OUTER_BOUND ( 'NONE', #2452, .T. ) ;
#402 = CARTESIAN_POINT ( 'NONE',  ( 2.610600952641918900, 0.4826262486299385800, 0.8359331836934226200 ) ) ;
#403 = CARTESIAN_POINT ( 'NONE',  ( 3.135600952641918400, -0.4826262486299382500, 0.8359331836934227300 ) ) ;
#404 = CARTESIAN_POINT ( 'NONE',  ( 2.160600952641918800, 0.4826262486299385800, 0.8359331836934226200 ) ) ;
#405 = EDGE_CURVE ( 'NONE', #346, #1810, #1734, .T. ) ;
#406 = CARTESIAN_POINT ( 'NONE',  ( 0.3386940688224350800, -0.02323051972338553000, 0.9738059311775316700 ) ) ;
#407 = CARTESIAN_POINT ( 'NONE',  ( 5.652752497259878200, 0.9117547729613367800, 0.3168842335122552500 ) ) ;
#408 = AXIS2_PLACEMENT_3D ( 'NONE', #208, #1652, #1325 ) ;
#409 = CARTESIAN_POINT ( 'NONE',  ( 3.487500000000002900, 6.245988575815533700E-015, -1.250000000000000200 ) ) ;
#410 = CYLINDRICAL_SURFACE ( 'NONE', #1751, 1.250000000000000200 ) ;
#411 = CARTESIAN_POINT ( 'NONE',  ( 4.185600952641919100, -0.4826262486299389100, -0.8359331836934224000 ) ) ;
#412 = FACE_OUTER_BOUND ( 'NONE', #3356, .T. ) ;
#413 = CARTESIAN_POINT ( 'NONE',  ( 4.598100952641919600, -0.9652524972598771600, -0.5572887891289480800 ) ) ;
#414 = CARTESIAN_POINT ( 'NONE',  ( 5.835600952641918600, -0.4826262486299382500, 0.8359331836934227300 ) ) ;
#415 = CARTESIAN_POINT ( 'NONE',  ( 5.389951905283835400, 0.6249999999999992200, -1.082531754730548900 ) ) ;
#416 = CARTESIAN_POINT ( 'NONE',  ( 5.066850952641918800, -2.047445795422412600E-016, -1.114577578257896800 ) ) ;
#417 = VECTOR ( 'NONE', #1470, 1000.000000000000000 ) ;
#418 = CARTESIAN_POINT ( 'NONE',  ( 4.857596189432337400, 0.3349364905389029000, -1.250000000000000400 ) ) ;
#419 = CARTESIAN_POINT ( 'NONE',  ( 5.287500000000002300, -4.938688641342514700E-016, -1.250000000000000200 ) ) ;
#420 = CARTESIAN_POINT ( 'NONE',  ( 1.012500000000002800, 1.743066579297358300E-016, 1.250000000000000000 ) ) ;
#421 = CARTESIAN_POINT ( 'NONE',  ( 5.273100952641918600, 0.9652524972598769400, 0.5572887891289483000 ) ) ;
#422 = EDGE_CURVE ( 'NONE', #270, #2557, #174, .T. ) ;
#423 = EDGE_LOOP ( 'NONE', ( #1876, #351, #3156, #1604 ) ) ;
#424 = CARTESIAN_POINT ( 'NONE',  ( 2.662500000000002800, 1.249999999999999100, -0.7216878364870330500 ) ) ;
#425 = CARTESIAN_POINT ( 'NONE',  ( 0.1662379763209610200, -0.6390624999999997600, 1.106888719211985800 ) ) ;
#426 = CARTESIAN_POINT ( 'NONE',  ( 4.714951905283834700, -0.6249999999999997800, 1.082531754730548600 ) ) ;
#427 = EDGE_LOOP ( 'NONE', ( #1275, #623, #77 ) ) ;
#428 = CARTESIAN_POINT ( 'NONE',  ( 4.237500000000002500, -1.249999999999999600, 0.7216878364870327200 ) ) ;
#429 = CARTESIAN_POINT ( 'NONE',  ( 4.616850952641919500, -2.047445795422412600E-016, -1.114577578257896800 ) ) ;
#430 = CARTESIAN_POINT ( 'NONE',  ( 1.482596189432337000, -0.3349364905389032300, 1.250000000000000000 ) ) ;
#431 = DIRECTION ( 'NONE',  ( 0.0000000000000000000, 0.0000000000000000000, -1.000000000000000000 ) ) ;
#432 = ORIENTED_EDGE ( 'NONE', *, *, #2977, .T. ) ;
#433 = CARTESIAN_POINT ( 'NONE',  ( 6.248100952641919100, 6.824819318074709100E-017, 1.114577578257897100 ) ) ;
#434 = CARTESIAN_POINT ( 'NONE',  ( 5.273100952641918600, 0.9652524972598769400, 0.5572887891289483000 ) ) ;
#435 = ORIENTED_EDGE ( 'NONE', *, *, #2286, .F. ) ;
#436 = DIRECTION ( 'NONE',  ( 1.000000000000000000, 0.0000000000000000000, 0.0000000000000000000 ) ) ;
#437 = ORIENTED_EDGE ( 'NONE', *, *, #1883, .F. ) ;
#438 = CARTESIAN_POINT ( 'NONE',  ( 3.491850952641918100, 6.824819318074709100E-017, 1.114577578257897100 ) ) ;
#439 =( BOUNDED_CURVE ( )  B_SPLINE_CURVE ( 2, ( #1458, #2804, #1170, #1739, #59, #3375, #1765, #2031, #355 ),
 .UNSPECIFIED., .F., .T. ) 
 B_SPLINE_CURVE_WITH_KNOTS ( ( 3, 2, 2, 2, 3 ),
 ( 0.6500000000000000200, 0.6555555555555555600, 0.6666666666666666300, 0.6777777777777778100, 0.6833333333333333500 ),
 .UNSPECIFIED. ) 
 CURVE ( )  GEOMETRIC_REPRESENTATION_ITEM ( )  RATIONAL_B_SPLINE_CURVE ( ( 0.9330127018922194100, 0.9330127018922194100, 1.000000000000000000, 0.8660254037844388200, 1.000000000000000000, 0.8660254037844388200, 1.000000000000000000, 0.9330127018922194100, 0.9330127018922194100 ) ) 
 REPRESENTATION_ITEM ( '' )  );
#440 = DIRECTION ( 'NONE',  ( -1.000000000000000000, -0.0000000000000000000, -0.0000000000000000000 ) ) ;
#441 = DIRECTION ( 'NONE',  ( 0.0000000000000000000, 0.0000000000000000000, -1.000000000000000000 ) ) ;
#442 = ORIENTED_EDGE ( 'NONE', *, *, #2866, .T. ) ;
#443 = CARTESIAN_POINT ( 'NONE',  ( 0.06249999999999989600, 1.249127957447999200, -0.04668346518618529000 ) ) ;
#444 = EDGE_CURVE ( 'NONE', #1746, #509, #865, .T. ) ;
#445 = CARTESIAN_POINT ( 'NONE',  ( 5.010600952641919300, -0.9652524972598769400, 1.182093381138297500E-016 ) ) ;
#446 = CARTESIAN_POINT ( 'NONE',  ( 5.910600952641918800, -0.9652524972598769400, 1.182093381138297500E-016 ) ) ;
#447 = CARTESIAN_POINT ( 'NONE',  ( 2.062500000000002200, -1.250000000000000200, -0.7216878364870317200 ) ) ;
#448 = CONICAL_SURFACE ( 'NONE', #1987, 1.312500000000000000, 0.7853981633974205200 ) ;
#449 = CALENDAR_DATE ( 2021, 25, 8 ) ;
#450 = CARTESIAN_POINT ( 'NONE',  ( 1.322548094716169200, 0.3349364905389035600, -1.249999999999999800 ) ) ;
#451 = CARTESIAN_POINT ( 'NONE',  ( 1.916850952641918600, -2.047445795422412600E-016, -1.114577578257897100 ) ) ;
#452 = CC_DESIGN_DATE_AND_TIME_ASSIGNMENT ( #189, #2964, ( #86 ) ) ;
#453 = CARTESIAN_POINT ( 'NONE',  ( 0.1500000000000028500, -0.6249999999999997800, 1.082531754730548600 ) ) ;
#454 = CARTESIAN_POINT ( 'NONE',  ( 2.427451905283835900, -3.108468733080289300E-015, 1.250000000000000200 ) ) ;
#455 = PERSON_AND_ORGANIZATION ( #614, #2867 ) ;
#456 = CARTESIAN_POINT ( 'NONE',  ( 5.348100952641918800, 6.824819318074709100E-017, 1.114577578257897100 ) ) ;
#457 = DIRECTION ( 'NONE',  ( -1.000000000000000000, -0.0000000000000000000, -0.0000000000000000000 ) ) ;
#458 = CARTESIAN_POINT ( 'NONE',  ( 5.498100952641918200, -0.9652524972598771600, -0.5572887891289481900 ) ) ;
#459 = FACE_OUTER_BOUND ( 'NONE', #2800, .T. ) ;
#460 = CARTESIAN_POINT ( 'NONE',  ( 6.000000000000000000, 0.0000000000000000000, 0.0000000000000000000 ) ) ;
#461 = DIRECTION ( 'NONE',  ( 1.000000000000000000, 0.0000000000000000000, 0.0000000000000000000 ) ) ;
#462 = CARTESIAN_POINT ( 'NONE',  ( 1.736213928962876600, -2.711095453990543300E-016, -1.475851625615981000 ) ) ;
#463 = VERTEX_POINT ( 'NONE', #2682 ) ;
#464 = CARTESIAN_POINT ( 'NONE',  ( 2.441850952641919200, 0.9652524972598765000, -0.5572887891289489700 ) ) ;
#465 = EDGE_LOOP ( 'NONE', ( #1822, #2269, #1577, #1830, #1808, #3550 ) ) ;
#466 = CARTESIAN_POINT ( 'NONE',  ( 0.4225480947161693900, 0.3349364905389032900, -1.250000000000000000 ) ) ;
#467 = CARTESIAN_POINT ( 'NONE',  ( 0.5625000000000027800, -6.972266317189432000E-016, 1.249999999999999800 ) ) ;
#468 = EDGE_LOOP ( 'NONE', ( #3463, #2763, #3179 ) ) ;
#469 = EDGE_CURVE ( 'NONE', #1543, #1915, #152, .T. ) ;
#470 = CARTESIAN_POINT ( 'NONE',  ( 5.802451905283835000, 6.245988575815533700E-015, -1.250000000000000200 ) ) ;
#471 = DIRECTION ( 'NONE',  ( -1.000000000000000000, -0.0000000000000000000, -0.0000000000000000000 ) ) ;
#472 = CARTESIAN_POINT ( 'NONE',  ( 1.478737976320960700, 9.036984846635145800E-017, 1.475851625615981000 ) ) ;
#473 = CARTESIAN_POINT ( 'NONE',  ( 3.686213928962876800, 1.278125000000000200, 0.7379258128079903000 ) ) ;
#474 = CARTESIAN_POINT ( 'NONE',  ( 3.154350952641918700, -0.9652524972598769400, 1.182093381138297500E-016 ) ) ;
#475 = EDGE_LOOP ( 'NONE', ( #786, #2854, #3150 ) ) ;
#476 = CARTESIAN_POINT ( 'NONE',  ( 5.937499999999989300, 0.4166666666667572800, 1.178511301977535100 ) ) ;
#477 = ORIENTED_EDGE ( 'NONE', *, *, #1131, .F. ) ;
#478 = CARTESIAN_POINT ( 'NONE',  ( 5.916498832051345900, 0.5576019103538560900, 1.106408066313873100 ) ) ;
#479 = CARTESIAN_POINT ( 'NONE',  ( 0.3472475027401220000, 0.4604238758191264200, 0.8799040948241007000 ) ) ;
#480 = CARTESIAN_POINT ( 'NONE',  ( 0.2899519052838352400, -1.250000000000000200, 1.530808498934192100E-016 ) ) ;
#481 = CARTESIAN_POINT ( 'NONE',  ( 1.057355715851501000, 0.3349364905389029000, 1.250000000000000700 ) ) ;
#482 = ORIENTED_EDGE ( 'NONE', *, *, #3308, .T. ) ;
#483 = CARTESIAN_POINT ( 'NONE',  ( 1.553737976320960900, -1.278125000000000000, 0.7379258128079908600 ) ) ;
#484 = ORIENTED_EDGE ( 'NONE', *, *, #2680, .T. ) ;
#485 = APPROVAL_ROLE ( '' ) ;
#486 = CARTESIAN_POINT ( 'NONE',  ( 2.861213928962876200, 9.036984846635145800E-017, 1.475851625615981000 ) ) ;
#487 = ADVANCED_FACE ( 'NONE', ( #2903 ), #3557, .F. ) ;
#488 = CARTESIAN_POINT ( 'NONE',  ( 5.629350952641918800, 0.9652524972598769400, 0.0000000000000000000 ) ) ;
#489 = CARTESIAN_POINT ( 'NONE',  ( 0.04185095264191897300, -0.9652524972598771600, -0.5572887891289481900 ) ) ;
#490 = CARTESIAN_POINT ( 'NONE',  ( 3.242403810567668000, 0.3349364905389035100, 1.250000000000000000 ) ) ;
#491 = EDGE_CURVE ( 'NONE', #3370, #2020, #3222, .T. ) ;
#492 = CARTESIAN_POINT ( 'NONE',  ( 3.825000000000002800, -1.250000000000000200, 1.530808498934192100E-016 ) ) ;
#493 = CIRCLE ( 'NONE', #3338, 2.249999999999998200 ) ;
#494 = CARTESIAN_POINT ( 'NONE',  ( 1.912500000000002800, 1.743066579297358300E-016, 1.250000000000000000 ) ) ;
#495 = CARTESIAN_POINT ( 'NONE',  ( 5.689951905283834300, -1.250000000000000200, 1.530808498934192100E-016 ) ) ;
#496 = CARTESIAN_POINT ( 'NONE',  ( 1.666237976320960700, -0.6390625000000006400, -1.106888719211985400 ) ) ;
#497 = LINE ( 'NONE', #2766, #1641 ) ;
#498 = CARTESIAN_POINT ( 'NONE',  ( 1.811213928962876800, 1.278124999999999500, -0.7379258128079913000 ) ) ;
#499 = CARTESIAN_POINT ( 'NONE',  ( 6.154350952641919100, 0.4826262486299385800, 0.8359331836934226200 ) ) ;
#500 = CC_DESIGN_DATE_AND_TIME_ASSIGNMENT ( #1909, #743, ( #3106 ) ) ;
#501 = CARTESIAN_POINT ( 'NONE',  ( 1.691850952641918800, 6.824819318074709100E-017, 1.114577578257897100 ) ) ;
#502 = CARTESIAN_POINT ( 'NONE',  ( 3.075000000000002800, 0.6249999999999992200, -1.082531754730548900 ) ) ;
#503 = CARTESIAN_POINT ( 'NONE',  ( 3.750000000000003100, -0.6249999999999997800, 1.082531754730548600 ) ) ;
#504 = CARTESIAN_POINT ( 'NONE',  ( 2.427451905283835900, -3.108468733080289700E-015, 1.250000000000000200 ) ) ;
#505 = ADVANCED_FACE ( 'NONE', ( #412 ), #286, .F. ) ;
#506 = CARTESIAN_POINT ( 'NONE',  ( 6.000000000000000000, -1.125000000000000200, 1.948557158514985000 ) ) ;
#507 = CARTESIAN_POINT ( 'NONE',  ( 0.0000000000000000000, 0.0000000000000000000, 1.250000000000000200 ) ) ;
#508 = CARTESIAN_POINT ( 'NONE',  ( 2.641237976320960800, 0.6390624999999990900, -1.106888719211986300 ) ) ;
#509 = VERTEX_POINT ( 'NONE', #2403 ) ;
#510 = CARTESIAN_POINT ( 'NONE',  ( 2.711213928962876700, 1.278124999999999500, -0.7379258128079913000 ) ) ;
#511 = EDGE_CURVE ( 'NONE', #3547, #3139, #1471, .T. ) ;
#512 = CARTESIAN_POINT ( 'NONE',  ( 5.854350952641918400, -0.9652524972598769400, 1.182093381138297500E-016 ) ) ;
#513 = CARTESIAN_POINT ( 'NONE',  ( 1.279350952641918700, -0.4826262486299382500, 0.8359331836934227300 ) ) ;
#514 = CARTESIAN_POINT ( 'NONE',  ( 0.5250000000000028000, 0.6250000000000002200, 1.082531754730548400 ) ) ;
#515 = CARTESIAN_POINT ( 'NONE',  ( 3.712500000000002600, -6.565550782020049000E-015, 1.250000000000000000 ) ) ;
#516 = EDGE_CURVE ( 'NONE', #520, #3092, #2120, .T. ) ;
#517 = CARTESIAN_POINT ( 'NONE',  ( 0.3981009526419190800, 6.824819318074709100E-017, 1.114577578257896800 ) ) ;
#518 = CARTESIAN_POINT ( 'NONE',  ( 0.1975480947161694600, -0.3349364905389035600, 1.249999999999999800 ) ) ;
#519 = CARTESIAN_POINT ( 'NONE',  ( 5.925530307673078300, 1.250000000000000200, 0.2035814489008660200 ) ) ;
#520 = VERTEX_POINT ( 'NONE', #1885 ) ;
#521 = CARTESIAN_POINT ( 'NONE',  ( 2.828737976320961200, 9.036984846635145800E-017, 1.475851625615981000 ) ) ;
#522 = ORIENTED_EDGE ( 'NONE', *, *, #920, .T. ) ;
#523 = CARTESIAN_POINT ( 'NONE',  ( 5.936213928962876800, 1.278125000000000200, 0.7379258128079903000 ) ) ;
#524 = ADVANCED_FACE ( 'NONE', ( #2948 ), #1638, .F. ) ;
#525 = CARTESIAN_POINT ( 'NONE',  ( 5.291850952641917500, 6.824819318074709100E-017, 1.114577578257897100 ) ) ;
#526 = CARTESIAN_POINT ( 'NONE',  ( 0.4543509526419189400, -0.9652524972598769400, 1.182093381138297500E-016 ) ) ;
#527 = ORIENTED_EDGE ( 'NONE', *, *, #946, .T. ) ;
#528 = CARTESIAN_POINT ( 'NONE',  ( -0.2137860710371228800, -1.278125000000000000, 0.7379258128079908600 ) ) ;
#529 = CARTESIAN_POINT ( 'NONE',  ( 3.787500000000002300, -1.249999999999999600, 0.7216878364870327200 ) ) ;
#530 = ORIENTED_EDGE ( 'NONE', *, *, #2109, .F. ) ;
#531 = CARTESIAN_POINT ( 'NONE',  ( 5.277451905283833800, -1.250000000000000200, -0.7216878364870317200 ) ) ;
#532 = DIRECTION ( 'NONE',  ( -1.000000000000000000, -0.0000000000000000000, -0.0000000000000000000 ) ) ;
#533 = DIRECTION ( 'NONE',  ( -1.000000000000000000, -0.0000000000000000000, -0.0000000000000000000 ) ) ;
#534 = CARTESIAN_POINT ( 'NONE',  ( 3.016237976320960400, -0.6390625000000006400, -1.106888719211985400 ) ) ;
#535 = CARTESIAN_POINT ( 'NONE',  ( 5.111213928962876600, 9.036984846635145800E-017, 1.475851625615981000 ) ) ;
#536 = FACE_OUTER_BOUND ( 'NONE', #2295, .T. ) ;
#537 = CARTESIAN_POINT ( 'NONE',  ( 4.954350952641918900, -0.9652524972598769400, 1.182093381138297500E-016 ) ) ;
#538 = COORDINATED_UNIVERSAL_TIME_OFFSET ( 6, 0, .BEHIND. ) ;
#539 = CARTESIAN_POINT ( 'NONE',  ( 5.910744989968446100, 0.3686825588085530000, 2.385217236779675300 ) ) ;
#540 = CARTESIAN_POINT ( 'NONE',  ( 1.361213928962876600, 1.278124999999999500, -0.7379258128079913000 ) ) ;
#541 = EDGE_CURVE ( 'NONE', #2579, #1643, #137, .T. ) ;
#542 = VECTOR ( 'NONE', #1613, 1000.000000000000000 ) ;
#543 = CARTESIAN_POINT ( 'NONE',  ( 1.241850952641918800, 6.824819318074709100E-017, 1.114577578257896800 ) ) ;
#544 = CARTESIAN_POINT ( 'NONE',  ( 4.012500000000002000, 1.249999999999999100, -0.7216878364870330500 ) ) ;
#545 = CARTESIAN_POINT ( 'NONE',  ( 4.452451905283834500, -4.938688641342514700E-016, -1.250000000000000200 ) ) ;
#546 = ADVANCED_FACE ( 'NONE', ( #1597 ), #1821, .T. ) ;
#547 = CARTESIAN_POINT ( 'NONE',  ( 3.327451905283835400, -6.536499672365093000E-015, 1.250000000000000000 ) ) ;
#548 = CARTESIAN_POINT ( 'NONE',  ( 0.09419872981077960500, 6.972266317189432000E-016, 1.218301270189220000 ) ) ;
#549 = CIRCLE ( 'NONE', #880, 2.249999999999998200 ) ;
#550 = CARTESIAN_POINT ( 'NONE',  ( 5.041237976320961600, 0.6390625000000002000, 1.106888719211985600 ) ) ;
#551 = CARTESIAN_POINT ( 'NONE',  ( 5.523713928962876300, 0.6390625000000002000, 1.106888719211985600 ) ) ;
#552 = CARTESIAN_POINT ( 'NONE',  ( 0.0000000000000000000, 0.0000000000000000000, 0.0000000000000000000 ) ) ;
#553 = CARTESIAN_POINT ( 'NONE',  ( 1.954350952641918900, 0.4826262486299377500, -0.8359331836934230700 ) ) ;
#554 = CARTESIAN_POINT ( 'NONE',  ( 0.3112139289628771400, -1.278125000000000400, -0.7379258128079899700 ) ) ;
#555 = VERTEX_POINT ( 'NONE', #305 ) ;
#556 = CARTESIAN_POINT ( 'NONE',  ( 0.6418509526419189400, 0.9652524972598767200, -0.5572887891289489700 ) ) ;
#557 = CARTESIAN_POINT ( 'NONE',  ( 3.964951905283835100, -0.6250000000000006700, -1.082531754730548200 ) ) ;
#558 = CARTESIAN_POINT ( 'NONE',  ( 2.887500000000001500, -1.249999999999999600, 0.7216878364870327200 ) ) ;
#559 = DIRECTION ( 'NONE',  ( -1.000000000000000000, -0.0000000000000000000, -0.0000000000000000000 ) ) ;
#560 = EDGE_LOOP ( 'NONE', ( #1139, #699, #2835, #869 ) ) ;
#561 = CARTESIAN_POINT ( 'NONE',  ( 2.978737976320961200, -1.278125000000000400, -0.7379258128079899700 ) ) ;
#562 = CARTESIAN_POINT ( 'NONE',  ( 4.736213928962876600, -1.278125000000000000, 0.7379258128079908600 ) ) ;
#563 = EDGE_CURVE ( 'NONE', #3331, #1973, #3169, .T. ) ;
#564 = ADVANCED_FACE ( 'NONE', ( #2080 ), #27, .F. ) ;
#565 = CARTESIAN_POINT ( 'NONE',  ( 4.129350952641918800, -0.4826262486299389100, -0.8359331836934224000 ) ) ;
#566 = CARTESIAN_POINT ( 'NONE',  ( 0.08621392896287714800, 1.278125000000000200, 0.7379258128079903000 ) ) ;
#567 = ORIENTED_EDGE ( 'NONE', *, *, #1034, .T. ) ;
#568 = CARTESIAN_POINT ( 'NONE',  ( 1.316850952641919000, -0.9652524972598767200, 0.5572887891289487500 ) ) ;
#569 = CARTESIAN_POINT ( 'NONE',  ( 5.690666247607071100, 0.4072919025960080000, 0.9391561451351784200 ) ) ;
#570 = CARTESIAN_POINT ( 'NONE',  ( 0.5106009526419190700, -0.9652524972598769400, 1.182093381138297500E-016 ) ) ;
#571 = PLANE ( 'NONE',  #3548 ) ;
#572 = CARTESIAN_POINT ( 'NONE',  ( 4.253737976320962000, -1.278125000000000000, 0.7379258128079908600 ) ) ;
#573 = ORIENTED_EDGE ( 'NONE', *, *, #332, .F. ) ;
#574 = AXIS2_PLACEMENT_3D ( 'NONE', #1717, #2788, #34 ) ;
#575 = CARTESIAN_POINT ( 'NONE',  ( 5.748713928962875900, -0.6390625000000006400, -1.106888719211985400 ) ) ;
#576 = VERTEX_POINT ( 'NONE', #1113 ) ;
#577 = CARTESIAN_POINT ( 'NONE',  ( 2.704350952641918900, -0.9652524972598769400, 1.182093381138297500E-016 ) ) ;
#578 = CARTESIAN_POINT ( 'NONE',  ( 0.1397700690953396800, 2.066424524318476200, 1.405025455977998900 ) ) ;
#579 = DIRECTION ( 'NONE',  ( 0.0000000000000000000, 0.0000000000000000000, 1.000000000000000000 ) ) ;
#580 = CARTESIAN_POINT ( 'NONE',  ( 2.460600952641918600, 0.4826262486299377500, -0.8359331836934230700 ) ) ;
#581 = CARTESIAN_POINT ( 'NONE',  ( 2.985600952641918500, 0.9652524972598769400, 0.0000000000000000000 ) ) ;
#582 = CARTESIAN_POINT ( 'NONE',  ( 3.766237976320961200, -0.6390624999999997600, 1.106888719211985800 ) ) ;
#583 = FACE_OUTER_BOUND ( 'NONE', #666, .T. ) ;
#584 = CARTESIAN_POINT ( 'NONE',  ( 1.110600952641919200, 0.4826262486299377500, -0.8359331836934230700 ) ) ;
#585 = CARTESIAN_POINT ( 'NONE',  ( 1.204350952641918700, 0.4826262486299385800, 0.8359331836934226200 ) ) ;
#586 = VECTOR ( 'NONE', #144, 1000.000000000000100 ) ;
#587 = CARTESIAN_POINT ( 'NONE',  ( 3.266850952641918500, -2.047445795422412600E-016, -1.114577578257897100 ) ) ;
#588 = EDGE_CURVE ( 'NONE', #1847, #2746, #2101, .T. ) ;
#589 = COORDINATED_UNIVERSAL_TIME_OFFSET ( 6, 0, .BEHIND. ) ;
#590 = CARTESIAN_POINT ( 'NONE',  ( 1.766850952641918700, -0.9652524972598767200, 0.5572887891289487500 ) ) ;
#591 = B_SPLINE_CURVE_WITH_KNOTS ( 'NONE', 3,
 ( #2543, #3067, #99, #888 ),
 .UNSPECIFIED., .F., .F.,
 ( 4, 4 ),
 ( 2.380746839933047200E-007, 0.001314652396222795200 ),
 .UNSPECIFIED. ) ;
#592 = CARTESIAN_POINT ( 'NONE',  ( 1.373100952641919100, -0.9652524972598767200, 0.5572887891289487500 ) ) ;
#593 = CARTESIAN_POINT ( 'NONE',  ( -1.312861134016099300E-015, -0.7416645267673315200, -2.169875997175798600 ) ) ;
#594 = CARTESIAN_POINT ( 'NONE',  ( 0.2481009526419191100, 0.9652524972598765000, -0.5572887891289489700 ) ) ;
#595 = CARTESIAN_POINT ( 'NONE',  ( 1.350000000000003000, 1.250000000000000200, 0.0000000000000000000 ) ) ;
#596 =( BOUNDED_CURVE ( )  B_SPLINE_CURVE ( 2, ( #2189, #1060, #3528, #2177, #492, #529, #503, #2968, #515 ),
 .UNSPECIFIED., .F., .T. ) 
 B_SPLINE_CURVE_WITH_KNOTS ( ( 3, 2, 2, 2, 3 ),
 ( 0.3722222222222222300, 0.3777777777777778800, 0.3888888888888889500, 0.4000000000000000200, 0.4055555555555555600 ),
 .UNSPECIFIED. ) 
 CURVE ( )  GEOMETRIC_REPRESENTATION_ITEM ( )  RATIONAL_B_SPLINE_CURVE ( ( 0.9330127018922194100, 0.9330127018922187400, 1.000000000000000000, 0.8660254037844388200, 1.000000000000000000, 0.8660254037844388200, 1.000000000000000000, 0.9330127018922200800, 0.9330127018922194100 ) ) 
 REPRESENTATION_ITEM ( '' )  );
#597 = CARTESIAN_POINT ( 'NONE',  ( 0.8106009526419191100, 0.4826262486299385800, 0.8359331836934226200 ) ) ;
#598 = CARTESIAN_POINT ( 'NONE',  ( 1.054350952641918800, 0.4826262486299377500, -0.8359331836934230700 ) ) ;
#599 = ORIENTED_EDGE ( 'NONE', *, *, #422, .F. ) ;
#600 = CARTESIAN_POINT ( 'NONE',  ( 3.454350952641918900, 0.4826262486299385800, 0.8359331836934226200 ) ) ;
#601 = VERTEX_POINT ( 'NONE', #3569 ) ;
#602 = CARTESIAN_POINT ( 'NONE',  ( 4.129350952641918800, -0.4826262486299389100, -0.8359331836934224000 ) ) ;
#603 = CARTESIAN_POINT ( 'NONE',  ( 4.612500000000001600, 1.743066579297358300E-016, 1.250000000000000000 ) ) ;
#604 = CARTESIAN_POINT ( 'NONE',  ( 0.6606009526419189800, 0.4826262486299377500, -0.8359331836934230700 ) ) ;
#605 = CARTESIAN_POINT ( 'NONE',  ( 6.000000000000002700, 1.315951922094009000, -1.838311014891732100 ) ) ;
#606 = CARTESIAN_POINT ( 'NONE',  ( 2.567403810567668200, -0.3349364905389006800, -1.250000000000001800 ) ) ;
#607 = CARTESIAN_POINT ( 'NONE',  ( 0.07500000000000288400, 0.6250000000000002200, 1.082531754730548400 ) ) ;
#608 = CARTESIAN_POINT ( 'NONE',  ( 0.3981009526419191400, 6.824819318074709100E-017, 1.114577578257897100 ) ) ;
#609 = ORIENTED_EDGE ( 'NONE', *, *, #2821, .F. ) ;
#610 = CARTESIAN_POINT ( 'NONE',  ( 1.541850952641918800, 0.9652524972598765000, -0.5572887891289489700 ) ) ;
#611 = EDGE_CURVE ( 'NONE', #698, #2100, #2525, .T. ) ;
#612 = CARTESIAN_POINT ( 'NONE',  ( 5.141850952641918000, 0.9652524972598765000, -0.5572887891289489700 ) ) ;
#613 = ORIENTED_EDGE ( 'NONE', *, *, #1645, .T. ) ;
#614 = PERSON ( 'UNSPECIFIED', 'UNSPECIFIED', 'UNSPECIFIED', ('UNSPECIFIED'), ('UNSPECIFIED'), ('UNSPECIFIED') ) ;
#615 = CARTESIAN_POINT ( 'NONE',  ( 3.079350952641918500, -0.4826262486299382500, 0.8359331836934227300 ) ) ;
#616 = CARTESIAN_POINT ( 'NONE',  ( 4.817403810567668600, -0.3349364905389038400, -1.250000000000000000 ) ) ;
#617 = AXIS2_PLACEMENT_3D ( 'NONE', #622, #1767, #3081 ) ;
#618 = EDGE_LOOP ( 'NONE', ( #1129, #2187, #2303, #3017 ) ) ;
#619 = CARTESIAN_POINT ( 'NONE',  ( 1.223100952641919400, 0.9652524972598769400, 0.5572887891289483000 ) ) ;
#620 = CARTESIAN_POINT ( 'NONE',  ( 3.439951905283835200, -1.250000000000000200, 1.530808498934192100E-016 ) ) ;
#621 = CARTESIAN_POINT ( 'NONE',  ( 0.02310095264191919900, -0.9652524972598767200, 0.5572887891289487500 ) ) ;
#622 = CARTESIAN_POINT ( 'NONE',  ( 0.0000000000000000000, 0.0000000000000000000, 0.0000000000000000000 ) ) ;
#623 = ORIENTED_EDGE ( 'NONE', *, *, #107, .T. ) ;
#624 = CARTESIAN_POINT ( 'NONE',  ( 5.816850952641918800, -0.9652524972598767200, 0.5572887891289487500 ) ) ;
#625 = CARTESIAN_POINT ( 'NONE',  ( 5.554350952641918600, 0.4826262486299377500, -0.8359331836934230700 ) ) ;
#626 = FACE_OUTER_BOUND ( 'NONE', #1525, .T. ) ;
#627 = CARTESIAN_POINT ( 'NONE',  ( 2.704350952641918900, -0.9652524972598769400, 1.182093381138297500E-016 ) ) ;
#628 = DIRECTION ( 'NONE',  ( 0.0000000000000000000, -0.8660254037844389300, 0.4999999999999994400 ) ) ;
#629 = CARTESIAN_POINT ( 'NONE',  ( 0.09810095264191920400, -0.9652524972598771600, -0.5572887891289481900 ) ) ;
#630 = LINE ( 'NONE', #2410, #2521 ) ;
#631 = CARTESIAN_POINT ( 'NONE',  ( 1.462500000000002400, -1.510657702057710300E-015, 1.249999999999999800 ) ) ;
#632 = EDGE_CURVE ( 'NONE', #2579, #2979, #1072, .T. ) ;
#633 = CARTESIAN_POINT ( 'NONE',  ( 3.473100952641918800, 0.9652524972598769400, 0.5572887891289483000 ) ) ;
#634 = CARTESIAN_POINT ( 'NONE',  ( 3.323100952641918800, -2.047445795422412600E-016, -1.114577578257897100 ) ) ;
#635 = CARTESIAN_POINT ( 'NONE',  ( 0.0000000000000000000, 0.0000000000000000000, 1.250000000000000200 ) ) ;
#636 = CIRCLE ( 'NONE', #1424, 2.249999999999998200 ) ;
#637 = CARTESIAN_POINT ( 'NONE',  ( 3.082355715851500900, -0.3349364905389006800, -1.250000000000001800 ) ) ;
#638 = CARTESIAN_POINT ( 'NONE',  ( 4.504350952641918800, -0.9652524972598769400, 1.182093381138297500E-016 ) ) ;
#639 = EDGE_CURVE ( 'NONE', #3285, #346, #3213, .T. ) ;
#640 = CARTESIAN_POINT ( 'NONE',  ( 2.516850952641918900, 0.9652524972598769400, 0.5572887891289483000 ) ) ;
#641 = CARTESIAN_POINT ( 'NONE',  ( 6.000000000000000000, -2.249999999999998700, -7.511572993685794200E-016 ) ) ;
#642 = CARTESIAN_POINT ( 'NONE',  ( 2.652451905283836000, 2.817957636530729900E-015, -1.250000000000000200 ) ) ;
#643 = CARTESIAN_POINT ( 'NONE',  ( 3.327451905283835400, -6.536499672365093000E-015, 1.250000000000000000 ) ) ;
#644 = CARTESIAN_POINT ( 'NONE',  ( 1.560600952641919100, 0.4826262486299377500, -0.8359331836934230700 ) ) ;
#645 = ORIENTED_EDGE ( 'NONE', *, *, #3359, .T. ) ;
#646 = CARTESIAN_POINT ( 'NONE',  ( 5.491237976320960900, 0.6390625000000002000, 1.106888719211985600 ) ) ;
#647 = APPROVAL ( #2150, 'UNSPECIFIED' ) ;
#648 = CARTESIAN_POINT ( 'NONE',  ( 3.623100952641918700, -0.9652524972598767200, 0.5572887891289487500 ) ) ;
#649 = ORIENTED_EDGE ( 'NONE', *, *, #2997, .T. ) ;
#650 = CARTESIAN_POINT ( 'NONE',  ( 5.123100952641919100, -2.047445795422412600E-016, -1.114577578257896800 ) ) ;
#651 = CARTESIAN_POINT ( 'NONE',  ( 2.873100952641918700, -2.047445795422412600E-016, -1.114577578257897100 ) ) ;
#652 = B_SPLINE_CURVE_WITH_KNOTS ( 'NONE', 3,
 ( #1310, #479, #2414, #2958 ),
 .UNSPECIFIED., .F., .F.,
 ( 4, 4 ),
 ( 0.0000000000000000000, 0.0006992203592855387800 ),
 .UNSPECIFIED. ) ;
#653 = CARTESIAN_POINT ( 'NONE',  ( 0.0000000000000000000, 0.0000000000000000000, 1.250000000000000200 ) ) ;
#654 = CARTESIAN_POINT ( 'NONE',  ( 6.000000000000000000, 2.249999999999997800, 0.2201909781973964100 ) ) ;
#655 = CARTESIAN_POINT ( 'NONE',  ( 0.06249999999999989600, 1.530808498934191800E-016, -1.250000000000000200 ) ) ;
#656 = CARTESIAN_POINT ( 'NONE',  ( 2.873100952641918700, -2.047445795422412600E-016, -1.114577578257896800 ) ) ;
#657 = CARTESIAN_POINT ( 'NONE',  ( 1.097548094716169300, -0.3349364905389039500, 1.249999999999999800 ) ) ;
#658 = CARTESIAN_POINT ( 'NONE',  ( 1.185600952641919100, 0.9652524972598769400, 0.0000000000000000000 ) ) ;
#659 = VERTEX_POINT ( 'NONE', #2495 ) ;
#660 = CARTESIAN_POINT ( 'NONE',  ( 2.648100952641919000, 6.824819318074709100E-017, 1.114577578257897100 ) ) ;
#661 = CARTESIAN_POINT ( 'NONE',  ( 5.385600952641918400, -0.4826262486299382500, 0.8359331836934227300 ) ) ;
#662 = CARTESIAN_POINT ( 'NONE',  ( 3.435600952641919100, 0.9652524972598769400, 0.0000000000000000000 ) ) ;
#663 = ORIENTED_EDGE ( 'NONE', *, *, #3332, .T. ) ;
#664 = CARTESIAN_POINT ( 'NONE',  ( 1.125000000000002900, -1.250000000000000200, 1.530808498934192100E-016 ) ) ;
#665 = EDGE_CURVE ( 'NONE', #576, #56, #2439, .T. ) ;
#666 = EDGE_LOOP ( 'NONE', ( #3060, #3452, #180, #2051 ) ) ;
#667 =( BOUNDED_CURVE ( )  B_SPLINE_CURVE ( 2, ( #2226, #36, #279, #3014, #1960, #558, #2518, #318, #84 ),
 .UNSPECIFIED., .F., .T. ) 
 B_SPLINE_CURVE_WITH_KNOTS ( ( 3, 2, 2, 2, 3 ),
 ( 0.5055555555555555400, 0.5111111111111111800, 0.5222222222222222500, 0.5333333333333334400, 0.5388888888888889700 ),
 .UNSPECIFIED. ) 
 CURVE ( )  GEOMETRIC_REPRESENTATION_ITEM ( )  RATIONAL_B_SPLINE_CURVE ( ( 0.9330127018922194100, 0.9330127018922187400, 1.000000000000000000, 0.8660254037844388200, 1.000000000000000000, 0.8660254037844388200, 1.000000000000000000, 0.9330127018922194100, 0.9330127018922194100 ) ) 
 REPRESENTATION_ITEM ( '' )  );
#668 = CARTESIAN_POINT ( 'NONE',  ( 0.01924333400943563700, -0.7433463941989687500, 2.168904970561403600 ) ) ;
#669 = CARTESIAN_POINT ( 'NONE',  ( 0.1573557158515011000, 0.3349364905389031800, 1.250000000000000000 ) ) ;
#670 = AXIS2_PLACEMENT_3D ( 'NONE', #155, #1568, #441 ) ;
#671 = CARTESIAN_POINT ( 'NONE',  ( 2.342403810567669400, 0.3349364905389035100, 1.250000000000000000 ) ) ;
#672 = CARTESIAN_POINT ( 'NONE',  ( 2.835600952641918600, -0.4826262486299389100, -0.8359331836934224000 ) ) ;
#673 = CARTESIAN_POINT ( 'NONE',  ( 4.785600952641918800, 0.9652524972598769400, 0.0000000000000000000 ) ) ;
#674 = CARTESIAN_POINT ( 'NONE',  ( 3.998100952641918700, 6.824819318074709100E-017, 1.114577578257897100 ) ) ;
#675 = B_SPLINE_CURVE_WITH_KNOTS ( 'NONE', 3,
 ( #506, #2982, #2402, #1063, #2436, #788 ),
 .UNSPECIFIED., .F., .F.,
 ( 4, 2, 4 ),
 ( 0.001314652396222795400, 0.001969405109320633700, 0.002624157822418472500 ),
 .UNSPECIFIED. ) ;
#676 = CARTESIAN_POINT ( 'NONE',  ( 5.799038105676659800, -2.249999999999998200, -1.299038105676658200 ) ) ;
#677 = CYLINDRICAL_SURFACE ( 'NONE', #2003, 1.250000000000000200 ) ;
#678 = CARTESIAN_POINT ( 'NONE',  ( 0.8524519052838353000, 1.191095495853194700E-015, -1.250000000000000000 ) ) ;
#679 = CALENDAR_DATE ( 2021, 25, 8 ) ;
#680 = CARTESIAN_POINT ( 'NONE',  ( 4.841850952641918200, 6.824819318074709100E-017, 1.114577578257896800 ) ) ;
#681 = CARTESIAN_POINT ( 'NONE',  ( 2.175000000000002900, 0.6249999999999992200, -1.082531754730548900 ) ) ;
#682 = CARTESIAN_POINT ( 'NONE',  ( 5.362500000000000700, 1.249999999999999100, -0.7216878364870330500 ) ) ;
#683 = VECTOR ( 'NONE', #2814, 1000.000000000000000 ) ;
#684 = CARTESIAN_POINT ( 'NONE',  ( 2.010600952641918800, 0.4826262486299377500, -0.8359331836934230700 ) ) ;
#685 = EDGE_CURVE ( 'NONE', #1643, #2067, #852, .T. ) ;
#686 = CARTESIAN_POINT ( 'NONE',  ( 3.810600952641918200, 0.4826262486299377500, -0.8359331836934230700 ) ) ;
#687 = CARTESIAN_POINT ( 'NONE',  ( 2.348100952641919200, -0.9652524972598771600, -0.5572887891289481900 ) ) ;
#688 = CARTESIAN_POINT ( 'NONE',  ( 5.891752127175817800, 0.9350645753071328300, -0.7647663740346686300 ) ) ;
#689 = ORIENTED_EDGE ( 'NONE', *, *, #1389, .F. ) ;
#690 = CARTESIAN_POINT ( 'NONE',  ( 0.08925501003155288100, -0.3686825588085559400, 2.385217236779675300 ) ) ;
#691 = CARTESIAN_POINT ( 'NONE',  ( 1.957355715851500700, 0.3349364905389020700, 1.250000000000000900 ) ) ;
#692 = CARTESIAN_POINT ( 'NONE',  ( 1.189951905283835200, -1.250000000000000200, 1.530808498934192100E-016 ) ) ;
#693 = APPROVAL ( #1028, 'UNSPECIFIED' ) ;
#694 = CARTESIAN_POINT ( 'NONE',  ( 4.298100952641918900, 0.9652524972598765000, -0.5572887891289489700 ) ) ;
#695 = CARTESIAN_POINT ( 'NONE',  ( 2.587500000000002600, 2.817957636530729900E-015, -1.250000000000000200 ) ) ;
#696 = CARTESIAN_POINT ( 'NONE',  ( 5.198100952641918400, 0.9652524972598765000, -0.5572887891289489700 ) ) ;
#697 = DIRECTION ( 'NONE',  ( 1.000000000000000000, 0.0000000000000000000, 0.0000000000000000000 ) ) ;
#698 = VERTEX_POINT ( 'NONE', #1766 ) ;
#699 = ORIENTED_EDGE ( 'NONE', *, *, #1418, .T. ) ;
#700 = CARTESIAN_POINT ( 'NONE',  ( 4.837500000000002100, -4.938688641342514700E-016, -1.250000000000000200 ) ) ;
#701 = EDGE_CURVE ( 'NONE', #230, #1018, #2623, .T. ) ;
#702 = ORIENTED_EDGE ( 'NONE', *, *, #813, .F. ) ;
#703 = CARTESIAN_POINT ( 'NONE',  ( 4.410600952641917900, 0.4826262486299385800, 0.8359331836934226200 ) ) ;
#704 = CARTESIAN_POINT ( 'NONE',  ( 4.673100952641918900, -2.047445795422412600E-016, -1.114577578257897100 ) ) ;
#705 = DIRECTION ( 'NONE',  ( 0.0000000000000000000, 0.0000000000000000000, 1.000000000000000000 ) ) ;
#706 = EDGE_CURVE ( 'NONE', #2660, #463, #3399, .T. ) ;
#707 = ORIENTED_EDGE ( 'NONE', *, *, #2501, .F. ) ;
#708 =( BOUNDED_CURVE ( )  B_SPLINE_CURVE ( 2, ( #971, #1772, #1230, #92, #76, #1800, #1514, #117, #2876 ),
 .UNSPECIFIED., .F., .T. ) 
 B_SPLINE_CURVE_WITH_KNOTS ( ( 3, 2, 2, 2, 3 ),
 ( 0.4500000000000000100, 0.4555555555555555500, 0.4666666666666666700, 0.4777777777777778000, 0.4833333333333333400 ),
 .UNSPECIFIED. ) 
 CURVE ( )  GEOMETRIC_REPRESENTATION_ITEM ( )  RATIONAL_B_SPLINE_CURVE ( ( 0.9330127018922194100, 0.9330127018922197400, 1.000000000000000000, 0.8660254037844388200, 1.000000000000000000, 0.8660254037844388200, 1.000000000000000000, 0.9330127018922194100, 0.9330127018922194100 ) ) 
 REPRESENTATION_ITEM ( '' )  );
#709 = CARTESIAN_POINT ( 'NONE',  ( 2.479350952641918800, 0.9652524972598769400, 0.0000000000000000000 ) ) ;
#710 = DIRECTION ( 'NONE',  ( 0.0000000000000000000, 0.8660254037844389300, -0.4999999999999993300 ) ) ;
#711 = CARTESIAN_POINT ( 'NONE',  ( 1.575000000000002600, -1.250000000000000200, 1.530808498934192100E-016 ) ) ;
#712 = CONICAL_SURFACE ( 'NONE', #1802, 1.250000000000000200, 0.7853981633974518300 ) ;
#713 = CARTESIAN_POINT ( 'NONE',  ( 0.1398476031505100400, -2.249999999999997800, -1.087331990916865300 ) ) ;
#714 = CARTESIAN_POINT ( 'NONE',  ( 6.285600952641917900, -0.4826262486299382500, 0.8359331836934227300 ) ) ;
#715 = FACE_OUTER_BOUND ( 'NONE', #2659, .T. ) ;
#716 = CARTESIAN_POINT ( 'NONE',  ( 0.3000417894037082900, 1.013791962626474400, -0.1983302570502262800 ) ) ;
#717 = CARTESIAN_POINT ( 'NONE',  ( 5.010600952641919300, -0.9652524972598769400, 1.182093381138297500E-016 ) ) ;
#718 = DIRECTION ( 'NONE',  ( 1.000000000000000000, 0.0000000000000000000, 0.0000000000000000000 ) ) ;
#719 = FACE_OUTER_BOUND ( 'NONE', #912, .T. ) ;
#720 = CARTESIAN_POINT ( 'NONE',  ( 1.302451905283835000, 1.191095495853194700E-015, -1.250000000000000000 ) ) ;
#721 = CARTESIAN_POINT ( 'NONE',  ( 2.104350952641918800, 0.4826262486299385800, 0.8359331836934226200 ) ) ;
#722 = VECTOR ( 'NONE', #2214, 1000.000000000000000 ) ;
#723 = DIRECTION ( 'NONE',  ( -1.000000000000000000, -0.0000000000000000000, -0.0000000000000000000 ) ) ;
#724 = CARTESIAN_POINT ( 'NONE',  ( -0.2206490473580810000, 0.9652524972598769400, 0.0000000000000000000 ) ) ;
#725 = CARTESIAN_POINT ( 'NONE',  ( 0.1774519052838353400, -6.681755220639871700E-016, 1.249999999999999800 ) ) ;
#726 = CARTESIAN_POINT ( 'NONE',  ( 5.460600952641918600, -0.9652524972598769400, 1.182093381138297500E-016 ) ) ;
#727 = EDGE_CURVE ( 'NONE', #2412, #744, #1502, .T. ) ;
#728 = ORIENTED_EDGE ( 'NONE', *, *, #3099, .F. ) ;
#729 = CARTESIAN_POINT ( 'NONE',  ( 5.737500000000003400, -4.938688641342514700E-016, -1.250000000000000200 ) ) ;
#730 = CARTESIAN_POINT ( 'NONE',  ( 3.757355715851500300, 0.3349364905389035600, 1.250000000000000000 ) ) ;
#731 = CARTESIAN_POINT ( 'NONE',  ( 4.973100952641918800, -0.9652524972598767200, 0.5572887891289487500 ) ) ;
#732 = DIRECTION ( 'NONE',  ( -1.000000000000000000, -0.0000000000000000000, -0.0000000000000000000 ) ) ;
#733 = ORIENTED_EDGE ( 'NONE', *, *, #2654, .F. ) ;
#734 =( BOUNDED_CURVE ( )  B_SPLINE_CURVE ( 2, ( #2851, #3087, #2827, #1493, #2016, #97, #1468, #378, #3361 ),
 .UNSPECIFIED., .F., .T. ) 
 B_SPLINE_CURVE_WITH_KNOTS ( ( 3, 2, 2, 2, 3 ),
 ( 0.6722222222222222800, 0.6777777777777778100, 0.6888888888888888800, 0.7000000000000000700, 0.7055555555555556000 ),
 .UNSPECIFIED. ) 
 CURVE ( )  GEOMETRIC_REPRESENTATION_ITEM ( )  RATIONAL_B_SPLINE_CURVE ( ( 0.9330127018922194100, 0.9330127018922194100, 1.000000000000000000, 0.8660254037844388200, 1.000000000000000000, 0.8660254037844388200, 1.000000000000000000, 0.9330127018922194100, 0.9330127018922194100 ) ) 
 REPRESENTATION_ITEM ( '' )  );
#735 = CARTESIAN_POINT ( 'NONE',  ( 2.704350952641918900, -0.9652524972598769400, 1.182093381138297500E-016 ) ) ;
#736 = PLANE ( 'NONE',  #2292 ) ;
#737 = DIRECTION ( 'NONE',  ( 0.0000000000000000000, 0.0000000000000000000, 1.000000000000000000 ) ) ;
#738 = DIRECTION ( 'NONE',  ( 0.0000000000000000000, 0.0000000000000000000, -1.000000000000000000 ) ) ;
#739 = CARTESIAN_POINT ( 'NONE',  ( 5.985600952641918000, -0.4826262486299389100, -0.8359331836934224000 ) ) ;
#740 = CARTESIAN_POINT ( 'NONE',  ( 2.792403810567669200, 0.3349364905389035100, 1.250000000000000000 ) ) ;
#741 = EDGE_LOOP ( 'NONE', ( #164, #482, #1611, #140 ) ) ;
#742 = CARTESIAN_POINT ( 'NONE',  ( 2.117403810567668500, -0.3349364905389006800, -1.250000000000001800 ) ) ;
#743 = DATE_TIME_ROLE ( 'creation_date' ) ;
#744 = VERTEX_POINT ( 'NONE', #370 ) ;
#745 = CARTESIAN_POINT ( 'NONE',  ( 2.336213928962877200, 1.278125000000000200, 0.7379258128079903000 ) ) ;
#746 = ADVANCED_FACE ( 'NONE', ( #2242 ), #170, .T. ) ;
#747 = CARTESIAN_POINT ( 'NONE',  ( 1.691850952641918800, 6.824819318074709100E-017, 1.114577578257897100 ) ) ;
#748 = CARTESIAN_POINT ( 'NONE',  ( 0.6073557158515011700, 0.3349364905389035600, 1.250000000000000000 ) ) ;
#749 = ORIENTED_EDGE ( 'NONE', *, *, #310, .F. ) ;
#750 = EDGE_CURVE ( 'NONE', #1973, #3321, #1092, .T. ) ;
#751 = CARTESIAN_POINT ( 'NONE',  ( 5.310600952641919100, 0.4826262486299385800, 0.8359331836934226200 ) ) ;
#752 = CARTESIAN_POINT ( 'NONE',  ( 5.550000000000002500, -0.6249999999999997800, 1.082531754730548600 ) ) ;
#753 = DIRECTION ( 'NONE',  ( -1.000000000000000000, -0.0000000000000000000, -0.0000000000000000000 ) ) ;
#754 = CARTESIAN_POINT ( 'NONE',  ( 2.228737976320960300, 1.278124999999999500, -0.7379258128079913000 ) ) ;
#755 = CARTESIAN_POINT ( 'NONE',  ( 4.182596189432337600, -0.3349364905389032300, 1.250000000000000000 ) ) ;
#756 = CARTESIAN_POINT ( 'NONE',  ( 2.448713928962877000, -0.6390624999999997600, 1.106888719211985800 ) ) ;
#757 = FACE_OUTER_BOUND ( 'NONE', #2852, .T. ) ;
#758 = CARTESIAN_POINT ( 'NONE',  ( 1.804350952641918800, -0.9652524972598769400, 1.182093381138297500E-016 ) ) ;
#759 = AXIS2_PLACEMENT_3D ( 'NONE', #2268, #2041, #3076 ) ;
#760 = CARTESIAN_POINT ( 'NONE',  ( 0.4399519052838352100, 0.6249999999999992200, -1.082531754730548900 ) ) ;
#761 = CARTESIAN_POINT ( 'NONE',  ( -0.4012860710371228300, 1.278125000000000200, 0.0000000000000000000 ) ) ;
#762 = DATE_AND_TIME ( #679, #3080 ) ;
#763 = ORIENTED_EDGE ( 'NONE', *, *, #310, .T. ) ;
#764 = CARTESIAN_POINT ( 'NONE',  ( 5.897453285892977300, 0.6860496172771462000, 1.008979769948671300 ) ) ;
#765 = CARTESIAN_POINT ( 'NONE',  ( 3.262500000000002000, 1.743066579297358300E-016, 1.250000000000000000 ) ) ;
#766 = ADVANCED_FACE ( 'NONE', ( #2862 ), #66, .F. ) ;
#767 = CARTESIAN_POINT ( 'NONE',  ( 0.3823557158515010200, -0.3349364905389033400, -1.250000000000000000 ) ) ;
#768 = CIRCLE ( 'NONE', #1301, 2.249999999999998200 ) ;
#769 = CARTESIAN_POINT ( 'NONE',  ( 2.116237976320960900, -0.6390625000000006400, -1.106888719211985400 ) ) ;
#770 = CARTESIAN_POINT ( 'NONE',  ( 1.511213928962877200, 9.036984846635145800E-017, 1.475851625615981000 ) ) ;
#771 = CARTESIAN_POINT ( 'NONE',  ( 2.261213928962877000, 1.278124999999999500, -0.7379258128079913000 ) ) ;
#772 = CARTESIAN_POINT ( 'NONE',  ( 4.241850952641918600, 0.9652524972598765000, -0.5572887891289489700 ) ) ;
#773 = CARTESIAN_POINT ( 'NONE',  ( 0.07935095264191896500, -0.4826262486299389100, -0.8359331836934224000 ) ) ;
#774 = ORIENTED_EDGE ( 'NONE', *, *, #685, .F. ) ;
#775 = DIRECTION ( 'NONE',  ( 0.0000000000000000000, 0.0000000000000000000, -1.000000000000000000 ) ) ;
#776 = AXIS2_PLACEMENT_3D ( 'NONE', #2653, #2642, #987 ) ;
#777 = CARTESIAN_POINT ( 'NONE',  ( 5.799038105676658900, 2.249999999999998700, 1.299038105676658700 ) ) ;
#778 = DIRECTION ( 'NONE',  ( -1.000000000000000000, -0.0000000000000000000, -0.0000000000000000000 ) ) ;
#779 = CARTESIAN_POINT ( 'NONE',  ( 0.06249999999999989600, 0.0000000000000000000, 0.0000000000000000000 ) ) ;
#780 = CARTESIAN_POINT ( 'NONE',  ( 2.716237976320960500, 1.278125000000000200, 0.0000000000000000000 ) ) ;
#781 = CARTESIAN_POINT ( 'NONE',  ( 3.236213928962877100, 1.278125000000000200, 0.7379258128079903000 ) ) ;
#782 = CARTESIAN_POINT ( 'NONE',  ( 5.929350952641918600, -0.4826262486299389100, -0.8359331836934224000 ) ) ;
#783 = ORIENTED_EDGE ( 'NONE', *, *, #2352, .T. ) ;
#784 = CARTESIAN_POINT ( 'NONE',  ( 0.1543509526419189500, 0.4826262486299377500, -0.8359331836934230700 ) ) ;
#785 = PLANE ( 'NONE',  #2797 ) ;
#786 = ORIENTED_EDGE ( 'NONE', *, *, #2197, .T. ) ;
#787 = CARTESIAN_POINT ( 'NONE',  ( 0.1519166416194402400, -1.114768875378284300, 0.3560766384189805200 ) ) ;
#788 = CARTESIAN_POINT ( 'NONE',  ( 5.799038105676659800, -2.249999999999999100, 1.299038105676656900 ) ) ;
#789 = CARTESIAN_POINT ( 'NONE',  ( 1.997548094716169500, -0.3349364905389046700, 1.249999999999999100 ) ) ;
#790 = CARTESIAN_POINT ( 'NONE',  ( 2.266237976320960800, 1.278125000000000200, 0.0000000000000000000 ) ) ;
#791 = ORIENTED_EDGE ( 'NONE', *, *, #868, .T. ) ;
#792 = CARTESIAN_POINT ( 'NONE',  ( 3.573713928962876100, 0.6390624999999990900, -1.106888719211986300 ) ) ;
#793 = ORIENTED_EDGE ( 'NONE', *, *, #1815, .F. ) ;
#794 = CARTESIAN_POINT ( 'NONE',  ( 4.541850952641918400, -0.9652524972598771600, -0.5572887891289481900 ) ) ;
#795 = CARTESIAN_POINT ( 'NONE',  ( 1.841850952641918400, -0.9652524972598771600, -0.5572887891289481900 ) ) ;
#796 = EDGE_CURVE ( 'NONE', #2081, #2579, #2333, .T. ) ;
#797 = CARTESIAN_POINT ( 'NONE',  ( 0.1579722373310032400, -1.145831172009447400, 0.2058880938229848400 ) ) ;
#798 = ADVANCED_FACE ( 'NONE', ( #330 ), #1780, .F. ) ;
#799 = CARTESIAN_POINT ( 'NONE',  ( 0.3271154274060185100, 0.9166243938515628000, 0.4159133814735153100 ) ) ;
#800 = CARTESIAN_POINT ( 'NONE',  ( 5.824062547963272600, -0.6688506541600829400, -0.9298771817925107800 ) ) ;
#801 = CARTESIAN_POINT ( 'NONE',  ( 0.7287379763209609300, -1.278125000000000400, -0.7379258128079899700 ) ) ;
#802 = CARTESIAN_POINT ( 'NONE',  ( 4.511213928962876100, 1.278124999999999500, -0.7379258128079913000 ) ) ;
#803 = CARTESIAN_POINT ( 'NONE',  ( 4.391850952641918900, 6.824819318074709100E-017, 1.114577578257897100 ) ) ;
#804 = VECTOR ( 'NONE', #3111, 1000.000000000000000 ) ;
#805 = CARTESIAN_POINT ( 'NONE',  ( 0.7168509526419188900, 0.9652524972598769400, 0.5572887891289483000 ) ) ;
#806 = CARTESIAN_POINT ( 'NONE',  ( 1.173713928962876900, -1.278125000000000200, 1.565251690160211100E-016 ) ) ;
#807 = LINE ( 'NONE', #1447, #417 ) ;
#808 = CARTESIAN_POINT ( 'NONE',  ( 1.954350952641918900, 0.4826262486299377500, -0.8359331836934230700 ) ) ;
#809 = DIRECTION ( 'NONE',  ( 0.0000000000000000000, 0.0000000000000000000, -1.000000000000000000 ) ) ;
#810 = CARTESIAN_POINT ( 'NONE',  ( 4.666237976320960700, -0.6390624999999997600, 1.106888719211985800 ) ) ;
#811 = ORIENTED_EDGE ( 'NONE', *, *, #511, .F. ) ;
#812 = CARTESIAN_POINT ( 'NONE',  ( 5.711213928962877200, -1.278125000000000400, -0.7379258128079899700 ) ) ;
#813 = EDGE_CURVE ( 'NONE', #1234, #3370, #2013, .T. ) ;
#814 = ADVANCED_FACE ( 'NONE', ( #3516 ), #1339, .F. ) ;
#815 =( BOUNDED_CURVE ( )  B_SPLINE_CURVE ( 2, ( #1001, #1870, #2918, #2119, #1281, #1307, #3490, #1291, #2907 ),
 .UNSPECIFIED., .F., .T. ) 
 B_SPLINE_CURVE_WITH_KNOTS ( ( 3, 2, 2, 2, 3 ),
 ( 0.6833333333333333500, 0.6888888888888888800, 0.6999999999999999600, 0.7111111111111111400, 0.7166666666666666700 ),
 .UNSPECIFIED. ) 
 CURVE ( )  GEOMETRIC_REPRESENTATION_ITEM ( )  RATIONAL_B_SPLINE_CURVE ( ( 0.9330127018922194100, 0.9330127018922194100, 1.000000000000000000, 0.8660254037844388200, 1.000000000000000000, 0.8660254037844388200, 1.000000000000000000, 0.9330127018922194100, 0.9330127018922194100 ) ) 
 REPRESENTATION_ITEM ( '' )  );
#816 = CARTESIAN_POINT ( 'NONE',  ( 5.516850952641918000, -2.047445795422412600E-016, -1.114577578257897100 ) ) ;
#817 = VERTEX_POINT ( 'NONE', #386 ) ;
#818 = CARTESIAN_POINT ( 'NONE',  ( 0.004350952641918987500, -0.9652524972598769400, 1.182093381138297500E-016 ) ) ;
#819 = CARTESIAN_POINT ( 'NONE',  ( 1.436213928962877000, 1.278125000000000200, 0.7379258128079903000 ) ) ;
#820 = ORIENTED_EDGE ( 'NONE', *, *, #3072, .F. ) ;
#821 =( BOUNDED_CURVE ( )  B_SPLINE_CURVE ( 2, ( #2245, #3566, #2741, #2503, #292, #3039, #1700, #1098, #2999, #556, #1407, #1394, #859, #2213, #834, #302, #3310, #2752, #1688, #1123, #2777, #1380, #23, #2235, #1147, #543, #3049, #568, #1431, #3335, #1956, #32, #1992, #313, #2491, #1676, #847, #2255, #1662, #590, #2466, #1941, #3296, #1, #808, #2726, #822, #1749, #81, #2563, #1776, #69, #57, #2539, #377, #2813, #2801, #2028, #1761, #640, #1168, #3360, #2318, #3075, #627, #1455, #1158, #2826, #913, #3101, #2515, #924, #2838, #3063, #615, #1467, #325, #1726, #872, #885, #1210, #901, #3115, #1181, #2053, #1492, #2787, #3086, #1442, #1193, #3371, #3404, #3348, #43, #1737, #2290, #2001, #366, #340, #1479, #2267, #2304, #602, #3389, #352, #96, #2040, #2528, #2015, #2552, #2278, #974, #985, #3151, #3127, #429, #2868, #2850, #3453, #2339, #130, #680, #1811, #1823, #2093, #3418, #2587, #416, #2085, #2878, #1255, #938, #1223, #398, #1242, #953, #2356, #109, #119, #141, #1526, #963, #3437, #2576, #407 ),
 .UNSPECIFIED., .F., .T. ) 
 B_SPLINE_CURVE_WITH_KNOTS ( ( 3, 2, 2, 2, 2, 2, 2, 2, 2, 2, 2, 2, 2, 2, 2, 2, 2, 2, 2, 2, 2, 2, 2, 2, 2, 2, 2, 2, 2, 2, 2, 2, 2, 2, 2, 2, 2, 2, 2, 2, 2, 2, 2, 2, 2, 2, 2, 2, 2, 2, 2, 2, 2, 2, 2, 2, 2, 2, 2, 2, 2, 2, 2, 2, 2, 2, 2, 2, 2, 2, 2, 2, 3 ),
 ( 0.08408023463746745800, 0.08888888888888889200, 0.1000000000000000100, 0.1111111111111111000, 0.1222222222222222200, 0.1333333333333333300, 0.1444444444444444300, 0.1555555555555555600, 0.1666666666666666600, 0.1777777777777777800, 0.1888888888888888800, 0.2000000000000000100, 0.2111111111111110800, 0.2222222222222222100, 0.2333333333333333400, 0.2444444444444444100, 0.2555555555555555400, 0.2666666666666666600, 0.2777777777777777900, 0.2888888888888888600, 0.3000000000000000400, 0.3111111111111111200, 0.3222222222222222400, 0.3333333333333333100, 0.3444444444444444400, 0.3555555555555555700, 0.3666666666666666400, 0.3777777777777777700, 0.3888888888888889000, 0.4000000000000000200, 0.4111111111111110900, 0.4222222222222222200, 0.4333333333333334000, 0.4444444444444443600, 0.4555555555555555500, 0.4666666666666666700, 0.4777777777777778600, 0.4888888888888889300, 0.5000000000000000000, 0.5111111111111110700, 0.5222222222222222500, 0.5333333333333333300, 0.5444444444444445100, 0.5555555555555555800, 0.5666666666666666500, 0.5777777777777777200, 0.5888888888888889100, 0.5999999999999999800, 0.6111111111111111600, 0.6222222222222222300, 0.6333333333333333000, 0.6444444444444444900, 0.6555555555555555600, 0.6666666666666666300, 0.6777777777777778100, 0.6888888888888888800, 0.6999999999999999600, 0.7111111111111111400, 0.7222222222222223200, 0.7333333333333332800, 0.7444444444444444600, 0.7555555555555555400, 0.7666666666666667200, 0.7777777777777776800, 0.7888888888888888600, 0.8000000000000000400, 0.8111111111111111200, 0.8222222222222221900, 0.8333333333333333700, 0.8444444444444444400, 0.8555555555555555100, 0.8666666666666668100, 0.8702559494578323600 ),
 .UNSPECIFIED. ) 
 CURVE ( )  GEOMETRIC_REPRESENTATION_ITEM ( )  RATIONAL_B_SPLINE_CURVE ( ( 0.9342234781795049100, 0.9420186239493013600, 1.000000000000000000, 0.8660254037844387100, 1.000000000000000000, 0.8660254037844387100, 1.000000000000000000, 0.8660254037844387100, 1.000000000000000000, 0.8660254037844387100, 1.000000000000000000, 0.8660254037844387100, 1.000000000000000000, 0.8660254037844387100, 1.000000000000000000, 0.8660254037844387100, 1.000000000000000000, 0.8660254037844387100, 1.000000000000000000, 0.8660254037844387100, 1.000000000000000000, 0.8660254037844387100, 1.000000000000000000, 0.8660254037844387100, 1.000000000000000000, 0.8660254037844387100, 1.000000000000000000, 0.8660254037844387100, 1.000000000000000000, 0.8660254037844387100, 1.000000000000000000, 0.8660254037844387100, 1.000000000000000000, 0.8660254037844387100, 1.000000000000000000, 0.8660254037844387100, 1.000000000000000000, 0.8660254037844387100, 1.000000000000000000, 0.8660254037844387100, 1.000000000000000000, 0.8660254037844387100, 1.000000000000000000, 0.8660254037844387100, 1.000000000000000000, 0.8660254037844387100, 1.000000000000000000, 0.8660254037844387100, 1.000000000000000000, 0.8660254037844387100, 1.000000000000000000, 0.8660254037844387100, 1.000000000000000000, 0.8660254037844387100, 1.000000000000000000, 0.8660254037844387100, 1.000000000000000000, 0.8660254037844387100, 1.000000000000000000, 0.8660254037844387100, 1.000000000000000000, 0.8660254037844387100, 1.000000000000000000, 0.8660254037844387100, 1.000000000000000000, 0.8660254037844387100, 1.000000000000000000, 0.8660254037844387100, 1.000000000000000000, 0.8660254037844387100, 1.000000000000000000, 0.8660254037844387100, 1.000000000000000000, 0.8660254037844387100, 1.000000000000000000, 0.8660254037844387100, 1.000000000000000000, 0.8660254037844387100, 1.000000000000000000, 0.8660254037844387100, 1.000000000000000000, 0.8660254037844387100, 1.000000000000000000, 0.8660254037844387100, 1.000000000000000000, 0.8660254037844387100, 1.000000000000000000, 0.8660254037844387100, 1.000000000000000000, 0.8660254037844387100, 1.000000000000000000, 0.8660254037844387100, 1.000000000000000000, 0.8660254037844387100, 1.000000000000000000, 0.8660254037844387100, 1.000000000000000000, 0.8660254037844387100, 1.000000000000000000, 0.8660254037844387100, 1.000000000000000000, 0.8660254037844387100, 1.000000000000000000, 0.8660254037844387100, 1.000000000000000000, 0.8660254037844387100, 1.000000000000000000, 0.8660254037844387100, 1.000000000000000000, 0.8660254037844387100, 1.000000000000000000, 0.8660254037844387100, 1.000000000000000000, 0.8660254037844387100, 1.000000000000000000, 0.8660254037844387100, 1.000000000000000000, 0.8660254037844387100, 1.000000000000000000, 0.8660254037844387100, 1.000000000000000000, 0.8660254037844387100, 1.000000000000000000, 0.8660254037844387100, 1.000000000000000000, 0.8660254037844387100, 1.000000000000000000, 0.8660254037844387100, 1.000000000000000000, 0.8660254037844387100, 1.000000000000000000, 0.8660254037844387100, 1.000000000000000000, 0.8660254037844387100, 1.000000000000000000, 0.8660254037844387100, 1.000000000000000000, 0.8660254037844387100, 1.000000000000000000, 0.8660254037844387100, 1.000000000000000000, 0.8660254037844387100, 1.000000000000000000, 0.9567214558615104700, 0.9414039197895581700 ) ) 
 REPRESENTATION_ITEM ( '' )  );
#822 = CARTESIAN_POINT ( 'NONE',  ( 2.029350952641919100, 0.9652524972598769400, 0.0000000000000000000 ) ) ;
#823 = CARTESIAN_POINT ( 'NONE',  ( 2.464951905283835100, -0.6249999999999997800, 1.082531754730548600 ) ) ;
#824 = DIRECTION ( 'NONE',  ( 1.000000000000000000, 0.0000000000000000000, 0.0000000000000000000 ) ) ;
#825 = ORIENTED_EDGE ( 'NONE', *, *, #685, .T. ) ;
#826 = CARTESIAN_POINT ( 'NONE',  ( 5.228737976320959800, -1.278125000000000400, -0.7379258128079899700 ) ) ;
#827 = AXIS2_PLACEMENT_3D ( 'NONE', #1306, #3128, #2390 ) ;
#828 = ORIENTED_EDGE ( 'NONE', *, *, #2310, .F. ) ;
#829 = CARTESIAN_POINT ( 'NONE',  ( 6.011213928962876100, 9.036984846635145800E-017, 1.475851625615981000 ) ) ;
#830 = CARTESIAN_POINT ( 'NONE',  ( -1.025333382651330200E-015, 1.315951922094011200, 1.838311014891731700 ) ) ;
#831 = CARTESIAN_POINT ( 'NONE',  ( 2.929350952641918600, 0.9652524972598769400, 0.0000000000000000000 ) ) ;
#832 = ORIENTED_EDGE ( 'NONE', *, *, #2610, .T. ) ;
#833 = CARTESIAN_POINT ( 'NONE',  ( 0.7987139289628770700, -0.6390625000000006400, -1.106888719211985400 ) ) ;
#834 = CARTESIAN_POINT ( 'NONE',  ( 0.8293509526419188300, -0.4826262486299382500, 0.8359331836934227300 ) ) ;
#835 = CARTESIAN_POINT ( 'NONE',  ( 5.652752497259886200, 0.8642566705677325900, -0.4298520569284412500 ) ) ;
#836 = EDGE_LOOP ( 'NONE', ( #1658, #2535, #1083, #1483, #1584, #2231, #1359, #3458, #2718, #1440, #1937, #2837, #300, #3498, #1744, #2812, #11, #226, #1232, #2949, #1768, #707, #3229, #609, #3281, #1362, #3426, #689, #2052, #2632, #3003, #1267 ) ) ;
#837 = CARTESIAN_POINT ( 'NONE',  ( 0.2009618943233409700, -2.249999999999998200, -1.299038105676658200 ) ) ;
#838 = DIRECTION ( 'NONE',  ( 0.0000000000000000000, 0.0000000000000000000, 1.000000000000000000 ) ) ;
#839 = DIRECTION ( 'NONE',  ( 0.0000000000000000000, 0.0000000000000000000, 1.000000000000000000 ) ) ;
#840 = CARTESIAN_POINT ( 'NONE',  ( 3.916237976320961200, -0.6390625000000006400, -1.106888719211985400 ) ) ;
#841 = CARTESIAN_POINT ( 'NONE',  ( 4.248713928962876800, -0.6390624999999997600, 1.106888719211985800 ) ) ;
#842 = CARTESIAN_POINT ( 'NONE',  ( 0.4287379763209610000, 1.278124999999999500, -0.7379258128079913000 ) ) ;
#843 = CARTESIAN_POINT ( 'NONE',  ( 4.166850952641919300, -2.047445795422412600E-016, -1.114577578257897100 ) ) ;
#844 = CARTESIAN_POINT ( 'NONE',  ( 1.136213928962877000, -1.278125000000000000, 0.7379258128079908600 ) ) ;
#845 = EDGE_CURVE ( 'NONE', #1058, #2660, #3182, .T. ) ;
#846 = LINE ( 'NONE', #1494, #1067 ) ;
#847 = CARTESIAN_POINT ( 'NONE',  ( 1.654350952641918900, 0.4826262486299385800, 0.8359331836934226200 ) ) ;
#848 = CARTESIAN_POINT ( 'NONE',  ( 5.212500000000002100, -1.250000000000000200, -0.7216878364870317200 ) ) ;
#849 = CARTESIAN_POINT ( 'NONE',  ( 2.348100952641919600, -0.9652524972598771600, -0.5572887891289480800 ) ) ;
#850 = CARTESIAN_POINT ( 'NONE',  ( 0.01894225047717423800, 2.249999999999998700, -0.4381307464742631400 ) ) ;
#851 = DIRECTION ( 'NONE',  ( -1.000000000000000000, -0.0000000000000000000, -0.0000000000000000000 ) ) ;
#852 = LINE ( 'NONE', #1140, #114 ) ;
#853 = CARTESIAN_POINT ( 'NONE',  ( 4.816237976320961100, -0.6390625000000006400, -1.106888719211985400 ) ) ;
#854 = AXIS2_PLACEMENT_3D ( 'NONE', #3248, #243, #1598 ) ;
#855 = LINE ( 'NONE', #1124, #722 ) ;
#856 = CARTESIAN_POINT ( 'NONE',  ( 1.373100952641919100, -0.9652524972598767200, 0.5572887891289487500 ) ) ;
#857 = CARTESIAN_POINT ( 'NONE',  ( 4.098713928962876500, 1.278125000000000200, 0.0000000000000000000 ) ) ;
#858 = CARTESIAN_POINT ( 'NONE',  ( 2.216850952641919100, -0.9652524972598767200, 0.5572887891289487500 ) ) ;
#859 = CARTESIAN_POINT ( 'NONE',  ( 0.7543509526419188700, 0.4826262486299385800, 0.8359331836934226200 ) ) ;
#860 = CARTESIAN_POINT ( 'NONE',  ( 1.973100952641918800, -2.047445795422412600E-016, -1.114577578257896800 ) ) ;
#861 = CARTESIAN_POINT ( 'NONE',  ( 3.177451905283834600, 1.249999999999999100, -0.7216878364870330500 ) ) ;
#862 = CARTESIAN_POINT ( 'NONE',  ( 0.5856009526419191400, -0.4826262486299389100, -0.8359331836934224000 ) ) ;
#863 = ORIENTED_EDGE ( 'NONE', *, *, #290, .F. ) ;
#864 = CARTESIAN_POINT ( 'NONE',  ( 4.628737976320961100, 9.036984846635145800E-017, 1.475851625615981000 ) ) ;
#865 =( BOUNDED_CURVE ( )  B_SPLINE_CURVE ( 2, ( #3219, #2658, #2960, #1312, #3545, #2416, #223, #194, #1337 ),
 .UNSPECIFIED., .F., .T. ) 
 B_SPLINE_CURVE_WITH_KNOTS ( ( 3, 2, 2, 2, 3 ),
 ( 0.7166666666666666700, 0.7222222222222222100, 0.7333333333333332800, 0.7444444444444444600, 0.7500000000000000000 ),
 .UNSPECIFIED. ) 
 CURVE ( )  GEOMETRIC_REPRESENTATION_ITEM ( )  RATIONAL_B_SPLINE_CURVE ( ( 0.9330127018922194100, 0.9330127018922194100, 1.000000000000000000, 0.8660254037844388200, 1.000000000000000000, 0.8660254037844388200, 1.000000000000000000, 0.9330127018922194100, 0.9330127018922194100 ) ) 
 REPRESENTATION_ITEM ( '' )  );
#866 = CARTESIAN_POINT ( 'NONE',  ( -0.05189904735808083300, 6.824819318074709100E-017, 1.114577578257897100 ) ) ;
#867 = CARTESIAN_POINT ( 'NONE',  ( 1.279350952641918700, -0.4826262486299382500, 0.8359331836934227300 ) ) ;
#868 = EDGE_CURVE ( 'NONE', #1280, #3487, #708, .T. ) ;
#869 = ORIENTED_EDGE ( 'NONE', *, *, #2222, .F. ) ;
#870 = CARTESIAN_POINT ( 'NONE',  ( 2.854350952641918800, 0.4826262486299377500, -0.8359331836934230700 ) ) ;
#871 = ORIENTED_EDGE ( 'NONE', *, *, #3278, .T. ) ;
#872 = CARTESIAN_POINT ( 'NONE',  ( 3.229350952641918800, -0.4826262486299389100, -0.8359331836934224000 ) ) ;
#873 = B_SPLINE_CURVE_WITH_KNOTS ( 'NONE', 3,
 ( #2258, #2271, #593, #876 ),
 .UNSPECIFIED., .F., .F.,
 ( 4, 4 ),
 ( 2.380746839934693900E-007, 0.001314652396222794100 ),
 .UNSPECIFIED. ) ;
#874 = CARTESIAN_POINT ( 'NONE',  ( 3.937500000000002700, 6.245988575815533700E-015, -1.250000000000000200 ) ) ;
#875 = CARTESIAN_POINT ( 'NONE',  ( 2.198100952641918400, 6.824819318074709100E-017, 1.114577578257896800 ) ) ;
#876 = CARTESIAN_POINT ( 'NONE',  ( 0.0000000000000000000, -1.124999999999998200, -1.948557158514986600 ) ) ;
#877 = CARTESIAN_POINT ( 'NONE',  ( 2.475000000000002800, -1.250000000000000200, 1.530808498934192100E-016 ) ) ;
#878 = CARTESIAN_POINT ( 'NONE',  ( 1.312500000000002900, 1.249999999999999100, -0.7216878364870330500 ) ) ;
#879 = ORIENTED_EDGE ( 'NONE', *, *, #2680, .F. ) ;
#880 = AXIS2_PLACEMENT_3D ( 'NONE', #1773, #363, #2586 ) ;
#881 = CARTESIAN_POINT ( 'NONE',  ( 1.710600952641919200, 0.4826262486299385800, 0.8359331836934226200 ) ) ;
#882 = CARTESIAN_POINT ( 'NONE',  ( 1.016850952641918700, -2.047445795422412600E-016, -1.114577578257897100 ) ) ;
#883 = CLOSED_SHELL ( 'NONE', ( #1042, #2722, #2494, #1670, #564, #1062, #2425, #274, #2475, #3217, #1873, #1891, #3559, #2938, #1945, #2156, #1080, #1375, #766, #2408, #255, #1357, #1614, #3, #814, #1117, #487, #220, #3027, #1342, #2192, #1324, #294, #524, #1397, #200, #798, #2989, #20, #2224, #505, #1651, #3523, #2959, #1921, #1101, #546, #3304, #3506, #2761, #2743, #2668, #1691, #1416, #746, #2687, #238 ) ) ;
#884 = CARTESIAN_POINT ( 'NONE',  ( 3.829350952641918900, 0.9652524972598769400, 0.0000000000000000000 ) ) ;
#885 = CARTESIAN_POINT ( 'NONE',  ( 3.266850952641918900, -2.047445795422412600E-016, -1.114577578257896800 ) ) ;
#886 = CARTESIAN_POINT ( 'NONE',  ( 4.612500000000001600, 1.743066579297358300E-016, 1.250000000000000000 ) ) ;
#887 = CARTESIAN_POINT ( 'NONE',  ( 1.073100952641919100, -2.047445795422412600E-016, -1.114577578257896800 ) ) ;
#888 = CARTESIAN_POINT ( 'NONE',  ( 0.0000000000000000000, 1.124999999999999300, -1.948557158514985500 ) ) ;
#889 = CARTESIAN_POINT ( 'NONE',  ( 2.512500000000002400, -1.250000000000000200, -0.7216878364870317200 ) ) ;
#890 = CARTESIAN_POINT ( 'NONE',  ( 1.275000000000002800, 0.6249999999999992200, -1.082531754730548900 ) ) ;
#891 = VECTOR ( 'NONE', #2705, 1000.000000000000000 ) ;
#892 = EDGE_CURVE ( 'NONE', #3413, #2672, #3511, .T. ) ;
#893 = APPROVAL_DATE_TIME ( #2199, #647 ) ;
#894 = ADVANCED_BREP_SHAPE_REPRESENTATION ( '95947A001_Aluminum Female Threaded Hex Standoff', ( #1208, #3226 ), #1259 ) ;
#895 = CARTESIAN_POINT ( 'NONE',  ( 0.06060095264191916300, -0.9652524972598769400, 1.182093381138297500E-016 ) ) ;
#896 = CARTESIAN_POINT ( 'NONE',  ( 1.616850952641919000, 0.9652524972598769400, 0.5572887891289483000 ) ) ;
#897 = LINE ( 'NONE', #2480, #2160 ) ;
#898 = CARTESIAN_POINT ( 'NONE',  ( 4.316850952641918800, 0.9652524972598769400, 0.5572887891289483000 ) ) ;
#899 = EDGE_CURVE ( 'NONE', #3321, #3316, #1484, .T. ) ;
#900 = LINE ( 'NONE', #653, #1164 ) ;
#901 = CARTESIAN_POINT ( 'NONE',  ( 3.341850952641918700, 0.9652524972598767200, -0.5572887891289489700 ) ) ;
#902 = DIRECTION ( 'NONE',  ( -1.000000000000000000, -0.0000000000000000000, -0.0000000000000000000 ) ) ;
#903 = CARTESIAN_POINT ( 'NONE',  ( 1.110600952641919200, 0.4826262486299377500, -0.8359331836934230700 ) ) ;
#904 = CARTESIAN_POINT ( 'NONE',  ( 2.948100952641918800, 0.9652524972598767200, -0.5572887891289489700 ) ) ;
#905 = FACE_OUTER_BOUND ( 'NONE', #1748, .T. ) ;
#906 = CARTESIAN_POINT ( 'NONE',  ( 5.566237976320961100, -0.6390624999999997600, 1.106888719211985800 ) ) ;
#907 = AXIS2_PLACEMENT_3D ( 'NONE', #2917, #3201, #738 ) ;
#908 = CARTESIAN_POINT ( 'NONE',  ( -0.1268990473580808300, 0.9652524972598769400, 0.5572887891289483000 ) ) ;
#909 = CARTESIAN_POINT ( 'NONE',  ( 2.760600952641918800, -0.9652524972598769400, 1.182093381138297500E-016 ) ) ;
#910 = ORIENTED_EDGE ( 'NONE', *, *, #2616, .T. ) ;
#911 = CARTESIAN_POINT ( 'NONE',  ( 5.479350952641918400, -0.4826262486299389100, -0.8359331836934224000 ) ) ;
#912 = EDGE_LOOP ( 'NONE', ( #3046, #1935, #871 ) ) ;
#913 = CARTESIAN_POINT ( 'NONE',  ( 2.854350952641918800, 0.4826262486299377500, -0.8359331836934230700 ) ) ;
#914 = CARTESIAN_POINT ( 'NONE',  ( 3.467403810567668600, -0.3349364905389006800, -1.250000000000001800 ) ) ;
#915 = CARTESIAN_POINT ( 'NONE',  ( 0.3231009526419192400, 0.9652524972598769400, 0.5572887891289483000 ) ) ;
#916 = CARTESIAN_POINT ( 'NONE',  ( 4.898100952641918600, 6.824819318074709100E-017, 1.114577578257896800 ) ) ;
#917 = VERTEX_POINT ( 'NONE', #3434 ) ;
#918 = CARTESIAN_POINT ( 'NONE',  ( 3.960600952641918600, 0.4826262486299385800, 0.8359331836934226200 ) ) ;
#919 = CARTESIAN_POINT ( 'NONE',  ( 5.855758856169400100, 0.09491552122699052600, -1.168258856167371700 ) ) ;
#920 = EDGE_CURVE ( 'NONE', #2557, #1847, #91, .T. ) ;
#921 = CARTESIAN_POINT ( 'NONE',  ( 6.000000000000000000, 0.0000000000000000000, 0.0000000000000000000 ) ) ;
#922 = CARTESIAN_POINT ( 'NONE',  ( 5.254350952641918800, 0.4826262486299385800, 0.8359331836934226200 ) ) ;
#923 = ORIENTED_EDGE ( 'NONE', *, *, #1439, .T. ) ;
#924 = CARTESIAN_POINT ( 'NONE',  ( 2.966850952641919100, 0.9652524972598769400, 0.5572887891289483000 ) ) ;
#925 = CARTESIAN_POINT ( 'NONE',  ( 6.000000000000000000, -2.249999999999998200, -1.299038105676658200 ) ) ;
#926 = AXIS2_PLACEMENT_3D ( 'NONE', #1679, #1930, #2729 ) ;
#927 = ORIENTED_EDGE ( 'NONE', *, *, #491, .F. ) ;
#928 = CARTESIAN_POINT ( 'NONE',  ( 3.532355715851500700, -0.3349364905389006800, -1.250000000000001800 ) ) ;
#929 = CARTESIAN_POINT ( 'NONE',  ( 1.635600952641919300, 0.9652524972598769400, 0.0000000000000000000 ) ) ;
#930 = DIRECTION ( 'NONE',  ( 0.0000000000000000000, -3.338476886082577300E-016, 1.000000000000000000 ) ) ;
#931 = ORIENTED_EDGE ( 'NONE', *, *, #2132, .F. ) ;
#932 = CARTESIAN_POINT ( 'NONE',  ( 2.123100952641918700, 0.9652524972598769400, 0.5572887891289483000 ) ) ;
#933 = CARTESIAN_POINT ( 'NONE',  ( 5.010600952641919300, -0.9652524972598769400, 1.182093381138297500E-016 ) ) ;
#934 = CARTESIAN_POINT ( 'NONE',  ( 2.048100952641918500, 0.9652524972598765000, -0.5572887891289489700 ) ) ;
#935 = CARTESIAN_POINT ( 'NONE',  ( 5.930390085985870900, 1.239183581856900600, 0.2135007192634483800 ) ) ;
#936 = DIRECTION ( 'NONE',  ( 1.000000000000000000, 0.0000000000000000000, 0.0000000000000000000 ) ) ;
#937 =( BOUNDED_CURVE ( )  B_SPLINE_CURVE ( 2, ( #3466, #2650, #1021, #2892, #2927, #1582, #3455, #691, #2608 ),
 .UNSPECIFIED., .F., .T. ) 
 B_SPLINE_CURVE_WITH_KNOTS ( ( 3, 2, 2, 2, 3 ),
 ( 0.3166666666666667100, 0.3222222222222222400, 0.3333333333333333100, 0.3444444444444444400, 0.3500000000000000300 ),
 .UNSPECIFIED. ) 
 CURVE ( )  GEOMETRIC_REPRESENTATION_ITEM ( )  RATIONAL_B_SPLINE_CURVE ( ( 0.9330127018922194100, 0.9330127018922197400, 1.000000000000000000, 0.8660254037844388200, 1.000000000000000000, 0.8660254037844388200, 1.000000000000000000, 0.9330127018922190800, 0.9330127018922194100 ) ) 
 REPRESENTATION_ITEM ( '' )  );
#938 = CARTESIAN_POINT ( 'NONE',  ( 5.216850952641919100, 0.9652524972598769400, 0.5572887891289483000 ) ) ;
#939 = CARTESIAN_POINT ( 'NONE',  ( 0.0000000000000000000, 1.530808498934191800E-016, -1.250000000000000200 ) ) ;
#940 = CARTESIAN_POINT ( 'NONE',  ( 3.412500000000002300, -1.250000000000000200, -0.7216878364870317200 ) ) ;
#941 = CARTESIAN_POINT ( 'NONE',  ( 1.282355715851501100, -0.3349364905389031200, -1.250000000000000200 ) ) ;
#942 = CARTESIAN_POINT ( 'NONE',  ( 1.148100952641919200, 0.9652524972598765000, -0.5572887891289489700 ) ) ;
#943 = LINE ( 'NONE', #2887, #1991 ) ;
#944 = CARTESIAN_POINT ( 'NONE',  ( 0.0000000000000000000, 0.0000000000000000000, 0.0000000000000000000 ) ) ;
#945 = CARTESIAN_POINT ( 'NONE',  ( 4.110600952641918000, -0.9652524972598769400, 1.182093381138297500E-016 ) ) ;
#946 = EDGE_CURVE ( 'NONE', #1572, #1413, #2686, .T. ) ;
#947 = CARTESIAN_POINT ( 'NONE',  ( 5.460600952641918600, -0.9652524972598769400, 1.182093381138297500E-016 ) ) ;
#948 = CARTESIAN_POINT ( 'NONE',  ( 2.535600952641918800, 0.9652524972598769400, 0.0000000000000000000 ) ) ;
#949 = CARTESIAN_POINT ( 'NONE',  ( 0.3472475027401220000, 0.6360407303617273700, 0.7260609979797488800 ) ) ;
#950 = CONICAL_SURFACE ( 'NONE', #1069, 2.249999999999998700, 1.047197551196600100 ) ;
#951 = CARTESIAN_POINT ( 'NONE',  ( 5.352451905283834000, -4.938688641342514700E-016, -1.250000000000000200 ) ) ;
#952 = ORIENTED_EDGE ( 'NONE', *, *, #3284, .F. ) ;
#953 = CARTESIAN_POINT ( 'NONE',  ( 5.366850952641918600, -0.9652524972598767200, 0.5572887891289487500 ) ) ;
#954 = CARTESIAN_POINT ( 'NONE',  ( 0.6274519052838352100, 2.033577675846917800E-016, 1.250000000000000000 ) ) ;
#955 = CARTESIAN_POINT ( 'NONE',  ( 0.3344791281152211800, -1.338558928461751600E-012, 0.9780208718847779300 ) ) ;
#956 = CARTESIAN_POINT ( 'NONE',  ( 3.023100952641919000, 0.9652524972598769400, 0.5572887891289483000 ) ) ;
#957 = ORIENTED_EDGE ( 'NONE', *, *, #3359, .F. ) ;
#958 = CARTESIAN_POINT ( 'NONE',  ( 3.623100952641918700, -0.9652524972598767200, 0.5572887891289487500 ) ) ;
#959 = CARTESIAN_POINT ( 'NONE',  ( 2.835600952641918600, -0.4826262486299389100, -0.8359331836934224000 ) ) ;
#960 = B_SPLINE_CURVE_WITH_KNOTS ( 'NONE', 3,
 ( #1410, #3325, #1970, #1126, #1138, #2205 ),
 .UNSPECIFIED., .F., .F.,
 ( 4, 2, 4 ),
 ( 0.001314652396222795200, 0.001969405109320633700, 0.002624157822418472500 ),
 .UNSPECIFIED. ) ;
#961 = CARTESIAN_POINT ( 'NONE',  ( 1.237500000000002700, 1.191095495853194700E-015, -1.250000000000000000 ) ) ;
#962 = CARTESIAN_POINT ( 'NONE',  ( 5.372548094716170100, 0.3349364905389029000, -1.250000000000000400 ) ) ;
#963 = CARTESIAN_POINT ( 'NONE',  ( 5.591850952641917300, 0.9652524972598767200, -0.5572887891289489700 ) ) ;
#964 = CARTESIAN_POINT ( 'NONE',  ( 2.325000000000002800, 0.6250000000000002200, 1.082531754730548400 ) ) ;
#965 = CARTESIAN_POINT ( 'NONE',  ( 0.1682368460968203800, 0.9596493583215597300, 0.6410557504914727900 ) ) ;
#966 = EDGE_LOOP ( 'NONE', ( #1133, #1180, #1982, #3446, #1406, #1054, #910 ) ) ;
#967 = CARTESIAN_POINT ( 'NONE',  ( 2.760600952641918800, -0.9652524972598769400, 1.182093381138297500E-016 ) ) ;
#968 = CARTESIAN_POINT ( 'NONE',  ( 4.110600952641918000, -0.9652524972598769400, 1.182093381138297500E-016 ) ) ;
#969 = CARTESIAN_POINT ( 'NONE',  ( 5.610600952641918900, 0.4826262486299377500, -0.8359331836934230700 ) ) ;
#970 = ORIENTED_EDGE ( 'NONE', *, *, #1571, .T. ) ;
#971 = CARTESIAN_POINT ( 'NONE',  ( 2.652451905283836000, 2.817957636530729900E-015, -1.250000000000000200 ) ) ;
#972 = CARTESIAN_POINT ( 'NONE',  ( 5.502451905283832500, 1.250000000000000200, 0.7216878364870320500 ) ) ;
#973 = ORIENTED_EDGE ( 'NONE', *, *, #2021, .F. ) ;
#974 = CARTESIAN_POINT ( 'NONE',  ( 4.466850952641919100, -0.9652524972598767200, 0.5572887891289487500 ) ) ;
#975 = AXIS2_PLACEMENT_3D ( 'NONE', #1086, #1336, #1370 ) ;
#976 = CARTESIAN_POINT ( 'NONE',  ( 0.1451276989142147600, 1.054973230750260600, 0.5218420564384398400 ) ) ;
#977 = DIRECTION ( 'NONE',  ( -1.000000000000000000, -0.0000000000000000000, -0.0000000000000000000 ) ) ;
#978 = CARTESIAN_POINT ( 'NONE',  ( 3.585600952641919000, -0.4826262486299382500, 0.8359331836934227300 ) ) ;
#979 = CARTESIAN_POINT ( 'NONE',  ( 5.460600952641918600, -0.9652524972598769400, 1.182093381138297500E-016 ) ) ;
#980 = CARTESIAN_POINT ( 'NONE',  ( 3.060600952641918700, 0.4826262486299385800, 0.8359331836934226200 ) ) ;
#981 = CYLINDRICAL_SURFACE ( 'NONE', #2508, 1.250000000000000200 ) ;
#982 =( BOUNDED_SURFACE ( )  B_SPLINE_SURFACE ( 1, 2, ( 
 ( #761, #2955, #1332, #1633, #1319, #528, #3539, #3237, #2454, #1609, #2478, #289, #1378, #566, #2996, #3307, #2221, #1405, #1096, #554, #1940, #1674, #3282, #2490, #3576, #3294, #1687, #2739, #1955, #277, #3009, #1392, #833, #12, #1966, #1661, #264, #2234, #2750, #1121, #3563, #844, #806, #2764, #3023, #2211, #2725, #540, #2465, #819, #1107, #770, #2260, #2537, #2009, #2396, #2662, #462, #236, #498, #1878, #1315, #1055, #3549, #1920, #1591, #2985, #3244, #1363, #1629, #2976, #771, #2172, #745, #2430, #1029, #756, #1041, #1066, #1329, #3510, #1619, #3534, #510, #3266, #3522, #1606, #486, #249, #2685, #2673, #1901, #3255, #2184, #2950, #227, #2441, #781, #2937, #3224, #2965, #199, #1341, #2698, #1644, #3499, #792, #2151, #2418, #473, #1353, #2407, #1911, #2709, #212, #1078, #3234, #1890, #2161, #1713, #857, #1989, #2219, #1091, #841, #2747, #2772, #2993, #3277, #2461, #1963, #802, #19, #3572, #2208, #2760, #2195, #562, #1144, #1373, #1427, #1656, #1697, #7, #3319, #2719, #283, #535, #1116, #3558, #3330, #3018, #2473, #299, #1669, #1402, #3303, #272, #551, #1684, #1974, #2240, #1936, #812, #575, #2230, #2487, #260, #3045, #523, #2499, #829, #2735 ),
 ( #1130, #3033, #2450, #1414, #1104, #30, #3005, #1388, #3290, #1950, #3071, #1176, #2534, #322, #3368, #3084, #1742, #1166, #1998, #1452, #51, #2511, #2023, #3059, #348, #2285, #1464, #1733, #1722, #309, #2011, #2263, #65, #882, #598, #2795, #2252, #40, #585, #3355, #867, #2275, #1438, #2785, #2523, #336, #1154, #610, #3345, #896, #2809, #747, #2939, #214, #758, #2409, #1866, #451, #1316, #1276, #1556, #2163, #721, #2674, #2139, #3465, #2364, #1303, #2115, #1019, #3488, #464, #709, #2628, #1330, #1892, #2663, #1853, #735, #2387, #2649, #1043, #2925, #1841, #2397, #161, #201, #2904, #3225, #3209, #474, #1030, #998, #3185, #1581, #3478, #1593, #2951, #186, #438, #2376, #2639, #3235, #3500, #1879, #2152, #1009, #1607, #3512, #2916, #1288, #3198, #1567, #173, #2128, #3006, #2209, #1106, #2688, #772, #1922, #1068, #3267, #803, #1376, #2173, #1671, #794, #1081, #2419, #3551, #1056, #1093, #2986, #3279, #3524, #2736, #1364, #537, #1657, #1630, #1390, #2462, #3292, #1646, #1354, #250, #525, #1343, #3573, #228, #1952, #275, #816, #2198, #2699, #488, #2451, #3256, #1938, #2185, #3536, #512, #2966, #782, #3245, #1912, #1620, #2723, #1904, #499, #2431, #239 ) ),
 .UNSPECIFIED., .F., .F., .T. ) 
 B_SPLINE_SURFACE_WITH_KNOTS ( ( 2, 2 ),
 ( 3, 2, 2, 2, 2, 2, 2, 2, 2, 2, 2, 2, 2, 2, 2, 2, 2, 2, 2, 2, 2, 2, 2, 2, 2, 2, 2, 2, 2, 2, 2, 2, 2, 2, 2, 2, 2, 2, 2, 2, 2, 2, 2, 2, 2, 2, 2, 2, 2, 2, 2, 2, 2, 2, 2, 2, 2, 2, 2, 2, 2, 2, 2, 2, 2, 2, 2, 2, 2, 2, 2, 2, 2, 2, 2, 2, 2, 2, 2, 2, 2, 2, 2, 2, 2, 2, 3 ),
 ( 0.0000000000000000000, 1.000000000000000000 ),
 ( 0.0000000000000000000, 0.01111111111111111200, 0.02222222222222222300, 0.03333333333333333300, 0.04444444444444444600, 0.05555555555555555200, 0.06666666666666666600, 0.07777777777777777900, 0.08888888888888889200, 0.1000000000000000100, 0.1111111111111111000, 0.1222222222222222200, 0.1333333333333333300, 0.1444444444444444300, 0.1555555555555555600, 0.1666666666666666600, 0.1777777777777777800, 0.1888888888888888800, 0.2000000000000000100, 0.2111111111111111100, 0.2222222222222222100, 0.2333333333333333400, 0.2444444444444444400, 0.2555555555555555400, 0.2666666666666666600, 0.2777777777777777900, 0.2888888888888888600, 0.2999999999999999900, 0.3111111111111111200, 0.3222222222222222400, 0.3333333333333333100, 0.3444444444444444400, 0.3555555555555555700, 0.3666666666666666400, 0.3777777777777777700, 0.3888888888888889000, 0.4000000000000000200, 0.4111111111111110900, 0.4222222222222222200, 0.4333333333333333500, 0.4444444444444444200, 0.4555555555555555500, 0.4666666666666666700, 0.4777777777777778000, 0.4888888888888888700, 0.5000000000000000000, 0.5111111111111110700, 0.5222222222222222500, 0.5333333333333333300, 0.5444444444444444000, 0.5555555555555555800, 0.5666666666666666500, 0.5777777777777777200, 0.5888888888888889100, 0.5999999999999999800, 0.6111111111111111600, 0.6222222222222222300, 0.6333333333333333000, 0.6444444444444444900, 0.6555555555555555600, 0.6666666666666666300, 0.6777777777777778100, 0.6888888888888888800, 0.6999999999999999600, 0.7111111111111111400, 0.7222222222222222100, 0.7333333333333332800, 0.7444444444444444600, 0.7555555555555555400, 0.7666666666666667200, 0.7777777777777777900, 0.7888888888888888600, 0.8000000000000000400, 0.8111111111111111200, 0.8222222222222221900, 0.8333333333333333700, 0.8444444444444444400, 0.8555555555555555100, 0.8666666666666667000, 0.8777777777777777700, 0.8888888888888888400, 0.9000000000000000200, 0.9111111111111110900, 0.9222222222222222800, 0.9333333333333333500, 0.9444444444444444200, 0.9555555555555556000 ),
 .UNSPECIFIED. ) 
 GEOMETRIC_REPRESENTATION_ITEM ( )  RATIONAL_B_SPLINE_SURFACE ( (
 ( 1.000000000000000000, 0.8660254037844387100, 1.000000000000000000, 0.8660254037844387100, 1.000000000000000000, 0.8660254037844387100, 1.000000000000000000, 0.8660254037844387100, 1.000000000000000000, 0.8660254037844387100, 1.000000000000000000, 0.8660254037844387100, 1.000000000000000000, 0.8660254037844387100, 1.000000000000000000, 0.8660254037844387100, 1.000000000000000000, 0.8660254037844387100, 1.000000000000000000, 0.8660254037844387100, 1.000000000000000000, 0.8660254037844387100, 1.000000000000000000, 0.8660254037844387100, 1.000000000000000000, 0.8660254037844387100, 1.000000000000000000, 0.8660254037844387100, 1.000000000000000000, 0.8660254037844387100, 1.000000000000000000, 0.8660254037844387100, 1.000000000000000000, 0.8660254037844387100, 1.000000000000000000, 0.8660254037844387100, 1.000000000000000000, 0.8660254037844387100, 1.000000000000000000, 0.8660254037844387100, 1.000000000000000000, 0.8660254037844387100, 1.000000000000000000, 0.8660254037844387100, 1.000000000000000000, 0.8660254037844387100, 1.000000000000000000, 0.8660254037844387100, 1.000000000000000000, 0.8660254037844387100, 1.000000000000000000, 0.8660254037844387100, 1.000000000000000000, 0.8660254037844387100, 1.000000000000000000, 0.8660254037844387100, 1.000000000000000000, 0.8660254037844387100, 1.000000000000000000, 0.8660254037844387100, 1.000000000000000000, 0.8660254037844387100, 1.000000000000000000, 0.8660254037844387100, 1.000000000000000000, 0.8660254037844387100, 1.000000000000000000, 0.8660254037844387100, 1.000000000000000000, 0.8660254037844387100, 1.000000000000000000, 0.8660254037844387100, 1.000000000000000000, 0.8660254037844387100, 1.000000000000000000, 0.8660254037844387100, 1.000000000000000000, 0.8660254037844387100, 1.000000000000000000, 0.8660254037844387100, 1.000000000000000000, 0.8660254037844387100, 1.000000000000000000, 0.8660254037844387100, 1.000000000000000000, 0.8660254037844387100, 1.000000000000000000, 0.8660254037844387100, 1.000000000000000000, 0.8660254037844387100, 1.000000000000000000, 0.8660254037844387100, 1.000000000000000000, 0.8660254037844387100, 1.000000000000000000, 0.8660254037844387100, 1.000000000000000000, 0.8660254037844387100, 1.000000000000000000, 0.8660254037844387100, 1.000000000000000000, 0.8660254037844387100, 1.000000000000000000, 0.8660254037844387100, 1.000000000000000000, 0.8660254037844387100, 1.000000000000000000, 0.8660254037844387100, 1.000000000000000000, 0.8660254037844387100, 1.000000000000000000, 0.8660254037844387100, 1.000000000000000000, 0.8660254037844387100, 1.000000000000000000, 0.8660254037844387100, 1.000000000000000000, 0.8660254037844387100, 1.000000000000000000, 0.8660254037844387100, 1.000000000000000000, 0.8660254037844387100, 1.000000000000000000, 0.8660254037844387100, 1.000000000000000000, 0.8660254037844387100, 1.000000000000000000, 0.8660254037844387100, 1.000000000000000000, 0.8660254037844387100, 1.000000000000000000, 0.8660254037844387100, 1.000000000000000000, 0.8660254037844387100, 1.000000000000000000, 0.8660254037844387100, 1.000000000000000000, 0.8660254037844387100, 1.000000000000000000, 0.8660254037844387100, 1.000000000000000000, 0.8660254037844387100, 1.000000000000000000, 0.8660254037844387100, 1.000000000000000000, 0.8660254037844387100, 1.000000000000000000, 0.8660254037844387100, 1.000000000000000000, 0.8660254037844387100, 1.000000000000000000, 0.8660254037844387100, 1.000000000000000000, 0.8660254037844387100, 1.000000000000000000, 0.8660254037844387100, 1.000000000000000000, 0.8660254037844387100, 1.000000000000000000, 0.8660254037844387100, 1.000000000000000000, 0.8660254037844387100, 1.000000000000000000, 0.8660254037844387100, 1.000000000000000000, 0.8660254037844387100, 1.000000000000000000, 0.8660254037844387100, 1.000000000000000000, 0.8660254037844387100, 1.000000000000000000, 0.8660254037844387100, 1.000000000000000000),
 ( 1.000000000000000000, 0.8660254037844387100, 1.000000000000000000, 0.8660254037844387100, 1.000000000000000000, 0.8660254037844387100, 1.000000000000000000, 0.8660254037844387100, 1.000000000000000000, 0.8660254037844387100, 1.000000000000000000, 0.8660254037844387100, 1.000000000000000000, 0.8660254037844387100, 1.000000000000000000, 0.8660254037844387100, 1.000000000000000000, 0.8660254037844387100, 1.000000000000000000, 0.8660254037844387100, 1.000000000000000000, 0.8660254037844387100, 1.000000000000000000, 0.8660254037844387100, 1.000000000000000000, 0.8660254037844387100, 1.000000000000000000, 0.8660254037844387100, 1.000000000000000000, 0.8660254037844387100, 1.000000000000000000, 0.8660254037844387100, 1.000000000000000000, 0.8660254037844387100, 1.000000000000000000, 0.8660254037844387100, 1.000000000000000000, 0.8660254037844387100, 1.000000000000000000, 0.8660254037844387100, 1.000000000000000000, 0.8660254037844387100, 1.000000000000000000, 0.8660254037844387100, 1.000000000000000000, 0.8660254037844387100, 1.000000000000000000, 0.8660254037844387100, 1.000000000000000000, 0.8660254037844387100, 1.000000000000000000, 0.8660254037844387100, 1.000000000000000000, 0.8660254037844387100, 1.000000000000000000, 0.8660254037844387100, 1.000000000000000000, 0.8660254037844387100, 1.000000000000000000, 0.8660254037844387100, 1.000000000000000000, 0.8660254037844387100, 1.000000000000000000, 0.8660254037844387100, 1.000000000000000000, 0.8660254037844387100, 1.000000000000000000, 0.8660254037844387100, 1.000000000000000000, 0.8660254037844387100, 1.000000000000000000, 0.8660254037844387100, 1.000000000000000000, 0.8660254037844387100, 1.000000000000000000, 0.8660254037844387100, 1.000000000000000000, 0.8660254037844387100, 1.000000000000000000, 0.8660254037844387100, 1.000000000000000000, 0.8660254037844387100, 1.000000000000000000, 0.8660254037844387100, 1.000000000000000000, 0.8660254037844387100, 1.000000000000000000, 0.8660254037844387100, 1.000000000000000000, 0.8660254037844387100, 1.000000000000000000, 0.8660254037844387100, 1.000000000000000000, 0.8660254037844387100, 1.000000000000000000, 0.8660254037844387100, 1.000000000000000000, 0.8660254037844387100, 1.000000000000000000, 0.8660254037844387100, 1.000000000000000000, 0.8660254037844387100, 1.000000000000000000, 0.8660254037844387100, 1.000000000000000000, 0.8660254037844387100, 1.000000000000000000, 0.8660254037844387100, 1.000000000000000000, 0.8660254037844387100, 1.000000000000000000, 0.8660254037844387100, 1.000000000000000000, 0.8660254037844387100, 1.000000000000000000, 0.8660254037844387100, 1.000000000000000000, 0.8660254037844387100, 1.000000000000000000, 0.8660254037844387100, 1.000000000000000000, 0.8660254037844387100, 1.000000000000000000, 0.8660254037844387100, 1.000000000000000000, 0.8660254037844387100, 1.000000000000000000, 0.8660254037844387100, 1.000000000000000000, 0.8660254037844387100, 1.000000000000000000, 0.8660254037844387100, 1.000000000000000000, 0.8660254037844387100, 1.000000000000000000, 0.8660254037844387100, 1.000000000000000000, 0.8660254037844387100, 1.000000000000000000, 0.8660254037844387100, 1.000000000000000000, 0.8660254037844387100, 1.000000000000000000, 0.8660254037844387100, 1.000000000000000000, 0.8660254037844387100, 1.000000000000000000, 0.8660254037844387100, 1.000000000000000000, 0.8660254037844387100, 1.000000000000000000, 0.8660254037844387100, 1.000000000000000000, 0.8660254037844387100, 1.000000000000000000, 0.8660254037844387100, 1.000000000000000000, 0.8660254037844387100, 1.000000000000000000, 0.8660254037844387100, 1.000000000000000000, 0.8660254037844387100, 1.000000000000000000, 0.8660254037844387100, 1.000000000000000000, 0.8660254037844387100, 1.000000000000000000, 0.8660254037844387100, 1.000000000000000000, 0.8660254037844387100, 1.000000000000000000, 0.8660254037844387100, 1.000000000000000000) ) ) 
 REPRESENTATION_ITEM ( '' )  SURFACE ( )  );
#983 = CARTESIAN_POINT ( 'NONE',  ( 0.0000000000000000000, 0.0000000000000000000, 0.0000000000000000000 ) ) ;
#984 = ORIENTED_EDGE ( 'NONE', *, *, #1649, .F. ) ;
#985 = CARTESIAN_POINT ( 'NONE',  ( 4.504350952641918800, -0.9652524972598769400, 1.182093381138297500E-016 ) ) ;
#986 = CARTESIAN_POINT ( 'NONE',  ( 6.000000000000000000, 0.0000000000000000000, 0.0000000000000000000 ) ) ;
#987 = DIRECTION ( 'NONE',  ( 0.0000000000000000000, 0.0000000000000000000, 1.000000000000000000 ) ) ;
#988 = LOCAL_TIME ( 12, 10, 4.000000000000000000, #589 ) ;
#989 = CARTESIAN_POINT ( 'NONE',  ( 4.973100952641918800, -0.9652524972598767200, 0.5572887891289487500 ) ) ;
#990 = EDGE_CURVE ( 'NONE', #3264, #2554, #1334, .T. ) ;
#991 = CARTESIAN_POINT ( 'NONE',  ( 1.462500000000002400, -1.510657702057710300E-015, 1.249999999999999800 ) ) ;
#992 = CARTESIAN_POINT ( 'NONE',  ( 0.2787379763209610300, -1.278125000000000400, -0.7379258128079899700 ) ) ;
#993 = CONICAL_SURFACE ( 'NONE', #2758, 2.249999999999998700, 1.047197551196600100 ) ;
#994 = CARTESIAN_POINT ( 'NONE',  ( 5.937499999999996400, 0.0000000000000000000, 0.0000000000000000000 ) ) ;
#995 = DIRECTION ( 'NONE',  ( -1.000000000000000000, -0.0000000000000000000, -0.0000000000000000000 ) ) ;
#996 = AXIS2_PLACEMENT_3D ( 'NONE', #3186, #723, #3199 ) ;
#997 = ORIENTED_EDGE ( 'NONE', *, *, #1320, .F. ) ;
#998 = CARTESIAN_POINT ( 'NONE',  ( 3.229350952641918800, -0.4826262486299389100, -0.8359331836934224000 ) ) ;
#999 = EDGE_LOOP ( 'NONE', ( #132, #2149, #399, #3184 ) ) ;
#1000 = CARTESIAN_POINT ( 'NONE',  ( 5.062500000000001800, 1.743066579297358300E-016, 1.250000000000000000 ) ) ;
#1001 = CARTESIAN_POINT ( 'NONE',  ( 4.227451905283834000, 2.033577675846917800E-016, 1.250000000000000000 ) ) ;
#1002 = ORIENTED_EDGE ( 'NONE', *, *, #1859, .T. ) ;
#1003 = CARTESIAN_POINT ( 'NONE',  ( 5.667099808175227500, 0.9119241608733045200, -0.3662297749479001600 ) ) ;
#1004 = CARTESIAN_POINT ( 'NONE',  ( 5.648100952641918600, 0.9652524972598765000, -0.5572887891289489700 ) ) ;
#1005 = CARTESIAN_POINT ( 'NONE',  ( 5.799038105676659800, -2.249999999999998200, -1.299038105676658200 ) ) ;
#1006 = CARTESIAN_POINT ( 'NONE',  ( 0.2368430139592934100, 2.793845215517115800E-013, -1.075656986040706400 ) ) ;
#1007 =( BOUNDED_CURVE ( )  B_SPLINE_CURVE ( 2, ( #443, #1569, #178, #1791, #2652, #669, #725 ),
 .UNSPECIFIED., .F., .T. ) 
 B_SPLINE_CURVE_WITH_KNOTS ( ( 3, 2, 2, 3 ),
 ( 0.06625362511688140400, 0.06666666666666666600, 0.07777777777777777900, 0.08333333333333334300 ),
 .UNSPECIFIED. ) 
 CURVE ( )  GEOMETRIC_REPRESENTATION_ITEM ( )  RATIONAL_B_SPLINE_CURVE ( ( 0.9904096020072641300, 0.9950196632632543100, 1.000000000000000000, 0.8660254037844388200, 1.000000000000000000, 0.9330127018922193000, 0.9330127018922194100 ) ) 
 REPRESENTATION_ITEM ( '' )  );
#1008 = VERTEX_POINT ( 'NONE', #949 ) ;
#1009 = CARTESIAN_POINT ( 'NONE',  ( 3.754350952641918300, 0.4826262486299377500, -0.8359331836934230700 ) ) ;
#1010 = ORIENTED_EDGE ( 'NONE', *, *, #2474, .F. ) ;
#1011 = CARTESIAN_POINT ( 'NONE',  ( 0.2009618943233410500, -2.249999999999999100, 1.299038105676656900 ) ) ;
#1012 = EDGE_CURVE ( 'NONE', #1515, #2070, #493, .T. ) ;
#1013 = VECTOR ( 'NONE', #977, 1000.000000000000000 ) ;
#1014 = CARTESIAN_POINT ( 'NONE',  ( 4.898100952641918600, 6.824819318074709100E-017, 1.114577578257897100 ) ) ;
#1015 = CARTESIAN_POINT ( 'NONE',  ( 5.700000000000002000, -0.6250000000000006700, -1.082531754730548200 ) ) ;
#1016 = CARTESIAN_POINT ( 'NONE',  ( 0.0000000000000000000, -1.124999999999998200, -1.948557158514986600 ) ) ;
#1017 = CARTESIAN_POINT ( 'NONE',  ( 5.235600952641918000, 0.9652524972598769400, 0.0000000000000000000 ) ) ;
#1018 = VERTEX_POINT ( 'NONE', #2314 ) ;
#1019 = CARTESIAN_POINT ( 'NONE',  ( 2.366850952641919500, -2.047445795422412600E-016, -1.114577578257897100 ) ) ;
#1020 = CC_DESIGN_APPROVAL ( #647, ( #86 ) ) ;
#1021 = CARTESIAN_POINT ( 'NONE',  ( 1.789951905283835500, 0.6249999999999992200, -1.082531754730548900 ) ) ;
#1022 = CARTESIAN_POINT ( 'NONE',  ( 0.01894225047717431500, -2.249999999999998200, -0.4381307464742631400 ) ) ;
#1023 = CARTESIAN_POINT ( 'NONE',  ( 5.685600952641918200, 0.9652524972598769400, 0.0000000000000000000 ) ) ;
#1024 = CIRCLE ( 'NONE', #2889, 2.249999999999998200 ) ;
#1025 = CARTESIAN_POINT ( 'NONE',  ( 0.0000000000000000000, 0.0000000000000000000, 0.0000000000000000000 ) ) ;
#1026 = DIRECTION ( 'NONE',  ( -1.000000000000000000, -0.0000000000000000000, -0.0000000000000000000 ) ) ;
#1027 = DIRECTION ( 'NONE',  ( 0.0000000000000000000, 0.0000000000000000000, 1.000000000000000000 ) ) ;
#1028 = APPROVAL_STATUS ( 'not_yet_approved' ) ;
#1029 = CARTESIAN_POINT ( 'NONE',  ( 2.411213928962876900, 9.036984846635145800E-017, 1.475851625615981000 ) ) ;
#1030 = CARTESIAN_POINT ( 'NONE',  ( 3.191850952641918800, -0.9652524972598771600, -0.5572887891289481900 ) ) ;
#1031 = FACE_OUTER_BOUND ( 'NONE', #344, .T. ) ;
#1032 = DIRECTION ( 'NONE',  ( 0.0000000000000000000, 0.0000000000000000000, 1.000000000000000000 ) ) ;
#1033 = CARTESIAN_POINT ( 'NONE',  ( 0.09419872981077960500, 6.972266317189432000E-016, 1.218301270189220000 ) ) ;
#1034 = EDGE_CURVE ( 'NONE', #397, #2557, #3343, .T. ) ;
#1035 = CARTESIAN_POINT ( 'NONE',  ( 6.000000000000000000, 0.0000000000000000000, 0.0000000000000000000 ) ) ;
#1036 = CARTESIAN_POINT ( 'NONE',  ( 0.0000000000000000000, 2.249999999999998700, 0.0000000000000000000 ) ) ;
#1037 = CARTESIAN_POINT ( 'NONE',  ( 0.0000000000000000000, 0.0000000000000000000, 0.0000000000000000000 ) ) ;
#1038 = CARTESIAN_POINT ( 'NONE',  ( 2.153737976320961000, -2.711095453990543300E-016, -1.475851625615981000 ) ) ;
#1039 = VERTEX_POINT ( 'NONE', #2325 ) ;
#1040 = CARTESIAN_POINT ( 'NONE',  ( 4.162500000000002300, 1.743066579297358300E-016, 1.250000000000000000 ) ) ;
#1041 = CARTESIAN_POINT ( 'NONE',  ( 2.486213928962877500, -1.278125000000000000, 0.7379258128079908600 ) ) ;
#1042 = ADVANCED_FACE ( 'NONE', ( #757 ), #1949, .T. ) ;
#1043 = CARTESIAN_POINT ( 'NONE',  ( 2.816850952641919200, -2.047445795422412600E-016, -1.114577578257897100 ) ) ;
#1044 = DIRECTION ( 'NONE',  ( 1.000000000000000000, 0.0000000000000000000, 0.0000000000000000000 ) ) ;
#1045 = CARTESIAN_POINT ( 'NONE',  ( 0.4500000000000028400, 1.250000000000000200, 0.0000000000000000000 ) ) ;
#1046 =( BOUNDED_CURVE ( )  B_SPLINE_CURVE ( 2, ( #2482, #2215, #823, #2988, #1690, #1074, #1356, #1650, #1369 ),
 .UNSPECIFIED., .F., .T. ) 
 B_SPLINE_CURVE_WITH_KNOTS ( ( 3, 2, 2, 2, 3 ),
 ( 0.4166666666666666900, 0.4222222222222222200, 0.4333333333333333500, 0.4444444444444444200, 0.4500000000000000100 ),
 .UNSPECIFIED. ) 
 CURVE ( )  GEOMETRIC_REPRESENTATION_ITEM ( )  RATIONAL_B_SPLINE_CURVE ( ( 0.9330127018922194100, 0.9330127018922197400, 1.000000000000000000, 0.8660254037844388200, 1.000000000000000000, 0.8660254037844388200, 1.000000000000000000, 0.9330127018922190800, 0.9330127018922194100 ) ) 
 REPRESENTATION_ITEM ( '' )  );
#1047 = DIRECTION ( 'NONE',  ( 0.0000000000000000000, 0.0000000000000000000, 1.000000000000000000 ) ) ;
#1048 = CARTESIAN_POINT ( 'NONE',  ( 5.662500000000000500, -1.250000000000000200, -0.7216878364870317200 ) ) ;
#1049 = CARTESIAN_POINT ( 'NONE',  ( 0.3649519052838352000, -0.6250000000000006700, -1.082531754730548200 ) ) ;
#1050 = CARTESIAN_POINT ( 'NONE',  ( 1.039951905283835300, 0.6250000000000003300, 1.082531754730548400 ) ) ;
#1051 = ORIENTED_EDGE ( 'NONE', *, *, #3535, .F. ) ;
#1052 = CARTESIAN_POINT ( 'NONE',  ( 2.003737976320961100, -1.278125000000000000, 0.7379258128079908600 ) ) ;
#1053 = SECURITY_CLASSIFICATION_LEVEL ( 'unclassified' ) ;
#1054 = ORIENTED_EDGE ( 'NONE', *, *, #1231, .F. ) ;
#1055 = CARTESIAN_POINT ( 'NONE',  ( 1.923713928962877100, 0.6390625000000002000, 1.106888719211985600 ) ) ;
#1056 = CARTESIAN_POINT ( 'NONE',  ( 4.691850952641917900, 0.9652524972598765000, -0.5572887891289489700 ) ) ;
#1057 = CARTESIAN_POINT ( 'NONE',  ( 1.054350952641918800, 0.4826262486299377500, -0.8359331836934230700 ) ) ;
#1058 = VERTEX_POINT ( 'NONE', #1005 ) ;
#1059 = EDGE_CURVE ( 'NONE', #1317, #1534, #1857, .T. ) ;
#1060 = CARTESIAN_POINT ( 'NONE',  ( 3.917403810567668700, -0.3349364905389006800, -1.250000000000001800 ) ) ;
#1061 = CARTESIAN_POINT ( 'NONE',  ( 6.000000000000000000, 0.0000000000000000000, 0.0000000000000000000 ) ) ;
#1062 = ADVANCED_FACE ( 'NONE', ( #3435 ), #1592, .F. ) ;
#1063 = CARTESIAN_POINT ( 'NONE',  ( 5.910744989968447000, -1.881317441191444200, 1.511897080250295800 ) ) ;
#1064 = CARTESIAN_POINT ( 'NONE',  ( 2.014951905283835400, -0.6249999999999997800, 1.082531754730548600 ) ) ;
#1065 = CARTESIAN_POINT ( 'NONE',  ( 0.8037379763209608900, -2.711095453990543300E-016, -1.475851625615981000 ) ) ;
#1066 = CARTESIAN_POINT ( 'NONE',  ( 2.523713928962876700, -1.278125000000000200, 1.565251690160211100E-016 ) ) ;
#1067 = VECTOR ( 'NONE', #1256, 1000.000000000000000 ) ;
#1068 = CARTESIAN_POINT ( 'NONE',  ( 4.316850952641918800, 0.9652524972598769400, 0.5572887891289483000 ) ) ;
#1069 = AXIS2_PLACEMENT_3D ( 'NONE', #267, #1381, #579 ) ;
#1070 = CARTESIAN_POINT ( 'NONE',  ( -0.1831490473580810500, 0.9652524972598769400, 0.5572887891289483000 ) ) ;
#1071 = CARTESIAN_POINT ( 'NONE',  ( 5.757596189432337800, 0.3349364905389029000, -1.250000000000000400 ) ) ;
#1072 = CIRCLE ( 'NONE', #3221, 1.250000000000000200 ) ;
#1073 = CARTESIAN_POINT ( 'NONE',  ( 6.000000000000000000, 0.0000000000000000000, 0.0000000000000000000 ) ) ;
#1074 = CARTESIAN_POINT ( 'NONE',  ( 2.577451905283833600, -1.250000000000000200, -0.7216878364870317200 ) ) ;
#1075 = CARTESIAN_POINT ( 'NONE',  ( 4.878909776184770000E-016, 0.0000000000000000000, 1.312500000000000000 ) ) ;
#1076 = APPROVAL_PERSON_ORGANIZATION ( #2648, #1331, #2936 ) ;
#1077 = CARTESIAN_POINT ( 'NONE',  ( 2.416237976320960700, -0.6390624999999997600, 1.106888719211985800 ) ) ;
#1078 = CARTESIAN_POINT ( 'NONE',  ( 3.911213928962876900, -1.278125000000000400, -0.7379258128079899700 ) ) ;
#1079 = EDGE_CURVE ( 'NONE', #509, #576, #2225, .T. ) ;
#1080 = ADVANCED_FACE ( 'NONE', ( #3295 ), #410, .F. ) ;
#1081 = CARTESIAN_POINT ( 'NONE',  ( 4.579350952641918900, -0.4826262486299389100, -0.8359331836934224000 ) ) ;
#1082 = CARTESIAN_POINT ( 'NONE',  ( 0.4918509526419189700, -0.9652524972598771600, -0.5572887891289481900 ) ) ;
#1083 = ORIENTED_EDGE ( 'NONE', *, *, #1951, .F. ) ;
#1084 = CARTESIAN_POINT ( 'NONE',  ( 0.1689857433306722100, -1.149462069713991200, -0.09352236442670477900 ) ) ;
#1085 = EDGE_CURVE ( 'NONE', #1189, #2670, #943, .T. ) ;
#1086 = CARTESIAN_POINT ( 'NONE',  ( 0.0000000000000000000, 0.0000000000000000000, 0.0000000000000000000 ) ) ;
#1087 = CARTESIAN_POINT ( 'NONE',  ( 6.000000000000000000, 2.249999999999998700, -1.299038105676656900 ) ) ;
#1088 = ORIENTED_EDGE ( 'NONE', *, *, #1273, .T. ) ;
#1089 = CARTESIAN_POINT ( 'NONE',  ( 4.703737976320960400, -1.278125000000000000, 0.7379258128079908600 ) ) ;
#1090 = PRODUCT_DEFINITION_FORMATION_WITH_SPECIFIED_SOURCE ( 'ANY', '', #3388, .NOT_KNOWN. ) ;
#1091 = CARTESIAN_POINT ( 'NONE',  ( 4.211213928962876300, 9.036984846635145800E-017, 1.475851625615981000 ) ) ;
#1092 =( BOUNDED_CURVE ( )  B_SPLINE_CURVE ( 2, ( #631, #2818, #1472, #1755, #595, #878, #890, #61, #331 ),
 .UNSPECIFIED., .F., .T. ) 
 B_SPLINE_CURVE_WITH_KNOTS ( ( 3, 2, 2, 2, 3 ),
 ( 0.7388888888888889300, 0.7444444444444444600, 0.7555555555555555400, 0.7666666666666667200, 0.7722222222222222500 ),
 .UNSPECIFIED. ) 
 CURVE ( )  GEOMETRIC_REPRESENTATION_ITEM ( )  RATIONAL_B_SPLINE_CURVE ( ( 0.9330127018922194100, 0.9330127018922194100, 1.000000000000000000, 0.8660254037844388200, 1.000000000000000000, 0.8660254037844388200, 1.000000000000000000, 0.9330127018922194100, 0.9330127018922194100 ) ) 
 REPRESENTATION_ITEM ( '' )  );
#1093 = CARTESIAN_POINT ( 'NONE',  ( 4.729350952641918400, 0.9652524972598769400, 0.0000000000000000000 ) ) ;
#1094 = ORIENTED_EDGE ( 'NONE', *, *, #2434, .F. ) ;
#1095 = CARTESIAN_POINT ( 'NONE',  ( 0.9043509526419188900, -0.9652524972598769400, 1.182093381138297500E-016 ) ) ;
#1096 = CARTESIAN_POINT ( 'NONE',  ( 0.2737139289628771100, -1.278125000000000200, 1.565251690160211100E-016 ) ) ;
#1097 = VERTEX_POINT ( 'NONE', #2615 ) ;
#1098 = CARTESIAN_POINT ( 'NONE',  ( 0.5668509526419189800, -2.047445795422412600E-016, -1.114577578257896800 ) ) ;
#1099 = CARTESIAN_POINT ( 'NONE',  ( 0.1935868966918038400, -0.9227494718435356200, -0.6503195262210724700 ) ) ;
#1100 = CARTESIAN_POINT ( 'NONE',  ( 5.851882938683652400, 2.488305979943048100E-011, -1.164382938683654800 ) ) ;
#1101 = ADVANCED_FACE ( 'NONE', ( #2155 ), #22, .T. ) ;
#1102 = CARTESIAN_POINT ( 'NONE',  ( 3.316237976320960200, -0.6390624999999997600, 1.106888719211985800 ) ) ;
#1103 = ORIENTED_EDGE ( 'NONE', *, *, #362, .F. ) ;
#1104 = CARTESIAN_POINT ( 'NONE',  ( -0.07064904735808101600, -0.4826262486299382500, 0.8359331836934227300 ) ) ;
#1105 = ORIENTED_EDGE ( 'NONE', *, *, #2137, .F. ) ;
#1106 = CARTESIAN_POINT ( 'NONE',  ( 4.166850952641919300, -2.047445795422412600E-016, -1.114577578257897100 ) ) ;
#1107 = CARTESIAN_POINT ( 'NONE',  ( 1.473713928962877100, 0.6390625000000002000, 1.106888719211985600 ) ) ;
#1108 = EDGE_CURVE ( 'NONE', #3238, #2502, #1902, .T. ) ;
#1109 = B_SPLINE_CURVE_WITH_KNOTS ( 'NONE', 3,
 ( #955, #2588, #2859, #1518, #1244, #3165, #1813, #965, #976, #2056, #2600, #3438 ),
 .UNSPECIFIED., .F., .F.,
 ( 4, 2, 2, 2, 2, 4 ),
 ( 7.161835746129863000E-005, 0.0005279068267804057200, 0.0007560510614399592300, 0.0009841952960995129600, 0.001440483765418619500, 0.001896772234737726300 ),
 .UNSPECIFIED. ) ;
#1110 = CARTESIAN_POINT ( 'NONE',  ( 5.082596189432336200, -0.3349364905389032300, 1.250000000000000000 ) ) ;
#1111 = CARTESIAN_POINT ( 'NONE',  ( 5.127451905283834300, 2.033577675846917800E-016, 1.250000000000000000 ) ) ;
#1112 = DIRECTION ( 'NONE',  ( 0.0000000000000000000, 0.0000000000000000000, -1.000000000000000000 ) ) ;
#1113 = CARTESIAN_POINT ( 'NONE',  ( 4.902451905283834700, -4.938688641342514700E-016, -1.250000000000000200 ) ) ;
#1114 = CARTESIAN_POINT ( 'NONE',  ( 5.003737976320961100, 1.278125000000000200, 0.7379258128079903000 ) ) ;
#1115 = CYLINDRICAL_SURFACE ( 'NONE', #996, 1.250000000000000200 ) ;
#1116 = CARTESIAN_POINT ( 'NONE',  ( 5.148713928962876300, -0.6390624999999997600, 1.106888719211985800 ) ) ;
#1117 = ADVANCED_FACE ( 'NONE', ( #191 ), #2605, .F. ) ;
#1118 = DIRECTION ( 'NONE',  ( 0.0000000000000000000, 0.0000000000000000000, 1.000000000000000000 ) ) ;
#1119 = VECTOR ( 'NONE', #2877, 1000.000000000000000 ) ;
#1120 = CARTESIAN_POINT ( 'NONE',  ( 1.879350952641918800, -0.4826262486299389100, -0.8359331836934224000 ) ) ;
#1121 = CARTESIAN_POINT ( 'NONE',  ( 1.061213928962877000, 9.036984846635145800E-017, 1.475851625615981000 ) ) ;
#1122 = LINE ( 'NONE', #925, #2331 ) ;
#1123 = CARTESIAN_POINT ( 'NONE',  ( 1.016850952641918700, -2.047445795422412600E-016, -1.114577578257896800 ) ) ;
#1124 = CARTESIAN_POINT ( 'NONE',  ( 0.0000000000000000000, 0.0000000000000000000, 1.250000000000000200 ) ) ;
#1125 = CARTESIAN_POINT ( 'NONE',  ( 1.823100952641918800, -0.9652524972598767200, 0.5572887891289487500 ) ) ;
#1126 = CARTESIAN_POINT ( 'NONE',  ( 0.08925501003155261700, 0.3686825588085549900, -2.385217236779674000 ) ) ;
#1127 = CARTESIAN_POINT ( 'NONE',  ( 5.734394096706604500, -0.5531161859515023600, 0.9001987349330974300 ) ) ;
#1128 = CARTESIAN_POINT ( 'NONE',  ( 3.091237976320961000, 0.6390624999999990900, -1.106888719211986300 ) ) ;
#1129 = ORIENTED_EDGE ( 'NONE', *, *, #1418, .F. ) ;
#1130 = CARTESIAN_POINT ( 'NONE',  ( -0.2206490473580810000, 0.9652524972598769400, 0.0000000000000000000 ) ) ;
#1131 = EDGE_CURVE ( 'NONE', #3238, #6, #2560, .T. ) ;
#1132 = CARTESIAN_POINT ( 'NONE',  ( 0.0000000000000000000, 2.249999999999998700, 0.0000000000000000000 ) ) ;
#1133 = ORIENTED_EDGE ( 'NONE', *, *, #611, .F. ) ;
#1134 = CARTESIAN_POINT ( 'NONE',  ( 2.254350952641918800, -0.9652524972598769400, 1.182093381138297500E-016 ) ) ;
#1135 = DIRECTION ( 'NONE',  ( -1.000000000000000000, -0.0000000000000000000, -0.0000000000000000000 ) ) ;
#1136 = B_SPLINE_CURVE_WITH_KNOTS ( 'NONE', 3,
 ( #14, #2256, #341, #2540, #2291, #641 ),
 .UNSPECIFIED., .F., .F.,
 ( 4, 2, 4 ),
 ( 0.008900743621043292300, 0.009557915081653049100, 0.01021508654226280600 ),
 .UNSPECIFIED. ) ;
#1137 = CARTESIAN_POINT ( 'NONE',  ( 0.7731009526419191400, 0.9652524972598769400, 0.5572887891289483000 ) ) ;
#1139 = ORIENTED_EDGE ( 'NONE', *, *, #516, .T. ) ;
#1138 = CARTESIAN_POINT ( 'NONE',  ( 0.1397700690953393400, 0.1835754756815218000, -2.492088861051974500 ) ) ;
#1140 = CARTESIAN_POINT ( 'NONE',  ( 0.06249999999999989600, 0.0000000000000000000, 1.250000000000000200 ) ) ;
#1141 = CARTESIAN_POINT ( 'NONE',  ( 3.166237976320960300, 1.278125000000000200, 0.0000000000000000000 ) ) ;
#1142 = CARTESIAN_POINT ( 'NONE',  ( -0.1643990473580808400, 0.9652524972598769400, 0.0000000000000000000 ) ) ;
#1143 = VERTEX_POINT ( 'NONE', #1224 ) ;
#1144 = CARTESIAN_POINT ( 'NONE',  ( 4.773713928962877200, -1.278125000000000200, 1.565251690160211100E-016 ) ) ;
#1145 = CARTESIAN_POINT ( 'NONE',  ( 3.041850952641918800, 6.824819318074709100E-017, 1.114577578257897100 ) ) ;
#1146 = ORIENTED_EDGE ( 'NONE', *, *, #166, .T. ) ;
#1147 = CARTESIAN_POINT ( 'NONE',  ( 1.204350952641918700, 0.4826262486299385800, 0.8359331836934226200 ) ) ;
#1148 = ORIENTED_EDGE ( 'NONE', *, *, #563, .F. ) ;
#1149 = CARTESIAN_POINT ( 'NONE',  ( 2.723100952641919200, -0.9652524972598767200, 0.5572887891289487500 ) ) ;
#1150 = CARTESIAN_POINT ( 'NONE',  ( 3.214951905283835100, 1.250000000000000200, 0.0000000000000000000 ) ) ;
#1151 = CARTESIAN_POINT ( 'NONE',  ( 0.6981009526419191800, 0.9652524972598765000, -0.5572887891289489700 ) ) ;
#1152 = CARTESIAN_POINT ( 'NONE',  ( 6.091237976320960500, -1.278125000000000200, 1.565251690160211100E-016 ) ) ;
#1153 = CARTESIAN_POINT ( 'NONE',  ( 1.148100952641919200, 0.9652524972598765000, -0.5572887891289489700 ) ) ;
#1154 = CARTESIAN_POINT ( 'NONE',  ( 1.504350952641918800, 0.4826262486299377500, -0.8359331836934230700 ) ) ;
#1155 = CARTESIAN_POINT ( 'NONE',  ( 3.116850952641919000, -0.9652524972598767200, 0.5572887891289487500 ) ) ;
#1156 = AXIS2_PLACEMENT_3D ( 'NONE', #2143, #1570, #431 ) ;
#1157 = VECTOR ( 'NONE', #2042, 1000.000000000000000 ) ;
#1158 = CARTESIAN_POINT ( 'NONE',  ( 2.779350952641918700, -0.4826262486299389100, -0.8359331836934224000 ) ) ;
#1159 = CARTESIAN_POINT ( 'NONE',  ( 5.175000000000002500, -1.250000000000000200, 1.530808498934192100E-016 ) ) ;
#1160 = CARTESIAN_POINT ( 'NONE',  ( 1.485600952641918900, -0.4826262486299389100, -0.8359331836934224000 ) ) ;
#1161 = CARTESIAN_POINT ( 'NONE',  ( 3.347548094716168900, -0.3349364905389062800, 1.249999999999997800 ) ) ;
#1162 = VECTOR ( 'NONE', #1403, 1000.000000000000000 ) ;
#1163 = CARTESIAN_POINT ( 'NONE',  ( 5.416237976320960700, 1.278125000000000200, 0.0000000000000000000 ) ) ;
#1164 = VECTOR ( 'NONE', #1221, 1000.000000000000000 ) ;
#1165 = CARTESIAN_POINT ( 'NONE',  ( 6.079350952641918000, 0.9652524972598769400, 0.0000000000000000000 ) ) ;
#1166 = CARTESIAN_POINT ( 'NONE',  ( 0.4168509526419189000, -0.9652524972598767200, 0.5572887891289487500 ) ) ;
#1167 = CARTESIAN_POINT ( 'NONE',  ( 2.779350952641918700, -0.4826262486299389100, -0.8359331836934224000 ) ) ;
#1168 = CARTESIAN_POINT ( 'NONE',  ( 2.554350952641919000, 0.4826262486299385800, 0.8359331836934226200 ) ) ;
#1169 = CARTESIAN_POINT ( 'NONE',  ( 1.823100952641918600, -0.9652524972598767200, 0.5572887891289487500 ) ) ;
#1170 = CARTESIAN_POINT ( 'NONE',  ( 4.039951905283834000, 0.6249999999999992200, -1.082531754730548900 ) ) ;
#1171 = CARTESIAN_POINT ( 'NONE',  ( 0.0000000000000000000, 1.124999999999997800, 1.948557158514986300 ) ) ;
#1172 = VERTEX_POINT ( 'NONE', #3153 ) ;
#1173 = CARTESIAN_POINT ( 'NONE',  ( 0.1125000000000028900, -1.743066579297358300E-016, 1.250000000000000000 ) ) ;
#1174 = ORIENTED_EDGE ( 'NONE', *, *, #946, .F. ) ;
#1175 = CARTESIAN_POINT ( 'NONE',  ( 0.6231009526419190000, -2.047445795422412600E-016, -1.114577578257897100 ) ) ;
#1176 = CARTESIAN_POINT ( 'NONE',  ( 0.1918509526419189500, 0.9652524972598765000, -0.5572887891289489700 ) ) ;
#1177 = ORIENTED_EDGE ( 'NONE', *, *, #339, .F. ) ;
#1178 = EDGE_CURVE ( 'NONE', #1351, #1537, #1705, .T. ) ;
#1179 = CARTESIAN_POINT ( 'NONE',  ( 4.391850952641918900, 6.824819318074709100E-017, 1.114577578257897100 ) ) ;
#1180 = ORIENTED_EDGE ( 'NONE', *, *, #3278, .F. ) ;
#1181 = CARTESIAN_POINT ( 'NONE',  ( 3.416850952641918400, 0.9652524972598769400, 0.5572887891289483000 ) ) ;
#1182 = AXIS2_PLACEMENT_3D ( 'NONE', #2249, #1385, #839 ) ;
#1183 = CARTESIAN_POINT ( 'NONE',  ( 2.123100952641918700, 0.9652524972598769400, 0.5572887891289483000 ) ) ;
#1184 = DIRECTION ( 'NONE',  ( 0.0000000000000000000, 0.0000000000000000000, 1.000000000000000000 ) ) ;
#1185 = CARTESIAN_POINT ( 'NONE',  ( 5.716237976320960500, -0.6390625000000006400, -1.106888719211985400 ) ) ;
#1186 = ORIENTED_EDGE ( 'NONE', *, *, #491, .T. ) ;
#1187 = CARTESIAN_POINT ( 'NONE',  ( 0.09810095264191916200, -0.9652524972598771600, -0.5572887891289481900 ) ) ;
#1188 = CARTESIAN_POINT ( 'NONE',  ( 3.248100952641918700, -0.9652524972598771600, -0.5572887891289481900 ) ) ;
#1189 = VERTEX_POINT ( 'NONE', #1480 ) ;
#1190 = CARTESIAN_POINT ( 'NONE',  ( 5.089951905283835600, 0.6250000000000003300, 1.082531754730548400 ) ) ;
#1191 = CARTESIAN_POINT ( 'NONE',  ( 4.691850952641917900, 0.9652524972598765000, -0.5572887891289489700 ) ) ;
#1192 = ORIENTED_EDGE ( 'NONE', *, *, #1178, .T. ) ;
#1193 = CARTESIAN_POINT ( 'NONE',  ( 3.641850952641918900, -0.9652524972598771600, -0.5572887891289480800 ) ) ;
#1194 = CARTESIAN_POINT ( 'NONE',  ( 4.537500000000001400, 1.250000000000000200, 0.7216878364870320500 ) ) ;
#1195 = CARTESIAN_POINT ( 'NONE',  ( 3.937500000000002700, 6.245988575815533700E-015, -1.250000000000000200 ) ) ;
#1196 = CARTESIAN_POINT ( 'NONE',  ( 3.477451905283834900, -1.250000000000000200, -0.7216878364870317200 ) ) ;
#1197 = CARTESIAN_POINT ( 'NONE',  ( 0.4731009526419191500, -0.9652524972598767200, 0.5572887891289487500 ) ) ;
#1198 = CARTESIAN_POINT ( 'NONE',  ( 5.828737976320959500, 1.278124999999999500, -0.7379258128079913000 ) ) ;
#1199 = FACE_OUTER_BOUND ( 'NONE', #1715, .T. ) ;
#1200 = EDGE_CURVE ( 'NONE', #2070, #3309, #1024, .T. ) ;
#1201 = CARTESIAN_POINT ( 'NONE',  ( 5.048100952641918000, -0.9652524972598771600, -0.5572887891289480800 ) ) ;
#1202 = CARTESIAN_POINT ( 'NONE',  ( 2.123100952641918700, 0.9652524972598769400, 0.5572887891289483000 ) ) ;
#1203 = CARTESIAN_POINT ( 'NONE',  ( 3.023100952641919000, 0.9652524972598769400, 0.5572887891289483000 ) ) ;
#1204 = FACE_OUTER_BOUND ( 'NONE', #1621, .T. ) ;
#1205 = CARTESIAN_POINT ( 'NONE',  ( 5.799038105676658900, -1.420391034258040000E-015, 2.598076211353314700 ) ) ;
#1206 = CARTESIAN_POINT ( 'NONE',  ( 5.741850952641916800, 6.824819318074709100E-017, 1.114577578257897100 ) ) ;
#1207 = AXIS2_PLACEMENT_3D ( 'NONE', #552, #285, #1118 ) ;
#1208 = MANIFOLD_SOLID_BREP ( 'Cut-Extrude4', #883 ) ;
#1209 = PERSON_AND_ORGANIZATION ( #614, #2867 ) ;
#1210 = CARTESIAN_POINT ( 'NONE',  ( 3.304350952641918600, 0.4826262486299377500, -0.8359331836934230700 ) ) ;
#1211 = CARTESIAN_POINT ( 'NONE',  ( 0.7125000000000024600, -1.250000000000000200, -0.7216878364870317200 ) ) ;
#1212 = CARTESIAN_POINT ( 'NONE',  ( 3.552451905283835000, 6.245988575815533700E-015, -1.250000000000000200 ) ) ;
#1213 = CARTESIAN_POINT ( 'NONE',  ( 1.710600952641919200, 0.4826262486299385800, 0.8359331836934226200 ) ) ;
#1214 = FACE_OUTER_BOUND ( 'NONE', #560, .T. ) ;
#1215 = DIRECTION ( 'NONE',  ( -1.000000000000000000, -0.0000000000000000000, -0.0000000000000000000 ) ) ;
#1216 = CC_DESIGN_SECURITY_CLASSIFICATION ( #86, ( #1090 ) ) ;
#1217 = CARTESIAN_POINT ( 'NONE',  ( 2.573100952641919300, 0.9652524972598769400, 0.5572887891289483000 ) ) ;
#1218 = CARTESIAN_POINT ( 'NONE',  ( 4.635600952641918400, -0.4826262486299389100, -0.8359331836934224000 ) ) ;
#1219 = CARTESIAN_POINT ( 'NONE',  ( 3.698100952641918400, -0.9652524972598771600, -0.5572887891289481900 ) ) ;
#1220 = VERTEX_POINT ( 'NONE', #1195 ) ;
#1221 = DIRECTION ( 'NONE',  ( -1.000000000000000000, -0.0000000000000000000, -0.0000000000000000000 ) ) ;
#1222 = ORIENTED_EDGE ( 'NONE', *, *, #1743, .F. ) ;
#1223 = CARTESIAN_POINT ( 'NONE',  ( 5.254350952641918800, 0.4826262486299385800, 0.8359331836934226200 ) ) ;
#1224 = CARTESIAN_POINT ( 'NONE',  ( 4.878909776184770000E-016, 1.607348923880901000E-016, -1.312500000000000000 ) ) ;
#1225 = CARTESIAN_POINT ( 'NONE',  ( 0.06249999999999989600, 0.8122873928263640900, 0.9500995692322716800 ) ) ;
#1226 = CARTESIAN_POINT ( 'NONE',  ( 1.260600952641919100, 0.4826262486299385800, 0.8359331836934226200 ) ) ;
#1227 = CARTESIAN_POINT ( 'NONE',  ( 3.323100952641918800, -2.047445795422412600E-016, -1.114577578257897100 ) ) ;
#1228 = CARTESIAN_POINT ( 'NONE',  ( 3.510600952641918800, 0.4826262486299385800, 0.8359331836934226200 ) ) ;
#1229 = CARTESIAN_POINT ( 'NONE',  ( 2.648100952641919000, 6.824819318074709100E-017, 1.114577578257897100 ) ) ;
#1230 = CARTESIAN_POINT ( 'NONE',  ( 2.689951905283834800, 0.6249999999999992200, -1.082531754730548900 ) ) ;
#1231 = EDGE_CURVE ( 'NONE', #744, #3285, #2479, .T. ) ;
#1232 = ORIENTED_EDGE ( 'NONE', *, *, #2337, .F. ) ;
#1233 = CARTESIAN_POINT ( 'NONE',  ( 6.000000000000000000, 2.249999999999998700, 0.0000000000000000000 ) ) ;
#1234 = VERTEX_POINT ( 'NONE', #954 ) ;
#1235 = CARTESIAN_POINT ( 'NONE',  ( 0.7674038105676686000, -0.3349364905389006800, -1.250000000000001800 ) ) ;
#1236 = CARTESIAN_POINT ( 'NONE',  ( 1.264951905283835200, -0.6250000000000006700, -1.082531754730548200 ) ) ;
#1237 = ORIENTED_EDGE ( 'NONE', *, *, #339, .T. ) ;
#1238 = CARTESIAN_POINT ( 'NONE',  ( 2.985600952641918500, 0.9652524972598769400, 0.0000000000000000000 ) ) ;
#1239 = CARTESIAN_POINT ( 'NONE',  ( 4.185600952641919100, -0.4826262486299389100, -0.8359331836934224000 ) ) ;
#1240 = CARTESIAN_POINT ( 'NONE',  ( 2.910600952641918800, 0.4826262486299377500, -0.8359331836934230700 ) ) ;
#1241 = CARTESIAN_POINT ( 'NONE',  ( 3.777451905283834700, 2.033577675846917800E-016, 1.250000000000000000 ) ) ;
#1242 = CARTESIAN_POINT ( 'NONE',  ( 5.329350952641918900, -0.4826262486299382500, 0.8359331836934227300 ) ) ;
#1243 = CARTESIAN_POINT ( 'NONE',  ( 0.3472475027401219500, -0.04622092203372122500, 0.9644265573964012600 ) ) ;
#1244 = CARTESIAN_POINT ( 'NONE',  ( 0.2371743234487055400, 0.5898736998442326600, 0.9021982814847250300 ) ) ;
#1245 = FACE_OUTER_BOUND ( 'NONE', #15, .T. ) ;
#1246 = CARTESIAN_POINT ( 'NONE',  ( 3.248100952641918700, -0.9652524972598771600, -0.5572887891289481900 ) ) ;
#1247 = EDGE_CURVE ( 'NONE', #1018, #1317, #333, .T. ) ;
#1248 = CYLINDRICAL_SURFACE ( 'NONE', #3172, 1.250000000000000200 ) ;
#1249 = CARTESIAN_POINT ( 'NONE',  ( 4.335600952641918600, 0.9652524972598769400, 0.0000000000000000000 ) ) ;
#1250 = CARTESIAN_POINT ( 'NONE',  ( 4.223100952641918800, -2.047445795422412600E-016, -1.114577578257897100 ) ) ;
#1251 = CARTESIAN_POINT ( 'NONE',  ( 4.864951905283835000, -0.6250000000000006700, -1.082531754730548200 ) ) ;
#1252 =( BOUNDED_SURFACE ( )  B_SPLINE_SURFACE ( 1, 2, ( 
 ( #724, #1070, #3280, #1648, #2200, #2432, #818, #489, #773, #2978, #784, #3552, #2421, #1895, #229, #2165, #215, #1925, #526, #1082, #1355, #3008, #1905, #2995, #2689, #805, #2738, #2724, #1622, #1391, #1095, #1660, #3293, #3562, #1057, #2967, #1377, #1939, #263, #3525, #513, #2210, #2463, #1345, #2711, #1632, #3246, #2174, #3538, #240, #1913, #501, #2700, #2186, #2443, #795, #1120, #1441, #553, #1429, #288, #3037, #2243, #2220, #3073, #858, #1134, #311, #323, #2500, #2477, #41, #2786, #1404, #3061, #1699, #3047, #3022, #577, #31, #1167, #2000, #870, #1724, #831, #3346, #2774, #1145, #2264, #1155, #1686, #2749, #21, #587, #1453, #3357, #1975, #3333, #600, #2489, #2526, #2762, #2254, #10, #3306, #2513, #1965, #1714, #884, #2796, #1990, #1417, #3575, #1954, #276, #2233, #565, #843, #3320, #301, #3403, #898, #1774, #1179, #2302, #350, #638, #94, #1478, #3369, #2562, #1191, #3385, #3085, #3113, #54, #338, #1745, #1465, #3098, #2012, #1735, #67, #612, #2276, #364, #922, #79, #2550, #2536, #2289, #2811, #911, #2026, #625, #2824, #2836, #1759, #2038, #1206, #1491, #624, #1426, #1756, #3083, #2022, #2284, #2251, #1165, #50, #2274, #347, #3354 ),
 ( #1142, #908, #2261, #866, #1463, #2298, #895, #1187, #2010, #321, #29, #1450, #335, #64, #3044, #608, #2510, #3070, #3329, #74, #3366, #1175, #2784, #1732, #2533, #2808, #597, #2522, #1741, #2547, #2819, #1712, #3093, #358, #584, #1153, #3057, #1474, #2498, #3379, #2034, #856, #2771, #1988, #1437, #1721, #307, #3344, #1997, #39, #881, #2794, #2306, #1125, #2981, #3543, #133, #2332, #684, #2883, #1260, #932, #2351, #3145, #2580, #1511, #1769, #113, #1521, #87, #3431, #1782, #371, #1217, #402, #660, #2855, #2590, #967, #1805, #672, #2342, #3395, #393, #1238, #956, #123, #2861, #2601, #1529, #2059, #1246, #2612, #1227, #3439, #2045, #2309, #2872, #3134, #3119, #978, #648, #2079, #2570, #3168, #1498, #2842, #3157, #3411, #1814, #103, #382, #2321, #2088, #945, #3423, #411, #1795, #2071, #694, #2121, #1825, #703, #2359, #2624, #1836, #1293, #146, #3491, #1282, #3459, #2134, #1323, #3484, #190, #1014, #2908, #989, #445, #2920, #2655, #2097, #3202, #1548, #2381, #421, #751, #456, #181, #156, #726, #2643, #1573, #3189, #1560, #1858, #1023, #2930, #2896, #2392, #2941, #3178, #2108, #1268, #739, #1541, #1309, #3215, #1587, #2666, #1871, #433, #714 ) ),
 .UNSPECIFIED., .F., .F., .T. ) 
 B_SPLINE_SURFACE_WITH_KNOTS ( ( 2, 2 ),
 ( 3, 2, 2, 2, 2, 2, 2, 2, 2, 2, 2, 2, 2, 2, 2, 2, 2, 2, 2, 2, 2, 2, 2, 2, 2, 2, 2, 2, 2, 2, 2, 2, 2, 2, 2, 2, 2, 2, 2, 2, 2, 2, 2, 2, 2, 2, 2, 2, 2, 2, 2, 2, 2, 2, 2, 2, 2, 2, 2, 2, 2, 2, 2, 2, 2, 2, 2, 2, 2, 2, 2, 2, 2, 2, 2, 2, 2, 2, 2, 2, 2, 2, 2, 2, 2, 2, 3 ),
 ( 0.0000000000000000000, 1.000000000000000000 ),
 ( 0.0000000000000000000, 0.01111111111111111200, 0.02222222222222222300, 0.03333333333333333300, 0.04444444444444444600, 0.05555555555555555200, 0.06666666666666666600, 0.07777777777777777900, 0.08888888888888889200, 0.1000000000000000100, 0.1111111111111111000, 0.1222222222222222200, 0.1333333333333333300, 0.1444444444444444300, 0.1555555555555555600, 0.1666666666666666600, 0.1777777777777777800, 0.1888888888888888800, 0.2000000000000000100, 0.2111111111111111100, 0.2222222222222222100, 0.2333333333333333400, 0.2444444444444444400, 0.2555555555555555400, 0.2666666666666666600, 0.2777777777777777900, 0.2888888888888888600, 0.2999999999999999900, 0.3111111111111111200, 0.3222222222222222400, 0.3333333333333333100, 0.3444444444444444400, 0.3555555555555555700, 0.3666666666666666400, 0.3777777777777777700, 0.3888888888888889000, 0.4000000000000000200, 0.4111111111111110900, 0.4222222222222222200, 0.4333333333333333500, 0.4444444444444444200, 0.4555555555555555500, 0.4666666666666666700, 0.4777777777777778000, 0.4888888888888888700, 0.5000000000000000000, 0.5111111111111110700, 0.5222222222222222500, 0.5333333333333333300, 0.5444444444444444000, 0.5555555555555555800, 0.5666666666666666500, 0.5777777777777777200, 0.5888888888888889100, 0.5999999999999999800, 0.6111111111111111600, 0.6222222222222222300, 0.6333333333333333000, 0.6444444444444444900, 0.6555555555555555600, 0.6666666666666666300, 0.6777777777777778100, 0.6888888888888888800, 0.6999999999999999600, 0.7111111111111111400, 0.7222222222222222100, 0.7333333333333332800, 0.7444444444444444600, 0.7555555555555555400, 0.7666666666666667200, 0.7777777777777777900, 0.7888888888888888600, 0.8000000000000000400, 0.8111111111111111200, 0.8222222222222221900, 0.8333333333333333700, 0.8444444444444444400, 0.8555555555555555100, 0.8666666666666667000, 0.8777777777777777700, 0.8888888888888888400, 0.9000000000000000200, 0.9111111111111110900, 0.9222222222222222800, 0.9333333333333333500, 0.9444444444444444200, 0.9555555555555556000 ),
 .UNSPECIFIED. ) 
 GEOMETRIC_REPRESENTATION_ITEM ( )  RATIONAL_B_SPLINE_SURFACE ( (
 ( 1.000000000000000000, 0.8660254037844387100, 1.000000000000000000, 0.8660254037844387100, 1.000000000000000000, 0.8660254037844387100, 1.000000000000000000, 0.8660254037844387100, 1.000000000000000000, 0.8660254037844387100, 1.000000000000000000, 0.8660254037844387100, 1.000000000000000000, 0.8660254037844387100, 1.000000000000000000, 0.8660254037844387100, 1.000000000000000000, 0.8660254037844387100, 1.000000000000000000, 0.8660254037844387100, 1.000000000000000000, 0.8660254037844387100, 1.000000000000000000, 0.8660254037844387100, 1.000000000000000000, 0.8660254037844387100, 1.000000000000000000, 0.8660254037844387100, 1.000000000000000000, 0.8660254037844387100, 1.000000000000000000, 0.8660254037844387100, 1.000000000000000000, 0.8660254037844387100, 1.000000000000000000, 0.8660254037844387100, 1.000000000000000000, 0.8660254037844387100, 1.000000000000000000, 0.8660254037844387100, 1.000000000000000000, 0.8660254037844387100, 1.000000000000000000, 0.8660254037844387100, 1.000000000000000000, 0.8660254037844387100, 1.000000000000000000, 0.8660254037844387100, 1.000000000000000000, 0.8660254037844387100, 1.000000000000000000, 0.8660254037844387100, 1.000000000000000000, 0.8660254037844387100, 1.000000000000000000, 0.8660254037844387100, 1.000000000000000000, 0.8660254037844387100, 1.000000000000000000, 0.8660254037844387100, 1.000000000000000000, 0.8660254037844387100, 1.000000000000000000, 0.8660254037844387100, 1.000000000000000000, 0.8660254037844387100, 1.000000000000000000, 0.8660254037844387100, 1.000000000000000000, 0.8660254037844387100, 1.000000000000000000, 0.8660254037844387100, 1.000000000000000000, 0.8660254037844387100, 1.000000000000000000, 0.8660254037844387100, 1.000000000000000000, 0.8660254037844387100, 1.000000000000000000, 0.8660254037844387100, 1.000000000000000000, 0.8660254037844387100, 1.000000000000000000, 0.8660254037844387100, 1.000000000000000000, 0.8660254037844387100, 1.000000000000000000, 0.8660254037844387100, 1.000000000000000000, 0.8660254037844387100, 1.000000000000000000, 0.8660254037844387100, 1.000000000000000000, 0.8660254037844387100, 1.000000000000000000, 0.8660254037844387100, 1.000000000000000000, 0.8660254037844387100, 1.000000000000000000, 0.8660254037844387100, 1.000000000000000000, 0.8660254037844387100, 1.000000000000000000, 0.8660254037844387100, 1.000000000000000000, 0.8660254037844387100, 1.000000000000000000, 0.8660254037844387100, 1.000000000000000000, 0.8660254037844387100, 1.000000000000000000, 0.8660254037844387100, 1.000000000000000000, 0.8660254037844387100, 1.000000000000000000, 0.8660254037844387100, 1.000000000000000000, 0.8660254037844387100, 1.000000000000000000, 0.8660254037844387100, 1.000000000000000000, 0.8660254037844387100, 1.000000000000000000, 0.8660254037844387100, 1.000000000000000000, 0.8660254037844387100, 1.000000000000000000, 0.8660254037844387100, 1.000000000000000000, 0.8660254037844387100, 1.000000000000000000, 0.8660254037844387100, 1.000000000000000000, 0.8660254037844387100, 1.000000000000000000, 0.8660254037844387100, 1.000000000000000000, 0.8660254037844387100, 1.000000000000000000, 0.8660254037844387100, 1.000000000000000000, 0.8660254037844387100, 1.000000000000000000, 0.8660254037844387100, 1.000000000000000000, 0.8660254037844387100, 1.000000000000000000, 0.8660254037844387100, 1.000000000000000000, 0.8660254037844387100, 1.000000000000000000, 0.8660254037844387100, 1.000000000000000000, 0.8660254037844387100, 1.000000000000000000, 0.8660254037844387100, 1.000000000000000000, 0.8660254037844387100, 1.000000000000000000, 0.8660254037844387100, 1.000000000000000000, 0.8660254037844387100, 1.000000000000000000, 0.8660254037844387100, 1.000000000000000000, 0.8660254037844387100, 1.000000000000000000, 0.8660254037844387100, 1.000000000000000000, 0.8660254037844387100, 1.000000000000000000, 0.8660254037844387100, 1.000000000000000000),
 ( 1.000000000000000000, 0.8660254037844387100, 1.000000000000000000, 0.8660254037844387100, 1.000000000000000000, 0.8660254037844387100, 1.000000000000000000, 0.8660254037844387100, 1.000000000000000000, 0.8660254037844387100, 1.000000000000000000, 0.8660254037844387100, 1.000000000000000000, 0.8660254037844387100, 1.000000000000000000, 0.8660254037844387100, 1.000000000000000000, 0.8660254037844387100, 1.000000000000000000, 0.8660254037844387100, 1.000000000000000000, 0.8660254037844387100, 1.000000000000000000, 0.8660254037844387100, 1.000000000000000000, 0.8660254037844387100, 1.000000000000000000, 0.8660254037844387100, 1.000000000000000000, 0.8660254037844387100, 1.000000000000000000, 0.8660254037844387100, 1.000000000000000000, 0.8660254037844387100, 1.000000000000000000, 0.8660254037844387100, 1.000000000000000000, 0.8660254037844387100, 1.000000000000000000, 0.8660254037844387100, 1.000000000000000000, 0.8660254037844387100, 1.000000000000000000, 0.8660254037844387100, 1.000000000000000000, 0.8660254037844387100, 1.000000000000000000, 0.8660254037844387100, 1.000000000000000000, 0.8660254037844387100, 1.000000000000000000, 0.8660254037844387100, 1.000000000000000000, 0.8660254037844387100, 1.000000000000000000, 0.8660254037844387100, 1.000000000000000000, 0.8660254037844387100, 1.000000000000000000, 0.8660254037844387100, 1.000000000000000000, 0.8660254037844387100, 1.000000000000000000, 0.8660254037844387100, 1.000000000000000000, 0.8660254037844387100, 1.000000000000000000, 0.8660254037844387100, 1.000000000000000000, 0.8660254037844387100, 1.000000000000000000, 0.8660254037844387100, 1.000000000000000000, 0.8660254037844387100, 1.000000000000000000, 0.8660254037844387100, 1.000000000000000000, 0.8660254037844387100, 1.000000000000000000, 0.8660254037844387100, 1.000000000000000000, 0.8660254037844387100, 1.000000000000000000, 0.8660254037844387100, 1.000000000000000000, 0.8660254037844387100, 1.000000000000000000, 0.8660254037844387100, 1.000000000000000000, 0.8660254037844387100, 1.000000000000000000, 0.8660254037844387100, 1.000000000000000000, 0.8660254037844387100, 1.000000000000000000, 0.8660254037844387100, 1.000000000000000000, 0.8660254037844387100, 1.000000000000000000, 0.8660254037844387100, 1.000000000000000000, 0.8660254037844387100, 1.000000000000000000, 0.8660254037844387100, 1.000000000000000000, 0.8660254037844387100, 1.000000000000000000, 0.8660254037844387100, 1.000000000000000000, 0.8660254037844387100, 1.000000000000000000, 0.8660254037844387100, 1.000000000000000000, 0.8660254037844387100, 1.000000000000000000, 0.8660254037844387100, 1.000000000000000000, 0.8660254037844387100, 1.000000000000000000, 0.8660254037844387100, 1.000000000000000000, 0.8660254037844387100, 1.000000000000000000, 0.8660254037844387100, 1.000000000000000000, 0.8660254037844387100, 1.000000000000000000, 0.8660254037844387100, 1.000000000000000000, 0.8660254037844387100, 1.000000000000000000, 0.8660254037844387100, 1.000000000000000000, 0.8660254037844387100, 1.000000000000000000, 0.8660254037844387100, 1.000000000000000000, 0.8660254037844387100, 1.000000000000000000, 0.8660254037844387100, 1.000000000000000000, 0.8660254037844387100, 1.000000000000000000, 0.8660254037844387100, 1.000000000000000000, 0.8660254037844387100, 1.000000000000000000, 0.8660254037844387100, 1.000000000000000000, 0.8660254037844387100, 1.000000000000000000, 0.8660254037844387100, 1.000000000000000000, 0.8660254037844387100, 1.000000000000000000, 0.8660254037844387100, 1.000000000000000000, 0.8660254037844387100, 1.000000000000000000, 0.8660254037844387100, 1.000000000000000000, 0.8660254037844387100, 1.000000000000000000, 0.8660254037844387100, 1.000000000000000000, 0.8660254037844387100, 1.000000000000000000, 0.8660254037844387100, 1.000000000000000000, 0.8660254037844387100, 1.000000000000000000, 0.8660254037844387100, 1.000000000000000000) ) ) 
 REPRESENTATION_ITEM ( '' )  SURFACE ( )  );
#1253 = LINE ( 'NONE', #1533, #1119 ) ;
#1254 = DIRECTION ( 'NONE',  ( -1.000000000000000000, -0.0000000000000000000, -0.0000000000000000000 ) ) ;
#1255 = CARTESIAN_POINT ( 'NONE',  ( 5.179350952641918600, 0.9652524972598769400, 0.0000000000000000000 ) ) ;
#1256 = DIRECTION ( 'NONE',  ( -1.000000000000000000, -0.0000000000000000000, -0.0000000000000000000 ) ) ;
#1257 = CARTESIAN_POINT ( 'NONE',  ( 3.712500000000002600, -6.565550782020049000E-015, 1.250000000000000000 ) ) ;
#1258 = CARTESIAN_POINT ( 'NONE',  ( 0.0000000000000000000, 0.0000000000000000000, 2.249999999999998700 ) ) ;
#1259 =( GEOMETRIC_REPRESENTATION_CONTEXT ( 3 ) GLOBAL_UNCERTAINTY_ASSIGNED_CONTEXT ( ( #2847 ) ) GLOBAL_UNIT_ASSIGNED_CONTEXT ( ( #2429, #2974, #2406 ) ) REPRESENTATION_CONTEXT ( 'NONE', 'WORKASPACE' ) );
#1260 = CARTESIAN_POINT ( 'NONE',  ( 2.085600952641919000, 0.9652524972598769400, 0.0000000000000000000 ) ) ;
#1261 = ORIENTED_EDGE ( 'NONE', *, *, #3212, .T. ) ;
#1262 = DIRECTION ( 'NONE',  ( -1.000000000000000000, -0.0000000000000000000, -0.0000000000000000000 ) ) ;
#1263 = CARTESIAN_POINT ( 'NONE',  ( 0.05373797632096102800, 1.278125000000000200, 0.7379258128079903000 ) ) ;
#1264 = CARTESIAN_POINT ( 'NONE',  ( 1.950000000000002600, -0.6249999999999997800, 1.082531754730548600 ) ) ;
#1265 = CARTESIAN_POINT ( 'NONE',  ( 0.8250000000000028400, 0.6249999999999992200, -1.082531754730548900 ) ) ;
#1266 = EDGE_CURVE ( 'NONE', #2458, #1515, #1425, .T. ) ;
#1267 = ORIENTED_EDGE ( 'NONE', *, *, #218, .F. ) ;
#1268 = CARTESIAN_POINT ( 'NONE',  ( 5.948100952641918400, -0.9652524972598771600, -0.5572887891289481900 ) ) ;
#1269 = CARTESIAN_POINT ( 'NONE',  ( 0.2546904728039212600, 0.4085950169207506200, -0.9971901812809898000 ) ) ;
#1270 = CARTESIAN_POINT ( 'NONE',  ( 4.560600952641918200, -0.9652524972598769400, 1.182093381138297500E-016 ) ) ;
#1271 = ORIENTED_EDGE ( 'NONE', *, *, #2337, .T. ) ;
#1272 = DIRECTION ( 'NONE',  ( -0.7071067811865450200, 0.0000000000000000000, 0.7071067811865500200 ) ) ;
#1273 = EDGE_CURVE ( 'NONE', #2020, #3316, #324, .T. ) ;
#1274 = CARTESIAN_POINT ( 'NONE',  ( 5.860152396849491300, -2.249999999999998200, -1.087331990916863900 ) ) ;
#1275 = ORIENTED_EDGE ( 'NONE', *, *, #1231, .T. ) ;
#1276 = CARTESIAN_POINT ( 'NONE',  ( 1.991850952641918600, 0.9652524972598765000, -0.5572887891289489700 ) ) ;
#1277 = AXIS2_PLACEMENT_3D ( 'NONE', #82, #2054, #628 ) ;
#1278 = CARTESIAN_POINT ( 'NONE',  ( 5.042403810567668300, 0.3349364905389035100, 1.250000000000000000 ) ) ;
#1279 = CARTESIAN_POINT ( 'NONE',  ( 6.000000000000000000, 0.0000000000000000000, 0.0000000000000000000 ) ) ;
#1280 = VERTEX_POINT ( 'NONE', #642 ) ;
#1281 = CARTESIAN_POINT ( 'NONE',  ( 4.339951905283834700, -1.250000000000000200, 1.530808498934192100E-016 ) ) ;
#1282 = CARTESIAN_POINT ( 'NONE',  ( 4.673100952641918900, -2.047445795422412600E-016, -1.114577578257897100 ) ) ;
#1283 = CARTESIAN_POINT ( 'NONE',  ( 3.627451905283834300, 1.249999999999999100, -0.7216878364870330500 ) ) ;
#1284 = CARTESIAN_POINT ( 'NONE',  ( 5.385600952641918400, -0.4826262486299382500, 0.8359331836934227300 ) ) ;
#1285 = CARTESIAN_POINT ( 'NONE',  ( 6.000000000000000000, 0.0000000000000000000, 0.0000000000000000000 ) ) ;
#1286 = LINE ( 'NONE', #2157, #2641 ) ;
#1287 = CARTESIAN_POINT ( 'NONE',  ( 5.577451905283833600, 2.033577675846917800E-016, 1.250000000000000000 ) ) ;
#1288 = CARTESIAN_POINT ( 'NONE',  ( 3.904350952641918700, 0.4826262486299385800, 0.8359331836934226200 ) ) ;
#1289 = CARTESIAN_POINT ( 'NONE',  ( 1.667403810567668500, -0.3349364905389038400, -1.250000000000000000 ) ) ;
#1290 = CARTESIAN_POINT ( 'NONE',  ( 4.462500000000001200, 1.249999999999999100, -0.7216878364870330500 ) ) ;
#1291 = CARTESIAN_POINT ( 'NONE',  ( 4.432355715851500100, -0.3349364905389038400, -1.250000000000000000 ) ) ;
#1292 = PERSON_AND_ORGANIZATION ( #614, #2867 ) ;
#1293 = CARTESIAN_POINT ( 'NONE',  ( 4.560600952641918200, -0.9652524972598769400, 1.182093381138297500E-016 ) ) ;
#1294 = EDGE_CURVE ( 'NONE', #1842, #2629, #1586, .T. ) ;
#1295 = CARTESIAN_POINT ( 'NONE',  ( 2.407355715851500700, 0.3349364905389020700, 1.250000000000000900 ) ) ;
#1296 = CARTESIAN_POINT ( 'NONE',  ( 3.664951905283834900, 1.250000000000000200, 0.0000000000000000000 ) ) ;
#1297 = CARTESIAN_POINT ( 'NONE',  ( 5.873100952641918200, -0.9652524972598767200, 0.5572887891289487500 ) ) ;
#1298 = FACE_OUTER_BOUND ( 'NONE', #3367, .T. ) ;
#1299 = CARTESIAN_POINT ( 'NONE',  ( 2.100000000000002300, -0.6250000000000006700, -1.082531754730548200 ) ) ;
#1300 = CARTESIAN_POINT ( 'NONE',  ( 6.000000000000000000, -2.249999999999998700, -7.511572993685794200E-016 ) ) ;
#1301 = AXIS2_PLACEMENT_3D ( 'NONE', #1279, #1044, #2142 ) ;
#1302 = ORIENTED_EDGE ( 'NONE', *, *, #242, .F. ) ;
#1303 = CARTESIAN_POINT ( 'NONE',  ( 2.291850952641919300, -0.9652524972598771600, -0.5572887891289481900 ) ) ;
#1304 = CARTESIAN_POINT ( 'NONE',  ( 0.0000000000000000000, 0.0000000000000000000, 0.0000000000000000000 ) ) ;
#1305 = CARTESIAN_POINT ( 'NONE',  ( 1.602451905283834900, -1.249999999999999600, 0.7216878364870327200 ) ) ;
#1306 = CARTESIAN_POINT ( 'NONE',  ( 0.0000000000000000000, 0.0000000000000000000, 0.0000000000000000000 ) ) ;
#1307 = CARTESIAN_POINT ( 'NONE',  ( 4.377451905283834300, -1.250000000000000200, -0.7216878364870317200 ) ) ;
#1308 = VERTEX_POINT ( 'NONE', #1792 ) ;
#1309 = CARTESIAN_POINT ( 'NONE',  ( 6.060600952641918200, 0.4826262486299377500, -0.8359331836934230700 ) ) ;
#1310 = CARTESIAN_POINT ( 'NONE',  ( 0.3472475027401220000, 0.6360407303617273700, 0.7260609979797488800 ) ) ;
#1311 = CARTESIAN_POINT ( 'NONE',  ( 4.162500000000002300, 1.743066579297358300E-016, 1.250000000000000000 ) ) ;
#1312 = CARTESIAN_POINT ( 'NONE',  ( 4.527451905283834700, 1.249999999999999100, -0.7216878364870330500 ) ) ;
#1313 = CARTESIAN_POINT ( 'NONE',  ( 1.328737976320960800, 1.278124999999999500, -0.7379258128079913000 ) ) ;
#1314 = PERSON_AND_ORGANIZATION_ROLE ( 'creator' ) ;
#1315 = CARTESIAN_POINT ( 'NONE',  ( 1.886213928962876500, 1.278125000000000200, 0.7379258128079903000 ) ) ;
#1316 = CARTESIAN_POINT ( 'NONE',  ( 1.954350952641918900, 0.4826262486299377500, -0.8359331836934230700 ) ) ;
#1317 = VERTEX_POINT ( 'NONE', #3489 ) ;
#1318 = CARTESIAN_POINT ( 'NONE',  ( 1.639951905283835200, -1.250000000000000200, 1.530808498934192100E-016 ) ) ;
#1319 = CARTESIAN_POINT ( 'NONE',  ( -0.2512860710371228600, -0.6390624999999997600, 1.106888719211985800 ) ) ;
#1320 = EDGE_CURVE ( 'NONE', #2707, #2081, #846, .T. ) ;
#1321 =( BOUNDED_CURVE ( )  B_SPLINE_CURVE ( 2, ( #1931, #518, #1601, #2694, #480, #256, #1049, #767, #1358 ),
 .UNSPECIFIED., .F., .T. ) 
 B_SPLINE_CURVE_WITH_KNOTS ( ( 3, 2, 2, 2, 3 ),
 ( 0.08333333333333334300, 0.08888888888888889200, 0.1000000000000000100, 0.1111111111111111000, 0.1166666666666666700 ),
 .UNSPECIFIED. ) 
 CURVE ( )  GEOMETRIC_REPRESENTATION_ITEM ( )  RATIONAL_B_SPLINE_CURVE ( ( 0.9330127018922194100, 0.9330127018922195200, 1.000000000000000000, 0.8660254037844388200, 1.000000000000000000, 0.8660254037844388200, 1.000000000000000000, 0.9330127018922193000, 0.9330127018922194100 ) ) 
 REPRESENTATION_ITEM ( '' )  );
#1322 = ORIENTED_EDGE ( 'NONE', *, *, #868, .F. ) ;
#1323 = CARTESIAN_POINT ( 'NONE',  ( 4.785600952641918800, 0.9652524972598769400, 0.0000000000000000000 ) ) ;
#1324 = ADVANCED_FACE ( 'NONE', ( #1245 ), #2239, .F. ) ;
#1325 = DIRECTION ( 'NONE',  ( 0.0000000000000000000, 0.0000000000000000000, -1.000000000000000000 ) ) ;
#1326 = CARTESIAN_POINT ( 'NONE',  ( 5.937499999999997300, 1.185400846293080100, 0.3966419463541917000 ) ) ;
#1327 = CARTESIAN_POINT ( 'NONE',  ( 0.6537379763209609800, -1.278125000000000000, 0.7379258128079908600 ) ) ;
#1328 = ORIENTED_EDGE ( 'NONE', *, *, #845, .T. ) ;
#1329 = CARTESIAN_POINT ( 'NONE',  ( 2.561213928962876800, -1.278125000000000400, -0.7379258128079899700 ) ) ;
#1330 = CARTESIAN_POINT ( 'NONE',  ( 2.554350952641919000, 0.4826262486299385800, 0.8359331836934226200 ) ) ;
#1331 = APPROVAL ( #2661, 'UNSPECIFIED' ) ;
#1332 = CARTESIAN_POINT ( 'NONE',  ( -0.3262860710371228700, 0.6390625000000002000, 1.106888719211985600 ) ) ;
#1333 = CARTESIAN_POINT ( 'NONE',  ( 0.2060649746485714300, -0.7101590112915241400, -0.8615614808143453600 ) ) ;
#1334 = LINE ( 'NONE', #635, #2860 ) ;
#1335 = DIRECTION ( 'NONE',  ( 1.000000000000000000, 0.0000000000000000000, 0.0000000000000000000 ) ) ;
#1336 = DIRECTION ( 'NONE',  ( -1.000000000000000000, -0.0000000000000000000, -0.0000000000000000000 ) ) ;
#1337 = CARTESIAN_POINT ( 'NONE',  ( 4.677451905283835000, 2.033577675846917800E-016, 1.250000000000000000 ) ) ;
#1338 = CARTESIAN_POINT ( 'NONE',  ( 1.966237976320960800, -0.6390624999999997600, 1.106888719211985800 ) ) ;
#1339 = CYLINDRICAL_SURFACE ( 'NONE', #196, 1.250000000000000200 ) ;
#1340 = ORIENTED_EDGE ( 'NONE', *, *, #261, .T. ) ;
#1341 = CARTESIAN_POINT ( 'NONE',  ( 3.423713928962877100, -1.278125000000000200, 1.565251690160211100E-016 ) ) ;
#1342 = ADVANCED_FACE ( 'NONE', ( #1819 ), #1115, .F. ) ;
#1343 = CARTESIAN_POINT ( 'NONE',  ( 5.329350952641918900, -0.4826262486299382500, 0.8359331836934227300 ) ) ;
#1344 = CIRCLE ( 'NONE', #3421, 2.249999999999998200 ) ;
#1345 = CARTESIAN_POINT ( 'NONE',  ( 1.391850952641918900, -0.9652524972598771600, -0.5572887891289481900 ) ) ;
#1346 = CARTESIAN_POINT ( 'NONE',  ( 0.1397224899484462400, -0.9984865735476300400, 0.6332283448471508500 ) ) ;
#1347 = DIRECTION ( 'NONE',  ( 0.0000000000000000000, 0.0000000000000000000, 1.000000000000000000 ) ) ;
#1348 = CARTESIAN_POINT ( 'NONE',  ( 5.652451905283832900, -1.249999999999999600, 0.7216878364870327200 ) ) ;
#1349 = CARTESIAN_POINT ( 'NONE',  ( 2.182355715851501000, -0.3349364905389022900, -1.250000000000000900 ) ) ;
#1350 = CARTESIAN_POINT ( 'NONE',  ( 0.9537379763209610200, 1.278125000000000200, 0.7379258128079903000 ) ) ;
#1351 = VERTEX_POINT ( 'NONE', #409 ) ;
#1352 = AXIS2_PLACEMENT_3D ( 'NONE', #222, #778, #838 ) ;
#1353 = CARTESIAN_POINT ( 'NONE',  ( 3.723713928962876500, 0.6390625000000002000, 1.106888719211985600 ) ) ;
#1354 = CARTESIAN_POINT ( 'NONE',  ( 5.216850952641919100, 0.9652524972598769400, 0.5572887891289483000 ) ) ;
#1355 = CARTESIAN_POINT ( 'NONE',  ( 0.5293509526419190000, -0.4826262486299389100, -0.8359331836934224000 ) ) ;
#1356 = CARTESIAN_POINT ( 'NONE',  ( 2.614951905283835000, -0.6250000000000006700, -1.082531754730548200 ) ) ;
#1357 = ADVANCED_FACE ( 'NONE', ( #2114 ), #677, .F. ) ;
#1358 = CARTESIAN_POINT ( 'NONE',  ( 0.4024519052838352900, 3.776644255144275400E-016, -1.250000000000000000 ) ) ;
#1359 = ORIENTED_EDGE ( 'NONE', *, *, #2634, .F. ) ;
#1360 = CARTESIAN_POINT ( 'NONE',  ( 1.066237976320961100, -0.6390624999999997600, 1.106888719211985800 ) ) ;
#1361 = APPROVAL_ROLE ( '' ) ;
#1362 = ORIENTED_EDGE ( 'NONE', *, *, #3146, .F. ) ;
#1363 = CARTESIAN_POINT ( 'NONE',  ( 2.148713928962877200, -0.6390625000000006400, -1.106888719211985400 ) ) ;
#1364 = CARTESIAN_POINT ( 'NONE',  ( 4.916850952641919300, -0.9652524972598767200, 0.5572887891289487500 ) ) ;
#1365 = CARTESIAN_POINT ( 'NONE',  ( 5.860229930904661300, 0.1835754756815200200, 2.492088861051974500 ) ) ;
#1366 = VERTEX_POINT ( 'NONE', #1868 ) ;
#1367 = EDGE_CURVE ( 'NONE', #2166, #520, #937, .T. ) ;
#1368 = VERTEX_POINT ( 'NONE', #1000 ) ;
#1369 = CARTESIAN_POINT ( 'NONE',  ( 2.652451905283836000, 2.817957636530729900E-015, -1.250000000000000200 ) ) ;
#1370 = DIRECTION ( 'NONE',  ( 0.0000000000000000000, 0.0000000000000000000, 1.000000000000000000 ) ) ;
#1371 = CARTESIAN_POINT ( 'NONE',  ( 5.722483914216899900, -0.2875649945843968300, 1.004393401210383000 ) ) ;
#1372 = CARTESIAN_POINT ( 'NONE',  ( 4.741237976320960000, -1.278125000000000200, 1.565251690160211100E-016 ) ) ;
#1373 = CARTESIAN_POINT ( 'NONE',  ( 4.811213928962876800, -1.278125000000000400, -0.7379258128079899700 ) ) ;
#1374 = LINE ( 'NONE', #234, #891 ) ;
#1375 = ADVANCED_FACE ( 'NONE', ( #2942 ), #3125, .F. ) ;
#1376 = CARTESIAN_POINT ( 'NONE',  ( 4.429350952641918600, -0.4826262486299382500, 0.8359331836934227300 ) ) ;
#1377 = CARTESIAN_POINT ( 'NONE',  ( 1.129350952641918800, 0.9652524972598769400, 0.0000000000000000000 ) ) ;
#1378 = CARTESIAN_POINT ( 'NONE',  ( 0.04871392896287714300, 1.278125000000000200, 0.0000000000000000000 ) ) ;
#1379 = FACE_OUTER_BOUND ( 'NONE', #2007, .T. ) ;
#1380 = CARTESIAN_POINT ( 'NONE',  ( 1.091850952641918900, 0.9652524972598767200, -0.5572887891289489700 ) ) ;
#1381 = DIRECTION ( 'NONE',  ( 1.000000000000000000, 0.0000000000000000000, 0.0000000000000000000 ) ) ;
#1382 = ORIENTED_EDGE ( 'NONE', *, *, #1743, .T. ) ;
#1383 = CARTESIAN_POINT ( 'NONE',  ( 5.202451905283834500, -1.249999999999999600, 0.7216878364870327200 ) ) ;
#1384 = CARTESIAN_POINT ( 'NONE',  ( 6.000000000000000000, 2.249999999999998700, 0.0000000000000000000 ) ) ;
#1385 = DIRECTION ( 'NONE',  ( -1.000000000000000000, -0.0000000000000000000, -0.0000000000000000000 ) ) ;
#1386 = CARTESIAN_POINT ( 'NONE',  ( 4.778737976320960500, -1.278125000000000400, -0.7379258128079899700 ) ) ;
#1387 = LINE ( 'NONE', #17, #3565 ) ;
#1388 = CARTESIAN_POINT ( 'NONE',  ( 0.04185095264191897300, -0.9652524972598771600, -0.5572887891289481900 ) ) ;
#1389 = EDGE_CURVE ( 'NONE', #1368, #56, #63, .T. ) ;
#1390 = CARTESIAN_POINT ( 'NONE',  ( 5.066850952641918800, -2.047445795422412600E-016, -1.114577578257897100 ) ) ;
#1391 = CARTESIAN_POINT ( 'NONE',  ( 0.8668509526419188000, -0.9652524972598767200, 0.5572887891289487500 ) ) ;
#1392 = CARTESIAN_POINT ( 'NONE',  ( 0.7612139289628771000, -1.278125000000000400, -0.7379258128079899700 ) ) ;
#1393 = ORIENTED_EDGE ( 'NONE', *, *, #124, .F. ) ;
#1394 = CARTESIAN_POINT ( 'NONE',  ( 0.7168509526419187800, 0.9652524972598769400, 0.5572887891289483000 ) ) ;
#1395 = CARTESIAN_POINT ( 'NONE',  ( 5.137500000000002000, -1.249999999999999600, 0.7216878364870327200 ) ) ;
#1396 = DIRECTION ( 'NONE',  ( 0.0000000000000000000, 0.0000000000000000000, -1.000000000000000000 ) ) ;
#1397 = ADVANCED_FACE ( 'NONE', ( #1379 ), #736, .F. ) ;
#1398 = DIRECTION ( 'NONE',  ( 1.000000000000000000, 0.0000000000000000000, 0.0000000000000000000 ) ) ;
#1399 = CARTESIAN_POINT ( 'NONE',  ( 0.08288880264411195600, 0.2918966092452783300, 1.203326903139952300 ) ) ;
#1400 = ORIENTED_EDGE ( 'NONE', *, *, #3091, .F. ) ;
#1401 = CARTESIAN_POINT ( 'NONE',  ( 3.803737976320960400, -1.278125000000000000, 0.7379258128079908600 ) ) ;
#1402 = CARTESIAN_POINT ( 'NONE',  ( 5.411213928962875600, 1.278124999999999500, -0.7379258128079913000 ) ) ;
#1403 = DIRECTION ( 'NONE',  ( 0.7071067811865672200, 8.659560562354692500E-017, 0.7071067811865279200 ) ) ;
#1404 = CARTESIAN_POINT ( 'NONE',  ( 2.516850952641918900, 0.9652524972598769400, 0.5572887891289483000 ) ) ;
#1405 = CARTESIAN_POINT ( 'NONE',  ( 0.2362139289628770700, -1.278125000000000000, 0.7379258128079908600 ) ) ;
#1406 = ORIENTED_EDGE ( 'NONE', *, *, #639, .F. ) ;
#1407 = CARTESIAN_POINT ( 'NONE',  ( 0.6793509526419189100, 0.9652524972598769400, 0.0000000000000000000 ) ) ;
#1408 = CARTESIAN_POINT ( 'NONE',  ( 3.975000000000001900, 0.6249999999999992200, -1.082531754730548900 ) ) ;
#1409 = CARTESIAN_POINT ( 'NONE',  ( 0.08925501003155259000, -1.881317441191443100, -1.511897080250296900 ) ) ;
#1410 = CARTESIAN_POINT ( 'NONE',  ( 0.0000000000000000000, 1.124999999999999300, -1.948557158514985500 ) ) ;
#1411 = DIRECTION ( 'NONE',  ( 0.0000000000000000000, -1.000000000000000000, 0.0000000000000000000 ) ) ;
#1412 = CARTESIAN_POINT ( 'NONE',  ( 3.653737976320960500, 1.278125000000000200, 0.7379258128079903000 ) ) ;
#1413 = VERTEX_POINT ( 'NONE', #2675 ) ;
#1414 = CARTESIAN_POINT ( 'NONE',  ( -0.1081490473580810100, 6.824819318074709100E-017, 1.114577578257897100 ) ) ;
#1415 = ORIENTED_EDGE ( 'NONE', *, *, #8, .T. ) ;
#1416 = ADVANCED_FACE ( 'NONE', ( #3208 ), #3249, .T. ) ;
#1417 = CARTESIAN_POINT ( 'NONE',  ( 3.941850952641918800, 6.824819318074709100E-017, 1.114577578257897100 ) ) ;
#1418 = EDGE_CURVE ( 'NONE', #3092, #1317, #630, .T. ) ;
#1419 = CARTESIAN_POINT ( 'NONE',  ( 5.839951905283835600, 0.6249999999999992200, -1.082531754730548900 ) ) ;
#1420 = CARTESIAN_POINT ( 'NONE',  ( 2.385600952641918800, -0.4826262486299389100, -0.8359331836934224000 ) ) ;
#1421 = CARTESIAN_POINT ( 'NONE',  ( 0.0000000000000000000, 0.0000000000000000000, 0.0000000000000000000 ) ) ;
#1422 = CARTESIAN_POINT ( 'NONE',  ( 5.806449805396571400, -0.9514678256287881800, -0.6059048234499762000 ) ) ;
#1423 = CARTESIAN_POINT ( 'NONE',  ( 4.216237976320961400, -0.6390624999999997600, 1.106888719211985800 ) ) ;
#1424 = AXIS2_PLACEMENT_3D ( 'NONE', #1898, #2202, #775 ) ;
#1425 = CIRCLE ( 'NONE', #1888, 2.249999999999998700 ) ;
#1426 = CARTESIAN_POINT ( 'NONE',  ( 5.854350952641918400, -0.9652524972598769400, 1.182093381138297500E-016 ) ) ;
#1427 = CARTESIAN_POINT ( 'NONE',  ( 4.848713928962876500, -0.6390625000000006400, -1.106888719211985400 ) ) ;
#1428 = LINE ( 'NONE', #2748, #1162 ) ;
#1429 = CARTESIAN_POINT ( 'NONE',  ( 1.991850952641918600, 0.9652524972598765000, -0.5572887891289489700 ) ) ;
#1430 = LINE ( 'NONE', #655, #3519 ) ;
#1431 = CARTESIAN_POINT ( 'NONE',  ( 1.354350952641918600, -0.9652524972598769400, 1.182093381138297500E-016 ) ) ;
#1432 = CARTESIAN_POINT ( 'NONE',  ( 3.852451905283834900, -1.249999999999999600, 0.7216878364870327200 ) ) ;
#1433 = CARTESIAN_POINT ( 'NONE',  ( 2.798100952641918900, -0.9652524972598771600, -0.5572887891289480800 ) ) ;
#1434 = CARTESIAN_POINT ( 'NONE',  ( 3.122548094716169200, 0.3349364905389059500, -1.249999999999998400 ) ) ;
#1435 = CARTESIAN_POINT ( 'NONE',  ( 0.7356009526419192700, 0.9652524972598769400, 0.0000000000000000000 ) ) ;
#1436 = CARTESIAN_POINT ( 'NONE',  ( 5.641237976320961200, -1.278125000000000200, 1.565251690160211100E-016 ) ) ;
#1437 = CARTESIAN_POINT ( 'NONE',  ( 1.485600952641918900, -0.4826262486299389100, -0.8359331836934224000 ) ) ;
#1438 = CARTESIAN_POINT ( 'NONE',  ( 1.354350952641918600, -0.9652524972598769400, 1.182093381138297500E-016 ) ) ;
#1439 = EDGE_CURVE ( 'NONE', #917, #1234, #2369, .T. ) ;
#1440 = ORIENTED_EDGE ( 'NONE', *, *, #145, .F. ) ;
#1441 = CARTESIAN_POINT ( 'NONE',  ( 1.916850952641918600, -2.047445795422412600E-016, -1.114577578257897100 ) ) ;
#1442 = CARTESIAN_POINT ( 'NONE',  ( 3.604350952641918800, -0.9652524972598769400, 1.182093381138297500E-016 ) ) ;
#1443 = B_SPLINE_CURVE_WITH_KNOTS ( 'NONE', 3,
 ( #1033, #2370, #1848, #165, #1346, #787, #797, #1084, #2413, #2704, #1099, #1333, #3239, #2957, #1916, #3001 ),
 .UNSPECIFIED., .F., .F.,
 ( 4, 2, 2, 2, 2, 2, 2, 4 ),
 ( 0.001629083182967273400, 0.002526876291351525300, 0.002975772845543650500, 0.003424669399735776600, 0.003873565953927902600, 0.004322462508120028700, 0.004771359062312153900, 0.005220255616504280000 ),
 .UNSPECIFIED. ) ;
#1444 = CARTESIAN_POINT ( 'NONE',  ( 4.612500000000001600, 1.743066579297358300E-016, 1.250000000000000000 ) ) ;
#1445 = AXIS2_PLACEMENT_3D ( 'NONE', #2058, #3133, #930 ) ;
#1446 = CARTESIAN_POINT ( 'NONE',  ( 1.035600952641919200, -0.4826262486299389100, -0.8359331836934224000 ) ) ;
#1447 = CARTESIAN_POINT ( 'NONE',  ( 6.000000000000000000, -1.524864949371779600E-015, 2.598076211353314700 ) ) ;
#1448 = CARTESIAN_POINT ( 'NONE',  ( 0.9231009526419191600, -0.9652524972598767200, 0.5572887891289487500 ) ) ;
#1449 = CARTESIAN_POINT ( 'NONE',  ( 5.528737976320960500, 9.036984846635145800E-017, 1.475851625615981000 ) ) ;
#1450 = CARTESIAN_POINT ( 'NONE',  ( 0.2481009526419191100, 0.9652524972598765000, -0.5572887891289489700 ) ) ;
#1451 = ORIENTED_EDGE ( 'NONE', *, *, #3535, .T. ) ;
#1452 = CARTESIAN_POINT ( 'NONE',  ( 0.4918509526419189700, -0.9652524972598771600, -0.5572887891289481900 ) ) ;
#1453 = CARTESIAN_POINT ( 'NONE',  ( 3.304350952641918600, 0.4826262486299377500, -0.8359331836934230700 ) ) ;
#1454 = ORIENTED_EDGE ( 'NONE', *, *, #3471, .T. ) ;
#1455 = CARTESIAN_POINT ( 'NONE',  ( 2.741850952641919000, -0.9652524972598771600, -0.5572887891289480800 ) ) ;
#1456 = FACE_OUTER_BOUND ( 'NONE', #2894, .T. ) ;
#1457 = CARTESIAN_POINT ( 'NONE',  ( 0.8106009526419191100, 0.4826262486299385800, 0.8359331836934226200 ) ) ;
#1458 = CARTESIAN_POINT ( 'NONE',  ( 4.002451905283834300, -4.938688641342514700E-016, -1.250000000000000200 ) ) ;
#1459 = DIRECTION ( 'NONE',  ( -0.7071067811865450200, 0.0000000000000000000, 0.7071067811865500200 ) ) ;
#1460 = CARTESIAN_POINT ( 'NONE',  ( 6.203737976320960400, -2.711095453990543300E-016, -1.475851625615981000 ) ) ;
#1461 = ORIENTED_EDGE ( 'NONE', *, *, #261, .F. ) ;
#1462 = EDGE_CURVE ( 'NONE', #555, #1351, #2822, .T. ) ;
#1463 = CARTESIAN_POINT ( 'NONE',  ( -0.01439904735808084400, -0.4826262486299382500, 0.8359331836934227300 ) ) ;
#1464 = CARTESIAN_POINT ( 'NONE',  ( 0.7543509526419188700, 0.4826262486299385800, 0.8359331836934226200 ) ) ;
#1465 = CARTESIAN_POINT ( 'NONE',  ( 4.954350952641918900, -0.9652524972598769400, 1.182093381138297500E-016 ) ) ;
#1466 = FACE_OUTER_BOUND ( 'NONE', #2589, .T. ) ;
#1467 = CARTESIAN_POINT ( 'NONE',  ( 3.116850952641919000, -0.9652524972598767200, 0.5572887891289487500 ) ) ;
#1468 = CARTESIAN_POINT ( 'NONE',  ( 1.725000000000002500, 0.6249999999999992200, -1.082531754730548900 ) ) ;
#1469 = CARTESIAN_POINT ( 'NONE',  ( 2.310600952641918700, -0.9652524972598769400, 1.182093381138297500E-016 ) ) ;
#1470 = DIRECTION ( 'NONE',  ( -1.000000000000000000, -0.0000000000000000000, -0.0000000000000000000 ) ) ;
#1471 = LINE ( 'NONE', #507, #1694 ) ;
#1472 = CARTESIAN_POINT ( 'NONE',  ( 1.425000000000002700, 0.6250000000000002200, 1.082531754730548400 ) ) ;
#1473 = CC_DESIGN_PERSON_AND_ORGANIZATION_ASSIGNMENT ( #1696, #3223, ( #1090 ) ) ;
#1474 = CARTESIAN_POINT ( 'NONE',  ( 1.223100952641919000, 0.9652524972598769400, 0.5572887891289483000 ) ) ;
#1475 = CARTESIAN_POINT ( 'NONE',  ( 2.310600952641918700, -0.9652524972598769400, 1.182093381138297500E-016 ) ) ;
#1476 = CARTESIAN_POINT ( 'NONE',  ( 5.902909726416221600, 1.106474732179817200, -0.5374897155096055600 ) ) ;
#1477 = CARTESIAN_POINT ( 'NONE',  ( 6.000000000000000900, -0.7416645267673343000, 2.169875997175798200 ) ) ;
#1478 = CARTESIAN_POINT ( 'NONE',  ( 4.579350952641918900, -0.4826262486299389100, -0.8359331836934224000 ) ) ;
#1479 = CARTESIAN_POINT ( 'NONE',  ( 4.016850952641918900, -0.9652524972598767200, 0.5572887891289487500 ) ) ;
#1480 = CARTESIAN_POINT ( 'NONE',  ( 5.799038105676659800, -2.249999999999999100, 1.299038105676656900 ) ) ;
#1481 = CARTESIAN_POINT ( 'NONE',  ( 5.799038105676684700, 2.249999999999998700, -1.299038105676695800 ) ) ;
#1482 = CARTESIAN_POINT ( 'NONE',  ( 0.5481009526419191600, -0.9652524972598771600, -0.5572887891289481900 ) ) ;
#1483 = ORIENTED_EDGE ( 'NONE', *, *, #2702, .F. ) ;
#1484 =( BOUNDED_CURVE ( )  B_SPLINE_CURVE ( 2, ( #961, #2300, #3400, #2865, #664, #3427, #2595, #3381, #2036 ),
 .UNSPECIFIED., .F., .F. ) 
 B_SPLINE_CURVE_WITH_KNOTS ( ( 3, 2, 2, 2, 3 ),
 ( 0.7722222222222222500, 0.7777777777777777900, 0.7888888888888889700, 0.8000000000000000400, 0.8055555555555555800 ),
 .UNSPECIFIED. ) 
 CURVE ( )  GEOMETRIC_REPRESENTATION_ITEM ( )  RATIONAL_B_SPLINE_CURVE ( ( 0.9330127018922194100, 0.9330127018922194100, 1.000000000000000000, 0.8660254037844388200, 1.000000000000000000, 0.8660254037844388200, 1.000000000000000000, 0.9330127018922194100, 0.9330127018922194100 ) ) 
 REPRESENTATION_ITEM ( '' )  );
#1485 = CARTESIAN_POINT ( 'NONE',  ( 6.166237976320960700, -0.6390625000000006400, -1.106888719211985400 ) ) ;
#1486 = ORIENTED_EDGE ( 'NONE', *, *, #2616, .F. ) ;
#1487 = CARTESIAN_POINT ( 'NONE',  ( 4.148100952641918600, -0.9652524972598771600, -0.5572887891289480800 ) ) ;
#1488 = CARTESIAN_POINT ( 'NONE',  ( 2.573100952641919300, 0.9652524972598769400, 0.5572887891289483000 ) ) ;
#1489 = EDGE_CURVE ( 'NONE', #1847, #2672, #2775, .T. ) ;
#1490 = CARTESIAN_POINT ( 'NONE',  ( 1.012500000000002800, 1.743066579297358300E-016, 1.250000000000000000 ) ) ;
#1491 = CARTESIAN_POINT ( 'NONE',  ( 5.779350952641918200, -0.4826262486299382500, 0.8359331836934227300 ) ) ;
#1492 = CARTESIAN_POINT ( 'NONE',  ( 3.491850952641918100, 6.824819318074709100E-017, 1.114577578257896800 ) ) ;
#1493 = CARTESIAN_POINT ( 'NONE',  ( 1.837500000000002400, 1.250000000000000200, 0.7216878364870320500 ) ) ;
#1494 = CARTESIAN_POINT ( 'NONE',  ( 0.0000000000000000000, 0.0000000000000000000, 1.250000000000000200 ) ) ;
#1495 = CARTESIAN_POINT ( 'NONE',  ( 1.410600952641919000, -0.9652524972598769400, 1.182093381138297500E-016 ) ) ;
#1496 = CARTESIAN_POINT ( 'NONE',  ( 0.8149519052838352100, -0.6250000000000006700, -1.082531754730548200 ) ) ;
#1497 = ORIENTED_EDGE ( 'NONE', *, *, #2931, .T. ) ;
#1498 = CARTESIAN_POINT ( 'NONE',  ( 3.773100952641919000, -2.047445795422412600E-016, -1.114577578257897100 ) ) ;
#1499 = CARTESIAN_POINT ( 'NONE',  ( 5.273100952641918600, 0.9652524972598769400, 0.5572887891289483000 ) ) ;
#1500 = CARTESIAN_POINT ( 'NONE',  ( 3.360600952641918500, 0.4826262486299377500, -0.8359331836934230700 ) ) ;
#1501 = ORIENTED_EDGE ( 'NONE', *, *, #2241, .F. ) ;
#1502 = B_SPLINE_CURVE_WITH_KNOTS ( 'NONE', 3,
 ( #2281, #3351, #356, #1171 ),
 .UNSPECIFIED., .F., .F.,
 ( 4, 4 ),
 ( 2.380746839932326900E-007, 0.001314652396222794700 ),
 .UNSPECIFIED. ) ;
#1503 = CARTESIAN_POINT ( 'NONE',  ( 5.924117227281665300, 1.251102131015385400, 0.01789620753907712100 ) ) ;
#1504 = CARTESIAN_POINT ( 'NONE',  ( 5.107355715851499900, 0.3349364905389035600, 1.250000000000000000 ) ) ;
#1505 = VERTEX_POINT ( 'NONE', #3250 ) ;
#1506 = CARTESIAN_POINT ( 'NONE',  ( 0.3537379763209609900, -2.711095453990543300E-016, -1.475851625615981000 ) ) ;
#1507 = CARTESIAN_POINT ( 'NONE',  ( 5.652752497259878200, 0.9541523419739120800, 0.1948958799715348500 ) ) ;
#1508 = CARTESIAN_POINT ( 'NONE',  ( 6.000000000000000000, 0.0000000000000000000, 0.0000000000000000000 ) ) ;
#1509 = CARTESIAN_POINT ( 'NONE',  ( 3.562500000000002700, 1.249999999999999100, -0.7216878364870330500 ) ) ;
#1510 = CARTESIAN_POINT ( 'NONE',  ( 0.6475480947161694800, -0.3349364905389032300, 1.250000000000000000 ) ) ;
#1511 = CARTESIAN_POINT ( 'NONE',  ( 2.273100952641919000, -0.9652524972598767200, 0.5572887891289487500 ) ) ;
#1512 = CARTESIAN_POINT ( 'NONE',  ( 4.710600952641918600, 0.4826262486299377500, -0.8359331836934230700 ) ) ;
#1513 = CARTESIAN_POINT ( 'NONE',  ( 2.723100952641919200, -0.9652524972598767200, 0.5572887891289487500 ) ) ;
#1514 = CARTESIAN_POINT ( 'NONE',  ( 2.839951905283835100, 0.6250000000000003300, 1.082531754730548400 ) ) ;
#1515 = VERTEX_POINT ( 'NONE', #3231 ) ;
#1516 = DIRECTION ( 'NONE',  ( 1.000000000000000000, 0.0000000000000000000, 0.0000000000000000000 ) ) ;
#1517 = DIRECTION ( 'NONE',  ( 0.0000000000000000000, 0.0000000000000000000, -1.000000000000000000 ) ) ;
#1518 = CARTESIAN_POINT ( 'NONE',  ( 0.2478213651824373600, 0.5192052010969727700, 0.9324688893885265700 ) ) ;
#1519 = CYLINDRICAL_SURFACE ( 'NONE', #1352, 1.250000000000000200 ) ;
#1520 = AXIS2_PLACEMENT_3D ( 'NONE', #139, #697, #151 ) ;
#1521 = CARTESIAN_POINT ( 'NONE',  ( 2.385600952641918800, -0.4826262486299389100, -0.8359331836934224000 ) ) ;
#1522 = CARTESIAN_POINT ( 'NONE',  ( 3.998100952641918700, 6.824819318074709100E-017, 1.114577578257896800 ) ) ;
#1523 = CARTESIAN_POINT ( 'NONE',  ( 2.948100952641918800, 0.9652524972598765000, -0.5572887891289489700 ) ) ;
#1524 =( BOUNDED_CURVE ( )  B_SPLINE_CURVE ( 2, ( #2928, #1855, #177, #1305, #1318, #1595, #2906, #1583, #1608 ),
 .UNSPECIFIED., .F., .F. ) 
 B_SPLINE_CURVE_WITH_KNOTS ( ( 3, 2, 2, 2, 3 ),
 ( 0.2833333333333333300, 0.2888888888888888600, 0.2999999999999999900, 0.3111111111111111200, 0.3166666666666667100 ),
 .UNSPECIFIED. ) 
 CURVE ( )  GEOMETRIC_REPRESENTATION_ITEM ( )  RATIONAL_B_SPLINE_CURVE ( ( 0.9330127018922194100, 0.9330127018922194100, 1.000000000000000000, 0.8660254037844388200, 1.000000000000000000, 0.8660254037844388200, 1.000000000000000000, 0.9330127018922190800, 0.9330127018922194100 ) ) 
 REPRESENTATION_ITEM ( '' )  );
#1525 = EDGE_LOOP ( 'NONE', ( #2349, #2104, #2468, #774 ) ) ;
#1526 = CARTESIAN_POINT ( 'NONE',  ( 5.554350952641918600, 0.4826262486299377500, -0.8359331836934230700 ) ) ;
#1527 = CARTESIAN_POINT ( 'NONE',  ( 2.250000000000002200, 1.250000000000000200, 0.0000000000000000000 ) ) ;
#1528 = CARTESIAN_POINT ( 'NONE',  ( 3.600000000000002800, 1.250000000000000200, 0.0000000000000000000 ) ) ;
#1529 = CARTESIAN_POINT ( 'NONE',  ( 3.173100952641918500, -0.9652524972598767200, 0.5572887891289487500 ) ) ;
#1530 = CARTESIAN_POINT ( 'NONE',  ( 4.373100952641919100, 0.9652524972598769400, 0.5572887891289483000 ) ) ;
#1531 = CARTESIAN_POINT ( 'NONE',  ( 4.485600952641918900, -0.4826262486299382500, 0.8359331836934227300 ) ) ;
#1532 = CARTESIAN_POINT ( 'NONE',  ( 0.0000000000000000000, 0.0000000000000000000, 0.0000000000000000000 ) ) ;
#1533 = CARTESIAN_POINT ( 'NONE',  ( 0.0000000000000000000, 0.0000000000000000000, 1.250000000000000200 ) ) ;
#1534 = VERTEX_POINT ( 'NONE', #494 ) ;
#1535 = CARTESIAN_POINT ( 'NONE',  ( 5.937499999999989300, 0.4166666666667572800, 1.178511301977535100 ) ) ;
#1536 = AXIS2_PLACEMENT_3D ( 'NONE', #3448, #3456, #143 ) ;
#1537 = VERTEX_POINT ( 'NONE', #765 ) ;
#1538 = CARTESIAN_POINT ( 'NONE',  ( 3.675000000000002500, 0.6250000000000002200, 1.082531754730548400 ) ) ;
#1539 = CARTESIAN_POINT ( 'NONE',  ( 4.837500000000002100, -4.938688641342514700E-016, -1.250000000000000200 ) ) ;
#1540 = VERTEX_POINT ( 'NONE', #2644 ) ;
#1541 = CARTESIAN_POINT ( 'NONE',  ( 6.023100952641918600, -2.047445795422412600E-016, -1.114577578257897100 ) ) ;
#1542 = CARTESIAN_POINT ( 'NONE',  ( 0.09123797632096103400, 0.6390625000000002000, 1.106888719211985600 ) ) ;
#1543 = VERTEX_POINT ( 'NONE', #3529 ) ;
#1544 = CARTESIAN_POINT ( 'NONE',  ( 4.312500000000001800, -1.250000000000000200, -0.7216878364870317200 ) ) ;
#1545 = CARTESIAN_POINT ( 'NONE',  ( 6.000000000000000000, 0.0000000000000000000, 0.0000000000000000000 ) ) ;
#1546 = CARTESIAN_POINT ( 'NONE',  ( 0.8075961894323371300, 0.3349364905389059500, -1.249999999999998400 ) ) ;
#1547 = APPROVAL_PERSON_ORGANIZATION ( #3206, #647, #485 ) ;
#1548 = CARTESIAN_POINT ( 'NONE',  ( 5.198100952641918400, 0.9652524972598765000, -0.5572887891289489700 ) ) ;
#1549 = EDGE_CURVE ( 'NONE', #3092, #3188, #2581, .T. ) ;
#1550 = VECTOR ( 'NONE', #471, 1000.000000000000000 ) ;
#1551 = DIRECTION ( 'NONE',  ( 0.0000000000000000000, 0.0000000000000000000, 1.000000000000000000 ) ) ;
#1552 = CARTESIAN_POINT ( 'NONE',  ( 4.448100952641918400, 6.824819318074709100E-017, 1.114577578257897100 ) ) ;
#1553 = CARTESIAN_POINT ( 'NONE',  ( 0.0000000000000000000, 0.0000000000000000000, 0.0000000000000000000 ) ) ;
#1554 = FACE_OUTER_BOUND ( 'NONE', #468, .T. ) ;
#1555 = CARTESIAN_POINT ( 'NONE',  ( 5.557355715851501000, 0.3349364905389035600, 1.250000000000000000 ) ) ;
#1556 = CARTESIAN_POINT ( 'NONE',  ( 2.029350952641919100, 0.9652524972598769400, 0.0000000000000000000 ) ) ;
#1557 = CARTESIAN_POINT ( 'NONE',  ( 5.025000000000003000, 0.6250000000000002200, 1.082531754730548400 ) ) ;
#1558 = CARTESIAN_POINT ( 'NONE',  ( 0.2250000000000028900, -1.250000000000000200, 1.530808498934192100E-016 ) ) ;
#1559 = CARTESIAN_POINT ( 'NONE',  ( 0.9000000000000028000, 1.250000000000000200, 0.0000000000000000000 ) ) ;
#1560 = CARTESIAN_POINT ( 'NONE',  ( 5.610600952641918900, 0.4826262486299377500, -0.8359331836934230700 ) ) ;
#1561 = ORIENTED_EDGE ( 'NONE', *, *, #3382, .T. ) ;
#1562 = CARTESIAN_POINT ( 'NONE',  ( 0.0000000000000000000, 0.0000000000000000000, 0.0000000000000000000 ) ) ;
#1563 = CARTESIAN_POINT ( 'NONE',  ( 5.123100952641918200, -2.047445795422412600E-016, -1.114577578257897100 ) ) ;
#1564 = CARTESIAN_POINT ( 'NONE',  ( 0.0000000000000000000, 0.0000000000000000000, 0.0000000000000000000 ) ) ;
#1565 = ORIENTED_EDGE ( 'NONE', *, *, #3564, .T. ) ;
#1566 = CARTESIAN_POINT ( 'NONE',  ( 5.911189012489025200, -2.249999999999998200, -0.8712733266714561800 ) ) ;
#1567 = CARTESIAN_POINT ( 'NONE',  ( 3.979350952641918800, -0.4826262486299382500, 0.8359331836934227300 ) ) ;
#1568 = DIRECTION ( 'NONE',  ( -1.000000000000000000, 0.0000000000000000000, 0.0000000000000000000 ) ) ;
#1569 = CARTESIAN_POINT ( 'NONE',  ( 0.06373861006217304600, 1.250000000000000200, -0.02334987742777307200 ) ) ;
#1570 = DIRECTION ( 'NONE',  ( 1.000000000000000000, 0.0000000000000000000, 0.0000000000000000000 ) ) ;
#1571 = EDGE_CURVE ( 'NONE', #316, #2554, #1863, .T. ) ;
#1572 = VERTEX_POINT ( 'NONE', #777 ) ;
#1573 = CARTESIAN_POINT ( 'NONE',  ( 5.535600952641918800, -0.4826262486299389100, -0.8359331836934224000 ) ) ;
#1574 = CARTESIAN_POINT ( 'NONE',  ( 5.532596189432337200, -0.3349364905389032300, 1.250000000000000000 ) ) ;
#1575 = DIRECTION ( 'NONE',  ( 0.0000000000000000000, 0.0000000000000000000, 1.000000000000000000 ) ) ;
#1576 = CARTESIAN_POINT ( 'NONE',  ( 5.085600952641918600, -0.4826262486299389100, -0.8359331836934224000 ) ) ;
#1577 = ORIENTED_EDGE ( 'NONE', *, *, #1675, .F. ) ;
#1578 = DIRECTION ( 'NONE',  ( -1.000000000000000000, -0.0000000000000000000, -0.0000000000000000000 ) ) ;
#1579 = DIRECTION ( 'NONE',  ( 0.0000000000000000000, 0.0000000000000000000, 1.000000000000000000 ) ) ;
#1580 = CYLINDRICAL_SURFACE ( 'NONE', #776, 1.250000000000000200 ) ;
#1581 = CARTESIAN_POINT ( 'NONE',  ( 3.304350952641918600, 0.4826262486299377500, -0.8359331836934230700 ) ) ;
#1582 = CARTESIAN_POINT ( 'NONE',  ( 1.902451905283834700, 1.250000000000000200, 0.7216878364870320500 ) ) ;
#1583 = CARTESIAN_POINT ( 'NONE',  ( 1.732355715851500600, -0.3349364905389022900, -1.250000000000000900 ) ) ;
#1584 = ORIENTED_EDGE ( 'NONE', *, *, #541, .F. ) ;
#1585 = CARTESIAN_POINT ( 'NONE',  ( 0.3472475027401229500, -0.06945377945172856400, 0.9627505159626241800 ) ) ;
#1586 =( BOUNDED_CURVE ( )  B_SPLINE_CURVE ( 2, ( #2330, #1235, #368, #1211, #2577, #2129, #2621, #1854, #3210 ),
 .UNSPECIFIED., .F., .T. ) 
 B_SPLINE_CURVE_WITH_KNOTS ( ( 3, 2, 2, 2, 3 ),
 ( 0.8388888888888889100, 0.8444444444444445500, 0.8555555555555556200, 0.8666666666666667000, 0.8722222222222222300 ),
 .UNSPECIFIED. ) 
 CURVE ( )  GEOMETRIC_REPRESENTATION_ITEM ( )  RATIONAL_B_SPLINE_CURVE ( ( 0.9330127018922194100, 0.9330127018922187400, 1.000000000000000000, 0.8660254037844388200, 1.000000000000000000, 0.8660254037844388200, 1.000000000000000000, 0.9330127018922194100, 0.9330127018922194100 ) ) 
 REPRESENTATION_ITEM ( '' )  );
#1587 = CARTESIAN_POINT ( 'NONE',  ( 6.135600952641918400, 0.9652524972598769400, 0.0000000000000000000 ) ) ;
#1588 = CARTESIAN_POINT ( 'NONE',  ( 0.09419872981077960500, 6.972266317189432000E-016, 1.218301270189220000 ) ) ;
#1589 = CARTESIAN_POINT ( 'NONE',  ( 0.8787379763209608500, 1.278124999999999500, -0.7379258128079913000 ) ) ;
#1590 = APPLICATION_PROTOCOL_DEFINITION ( 'international standard', 'config_control_design', 1994, #3265 ) ;
#1591 = CARTESIAN_POINT ( 'NONE',  ( 2.036213928962877300, -1.278125000000000000, 0.7379258128079908600 ) ) ;
#1592 = CYLINDRICAL_SURFACE ( 'NONE', #3263, 1.250000000000000200 ) ;
#1593 = CARTESIAN_POINT ( 'NONE',  ( 3.379350952641919200, 0.9652524972598769400, 0.0000000000000000000 ) ) ;
#1594 = CARTESIAN_POINT ( 'NONE',  ( 0.4774519052838350800, 1.249999999999999100, -0.7216878364870330500 ) ) ;
#1595 = CARTESIAN_POINT ( 'NONE',  ( 1.677451905283834400, -1.250000000000000200, -0.7216878364870317200 ) ) ;
#1596 = CARTESIAN_POINT ( 'NONE',  ( 5.925000000000003400, 0.6250000000000002200, 1.082531754730548400 ) ) ;
#1597 = FACE_OUTER_BOUND ( 'NONE', #1720, .T. ) ;
#1598 = DIRECTION ( 'NONE',  ( 0.0000000000000000000, 0.0000000000000000000, -1.000000000000000000 ) ) ;
#1599 = AXIS2_PLACEMENT_3D ( 'NONE', #1037, #245, #209 ) ;
#1600 = DIRECTION ( 'NONE',  ( 0.0000000000000000000, 0.0000000000000000000, -1.000000000000000000 ) ) ;
#1601 = CARTESIAN_POINT ( 'NONE',  ( 0.2149519052838352600, -0.6249999999999997800, 1.082531754730548600 ) ) ;
#1602 = PERSON_AND_ORGANIZATION ( #614, #2867 ) ;
#1603 = CARTESIAN_POINT ( 'NONE',  ( 0.7662379763209609100, -0.6390625000000006400, -1.106888719211985400 ) ) ;
#1604 = ORIENTED_EDGE ( 'NONE', *, *, #1389, .T. ) ;
#1605 = AXIS2_PLACEMENT_3D ( 'NONE', #1073, #2433, #3541 ) ;
#1606 = CARTESIAN_POINT ( 'NONE',  ( 2.823713928962876500, 0.6390625000000002000, 1.106888719211985600 ) ) ;
#1607 = CARTESIAN_POINT ( 'NONE',  ( 3.791850952641918800, 0.9652524972598765000, -0.5572887891289489700 ) ) ;
#1608 = CARTESIAN_POINT ( 'NONE',  ( 1.752451905283835200, 2.817957636530729900E-015, -1.250000000000000200 ) ) ;
#1609 = CARTESIAN_POINT ( 'NONE',  ( -0.06378607103712287400, -2.711095453990543300E-016, -1.475851625615981000 ) ) ;
#1610 = ORIENTED_EDGE ( 'NONE', *, *, #639, .T. ) ;
#1611 = ORIENTED_EDGE ( 'NONE', *, *, #1294, .T. ) ;
#1612 = CARTESIAN_POINT ( 'NONE',  ( 5.779152929210138900, 1.055134583199935000, 0.3207238719908258000 ) ) ;
#1613 = DIRECTION ( 'NONE',  ( -1.000000000000000000, -0.0000000000000000000, -0.0000000000000000000 ) ) ;
#1614 = ADVANCED_FACE ( 'NONE', ( #583 ), #3473, .F. ) ;
#1615 = CARTESIAN_POINT ( 'NONE',  ( 0.1125000000000028900, -1.743066579297358300E-016, 1.250000000000000000 ) ) ;
#1616 = DIRECTION ( 'NONE',  ( 0.0000000000000000000, 0.0000000000000000000, 1.000000000000000000 ) ) ;
#1617 = CARTESIAN_POINT ( 'NONE',  ( 1.441237976320960800, 0.6390625000000002000, 1.106888719211985600 ) ) ;
#1618 = DIRECTION ( 'NONE',  ( 0.0000000000000000000, 0.0000000000000000000, 1.000000000000000000 ) ) ;
#1619 = CARTESIAN_POINT ( 'NONE',  ( 2.636213928962877000, -2.711095453990543300E-016, -1.475851625615981000 ) ) ;
#1620 = CARTESIAN_POINT ( 'NONE',  ( 6.041850952641918400, 0.9652524972598765000, -0.5572887891289489700 ) ) ;
#1621 = EDGE_LOOP ( 'NONE', ( #1302, #2886, #2297, #2229, #567, #522, #1723, #2265 ) ) ;
#1622 = CARTESIAN_POINT ( 'NONE',  ( 0.8293509526419188300, -0.4826262486299382500, 0.8359331836934227300 ) ) ;
#1623 = EDGE_CURVE ( 'NONE', #2217, #1666, #1860, .T. ) ;
#1624 = ORIENTED_EDGE ( 'NONE', *, *, #2368, .T. ) ;
#1625 = CARTESIAN_POINT ( 'NONE',  ( 5.754015622177090200, 1.065997363650795800, 0.1596331694423014100 ) ) ;
#1626 = CARTESIAN_POINT ( 'NONE',  ( 5.717403810567669000, -0.3349364905389038400, -1.250000000000000000 ) ) ;
#1627 = CARTESIAN_POINT ( 'NONE',  ( 1.891237976320961000, 0.6390625000000002000, 1.106888719211985600 ) ) ;
#1628 = ORIENTED_EDGE ( 'NONE', *, *, #3308, .F. ) ;
#1629 = CARTESIAN_POINT ( 'NONE',  ( 2.186213928962877300, -2.711095453990543300E-016, -1.475851625615981000 ) ) ;
#1630 = CARTESIAN_POINT ( 'NONE',  ( 5.029350952641918200, -0.4826262486299389100, -0.8359331836934224000 ) ) ;
#1631 = CC_DESIGN_APPROVAL ( #1331, ( #3106 ) ) ;
#1632 = CARTESIAN_POINT ( 'NONE',  ( 1.466850952641918700, -2.047445795422412600E-016, -1.114577578257897100 ) ) ;
#1633 = CARTESIAN_POINT ( 'NONE',  ( -0.2887860710371228400, 9.036984846635145800E-017, 1.475851625615981000 ) ) ;
#1634 = CARTESIAN_POINT ( 'NONE',  ( 4.142403810567667900, 0.3349364905389035100, 1.250000000000000000 ) ) ;
#1635 = CIRCLE ( 'NONE', #298, 1.312500000000000000 ) ;
#1636 = CARTESIAN_POINT ( 'NONE',  ( 0.08982815102920165000, -2.249999999999999100, 0.8761050724297400100 ) ) ;
#1637 = CARTESIAN_POINT ( 'NONE',  ( 5.614951905283835000, -0.6249999999999997800, 1.082531754730548600 ) ) ;
#1638 = PLANE ( 'NONE',  #2182 ) ;
#1639 = LOCAL_TIME ( 12, 10, 4.000000000000000000, #538 ) ;
#1640 = CARTESIAN_POINT ( 'NONE',  ( 1.403737976320961000, 1.278125000000000200, 0.7379258128079903000 ) ) ;
#1641 = VECTOR ( 'NONE', #1135, 1000.000000000000000 ) ;
#1642 = PERSON_AND_ORGANIZATION_ROLE ( 'design_owner' ) ;
#1643 = VERTEX_POINT ( 'NONE', #1588 ) ;
#1644 = CARTESIAN_POINT ( 'NONE',  ( 3.498713928962876800, -0.6390625000000006400, -1.106888719211985400 ) ) ;
#1645 = EDGE_CURVE ( 'NONE', #1366, #1172, #282, .T. ) ;
#1646 = CARTESIAN_POINT ( 'NONE',  ( 5.179350952641918600, 0.9652524972598769400, 0.0000000000000000000 ) ) ;
#1647 = VECTOR ( 'NONE', #388, 1000.000000000000000 ) ;
#1648 = CARTESIAN_POINT ( 'NONE',  ( -0.1081490473580810100, 6.824819318074709100E-017, 1.114577578257897100 ) ) ;
#1649 = EDGE_CURVE ( 'NONE', #1008, #3238, #652, .T. ) ;
#1650 = CARTESIAN_POINT ( 'NONE',  ( 2.632355715851501200, -0.3349364905389022900, -1.250000000000000900 ) ) ;
#1651 = ADVANCED_FACE ( 'NONE', ( #1204 ), #448, .F. ) ;
#1652 = DIRECTION ( 'NONE',  ( 1.000000000000000000, 0.0000000000000000000, 0.0000000000000000000 ) ) ;
#1653 = CARTESIAN_POINT ( 'NONE',  ( 0.06249999999999989600, 0.0000000000000000000, 0.0000000000000000000 ) ) ;
#1654 = CARTESIAN_POINT ( 'NONE',  ( 3.953737976320961200, -2.711095453990543300E-016, -1.475851625615981000 ) ) ;
#1655 = EDGE_LOOP ( 'NONE', ( #3312, #783, #2127 ) ) ;
#1656 = CARTESIAN_POINT ( 'NONE',  ( 4.886213928962876100, -2.711095453990543300E-016, -1.475851625615981000 ) ) ;
#1657 = CARTESIAN_POINT ( 'NONE',  ( 4.991850952641918600, -0.9652524972598771600, -0.5572887891289481900 ) ) ;
#1658 = ORIENTED_EDGE ( 'NONE', *, *, #2721, .F. ) ;
#1659 =( BOUNDED_CURVE ( )  B_SPLINE_CURVE ( 2, ( #1444, #44, #70, #1194, #3372, #1290, #2379, #3483, #2131 ),
 .UNSPECIFIED., .F., .T. ) 
 B_SPLINE_CURVE_WITH_KNOTS ( ( 3, 2, 2, 2, 3 ),
 ( 0.2722222222222222500, 0.2777777777777777900, 0.2888888888888889700, 0.3000000000000000400, 0.3055555555555555800 ),
 .UNSPECIFIED. ) 
 CURVE ( )  GEOMETRIC_REPRESENTATION_ITEM ( )  RATIONAL_B_SPLINE_CURVE ( ( 0.9330127018922194100, 0.9330127018922194100, 1.000000000000000000, 0.8660254037844388200, 1.000000000000000000, 0.8660254037844388200, 1.000000000000000000, 0.9330127018922194100, 0.9330127018922194100 ) ) 
 REPRESENTATION_ITEM ( '' )  );
#1660 = CARTESIAN_POINT ( 'NONE',  ( 0.9418509526419188700, -0.9652524972598771600, -0.5572887891289481900 ) ) ;
#1661 = CARTESIAN_POINT ( 'NONE',  ( 0.9112139289628770100, 1.278124999999999500, -0.7379258128079913000 ) ) ;
#1662 = CARTESIAN_POINT ( 'NONE',  ( 1.729350952641918800, -0.4826262486299382500, 0.8359331836934227300 ) ) ;
#1663 = DIRECTION ( 'NONE',  ( -1.000000000000000000, -0.0000000000000000000, -0.0000000000000000000 ) ) ;
#1664 = CARTESIAN_POINT ( 'NONE',  ( 5.164951905283834000, -0.6249999999999997800, 1.082531754730548600 ) ) ;
#1665 = CARTESIAN_POINT ( 'NONE',  ( 0.07827230715412637800, -1.881931238497226700, 1.511542704210575100 ) ) ;
#1666 = VERTEX_POINT ( 'NONE', #1884 ) ;
#1667 = CARTESIAN_POINT ( 'NONE',  ( 3.578737976320960800, 1.278124999999999500, -0.7379258128079913000 ) ) ;
#1668 = ORIENTED_EDGE ( 'NONE', *, *, #444, .T. ) ;
#1669 = CARTESIAN_POINT ( 'NONE',  ( 5.373713928962876800, 0.6390624999999990900, -1.106888719211986300 ) ) ;
#1670 = ADVANCED_FACE ( 'NONE', ( #626 ), #712, .F. ) ;
#1671 = CARTESIAN_POINT ( 'NONE',  ( 4.504350952641918800, -0.9652524972598769400, 1.182093381138297500E-016 ) ) ;
#1672 = CARTESIAN_POINT ( 'NONE',  ( 5.999999999999999100, 0.9340480779059849900, 2.058803302138241300 ) ) ;
#1673 = ORIENTED_EDGE ( 'NONE', *, *, #3449, .F. ) ;
#1674 = CARTESIAN_POINT ( 'NONE',  ( 0.3862139289628770400, -2.711095453990543300E-016, -1.475851625615981000 ) ) ;
#1675 = EDGE_CURVE ( 'NONE', #1872, #659, #2585, .T. ) ;
#1676 = CARTESIAN_POINT ( 'NONE',  ( 1.616850952641918600, 0.9652524972598769400, 0.5572887891289483000 ) ) ;
#1677 = CARTESIAN_POINT ( 'NONE',  ( 3.777451905283834700, 2.033577675846917800E-016, 1.250000000000000000 ) ) ;
#1678 = ORIENTED_EDGE ( 'NONE', *, *, #796, .T. ) ;
#1679 = CARTESIAN_POINT ( 'NONE',  ( 4.878909776184770000E-016, 0.0000000000000000000, 0.0000000000000000000 ) ) ;
#1680 = CARTESIAN_POINT ( 'NONE',  ( 5.652752497259878200, 0.9117547729613368900, 0.3168842335122552500 ) ) ;
#1681 = CARTESIAN_POINT ( 'NONE',  ( 0.06249999999999989600, 0.8122873928263640900, 0.9500995692322716800 ) ) ;
#1682 = CARTESIAN_POINT ( 'NONE',  ( 3.053737976320960400, -2.711095453990543300E-016, -1.475851625615981000 ) ) ;
#1683 = AXIS2_PLACEMENT_3D ( 'NONE', #1562, #457, #1575 ) ;
#1684 = CARTESIAN_POINT ( 'NONE',  ( 5.561213928962875900, 9.036984846635145800E-017, 1.475851625615981000 ) ) ;
#1685 = DIRECTION ( 'NONE',  ( 0.0000000000000000000, 0.0000000000000000000, 1.000000000000000000 ) ) ;
#1686 = CARTESIAN_POINT ( 'NONE',  ( 3.154350952641918700, -0.9652524972598769400, 1.182093381138297500E-016 ) ) ;
#1687 = CARTESIAN_POINT ( 'NONE',  ( 0.5737139289628771000, 0.6390625000000002000, 1.106888719211985600 ) ) ;
#1688 = CARTESIAN_POINT ( 'NONE',  ( 0.9793509526419188500, -0.4826262486299389100, -0.8359331836934224000 ) ) ;
#1689 = CARTESIAN_POINT ( 'NONE',  ( 5.709238654534137100, 2.199169000880166300E-014, 1.021738654534134300 ) ) ;
#1690 = CARTESIAN_POINT ( 'NONE',  ( 2.539951905283834900, -1.250000000000000200, 1.530808498934192100E-016 ) ) ;
#1691 = ADVANCED_FACE ( 'NONE', ( #1199 ), #3469, .T. ) ;
#1692 = CARTESIAN_POINT ( 'NONE',  ( 0.2009618943233410500, -2.249999999999999100, 1.299038105676656900 ) ) ;
#1693 = DIRECTION ( 'NONE',  ( 0.0000000000000000000, 0.0000000000000000000, -1.000000000000000000 ) ) ;
#1694 = VECTOR ( 'NONE', #2437, 1000.000000000000000 ) ;
#1695 = CARTESIAN_POINT ( 'NONE',  ( 3.991237976320960400, 0.6390624999999990900, -1.106888719211986300 ) ) ;
#1696 = PERSON_AND_ORGANIZATION ( #614, #2867 ) ;
#1697 = CARTESIAN_POINT ( 'NONE',  ( 4.923713928962876600, 0.6390624999999990900, -1.106888719211986300 ) ) ;
#1698 = EDGE_CURVE ( 'NONE', #1540, #185, #221, .T. ) ;
#1699 = CARTESIAN_POINT ( 'NONE',  ( 2.591850952641919100, 6.824819318074709100E-017, 1.114577578257897100 ) ) ;
#1700 = CARTESIAN_POINT ( 'NONE',  ( 0.5293509526419190000, -0.4826262486299389100, -0.8359331836934224000 ) ) ;
#1701 = B_SPLINE_CURVE_WITH_KNOTS ( 'NONE', 3,
 ( #1762, #1777, #2553, #2802 ),
 .UNSPECIFIED., .F., .F.,
 ( 4, 4 ),
 ( 2.380746839932554300E-007, 0.001314652396222794100 ),
 .UNSPECIFIED. ) ;
#1702 = DIRECTION ( 'NONE',  ( 0.0000000000000000000, 0.0000000000000000000, 1.000000000000000000 ) ) ;
#1703 = AXIS2_PLACEMENT_3D ( 'NONE', #1828, #718, #2136 ) ;
#1704 = CARTESIAN_POINT ( 'NONE',  ( 0.6981009526419189600, 0.9652524972598767200, -0.5572887891289489700 ) ) ;
#1705 =( BOUNDED_CURVE ( )  B_SPLINE_CURVE ( 2, ( #2555, #914, #2055, #940, #2565, #2076, #1764, #1778, #1803 ),
 .UNSPECIFIED., .F., .T. ) 
 B_SPLINE_CURVE_WITH_KNOTS ( ( 3, 2, 2, 2, 3 ),
 ( 0.4388888888888888800, 0.4444444444444445300, 0.4555555555555556000, 0.4666666666666667300, 0.4722222222222222700 ),
 .UNSPECIFIED. ) 
 CURVE ( )  GEOMETRIC_REPRESENTATION_ITEM ( )  RATIONAL_B_SPLINE_CURVE ( ( 0.9330127018922194100, 0.9330127018922187400, 1.000000000000000000, 0.8660254037844388200, 1.000000000000000000, 0.8660254037844388200, 1.000000000000000000, 0.9330127018922194100, 0.9330127018922194100 ) ) 
 REPRESENTATION_ITEM ( '' )  );
#1706 = CARTESIAN_POINT ( 'NONE',  ( 0.1398476031505098700, 2.249999999999998700, -1.087331990916863900 ) ) ;
#1707 = CARTESIAN_POINT ( 'NONE',  ( 5.788242002803452900, -1.091955263196275200, -0.1995109189391278100 ) ) ;
#1708 = ORIENTED_EDGE ( 'NONE', *, *, #3124, .T. ) ;
#1709 = CARTESIAN_POINT ( 'NONE',  ( 4.328737976320960400, -1.278125000000000400, -0.7379258128079899700 ) ) ;
#1710 =( BOUNDED_CURVE ( )  B_SPLINE_CURVE ( 2, ( #2504, #314, #2467, #848, #1159, #1395, #3297, #1110, #24 ),
 .UNSPECIFIED., .F., .T. ) 
 B_SPLINE_CURVE_WITH_KNOTS ( ( 3, 2, 2, 2, 3 ),
 ( 0.1722222222222222800, 0.1777777777777778100, 0.1888888888888888800, 0.2000000000000000700, 0.2055555555555556000 ),
 .UNSPECIFIED. ) 
 CURVE ( )  GEOMETRIC_REPRESENTATION_ITEM ( )  RATIONAL_B_SPLINE_CURVE ( ( 0.9330127018922194100, 0.9330127018922194100, 1.000000000000000000, 0.8660254037844388200, 1.000000000000000000, 0.8660254037844388200, 1.000000000000000000, 0.9330127018922194100, 0.9330127018922194100 ) ) 
 REPRESENTATION_ITEM ( '' )  );
#1711 = CC_DESIGN_APPROVAL ( #693, ( #1090 ) ) ;
#1712 = CARTESIAN_POINT ( 'NONE',  ( 0.9981009526419191100, -0.9652524972598771600, -0.5572887891289481900 ) ) ;
#1713 = CARTESIAN_POINT ( 'NONE',  ( 4.061213928962876800, 1.278124999999999500, -0.7379258128079913000 ) ) ;
#1714 = CARTESIAN_POINT ( 'NONE',  ( 3.791850952641918800, 0.9652524972598765000, -0.5572887891289489700 ) ) ;
#1715 = EDGE_LOOP ( 'NONE', ( #3274, #2327, #3058 ) ) ;
#1716 = CARTESIAN_POINT ( 'NONE',  ( 6.000000000000000000, 9.144215405900934900E-016, -2.598076211353313800 ) ) ;
#1717 = CARTESIAN_POINT ( 'NONE',  ( 4.878909776184770000E-016, 0.0000000000000000000, 0.0000000000000000000 ) ) ;
#1718 = CARTESIAN_POINT ( 'NONE',  ( 0.5856009526419190300, -0.4826262486299389100, -0.8359331836934224000 ) ) ;
#1719 = CARTESIAN_POINT ( 'NONE',  ( 0.8106009526419192300, 0.4826262486299385800, 0.8359331836934226200 ) ) ;
#1720 = EDGE_LOOP ( 'NONE', ( #3268, #1340, #1486 ) ) ;
#1721 = CARTESIAN_POINT ( 'NONE',  ( 1.523100952641919000, -2.047445795422412600E-016, -1.114577578257897100 ) ) ;
#1722 = CARTESIAN_POINT ( 'NONE',  ( 0.8293509526419188300, -0.4826262486299382500, 0.8359331836934227300 ) ) ;
#1723 = ORIENTED_EDGE ( 'NONE', *, *, #1489, .T. ) ;
#1724 = CARTESIAN_POINT ( 'NONE',  ( 2.891850952641918900, 0.9652524972598765000, -0.5572887891289489700 ) ) ;
#1725 = EDGE_CURVE ( 'NONE', #2166, #1097, #2357, .T. ) ;
#1726 = CARTESIAN_POINT ( 'NONE',  ( 3.191850952641918800, -0.9652524972598771600, -0.5572887891289480800 ) ) ;
#1727 = CARTESIAN_POINT ( 'NONE',  ( 0.0000000000000000000, 0.0000000000000000000, 1.250000000000000200 ) ) ;
#1728 = CARTESIAN_POINT ( 'NONE',  ( 2.160600952641918800, 0.4826262486299385800, 0.8359331836934226200 ) ) ;
#1729 = CARTESIAN_POINT ( 'NONE',  ( 2.587500000000002600, 2.817957636530729900E-015, -1.250000000000000200 ) ) ;
#1730 = CARTESIAN_POINT ( 'NONE',  ( 5.266237976320960400, -0.6390625000000006400, -1.106888719211985400 ) ) ;
#1731 = FACE_OUTER_BOUND ( 'NONE', #1804, .T. ) ;
#1732 = CARTESIAN_POINT ( 'NONE',  ( 0.6981009526419189600, 0.9652524972598765000, -0.5572887891289489700 ) ) ;
#1733 = CARTESIAN_POINT ( 'NONE',  ( 0.7918509526419188500, 6.824819318074709100E-017, 1.114577578257897100 ) ) ;
#1734 = CIRCLE ( 'NONE', #2154, 2.249999999999998200 ) ;
#1735 = CARTESIAN_POINT ( 'NONE',  ( 5.066850952641918800, -2.047445795422412600E-016, -1.114577578257897100 ) ) ;
#1736 = LOCAL_TIME ( 12, 10, 4.000000000000000000, #2611 ) ;
#1737 = CARTESIAN_POINT ( 'NONE',  ( 3.829350952641918900, 0.9652524972598769400, 0.0000000000000000000 ) ) ;
#1738 = CARTESIAN_POINT ( 'NONE',  ( 1.635600952641919300, 0.9652524972598769400, 0.0000000000000000000 ) ) ;
#1739 = CARTESIAN_POINT ( 'NONE',  ( 4.077451905283833600, 1.249999999999999100, -0.7216878364870330500 ) ) ;
#1740 = CARTESIAN_POINT ( 'NONE',  ( 6.000000000000000900, -0.9340480779059847600, -2.058803302138240400 ) ) ;
#1741 = CARTESIAN_POINT ( 'NONE',  ( 0.8856009526419190700, -0.4826262486299382500, 0.8359331836934227300 ) ) ;
#1742 = CARTESIAN_POINT ( 'NONE',  ( 0.3793509526419189300, -0.4826262486299382500, 0.8359331836934227300 ) ) ;
#1743 = EDGE_CURVE ( 'NONE', #3188, #1280, #1046, .T. ) ;
#1744 = ORIENTED_EDGE ( 'NONE', *, *, #1059, .F. ) ;
#1745 = CARTESIAN_POINT ( 'NONE',  ( 4.916850952641919300, -0.9652524972598767200, 0.5572887891289487500 ) ) ;
#1746 = VERTEX_POINT ( 'NONE', #545 ) ;
#1747 =( BOUNDED_CURVE ( )  B_SPLINE_CURVE ( 2, ( #3507, #3518, #1637, #1348, #495, #3251, #2168, #3544, #470 ),
 .UNSPECIFIED., .F., .T. ) 
 B_SPLINE_CURVE_WITH_KNOTS ( ( 3, 2, 2, 2, 3 ),
 ( 0.8833333333333333000, 0.8888888888888888400, 0.9000000000000000200, 0.9111111111111110900, 0.9166666666666667400 ),
 .UNSPECIFIED. ) 
 CURVE ( )  GEOMETRIC_REPRESENTATION_ITEM ( )  RATIONAL_B_SPLINE_CURVE ( ( 0.9330127018922194100, 0.9330127018922194100, 1.000000000000000000, 0.8660254037844388200, 1.000000000000000000, 0.8660254037844388200, 1.000000000000000000, 0.9330127018922187400, 0.9330127018922194100 ) ) 
 REPRESENTATION_ITEM ( '' )  );
#1748 = EDGE_LOOP ( 'NONE', ( #1454, #1328, #273 ) ) ;
#1749 = CARTESIAN_POINT ( 'NONE',  ( 2.066850952641918800, 0.9652524972598769400, 0.5572887891289483000 ) ) ;
#1750 = DIRECTION ( 'NONE',  ( -1.000000000000000000, -0.0000000000000000000, -0.0000000000000000000 ) ) ;
#1751 = AXIS2_PLACEMENT_3D ( 'NONE', #1532, #732, #705 ) ;
#1752 = CARTESIAN_POINT ( 'NONE',  ( 1.560600952641919100, 0.4826262486299377500, -0.8359331836934230700 ) ) ;
#1753 = DIRECTION ( 'NONE',  ( -0.4999999999999979500, 0.0000000000000000000, -0.8660254037844397100 ) ) ;
#1754 = CARTESIAN_POINT ( 'NONE',  ( 5.799038105676659800, 8.128577730476220800E-016, -2.598076211353313800 ) ) ;
#1755 = CARTESIAN_POINT ( 'NONE',  ( 1.387500000000002400, 1.250000000000000200, 0.7216878364870320500 ) ) ;
#1756 = CARTESIAN_POINT ( 'NONE',  ( 5.891850952641918000, -0.9652524972598771600, -0.5572887891289481900 ) ) ;
#1757 = ORIENTED_EDGE ( 'NONE', *, *, #2573, .F. ) ;
#1758 = CARTESIAN_POINT ( 'NONE',  ( 3.510600952641918800, 0.4826262486299385800, 0.8359331836934226200 ) ) ;
#1759 = CARTESIAN_POINT ( 'NONE',  ( 5.666850952641918400, 0.9652524972598769400, 0.5572887891289483000 ) ) ;
#1760 = VERTEX_POINT ( 'NONE', #3271 ) ;
#1761 = CARTESIAN_POINT ( 'NONE',  ( 2.479350952641918800, 0.9652524972598769400, 0.0000000000000000000 ) ) ;
#1762 = CARTESIAN_POINT ( 'NONE',  ( 5.799038105676659800, 8.128577730476220800E-016, -2.598076211353313800 ) ) ;
#1763 = LINE ( 'NONE', #2881, #1013 ) ;
#1764 = CARTESIAN_POINT ( 'NONE',  ( 3.300000000000002000, -0.6249999999999997800, 1.082531754730548600 ) ) ;
#1765 = CARTESIAN_POINT ( 'NONE',  ( 4.189951905283835200, 0.6250000000000003300, 1.082531754730548400 ) ) ;
#1766 = CARTESIAN_POINT ( 'NONE',  ( 0.0000000000000000000, 1.124999999999999300, -1.948557158514985500 ) ) ;
#1767 = DIRECTION ( 'NONE',  ( -1.000000000000000000, -0.0000000000000000000, -0.0000000000000000000 ) ) ;
#1768 = ORIENTED_EDGE ( 'NONE', *, *, #1178, .F. ) ;
#1769 = CARTESIAN_POINT ( 'NONE',  ( 2.310600952641918700, -0.9652524972598769400, 1.182093381138297500E-016 ) ) ;
#1770 = CARTESIAN_POINT ( 'NONE',  ( 4.935600952641918200, -0.4826262486299382500, 0.8359331836934227300 ) ) ;
#1771 = CARTESIAN_POINT ( 'NONE',  ( 2.423100952641918900, -2.047445795422412600E-016, -1.114577578257897100 ) ) ;
#1772 = CARTESIAN_POINT ( 'NONE',  ( 2.672548094716169100, 0.3349364905389043400, -1.249999999999999600 ) ) ;
#1773 = CARTESIAN_POINT ( 'NONE',  ( 0.0000000000000000000, 0.0000000000000000000, 0.0000000000000000000 ) ) ;
#1774 = CARTESIAN_POINT ( 'NONE',  ( 4.354350952641918400, 0.4826262486299385800, 0.8359331836934226200 ) ) ;
#1775 =( BOUNDED_CURVE ( )  B_SPLINE_CURVE ( 2, ( #353, #616, #3390, #3405, #2029, #2002, #3116, #2305, #886 ),
 .UNSPECIFIED., .F., .T. ) 
 B_SPLINE_CURVE_WITH_KNOTS ( ( 3, 2, 2, 2, 3 ),
 ( 0.2388888888888889300, 0.2444444444444444600, 0.2555555555555556500, 0.2666666666666667200, 0.2722222222222222500 ),
 .UNSPECIFIED. ) 
 CURVE ( )  GEOMETRIC_REPRESENTATION_ITEM ( )  RATIONAL_B_SPLINE_CURVE ( ( 0.9330127018922194100, 0.9330127018922194100, 1.000000000000000000, 0.8660254037844388200, 1.000000000000000000, 0.8660254037844388200, 1.000000000000000000, 0.9330127018922194100, 0.9330127018922194100 ) ) 
 REPRESENTATION_ITEM ( '' )  );
#1776 = CARTESIAN_POINT ( 'NONE',  ( 2.179350952641919000, -0.4826262486299382500, 0.8359331836934227300 ) ) ;
#1777 = CARTESIAN_POINT ( 'NONE',  ( 5.921727692845874600, 0.3680687615027735700, -2.385571612819395300 ) ) ;
#1778 = CARTESIAN_POINT ( 'NONE',  ( 3.282596189432336800, -0.3349364905389032300, 1.250000000000000000 ) ) ;
#1779 = CARTESIAN_POINT ( 'NONE',  ( 1.748100952641918900, 6.824819318074709100E-017, 1.114577578257897100 ) ) ;
#1780 = PLANE ( 'NONE',  #1445 ) ;
#1781 = PRODUCT_RELATED_PRODUCT_CATEGORY ( 'detail', '', ( #3388 ) ) ;
#1782 = CARTESIAN_POINT ( 'NONE',  ( 2.498100952641919100, 0.9652524972598765000, -0.5572887891289489700 ) ) ;
#1783 = VECTOR ( 'NONE', #851, 1000.000000000000000 ) ;
#1784 = CARTESIAN_POINT ( 'NONE',  ( 5.348100952641917900, 6.824819318074709100E-017, 1.114577578257896800 ) ) ;
#1785 = CARTESIAN_POINT ( 'NONE',  ( 3.848100952641918800, 0.9652524972598765000, -0.5572887891289489700 ) ) ;
#1786 = B_SPLINE_CURVE_WITH_KNOTS ( 'NONE', 3,
 ( #2754, #2469, #244, #1636, #16, #293 ),
 .UNSPECIFIED., .F., .F.,
 ( 4, 2, 4 ),
 ( 0.003784445918541617800, 0.004442826022025980400, 0.005101206125510343100 ),
 .UNSPECIFIED. ) ;
#1787 = CARTESIAN_POINT ( 'NONE',  ( 5.887995842343785000, 0.8679531877169827100, -0.8348059563425117600 ) ) ;
#1788 = CYLINDRICAL_SURFACE ( 'NONE', #1536, 1.250000000000000200 ) ;
#1789 = CARTESIAN_POINT ( 'NONE',  ( 0.0000000000000000000, 1.530808498934191800E-016, -1.250000000000000200 ) ) ;
#1790 = CARTESIAN_POINT ( 'NONE',  ( 0.0000000000000000000, -1.125000000000000200, 1.948557158514985000 ) ) ;
#1791 = CARTESIAN_POINT ( 'NONE',  ( 0.1024519052838352800, 1.250000000000000200, 0.7216878364870320500 ) ) ;
#1792 = CARTESIAN_POINT ( 'NONE',  ( 5.799038105676658900, -1.420391034258040000E-015, 2.598076211353314700 ) ) ;
#1793 = DIRECTION ( 'NONE',  ( 0.0000000000000000000, 0.0000000000000000000, -1.000000000000000000 ) ) ;
#1794 = CARTESIAN_POINT ( 'NONE',  ( 0.7399519052838352500, -1.250000000000000200, 1.530808498934192100E-016 ) ) ;
#1795 = CARTESIAN_POINT ( 'NONE',  ( 4.223100952641918800, -2.047445795422412600E-016, -1.114577578257897100 ) ) ;
#1796 = ORIENTED_EDGE ( 'NONE', *, *, #2132, .T. ) ;
#1797 = CARTESIAN_POINT ( 'NONE',  ( 3.660600952641918800, -0.9652524972598769400, 1.182093381138297500E-016 ) ) ;
#1798 = CARTESIAN_POINT ( 'NONE',  ( 2.985600952641918500, 0.9652524972598769400, 0.0000000000000000000 ) ) ;
#1799 = ORIENTED_EDGE ( 'NONE', *, *, #3091, .T. ) ;
#1800 = CARTESIAN_POINT ( 'NONE',  ( 2.802451905283834600, 1.250000000000000200, 0.7216878364870320500 ) ) ;
#1801 = CARTESIAN_POINT ( 'NONE',  ( 1.527451905283835300, 2.033577675846917800E-016, 1.250000000000000000 ) ) ;
#1802 = AXIS2_PLACEMENT_3D ( 'NONE', #2943, #2969, #1347 ) ;
#1803 = CARTESIAN_POINT ( 'NONE',  ( 3.262500000000002000, 1.743066579297358300E-016, 1.250000000000000000 ) ) ;
#1804 = EDGE_LOOP ( 'NONE', ( #2133, #2347, #832, #1148 ) ) ;
#1805 = CARTESIAN_POINT ( 'NONE',  ( 2.798100952641918900, -0.9652524972598771600, -0.5572887891289481900 ) ) ;
#1806 = CARTESIAN_POINT ( 'NONE',  ( 3.323100952641918800, -2.047445795422412600E-016, -1.114577578257896800 ) ) ;
#1807 = CARTESIAN_POINT ( 'NONE',  ( 3.548100952641918500, 6.824819318074709100E-017, 1.114577578257897100 ) ) ;
#1808 = ORIENTED_EDGE ( 'NONE', *, *, #3353, .F. ) ;
#1809 = DIRECTION ( 'NONE',  ( 0.0000000000000000000, 0.0000000000000000000, 1.000000000000000000 ) ) ;
#1810 = VERTEX_POINT ( 'NONE', #1968 ) ;
#1811 = CARTESIAN_POINT ( 'NONE',  ( 4.879350952641918800, -0.4826262486299382500, 0.8359331836934227300 ) ) ;
#1812 = DIRECTION ( 'NONE',  ( 1.000000000000000000, 0.0000000000000000000, 0.0000000000000000000 ) ) ;
#1813 = CARTESIAN_POINT ( 'NONE',  ( 0.2032068668168018300, 0.7849497795782607300, 0.7874137407129836500 ) ) ;
#1814 = CARTESIAN_POINT ( 'NONE',  ( 3.923100952641918900, 0.9652524972598769400, 0.5572887891289483000 ) ) ;
#1815 = EDGE_CURVE ( 'NONE', #1143, #2067, #3291, .T. ) ;
#1816 = CARTESIAN_POINT ( 'NONE',  ( 3.248100952641918700, -0.9652524972598771600, -0.5572887891289480800 ) ) ;
#1817 = CARTESIAN_POINT ( 'NONE',  ( 6.173100952641918000, 0.9652524972598769400, 0.5572887891289483000 ) ) ;
#1818 = CARTESIAN_POINT ( 'NONE',  ( 4.827451905283834500, -1.250000000000000200, -0.7216878364870317200 ) ) ;
#1819 = FACE_OUTER_BOUND ( 'NONE', #2627, .T. ) ;
#1820 = CARTESIAN_POINT ( 'NONE',  ( 0.3472475027401229500, -0.06945377945172856400, 0.9627505159626241800 ) ) ;
#1821 = CONICAL_SURFACE ( 'NONE', #2316, 2.249999999999998700, 1.047197551196600100 ) ;
#1822 = ORIENTED_EDGE ( 'NONE', *, *, #845, .F. ) ;
#1823 = CARTESIAN_POINT ( 'NONE',  ( 4.916850952641919300, -0.9652524972598767200, 0.5572887891289487500 ) ) ;
#1824 = CYLINDRICAL_SURFACE ( 'NONE', #827, 1.250000000000000200 ) ;
#1825 = CARTESIAN_POINT ( 'NONE',  ( 4.373100952641919100, 0.9652524972598769400, 0.5572887891289483000 ) ) ;
#1826 = CARTESIAN_POINT ( 'NONE',  ( 0.1287379763209610400, 9.036984846635145800E-017, 1.475851625615981000 ) ) ;
#1827 = CIRCLE ( 'NONE', #2228, 2.249999999999998700 ) ;
#1828 = CARTESIAN_POINT ( 'NONE',  ( 0.0000000000000000000, 0.0000000000000000000, 0.0000000000000000000 ) ) ;
#1829 = CARTESIAN_POINT ( 'NONE',  ( 1.527451905283835300, 2.033577675846917800E-016, 1.250000000000000000 ) ) ;
#1830 = ORIENTED_EDGE ( 'NONE', *, *, #2374, .F. ) ;
#1831 = CARTESIAN_POINT ( 'NONE',  ( 2.910600952641918800, 0.4826262486299377500, -0.8359331836934230700 ) ) ;
#1832 = CARTESIAN_POINT ( 'NONE',  ( 1.077451905283834900, -1.481606592402754400E-015, 1.249999999999999800 ) ) ;
#1833 = CARTESIAN_POINT ( 'NONE',  ( 0.2009618943233409700, -2.249999999999998200, -1.299038105676658200 ) ) ;
#1834 = EDGE_CURVE ( 'NONE', #1810, #2670, #1786, .T. ) ;
#1835 = ORIENTED_EDGE ( 'NONE', *, *, #1200, .F. ) ;
#1836 = CARTESIAN_POINT ( 'NONE',  ( 4.523100952641918600, -0.9652524972598767200, 0.5572887891289487500 ) ) ;
#1837 = CARTESIAN_POINT ( 'NONE',  ( 0.0000000000000000000, 0.0000000000000000000, 0.0000000000000000000 ) ) ;
#1838 = CARTESIAN_POINT ( 'NONE',  ( 5.160600952641918800, 0.4826262486299377500, -0.8359331836934230700 ) ) ;
#1839 = CARTESIAN_POINT ( 'NONE',  ( 5.464951905283834700, 1.250000000000000200, 0.0000000000000000000 ) ) ;
#1840 = EDGE_LOOP ( 'NONE', ( #1796, #432, #973 ) ) ;
#1841 = CARTESIAN_POINT ( 'NONE',  ( 2.891850952641918900, 0.9652524972598765000, -0.5572887891289489700 ) ) ;
#1842 = VERTEX_POINT ( 'NONE', #3026 ) ;
#1843 = CARTESIAN_POINT ( 'NONE',  ( 4.912500000000001400, 1.249999999999999100, -0.7216878364870330500 ) ) ;
#1844 = DIRECTION ( 'NONE',  ( -1.000000000000000000, -0.0000000000000000000, -0.0000000000000000000 ) ) ;
#1845 = CARTESIAN_POINT ( 'NONE',  ( 0.0000000000000000000, 0.0000000000000000000, 2.249999999999998200 ) ) ;
#1846 = CARTESIAN_POINT ( 'NONE',  ( 0.9750000000000028600, 0.6250000000000002200, 1.082531754730548400 ) ) ;
#1847 = VERTEX_POINT ( 'NONE', #1100 ) ;
#1848 = CARTESIAN_POINT ( 'NONE',  ( 0.1162356780558992500, -0.5944823391901549200, 1.081093811608453900 ) ) ;
#1849 = CARTESIAN_POINT ( 'NONE',  ( 3.777451905283834700, 2.033577675846917800E-016, 1.250000000000000000 ) ) ;
#1850 = CARTESIAN_POINT ( 'NONE',  ( 5.423100952641918000, -0.9652524972598767200, 0.5572887891289487500 ) ) ;
#1851 = CARTESIAN_POINT ( 'NONE',  ( 4.789951905283834900, -1.250000000000000200, 1.530808498934192100E-016 ) ) ;
#1852 = ORIENTED_EDGE ( 'NONE', *, *, #2474, .T. ) ;
#1853 = CARTESIAN_POINT ( 'NONE',  ( 2.666850952641919300, -0.9652524972598767200, 0.5572887891289487500 ) ) ;
#1854 = CARTESIAN_POINT ( 'NONE',  ( 0.5825961894323371500, -0.3349364905389032300, 1.250000000000000000 ) ) ;
#1855 = CARTESIAN_POINT ( 'NONE',  ( 1.547548094716169300, -0.3349364905389032300, 1.250000000000000000 ) ) ;
#1856 = CARTESIAN_POINT ( 'NONE',  ( 5.652752497259878200, 0.9117547729613368900, 0.3168842335122552500 ) ) ;
#1857 =( BOUNDED_CURVE ( )  B_SPLINE_CURVE ( 2, ( #3194, #742, #1299, #447, #2924, #2912, #1264, #184, #169 ),
 .UNSPECIFIED., .F., .T. ) 
 B_SPLINE_CURVE_WITH_KNOTS ( ( 3, 2, 2, 2, 3 ),
 ( 0.6388888888888888400, 0.6444444444444444900, 0.6555555555555556700, 0.6666666666666667400, 0.6722222222222222800 ),
 .UNSPECIFIED. ) 
 CURVE ( )  GEOMETRIC_REPRESENTATION_ITEM ( )  RATIONAL_B_SPLINE_CURVE ( ( 0.9330127018922194100, 0.9330127018922187400, 1.000000000000000000, 0.8660254037844388200, 1.000000000000000000, 0.8660254037844388200, 1.000000000000000000, 0.9330127018922194100, 0.9330127018922194100 ) ) 
 REPRESENTATION_ITEM ( '' )  );
#1858 = CARTESIAN_POINT ( 'NONE',  ( 5.648100952641918600, 0.9652524972598765000, -0.5572887891289489700 ) ) ;
#1859 = EDGE_CURVE ( 'NONE', #1008, #2873, #3112, .T. ) ;
#1860 = LINE ( 'NONE', #3517, #375 ) ;
#1861 = CARTESIAN_POINT ( 'NONE',  ( 5.498100952641918200, -0.9652524972598771600, -0.5572887891289480800 ) ) ;
#1862 = CARTESIAN_POINT ( 'NONE',  ( 4.635600952641918400, -0.4826262486299389100, -0.8359331836934224000 ) ) ;
#1863 =( BOUNDED_CURVE ( )  B_SPLINE_CURVE ( 2, ( #729, #1626, #1015, #1048, #192, #2667, #752, #1574, #1908 ),
 .UNSPECIFIED., .F., .T. ) 
 B_SPLINE_CURVE_WITH_KNOTS ( ( 3, 2, 2, 2, 3 ),
 ( 0.1055555555555556200, 0.1111111111111111600, 0.1222222222222222300, 0.1333333333333334100, 0.1388888888888889500 ),
 .UNSPECIFIED. ) 
 CURVE ( )  GEOMETRIC_REPRESENTATION_ITEM ( )  RATIONAL_B_SPLINE_CURVE ( ( 0.9330127018922194100, 0.9330127018922194100, 1.000000000000000000, 0.8660254037844388200, 1.000000000000000000, 0.8660254037844388200, 1.000000000000000000, 0.9330127018922194100, 0.9330127018922194100 ) ) 
 REPRESENTATION_ITEM ( '' )  );
#1864 = DIRECTION ( 'NONE',  ( 0.0000000000000000000, 0.0000000000000000000, 1.000000000000000000 ) ) ;
#1865 = LINE ( 'NONE', #3097, #804 ) ;
#1866 = CARTESIAN_POINT ( 'NONE',  ( 1.879350952641918800, -0.4826262486299389100, -0.8359331836934224000 ) ) ;
#1867 = CYLINDRICAL_SURFACE ( 'NONE', #2620, 1.250000000000000200 ) ;
#1868 = CARTESIAN_POINT ( 'NONE',  ( 5.799038105676684700, 2.249999999999998700, -1.299038105676695800 ) ) ;
#1869 = CARTESIAN_POINT ( 'NONE',  ( 1.612500000000002300, -1.250000000000000200, -0.7216878364870317200 ) ) ;
#1870 = CARTESIAN_POINT ( 'NONE',  ( 4.247548094716169200, -0.3349364905389032300, 1.250000000000000000 ) ) ;
#1871 = CARTESIAN_POINT ( 'NONE',  ( 6.210600952641918600, 0.4826262486299385800, 0.8359331836934226200 ) ) ;
#1872 = VERTEX_POINT ( 'NONE', #1016 ) ;
#1873 = ADVANCED_FACE ( 'NONE', ( #536 ), #3074, .F. ) ;
#1874 = CARTESIAN_POINT ( 'NONE',  ( 5.573100952641918400, -2.047445795422412600E-016, -1.114577578257896800 ) ) ;
#1875 = CARTESIAN_POINT ( 'NONE',  ( 1.741237976320960900, 0.6390624999999990900, -1.106888719211986300 ) ) ;
#1876 = ORIENTED_EDGE ( 'NONE', *, *, #665, .F. ) ;
#1877 = PERSON_AND_ORGANIZATION_ROLE ( 'classification_officer' ) ;
#1878 = CARTESIAN_POINT ( 'NONE',  ( 1.848713928962876900, 1.278125000000000200, 0.0000000000000000000 ) ) ;
#1879 = CARTESIAN_POINT ( 'NONE',  ( 3.679350952641919000, -0.4826262486299389100, -0.8359331836934224000 ) ) ;
#1880 = CARTESIAN_POINT ( 'NONE',  ( 0.5524519052838352500, 1.250000000000000200, 0.7216878364870320500 ) ) ;
#1881 = CARTESIAN_POINT ( 'NONE',  ( 0.1875000000000028600, -1.249999999999999600, 0.7216878364870327200 ) ) ;
#1882 = CARTESIAN_POINT ( 'NONE',  ( 0.4875000000000028200, 1.250000000000000200, 0.7216878364870320500 ) ) ;
#1883 = EDGE_CURVE ( 'NONE', #555, #3547, #2776, .T. ) ;
#1884 = CARTESIAN_POINT ( 'NONE',  ( 3.037500000000003200, 2.817957636530729900E-015, -1.250000000000000200 ) ) ;
#1885 = CARTESIAN_POINT ( 'NONE',  ( 1.977451905283835500, -3.108468733080289300E-015, 1.250000000000000200 ) ) ;
#1886 = ORIENTED_EDGE ( 'NONE', *, *, #1085, .F. ) ;
#1887 = CARTESIAN_POINT ( 'NONE',  ( 0.5037379763209610700, 1.278125000000000200, 0.7379258128079903000 ) ) ;
#1888 = AXIS2_PLACEMENT_3D ( 'NONE', #2839, #3142, #1517 ) ;
#1889 = ORIENTED_EDGE ( 'NONE', *, *, #1645, .F. ) ;
#1890 = CARTESIAN_POINT ( 'NONE',  ( 3.986213928962877100, -2.711095453990543300E-016, -1.475851625615981000 ) ) ;
#1891 = ADVANCED_FACE ( 'NONE', ( #62 ), #981, .F. ) ;
#1892 = CARTESIAN_POINT ( 'NONE',  ( 2.591850952641919100, 6.824819318074709100E-017, 1.114577578257897100 ) ) ;
#1893 = CC_DESIGN_PERSON_AND_ORGANIZATION_ASSIGNMENT ( #3554, #1314, ( #1090 ) ) ;
#1894 = ORIENTED_EDGE ( 'NONE', *, *, #2222, .T. ) ;
#1895 = CARTESIAN_POINT ( 'NONE',  ( 0.2668509526419189400, 0.9652524972598769400, 0.5572887891289483000 ) ) ;
#1896 = EDGE_LOOP ( 'NONE', ( #663, #2262, #1271, #1400 ) ) ;
#1897 = CARTESIAN_POINT ( 'NONE',  ( 5.877451905283834300, 1.249999999999999100, -0.7216878364870330500 ) ) ;
#1898 = CARTESIAN_POINT ( 'NONE',  ( 0.0000000000000000000, 0.0000000000000000000, 0.0000000000000000000 ) ) ;
#1899 = CARTESIAN_POINT ( 'NONE',  ( 2.127451905283834800, -1.250000000000000200, -0.7216878364870317200 ) ) ;
#1900 = CARTESIAN_POINT ( 'NONE',  ( 2.528737976320961400, -1.278125000000000400, -0.7379258128079899700 ) ) ;
#1901 = CARTESIAN_POINT ( 'NONE',  ( 3.011213928962876500, -1.278125000000000400, -0.7379258128079899700 ) ) ;
#1902 = LINE ( 'NONE', #2900, #2037 ) ;
#1903 =( BOUNDED_CURVE ( )  B_SPLINE_CURVE ( 2, ( #2651, #3187, #205, #2940, #1558, #1881, #453, #2664, #3467 ),
 .UNSPECIFIED., .F., .T. ) 
 B_SPLINE_CURVE_WITH_KNOTS ( ( 3, 2, 2, 2, 3 ),
 ( 0.9055555555555555600, 0.9111111111111112000, 0.9222222222222222800, 0.9333333333333333500, 0.9388888888888888800 ),
 .UNSPECIFIED. ) 
 CURVE ( )  GEOMETRIC_REPRESENTATION_ITEM ( )  RATIONAL_B_SPLINE_CURVE ( ( 0.9330127018922194100, 0.9330127018922187400, 1.000000000000000000, 0.8660254037844388200, 1.000000000000000000, 0.8660254037844388200, 1.000000000000000000, 0.9330127018922200800, 0.9330127018922194100 ) ) 
 REPRESENTATION_ITEM ( '' )  );
#1904 = CARTESIAN_POINT ( 'NONE',  ( 6.116850952641918600, 0.9652524972598769400, 0.5572887891289483000 ) ) ;
#1905 = CARTESIAN_POINT ( 'NONE',  ( 0.6043509526419189600, 0.4826262486299377500, -0.8359331836934230700 ) ) ;
#1906 = CARTESIAN_POINT ( 'NONE',  ( 3.225000000000002800, 0.6250000000000002200, 1.082531754730548400 ) ) ;
#1907 = FACE_OUTER_BOUND ( 'NONE', #2371, .T. ) ;
#1908 = CARTESIAN_POINT ( 'NONE',  ( 5.512500000000002000, 1.743066579297358300E-016, 1.250000000000000000 ) ) ;
#1909 = DATE_AND_TIME ( #2527, #988 ) ;
#1910 = CARTESIAN_POINT ( 'NONE',  ( 2.453737976320960800, -1.278125000000000000, 0.7379258128079908600 ) ) ;
#1911 = CARTESIAN_POINT ( 'NONE',  ( 3.798713928962876600, -0.6390624999999997600, 1.106888719211985800 ) ) ;
#1912 = CARTESIAN_POINT ( 'NONE',  ( 6.004350952641918800, 0.4826262486299377500, -0.8359331836934230700 ) ) ;
#1913 = CARTESIAN_POINT ( 'NONE',  ( 1.654350952641918900, 0.4826262486299385800, 0.8359331836934226200 ) ) ;
#1914 = CARTESIAN_POINT ( 'NONE',  ( 5.914951905283834900, 1.250000000000000200, 0.0000000000000000000 ) ) ;
#1915 = VERTEX_POINT ( 'NONE', #1311 ) ;
#1916 = CARTESIAN_POINT ( 'NONE',  ( 0.2301634242856088500, -0.1511090473605812800, -1.082336575714429600 ) ) ;
#1917 = CARTESIAN_POINT ( 'NONE',  ( 0.3542215672360543600, 0.5647291512165272300, 0.7885310507838059200 ) ) ;
#1918 = CARTESIAN_POINT ( 'NONE',  ( 0.9649519052838352300, 1.250000000000000200, 0.0000000000000000000 ) ) ;
#1919 = CARTESIAN_POINT ( 'NONE',  ( 1.816237976320961100, 1.278125000000000200, 0.0000000000000000000 ) ) ;
#1920 = CARTESIAN_POINT ( 'NONE',  ( 1.998713928962877300, -0.6390624999999997600, 1.106888719211985800 ) ) ;
#1921 = ADVANCED_FACE ( 'NONE', ( #2196 ), #2112, .T. ) ;
#1922 = CARTESIAN_POINT ( 'NONE',  ( 4.279350952641919100, 0.9652524972598769400, 0.0000000000000000000 ) ) ;
#1923 =( BOUNDED_CURVE ( )  B_SPLINE_CURVE ( 2, ( #720, #450, #2626, #2606, #2385, #2914, #3444, #3477, #1829 ),
 .UNSPECIFIED., .F., .T. ) 
 B_SPLINE_CURVE_WITH_KNOTS ( ( 3, 2, 2, 2, 3 ),
 ( 0.2500000000000000000, 0.2555555555555555400, 0.2666666666666666600, 0.2777777777777777900, 0.2833333333333333300 ),
 .UNSPECIFIED. ) 
 CURVE ( )  GEOMETRIC_REPRESENTATION_ITEM ( )  RATIONAL_B_SPLINE_CURVE ( ( 0.9330127018922194100, 0.9330127018922196300, 1.000000000000000000, 0.8660254037844388200, 1.000000000000000000, 0.8660254037844388200, 1.000000000000000000, 0.9330127018922194100, 0.9330127018922194100 ) ) 
 REPRESENTATION_ITEM ( '' )  );
#1924 = ORIENTED_EDGE ( 'NONE', *, *, #3471, .F. ) ;
#1925 = CARTESIAN_POINT ( 'NONE',  ( 0.4168509526419189000, -0.9652524972598767200, 0.5572887891289487500 ) ) ;
#1926 = CARTESIAN_POINT ( 'NONE',  ( 3.112500000000002500, 1.249999999999999100, -0.7216878364870330500 ) ) ;
#1927 = EDGE_CURVE ( 'NONE', #817, #230, #1969, .T. ) ;
#1928 = ORIENTED_EDGE ( 'NONE', *, *, #3212, .F. ) ;
#1929 = CARTESIAN_POINT ( 'NONE',  ( 5.706943460890735200, 1.010990235830882900, -0.1523208632853126100 ) ) ;
#1930 = DIRECTION ( 'NONE',  ( -1.000000000000000000, -0.0000000000000000000, -0.0000000000000000000 ) ) ;
#1931 = CARTESIAN_POINT ( 'NONE',  ( 0.1774519052838353400, -6.681755220639871700E-016, 1.249999999999999800 ) ) ;
#1932 = DIRECTION ( 'NONE',  ( 1.000000000000000000, 0.0000000000000000000, 0.0000000000000000000 ) ) ;
#1933 = CARTESIAN_POINT ( 'NONE',  ( 4.591237976320960500, 0.6390625000000002000, 1.106888719211985600 ) ) ;
#1934 = AXIS2_PLACEMENT_3D ( 'NONE', #3129, #1812, #111 ) ;
#1935 = ORIENTED_EDGE ( 'NONE', *, *, #2374, .T. ) ;
#1936 = CARTESIAN_POINT ( 'NONE',  ( 5.673713928962876600, -1.278125000000000200, 1.565251690160211100E-016 ) ) ;
#1937 = ORIENTED_EDGE ( 'NONE', *, *, #899, .F. ) ;
#1938 = CARTESIAN_POINT ( 'NONE',  ( 5.741850952641916800, 6.824819318074709100E-017, 1.114577578257897100 ) ) ;
#1939 = CARTESIAN_POINT ( 'NONE',  ( 1.166850952641918600, 0.9652524972598769400, 0.5572887891289483000 ) ) ;
#1940 = CARTESIAN_POINT ( 'NONE',  ( 0.3487139289628770600, -0.6390625000000006400, -1.106888719211985400 ) ) ;
#1941 = CARTESIAN_POINT ( 'NONE',  ( 1.841850952641918700, -0.9652524972598771600, -0.5572887891289480800 ) ) ;
#1942 = CARTESIAN_POINT ( 'NONE',  ( 5.673006048554470700, 0.7314383842251729300, 0.6912152344580634300 ) ) ;
#1943 = CYLINDRICAL_SURFACE ( 'NONE', #975, 1.250000000000000200 ) ;
#1944 = CARTESIAN_POINT ( 'NONE',  ( 5.332355715851500500, -0.3349364905389038400, -1.250000000000000000 ) ) ;
#1945 = ADVANCED_FACE ( 'NONE', ( #1731 ), #237, .F. ) ;
#1946 = CARTESIAN_POINT ( 'NONE',  ( 3.102451905283835700, 6.245988575815533700E-015, -1.250000000000000200 ) ) ;
#1947 = DIRECTION ( 'NONE',  ( 0.0000000000000000000, -0.0000000000000000000, -1.000000000000000000 ) ) ;
#1948 = CARTESIAN_POINT ( 'NONE',  ( 4.478737976320960700, 1.278124999999999500, -0.7379258128079913000 ) ) ;
#1949 = CONICAL_SURFACE ( 'NONE', #3077, 2.249999999999998700, 1.047197551196600100 ) ;
#1950 = CARTESIAN_POINT ( 'NONE',  ( 0.1168509526419189600, -2.047445795422412600E-016, -1.114577578257897100 ) ) ;
#1951 = EDGE_CURVE ( 'NONE', #3527, #1008, #2858, .T. ) ;
#1952 = CARTESIAN_POINT ( 'NONE',  ( 5.441850952641917900, -0.9652524972598771600, -0.5572887891289481900 ) ) ;
#1953 = CALENDAR_DATE ( 2021, 25, 8 ) ;
#1954 = CARTESIAN_POINT ( 'NONE',  ( 4.016850952641918900, -0.9652524972598767200, 0.5572887891289487500 ) ) ;
#1955 = CARTESIAN_POINT ( 'NONE',  ( 0.6487139289628770500, -0.6390624999999997600, 1.106888719211985800 ) ) ;
#1956 = CARTESIAN_POINT ( 'NONE',  ( 1.429350952641918800, -0.4826262486299389100, -0.8359331836934224000 ) ) ;
#1957 = B_SPLINE_CURVE_WITH_KNOTS ( 'NONE', 3,
 ( #2633, #1003, #2727, #1929, #3230, #1625, #1612, #232, #3504, #764, #478, #2679 ),
 .UNSPECIFIED., .F., .F.,
 ( 4, 2, 2, 2, 2, 4 ),
 ( 0.0000000000000000000, 0.0002389081544180289000, 0.0004778163088360578000, 0.0009556326176721155900, 0.001433448926508173900, 0.001911265235344232000 ),
 .UNSPECIFIED. ) ;
#1958 = CARTESIAN_POINT ( 'NONE',  ( 0.06249999999999989600, 1.249127957447999200, -0.04668346518618529000 ) ) ;
#1959 = CARTESIAN_POINT ( 'NONE',  ( 5.352451905283834000, -4.938688641342514700E-016, -1.250000000000000200 ) ) ;
#1960 = CARTESIAN_POINT ( 'NONE',  ( 2.925000000000002900, -1.250000000000000200, 1.530808498934192100E-016 ) ) ;
#1961 = CARTESIAN_POINT ( 'NONE',  ( 4.028737976320960500, 1.278124999999999500, -0.7379258128079913000 ) ) ;
#1962 = EDGE_LOOP ( 'NONE', ( #3193, #175, #389, #3114, #1852, #2807, #2509, #825, #442 ) ) ;
#1963 = CARTESIAN_POINT ( 'NONE',  ( 4.473713928962877300, 0.6390624999999990900, -1.106888719211986300 ) ) ;
#1964 = EDGE_LOOP ( 'NONE', ( #2027, #128, #2759, #3055 ) ) ;
#1965 = CARTESIAN_POINT ( 'NONE',  ( 3.754350952641918300, 0.4826262486299377500, -0.8359331836934230700 ) ) ;
#1966 = CARTESIAN_POINT ( 'NONE',  ( 0.8737139289628770300, 0.6390624999999990900, -1.106888719211986300 ) ) ;
#1967 = DIRECTION ( 'NONE',  ( -1.000000000000000000, -0.0000000000000000000, -0.0000000000000000000 ) ) ;
#1968 = CARTESIAN_POINT ( 'NONE',  ( 0.0000000000000000000, -2.249999999999998700, -7.511572993685794200E-016 ) ) ;
#1969 =( BOUNDED_CURVE ( )  B_SPLINE_CURVE ( 2, ( #157, #740, #3218, #3494, #193, #424, #2146, #2897, #695 ),
 .UNSPECIFIED., .F., .T. ) 
 B_SPLINE_CURVE_WITH_KNOTS ( ( 3, 2, 2, 2, 3 ),
 ( 0.5388888888888889700, 0.5444444444444445100, 0.5555555555555555800, 0.5666666666666666500, 0.5722222222222221900 ),
 .UNSPECIFIED. ) 
 CURVE ( )  GEOMETRIC_REPRESENTATION_ITEM ( )  RATIONAL_B_SPLINE_CURVE ( ( 0.9330127018922194100, 0.9330127018922194100, 1.000000000000000000, 0.8660254037844388200, 1.000000000000000000, 0.8660254037844388200, 1.000000000000000000, 0.9330127018922200800, 0.9330127018922194100 ) ) 
 REPRESENTATION_ITEM ( '' )  );
#1970 = CARTESIAN_POINT ( 'NONE',  ( 0.01924333400943544300, 0.7433463941989680900, -2.168904970561402700 ) ) ;
#1971 = CARTESIAN_POINT ( 'NONE',  ( 0.06772458609214990200, 0.6981625928529170400, 1.040796803924951300 ) ) ;
#1972 = CARTESIAN_POINT ( 'NONE',  ( 3.203737976320960800, 1.278125000000000200, 0.7379258128079903000 ) ) ;
#1973 = VERTEX_POINT ( 'NONE', #991 ) ;
#1974 = CARTESIAN_POINT ( 'NONE',  ( 5.598713928962876500, -0.6390624999999997600, 1.106888719211985800 ) ) ;
#1975 = CARTESIAN_POINT ( 'NONE',  ( 3.379350952641919200, 0.9652524972598769400, 0.0000000000000000000 ) ) ;
#1976 = ORIENTED_EDGE ( 'NONE', *, *, #1085, .T. ) ;
#1977 = EDGE_CURVE ( 'NONE', #3264, #270, #1747, .T. ) ;
#1978 = B_SPLINE_CURVE_WITH_KNOTS ( 'NONE', 3,
 ( #1300, #159, #2888, #1566, #1274, #2113 ),
 .UNSPECIFIED., .F., .F.,
 ( 4, 2, 4 ),
 ( 0.01021508654226280600, 0.01087166728928237000, 0.01152824803630193700 ),
 .UNSPECIFIED. ) ;
#1979 = DIRECTION ( 'NONE',  ( 0.0000000000000000000, -0.5000000000000001100, 0.8660254037844387100 ) ) ;
#1980 = B_SPLINE_CURVE_WITH_KNOTS ( 'NONE', 3,
 ( #1856, #1507, #110, #3141, #391, #2329 ),
 .UNSPECIFIED., .F., .F.,
 ( 4, 2, 4 ),
 ( 0.0000000000000000000, 0.0003867775904056370700, 0.0007735551808112741500 ),
 .UNSPECIFIED. ) ;
#1981 = CARTESIAN_POINT ( 'NONE',  ( 3.957596189432337000, 0.3349364905389059500, -1.249999999999998400 ) ) ;
#1982 = ORIENTED_EDGE ( 'NONE', *, *, #2751, .F. ) ;
#1983 = CARTESIAN_POINT ( 'NONE',  ( 1.298100952641919200, 6.824819318074709100E-017, 1.114577578257896800 ) ) ;
#1984 = CARTESIAN_POINT ( 'NONE',  ( 6.000000000000000900, 1.508335473232665300, 1.727238319854174300 ) ) ;
#1985 = CARTESIAN_POINT ( 'NONE',  ( 5.829124293126499300, -0.5470693061474895000, -1.012086573445744900 ) ) ;
#1986 = CARTESIAN_POINT ( 'NONE',  ( 4.366237976320960900, -0.6390625000000006400, -1.106888719211985400 ) ) ;
#1987 = AXIS2_PLACEMENT_3D ( 'NONE', #1035, #1335, #1600 ) ;
#1988 = CARTESIAN_POINT ( 'NONE',  ( 1.448100952641919100, -0.9652524972598771600, -0.5572887891289481900 ) ) ;
#1989 = CARTESIAN_POINT ( 'NONE',  ( 4.136213928962877000, 1.278125000000000200, 0.7379258128079903000 ) ) ;
#1990 = CARTESIAN_POINT ( 'NONE',  ( 3.904350952641918700, 0.4826262486299385800, 0.8359331836934226200 ) ) ;
#1991 = VECTOR ( 'NONE', #3161, 1000.000000000000000 ) ;
#1992 = CARTESIAN_POINT ( 'NONE',  ( 1.504350952641918800, 0.4826262486299377500, -0.8359331836934230700 ) ) ;
#1993 = CARTESIAN_POINT ( 'NONE',  ( 1.748100952641918900, 6.824819318074709100E-017, 1.114577578257896800 ) ) ;
#1994 = CARTESIAN_POINT ( 'NONE',  ( 0.8481009526419190900, 6.824819318074709100E-017, 1.114577578257897100 ) ) ;
#1995 = CYLINDRICAL_SURFACE ( 'NONE', #2913, 1.250000000000000200 ) ;
#1996 = CARTESIAN_POINT ( 'NONE',  ( 6.053737976320960000, -1.278125000000000000, 0.7379258128079908600 ) ) ;
#1997 = CARTESIAN_POINT ( 'NONE',  ( 1.635600952641919300, 0.9652524972598769400, 0.0000000000000000000 ) ) ;
#1998 = CARTESIAN_POINT ( 'NONE',  ( 0.4543509526419189400, -0.9652524972598769400, 1.182093381138297500E-016 ) ) ;
#1999 = EDGE_CURVE ( 'NONE', #2672, #3413, #1635, .T. ) ;
#2000 = CARTESIAN_POINT ( 'NONE',  ( 2.816850952641919200, -2.047445795422412600E-016, -1.114577578257897100 ) ) ;
#2001 = CARTESIAN_POINT ( 'NONE',  ( 3.904350952641918700, 0.4826262486299385800, 0.8359331836934226200 ) ) ;
#2002 = CARTESIAN_POINT ( 'NONE',  ( 4.687500000000002700, -1.249999999999999600, 0.7216878364870327200 ) ) ;
#2003 = AXIS2_PLACEMENT_3D ( 'NONE', #1304, #3481, #176 ) ;
#2004 = CARTESIAN_POINT ( 'NONE',  ( 1.785600952641919200, -0.4826262486299382500, 0.8359331836934227300 ) ) ;
#2005 = CARTESIAN_POINT ( 'NONE',  ( 3.402451905283834700, -1.249999999999999600, 0.7216878364870327200 ) ) ;
#2006 = CARTESIAN_POINT ( 'NONE',  ( 0.9981009526419191100, -0.9652524972598771600, -0.5572887891289481900 ) ) ;
#2007 = EDGE_LOOP ( 'NONE', ( #2389, #527, #863, #2973, #3445, #879 ) ) ;
#2008 = CARTESIAN_POINT ( 'NONE',  ( 6.316237976320960200, 1.278125000000000200, 0.0000000000000000000 ) ) ;
#2009 = CARTESIAN_POINT ( 'NONE',  ( 1.623713928962877000, -1.278125000000000200, 1.565251690160211100E-016 ) ) ;
#2010 = CARTESIAN_POINT ( 'NONE',  ( 0.1356009526419191500, -0.4826262486299389100, -0.8359331836934224000 ) ) ;
#2011 = CARTESIAN_POINT ( 'NONE',  ( 0.9043509526419188900, -0.9652524972598769400, 1.182093381138297500E-016 ) ) ;
#2012 = CARTESIAN_POINT ( 'NONE',  ( 5.029350952641918200, -0.4826262486299389100, -0.8359331836934224000 ) ) ;
#2013 =( BOUNDED_CURVE ( )  B_SPLINE_CURVE ( 2, ( #2273, #1510, #3420, #2320, #1794, #2841, #1496, #101, #3410 ),
 .UNSPECIFIED., .F., .T. ) 
 B_SPLINE_CURVE_WITH_KNOTS ( ( 3, 2, 2, 2, 3 ),
 ( 0.1499999999999999900, 0.1555555555555555600, 0.1666666666666666600, 0.1777777777777777800, 0.1833333333333333500 ),
 .UNSPECIFIED. ) 
 CURVE ( )  GEOMETRIC_REPRESENTATION_ITEM ( )  RATIONAL_B_SPLINE_CURVE ( ( 0.9330127018922194100, 0.9330127018922194100, 1.000000000000000000, 0.8660254037844388200, 1.000000000000000000, 0.8660254037844388200, 1.000000000000000000, 0.9330127018922191900, 0.9330127018922194100 ) ) 
 REPRESENTATION_ITEM ( '' )  );
#2014 = ORIENTED_EDGE ( 'NONE', *, *, #1834, .F. ) ;
#2015 = CARTESIAN_POINT ( 'NONE',  ( 4.354350952641918400, 0.4826262486299385800, 0.8359331836934226200 ) ) ;
#2016 = CARTESIAN_POINT ( 'NONE',  ( 1.800000000000002900, 1.250000000000000200, 0.0000000000000000000 ) ) ;
#2017 = CARTESIAN_POINT ( 'NONE',  ( 0.7356009526419191600, 0.9652524972598769400, 0.0000000000000000000 ) ) ;
#2018 = CARTESIAN_POINT ( 'NONE',  ( 6.000000000000000000, 0.0000000000000000000, -2.249999999999998700 ) ) ;
#2019 = CARTESIAN_POINT ( 'NONE',  ( -0.08939904735808078300, 0.4826262486299385800, 0.8359331836934226200 ) ) ;
#2020 = VERTEX_POINT ( 'NONE', #2415 ) ;
#2021 = EDGE_CURVE ( 'NONE', #3309, #2792, #150, .T. ) ;
#2022 = CARTESIAN_POINT ( 'NONE',  ( 5.966850952641919100, -2.047445795422412600E-016, -1.114577578257897100 ) ) ;
#2023 = CARTESIAN_POINT ( 'NONE',  ( 0.6043509526419189600, 0.4826262486299377500, -0.8359331836934230700 ) ) ;
#2024 = EDGE_LOOP ( 'NONE', ( #2963, #599, #3065, #1673, #2871, #952, #357, #287, #2350, #1094, #2926, #437, #2107, #828, #3502, #1322, #1222, #312, #3100, #2512, #1757, #2935, #2140, #927, #702, #3089, #1105, #1928, #1010, #1051, #2929, #102, #2496 ) ) ;
#2025 = CARTESIAN_POINT ( 'NONE',  ( 2.952451905283834500, -1.249999999999999600, 0.7216878364870327200 ) ) ;
#2026 = CARTESIAN_POINT ( 'NONE',  ( 5.516850952641918000, -2.047445795422412600E-016, -1.114577578257897100 ) ) ;
#2027 = ORIENTED_EDGE ( 'NONE', *, *, #2997, .F. ) ;
#2028 = CARTESIAN_POINT ( 'NONE',  ( 2.441850952641919200, 0.9652524972598767200, -0.5572887891289489700 ) ) ;
#2029 = CARTESIAN_POINT ( 'NONE',  ( 4.725000000000002300, -1.250000000000000200, 1.530808498934192100E-016 ) ) ;
#2030 = CARTESIAN_POINT ( 'NONE',  ( 2.573100952641918800, 0.9652524972598769400, 0.5572887891289483000 ) ) ;
#2031 = CARTESIAN_POINT ( 'NONE',  ( 4.207355715851499600, 0.3349364905389035600, 1.250000000000000000 ) ) ;
#2032 = CARTESIAN_POINT ( 'NONE',  ( 0.1356009526419192100, -0.4826262486299389100, -0.8359331836934224000 ) ) ;
#2033 = AXIS2_PLACEMENT_3D ( 'NONE', #3323, #1663, #1702 ) ;
#2034 = CARTESIAN_POINT ( 'NONE',  ( 1.335600952641919000, -0.4826262486299382500, 0.8359331836934227300 ) ) ;
#2035 = CARTESIAN_POINT ( 'NONE',  ( 3.210600952641918600, -0.9652524972598769400, 1.182093381138297500E-016 ) ) ;
#2036 = CARTESIAN_POINT ( 'NONE',  ( 1.012500000000002800, 1.743066579297358300E-016, 1.250000000000000000 ) ) ;
#2037 = VECTOR ( 'NONE', #1272, 1000.000000000000000 ) ;
#2038 = CARTESIAN_POINT ( 'NONE',  ( 5.704350952641918900, 0.4826262486299385800, 0.8359331836934226200 ) ) ;
#2039 =( BOUNDED_CURVE ( )  B_SPLINE_CURVE ( 2, ( #3162, #2617, #3173, #1544, #2103, #428, #2363, #755, #1040 ),
 .UNSPECIFIED., .F., .T. ) 
 B_SPLINE_CURVE_WITH_KNOTS ( ( 3, 2, 2, 2, 3 ),
 ( 0.3055555555555555800, 0.3111111111111111200, 0.3222222222222223000, 0.3333333333333333700, 0.3388888888888889100 ),
 .UNSPECIFIED. ) 
 CURVE ( )  GEOMETRIC_REPRESENTATION_ITEM ( )  RATIONAL_B_SPLINE_CURVE ( ( 0.9330127018922194100, 0.9330127018922194100, 1.000000000000000000, 0.8660254037844388200, 1.000000000000000000, 0.8660254037844388200, 1.000000000000000000, 0.9330127018922194100, 0.9330127018922194100 ) ) 
 REPRESENTATION_ITEM ( '' )  );
#2040 = CARTESIAN_POINT ( 'NONE',  ( 4.279350952641919100, 0.9652524972598769400, 0.0000000000000000000 ) ) ;
#2041 = DIRECTION ( 'NONE',  ( -1.000000000000000000, -0.0000000000000000000, -0.0000000000000000000 ) ) ;
#2042 = DIRECTION ( 'NONE',  ( -1.000000000000000000, -0.0000000000000000000, -0.0000000000000000000 ) ) ;
#2043 = CARTESIAN_POINT ( 'NONE',  ( 2.550000000000002500, -0.6250000000000006700, -1.082531754730548200 ) ) ;
#2044 = CARTESIAN_POINT ( 'NONE',  ( 0.06249999999999989600, 0.8122873928263640900, 0.9500995692322716800 ) ) ;
#2045 = CARTESIAN_POINT ( 'NONE',  ( 3.398100952641919000, 0.9652524972598765000, -0.5572887891289489700 ) ) ;
#2046 = CARTESIAN_POINT ( 'NONE',  ( 5.085600952641918600, -0.4826262486299389100, -0.8359331836934224000 ) ) ;
#2047 = CARTESIAN_POINT ( 'NONE',  ( 2.010600952641918800, 0.4826262486299377500, -0.8359331836934230700 ) ) ;
#2048 = EDGE_CURVE ( 'NONE', #1760, #1220, #1374, .T. ) ;
#2049 = ORIENTED_EDGE ( 'NONE', *, *, #2884, .F. ) ;
#2050 = CARTESIAN_POINT ( 'NONE',  ( 4.939951905283835200, 0.6249999999999992200, -1.082531754730548900 ) ) ;
#2051 = ORIENTED_EDGE ( 'NONE', *, *, #2501, .T. ) ;
#2052 = ORIENTED_EDGE ( 'NONE', *, *, #2931, .F. ) ;
#2053 = CARTESIAN_POINT ( 'NONE',  ( 3.454350952641918900, 0.4826262486299385800, 0.8359331836934226200 ) ) ;
#2054 = DIRECTION ( 'NONE',  ( -0.0000000000000000000, 0.4999999999999995000, 0.8660254037844390400 ) ) ;
#2055 = CARTESIAN_POINT ( 'NONE',  ( 3.450000000000002400, -0.6250000000000006700, -1.082531754730548200 ) ) ;
#2056 = CARTESIAN_POINT ( 'NONE',  ( 0.1011622981667204800, 1.194242630765197700, 0.2522957131442638000 ) ) ;
#2057 = CARTESIAN_POINT ( 'NONE',  ( 1.373100952641919100, -0.9652524972598767200, 0.5572887891289487500 ) ) ;
#2058 = CARTESIAN_POINT ( 'NONE',  ( 6.000000000000000000, -2.249999999999999100, 1.299038105676656900 ) ) ;
#2059 = CARTESIAN_POINT ( 'NONE',  ( 3.210600952641918600, -0.9652524972598769400, 1.182093381138297500E-016 ) ) ;
#2060 = CARTESIAN_POINT ( 'NONE',  ( 4.035600952641918800, -0.4826262486299382500, 0.8359331836934227300 ) ) ;
#2061 = CARTESIAN_POINT ( 'NONE',  ( 3.398100952641919000, 0.9652524972598765000, -0.5572887891289489700 ) ) ;
#2062 = DIRECTION ( 'NONE',  ( -1.000000000000000000, -0.0000000000000000000, -0.0000000000000000000 ) ) ;
#2063 = CARTESIAN_POINT ( 'NONE',  ( 1.237500000000002700, 1.191095495853194700E-015, -1.250000000000000000 ) ) ;
#2064 = VERTEX_POINT ( 'NONE', #3272 ) ;
#2065 = CARTESIAN_POINT ( 'NONE',  ( 0.1397700690953396200, -0.1835754756815230200, 2.492088861051974500 ) ) ;
#2066 = CARTESIAN_POINT ( 'NONE',  ( 0.3472475027401218900, 1.690861735247402700E-012, 0.9652524972598770500 ) ) ;
#2067 = VERTEX_POINT ( 'NONE', #1075 ) ;
#2068 = CARTESIAN_POINT ( 'NONE',  ( 2.157596189432336800, 0.3349364905389059500, -1.249999999999998400 ) ) ;
#2069 = CARTESIAN_POINT ( 'NONE',  ( 5.475000000000002300, 0.6250000000000002200, 1.082531754730548400 ) ) ;
#2070 = VERTEX_POINT ( 'NONE', #2669 ) ;
#2071 = CARTESIAN_POINT ( 'NONE',  ( 4.260600952641918400, 0.4826262486299377500, -0.8359331836934230700 ) ) ;
#2072 = CARTESIAN_POINT ( 'NONE',  ( 3.548100952641918500, 6.824819318074709100E-017, 1.114577578257896800 ) ) ;
#2073 = CARTESIAN_POINT ( 'NONE',  ( 4.148100952641918600, -0.9652524972598771600, -0.5572887891289481900 ) ) ;
#2074 = CARTESIAN_POINT ( 'NONE',  ( 5.921727692845874600, -1.881931238497224700, -1.511542704210576500 ) ) ;
#2075 = DIRECTION ( 'NONE',  ( 0.0000000000000000000, 0.0000000000000000000, -1.000000000000000000 ) ) ;
#2076 = CARTESIAN_POINT ( 'NONE',  ( 3.337500000000001700, -1.249999999999999600, 0.7216878364870327200 ) ) ;
#2077 = CARTESIAN_POINT ( 'NONE',  ( 5.325000000000002800, 0.6249999999999992200, -1.082531754730548900 ) ) ;
#2078 = VECTOR ( 'NONE', #374, 1000.000000000000000 ) ;
#2079 = CARTESIAN_POINT ( 'NONE',  ( 3.660600952641918800, -0.9652524972598769400, 1.182093381138297500E-016 ) ) ;
#2080 = FACE_OUTER_BOUND ( 'NONE', #1962, .T. ) ;
#2081 = VERTEX_POINT ( 'NONE', #1615 ) ;
#2082 = CARTESIAN_POINT ( 'NONE',  ( 3.698100952641918800, -0.9652524972598771600, -0.5572887891289480800 ) ) ;
#2083 = CARTESIAN_POINT ( 'NONE',  ( 1.823100952641918800, -0.9652524972598767200, 0.5572887891289487500 ) ) ;
#2084 = FACE_OUTER_BOUND ( 'NONE', #1655, .T. ) ;
#2085 = CARTESIAN_POINT ( 'NONE',  ( 5.104350952641919300, 0.4826262486299377500, -0.8359331836934230700 ) ) ;
#2086 = CARTESIAN_POINT ( 'NONE',  ( 2.362500000000002900, -3.137519842735245600E-015, 1.250000000000000200 ) ) ;
#2087 = CARTESIAN_POINT ( 'NONE',  ( 3.507596189432336400, 0.3349364905389059500, -1.249999999999998400 ) ) ;
#2088 = CARTESIAN_POINT ( 'NONE',  ( 4.073100952641919300, -0.9652524972598767200, 0.5572887891289487500 ) ) ;
#2089 = ORIENTED_EDGE ( 'NONE', *, *, #2634, .T. ) ;
#2090 = CARTESIAN_POINT ( 'NONE',  ( 4.410600952641917900, 0.4826262486299385800, 0.8359331836934226200 ) ) ;
#2091 = CARTESIAN_POINT ( 'NONE',  ( 4.748100952641919100, 0.9652524972598765000, -0.5572887891289489700 ) ) ;
#2092 = DIRECTION ( 'NONE',  ( -1.000000000000000000, -0.0000000000000000000, -0.0000000000000000000 ) ) ;
#2093 = CARTESIAN_POINT ( 'NONE',  ( 4.954350952641918900, -0.9652524972598769400, 1.182093381138297500E-016 ) ) ;
#2094 = CARTESIAN_POINT ( 'NONE',  ( 4.875000000000003600, 0.6249999999999992200, -1.082531754730548900 ) ) ;
#2095 = CARTESIAN_POINT ( 'NONE',  ( 5.400000000000003000, 1.250000000000000200, 0.0000000000000000000 ) ) ;
#2096 = EDGE_LOOP ( 'NONE', ( #3254, #1610, #2386 ) ) ;
#2097 = CARTESIAN_POINT ( 'NONE',  ( 5.123100952641918200, -2.047445795422412600E-016, -1.114577578257897100 ) ) ;
#2098 = CARTESIAN_POINT ( 'NONE',  ( 0.2459969971107932600, 0.2070860249143710000, -1.066503002889152200 ) ) ;
#2099 = CARTESIAN_POINT ( 'NONE',  ( 6.023100952641918600, -2.047445795422412600E-016, -1.114577578257897100 ) ) ;
#2100 = VERTEX_POINT ( 'NONE', #1036 ) ;
#2101 = B_SPLINE_CURVE_WITH_KNOTS ( 'NONE', 3,
 ( #257, #3273, #3299, #1985, #800, #3555, #1422, #280, #1707, #296, #3315, #2744, #2756, #2716, #1127, #1371, #2732, #3288 ),
 .UNSPECIFIED., .F., .F.,
 ( 4, 2, 2, 2, 2, 2, 2, 2, 4 ),
 ( 0.003041412580967219100, 0.003469527873509896400, 0.003897643166052573700, 0.004325758458595251000, 0.004753873751137928400, 0.005181989043680605700, 0.005610104336223283900, 0.006038219628765962100, 0.006466334921308640300 ),
 .UNSPECIFIED. ) ;
#2102 = CARTESIAN_POINT ( 'NONE',  ( 4.902451905283833800, -4.938688641342514700E-016, -1.250000000000000200 ) ) ;
#2103 = CARTESIAN_POINT ( 'NONE',  ( 4.275000000000003000, -1.250000000000000200, 1.530808498934192100E-016 ) ) ;
#2104 = ORIENTED_EDGE ( 'NONE', *, *, #3190, .T. ) ;
#2105 = CARTESIAN_POINT ( 'NONE',  ( 4.987500000000003400, 1.250000000000000200, 0.7216878364870320500 ) ) ;
#2106 = CARTESIAN_POINT ( 'NONE',  ( 1.462500000000002400, -1.510657702057710300E-015, 1.249999999999999800 ) ) ;
#2107 = ORIENTED_EDGE ( 'NONE', *, *, #2455, .F. ) ;
#2108 = CARTESIAN_POINT ( 'NONE',  ( 5.910600952641918800, -0.9652524972598769400, 1.182093381138297500E-016 ) ) ;
#2109 = EDGE_CURVE ( 'NONE', #1746, #2064, #1286, .T. ) ;
#2110 = CARTESIAN_POINT ( 'NONE',  ( 4.710600952641918600, 0.4826262486299377500, -0.8359331836934230700 ) ) ;
#2111 = DIRECTION ( 'NONE',  ( 0.0000000000000000000, 0.0000000000000000000, 1.000000000000000000 ) ) ;
#2112 = CONICAL_SURFACE ( 'NONE', #3056, 2.249999999999998700, 1.047197551196600100 ) ;
#2113 = CARTESIAN_POINT ( 'NONE',  ( 5.799038105676659800, -2.249999999999998200, -1.299038105676658200 ) ) ;
#2114 = FACE_OUTER_BOUND ( 'NONE', #999, .T. ) ;
#2115 = CARTESIAN_POINT ( 'NONE',  ( 2.329350952641918900, -0.4826262486299389100, -0.8359331836934224000 ) ) ;
#2116 = DIRECTION ( 'NONE',  ( 0.0000000000000000000, 0.0000000000000000000, -1.000000000000000000 ) ) ;
#2117 = CARTESIAN_POINT ( 'NONE',  ( 1.500000000000002700, -0.6249999999999997800, 1.082531754730548600 ) ) ;
#2118 = CARTESIAN_POINT ( 'NONE',  ( 4.902451905283833800, -4.938688641342514700E-016, -1.250000000000000200 ) ) ;
#2119 = CARTESIAN_POINT ( 'NONE',  ( 4.302451905283834100, -1.249999999999999600, 0.7216878364870327200 ) ) ;
#2120 =( BOUNDED_CURVE ( )  B_SPLINE_CURVE ( 2, ( #2933, #789, #1064, #2945, #3508, #1899, #2158, #1349, #2706 ),
 .UNSPECIFIED., .F., .T. ) 
 B_SPLINE_CURVE_WITH_KNOTS ( ( 3, 2, 2, 2, 3 ),
 ( 0.3500000000000000300, 0.3555555555555555700, 0.3666666666666666400, 0.3777777777777777700, 0.3833333333333333600 ),
 .UNSPECIFIED. ) 
 CURVE ( )  GEOMETRIC_REPRESENTATION_ITEM ( )  RATIONAL_B_SPLINE_CURVE ( ( 0.9330127018922194100, 0.9330127018922197400, 1.000000000000000000, 0.8660254037844388200, 1.000000000000000000, 0.8660254037844388200, 1.000000000000000000, 0.9330127018922190800, 0.9330127018922194100 ) ) 
 REPRESENTATION_ITEM ( '' )  );
#2121 = CARTESIAN_POINT ( 'NONE',  ( 4.335600952641918600, 0.9652524972598769400, 0.0000000000000000000 ) ) ;
#2122 = CARTESIAN_POINT ( 'NONE',  ( 3.589951905283834700, 0.6249999999999992200, -1.082531754730548900 ) ) ;
#2123 = CARTESIAN_POINT ( 'NONE',  ( 5.798100952641918000, 6.824819318074709100E-017, 1.114577578257897100 ) ) ;
#2124 = VECTOR ( 'NONE', #1753, 1000.000000000000100 ) ;
#2125 =( BOUNDED_CURVE ( )  B_SPLINE_CURVE ( 2, ( #2880, #112, #2069, #392, #2095, #682, #2077, #400, #419 ),
 .UNSPECIFIED., .F., .T. ) 
 B_SPLINE_CURVE_WITH_KNOTS ( ( 3, 2, 2, 2, 3 ),
 ( 0.1388888888888889500, 0.1444444444444444900, 0.1555555555555555600, 0.1666666666666667400, 0.1722222222222222800 ),
 .UNSPECIFIED. ) 
 CURVE ( )  GEOMETRIC_REPRESENTATION_ITEM ( )  RATIONAL_B_SPLINE_CURVE ( ( 0.9330127018922194100, 0.9330127018922194100, 1.000000000000000000, 0.8660254037844388200, 1.000000000000000000, 0.8660254037844388200, 1.000000000000000000, 0.9330127018922194100, 0.9330127018922194100 ) ) 
 REPRESENTATION_ITEM ( '' )  );
#2126 = DIRECTION ( 'NONE',  ( 0.0000000000000000000, 0.0000000000000000000, -1.000000000000000000 ) ) ;
#2127 = ORIENTED_EDGE ( 'NONE', *, *, #611, .T. ) ;
#2128 = CARTESIAN_POINT ( 'NONE',  ( 4.054350952641918600, -0.9652524972598769400, 1.182093381138297500E-016 ) ) ;
#2129 = CARTESIAN_POINT ( 'NONE',  ( 0.6375000000000027300, -1.249999999999999600, 0.7216878364870327200 ) ) ;
#2130 = CARTESIAN_POINT ( 'NONE',  ( 0.0000000000000000000, 0.0000000000000000000, 0.0000000000000000000 ) ) ;
#2131 = CARTESIAN_POINT ( 'NONE',  ( 4.387500000000002800, -4.938688641342514700E-016, -1.250000000000000200 ) ) ;
#2132 = EDGE_CURVE ( 'NONE', #3309, #1189, #675, .T. ) ;
#2133 = ORIENTED_EDGE ( 'NONE', *, *, #2573, .T. ) ;
#2134 = CARTESIAN_POINT ( 'NONE',  ( 4.748100952641919100, 0.9652524972598765000, -0.5572887891289489700 ) ) ;
#2135 = CARTESIAN_POINT ( 'NONE',  ( 4.260600952641918400, 0.4826262486299377500, -0.8359331836934230700 ) ) ;
#2136 = DIRECTION ( 'NONE',  ( 0.0000000000000000000, 0.0000000000000000000, 1.000000000000000000 ) ) ;
#2137 = EDGE_CURVE ( 'NONE', #2707, #917, #1321, .T. ) ;
#2138 = APPLICATION_PROTOCOL_DEFINITION ( 'international standard', 'config_control_design', 1994, #2684 ) ;
#2139 = CARTESIAN_POINT ( 'NONE',  ( 2.179350952641919000, -0.4826262486299382500, 0.8359331836934227300 ) ) ;
#2140 = ORIENTED_EDGE ( 'NONE', *, *, #2524, .F. ) ;
#2141 = CARTESIAN_POINT ( 'NONE',  ( 0.4024519052838352900, 3.776644255144275400E-016, -1.250000000000000000 ) ) ;
#2142 = DIRECTION ( 'NONE',  ( 0.0000000000000000000, 0.0000000000000000000, -1.000000000000000000 ) ) ;
#2143 = CARTESIAN_POINT ( 'NONE',  ( 6.000000000000000000, 0.0000000000000000000, 0.0000000000000000000 ) ) ;
#2144 =( BOUNDED_CURVE ( )  B_SPLINE_CURVE ( 2, ( #108, #3383, #118, #2025, #2288, #349, #2326, #637, #2549 ),
 .UNSPECIFIED., .F., .T. ) 
 B_SPLINE_CURVE_WITH_KNOTS ( ( 3, 2, 2, 2, 3 ),
 ( 0.4833333333333333400, 0.4888888888888888700, 0.5000000000000000000, 0.5111111111111110700, 0.5166666666666667200 ),
 .UNSPECIFIED. ) 
 CURVE ( )  GEOMETRIC_REPRESENTATION_ITEM ( )  RATIONAL_B_SPLINE_CURVE ( ( 0.9330127018922194100, 0.9330127018922194100, 1.000000000000000000, 0.8660254037844388200, 1.000000000000000000, 0.8660254037844388200, 1.000000000000000000, 0.9330127018922187400, 0.9330127018922194100 ) ) 
 REPRESENTATION_ITEM ( '' )  );
#2145 = ORIENTED_EDGE ( 'NONE', *, *, #145, .T. ) ;
#2146 = CARTESIAN_POINT ( 'NONE',  ( 2.625000000000002700, 0.6249999999999992200, -1.082531754730548900 ) ) ;
#2147 = CARTESIAN_POINT ( 'NONE',  ( 0.0000000000000000000, 0.0000000000000000000, 1.250000000000000200 ) ) ;
#2148 = CARTESIAN_POINT ( 'NONE',  ( 1.291237976320960900, 0.6390624999999990900, -1.106888719211986300 ) ) ;
#2149 = ORIENTED_EDGE ( 'NONE', *, *, #2434, .T. ) ;
#2150 = APPROVAL_STATUS ( 'not_yet_approved' ) ;
#2151 = CARTESIAN_POINT ( 'NONE',  ( 3.611213928962877500, 1.278124999999999500, -0.7379258128079913000 ) ) ;
#2152 = CARTESIAN_POINT ( 'NONE',  ( 3.716850952641919600, -2.047445795422412600E-016, -1.114577578257897100 ) ) ;
#2153 = CARTESIAN_POINT ( 'NONE',  ( 6.000000000000000000, -1.524864949371779600E-015, 2.598076211353314700 ) ) ;
#2154 = AXIS2_PLACEMENT_3D ( 'NONE', #3140, #1516, #2075 ) ;
#2155 = FACE_OUTER_BOUND ( 'NONE', #2096, .T. ) ;
#2156 = ADVANCED_FACE ( 'NONE', ( #2901 ), #1943, .F. ) ;
#2157 = CARTESIAN_POINT ( 'NONE',  ( 0.0000000000000000000, 1.530808498934191800E-016, -1.250000000000000200 ) ) ;
#2158 = CARTESIAN_POINT ( 'NONE',  ( 2.164951905283835300, -0.6250000000000006700, -1.082531754730548200 ) ) ;
#2159 = CARTESIAN_POINT ( 'NONE',  ( 0.4662379763209610300, 1.278125000000000200, 0.0000000000000000000 ) ) ;
#2160 = VECTOR ( 'NONE', #1967, 1000.000000000000000 ) ;
#2161 = CARTESIAN_POINT ( 'NONE',  ( 4.023713928962876300, 0.6390624999999990900, -1.106888719211986300 ) ) ;
#2162 =( BOUNDED_CURVE ( )  B_SPLINE_CURVE ( 2, ( #1946, #1434, #268, #861, #1150, #3053, #2216, #3340, #547 ),
 .UNSPECIFIED., .F., .T. ) 
 B_SPLINE_CURVE_WITH_KNOTS ( ( 3, 2, 2, 2, 3 ),
 ( 0.5166666666666667200, 0.5222222222222222500, 0.5333333333333333300, 0.5444444444444444000, 0.5500000000000000400 ),
 .UNSPECIFIED. ) 
 CURVE ( )  GEOMETRIC_REPRESENTATION_ITEM ( )  RATIONAL_B_SPLINE_CURVE ( ( 0.9330127018922194100, 0.9330127018922200800, 1.000000000000000000, 0.8660254037844388200, 1.000000000000000000, 0.8660254037844388200, 1.000000000000000000, 0.9330127018922187400, 0.9330127018922194100 ) ) 
 REPRESENTATION_ITEM ( '' )  );
#2163 = CARTESIAN_POINT ( 'NONE',  ( 2.066850952641918800, 0.9652524972598769400, 0.5572887891289483000 ) ) ;
#2164 = FACE_OUTER_BOUND ( 'NONE', #3454, .T. ) ;
#2165 = CARTESIAN_POINT ( 'NONE',  ( 0.3418509526419189500, 6.824819318074709100E-017, 1.114577578257897100 ) ) ;
#2166 = VERTEX_POINT ( 'NONE', #2426 ) ;
#2167 = CARTESIAN_POINT ( 'NONE',  ( 0.0000000000000000000, 1.530808498934191800E-016, -1.250000000000000200 ) ) ;
#2168 = CARTESIAN_POINT ( 'NONE',  ( 5.764951905283834500, -0.6250000000000006700, -1.082531754730548200 ) ) ;
#2169 = CARTESIAN_POINT ( 'NONE',  ( 1.002451905283835000, 1.250000000000000200, 0.7216878364870320500 ) ) ;
#2170 = CARTESIAN_POINT ( 'NONE',  ( 2.603737976320961200, -2.711095453990543300E-016, -1.475851625615981000 ) ) ;
#2171 = ORIENTED_EDGE ( 'NONE', *, *, #8, .F. ) ;
#2172 = CARTESIAN_POINT ( 'NONE',  ( 2.298713928962877100, 1.278125000000000200, 0.0000000000000000000 ) ) ;
#2173 = CARTESIAN_POINT ( 'NONE',  ( 4.466850952641919100, -0.9652524972598767200, 0.5572887891289487500 ) ) ;
#2174 = CARTESIAN_POINT ( 'NONE',  ( 1.541850952641918800, 0.9652524972598765000, -0.5572887891289489700 ) ) ;
#2175 = CARTESIAN_POINT ( 'NONE',  ( 0.3750000000000028300, 0.6249999999999992200, -1.082531754730548900 ) ) ;
#2176 = EDGE_CURVE ( 'NONE', #698, #2551, #960, .T. ) ;
#2177 = CARTESIAN_POINT ( 'NONE',  ( 3.862500000000001600, -1.250000000000000200, -0.7216878364870317200 ) ) ;
#2178 = CARTESIAN_POINT ( 'NONE',  ( 6.000000000000000000, 0.0000000000000000000, 0.0000000000000000000 ) ) ;
#2179 = CARTESIAN_POINT ( 'NONE',  ( 0.9274519052838351400, 1.249999999999999100, -0.7216878364870330500 ) ) ;
#2180 = ORIENTED_EDGE ( 'NONE', *, *, #750, .T. ) ;
#2181 = CARTESIAN_POINT ( 'NONE',  ( 2.341237976320961000, 0.6390625000000002000, 1.106888719211985600 ) ) ;
#2182 = AXIS2_PLACEMENT_3D ( 'NONE', #1087, #1411, #1947 ) ;
#2183 = EDGE_LOOP ( 'NONE', ( #2710, #3236, #2089, #997 ) ) ;
#2184 = CARTESIAN_POINT ( 'NONE',  ( 3.086213928962877200, -2.711095453990543300E-016, -1.475851625615981000 ) ) ;
#2185 = CARTESIAN_POINT ( 'NONE',  ( 5.779350952641918200, -0.4826262486299382500, 0.8359331836934227300 ) ) ;
#2186 = CARTESIAN_POINT ( 'NONE',  ( 1.766850952641918700, -0.9652524972598767200, 0.5572887891289487500 ) ) ;
#2187 = ORIENTED_EDGE ( 'NONE', *, *, #1549, .T. ) ;
#2188 = CARTESIAN_POINT ( 'NONE',  ( 3.187500000000001300, 1.250000000000000200, 0.7216878364870320500 ) ) ;
#2189 = CARTESIAN_POINT ( 'NONE',  ( 3.937500000000002700, 6.245988575815533700E-015, -1.250000000000000200 ) ) ;
#2190 = EDGE_LOOP ( 'NONE', ( #749, #791, #1799, #308 ) ) ;
#2191 = CARTESIAN_POINT ( 'NONE',  ( 0.3606009526419191000, 0.4826262486299385800, 0.8359331836934226200 ) ) ;
#2192 = ADVANCED_FACE ( 'NONE', ( #1466 ), #1519, .F. ) ;
#2193 = DIRECTION ( 'NONE',  ( 0.0000000000000000000, 0.0000000000000000000, 1.000000000000000000 ) ) ;
#2194 = CARTESIAN_POINT ( 'NONE',  ( 2.678737976320961800, 1.278124999999999500, -0.7379258128079913000 ) ) ;
#2195 = CARTESIAN_POINT ( 'NONE',  ( 4.698713928962876100, -0.6390624999999997600, 1.106888719211985800 ) ) ;
#2196 = FACE_OUTER_BOUND ( 'NONE', #475, .T. ) ;
#2197 = EDGE_CURVE ( 'NONE', #2670, #346, #3336, .T. ) ;
#2198 = CARTESIAN_POINT ( 'NONE',  ( 5.554350952641918600, 0.4826262486299377500, -0.8359331836934230700 ) ) ;
#2199 = DATE_AND_TIME ( #3120, #1639 ) ;
#2200 = CARTESIAN_POINT ( 'NONE',  ( -0.07064904735808101600, -0.4826262486299382500, 0.8359331836934227300 ) ) ;
#2201 = FACE_OUTER_BOUND ( 'NONE', #3422, .T. ) ;
#2202 = DIRECTION ( 'NONE',  ( 1.000000000000000000, 0.0000000000000000000, 0.0000000000000000000 ) ) ;
#2203 = AXIS2_PLACEMENT_3D ( 'NONE', #1716, #1979, #3322 ) ;
#2204 = CARTESIAN_POINT ( 'NONE',  ( 0.1397700690953395900, -2.066424524318476200, -1.405025455977998400 ) ) ;
#2205 = CARTESIAN_POINT ( 'NONE',  ( 0.2009618943233405800, 7.958310265323646400E-016, -2.598076211353313800 ) ) ;
#2206 = CARTESIAN_POINT ( 'NONE',  ( 4.966237976320960500, 1.278125000000000200, 0.0000000000000000000 ) ) ;
#2207 = FACE_OUTER_BOUND ( 'NONE', #465, .T. ) ;
#2208 = CARTESIAN_POINT ( 'NONE',  ( 4.623713928962876800, 0.6390625000000002000, 1.106888719211985600 ) ) ;
#2209 = CARTESIAN_POINT ( 'NONE',  ( 4.129350952641918800, -0.4826262486299389100, -0.8359331836934224000 ) ) ;
#2210 = CARTESIAN_POINT ( 'NONE',  ( 1.316850952641918800, -0.9652524972598767200, 0.5572887891289487500 ) ) ;
#2211 = CARTESIAN_POINT ( 'NONE',  ( 1.286213928962876900, -2.711095453990543300E-016, -1.475851625615981000 ) ) ;
#2212 = ORIENTED_EDGE ( 'NONE', *, *, #1675, .T. ) ;
#2213 = CARTESIAN_POINT ( 'NONE',  ( 0.7918509526419188500, 6.824819318074709100E-017, 1.114577578257896800 ) ) ;
#2214 = DIRECTION ( 'NONE',  ( -1.000000000000000000, -0.0000000000000000000, -0.0000000000000000000 ) ) ;
#2215 = CARTESIAN_POINT ( 'NONE',  ( 2.447548094716169900, -0.3349364905389046700, 1.249999999999999100 ) ) ;
#2216 = CARTESIAN_POINT ( 'NONE',  ( 3.289951905283835700, 0.6250000000000003300, 1.082531754730548400 ) ) ;
#2217 = VERTEX_POINT ( 'NONE', #2990 ) ;
#2218 = CARTESIAN_POINT ( 'NONE',  ( 4.291237976320960700, -1.278125000000000200, 1.565251690160211100E-016 ) ) ;
#2219 = CARTESIAN_POINT ( 'NONE',  ( 4.173713928962875700, 0.6390625000000002000, 1.106888719211985600 ) ) ;
#2220 = CARTESIAN_POINT ( 'NONE',  ( 2.141850952641918500, 6.824819318074709100E-017, 1.114577578257897100 ) ) ;
#2221 = CARTESIAN_POINT ( 'NONE',  ( 0.1987139289628771000, -0.6390624999999997600, 1.106888719211985800 ) ) ;
#2222 = EDGE_CURVE ( 'NONE', #520, #1534, #1387, .T. ) ;
#2223 = EDGE_LOOP ( 'NONE', ( #2420, #2384, #1894, #1708 ) ) ;
#2224 = ADVANCED_FACE ( 'NONE', ( #2728, #2277 ), #571, .F. ) ;
#2225 =( BOUNDED_CURVE ( )  B_SPLINE_CURVE ( 2, ( #3443, #138, #426, #149, #1851, #1818, #1251, #3171, #2102 ),
 .UNSPECIFIED., .F., .T. ) 
 B_SPLINE_CURVE_WITH_KNOTS ( ( 3, 2, 2, 2, 3 ),
 ( 0.7500000000000000000, 0.7555555555555555400, 0.7666666666666667200, 0.7777777777777777900, 0.7833333333333333300 ),
 .UNSPECIFIED. ) 
 CURVE ( )  GEOMETRIC_REPRESENTATION_ITEM ( )  RATIONAL_B_SPLINE_CURVE ( ( 0.9330127018922194100, 0.9330127018922194100, 1.000000000000000000, 0.8660254037844388200, 1.000000000000000000, 0.8660254037844388200, 1.000000000000000000, 0.9330127018922194100, 0.9330127018922194100 ) ) 
 REPRESENTATION_ITEM ( '' )  );
#2226 = CARTESIAN_POINT ( 'NONE',  ( 3.037500000000003200, 2.817957636530729900E-015, -1.250000000000000200 ) ) ;
#2227 = CARTESIAN_POINT ( 'NONE',  ( 4.178737976320960900, 9.036984846635145800E-017, 1.475851625615981000 ) ) ;
#2228 = AXIS2_PLACEMENT_3D ( 'NONE', #2130, #2378, #737 ) ;
#2229 = ORIENTED_EDGE ( 'NONE', *, *, #2721, .T. ) ;
#2230 = CARTESIAN_POINT ( 'NONE',  ( 5.786213928962875600, -2.711095453990543300E-016, -1.475851625615981000 ) ) ;
#2231 = ORIENTED_EDGE ( 'NONE', *, *, #796, .F. ) ;
#2232 = CARTESIAN_POINT ( 'NONE',  ( -3.472835083742629500E-017, 2.249999999999998700, 0.2201909781973953000 ) ) ;
#2233 = CARTESIAN_POINT ( 'NONE',  ( 4.091850952641918200, -0.9652524972598771600, -0.5572887891289481900 ) ) ;
#2234 = CARTESIAN_POINT ( 'NONE',  ( 0.9862139289628769600, 1.278125000000000200, 0.7379258128079903000 ) ) ;
#2235 = CARTESIAN_POINT ( 'NONE',  ( 1.166850952641918800, 0.9652524972598769400, 0.5572887891289483000 ) ) ;
#2236 = CARTESIAN_POINT ( 'NONE',  ( 0.0000000000000000000, -1.125000000000000200, 1.948557158514985000 ) ) ;
#2237 = CARTESIAN_POINT ( 'NONE',  ( 0.0000000000000000000, 1.530808498934191800E-016, -1.250000000000000200 ) ) ;
#2238 = CARTESIAN_POINT ( 'NONE',  ( 4.066237976320961100, 1.278125000000000200, 0.0000000000000000000 ) ) ;
#2239 = CYLINDRICAL_SURFACE ( 'NONE', #2638, 1.250000000000000200 ) ;
#2240 = CARTESIAN_POINT ( 'NONE',  ( 5.636213928962876100, -1.278125000000000000, 0.7379258128079908600 ) ) ;
#2241 = EDGE_CURVE ( 'NONE', #2100, #1172, #3000, .T. ) ;
#2242 = FACE_OUTER_BOUND ( 'NONE', #836, .T. ) ;
#2243 = CARTESIAN_POINT ( 'NONE',  ( 2.104350952641918800, 0.4826262486299385800, 0.8359331836934226200 ) ) ;
#2244 = CONICAL_SURFACE ( 'NONE', #670, 2.249999999999998700, 1.047197551196600100 ) ;
#2245 = CARTESIAN_POINT ( 'NONE',  ( 0.3472475027401229500, -0.06945377945172856400, 0.9627505159626241800 ) ) ;
#2246 = CARTESIAN_POINT ( 'NONE',  ( 4.087500000000002100, 1.250000000000000200, 0.7216878364870320500 ) ) ;
#2247 = CARTESIAN_POINT ( 'NONE',  ( 2.048100952641918500, 0.9652524972598767200, -0.5572887891289489700 ) ) ;
#2248 = CARTESIAN_POINT ( 'NONE',  ( 6.000000000000000000, 2.249999999999998700, -0.2199930545031203400 ) ) ;
#2249 = CARTESIAN_POINT ( 'NONE',  ( 0.06249999999999989600, 0.0000000000000000000, 0.0000000000000000000 ) ) ;
#2250 = CARTESIAN_POINT ( 'NONE',  ( 3.128737976320961100, 1.278124999999999500, -0.7379258128079913000 ) ) ;
#2251 = CARTESIAN_POINT ( 'NONE',  ( 6.041850952641918400, 0.9652524972598765000, -0.5572887891289489700 ) ) ;
#2252 = CARTESIAN_POINT ( 'NONE',  ( 1.129350952641918800, 0.9652524972598769400, 0.0000000000000000000 ) ) ;
#2253 = ORIENTED_EDGE ( 'NONE', *, *, #2977, .F. ) ;
#2254 = CARTESIAN_POINT ( 'NONE',  ( 3.604350952641918800, -0.9652524972598769400, 1.182093381138297500E-016 ) ) ;
#2255 = CARTESIAN_POINT ( 'NONE',  ( 1.691850952641918800, 6.824819318074709100E-017, 1.114577578257896800 ) ) ;
#2256 = CARTESIAN_POINT ( 'NONE',  ( 5.859710738369683400, -2.249999999999999100, 1.088861940770092100 ) ) ;
#2257 = CARTESIAN_POINT ( 'NONE',  ( 0.4731009526419190900, -0.9652524972598767200, 0.5572887891289487500 ) ) ;
#2258 = CARTESIAN_POINT ( 'NONE',  ( 0.2009618943233405800, 7.958310265323646400E-016, -2.598076211353313800 ) ) ;
#2259 = CARTESIAN_POINT ( 'NONE',  ( 0.3981009526419192500, 6.824819318074709100E-017, 1.114577578257897100 ) ) ;
#2260 = CARTESIAN_POINT ( 'NONE',  ( 1.548713928962877100, -0.6390624999999997600, 1.106888719211985800 ) ) ;
#2261 = CARTESIAN_POINT ( 'NONE',  ( -0.08939904735808083800, 0.4826262486299385800, 0.8359331836934226200 ) ) ;
#2262 = ORIENTED_EDGE ( 'NONE', *, *, #1623, .T. ) ;
#2263 = CARTESIAN_POINT ( 'NONE',  ( 0.9418509526419188700, -0.9652524972598771600, -0.5572887891289481900 ) ) ;
#2264 = CARTESIAN_POINT ( 'NONE',  ( 3.079350952641918500, -0.4826262486299382500, 0.8359331836934227300 ) ) ;
#2265 = ORIENTED_EDGE ( 'NONE', *, *, #892, .F. ) ;
#2266 = EDGE_CURVE ( 'NONE', #1572, #2070, #3050, .T. ) ;
#2267 = CARTESIAN_POINT ( 'NONE',  ( 4.054350952641918600, -0.9652524972598769400, 1.182093381138297500E-016 ) ) ;
#2268 = CARTESIAN_POINT ( 'NONE',  ( 0.0000000000000000000, 0.0000000000000000000, 0.0000000000000000000 ) ) ;
#2269 = ORIENTED_EDGE ( 'NONE', *, *, #3072, .T. ) ;
#2270 = CARTESIAN_POINT ( 'NONE',  ( 2.273100952641918600, -0.9652524972598767200, 0.5572887891289487500 ) ) ;
#2271 = CARTESIAN_POINT ( 'NONE',  ( 0.07827230715412589200, -0.3680687615027720100, -2.385571612819395800 ) ) ;
#2272 = CARTESIAN_POINT ( 'NONE',  ( 5.980756665990565300, -0.7433463941989666400, -2.168904970561402700 ) ) ;
#2273 = CARTESIAN_POINT ( 'NONE',  ( 0.6274519052838352100, 2.033577675846917800E-016, 1.250000000000000000 ) ) ;
#2274 = CARTESIAN_POINT ( 'NONE',  ( 6.154350952641919100, 0.4826262486299385800, 0.8359331836934226200 ) ) ;
#2275 = CARTESIAN_POINT ( 'NONE',  ( 1.316850952641918800, -0.9652524972598767200, 0.5572887891289487500 ) ) ;
#2276 = CARTESIAN_POINT ( 'NONE',  ( 5.179350952641918600, 0.9652524972598769400, 0.0000000000000000000 ) ) ;
#2277 = FACE_OUTER_BOUND ( 'NONE', #966, .T. ) ;
#2278 = CARTESIAN_POINT ( 'NONE',  ( 4.429350952641918600, -0.4826262486299382500, 0.8359331836934227300 ) ) ;
#2279 = CARTESIAN_POINT ( 'NONE',  ( 0.8856009526419190700, -0.4826262486299382500, 0.8359331836934227300 ) ) ;
#2280 = CARTESIAN_POINT ( 'NONE',  ( 6.000000000000000000, 1.124999999999999300, -1.948557158514985500 ) ) ;
#2281 = CARTESIAN_POINT ( 'NONE',  ( 0.2009618943233409900, -1.513318042917043800E-015, 2.598076211353314700 ) ) ;
#2282 = FACE_OUTER_BOUND ( 'NONE', #2024, .T. ) ;
#2283 = CARTESIAN_POINT ( 'NONE',  ( 5.303737976320961800, -2.711095453990543300E-016, -1.475851625615981000 ) ) ;
#2284 = CARTESIAN_POINT ( 'NONE',  ( 6.004350952641918800, 0.4826262486299377500, -0.8359331836934230700 ) ) ;
#2285 = CARTESIAN_POINT ( 'NONE',  ( 0.7168509526419188900, 0.9652524972598769400, 0.5572887891289483000 ) ) ;
#2286 = EDGE_CURVE ( 'NONE', #1366, #1515, #2481, .T. ) ;
#2287 = LINE ( 'NONE', #2714, #2445 ) ;
#2288 = CARTESIAN_POINT ( 'NONE',  ( 2.989951905283834600, -1.250000000000000200, 1.530808498934192100E-016 ) ) ;
#2289 = CARTESIAN_POINT ( 'NONE',  ( 5.404350952641919100, -0.9652524972598769400, 1.182093381138297500E-016 ) ) ;
#2290 = CARTESIAN_POINT ( 'NONE',  ( 3.866850952641919000, 0.9652524972598769400, 0.5572887891289483000 ) ) ;
#2291 = CARTESIAN_POINT ( 'NONE',  ( 6.000000000000000900, -2.249999999999998700, 0.2201909781973958900 ) ) ;
#2292 = AXIS2_PLACEMENT_3D ( 'NONE', #154, #2905, #710 ) ;
#2293 = CARTESIAN_POINT ( 'NONE',  ( 0.3472475027401220600, -0.02307044266948196600, 0.9652524972599173500 ) ) ;
#2294 = CARTESIAN_POINT ( 'NONE',  ( 2.382596189432336400, -0.3349364905389032300, 1.250000000000000000 ) ) ;
#2295 = EDGE_LOOP ( 'NONE', ( #387, #3107, #1192, #2171 ) ) ;
#2296 = CARTESIAN_POINT ( 'NONE',  ( 0.09240381056766887300, 0.3349364905389004000, 1.250000000000001800 ) ) ;
#2297 = ORIENTED_EDGE ( 'NONE', *, *, #3258, .T. ) ;
#2298 = CARTESIAN_POINT ( 'NONE',  ( 0.02310095264191914400, -0.9652524972598767200, 0.5572887891289487500 ) ) ;
#2299 = CARTESIAN_POINT ( 'NONE',  ( 3.773100952641919000, -2.047445795422412600E-016, -1.114577578257897100 ) ) ;
#2300 = CARTESIAN_POINT ( 'NONE',  ( 1.217403810567668600, -0.3349364905389038400, -1.250000000000000000 ) ) ;
#2301 = CARTESIAN_POINT ( 'NONE',  ( 6.000000000000000000, -1.125000000000000200, 1.948557158514985000 ) ) ;
#2302 = CARTESIAN_POINT ( 'NONE',  ( 4.429350952641918600, -0.4826262486299382500, 0.8359331836934227300 ) ) ;
#2303 = ORIENTED_EDGE ( 'NONE', *, *, #2884, .T. ) ;
#2304 = CARTESIAN_POINT ( 'NONE',  ( 4.091850952641918200, -0.9652524972598771600, -0.5572887891289480800 ) ) ;
#2305 = CARTESIAN_POINT ( 'NONE',  ( 4.632596189432337800, -0.3349364905389032300, 1.250000000000000000 ) ) ;
#2306 = CARTESIAN_POINT ( 'NONE',  ( 1.785600952641919200, -0.4826262486299382500, 0.8359331836934227300 ) ) ;
#2307 = CARTESIAN_POINT ( 'NONE',  ( 1.335600952641919000, -0.4826262486299382500, 0.8359331836934227300 ) ) ;
#2308 = ORIENTED_EDGE ( 'NONE', *, *, #701, .T. ) ;
#2309 = CARTESIAN_POINT ( 'NONE',  ( 3.435600952641919100, 0.9652524972598769400, 0.0000000000000000000 ) ) ;
#2310 = EDGE_CURVE ( 'NONE', #2217, #601, #2162, .T. ) ;
#2311 = CARTESIAN_POINT ( 'NONE',  ( 4.673100952641918900, -2.047445795422412600E-016, -1.114577578257896800 ) ) ;
#2312 = CARTESIAN_POINT ( 'NONE',  ( 3.285600952641918800, -0.4826262486299389100, -0.8359331836934224000 ) ) ;
#2313 = ORIENTED_EDGE ( 'NONE', *, *, #2793, .T. ) ;
#2314 = CARTESIAN_POINT ( 'NONE',  ( 2.362500000000002900, -3.137519842735245600E-015, 1.250000000000000200 ) ) ;
#2315 = CARTESIAN_POINT ( 'NONE',  ( 6.000000000000000000, -1.125000000000000200, 1.948557158514985000 ) ) ;
#2316 = AXIS2_PLACEMENT_3D ( 'NONE', #2991, #3029, #3015 ) ;
#2317 = ORIENTED_EDGE ( 'NONE', *, *, #383, .F. ) ;
#2318 = CARTESIAN_POINT ( 'NONE',  ( 2.629350952641918800, -0.4826262486299382500, 0.8359331836934227300 ) ) ;
#2319 = CARTESIAN_POINT ( 'NONE',  ( 1.485600952641918900, -0.4826262486299389100, -0.8359331836934224000 ) ) ;
#2320 = CARTESIAN_POINT ( 'NONE',  ( 0.7024519052838350500, -1.249999999999999600, 0.7216878364870327200 ) ) ;
#2321 = CARTESIAN_POINT ( 'NONE',  ( 4.035600952641918800, -0.4826262486299382500, 0.8359331836934227300 ) ) ;
#2322 = CARTESIAN_POINT ( 'NONE',  ( 5.198100952641918400, 0.9652524972598767200, -0.5572887891289489700 ) ) ;
#2323 = CARTESIAN_POINT ( 'NONE',  ( 4.110600952641918000, -0.9652524972598769400, 1.182093381138297500E-016 ) ) ;
#2324 = B_SPLINE_CURVE_WITH_KNOTS ( 'NONE', 3,
 ( #3021, #2488, #3305, #9, #2232, #1132 ),
 .UNSPECIFIED., .F., .F.,
 ( 4, 2, 4 ),
 ( 0.008900743621043294100, 0.009557915081653052500, 0.01021508654226280900 ),
 .UNSPECIFIED. ) ;
#2325 = CARTESIAN_POINT ( 'NONE',  ( 5.287500000000002300, -4.938688641342514700E-016, -1.250000000000000200 ) ) ;
#2326 = CARTESIAN_POINT ( 'NONE',  ( 3.064951905283835200, -0.6250000000000006700, -1.082531754730548200 ) ) ;
#2327 = ORIENTED_EDGE ( 'NONE', *, *, #2266, .T. ) ;
#2328 = CARTESIAN_POINT ( 'NONE',  ( 0.3912379763209609700, 0.6390624999999990900, -1.106888719211986300 ) ) ;
#2329 = CARTESIAN_POINT ( 'NONE',  ( 5.652752497259886200, 0.8642566705677325900, -0.4298520569284412500 ) ) ;
#2330 = CARTESIAN_POINT ( 'NONE',  ( 0.7875000000000028600, 3.776644255144275400E-016, -1.250000000000000000 ) ) ;
#2331 = VECTOR ( 'NONE', #902, 1000.000000000000000 ) ;
#2332 = CARTESIAN_POINT ( 'NONE',  ( 1.973100952641918800, -2.047445795422412600E-016, -1.114577578257897100 ) ) ;
#2333 =( BOUNDED_CURVE ( )  B_SPLINE_CURVE ( 2, ( #1173, #2296, #607, #85, #2044 ),
 .UNSPECIFIED., .F., .T. ) 
 B_SPLINE_CURVE_WITH_KNOTS ( ( 3, 2, 3 ),
 ( 0.9388888888888888800, 0.9444444444444445300, 0.9464426739575121400 ),
 .UNSPECIFIED. ) 
 CURVE ( )  GEOMETRIC_REPRESENTATION_ITEM ( )  RATIONAL_B_SPLINE_CURVE ( ( 0.9330127018922194100, 0.9330127018922187400, 1.000000000000000000, 0.9759059207056674000, 0.9604780314718375200 ) ) 
 REPRESENTATION_ITEM ( '' )  );
#2334 = CARTESIAN_POINT ( 'NONE',  ( 3.285600952641918800, -0.4826262486299389100, -0.8359331836934224000 ) ) ;
#2335 = CARTESIAN_POINT ( 'NONE',  ( 1.935600952641919100, -0.4826262486299389100, -0.8359331836934224000 ) ) ;
#2336 = DIRECTION ( 'NONE',  ( -1.000000000000000000, -0.0000000000000000000, -0.0000000000000000000 ) ) ;
#2337 = EDGE_CURVE ( 'NONE', #1666, #817, #667, .T. ) ;
#2338 = VERTEX_POINT ( 'NONE', #1680 ) ;
#2339 = CARTESIAN_POINT ( 'NONE',  ( 4.766850952641918900, 0.9652524972598769400, 0.5572887891289483000 ) ) ;
#2340 = DIRECTION ( 'NONE',  ( 0.0000000000000000000, 0.0000000000000000000, -1.000000000000000000 ) ) ;
#2341 = CARTESIAN_POINT ( 'NONE',  ( 1.302451905283835000, 1.191095495853194700E-015, -1.250000000000000000 ) ) ;
#2342 = CARTESIAN_POINT ( 'NONE',  ( 2.873100952641918700, -2.047445795422412600E-016, -1.114577578257897100 ) ) ;
#2343 = CARTESIAN_POINT ( 'NONE',  ( 3.735600952641918900, -0.4826262486299389100, -0.8359331836934224000 ) ) ;
#2344 = CARTESIAN_POINT ( 'NONE',  ( 2.460600952641918600, 0.4826262486299377500, -0.8359331836934230700 ) ) ;
#2345 = CARTESIAN_POINT ( 'NONE',  ( 6.000000000000000000, 2.249999999999998700, 1.299038105676658700 ) ) ;
#2346 = DIRECTION ( 'NONE',  ( -1.000000000000000000, 0.0000000000000000000, 0.0000000000000000000 ) ) ;
#2347 = ORIENTED_EDGE ( 'NONE', *, *, #1725, .T. ) ;
#2348 = CARTESIAN_POINT ( 'NONE',  ( -1.032956679176618900E-015, -0.9340480779059874300, 2.058803302138240400 ) ) ;
#2349 = ORIENTED_EDGE ( 'NONE', *, *, #2702, .T. ) ;
#2350 = ORIENTED_EDGE ( 'NONE', *, *, #53, .F. ) ;
#2351 = CARTESIAN_POINT ( 'NONE',  ( 2.160600952641918800, 0.4826262486299385800, 0.8359331836934226200 ) ) ;
#2352 = EDGE_CURVE ( 'NONE', #1172, #698, #591, .T. ) ;
#2353 = CARTESIAN_POINT ( 'NONE',  ( 6.285600952641917900, -0.4826262486299382500, 0.8359331836934227300 ) ) ;
#2354 = DIRECTION ( 'NONE',  ( -1.000000000000000000, 0.0000000000000000000, 0.0000000000000000000 ) ) ;
#2355 = CARTESIAN_POINT ( 'NONE',  ( 0.0000000000000000000, 1.530808498934191800E-016, -1.250000000000000200 ) ) ;
#2356 = CARTESIAN_POINT ( 'NONE',  ( 5.404350952641919100, -0.9652524972598769400, 1.182093381138297500E-016 ) ) ;
#2357 = LINE ( 'NONE', #3286, #3386 ) ;
#2358 = CARTESIAN_POINT ( 'NONE',  ( 6.000000000000000000, 0.0000000000000000000, -2.249999999999998200 ) ) ;
#2359 = CARTESIAN_POINT ( 'NONE',  ( 4.448100952641918400, 6.824819318074709100E-017, 1.114577578257897100 ) ) ;
#2360 = CARTESIAN_POINT ( 'NONE',  ( 0.2037379763209610200, -1.278125000000000000, 0.7379258128079908600 ) ) ;
#2361 = DIRECTION ( 'NONE',  ( 0.0000000000000000000, 0.0000000000000000000, -1.000000000000000000 ) ) ;
#2362 = CONICAL_SURFACE ( 'NONE', #2486, 2.249999999999998700, 1.047197551196600100 ) ;
#2363 = CARTESIAN_POINT ( 'NONE',  ( 4.200000000000002800, -0.6249999999999997800, 1.082531754730548600 ) ) ;
#2364 = CARTESIAN_POINT ( 'NONE',  ( 2.254350952641918800, -0.9652524972598769400, 1.182093381138297500E-016 ) ) ;
#2365 = FACE_OUTER_BOUND ( 'NONE', #2618, .T. ) ;
#2366 = CARTESIAN_POINT ( 'NONE',  ( 4.950000000000002000, 1.250000000000000200, 0.0000000000000000000 ) ) ;
#2367 = CARTESIAN_POINT ( 'NONE',  ( 6.000000000000000000, -1.124999999999998200, -1.948557158514986600 ) ) ;
#2368 = EDGE_CURVE ( 'NONE', #2458, #1366, #33, .T. ) ;
#2369 =( BOUNDED_CURVE ( )  B_SPLINE_CURVE ( 2, ( #2141, #466, #760, #1594, #3501, #1880, #2398, #748, #204 ),
 .UNSPECIFIED., .F., .F. ) 
 B_SPLINE_CURVE_WITH_KNOTS ( ( 3, 2, 2, 2, 3 ),
 ( 0.1166666666666666700, 0.1222222222222222200, 0.1333333333333333300, 0.1444444444444444300, 0.1499999999999999900 ),
 .UNSPECIFIED. ) 
 CURVE ( )  GEOMETRIC_REPRESENTATION_ITEM ( )  RATIONAL_B_SPLINE_CURVE ( ( 0.9330127018922194100, 0.9330127018922195200, 1.000000000000000000, 0.8660254037844388200, 1.000000000000000000, 0.8660254037844388200, 1.000000000000000000, 0.9330127018922194100, 0.9330127018922194100 ) ) 
 REPRESENTATION_ITEM ( '' )  );
#2370 = CARTESIAN_POINT ( 'NONE',  ( 0.1059509717572054600, -0.3011218719986479800, 1.206549028242794200 ) ) ;
#2371 = EDGE_LOOP ( 'NONE', ( #530, #1668, #2919, #3152 ) ) ;
#2372 = CARTESIAN_POINT ( 'NONE',  ( 0.0000000000000000000, 0.0000000000000000000, 0.0000000000000000000 ) ) ;
#2373 = CARTESIAN_POINT ( 'NONE',  ( 5.573100952641918400, -2.047445795422412600E-016, -1.114577578257897100 ) ) ;
#2374 = EDGE_CURVE ( 'NONE', #2551, #1872, #873, .T. ) ;
#2375 = EDGE_LOOP ( 'NONE', ( #1177, #2460, #2810, #2180 ) ) ;
#2376 = CARTESIAN_POINT ( 'NONE',  ( 3.529350952641919100, -0.4826262486299382500, 0.8359331836934227300 ) ) ;
#2377 = AXIS2_PLACEMENT_3D ( 'NONE', #2902, #1254, #1579 ) ;
#2378 = DIRECTION ( 'NONE',  ( -1.000000000000000000, 0.0000000000000000000, 0.0000000000000000000 ) ) ;
#2379 = CARTESIAN_POINT ( 'NONE',  ( 4.425000000000001600, 0.6249999999999992200, -1.082531754730548900 ) ) ;
#2380 = ORIENTED_EDGE ( 'NONE', *, *, #3020, .T. ) ;
#2381 = CARTESIAN_POINT ( 'NONE',  ( 5.235600952641918000, 0.9652524972598769400, 0.0000000000000000000 ) ) ;
#2382 = CARTESIAN_POINT ( 'NONE',  ( 0.2811248362889811100, 0.8742303792003143200, -0.5843743479542958800 ) ) ;
#2383 = CARTESIAN_POINT ( 'NONE',  ( 5.985600952641918000, -0.4826262486299389100, -0.8359331836934224000 ) ) ;
#2384 = ORIENTED_EDGE ( 'NONE', *, *, #1367, .T. ) ;
#2385 = CARTESIAN_POINT ( 'NONE',  ( 1.414951905283835300, 1.250000000000000200, 0.0000000000000000000 ) ) ;
#2386 = ORIENTED_EDGE ( 'NONE', *, *, #362, .T. ) ;
#2387 = CARTESIAN_POINT ( 'NONE',  ( 2.741850952641919000, -0.9652524972598771600, -0.5572887891289481900 ) ) ;
#2388 = CARTESIAN_POINT ( 'NONE',  ( 0.3375000000000028500, -2.905110965495597100E-017, -1.250000000000000000 ) ) ;
#2389 = ORIENTED_EDGE ( 'NONE', *, *, #2266, .F. ) ;
#2390 = DIRECTION ( 'NONE',  ( 0.0000000000000000000, 0.0000000000000000000, 1.000000000000000000 ) ) ;
#2391 =( BOUNDED_CURVE ( )  B_SPLINE_CURVE ( 2, ( #2118, #93, #2050, #3126, #3138, #3428, #1190, #1504, #3436 ),
 .UNSPECIFIED., .F., .T. ) 
 B_SPLINE_CURVE_WITH_KNOTS ( ( 3, 2, 2, 2, 3 ),
 ( 0.7833333333333333300, 0.7888888888888888600, 0.8000000000000000400, 0.8111111111111111200, 0.8166666666666666500 ),
 .UNSPECIFIED. ) 
 CURVE ( )  GEOMETRIC_REPRESENTATION_ITEM ( )  RATIONAL_B_SPLINE_CURVE ( ( 0.9330127018922194100, 0.9330127018922194100, 1.000000000000000000, 0.8660254037844388200, 1.000000000000000000, 0.8660254037844388200, 1.000000000000000000, 0.9330127018922194100, 0.9330127018922194100 ) ) 
 REPRESENTATION_ITEM ( '' )  );
#2392 = CARTESIAN_POINT ( 'NONE',  ( 5.798100952641918000, 6.824819318074709100E-017, 1.114577578257897100 ) ) ;
#2393 = EDGE_CURVE ( 'NONE', #1308, #2412, #807, .T. ) ;
#2394 = DIRECTION ( 'NONE',  ( 0.0000000000000000000, 0.0000000000000000000, 1.000000000000000000 ) ) ;
#2395 = CARTESIAN_POINT ( 'NONE',  ( 4.523100952641918600, -0.9652524972598767200, 0.5572887891289487500 ) ) ;
#2396 = CARTESIAN_POINT ( 'NONE',  ( 1.661213928962876900, -1.278125000000000400, -0.7379258128079899700 ) ) ;
#2397 = CARTESIAN_POINT ( 'NONE',  ( 2.929350952641918600, 0.9652524972598769400, 0.0000000000000000000 ) ) ;
#2398 = CARTESIAN_POINT ( 'NONE',  ( 0.5899519052838353400, 0.6250000000000003300, 1.082531754730548400 ) ) ;
#2399 = CARTESIAN_POINT ( 'NONE',  ( -4.065758146820639800E-017, -2.249999999999998700, -0.2199930545031165400 ) ) ;
#2400 = FACE_OUTER_BOUND ( 'NONE', #2375, .T. ) ;
#2401 = CARTESIAN_POINT ( 'NONE',  ( 2.202451905283835400, 2.817957636530729900E-015, -1.250000000000000200 ) ) ;
#2402 = CARTESIAN_POINT ( 'NONE',  ( 5.980756665990565300, -1.506653605801031600, 1.728209346468568600 ) ) ;
#2403 = CARTESIAN_POINT ( 'NONE',  ( 4.677451905283835000, 2.033577675846917800E-016, 1.250000000000000000 ) ) ;
#2404 = LINE ( 'NONE', #939, #3038 ) ;
#2405 = CARTESIAN_POINT ( 'NONE',  ( 2.041237976320961200, -1.278125000000000200, 1.565251690160211100E-016 ) ) ;
#2406 =( NAMED_UNIT ( * ) SI_UNIT ( $, .STERADIAN. ) SOLID_ANGLE_UNIT ( ) );
#2407 = CARTESIAN_POINT ( 'NONE',  ( 3.761213928962876500, 9.036984846635145800E-017, 1.475851625615981000 ) ) ;
#2408 = ADVANCED_FACE ( 'NONE', ( #2830 ), #1867, .F. ) ;
#2409 = CARTESIAN_POINT ( 'NONE',  ( 1.841850952641918400, -0.9652524972598771600, -0.5572887891289481900 ) ) ;
#2410 = CARTESIAN_POINT ( 'NONE',  ( 0.0000000000000000000, 1.530808498934191800E-016, -1.250000000000000200 ) ) ;
#2411 = EDGE_CURVE ( 'NONE', #136, #463, #3401, .T. ) ;
#2412 = VERTEX_POINT ( 'NONE', #328 ) ;
#2413 = CARTESIAN_POINT ( 'NONE',  ( 0.1747057075440821300, -1.121085673184552000, -0.2450682966738801100 ) ) ;
#2414 = CARTESIAN_POINT ( 'NONE',  ( 0.3472475027401220600, 0.2312385016839842200, 0.9652524972594716000 ) ) ;
#2415 = CARTESIAN_POINT ( 'NONE',  ( 1.077451905283834900, -1.481606592402754400E-015, 1.249999999999999800 ) ) ;
#2416 = CARTESIAN_POINT ( 'NONE',  ( 4.602451905283834900, 1.250000000000000200, 0.7216878364870320500 ) ) ;
#2417 = CARTESIAN_POINT ( 'NONE',  ( 1.928737976320961100, 9.036984846635145800E-017, 1.475851625615981000 ) ) ;
#2418 = CARTESIAN_POINT ( 'NONE',  ( 3.648713928962876700, 1.278125000000000200, 0.0000000000000000000 ) ) ;
#2419 = CARTESIAN_POINT ( 'NONE',  ( 4.616850952641919500, -2.047445795422412600E-016, -1.114577578257897100 ) ) ;
#2420 = ORIENTED_EDGE ( 'NONE', *, *, #1725, .F. ) ;
#2421 = CARTESIAN_POINT ( 'NONE',  ( 0.2293509526419189900, 0.9652524972598769400, 0.0000000000000000000 ) ) ;
#2422 = CARTESIAN_POINT ( 'NONE',  ( 2.587500000000002600, 2.817957636530729900E-015, -1.250000000000000200 ) ) ;
#2423 = ORIENTED_EDGE ( 'NONE', *, *, #1012, .T. ) ;
#2424 = CARTESIAN_POINT ( 'NONE',  ( 2.222548094716169300, 0.3349364905389043400, -1.249999999999999600 ) ) ;
#2425 = ADVANCED_FACE ( 'NONE', ( #1298 ), #2485, .F. ) ;
#2426 = CARTESIAN_POINT ( 'NONE',  ( 1.752451905283835200, 2.817957636530729900E-015, -1.250000000000000200 ) ) ;
#2427 = CARTESIAN_POINT ( 'NONE',  ( 0.5412379763209610500, 0.6390625000000002000, 1.106888719211985600 ) ) ;
#2428 = EDGE_LOOP ( 'NONE', ( #435, #613, #1501, #1461, #1174, #2317 ) ) ;
#2429 =( LENGTH_UNIT ( ) NAMED_UNIT ( * ) SI_UNIT ( .MILLI., .METRE. ) );
#2430 = CARTESIAN_POINT ( 'NONE',  ( 2.373713928962876800, 0.6390625000000002000, 1.106888719211985600 ) ) ;
#2431 = CARTESIAN_POINT ( 'NONE',  ( 6.191850952641919600, 6.824819318074709100E-017, 1.114577578257897100 ) ) ;
#2432 = CARTESIAN_POINT ( 'NONE',  ( -0.03314904735808103100, -0.9652524972598767200, 0.5572887891289487500 ) ) ;
#2433 = DIRECTION ( 'NONE',  ( -1.000000000000000000, 0.0000000000000000000, 0.0000000000000000000 ) ) ;
#2434 = EDGE_CURVE ( 'NONE', #1760, #1543, #439, .T. ) ;
#2435 = CARTESIAN_POINT ( 'NONE',  ( 0.3472475027401220000, 0.6360407303617273700, 0.7260609979797488800 ) ) ;
#2436 = CARTESIAN_POINT ( 'NONE',  ( 5.860229930904661300, -2.066424524318478000, 1.405025455977997100 ) ) ;
#2437 = DIRECTION ( 'NONE',  ( -1.000000000000000000, -0.0000000000000000000, -0.0000000000000000000 ) ) ;
#2438 = CARTESIAN_POINT ( 'NONE',  ( 2.753737976320960600, 1.278125000000000200, 0.7379258128079903000 ) ) ;
#2439 = LINE ( 'NONE', #2237, #1783 ) ;
#2440 = ORIENTED_EDGE ( 'NONE', *, *, #1999, .F. ) ;
#2441 = CARTESIAN_POINT ( 'NONE',  ( 3.198713928962877000, 1.278125000000000200, 0.0000000000000000000 ) ) ;
#2442 = DATE_AND_TIME ( #1953, #1736 ) ;
#2443 = CARTESIAN_POINT ( 'NONE',  ( 1.804350952641918800, -0.9652524972598769400, 1.182093381138297500E-016 ) ) ;
#2444 = CARTESIAN_POINT ( 'NONE',  ( 0.4125000000000028100, 1.249999999999999100, -0.7216878364870330500 ) ) ;
#2445 = VECTOR ( 'NONE', #217, 1000.000000000000000 ) ;
#2446 = DIRECTION ( 'NONE',  ( 1.000000000000000000, 0.0000000000000000000, 0.0000000000000000000 ) ) ;
#2447 = CARTESIAN_POINT ( 'NONE',  ( 0.4356009526419191100, -0.4826262486299382500, 0.8359331836934227300 ) ) ;
#2448 = CARTESIAN_POINT ( 'NONE',  ( 1.853737976320960900, 1.278125000000000200, 0.7379258128079903000 ) ) ;
#2449 = ORIENTED_EDGE ( 'NONE', *, *, #2310, .T. ) ;
#2450 = CARTESIAN_POINT ( 'NONE',  ( -0.1456490473580810100, 0.4826262486299385800, 0.8359331836934226200 ) ) ;
#2451 = CARTESIAN_POINT ( 'NONE',  ( 5.666850952641918400, 0.9652524972598769400, 0.5572887891289483000 ) ) ;
#2452 = EDGE_LOOP ( 'NONE', ( #3378, #3495, #3110, #2423, #3200, #3571, #2703 ) ) ;
#2453 = CARTESIAN_POINT ( 'NONE',  ( 6.000000000000000000, 1.124999999999997800, 1.948557158514986300 ) ) ;
#2454 = CARTESIAN_POINT ( 'NONE',  ( -0.1012860710371228700, -0.6390625000000006400, -1.106888719211985400 ) ) ;
#2455 = EDGE_CURVE ( 'NONE', #601, #555, #3384, .T. ) ;
#2456 = CARTESIAN_POINT ( 'NONE',  ( 5.314951905283834300, -0.6250000000000006700, -1.082531754730548200 ) ) ;
#2457 = DIRECTION ( 'NONE',  ( 0.0000000000000000000, 0.0000000000000000000, 1.000000000000000000 ) ) ;
#2458 = VERTEX_POINT ( 'NONE', #2280 ) ;
#2459 = CARTESIAN_POINT ( 'NONE',  ( 4.103737976320960700, 1.278125000000000200, 0.7379258128079903000 ) ) ;
#2460 = ORIENTED_EDGE ( 'NONE', *, *, #3515, .T. ) ;
#2461 = CARTESIAN_POINT ( 'NONE',  ( 4.436213928962876800, -2.711095453990543300E-016, -1.475851625615981000 ) ) ;
#2462 = CARTESIAN_POINT ( 'NONE',  ( 5.104350952641919300, 0.4826262486299377500, -0.8359331836934230700 ) ) ;
#2463 = CARTESIAN_POINT ( 'NONE',  ( 1.354350952641918600, -0.9652524972598769400, 1.182093381138297500E-016 ) ) ;
#2464 = ORIENTED_EDGE ( 'NONE', *, *, #2286, .T. ) ;
#2465 = CARTESIAN_POINT ( 'NONE',  ( 1.398713928962877200, 1.278125000000000200, 0.0000000000000000000 ) ) ;
#2466 = CARTESIAN_POINT ( 'NONE',  ( 1.804350952641918800, -0.9652524972598769400, 1.182093381138297500E-016 ) ) ;
#2467 = CARTESIAN_POINT ( 'NONE',  ( 5.250000000000002700, -0.6250000000000006700, -1.082531754730548200 ) ) ;
#2468 = ORIENTED_EDGE ( 'NONE', *, *, #1815, .T. ) ;
#2469 = CARTESIAN_POINT ( 'NONE',  ( 4.573977915173220600E-017, -2.249999999999999100, 0.2201909781973956900 ) ) ;
#2470 = CARTESIAN_POINT ( 'NONE',  ( 4.192813088908785400E-017, 2.249999999999997800, -0.2199930545031168200 ) ) ;
#2471 = CARTESIAN_POINT ( 'NONE',  ( 0.0000000000000000000, 0.0000000000000000000, 0.0000000000000000000 ) ) ;
#2472 = CARTESIAN_POINT ( 'NONE',  ( 5.191237976320961100, -1.278125000000000200, 1.565251690160211100E-016 ) ) ;
#2473 = CARTESIAN_POINT ( 'NONE',  ( 5.298713928962876600, -0.6390625000000006400, -1.106888719211985400 ) ) ;
#2474 = EDGE_CURVE ( 'NONE', #2502, #2979, #1109, .T. ) ;
#2475 = ADVANCED_FACE ( 'NONE', ( #459 ), #1788, .F. ) ;
#2476 = CARTESIAN_POINT ( 'NONE',  ( 0.0000000000000000000, 1.124999999999997800, 1.948557158514986300 ) ) ;
#2477 = CARTESIAN_POINT ( 'NONE',  ( 2.404350952641918700, 0.4826262486299377500, -0.8359331836934230700 ) ) ;
#2478 = CARTESIAN_POINT ( 'NONE',  ( -0.02628607103712289300, 0.6390624999999990900, -1.106888719211986300 ) ) ;
#2479 = CIRCLE ( 'NONE', #1934, 2.249999999999998200 ) ;
#2480 = CARTESIAN_POINT ( 'NONE',  ( 0.0000000000000000000, 1.530808498934191800E-016, -1.250000000000000200 ) ) ;
#2481 = B_SPLINE_CURVE_WITH_KNOTS ( 'NONE', 3,
 ( #3298, #26, #304, #3568, #2248, #1384 ),
 .UNSPECIFIED., .F., .F.,
 ( 4, 2, 4 ),
 ( 0.002468869311585801300, 0.003126657615063708000, 0.003784445918541615200 ),
 .UNSPECIFIED. ) ;
#2482 = CARTESIAN_POINT ( 'NONE',  ( 2.427451905283835900, -3.108468733080289700E-015, 1.250000000000000200 ) ) ;
#2483 = CARTESIAN_POINT ( 'NONE',  ( 0.0000000000000000000, 0.0000000000000000000, 1.250000000000000200 ) ) ;
#2484 = CARTESIAN_POINT ( 'NONE',  ( 3.541237976320960700, 0.6390624999999990900, -1.106888719211986300 ) ) ;
#2485 = CYLINDRICAL_SURFACE ( 'NONE', #2806, 1.250000000000000200 ) ;
#2486 = AXIS2_PLACEMENT_3D ( 'NONE', #3417, #3402, #2823 ) ;
#2487 = CARTESIAN_POINT ( 'NONE',  ( 5.823713928962877000, 0.6390624999999990900, -1.106888719211986300 ) ) ;
#2488 = CARTESIAN_POINT ( 'NONE',  ( 0.1402892616303169400, 2.249999999999997800, 1.088861940770092600 ) ) ;
#2489 = CARTESIAN_POINT ( 'NONE',  ( 3.491850952641918100, 6.824819318074709100E-017, 1.114577578257897100 ) ) ;
#2490 = CARTESIAN_POINT ( 'NONE',  ( 0.4612139289628770000, 1.278124999999999500, -0.7379258128079913000 ) ) ;
#2491 = CARTESIAN_POINT ( 'NONE',  ( 1.579350952641918900, 0.9652524972598769400, 0.0000000000000000000 ) ) ;
#2492 = CARTESIAN_POINT ( 'NONE',  ( 4.002451905283834300, -4.938688641342514700E-016, -1.250000000000000200 ) ) ;
#2493 = CARTESIAN_POINT ( 'NONE',  ( 1.710600952641919200, 0.4826262486299385800, 0.8359331836934226200 ) ) ;
#2494 = ADVANCED_FACE ( 'NONE', ( #2365 ), #3259, .F. ) ;
#2495 = CARTESIAN_POINT ( 'NONE',  ( 0.2009618943233409700, -2.249999999999998200, -1.299038105676658200 ) ) ;
#2496 = ORIENTED_EDGE ( 'NONE', *, *, #588, .F. ) ;
#2497 = CARTESIAN_POINT ( 'NONE',  ( 4.553737976320960900, 1.278125000000000200, 0.7379258128079903000 ) ) ;
#2498 = CARTESIAN_POINT ( 'NONE',  ( 1.260600952641919100, 0.4826262486299385800, 0.8359331836934226200 ) ) ;
#2499 = CARTESIAN_POINT ( 'NONE',  ( 5.973713928962876500, 0.6390625000000002000, 1.106888719211985600 ) ) ;
#2500 = CARTESIAN_POINT ( 'NONE',  ( 2.366850952641919500, -2.047445795422412600E-016, -1.114577578257897100 ) ) ;
#2501 = EDGE_CURVE ( 'NONE', #3139, #1351, #2734, .T. ) ;
#2502 = VERTEX_POINT ( 'NONE', #3154 ) ;
#2503 = CARTESIAN_POINT ( 'NONE',  ( 0.4168509526419189000, -0.9652524972598767200, 0.5572887891289487500 ) ) ;
#2504 = CARTESIAN_POINT ( 'NONE',  ( 5.287500000000002300, -4.938688641342514700E-016, -1.250000000000000200 ) ) ;
#2505 = CARTESIAN_POINT ( 'NONE',  ( 2.610600952641918900, 0.4826262486299385800, 0.8359331836934226200 ) ) ;
#2506 = CARTESIAN_POINT ( 'NONE',  ( 0.06060095264191921900, -0.9652524972598769400, 1.182093381138297500E-016 ) ) ;
#2507 = CARTESIAN_POINT ( 'NONE',  ( 4.403737976320961400, -2.711095453990543300E-016, -1.475851625615981000 ) ) ;
#2508 = AXIS2_PLACEMENT_3D ( 'NONE', #2372, #1262, #2922 ) ;
#2509 = ORIENTED_EDGE ( 'NONE', *, *, #541, .T. ) ;
#2510 = CARTESIAN_POINT ( 'NONE',  ( 0.4356009526419191100, -0.4826262486299382500, 0.8359331836934227300 ) ) ;
#2511 = CARTESIAN_POINT ( 'NONE',  ( 0.5668509526419189800, -2.047445795422412600E-016, -1.114577578257897100 ) ) ;
#2512 = ORIENTED_EDGE ( 'NONE', *, *, #1367, .F. ) ;
#2513 = CARTESIAN_POINT ( 'NONE',  ( 3.716850952641919600, -2.047445795422412600E-016, -1.114577578257897100 ) ) ;
#2514 =( BOUNDED_CURVE ( )  B_SPLINE_CURVE ( 2, ( #2631, #1289, #2640, #1869, #711, #3513, #2117, #430, #2106 ),
 .UNSPECIFIED., .F., .T. ) 
 B_SPLINE_CURVE_WITH_KNOTS ( ( 3, 2, 2, 2, 3 ),
 ( 0.7055555555555556000, 0.7111111111111111400, 0.7222222222222223200, 0.7333333333333333900, 0.7388888888888889300 ),
 .UNSPECIFIED. ) 
 CURVE ( )  GEOMETRIC_REPRESENTATION_ITEM ( )  RATIONAL_B_SPLINE_CURVE ( ( 0.9330127018922194100, 0.9330127018922194100, 1.000000000000000000, 0.8660254037844388200, 1.000000000000000000, 0.8660254037844388200, 1.000000000000000000, 0.9330127018922194100, 0.9330127018922194100 ) ) 
 REPRESENTATION_ITEM ( '' )  );
#2515 = CARTESIAN_POINT ( 'NONE',  ( 2.929350952641918600, 0.9652524972598769400, 0.0000000000000000000 ) ) ;
#2516 = CARTESIAN_POINT ( 'NONE',  ( 3.889951905283834500, -1.250000000000000200, 1.530808498934192100E-016 ) ) ;
#2517 = CARTESIAN_POINT ( 'NONE',  ( 0.8481009526419192000, 6.824819318074709100E-017, 1.114577578257896800 ) ) ;
#2518 = CARTESIAN_POINT ( 'NONE',  ( 2.850000000000002300, -0.6249999999999997800, 1.082531754730548600 ) ) ;
#2519 = CARTESIAN_POINT ( 'NONE',  ( 0.6606009526419190900, 0.4826262486299377500, -0.8359331836934230700 ) ) ;
#2520 = CARTESIAN_POINT ( 'NONE',  ( 6.353737976320960700, 1.278125000000000200, 0.7379258128079903000 ) ) ;
#2521 = VECTOR ( 'NONE', #3227, 1000.000000000000000 ) ;
#2522 = CARTESIAN_POINT ( 'NONE',  ( 0.8481009526419190900, 6.824819318074709100E-017, 1.114577578257897100 ) ) ;
#2523 = CARTESIAN_POINT ( 'NONE',  ( 1.429350952641918800, -0.4826262486299389100, -0.8359331836934224000 ) ) ;
#2524 = EDGE_CURVE ( 'NONE', #2020, #1505, #3155, .T. ) ;
#2525 = CIRCLE ( 'NONE', #2849, 2.249999999999998200 ) ;
#2526 = CARTESIAN_POINT ( 'NONE',  ( 3.529350952641919100, -0.4826262486299382500, 0.8359331836934227300 ) ) ;
#2527 = CALENDAR_DATE ( 2021, 25, 8 ) ;
#2528 = CARTESIAN_POINT ( 'NONE',  ( 4.316850952641918800, 0.9652524972598769400, 0.5572887891289483000 ) ) ;
#2529 = AXIS2_PLACEMENT_3D ( 'NONE', #3096, #2336, #1809 ) ;
#2530 = CARTESIAN_POINT ( 'NONE',  ( 1.523100952641919000, -2.047445795422412600E-016, -1.114577578257896800 ) ) ;
#2531 = CARTESIAN_POINT ( 'NONE',  ( 5.910744989968447000, -0.3686825588085538800, -2.385217236779674500 ) ) ;
#2532 = CARTESIAN_POINT ( 'NONE',  ( 5.903737976320961400, 1.278125000000000200, 0.7379258128079903000 ) ) ;
#2533 = CARTESIAN_POINT ( 'NONE',  ( 0.7356009526419191600, 0.9652524972598769400, 0.0000000000000000000 ) ) ;
#2534 = CARTESIAN_POINT ( 'NONE',  ( 0.2293509526419189900, 0.9652524972598769400, 0.0000000000000000000 ) ) ;
#2535 = ORIENTED_EDGE ( 'NONE', *, *, #1859, .F. ) ;
#2536 = CARTESIAN_POINT ( 'NONE',  ( 5.366850952641919500, -0.9652524972598767200, 0.5572887891289487500 ) ) ;
#2537 = CARTESIAN_POINT ( 'NONE',  ( 1.586213928962876900, -1.278125000000000000, 0.7379258128079908600 ) ) ;
#2538 = ORIENTED_EDGE ( 'NONE', *, *, #124, .T. ) ;
#2539 = CARTESIAN_POINT ( 'NONE',  ( 2.291850952641919300, -0.9652524972598771600, -0.5572887891289480800 ) ) ;
#2540 = CARTESIAN_POINT ( 'NONE',  ( 5.980526474280212700, -2.249999999999999600, 0.4428661505148309100 ) ) ;
#2541 = ORIENTED_EDGE ( 'NONE', *, *, #1623, .F. ) ;
#2542 = CARTESIAN_POINT ( 'NONE',  ( 1.598100952641919000, 0.9652524972598767200, -0.5572887891289489700 ) ) ;
#2543 = CARTESIAN_POINT ( 'NONE',  ( 0.2009618943233407200, 2.249999999999998700, -1.299038105676656900 ) ) ;
#2544 = CARTESIAN_POINT ( 'NONE',  ( 0.2106009526419191600, 0.4826262486299377500, -0.8359331836934230700 ) ) ;
#2545 = CARTESIAN_POINT ( 'NONE',  ( 6.466237976320960500, -0.6390624999999997600, 1.106888719211985800 ) ) ;
#2546 = EDGE_CURVE ( 'NONE', #2554, #1039, #2125, .T. ) ;
#2547 = CARTESIAN_POINT ( 'NONE',  ( 0.9231009526419190500, -0.9652524972598767200, 0.5572887891289487500 ) ) ;
#2548 = ORIENTED_EDGE ( 'NONE', *, *, #3099, .T. ) ;
#2549 = CARTESIAN_POINT ( 'NONE',  ( 3.102451905283835700, 6.245988575815533700E-015, -1.250000000000000200 ) ) ;
#2550 = CARTESIAN_POINT ( 'NONE',  ( 5.329350952641918900, -0.4826262486299382500, 0.8359331836934227300 ) ) ;
#2551 = VERTEX_POINT ( 'NONE', #131 ) ;
#2552 = CARTESIAN_POINT ( 'NONE',  ( 4.391850952641918900, 6.824819318074709100E-017, 1.114577578257896800 ) ) ;
#2553 = CARTESIAN_POINT ( 'NONE',  ( 6.000000000000001800, 0.7416645267673330800, -2.169875997175798200 ) ) ;
#2554 = VERTEX_POINT ( 'NONE', #3211 ) ;
#2555 = CARTESIAN_POINT ( 'NONE',  ( 3.487500000000002900, 6.245988575815533700E-015, -1.250000000000000200 ) ) ;
#2556 = CARTESIAN_POINT ( 'NONE',  ( 0.1731009526419191900, -2.047445795422412600E-016, -1.114577578257897100 ) ) ;
#2557 = VERTEX_POINT ( 'NONE', #2676 ) ;
#2558 = CARTESIAN_POINT ( 'NONE',  ( 4.860600952641918900, 0.4826262486299385800, 0.8359331836934226200 ) ) ;
#2559 = CARTESIAN_POINT ( 'NONE',  ( 3.885600952641918800, 0.9652524972598769400, 0.0000000000000000000 ) ) ;
#2560 = B_SPLINE_CURVE_WITH_KNOTS ( 'NONE', 3,
 ( #379, #2293, #1243, #3406 ),
 .UNSPECIFIED., .F., .F.,
 ( 4, 4 ),
 ( 0.0006992203592855387800, 0.0007689809013062542900 ),
 .UNSPECIFIED. ) ;
#2561 = CARTESIAN_POINT ( 'NONE',  ( 5.870709108946252600, 0.4682363278916100700, -1.090845319554023300 ) ) ;
#2562 = CARTESIAN_POINT ( 'NONE',  ( 4.654350952641919100, 0.4826262486299377500, -0.8359331836934230700 ) ) ;
#2563 = CARTESIAN_POINT ( 'NONE',  ( 2.141850952641918900, 6.824819318074709100E-017, 1.114577578257896800 ) ) ;
#2564 = CARTESIAN_POINT ( 'NONE',  ( 3.712500000000002600, -6.565550782020049000E-015, 1.250000000000000000 ) ) ;
#2565 = CARTESIAN_POINT ( 'NONE',  ( 3.375000000000002700, -1.250000000000000200, 1.530808498934192100E-016 ) ) ;
#2566 = DIRECTION ( 'NONE',  ( -1.000000000000000000, -0.0000000000000000000, -0.0000000000000000000 ) ) ;
#2567 = CARTESIAN_POINT ( 'NONE',  ( 1.523100952641919000, -2.047445795422412600E-016, -1.114577578257897100 ) ) ;
#2568 = APPROVAL_DATE_TIME ( #762, #693 ) ;
#2569 = CARTESIAN_POINT ( 'NONE',  ( 5.378737976320960200, 1.278124999999999500, -0.7379258128079913000 ) ) ;
#2570 = CARTESIAN_POINT ( 'NONE',  ( 3.698100952641918400, -0.9652524972598771600, -0.5572887891289481900 ) ) ;
#2571 = CARTESIAN_POINT ( 'NONE',  ( 5.160600952641918800, 0.4826262486299377500, -0.8359331836934230700 ) ) ;
#2572 = CARTESIAN_POINT ( 'NONE',  ( 1.973100952641918800, -2.047445795422412600E-016, -1.114577578257897100 ) ) ;
#2573 = EDGE_CURVE ( 'NONE', #3331, #2166, #1524, .T. ) ;
#2574 = CYLINDRICAL_SURFACE ( 'NONE', #759, 1.250000000000000200 ) ;
#2575 = CARTESIAN_POINT ( 'NONE',  ( 6.000000000000000000, 1.607348923880901000E-016, 1.312500000000000000 ) ) ;
#2576 = CARTESIAN_POINT ( 'NONE',  ( 5.640316405492083800, 0.9652524972598768300, 0.1629579717631768900 ) ) ;
#2577 = CARTESIAN_POINT ( 'NONE',  ( 0.6750000000000027100, -1.250000000000000200, 1.530808498934192100E-016 ) ) ;
#2578 = CARTESIAN_POINT ( 'NONE',  ( 1.785600952641919200, -0.4826262486299382500, 0.8359331836934227300 ) ) ;
#2579 = VERTEX_POINT ( 'NONE', #1225 ) ;
#2580 = CARTESIAN_POINT ( 'NONE',  ( 2.235600952641918900, -0.4826262486299382500, 0.8359331836934227300 ) ) ;
#2581 =( BOUNDED_CURVE ( )  B_SPLINE_CURVE ( 2, ( #2401, #2424, #2921, #3203, #3493, #3216, #207, #1295, #504 ),
 .UNSPECIFIED., .F., .T. ) 
 B_SPLINE_CURVE_WITH_KNOTS ( ( 3, 2, 2, 2, 3 ),
 ( 0.3833333333333333600, 0.3888888888888889000, 0.4000000000000000200, 0.4111111111111110900, 0.4166666666666666900 ),
 .UNSPECIFIED. ) 
 CURVE ( )  GEOMETRIC_REPRESENTATION_ITEM ( )  RATIONAL_B_SPLINE_CURVE ( ( 0.9330127018922194100, 0.9330127018922197400, 1.000000000000000000, 0.8660254037844388200, 1.000000000000000000, 0.8660254037844388200, 1.000000000000000000, 0.9330127018922190800, 0.9330127018922194100 ) ) 
 REPRESENTATION_ITEM ( '' )  );
#2582 = EDGE_LOOP ( 'NONE', ( #2538, #2882, #2212 ) ) ;
#2583 = CARTESIAN_POINT ( 'NONE',  ( 5.423100952641918000, -0.9652524972598767200, 0.5572887891289487500 ) ) ;
#2584 = CARTESIAN_POINT ( 'NONE',  ( 1.860600952641919200, -0.9652524972598769400, 1.182093381138297500E-016 ) ) ;
#2585 = B_SPLINE_CURVE_WITH_KNOTS ( 'NONE', 3,
 ( #2, #3261, #3013, #1409, #2204, #837 ),
 .UNSPECIFIED., .F., .F.,
 ( 4, 2, 4 ),
 ( 0.001314652396222794100, 0.001969405109320633700, 0.002624157822418473400 ),
 .UNSPECIFIED. ) ;
#2586 = DIRECTION ( 'NONE',  ( 0.0000000000000000000, 0.0000000000000000000, -1.000000000000000000 ) ) ;
#2587 = CARTESIAN_POINT ( 'NONE',  ( 5.029350952641918200, -0.4826262486299389100, -0.8359331836934224000 ) ) ;
#2588 = CARTESIAN_POINT ( 'NONE',  ( 0.3076252751124446400, 0.1480042081542525000, 1.004874724887755400 ) ) ;
#2589 = EDGE_LOOP ( 'NONE', ( #1261, #258, #1678, #42 ) ) ;
#2590 = CARTESIAN_POINT ( 'NONE',  ( 2.723100952641919200, -0.9652524972598767200, 0.5572887891289487500 ) ) ;
#2591 = EDGE_CURVE ( 'NONE', #136, #2458, #768, .T. ) ;
#2592 = CARTESIAN_POINT ( 'NONE',  ( 4.073100952641919300, -0.9652524972598767200, 0.5572887891289487500 ) ) ;
#2593 = CARTESIAN_POINT ( 'NONE',  ( 2.085600952641919000, 0.9652524972598769400, 0.0000000000000000000 ) ) ;
#2594 = EDGE_LOOP ( 'NONE', ( #728, #2597, #262, #160, #1889, #224 ) ) ;
#2595 = CARTESIAN_POINT ( 'NONE',  ( 1.050000000000002700, -0.6249999999999997800, 1.082531754730548600 ) ) ;
#2596 = DIRECTION ( 'NONE',  ( 0.0000000000000000000, 0.0000000000000000000, -1.000000000000000000 ) ) ;
#2597 = ORIENTED_EDGE ( 'NONE', *, *, #3353, .T. ) ;
#2598 = CARTESIAN_POINT ( 'NONE',  ( 5.799038105676658900, 2.249999999999998700, 1.299038105676658700 ) ) ;
#2599 = CARTESIAN_POINT ( 'NONE',  ( 2.137500000000003300, 2.817957636530729900E-015, -1.250000000000000200 ) ) ;
#2600 = CARTESIAN_POINT ( 'NONE',  ( 0.08140826338989379200, 1.235859346113521900, 0.1045721418001234700 ) ) ;
#2601 = CARTESIAN_POINT ( 'NONE',  ( 3.135600952641918400, -0.4826262486299382500, 0.8359331836934227300 ) ) ;
#2602 = CARTESIAN_POINT ( 'NONE',  ( 3.923100952641918900, 0.9652524972598769400, 0.5572887891289483000 ) ) ;
#2603 = CARTESIAN_POINT ( 'NONE',  ( 6.098100952641918800, 0.9652524972598765000, -0.5572887891289489700 ) ) ;
#2604 = CARTESIAN_POINT ( 'NONE',  ( 5.867120115338056300, 0.3777276252109744700, -1.121527887276486200 ) ) ;
#2605 = CYLINDRICAL_SURFACE ( 'NONE', #3521, 1.250000000000000200 ) ;
#2606 = CARTESIAN_POINT ( 'NONE',  ( 1.377451905283834800, 1.249999999999999100, -0.7216878364870330500 ) ) ;
#2607 = CARTESIAN_POINT ( 'NONE',  ( 5.980526474280212700, 2.249999999999998700, 0.4428661505148319100 ) ) ;
#2608 = CARTESIAN_POINT ( 'NONE',  ( 1.977451905283835500, -3.108468733080289700E-015, 1.250000000000000200 ) ) ;
#2609 = CARTESIAN_POINT ( 'NONE',  ( 1.227451905283834900, -1.250000000000000200, -0.7216878364870317200 ) ) ;
#2610 = EDGE_CURVE ( 'NONE', #1097, #1973, #2514, .T. ) ;
#2611 = COORDINATED_UNIVERSAL_TIME_OFFSET ( 6, 0, .BEHIND. ) ;
#2612 = CARTESIAN_POINT ( 'NONE',  ( 3.285600952641918800, -0.4826262486299389100, -0.8359331836934224000 ) ) ;
#2613 = CARTESIAN_POINT ( 'NONE',  ( 3.702451905283834500, 1.250000000000000200, 0.7216878364870320500 ) ) ;
#2614 = CARTESIAN_POINT ( 'NONE',  ( 5.048100952641918000, -0.9652524972598771600, -0.5572887891289481900 ) ) ;
#2615 = CARTESIAN_POINT ( 'NONE',  ( 1.687500000000002700, 1.191095495853194700E-015, -1.250000000000000000 ) ) ;
#2616 = EDGE_CURVE ( 'NONE', #744, #2100, #1827, .T. ) ;
#2617 = CARTESIAN_POINT ( 'NONE',  ( 4.367403810567668500, -0.3349364905389038400, -1.250000000000000000 ) ) ;
#2618 = EDGE_LOOP ( 'NONE', ( #2637, #3429, #2440, #3276 ) ) ;
#2619 = CARTESIAN_POINT ( 'NONE',  ( 5.859710738369682500, 2.249999999999998700, 1.088861940770093200 ) ) ;
#2620 = AXIS2_PLACEMENT_3D ( 'NONE', #2790, #3407, #1184 ) ;
#2621 = CARTESIAN_POINT ( 'NONE',  ( 0.6000000000000028600, -0.6249999999999997800, 1.082531754730548600 ) ) ;
#2622 = CARTESIAN_POINT ( 'NONE',  ( 0.9924038105676685800, 0.3349364905389035100, 1.250000000000000000 ) ) ;
#2623 =( BOUNDED_CURVE ( )  B_SPLINE_CURVE ( 2, ( #1729, #606, #2043, #889, #877, #3364, #3376, #2294, #2791 ),
 .UNSPECIFIED., .F., .T. ) 
 B_SPLINE_CURVE_WITH_KNOTS ( ( 3, 2, 2, 2, 3 ),
 ( 0.5722222222222221900, 0.5777777777777778300, 0.5888888888888890200, 0.6000000000000000900, 0.6055555555555556200 ),
 .UNSPECIFIED. ) 
 CURVE ( )  GEOMETRIC_REPRESENTATION_ITEM ( )  RATIONAL_B_SPLINE_CURVE ( ( 0.9330127018922194100, 0.9330127018922187400, 1.000000000000000000, 0.8660254037844388200, 1.000000000000000000, 0.8660254037844388200, 1.000000000000000000, 0.9330127018922194100, 0.9330127018922194100 ) ) 
 REPRESENTATION_ITEM ( '' )  );
#2624 = CARTESIAN_POINT ( 'NONE',  ( 4.485600952641918900, -0.4826262486299382500, 0.8359331836934227300 ) ) ;
#2625 = CARTESIAN_POINT ( 'NONE',  ( 0.2412379763209610300, -1.278125000000000200, 1.565251690160211100E-016 ) ) ;
#2626 = CARTESIAN_POINT ( 'NONE',  ( 1.339951905283834900, 0.6249999999999992200, -1.082531754730548900 ) ) ;
#2627 = EDGE_LOOP ( 'NONE', ( #2915, #923, #1561, #1146 ) ) ;
#2628 = CARTESIAN_POINT ( 'NONE',  ( 2.516850952641918900, 0.9652524972598769400, 0.5572887891289483000 ) ) ;
#2629 = VERTEX_POINT ( 'NONE', #467 ) ;
#2630 = DIRECTION ( 'NONE',  ( 0.0000000000000000000, 0.0000000000000000000, 1.000000000000000000 ) ) ;
#2631 = CARTESIAN_POINT ( 'NONE',  ( 1.687500000000002700, 1.191095495853194700E-015, -1.250000000000000000 ) ) ;
#2632 = ORIENTED_EDGE ( 'NONE', *, *, #2546, .F. ) ;
#2633 = CARTESIAN_POINT ( 'NONE',  ( 5.652752497259886200, 0.8642566705677325900, -0.4298520569284412500 ) ) ;
#2634 = EDGE_CURVE ( 'NONE', #2677, #2081, #1903, .T. ) ;
#2635 = CARTESIAN_POINT ( 'NONE',  ( 0.3083724478575060600, 1.024748291531750700, 0.01909304482501541700 ) ) ;
#2636 = CARTESIAN_POINT ( 'NONE',  ( 4.823100952641918400, 0.9652524972598769400, 0.5572887891289483000 ) ) ;
#2637 = ORIENTED_EDGE ( 'NONE', *, *, #588, .T. ) ;
#2638 = AXIS2_PLACEMENT_3D ( 'NONE', #2879, #187, #2630 ) ;
#2639 = CARTESIAN_POINT ( 'NONE',  ( 3.566850952641918800, -0.9652524972598767200, 0.5572887891289487500 ) ) ;
#2640 = CARTESIAN_POINT ( 'NONE',  ( 1.650000000000002800, -0.6250000000000006700, -1.082531754730548200 ) ) ;
#2641 = VECTOR ( 'NONE', #3531, 1000.000000000000000 ) ;
#2642 = DIRECTION ( 'NONE',  ( -1.000000000000000000, -0.0000000000000000000, -0.0000000000000000000 ) ) ;
#2643 = CARTESIAN_POINT ( 'NONE',  ( 5.498100952641918200, -0.9652524972598771600, -0.5572887891289481900 ) ) ;
#2644 = CARTESIAN_POINT ( 'NONE',  ( 5.127451905283834300, 2.033577675846917800E-016, 1.250000000000000000 ) ) ;
#2645 = CARTESIAN_POINT ( 'NONE',  ( 5.652752497259885300, 0.8642566705677327000, -0.4298520569284412500 ) ) ;
#2646 = CARTESIAN_POINT ( 'NONE',  ( 4.898100952641918600, 6.824819318074709100E-017, 1.114577578257897100 ) ) ;
#2647 = DIRECTION ( 'NONE',  ( 0.0000000000000000000, 0.0000000000000000000, -1.000000000000000000 ) ) ;
#2648 = PERSON_AND_ORGANIZATION ( #614, #2867 ) ;
#2649 = CARTESIAN_POINT ( 'NONE',  ( 2.779350952641918700, -0.4826262486299389100, -0.8359331836934224000 ) ) ;
#2650 = CARTESIAN_POINT ( 'NONE',  ( 1.772548094716169400, 0.3349364905389043400, -1.249999999999999600 ) ) ;
#2651 = CARTESIAN_POINT ( 'NONE',  ( 0.3375000000000028500, -2.905110965495597100E-017, -1.250000000000000000 ) ) ;
#2652 = CARTESIAN_POINT ( 'NONE',  ( 0.1399519052838352800, 0.6250000000000003300, 1.082531754730548400 ) ) ;
#2653 = CARTESIAN_POINT ( 'NONE',  ( 0.0000000000000000000, 0.0000000000000000000, 0.0000000000000000000 ) ) ;
#2654 = EDGE_CURVE ( 'NONE', #270, #316, #2911, .T. ) ;
#2655 = CARTESIAN_POINT ( 'NONE',  ( 5.085600952641918600, -0.4826262486299389100, -0.8359331836934224000 ) ) ;
#2656 = ORIENTED_EDGE ( 'NONE', *, *, #990, .F. ) ;
#2657 = DIRECTION ( 'NONE',  ( 0.0000000000000000000, 0.0000000000000000000, 1.000000000000000000 ) ) ;
#2658 = CARTESIAN_POINT ( 'NONE',  ( 4.472548094716169800, 0.3349364905389029000, -1.250000000000000400 ) ) ;
#2659 = EDGE_LOOP ( 'NONE', ( #265, #2713, #2380, #3048 ) ) ;
#2660 = VERTEX_POINT ( 'NONE', #2367 ) ;
#2661 = APPROVAL_STATUS ( 'not_yet_approved' ) ;
#2662 = CARTESIAN_POINT ( 'NONE',  ( 1.698713928962877000, -0.6390625000000006400, -1.106888719211985400 ) ) ;
#2663 = CARTESIAN_POINT ( 'NONE',  ( 2.629350952641918800, -0.4826262486299382500, 0.8359331836934227300 ) ) ;
#2664 = CARTESIAN_POINT ( 'NONE',  ( 0.1325961894323372200, -0.3349364905389062800, 1.249999999999997800 ) ) ;
#2665 = DIRECTION ( 'NONE',  ( 0.0000000000000000000, 0.5000000000000004400, -0.8660254037844383700 ) ) ;
#2666 = CARTESIAN_POINT ( 'NONE',  ( 6.173100952641918000, 0.9652524972598769400, 0.5572887891289483000 ) ) ;
#2667 = CARTESIAN_POINT ( 'NONE',  ( 5.587500000000001200, -1.249999999999999600, 0.7216878364870327200 ) ) ;
#2668 = ADVANCED_FACE ( 'NONE', ( #2740 ), #2244, .T. ) ;
#2669 = CARTESIAN_POINT ( 'NONE',  ( 6.000000000000000000, 1.124999999999997800, 1.948557158514986300 ) ) ;
#2670 = VERTEX_POINT ( 'NONE', #1011 ) ;
#2671 = CARTESIAN_POINT ( 'NONE',  ( 1.591237976320960800, -1.278125000000000200, 1.565251690160211100E-016 ) ) ;
#2672 = VERTEX_POINT ( 'NONE', #3482 ) ;
#2673 = CARTESIAN_POINT ( 'NONE',  ( 2.973713928962876500, -1.278125000000000200, 1.565251690160211100E-016 ) ) ;
#2674 = CARTESIAN_POINT ( 'NONE',  ( 2.141850952641918500, 6.824819318074709100E-017, 1.114577578257897100 ) ) ;
#2675 = CARTESIAN_POINT ( 'NONE',  ( 0.2009618943233413000, 2.249999999999998700, 1.299038105676658700 ) ) ;
#2676 = CARTESIAN_POINT ( 'NONE',  ( 5.937499999999997300, 1.185400846293080100, 0.3966419463541917000 ) ) ;
#2677 = VERTEX_POINT ( 'NONE', #2388 ) ;
#2678 = CARTESIAN_POINT ( 'NONE',  ( 5.737500000000003400, -4.938688641342514700E-016, -1.250000000000000200 ) ) ;
#2679 = CARTESIAN_POINT ( 'NONE',  ( 5.937499999999989300, 0.4166666666667572800, 1.178511301977535100 ) ) ;
#2680 = EDGE_CURVE ( 'NONE', #2070, #1308, #2778, .T. ) ;
#2681 = DIRECTION ( 'NONE',  ( -1.000000000000000000, -0.0000000000000000000, -0.0000000000000000000 ) ) ;
#2682 = CARTESIAN_POINT ( 'NONE',  ( 5.799038105676659800, 8.128577730476220800E-016, -2.598076211353313800 ) ) ;
#2683 = CARTESIAN_POINT ( 'NONE',  ( 1.141237976320961000, -1.278125000000000200, 1.565251690160211100E-016 ) ) ;
#2684 = APPLICATION_CONTEXT ( 'configuration controlled 3d designs of mechanical parts and assemblies' ) ;
#2685 = CARTESIAN_POINT ( 'NONE',  ( 2.936213928962876800, -1.278125000000000000, 0.7379258128079908600 ) ) ;
#2686 = LINE ( 'NONE', #2345, #2078 ) ;
#2687 = ADVANCED_FACE ( 'NONE', ( #1031 ), #1252, .T. ) ;
#2688 = CARTESIAN_POINT ( 'NONE',  ( 4.204350952641918000, 0.4826262486299377500, -0.8359331836934230700 ) ) ;
#2689 = CARTESIAN_POINT ( 'NONE',  ( 0.6793509526419189100, 0.9652524972598769400, 0.0000000000000000000 ) ) ;
#2690 = CARTESIAN_POINT ( 'NONE',  ( 3.037500000000003200, 2.817957636530729900E-015, -1.250000000000000200 ) ) ;
#2691 = FACE_OUTER_BOUND ( 'NONE', #2594, .T. ) ;
#2692 = CARTESIAN_POINT ( 'NONE',  ( 6.000000000000000000, -2.249999999999998700, -7.511572993685794200E-016 ) ) ;
#2693 = DIRECTION ( 'NONE',  ( -1.000000000000000000, -0.0000000000000000000, -0.0000000000000000000 ) ) ;
#2694 = CARTESIAN_POINT ( 'NONE',  ( 0.2524519052838352100, -1.249999999999999600, 0.7216878364870327200 ) ) ;
#2695 = CARTESIAN_POINT ( 'NONE',  ( 0.3162379763209610100, -0.6390625000000006400, -1.106888719211985400 ) ) ;
#2696 = FACE_OUTER_BOUND ( 'NONE', #3574, .T. ) ;
#2697 = CARTESIAN_POINT ( 'NONE',  ( 1.703737976320960600, -2.711095453990543300E-016, -1.475851625615981000 ) ) ;
#2698 = CARTESIAN_POINT ( 'NONE',  ( 3.461213928962876700, -1.278125000000000400, -0.7379258128079899700 ) ) ;
#2699 = CARTESIAN_POINT ( 'NONE',  ( 5.591850952641918200, 0.9652524972598765000, -0.5572887891289489700 ) ) ;
#2700 = CARTESIAN_POINT ( 'NONE',  ( 1.729350952641918800, -0.4826262486299382500, 0.8359331836934227300 ) ) ;
#2701 = CARTESIAN_POINT ( 'NONE',  ( 5.850000000000002300, 1.250000000000000200, 0.0000000000000000000 ) ) ;
#2702 = EDGE_CURVE ( 'NONE', #1643, #3527, #1443, .T. ) ;
#2703 = ORIENTED_EDGE ( 'NONE', *, *, #3412, .T. ) ;
#2704 = CARTESIAN_POINT ( 'NONE',  ( 0.1870613408138721300, -1.008204994702119400, -0.5219679769462892700 ) ) ;
#2705 = DIRECTION ( 'NONE',  ( -1.000000000000000000, -0.0000000000000000000, -0.0000000000000000000 ) ) ;
#2706 = CARTESIAN_POINT ( 'NONE',  ( 2.202451905283835400, 2.817957636530729900E-015, -1.250000000000000200 ) ) ;
#2707 = VERTEX_POINT ( 'NONE', #3472 ) ;
#2708 = CARTESIAN_POINT ( 'NONE',  ( 2.791237976320961200, 0.6390625000000002000, 1.106888719211985600 ) ) ;
#2709 = CARTESIAN_POINT ( 'NONE',  ( 3.836213928962877600, -1.278125000000000000, 0.7379258128079908600 ) ) ;
#2710 = ORIENTED_EDGE ( 'NONE', *, *, #2137, .T. ) ;
#2711 = CARTESIAN_POINT ( 'NONE',  ( 1.429350952641918800, -0.4826262486299389100, -0.8359331836934224000 ) ) ;
#2712 = CARTESIAN_POINT ( 'NONE',  ( 3.150000000000002100, 1.250000000000000200, 0.0000000000000000000 ) ) ;
#2713 = ORIENTED_EDGE ( 'NONE', *, *, #665, .T. ) ;
#2714 = CARTESIAN_POINT ( 'NONE',  ( 0.0000000000000000000, 0.0000000000000000000, 1.250000000000000200 ) ) ;
#2715 = CARTESIAN_POINT ( 'NONE',  ( 5.147548094716168700, -0.3349364905389032300, 1.250000000000000000 ) ) ;
#2716 = CARTESIAN_POINT ( 'NONE',  ( 5.740008817309821200, -0.6754887681183385800, 0.8197974194639696700 ) ) ;
#2717 = CARTESIAN_POINT ( 'NONE',  ( 0.6162379763209610000, -0.6390624999999997600, 1.106888719211985800 ) ) ;
#2718 = ORIENTED_EDGE ( 'NONE', *, *, #1294, .F. ) ;
#2719 = CARTESIAN_POINT ( 'NONE',  ( 5.036213928962876500, 1.278125000000000200, 0.7379258128079903000 ) ) ;
#2720 = ORIENTED_EDGE ( 'NONE', *, *, #3258, .F. ) ;
#2721 = EDGE_CURVE ( 'NONE', #2873, #397, #1957, .T. ) ;
#2722 = ADVANCED_FACE ( 'NONE', ( #3174 ), #993, .T. ) ;
#2723 = CARTESIAN_POINT ( 'NONE',  ( 6.079350952641918000, 0.9652524972598769400, 0.0000000000000000000 ) ) ;
#2724 = CARTESIAN_POINT ( 'NONE',  ( 0.7918509526419188500, 6.824819318074709100E-017, 1.114577578257897100 ) ) ;
#2725 = CARTESIAN_POINT ( 'NONE',  ( 1.323713928962877000, 0.6390624999999990900, -1.106888719211986300 ) ) ;
#2726 = CARTESIAN_POINT ( 'NONE',  ( 1.991850952641919000, 0.9652524972598767200, -0.5572887891289489700 ) ) ;
#2727 = CARTESIAN_POINT ( 'NONE',  ( 5.680747521170986600, 0.9506924126866607100, -0.2979303730014865000 ) ) ;
#2728 = FACE_BOUND ( 'NONE', #3537, .T. ) ;
#2729 = DIRECTION ( 'NONE',  ( 0.0000000000000000000, 0.0000000000000000000, 1.000000000000000000 ) ) ;
#2730 =( BOUNDED_CURVE ( )  B_SPLINE_CURVE ( 2, ( #231, #241, #514, #1882, #1045, #2444, #2175, #2980, #3503 ),
 .UNSPECIFIED., .F., .T. ) 
 B_SPLINE_CURVE_WITH_KNOTS ( ( 3, 2, 2, 2, 3 ),
 ( 0.8722222222222222300, 0.8777777777777777700, 0.8888888888888889500, 0.9000000000000000200, 0.9055555555555555600 ),
 .UNSPECIFIED. ) 
 CURVE ( )  GEOMETRIC_REPRESENTATION_ITEM ( )  RATIONAL_B_SPLINE_CURVE ( ( 0.9330127018922194100, 0.9330127018922194100, 1.000000000000000000, 0.8660254037844388200, 1.000000000000000000, 0.8660254037844388200, 1.000000000000000000, 0.9330127018922200800, 0.9330127018922194100 ) ) 
 REPRESENTATION_ITEM ( '' )  );
#2731 = CARTESIAN_POINT ( 'NONE',  ( 5.921727692845873700, 1.881931238497225300, 1.511542704210576700 ) ) ;
#2732 = CARTESIAN_POINT ( 'NONE',  ( 5.715866942937337200, -0.1424321734735601600, 1.028366942937339200 ) ) ;
#2733 = CARTESIAN_POINT ( 'NONE',  ( 3.466237976320960500, -0.6390625000000006400, -1.106888719211985400 ) ) ;
#2734 =( BOUNDED_CURVE ( )  B_SPLINE_CURVE ( 2, ( #1257, #3419, #1538, #121, #1528, #1509, #2870, #2087, #3176 ),
 .UNSPECIFIED., .F., .T. ) 
 B_SPLINE_CURVE_WITH_KNOTS ( ( 3, 2, 2, 2, 3 ),
 ( 0.4055555555555555600, 0.4111111111111112000, 0.4222222222222222800, 0.4333333333333333500, 0.4388888888888888800 ),
 .UNSPECIFIED. ) 
 CURVE ( )  GEOMETRIC_REPRESENTATION_ITEM ( )  RATIONAL_B_SPLINE_CURVE ( ( 0.9330127018922194100, 0.9330127018922187400, 1.000000000000000000, 0.8660254037844388200, 1.000000000000000000, 0.8660254037844388200, 1.000000000000000000, 0.9330127018922200800, 0.9330127018922194100 ) ) 
 REPRESENTATION_ITEM ( '' )  );
#2735 = CARTESIAN_POINT ( 'NONE',  ( 6.048713928962875700, -0.6390624999999997600, 1.106888719211985800 ) ) ;
#2736 = CARTESIAN_POINT ( 'NONE',  ( 4.879350952641918800, -0.4826262486299382500, 0.8359331836934227300 ) ) ;
#2737 = LINE ( 'NONE', #1789, #1647 ) ;
#2738 = CARTESIAN_POINT ( 'NONE',  ( 0.7543509526419188700, 0.4826262486299385800, 0.8359331836934226200 ) ) ;
#2739 = CARTESIAN_POINT ( 'NONE',  ( 0.6112139289628771800, 9.036984846635145800E-017, 1.475851625615981000 ) ) ;
#2740 = FACE_OUTER_BOUND ( 'NONE', #3010, .T. ) ;
#2741 = CARTESIAN_POINT ( 'NONE',  ( 0.3793509526419189300, -0.4826262486299382500, 0.8359331836934227300 ) ) ;
#2742 = CARTESIAN_POINT ( 'NONE',  ( 5.662750215139826800, 0.8533592295704891500, 0.5153565174113709000 ) ) ;
#2743 = ADVANCED_FACE ( 'NONE', ( #3302 ), #248, .T. ) ;
#2744 = CARTESIAN_POINT ( 'NONE',  ( 5.759031949994584600, -0.9602251190871680100, 0.4969119675867473300 ) ) ;
#2745 = CARTESIAN_POINT ( 'NONE',  ( 2.941237976320961100, -1.278125000000000200, 1.565251690160211100E-016 ) ) ;
#2746 = VERTEX_POINT ( 'NONE', #206 ) ;
#2747 = CARTESIAN_POINT ( 'NONE',  ( 4.286213928962876500, -1.278125000000000000, 0.7379258128079908600 ) ) ;
#2748 = CARTESIAN_POINT ( 'NONE',  ( 6.000000000000000000, 1.607348923880901000E-016, 1.312500000000000000 ) ) ;
#2749 = CARTESIAN_POINT ( 'NONE',  ( 3.191850952641918800, -0.9652524972598771600, -0.5572887891289481900 ) ) ;
#2750 = CARTESIAN_POINT ( 'NONE',  ( 1.023713928962876900, 0.6390625000000002000, 1.106888719211985600 ) ) ;
#2751 = EDGE_CURVE ( 'NONE', #1810, #1872, #636, .T. ) ;
#2752 = CARTESIAN_POINT ( 'NONE',  ( 0.9418509526419188700, -0.9652524972598771600, -0.5572887891289480800 ) ) ;
#2753 = CARTESIAN_POINT ( 'NONE',  ( 5.652752497259878200, 0.9117547729613368900, 0.3168842335122552500 ) ) ;
#2754 = CARTESIAN_POINT ( 'NONE',  ( 0.0000000000000000000, -2.249999999999998700, -7.511572993685794200E-016 ) ) ;
#2755 = CARTESIAN_POINT ( 'NONE',  ( 6.000000000000000000, 1.124999999999997800, 1.948557158514986300 ) ) ;
#2756 = CARTESIAN_POINT ( 'NONE',  ( 5.752575185106702600, -0.8794696645427324500, 0.6176538944895151300 ) ) ;
#2757 = CARTESIAN_POINT ( 'NONE',  ( 3.278737976320961000, 9.036984846635145800E-017, 1.475851625615981000 ) ) ;
#2758 = AXIS2_PLACEMENT_3D ( 'NONE', #3270, #2446, #1047 ) ;
#2759 = ORIENTED_EDGE ( 'NONE', *, *, #990, .T. ) ;
#2760 = CARTESIAN_POINT ( 'NONE',  ( 4.661213928962876500, 9.036984846635145800E-017, 1.475851625615981000 ) ) ;
#2761 = ADVANCED_FACE ( 'NONE', ( #905 ), #3479, .T. ) ;
#2762 = CARTESIAN_POINT ( 'NONE',  ( 3.566850952641918800, -0.9652524972598767200, 0.5572887891289487500 ) ) ;
#2763 = ORIENTED_EDGE ( 'NONE', *, *, #3167, .F. ) ;
#2764 = CARTESIAN_POINT ( 'NONE',  ( 1.211213928962876700, -1.278125000000000400, -0.7379258128079899700 ) ) ;
#2765 = PRODUCT_DEFINITION_SHAPE ( 'NONE', 'NONE',  #3106 ) ;
#2766 = CARTESIAN_POINT ( 'NONE',  ( 0.0000000000000000000, 1.530808498934191800E-016, -1.250000000000000200 ) ) ;
#2767 = ORIENTED_EDGE ( 'NONE', *, *, #218, .T. ) ;
#2768 = CARTESIAN_POINT ( 'NONE',  ( 0.9606009526419190300, -0.9652524972598769400, 1.182093381138297500E-016 ) ) ;
#2769 = CARTESIAN_POINT ( 'NONE',  ( 0.08881098751097391000, 2.249999999999998700, -0.8712733266714569600 ) ) ;
#2770 = CARTESIAN_POINT ( 'NONE',  ( 3.241237976320960900, 0.6390625000000002000, 1.106888719211985600 ) ) ;
#2771 = CARTESIAN_POINT ( 'NONE',  ( 1.410600952641919000, -0.9652524972598769400, 1.182093381138297500E-016 ) ) ;
#2772 = CARTESIAN_POINT ( 'NONE',  ( 4.323713928962876100, -1.278125000000000200, 1.565251690160211100E-016 ) ) ;
#2773 = EDGE_CURVE ( 'NONE', #509, #3036, #2287, .T. ) ;
#2774 = CARTESIAN_POINT ( 'NONE',  ( 3.004350952641918800, 0.4826262486299385800, 0.8359331836934226200 ) ) ;
#2775 = LINE ( 'NONE', #2953, #3393 ) ;
#2776 =( BOUNDED_CURVE ( )  B_SPLINE_CURVE ( 2, ( #3474, #182, #2122, #1283, #1296, #2613, #2909, #730, #1849 ),
 .UNSPECIFIED., .F., .T. ) 
 B_SPLINE_CURVE_WITH_KNOTS ( ( 3, 2, 2, 2, 3 ),
 ( 0.5833333333333333700, 0.5888888888888889100, 0.5999999999999999800, 0.6111111111111111600, 0.6166666666666667000 ),
 .UNSPECIFIED. ) 
 CURVE ( )  GEOMETRIC_REPRESENTATION_ITEM ( )  RATIONAL_B_SPLINE_CURVE ( ( 0.9330127018922194100, 0.9330127018922200800, 1.000000000000000000, 0.8660254037844388200, 1.000000000000000000, 0.8660254037844388200, 1.000000000000000000, 0.9330127018922194100, 0.9330127018922194100 ) ) 
 REPRESENTATION_ITEM ( '' )  );
#2777 = CARTESIAN_POINT ( 'NONE',  ( 1.054350952641918800, 0.4826262486299377500, -0.8359331836934230700 ) ) ;
#2778 = B_SPLINE_CURVE_WITH_KNOTS ( 'NONE', 3,
 ( #2453, #1672, #251, #539, #1365, #3257 ),
 .UNSPECIFIED., .F., .F.,
 ( 4, 2, 4 ),
 ( 0.001314652396222795800, 0.001969405109320635500, 0.002624157822418474700 ),
 .UNSPECIFIED. ) ;
#2779 = CARTESIAN_POINT ( 'NONE',  ( 3.797548094716169900, -0.3349364905389032300, 1.250000000000000000 ) ) ;
#2780 = CARTESIAN_POINT ( 'NONE',  ( 2.648100952641919000, 6.824819318074709100E-017, 1.114577578257896800 ) ) ;
#2781 = CARTESIAN_POINT ( 'NONE',  ( 0.6231009526419191100, -2.047445795422412600E-016, -1.114577578257897100 ) ) ;
#2782 = CARTESIAN_POINT ( 'NONE',  ( 5.791237976320960700, 0.6390624999999990900, -1.106888719211986300 ) ) ;
#2783 = APPROVAL_DATE_TIME ( #2442, #1331 ) ;
#2784 = CARTESIAN_POINT ( 'NONE',  ( 0.6606009526419189800, 0.4826262486299377500, -0.8359331836934230700 ) ) ;
#2785 = CARTESIAN_POINT ( 'NONE',  ( 1.391850952641918900, -0.9652524972598771600, -0.5572887891289481900 ) ) ;
#2786 = CARTESIAN_POINT ( 'NONE',  ( 2.479350952641918800, 0.9652524972598769400, 0.0000000000000000000 ) ) ;
#2787 = CARTESIAN_POINT ( 'NONE',  ( 3.529350952641919100, -0.4826262486299382500, 0.8359331836934227300 ) ) ;
#2788 = DIRECTION ( 'NONE',  ( -1.000000000000000000, -0.0000000000000000000, -0.0000000000000000000 ) ) ;
#2789 = CARTESIAN_POINT ( 'NONE',  ( 1.935600952641919100, -0.4826262486299389100, -0.8359331836934224000 ) ) ;
#2790 = CARTESIAN_POINT ( 'NONE',  ( 0.0000000000000000000, 0.0000000000000000000, 0.0000000000000000000 ) ) ;
#2791 = CARTESIAN_POINT ( 'NONE',  ( 2.362500000000002900, -3.137519842735245600E-015, 1.250000000000000200 ) ) ;
#2792 = VERTEX_POINT ( 'NONE', #2692 ) ;
#2793 = EDGE_CURVE ( 'NONE', #1220, #3139, #596, .T. ) ;
#2794 = CARTESIAN_POINT ( 'NONE',  ( 1.748100952641918900, 6.824819318074709100E-017, 1.114577578257897100 ) ) ;
#2795 = CARTESIAN_POINT ( 'NONE',  ( 1.091850952641918700, 0.9652524972598765000, -0.5572887891289489700 ) ) ;
#2796 = CARTESIAN_POINT ( 'NONE',  ( 3.866850952641919500, 0.9652524972598769400, 0.5572887891289483000 ) ) ;
#2797 = AXIS2_PLACEMENT_3D ( 'NONE', #2153, #2665, #3526 ) ;
#2798 = B_SPLINE_CURVE_WITH_KNOTS ( 'NONE', 3,
 ( #1820, #3207, #406, #171 ),
 .UNSPECIFIED., .F., .F.,
 ( 4, 4 ),
 ( 0.0000000000000000000, 7.161835746129863000E-005 ),
 .UNSPECIFIED. ) ;
#2799 =( BOUNDED_CURVE ( )  B_SPLINE_CURVE ( 2, ( #1677, #2779, #3313, #1432, #2516, #3040, #557, #3337, #2492 ),
 .UNSPECIFIED., .F., .T. ) 
 B_SPLINE_CURVE_WITH_KNOTS ( ( 3, 2, 2, 2, 3 ),
 ( 0.6166666666666667000, 0.6222222222222222300, 0.6333333333333333000, 0.6444444444444444900, 0.6500000000000000200 ),
 .UNSPECIFIED. ) 
 CURVE ( )  GEOMETRIC_REPRESENTATION_ITEM ( )  RATIONAL_B_SPLINE_CURVE ( ( 0.9330127018922194100, 0.9330127018922194100, 1.000000000000000000, 0.8660254037844388200, 1.000000000000000000, 0.8660254037844388200, 1.000000000000000000, 0.9330127018922194100, 0.9330127018922194100 ) ) 
 REPRESENTATION_ITEM ( '' )  );
#2800 = EDGE_LOOP ( 'NONE', ( #3183, #211, #1565, #3328 ) ) ;
#2801 = CARTESIAN_POINT ( 'NONE',  ( 2.404350952641918700, 0.4826262486299377500, -0.8359331836934230700 ) ) ;
#2802 = CARTESIAN_POINT ( 'NONE',  ( 6.000000000000000000, 1.124999999999999300, -1.948557158514985500 ) ) ;
#2803 = CARTESIAN_POINT ( 'NONE',  ( 0.9231009526419190500, -0.9652524972598767200, 0.5572887891289487500 ) ) ;
#2804 = CARTESIAN_POINT ( 'NONE',  ( 4.022548094716168700, 0.3349364905389029000, -1.250000000000000400 ) ) ;
#2805 = CARTESIAN_POINT ( 'NONE',  ( -0.1268990473580807700, 0.9652524972598769400, 0.5572887891289483000 ) ) ;
#2806 = AXIS2_PLACEMENT_3D ( 'NONE', #46, #2566, #72 ) ;
#2807 = ORIENTED_EDGE ( 'NONE', *, *, #632, .F. ) ;
#2808 = CARTESIAN_POINT ( 'NONE',  ( 0.7731009526419191400, 0.9652524972598769400, 0.5572887891289483000 ) ) ;
#2809 = CARTESIAN_POINT ( 'NONE',  ( 1.654350952641918900, 0.4826262486299385800, 0.8359331836934226200 ) ) ;
#2810 = ORIENTED_EDGE ( 'NONE', *, *, #563, .T. ) ;
#2811 = CARTESIAN_POINT ( 'NONE',  ( 5.441850952641917900, -0.9652524972598771600, -0.5572887891289481900 ) ) ;
#2812 = ORIENTED_EDGE ( 'NONE', *, *, #1247, .F. ) ;
#2813 = CARTESIAN_POINT ( 'NONE',  ( 2.366850952641919000, -2.047445795422412600E-016, -1.114577578257896800 ) ) ;
#2814 = DIRECTION ( 'NONE',  ( -1.000000000000000000, -0.0000000000000000000, -0.0000000000000000000 ) ) ;
#2815 = CARTESIAN_POINT ( 'NONE',  ( 2.010600952641918800, 0.4826262486299377500, -0.8359331836934230700 ) ) ;
#2816 = CARTESIAN_POINT ( 'NONE',  ( 6.000000000000000000, 1.124999999999999300, -1.948557158514985500 ) ) ;
#2817 = CARTESIAN_POINT ( 'NONE',  ( 0.3606009526419192100, 0.4826262486299385800, 0.8359331836934226200 ) ) ;
#2818 = CARTESIAN_POINT ( 'NONE',  ( 1.442403810567668600, 0.3349364905389035100, 1.250000000000000000 ) ) ;
#2819 = CARTESIAN_POINT ( 'NONE',  ( 0.9606009526419190300, -0.9652524972598769400, 1.182093381138297500E-016 ) ) ;
#2820 = CARTESIAN_POINT ( 'NONE',  ( 3.060600952641918700, 0.4826262486299385800, 0.8359331836934226200 ) ) ;
#2821 = EDGE_CURVE ( 'NONE', #1915, #1220, #3530, .T. ) ;
#2822 = LINE ( 'NONE', #2167, #542 ) ;
#2823 = DIRECTION ( 'NONE',  ( 0.0000000000000000000, 0.0000000000000000000, 1.000000000000000000 ) ) ;
#2824 = CARTESIAN_POINT ( 'NONE',  ( 5.591850952641918200, 0.9652524972598765000, -0.5572887891289489700 ) ) ;
#2825 = B_SPLINE_CURVE_WITH_KNOTS ( 'NONE', 3,
 ( #1205, #376, #1477, #2315 ),
 .UNSPECIFIED., .F., .F.,
 ( 4, 4 ),
 ( 2.380746839933081900E-007, 0.001314652396222795400 ),
 .UNSPECIFIED. ) ;
#2826 = CARTESIAN_POINT ( 'NONE',  ( 2.816850952641919200, -2.047445795422412600E-016, -1.114577578257896800 ) ) ;
#2827 = CARTESIAN_POINT ( 'NONE',  ( 1.875000000000002900, 0.6250000000000002200, 1.082531754730548400 ) ) ;
#2828 = CARTESIAN_POINT ( 'NONE',  ( 3.364951905283835000, -0.6249999999999997800, 1.082531754730548600 ) ) ;
#2829 = CARTESIAN_POINT ( 'NONE',  ( 0.4356009526419191700, -0.4826262486299382500, 0.8359331836934227300 ) ) ;
#2830 = FACE_OUTER_BOUND ( 'NONE', #423, .T. ) ;
#2831 = CARTESIAN_POINT ( 'NONE',  ( 5.866237976320960900, 1.278125000000000200, 0.0000000000000000000 ) ) ;
#2832 = CARTESIAN_POINT ( 'NONE',  ( 3.960600952641918600, 0.4826262486299385800, 0.8359331836934226200 ) ) ;
#2833 = CARTESIAN_POINT ( 'NONE',  ( 2.385600952641918800, -0.4826262486299389100, -0.8359331836934224000 ) ) ;
#2834 = CARTESIAN_POINT ( 'NONE',  ( 5.880823239330098300, 0.7208508683294472300, -0.9557446481577879200 ) ) ;
#2835 = ORIENTED_EDGE ( 'NONE', *, *, #1059, .T. ) ;
#2836 = CARTESIAN_POINT ( 'NONE',  ( 5.629350952641918800, 0.9652524972598769400, 0.0000000000000000000 ) ) ;
#2837 = ORIENTED_EDGE ( 'NONE', *, *, #750, .F. ) ;
#2838 = CARTESIAN_POINT ( 'NONE',  ( 3.004350952641918800, 0.4826262486299385800, 0.8359331836934226200 ) ) ;
#2839 = CARTESIAN_POINT ( 'NONE',  ( 6.000000000000000000, 0.0000000000000000000, 0.0000000000000000000 ) ) ;
#2840 = CARTESIAN_POINT ( 'NONE',  ( 1.673100952641919200, 0.9652524972598769400, 0.5572887891289483000 ) ) ;
#2841 = CARTESIAN_POINT ( 'NONE',  ( 0.7774519052838350100, -1.250000000000000200, -0.7216878364870317200 ) ) ;
#2842 = CARTESIAN_POINT ( 'NONE',  ( 3.810600952641918200, 0.4826262486299377500, -0.8359331836934230700 ) ) ;
#2843 = EDGE_CURVE ( 'NONE', #3547, #1760, #2799, .T. ) ;
#2844 =( BOUNDED_CURVE ( )  B_SPLINE_CURVE ( 2, ( #3514, #490, #1906, #2188, #2712, #1926, #502, #216, #2690 ),
 .UNSPECIFIED., .F., .T. ) 
 B_SPLINE_CURVE_WITH_KNOTS ( ( 3, 2, 2, 2, 3 ),
 ( 0.4722222222222222700, 0.4777777777777778000, 0.4888888888888889300, 0.5000000000000000000, 0.5055555555555555400 ),
 .UNSPECIFIED. ) 
 CURVE ( )  GEOMETRIC_REPRESENTATION_ITEM ( )  RATIONAL_B_SPLINE_CURVE ( ( 0.9330127018922194100, 0.9330127018922194100, 1.000000000000000000, 0.8660254037844388200, 1.000000000000000000, 0.8660254037844388200, 1.000000000000000000, 0.9330127018922200800, 0.9330127018922194100 ) ) 
 REPRESENTATION_ITEM ( '' )  );
#2845 = CARTESIAN_POINT ( 'NONE',  ( 3.773100952641919000, -2.047445795422412600E-016, -1.114577578257896800 ) ) ;
#2846 = CARTESIAN_POINT ( 'NONE',  ( 3.660600952641918800, -0.9652524972598769400, 1.182093381138297500E-016 ) ) ;
#2847 = UNCERTAINTY_MEASURE_WITH_UNIT (LENGTH_MEASURE( 1.000000000000000100E-005 ), #2429, 'distance_accuracy_value', 'NONE');
#2848 = ORIENTED_EDGE ( 'NONE', *, *, #1034, .F. ) ;
#2849 = AXIS2_PLACEMENT_3D ( 'NONE', #2471, #1932, #1693 ) ;
#2850 = CARTESIAN_POINT ( 'NONE',  ( 4.691850952641918800, 0.9652524972598767200, -0.5572887891289489700 ) ) ;
#2851 = CARTESIAN_POINT ( 'NONE',  ( 1.912500000000002800, 1.743066579297358300E-016, 1.250000000000000000 ) ) ;
#2852 = EDGE_LOOP ( 'NONE', ( #3540, #49, #2548 ) ) ;
#2853 = CARTESIAN_POINT ( 'NONE',  ( 1.073100952641919100, -2.047445795422412600E-016, -1.114577578257897100 ) ) ;
#2854 = ORIENTED_EDGE ( 'NONE', *, *, #405, .T. ) ;
#2855 = CARTESIAN_POINT ( 'NONE',  ( 2.685600952641918700, -0.4826262486299382500, 0.8359331836934227300 ) ) ;
#2856 = CARTESIAN_POINT ( 'NONE',  ( 4.523100952641918600, -0.9652524972598767200, 0.5572887891289487500 ) ) ;
#2857 = CARTESIAN_POINT ( 'NONE',  ( 2.685600952641918700, -0.4826262486299382500, 0.8359331836934227300 ) ) ;
#2858 = B_SPLINE_CURVE_WITH_KNOTS ( 'NONE', 3,
 ( #2932, #2098, #1269, #3180, #2382, #716, #2635, #799, #2970, #2944 ),
 .UNSPECIFIED., .F., .F.,
 ( 4, 2, 2, 2, 4 ),
 ( 0.005220255616504280000, 0.005835441832213019200, 0.006450628047921757600, 0.007065814263630496000, 0.007681000479339235300 ),
 .UNSPECIFIED. ) ;
#2859 = CARTESIAN_POINT ( 'NONE',  ( 0.2818573623962054600, 0.3027263587860660700, 0.9963471776891041900 ) ) ;
#2860 = VECTOR ( 'NONE', #2062, 1000.000000000000000 ) ;
#2861 = CARTESIAN_POINT ( 'NONE',  ( 3.098100952641919200, 6.824819318074709100E-017, 1.114577578257897100 ) ) ;
#2862 = FACE_OUTER_BOUND ( 'NONE', #1964, .T. ) ;
#2863 = CARTESIAN_POINT ( 'NONE',  ( 4.823100952641918400, 0.9652524972598769400, 0.5572887891289483000 ) ) ;
#2864 = CARTESIAN_POINT ( 'NONE',  ( 2.798100952641918900, -0.9652524972598771600, -0.5572887891289481900 ) ) ;
#2865 = CARTESIAN_POINT ( 'NONE',  ( 1.162500000000002300, -1.250000000000000200, -0.7216878364870317200 ) ) ;
#2866 = EDGE_CURVE ( 'NONE', #2067, #1143, #381, .T. ) ;
#2867 = ORGANIZATION ( 'UNSPECIFIED', 'UNSPECIFIED', '' ) ;
#2868 = CARTESIAN_POINT ( 'NONE',  ( 4.654350952641919100, 0.4826262486299377500, -0.8359331836934230700 ) ) ;
#2869 = AXIS2_PLACEMENT_3D ( 'NONE', #1025, #2693, #2394 ) ;
#2870 = CARTESIAN_POINT ( 'NONE',  ( 3.525000000000002600, 0.6249999999999992200, -1.082531754730548900 ) ) ;
#2871 = ORIENTED_EDGE ( 'NONE', *, *, #1698, .F. ) ;
#2872 = CARTESIAN_POINT ( 'NONE',  ( 3.473100952641918300, 0.9652524972598769400, 0.5572887891289483000 ) ) ;
#2873 = VERTEX_POINT ( 'NONE', #835 ) ;
#2874 = CARTESIAN_POINT ( 'NONE',  ( 4.298100952641918000, 0.9652524972598767200, -0.5572887891289489700 ) ) ;
#2875 = CARTESIAN_POINT ( 'NONE',  ( 6.135600952641918400, 0.9652524972598769400, 0.0000000000000000000 ) ) ;
#2876 = CARTESIAN_POINT ( 'NONE',  ( 2.877451905283833900, 2.033577675846917800E-016, 1.250000000000000000 ) ) ;
#2877 = DIRECTION ( 'NONE',  ( -1.000000000000000000, -0.0000000000000000000, -0.0000000000000000000 ) ) ;
#2878 = CARTESIAN_POINT ( 'NONE',  ( 5.141850952641918000, 0.9652524972598767200, -0.5572887891289489700 ) ) ;
#2879 = CARTESIAN_POINT ( 'NONE',  ( 0.0000000000000000000, 0.0000000000000000000, 0.0000000000000000000 ) ) ;
#2880 = CARTESIAN_POINT ( 'NONE',  ( 5.512500000000002000, 1.743066579297358300E-016, 1.250000000000000000 ) ) ;
#2881 = CARTESIAN_POINT ( 'NONE',  ( 0.0000000000000000000, 0.0000000000000000000, 1.250000000000000200 ) ) ;
#2882 = ORIENTED_EDGE ( 'NONE', *, *, #2751, .T. ) ;
#2883 = CARTESIAN_POINT ( 'NONE',  ( 2.048100952641918500, 0.9652524972598765000, -0.5572887891289489700 ) ) ;
#2884 = EDGE_CURVE ( 'NONE', #3188, #1018, #855, .T. ) ;
#2885 = CARTESIAN_POINT ( 'NONE',  ( 0.01623797632096103700, 1.278125000000000200, 0.0000000000000000000 ) ) ;
#2886 = ORIENTED_EDGE ( 'NONE', *, *, #2956, .T. ) ;
#2887 = CARTESIAN_POINT ( 'NONE',  ( 6.000000000000000000, -2.249999999999999100, 1.299038105676656900 ) ) ;
#2888 = CARTESIAN_POINT ( 'NONE',  ( 5.981057749522825900, -2.249999999999998200, -0.4381307464742620300 ) ) ;
#2889 = AXIS2_PLACEMENT_3D ( 'NONE', #1508, #120, #2340 ) ;
#2890 = ORIENTED_EDGE ( 'NONE', *, *, #1698, .T. ) ;
#2891 = CARTESIAN_POINT ( 'NONE',  ( 5.822548094716168500, 0.3349364905389059500, -1.249999999999998400 ) ) ;
#2892 = CARTESIAN_POINT ( 'NONE',  ( 1.827451905283834300, 1.249999999999999100, -0.7216878364870330500 ) ) ;
#2893 = CARTESIAN_POINT ( 'NONE',  ( 1.152451905283834900, -1.249999999999999600, 0.7216878364870327200 ) ) ;
#2894 = EDGE_LOOP ( 'NONE', ( #2541, #2449, #1415, #172 ) ) ;
#2895 = CARTESIAN_POINT ( 'NONE',  ( 0.9375000000000026600, 1.250000000000000200, 0.7216878364870320500 ) ) ;
#2896 = CARTESIAN_POINT ( 'NONE',  ( 5.760600952641918400, 0.4826262486299385800, 0.8359331836934226200 ) ) ;
#2897 = CARTESIAN_POINT ( 'NONE',  ( 2.607596189432337000, 0.3349364905389059500, -1.249999999999998400 ) ) ;
#2898 = CARTESIAN_POINT ( 'NONE',  ( 5.535600952641918800, -0.4826262486299389100, -0.8359331836934224000 ) ) ;
#2899 = B_SPLINE_CURVE_WITH_KNOTS ( 'NONE', 3,
 ( #1833, #713, #163, #1022, #2399, #3166 ),
 .UNSPECIFIED., .F., .F.,
 ( 4, 2, 4 ),
 ( 0.002468869311585829500, 0.003126657615063723600, 0.003784445918541617800 ),
 .UNSPECIFIED. ) ;
#2900 = CARTESIAN_POINT ( 'NONE',  ( 0.06249999999999989600, 0.0000000000000000000, 1.250000000000000200 ) ) ;
#2901 = FACE_OUTER_BOUND ( 'NONE', #95, .T. ) ;
#2902 = CARTESIAN_POINT ( 'NONE',  ( 0.0000000000000000000, 0.0000000000000000000, 0.0000000000000000000 ) ) ;
#2903 = FACE_OUTER_BOUND ( 'NONE', #2223, .T. ) ;
#2904 = CARTESIAN_POINT ( 'NONE',  ( 3.041850952641918800, 6.824819318074709100E-017, 1.114577578257897100 ) ) ;
#2905 = DIRECTION ( 'NONE',  ( 0.0000000000000000000, -0.4999999999999993900, -0.8660254037844390400 ) ) ;
#2906 = CARTESIAN_POINT ( 'NONE',  ( 1.714951905283835300, -0.6250000000000006700, -1.082531754730548200 ) ) ;
#2907 = CARTESIAN_POINT ( 'NONE',  ( 4.452451905283834500, -4.938688641342514700E-016, -1.250000000000000200 ) ) ;
#2908 = CARTESIAN_POINT ( 'NONE',  ( 4.935600952641918200, -0.4826262486299382500, 0.8359331836934227300 ) ) ;
#2909 = CARTESIAN_POINT ( 'NONE',  ( 3.739951905283834600, 0.6250000000000003300, 1.082531754730548400 ) ) ;
#2910 = CARTESIAN_POINT ( 'NONE',  ( 4.373100952641919100, 0.9652524972598769400, 0.5572887891289483000 ) ) ;
#2911 = LINE ( 'NONE', #2954, #337 ) ;
#2912 = CARTESIAN_POINT ( 'NONE',  ( 1.987500000000002500, -1.249999999999999600, 0.7216878364870327200 ) ) ;
#2913 = AXIS2_PLACEMENT_3D ( 'NONE', #2994, #3560, #1685 ) ;
#2914 = CARTESIAN_POINT ( 'NONE',  ( 1.452451905283835200, 1.250000000000000200, 0.7216878364870320500 ) ) ;
#2915 = ORIENTED_EDGE ( 'NONE', *, *, #3542, .F. ) ;
#2916 = CARTESIAN_POINT ( 'NONE',  ( 3.866850952641919500, 0.9652524972598769400, 0.5572887891289483000 ) ) ;
#2917 = CARTESIAN_POINT ( 'NONE',  ( 6.000000000000000000, 0.0000000000000000000, 0.0000000000000000000 ) ) ;
#2918 = CARTESIAN_POINT ( 'NONE',  ( 4.264951905283835400, -0.6249999999999997800, 1.082531754730548600 ) ) ;
#2919 = ORIENTED_EDGE ( 'NONE', *, *, #2773, .T. ) ;
#2920 = CARTESIAN_POINT ( 'NONE',  ( 5.048100952641918000, -0.9652524972598771600, -0.5572887891289481900 ) ) ;
#2921 = CARTESIAN_POINT ( 'NONE',  ( 2.239951905283835000, 0.6249999999999992200, -1.082531754730548900 ) ) ;
#2922 = DIRECTION ( 'NONE',  ( 0.0000000000000000000, 0.0000000000000000000, 1.000000000000000000 ) ) ;
#2923 = CARTESIAN_POINT ( 'NONE',  ( 4.410600952641917900, 0.4826262486299385800, 0.8359331836934226200 ) ) ;
#2924 = CARTESIAN_POINT ( 'NONE',  ( 2.025000000000003000, -1.250000000000000200, 1.530808498934192100E-016 ) ) ;
#2925 = CARTESIAN_POINT ( 'NONE',  ( 2.854350952641918800, 0.4826262486299377500, -0.8359331836934230700 ) ) ;
#2926 = ORIENTED_EDGE ( 'NONE', *, *, #2843, .F. ) ;
#2927 = CARTESIAN_POINT ( 'NONE',  ( 1.864951905283835300, 1.250000000000000200, 0.0000000000000000000 ) ) ;
#2928 = CARTESIAN_POINT ( 'NONE',  ( 1.527451905283835300, 2.033577675846917800E-016, 1.250000000000000000 ) ) ;
#2929 = ORIENTED_EDGE ( 'NONE', *, *, #332, .T. ) ;
#2930 = CARTESIAN_POINT ( 'NONE',  ( 5.723100952641917900, 0.9652524972598769400, 0.5572887891289483000 ) ) ;
#2931 = EDGE_CURVE ( 'NONE', #1039, #1368, #1710, .T. ) ;
#2932 = CARTESIAN_POINT ( 'NONE',  ( 0.2368430139592934100, 2.793845215517115800E-013, -1.075656986040706400 ) ) ;
#2933 = CARTESIAN_POINT ( 'NONE',  ( 1.977451905283835500, -3.108468733080289700E-015, 1.250000000000000200 ) ) ;
#2934 = CARTESIAN_POINT ( 'NONE',  ( 1.028737976320961000, 9.036984846635145800E-017, 1.475851625615981000 ) ) ;
#2935 = ORIENTED_EDGE ( 'NONE', *, *, #3515, .F. ) ;
#2936 = APPROVAL_ROLE ( '' ) ;
#2937 = CARTESIAN_POINT ( 'NONE',  ( 3.273713928962877200, 0.6390625000000002000, 1.106888719211985600 ) ) ;
#2938 = ADVANCED_FACE ( 'NONE', ( #1214 ), #291, .F. ) ;
#2939 = CARTESIAN_POINT ( 'NONE',  ( 1.729350952641918800, -0.4826262486299382500, 0.8359331836934227300 ) ) ;
#2940 = CARTESIAN_POINT ( 'NONE',  ( 0.2625000000000027900, -1.250000000000000200, -0.7216878364870317200 ) ) ;
#2941 = CARTESIAN_POINT ( 'NONE',  ( 5.835600952641918600, -0.4826262486299382500, 0.8359331836934227300 ) ) ;
#2942 = FACE_OUTER_BOUND ( 'NONE', #2183, .T. ) ;
#2943 = CARTESIAN_POINT ( 'NONE',  ( 0.06249999999999989600, 0.0000000000000000000, 0.0000000000000000000 ) ) ;
#2944 = CARTESIAN_POINT ( 'NONE',  ( 0.3472475027401220000, 0.6360407303617273700, 0.7260609979797488800 ) ) ;
#2945 = CARTESIAN_POINT ( 'NONE',  ( 2.052451905283835000, -1.249999999999999600, 0.7216878364870327200 ) ) ;
#2946 = CARTESIAN_POINT ( 'NONE',  ( 2.303737976320960900, 1.278125000000000200, 0.7379258128079903000 ) ) ;
#2947 =( BOUNDED_CURVE ( )  B_SPLINE_CURVE ( 2, ( #476, #252, #1596, #3269, #2701, #3553, #3228, #1071, #2678 ),
 .UNSPECIFIED., .F., .T. ) 
 B_SPLINE_CURVE_WITH_KNOTS ( ( 3, 2, 2, 2, 3 ),
 ( 0.07577954826471144900, 0.07777777777777783500, 0.08888888888888890600, 0.1000000000000000900, 0.1055555555555556200 ),
 .UNSPECIFIED. ) 
 CURVE ( )  GEOMETRIC_REPRESENTATION_ITEM ( )  RATIONAL_B_SPLINE_CURVE ( ( 0.9604780314718565100, 0.9759059207056821600, 1.000000000000000000, 0.8660254037844388200, 1.000000000000000000, 0.8660254037844388200, 1.000000000000000000, 0.9330127018922194100, 0.9330127018922194100 ) ) 
 REPRESENTATION_ITEM ( '' )  );
#2948 = FACE_OUTER_BOUND ( 'NONE', #2428, .T. ) ;
#2949 = ORIENTED_EDGE ( 'NONE', *, *, #188, .F. ) ;
#2950 = CARTESIAN_POINT ( 'NONE',  ( 3.123713928962876400, 0.6390624999999990900, -1.106888719211986300 ) ) ;
#2951 = CARTESIAN_POINT ( 'NONE',  ( 3.416850952641918800, 0.9652524972598769400, 0.5572887891289483000 ) ) ;
#2952 = LINE ( 'NONE', #1727, #683 ) ;
#2953 = CARTESIAN_POINT ( 'NONE',  ( 6.000000000000000000, 0.0000000000000000000, -1.312500000000000000 ) ) ;
#2954 = CARTESIAN_POINT ( 'NONE',  ( 0.0000000000000000000, 1.530808498934191800E-016, -1.250000000000000200 ) ) ;
#2955 = CARTESIAN_POINT ( 'NONE',  ( -0.3637860710371228500, 1.278125000000000200, 0.7379258128079903000 ) ) ;
#2956 = EDGE_CURVE ( 'NONE', #2746, #2338, #3311, .T. ) ;
#2957 = CARTESIAN_POINT ( 'NONE',  ( 0.2236291349920477600, -0.3018500825854748000, -1.056982606878827500 ) ) ;
#2958 = CARTESIAN_POINT ( 'NONE',  ( 0.3472475027401218900, 1.690861735247402700E-012, 0.9652524972598770500 ) ) ;
#2959 = ADVANCED_FACE ( 'NONE', ( #3132 ), #950, .T. ) ;
#2960 = CARTESIAN_POINT ( 'NONE',  ( 4.489951905283835900, 0.6249999999999992200, -1.082531754730548900 ) ) ;
#2961 = CARTESIAN_POINT ( 'NONE',  ( 2.491237976320960900, -1.278125000000000200, 1.565251690160211100E-016 ) ) ;
#2962 = AXIS2_PLACEMENT_3D ( 'NONE', #142, #440, #3447 ) ;
#2963 = ORIENTED_EDGE ( 'NONE', *, *, #920, .F. ) ;
#2964 = DATE_TIME_ROLE ( 'classification_date' ) ;
#2965 = CARTESIAN_POINT ( 'NONE',  ( 3.348713928962876900, -0.6390624999999997600, 1.106888719211985800 ) ) ;
#2966 = CARTESIAN_POINT ( 'NONE',  ( 5.891850952641918000, -0.9652524972598771600, -0.5572887891289481900 ) ) ;
#2967 = CARTESIAN_POINT ( 'NONE',  ( 1.091850952641918700, 0.9652524972598765000, -0.5572887891289489700 ) ) ;
#2968 = CARTESIAN_POINT ( 'NONE',  ( 3.732596189432337000, -0.3349364905389062800, 1.249999999999997800 ) ) ;
#2969 = DIRECTION ( 'NONE',  ( -1.000000000000000000, -0.0000000000000000000, -0.0000000000000000000 ) ) ;
#2970 = CARTESIAN_POINT ( 'NONE',  ( 0.3375424192507943100, 0.7989671865779459600, 0.5962371864885661600 ) ) ;
#2971 = ORIENTED_EDGE ( 'NONE', *, *, #2843, .T. ) ;
#2972 = CARTESIAN_POINT ( 'NONE',  ( 2.191237976320961100, 0.6390624999999990900, -1.106888719211986300 ) ) ;
#2973 = ORIENTED_EDGE ( 'NONE', *, *, #727, .F. ) ;
#2974 =( NAMED_UNIT ( * ) PLANE_ANGLE_UNIT ( ) SI_UNIT ( $, .RADIAN. ) );
#2975 = ORIENTED_EDGE ( 'NONE', *, *, #899, .T. ) ;
#2976 = CARTESIAN_POINT ( 'NONE',  ( 2.223713928962876500, 0.6390624999999990900, -1.106888719211986300 ) ) ;
#2977 = EDGE_CURVE ( 'NONE', #1189, #2792, #1136, .T. ) ;
#2978 = CARTESIAN_POINT ( 'NONE',  ( 0.1168509526419189600, -2.047445795422412600E-016, -1.114577578257897100 ) ) ;
#2979 = VERTEX_POINT ( 'NONE', #1958 ) ;
#2980 = CARTESIAN_POINT ( 'NONE',  ( 0.3575961894323371200, 0.3349364905389059500, -1.249999999999998400 ) ) ;
#2981 = CARTESIAN_POINT ( 'NONE',  ( 1.860600952641919200, -0.9652524972598769400, 1.182093381138297500E-016 ) ) ;
#2982 = CARTESIAN_POINT ( 'NONE',  ( 5.999999999999999100, -1.315951922094013200, 1.838311014891730100 ) ) ;
#2983 = CARTESIAN_POINT ( 'NONE',  ( 1.103737976320960900, -1.278125000000000000, 0.7379258128079908600 ) ) ;
#2984 = AXIS2_PLACEMENT_3D ( 'NONE', #986, #3143, #1793 ) ;
#2985 = CARTESIAN_POINT ( 'NONE',  ( 2.073713928962876500, -1.278125000000000200, 1.565251690160211100E-016 ) ) ;
#2986 = CARTESIAN_POINT ( 'NONE',  ( 4.766850952641919800, 0.9652524972598769400, 0.5572887891289483000 ) ) ;
#2987 = DIRECTION ( 'NONE',  ( -1.000000000000000000, -0.0000000000000000000, -0.0000000000000000000 ) ) ;
#2988 = CARTESIAN_POINT ( 'NONE',  ( 2.502451905283835700, -1.249999999999999600, 0.7216878364870327200 ) ) ;
#2989 = ADVANCED_FACE ( 'NONE', ( #2207 ), #326, .F. ) ;
#2990 = CARTESIAN_POINT ( 'NONE',  ( 3.102451905283835700, 6.245988575815533700E-015, -1.250000000000000200 ) ) ;
#2991 = CARTESIAN_POINT ( 'NONE',  ( 0.0000000000000000000, 0.0000000000000000000, 0.0000000000000000000 ) ) ;
#2992 = CARTESIAN_POINT ( 'NONE',  ( 3.878737976320960600, -1.278125000000000400, -0.7379258128079899700 ) ) ;
#2993 = CARTESIAN_POINT ( 'NONE',  ( 4.361213928962876600, -1.278125000000000400, -0.7379258128079899700 ) ) ;
#2994 = CARTESIAN_POINT ( 'NONE',  ( 0.0000000000000000000, 0.0000000000000000000, 0.0000000000000000000 ) ) ;
#2995 = CARTESIAN_POINT ( 'NONE',  ( 0.6418509526419189400, 0.9652524972598765000, -0.5572887891289489700 ) ) ;
#2996 = CARTESIAN_POINT ( 'NONE',  ( 0.1237139289628771300, 0.6390625000000002000, 1.106888719211985600 ) ) ;
#2997 = EDGE_CURVE ( 'NONE', #185, #1039, #2404, .T. ) ;
#2998 = EDGE_LOOP ( 'NONE', ( #98, #3062 ) ) ;
#2999 = CARTESIAN_POINT ( 'NONE',  ( 0.6043509526419189600, 0.4826262486299377500, -0.8359331836934230700 ) ) ;
#3000 = B_SPLINE_CURVE_WITH_KNOTS ( 'NONE', 3,
 ( #3287, #2470, #850, #2769, #1706, #3314 ),
 .UNSPECIFIED., .F., .F.,
 ( 4, 2, 4 ),
 ( 0.01021508654226280900, 0.01087166728928237400, 0.01152824803630193900 ),
 .UNSPECIFIED. ) ;
#3001 = CARTESIAN_POINT ( 'NONE',  ( 0.2368430139592934100, 2.793845215517115800E-013, -1.075656986040706400 ) ) ;
#3002 = DIRECTION ( 'NONE',  ( -1.000000000000000000, -0.0000000000000000000, -0.0000000000000000000 ) ) ;
#3003 = ORIENTED_EDGE ( 'NONE', *, *, #1571, .F. ) ;
#3004 = CARTESIAN_POINT ( 'NONE',  ( 3.728737976320961200, 9.036984846635145800E-017, 1.475851625615981000 ) ) ;
#3005 = CARTESIAN_POINT ( 'NONE',  ( 0.004350952641918987500, -0.9652524972598769400, 1.182093381138297500E-016 ) ) ;
#3006 = CARTESIAN_POINT ( 'NONE',  ( 4.091850952641918200, -0.9652524972598771600, -0.5572887891289481900 ) ) ;
#3007 = ORIENTED_EDGE ( 'NONE', *, *, #422, .T. ) ;
#3008 = CARTESIAN_POINT ( 'NONE',  ( 0.5668509526419189800, -2.047445795422412600E-016, -1.114577578257897100 ) ) ;
#3009 = CARTESIAN_POINT ( 'NONE',  ( 0.7237139289628771200, -1.278125000000000200, 1.565251690160211100E-016 ) ) ;
#3010 = EDGE_LOOP ( 'NONE', ( #484, #645, #1835 ) ) ;
#3011 = CARTESIAN_POINT ( 'NONE',  ( 0.08925501003155295000, 1.881317441191443100, 1.511897080250297300 ) ) ;
#3012 = CARTESIAN_POINT ( 'NONE',  ( 4.050000000000002500, 1.250000000000000200, 0.0000000000000000000 ) ) ;
#3013 = CARTESIAN_POINT ( 'NONE',  ( 0.01924333400943526200, -1.506653605801030000, -1.728209346468569900 ) ) ;
#3014 = CARTESIAN_POINT ( 'NONE',  ( 2.962500000000002100, -1.250000000000000200, -0.7216878364870317200 ) ) ;
#3015 = DIRECTION ( 'NONE',  ( 0.0000000000000000000, 0.0000000000000000000, 1.000000000000000000 ) ) ;
#3016 = CARTESIAN_POINT ( 'NONE',  ( 5.078737976320960400, 9.036984846635145800E-017, 1.475851625615981000 ) ) ;
#3017 = ORIENTED_EDGE ( 'NONE', *, *, #1247, .T. ) ;
#3018 = CARTESIAN_POINT ( 'NONE',  ( 5.261213928962876100, -1.278125000000000400, -0.7379258128079899700 ) ) ;
#3019 = ORIENTED_EDGE ( 'NONE', *, *, #2393, .T. ) ;
#3020 = EDGE_CURVE ( 'NONE', #56, #3036, #1775, .T. ) ;
#3021 = CARTESIAN_POINT ( 'NONE',  ( 0.2009618943233413000, 2.249999999999998700, 1.299038105676658700 ) ) ;
#3022 = CARTESIAN_POINT ( 'NONE',  ( 2.666850952641919300, -0.9652524972598767200, 0.5572887891289487500 ) ) ;
#3023 = CARTESIAN_POINT ( 'NONE',  ( 1.248713928962877000, -0.6390625000000006400, -1.106888719211985400 ) ) ;
#3024 = CARTESIAN_POINT ( 'NONE',  ( 0.01924333400943550900, 1.506653605801030000, 1.728209346468570400 ) ) ;
#3025 = AXIS2_PLACEMENT_3D ( 'NONE', #3042, #824, #809 ) ;
#3026 = CARTESIAN_POINT ( 'NONE',  ( 0.7875000000000028600, 3.776644255144275400E-016, -1.250000000000000000 ) ) ;
#3027 = ADVANCED_FACE ( 'NONE', ( #202 ), #2574, .F. ) ;
#3028 = CARTESIAN_POINT ( 'NONE',  ( -1.014065206772648400E-015, -1.508335473232666600, 1.727238319854173000 ) ) ;
#3029 = DIRECTION ( 'NONE',  ( 1.000000000000000000, 0.0000000000000000000, 0.0000000000000000000 ) ) ;
#3030 = CARTESIAN_POINT ( 'NONE',  ( 4.441237976320960200, 0.6390624999999990900, -1.106888719211986300 ) ) ;
#3031 = VECTOR ( 'NONE', #3505, 1000.000000000000000 ) ;
#3032 = AXIS2_PLACEMENT_3D ( 'NONE', #3464, #2346, #2126 ) ;
#3033 = CARTESIAN_POINT ( 'NONE',  ( -0.1831490473580810500, 0.9652524972598769400, 0.5572887891289483000 ) ) ;
#3034 = CARTESIAN_POINT ( 'NONE',  ( 5.802451905283835000, 6.245988575815533700E-015, -1.250000000000000200 ) ) ;
#3035 = CYLINDRICAL_SURFACE ( 'NONE', #1207, 1.250000000000000200 ) ;
#3036 = VERTEX_POINT ( 'NONE', #603 ) ;
#3037 = CARTESIAN_POINT ( 'NONE',  ( 2.066850952641918800, 0.9652524972598769400, 0.5572887891289483000 ) ) ;
#3038 = VECTOR ( 'NONE', #1750, 1000.000000000000000 ) ;
#3039 = CARTESIAN_POINT ( 'NONE',  ( 0.4918509526419189700, -0.9652524972598771600, -0.5572887891289480800 ) ) ;
#3040 = CARTESIAN_POINT ( 'NONE',  ( 3.927451905283834100, -1.250000000000000200, -0.7216878364870317200 ) ) ;
#3041 = CARTESIAN_POINT ( 'NONE',  ( 1.185600952641919100, 0.9652524972598769400, 0.0000000000000000000 ) ) ;
#3042 = CARTESIAN_POINT ( 'NONE',  ( 0.0000000000000000000, 0.0000000000000000000, 0.0000000000000000000 ) ) ;
#3043 = CARTESIAN_POINT ( 'NONE',  ( 3.503737976320960200, -2.711095453990543300E-016, -1.475851625615981000 ) ) ;
#3044 = CARTESIAN_POINT ( 'NONE',  ( 0.3606009526419191000, 0.4826262486299385800, 0.8359331836934226200 ) ) ;
#3045 = CARTESIAN_POINT ( 'NONE',  ( 5.898713928962876300, 1.278125000000000200, 0.0000000000000000000 ) ) ;
#3046 = ORIENTED_EDGE ( 'NONE', *, *, #2176, .T. ) ;
#3047 = CARTESIAN_POINT ( 'NONE',  ( 2.629350952641918800, -0.4826262486299382500, 0.8359331836934227300 ) ) ;
#3048 = ORIENTED_EDGE ( 'NONE', *, *, #2773, .F. ) ;
#3049 = CARTESIAN_POINT ( 'NONE',  ( 1.279350952641918700, -0.4826262486299382500, 0.8359331836934227300 ) ) ;
#3050 = B_SPLINE_CURVE_WITH_KNOTS ( 'NONE', 3,
 ( #295, #2731, #1984, #2755 ),
 .UNSPECIFIED., .F., .F.,
 ( 4, 4 ),
 ( 2.380746839933657600E-007, 0.001314652396222795800 ),
 .UNSPECIFIED. ) ;
#3051 = CARTESIAN_POINT ( 'NONE',  ( 4.125000000000001800, 0.6250000000000002200, 1.082531754730548400 ) ) ;
#3052 = CARTESIAN_POINT ( 'NONE',  ( 2.760600952641918800, -0.9652524972598769400, 1.182093381138297500E-016 ) ) ;
#3053 = CARTESIAN_POINT ( 'NONE',  ( 3.252451905283834300, 1.250000000000000200, 0.7216878364870320500 ) ) ;
#3054 = CARTESIAN_POINT ( 'NONE',  ( 6.278737976320960500, 1.278124999999999500, -0.7379258128079913000 ) ) ;
#3055 = ORIENTED_EDGE ( 'NONE', *, *, #2546, .T. ) ;
#3056 = AXIS2_PLACEMENT_3D ( 'NONE', #1837, #3204, #2657 ) ;
#3057 = CARTESIAN_POINT ( 'NONE',  ( 1.185600952641919100, 0.9652524972598769400, 0.0000000000000000000 ) ) ;
#3058 = ORIENTED_EDGE ( 'NONE', *, *, #1012, .F. ) ;
#3059 = CARTESIAN_POINT ( 'NONE',  ( 0.6418509526419189400, 0.9652524972598765000, -0.5572887891289489700 ) ) ;
#3060 = ORIENTED_EDGE ( 'NONE', *, *, #1462, .F. ) ;
#3061 = CARTESIAN_POINT ( 'NONE',  ( 2.554350952641919000, 0.4826262486299385800, 0.8359331836934226200 ) ) ;
#3062 = ORIENTED_EDGE ( 'NONE', *, *, #892, .T. ) ;
#3063 = CARTESIAN_POINT ( 'NONE',  ( 3.041850952641918800, 6.824819318074709100E-017, 1.114577578257896800 ) ) ;
#3064 = DIRECTION ( 'NONE',  ( -0.7071067811865450200, 8.659560562354963700E-017, -0.7071067811865500200 ) ) ;
#3065 = ORIENTED_EDGE ( 'NONE', *, *, #1977, .F. ) ;
#3066 = CARTESIAN_POINT ( 'NONE',  ( 1.148100952641919000, 0.9652524972598767200, -0.5572887891289489700 ) ) ;
#3067 = CARTESIAN_POINT ( 'NONE',  ( 0.07827230715412592000, 1.881931238497225800, -1.511542704210575300 ) ) ;
#3068 = CARTESIAN_POINT ( 'NONE',  ( 0.5106009526419191800, -0.9652524972598769400, 1.182093381138297500E-016 ) ) ;
#3069 = CARTESIAN_POINT ( 'NONE',  ( 6.128737976320961100, -1.278125000000000400, -0.7379258128079899700 ) ) ;
#3070 = CARTESIAN_POINT ( 'NONE',  ( 0.4731009526419190400, -0.9652524972598767200, 0.5572887891289487500 ) ) ;
#3071 = CARTESIAN_POINT ( 'NONE',  ( 0.1543509526419189500, 0.4826262486299377500, -0.8359331836934230700 ) ) ;
#3072 = EDGE_CURVE ( 'NONE', #1058, #659, #1122, .T. ) ;
#3073 = CARTESIAN_POINT ( 'NONE',  ( 2.179350952641919000, -0.4826262486299382500, 0.8359331836934227300 ) ) ;
#3074 = CYLINDRICAL_SURFACE ( 'NONE', #1683, 1.250000000000000200 ) ;
#3075 = CARTESIAN_POINT ( 'NONE',  ( 2.666850952641918800, -0.9652524972598767200, 0.5572887891289487500 ) ) ;
#3076 = DIRECTION ( 'NONE',  ( 0.0000000000000000000, 0.0000000000000000000, 1.000000000000000000 ) ) ;
#3077 = AXIS2_PLACEMENT_3D ( 'NONE', #1285, #2354, #2647 ) ;
#3078 = CARTESIAN_POINT ( 'NONE',  ( 2.535600952641918800, 0.9652524972598769400, 0.0000000000000000000 ) ) ;
#3079 = CARTESIAN_POINT ( 'NONE',  ( 6.000000000000000000, -1.124999999999998200, -1.948557158514986600 ) ) ;
#3080 = LOCAL_TIME ( 12, 10, 4.000000000000000000, #3300 ) ;
#3081 = DIRECTION ( 'NONE',  ( 0.0000000000000000000, 0.0000000000000000000, 1.000000000000000000 ) ) ;
#3082 = VECTOR ( 'NONE', #995, 1000.000000000000000 ) ;
#3083 = CARTESIAN_POINT ( 'NONE',  ( 5.929350952641918600, -0.4826262486299389100, -0.8359331836934224000 ) ) ;
#3084 = CARTESIAN_POINT ( 'NONE',  ( 0.3418509526419189500, 6.824819318074709100E-017, 1.114577578257897100 ) ) ;
#3085 = CARTESIAN_POINT ( 'NONE',  ( 4.766850952641919800, 0.9652524972598769400, 0.5572887891289483000 ) ) ;
#3086 = CARTESIAN_POINT ( 'NONE',  ( 3.566850952641918800, -0.9652524972598767200, 0.5572887891289487500 ) ) ;
#3087 = CARTESIAN_POINT ( 'NONE',  ( 1.892403810567669000, 0.3349364905389035100, 1.250000000000000000 ) ) ;
#3088 = CARTESIAN_POINT ( 'NONE',  ( 0.5481009526419190500, -0.9652524972598771600, -0.5572887891289480800 ) ) ;
#3089 = ORIENTED_EDGE ( 'NONE', *, *, #1439, .F. ) ;
#3090 = CARTESIAN_POINT ( 'NONE',  ( 5.678737976320960000, -1.278125000000000400, -0.7379258128079899700 ) ) ;
#3091 = EDGE_CURVE ( 'NONE', #3487, #817, #2952, .T. ) ;
#3092 = VERTEX_POINT ( 'NONE', #367 ) ;
#3093 = CARTESIAN_POINT ( 'NONE',  ( 1.035600952641919200, -0.4826262486299389100, -0.8359331836934224000 ) ) ;
#3094 = CARTESIAN_POINT ( 'NONE',  ( 2.610600952641918900, 0.4826262486299385800, 0.8359331836934226200 ) ) ;
#3095 = ORIENTED_EDGE ( 'NONE', *, *, #2197, .F. ) ;
#3096 = CARTESIAN_POINT ( 'NONE',  ( 6.000000000000000000, 0.0000000000000000000, 0.0000000000000000000 ) ) ;
#3097 = CARTESIAN_POINT ( 'NONE',  ( 6.000000000000000000, 9.144215405900934900E-016, -2.598076211353313800 ) ) ;
#3098 = CARTESIAN_POINT ( 'NONE',  ( 4.991850952641918600, -0.9652524972598771600, -0.5572887891289481900 ) ) ;
#3099 = EDGE_CURVE ( 'NONE', #463, #2458, #1701, .T. ) ;
#3100 = ORIENTED_EDGE ( 'NONE', *, *, #516, .F. ) ;
#3101 = CARTESIAN_POINT ( 'NONE',  ( 2.891850952641918900, 0.9652524972598767200, -0.5572887891289489700 ) ) ;
#3102 = CARTESIAN_POINT ( 'NONE',  ( 0.0000000000000000000, 0.0000000000000000000, 1.250000000000000200 ) ) ;
#3103 = CARTESIAN_POINT ( 'NONE',  ( 3.514951905283834900, -0.6250000000000006700, -1.082531754730548200 ) ) ;
#3104 = CARTESIAN_POINT ( 'NONE',  ( 0.2856009526419192600, 0.9652524972598769400, 0.0000000000000000000 ) ) ;
#3105 = CARTESIAN_POINT ( 'NONE',  ( 5.941237976320961100, 0.6390625000000002000, 1.106888719211985600 ) ) ;
#3106 = PRODUCT_DEFINITION ( 'UNKNOWN', '', #1090, #55 ) ;
#3107 = ORIENTED_EDGE ( 'NONE', *, *, #1462, .T. ) ;
#3108 = CARTESIAN_POINT ( 'NONE',  ( 4.485600952641918900, -0.4826262486299382500, 0.8359331836934227300 ) ) ;
#3109 = CARTESIAN_POINT ( 'NONE',  ( 2.498100952641919100, 0.9652524972598765000, -0.5572887891289489700 ) ) ;
#3110 = ORIENTED_EDGE ( 'NONE', *, *, #1266, .T. ) ;
#3111 = DIRECTION ( 'NONE',  ( -1.000000000000000000, -0.0000000000000000000, -0.0000000000000000000 ) ) ;
#3112 =( BOUNDED_CURVE ( )  B_SPLINE_CURVE ( 2, ( #2435, #1917, #2191, #517, #2447, #2257, #570, #3088, #1718, #303, #604, #1704, #2017, #1137, #1457, #2517, #2279, #2803, #2768, #71, #1446, #887, #903, #3066, #3041, #619, #3362, #1983, #58, #592, #45, #25, #1160, #2530, #1752, #2542, #1738, #3349, #2493, #1993, #2004, #1169, #354, #342, #2789, #860, #2815, #2247, #35, #1183, #1728, #875, #327, #2270, #1469, #849, #1420, #3324, #580, #3374, #3078, #2030, #2505, #2780, #317, #1149, #3052, #1433, #3339, #656, #1831, #904, #581, #1203, #980, #372, #403, #126, #3432, #1816, #2334, #1806, #394, #3135, #3147, #633, #1228, #2072, #3424, #958, #1797, #2082, #2343, #2845, #686, #3440, #104, #2602, #2832, #1522, #2060, #2592, #968, #1487, #1239, #3158, #384, #2874, #1249, #1530, #2090, #134, #3108, #2856, #3397, #413, #1218, #2311, #1512, #115, #673, #2863, #2558, #916, #1770, #88, #933, #1201, #2046, #650, #2571, #2322, #3121, #1499, #3414, #1784, #661, #2583, #947, #1861, #167, #1874, #3191, #3460, #2645 ),
 .UNSPECIFIED., .F., .T. ) 
 B_SPLINE_CURVE_WITH_KNOTS ( ( 3, 2, 2, 2, 2, 2, 2, 2, 2, 2, 2, 2, 2, 2, 2, 2, 2, 2, 2, 2, 2, 2, 2, 2, 2, 2, 2, 2, 2, 2, 2, 2, 2, 2, 2, 2, 2, 2, 2, 2, 2, 2, 2, 2, 2, 2, 2, 2, 2, 2, 2, 2, 2, 2, 2, 2, 2, 2, 2, 2, 2, 2, 2, 2, 2, 2, 2, 2, 2, 2, 2, 2, 3 ),
 ( 0.07565114339258011100, 0.07777777777777777900, 0.08888888888888889200, 0.1000000000000000100, 0.1111111111111111000, 0.1222222222222222200, 0.1333333333333333300, 0.1444444444444444300, 0.1555555555555555600, 0.1666666666666666600, 0.1777777777777777800, 0.1888888888888888800, 0.2000000000000000100, 0.2111111111111111100, 0.2222222222222222100, 0.2333333333333333400, 0.2444444444444444400, 0.2555555555555555400, 0.2666666666666666600, 0.2777777777777777900, 0.2888888888888888600, 0.2999999999999999900, 0.3111111111111111200, 0.3222222222222222400, 0.3333333333333333100, 0.3444444444444444400, 0.3555555555555555700, 0.3666666666666666400, 0.3777777777777777700, 0.3888888888888889000, 0.4000000000000000200, 0.4111111111111111500, 0.4222222222222222200, 0.4333333333333334000, 0.4444444444444444200, 0.4555555555555555500, 0.4666666666666666200, 0.4777777777777778000, 0.4888888888888888700, 0.5000000000000000000, 0.5111111111111110700, 0.5222222222222222500, 0.5333333333333333300, 0.5444444444444444000, 0.5555555555555555800, 0.5666666666666666500, 0.5777777777777777200, 0.5888888888888890200, 0.6000000000000000900, 0.6111111111111111600, 0.6222222222222222300, 0.6333333333333333000, 0.6444444444444446000, 0.6555555555555556700, 0.6666666666666667400, 0.6777777777777778100, 0.6888888888888888800, 0.6999999999999999600, 0.7111111111111112500, 0.7222222222222223200, 0.7333333333333333900, 0.7444444444444444600, 0.7555555555555555400, 0.7666666666666668300, 0.7777777777777779000, 0.7888888888888889700, 0.8000000000000000400, 0.8111111111111111200, 0.8222222222222219700, 0.8333333333333334800, 0.8444444444444445500, 0.8555555555555556200, 0.8617546861809584100 ),
 .UNSPECIFIED. ) 
 CURVE ( )  GEOMETRIC_REPRESENTATION_ITEM ( )  RATIONAL_B_SPLINE_CURVE ( ( 0.9585310450472310800, 0.9743576515250512700, 1.000000000000000000, 0.8660254037844387100, 1.000000000000000000, 0.8660254037844387100, 1.000000000000000000, 0.8660254037844387100, 1.000000000000000000, 0.8660254037844387100, 1.000000000000000000, 0.8660254037844387100, 1.000000000000000000, 0.8660254037844387100, 1.000000000000000000, 0.8660254037844387100, 1.000000000000000000, 0.8660254037844387100, 1.000000000000000000, 0.8660254037844387100, 1.000000000000000000, 0.8660254037844387100, 1.000000000000000000, 0.8660254037844387100, 1.000000000000000000, 0.8660254037844387100, 1.000000000000000000, 0.8660254037844387100, 1.000000000000000000, 0.8660254037844387100, 1.000000000000000000, 0.8660254037844387100, 1.000000000000000000, 0.8660254037844387100, 1.000000000000000000, 0.8660254037844387100, 1.000000000000000000, 0.8660254037844387100, 1.000000000000000000, 0.8660254037844387100, 1.000000000000000000, 0.8660254037844387100, 1.000000000000000000, 0.8660254037844387100, 1.000000000000000000, 0.8660254037844387100, 1.000000000000000000, 0.8660254037844387100, 1.000000000000000000, 0.8660254037844387100, 1.000000000000000000, 0.8660254037844387100, 1.000000000000000000, 0.8660254037844387100, 1.000000000000000000, 0.8660254037844387100, 1.000000000000000000, 0.8660254037844387100, 1.000000000000000000, 0.8660254037844387100, 1.000000000000000000, 0.8660254037844387100, 1.000000000000000000, 0.8660254037844387100, 1.000000000000000000, 0.8660254037844387100, 1.000000000000000000, 0.8660254037844387100, 1.000000000000000000, 0.8660254037844387100, 1.000000000000000000, 0.8660254037844387100, 1.000000000000000000, 0.8660254037844387100, 1.000000000000000000, 0.8660254037844387100, 1.000000000000000000, 0.8660254037844387100, 1.000000000000000000, 0.8660254037844387100, 1.000000000000000000, 0.8660254037844387100, 1.000000000000000000, 0.8660254037844387100, 1.000000000000000000, 0.8660254037844387100, 1.000000000000000000, 0.8660254037844387100, 1.000000000000000000, 0.8660254037844387100, 1.000000000000000000, 0.8660254037844387100, 1.000000000000000000, 0.8660254037844387100, 1.000000000000000000, 0.8660254037844387100, 1.000000000000000000, 0.8660254037844387100, 1.000000000000000000, 0.8660254037844387100, 1.000000000000000000, 0.8660254037844387100, 1.000000000000000000, 0.8660254037844387100, 1.000000000000000000, 0.8660254037844387100, 1.000000000000000000, 0.8660254037844387100, 1.000000000000000000, 0.8660254037844387100, 1.000000000000000000, 0.8660254037844387100, 1.000000000000000000, 0.8660254037844387100, 1.000000000000000000, 0.8660254037844387100, 1.000000000000000000, 0.8660254037844387100, 1.000000000000000000, 0.8660254037844387100, 1.000000000000000000, 0.8660254037844387100, 1.000000000000000000, 0.8660254037844387100, 1.000000000000000000, 0.8660254037844387100, 1.000000000000000000, 0.8660254037844387100, 1.000000000000000000, 0.8660254037844387100, 1.000000000000000000, 0.8660254037844387100, 1.000000000000000000, 0.8660254037844387100, 1.000000000000000000, 0.8660254037844387100, 1.000000000000000000, 0.8660254037844387100, 1.000000000000000000, 0.8660254037844387100, 1.000000000000000000, 0.8660254037844387100, 1.000000000000000000, 0.9252526579816733300, 0.9339116526365338600 ) ) 
 REPRESENTATION_ITEM ( '' )  );
#3113 = CARTESIAN_POINT ( 'NONE',  ( 4.804350952641919500, 0.4826262486299385800, 0.8359331836934226200 ) ) ;
#3114 = ORIENTED_EDGE ( 'NONE', *, *, #1108, .T. ) ;
#3115 = CARTESIAN_POINT ( 'NONE',  ( 3.379350952641919200, 0.9652524972598769400, 0.0000000000000000000 ) ) ;
#3116 = CARTESIAN_POINT ( 'NONE',  ( 4.650000000000002100, -0.6249999999999997800, 1.082531754730548600 ) ) ;
#3117 = CARTESIAN_POINT ( 'NONE',  ( 1.223100952641919000, 0.9652524972598769400, 0.5572887891289483000 ) ) ;
#3118 = DIRECTION ( 'NONE',  ( 0.0000000000000000000, 0.0000000000000000000, 1.000000000000000000 ) ) ;
#3119 = CARTESIAN_POINT ( 'NONE',  ( 3.548100952641918500, 6.824819318074709100E-017, 1.114577578257897100 ) ) ;
#3120 = CALENDAR_DATE ( 2021, 25, 8 ) ;
#3121 = CARTESIAN_POINT ( 'NONE',  ( 5.235600952641918000, 0.9652524972598769400, 0.0000000000000000000 ) ) ;
#3122 = CARTESIAN_POINT ( 'NONE',  ( 3.173100952641918500, -0.9652524972598767200, 0.5572887891289487500 ) ) ;
#3123 = CARTESIAN_POINT ( 'NONE',  ( 5.910452114395079400, 1.184854434444079200, -0.3578917335554365200 ) ) ;
#3124 = EDGE_CURVE ( 'NONE', #1534, #1097, #734, .T. ) ;
#3125 = CYLINDRICAL_SURFACE ( 'NONE', #2962, 1.250000000000000200 ) ;
#3126 = CARTESIAN_POINT ( 'NONE',  ( 4.977451905283834000, 1.249999999999999100, -0.7216878364870330500 ) ) ;
#3127 = CARTESIAN_POINT ( 'NONE',  ( 4.579350952641918900, -0.4826262486299389100, -0.8359331836934224000 ) ) ;
#3128 = DIRECTION ( 'NONE',  ( -1.000000000000000000, -0.0000000000000000000, -0.0000000000000000000 ) ) ;
#3129 = CARTESIAN_POINT ( 'NONE',  ( 0.0000000000000000000, 0.0000000000000000000, 0.0000000000000000000 ) ) ;
#3130 = CARTESIAN_POINT ( 'NONE',  ( 1.114951905283835000, -0.6249999999999997800, 1.082531754730548600 ) ) ;
#3131 = CARTESIAN_POINT ( 'NONE',  ( 1.298100952641919200, 6.824819318074709100E-017, 1.114577578257897100 ) ) ;
#3132 = FACE_OUTER_BOUND ( 'NONE', #2582, .T. ) ;
#3133 = DIRECTION ( 'NONE',  ( -0.0000000000000000000, 1.000000000000000000, 3.338476886082577300E-016 ) ) ;
#3134 = CARTESIAN_POINT ( 'NONE',  ( 3.510600952641918800, 0.4826262486299385800, 0.8359331836934226200 ) ) ;
#3135 = CARTESIAN_POINT ( 'NONE',  ( 3.398100952641918100, 0.9652524972598767200, -0.5572887891289489700 ) ) ;
#3136 = CARTESIAN_POINT ( 'NONE',  ( 3.623100952641918700, -0.9652524972598767200, 0.5572887891289487500 ) ) ;
#3137 = CARTESIAN_POINT ( 'NONE',  ( 6.000000000000000000, -1.124999999999998200, -1.948557158514986600 ) ) ;
#3138 = CARTESIAN_POINT ( 'NONE',  ( 5.014951905283835400, 1.250000000000000200, 0.0000000000000000000 ) ) ;
#3139 = VERTEX_POINT ( 'NONE', #2564 ) ;
#3140 = CARTESIAN_POINT ( 'NONE',  ( 0.0000000000000000000, 0.0000000000000000000, 0.0000000000000000000 ) ) ;
#3141 = CARTESIAN_POINT ( 'NONE',  ( 5.652752497259879000, 0.9551275852375473700, -0.1893676718673139900 ) ) ;
#3142 = DIRECTION ( 'NONE',  ( 1.000000000000000000, 0.0000000000000000000, 0.0000000000000000000 ) ) ;
#3143 = DIRECTION ( 'NONE',  ( 1.000000000000000000, 0.0000000000000000000, 0.0000000000000000000 ) ) ;
#3144 = LINE ( 'NONE', #1258, #586 ) ;
#3145 = CARTESIAN_POINT ( 'NONE',  ( 2.198100952641918400, 6.824819318074709100E-017, 1.114577578257897100 ) ) ;
#3146 = EDGE_CURVE ( 'NONE', #3036, #2064, #1659, .T. ) ;
#3147 = CARTESIAN_POINT ( 'NONE',  ( 3.435600952641919100, 0.9652524972598769400, 0.0000000000000000000 ) ) ;
#3148 = CARTESIAN_POINT ( 'NONE',  ( 2.235600952641918900, -0.4826262486299382500, 0.8359331836934227300 ) ) ;
#3149 = CARTESIAN_POINT ( 'NONE',  ( 5.937499999999997300, 1.185400846293080100, 0.3966419463541917000 ) ) ;
#3150 = ORIENTED_EDGE ( 'NONE', *, *, #1834, .T. ) ;
#3151 = CARTESIAN_POINT ( 'NONE',  ( 4.541850952641918400, -0.9652524972598771600, -0.5572887891289480800 ) ) ;
#3152 = ORIENTED_EDGE ( 'NONE', *, *, #3146, .T. ) ;
#3153 = CARTESIAN_POINT ( 'NONE',  ( 0.2009618943233407200, 2.249999999999998700, -1.299038105676656900 ) ) ;
#3154 = CARTESIAN_POINT ( 'NONE',  ( 0.3344791281152211800, -1.338558928461751600E-012, 0.9780208718847779300 ) ) ;
#3155 =( BOUNDED_CURVE ( )  B_SPLINE_CURVE ( 2, ( #1832, #657, #3130, #2893, #692, #2609, #1236, #941, #2341 ),
 .UNSPECIFIED., .F., .T. ) 
 B_SPLINE_CURVE_WITH_KNOTS ( ( 3, 2, 2, 2, 3 ),
 ( 0.2166666666666666700, 0.2222222222222222100, 0.2333333333333333400, 0.2444444444444444400, 0.2500000000000000000 ),
 .UNSPECIFIED. ) 
 CURVE ( )  GEOMETRIC_REPRESENTATION_ITEM ( )  RATIONAL_B_SPLINE_CURVE ( ( 0.9330127018922194100, 0.9330127018922196300, 1.000000000000000000, 0.8660254037844388200, 1.000000000000000000, 0.8660254037844388200, 1.000000000000000000, 0.9330127018922191900, 0.9330127018922194100 ) ) 
 REPRESENTATION_ITEM ( '' )  );
#3156 = ORIENTED_EDGE ( 'NONE', *, *, #3492, .T. ) ;
#3157 = CARTESIAN_POINT ( 'NONE',  ( 3.848100952641918800, 0.9652524972598765000, -0.5572887891289489700 ) ) ;
#3158 = CARTESIAN_POINT ( 'NONE',  ( 4.223100952641918800, -2.047445795422412600E-016, -1.114577578257896800 ) ) ;
#3159 = CARTESIAN_POINT ( 'NONE',  ( 4.598100952641918800, -0.9652524972598771600, -0.5572887891289481900 ) ) ;
#3160 = B_SPLINE_CURVE_WITH_KNOTS ( 'NONE', 3,
 ( #2476, #830, #3024, #3011, #578, #266 ),
 .UNSPECIFIED., .F., .F.,
 ( 4, 2, 4 ),
 ( 0.001314652396222794700, 0.001969405109320634200, 0.002624157822418473800 ),
 .UNSPECIFIED. ) ;
#3161 = DIRECTION ( 'NONE',  ( -1.000000000000000000, -0.0000000000000000000, -0.0000000000000000000 ) ) ;
#3162 = CARTESIAN_POINT ( 'NONE',  ( 4.387500000000002800, -4.938688641342514700E-016, -1.250000000000000200 ) ) ;
#3163 = CARTESIAN_POINT ( 'NONE',  ( 0.0000000000000000000, -1.125000000000000200, 1.948557158514985000 ) ) ;
#3164 = CARTESIAN_POINT ( 'NONE',  ( 5.062500000000001800, 1.743066579297358300E-016, 1.250000000000000000 ) ) ;
#3165 = CARTESIAN_POINT ( 'NONE',  ( 0.2146747082901482000, 0.7226149487740727300, 0.8298405974387380600 ) ) ;
#3166 = CARTESIAN_POINT ( 'NONE',  ( 0.0000000000000000000, -2.249999999999998700, -7.511572993685794200E-016 ) ) ;
#3167 = EDGE_CURVE ( 'NONE', #2660, #136, #246, .T. ) ;
#3168 = CARTESIAN_POINT ( 'NONE',  ( 3.735600952641918900, -0.4826262486299389100, -0.8359331836934224000 ) ) ;
#3169 = LINE ( 'NONE', #2483, #197 ) ;
#3170 = CARTESIAN_POINT ( 'NONE',  ( 5.310600952641919100, 0.4826262486299385800, 0.8359331836934226200 ) ) ;
#3171 = CARTESIAN_POINT ( 'NONE',  ( 4.882355715851500300, -0.3349364905389038400, -1.250000000000000000 ) ) ;
#3172 = AXIS2_PLACEMENT_3D ( 'NONE', #3247, #2987, #1032 ) ;
#3173 = CARTESIAN_POINT ( 'NONE',  ( 4.350000000000003200, -0.6250000000000006700, -1.082531754730548200 ) ) ;
#3174 = FACE_OUTER_BOUND ( 'NONE', #427, .T. ) ;
#3175 = AXIS2_PLACEMENT_3D ( 'NONE', #1061, #254, #1396 ) ;
#3176 = CARTESIAN_POINT ( 'NONE',  ( 3.487500000000002900, 6.245988575815533700E-015, -1.250000000000000200 ) ) ;
#3177 = PLANE ( 'NONE',  #1156 ) ;
#3178 = CARTESIAN_POINT ( 'NONE',  ( 5.873100952641918200, -0.9652524972598767200, 0.5572887891289487500 ) ) ;
#3179 = ORIENTED_EDGE ( 'NONE', *, *, #706, .T. ) ;
#3180 = CARTESIAN_POINT ( 'NONE',  ( 0.2713538771975485500, 0.7435865915351899100, -0.7572591231438186000 ) ) ;
#3181 = CARTESIAN_POINT ( 'NONE',  ( 4.785600952641918800, 0.9652524972598769400, 0.0000000000000000000 ) ) ;
#3182 = B_SPLINE_CURVE_WITH_KNOTS ( 'NONE', 3,
 ( #676, #2074, #3416, #3137 ),
 .UNSPECIFIED., .F., .F.,
 ( 4, 4 ),
 ( 2.380746839937375300E-007, 0.001314652396222795600 ),
 .UNSPECIFIED. ) ;
#3183 = ORIENTED_EDGE ( 'NONE', *, *, #53, .T. ) ;
#3184 = ORIENTED_EDGE ( 'NONE', *, *, #2821, .T. ) ;
#3185 = CARTESIAN_POINT ( 'NONE',  ( 3.266850952641918500, -2.047445795422412600E-016, -1.114577578257897100 ) ) ;
#3186 = CARTESIAN_POINT ( 'NONE',  ( 0.0000000000000000000, 0.0000000000000000000, 0.0000000000000000000 ) ) ;
#3187 = CARTESIAN_POINT ( 'NONE',  ( 0.3174038105676688600, -0.3349364905389006800, -1.250000000000001800 ) ) ;
#3188 = VERTEX_POINT ( 'NONE', #454 ) ;
#3189 = CARTESIAN_POINT ( 'NONE',  ( 5.573100952641918400, -2.047445795422412600E-016, -1.114577578257897100 ) ) ;
#3190 = EDGE_CURVE ( 'NONE', #3527, #1143, #1430, .T. ) ;
#3191 = CARTESIAN_POINT ( 'NONE',  ( 5.610600952641918900, 0.4826262486299377500, -0.8359331836934230700 ) ) ;
#3192 = CARTESIAN_POINT ( 'NONE',  ( 5.723100952641917900, 0.9652524972598769400, 0.5572887891289483000 ) ) ;
#3193 = ORIENTED_EDGE ( 'NONE', *, *, #3190, .F. ) ;
#3194 = CARTESIAN_POINT ( 'NONE',  ( 2.137500000000003300, 2.817957636530729900E-015, -1.250000000000000200 ) ) ;
#3195 = CARTESIAN_POINT ( 'NONE',  ( 5.427451905283834100, 1.249999999999999100, -0.7216878364870330500 ) ) ;
#3196 = AXIS2_PLACEMENT_3D ( 'NONE', #1545, #162, #2116 ) ;
#3197 = LOCAL_TIME ( 12, 10, 4.000000000000000000, #3243 ) ;
#3198 = CARTESIAN_POINT ( 'NONE',  ( 3.941850952641918800, 6.824819318074709100E-017, 1.114577578257897100 ) ) ;
#3199 = DIRECTION ( 'NONE',  ( 0.0000000000000000000, 0.0000000000000000000, 1.000000000000000000 ) ) ;
#3200 = ORIENTED_EDGE ( 'NONE', *, *, #1200, .T. ) ;
#3201 = DIRECTION ( 'NONE',  ( 1.000000000000000000, 0.0000000000000000000, 0.0000000000000000000 ) ) ;
#3202 = CARTESIAN_POINT ( 'NONE',  ( 5.160600952641918800, 0.4826262486299377500, -0.8359331836934230700 ) ) ;
#3203 = CARTESIAN_POINT ( 'NONE',  ( 2.277451905283834700, 1.249999999999999100, -0.7216878364870330500 ) ) ;
#3204 = DIRECTION ( 'NONE',  ( 1.000000000000000000, 0.0000000000000000000, 0.0000000000000000000 ) ) ;
#3205 = CARTESIAN_POINT ( 'NONE',  ( 5.948100952641918400, -0.9652524972598771600, -0.5572887891289481900 ) ) ;
#3206 = PERSON_AND_ORGANIZATION ( #614, #2867 ) ;
#3207 = CARTESIAN_POINT ( 'NONE',  ( 0.3429492507155568700, -0.04638264475788930100, 0.9687243128143882000 ) ) ;
#3208 = FACE_OUTER_BOUND ( 'NONE', #3409, .T. ) ;
#3209 = CARTESIAN_POINT ( 'NONE',  ( 3.116850952641919000, -0.9652524972598767200, 0.5572887891289487500 ) ) ;
#3210 = CARTESIAN_POINT ( 'NONE',  ( 0.5625000000000027800, -6.972266317189432000E-016, 1.249999999999999800 ) ) ;
#3211 = CARTESIAN_POINT ( 'NONE',  ( 5.512500000000002000, 1.743066579297358300E-016, 1.250000000000000000 ) ) ;
#3212 = EDGE_CURVE ( 'NONE', #2979, #2707, #1007, .T. ) ;
#3213 = CIRCLE ( 'NONE', #3025, 2.249999999999998200 ) ;
#3214 = ORIENTED_EDGE ( 'NONE', *, *, #1266, .F. ) ;
#3215 = CARTESIAN_POINT ( 'NONE',  ( 6.098100952641918800, 0.9652524972598765000, -0.5572887891289489700 ) ) ;
#3216 = CARTESIAN_POINT ( 'NONE',  ( 2.352451905283835300, 1.250000000000000200, 0.7216878364870320500 ) ) ;
#3217 = ADVANCED_FACE ( 'NONE', ( #2696 ), #1824, .F. ) ;
#3218 = CARTESIAN_POINT ( 'NONE',  ( 2.775000000000002600, 0.6250000000000002200, 1.082531754730548400 ) ) ;
#3219 = CARTESIAN_POINT ( 'NONE',  ( 4.452451905283834500, -4.938688641342514700E-016, -1.250000000000000200 ) ) ;
#3220 = CARTESIAN_POINT ( 'NONE',  ( 1.516237976320960800, -0.6390624999999997600, 1.106888719211985800 ) ) ;
#3221 = AXIS2_PLACEMENT_3D ( 'NONE', #1653, #533, #2457 ) ;
#3222 =( BOUNDED_CURVE ( )  B_SPLINE_CURVE ( 2, ( #3532, #3241, #3232, #2179, #1918, #2169, #1050, #481, #3252 ),
 .UNSPECIFIED., .F., .T. ) 
 B_SPLINE_CURVE_WITH_KNOTS ( ( 3, 2, 2, 2, 3 ),
 ( 0.1833333333333333500, 0.1888888888888888800, 0.2000000000000000100, 0.2111111111111111100, 0.2166666666666666700 ),
 .UNSPECIFIED. ) 
 CURVE ( )  GEOMETRIC_REPRESENTATION_ITEM ( )  RATIONAL_B_SPLINE_CURVE ( ( 0.9330127018922194100, 0.9330127018922196300, 1.000000000000000000, 0.8660254037844388200, 1.000000000000000000, 0.8660254037844388200, 1.000000000000000000, 0.9330127018922191900, 0.9330127018922194100 ) ) 
 REPRESENTATION_ITEM ( '' )  );
#3223 = PERSON_AND_ORGANIZATION_ROLE ( 'design_supplier' ) ;
#3224 = CARTESIAN_POINT ( 'NONE',  ( 3.311213928962876400, 9.036984846635145800E-017, 1.475851625615981000 ) ) ;
#3225 = CARTESIAN_POINT ( 'NONE',  ( 3.079350952641918500, -0.4826262486299382500, 0.8359331836934227300 ) ) ;
#3226 = AXIS2_PLACEMENT_3D ( 'NONE', #983, #1618, #461 ) ;
#3227 = DIRECTION ( 'NONE',  ( -1.000000000000000000, -0.0000000000000000000, -0.0000000000000000000 ) ) ;
#3228 = CARTESIAN_POINT ( 'NONE',  ( 5.775000000000003000, 0.6249999999999992200, -1.082531754730548900 ) ) ;
#3229 = ORIENTED_EDGE ( 'NONE', *, *, #2793, .F. ) ;
#3230 = CARTESIAN_POINT ( 'NONE',  ( 5.719458751337236400, 1.032209447940043700, -0.07467870500992909700 ) ) ;
#3231 = CARTESIAN_POINT ( 'NONE',  ( 6.000000000000000000, 2.249999999999998700, 0.0000000000000000000 ) ) ;
#3232 = CARTESIAN_POINT ( 'NONE',  ( 0.8899519052838352800, 0.6249999999999992200, -1.082531754730548900 ) ) ;
#3233 = CARTESIAN_POINT ( 'NONE',  ( 1.366237976320960900, 1.278125000000000200, 0.0000000000000000000 ) ) ;
#3234 = CARTESIAN_POINT ( 'NONE',  ( 3.948713928962876500, -0.6390625000000006400, -1.106888719211985400 ) ) ;
#3235 = CARTESIAN_POINT ( 'NONE',  ( 3.604350952641918800, -0.9652524972598769400, 1.182093381138297500E-016 ) ) ;
#3236 = ORIENTED_EDGE ( 'NONE', *, *, #3542, .T. ) ;
#3237 = CARTESIAN_POINT ( 'NONE',  ( -0.1387860710371228700, -1.278125000000000400, -0.7379258128079899700 ) ) ;
#3238 = VERTEX_POINT ( 'NONE', #2066 ) ;
#3239 = CARTESIAN_POINT ( 'NONE',  ( 0.2116605921726600900, -0.5822734001899699800, -0.9463038794144897900 ) ) ;
#3240 = DIRECTION ( 'NONE',  ( -1.000000000000000000, -0.0000000000000000000, -0.0000000000000000000 ) ) ;
#3241 = CARTESIAN_POINT ( 'NONE',  ( 0.8725480947161694500, 0.3349364905389035600, -1.249999999999999800 ) ) ;
#3242 = CARTESIAN_POINT ( 'NONE',  ( 2.378737976320960600, 9.036984846635145800E-017, 1.475851625615981000 ) ) ;
#3243 = COORDINATED_UNIVERSAL_TIME_OFFSET ( 6, 0, .BEHIND. ) ;
#3244 = CARTESIAN_POINT ( 'NONE',  ( 2.111213928962877100, -1.278125000000000400, -0.7379258128079899700 ) ) ;
#3245 = CARTESIAN_POINT ( 'NONE',  ( 5.966850952641919100, -2.047445795422412600E-016, -1.114577578257897100 ) ) ;
#3246 = CARTESIAN_POINT ( 'NONE',  ( 1.504350952641918800, 0.4826262486299377500, -0.8359331836934230700 ) ) ;
#3247 = CARTESIAN_POINT ( 'NONE',  ( 0.0000000000000000000, 0.0000000000000000000, 0.0000000000000000000 ) ) ;
#3248 = CARTESIAN_POINT ( 'NONE',  ( 6.000000000000000000, 0.0000000000000000000, 0.0000000000000000000 ) ) ;
#3249 = CONICAL_SURFACE ( 'NONE', #3196, 2.249999999999998700, 1.047197551196600100 ) ;
#3250 = CARTESIAN_POINT ( 'NONE',  ( 1.302451905283835000, 1.191095495853194700E-015, -1.250000000000000000 ) ) ;
#3251 = CARTESIAN_POINT ( 'NONE',  ( 5.727451905283834900, -1.250000000000000200, -0.7216878364870317200 ) ) ;
#3252 = CARTESIAN_POINT ( 'NONE',  ( 1.077451905283834900, -1.481606592402754400E-015, 1.249999999999999800 ) ) ;
#3253 = CARTESIAN_POINT ( 'NONE',  ( 0.9162379763209610500, 1.278125000000000200, 0.0000000000000000000 ) ) ;
#3254 = ORIENTED_EDGE ( 'NONE', *, *, #107, .F. ) ;
#3255 = CARTESIAN_POINT ( 'NONE',  ( 3.048713928962877100, -0.6390625000000006400, -1.106888719211985400 ) ) ;
#3256 = CARTESIAN_POINT ( 'NONE',  ( 5.704350952641918900, 0.4826262486299385800, 0.8359331836934226200 ) ) ;
#3257 = CARTESIAN_POINT ( 'NONE',  ( 5.799038105676658900, -1.420391034258040000E-015, 2.598076211353314700 ) ) ;
#3258 = EDGE_CURVE ( 'NONE', #2338, #2873, #1980, .T. ) ;
#3259 = CONICAL_SURFACE ( 'NONE', #2984, 1.312500000000000000, 0.7853981633974205200 ) ;
#3260 = CARTESIAN_POINT ( 'NONE',  ( 4.162500000000002300, 1.743066579297358300E-016, 1.250000000000000000 ) ) ;
#3261 = CARTESIAN_POINT ( 'NONE',  ( -1.349323484976100000E-015, -1.315951922094011200, -1.838311014891731400 ) ) ;
#3262 = CARTESIAN_POINT ( 'NONE',  ( 1.178737976320960900, -1.278125000000000400, -0.7379258128079899700 ) ) ;
#3263 = AXIS2_PLACEMENT_3D ( 'NONE', #1564, #2092, #1027 ) ;
#3264 = VERTEX_POINT ( 'NONE', #3468 ) ;
#3265 = APPLICATION_CONTEXT ( 'configuration controlled 3d designs of mechanical parts and assemblies' ) ;
#3266 = CARTESIAN_POINT ( 'NONE',  ( 2.748713928962876800, 1.278125000000000200, 0.0000000000000000000 ) ) ;
#3267 = CARTESIAN_POINT ( 'NONE',  ( 4.354350952641918400, 0.4826262486299385800, 0.8359331836934226200 ) ) ;
#3268 = ORIENTED_EDGE ( 'NONE', *, *, #290, .T. ) ;
#3269 = CARTESIAN_POINT ( 'NONE',  ( 5.887500000000002000, 1.250000000000000200, 0.7216878364870320500 ) ) ;
#3270 = CARTESIAN_POINT ( 'NONE',  ( 0.0000000000000000000, 0.0000000000000000000, 0.0000000000000000000 ) ) ;
#3271 = CARTESIAN_POINT ( 'NONE',  ( 4.002451905283834300, -4.938688641342514700E-016, -1.250000000000000200 ) ) ;
#3272 = CARTESIAN_POINT ( 'NONE',  ( 4.387500000000002800, -4.938688641342514700E-016, -1.250000000000000200 ) ) ;
#3273 = CARTESIAN_POINT ( 'NONE',  ( 5.846060704556617100, -0.1425779544234783700, -1.158560704559665500 ) ) ;
#3274 = ORIENTED_EDGE ( 'NONE', *, *, #383, .T. ) ;
#3275 = CARTESIAN_POINT ( 'NONE',  ( 2.866237976320960400, -0.6390624999999997600, 1.106888719211985800 ) ) ;
#3276 = ORIENTED_EDGE ( 'NONE', *, *, #1489, .F. ) ;
#3277 = CARTESIAN_POINT ( 'NONE',  ( 4.398713928962876300, -0.6390625000000006400, -1.106888719211985400 ) ) ;
#3278 = EDGE_CURVE ( 'NONE', #1872, #698, #549, .T. ) ;
#3279 = CARTESIAN_POINT ( 'NONE',  ( 4.804350952641919500, 0.4826262486299385800, 0.8359331836934226200 ) ) ;
#3280 = CARTESIAN_POINT ( 'NONE',  ( -0.1456490473580810100, 0.4826262486299385800, 0.8359331836934226200 ) ) ;
#3281 = ORIENTED_EDGE ( 'NONE', *, *, #3564, .F. ) ;
#3282 = CARTESIAN_POINT ( 'NONE',  ( 0.4237139289628770200, 0.6390624999999990900, -1.106888719211986300 ) ) ;
#3283 = CARTESIAN_POINT ( 'NONE',  ( 5.737500000000003400, -4.938688641342514700E-016, -1.250000000000000200 ) ) ;
#3284 = EDGE_CURVE ( 'NONE', #576, #1540, #2391, .T. ) ;
#3285 = VERTEX_POINT ( 'NONE', #1845 ) ;
#3286 = CARTESIAN_POINT ( 'NONE',  ( 0.0000000000000000000, 1.530808498934191800E-016, -1.250000000000000200 ) ) ;
#3287 = CARTESIAN_POINT ( 'NONE',  ( 0.0000000000000000000, 2.249999999999998700, 0.0000000000000000000 ) ) ;
#3288 = CARTESIAN_POINT ( 'NONE',  ( 5.709238654534137100, 2.199169000880166300E-014, 1.021738654534134300 ) ) ;
#3289 = CARTESIAN_POINT ( 'NONE',  ( 5.116237976320960900, -0.6390624999999997600, 1.106888719211985800 ) ) ;
#3290 = CARTESIAN_POINT ( 'NONE',  ( 0.07935095264191896500, -0.4826262486299389100, -0.8359331836934224000 ) ) ;
#3291 = CIRCLE ( 'NONE', #926, 1.312500000000000000 ) ;
#3292 = CARTESIAN_POINT ( 'NONE',  ( 5.141850952641918000, 0.9652524972598765000, -0.5572887891289489700 ) ) ;
#3293 = CARTESIAN_POINT ( 'NONE',  ( 0.9793509526419188500, -0.4826262486299389100, -0.8359331836934224000 ) ) ;
#3294 = CARTESIAN_POINT ( 'NONE',  ( 0.5362139289628771200, 1.278125000000000200, 0.7379258128079903000 ) ) ;
#3295 = FACE_OUTER_BOUND ( 'NONE', #741, .T. ) ;
#3296 = CARTESIAN_POINT ( 'NONE',  ( 1.879350952641918800, -0.4826262486299389100, -0.8359331836934224000 ) ) ;
#3297 = CARTESIAN_POINT ( 'NONE',  ( 5.100000000000003200, -0.6249999999999997800, 1.082531754730548600 ) ) ;
#3298 = CARTESIAN_POINT ( 'NONE',  ( 5.799038105676684700, 2.249999999999998700, -1.299038105676695800 ) ) ;
#3299 = CARTESIAN_POINT ( 'NONE',  ( 5.840129844348449100, -0.2855476736459252600, -1.125751355930513700 ) ) ;
#3300 = COORDINATED_UNIVERSAL_TIME_OFFSET ( 6, 0, .BEHIND. ) ;
#3301 = CARTESIAN_POINT ( 'NONE',  ( 3.428737976320960900, -1.278125000000000400, -0.7379258128079899700 ) ) ;
#3302 = FACE_OUTER_BOUND ( 'NONE', #1840, .T. ) ;
#3303 = CARTESIAN_POINT ( 'NONE',  ( 5.448713928962876100, 1.278125000000000200, 0.0000000000000000000 ) ) ;
#3304 = ADVANCED_FACE ( 'NONE', ( #2084 ), #2362, .T. ) ;
#3305 = CARTESIAN_POINT ( 'NONE',  ( 0.08982815102920151100, 2.249999999999998700, 0.8761050724297400100 ) ) ;
#3306 = CARTESIAN_POINT ( 'NONE',  ( 3.679350952641919000, -0.4826262486299389100, -0.8359331836934224000 ) ) ;
#3307 = CARTESIAN_POINT ( 'NONE',  ( 0.1612139289628771200, 9.036984846635145800E-017, 1.475851625615981000 ) ) ;
#3308 = EDGE_CURVE ( 'NONE', #3370, #1842, #2737, .T. ) ;
#3309 = VERTEX_POINT ( 'NONE', #2301 ) ;
#3310 = CARTESIAN_POINT ( 'NONE',  ( 0.9043509526419188900, -0.9652524972598769400, 1.182093381138297500E-016 ) ) ;
#3311 = B_SPLINE_CURVE_WITH_KNOTS ( 'NONE', 3,
 ( #1689, #278, #569, #1942, #2742, #2753 ),
 .UNSPECIFIED., .F., .F.,
 ( 4, 2, 4 ),
 ( 0.006466334921308640300, 0.007078667428014035100, 0.007690999934719429900 ),
 .UNSPECIFIED. ) ;
#3312 = ORIENTED_EDGE ( 'NONE', *, *, #2241, .T. ) ;
#3313 = CARTESIAN_POINT ( 'NONE',  ( 3.814951905283835200, -0.6249999999999997800, 1.082531754730548600 ) ) ;
#3314 = CARTESIAN_POINT ( 'NONE',  ( 0.2009618943233407200, 2.249999999999998700, -1.299038105676656900 ) ) ;
#3315 = CARTESIAN_POINT ( 'NONE',  ( 5.771543908904612300, -1.069177912926188500, 0.2297451848063216100 ) ) ;
#3316 = VERTEX_POINT ( 'NONE', #1490 ) ;
#3317 = CARTESIAN_POINT ( 'NONE',  ( 4.516237976320961200, 1.278125000000000200, 0.0000000000000000000 ) ) ;
#3318 = AXIS2_PLACEMENT_3D ( 'NONE', #147, #1026, #1551 ) ;
#3319 = CARTESIAN_POINT ( 'NONE',  ( 4.998713928962875900, 1.278125000000000200, 0.0000000000000000000 ) ) ;
#3320 = CARTESIAN_POINT ( 'NONE',  ( 4.204350952641918000, 0.4826262486299377500, -0.8359331836934230700 ) ) ;
#3321 = VERTEX_POINT ( 'NONE', #2063 ) ;
#3322 = DIRECTION ( 'NONE',  ( 0.0000000000000000000, -0.8660254037844386000, -0.5000000000000000000 ) ) ;
#3323 = CARTESIAN_POINT ( 'NONE',  ( 0.0000000000000000000, 0.0000000000000000000, 0.0000000000000000000 ) ) ;
#3324 = CARTESIAN_POINT ( 'NONE',  ( 2.423100952641918900, -2.047445795422412600E-016, -1.114577578257896800 ) ) ;
#3325 = CARTESIAN_POINT ( 'NONE',  ( -1.440803043279564500E-015, 0.9340480779059861000, -2.058803302138240400 ) ) ;
#3326 = CARTESIAN_POINT ( 'NONE',  ( 0.07236540743305763800, 0.5688676497144784500, 1.111566000935527700 ) ) ;
#3327 = CARTESIAN_POINT ( 'NONE',  ( 4.141237976320960400, 0.6390625000000002000, 1.106888719211985600 ) ) ;
#3328 = ORIENTED_EDGE ( 'NONE', *, *, #469, .F. ) ;
#3329 = CARTESIAN_POINT ( 'NONE',  ( 0.5106009526419190700, -0.9652524972598769400, 1.182093381138297500E-016 ) ) ;
#3330 = CARTESIAN_POINT ( 'NONE',  ( 5.223713928962876500, -1.278125000000000200, 1.565251690160211100E-016 ) ) ;
#3331 = VERTEX_POINT ( 'NONE', #1801 ) ;
#3332 = EDGE_CURVE ( 'NONE', #3487, #2217, #2144, .T. ) ;
#3333 = CARTESIAN_POINT ( 'NONE',  ( 3.416850952641918800, 0.9652524972598769400, 0.5572887891289483000 ) ) ;
#3334 =( BOUNDED_CURVE ( )  B_SPLINE_CURVE ( 2, ( #951, #962, #415, #3195, #1839, #972, #3451, #1555, #1287 ),
 .UNSPECIFIED., .F., .T. ) 
 B_SPLINE_CURVE_WITH_KNOTS ( ( 3, 2, 2, 2, 3 ),
 ( 0.8499999999999999800, 0.8555555555555555100, 0.8666666666666667000, 0.8777777777777777700, 0.8833333333333333000 ),
 .UNSPECIFIED. ) 
 CURVE ( )  GEOMETRIC_REPRESENTATION_ITEM ( )  RATIONAL_B_SPLINE_CURVE ( ( 0.9330127018922194100, 0.9330127018922194100, 1.000000000000000000, 0.8660254037844388200, 1.000000000000000000, 0.8660254037844388200, 1.000000000000000000, 0.9330127018922194100, 0.9330127018922194100 ) ) 
 REPRESENTATION_ITEM ( '' )  );
#3335 = CARTESIAN_POINT ( 'NONE',  ( 1.391850952641918700, -0.9652524972598771600, -0.5572887891289480800 ) ) ;
#3336 = B_SPLINE_CURVE_WITH_KNOTS ( 'NONE', 3,
 ( #1692, #1665, #3028, #2236 ),
 .UNSPECIFIED., .F., .F.,
 ( 4, 4 ),
 ( 2.380746839934120000E-007, 0.001314652396222794500 ),
 .UNSPECIFIED. ) ;
#3337 = CARTESIAN_POINT ( 'NONE',  ( 3.982355715851501300, -0.3349364905389038400, -1.250000000000000000 ) ) ;
#3338 = AXIS2_PLACEMENT_3D ( 'NONE', #460, #436, #2361 ) ;
#3339 = CARTESIAN_POINT ( 'NONE',  ( 2.835600952641918600, -0.4826262486299389100, -0.8359331836934224000 ) ) ;
#3340 = CARTESIAN_POINT ( 'NONE',  ( 3.307355715851501000, 0.3349364905389004600, 1.250000000000001800 ) ) ;
#3341 = CARTESIAN_POINT ( 'NONE',  ( 0.7731009526419192500, 0.9652524972598769400, 0.5572887891289483000 ) ) ;
#3342 = CARTESIAN_POINT ( 'NONE',  ( 5.341237976320961400, 0.6390624999999990900, -1.106888719211986300 ) ) ;
#3343 = CIRCLE ( 'NONE', #315, 1.250000000000000000 ) ;
#3344 = CARTESIAN_POINT ( 'NONE',  ( 1.598100952641919000, 0.9652524972598765000, -0.5572887891289489700 ) ) ;
#3345 = CARTESIAN_POINT ( 'NONE',  ( 1.579350952641918900, 0.9652524972598769400, 0.0000000000000000000 ) ) ;
#3346 = CARTESIAN_POINT ( 'NONE',  ( 2.966850952641918700, 0.9652524972598769400, 0.5572887891289483000 ) ) ;
#3347 = CONICAL_SURFACE ( 'NONE', #3032, 2.249999999999998700, 1.047197551196600100 ) ;
#3348 = CARTESIAN_POINT ( 'NONE',  ( 3.754350952641918300, 0.4826262486299377500, -0.8359331836934230700 ) ) ;
#3349 = CARTESIAN_POINT ( 'NONE',  ( 1.673100952641919200, 0.9652524972598769400, 0.5572887891289483000 ) ) ;
#3350 = CARTESIAN_POINT ( 'NONE',  ( 5.910744989968449700, 1.881317441191430900, -1.511897080250303600 ) ) ;
#3351 = CARTESIAN_POINT ( 'NONE',  ( 0.07827230715412629400, 0.3680687615027715700, 2.385571612819396700 ) ) ;
#3352 = CARTESIAN_POINT ( 'NONE',  ( 5.603737976320960700, -1.278125000000000000, 0.7379258128079908600 ) ) ;
#3353 = EDGE_CURVE ( 'NONE', #463, #2551, #1865, .T. ) ;
#3354 = CARTESIAN_POINT ( 'NONE',  ( 6.229350952641918400, -0.4826262486299382500, 0.8359331836934227300 ) ) ;
#3355 = CARTESIAN_POINT ( 'NONE',  ( 1.241850952641918800, 6.824819318074709100E-017, 1.114577578257897100 ) ) ;
#3356 = EDGE_LOOP ( 'NONE', ( #89, #38, #1451 ) ) ;
#3357 = CARTESIAN_POINT ( 'NONE',  ( 3.341850952641918700, 0.9652524972598765000, -0.5572887891289489700 ) ) ;
#3358 = EDGE_LOOP ( 'NONE', ( #3485, #253, #970, #2656 ) ) ;
#3359 = EDGE_CURVE ( 'NONE', #1308, #3309, #2825, .T. ) ;
#3360 = CARTESIAN_POINT ( 'NONE',  ( 2.591850952641919100, 6.824819318074709100E-017, 1.114577578257896800 ) ) ;
#3361 = CARTESIAN_POINT ( 'NONE',  ( 1.687500000000002700, 1.191095495853194700E-015, -1.250000000000000000 ) ) ;
#3362 = CARTESIAN_POINT ( 'NONE',  ( 1.260600952641919100, 0.4826262486299385800, 0.8359331836934226200 ) ) ;
#3363 = CARTESIAN_POINT ( 'NONE',  ( 5.860229930904666600, 2.066424524318461100, -1.405025455978006200 ) ) ;
#3364 = CARTESIAN_POINT ( 'NONE',  ( 2.437500000000002200, -1.249999999999999600, 0.7216878364870327200 ) ) ;
#3365 = CARTESIAN_POINT ( 'NONE',  ( 6.391237976320961200, 0.6390625000000002000, 1.106888719211985600 ) ) ;
#3366 = CARTESIAN_POINT ( 'NONE',  ( 0.5856009526419190300, -0.4826262486299389100, -0.8359331836934224000 ) ) ;
#3367 = EDGE_LOOP ( 'NONE', ( #2890, #649, #1497, #52 ) ) ;
#3368 = CARTESIAN_POINT ( 'NONE',  ( 0.3043509526419189700, 0.4826262486299385800, 0.8359331836934226200 ) ) ;
#3369 = CARTESIAN_POINT ( 'NONE',  ( 4.616850952641919500, -2.047445795422412600E-016, -1.114577578257897100 ) ) ;
#3370 = VERTEX_POINT ( 'NONE', #678 ) ;
#3371 = CARTESIAN_POINT ( 'NONE',  ( 3.679350952641919000, -0.4826262486299389100, -0.8359331836934224000 ) ) ;
#3372 = CARTESIAN_POINT ( 'NONE',  ( 4.500000000000003600, 1.250000000000000200, 0.0000000000000000000 ) ) ;
#3373 = EDGE_LOOP ( 'NONE', ( #2253, #1976, #2014, #1393, #820, #1924 ) ) ;
#3374 = CARTESIAN_POINT ( 'NONE',  ( 2.498100952641919100, 0.9652524972598767200, -0.5572887891289489700 ) ) ;
#3375 = CARTESIAN_POINT ( 'NONE',  ( 4.152451905283833800, 1.250000000000000200, 0.7216878364870320500 ) ) ;
#3376 = CARTESIAN_POINT ( 'NONE',  ( 2.400000000000002600, -0.6249999999999997800, 1.082531754730548600 ) ) ;
#3377 = CARTESIAN_POINT ( 'NONE',  ( 5.753737976320961100, -2.711095453990543300E-016, -1.475851625615981000 ) ) ;
#3378 = ORIENTED_EDGE ( 'NONE', *, *, #3167, .T. ) ;
#3379 = CARTESIAN_POINT ( 'NONE',  ( 1.298100952641919200, 6.824819318074709100E-017, 1.114577578257897100 ) ) ;
#3380 = CARTESIAN_POINT ( 'NONE',  ( 3.473100952641918300, 0.9652524972598769400, 0.5572887891289483000 ) ) ;
#3381 = CARTESIAN_POINT ( 'NONE',  ( 1.032596189432337000, -0.3349364905389032300, 1.250000000000000000 ) ) ;
#3382 = EDGE_CURVE ( 'NONE', #1234, #2629, #900, .T. ) ;
#3383 = CARTESIAN_POINT ( 'NONE',  ( 2.897548094716169100, -0.3349364905389032300, 1.250000000000000000 ) ) ;
#3384 =( BOUNDED_CURVE ( )  B_SPLINE_CURVE ( 2, ( #643, #1161, #2828, #2005, #620, #1196, #3103, #928, #1212 ),
 .UNSPECIFIED., .F., .T. ) 
 B_SPLINE_CURVE_WITH_KNOTS ( ( 3, 2, 2, 2, 3 ),
 ( 0.5500000000000000400, 0.5555555555555555800, 0.5666666666666666500, 0.5777777777777777200, 0.5833333333333333700 ),
 .UNSPECIFIED. ) 
 CURVE ( )  GEOMETRIC_REPRESENTATION_ITEM ( )  RATIONAL_B_SPLINE_CURVE ( ( 0.9330127018922194100, 0.9330127018922200800, 1.000000000000000000, 0.8660254037844388200, 1.000000000000000000, 0.8660254037844388200, 1.000000000000000000, 0.9330127018922187400, 0.9330127018922194100 ) ) 
 REPRESENTATION_ITEM ( '' )  );
#3385 = CARTESIAN_POINT ( 'NONE',  ( 4.729350952641918400, 0.9652524972598769400, 0.0000000000000000000 ) ) ;
#3386 = VECTOR ( 'NONE', #3002, 1000.000000000000000 ) ;
#3387 = SHAPE_DEFINITION_REPRESENTATION ( #2765, #894 ) ;
#3388 = PRODUCT ( '95947A001_Aluminum Female Threaded Hex Standoff', '95947A001_Aluminum Female Threaded Hex Standoff', '', ( #3497 ) ) ;
#3389 = CARTESIAN_POINT ( 'NONE',  ( 4.166850952641919300, -2.047445795422412600E-016, -1.114577578257896800 ) ) ;
#3390 = CARTESIAN_POINT ( 'NONE',  ( 4.800000000000002500, -0.6250000000000006700, -1.082531754730548200 ) ) ;
#3391 = CARTESIAN_POINT ( 'NONE',  ( 2.287500000000002300, 1.250000000000000200, 0.7216878364870320500 ) ) ;
#3392 = CARTESIAN_POINT ( 'NONE',  ( -0.1643990473580807800, 0.9652524972598769400, 0.0000000000000000000 ) ) ;
#3393 = VECTOR ( 'NONE', #219, 1000.000000000000000 ) ;
#3394 = CARTESIAN_POINT ( 'NONE',  ( 5.978737976320959800, 9.036984846635145800E-017, 1.475851625615981000 ) ) ;
#3395 = CARTESIAN_POINT ( 'NONE',  ( 2.910600952641918800, 0.4826262486299377500, -0.8359331836934230700 ) ) ;
#3396 = CYLINDRICAL_SURFACE ( 'NONE', #2377, 1.250000000000000200 ) ;
#3397 = CARTESIAN_POINT ( 'NONE',  ( 4.560600952641918200, -0.9652524972598769400, 1.182093381138297500E-016 ) ) ;
#3398 = CARTESIAN_POINT ( 'NONE',  ( 3.098100952641919200, 6.824819318074709100E-017, 1.114577578257897100 ) ) ;
#3399 = B_SPLINE_CURVE_WITH_KNOTS ( 'NONE', 3,
 ( #3079, #1740, #2272, #2531, #60, #1754 ),
 .UNSPECIFIED., .F., .F.,
 ( 4, 2, 4 ),
 ( 0.001314652396222795600, 0.001969405109320634200, 0.002624157822418473000 ),
 .UNSPECIFIED. ) ;
#3400 = CARTESIAN_POINT ( 'NONE',  ( 1.200000000000002600, -0.6250000000000006700, -1.082531754730548200 ) ) ;
#3401 = LINE ( 'NONE', #2018, #2124 ) ;
#3402 = DIRECTION ( 'NONE',  ( 1.000000000000000000, 0.0000000000000000000, 0.0000000000000000000 ) ) ;
#3403 = CARTESIAN_POINT ( 'NONE',  ( 4.279350952641919100, 0.9652524972598769400, 0.0000000000000000000 ) ) ;
#3404 = CARTESIAN_POINT ( 'NONE',  ( 3.716850952641919600, -2.047445795422412600E-016, -1.114577578257896800 ) ) ;
#3405 = CARTESIAN_POINT ( 'NONE',  ( 4.762500000000002000, -1.250000000000000200, -0.7216878364870317200 ) ) ;
#3406 = CARTESIAN_POINT ( 'NONE',  ( 0.3472475027401229500, -0.06945377945172856400, 0.9627505159626241800 ) ) ;
#3407 = DIRECTION ( 'NONE',  ( -1.000000000000000000, -0.0000000000000000000, -0.0000000000000000000 ) ) ;
#3408 = CARTESIAN_POINT ( 'NONE',  ( 1.598100952641919000, 0.9652524972598765000, -0.5572887891289489700 ) ) ;
#3409 = EDGE_LOOP ( 'NONE', ( #1624, #2464, #3214 ) ) ;
#3410 = CARTESIAN_POINT ( 'NONE',  ( 0.8524519052838353000, 1.191095495853194700E-015, -1.250000000000000000 ) ) ;
#3411 = CARTESIAN_POINT ( 'NONE',  ( 3.885600952641918800, 0.9652524972598769400, 0.0000000000000000000 ) ) ;
#3412 = EDGE_CURVE ( 'NONE', #2792, #2660, #1344, .T. ) ;
#3413 = VERTEX_POINT ( 'NONE', #2575 ) ;
#3414 = CARTESIAN_POINT ( 'NONE',  ( 5.310600952641919100, 0.4826262486299385800, 0.8359331836934226200 ) ) ;
#3415 = CARTESIAN_POINT ( 'NONE',  ( 3.735600952641918900, -0.4826262486299389100, -0.8359331836934224000 ) ) ;
#3416 = CARTESIAN_POINT ( 'NONE',  ( 6.000000000000001800, -1.508335473232664800, -1.727238319854173900 ) ) ;
#3417 = CARTESIAN_POINT ( 'NONE',  ( 0.0000000000000000000, 0.0000000000000000000, 0.0000000000000000000 ) ) ;
#3418 = CARTESIAN_POINT ( 'NONE',  ( 4.991850952641918600, -0.9652524972598771600, -0.5572887891289480800 ) ) ;
#3419 = CARTESIAN_POINT ( 'NONE',  ( 3.692403810567668200, 0.3349364905389004000, 1.250000000000001800 ) ) ;
#3420 = CARTESIAN_POINT ( 'NONE',  ( 0.6649519052838351900, -0.6249999999999997800, 1.082531754730548600 ) ) ;
#3421 = AXIS2_PLACEMENT_3D ( 'NONE', #921, #936, #2596 ) ;
#3422 = EDGE_LOOP ( 'NONE', ( #957, #3019, #1103, #3095, #1886, #931 ) ) ;
#3423 = CARTESIAN_POINT ( 'NONE',  ( 4.148100952641918600, -0.9652524972598771600, -0.5572887891289481900 ) ) ;
#3424 = CARTESIAN_POINT ( 'NONE',  ( 3.585600952641919000, -0.4826262486299382500, 0.8359331836934227300 ) ) ;
#3425 = CARTESIAN_POINT ( 'NONE',  ( 3.923100952641918900, 0.9652524972598769400, 0.5572887891289483000 ) ) ;
#3426 = ORIENTED_EDGE ( 'NONE', *, *, #3020, .F. ) ;
#3427 = CARTESIAN_POINT ( 'NONE',  ( 1.087500000000002600, -1.249999999999999600, 0.7216878364870327200 ) ) ;
#3428 = CARTESIAN_POINT ( 'NONE',  ( 5.052451905283833300, 1.250000000000000200, 0.7216878364870320500 ) ) ;
#3429 = ORIENTED_EDGE ( 'NONE', *, *, #242, .T. ) ;
#3430 = CARTESIAN_POINT ( 'NONE',  ( 5.910171848970797700, 2.249999999999998700, 0.8761050724297412300 ) ) ;
#3431 = CARTESIAN_POINT ( 'NONE',  ( 2.460600952641918600, 0.4826262486299377500, -0.8359331836934230700 ) ) ;
#3432 = CARTESIAN_POINT ( 'NONE',  ( 3.210600952641918600, -0.9652524972598769400, 1.182093381138297500E-016 ) ) ;
#3433 = CARTESIAN_POINT ( 'NONE',  ( 3.135600952641918400, -0.4826262486299382500, 0.8359331836934227300 ) ) ;
#3434 = CARTESIAN_POINT ( 'NONE',  ( 0.4024519052838352900, 3.776644255144275400E-016, -1.250000000000000000 ) ) ;
#3435 = FACE_OUTER_BOUND ( 'NONE', #3358, .T. ) ;
#3436 = CARTESIAN_POINT ( 'NONE',  ( 5.127451905283834300, 2.033577675846917800E-016, 1.250000000000000000 ) ) ;
#3437 = CARTESIAN_POINT ( 'NONE',  ( 5.629350952641918800, 0.9652524972598769400, 0.0000000000000000000 ) ) ;
#3438 = CARTESIAN_POINT ( 'NONE',  ( 0.06249999999999989600, 1.249127957447999200, -0.04668346518618529000 ) ) ;
#3439 = CARTESIAN_POINT ( 'NONE',  ( 3.360600952641918500, 0.4826262486299377500, -0.8359331836934230700 ) ) ;
#3440 = CARTESIAN_POINT ( 'NONE',  ( 3.848100952641918800, 0.9652524972598767200, -0.5572887891289489700 ) ) ;
#3441 = CARTESIAN_POINT ( 'NONE',  ( 5.685600952641918200, 0.9652524972598769400, 0.0000000000000000000 ) ) ;
#3442 = B_SPLINE_CURVE_WITH_KNOTS ( 'NONE', 3,
 ( #1233, #654, #2607, #3430, #2619, #2598 ),
 .UNSPECIFIED., .F., .F.,
 ( 4, 2, 4 ),
 ( 0.003784445918541615200, 0.004442826022025978700, 0.005101206125510342200 ),
 .UNSPECIFIED. ) ;
#3443 = CARTESIAN_POINT ( 'NONE',  ( 4.677451905283835000, 2.033577675846917800E-016, 1.250000000000000000 ) ) ;
#3444 = CARTESIAN_POINT ( 'NONE',  ( 1.489951905283835300, 0.6250000000000003300, 1.082531754730548400 ) ) ;
#3445 = ORIENTED_EDGE ( 'NONE', *, *, #2393, .F. ) ;
#3446 = ORIENTED_EDGE ( 'NONE', *, *, #405, .F. ) ;
#3447 = DIRECTION ( 'NONE',  ( 0.0000000000000000000, 0.0000000000000000000, 1.000000000000000000 ) ) ;
#3448 = CARTESIAN_POINT ( 'NONE',  ( 0.0000000000000000000, 0.0000000000000000000, 0.0000000000000000000 ) ) ;
#3449 = EDGE_CURVE ( 'NONE', #185, #3264, #3334, .T. ) ;
#3450 = CARTESIAN_POINT ( 'NONE',  ( 6.210600952641918600, 0.4826262486299385800, 0.8359331836934226200 ) ) ;
#3451 = CARTESIAN_POINT ( 'NONE',  ( 5.539951905283834900, 0.6250000000000003300, 1.082531754730548400 ) ) ;
#3452 = ORIENTED_EDGE ( 'NONE', *, *, #1883, .T. ) ;
#3453 = CARTESIAN_POINT ( 'NONE',  ( 4.729350952641918400, 0.9652524972598769400, 0.0000000000000000000 ) ) ;
#3454 = EDGE_LOOP ( 'NONE', ( #1382, #763, #2308, #2049 ) ) ;
#3455 = CARTESIAN_POINT ( 'NONE',  ( 1.939951905283835200, 0.6250000000000003300, 1.082531754730548400 ) ) ;
#3456 = DIRECTION ( 'NONE',  ( -1.000000000000000000, -0.0000000000000000000, -0.0000000000000000000 ) ) ;
#3457 = CARTESIAN_POINT ( 'NONE',  ( 0.7875000000000028600, 3.776644255144275400E-016, -1.250000000000000000 ) ) ;
#3458 = ORIENTED_EDGE ( 'NONE', *, *, #166, .F. ) ;
#3459 = CARTESIAN_POINT ( 'NONE',  ( 4.710600952641918600, 0.4826262486299377500, -0.8359331836934230700 ) ) ;
#3460 = CARTESIAN_POINT ( 'NONE',  ( 5.630183755651175100, 0.7346575754037248900, -0.6904228293363583500 ) ) ;
#3461 = CARTESIAN_POINT ( 'NONE',  ( 4.298100952641918900, 0.9652524972598765000, -0.5572887891289489700 ) ) ;
#3462 = DIRECTION ( 'NONE',  ( -1.000000000000000000, -0.0000000000000000000, -0.0000000000000000000 ) ) ;
#3463 = ORIENTED_EDGE ( 'NONE', *, *, #2411, .F. ) ;
#3464 = CARTESIAN_POINT ( 'NONE',  ( 6.000000000000000000, 0.0000000000000000000, 0.0000000000000000000 ) ) ;
#3465 = CARTESIAN_POINT ( 'NONE',  ( 2.216850952641919100, -0.9652524972598767200, 0.5572887891289487500 ) ) ;
#3466 = CARTESIAN_POINT ( 'NONE',  ( 1.752451905283835200, 2.817957636530729900E-015, -1.250000000000000200 ) ) ;
#3467 = CARTESIAN_POINT ( 'NONE',  ( 0.1125000000000028900, -1.743066579297358300E-016, 1.250000000000000000 ) ) ;
#3468 = CARTESIAN_POINT ( 'NONE',  ( 5.577451905283833600, 2.033577675846917800E-016, 1.250000000000000000 ) ) ;
#3469 = CONICAL_SURFACE ( 'NONE', #3175, 2.249999999999998700, 1.047197551196600100 ) ;
#3470 = CARTESIAN_POINT ( 'NONE',  ( 5.352451905283834000, -4.938688641342514700E-016, -1.250000000000000200 ) ) ;
#3471 = EDGE_CURVE ( 'NONE', #2792, #1058, #1978, .T. ) ;
#3472 = CARTESIAN_POINT ( 'NONE',  ( 0.1774519052838353400, -6.681755220639871700E-016, 1.249999999999999800 ) ) ;
#3473 = CYLINDRICAL_SURFACE ( 'NONE', #2869, 1.250000000000000200 ) ;
#3474 = CARTESIAN_POINT ( 'NONE',  ( 3.552451905283835000, 6.245988575815533700E-015, -1.250000000000000200 ) ) ;
#3475 = CARTESIAN_POINT ( 'NONE',  ( 4.935600952641918200, -0.4826262486299382500, 0.8359331836934227300 ) ) ;
#3476 = AXIS2_PLACEMENT_3D ( 'NONE', #779, #753, #1616 ) ;
#3477 = CARTESIAN_POINT ( 'NONE',  ( 1.507355715851501000, 0.3349364905389035600, 1.250000000000000000 ) ) ;
#3478 = CARTESIAN_POINT ( 'NONE',  ( 3.341850952641918700, 0.9652524972598765000, -0.5572887891289489700 ) ) ;
#3479 = CONICAL_SURFACE ( 'NONE', #1605, 2.249999999999998700, 1.047197551196600100 ) ;
#3480 = CC_DESIGN_PERSON_AND_ORGANIZATION_ASSIGNMENT ( #1209, #198, ( #3106 ) ) ;
#3481 = DIRECTION ( 'NONE',  ( -1.000000000000000000, -0.0000000000000000000, -0.0000000000000000000 ) ) ;
#3482 = CARTESIAN_POINT ( 'NONE',  ( 6.000000000000000000, 0.0000000000000000000, -1.312500000000000000 ) ) ;
#3483 = CARTESIAN_POINT ( 'NONE',  ( 4.407596189432334600, 0.3349364905389029000, -1.250000000000000400 ) ) ;
#3484 = CARTESIAN_POINT ( 'NONE',  ( 4.823100952641918400, 0.9652524972598769400, 0.5572887891289483000 ) ) ;
#3485 = ORIENTED_EDGE ( 'NONE', *, *, #1977, .T. ) ;
#3486 = CARTESIAN_POINT ( 'NONE',  ( 6.060600952641918200, 0.4826262486299377500, -0.8359331836934230700 ) ) ;
#3487 = VERTEX_POINT ( 'NONE', #78 ) ;
#3488 = CARTESIAN_POINT ( 'NONE',  ( 2.404350952641918700, 0.4826262486299377500, -0.8359331836934230700 ) ) ;
#3489 = CARTESIAN_POINT ( 'NONE',  ( 2.137500000000003300, 2.817957636530729900E-015, -1.250000000000000200 ) ) ;
#3490 = CARTESIAN_POINT ( 'NONE',  ( 4.414951905283834000, -0.6250000000000006700, -1.082531754730548200 ) ) ;
#3491 = CARTESIAN_POINT ( 'NONE',  ( 4.635600952641918400, -0.4826262486299389100, -0.8359331836934224000 ) ) ;
#3492 = EDGE_CURVE ( 'NONE', #1540, #1368, #1253, .T. ) ;
#3493 = CARTESIAN_POINT ( 'NONE',  ( 2.314951905283835200, 1.250000000000000200, 0.0000000000000000000 ) ) ;
#3494 = CARTESIAN_POINT ( 'NONE',  ( 2.737500000000002500, 1.250000000000000200, 0.7216878364870320500 ) ) ;
#3495 = ORIENTED_EDGE ( 'NONE', *, *, #2591, .T. ) ;
#3496 = CARTESIAN_POINT ( 'NONE',  ( 0.5787379763209610200, 9.036984846635145800E-017, 1.475851625615981000 ) ) ;
#3497 = MECHANICAL_CONTEXT ( 'NONE', #3265, 'mechanical' ) ;
#3498 = ORIENTED_EDGE ( 'NONE', *, *, #3124, .F. ) ;
#3499 = CARTESIAN_POINT ( 'NONE',  ( 3.536213928962876900, -2.711095453990543300E-016, -1.475851625615981000 ) ) ;
#3500 = CARTESIAN_POINT ( 'NONE',  ( 3.641850952641918900, -0.9652524972598771600, -0.5572887891289481900 ) ) ;
#3501 = CARTESIAN_POINT ( 'NONE',  ( 0.5149519052838352800, 1.250000000000000200, 0.0000000000000000000 ) ) ;
#3502 = ORIENTED_EDGE ( 'NONE', *, *, #3332, .F. ) ;
#3503 = CARTESIAN_POINT ( 'NONE',  ( 0.3375000000000028500, -2.905110965495597100E-017, -1.250000000000000000 ) ) ;
#3504 = CARTESIAN_POINT ( 'NONE',  ( 5.852870177694616600, 0.8915122040989276200, 0.7668187142286166900 ) ) ;
#3505 = DIRECTION ( 'NONE',  ( -1.000000000000000000, -0.0000000000000000000, -0.0000000000000000000 ) ) ;
#3506 = ADVANCED_FACE ( 'NONE', ( #1554 ), #3347, .T. ) ;
#3507 = CARTESIAN_POINT ( 'NONE',  ( 5.577451905283833600, 2.033577675846917800E-016, 1.250000000000000000 ) ) ;
#3508 = CARTESIAN_POINT ( 'NONE',  ( 2.089951905283835100, -1.250000000000000200, 1.530808498934192100E-016 ) ) ;
#3509 = CARTESIAN_POINT ( 'NONE',  ( 0.8412379763209608700, 0.6390624999999990900, -1.106888719211986300 ) ) ;
#3510 = CARTESIAN_POINT ( 'NONE',  ( 2.598713928962876900, -0.6390625000000006400, -1.106888719211985400 ) ) ;
#3511 = CIRCLE ( 'NONE', #2529, 1.312500000000000000 ) ;
#3512 = CARTESIAN_POINT ( 'NONE',  ( 3.829350952641918900, 0.9652524972598769400, 0.0000000000000000000 ) ) ;
#3513 = CARTESIAN_POINT ( 'NONE',  ( 1.537500000000002300, -1.249999999999999600, 0.7216878364870327200 ) ) ;
#3514 = CARTESIAN_POINT ( 'NONE',  ( 3.262500000000002000, 1.743066579297358300E-016, 1.250000000000000000 ) ) ;
#3515 = EDGE_CURVE ( 'NONE', #1505, #3331, #1923, .T. ) ;
#3516 = FACE_OUTER_BOUND ( 'NONE', #2190, .T. ) ;
#3517 = CARTESIAN_POINT ( 'NONE',  ( 0.0000000000000000000, 1.530808498934191800E-016, -1.250000000000000200 ) ) ;
#3518 = CARTESIAN_POINT ( 'NONE',  ( 5.597548094716168900, -0.3349364905389032300, 1.250000000000000000 ) ) ;
#3519 = VECTOR ( 'NONE', #3064, 1000.000000000000000 ) ;
#3520 = CARTESIAN_POINT ( 'NONE',  ( 1.628737976320960600, -1.278125000000000400, -0.7379258128079899700 ) ) ;
#3521 = AXIS2_PLACEMENT_3D ( 'NONE', #1553, #3462, #2111 ) ;
#3522 = CARTESIAN_POINT ( 'NONE',  ( 2.786213928962877300, 1.278125000000000200, 0.7379258128079903000 ) ) ;
#3523 = ADVANCED_FACE ( 'NONE', ( #719 ), #3561, .T. ) ;
#3524 = CARTESIAN_POINT ( 'NONE',  ( 4.841850952641918200, 6.824819318074709100E-017, 1.114577578257897100 ) ) ;
#3525 = CARTESIAN_POINT ( 'NONE',  ( 1.241850952641918800, 6.824819318074709100E-017, 1.114577578257897100 ) ) ;
#3526 = DIRECTION ( 'NONE',  ( 0.0000000000000000000, 0.8660254037844383700, 0.5000000000000004400 ) ) ;
#3527 = VERTEX_POINT ( 'NONE', #1006 ) ;
#3528 = CARTESIAN_POINT ( 'NONE',  ( 3.900000000000003000, -0.6250000000000006700, -1.082531754730548200 ) ) ;
#3529 = CARTESIAN_POINT ( 'NONE',  ( 4.227451905283834000, 2.033577675846917800E-016, 1.250000000000000000 ) ) ;
#3530 =( BOUNDED_CURVE ( )  B_SPLINE_CURVE ( 2, ( #3260, #1634, #3051, #2246, #3012, #544, #1408, #1981, #874 ),
 .UNSPECIFIED., .F., .T. ) 
 B_SPLINE_CURVE_WITH_KNOTS ( ( 3, 2, 2, 2, 3 ),
 ( 0.3388888888888889100, 0.3444444444444444400, 0.3555555555555556200, 0.3666666666666667000, 0.3722222222222222300 ),
 .UNSPECIFIED. ) 
 CURVE ( )  GEOMETRIC_REPRESENTATION_ITEM ( )  RATIONAL_B_SPLINE_CURVE ( ( 0.9330127018922194100, 0.9330127018922194100, 1.000000000000000000, 0.8660254037844388200, 1.000000000000000000, 0.8660254037844388200, 1.000000000000000000, 0.9330127018922200800, 0.9330127018922194100 ) ) 
 REPRESENTATION_ITEM ( '' )  );
#3531 = DIRECTION ( 'NONE',  ( -1.000000000000000000, -0.0000000000000000000, -0.0000000000000000000 ) ) ;
#3532 = CARTESIAN_POINT ( 'NONE',  ( 0.8524519052838353000, 1.191095495853194700E-015, -1.250000000000000000 ) ) ;
#3533 = CARTESIAN_POINT ( 'NONE',  ( 0.9912379763209610000, 0.6390625000000002000, 1.106888719211985600 ) ) ;
#3534 = CARTESIAN_POINT ( 'NONE',  ( 2.673713928962876600, 0.6390624999999990900, -1.106888719211986300 ) ) ;
#3535 = EDGE_CURVE ( 'NONE', #6, #2502, #2798, .T. ) ;
#3536 = CARTESIAN_POINT ( 'NONE',  ( 5.816850952641918800, -0.9652524972598767200, 0.5572887891289487500 ) ) ;
#3537 = EDGE_LOOP ( 'NONE', ( #125, #793 ) ) ;
#3538 = CARTESIAN_POINT ( 'NONE',  ( 1.579350952641918900, 0.9652524972598769400, 0.0000000000000000000 ) ) ;
#3539 = CARTESIAN_POINT ( 'NONE',  ( -0.1762860710371228500, -1.278125000000000200, 1.565251690160211100E-016 ) ) ;
#3540 = ORIENTED_EDGE ( 'NONE', *, *, #2591, .F. ) ;
#3541 = DIRECTION ( 'NONE',  ( 0.0000000000000000000, 0.0000000000000000000, -1.000000000000000000 ) ) ;
#3542 = EDGE_CURVE ( 'NONE', #917, #2677, #68, .T. ) ;
#3543 = CARTESIAN_POINT ( 'NONE',  ( 1.898100952641919000, -0.9652524972598771600, -0.5572887891289481900 ) ) ;
#3544 = CARTESIAN_POINT ( 'NONE',  ( 5.782355715851500700, -0.3349364905389006800, -1.250000000000001800 ) ) ;
#3545 = CARTESIAN_POINT ( 'NONE',  ( 4.564951905283835200, 1.250000000000000200, 0.0000000000000000000 ) ) ;
#3546 = CARTESIAN_POINT ( 'NONE',  ( 1.216237976320961000, -0.6390625000000006400, -1.106888719211985400 ) ) ;
#3547 = VERTEX_POINT ( 'NONE', #1241 ) ;
#3548 = AXIS2_PLACEMENT_3D ( 'NONE', #1421, #1398, #1112 ) ;
#3549 = CARTESIAN_POINT ( 'NONE',  ( 1.961213928962876900, 9.036984846635145800E-017, 1.475851625615981000 ) ) ;
#3550 = ORIENTED_EDGE ( 'NONE', *, *, #706, .F. ) ;
#3551 = CARTESIAN_POINT ( 'NONE',  ( 4.654350952641919100, 0.4826262486299377500, -0.8359331836934230700 ) ) ;
#3552 = CARTESIAN_POINT ( 'NONE',  ( 0.1918509526419189500, 0.9652524972598765000, -0.5572887891289489700 ) ) ;
#3553 = CARTESIAN_POINT ( 'NONE',  ( 5.812500000000000900, 1.249999999999999100, -0.7216878364870330500 ) ) ;
#3554 = PERSON_AND_ORGANIZATION ( #614, #2867 ) ;
#3555 = CARTESIAN_POINT ( 'NONE',  ( 5.812624686743082400, -0.8697162452225420900, -0.7278444606306427900 ) ) ;
#3556 = CARTESIAN_POINT ( 'NONE',  ( 4.853737976320960700, -2.711095453990543300E-016, -1.475851625615981000 ) ) ;
#3557 = CYLINDRICAL_SURFACE ( 'NONE', #1599, 1.250000000000000200 ) ;
#3558 = CARTESIAN_POINT ( 'NONE',  ( 5.186213928962875900, -1.278125000000000000, 0.7379258128079908600 ) ) ;
#3559 = ADVANCED_FACE ( 'NONE', ( #2164 ), #3396, .F. ) ;
#3560 = DIRECTION ( 'NONE',  ( -1.000000000000000000, -0.0000000000000000000, -0.0000000000000000000 ) ) ;
#3561 = CONICAL_SURFACE ( 'NONE', #1520, 2.249999999999998700, 1.047197551196600100 ) ;
#3562 = CARTESIAN_POINT ( 'NONE',  ( 1.016850952641918700, -2.047445795422412600E-016, -1.114577578257897100 ) ) ;
#3563 = CARTESIAN_POINT ( 'NONE',  ( 1.098713928962876900, -0.6390624999999997600, 1.106888719211985800 ) ) ;
#3564 = EDGE_CURVE ( 'NONE', #2064, #1915, #2039, .T. ) ;
#3565 = VECTOR ( 'NONE', #532, 1000.000000000000000 ) ;
#3566 = CARTESIAN_POINT ( 'NONE',  ( 0.3644309647145862500, -0.2906055072173369100, 0.9467964104379796900 ) ) ;
#3567 = CARTESIAN_POINT ( 'NONE',  ( 5.239951905283835000, -1.250000000000000200, 1.530808498934192100E-016 ) ) ;
#3568 = CARTESIAN_POINT ( 'NONE',  ( 5.981057749522825000, 2.249999999999998700, -0.4381307464742716400 ) ) ;
#3569 = CARTESIAN_POINT ( 'NONE',  ( 3.327451905283835400, -6.536499672365093000E-015, 1.250000000000000000 ) ) ;
#3570 = CARTESIAN_POINT ( 'NONE',  ( 5.153737976320961400, -1.278125000000000000, 0.7379258128079908600 ) ) ;
#3571 = ORIENTED_EDGE ( 'NONE', *, *, #2021, .T. ) ;
#3572 = CARTESIAN_POINT ( 'NONE',  ( 4.586213928962876300, 1.278125000000000200, 0.7379258128079903000 ) ) ;
#3573 = CARTESIAN_POINT ( 'NONE',  ( 5.366850952641919500, -0.9652524972598767200, 0.5572887891289487500 ) ) ;
#3574 = EDGE_LOOP ( 'NONE', ( #2971, #213, #2313, #811 ) ) ;
#3575 = CARTESIAN_POINT ( 'NONE',  ( 3.979350952641918800, -0.4826262486299382500, 0.8359331836934227300 ) ) ;
#3576 = CARTESIAN_POINT ( 'NONE',  ( 0.4987139289628771400, 1.278125000000000200, 0.0000000000000000000 ) ) ;
ENDSEC;
END-ISO-10303-21;
