ISO-10303-21;
HEADER;
FILE_DESCRIPTION (( 'STEP AP203' ),
    '1' );
FILE_NAME ('95947A011_Aluminum Female Threaded Hex Standoff.STEP',
    '2021-08-25T17:11:05',
    ( 'Administrator' ),
    ( 'Managed by Terraform' ),
    'SwSTEP 2.0',
    'SolidWorks 2017',
    '' );
FILE_SCHEMA (( 'CONFIG_CONTROL_DESIGN' ));
ENDSEC;

DATA;
#1 = ORIENTED_EDGE ( 'NONE', *, *, #3484, .F. ) ;
#2 = CARTESIAN_POINT ( 'NONE',  ( 1.673100952641881000, 0.9652524972597842400, 0.5572887891288949000 ) ) ;
#3 = CARTESIAN_POINT ( 'NONE',  ( 15.98560095264188500, 0.9652524972597850100, 0.0000000000000000000 ) ) ;
#4 = CARTESIAN_POINT ( 'NONE',  ( 0.0000000000000000000, 0.0000000000000000000, 0.0000000000000000000 ) ) ;
#5 = CARTESIAN_POINT ( 'NONE',  ( 1.298100952641880700, 6.824819318074054600E-017, 1.114577578257790000 ) ) ;
#6 = CARTESIAN_POINT ( 'NONE',  ( 16.00000000000000400, -1.125000000000000200, 1.948557158514985000 ) ) ;
#7 = CARTESIAN_POINT ( 'NONE',  ( 14.63995190528376300, -1.249999999999973400, 1.530808498934159000E-016 ) ) ;
#8 = CARTESIAN_POINT ( 'NONE',  ( 14.57935095264188300, 0.9652524972597843500, 0.0000000000000000000 ) ) ;
#9 = CARTESIAN_POINT ( 'NONE',  ( 0.06250000000004496400, 0.8122873928260050400, 0.9500995692325847600 ) ) ;
#10 = CARTESIAN_POINT ( 'NONE',  ( 4.410600952641879700, 0.4826262486298922800, 0.8359331836933423500 ) ) ;
#11 = CARTESIAN_POINT ( 'NONE',  ( 2.948100952641880700, 0.9652524972597841300, -0.5572887891288955700 ) ) ;
#12 = ORIENTED_EDGE ( 'NONE', *, *, #2159, .F. ) ;
#13 = CARTESIAN_POINT ( 'NONE',  ( 14.95435095264188300, 0.4826262486298914500, -0.8359331836933428000 ) ) ;
#14 = DIRECTION ( 'NONE',  ( 0.0000000000000000000, -1.000000000000000000, 0.0000000000000000000 ) ) ;
#15 = CARTESIAN_POINT ( 'NONE',  ( 1.560600952641880700, 0.4826262486298914500, -0.8359331836933428000 ) ) ;
#16 = CARTESIAN_POINT ( 'NONE',  ( 2.779350952641880500, -0.4826262486298926200, -0.8359331836933422400 ) ) ;
#17 =( BOUNDED_CURVE ( )  B_SPLINE_CURVE ( 2, ( #3102, #3117, #2314, #1447, #1856, #4670, #2268 ),
 .UNSPECIFIED., .F., .T. ) 
 B_SPLINE_CURVE_WITH_KNOTS ( ( 3, 2, 2, 3 ),
 ( 0.7916666666666666300, 0.8055555555555555800, 0.8194444444444444200, 0.8333333333333333700 ),
 .UNSPECIFIED. ) 
 CURVE ( )  GEOMETRIC_REPRESENTATION_ITEM ( )  RATIONAL_B_SPLINE_CURVE ( ( 1.000000000000000000, 0.8660254037844387100, 1.000000000000000000, 0.8660254037844387100, 1.000000000000000000, 0.8660254037844387100, 1.000000000000000000 ) ) 
 REPRESENTATION_ITEM ( '' )  );
#18 = CARTESIAN_POINT ( 'NONE',  ( 1.223100952641880800, 0.9652524972597843500, 0.5572887891288949000 ) ) ;
#19 = CARTESIAN_POINT ( 'NONE',  ( 2.498100952641880900, 0.9652524972597841300, -0.5572887891288955700 ) ) ;
#20 = CARTESIAN_POINT ( 'NONE',  ( 16.02310095264188300, 0.9652524972597850100, 0.5572887891288952300 ) ) ;
#21 = CARTESIAN_POINT ( 'NONE',  ( 13.51495190528376300, 1.249999999999973400, 0.0000000000000000000 ) ) ;
#22 = CARTESIAN_POINT ( 'NONE',  ( 0.0000000000000000000, 0.0000000000000000000, 0.0000000000000000000 ) ) ;
#23 = CARTESIAN_POINT ( 'NONE',  ( 15.36685095264188500, -2.047445795422217400E-016, -1.114577578257790000 ) ) ;
#24 = CARTESIAN_POINT ( 'NONE',  ( 11.93995190528376100, -1.249999999999973400, 1.530808498934159000E-016 ) ) ;
#25 = APPROVAL_STATUS ( 'not_yet_approved' ) ;
#26 = AXIS2_PLACEMENT_3D ( 'NONE', #3044, #3369, #3099 ) ;
#27 = CARTESIAN_POINT ( 'NONE',  ( 13.71685095264188600, 0.9652524972597842400, 0.5572887891288949000 ) ) ;
#28 = CARTESIAN_POINT ( 'NONE',  ( 11.69871392896280300, 1.278124999999973500, 0.0000000000000000000 ) ) ;
#29 = CARTESIAN_POINT ( 'NONE',  ( 2.423100952641880700, -2.047445795422216600E-016, -1.114577578257790000 ) ) ;
#30 = CARTESIAN_POINT ( 'NONE',  ( 3.379350952641881000, 0.9652524972597843500, 0.0000000000000000000 ) ) ;
#31 = DIRECTION ( 'NONE',  ( -1.000000000000000000, 6.018531076210110700E-033, -0.0000000000000000000 ) ) ;
#32 = CARTESIAN_POINT ( 'NONE',  ( 1.748100952641880700, 6.824819318074054600E-017, 1.114577578257790000 ) ) ;
#33 = CARTESIAN_POINT ( 'NONE',  ( 11.20000000000000100, -5.878304635907298200E-016, 0.0000000000000000000 ) ) ;
#34 = CARTESIAN_POINT ( 'NONE',  ( 12.94123797632096300, 0.6390624999999856600, -1.106888719211963200 ) ) ;
#35 = CARTESIAN_POINT ( 'NONE',  ( 12.10000000000000500, 1.249999999999973400, 0.0000000000000000000 ) ) ;
#36 = CARTESIAN_POINT ( 'NONE',  ( 14.91250000000000300, 8.838126989374028700E-017, 1.443375672974033500 ) ) ;
#37 = LINE ( 'NONE', #4833, #5014 ) ;
#38 = CARTESIAN_POINT ( 'NONE',  ( 15.55435095264188300, 0.4826262486298922800, 0.8359331836933423500 ) ) ;
#39 = EDGE_CURVE ( 'NONE', #3395, #1008, #2129, .T. ) ;
#40 = DIRECTION ( 'NONE',  ( -1.000000000000000000, 6.018531076210110700E-033, -0.0000000000000000000 ) ) ;
#41 = CARTESIAN_POINT ( 'NONE',  ( 11.20221372309952700, -0.9652524972597842400, 0.03176144170000151600 ) ) ;
#42 =( BOUNDED_CURVE ( )  B_SPLINE_CURVE ( 2, ( #3695, #104, #2133, #1242, #1708, #2559, #2101 ),
 .UNSPECIFIED., .F., .T. ) 
 B_SPLINE_CURVE_WITH_KNOTS ( ( 3, 2, 2, 3 ),
 ( 0.4722222222222222100, 0.4861111111111111000, 0.5000000000000000000, 0.5138888888888888400 ),
 .UNSPECIFIED. ) 
 CURVE ( )  GEOMETRIC_REPRESENTATION_ITEM ( )  RATIONAL_B_SPLINE_CURVE ( ( 1.000000000000000000, 0.8660254037844387100, 1.000000000000000000, 0.8660254037844387100, 1.000000000000000000, 0.8660254037844387100, 1.000000000000000000 ) ) 
 REPRESENTATION_ITEM ( '' )  );
#43 = EDGE_LOOP ( 'NONE', ( #2777, #2593, #3179 ) ) ;
#44 = CARTESIAN_POINT ( 'NONE',  ( 14.05435095264188500, 0.4826262486298914500, -0.8359331836933428000 ) ) ;
#45 = CARTESIAN_POINT ( 'NONE',  ( 11.92371392896280300, -1.278124999999973500, 1.565251690160178300E-016 ) ) ;
#46 = CARTESIAN_POINT ( 'NONE',  ( 4.035600952641880600, -0.4826262486298919500, 0.8359331836933424600 ) ) ;
#47 = CARTESIAN_POINT ( 'NONE',  ( 14.60245190528376100, -1.249999999999973100, 0.7216878364870171800 ) ) ;
#48 = VERTEX_POINT ( 'NONE', #3445 ) ;
#49 = DIRECTION ( 'NONE',  ( 0.0000000000000000000, 0.0000000000000000000, 1.000000000000000000 ) ) ;
#50 = CARTESIAN_POINT ( 'NONE',  ( 1.973100952641880600, -2.047445795422216600E-016, -1.114577578257790000 ) ) ;
#51 = ADVANCED_FACE ( 'NONE', ( #2946 ), #3883, .F. ) ;
#52 = ORIENTED_EDGE ( 'NONE', *, *, #922, .T. ) ;
#53 = DIRECTION ( 'NONE',  ( 0.7071067811866457200, 0.7071067811864494300, 0.0000000000000000000 ) ) ;
#54 = DIRECTION ( 'NONE',  ( -6.018531076210111400E-033, -1.000000000000000000, 0.0000000000000000000 ) ) ;
#55 = ORIENTED_EDGE ( 'NONE', *, *, #3225, .F. ) ;
#56 = CARTESIAN_POINT ( 'NONE',  ( 0.4543509526418809100, -0.9652524972597843500, 1.182093381138184100E-016 ) ) ;
#57 = EDGE_CURVE ( 'NONE', #4716, #3529, #2204, .T. ) ;
#58 = CARTESIAN_POINT ( 'NONE',  ( 14.18560095264188400, 0.9652524972597843500, 0.0000000000000000000 ) ) ;
#59 = DIRECTION ( 'NONE',  ( -1.000000000000000000, 0.0000000000000000000, 0.0000000000000000000 ) ) ;
#60 = CARTESIAN_POINT ( 'NONE',  ( 14.46250000000000600, 8.838126989374028700E-017, 1.443375672974033500 ) ) ;
#61 = CARTESIAN_POINT ( 'NONE',  ( 4.478737976320960700, 1.278124999999972900, -0.7379258128079757600 ) ) ;
#62 = ORIENTED_EDGE ( 'NONE', *, *, #5072, .F. ) ;
#63 = CARTESIAN_POINT ( 'NONE',  ( 13.90435095264188400, -0.9652524972597843500, 1.182093381138184100E-016 ) ) ;
#64 = CARTESIAN_POINT ( 'NONE',  ( 10.83621392896280300, 1.278124999999973800, 0.7379258128079749800 ) ) ;
#65 = CARTESIAN_POINT ( 'NONE',  ( 3.473100952641880600, 0.9652524972597842400, 0.5572887891288949000 ) ) ;
#66 = CARTESIAN_POINT ( 'NONE',  ( 4.879350952641880600, -0.4826262486298919500, 0.8359331836933424600 ) ) ;
#67 = CARTESIAN_POINT ( 'NONE',  ( 12.85000000000000500, -0.6249999999999872300, -1.082531754730524900 ) ) ;
#68 = CARTESIAN_POINT ( 'NONE',  ( 2.498100952641880900, 0.9652524972597840100, -0.5572887891288955700 ) ) ;
#69 = CARTESIAN_POINT ( 'NONE',  ( 0.0000000000000000000, 0.0000000000000000000, 0.0000000000000000000 ) ) ;
#70 = ORIENTED_EDGE ( 'NONE', *, *, #1233, .T. ) ;
#71 = CARTESIAN_POINT ( 'NONE',  ( 14.12935095264188400, 0.9652524972597843500, 0.0000000000000000000 ) ) ;
#72 = CARTESIAN_POINT ( 'NONE',  ( 14.23750000000000600, -2.651438096812210700E-016, -1.443375672974033500 ) ) ;
#73 = CARTESIAN_POINT ( 'NONE',  ( 11.26495190528376300, 1.249999999999973400, 0.0000000000000000000 ) ) ;
#74 = EDGE_CURVE ( 'NONE', #3725, #4400, #3029, .T. ) ;
#75 = CARTESIAN_POINT ( 'NONE',  ( 0.9418509526418809000, -0.9652524972597845700, -0.5572887891288946800 ) ) ;
#76 = CARTESIAN_POINT ( 'NONE',  ( 15.04810095264188300, 0.9652524972597840100, -0.5572887891288955700 ) ) ;
#77 = ORIENTED_EDGE ( 'NONE', *, *, #3405, .T. ) ;
#78 = DESIGN_CONTEXT ( 'detailed design', #3605, 'design' ) ;
#79 = ADVANCED_FACE ( 'NONE', ( #356 ), #2257, .T. ) ;
#80 = DIRECTION ( 'NONE',  ( -6.018531076210111400E-033, -1.000000000000000000, 0.0000000000000000000 ) ) ;
#81 = CARTESIAN_POINT ( 'NONE',  ( 11.54185095264188600, 6.824819318074047200E-017, 1.114577578257790000 ) ) ;
#82 = CARTESIAN_POINT ( 'NONE',  ( 4.103737976320960700, 1.278124999999973500, 0.7379258128079748700 ) ) ;
#83 = DIRECTION ( 'NONE',  ( -1.000000000000000000, 6.018531076210110700E-033, -0.0000000000000000000 ) ) ;
#84 = CARTESIAN_POINT ( 'NONE',  ( 14.46685095264188300, -2.047445795422217400E-016, -1.114577578257790000 ) ) ;
#85 = DIRECTION ( 'NONE',  ( 0.0000000000000000000, 0.0000000000000000000, -1.000000000000000000 ) ) ;
#86 = CARTESIAN_POINT ( 'NONE',  ( 2.798100952641881200, -0.9652524972597844600, -0.5572887891288946800 ) ) ;
#87 = CARTESIAN_POINT ( 'NONE',  ( 4.804350952641881300, 0.4826262486298922800, 0.8359331836933423500 ) ) ;
#88 = CARTESIAN_POINT ( 'NONE',  ( 13.67500000000000600, -1.249999999999973400, 1.530808498934158800E-016 ) ) ;
#89 = CARTESIAN_POINT ( 'NONE',  ( 3.360600952641880300, 0.4826262486298914500, -0.8359331836933428000 ) ) ;
#90 = B_SPLINE_CURVE_WITH_KNOTS ( 'NONE', 3,
 ( #3549, #3962, #3993, #5151, #1134, #1541 ),
 .UNSPECIFIED., .F., .F.,
 ( 4, 2, 4 ),
 ( 0.01052012348866605000, 0.01117711374436854800, 0.01183410400007104500 ),
 .UNSPECIFIED. ) ;
#91 = AXIS2_PLACEMENT_3D ( 'NONE', #5110, #4749, #5145 ) ;
#92 = CARTESIAN_POINT ( 'NONE',  ( 12.83995190528376000, -1.249999999999973400, 1.530808498934159000E-016 ) ) ;
#93 = CARTESIAN_POINT ( 'NONE',  ( 13.62745190528376100, 8.838126989374027500E-017, 1.443375672974033500 ) ) ;
#94 = EDGE_CURVE ( 'NONE', #3838, #1188, #2248, .T. ) ;
#95 = DIRECTION ( 'NONE',  ( -6.018531076210111400E-033, -1.000000000000000000, 0.0000000000000000000 ) ) ;
#96 = CARTESIAN_POINT ( 'NONE',  ( 0.6043509526418808800, 0.4826262486298914500, -0.8359331836933428000 ) ) ;
#97 = CARTESIAN_POINT ( 'NONE',  ( 13.99810095264188300, -0.9652524972597845700, -0.5572887891288946800 ) ) ;
#98 = CARTESIAN_POINT ( 'NONE',  ( 12.70435095264188300, 0.4826262486298914500, -0.8359331836933428000 ) ) ;
#99 = CARTESIAN_POINT ( 'NONE',  ( 3.616237976320960900, 1.278124999999973300, 0.0000000000000000000 ) ) ;
#100 = CARTESIAN_POINT ( 'NONE',  ( 0.08888936014670195700, 2.249999999999998700, -0.8717004449691205800 ) ) ;
#101 = CARTESIAN_POINT ( 'NONE',  ( 11.18560095264188600, -0.4826262486298919500, 0.8359331836933424600 ) ) ;
#102 = CARTESIAN_POINT ( 'NONE',  ( 11.09871392896280400, -0.6390624999999873200, -1.106888719211962500 ) ) ;
#103 = CARTESIAN_POINT ( 'NONE',  ( 2.111213928962801100, -1.278124999999973800, -0.7379258128079745300 ) ) ;
#104 = CARTESIAN_POINT ( 'NONE',  ( 13.47745190528376300, 1.249999999999972900, -0.7216878364870175100 ) ) ;
#105 = CARTESIAN_POINT ( 'NONE',  ( 3.135600952641880200, -0.4826262486298919500, 0.8359331836933424600 ) ) ;
#106 = ADVANCED_FACE ( 'NONE', ( #3450 ), #212, .T. ) ;
#107 = LINE ( 'NONE', #3130, #4391 ) ;
#108 = ORIENTED_EDGE ( 'NONE', *, *, #473, .T. ) ;
#109 = CARTESIAN_POINT ( 'NONE',  ( -1.563246844279522600E-015, -0.7416645267673311900, -2.169875997175798600 ) ) ;
#110 = PERSON_AND_ORGANIZATION ( #1784, #1171 ) ;
#111 = CARTESIAN_POINT ( 'NONE',  ( 1.264951905283759000, -0.6249999999999872300, -1.082531754730524900 ) ) ;
#112 = CARTESIAN_POINT ( 'NONE',  ( 2.066850952641880600, 0.9652524972597843500, 0.5572887891288949000 ) ) ;
#113 =( BOUNDED_CURVE ( )  B_SPLINE_CURVE ( 2, ( #1654, #436, #4474, #455, #860, #1693, #4088 ),
 .UNSPECIFIED., .F., .T. ) 
 B_SPLINE_CURVE_WITH_KNOTS ( ( 3, 2, 2, 3 ),
 ( 0.04166666666665785200, 0.05555555555554968200, 0.06944444444444150500, 0.08333333333333332900 ),
 .UNSPECIFIED. ) 
 CURVE ( )  GEOMETRIC_REPRESENTATION_ITEM ( )  RATIONAL_B_SPLINE_CURVE ( ( 1.000000000000085000, 0.8660254037843537800, 1.000000000000000000, 0.8660254037844387100, 1.000000000000000000, 0.8660254037844387100, 1.000000000000000000 ) ) 
 REPRESENTATION_ITEM ( '' )  );
#114 = ORIENTED_EDGE ( 'NONE', *, *, #4698, .F. ) ;
#115 = CARTESIAN_POINT ( 'NONE',  ( 14.52310095264188500, -2.047445795422217100E-016, -1.114577578257790000 ) ) ;
#116 =( BOUNDED_CURVE ( )  B_SPLINE_CURVE ( 2, ( #2578, #3367, #1375, #1353, #3334, #4194, #4558 ),
 .UNSPECIFIED., .F., .T. ) 
 B_SPLINE_CURVE_WITH_KNOTS ( ( 3, 2, 2, 3 ),
 ( 0.1666666666666666600, 0.1805555555555555500, 0.1944444444444444500, 0.2083333333333333400 ),
 .UNSPECIFIED. ) 
 CURVE ( )  GEOMETRIC_REPRESENTATION_ITEM ( )  RATIONAL_B_SPLINE_CURVE ( ( 1.000000000000000000, 0.8660254037844387100, 1.000000000000000000, 0.8660254037844387100, 1.000000000000000000, 0.8660254037844387100, 1.000000000000000000 ) ) 
 REPRESENTATION_ITEM ( '' )  );
#117 = EDGE_CURVE ( 'NONE', #582, #5209, #1131, .T. ) ;
#118 = CARTESIAN_POINT ( 'NONE',  ( 11.05435095264188500, 0.4826262486298922800, 0.8359331836933423500 ) ) ;
#119 = ORIENTED_EDGE ( 'NONE', *, *, #2326, .F. ) ;
#120 = CARTESIAN_POINT ( 'NONE',  ( 11.76685095264188500, -2.047445795422217100E-016, -1.114577578257790000 ) ) ;
#121 = CARTESIAN_POINT ( 'NONE',  ( 0.4237139289628007500, 0.6390624999999857700, -1.106888719211963400 ) ) ;
#122 = CARTESIAN_POINT ( 'NONE',  ( 0.2009618943233407200, 2.249999999999998700, -1.299038105676656900 ) ) ;
#123 = FACE_OUTER_BOUND ( 'NONE', #1495, .T. ) ;
#124 = VERTEX_POINT ( 'NONE', #4939 ) ;
#125 = CARTESIAN_POINT ( 'NONE',  ( 12.16060095264188400, -0.9652524972597843500, 1.182093381138184100E-016 ) ) ;
#126 = CARTESIAN_POINT ( 'NONE',  ( 13.87371392896280400, 0.6390624999999857700, -1.106888719211963400 ) ) ;
#127 = EDGE_LOOP ( 'NONE', ( #1058, #1066, #3666 ) ) ;
#128 = CARTESIAN_POINT ( 'NONE',  ( 4.211213928962799900, 9.036984846634956000E-017, 1.475851625615950200 ) ) ;
#129 = CARTESIAN_POINT ( 'NONE',  ( 4.354350952641880200, 0.4826262486298922800, 0.8359331836933423500 ) ) ;
#130 = CARTESIAN_POINT ( 'NONE',  ( 3.773100952641880800, -2.047445795422216600E-016, -1.114577578257790000 ) ) ;
#131 = LINE ( 'NONE', #1421, #2210 ) ;
#132 = EDGE_LOOP ( 'NONE', ( #495, #1837, #3458, #2853 ) ) ;
#133 = CARTESIAN_POINT ( 'NONE',  ( 13.28995190528376300, -1.249999999999973400, 1.530808498934159000E-016 ) ) ;
#134 = CARTESIAN_POINT ( 'NONE',  ( 14.02873797632096300, 9.036984846634947400E-017, 1.475851625615950000 ) ) ;
#135 = AXIS2_PLACEMENT_3D ( 'NONE', #1445, #249, #1099 ) ;
#136 = CARTESIAN_POINT ( 'NONE',  ( 4.279350952641880900, 0.9652524972597843500, 0.0000000000000000000 ) ) ;
#137 = VERTEX_POINT ( 'NONE', #5009 ) ;
#138 = CARTESIAN_POINT ( 'NONE',  ( 15.12310095264188600, 0.9652524972597843500, 0.5572887891288949000 ) ) ;
#139 = ADVANCED_FACE ( 'NONE', ( #664 ), #4503, .T. ) ;
#140 = CARTESIAN_POINT ( 'NONE',  ( 13.04185095264188400, -0.9652524972597844600, -0.5572887891288946800 ) ) ;
#141 = CARTESIAN_POINT ( 'NONE',  ( 13.11685095264188500, -2.047445795422217100E-016, -1.114577578257790000 ) ) ;
#142 = CARTESIAN_POINT ( 'NONE',  ( 5.153737976320961400, -1.278124999999973300, 0.7379258128079753100 ) ) ;
#143 = CARTESIAN_POINT ( 'NONE',  ( 1.425000000000002700, 0.6249999999999867900, 1.082531754730525300 ) ) ;
#144 = CARTESIAN_POINT ( 'NONE',  ( 11.41060095264188600, 0.4826262486298914500, -0.8359331836933428000 ) ) ;
#145 = CARTESIAN_POINT ( 'NONE',  ( 12.74871392896280400, -0.6390624999999864300, 1.106888719211963000 ) ) ;
#146 = CARTESIAN_POINT ( 'NONE',  ( 3.498713928962800900, -0.6390624999999873200, -1.106888719211962500 ) ) ;
#147 = CARTESIAN_POINT ( 'NONE',  ( 16.00000000000000400, 1.312500000000049700, 0.0000000000000000000 ) ) ;
#148 = CARTESIAN_POINT ( 'NONE',  ( 3.923100952641880700, 0.9652524972597843500, 0.5572887891288949000 ) ) ;
#149 = ORIENTED_EDGE ( 'NONE', *, *, #5016, .F. ) ;
#150 = CARTESIAN_POINT ( 'NONE',  ( 16.00000000000000400, 0.0000000000000000000, 0.0000000000000000000 ) ) ;
#151 = EDGE_CURVE ( 'NONE', #629, #4583, #1045, .T. ) ;
#152 = CARTESIAN_POINT ( 'NONE',  ( 13.57873797632096400, 9.036984846634947400E-017, 1.475851625615950000 ) ) ;
#153 = CARTESIAN_POINT ( 'NONE',  ( 3.791850952641880200, 0.9652524972597840100, -0.5572887891288955700 ) ) ;
#154 = CARTESIAN_POINT ( 'NONE',  ( 1.077451905283758800, 8.838126989374036100E-017, 1.443375672974033500 ) ) ;
#155 = CARTESIAN_POINT ( 'NONE',  ( 11.99185095264188500, 6.824819318074047200E-017, 1.114577578257790000 ) ) ;
#156 = CARTESIAN_POINT ( 'NONE',  ( 13.41685095264188600, -0.9652524972597841300, 0.5572887891288953500 ) ) ;
#157 = CARTESIAN_POINT ( 'NONE',  ( 0.5362139289628007300, 1.278124999999973800, 0.7379258128079749800 ) ) ;
#158 = CARTESIAN_POINT ( 'NONE',  ( 12.64810095264188500, -0.9652524972597844600, -0.5572887891288946800 ) ) ;
#159 = CARTESIAN_POINT ( 'NONE',  ( 13.38621392896280300, -2.711095453990487100E-016, -1.475851625615950200 ) ) ;
#160 = CARTESIAN_POINT ( 'NONE',  ( 3.648713928962800800, 1.278124999999973500, 0.0000000000000000000 ) ) ;
#161 = CARTESIAN_POINT ( 'NONE',  ( 3.060600952641880500, 0.4826262486298922800, 0.8359331836933423500 ) ) ;
#162 = ADVANCED_FACE ( 'NONE', ( #2703 ), #927, .T. ) ;
#163 = AXIS2_PLACEMENT_3D ( 'NONE', #4971, #4619, #1023 ) ;
#164 = EDGE_CURVE ( 'NONE', #493, #1884, #4517, .T. ) ;
#165 = CARTESIAN_POINT ( 'NONE',  ( 13.72873797632096200, -1.278124999999973800, -0.7379258128079745300 ) ) ;
#166 = CARTESIAN_POINT ( 'NONE',  ( 14.84185095264188300, -0.9652524972597845700, -0.5572887891288946800 ) ) ;
#167 = CARTESIAN_POINT ( 'NONE',  ( 3.154350952641880500, -0.9652524972597843500, 1.182093381138184100E-016 ) ) ;
#168 = CARTESIAN_POINT ( 'NONE',  ( 15.23560095264188300, -0.4826262486298919500, 0.8359331836933424600 ) ) ;
#169 = CARTESIAN_POINT ( 'NONE',  ( 12.96685095264188300, -0.9652524972597841300, 0.5572887891288953500 ) ) ;
#170 = CARTESIAN_POINT ( 'NONE',  ( 12.10000000000000500, 1.249999999999973400, 0.0000000000000000000 ) ) ;
#171 = CIRCLE ( 'NONE', #260, 1.249999999999973400 ) ;
#172 = CARTESIAN_POINT ( 'NONE',  ( -0.1012860710371991500, -0.6390624999999873200, -1.106888719211962500 ) ) ;
#173 = CARTESIAN_POINT ( 'NONE',  ( 11.67310095264188300, -0.9652524972597841300, 0.5572887891288953500 ) ) ;
#174 = CARTESIAN_POINT ( 'NONE',  ( 13.79871392896280300, -0.6390624999999873200, -1.106888719211962500 ) ) ;
#175 = CARTESIAN_POINT ( 'NONE',  ( 3.011213928962800600, -1.278124999999973800, -0.7379258128079745300 ) ) ;
#176 = CARTESIAN_POINT ( 'NONE',  ( 4.800000000000000700, -1.236175188449619500, -0.1853939143054096100 ) ) ;
#177 = ORIENTED_EDGE ( 'NONE', *, *, #4397, .T. ) ;
#178 = PERSON_AND_ORGANIZATION_ROLE ( 'design_owner' ) ;
#179 = ORIENTED_EDGE ( 'NONE', *, *, #4577, .F. ) ;
#180 = FACE_OUTER_BOUND ( 'NONE', #1691, .T. ) ;
#181 = CARTESIAN_POINT ( 'NONE',  ( 0.6043509526418809900, 0.4826262486298914500, -0.8359331836933428000 ) ) ;
#182 =( BOUNDED_CURVE ( )  B_SPLINE_CURVE ( 2, ( #977, #1513, #4687, #3119, #1089, #3153, #2301 ),
 .UNSPECIFIED., .F., .T. ) 
 B_SPLINE_CURVE_WITH_KNOTS ( ( 3, 2, 2, 3 ),
 ( 0.05555555555554427000, 0.06944444444443688400, 0.08333333333332959600, 0.09722222222222221000 ),
 .UNSPECIFIED. ) 
 CURVE ( )  GEOMETRIC_REPRESENTATION_ITEM ( )  RATIONAL_B_SPLINE_CURVE ( ( 1.000000000000109200, 0.8660254037843296800, 1.000000000000000000, 0.8660254037844387100, 1.000000000000000000, 0.8660254037844387100, 1.000000000000000000 ) ) 
 REPRESENTATION_ITEM ( '' )  );
#183 = EDGE_LOOP ( 'NONE', ( #4615, #4281, #3657 ) ) ;
#184 = CARTESIAN_POINT ( 'NONE',  ( 12.86623797632096400, -0.6390624999999872100, -1.106888719211962300 ) ) ;
#185 = CARTESIAN_POINT ( 'NONE',  ( 15.65275249725973900, -0.7303071827600949900, 0.6311606786510569600 ) ) ;
#186 = ORIENTED_EDGE ( 'NONE', *, *, #3316, .T. ) ;
#187 = CARTESIAN_POINT ( 'NONE',  ( 3.979350952641880700, -0.4826262486298919500, 0.8359331836933424600 ) ) ;
#188 = CARTESIAN_POINT ( 'NONE',  ( 15.27310095264188500, -0.9652524972597841300, 0.5572887891288953500 ) ) ;
#189 = CYLINDRICAL_SURFACE ( 'NONE', #2770, 1.249999999999973400 ) ;
#190 = CARTESIAN_POINT ( 'NONE',  ( 11.82310095264188400, -2.047445795422218600E-016, -1.114577578257790700 ) ) ;
#191 = CARTESIAN_POINT ( 'NONE',  ( 0.3487139289628007900, -0.6390624999999873200, -1.106888719211962500 ) ) ;
#192 = ORIENTED_EDGE ( 'NONE', *, *, #2705, .F. ) ;
#193 = CARTESIAN_POINT ( 'NONE',  ( 0.0000000000000000000, 0.0000000000000000000, 0.0000000000000000000 ) ) ;
#194 = CARTESIAN_POINT ( 'NONE',  ( 15.04810095264188300, 0.9652524972597841300, -0.5572887891288955700 ) ) ;
#195 = CARTESIAN_POINT ( 'NONE',  ( 14.28621392896280200, -2.711095453990487100E-016, -1.475851625615950200 ) ) ;
#196 = CARTESIAN_POINT ( 'NONE',  ( 0.7918509526418808800, 6.824819318074054600E-017, 1.114577578257790000 ) ) ;
#197 = ORIENTED_EDGE ( 'NONE', *, *, #1086, .T. ) ;
#198 = CARTESIAN_POINT ( 'NONE',  ( 2.329350952641880700, -0.4826262486298926200, -0.8359331836933422400 ) ) ;
#199 = CARTESIAN_POINT ( 'NONE',  ( 16.31623797632096300, -0.6390624999999863200, 1.106888719211962700 ) ) ;
#200 = CARTESIAN_POINT ( 'NONE',  ( 15.51685095264188300, 0.9652524972597843500, 0.5572887891288949000 ) ) ;
#201 = CC_DESIGN_PERSON_AND_ORGANIZATION_ASSIGNMENT ( #4211, #4853, ( #4249 ) ) ;
#202 = CARTESIAN_POINT ( 'NONE',  ( 4.091850952641880900, -0.9652524972597845700, -0.5572887891288946800 ) ) ;
#203 = ORIENTED_EDGE ( 'NONE', *, *, #57, .F. ) ;
#204 = CARTESIAN_POINT ( 'NONE',  ( 11.93560095264188300, 0.9652524972597850100, 0.0000000000000000000 ) ) ;
#205 = CARTESIAN_POINT ( 'NONE',  ( 1.323713928962800600, 0.6390624999999857700, -1.106888719211963400 ) ) ;
#206 = B_SPLINE_CURVE_WITH_KNOTS ( 'NONE', 3,
 ( #755, #3969, #4390, #3194, #3206, #3596 ),
 .UNSPECIFIED., .F., .F.,
 ( 4, 2, 4 ),
 ( 0.009205846357159283200, 0.009862984922912675100, 0.01052012348866606500 ),
 .UNSPECIFIED. ) ;
#207 = ORIENTED_EDGE ( 'NONE', *, *, #777, .F. ) ;
#208 = CARTESIAN_POINT ( 'NONE',  ( 13.21060095264188500, 0.4826262486298914500, -0.8359331836933428000 ) ) ;
#209 = CARTESIAN_POINT ( 'NONE',  ( 15.14871392896280400, -0.6390624999999873200, -1.106888719211962500 ) ) ;
#210 = CARTESIAN_POINT ( 'NONE',  ( 1.541850952641880700, 0.9652524972597841300, -0.5572887891288955700 ) ) ;
#211 = CARTESIAN_POINT ( 'NONE',  ( 11.75245190528376300, 1.249999999999973400, 0.7216878364870166200 ) ) ;
#212 =( BOUNDED_SURFACE ( )  B_SPLINE_SURFACE ( 1, 2, ( 
 ( #3595, #4792, #336, #4375, #2340, #1176, #3616, #4338, #1139, #1946, #754, #3998, #3572, #5131, #4757, #3553, #1995, #4806, #2750, #3155, #716, #4389, #3537, #2358, #5155, #1514, #3176, #3968, #1545, #1965, #1157, #3984, #1601, #4821, #813, #4437, #3628, #2429, #2445, #5, #402, #3241, #1213, #4037, #1619, #2035, #4846, #861, #4841, #2, #4050, #2031, #2046, #4863, #4013, #387, #4450, #3221, #2861, #3614, #2462, #2016, #1598, #1210, #2825, #4035, #437, #3665, #4819, #1615, #4434, #19, #2485, #1249, #4067, #4475, #1646, #4923, #476, #893, #4886, #1277, #3714, #11, #1626, #821, #2496, #3633, #2436, #2804, #3184, #3606, #3975, #2003, #4784, #2419, #2381, #763, #395, #3228, #1201, #4427, #3583, #213, #1002, #2657, #225, #3858, #4664, #2673, #3071, #4680, #2687, #2260, #3470, #1442, #645, #1455, #1864, #2282, #1699, #866, #2122, #516, #4092, #4880, #4454, #2072, #4144, #5195, #5180, #768, #3958, #3215, #1190, #3546, #346, #3584, #1515, #4339, #2397 ),
 ( #775, #4325, #2328, #1537, #1588, #1798, #693, #3109, #5139, #286, #4712, #1535, #656, #3482, #4760, #4309, #1911, #2305, #341, #1110, #1063, #1953, #1519, #2739, #2362, #324, #5121, #3507, #1126, #3123, #675, #3918, #2723, #307, #3137, #1880, #3881, #1500, #4362, #3523, #5159, #4730, #5093, #3950, #1901, #3495, #5106, #708, #2323, #2768, #1467, #2700, #4294, #3161, #4346, #4322, #3933, #1083, #4692, #2294, #3541, #1092, #1928, #275, #3904, #1479, #4746, #2344, #2753, #720, #462, #1143, #4484, #5175, #1665, #3578, #2096, #1162, #2532, #2080, #2497, #1703, #2512, #3973, #1679, #3276, #4516, #361, #3197, #760, #4396, #3987, #477, #4924, #2788, #4887, #99, #2924, #3557, #2111, #1575, #854, #1984, #874, #4909, #4797, #2402, #2882, #3182, #82, #3690, #5188, #3678, #1551, #2906, #739, #4380, #2802, #446, #61, #1278, #3294, #1970, #1258, #4077, #3308, #1293, #4782, #2378, #4099, #4502, #894, #3715, #4116, #536, #2939, #4994, #142, #4553, #1386, #504 ) ),
 .UNSPECIFIED., .F., .F., .T. ) 
 B_SPLINE_SURFACE_WITH_KNOTS ( ( 2, 2 ),
 ( 3, 2, 2, 2, 2, 2, 2, 2, 2, 2, 2, 2, 2, 2, 2, 2, 2, 2, 2, 2, 2, 2, 2, 2, 2, 2, 2, 2, 2, 2, 2, 2, 2, 2, 2, 2, 2, 2, 2, 2, 2, 2, 2, 2, 2, 2, 2, 2, 2, 2, 2, 2, 2, 2, 2, 2, 2, 2, 2, 2, 2, 2, 2, 2, 2, 2, 2, 2, 2, 2, 3 ),
 ( 0.0000000000000000000, 1.000000000000000000 ),
 ( 0.0000000000000000000, 0.01388888888888888800, 0.02777777777777777600, 0.04166666666666666400, 0.05555555555555555200, 0.06944444444444444800, 0.08333333333333332900, 0.09722222222222222400, 0.1111111111111111000, 0.1250000000000000000, 0.1388888888888889000, 0.1527777777777777900, 0.1666666666666666600, 0.1805555555555555500, 0.1944444444444444500, 0.2083333333333333400, 0.2222222222222222100, 0.2361111111111111000, 0.2500000000000000000, 0.2638888888888889000, 0.2777777777777777900, 0.2916666666666666900, 0.3055555555555555800, 0.3194444444444444200, 0.3333333333333333100, 0.3472222222222222100, 0.3611111111111111000, 0.3750000000000000000, 0.3888888888888889000, 0.4027777777777777900, 0.4166666666666666900, 0.4305555555555555800, 0.4444444444444444200, 0.4583333333333333100, 0.4722222222222222100, 0.4861111111111111000, 0.5000000000000000000, 0.5138888888888888400, 0.5277777777777777900, 0.5416666666666666300, 0.5555555555555555800, 0.5694444444444444200, 0.5833333333333333700, 0.5972222222222222100, 0.6111111111111111600, 0.6250000000000000000, 0.6388888888888888400, 0.6527777777777777900, 0.6666666666666666300, 0.6805555555555555800, 0.6944444444444444200, 0.7083333333333333700, 0.7222222222222222100, 0.7361111111111111600, 0.7500000000000000000, 0.7638888888888888400, 0.7777777777777777900, 0.7916666666666666300, 0.8055555555555555800, 0.8194444444444444200, 0.8333333333333333700, 0.8472222222222222100, 0.8611111111111111600, 0.8750000000000000000, 0.8888888888888888400, 0.9027777777777777900, 0.9166666666666666300, 0.9305555555555555800, 0.9444444444444444200, 0.9583333333333333700, 0.9722222222222222100 ),
 .UNSPECIFIED. ) 
 GEOMETRIC_REPRESENTATION_ITEM ( )  RATIONAL_B_SPLINE_SURFACE ( (
 ( 1.000000000000000000, 0.8660254037844387100, 1.000000000000000000, 0.8660254037844387100, 1.000000000000000000, 0.8660254037844387100, 1.000000000000000000, 0.8660254037844387100, 1.000000000000000000, 0.8660254037844387100, 1.000000000000000000, 0.8660254037844387100, 1.000000000000000000, 0.8660254037844387100, 1.000000000000000000, 0.8660254037844387100, 1.000000000000000000, 0.8660254037844387100, 1.000000000000000000, 0.8660254037844387100, 1.000000000000000000, 0.8660254037844387100, 1.000000000000000000, 0.8660254037844387100, 1.000000000000000000, 0.8660254037844387100, 1.000000000000000000, 0.8660254037844387100, 1.000000000000000000, 0.8660254037844387100, 1.000000000000000000, 0.8660254037844387100, 1.000000000000000000, 0.8660254037844387100, 1.000000000000000000, 0.8660254037844387100, 1.000000000000000000, 0.8660254037844387100, 1.000000000000000000, 0.8660254037844387100, 1.000000000000000000, 0.8660254037844387100, 1.000000000000000000, 0.8660254037844387100, 1.000000000000000000, 0.8660254037844387100, 1.000000000000000000, 0.8660254037844387100, 1.000000000000000000, 0.8660254037844387100, 1.000000000000000000, 0.8660254037844387100, 1.000000000000000000, 0.8660254037844387100, 1.000000000000000000, 0.8660254037844387100, 1.000000000000000000, 0.8660254037844387100, 1.000000000000000000, 0.8660254037844387100, 1.000000000000000000, 0.8660254037844387100, 1.000000000000000000, 0.8660254037844387100, 1.000000000000000000, 0.8660254037844387100, 1.000000000000000000, 0.8660254037844387100, 1.000000000000000000, 0.8660254037844387100, 1.000000000000000000, 0.8660254037844387100, 1.000000000000000000, 0.8660254037844387100, 1.000000000000000000, 0.8660254037844387100, 1.000000000000000000, 0.8660254037844387100, 1.000000000000000000, 0.8660254037844387100, 1.000000000000000000, 0.8660254037844387100, 1.000000000000000000, 0.8660254037844387100, 1.000000000000000000, 0.8660254037844387100, 1.000000000000000000, 0.8660254037844387100, 1.000000000000000000, 0.8660254037844387100, 1.000000000000000000, 0.8660254037844387100, 1.000000000000000000, 0.8660254037844387100, 1.000000000000000000, 0.8660254037844387100, 1.000000000000000000, 0.8660254037844387100, 1.000000000000000000, 0.8660254037844387100, 1.000000000000000000, 0.8660254037844387100, 1.000000000000000000, 0.8660254037844387100, 1.000000000000000000, 0.8660254037844387100, 1.000000000000000000, 0.8660254037844387100, 1.000000000000000000, 0.8660254037844387100, 1.000000000000000000, 0.8660254037844387100, 1.000000000000000000, 0.8660254037844387100, 1.000000000000000000, 0.8660254037844387100, 1.000000000000000000, 0.8660254037844387100, 1.000000000000000000, 0.8660254037844387100, 1.000000000000000000, 0.8660254037844387100, 1.000000000000000000, 0.8660254037844387100, 1.000000000000000000, 0.8660254037844387100, 1.000000000000000000, 0.8660254037844387100, 1.000000000000000000, 0.8660254037844387100, 1.000000000000000000, 0.8660254037844387100, 1.000000000000000000, 0.8660254037844387100, 1.000000000000000000, 0.8660254037844387100, 1.000000000000000000, 0.8660254037844387100, 1.000000000000000000, 0.8660254037844387100, 1.000000000000000000),
 ( 1.000000000000000000, 0.8660254037844387100, 1.000000000000000000, 0.8660254037844387100, 1.000000000000000000, 0.8660254037844387100, 1.000000000000000000, 0.8660254037844387100, 1.000000000000000000, 0.8660254037844387100, 1.000000000000000000, 0.8660254037844387100, 1.000000000000000000, 0.8660254037844387100, 1.000000000000000000, 0.8660254037844387100, 1.000000000000000000, 0.8660254037844387100, 1.000000000000000000, 0.8660254037844387100, 1.000000000000000000, 0.8660254037844387100, 1.000000000000000000, 0.8660254037844387100, 1.000000000000000000, 0.8660254037844387100, 1.000000000000000000, 0.8660254037844387100, 1.000000000000000000, 0.8660254037844387100, 1.000000000000000000, 0.8660254037844387100, 1.000000000000000000, 0.8660254037844387100, 1.000000000000000000, 0.8660254037844387100, 1.000000000000000000, 0.8660254037844387100, 1.000000000000000000, 0.8660254037844387100, 1.000000000000000000, 0.8660254037844387100, 1.000000000000000000, 0.8660254037844387100, 1.000000000000000000, 0.8660254037844387100, 1.000000000000000000, 0.8660254037844387100, 1.000000000000000000, 0.8660254037844387100, 1.000000000000000000, 0.8660254037844387100, 1.000000000000000000, 0.8660254037844387100, 1.000000000000000000, 0.8660254037844387100, 1.000000000000000000, 0.8660254037844387100, 1.000000000000000000, 0.8660254037844387100, 1.000000000000000000, 0.8660254037844387100, 1.000000000000000000, 0.8660254037844387100, 1.000000000000000000, 0.8660254037844387100, 1.000000000000000000, 0.8660254037844387100, 1.000000000000000000, 0.8660254037844387100, 1.000000000000000000, 0.8660254037844387100, 1.000000000000000000, 0.8660254037844387100, 1.000000000000000000, 0.8660254037844387100, 1.000000000000000000, 0.8660254037844387100, 1.000000000000000000, 0.8660254037844387100, 1.000000000000000000, 0.8660254037844387100, 1.000000000000000000, 0.8660254037844387100, 1.000000000000000000, 0.8660254037844387100, 1.000000000000000000, 0.8660254037844387100, 1.000000000000000000, 0.8660254037844387100, 1.000000000000000000, 0.8660254037844387100, 1.000000000000000000, 0.8660254037844387100, 1.000000000000000000, 0.8660254037844387100, 1.000000000000000000, 0.8660254037844387100, 1.000000000000000000, 0.8660254037844387100, 1.000000000000000000, 0.8660254037844387100, 1.000000000000000000, 0.8660254037844387100, 1.000000000000000000, 0.8660254037844387100, 1.000000000000000000, 0.8660254037844387100, 1.000000000000000000, 0.8660254037844387100, 1.000000000000000000, 0.8660254037844387100, 1.000000000000000000, 0.8660254037844387100, 1.000000000000000000, 0.8660254037844387100, 1.000000000000000000, 0.8660254037844387100, 1.000000000000000000, 0.8660254037844387100, 1.000000000000000000, 0.8660254037844387100, 1.000000000000000000, 0.8660254037844387100, 1.000000000000000000, 0.8660254037844387100, 1.000000000000000000, 0.8660254037844387100, 1.000000000000000000, 0.8660254037844387100, 1.000000000000000000, 0.8660254037844387100, 1.000000000000000000, 0.8660254037844387100, 1.000000000000000000, 0.8660254037844387100, 1.000000000000000000, 0.8660254037844387100, 1.000000000000000000, 0.8660254037844387100, 1.000000000000000000) ) ) 
 REPRESENTATION_ITEM ( '' )  SURFACE ( )  );
#213 = CARTESIAN_POINT ( 'NONE',  ( 3.698100952641880200, -0.9652524972597844600, -0.5572887891288946800 ) ) ;
#214 = CARTESIAN_POINT ( 'NONE',  ( 1.429350952641880800, -0.4826262486298926200, -0.8359331836933422400 ) ) ;
#215 = EDGE_CURVE ( 'NONE', #4910, #2403, #4955, .T. ) ;
#216 = CARTESIAN_POINT ( 'NONE',  ( 16.05373797632096400, -2.711095453990486600E-016, -1.475851625615950000 ) ) ;
#217 = CARTESIAN_POINT ( 'NONE',  ( 16.00000000000000400, 0.0000000000000000000, 0.0000000000000000000 ) ) ;
#218 = CARTESIAN_POINT ( 'NONE',  ( 0.0000000000000000000, 0.0000000000000000000, 0.0000000000000000000 ) ) ;
#219 = CARTESIAN_POINT ( 'NONE',  ( 4.800000000000002500, -2.888894916580854300E-032, 0.0000000000000000000 ) ) ;
#220 = CARTESIAN_POINT ( 'NONE',  ( 15.93749999999989300, -1.228954059493230200, -0.2284117327436577200 ) ) ;
#221 = CARTESIAN_POINT ( 'NONE',  ( 13.58560095264188500, -0.4826262486298926200, -0.8359331836933422400 ) ) ;
#222 = CARTESIAN_POINT ( 'NONE',  ( 11.35435095264188600, 0.4826262486298914500, -0.8359331836933428000 ) ) ;
#223 = CARTESIAN_POINT ( 'NONE',  ( 0.04185095264188100400, -0.9652524972597844600, -0.5572887891288946800 ) ) ;
#224 = DIRECTION ( 'NONE',  ( 0.0000000000000000000, 0.0000000000000000000, -1.000000000000000000 ) ) ;
#225 = CARTESIAN_POINT ( 'NONE',  ( 3.810600952641880000, 0.4826262486298914500, -0.8359331836933428000 ) ) ;
#226 = CARTESIAN_POINT ( 'NONE',  ( 2.216850952641880900, -0.9652524972597841300, 0.5572887891288953500 ) ) ;
#227 = DIRECTION ( 'NONE',  ( 1.000000000000000000, 0.0000000000000000000, 0.0000000000000000000 ) ) ;
#228 = DIRECTION ( 'NONE',  ( -6.018531076210111400E-033, -1.000000000000000000, 0.0000000000000000000 ) ) ;
#229 = FACE_OUTER_BOUND ( 'NONE', #2211, .T. ) ;
#230 = CARTESIAN_POINT ( 'NONE',  ( 13.60000000000000500, -0.6249999999999863400, 1.082531754730525300 ) ) ;
#231 = CARTESIAN_POINT ( 'NONE',  ( -7.523163845262478600E-033, -1.249999999999973400, 0.0000000000000000000 ) ) ;
#232 = SHAPE_DEFINITION_REPRESENTATION ( #3709, #3288 ) ;
#233 = CARTESIAN_POINT ( 'NONE',  ( 12.21250000000000400, 8.838126989374028700E-017, 1.443375672974033500 ) ) ;
#234 = DIRECTION ( 'NONE',  ( -1.000000000000000000, 6.018531076210110700E-033, -0.0000000000000000000 ) ) ;
#235 = FACE_OUTER_BOUND ( 'NONE', #2772, .T. ) ;
#236 = VERTEX_POINT ( 'NONE', #2912 ) ;
#237 = B_SPLINE_CURVE_WITH_KNOTS ( 'NONE', 3,
 ( #494, #2049, #4879, #2468, #864, #3270 ),
 .UNSPECIFIED., .F., .F.,
 ( 4, 2, 4 ),
 ( 0.001314652396222795600, 0.001969405109320634200, 0.002624157822418473000 ),
 .UNSPECIFIED. ) ;
#238 = CARTESIAN_POINT ( 'NONE',  ( 14.29810095264188300, 6.824819318074047200E-017, 1.114577578257790000 ) ) ;
#239 = CARTESIAN_POINT ( 'NONE',  ( 15.44871392896280300, -0.6390624999999864300, 1.106888719211963000 ) ) ;
#240 = ORIENTED_EDGE ( 'NONE', *, *, #358, .F. ) ;
#241 = CARTESIAN_POINT ( 'NONE',  ( 4.661213928962800100, 9.036984846634956000E-017, 1.475851625615950200 ) ) ;
#242 = LINE ( 'NONE', #1844, #3895 ) ;
#243 = ORIENTED_EDGE ( 'NONE', *, *, #1839, .T. ) ;
#244 = EDGE_CURVE ( 'NONE', #4798, #4328, #42, .T. ) ;
#245 = EDGE_LOOP ( 'NONE', ( #362, #4526, #690, #2663 ) ) ;
#246 = CARTESIAN_POINT ( 'NONE',  ( 2.179350952641880800, -0.4826262486298919500, 0.8359331836933424600 ) ) ;
#247 = FACE_OUTER_BOUND ( 'NONE', #3092, .T. ) ;
#248 = CARTESIAN_POINT ( 'NONE',  ( 14.81623797632096500, 1.278124999999973300, 0.0000000000000000000 ) ) ;
#249 = DIRECTION ( 'NONE',  ( -1.000000000000000000, 6.018531076210110700E-033, -0.0000000000000000000 ) ) ;
#250 = ORIENTED_EDGE ( 'NONE', *, *, #3058, .T. ) ;
#251 = CARTESIAN_POINT ( 'NONE',  ( 15.73488189683944500, -0.4832546044219083200, -0.9396203712465821500 ) ) ;
#252 = CARTESIAN_POINT ( 'NONE',  ( 12.64810095264188300, -0.9652524972597851200, -0.5572887891288950100 ) ) ;
#253 = CARTESIAN_POINT ( 'NONE',  ( 0.06250000000004496400, 0.8122873928260050400, 0.9500995692325847600 ) ) ;
#254 = CARTESIAN_POINT ( 'NONE',  ( -1.600892270310627000E-015, -1.315951922094010800, -1.838311014891731400 ) ) ;
#255 = CARTESIAN_POINT ( 'NONE',  ( 14.22310095264188400, 0.9652524972597842400, 0.5572887891288949000 ) ) ;
#256 = DIRECTION ( 'NONE',  ( -6.018531076210111400E-033, -1.000000000000000000, 0.0000000000000000000 ) ) ;
#257 = CARTESIAN_POINT ( 'NONE',  ( 11.27935095264188400, -0.4826262486298926200, -0.8359331836933422400 ) ) ;
#258 = CARTESIAN_POINT ( 'NONE',  ( 1.091850952641880900, 0.9652524972597841300, -0.5572887891288955700 ) ) ;
#259 = CARTESIAN_POINT ( 'NONE',  ( 16.00000000000000400, 0.0000000000000000000, 0.0000000000000000000 ) ) ;
#260 = AXIS2_PLACEMENT_3D ( 'NONE', #4136, #3693, #2514 ) ;
#261 = EDGE_LOOP ( 'NONE', ( #240, #2136, #12, #5136 ) ) ;
#262 = EDGE_CURVE ( 'NONE', #2773, #4597, #5050, .T. ) ;
#263 = CARTESIAN_POINT ( 'NONE',  ( 2.816850952641881000, -2.047445795422216600E-016, -1.114577578257790000 ) ) ;
#264 = ORIENTED_EDGE ( 'NONE', *, *, #2140, .F. ) ;
#265 = CARTESIAN_POINT ( 'NONE',  ( 13.96495190528376200, 1.249999999999973400, 0.0000000000000000000 ) ) ;
#266 = DIRECTION ( 'NONE',  ( 0.0000000000000000000, -0.0000000000000000000, -1.000000000000000000 ) ) ;
#267 = AXIS2_PLACEMENT_3D ( 'NONE', #4330, #3171, #3203 ) ;
#268 = CARTESIAN_POINT ( 'NONE',  ( 1.912500000000003000, 8.838126989374036100E-017, 1.443375672974033500 ) ) ;
#269 = DIRECTION ( 'NONE',  ( 0.0000000000000000000, -1.000000000000000000, 0.0000000000000000000 ) ) ;
#270 = CARTESIAN_POINT ( 'NONE',  ( 13.43560095264188300, -0.4826262486298922800, 0.8359331836933431300 ) ) ;
#271 = CARTESIAN_POINT ( 'NONE',  ( 15.86162048123574100, 0.8809006982900954300, 0.7856551229886518100 ) ) ;
#272 = CARTESIAN_POINT ( 'NONE',  ( 0.7125000000000026900, -1.249999999999973600, -0.7216878364870164000 ) ) ;
#273 =( BOUNDED_CURVE ( )  B_SPLINE_CURVE ( 2, ( #1100, #3979, #2370, #1510, #2335, #4754, #685 ),
 .UNSPECIFIED., .F., .T. ) 
 B_SPLINE_CURVE_WITH_KNOTS ( ( 3, 2, 2, 3 ),
 ( 0.7500000000000000000, 0.7638888888888888400, 0.7777777777777777900, 0.7916666666666666300 ),
 .UNSPECIFIED. ) 
 CURVE ( )  GEOMETRIC_REPRESENTATION_ITEM ( )  RATIONAL_B_SPLINE_CURVE ( ( 1.000000000000000000, 0.8660254037844387100, 1.000000000000000000, 0.8660254037844387100, 1.000000000000000000, 0.8660254037844387100, 1.000000000000000000 ) ) 
 REPRESENTATION_ITEM ( '' )  );
#274 = CARTESIAN_POINT ( 'NONE',  ( 15.33621392896280400, 1.278124999999973800, 0.7379258128079749800 ) ) ;
#275 = CARTESIAN_POINT ( 'NONE',  ( 2.378737976320960600, 9.036984846634954800E-017, 1.475851625615950000 ) ) ;
#276 = CARTESIAN_POINT ( 'NONE',  ( 15.46495190528376200, -0.6249999999999863400, 1.082531754730525300 ) ) ;
#277 = CARTESIAN_POINT ( 'NONE',  ( 4.579350952641880700, -0.4826262486298926200, -0.8359331836933422400 ) ) ;
#278 = CARTESIAN_POINT ( 'NONE',  ( 4.200000000000002000, -0.6249999999999863400, 1.082531754730525300 ) ) ;
#279 = CARTESIAN_POINT ( 'NONE',  ( 13.81495190528376100, -0.6249999999999872300, -1.082531754730524900 ) ) ;
#280 = CARTESIAN_POINT ( 'NONE',  ( 1.125000000000002700, -1.249999999999973400, 1.530808498934159000E-016 ) ) ;
#281 = CARTESIAN_POINT ( 'NONE',  ( 13.96060095264188100, -0.9652524972597850100, 1.182093381138185100E-016 ) ) ;
#282 = CARTESIAN_POINT ( 'NONE',  ( 15.58750000000000700, -2.651438096812210700E-016, -1.443375672974033500 ) ) ;
#283 = AXIS2_PLACEMENT_3D ( 'NONE', #3075, #1868, #662 ) ;
#284 = CARTESIAN_POINT ( 'NONE',  ( 4.725000000000001400, -1.249999999999973400, 1.530808498934159000E-016 ) ) ;
#285 = CARTESIAN_POINT ( 'NONE',  ( 12.21685095264188300, -2.047445795422217400E-016, -1.114577578257790000 ) ) ;
#286 = CARTESIAN_POINT ( 'NONE',  ( 0.3537379763209609300, -2.711095453990486600E-016, -1.475851625615950000 ) ) ;
#287 = VECTOR ( 'NONE', #1974, 1000.000000000000000 ) ;
#288 = CARTESIAN_POINT ( 'NONE',  ( 15.98075666599057800, 1.506653605800998700, -1.728209346468587700 ) ) ;
#289 = CARTESIAN_POINT ( 'NONE',  ( 4.429350952641880400, -0.4826262486298919500, 0.8359331836933424600 ) ) ;
#290 = EDGE_LOOP ( 'NONE', ( #3977, #250, #1354 ) ) ;
#291 = CARTESIAN_POINT ( 'NONE',  ( 0.06249999999996110700, 1.249127957448161100, -0.04668346518423179000 ) ) ;
#292 = CARTESIAN_POINT ( 'NONE',  ( 15.70000000000000600, 1.249999999999973400, 0.0000000000000000000 ) ) ;
#293 = CARTESIAN_POINT ( 'NONE',  ( 4.800000000000002500, -0.6249999999999872300, -1.082531754730524900 ) ) ;
#294 = ORIENTED_EDGE ( 'NONE', *, *, #1260, .F. ) ;
#295 = CARTESIAN_POINT ( 'NONE',  ( 4.650000000000002100, -0.6249999999999863400, 1.082531754730525300 ) ) ;
#296 = CYLINDRICAL_SURFACE ( 'NONE', #4272, 1.249999999999973400 ) ;
#297 = EDGE_LOOP ( 'NONE', ( #3403, #2320, #1822, #1680 ) ) ;
#298 = CARTESIAN_POINT ( 'NONE',  ( 14.07310095264188600, -2.047445795422218600E-016, -1.114577578257790700 ) ) ;
#299 = CARTESIAN_POINT ( 'NONE',  ( 3.139951905283758600, 0.6249999999999856800, -1.082531754730525800 ) ) ;
#300 = VERTEX_POINT ( 'NONE', #147 ) ;
#301 = CARTESIAN_POINT ( 'NONE',  ( 0.0000000000000000000, 0.0000000000000000000, 0.0000000000000000000 ) ) ;
#302 = CARTESIAN_POINT ( 'NONE',  ( 16.17310095264188500, -0.9652524972597841300, 0.5572887891288953500 ) ) ;
#303 = CARTESIAN_POINT ( 'NONE',  ( 2.062500000000002200, -1.249999999999973600, -0.7216878364870164000 ) ) ;
#304 = CYLINDRICAL_SURFACE ( 'NONE', #837, 1.249999999999973400 ) ;
#305 = CYLINDRICAL_SURFACE ( 'NONE', #3234, 1.249999999999973400 ) ;
#306 = CARTESIAN_POINT ( 'NONE',  ( 13.71685095264188600, 0.9652524972597842400, 0.5572887891288949000 ) ) ;
#307 = CARTESIAN_POINT ( 'NONE',  ( 1.253737976320961100, -2.711095453990486600E-016, -1.475851625615950000 ) ) ;
#308 = DIRECTION ( 'NONE',  ( -6.018531076210111400E-033, -1.000000000000000000, 0.0000000000000000000 ) ) ;
#309 = VERTEX_POINT ( 'NONE', #999 ) ;
#310 = EDGE_CURVE ( 'NONE', #1114, #582, #3851, .T. ) ;
#311 = ORIENTED_EDGE ( 'NONE', *, *, #4040, .F. ) ;
#312 = CARTESIAN_POINT ( 'NONE',  ( 3.566850952641880600, -0.9652524972597841300, 0.5572887891288953500 ) ) ;
#313 = CARTESIAN_POINT ( 'NONE',  ( 14.12500000000000400, -1.249999999999973400, 1.530808498934158800E-016 ) ) ;
#314 = CARTESIAN_POINT ( 'NONE',  ( 0.5149519052837591100, 1.249999999999973400, 0.0000000000000000000 ) ) ;
#315 = CARTESIAN_POINT ( 'NONE',  ( 15.93749999999989300, -1.228954059493230200, -0.2284117327436577200 ) ) ;
#316 = ADVANCED_FACE ( 'NONE', ( #3766 ), #2820, .F. ) ;
#317 = CARTESIAN_POINT ( 'NONE',  ( 15.80782873905441100, -0.9380902916615734300, 0.6275611520188815200 ) ) ;
#318 = CARTESIAN_POINT ( 'NONE',  ( 13.06060095264188400, -0.9652524972597850100, 1.182093381138185100E-016 ) ) ;
#319 = CARTESIAN_POINT ( 'NONE',  ( 15.92851280427723800, -0.7697115522100213000, 1.002890266565089400 ) ) ;
#320 = CARTESIAN_POINT ( 'NONE',  ( 3.675000000000002500, 0.6249999999999867900, 1.082531754730525300 ) ) ;
#321 = ORIENTED_EDGE ( 'NONE', *, *, #1217, .T. ) ;
#322 = CARTESIAN_POINT ( 'NONE',  ( 0.3203396155681715900, 0.9628214613225883900, 0.2774980475141632900 ) ) ;
#323 = CARTESIAN_POINT ( 'NONE',  ( 12.25435095264188400, 0.4826262486298914500, -0.8359331836933428000 ) ) ;
#324 = CARTESIAN_POINT ( 'NONE',  ( 0.9537379763209610200, 1.278124999999973500, 0.7379258128079748700 ) ) ;
#325 = EDGE_CURVE ( 'NONE', #4029, #1338, #983, .T. ) ;
#326 = ORIENTED_EDGE ( 'NONE', *, *, #3920, .T. ) ;
#327 = CARTESIAN_POINT ( 'NONE',  ( 14.61250000000000600, -1.249999999999973600, -0.7216878364870164000 ) ) ;
#328 = DIRECTION ( 'NONE',  ( -6.018531076210111400E-033, -1.000000000000000000, 0.0000000000000000000 ) ) ;
#329 = CARTESIAN_POINT ( 'NONE',  ( 0.1356009526418809100, -0.4826262486298926200, -0.8359331836933422400 ) ) ;
#330 = CARTESIAN_POINT ( 'NONE',  ( 4.800000000000002500, 0.9439470035406807300, 0.2016840052478622300 ) ) ;
#331 = CARTESIAN_POINT ( 'NONE',  ( 15.88750000000000600, -1.249999999999973100, 0.7216878364870171800 ) ) ;
#332 = CARTESIAN_POINT ( 'NONE',  ( 4.687500000000002700, -1.249999999999973400, 0.7216878364870171800 ) ) ;
#333 = DIRECTION ( 'NONE',  ( -6.018531076210111400E-033, -1.000000000000000000, 0.0000000000000000000 ) ) ;
#334 =( BOUNDED_CURVE ( )  B_SPLINE_CURVE ( 2, ( #1464, #4709, #1909, #3121, #3539, #691, #1124 ),
 .UNSPECIFIED., .F., .T. ) 
 B_SPLINE_CURVE_WITH_KNOTS ( ( 3, 2, 2, 3 ),
 ( 0.5416666666666666300, 0.5555555555555555800, 0.5694444444444444200, 0.5833333333333333700 ),
 .UNSPECIFIED. ) 
 CURVE ( )  GEOMETRIC_REPRESENTATION_ITEM ( )  RATIONAL_B_SPLINE_CURVE ( ( 1.000000000000000000, 0.8660254037844387100, 1.000000000000000000, 0.8660254037844387100, 1.000000000000000000, 0.8660254037844387100, 1.000000000000000000 ) ) 
 REPRESENTATION_ITEM ( '' )  );
#335 = CARTESIAN_POINT ( 'NONE',  ( 13.36060095264188200, 0.4826262486298926200, 0.8359331836933430200 ) ) ;
#336 = CARTESIAN_POINT ( 'NONE',  ( -0.08939904735811908500, 0.4826262486298922800, 0.8359331836933423500 ) ) ;
#337 = CARTESIAN_POINT ( 'NONE',  ( 15.12745190528376300, -1.249999999999973400, -0.7216878364870162900 ) ) ;
#338 = CARTESIAN_POINT ( 'NONE',  ( 15.64810095264188300, 6.824819318074047200E-017, 1.114577578257790000 ) ) ;
#339 = DIRECTION ( 'NONE',  ( 0.0000000000000000000, 0.0000000000000000000, 1.000000000000000000 ) ) ;
#340 = CARTESIAN_POINT ( 'NONE',  ( 13.19185095264188400, 0.9652524972597841300, -0.5572887891288955700 ) ) ;
#341 = CARTESIAN_POINT ( 'NONE',  ( 0.6912379763209608500, -1.278124999999973300, 1.565251690160178100E-016 ) ) ;
#342 = EDGE_CURVE ( 'NONE', #309, #2893, #596, .T. ) ;
#343 = CARTESIAN_POINT ( 'NONE',  ( 0.7024519052837590000, -1.249999999999973100, 0.7216878364870171800 ) ) ;
#344 = CARTESIAN_POINT ( 'NONE',  ( 12.01060095264188600, 0.4826262486298922800, 0.8359331836933423500 ) ) ;
#345 = CARTESIAN_POINT ( 'NONE',  ( 0.6231009526418808100, -2.047445795422216600E-016, -1.114577578257790000 ) ) ;
#346 = CARTESIAN_POINT ( 'NONE',  ( 4.935600952641880000, -0.4826262486298919500, 0.8359331836933424600 ) ) ;
#347 = CARTESIAN_POINT ( 'NONE',  ( 4.800000000000002500, 1.012783851858569000, -0.2277875703270524100 ) ) ;
#348 = EDGE_CURVE ( 'NONE', #423, #2104, #366, .T. ) ;
#349 = CARTESIAN_POINT ( 'NONE',  ( 0.0000000000000000000, 1.124999999999999300, -1.948557158514985500 ) ) ;
#350 = DIRECTION ( 'NONE',  ( 6.018531076210110700E-033, 1.000000000000000000, 0.0000000000000000000 ) ) ;
#351 = CARTESIAN_POINT ( 'NONE',  ( 15.74353358437970100, -0.6032623217127073300, 0.8775965101406477700 ) ) ;
#352 = CARTESIAN_POINT ( 'NONE',  ( 11.32873797632096400, 9.036984846634947400E-017, 1.475851625615950000 ) ) ;
#353 = CARTESIAN_POINT ( 'NONE',  ( 2.250000000000002200, 1.249999999999973400, 0.0000000000000000000 ) ) ;
#354 = CARTESIAN_POINT ( 'NONE',  ( 15.08995190528376200, -1.249999999999973400, 1.530808498934159000E-016 ) ) ;
#355 = FACE_OUTER_BOUND ( 'NONE', #261, .T. ) ;
#356 = FACE_OUTER_BOUND ( 'NONE', #4715, .T. ) ;
#357 = CARTESIAN_POINT ( 'NONE',  ( 11.19999999999999800, 0.7248748637441705400, 0.9031380486887804500 ) ) ;
#358 = EDGE_CURVE ( 'NONE', #3635, #3168, #3410, .T. ) ;
#359 = CARTESIAN_POINT ( 'NONE',  ( 14.16685095264188400, 0.9652524972597842400, 0.5572887891288949000 ) ) ;
#360 = COORDINATED_UNIVERSAL_TIME_OFFSET ( 6, 0, .BEHIND. ) ;
#361 = CARTESIAN_POINT ( 'NONE',  ( 3.278737976320960500, 9.036984846634954800E-017, 1.475851625615950000 ) ) ;
#362 = ORIENTED_EDGE ( 'NONE', *, *, #244, .F. ) ;
#363 = CARTESIAN_POINT ( 'NONE',  ( 11.93560095264188400, 0.9652524972597843500, 0.0000000000000000000 ) ) ;
#364 = VERTEX_POINT ( 'NONE', #5049 ) ;
#365 = CARTESIAN_POINT ( 'NONE',  ( 1.635600952641880900, 0.9652524972597843500, 0.0000000000000000000 ) ) ;
#366 =( BOUNDED_CURVE ( )  B_SPLINE_CURVE ( 2, ( #2575, #1739, #3002, #1814, #2229, #3811, #4207 ),
 .UNSPECIFIED., .F., .T. ) 
 B_SPLINE_CURVE_WITH_KNOTS ( ( 3, 2, 2, 3 ),
 ( 0.6388888888888888400, 0.6527777777777777900, 0.6666666666666666300, 0.6805555555555555800 ),
 .UNSPECIFIED. ) 
 CURVE ( )  GEOMETRIC_REPRESENTATION_ITEM ( )  RATIONAL_B_SPLINE_CURVE ( ( 1.000000000000000000, 0.8660254037844387100, 1.000000000000000000, 0.8660254037844387100, 1.000000000000000000, 0.8660254037844387100, 1.000000000000000000 ) ) 
 REPRESENTATION_ITEM ( '' )  );
#367 = CARTESIAN_POINT ( 'NONE',  ( 2.179350952641880800, -0.4826262486298919500, 0.8359331836933424600 ) ) ;
#368 = LINE ( 'NONE', #3175, #4220 ) ;
#369 = ORIENTED_EDGE ( 'NONE', *, *, #971, .F. ) ;
#370 = CARTESIAN_POINT ( 'NONE',  ( 1.350000000000002800, 1.249999999999973400, 0.0000000000000000000 ) ) ;
#371 = CARTESIAN_POINT ( 'NONE',  ( 12.62500000000000500, 0.6249999999999867900, 1.082531754730525100 ) ) ;
#372 = ORIENTED_EDGE ( 'NONE', *, *, #4850, .F. ) ;
#373 = CARTESIAN_POINT ( 'NONE',  ( 11.29123797632096400, 0.6390624999999867700, 1.106888719211962500 ) ) ;
#374 = CARTESIAN_POINT ( 'NONE',  ( 15.21250000000000600, 1.249999999999972900, -0.7216878364870175100 ) ) ;
#375 = CYLINDRICAL_SURFACE ( 'NONE', #4470, 1.249999999999973400 ) ;
#376 = CARTESIAN_POINT ( 'NONE',  ( 1.639951905283759000, -1.249999999999973400, 1.530808498934159000E-016 ) ) ;
#377 = ORIENTED_EDGE ( 'NONE', *, *, #57, .T. ) ;
#378 = CARTESIAN_POINT ( 'NONE',  ( 0.4774519052837591400, 1.249999999999972900, -0.7216878364870175100 ) ) ;
#379 = CARTESIAN_POINT ( 'NONE',  ( 15.17935095264188300, -0.4826262486298919500, 0.8359331836933424600 ) ) ;
#380 = CARTESIAN_POINT ( 'NONE',  ( 0.2009618943233412400, 2.249999999999998700, 1.299038105676658700 ) ) ;
#381 = EDGE_CURVE ( 'NONE', #1179, #734, #2644, .T. ) ;
#382 = CARTESIAN_POINT ( 'NONE',  ( 11.48560095264188500, 0.9652524972597843500, 0.0000000000000000000 ) ) ;
#383 = CARTESIAN_POINT ( 'NONE',  ( 1.523100952641880800, -2.047445795422216600E-016, -1.114577578257790000 ) ) ;
#384 = EDGE_LOOP ( 'NONE', ( #4765, #2845, #2414, #1239 ) ) ;
#385 = CARTESIAN_POINT ( 'NONE',  ( 4.054350952641880400, -0.9652524972597843500, 1.182093381138184100E-016 ) ) ;
#386 = DIRECTION ( 'NONE',  ( -1.000000000000000000, 0.0000000000000000000, 0.0000000000000000000 ) ) ;
#387 = CARTESIAN_POINT ( 'NONE',  ( 1.898100952641880400, -0.9652524972597844600, -0.5572887891288946800 ) ) ;
#388 = ORIENTED_EDGE ( 'NONE', *, *, #905, .T. ) ;
#389 = CARTESIAN_POINT ( 'NONE',  ( 12.26623797632096400, -0.6390624999999863200, 1.106888719211962700 ) ) ;
#390 = CARTESIAN_POINT ( 'NONE',  ( 2.839951905283758700, 0.6249999999999866800, 1.082531754730525100 ) ) ;
#391 = CARTESIAN_POINT ( 'NONE',  ( 1.414951905283758900, 1.249999999999973400, 0.0000000000000000000 ) ) ;
#392 = DIRECTION ( 'NONE',  ( -1.000000000000000000, 6.018531076210110700E-033, -0.0000000000000000000 ) ) ;
#393 = CARTESIAN_POINT ( 'NONE',  ( 0.2588110519645773200, 0.4875754398085518900, -0.9447643615932852500 ) ) ;
#394 = CARTESIAN_POINT ( 'NONE',  ( 0.0000000000000000000, 0.0000000000000000000, 0.0000000000000000000 ) ) ;
#395 = CARTESIAN_POINT ( 'NONE',  ( 3.510600952641880700, 0.4826262486298922800, 0.8359331836933423500 ) ) ;
#396 = CARTESIAN_POINT ( 'NONE',  ( 0.0000000000000000000, 0.0000000000000000000, 2.249999999999998200 ) ) ;
#397 = DIRECTION ( 'NONE',  ( -1.000000000000000000, 6.018531076210110700E-033, -0.0000000000000000000 ) ) ;
#398 = CARTESIAN_POINT ( 'NONE',  ( 2.160600952641880600, 0.4826262486298922800, 0.8359331836933423500 ) ) ;
#399 = CARTESIAN_POINT ( 'NONE',  ( 1.879350952641880800, -0.4826262486298926200, -0.8359331836933422400 ) ) ;
#400 = CARTESIAN_POINT ( 'NONE',  ( 2.685600952641880500, -0.4826262486298919500, 0.8359331836933424600 ) ) ;
#401 = CARTESIAN_POINT ( 'NONE',  ( 15.31060095264188300, -0.9652524972597850100, 1.182093381138185100E-016 ) ) ;
#402 = CARTESIAN_POINT ( 'NONE',  ( 1.335600952641880600, -0.4826262486298919500, 0.8359331836933424600 ) ) ;
#403 = CARTESIAN_POINT ( 'NONE',  ( 1.977451905283758900, 8.838126989374036100E-017, 1.443375672974033500 ) ) ;
#404 = EDGE_CURVE ( 'NONE', #1751, #3329, #131, .T. ) ;
#405 = CARTESIAN_POINT ( 'NONE',  ( 4.335600952641880400, 0.9652524972597843500, 0.0000000000000000000 ) ) ;
#406 = CARTESIAN_POINT ( 'NONE',  ( 15.25435095264188400, -0.9652524972597843500, 1.182093381138184100E-016 ) ) ;
#407 = CARTESIAN_POINT ( 'NONE',  ( 15.61495190528376200, -0.6249999999999872300, -1.082531754730524900 ) ) ;
#408 = LINE ( 'NONE', #1025, #2189 ) ;
#409 = CARTESIAN_POINT ( 'NONE',  ( 2.085600952641880800, 0.9652524972597843500, 0.0000000000000000000 ) ) ;
#410 = CARTESIAN_POINT ( 'NONE',  ( 2.066850952641880600, 0.9652524972597842400, 0.5572887891288949000 ) ) ;
#411 = DIRECTION ( 'NONE',  ( -1.000000000000000000, 6.018531076210110700E-033, -0.0000000000000000000 ) ) ;
#412 = CARTESIAN_POINT ( 'NONE',  ( 1.898100952641880800, -0.9652524972597845700, -0.5572887891288946800 ) ) ;
#413 = LINE ( 'NONE', #2851, #3834 ) ;
#414 = VERTEX_POINT ( 'NONE', #3434 ) ;
#415 = CARTESIAN_POINT ( 'NONE',  ( 11.85373797632096200, -1.278124999999973300, 0.7379258128079753100 ) ) ;
#416 = VERTEX_POINT ( 'NONE', #4693 ) ;
#417 = DIRECTION ( 'NONE',  ( -6.018531076210111400E-033, -1.000000000000000000, 0.0000000000000000000 ) ) ;
#418 = AXIS2_PLACEMENT_3D ( 'NONE', #1187, #397, #1630 ) ;
#419 = FACE_OUTER_BOUND ( 'NONE', #4907, .T. ) ;
#420 = EDGE_CURVE ( 'NONE', #869, #756, #4663, .T. ) ;
#421 = VERTEX_POINT ( 'NONE', #644 ) ;
#422 = CARTESIAN_POINT ( 'NONE',  ( 15.59185095264188100, 6.824819318074047200E-017, 1.114577578257790000 ) ) ;
#423 = VERTEX_POINT ( 'NONE', #1480 ) ;
#424 = CARTESIAN_POINT ( 'NONE',  ( 4.598100952641879700, -0.9652524972597844600, -0.5572887891288946800 ) ) ;
#425 =( BOUNDED_CURVE ( )  B_SPLINE_CURVE ( 2, ( #4250, #3910, #2045, #3172, #3501, #4769, #2353 ),
 .UNSPECIFIED., .F., .T. ) 
 B_SPLINE_CURVE_WITH_KNOTS ( ( 3, 2, 2, 3 ),
 ( 0.3888888888888888400, 0.4027777777777777900, 0.4166666666666666300, 0.4305555555555555800 ),
 .UNSPECIFIED. ) 
 CURVE ( )  GEOMETRIC_REPRESENTATION_ITEM ( )  RATIONAL_B_SPLINE_CURVE ( ( 1.000000000000000000, 0.8660254037844387100, 1.000000000000000000, 0.8660254037844387100, 1.000000000000000000, 0.8660254037844387100, 1.000000000000000000 ) ) 
 REPRESENTATION_ITEM ( '' )  );
#426 = FACE_OUTER_BOUND ( 'NONE', #2715, .T. ) ;
#427 = CARTESIAN_POINT ( 'NONE',  ( 13.82935095264188500, -0.4826262486298919500, 0.8359331836933424600 ) ) ;
#428 = CARTESIAN_POINT ( 'NONE',  ( 11.81121392896280400, 9.036984846634948600E-017, 1.475851625615950200 ) ) ;
#429 = ORIENTED_EDGE ( 'NONE', *, *, #5109, .F. ) ;
#430 = CARTESIAN_POINT ( 'NONE',  ( 3.735600952641880700, -0.4826262486298926200, -0.8359331836933422400 ) ) ;
#431 = ORIENTED_EDGE ( 'NONE', *, *, #2547, .F. ) ;
#432 = CARTESIAN_POINT ( 'NONE',  ( 4.204350952641879900, 0.4826262486298914500, -0.8359331836933428000 ) ) ;
#433 = CARTESIAN_POINT ( 'NONE',  ( 14.41495190528376100, 1.249999999999973400, 0.0000000000000000000 ) ) ;
#434 = CARTESIAN_POINT ( 'NONE',  ( 1.560600952641880700, 0.4826262486298914500, -0.8359331836933428000 ) ) ;
#435 = ORIENTED_EDGE ( 'NONE', *, *, #2140, .T. ) ;
#436 = CARTESIAN_POINT ( 'NONE',  ( 11.46249999999997700, -1.250000000000431200, -0.7216878364867519400 ) ) ;
#437 = CARTESIAN_POINT ( 'NONE',  ( 2.310600952641880500, -0.9652524972597843500, 1.182093381138184100E-016 ) ) ;
#438 = CARTESIAN_POINT ( 'NONE',  ( 14.62873797632096500, -1.278124999999973800, -0.7379258128079745300 ) ) ;
#439 = DIRECTION ( 'NONE',  ( 1.000000000000000000, 0.0000000000000000000, 0.0000000000000000000 ) ) ;
#440 = CARTESIAN_POINT ( 'NONE',  ( 16.00000000000000400, 2.249999999999998700, 0.0000000000000000000 ) ) ;
#441 = CARTESIAN_POINT ( 'NONE',  ( 0.3472475027402641100, -0.06945377945402457500, 0.9627505159623658300 ) ) ;
#442 = CARTESIAN_POINT ( 'NONE',  ( 15.66685095264188600, -0.9652524972597841300, 0.5572887891288953500 ) ) ;
#443 = ADVANCED_FACE ( 'NONE', ( #2600, #4845 ), #2701, .T. ) ;
#444 = CARTESIAN_POINT ( 'NONE',  ( 12.76060095264188400, 0.4826262486298914500, -0.8359331836933428000 ) ) ;
#445 = CARTESIAN_POINT ( 'NONE',  ( 14.42500000000000600, 0.6249999999999867900, 1.082531754730525100 ) ) ;
#446 = CARTESIAN_POINT ( 'NONE',  ( 4.441237976320960200, 0.6390624999999856600, -1.106888719211963200 ) ) ;
#447 = ORIENTED_EDGE ( 'NONE', *, *, #2213, .T. ) ;
#448 = AXIS2_PLACEMENT_3D ( 'NONE', #3013, #2201, #978 ) ;
#449 = CARTESIAN_POINT ( 'NONE',  ( 14.20435095264188300, 0.4826262486298922800, 0.8359331836933423500 ) ) ;
#450 = CARTESIAN_POINT ( 'NONE',  ( 11.99871392896280400, -0.6390624999999873200, -1.106888719211962500 ) ) ;
#451 = CARTESIAN_POINT ( 'NONE',  ( 2.760600952641880700, -0.9652524972597843500, 1.182093381138184100E-016 ) ) ;
#452 = CARTESIAN_POINT ( 'NONE',  ( 12.92500000000000600, 0.6249999999999857900, -1.082531754730525800 ) ) ;
#453 = CARTESIAN_POINT ( 'NONE',  ( 0.8481009526418807900, 6.824819318074054600E-017, 1.114577578257790000 ) ) ;
#454 = VERTEX_POINT ( 'NONE', #1064 ) ;
#455 = CARTESIAN_POINT ( 'NONE',  ( 11.53750000000000700, -2.651438096812210700E-016, -1.443375672974033500 ) ) ;
#456 = CARTESIAN_POINT ( 'NONE',  ( 11.98750000000000400, -2.651438096812210700E-016, -1.443375672974033500 ) ) ;
#457 = CARTESIAN_POINT ( 'NONE',  ( 16.00000000000000700, 2.249999999999997800, 0.2199237090747413500 ) ) ;
#458 = CARTESIAN_POINT ( 'NONE',  ( 0.6418509526418808600, 0.9652524972597840100, -0.5572887891288955700 ) ) ;
#459 = CARTESIAN_POINT ( 'NONE',  ( 14.86060095264188500, -0.9652524972597843500, 1.182093381138184100E-016 ) ) ;
#460 = CARTESIAN_POINT ( 'NONE',  ( 0.2829780778321006100, 0.8846038507091611400, -0.5450344377561116000 ) ) ;
#461 = CARTESIAN_POINT ( 'NONE',  ( 4.448100952641880200, 6.824819318074054600E-017, 1.114577578257790000 ) ) ;
#462 = CARTESIAN_POINT ( 'NONE',  ( 2.641237976320960400, 0.6390624999999856600, -1.106888719211963200 ) ) ;
#463 = CARTESIAN_POINT ( 'NONE',  ( 13.60435095264188400, 0.4826262486298914500, -0.8359331836933428000 ) ) ;
#464 = CARTESIAN_POINT ( 'NONE',  ( 11.43621392896280400, -1.278124999999973500, 0.7379258128079755300 ) ) ;
#465 = CARTESIAN_POINT ( 'NONE',  ( 2.873100952641880900, -2.047445795422216600E-016, -1.114577578257790000 ) ) ;
#466 = CARTESIAN_POINT ( 'NONE',  ( 4.091850952641880900, -0.9652524972597844600, -0.5572887891288946800 ) ) ;
#467 = CARTESIAN_POINT ( 'NONE',  ( 2.573100952641880200, 0.9652524972597843500, 0.5572887891288949000 ) ) ;
#468 = ADVANCED_FACE ( 'NONE', ( #4658 ), #4284, .F. ) ;
#469 = DIRECTION ( 'NONE',  ( -6.018531076210111400E-033, -1.000000000000000000, 0.0000000000000000000 ) ) ;
#470 = CARTESIAN_POINT ( 'NONE',  ( 14.27500000000000400, 0.6249999999999857900, -1.082531754730525800 ) ) ;
#471 = CARTESIAN_POINT ( 'NONE',  ( 1.354350952641880900, -0.9652524972597843500, 1.182093381138184100E-016 ) ) ;
#472 = CARTESIAN_POINT ( 'NONE',  ( 13.73560095264188500, 0.9652524972597843500, 0.0000000000000000000 ) ) ;
#473 = EDGE_CURVE ( 'NONE', #2355, #2902, #1524, .T. ) ;
#474 = CARTESIAN_POINT ( 'NONE',  ( 15.79903810567666300, -1.620551435720649300E-015, 2.598076211353314700 ) ) ;
#475 = CARTESIAN_POINT ( 'NONE',  ( 11.69185095264188400, -0.9652524972597845700, -0.5572887891288946800 ) ) ;
#476 = CARTESIAN_POINT ( 'NONE',  ( 2.760600952641880700, -0.9652524972597843500, 1.182093381138184100E-016 ) ) ;
#477 = CARTESIAN_POINT ( 'NONE',  ( 3.466237976320960500, -0.6390624999999872100, -1.106888719211962300 ) ) ;
#478 = ORIENTED_EDGE ( 'NONE', *, *, #613, .T. ) ;
#479 = CARTESIAN_POINT ( 'NONE',  ( 12.16495190528376300, 1.249999999999973400, 0.0000000000000000000 ) ) ;
#480 = CARTESIAN_POINT ( 'NONE',  ( 14.84185095264188600, -0.9652524972597844600, -0.5572887891288946800 ) ) ;
#481 = COORDINATED_UNIVERSAL_TIME_OFFSET ( 6, 0, .BEHIND. ) ;
#482 = DIRECTION ( 'NONE',  ( -1.000000000000000000, 6.018531076210110700E-033, -0.0000000000000000000 ) ) ;
#483 = CARTESIAN_POINT ( 'NONE',  ( 3.510600952641880700, 0.4826262486298922800, 0.8359331836933423500 ) ) ;
#484 = DIRECTION ( 'NONE',  ( 0.0000000000000000000, 0.0000000000000000000, 1.000000000000000000 ) ) ;
#485 = VECTOR ( 'NONE', #3306, 1000.000000000000000 ) ;
#486 = ORIENTED_EDGE ( 'NONE', *, *, #3826, .T. ) ;
#487 = CARTESIAN_POINT ( 'NONE',  ( 13.78750000000000500, -2.651438096812210700E-016, -1.443375672974033500 ) ) ;
#488 = CARTESIAN_POINT ( 'NONE',  ( 3.435600952641880900, 0.9652524972597843500, 0.0000000000000000000 ) ) ;
#489 = PRODUCT ( '95947A011_Aluminum Female Threaded Hex Standoff', '95947A011_Aluminum Female Threaded Hex Standoff', '', ( #4593 ) ) ;
#490 = ORIENTED_EDGE ( 'NONE', *, *, #1440, .T. ) ;
#491 = CARTESIAN_POINT ( 'NONE',  ( 2.737500000000002500, 1.249999999999973400, 0.7216878364870166200 ) ) ;
#492 = VECTOR ( 'NONE', #1656, 1000.000000000000000 ) ;
#493 = VERTEX_POINT ( 'NONE', #3840 ) ;
#494 = CARTESIAN_POINT ( 'NONE',  ( 16.00000000000000400, -1.124999999999998200, -1.948557158514986600 ) ) ;
#495 = ORIENTED_EDGE ( 'NONE', *, *, #782, .F. ) ;
#496 = CARTESIAN_POINT ( 'NONE',  ( 0.7543509526418809000, 0.4826262486298922800, 0.8359331836933423500 ) ) ;
#497 =( BOUNDED_CURVE ( )  B_SPLINE_CURVE ( 2, ( #918, #4143, #3337, #514, #111, #4126, #3745 ),
 .UNSPECIFIED., .F., .T. ) 
 B_SPLINE_CURVE_WITH_KNOTS ( ( 3, 2, 2, 3 ),
 ( 0.6388888888888888400, 0.6527777777777777900, 0.6666666666666666300, 0.6805555555555555800 ),
 .UNSPECIFIED. ) 
 CURVE ( )  GEOMETRIC_REPRESENTATION_ITEM ( )  RATIONAL_B_SPLINE_CURVE ( ( 1.000000000000000000, 0.8660254037844387100, 1.000000000000000000, 0.8660254037844387100, 1.000000000000000000, 0.8660254037844387100, 1.000000000000000000 ) ) 
 REPRESENTATION_ITEM ( '' )  );
#498 = CARTESIAN_POINT ( 'NONE',  ( 14.67310095264188500, 0.9652524972597843500, 0.5572887891288949000 ) ) ;
#499 = ADVANCED_FACE ( 'NONE', ( #2543 ), #4713, .F. ) ;
#500 = FACE_OUTER_BOUND ( 'NONE', #3571, .T. ) ;
#501 =( BOUNDED_CURVE ( )  B_SPLINE_CURVE ( 2, ( #1892, #699, #1855, #4668, #3074, #2246, #3891 ),
 .UNSPECIFIED., .F., .T. ) 
 B_SPLINE_CURVE_WITH_KNOTS ( ( 3, 2, 2, 3 ),
 ( 0.1388888888888888400, 0.1527777777777777900, 0.1666666666666666300, 0.1805555555555555800 ),
 .UNSPECIFIED. ) 
 CURVE ( )  GEOMETRIC_REPRESENTATION_ITEM ( )  RATIONAL_B_SPLINE_CURVE ( ( 1.000000000000000000, 0.8660254037844387100, 1.000000000000000000, 0.8660254037844387100, 1.000000000000000000, 0.8660254037844387100, 1.000000000000000000 ) ) 
 REPRESENTATION_ITEM ( '' )  );
#502 = CARTESIAN_POINT ( 'NONE',  ( 12.21685095264188300, -2.047445795422217400E-016, -1.114577578257790000 ) ) ;
#503 = CARTESIAN_POINT ( 'NONE',  ( 12.92935095264188500, -0.4826262486298919500, 0.8359331836933424600 ) ) ;
#504 = CARTESIAN_POINT ( 'NONE',  ( 5.266237976320960400, -0.6390624999999872100, -1.106888719211962300 ) ) ;
#505 = EDGE_LOOP ( 'NONE', ( #1520, #1307 ) ) ;
#506 = CARTESIAN_POINT ( 'NONE',  ( 0.3081651560341569500, 1.004334843965892300, 1.457429670842558400E-011 ) ) ;
#507 = CARTESIAN_POINT ( 'NONE',  ( 12.04810095264188300, 6.824819318074047200E-017, 1.114577578257790000 ) ) ;
#508 = CARTESIAN_POINT ( 'NONE',  ( 16.00000000000000400, 0.0000000000000000000, 0.0000000000000000000 ) ) ;
#509 = CARTESIAN_POINT ( 'NONE',  ( 2.523713928962800800, -1.278124999999973500, 1.565251690160178300E-016 ) ) ;
#510 = CARTESIAN_POINT ( 'NONE',  ( 4.166850952641881100, -2.047445795422216600E-016, -1.114577578257790000 ) ) ;
#511 = CARTESIAN_POINT ( 'NONE',  ( 3.698100952641880700, -0.9652524972597845700, -0.5572887891288946800 ) ) ;
#512 = ORIENTED_EDGE ( 'NONE', *, *, #5197, .T. ) ;
#513 = CARTESIAN_POINT ( 'NONE',  ( -0.2206490473581189700, 0.9652524972597843500, 0.0000000000000000000 ) ) ;
#514 = CARTESIAN_POINT ( 'NONE',  ( 1.302451905283759300, -2.651438096812210200E-016, -1.443375672974033500 ) ) ;
#515 = EDGE_CURVE ( 'NONE', #756, #4485, #2483, .T. ) ;
#516 = CARTESIAN_POINT ( 'NONE',  ( 4.448100952641880200, 6.824819318074054600E-017, 1.114577578257790000 ) ) ;
#517 = CARTESIAN_POINT ( 'NONE',  ( 1.541850952641880700, 0.9652524972597840100, -0.5572887891288955700 ) ) ;
#518 = CARTESIAN_POINT ( 'NONE',  ( 13.47310095264188600, -0.9652524972597841300, 0.5572887891288953500 ) ) ;
#519 = ORIENTED_EDGE ( 'NONE', *, *, #5053, .T. ) ;
#520 = CARTESIAN_POINT ( 'NONE',  ( 11.87935095264188400, 0.9652524972597843500, 0.0000000000000000000 ) ) ;
#521 = CARTESIAN_POINT ( 'NONE',  ( 12.66685095264188400, -2.047445795422217100E-016, -1.114577578257790000 ) ) ;
#522 = CARTESIAN_POINT ( 'NONE',  ( 12.27745190528376400, 8.838126989374027500E-017, 1.443375672974033500 ) ) ;
#523 = EDGE_CURVE ( 'NONE', #2020, #1114, #979, .T. ) ;
#524 = CARTESIAN_POINT ( 'NONE',  ( 12.94810095264188600, 6.824819318074047200E-017, 1.114577578257790000 ) ) ;
#525 = CARTESIAN_POINT ( 'NONE',  ( 13.31121392896280600, -1.278124999999973800, -0.7379258128079745300 ) ) ;
#526 = CARTESIAN_POINT ( 'NONE',  ( 2.973713928962800500, -1.278124999999973500, 1.565251690160178300E-016 ) ) ;
#527 = CARTESIAN_POINT ( 'NONE',  ( 3.623100952641880900, -0.9652524972597841300, 0.5572887891288953500 ) ) ;
#528 = ADVANCED_FACE ( 'NONE', ( #500 ), #1570, .F. ) ;
#529 = AXIS2_PLACEMENT_3D ( 'NONE', #2114, #3280, #799 ) ;
#530 = EDGE_CURVE ( 'NONE', #3772, #1767, #5091, .T. ) ;
#531 = CARTESIAN_POINT ( 'NONE',  ( 14.21623797632096300, -0.6390624999999872100, -1.106888719211962300 ) ) ;
#532 = CARTESIAN_POINT ( 'NONE',  ( 4.541850952641880200, -0.9652524972597845700, -0.5572887891288946800 ) ) ;
#533 = CARTESIAN_POINT ( 'NONE',  ( 14.26060095264188400, 0.4826262486298922800, 0.8359331836933423500 ) ) ;
#534 = CARTESIAN_POINT ( 'NONE',  ( 11.65435095264188400, -0.9652524972597843500, 1.182093381138184100E-016 ) ) ;
#535 = CARTESIAN_POINT ( 'NONE',  ( 13.22935095264188400, 0.9652524972597843500, 0.0000000000000000000 ) ) ;
#536 = CARTESIAN_POINT ( 'NONE',  ( 5.041237976320961600, 0.6390624999999867700, 1.106888719211962500 ) ) ;
#537 = CARTESIAN_POINT ( 'NONE',  ( 1.575000000000002600, -1.249999999999973400, 1.530808498934159000E-016 ) ) ;
#538 = ORIENTED_EDGE ( 'NONE', *, *, #4096, .F. ) ;
#539 = CARTESIAN_POINT ( 'NONE',  ( 11.37310095264188400, -2.047445795422217400E-016, -1.114577578257790000 ) ) ;
#540 = CARTESIAN_POINT ( 'NONE',  ( 12.52371392896280300, 0.6390624999999857700, -1.106888719211963400 ) ) ;
#541 = CARTESIAN_POINT ( 'NONE',  ( 2.148713928962800800, -0.6390624999999873200, -1.106888719211962500 ) ) ;
#542 = CARTESIAN_POINT ( 'NONE',  ( 11.48995190528376200, -1.249999999999973400, 1.530808498934159000E-016 ) ) ;
#543 = CARTESIAN_POINT ( 'NONE',  ( 4.792462341617014200, 0.9652524972597843500, 0.1019673374318572800 ) ) ;
#544 = LINE ( 'NONE', #3187, #287 ) ;
#545 = CARTESIAN_POINT ( 'NONE',  ( 0.1543509526418810100, 0.4826262486298914500, -0.8359331836933428000 ) ) ;
#546 = CARTESIAN_POINT ( 'NONE',  ( 14.55373797632096500, -1.278124999999973300, 0.7379258128079753100 ) ) ;
#547 = CARTESIAN_POINT ( 'NONE',  ( 4.691850952641880600, 0.9652524972597840100, -0.5572887891288955700 ) ) ;
#548 = CIRCLE ( 'NONE', #1740, 1.249999999999973400 ) ;
#549 = ORIENTED_EDGE ( 'NONE', *, *, #4428, .F. ) ;
#550 = ADVANCED_FACE ( 'NONE', ( #2969 ), #3278, .F. ) ;
#551 = AXIS2_PLACEMENT_3D ( 'NONE', #4274, #4690, #1861 ) ;
#552 = CARTESIAN_POINT ( 'NONE',  ( 12.14185095264188300, -0.9652524972597844600, -0.5572887891288946800 ) ) ;
#553 = ORIENTED_EDGE ( 'NONE', *, *, #530, .T. ) ;
#554 = CARTESIAN_POINT ( 'NONE',  ( 11.46685095264188400, 0.9652524972597843500, 0.5572887891288949000 ) ) ;
#555 = CARTESIAN_POINT ( 'NONE',  ( -0.3637860710371990700, 1.278124999999973800, 0.7379258128079749800 ) ) ;
#556 = CARTESIAN_POINT ( 'NONE',  ( 13.49185095264188500, -0.9652524972597844600, -0.5572887891288946800 ) ) ;
#557 = CIRCLE ( 'NONE', #1299, 2.249999999999998200 ) ;
#558 = ORIENTED_EDGE ( 'NONE', *, *, #39, .T. ) ;
#559 = CARTESIAN_POINT ( 'NONE',  ( 11.89810095264188500, 0.9652524972597841300, -0.5572887891288955700 ) ) ;
#560 = CARTESIAN_POINT ( 'NONE',  ( 13.12371392896280400, 0.6390624999999868800, 1.106888719211962700 ) ) ;
#561 = ORIENTED_EDGE ( 'NONE', *, *, #3579, .F. ) ;
#562 = CARTESIAN_POINT ( 'NONE',  ( 2.673713928962800700, 0.6390624999999857700, -1.106888719211963400 ) ) ;
#563 = CARTESIAN_POINT ( 'NONE',  ( 4.800000000000006000, -0.4809050129100050900, 1.004757287754266300 ) ) ;
#564 = AXIS2_PLACEMENT_3D ( 'NONE', #1007, #4685, #4669 ) ;
#565 = CARTESIAN_POINT ( 'NONE',  ( 4.223100952641880600, -2.047445795422216600E-016, -1.114577578257790000 ) ) ;
#566 = EDGE_LOOP ( 'NONE', ( #1443, #486, #3460, #617, #4967, #3743, #2956, #4409, #3027, #2263, #4419, #2709, #4287, #4091, #1404, #1945, #3781, #2603, #3637, #108, #3896, #2098, #1997, #808, #1895, #431, #937 ) ) ;
#567 = CARTESIAN_POINT ( 'NONE',  ( 0.4918509526418810600, -0.9652524972597844600, -0.5572887891288946800 ) ) ;
#568 =( BOUNDED_CURVE ( )  B_SPLINE_CURVE ( 2, ( #5190, #3198, #3183, #1536, #3580, #1576, #5176 ),
 .UNSPECIFIED., .F., .T. ) 
 B_SPLINE_CURVE_WITH_KNOTS ( ( 3, 2, 2, 3 ),
 ( 0.01388888888888598800, 0.02777777777777212100, 0.04166666666665813600, 0.05555555555554427000 ),
 .UNSPECIFIED. ) 
 CURVE ( )  GEOMETRIC_REPRESENTATION_ITEM ( )  RATIONAL_B_SPLINE_CURVE ( ( 1.000000000000027500, 0.8660254037844112900, 1.000000000000000000, 0.8660254037844387100, 1.000000000000000000, 0.8660254037845478400, 0.9999999999998908700 ) ) 
 REPRESENTATION_ITEM ( '' )  );
#569 = CARTESIAN_POINT ( 'NONE',  ( 14.59123797632096300, -1.278124999999973300, 1.565251690160178100E-016 ) ) ;
#570 = CARTESIAN_POINT ( 'NONE',  ( 14.20435095264188300, 0.4826262486298922800, 0.8359331836933423500 ) ) ;
#571 = AXIS2_PLACEMENT_3D ( 'NONE', #2334, #386, #4386 ) ;
#572 = CARTESIAN_POINT ( 'NONE',  ( 3.529350952641880900, -0.4826262486298919500, 0.8359331836933424600 ) ) ;
#573 = ORIENTED_EDGE ( 'NONE', *, *, #2345, .T. ) ;
#574 = CARTESIAN_POINT ( 'NONE',  ( 15.53560095264188600, 0.9652524972597843500, 0.0000000000000000000 ) ) ;
#575 = CARTESIAN_POINT ( 'NONE',  ( 11.54185095264188600, 6.824819318074047200E-017, 1.114577578257790000 ) ) ;
#576 = CARTESIAN_POINT ( 'NONE',  ( 16.00000000000000400, -2.249999999999998700, -7.511572993685794200E-016 ) ) ;
#577 = CARTESIAN_POINT ( 'NONE',  ( 12.12310095264188600, -0.9652524972597841300, 0.5572887891288953500 ) ) ;
#578 = CARTESIAN_POINT ( 'NONE',  ( 13.98621392896280300, 1.278124999999973800, 0.7379258128079749800 ) ) ;
#579 = CARTESIAN_POINT ( 'NONE',  ( 3.461213928962800800, -1.278124999999973800, -0.7379258128079745300 ) ) ;
#580 = VERTEX_POINT ( 'NONE', #2324 ) ;
#581 = CARTESIAN_POINT ( 'NONE',  ( 1.241850952641880800, 6.824819318074054600E-017, 1.114577578257790000 ) ) ;
#582 = VERTEX_POINT ( 'NONE', #3138 ) ;
#583 = EDGE_CURVE ( 'NONE', #2893, #2793, #1184, .T. ) ;
#584 = CARTESIAN_POINT ( 'NONE',  ( 13.54123797632096200, 0.6390624999999867700, 1.106888719211962500 ) ) ;
#585 = CARTESIAN_POINT ( 'NONE',  ( 15.21685095264188300, -0.9652524972597841300, 0.5572887891288953500 ) ) ;
#586 = CARTESIAN_POINT ( 'NONE',  ( 2.329350952641880700, -0.4826262486298926200, -0.8359331836933422400 ) ) ;
#587 = CARTESIAN_POINT ( 'NONE',  ( 1.002451905283758800, 1.249999999999973400, 0.7216878364870166200 ) ) ;
#588 = CARTESIAN_POINT ( 'NONE',  ( 12.08560095264188300, -0.4826262486298922800, 0.8359331836933431300 ) ) ;
#589 = CARTESIAN_POINT ( 'NONE',  ( 11.80000000000000400, -0.6249999999999863400, 1.082531754730525300 ) ) ;
#590 = CARTESIAN_POINT ( 'NONE',  ( 1.736213928962800500, -2.711095453990486600E-016, -1.475851625615950200 ) ) ;
#591 = CARTESIAN_POINT ( 'NONE',  ( 2.437500000000002700, -1.249999999999973400, 0.7216878364870171800 ) ) ;
#592 = CARTESIAN_POINT ( 'NONE',  ( 15.08560095264188500, 0.9652524972597843500, 0.0000000000000000000 ) ) ;
#593 = CARTESIAN_POINT ( 'NONE',  ( 13.53621392896280400, 1.278124999999973800, 0.7379258128079749800 ) ) ;
#594 = CARTESIAN_POINT ( 'NONE',  ( 0.6793509526418809500, 0.9652524972597843500, 0.0000000000000000000 ) ) ;
#595 = CARTESIAN_POINT ( 'NONE',  ( 11.37745190528376100, 8.838126989374027500E-017, 1.443375672974033500 ) ) ;
#596 =( BOUNDED_CURVE ( )  B_SPLINE_CURVE ( 2, ( #3401, #933, #4192, #4960, #1366, #3364, #1801 ),
 .UNSPECIFIED., .F., .T. ) 
 B_SPLINE_CURVE_WITH_KNOTS ( ( 3, 2, 2, 3 ),
 ( 0.7222222222222222100, 0.7361111111111111600, 0.7500000000000000000, 0.7638888888888888400 ),
 .UNSPECIFIED. ) 
 CURVE ( )  GEOMETRIC_REPRESENTATION_ITEM ( )  RATIONAL_B_SPLINE_CURVE ( ( 1.000000000000000000, 0.8660254037844387100, 1.000000000000000000, 0.8660254037844387100, 1.000000000000000000, 0.8660254037844387100, 1.000000000000000000 ) ) 
 REPRESENTATION_ITEM ( '' )  );
#597 = AXIS2_PLACEMENT_3D ( 'NONE', #218, #3030, #2162 ) ;
#598 = CARTESIAN_POINT ( 'NONE',  ( 2.254350952641880600, -0.9652524972597843500, 1.182093381138184100E-016 ) ) ;
#599 = EDGE_CURVE ( 'NONE', #3529, #734, #606, .T. ) ;
#600 = CARTESIAN_POINT ( 'NONE',  ( 15.37873797632096500, 9.036984846634947400E-017, 1.475851625615950000 ) ) ;
#601 = CARTESIAN_POINT ( 'NONE',  ( 15.31060095264188400, -0.9652524972597843500, 1.182093381138184100E-016 ) ) ;
#602 = CARTESIAN_POINT ( 'NONE',  ( 11.78560095264188400, -0.4826262486298929500, -0.8359331836933428000 ) ) ;
#603 = CARTESIAN_POINT ( 'NONE',  ( 12.25000000000000500, -0.6249999999999863400, 1.082531754730525300 ) ) ;
#604 = CARTESIAN_POINT ( 'NONE',  ( 1.548713928962800700, -0.6390624999999864300, 1.106888719211963000 ) ) ;
#605 = CARTESIAN_POINT ( 'NONE',  ( 13.45435095264188300, -0.9652524972597843500, 1.182093381138184100E-016 ) ) ;
#606 = B_SPLINE_CURVE_WITH_KNOTS ( 'NONE', 3,
 ( #4697, #698, #3547, #291 ),
 .UNSPECIFIED., .F., .F.,
 ( 4, 4 ),
 ( 0.001849796843389146000, 0.001896772234738609300 ),
 .UNSPECIFIED. ) ;
#607 = CARTESIAN_POINT ( 'NONE',  ( 13.96060095264188500, -0.9652524972597843500, 1.182093381138184100E-016 ) ) ;
#608 = CARTESIAN_POINT ( 'NONE',  ( 11.54185095264188600, 6.824819318074047200E-017, 1.114577578257790000 ) ) ;
#609 = CARTESIAN_POINT ( 'NONE',  ( 0.2668509526418809700, 0.9652524972597842400, 0.5572887891288949000 ) ) ;
#610 = CARTESIAN_POINT ( 'NONE',  ( 3.627451905283758400, 1.249999999999972900, -0.7216878364870175100 ) ) ;
#611 = FACE_OUTER_BOUND ( 'NONE', #1761, .T. ) ;
#612 = VERTEX_POINT ( 'NONE', #5124 ) ;
#613 = EDGE_CURVE ( 'NONE', #1487, #4012, #3735, .T. ) ;
#614 = CYLINDRICAL_SURFACE ( 'NONE', #3995, 1.249999999999973400 ) ;
#615 = CARTESIAN_POINT ( 'NONE',  ( 1.804350952641880800, -0.9652524972597843500, 1.182093381138184100E-016 ) ) ;
#616 = VERTEX_POINT ( 'NONE', #2757 ) ;
#617 = ORIENTED_EDGE ( 'NONE', *, *, #3655, .T. ) ;
#618 = CARTESIAN_POINT ( 'NONE',  ( 0.1024519052837591900, 1.249999999999973400, 0.7216878364870166200 ) ) ;
#619 = CARTESIAN_POINT ( 'NONE',  ( 15.38560095264188600, -0.4826262486298926200, -0.8359331836933422400 ) ) ;
#620 = FACE_OUTER_BOUND ( 'NONE', #4113, .T. ) ;
#621 = VERTEX_POINT ( 'NONE', #313 ) ;
#622 = CARTESIAN_POINT ( 'NONE',  ( 11.44810095264188200, 0.9652524972597845700, -0.5572887891288959000 ) ) ;
#623 = CARTESIAN_POINT ( 'NONE',  ( 15.91016594024267900, -2.249999999999999100, 0.8761658796704933100 ) ) ;
#624 = ORIENTED_EDGE ( 'NONE', *, *, #2213, .F. ) ;
#625 = CARTESIAN_POINT ( 'NONE',  ( 15.91742414926024900, -1.229924149260301500, -0.07543951951464626700 ) ) ;
#626 = CARTESIAN_POINT ( 'NONE',  ( 13.88560095264188600, -0.4826262486298919500, 0.8359331836933424600 ) ) ;
#627 = CARTESIAN_POINT ( 'NONE',  ( 11.80435095264188300, 0.4826262486298914500, -0.8359331836933428000 ) ) ;
#628 = CARTESIAN_POINT ( 'NONE',  ( 0.6043509526418808800, 0.4826262486298914500, -0.8359331836933428000 ) ) ;
#629 = VERTEX_POINT ( 'NONE', #2296 ) ;
#630 = EDGE_CURVE ( 'NONE', #5035, #2020, #2682, .T. ) ;
#631 = CARTESIAN_POINT ( 'NONE',  ( 2.554350952641880800, 0.4826262486298922800, 0.8359331836933423500 ) ) ;
#632 = DIRECTION ( 'NONE',  ( 1.000000000000000000, 0.0000000000000000000, 0.0000000000000000000 ) ) ;
#633 = CARTESIAN_POINT ( 'NONE',  ( 0.0000000000000000000, 0.0000000000000000000, 0.0000000000000000000 ) ) ;
#634 = CARTESIAN_POINT ( 'NONE',  ( 13.63750000000000600, -1.249999999999973100, 0.7216878364870171800 ) ) ;
#635 = VERTEX_POINT ( 'NONE', #3170 ) ;
#636 = CARTESIAN_POINT ( 'NONE',  ( 11.67310095264188200, -0.9652524972597847900, 0.5572887891288956800 ) ) ;
#637 = CARTESIAN_POINT ( 'NONE',  ( 4.500000000000002700, 1.249999999999973400, 0.0000000000000000000 ) ) ;
#638 = CARTESIAN_POINT ( 'NONE',  ( 2.475000000000002300, -1.249999999999973400, 1.530808498934159000E-016 ) ) ;
#639 = B_SPLINE_CURVE_WITH_KNOTS ( 'NONE', 3,
 ( #665, #1905, #1842, #3077, #4303, #3475 ),
 .UNSPECIFIED., .F., .F.,
 ( 4, 2, 4 ),
 ( 0.01429524938849460100, 0.01494054893318105500, 0.01558584847786750900 ),
 .UNSPECIFIED. ) ;
#640 = EDGE_LOOP ( 'NONE', ( #1387, #2824, #3905, #3955 ) ) ;
#641 = CARTESIAN_POINT ( 'NONE',  ( 14.18560095264188400, 0.9652524972597843500, 0.0000000000000000000 ) ) ;
#642 = CARTESIAN_POINT ( 'NONE',  ( 15.67371392896280500, 0.6390624999999857700, -1.106888719211963400 ) ) ;
#643 = CARTESIAN_POINT ( 'NONE',  ( 1.129350952641880800, 0.9652524972597843500, 0.0000000000000000000 ) ) ;
#644 = CARTESIAN_POINT ( 'NONE',  ( 0.9000000000000028000, 1.249999999999973400, 0.0000000000000000000 ) ) ;
#645 = CARTESIAN_POINT ( 'NONE',  ( 4.185600952641880900, -0.4826262486298926200, -0.8359331836933422400 ) ) ;
#646 = CARTESIAN_POINT ( 'NONE',  ( 2.704350952641880700, -0.9652524972597843500, 1.182093381138184100E-016 ) ) ;
#647 = EDGE_CURVE ( 'NONE', #2403, #1106, #1692, .T. ) ;
#648 = CARTESIAN_POINT ( 'NONE',  ( 15.94123797632096300, -1.278124999999973300, 1.565251690160178100E-016 ) ) ;
#649 = CARTESIAN_POINT ( 'NONE',  ( 16.00000000000000400, 1.124999999999997800, 1.948557158514986300 ) ) ;
#650 = CARTESIAN_POINT ( 'NONE',  ( 0.06495190528375918700, 1.249999999999973400, 0.0000000000000000000 ) ) ;
#651 = CARTESIAN_POINT ( 'NONE',  ( 3.214951905283759200, 1.249999999999973400, 0.0000000000000000000 ) ) ;
#652 = CARTESIAN_POINT ( 'NONE',  ( 0.08925501003155259000, -1.881317441191443100, -1.511897080250296900 ) ) ;
#653 =( BOUNDED_CURVE ( )  B_SPLINE_CURVE ( 2, ( #2118, #4930, #67, #2872, #452, #3683, #1265 ),
 .UNSPECIFIED., .F., .T. ) 
 B_SPLINE_CURVE_WITH_KNOTS ( ( 3, 2, 2, 3 ),
 ( 0.2916666666666666900, 0.3055555555555555800, 0.3194444444444444200, 0.3333333333333333100 ),
 .UNSPECIFIED. ) 
 CURVE ( )  GEOMETRIC_REPRESENTATION_ITEM ( )  RATIONAL_B_SPLINE_CURVE ( ( 1.000000000000000000, 0.8660254037844387100, 1.000000000000000000, 0.8660254037844387100, 1.000000000000000000, 0.8660254037844387100, 1.000000000000000000 ) ) 
 REPRESENTATION_ITEM ( '' )  );
#654 = CARTESIAN_POINT ( 'NONE',  ( 14.14810095264188800, 0.9652524972597841300, -0.5572887891288955700 ) ) ;
#655 = CARTESIAN_POINT ( 'NONE',  ( 11.57935095264188300, -0.4826262486298919500, 0.8359331836933424600 ) ) ;
#656 = CARTESIAN_POINT ( 'NONE',  ( 0.4662379763209609800, 1.278124999999973300, 0.0000000000000000000 ) ) ;
#657 = CARTESIAN_POINT ( 'NONE',  ( 0.06249999999996110700, 1.249127957448161100, -0.04668346518423179000 ) ) ;
#658 = ORIENTED_EDGE ( 'NONE', *, *, #4167, .F. ) ;
#659 = CARTESIAN_POINT ( 'NONE',  ( 16.00000000000000400, 1.124999999999999300, -1.948557158514985500 ) ) ;
#660 = CARTESIAN_POINT ( 'NONE',  ( 4.879350952641880600, -0.4826262486298919500, 0.8359331836933424600 ) ) ;
#661 = CARTESIAN_POINT ( 'NONE',  ( 16.00000000000000400, 9.144215405900934900E-016, -2.598076211353313800 ) ) ;
#662 = DIRECTION ( 'NONE',  ( 0.0000000000000000000, -1.000000000000000000, 0.0000000000000000000 ) ) ;
#663 = LINE ( 'NONE', #4722, #4005 ) ;
#664 = FACE_OUTER_BOUND ( 'NONE', #4337, .T. ) ;
#665 = CARTESIAN_POINT ( 'NONE',  ( 0.0000000000000000000, -2.249999999999998700, -7.511572993685794200E-016 ) ) ;
#666 = CARTESIAN_POINT ( 'NONE',  ( 15.04810095264188300, 0.9652524972597845700, -0.5572887891288959000 ) ) ;
#667 = CYLINDRICAL_SURFACE ( 'NONE', #5144, 1.249999999999973400 ) ;
#668 = CARTESIAN_POINT ( 'NONE',  ( 0.1295403945384725500, -0.8435188914642016700, 0.8372248240566527700 ) ) ;
#669 = CARTESIAN_POINT ( 'NONE',  ( 4.725000000000001400, -1.249999999999973400, 1.530808498934159000E-016 ) ) ;
#670 = VECTOR ( 'NONE', #2830, 1000.000000000000000 ) ;
#671 = EDGE_LOOP ( 'NONE', ( #1653, #2535, #4531, #4402 ) ) ;
#672 = CARTESIAN_POINT ( 'NONE',  ( 16.00000000000000000, -1.315951922094013500, 1.838311014891730300 ) ) ;
#673 = CARTESIAN_POINT ( 'NONE',  ( 15.56121392896280400, -1.278124999999973800, -0.7379258128079745300 ) ) ;
#674 = ORIENTED_EDGE ( 'NONE', *, *, #1697, .F. ) ;
#675 = CARTESIAN_POINT ( 'NONE',  ( 1.141237976320961000, -1.278124999999973300, 1.565251690160178100E-016 ) ) ;
#676 = CARTESIAN_POINT ( 'NONE',  ( 3.889951905283758600, -1.249999999999973400, 1.530808498934159000E-016 ) ) ;
#677 = ORIENTED_EDGE ( 'NONE', *, *, #164, .T. ) ;
#678 = EDGE_CURVE ( 'NONE', #2088, #1188, #3158, .T. ) ;
#679 = VERTEX_POINT ( 'NONE', #4751 ) ;
#680 = DIRECTION ( 'NONE',  ( -1.000000000000000000, 6.018531076210110700E-033, -0.0000000000000000000 ) ) ;
#681 = CARTESIAN_POINT ( 'NONE',  ( 4.541850952641880200, -0.9652524972597844600, -0.5572887891288946800 ) ) ;
#682 = CARTESIAN_POINT ( 'NONE',  ( 4.800000000000005200, 0.7576074153674747800, -0.8185391882203446600 ) ) ;
#683 = VECTOR ( 'NONE', #4735, 1000.000000000000000 ) ;
#684 = DIRECTION ( 'NONE',  ( -1.000000000000000000, 6.018531076210110700E-033, -0.0000000000000000000 ) ) ;
#685 = CARTESIAN_POINT ( 'NONE',  ( 15.47500000000000500, -1.249999999999973400, 1.530808498934158800E-016 ) ) ;
#686 = EDGE_LOOP ( 'NONE', ( #3271, #732, #939, #3338 ) ) ;
#687 = CARTESIAN_POINT ( 'NONE',  ( 15.76545011329193200, 0.1956012289717666000, -1.069197265823287600 ) ) ;
#688 = CARTESIAN_POINT ( 'NONE',  ( 14.41060095264188200, -0.9652524972597850100, 1.182093381138185100E-016 ) ) ;
#689 = CARTESIAN_POINT ( 'NONE',  ( 15.87929668918367700, 0.5050967352727250300, 1.086136597377377800 ) ) ;
#690 = ORIENTED_EDGE ( 'NONE', *, *, #1086, .F. ) ;
#691 = CARTESIAN_POINT ( 'NONE',  ( 3.112500000000001600, 1.249999999999973100, -0.7216878364870175100 ) ) ;
#692 = CARTESIAN_POINT ( 'NONE',  ( 12.59185095264188300, -0.9652524972597844600, -0.5572887891288946800 ) ) ;
#693 = CARTESIAN_POINT ( 'NONE',  ( 0.2412379763209609700, -1.278124999999973300, 1.565251690160178100E-016 ) ) ;
#694 = EDGE_CURVE ( 'NONE', #822, #3772, #746, .T. ) ;
#695 = DIRECTION ( 'NONE',  ( 0.0000000000000000000, 0.0000000000000000000, -1.000000000000000000 ) ) ;
#696 = CARTESIAN_POINT ( 'NONE',  ( 4.954350952641880700, -0.9652524972597843500, 1.182093381138184100E-016 ) ) ;
#697 = ORIENTED_EDGE ( 'NONE', *, *, #4974, .F. ) ;
#698 = CARTESIAN_POINT ( 'NONE',  ( 0.06638055709919718500, 1.246119442900844900, -0.01555037803656160100 ) ) ;
#699 = CARTESIAN_POINT ( 'NONE',  ( 4.077451905283759000, 1.249999999999972900, -0.7216878364870175100 ) ) ;
#700 = CARTESIAN_POINT ( 'NONE',  ( 0.0000000000000000000, 0.0000000000000000000, 0.0000000000000000000 ) ) ;
#701 = DIRECTION ( 'NONE',  ( -1.000000000000000000, 6.018531076210110700E-033, -0.0000000000000000000 ) ) ;
#702 = CARTESIAN_POINT ( 'NONE',  ( 14.89810095264188300, -0.9652524972597851200, -0.5572887891288950100 ) ) ;
#703 = CARTESIAN_POINT ( 'NONE',  ( 3.064951905283758800, -0.6249999999999872300, -1.082531754730524900 ) ) ;
#704 = CARTESIAN_POINT ( 'NONE',  ( 15.70000000000000600, 1.249999999999973400, 0.0000000000000000000 ) ) ;
#705 = CARTESIAN_POINT ( 'NONE',  ( 16.13560095264188400, -0.4826262486298919500, 0.8359331836933424600 ) ) ;
#706 = CARTESIAN_POINT ( 'NONE',  ( 0.3472475027402641100, -0.06945377945402457500, 0.9627505159623658300 ) ) ;
#707 = CARTESIAN_POINT ( 'NONE',  ( 12.17935095264188500, -0.4826262486298926200, -0.8359331836933422400 ) ) ;
#708 = CARTESIAN_POINT ( 'NONE',  ( 1.778737976320961000, 1.278124999999972900, -0.7379258128079757600 ) ) ;
#709 = CARTESIAN_POINT ( 'NONE',  ( 4.841850952641880000, 6.824819318074054600E-017, 1.114577578257790000 ) ) ;
#710 = CARTESIAN_POINT ( 'NONE',  ( 4.800000000000002500, 0.2126186428663283100, -1.161684213998145600 ) ) ;
#711 = CARTESIAN_POINT ( 'NONE',  ( -1.032956679176618900E-015, 1.315951922094011200, 1.838311014891731700 ) ) ;
#712 = CARTESIAN_POINT ( 'NONE',  ( 12.32500000000000600, -1.249999999999973400, 1.530808498934158800E-016 ) ) ;
#713 =( BOUNDED_CURVE ( )  B_SPLINE_CURVE ( 2, ( #651, #3478, #299, #1897, #703, #1057, #2717 ),
 .UNSPECIFIED., .F., .T. ) 
 B_SPLINE_CURVE_WITH_KNOTS ( ( 3, 2, 2, 3 ),
 ( 0.3055555555555555800, 0.3194444444444444200, 0.3333333333333333700, 0.3472222222222222100 ),
 .UNSPECIFIED. ) 
 CURVE ( )  GEOMETRIC_REPRESENTATION_ITEM ( )  RATIONAL_B_SPLINE_CURVE ( ( 1.000000000000000000, 0.8660254037844387100, 1.000000000000000000, 0.8660254037844387100, 1.000000000000000000, 0.8660254037844387100, 1.000000000000000000 ) ) 
 REPRESENTATION_ITEM ( '' )  );
#714 = CARTESIAN_POINT ( 'NONE',  ( 14.37310095264188300, -0.9652524972597847900, 0.5572887891288956800 ) ) ;
#715 = CARTESIAN_POINT ( 'NONE',  ( 15.25000000000000700, 1.249999999999973400, 0.0000000000000000000 ) ) ;
#716 = CARTESIAN_POINT ( 'NONE',  ( 0.5856009526418808300, -0.4826262486298926200, -0.8359331836933422400 ) ) ;
#717 = CARTESIAN_POINT ( 'NONE',  ( 0.8250000000000027300, 0.6249999999999856800, -1.082531754730525800 ) ) ;
#718 = CARTESIAN_POINT ( 'NONE',  ( 0.3472475027402642200, 0.6360407303598217800, 0.7260609979812952000 ) ) ;
#719 = CARTESIAN_POINT ( 'NONE',  ( 12.51685095264188500, -0.9652524972597841300, 0.5572887891288953500 ) ) ;
#720 = CARTESIAN_POINT ( 'NONE',  ( 2.603737976320961200, -2.711095453990486600E-016, -1.475851625615950000 ) ) ;
#721 = CARTESIAN_POINT ( 'NONE',  ( 0.1939762604697996000, -0.9161120557270925300, -0.6569084742500891400 ) ) ;
#722 = CARTESIAN_POINT ( 'NONE',  ( 15.76495190528376400, 1.249999999999973400, 0.0000000000000000000 ) ) ;
#723 = CYLINDRICAL_SURFACE ( 'NONE', #163, 1.249999999999973400 ) ;
#724 = CARTESIAN_POINT ( 'NONE',  ( 3.866850952641880800, 0.9652524972597842400, 0.5572887891288949000 ) ) ;
#725 = ORIENTED_EDGE ( 'NONE', *, *, #3455, .T. ) ;
#726 = CARTESIAN_POINT ( 'NONE',  ( 4.050000000000002500, 1.249999999999973400, 0.0000000000000000000 ) ) ;
#727 = CARTESIAN_POINT ( 'NONE',  ( 15.92500000000000200, -1.249999999999973400, 1.530808498934158800E-016 ) ) ;
#728 = CARTESIAN_POINT ( 'NONE',  ( 12.58750000000000600, 1.249999999999973400, 0.7216878364870166200 ) ) ;
#729 = DATE_AND_TIME ( #794, #1817 ) ;
#730 = CARTESIAN_POINT ( 'NONE',  ( 15.79903810567678800, 2.249999999999998700, -1.299038105676843200 ) ) ;
#731 = CARTESIAN_POINT ( 'NONE',  ( 0.2624999999999755900, -1.250000000000427000, -0.7216878364867549400 ) ) ;
#732 = ORIENTED_EDGE ( 'NONE', *, *, #1713, .T. ) ;
#733 = CARTESIAN_POINT ( 'NONE',  ( 12.68560095264188400, -0.4826262486298929500, -0.8359331836933428000 ) ) ;
#734 = VERTEX_POINT ( 'NONE', #5112 ) ;
#735 = CARTESIAN_POINT ( 'NONE',  ( 15.91074498996845100, -1.881317441191444200, 1.511897080250295600 ) ) ;
#736 = FACE_OUTER_BOUND ( 'NONE', #883, .T. ) ;
#737 = ORIENTED_EDGE ( 'NONE', *, *, #2994, .F. ) ;
#738 = CARTESIAN_POINT ( 'NONE',  ( 13.67935095264188300, 0.9652524972597843500, 0.0000000000000000000 ) ) ;
#739 = CARTESIAN_POINT ( 'NONE',  ( 4.328737976320960400, -1.278124999999973800, -0.7379258128079745300 ) ) ;
#740 = EDGE_LOOP ( 'NONE', ( #5052, #1112, #5156, #3020, #4291 ) ) ;
#741 = EDGE_CURVE ( 'NONE', #2902, #4029, #2860, .T. ) ;
#742 = CARTESIAN_POINT ( 'NONE',  ( 12.16060095264188400, -0.9652524972597843500, 1.182093381138184100E-016 ) ) ;
#743 = DIRECTION ( 'NONE',  ( -1.000000000000000000, 6.018531076210110700E-033, -0.0000000000000000000 ) ) ;
#744 = ORIENTED_EDGE ( 'NONE', *, *, #3292, .T. ) ;
#745 = CARTESIAN_POINT ( 'NONE',  ( 1.410600952641880600, -0.9652524972597843500, 1.182093381138184100E-016 ) ) ;
#746 =( BOUNDED_CURVE ( )  B_SPLINE_CURVE ( 2, ( #3145, #1508, #1133, #1472, #2775, #1888, #3499 ),
 .UNSPECIFIED., .F., .T. ) 
 B_SPLINE_CURVE_WITH_KNOTS ( ( 3, 2, 2, 3 ),
 ( 0.1805555555555555800, 0.1944444444444444200, 0.2083333333333333700, 0.2222222222222222100 ),
 .UNSPECIFIED. ) 
 CURVE ( )  GEOMETRIC_REPRESENTATION_ITEM ( )  RATIONAL_B_SPLINE_CURVE ( ( 1.000000000000000000, 0.8660254037844387100, 1.000000000000000000, 0.8660254037844387100, 1.000000000000000000, 0.8660254037844387100, 1.000000000000000000 ) ) 
 REPRESENTATION_ITEM ( '' )  );
#747 = CARTESIAN_POINT ( 'NONE',  ( 3.454350952641880700, 0.4826262486298922800, 0.8359331836933423500 ) ) ;
#748 = CARTESIAN_POINT ( 'NONE',  ( 0.4875000000000027100, 1.249999999999973400, 0.7216878364870166200 ) ) ;
#749 = CARTESIAN_POINT ( 'NONE',  ( 16.00000000000000400, 0.0000000000000000000, 0.0000000000000000000 ) ) ;
#750 = CARTESIAN_POINT ( 'NONE',  ( 4.500000000000002700, 1.249999999999973400, 0.0000000000000000000 ) ) ;
#751 = CARTESIAN_POINT ( 'NONE',  ( 15.82979593649882100, -1.027631996451752000, 0.5172914257529776000 ) ) ;
#752 = CARTESIAN_POINT ( 'NONE',  ( 15.08560095264188300, 0.9652524972597850100, 0.0000000000000000000 ) ) ;
#753 = CARTESIAN_POINT ( 'NONE',  ( 7.523163845262478600E-033, 1.249999999999973400, 1.530808498934159000E-016 ) ) ;
#754 = CARTESIAN_POINT ( 'NONE',  ( 0.2106009526418808900, 0.4826262486298914500, -0.8359331836933428000 ) ) ;
#755 = CARTESIAN_POINT ( 'NONE',  ( 0.2009618943233412400, 2.249999999999998700, 1.299038105676658700 ) ) ;
#756 = VERTEX_POINT ( 'NONE', #2634 ) ;
#757 = CARTESIAN_POINT ( 'NONE',  ( 11.19999999999999900, -0.9467307461577596500, 0.3129012199043149100 ) ) ;
#758 = CARTESIAN_POINT ( 'NONE',  ( 1.575000000000002600, -1.249999999999973400, 1.530808498934159000E-016 ) ) ;
#759 = CARTESIAN_POINT ( 'NONE',  ( 12.92935095264188500, -0.4826262486298919500, 0.8359331836933424600 ) ) ;
#760 = CARTESIAN_POINT ( 'NONE',  ( 3.353737976320960300, -1.278124999999973300, 0.7379258128079753100 ) ) ;
#761 = CARTESIAN_POINT ( 'NONE',  ( 0.1878683957737591300, -0.9975801824291812300, -0.5378157747753799000 ) ) ;
#762 = AXIS2_PLACEMENT_3D ( 'NONE', #2596, #2640, #1022 ) ;
#763 = CARTESIAN_POINT ( 'NONE',  ( 3.473100952641880600, 0.9652524972597842400, 0.5572887891288949000 ) ) ;
#764 = ORIENTED_EDGE ( 'NONE', *, *, #3097, .F. ) ;
#765 = CARTESIAN_POINT ( 'NONE',  ( 14.80000000000000600, 1.249999999999973400, 0.0000000000000000000 ) ) ;
#766 = CARTESIAN_POINT ( 'NONE',  ( 2.310600952641880500, -0.9652524972597843500, 1.182093381138184100E-016 ) ) ;
#767 = B_SPLINE_CURVE_WITH_KNOTS ( 'NONE', 3,
 ( #1746, #4528, #109, #2931 ),
 .UNSPECIFIED., .F., .F.,
 ( 4, 4 ),
 ( 2.380746839932548000E-007, 0.001314652396222793900 ),
 .UNSPECIFIED. ) ;
#768 = CARTESIAN_POINT ( 'NONE',  ( 4.748100952641880000, 0.9652524972597841300, -0.5572887891288955700 ) ) ;
#769 = CARTESIAN_POINT ( 'NONE',  ( 3.754350952641880600, 0.4826262486298914500, -0.8359331836933428000 ) ) ;
#770 = CARTESIAN_POINT ( 'NONE',  ( 0.01892593468635128000, -2.249999999999998200, -0.4380882898101266000 ) ) ;
#771 = CARTESIAN_POINT ( 'NONE',  ( 11.59123797632096300, 0.6390624999999856600, -1.106888719211963200 ) ) ;
#772 = CARTESIAN_POINT ( 'NONE',  ( 3.862500000000002500, -1.249999999999973600, -0.7216878364870164000 ) ) ;
#773 = CARTESIAN_POINT ( 'NONE',  ( 2.175000000000002500, 0.6249999999999856800, -1.082531754730525800 ) ) ;
#774 = CARTESIAN_POINT ( 'NONE',  ( 14.11495190528376200, -0.6249999999999863400, 1.082531754730525300 ) ) ;
#775 = CARTESIAN_POINT ( 'NONE',  ( 0.01623797632096098100, 1.278124999999973300, 0.0000000000000000000 ) ) ;
#776 = CARTESIAN_POINT ( 'NONE',  ( 15.06685095264188400, 0.9652524972597842400, 0.5572887891288949000 ) ) ;
#777 = EDGE_CURVE ( 'NONE', #3510, #2355, #4340, .T. ) ;
#778 = CARTESIAN_POINT ( 'NONE',  ( 11.59810095264188600, 6.824819318074047200E-017, 1.114577578257790000 ) ) ;
#779 = CARTESIAN_POINT ( 'NONE',  ( 12.83995190528376000, -1.249999999999973400, 1.530808498934159000E-016 ) ) ;
#780 = CARTESIAN_POINT ( 'NONE',  ( 0.9231009526418808600, -0.9652524972597841300, 0.5572887891288953500 ) ) ;
#781 = CARTESIAN_POINT ( 'NONE',  ( 2.366850952641880800, -2.047445795422216600E-016, -1.114577578257790000 ) ) ;
#782 = EDGE_CURVE ( 'NONE', #1433, #815, #4344, .T. ) ;
#783 = CARTESIAN_POINT ( 'NONE',  ( 13.97500000000000500, 0.6249999999999867900, 1.082531754730525100 ) ) ;
#784 = DIRECTION ( 'NONE',  ( 1.000000000000000000, 0.0000000000000000000, 0.0000000000000000000 ) ) ;
#785 = CARTESIAN_POINT ( 'NONE',  ( 12.30373797632096400, -1.278124999999973300, 0.7379258128079753100 ) ) ;
#786 = CARTESIAN_POINT ( 'NONE',  ( 3.439951905283759300, -1.249999999999973400, 1.530808498934159000E-016 ) ) ;
#787 = CARTESIAN_POINT ( 'NONE',  ( 1.654350952641880900, 0.4826262486298922800, 0.8359331836933423500 ) ) ;
#788 = CARTESIAN_POINT ( 'NONE',  ( 14.03995190528375900, 0.6249999999999866800, 1.082531754730525100 ) ) ;
#789 = VECTOR ( 'NONE', #4892, 1000.000000000000000 ) ;
#790 = AXIS2_PLACEMENT_3D ( 'NONE', #33, #2780, #350 ) ;
#791 = CARTESIAN_POINT ( 'NONE',  ( 3.337500000000002100, -1.249999999999973400, 0.7216878364870171800 ) ) ;
#792 = EDGE_CURVE ( 'NONE', #454, #4591, #3376, .T. ) ;
#793 = CARTESIAN_POINT ( 'NONE',  ( 15.96685095264188300, 0.9652524972597842400, 0.5572887891288949000 ) ) ;
#794 = CALENDAR_DATE ( 2021, 25, 8 ) ;
#795 = CARTESIAN_POINT ( 'NONE',  ( 0.1762242657145961500, -1.109871866922977000, -0.2809319598887484700 ) ) ;
#796 = CARTESIAN_POINT ( 'NONE',  ( 13.51495190528376300, 1.249999999999973400, 0.0000000000000000000 ) ) ;
#797 = LINE ( 'NONE', #1899, #3771 ) ;
#798 = ORIENTED_EDGE ( 'NONE', *, *, #310, .T. ) ;
#799 = DIRECTION ( 'NONE',  ( 0.0000000000000000000, 0.0000000000000000000, -1.000000000000000000 ) ) ;
#800 = ORIENTED_EDGE ( 'NONE', *, *, #1233, .F. ) ;
#801 = CARTESIAN_POINT ( 'NONE',  ( 0.0000000000000000000, 0.0000000000000000000, 0.0000000000000000000 ) ) ;
#802 = CARTESIAN_POINT ( 'NONE',  ( 0.5481009526418808600, -0.9652524972597844600, -0.5572887891288946800 ) ) ;
#803 = CARTESIAN_POINT ( 'NONE',  ( 2.591850952641881400, 6.824819318074054600E-017, 1.114577578257790000 ) ) ;
#804 = LINE ( 'NONE', #1229, #3394 ) ;
#805 = EDGE_LOOP ( 'NONE', ( #3981, #4587, #2230, #1554 ) ) ;
#806 = CARTESIAN_POINT ( 'NONE',  ( 0.08925501003155250600, 0.3686825588085556000, -2.385217236779674000 ) ) ;
#807 = CARTESIAN_POINT ( 'NONE',  ( 0.5856009526418808300, -0.4826262486298926200, -0.8359331836933422400 ) ) ;
#808 = ORIENTED_EDGE ( 'NONE', *, *, #3497, .T. ) ;
#809 = CARTESIAN_POINT ( 'NONE',  ( 11.51623797632096400, -0.6390624999999872100, -1.106888719211962300 ) ) ;
#810 = CYLINDRICAL_SURFACE ( 'NONE', #26, 1.249999999999973400 ) ;
#811 = CARTESIAN_POINT ( 'NONE',  ( 15.79903810567666300, 1.137610859620437800E-015, -2.598076211353313300 ) ) ;
#812 = FACE_OUTER_BOUND ( 'NONE', #2562, .T. ) ;
#813 = CARTESIAN_POINT ( 'NONE',  ( 1.110600952641880700, 0.4826262486298914500, -0.8359331836933428000 ) ) ;
#814 = CARTESIAN_POINT ( 'NONE',  ( 4.275000000000002100, -1.249999999999973400, 1.530808498934159000E-016 ) ) ;
#815 = VERTEX_POINT ( 'NONE', #3051 ) ;
#816 = CARTESIAN_POINT ( 'NONE',  ( 11.19999999999999800, 1.088770043244785500, 0.5074447966452498800 ) ) ;
#817 = CARTESIAN_POINT ( 'NONE',  ( 15.29185095264188600, -0.9652524972597844600, -0.5572887891288946800 ) ) ;
#818 = ADVANCED_FACE ( 'NONE', ( #1890 ), #4720, .T. ) ;
#819 = PERSON_AND_ORGANIZATION_ROLE ( 'classification_officer' ) ;
#820 = CARTESIAN_POINT ( 'NONE',  ( 4.898100952641879500, 6.824819318074054600E-017, 1.114577578257790000 ) ) ;
#821 = CARTESIAN_POINT ( 'NONE',  ( 3.023100952641880800, 0.9652524972597842400, 0.5572887891288949000 ) ) ;
#822 = VERTEX_POINT ( 'NONE', #4995 ) ;
#823 = AXIS2_PLACEMENT_3D ( 'NONE', #1282, #1336, #2154 ) ;
#824 = CARTESIAN_POINT ( 'NONE',  ( 15.66685095264188600, -0.9652524972597841300, 0.5572887891288953500 ) ) ;
#825 = CARTESIAN_POINT ( 'NONE',  ( 15.83995190528376200, 0.6249999999999866800, 1.082531754730525100 ) ) ;
#826 = CARTESIAN_POINT ( 'NONE',  ( 1.298100952641880700, 6.824819318074054600E-017, 1.114577578257790000 ) ) ;
#827 = CARTESIAN_POINT ( 'NONE',  ( 1.916850952641880700, -2.047445795422216600E-016, -1.114577578257790000 ) ) ;
#828 = CARTESIAN_POINT ( 'NONE',  ( 15.65275249725973900, -0.05986553411335070200, 0.9633942605660333900 ) ) ;
#829 = CARTESIAN_POINT ( 'NONE',  ( 0.8856009526418807700, -0.4826262486298919500, 0.8359331836933424600 ) ) ;
#830 = ORIENTED_EDGE ( 'NONE', *, *, #4022, .T. ) ;
#831 = CARTESIAN_POINT ( 'NONE',  ( 11.74123797632096400, 0.6390624999999867700, 1.106888719211962500 ) ) ;
#832 = CARTESIAN_POINT ( 'NONE',  ( 15.93749999999989300, -1.228954059493230200, -0.2284117327436577200 ) ) ;
#833 = CARTESIAN_POINT ( 'NONE',  ( 13.00000000000000500, 1.249999999999973400, 0.0000000000000000000 ) ) ;
#834 = CARTESIAN_POINT ( 'NONE',  ( 14.84185095264188600, -0.9652524972597844600, -0.5572887891288946800 ) ) ;
#835 = CARTESIAN_POINT ( 'NONE',  ( 0.0000000000000000000, 1.124999999999997800, 1.948557158514986300 ) ) ;
#836 = CARTESIAN_POINT ( 'NONE',  ( 5.010600952641881100, -0.9652524972597843500, 1.182093381138184100E-016 ) ) ;
#837 = AXIS2_PLACEMENT_3D ( 'NONE', #4, #3240, #3536 ) ;
#838 = CARTESIAN_POINT ( 'NONE',  ( 14.57935095264188300, 0.9652524972597843500, 0.0000000000000000000 ) ) ;
#839 = CARTESIAN_POINT ( 'NONE',  ( 11.36121392896280500, 9.036984846634948600E-017, 1.475851625615950200 ) ) ;
#840 = CARTESIAN_POINT ( 'NONE',  ( 2.910600952641880600, 0.4826262486298914500, -0.8359331836933428000 ) ) ;
#841 = CARTESIAN_POINT ( 'NONE',  ( 4.579350952641880700, -0.4826262486298926200, -0.8359331836933422400 ) ) ;
#842 = CARTESIAN_POINT ( 'NONE',  ( 14.37745190528376000, 1.249999999999972900, -0.7216878364870175100 ) ) ;
#843 = CARTESIAN_POINT ( 'NONE',  ( 1.110600952641880700, 0.4826262486298914500, -0.8359331836933428000 ) ) ;
#844 = ADVANCED_FACE ( 'NONE', ( #812 ), #305, .F. ) ;
#845 = CARTESIAN_POINT ( 'NONE',  ( 2.775000000000002100, 0.6249999999999867900, 1.082531754730525300 ) ) ;
#846 = CARTESIAN_POINT ( 'NONE',  ( 13.12873797632096300, 9.036984846634947400E-017, 1.475851625615950000 ) ) ;
#847 = DIRECTION ( 'NONE',  ( -6.018531076210111400E-033, -1.000000000000000000, 0.0000000000000000000 ) ) ;
#848 = CARTESIAN_POINT ( 'NONE',  ( 0.0000000000000000000, 1.124999999999999300, -1.948557158514985500 ) ) ;
#849 = CARTESIAN_POINT ( 'NONE',  ( 0.3793509526418809600, -0.4826262486298919500, 0.8359331836933424600 ) ) ;
#850 = CARTESIAN_POINT ( 'NONE',  ( 16.00435095264188200, 0.4826262486298922800, 0.8359331836933423500 ) ) ;
#851 = EDGE_CURVE ( 'NONE', #3510, #3646, #4973, .T. ) ;
#852 = CARTESIAN_POINT ( 'NONE',  ( 14.78995190528376100, 0.6249999999999856800, -1.082531754730525800 ) ) ;
#853 = CARTESIAN_POINT ( 'NONE',  ( 11.20000000000000100, -0.9631645500732860500, 0.06345417991255004900 ) ) ;
#854 = CARTESIAN_POINT ( 'NONE',  ( 3.803737976320960400, -1.278124999999973300, 0.7379258128079753100 ) ) ;
#855 = CARTESIAN_POINT ( 'NONE',  ( 14.24185095264188500, 6.824819318074047200E-017, 1.114577578257790000 ) ) ;
#856 = CARTESIAN_POINT ( 'NONE',  ( 12.03621392896280200, -2.711095453990487100E-016, -1.475851625615950200 ) ) ;
#857 = CARTESIAN_POINT ( 'NONE',  ( 3.398100952641880400, 0.9652524972597841300, -0.5572887891288955700 ) ) ;
#858 = CARTESIAN_POINT ( 'NONE',  ( 0.4356009526418808700, -0.4826262486298919500, 0.8359331836933424600 ) ) ;
#859 = ORIENTED_EDGE ( 'NONE', *, *, #4761, .F. ) ;
#860 = CARTESIAN_POINT ( 'NONE',  ( 11.57500000000000500, 0.6249999999999857900, -1.082531754730525800 ) ) ;
#861 = CARTESIAN_POINT ( 'NONE',  ( 1.598100952641880600, 0.9652524972597841300, -0.5572887891288955700 ) ) ;
#862 = CARTESIAN_POINT ( 'NONE',  ( 13.58995190528376000, 0.6249999999999866800, 1.082531754730525100 ) ) ;
#863 = LOCAL_TIME ( 12, 11, 5.000000000000000000, #1939 ) ;
#864 = CARTESIAN_POINT ( 'NONE',  ( 15.86022993090466200, -0.1835754756815201900, -2.492088861051973600 ) ) ;
#865 = AXIS2_PLACEMENT_3D ( 'NONE', #3489, #701, #269 ) ;
#866 = CARTESIAN_POINT ( 'NONE',  ( 4.373100952641880900, 0.9652524972597842400, 0.5572887891288949000 ) ) ;
#867 = CARTESIAN_POINT ( 'NONE',  ( 1.054350952641880800, 0.4826262486298914500, -0.8359331836933428000 ) ) ;
#868 = LINE ( 'NONE', #231, #3333 ) ;
#869 = VERTEX_POINT ( 'NONE', #1846 ) ;
#870 = CARTESIAN_POINT ( 'NONE',  ( 12.87310095264188600, 0.9652524972597843500, 0.5572887891288949000 ) ) ;
#871 = ADVANCED_FACE ( 'NONE', ( #247 ), #4221, .T. ) ;
#872 = CARTESIAN_POINT ( 'NONE',  ( 16.00000000000000400, 2.249999999999998700, 1.299038105676658700 ) ) ;
#873 = ORIENTED_EDGE ( 'NONE', *, *, #4134, .T. ) ;
#874 = CARTESIAN_POINT ( 'NONE',  ( 3.878737976320960600, -1.278124999999973800, -0.7379258128079745300 ) ) ;
#875 = ORIENTED_EDGE ( 'NONE', *, *, #4096, .T. ) ;
#876 = CARTESIAN_POINT ( 'NONE',  ( 14.80435095264188500, -0.9652524972597843500, 1.182093381138184100E-016 ) ) ;
#877 = CARTESIAN_POINT ( 'NONE',  ( 12.07371392896280300, 0.6390624999999857700, -1.106888719211963400 ) ) ;
#878 = ORIENTED_EDGE ( 'NONE', *, *, #3058, .F. ) ;
#879 = CARTESIAN_POINT ( 'NONE',  ( 3.323100952641880700, -2.047445795422216600E-016, -1.114577578257790000 ) ) ;
#880 = CIRCLE ( 'NONE', #571, 2.249999999999998700 ) ;
#881 = CARTESIAN_POINT ( 'NONE',  ( 13.82500000000000800, 0.6249999999999857900, -1.082531754730525800 ) ) ;
#882 = CARTESIAN_POINT ( 'NONE',  ( 1.523100952641880400, -2.047445795422216600E-016, -1.114577578257790000 ) ) ;
#883 = EDGE_LOOP ( 'NONE', ( #4209, #4238, #4034, #4457 ) ) ;
#884 = DIRECTION ( 'NONE',  ( -1.000000000000000000, 6.018531076210110700E-033, -0.0000000000000000000 ) ) ;
#885 = DIRECTION ( 'NONE',  ( 0.0000000000000000000, 0.0000000000000000000, -1.000000000000000000 ) ) ;
#886 = CARTESIAN_POINT ( 'NONE',  ( 14.87500000000000500, 0.6249999999999867900, 1.082531754730525100 ) ) ;
#887 = EDGE_CURVE ( 'NONE', #1188, #1773, #1916, .T. ) ;
#888 = CARTESIAN_POINT ( 'NONE',  ( 1.279350952641880700, -0.4826262486298919500, 0.8359331836933424600 ) ) ;
#889 =( BOUNDED_CURVE ( )  B_SPLINE_CURVE ( 2, ( #433, #842, #4105, #1283, #3697, #2061, #2102 ),
 .UNSPECIFIED., .F., .T. ) 
 B_SPLINE_CURVE_WITH_KNOTS ( ( 3, 2, 2, 3 ),
 ( 0.3055555555555555800, 0.3194444444444444200, 0.3333333333333333700, 0.3472222222222222100 ),
 .UNSPECIFIED. ) 
 CURVE ( )  GEOMETRIC_REPRESENTATION_ITEM ( )  RATIONAL_B_SPLINE_CURVE ( ( 1.000000000000000000, 0.8660254037844387100, 1.000000000000000000, 0.8660254037844387100, 1.000000000000000000, 0.8660254037844387100, 1.000000000000000000 ) ) 
 REPRESENTATION_ITEM ( '' )  );
#890 = CARTESIAN_POINT ( 'NONE',  ( 13.66060095264188400, 0.4826262486298914500, -0.8359331836933428000 ) ) ;
#891 = CARTESIAN_POINT ( 'NONE',  ( 0.0000000000000000000, 0.0000000000000000000, 0.0000000000000000000 ) ) ;
#892 = CARTESIAN_POINT ( 'NONE',  ( 12.85435095264188400, 0.4826262486298922800, 0.8359331836933423500 ) ) ;
#893 = CARTESIAN_POINT ( 'NONE',  ( 2.798100952641881200, -0.9652524972597844600, -0.5572887891288946800 ) ) ;
#894 = CARTESIAN_POINT ( 'NONE',  ( 4.928737976320960900, 1.278124999999972900, -0.7379258128079757600 ) ) ;
#895 = DIRECTION ( 'NONE',  ( -1.000000000000000000, 6.018531076210110700E-033, -0.0000000000000000000 ) ) ;
#896 = VERTEX_POINT ( 'NONE', #3819 ) ;
#897 = CARTESIAN_POINT ( 'NONE',  ( 14.76685095264188200, -0.9652524972597841300, 0.5572887891288953500 ) ) ;
#898 = CARTESIAN_POINT ( 'NONE',  ( -7.523163845262478600E-033, -1.249999999999973400, 0.0000000000000000000 ) ) ;
#899 = CARTESIAN_POINT ( 'NONE',  ( 3.536213928962801000, -2.711095453990486600E-016, -1.475851625615950200 ) ) ;
#900 = CARTESIAN_POINT ( 'NONE',  ( 13.90000000000000400, 1.249999999999973400, 0.0000000000000000000 ) ) ;
#901 = CARTESIAN_POINT ( 'NONE',  ( 2.475000000000002300, -1.249999999999973400, 1.530808498934159000E-016 ) ) ;
#902 = ORIENTED_EDGE ( 'NONE', *, *, #2705, .T. ) ;
#903 = ADVANCED_FACE ( 'NONE', ( #1321 ), #2145, .T. ) ;
#904 = CARTESIAN_POINT ( 'NONE',  ( 0.07935095264188102300, -0.4826262486298926200, -0.8359331836933422400 ) ) ;
#905 = EDGE_CURVE ( 'NONE', #3451, #1054, #4888, .T. ) ;
#906 = CARTESIAN_POINT ( 'NONE',  ( 0.0000000000000000000, 0.0000000000000000000, 0.0000000000000000000 ) ) ;
#907 = CARTESIAN_POINT ( 'NONE',  ( 2.141850952641880700, 6.824819318074054600E-017, 1.114577578257790000 ) ) ;
#908 = CARTESIAN_POINT ( 'NONE',  ( 13.92310095264188500, -0.9652524972597841300, 0.5572887891288953500 ) ) ;
#909 = CARTESIAN_POINT ( 'NONE',  ( 12.51685095264188500, -0.9652524972597841300, 0.5572887891288953500 ) ) ;
#910 = CARTESIAN_POINT ( 'NONE',  ( 13.45435095264188300, -0.9652524972597843500, 1.182093381138184100E-016 ) ) ;
#911 = CARTESIAN_POINT ( 'NONE',  ( 0.3112139289628007600, -1.278124999999973800, -0.7379258128079745300 ) ) ;
#912 = CARTESIAN_POINT ( 'NONE',  ( 3.430483436379915100E-017, 2.249999999999997800, -0.2198740743429148100 ) ) ;
#913 = CARTESIAN_POINT ( 'NONE',  ( 12.08560095264188500, -0.4826262486298919500, 0.8359331836933424600 ) ) ;
#914 = CARTESIAN_POINT ( 'NONE',  ( 10.91121392896280200, 9.036984846634948600E-017, 1.475851625615950200 ) ) ;
#915 = CARTESIAN_POINT ( 'NONE',  ( 3.986213928962800200, -2.711095453990486600E-016, -1.475851625615950200 ) ) ;
#916 = CARTESIAN_POINT ( 'NONE',  ( 4.616850952641880400, -2.047445795422216600E-016, -1.114577578257790000 ) ) ;
#917 = CARTESIAN_POINT ( 'NONE',  ( 3.998100952641880500, 6.824819318074054600E-017, 1.114577578257790000 ) ) ;
#918 = CARTESIAN_POINT ( 'NONE',  ( 1.414951905283758900, 1.249999999999973400, 0.0000000000000000000 ) ) ;
#919 = CARTESIAN_POINT ( 'NONE',  ( 3.304350952641880400, 0.4826262486298914500, -0.8359331836933428000 ) ) ;
#920 = CARTESIAN_POINT ( 'NONE',  ( 13.43560095264188400, -0.4826262486298919500, 0.8359331836933424600 ) ) ;
#921 = ADVANCED_FACE ( 'NONE', ( #4595 ), #375, .F. ) ;
#922 = EDGE_CURVE ( 'NONE', #1182, #3164, #3902, .T. ) ;
#923 = CARTESIAN_POINT ( 'NONE',  ( 12.36685095264188500, 0.9652524972597842400, 0.5572887891288949000 ) ) ;
#924 = CARTESIAN_POINT ( 'NONE',  ( 12.81685095264188400, 0.9652524972597843500, 0.5572887891288949000 ) ) ;
#925 = FACE_OUTER_BOUND ( 'NONE', #3504, .T. ) ;
#926 = CARTESIAN_POINT ( 'NONE',  ( 0.7237139289628007300, -1.278124999999973500, 1.565251690160178300E-016 ) ) ;
#927 = CONICAL_SURFACE ( 'NONE', #4941, 2.249999999999998700, 1.047197551196600100 ) ;
#928 = CARTESIAN_POINT ( 'NONE',  ( 7.523163845262478600E-033, 1.249999999999973400, 1.530808498934159000E-016 ) ) ;
#929 = CARTESIAN_POINT ( 'NONE',  ( 13.02310095264188500, -0.9652524972597841300, 0.5572887891288953500 ) ) ;
#930 = LOCAL_TIME ( 12, 11, 5.000000000000000000, #360 ) ;
#931 = CARTESIAN_POINT ( 'NONE',  ( 14.39871392896280300, 1.278124999999973500, 0.0000000000000000000 ) ) ;
#932 = CARTESIAN_POINT ( 'NONE',  ( 2.373713928962800900, 0.6390624999999868800, 1.106888719211962700 ) ) ;
#933 = CARTESIAN_POINT ( 'NONE',  ( 0.9274519052837589800, 1.249999999999972900, -0.7216878364870175100 ) ) ;
#934 = VECTOR ( 'NONE', #4906, 1000.000000000000000 ) ;
#935 = ORIENTED_EDGE ( 'NONE', *, *, #3620, .F. ) ;
#936 = CARTESIAN_POINT ( 'NONE',  ( 4.035600952641880600, -0.4826262486298919500, 0.8359331836933424600 ) ) ;
#937 = ORIENTED_EDGE ( 'NONE', *, *, #3357, .F. ) ;
#938 = VECTOR ( 'NONE', #4222, 1000.000000000000000 ) ;
#939 = ORIENTED_EDGE ( 'NONE', *, *, #3024, .F. ) ;
#940 = CARTESIAN_POINT ( 'NONE',  ( 14.40373797632096100, 1.278124999999973500, 0.7379258128079748700 ) ) ;
#941 = VERTEX_POINT ( 'NONE', #1059 ) ;
#942 = CARTESIAN_POINT ( 'NONE',  ( 4.579350952641880700, -0.4826262486298926200, -0.8359331836933422400 ) ) ;
#943 = CARTESIAN_POINT ( 'NONE',  ( 13.32310095264188600, 0.9652524972597843500, 0.5572887891288949000 ) ) ;
#944 = VECTOR ( 'NONE', #2522, 1000.000000000000000 ) ;
#945 = CARTESIAN_POINT ( 'NONE',  ( 11.35435095264188600, 0.4826262486298914500, -0.8359331836933428000 ) ) ;
#946 = CARTESIAN_POINT ( 'NONE',  ( 13.34185095264188300, 6.824819318074047200E-017, 1.114577578257790000 ) ) ;
#947 = CARTESIAN_POINT ( 'NONE',  ( 11.67745190528376200, 1.249999999999972900, -0.7216878364870175100 ) ) ;
#948 = ORIENTED_EDGE ( 'NONE', *, *, #630, .T. ) ;
#949 = CARTESIAN_POINT ( 'NONE',  ( 11.42500000000000400, -1.249999999999973400, 1.530808498934158800E-016 ) ) ;
#950 = CARTESIAN_POINT ( 'NONE',  ( 11.07310095264188600, 0.9652524972597842400, 0.5572887891288949000 ) ) ;
#951 = CARTESIAN_POINT ( 'NONE',  ( 12.86121392896280500, -1.278124999999973800, -0.7379258128079745300 ) ) ;
#952 = CARTESIAN_POINT ( 'NONE',  ( 2.636213928962800600, -2.711095453990486600E-016, -1.475851625615950200 ) ) ;
#953 = CARTESIAN_POINT ( 'NONE',  ( 13.02745190528376000, 1.249999999999972900, -0.7216878364870175100 ) ) ;
#954 = ORIENTED_EDGE ( 'NONE', *, *, #3422, .T. ) ;
#955 = ADVANCED_FACE ( 'NONE', ( #5214 ), #1061, .F. ) ;
#956 = CARTESIAN_POINT ( 'NONE',  ( 0.04185095264188102400, -0.9652524972597844600, -0.5572887891288946800 ) ) ;
#957 = EDGE_CURVE ( 'NONE', #1958, #4613, #3944, .T. ) ;
#958 = CARTESIAN_POINT ( 'NONE',  ( 14.14123797632096200, -1.278124999999973300, 1.565251690160178100E-016 ) ) ;
#959 = CARTESIAN_POINT ( 'NONE',  ( 14.16685095264188400, 0.9652524972597843500, 0.5572887891288949000 ) ) ;
#960 = CARTESIAN_POINT ( 'NONE',  ( 2.666850952641880700, -0.9652524972597841300, 0.5572887891288953500 ) ) ;
#961 = CARTESIAN_POINT ( 'NONE',  ( 15.42310095264188300, -2.047445795422217100E-016, -1.114577578257790000 ) ) ;
#962 = VERTEX_POINT ( 'NONE', #669 ) ;
#963 = CARTESIAN_POINT ( 'NONE',  ( 11.09185095264188600, 6.824819318074047200E-017, 1.114577578257790000 ) ) ;
#964 = CARTESIAN_POINT ( 'NONE',  ( 12.44185095264188400, 6.824819318074047200E-017, 1.114577578257790000 ) ) ;
#965 = CARTESIAN_POINT ( 'NONE',  ( -0.2887860710371991100, 9.036984846634956000E-017, 1.475851625615950200 ) ) ;
#966 = CARTESIAN_POINT ( 'NONE',  ( 12.31060095264188400, 0.4826262486298914500, -0.8359331836933428000 ) ) ;
#967 = CARTESIAN_POINT ( 'NONE',  ( 14.02371392896280300, 0.6390624999999868800, 1.106888719211962700 ) ) ;
#968 = CARTESIAN_POINT ( 'NONE',  ( 2.036213928962801000, -1.278124999999973500, 0.7379258128079755300 ) ) ;
#969 = CARTESIAN_POINT ( 'NONE',  ( 4.799999999999983800, -1.190413950262347200, 0.2387565755332158900 ) ) ;
#970 = CARTESIAN_POINT ( 'NONE',  ( 3.248100952641880900, -0.9652524972597845700, -0.5572887891288946800 ) ) ;
#971 = EDGE_CURVE ( 'NONE', #2793, #421, #2089, .T. ) ;
#972 = CARTESIAN_POINT ( 'NONE',  ( 13.80373797632096400, -2.711095453990486600E-016, -1.475851625615950000 ) ) ;
#973 = CARTESIAN_POINT ( 'NONE',  ( 14.24185095264188500, 6.824819318074047200E-017, 1.114577578257790000 ) ) ;
#974 = CARTESIAN_POINT ( 'NONE',  ( 2.779350952641880500, -0.4826262486298926200, -0.8359331836933422400 ) ) ;
#975 = CARTESIAN_POINT ( 'NONE',  ( 15.57310095264188600, 0.9652524972597843500, 0.5572887891288949000 ) ) ;
#976 = CARTESIAN_POINT ( 'NONE',  ( 15.66414650916820900, -0.8929189177081524600, 0.4604301131546494900 ) ) ;
#977 = CARTESIAN_POINT ( 'NONE',  ( 4.564951905283758800, 1.249999999999973400, 0.0000000000000000000 ) ) ;
#978 = DIRECTION ( 'NONE',  ( 0.0000000000000000000, 0.0000000000000000000, -1.000000000000000000 ) ) ;
#979 = B_SPLINE_CURVE_WITH_KNOTS ( 'NONE', 3,
 ( #5122, #3524, #2724, #1093 ),
 .UNSPECIFIED., .F., .F.,
 ( 4, 4 ),
 ( 0.0000000000000000000, 0.0007486845039916881200 ),
 .UNSPECIFIED. ) ;
#980 = CARTESIAN_POINT ( 'NONE',  ( 11.52310095264188700, 0.9652524972597842400, 0.5572887891288949000 ) ) ;
#981 = CARTESIAN_POINT ( 'NONE',  ( 12.59871392896280400, 1.278124999999973500, 0.0000000000000000000 ) ) ;
#982 = CARTESIAN_POINT ( 'NONE',  ( 0.4168509526418808800, -0.9652524972597841300, 0.5572887891288953500 ) ) ;
#983 =( BOUNDED_CURVE ( )  B_SPLINE_CURVE ( 2, ( #542, #2638, #3824, #595, #1352, #1393, #1408 ),
 .UNSPECIFIED., .F., .T. ) 
 B_SPLINE_CURVE_WITH_KNOTS ( ( 3, 2, 2, 3 ),
 ( 0.8472222222222222100, 0.8611111111111111600, 0.8750000000000000000, 0.8888888888888888400 ),
 .UNSPECIFIED. ) 
 CURVE ( )  GEOMETRIC_REPRESENTATION_ITEM ( )  RATIONAL_B_SPLINE_CURVE ( ( 1.000000000000000000, 0.8660254037844387100, 1.000000000000000000, 0.8660254037844387100, 1.000000000000000000, 0.8660254037844387100, 1.000000000000000000 ) ) 
 REPRESENTATION_ITEM ( '' )  );
#984 = CARTESIAN_POINT ( 'NONE',  ( 2.029350952641880900, 0.9652524972597843500, 0.0000000000000000000 ) ) ;
#985 = CARTESIAN_POINT ( 'NONE',  ( 14.70373797632096400, -2.711095453990486600E-016, -1.475851625615950000 ) ) ;
#986 = CARTESIAN_POINT ( 'NONE',  ( 15.17935095264188300, -0.4826262486298919500, 0.8359331836933424600 ) ) ;
#987 = CARTESIAN_POINT ( 'NONE',  ( 4.241850952641880400, 0.9652524972597840100, -0.5572887891288955700 ) ) ;
#988 = VERTEX_POINT ( 'NONE', #3105 ) ;
#989 = PLANE ( 'NONE',  #3662 ) ;
#990 = PERSON_AND_ORGANIZATION ( #1784, #1171 ) ;
#991 = CARTESIAN_POINT ( 'NONE',  ( 11.68750000000000700, 1.249999999999973400, 0.7216878364870166200 ) ) ;
#992 = CARTESIAN_POINT ( 'NONE',  ( 1.173713928962800700, -1.278124999999973500, 1.565251690160178300E-016 ) ) ;
#993 = VECTOR ( 'NONE', #3592, 1000.000000000000000 ) ;
#994 = EDGE_LOOP ( 'NONE', ( #4317, #1898, #2832, #1820, #2975 ) ) ;
#995 = CARTESIAN_POINT ( 'NONE',  ( 13.24810095264188600, 0.9652524972597841300, -0.5572887891288955700 ) ) ;
#996 = CARTESIAN_POINT ( 'NONE',  ( 12.18621392896280400, 1.278124999999973800, 0.7379258128079749800 ) ) ;
#997 = ORIENTED_EDGE ( 'NONE', *, *, #3140, .T. ) ;
#998 = CARTESIAN_POINT ( 'NONE',  ( 1.316850952641880800, -0.9652524972597841300, 0.5572887891288953500 ) ) ;
#999 = CARTESIAN_POINT ( 'NONE',  ( 0.9649519052837589600, 1.249999999999973400, 0.0000000000000000000 ) ) ;
#1000 = LINE ( 'NONE', #3649, #492 ) ;
#1001 = ORIENTED_EDGE ( 'NONE', *, *, #1046, .F. ) ;
#1002 = CARTESIAN_POINT ( 'NONE',  ( 3.735600952641880700, -0.4826262486298926200, -0.8359331836933422400 ) ) ;
#1003 = ORIENTED_EDGE ( 'NONE', *, *, #2800, .F. ) ;
#1004 = CARTESIAN_POINT ( 'NONE',  ( 2.929350952641880400, 0.9652524972597843500, 0.0000000000000000000 ) ) ;
#1005 = CARTESIAN_POINT ( 'NONE',  ( 15.56623797632096300, -0.6390624999999872100, -1.106888719211962300 ) ) ;
#1006 = CARTESIAN_POINT ( 'NONE',  ( 14.91685095264188400, -2.047445795422217100E-016, -1.114577578257790000 ) ) ;
#1007 = CARTESIAN_POINT ( 'NONE',  ( 0.0000000000000000000, 0.0000000000000000000, 0.0000000000000000000 ) ) ;
#1008 = VERTEX_POINT ( 'NONE', #3156 ) ;
#1009 = CARTESIAN_POINT ( 'NONE',  ( 12.38560095264188400, 0.9652524972597850100, 0.0000000000000000000 ) ) ;
#1010 = CARTESIAN_POINT ( 'NONE',  ( -1.219727444046192100E-015, -0.9340480779059874300, 2.058803302138240400 ) ) ;
#1011 = CARTESIAN_POINT ( 'NONE',  ( 1.361213928962800500, 1.278124999999973300, -0.7379258128079758700 ) ) ;
#1012 = B_SPLINE_CURVE_WITH_KNOTS ( 'NONE', 3,
 ( #3625, #4838, #4408, #4804, #4008, #828 ),
 .UNSPECIFIED., .F., .F.,
 ( 4, 2, 4 ),
 ( 0.0000000000000000000, 0.0003867775904056729600, 0.0007735551808113459200 ),
 .UNSPECIFIED. ) ;
#1013 = CARTESIAN_POINT ( 'NONE',  ( 14.74810095264188600, 6.824819318074047200E-017, 1.114577578257790000 ) ) ;
#1014 = CARTESIAN_POINT ( 'NONE',  ( 11.46685095264188400, 0.9652524972597842400, 0.5572887891288949000 ) ) ;
#1015 = CARTESIAN_POINT ( 'NONE',  ( 4.548713928962800200, 1.278124999999973500, 0.0000000000000000000 ) ) ;
#1016 = CARTESIAN_POINT ( 'NONE',  ( 3.739951905283758600, 0.6249999999999866800, 1.082531754730525100 ) ) ;
#1017 = ORIENTED_EDGE ( 'NONE', *, *, #5096, .F. ) ;
#1018 = CARTESIAN_POINT ( 'NONE',  ( 1.541850952641880700, 0.9652524972597841300, -0.5572887891288955700 ) ) ;
#1019 = ORIENTED_EDGE ( 'NONE', *, *, #2972, .T. ) ;
#1020 = EDGE_CURVE ( 'NONE', #4550, #48, #1832, .T. ) ;
#1021 = CARTESIAN_POINT ( 'NONE',  ( 15.04123797632096400, -1.278124999999973300, 1.565251690160178100E-016 ) ) ;
#1022 = DIRECTION ( 'NONE',  ( -6.018531076210111400E-033, -1.000000000000000000, 0.0000000000000000000 ) ) ;
#1023 = DIRECTION ( 'NONE',  ( -6.018531076210111400E-033, -1.000000000000000000, 0.0000000000000000000 ) ) ;
#1024 = CARTESIAN_POINT ( 'NONE',  ( 12.46060095264188300, 0.4826262486298926200, 0.8359331836933430200 ) ) ;
#1025 = CARTESIAN_POINT ( 'NONE',  ( 7.523163845262478600E-033, 1.249999999999973400, 1.530808498934159000E-016 ) ) ;
#1026 = CARTESIAN_POINT ( 'NONE',  ( 15.92741737975350200, -1.232806552733249500, -0.1525057698308796600 ) ) ;
#1027 = CARTESIAN_POINT ( 'NONE',  ( 14.41060095264188400, -0.9652524972597843500, 1.182093381138184100E-016 ) ) ;
#1028 = CARTESIAN_POINT ( 'NONE',  ( 14.73621392896280300, -2.711095453990487100E-016, -1.475851625615950200 ) ) ;
#1029 = CARTESIAN_POINT ( 'NONE',  ( 0.1543509526418809800, 0.4826262486298914500, -0.8359331836933428000 ) ) ;
#1030 = AXIS2_PLACEMENT_3D ( 'NONE', #2416, #392, #4426 ) ;
#1031 = CARTESIAN_POINT ( 'NONE',  ( 1.166850952641880900, 0.9652524972597842400, 0.5572887891288949000 ) ) ;
#1032 = CARTESIAN_POINT ( 'NONE',  ( 16.39123797632096600, -1.278124999999973300, 1.565251690160178100E-016 ) ) ;
#1033 = DIRECTION ( 'NONE',  ( -1.000000000000000000, -0.0000000000000000000, -0.0000000000000000000 ) ) ;
#1034 = CARTESIAN_POINT ( 'NONE',  ( 0.2524519052837591600, -1.249999999999973100, 0.7216878364870171800 ) ) ;
#1035 = CARTESIAN_POINT ( 'NONE',  ( 16.00000000000000400, -1.124999999999998200, -1.948557158514986600 ) ) ;
#1036 = CARTESIAN_POINT ( 'NONE',  ( 12.01060095264188400, 0.4826262486298926200, 0.8359331836933430200 ) ) ;
#1037 = CARTESIAN_POINT ( 'NONE',  ( 11.60245190528376100, -2.651438096812210700E-016, -1.443375672974033500 ) ) ;
#1038 =( BOUNDED_CURVE ( )  B_SPLINE_CURVE ( 2, ( #4046, #2422, #2405, #1607, #825, #2791, #2839 ),
 .UNSPECIFIED., .F., .T. ) 
 B_SPLINE_CURVE_WITH_KNOTS ( ( 3, 2, 2, 3 ),
 ( 0.02344291711283874600, 0.02777777777777622200, 0.04166666666666003100, 0.05555555555554395100 ),
 .UNSPECIFIED. ) 
 CURVE ( )  GEOMETRIC_REPRESENTATION_ITEM ( )  RATIONAL_B_SPLINE_CURVE ( ( 0.9424720222476945500, 0.9581851930790132900, 1.000000000000000000, 0.8660254037844387100, 1.000000000000000000, 0.8660254037845508400, 0.9999999999998878700 ) ) 
 REPRESENTATION_ITEM ( '' )  );
#1039 = CARTESIAN_POINT ( 'NONE',  ( 14.37310095264188300, -0.9652524972597841300, 0.5572887891288953500 ) ) ;
#1040 =( BOUNDED_CURVE ( )  B_SPLINE_CURVE ( 2, ( #1462, #3928, #1872, #1923, #5087, #374, #2798 ),
 .UNSPECIFIED., .F., .T. ) 
 B_SPLINE_CURVE_WITH_KNOTS ( ( 3, 2, 2, 3 ),
 ( 0.7083333333333333700, 0.7222222222222222100, 0.7361111111111111600, 0.7500000000000000000 ),
 .UNSPECIFIED. ) 
 CURVE ( )  GEOMETRIC_REPRESENTATION_ITEM ( )  RATIONAL_B_SPLINE_CURVE ( ( 1.000000000000000000, 0.8660254037844387100, 1.000000000000000000, 0.8660254037844387100, 1.000000000000000000, 0.8660254037844387100, 1.000000000000000000 ) ) 
 REPRESENTATION_ITEM ( '' )  );
#1041 = CARTESIAN_POINT ( 'NONE',  ( 11.12935095264188600, -0.4826262486298919500, 0.8359331836933424600 ) ) ;
#1042 = CARTESIAN_POINT ( 'NONE',  ( 4.811213928962800400, -1.278124999999973800, -0.7379258128079745300 ) ) ;
#1043 = CARTESIAN_POINT ( 'NONE',  ( 3.664951905283758900, 1.249999999999973400, 0.0000000000000000000 ) ) ;
#1044 = VECTOR ( 'NONE', #53, 999.9999999999998900 ) ;
#1045 = LINE ( 'NONE', #4489, #1870 ) ;
#1046 = EDGE_CURVE ( 'NONE', #3737, #2088, #4629, .T. ) ;
#1047 = CONICAL_SURFACE ( 'NONE', #4708, 2.249999999999998700, 1.047197551196600100 ) ;
#1048 = CARTESIAN_POINT ( 'NONE',  ( 1.916850952641880700, -2.047445795422216600E-016, -1.114577578257790000 ) ) ;
#1049 = ORIENTED_EDGE ( 'NONE', *, *, #3601, .T. ) ;
#1050 = CARTESIAN_POINT ( 'NONE',  ( 7.523163845262478600E-033, 1.249999999999973400, 1.530808498934159000E-016 ) ) ;
#1051 = ORIENTED_EDGE ( 'NONE', *, *, #3543, .F. ) ;
#1052 = CARTESIAN_POINT ( 'NONE',  ( 0.0000000000000000000, 0.0000000000000000000, 0.0000000000000000000 ) ) ;
#1053 = LINE ( 'NONE', #2858, #993 ) ;
#1054 = VERTEX_POINT ( 'NONE', #3573 ) ;
#1055 = EDGE_CURVE ( 'NONE', #236, #1433, #1202, .T. ) ;
#1056 = CARTESIAN_POINT ( 'NONE',  ( 12.23560095264188300, -0.4826262486298929500, -0.8359331836933428000 ) ) ;
#1057 = CARTESIAN_POINT ( 'NONE',  ( 3.027451905283759600, -1.249999999999973400, -0.7216878364870162900 ) ) ;
#1058 = ORIENTED_EDGE ( 'NONE', *, *, #2567, .T. ) ;
#1059 = CARTESIAN_POINT ( 'NONE',  ( 15.65275249725973900, -0.7303071827600949900, 0.6311606786510569600 ) ) ;
#1060 = CARTESIAN_POINT ( 'NONE',  ( 16.24810095264188400, -0.9652524972597844600, -0.5572887891288946800 ) ) ;
#1061 = CYLINDRICAL_SURFACE ( 'NONE', #2117, 1.249999999999973400 ) ;
#1062 = CARTESIAN_POINT ( 'NONE',  ( 11.72935095264188600, -0.4826262486298926200, -0.8359331836933422400 ) ) ;
#1063 = CARTESIAN_POINT ( 'NONE',  ( 0.7662379763209608000, -0.6390624999999872100, -1.106888719211962300 ) ) ;
#1064 = CARTESIAN_POINT ( 'NONE',  ( 15.90792468245280000, -1.220424682452840200, 1.494589180966295900E-016 ) ) ;
#1065 = ORIENTED_EDGE ( 'NONE', *, *, #922, .F. ) ;
#1066 = ORIENTED_EDGE ( 'NONE', *, *, #4213, .T. ) ;
#1067 = AXIS2_PLACEMENT_3D ( 'NONE', #1505, #1483, #695 ) ;
#1068 = EDGE_CURVE ( 'NONE', #2270, #3164, #206, .T. ) ;
#1069 = CARTESIAN_POINT ( 'NONE',  ( 4.800000000000002500, 2.263919769706629200E-065, 0.0000000000000000000 ) ) ;
#1070 = ORIENTED_EDGE ( 'NONE', *, *, #2921, .T. ) ;
#1071 = CARTESIAN_POINT ( 'NONE',  ( 4.654350952641880900, 0.4826262486298914500, -0.8359331836933428000 ) ) ;
#1072 = CARTESIAN_POINT ( 'NONE',  ( 2.202451905283759000, -2.651438096812210200E-016, -1.443375672974033500 ) ) ;
#1073 = CARTESIAN_POINT ( 'NONE',  ( 14.92873797632096400, 9.036984846634947400E-017, 1.475851625615950000 ) ) ;
#1074 = CARTESIAN_POINT ( 'NONE',  ( 12.77500000000000700, -1.249999999999973400, 1.530808498934158800E-016 ) ) ;
#1075 = DIRECTION ( 'NONE',  ( -1.000000000000000000, 6.018531076210110700E-033, -0.0000000000000000000 ) ) ;
#1076 = CARTESIAN_POINT ( 'NONE',  ( 16.00000000000000400, 1.124999999999999300, -1.948557158514985500 ) ) ;
#1077 = CARTESIAN_POINT ( 'NONE',  ( 13.62310095264188300, -2.047445795422218600E-016, -1.114577578257790700 ) ) ;
#1078 = CARTESIAN_POINT ( 'NONE',  ( 13.28995190528376300, -1.249999999999973400, 1.530808498934159000E-016 ) ) ;
#1079 = DIRECTION ( 'NONE',  ( -6.018531076210111400E-033, -1.000000000000000000, 0.0000000000000000000 ) ) ;
#1080 = VERTEX_POINT ( 'NONE', #6 ) ;
#1081 = CARTESIAN_POINT ( 'NONE',  ( 16.02310095264188300, 0.9652524972597842400, 0.5572887891288949000 ) ) ;
#1082 = CARTESIAN_POINT ( 'NONE',  ( 14.58621392896280300, -1.278124999999973500, 0.7379258128079755300 ) ) ;
#1083 = CARTESIAN_POINT ( 'NONE',  ( 2.153737976320960500, -2.711095453990486600E-016, -1.475851625615950000 ) ) ;
#1084 = CARTESIAN_POINT ( 'NONE',  ( 16.00000000000000400, -9.629649721936179300E-032, 0.0000000000000000000 ) ) ;
#1085 = CARTESIAN_POINT ( 'NONE',  ( 4.916850952641881100, -0.9652524972597841300, 0.5572887891288953500 ) ) ;
#1086 = EDGE_CURVE ( 'NONE', #1783, #679, #3525, .T. ) ;
#1087 = CARTESIAN_POINT ( 'NONE',  ( 0.0000000000000000000, 0.0000000000000000000, 0.0000000000000000000 ) ) ;
#1088 = CARTESIAN_POINT ( 'NONE',  ( 14.59810095264188200, 0.9652524972597845700, -0.5572887891288959000 ) ) ;
#1089 = CARTESIAN_POINT ( 'NONE',  ( 4.414951905283758500, -0.6249999999999872300, -1.082531754730524900 ) ) ;
#1090 = DIRECTION ( 'NONE',  ( 0.0000000000000000000, 0.0000000000000000000, -1.000000000000000000 ) ) ;
#1091 = CARTESIAN_POINT ( 'NONE',  ( 13.26685095264188300, 0.9652524972597842400, 0.5572887891288949000 ) ) ;
#1092 = CARTESIAN_POINT ( 'NONE',  ( 2.303737976320960400, 1.278124999999973500, 0.7379258128079748700 ) ) ;
#1093 = CARTESIAN_POINT ( 'NONE',  ( 4.800000000000002500, 0.5365352068171622700, 0.8023978784318380700 ) ) ;
#1094 = ORIENTED_EDGE ( 'NONE', *, *, #2949, .F. ) ;
#1095 = CARTESIAN_POINT ( 'NONE',  ( 15.53995190528376300, -1.249999999999973400, 1.530808498934159000E-016 ) ) ;
#1096 = CARTESIAN_POINT ( 'NONE',  ( 3.604350952641880700, -0.9652524972597843500, 1.182093381138184100E-016 ) ) ;
#1097 = CARTESIAN_POINT ( 'NONE',  ( 4.162500000000002300, 8.838126989374036100E-017, 1.443375672974033500 ) ) ;
#1098 = CARTESIAN_POINT ( 'NONE',  ( 0.08925501003155283900, 1.881317441191443700, 1.511897080250297600 ) ) ;
#1099 = DIRECTION ( 'NONE',  ( -6.018531076210111400E-033, -1.000000000000000000, 0.0000000000000000000 ) ) ;
#1100 = CARTESIAN_POINT ( 'NONE',  ( 15.25000000000000700, 1.249999999999973400, 0.0000000000000000000 ) ) ;
#1101 = FACE_OUTER_BOUND ( 'NONE', #2712, .T. ) ;
#1102 = CARTESIAN_POINT ( 'NONE',  ( 13.52500000000000400, 0.6249999999999867900, 1.082531754730525100 ) ) ;
#1103 =( BOUNDED_CURVE ( )  B_SPLINE_CURVE ( 2, ( #4993, #991, #3392, #5008, #589, #3413, #1808 ),
 .UNSPECIFIED., .F., .T. ) 
 B_SPLINE_CURVE_WITH_KNOTS ( ( 3, 2, 2, 3 ),
 ( 0.08333333333333332900, 0.09722222222222222400, 0.1111111111111111000, 0.1250000000000000000 ),
 .UNSPECIFIED. ) 
 CURVE ( )  GEOMETRIC_REPRESENTATION_ITEM ( )  RATIONAL_B_SPLINE_CURVE ( ( 1.000000000000000000, 0.8660254037844387100, 1.000000000000000000, 0.8660254037844387100, 1.000000000000000000, 0.8660254037844387100, 1.000000000000000000 ) ) 
 REPRESENTATION_ITEM ( '' )  );
#1104 = CARTESIAN_POINT ( 'NONE',  ( 14.63560095264188400, 0.9652524972597850100, 0.0000000000000000000 ) ) ;
#1105 = FACE_OUTER_BOUND ( 'NONE', #2217, .T. ) ;
#1106 = VERTEX_POINT ( 'NONE', #814 ) ;
#1107 = CARTESIAN_POINT ( 'NONE',  ( 16.06060095264188400, 0.4826262486298922800, 0.8359331836933423500 ) ) ;
#1108 = CARTESIAN_POINT ( 'NONE',  ( 13.07935095264188300, -0.4826262486298926200, -0.8359331836933422400 ) ) ;
#1109 = APPROVAL_DATE_TIME ( #3079, #1988 ) ;
#1110 = CARTESIAN_POINT ( 'NONE',  ( 0.7287379763209609300, -1.278124999999973800, -0.7379258128079745300 ) ) ;
#1111 = VECTOR ( 'NONE', #4568, 1000.000000000000000 ) ;
#1112 = ORIENTED_EDGE ( 'NONE', *, *, #2921, .F. ) ;
#1113 = EDGE_CURVE ( 'NONE', #4012, #3607, #3313, .T. ) ;
#1114 = VERTEX_POINT ( 'NONE', #4018 ) ;
#1115 = CARTESIAN_POINT ( 'NONE',  ( 16.00000000000000400, 0.0000000000000000000, 0.0000000000000000000 ) ) ;
#1116 = CARTESIAN_POINT ( 'NONE',  ( 3.716850952641880900, -2.047445795422216600E-016, -1.114577578257790000 ) ) ;
#1117 = CARTESIAN_POINT ( 'NONE',  ( 0.1397700690953400100, 2.066424524318478000, 1.405025455977998400 ) ) ;
#1118 = DIRECTION ( 'NONE',  ( -1.000000000000000000, 6.018531076210110700E-033, -0.0000000000000000000 ) ) ;
#1119 = CARTESIAN_POINT ( 'NONE',  ( 12.55000000000000600, 1.249999999999973400, 0.0000000000000000000 ) ) ;
#1120 = VERTEX_POINT ( 'NONE', #1602 ) ;
#1121 = CARTESIAN_POINT ( 'NONE',  ( 14.29810095264188200, 6.824819318074052200E-017, 1.114577578257790700 ) ) ;
#1122 = CARTESIAN_POINT ( 'NONE',  ( 2.989951905283758600, -1.249999999999973400, 1.530808498934159000E-016 ) ) ;
#1123 = ORIENTED_EDGE ( 'NONE', *, *, #4799, .F. ) ;
#1124 = CARTESIAN_POINT ( 'NONE',  ( 3.150000000000002100, 1.249999999999973400, 0.0000000000000000000 ) ) ;
#1125 = CARTESIAN_POINT ( 'NONE',  ( 12.96685095264188300, -0.9652524972597841300, 0.5572887891288953500 ) ) ;
#1126 = CARTESIAN_POINT ( 'NONE',  ( 1.066237976320961100, -0.6390624999999863200, 1.106888719211962700 ) ) ;
#1127 = CARTESIAN_POINT ( 'NONE',  ( 0.2763691140492354800, 0.8059094263078314700, -0.6662325145479287600 ) ) ;
#1128 = CARTESIAN_POINT ( 'NONE',  ( 12.08560095264188500, -0.4826262486298919500, 0.8359331836933424600 ) ) ;
#1129 = CARTESIAN_POINT ( 'NONE',  ( 15.86022993090468700, 2.066424524318398500, -1.405025455978042600 ) ) ;
#1130 = CARTESIAN_POINT ( 'NONE',  ( 3.341850952641880900, 0.9652524972597841300, -0.5572887891288955700 ) ) ;
#1131 =( BOUNDED_CURVE ( )  B_SPLINE_CURVE ( 2, ( #4202, #2997, #1312 ),
 .UNSPECIFIED., .F., .T. ) 
 B_SPLINE_CURVE_WITH_KNOTS ( ( 3, 3 ),
 ( 0.01185807940269523400, 0.01388888888888598800 ),
 .UNSPECIFIED. ) 
 CURVE ( )  GEOMETRIC_REPRESENTATION_ITEM ( )  RATIONAL_B_SPLINE_CURVE ( ( 0.9665496256193637500, 0.9804104645749270900, 0.9999999999999724700 ) ) 
 REPRESENTATION_ITEM ( '' )  );
#1132 = ORIENTED_EDGE ( 'NONE', *, *, #4312, .F. ) ;
#1133 = CARTESIAN_POINT ( 'NONE',  ( 15.01495190528376100, -0.6249999999999863400, 1.082531754730525300 ) ) ;
#1134 = CARTESIAN_POINT ( 'NONE',  ( 15.85984064357266400, -2.249999999999998200, -1.088411935946645800 ) ) ;
#1135 = DIRECTION ( 'NONE',  ( -1.000000000000000000, 6.018531076210110700E-033, -0.0000000000000000000 ) ) ;
#1136 = ORIENTED_EDGE ( 'NONE', *, *, #3826, .F. ) ;
#1137 = CARTESIAN_POINT ( 'NONE',  ( 14.74810095264188100, 6.824819318074052200E-017, 1.114577578257790700 ) ) ;
#1138 = CARTESIAN_POINT ( 'NONE',  ( 4.050000000000002500, 1.249999999999973400, 0.0000000000000000000 ) ) ;
#1139 = CARTESIAN_POINT ( 'NONE',  ( 0.1356009526418809100, -0.4826262486298926200, -0.8359331836933422400 ) ) ;
#1140 = CARTESIAN_POINT ( 'NONE',  ( 0.2899519052837591400, -1.249999999999973400, 1.530808498934159000E-016 ) ) ;
#1141 = CARTESIAN_POINT ( 'NONE',  ( 0.2240227106855516000, 0.6745758078099211000, 0.8675555665425827000 ) ) ;
#1142 = CARTESIAN_POINT ( 'NONE',  ( 12.06685095264188400, -0.9652524972597841300, 0.5572887891288953500 ) ) ;
#1143 = CARTESIAN_POINT ( 'NONE',  ( 2.678737976320960900, 1.278124999999972900, -0.7379258128079757600 ) ) ;
#1144 = EDGE_CURVE ( 'NONE', #4832, #635, #1383, .T. ) ;
#1145 = CARTESIAN_POINT ( 'NONE',  ( 0.5524519052837590900, 1.249999999999973400, 0.7216878364870166200 ) ) ;
#1146 = CARTESIAN_POINT ( 'NONE',  ( 12.53560095264188400, -0.4826262486298919500, 0.8359331836933424600 ) ) ;
#1147 = DIRECTION ( 'NONE',  ( 0.0000000000000000000, -1.000000000000000000, 0.0000000000000000000 ) ) ;
#1148 = CARTESIAN_POINT ( 'NONE',  ( 2.460600952641880400, 0.4826262486298914500, -0.8359331836933428000 ) ) ;
#1149 = CARTESIAN_POINT ( 'NONE',  ( 2.029350952641880900, 0.9652524972597843500, 0.0000000000000000000 ) ) ;
#1150 = EDGE_CURVE ( 'NONE', #3351, #822, #5017, .T. ) ;
#1151 = CARTESIAN_POINT ( 'NONE',  ( 15.85000000000000700, -0.6249999999999863400, 1.082531754730525300 ) ) ;
#1152 = DIRECTION ( 'NONE',  ( 0.0000000000000000000, 0.0000000000000000000, -1.000000000000000000 ) ) ;
#1153 = ORIENTED_EDGE ( 'NONE', *, *, #1185, .F. ) ;
#1154 = CARTESIAN_POINT ( 'NONE',  ( 15.79903810567666300, -2.249999999999999100, 1.299038105676656900 ) ) ;
#1155 = CARTESIAN_POINT ( 'NONE',  ( 1.125000000000002700, -1.249999999999973400, 1.530808498934159000E-016 ) ) ;
#1156 = CARTESIAN_POINT ( 'NONE',  ( 16.09810095264188600, 6.824819318074052200E-017, 1.114577578257790700 ) ) ;
#1157 = CARTESIAN_POINT ( 'NONE',  ( 0.9606009526418808300, -0.9652524972597843500, 1.182093381138184100E-016 ) ) ;
#1158 = AXIS2_PLACEMENT_3D ( 'NONE', #69, #884, #1987 ) ;
#1159 = CARTESIAN_POINT ( 'NONE',  ( 11.19999999999999800, 1.240329213190554300, 0.1074531867712321800 ) ) ;
#1160 = EDGE_CURVE ( 'NONE', #1008, #3238, #4656, .T. ) ;
#1161 = CARTESIAN_POINT ( 'NONE',  ( 11.95435095264188500, 0.4826262486298922800, 0.8359331836933423500 ) ) ;
#1162 = CARTESIAN_POINT ( 'NONE',  ( 2.903737976320961000, -1.278124999999973300, 0.7379258128079753100 ) ) ;
#1163 = CARTESIAN_POINT ( 'NONE',  ( 14.76250000000000500, 1.249999999999972900, -0.7216878364870175100 ) ) ;
#1164 = CARTESIAN_POINT ( 'NONE',  ( 12.61495190528376200, 1.249999999999973400, 0.0000000000000000000 ) ) ;
#1165 = FACE_OUTER_BOUND ( 'NONE', #43, .T. ) ;
#1166 = CARTESIAN_POINT ( 'NONE',  ( 2.610600952641880700, 0.4826262486298922800, 0.8359331836933423500 ) ) ;
#1167 = EDGE_LOOP ( 'NONE', ( #1492, #4044, #4031, #2085 ) ) ;
#1168 = CARTESIAN_POINT ( 'NONE',  ( 2.516850952641881200, 0.9652524972597842400, 0.5572887891288949000 ) ) ;
#1169 = CARTESIAN_POINT ( 'NONE',  ( 13.90000000000000400, 1.249999999999973400, 0.0000000000000000000 ) ) ;
#1170 = CARTESIAN_POINT ( 'NONE',  ( 12.66250000000000500, 8.838126989374028700E-017, 1.443375672974033500 ) ) ;
#1171 = ORGANIZATION ( 'UNSPECIFIED', 'UNSPECIFIED', '' ) ;
#1172 = ORIENTED_EDGE ( 'NONE', *, *, #2631, .T. ) ;
#1173 = CARTESIAN_POINT ( 'NONE',  ( 15.53560095264188200, 0.9652524972597850100, 0.0000000000000000000 ) ) ;
#1174 = CARTESIAN_POINT ( 'NONE',  ( 11.23364329317703200, 1.249999999999972900, -0.6025345209257994000 ) ) ;
#1175 = ORIENTED_EDGE ( 'NONE', *, *, #2631, .F. ) ;
#1176 = CARTESIAN_POINT ( 'NONE',  ( 0.02310095264188090000, -0.9652524972597841300, 0.5572887891288953500 ) ) ;
#1177 = CARTESIAN_POINT ( 'NONE',  ( 14.15245190528376400, -1.249999999999973100, 0.7216878364870171800 ) ) ;
#1178 = CARTESIAN_POINT ( 'NONE',  ( 0.5149519052837591100, 1.249999999999973400, 0.0000000000000000000 ) ) ;
#1179 = VERTEX_POINT ( 'NONE', #1657 ) ;
#1180 = CARTESIAN_POINT ( 'NONE',  ( 14.27935095264188300, -0.4826262486298919500, 0.8359331836933424600 ) ) ;
#1181 = CARTESIAN_POINT ( 'NONE',  ( 0.1874999999999755500, -1.249999999999520200, 0.7216878364872789700 ) ) ;
#1182 = VERTEX_POINT ( 'NONE', #848 ) ;
#1183 = SECURITY_CLASSIFICATION_LEVEL ( 'unclassified' ) ;
#1184 = LINE ( 'NONE', #4352, #683 ) ;
#1185 = EDGE_CURVE ( 'NONE', #869, #4613, #4464, .T. ) ;
#1186 = CARTESIAN_POINT ( 'NONE',  ( 12.23560095264188500, -0.4826262486298926200, -0.8359331836933422400 ) ) ;
#1187 = CARTESIAN_POINT ( 'NONE',  ( 0.0000000000000000000, 0.0000000000000000000, 0.0000000000000000000 ) ) ;
#1188 = VERTEX_POINT ( 'NONE', #3943 ) ;
#1189 = CARTESIAN_POINT ( 'NONE',  ( 1.148100952641880600, 0.9652524972597841300, -0.5572887891288955700 ) ) ;
#1190 = CARTESIAN_POINT ( 'NONE',  ( 4.860600952641880700, 0.4826262486298922800, 0.8359331836933423500 ) ) ;
#1191 = CARTESIAN_POINT ( 'NONE',  ( 3.266850952641880700, -2.047445795422216600E-016, -1.114577578257790000 ) ) ;
#1192 = DIRECTION ( 'NONE',  ( 0.7071067811866457200, -0.7071067811864494300, 8.659560562353731100E-017 ) ) ;
#1193 = CARTESIAN_POINT ( 'NONE',  ( 15.93098469228345200, -1.249999999999973400, -0.1151754566956114900 ) ) ;
#1194 = AXIS2_PLACEMENT_3D ( 'NONE', #1604, #3974, #2803 ) ;
#1195 = CARTESIAN_POINT ( 'NONE',  ( 11.62873797632096500, 1.278124999999972900, -0.7379258128079757600 ) ) ;
#1196 = CARTESIAN_POINT ( 'NONE',  ( 11.87500000000000500, -1.249999999999973400, 1.530808498934158800E-016 ) ) ;
#1197 = ORIENTED_EDGE ( 'NONE', *, *, #4630, .T. ) ;
#1198 = CARTESIAN_POINT ( 'NONE',  ( 15.92935095264188300, 0.9652524972597843500, 0.0000000000000000000 ) ) ;
#1199 = CARTESIAN_POINT ( 'NONE',  ( 0.6649519052837591400, -0.6249999999999863400, 1.082531754730525300 ) ) ;
#1200 = CARTESIAN_POINT ( 'NONE',  ( 14.57500000000000500, -1.249999999999973400, 1.530808498934158800E-016 ) ) ;
#1201 = CARTESIAN_POINT ( 'NONE',  ( 3.585600952641880800, -0.4826262486298919500, 0.8359331836933424600 ) ) ;
#1202 =( BOUNDED_CURVE ( )  B_SPLINE_CURVE ( 2, ( #1966, #1177, #774, #5172, #788, #4822, #4376 ),
 .UNSPECIFIED., .F., .T. ) 
 B_SPLINE_CURVE_WITH_KNOTS ( ( 3, 2, 2, 3 ),
 ( 0.3472222222222222100, 0.3611111111111110500, 0.3750000000000000000, 0.3888888888888888400 ),
 .UNSPECIFIED. ) 
 CURVE ( )  GEOMETRIC_REPRESENTATION_ITEM ( )  RATIONAL_B_SPLINE_CURVE ( ( 1.000000000000000000, 0.8660254037844387100, 1.000000000000000000, 0.8660254037844387100, 1.000000000000000000, 0.8660254037844387100, 1.000000000000000000 ) ) 
 REPRESENTATION_ITEM ( '' )  );
#1203 = ORIENTED_EDGE ( 'NONE', *, *, #2876, .T. ) ;
#1204 = CARTESIAN_POINT ( 'NONE',  ( 0.2009618943233409900, -1.513318043118992200E-015, 2.598076211353314700 ) ) ;
#1205 = CARTESIAN_POINT ( 'NONE',  ( 0.7356009526418808600, 0.9652524972597843500, 0.0000000000000000000 ) ) ;
#1206 = CARTESIAN_POINT ( 'NONE',  ( 3.116850952641880800, -0.9652524972597841300, 0.5572887891288953500 ) ) ;
#1207 = CARTESIAN_POINT ( 'NONE',  ( 16.00000000000000400, -1.312500000000049700, 1.607348923880961900E-016 ) ) ;
#1208 = CARTESIAN_POINT ( 'NONE',  ( 0.6981009526418807700, 0.9652524972597840100, -0.5572887891288955700 ) ) ;
#1209 = ADVANCED_FACE ( 'NONE', ( #3341 ), #1251, .F. ) ;
#1210 = CARTESIAN_POINT ( 'NONE',  ( 2.198100952641880700, 6.824819318074054600E-017, 1.114577578257790000 ) ) ;
#1211 = CARTESIAN_POINT ( 'NONE',  ( 12.11623797632096400, 1.278124999999973300, 0.0000000000000000000 ) ) ;
#1212 = CARTESIAN_POINT ( 'NONE',  ( 13.90435095264188400, -0.9652524972597843500, 1.182093381138184100E-016 ) ) ;
#1213 = CARTESIAN_POINT ( 'NONE',  ( 1.410600952641880600, -0.9652524972597843500, 1.182093381138184100E-016 ) ) ;
#1214 = CARTESIAN_POINT ( 'NONE',  ( 0.0000000000000000000, 0.0000000000000000000, 0.0000000000000000000 ) ) ;
#1215 = CARTESIAN_POINT ( 'NONE',  ( 4.800000000000002500, -0.6249999999999872300, -1.082531754730524900 ) ) ;
#1216 = CARTESIAN_POINT ( 'NONE',  ( 15.25435095264188400, -0.9652524972597843500, 1.182093381138184100E-016 ) ) ;
#1217 = EDGE_CURVE ( 'NONE', #4161, #4583, #237, .T. ) ;
#1218 = CARTESIAN_POINT ( 'NONE',  ( 14.75245190528376300, -2.651438096812210700E-016, -1.443375672974033500 ) ) ;
#1219 = DIRECTION ( 'NONE',  ( -6.018531076210111400E-033, -1.000000000000000000, 0.0000000000000000000 ) ) ;
#1220 = CARTESIAN_POINT ( 'NONE',  ( 13.86685095264188300, -0.9652524972597841300, 0.5572887891288953500 ) ) ;
#1221 = CARTESIAN_POINT ( 'NONE',  ( 12.68995190528376100, 0.6249999999999866800, 1.082531754730525100 ) ) ;
#1222 = CARTESIAN_POINT ( 'NONE',  ( 2.273100952641880800, -0.9652524972597841300, 0.5572887891288953500 ) ) ;
#1223 = CARTESIAN_POINT ( 'NONE',  ( 1.804350952641880800, -0.9652524972597843500, 1.182093381138184100E-016 ) ) ;
#1224 = AXIS2_PLACEMENT_3D ( 'NONE', #4357, #2374, #1947 ) ;
#1225 = CARTESIAN_POINT ( 'NONE',  ( 14.05000000000000600, -0.6249999999999863400, 1.082531754730525300 ) ) ;
#1226 = CARTESIAN_POINT ( 'NONE',  ( 0.5481009526418808600, -0.9652524972597845700, -0.5572887891288946800 ) ) ;
#1227 = CARTESIAN_POINT ( 'NONE',  ( 15.42310095264188300, -2.047445795422218600E-016, -1.114577578257790700 ) ) ;
#1228 = CARTESIAN_POINT ( 'NONE',  ( 14.12500000000000400, -1.249999999999973400, 1.530808498934158800E-016 ) ) ;
#1229 = CARTESIAN_POINT ( 'NONE',  ( -7.523163845262478600E-033, -1.249999999999973400, 0.0000000000000000000 ) ) ;
#1230 = FACE_OUTER_BOUND ( 'NONE', #3034, .T. ) ;
#1231 = AXIS2_PLACEMENT_3D ( 'NONE', #1115, #3956, #3485 ) ;
#1232 = CARTESIAN_POINT ( 'NONE',  ( 0.9043509526418809200, -0.9652524972597843500, 1.182093381138184100E-016 ) ) ;
#1233 = EDGE_CURVE ( 'NONE', #309, #421, #3514, .T. ) ;
#1234 = CARTESIAN_POINT ( 'NONE',  ( 14.95435095264188300, 0.4826262486298914500, -0.8359331836933428000 ) ) ;
#1235 = DIRECTION ( 'NONE',  ( -1.000000000000000000, 6.018531076210110700E-033, -0.0000000000000000000 ) ) ;
#1236 = CARTESIAN_POINT ( 'NONE',  ( 14.50000000000000500, -0.6249999999999863400, 1.082531754730525300 ) ) ;
#1237 = ORIENTED_EDGE ( 'NONE', *, *, #4509, .T. ) ;
#1238 = CARTESIAN_POINT ( 'NONE',  ( 15.36685095264188500, -2.047445795422217400E-016, -1.114577578257790000 ) ) ;
#1239 = ORIENTED_EDGE ( 'NONE', *, *, #1839, .F. ) ;
#1240 = CARTESIAN_POINT ( 'NONE',  ( 11.62371392896280400, 0.6390624999999857700, -1.106888719211963400 ) ) ;
#1241 = CARTESIAN_POINT ( 'NONE',  ( 2.685600952641880500, -0.4826262486298919500, 0.8359331836933424600 ) ) ;
#1242 = CARTESIAN_POINT ( 'NONE',  ( 13.40245190528376400, -2.651438096812210700E-016, -1.443375672974033500 ) ) ;
#1243 = LINE ( 'NONE', #4109, #4083 ) ;
#1244 = EDGE_LOOP ( 'NONE', ( #1624, #372, #2964, #744 ) ) ;
#1245 = CARTESIAN_POINT ( 'NONE',  ( 2.314951905283758800, 1.249999999999973400, 0.0000000000000000000 ) ) ;
#1246 = CARTESIAN_POINT ( 'NONE',  ( 1.785600952641880800, -0.4826262486298919500, 0.8359331836933424600 ) ) ;
#1247 = ORIENTED_EDGE ( 'NONE', *, *, #4870, .F. ) ;
#1248 = CARTESIAN_POINT ( 'NONE',  ( 2.812500000000002700, 8.838126989374036100E-017, 1.443375672974033500 ) ) ;
#1249 = CARTESIAN_POINT ( 'NONE',  ( 2.573100952641880200, 0.9652524972597842400, 0.5572887891288949000 ) ) ;
#1250 = CARTESIAN_POINT ( 'NONE',  ( 13.46623797632096300, 1.278124999999973300, 0.0000000000000000000 ) ) ;
#1251 = CYLINDRICAL_SURFACE ( 'NONE', #2043, 1.249999999999973400 ) ;
#1252 = CARTESIAN_POINT ( 'NONE',  ( 14.83750000000000600, 1.249999999999973400, 0.7216878364870166200 ) ) ;
#1253 = ORIENTED_EDGE ( 'NONE', *, *, #1883, .T. ) ;
#1254 = ORIENTED_EDGE ( 'NONE', *, *, #4195, .T. ) ;
#1255 = CARTESIAN_POINT ( 'NONE',  ( 1.166850952641880900, 0.9652524972597843500, 0.5572887891288949000 ) ) ;
#1256 = CARTESIAN_POINT ( 'NONE',  ( 14.72935095264188400, -0.4826262486298919500, 0.8359331836933424600 ) ) ;
#1257 = CARTESIAN_POINT ( 'NONE',  ( 11.24185095264188500, -0.9652524972597845700, -0.5572887891288946800 ) ) ;
#1258 = CARTESIAN_POINT ( 'NONE',  ( 4.628737976320961100, 9.036984846634954800E-017, 1.475851625615950000 ) ) ;
#1259 = ORIENTED_EDGE ( 'NONE', *, *, #2789, .T. ) ;
#1260 = EDGE_CURVE ( 'NONE', #1767, #124, #4084, .T. ) ;
#1261 = CARTESIAN_POINT ( 'NONE',  ( 14.50435095264188400, 0.4826262486298914500, -0.8359331836933428000 ) ) ;
#1262 = CARTESIAN_POINT ( 'NONE',  ( 11.06121392896280600, -1.278124999999973800, -0.7379258128079745300 ) ) ;
#1263 = CARTESIAN_POINT ( 'NONE',  ( 2.985600952641880300, 0.9652524972597843500, 0.0000000000000000000 ) ) ;
#1264 = CARTESIAN_POINT ( 'NONE',  ( 4.841850952641880000, 6.824819318074054600E-017, 1.114577578257790000 ) ) ;
#1265 = CARTESIAN_POINT ( 'NONE',  ( 13.00000000000000500, 1.249999999999973400, 0.0000000000000000000 ) ) ;
#1266 = CARTESIAN_POINT ( 'NONE',  ( 0.7731009526418807200, 0.9652524972597843500, 0.5572887891288949000 ) ) ;
#1267 = ADVANCED_FACE ( 'NONE', ( #2277 ), #2960, .F. ) ;
#1268 = ORIENTED_EDGE ( 'NONE', *, *, #3335, .T. ) ;
#1269 = CARTESIAN_POINT ( 'NONE',  ( 1.916850952641880700, -2.047445795422216600E-016, -1.114577578257790000 ) ) ;
#1270 =( BOUNDED_CURVE ( )  B_SPLINE_CURVE ( 2, ( #265, #3436, #1937, #2758, #279, #1918, #3564 ),
 .UNSPECIFIED., .F., .T. ) 
 B_SPLINE_CURVE_WITH_KNOTS ( ( 3, 2, 2, 3 ),
 ( 0.3888888888888888400, 0.4027777777777777900, 0.4166666666666666300, 0.4305555555555555800 ),
 .UNSPECIFIED. ) 
 CURVE ( )  GEOMETRIC_REPRESENTATION_ITEM ( )  RATIONAL_B_SPLINE_CURVE ( ( 1.000000000000000000, 0.8660254037844387100, 1.000000000000000000, 0.8660254037844387100, 1.000000000000000000, 0.8660254037844387100, 1.000000000000000000 ) ) 
 REPRESENTATION_ITEM ( '' )  );
#1271 = CARTESIAN_POINT ( 'NONE',  ( 13.88560095264188600, -0.4826262486298919500, 0.8359331836933424600 ) ) ;
#1272 = ORIENTED_EDGE ( 'NONE', *, *, #3357, .T. ) ;
#1273 =( BOUNDED_CURVE ( )  B_SPLINE_CURVE ( 2, ( #280, #3061, #3876, #4315, #3865, #3116, #3129 ),
 .UNSPECIFIED., .F., .T. ) 
 B_SPLINE_CURVE_WITH_KNOTS ( ( 3, 2, 2, 3 ),
 ( 0.2083333333333333400, 0.2222222222222222100, 0.2361111111111111000, 0.2500000000000000000 ),
 .UNSPECIFIED. ) 
 CURVE ( )  GEOMETRIC_REPRESENTATION_ITEM ( )  RATIONAL_B_SPLINE_CURVE ( ( 1.000000000000000000, 0.8660254037844387100, 1.000000000000000000, 0.8660254037844387100, 1.000000000000000000, 0.8660254037844387100, 1.000000000000000000 ) ) 
 REPRESENTATION_ITEM ( '' )  );
#1274 = CARTESIAN_POINT ( 'NONE',  ( 16.00000000000000400, 0.0000000000000000000, 0.0000000000000000000 ) ) ;
#1275 = CARTESIAN_POINT ( 'NONE',  ( 11.72935095264188600, -0.4826262486298926200, -0.8359331836933422400 ) ) ;
#1276 = APPROVAL ( #2813, 'UNSPECIFIED' ) ;
#1277 = CARTESIAN_POINT ( 'NONE',  ( 2.873100952641880900, -2.047445795422216600E-016, -1.114577578257790000 ) ) ;
#1278 = CARTESIAN_POINT ( 'NONE',  ( 4.516237976320961200, 1.278124999999973300, 0.0000000000000000000 ) ) ;
#1279 = CARTESIAN_POINT ( 'NONE',  ( 14.99185095264188300, 0.9652524972597841300, -0.5572887891288955700 ) ) ;
#1280 = CARTESIAN_POINT ( 'NONE',  ( 12.11121392896280500, 1.278124999999973300, -0.7379258128079758700 ) ) ;
#1281 = CARTESIAN_POINT ( 'NONE',  ( 3.848100952641880600, 0.9652524972597841300, -0.5572887891288955700 ) ) ;
#1282 = CARTESIAN_POINT ( 'NONE',  ( 0.0000000000000000000, 0.0000000000000000000, 0.0000000000000000000 ) ) ;
#1283 = CARTESIAN_POINT ( 'NONE',  ( 14.30245190528376200, -2.651438096812210700E-016, -1.443375672974033500 ) ) ;
#1284 = CARTESIAN_POINT ( 'NONE',  ( 3.285600952641880600, -0.4826262486298926200, -0.8359331836933422400 ) ) ;
#1285 = CARTESIAN_POINT ( 'NONE',  ( 0.0000000000000000000, 2.249999999999998700, 0.0000000000000000000 ) ) ;
#1286 = CARTESIAN_POINT ( 'NONE',  ( 13.70245190528376300, -1.249999999999973100, 0.7216878364870171800 ) ) ;
#1287 = DIRECTION ( 'NONE',  ( -1.000000000000000000, 6.018531076210110700E-033, -0.0000000000000000000 ) ) ;
#1288 = CARTESIAN_POINT ( 'NONE',  ( 0.5668509526418809000, -2.047445795422216600E-016, -1.114577578257790000 ) ) ;
#1289 = CARTESIAN_POINT ( 'NONE',  ( 14.03560095264188400, -0.4826262486298926200, -0.8359331836933422400 ) ) ;
#1290 = ADVANCED_FACE ( 'NONE', ( #4154 ), #5140, .T. ) ;
#1291 = EDGE_CURVE ( 'NONE', #2470, #1903, #804, .T. ) ;
#1292 = CARTESIAN_POINT ( 'NONE',  ( 12.36685095264188500, 0.9652524972597843500, 0.5572887891288949000 ) ) ;
#1293 = CARTESIAN_POINT ( 'NONE',  ( 4.741237976320960000, -1.278124999999973300, 1.565251690160178100E-016 ) ) ;
#1294 = CARTESIAN_POINT ( 'NONE',  ( 14.35000000000000500, 1.249999999999973400, 0.0000000000000000000 ) ) ;
#1295 = CARTESIAN_POINT ( 'NONE',  ( 11.44810095264188400, 0.9652524972597841300, -0.5572887891288955700 ) ) ;
#1296 = CARTESIAN_POINT ( 'NONE',  ( 11.28621392896280400, 1.278124999999973800, 0.7379258128079749800 ) ) ;
#1297 = CARTESIAN_POINT ( 'NONE',  ( 3.761213928962800600, 9.036984846634956000E-017, 1.475851625615950200 ) ) ;
#1298 = DIRECTION ( 'NONE',  ( -1.000000000000000000, 6.018531076210110700E-033, -0.0000000000000000000 ) ) ;
#1299 = AXIS2_PLACEMENT_3D ( 'NONE', #3060, #632, #3864 ) ;
#1300 = CARTESIAN_POINT ( 'NONE',  ( 2.512500000000002400, -1.249999999999973600, -0.7216878364870164000 ) ) ;
#1301 = LINE ( 'NONE', #1050, #1757 ) ;
#1302 = CARTESIAN_POINT ( 'NONE',  ( -0.1456490473581189800, 0.4826262486298922800, 0.8359331836933423500 ) ) ;
#1303 = PERSON_AND_ORGANIZATION ( #1784, #1171 ) ;
#1304 = PLANE ( 'NONE',  #3132 ) ;
#1305 = CARTESIAN_POINT ( 'NONE',  ( 1.016850952641881000, -2.047445795422216600E-016, -1.114577578257790000 ) ) ;
#1306 = LINE ( 'NONE', #872, #934 ) ;
#1307 = ORIENTED_EDGE ( 'NONE', *, *, #2259, .T. ) ;
#1308 = CARTESIAN_POINT ( 'NONE',  ( 13.09810095264188600, -0.9652524972597845700, -0.5572887891288946800 ) ) ;
#1309 = CARTESIAN_POINT ( 'NONE',  ( 11.95435095264188500, 0.4826262486298922800, 0.8359331836933423500 ) ) ;
#1310 = ORIENTED_EDGE ( 'NONE', *, *, #1930, .T. ) ;
#1311 = CARTESIAN_POINT ( 'NONE',  ( 11.65435095264188400, -0.9652524972597843500, 1.182093381138184100E-016 ) ) ;
#1312 = CARTESIAN_POINT ( 'NONE',  ( 4.789951905283759400, -1.249999999999973400, 1.530808498934159000E-016 ) ) ;
#1313 = VECTOR ( 'NONE', #1734, 1000.000000000000100 ) ;
#1314 = ORIENTED_EDGE ( 'NONE', *, *, #3935, .F. ) ;
#1315 = CARTESIAN_POINT ( 'NONE',  ( 11.22310095264188600, -0.9652524972597841300, 0.5572887891288953500 ) ) ;
#1316 = CARTESIAN_POINT ( 'NONE',  ( 11.58621392896280400, -2.711095453990487100E-016, -1.475851625615950200 ) ) ;
#1317 = ORIENTED_EDGE ( 'NONE', *, *, #4480, .F. ) ;
#1318 = CARTESIAN_POINT ( 'NONE',  ( 4.098713928962800100, 1.278124999999973500, 0.0000000000000000000 ) ) ;
#1319 = CARTESIAN_POINT ( 'NONE',  ( 3.323100952641880700, -2.047445795422216600E-016, -1.114577578257790000 ) ) ;
#1320 = ADVANCED_FACE ( 'NONE', ( #4334 ), #2592, .F. ) ;
#1321 = FACE_OUTER_BOUND ( 'NONE', #4864, .T. ) ;
#1322 = EDGE_LOOP ( 'NONE', ( #1272, #4358, #2530, #1879, #4896, #1003, #3707 ) ) ;
#1323 = CARTESIAN_POINT ( 'NONE',  ( 13.06495190528376300, 1.249999999999973400, 0.0000000000000000000 ) ) ;
#1324 = DIRECTION ( 'NONE',  ( 1.000000000000000000, 0.0000000000000000000, 0.0000000000000000000 ) ) ;
#1325 = EDGE_CURVE ( 'NONE', #2591, #1758, #4836, .T. ) ;
#1326 = CARTESIAN_POINT ( 'NONE',  ( 3.116850952641880800, -0.9652524972597841300, 0.5572887891288953500 ) ) ;
#1327 = CARTESIAN_POINT ( 'NONE',  ( 14.63560095264188400, 0.9652524972597843500, 0.0000000000000000000 ) ) ;
#1328 = CARTESIAN_POINT ( 'NONE',  ( 12.74185095264188500, 0.9652524972597841300, -0.5572887891288955700 ) ) ;
#1329 = CARTESIAN_POINT ( 'NONE',  ( 11.80435095264188300, 0.4826262486298914500, -0.8359331836933428000 ) ) ;
#1330 = CARTESIAN_POINT ( 'NONE',  ( 0.5737139289628008200, 0.6390624999999868800, 1.106888719211962700 ) ) ;
#1331 = CARTESIAN_POINT ( 'NONE',  ( 0.0000000000000000000, 0.0000000000000000000, 2.249999999999998700 ) ) ;
#1332 = ORIENTED_EDGE ( 'NONE', *, *, #3889, .T. ) ;
#1333 = CARTESIAN_POINT ( 'NONE',  ( 12.49810095264188600, 6.824819318074047200E-017, 1.114577578257790000 ) ) ;
#1334 = CARTESIAN_POINT ( 'NONE',  ( 14.43621392896280600, 1.278124999999973800, 0.7379258128079749800 ) ) ;
#1335 = CARTESIAN_POINT ( 'NONE',  ( 3.723713928962800500, 0.6390624999999868800, 1.106888719211962700 ) ) ;
#1336 = DIRECTION ( 'NONE',  ( -1.000000000000000000, 6.018531076210110700E-033, -0.0000000000000000000 ) ) ;
#1337 = CARTESIAN_POINT ( 'NONE',  ( 4.673100952641880700, -2.047445795422216600E-016, -1.114577578257790000 ) ) ;
#1338 = VERTEX_POINT ( 'NONE', #73 ) ;
#1339 = CARTESIAN_POINT ( 'NONE',  ( 13.13995190528376100, 0.6249999999999866800, 1.082531754730525100 ) ) ;
#1340 = EDGE_CURVE ( 'NONE', #137, #5097, #1243, .T. ) ;
#1341 = CARTESIAN_POINT ( 'NONE',  ( 13.24123797632096500, -1.278124999999973300, 1.565251690160178100E-016 ) ) ;
#1342 = CARTESIAN_POINT ( 'NONE',  ( 3.904350952641880500, 0.4826262486298922800, 0.8359331836933423500 ) ) ;
#1343 = CARTESIAN_POINT ( 'NONE',  ( 14.44810095264188400, -0.9652524972597845700, -0.5572887891288946800 ) ) ;
#1344 = ADVANCED_FACE ( 'NONE', ( #1490 ), #3021, .F. ) ;
#1345 = CARTESIAN_POINT ( 'NONE',  ( 13.15435095264188400, 0.4826262486298914500, -0.8359331836933428000 ) ) ;
#1346 = CARTESIAN_POINT ( 'NONE',  ( 13.67935095264188300, 0.9652524972597843500, 0.0000000000000000000 ) ) ;
#1347 = CARTESIAN_POINT ( 'NONE',  ( -0.1387860710371991400, -1.278124999999973800, -0.7379258128079745300 ) ) ;
#1348 = CARTESIAN_POINT ( 'NONE',  ( 0.01892593468635146700, 2.249999999999998700, -0.4380882898101285400 ) ) ;
#1349 = CARTESIAN_POINT ( 'NONE',  ( 11.26060095264188400, -0.9652524972597843500, 1.182093381138184100E-016 ) ) ;
#1350 = CARTESIAN_POINT ( 'NONE',  ( 12.56121392896280400, 1.278124999999973300, -0.7379258128079758700 ) ) ;
#1351 = CARTESIAN_POINT ( 'NONE',  ( 3.123713928962800400, 0.6390624999999857700, -1.106888719211963400 ) ) ;
#1352 = CARTESIAN_POINT ( 'NONE',  ( 11.33995190528376200, 0.6249999999999866800, 1.082531754730525100 ) ) ;
#1353 = CARTESIAN_POINT ( 'NONE',  ( 1.012500000000002800, 8.838126989374036100E-017, 1.443375672974033500 ) ) ;
#1354 = ORIENTED_EDGE ( 'NONE', *, *, #3951, .T. ) ;
#1355 = CARTESIAN_POINT ( 'NONE',  ( 12.49123797632096400, 0.6390624999999856600, -1.106888719211963200 ) ) ;
#1356 = CARTESIAN_POINT ( 'NONE',  ( 14.46685095264188300, -2.047445795422217100E-016, -1.114577578257790000 ) ) ;
#1357 = CARTESIAN_POINT ( 'NONE',  ( 3.641850952641880700, -0.9652524972597845700, -0.5572887891288946800 ) ) ;
#1358 = CARTESIAN_POINT ( 'NONE',  ( 11.69185095264188400, -0.9652524972597844600, -0.5572887891288946800 ) ) ;
#1359 = CARTESIAN_POINT ( 'NONE',  ( 0.1397700690953396200, -0.1835754756815230200, 2.492088861051974500 ) ) ;
#1360 = CYLINDRICAL_SURFACE ( 'NONE', #91, 1.249999999999973400 ) ;
#1361 = CARTESIAN_POINT ( 'NONE',  ( 1.098713928962800700, -0.6390624999999864300, 1.106888719211963000 ) ) ;
#1362 = CARTESIAN_POINT ( 'NONE',  ( 11.48995190528376200, -1.249999999999973400, 1.530808498934159000E-016 ) ) ;
#1363 = CARTESIAN_POINT ( 'NONE',  ( 12.19810095264188600, -0.9652524972597844600, -0.5572887891288946800 ) ) ;
#1364 = CARTESIAN_POINT ( 'NONE',  ( 13.04871392896280500, 1.278124999999973500, 0.0000000000000000000 ) ) ;
#1365 = CARTESIAN_POINT ( 'NONE',  ( 2.486213928962800700, -1.278124999999973500, 0.7379258128079755300 ) ) ;
#1366 = CARTESIAN_POINT ( 'NONE',  ( 0.8149519052837590500, -0.6249999999999872300, -1.082531754730524900 ) ) ;
#1367 = FACE_OUTER_BOUND ( 'NONE', #2163, .T. ) ;
#1368 =( BOUNDED_CURVE ( )  B_SPLINE_CURVE ( 2, ( #4649, #2693, #3866, #268, #2678, #2247, #4263 ),
 .UNSPECIFIED., .F., .T. ) 
 B_SPLINE_CURVE_WITH_KNOTS ( ( 3, 2, 2, 3 ),
 ( 0.3333333333333333100, 0.3472222222222222100, 0.3611111111111111000, 0.3750000000000000000 ),
 .UNSPECIFIED. ) 
 CURVE ( )  GEOMETRIC_REPRESENTATION_ITEM ( )  RATIONAL_B_SPLINE_CURVE ( ( 1.000000000000000000, 0.8660254037844387100, 1.000000000000000000, 0.8660254037844387100, 1.000000000000000000, 0.8660254037844387100, 1.000000000000000000 ) ) 
 REPRESENTATION_ITEM ( '' )  );
#1369 = VERTEX_POINT ( 'NONE', #2139 ) ;
#1370 = APPLICATION_CONTEXT ( 'configuration controlled 3d designs of mechanical parts and assemblies' ) ;
#1371 = ADVANCED_FACE ( 'NONE', ( #5207, #419 ), #1304, .F. ) ;
#1372 = EDGE_CURVE ( 'NONE', #3607, #1373, #497, .T. ) ;
#1373 = VERTEX_POINT ( 'NONE', #2901 ) ;
#1374 = VECTOR ( 'NONE', #4370, 1000.000000000000000 ) ;
#1375 = CARTESIAN_POINT ( 'NONE',  ( 0.9750000000000027500, 0.6249999999999867900, 1.082531754730525300 ) ) ;
#1376 = ORIENTED_EDGE ( 'NONE', *, *, #1555, .F. ) ;
#1377 = CARTESIAN_POINT ( 'NONE',  ( 13.84123797632096500, 0.6390624999999856600, -1.106888719211963200 ) ) ;
#1378 = CARTESIAN_POINT ( 'NONE',  ( 14.87935095264188600, -0.4826262486298926200, -0.8359331836933422400 ) ) ;
#1379 = ORIENTED_EDGE ( 'NONE', *, *, #3920, .F. ) ;
#1380 = CARTESIAN_POINT ( 'NONE',  ( 2.854350952641880700, 0.4826262486298914500, -0.8359331836933428000 ) ) ;
#1381 = CARTESIAN_POINT ( 'NONE',  ( 15.80555918807244700, 1.011128726045398500, -0.5539071484015876100 ) ) ;
#1382 = CYLINDRICAL_SURFACE ( 'NONE', #4110, 1.249999999999973400 ) ;
#1383 = CIRCLE ( 'NONE', #1224, 1.249999999999973400 ) ;
#1384 = CARTESIAN_POINT ( 'NONE',  ( 11.76685095264188300, -2.047445795422217400E-016, -1.114577578257790000 ) ) ;
#1385 = DIRECTION ( 'NONE',  ( -1.000000000000000000, 6.018531076210110700E-033, -0.0000000000000000000 ) ) ;
#1386 = CARTESIAN_POINT ( 'NONE',  ( 5.228737976320959800, -1.278124999999973800, -0.7379258128079745300 ) ) ;
#1387 = ORIENTED_EDGE ( 'NONE', *, *, #1372, .F. ) ;
#1388 = CARTESIAN_POINT ( 'NONE',  ( 12.08995190528376200, 0.6249999999999856800, -1.082531754730525800 ) ) ;
#1389 = B_SPLINE_CURVE_WITH_KNOTS ( 'NONE', 3,
 ( #2932, #912, #1348, #100, #3716, #122 ),
 .UNSPECIFIED., .F., .F.,
 ( 4, 2, 4 ),
 ( 0.01052012348866606500, 0.01117711374436856400, 0.01183410400007106300 ),
 .UNSPECIFIED. ) ;
#1390 = CARTESIAN_POINT ( 'NONE',  ( 14.86060095264188500, -0.9652524972597843500, 1.182093381138184100E-016 ) ) ;
#1391 = CARTESIAN_POINT ( 'NONE',  ( 13.57371392896280300, 0.6390624999999868800, 1.106888719211962700 ) ) ;
#1392 = CARTESIAN_POINT ( 'NONE',  ( 0.6418509526418808600, 0.9652524972597841300, -0.5572887891288955700 ) ) ;
#1393 = CARTESIAN_POINT ( 'NONE',  ( 11.30245190528376200, 1.249999999999973400, 0.7216878364870166200 ) ) ;
#1394 = EDGE_LOOP ( 'NONE', ( #5203, #3892, #321 ) ) ;
#1395 = CARTESIAN_POINT ( 'NONE',  ( 0.6793509526418809500, 0.9652524972597843500, 0.0000000000000000000 ) ) ;
#1396 = EDGE_CURVE ( 'NONE', #3164, #1120, #1389, .T. ) ;
#1397 = CARTESIAN_POINT ( 'NONE',  ( 12.75373797632096300, -1.278124999999973300, 0.7379258128079753100 ) ) ;
#1398 = CARTESIAN_POINT ( 'NONE',  ( 14.09185095264188300, 0.9652524972597840100, -0.5572887891288955700 ) ) ;
#1399 = CARTESIAN_POINT ( 'NONE',  ( 3.941850952641880600, 6.824819318074054600E-017, 1.114577578257790000 ) ) ;
#1400 = CARTESIAN_POINT ( 'NONE',  ( 1.152451905283759000, -1.249999999999973100, 0.7216878364870171800 ) ) ;
#1401 = ORIENTED_EDGE ( 'NONE', *, *, #1068, .F. ) ;
#1402 = CARTESIAN_POINT ( 'NONE',  ( 2.089951905283759200, -1.249999999999973400, 1.530808498934159000E-016 ) ) ;
#1403 = CARTESIAN_POINT ( 'NONE',  ( 1.773713928962800800, 0.6390624999999857700, -1.106888719211963400 ) ) ;
#1404 = ORIENTED_EDGE ( 'NONE', *, *, #358, .T. ) ;
#1405 = CARTESIAN_POINT ( 'NONE',  ( 13.32310095264188600, 0.9652524972597842400, 0.5572887891288949000 ) ) ;
#1406 = CARTESIAN_POINT ( 'NONE',  ( 12.89871392896280300, -0.6390624999999873200, -1.106888719211962500 ) ) ;
#1407 = CARTESIAN_POINT ( 'NONE',  ( 1.391850952641880700, -0.9652524972597844600, -0.5572887891288946800 ) ) ;
#1408 = CARTESIAN_POINT ( 'NONE',  ( 11.26495190528376300, 1.249999999999973400, 0.0000000000000000000 ) ) ;
#1409 = AXIS2_PLACEMENT_3D ( 'NONE', #3287, #439, #885 ) ;
#1410 = CARTESIAN_POINT ( 'NONE',  ( 3.041850952641880700, 6.824819318074054600E-017, 1.114577578257790000 ) ) ;
#1411 = CARTESIAN_POINT ( 'NONE',  ( 16.16623797632096100, 1.278124999999973300, 0.0000000000000000000 ) ) ;
#1412 = CARTESIAN_POINT ( 'NONE',  ( 14.69185095264188400, 6.824819318074047200E-017, 1.114577578257790000 ) ) ;
#1413 = CARTESIAN_POINT ( 'NONE',  ( 4.339951905283758300, -1.249999999999973400, 1.530808498934159000E-016 ) ) ;
#1414 = CARTESIAN_POINT ( 'NONE',  ( 2.127451905283759300, -1.249999999999973400, -0.7216878364870162900 ) ) ;
#1415 = DIRECTION ( 'NONE',  ( -1.000000000000000000, 6.018531076210110700E-033, -0.0000000000000000000 ) ) ;
#1416 = CARTESIAN_POINT ( 'NONE',  ( 1.511213928962800800, 9.036984846634956000E-017, 1.475851625615950200 ) ) ;
#1417 = B_SPLINE_CURVE_WITH_KNOTS ( 'NONE', 3,
 ( #2867, #4535, #976, #2955 ),
 .UNSPECIFIED., .F., .F.,
 ( 4, 4 ),
 ( 0.006993148289262609800, 0.007690999934720233100 ),
 .UNSPECIFIED. ) ;
#1418 = CARTESIAN_POINT ( 'NONE',  ( 13.47310095264188400, -0.9652524972597841300, 0.5572887891288953500 ) ) ;
#1419 = CARTESIAN_POINT ( 'NONE',  ( 14.62371392896280400, -1.278124999999973500, 1.565251690160178300E-016 ) ) ;
#1420 = CARTESIAN_POINT ( 'NONE',  ( 1.166850952641880900, 0.9652524972597842400, 0.5572887891288949000 ) ) ;
#1421 = CARTESIAN_POINT ( 'NONE',  ( 7.523163845262478600E-033, 1.249999999999973400, 1.530808498934159000E-016 ) ) ;
#1422 = EDGE_CURVE ( 'NONE', #2104, #3510, #2223, .T. ) ;
#1423 = CARTESIAN_POINT ( 'NONE',  ( 1.766850952641880700, -0.9652524972597841300, 0.5572887891288953500 ) ) ;
#1424 = CARTESIAN_POINT ( 'NONE',  ( 16.46623797632096100, -0.6390624999999872100, -1.106888719211962300 ) ) ;
#1425 = CARTESIAN_POINT ( 'NONE',  ( 15.32935095264188300, -0.4826262486298926200, -0.8359331836933422400 ) ) ;
#1426 = DIRECTION ( 'NONE',  ( -6.018531076210111400E-033, -1.000000000000000000, 0.0000000000000000000 ) ) ;
#1427 = CYLINDRICAL_SURFACE ( 'NONE', #3597, 1.249999999999973400 ) ;
#1428 = VERTEX_POINT ( 'NONE', #2112 ) ;
#1429 = CARTESIAN_POINT ( 'NONE',  ( 12.12310095264188400, -0.9652524972597847900, 0.5572887891288956800 ) ) ;
#1430 = CARTESIAN_POINT ( 'NONE',  ( 11.52745190528376400, -1.249999999999973400, -0.7216878364870162900 ) ) ;
#1431 = FACE_OUTER_BOUND ( 'NONE', #1244, .T. ) ;
#1432 =( BOUNDED_CURVE ( )  B_SPLINE_CURVE ( 2, ( #2421, #4785, #2007, #3212, #3621, #1521, #5215, #5142, #382, #1973, #4348, #778, #3608, #3989, #3166, #5162, #4800, #2755, #2404, #5191, #363, #2805, #344, #2816, #1128, #3230, #742, #1931, #1186, #4004, #3954, #4748, #2385, #5177, #3186, #3559, #1146, #1556, #2790, #2735, #2415, #2125, #444, #1715, #3291, #870, #2566, #4511, #4549, #2954, #3688, #1308, #2107, #2935, #3340, #2124, #3304, #943, #2491, #4935, #920, #518, #2878, #2549, #4481, #2093, #890, #3708, #472, #3761, #3354, #4920, #1271, #908, #4094, #97, #1289, #3747, #2527, #3729, #58, #4112, #533, #4129, #1676, #1701, #2919, #1343, #4499, #115, #4166, #2076, #1327, #498, #4533, #4882, #3318, #4148, #459, #1729, #4904, #2509, #2143, #76, #4950, #138, #2904, #4603, #168, #188, #601, #2235, #619, #961, #4563, #3783, #574, #975, #3831, #2196, #1774 ),
 .UNSPECIFIED., .F., .T. ) 
 B_SPLINE_CURVE_WITH_KNOTS ( ( 3, 2, 2, 2, 2, 2, 2, 2, 2, 2, 2, 2, 2, 2, 2, 2, 2, 2, 2, 2, 2, 2, 2, 2, 2, 2, 2, 2, 2, 2, 2, 2, 2, 2, 2, 2, 2, 2, 2, 2, 2, 2, 2, 2, 2, 2, 2, 2, 2, 2, 2, 2, 2, 2, 2, 2, 2, 2, 2, 2, 3 ),
 ( 0.03063139315884487100, 0.04166666666666666400, 0.05555555555555555200, 0.06944444444444444800, 0.08333333333333332900, 0.09722222222222222400, 0.1111111111111111000, 0.1250000000000000000, 0.1388888888888888700, 0.1527777777777777900, 0.1666666666666666600, 0.1805555555555555500, 0.1944444444444444500, 0.2083333333333333100, 0.2222222222222222100, 0.2361111111111111000, 0.2500000000000000000, 0.2638888888888889000, 0.2777777777777777900, 0.2916666666666666900, 0.3055555555555555800, 0.3194444444444444200, 0.3333333333333333100, 0.3472222222222222100, 0.3611111111111111000, 0.3750000000000000000, 0.3888888888888889000, 0.4027777777777777300, 0.4166666666666666900, 0.4305555555555555800, 0.4444444444444444200, 0.4583333333333333100, 0.4722222222222221500, 0.4861111111111111000, 0.5000000000000000000, 0.5138888888888888400, 0.5277777777777777900, 0.5416666666666666300, 0.5555555555555555800, 0.5694444444444444200, 0.5833333333333333700, 0.5972222222222222100, 0.6111111111111111600, 0.6250000000000000000, 0.6388888888888888400, 0.6527777777777776800, 0.6666666666666666300, 0.6805555555555555800, 0.6944444444444443100, 0.7083333333333333700, 0.7222222222222222100, 0.7361111111111111600, 0.7500000000000001100, 0.7638888888888888400, 0.7777777777777777900, 0.7916666666666665200, 0.8055555555555555800, 0.8194444444444444200, 0.8333333333333333700, 0.8472222222222222100, 0.8549711355039579800 ),
 .UNSPECIFIED. ) 
 CURVE ( )  GEOMETRIC_REPRESENTATION_ITEM ( )  RATIONAL_B_SPLINE_CURVE ( ( 0.9562582671238777400, 0.8935518655116132500, 1.000000000000000000, 0.8660254037844387100, 1.000000000000000000, 0.8660254037844387100, 1.000000000000000000, 0.8660254037844387100, 1.000000000000000000, 0.8660254037844387100, 1.000000000000000000, 0.8660254037844387100, 1.000000000000000000, 0.8660254037844387100, 1.000000000000000000, 0.8660254037844387100, 1.000000000000000000, 0.8660254037844387100, 1.000000000000000000, 0.8660254037844387100, 1.000000000000000000, 0.8660254037844387100, 1.000000000000000000, 0.8660254037844387100, 1.000000000000000000, 0.8660254037844387100, 1.000000000000000000, 0.8660254037844387100, 1.000000000000000000, 0.8660254037844387100, 1.000000000000000000, 0.8660254037844387100, 1.000000000000000000, 0.8660254037844387100, 1.000000000000000000, 0.8660254037844387100, 1.000000000000000000, 0.8660254037844387100, 1.000000000000000000, 0.8660254037844387100, 1.000000000000000000, 0.8660254037844387100, 1.000000000000000000, 0.8660254037844387100, 1.000000000000000000, 0.8660254037844387100, 1.000000000000000000, 0.8660254037844387100, 1.000000000000000000, 0.8660254037844387100, 1.000000000000000000, 0.8660254037844387100, 1.000000000000000000, 0.8660254037844387100, 1.000000000000000000, 0.8660254037844387100, 1.000000000000000000, 0.8660254037844387100, 1.000000000000000000, 0.8660254037844387100, 1.000000000000000000, 0.8660254037844387100, 1.000000000000000000, 0.8660254037844387100, 1.000000000000000000, 0.8660254037844387100, 1.000000000000000000, 0.8660254037844387100, 1.000000000000000000, 0.8660254037844387100, 1.000000000000000000, 0.8660254037844387100, 1.000000000000000000, 0.8660254037844387100, 1.000000000000000000, 0.8660254037844387100, 1.000000000000000000, 0.8660254037844387100, 1.000000000000000000, 0.8660254037844387100, 1.000000000000000000, 0.8660254037844387100, 1.000000000000000000, 0.8660254037844387100, 1.000000000000000000, 0.8660254037844387100, 1.000000000000000000, 0.8660254037844387100, 1.000000000000000000, 0.8660254037844387100, 1.000000000000000000, 0.8660254037844387100, 1.000000000000000000, 0.8660254037844387100, 1.000000000000000000, 0.8660254037844387100, 1.000000000000000000, 0.8660254037844387100, 1.000000000000000000, 0.8660254037844387100, 1.000000000000000000, 0.8660254037844387100, 1.000000000000000000, 0.8660254037844387100, 1.000000000000000000, 0.8660254037844387100, 1.000000000000000000, 0.8660254037844387100, 1.000000000000000000, 0.8660254037844387100, 1.000000000000000000, 0.8660254037844387100, 1.000000000000000000, 0.8660254037844387100, 1.000000000000000000, 0.8660254037844387100, 1.000000000000000000, 0.8660254037844387100, 1.000000000000000000, 0.9252526579818428600, 0.9339116526364945600 ) ) 
 REPRESENTATION_ITEM ( '' )  );
#1433 = VERTEX_POINT ( 'NONE', #3309 ) ;
#1434 = CARTESIAN_POINT ( 'NONE',  ( 14.11060095264188500, 0.4826262486298914500, -0.8359331836933428000 ) ) ;
#1435 =( BOUNDED_CURVE ( )  B_SPLINE_CURVE ( 2, ( #2868, #2495, #445, #60, #1236, #4057, #4483 ),
 .UNSPECIFIED., .F., .T. ) 
 B_SPLINE_CURVE_WITH_KNOTS ( ( 3, 2, 2, 3 ),
 ( 0.5833333333333333700, 0.5972222222222222100, 0.6111111111111111600, 0.6250000000000000000 ),
 .UNSPECIFIED. ) 
 CURVE ( )  GEOMETRIC_REPRESENTATION_ITEM ( )  RATIONAL_B_SPLINE_CURVE ( ( 1.000000000000000000, 0.8660254037844387100, 1.000000000000000000, 0.8660254037844387100, 1.000000000000000000, 0.8660254037844387100, 1.000000000000000000 ) ) 
 REPRESENTATION_ITEM ( '' )  );
#1436 = CARTESIAN_POINT ( 'NONE',  ( 14.77371392896280300, 0.6390624999999857700, -1.106888719211963400 ) ) ;
#1437 = VERTEX_POINT ( 'NONE', #2981 ) ;
#1438 = CARTESIAN_POINT ( 'NONE',  ( 0.7168509526418809200, 0.9652524972597842400, 0.5572887891288949000 ) ) ;
#1439 = LINE ( 'NONE', #3570, #1766 ) ;
#1440 = EDGE_CURVE ( 'NONE', #4406, #2458, #2011, .T. ) ;
#1441 = ORIENTED_EDGE ( 'NONE', *, *, #3655, .F. ) ;
#1442 = CARTESIAN_POINT ( 'NONE',  ( 4.148100952641880400, -0.9652524972597844600, -0.5572887891288946800 ) ) ;
#1443 = ORIENTED_EDGE ( 'NONE', *, *, #4260, .F. ) ;
#1444 = CARTESIAN_POINT ( 'NONE',  ( 1.354350952641880900, -0.9652524972597843500, 1.182093381138184100E-016 ) ) ;
#1445 = CARTESIAN_POINT ( 'NONE',  ( 0.0000000000000000000, 0.0000000000000000000, 0.0000000000000000000 ) ) ;
#1446 = ORIENTED_EDGE ( 'NONE', *, *, #1816, .T. ) ;
#1447 = CARTESIAN_POINT ( 'NONE',  ( 4.387500000000002800, -2.651438096812210200E-016, -1.443375672974033500 ) ) ;
#1448 = CARTESIAN_POINT ( 'NONE',  ( 12.61060095264188300, -0.9652524972597850100, 1.182093381138185100E-016 ) ) ;
#1449 = B_SPLINE_CURVE_WITH_KNOTS ( 'NONE', 3,
 ( #3877, #3911, #4650, #5057, #1489, #2337, #3173, #2747, #2759, #1529, #1962, #4755 ),
 .UNSPECIFIED., .F., .F.,
 ( 4, 2, 2, 2, 2, 4 ),
 ( 0.0002844174271738046000, 0.0009252401878632633800, 0.001566062948552722100, 0.001886474328897451300, 0.002206885709242181100, 0.002847708469931639600 ),
 .UNSPECIFIED. ) ;
#1450 = CARTESIAN_POINT ( 'NONE',  ( 14.71060095264188500, 0.4826262486298922800, 0.8359331836933423500 ) ) ;
#1451 = CARTESIAN_POINT ( 'NONE',  ( 15.26121392896280300, 1.278124999999973300, -0.7379258128079758700 ) ) ;
#1452 = CARTESIAN_POINT ( 'NONE',  ( -0.03314904735811900100, -0.9652524972597841300, 0.5572887891288953500 ) ) ;
#1453 = CARTESIAN_POINT ( 'NONE',  ( 0.0000000000000000000, 0.0000000000000000000, 0.0000000000000000000 ) ) ;
#1454 = ORIENTED_EDGE ( 'NONE', *, *, #1603, .T. ) ;
#1455 = CARTESIAN_POINT ( 'NONE',  ( 4.223100952641880600, -2.047445795422216600E-016, -1.114577578257790000 ) ) ;
#1456 = CARTESIAN_POINT ( 'NONE',  ( 2.779350952641880500, -0.4826262486298926200, -0.8359331836933422400 ) ) ;
#1457 = EDGE_LOOP ( 'NONE', ( #3842, #3906, #264, #4602 ) ) ;
#1458 = EDGE_CURVE ( 'NONE', #1179, #635, #3775, .T. ) ;
#1459 = DIRECTION ( 'NONE',  ( -1.000000000000000000, 6.018531076210110700E-033, -0.0000000000000000000 ) ) ;
#1460 = CARTESIAN_POINT ( 'NONE',  ( 13.56250000000000700, 8.838126989374028700E-017, 1.443375672974033500 ) ) ;
#1461 = CARTESIAN_POINT ( 'NONE',  ( 11.71060095264188300, -0.9652524972597850100, 1.182093381138185100E-016 ) ) ;
#1462 = CARTESIAN_POINT ( 'NONE',  ( 15.02500000000000600, -1.249999999999973400, 1.530808498934158800E-016 ) ) ;
#1463 = AXIS2_PLACEMENT_3D ( 'NONE', #1714, #4532, #2471 ) ;
#1464 = CARTESIAN_POINT ( 'NONE',  ( 2.925000000000002000, -1.249999999999973400, 1.530808498934159000E-016 ) ) ;
#1465 = CARTESIAN_POINT ( 'NONE',  ( 0.3333703117012395400, 0.005032905320031659900, 0.9820373143323122300 ) ) ;
#1466 = CARTESIAN_POINT ( 'NONE',  ( 11.76685095264188300, -2.047445795422217400E-016, -1.114577578257790000 ) ) ;
#1467 = CARTESIAN_POINT ( 'NONE',  ( 1.891237976320961000, 0.6390624999999867700, 1.106888719211962500 ) ) ;
#1468 = CARTESIAN_POINT ( 'NONE',  ( 11.71495190528376200, 1.249999999999973400, 0.0000000000000000000 ) ) ;
#1469 = AXIS2_PLACEMENT_3D ( 'NONE', #4721, #4262, #2312 ) ;
#1470 = CARTESIAN_POINT ( 'NONE',  ( 14.86495190528376200, 1.249999999999973400, 0.0000000000000000000 ) ) ;
#1471 = CARTESIAN_POINT ( 'NONE',  ( 3.529350952641880900, -0.4826262486298919500, 0.8359331836933424600 ) ) ;
#1472 = CARTESIAN_POINT ( 'NONE',  ( 14.97745190528376100, 8.838126989374027500E-017, 1.443375672974033500 ) ) ;
#1473 = CARTESIAN_POINT ( 'NONE',  ( 15.90373797632096300, -1.278124999999973300, 0.7379258128079753100 ) ) ;
#1474 = CARTESIAN_POINT ( 'NONE',  ( 13.22500000000000700, -1.249999999999973400, 1.530808498934158800E-016 ) ) ;
#1475 = CARTESIAN_POINT ( 'NONE',  ( 12.76060095264188200, 0.4826262486298917900, -0.8359331836933434600 ) ) ;
#1476 = CARTESIAN_POINT ( 'NONE',  ( 11.19999999999999900, -0.9631645500732860500, 0.06345417991255004900 ) ) ;
#1477 = DIRECTION ( 'NONE',  ( 0.0000000000000000000, -0.8660254037844386000, -0.5000000000000001100 ) ) ;
#1478 = CARTESIAN_POINT ( 'NONE',  ( 15.97371392896280400, -1.278124999999973500, 1.565251690160178300E-016 ) ) ;
#1479 = CARTESIAN_POINT ( 'NONE',  ( 2.453737976320960800, -1.278124999999973300, 0.7379258128079753100 ) ) ;
#1480 = CARTESIAN_POINT ( 'NONE',  ( 12.61495190528376200, 1.249999999999973400, 0.0000000000000000000 ) ) ;
#1481 = FACE_OUTER_BOUND ( 'NONE', #127, .T. ) ;
#1482 = EDGE_CURVE ( 'NONE', #3607, #1943, #4456, .T. ) ;
#1483 = DIRECTION ( 'NONE',  ( 1.000000000000000000, 0.0000000000000000000, 0.0000000000000000000 ) ) ;
#1484 = FACE_OUTER_BOUND ( 'NONE', #297, .T. ) ;
#1485 = CARTESIAN_POINT ( 'NONE',  ( 0.2106009526418808900, 0.4826262486298914500, -0.8359331836933428000 ) ) ;
#1486 = ORIENTED_EDGE ( 'NONE', *, *, #4665, .T. ) ;
#1487 = VERTEX_POINT ( 'NONE', #3751 ) ;
#1488 = CARTESIAN_POINT ( 'NONE',  ( -7.523163845262478600E-033, -1.249999999999973400, 0.0000000000000000000 ) ) ;
#1489 = CARTESIAN_POINT ( 'NONE',  ( 11.20000000000000300, -0.2552051544849254200, -1.130388608682765000 ) ) ;
#1490 = FACE_OUTER_BOUND ( 'NONE', #4331, .T. ) ;
#1491 =( BOUNDED_CURVE ( )  B_SPLINE_CURVE ( 2, ( #4302, #1034, #1894, #1824, #3045, #618, #650 ),
 .UNSPECIFIED., .F., .T. ) 
 B_SPLINE_CURVE_WITH_KNOTS ( ( 3, 2, 2, 3 ),
 ( 0.8472222222222222100, 0.8611111111111111600, 0.8750000000000000000, 0.8888888888888888400 ),
 .UNSPECIFIED. ) 
 CURVE ( )  GEOMETRIC_REPRESENTATION_ITEM ( )  RATIONAL_B_SPLINE_CURVE ( ( 1.000000000000000000, 0.8660254037844387100, 1.000000000000000000, 0.8660254037844387100, 1.000000000000000000, 0.8660254037844387100, 1.000000000000000000 ) ) 
 REPRESENTATION_ITEM ( '' )  );
#1492 = ORIENTED_EDGE ( 'NONE', *, *, #4195, .F. ) ;
#1493 = CARTESIAN_POINT ( 'NONE',  ( 13.73560095264188300, 0.9652524972597850100, 0.0000000000000000000 ) ) ;
#1494 = CARTESIAN_POINT ( 'NONE',  ( 0.06658272425627570500, 0.7231051914283901400, 1.020974427742260100 ) ) ;
#1495 = EDGE_LOOP ( 'NONE', ( #3106, #2796, #3274, #1572 ) ) ;
#1496 = CARTESIAN_POINT ( 'NONE',  ( 15.62500000000000700, 0.6249999999999857900, -1.082531754730525800 ) ) ;
#1497 = CARTESIAN_POINT ( 'NONE',  ( 12.32500000000000600, -1.249999999999973400, 1.530808498934158800E-016 ) ) ;
#1498 = VECTOR ( 'NONE', #1527, 1000.000000000000000 ) ;
#1499 = CARTESIAN_POINT ( 'NONE',  ( 13.00435095264188400, -0.9652524972597843500, 1.182093381138184100E-016 ) ) ;
#1500 = CARTESIAN_POINT ( 'NONE',  ( 1.403737976320961000, 1.278124999999973500, 0.7379258128079748700 ) ) ;
#1501 = CARTESIAN_POINT ( 'NONE',  ( 7.523163845262478600E-033, 1.249999999999973400, 1.530808498934159000E-016 ) ) ;
#1502 = ORIENTED_EDGE ( 'NONE', *, *, #215, .F. ) ;
#1503 = AXIS2_PLACEMENT_3D ( 'NONE', #4813, #1956, #4416 ) ;
#1504 = EDGE_CURVE ( 'NONE', #3281, #3803, #2325, .T. ) ;
#1505 = CARTESIAN_POINT ( 'NONE',  ( 0.0000000000000000000, 0.0000000000000000000, 0.0000000000000000000 ) ) ;
#1506 = VERTEX_POINT ( 'NONE', #1294 ) ;
#1507 = CARTESIAN_POINT ( 'NONE',  ( 5.029350952641880000, -0.4826262486298926200, -0.8359331836933422400 ) ) ;
#1508 = CARTESIAN_POINT ( 'NONE',  ( 15.05245190528376200, -1.249999999999973100, 0.7216878364870171800 ) ) ;
#1509 = CARTESIAN_POINT ( 'NONE',  ( 4.789951905283759400, -1.249999999999973400, 1.530808498934159000E-016 ) ) ;
#1510 = CARTESIAN_POINT ( 'NONE',  ( 15.36250000000000400, 8.838126989374028700E-017, 1.443375672974033500 ) ) ;
#1511 = CARTESIAN_POINT ( 'NONE',  ( 12.16495190528376300, 1.249999999999973400, 0.0000000000000000000 ) ) ;
#1512 = CARTESIAN_POINT ( 'NONE',  ( 12.98560095264188300, -0.4826262486298922800, 0.8359331836933431300 ) ) ;
#1513 = CARTESIAN_POINT ( 'NONE',  ( 4.527451905283792900, 1.250000000000560700, -0.7216878364866781100 ) ) ;
#1514 = CARTESIAN_POINT ( 'NONE',  ( 0.7731009526418809500, 0.9652524972597842400, 0.5572887891288949000 ) ) ;
#1515 = CARTESIAN_POINT ( 'NONE',  ( 5.010600952641881100, -0.9652524972597843500, 1.182093381138184100E-016 ) ) ;
#1516 = ORIENTED_EDGE ( 'NONE', *, *, #1440, .F. ) ;
#1517 = CARTESIAN_POINT ( 'NONE',  ( 15.98075666599057400, -1.506653605801031800, 1.728209346468568400 ) ) ;
#1518 = CARTESIAN_POINT ( 'NONE',  ( 13.04185095264188400, -0.9652524972597844600, -0.5572887891288946800 ) ) ;
#1519 = CARTESIAN_POINT ( 'NONE',  ( 0.8412379763209608700, 0.6390624999999856600, -1.106888719211963200 ) ) ;
#1520 = ORIENTED_EDGE ( 'NONE', *, *, #2800, .T. ) ;
#1521 = CARTESIAN_POINT ( 'NONE',  ( 11.37310095264188400, -2.047445795422217100E-016, -1.114577578257790000 ) ) ;
#1522 = CARTESIAN_POINT ( 'NONE',  ( 7.523163845262478600E-033, 1.249999999999973400, 1.530808498934159000E-016 ) ) ;
#1523 = CARTESIAN_POINT ( 'NONE',  ( 4.466850952641880900, -0.9652524972597841300, 0.5572887891288953500 ) ) ;
#1524 =( BOUNDED_CURVE ( )  B_SPLINE_CURVE ( 2, ( #3040, #4310, #3855, #4278, #4661, #211, #1468 ),
 .UNSPECIFIED., .F., .T. ) 
 B_SPLINE_CURVE_WITH_KNOTS ( ( 3, 2, 2, 3 ),
 ( 0.7638888888888888400, 0.7777777777777777900, 0.7916666666666666300, 0.8055555555555555800 ),
 .UNSPECIFIED. ) 
 CURVE ( )  GEOMETRIC_REPRESENTATION_ITEM ( )  RATIONAL_B_SPLINE_CURVE ( ( 1.000000000000000000, 0.8660254037844387100, 1.000000000000000000, 0.8660254037844387100, 1.000000000000000000, 0.8660254037844387100, 1.000000000000000000 ) ) 
 REPRESENTATION_ITEM ( '' )  );
#1525 = CARTESIAN_POINT ( 'NONE',  ( 4.275000000000002100, -1.249999999999973400, 1.530808498934159000E-016 ) ) ;
#1526 = CARTESIAN_POINT ( 'NONE',  ( 16.00000000000000400, -9.629649721936179300E-032, 0.0000000000000000000 ) ) ;
#1527 = DIRECTION ( 'NONE',  ( -1.000000000000000000, 6.018531076210110700E-033, -0.0000000000000000000 ) ) ;
#1528 = DIRECTION ( 'NONE',  ( -1.000000000000000000, 6.018531076210110700E-033, -0.0000000000000000000 ) ) ;
#1529 = CARTESIAN_POINT ( 'NONE',  ( 11.20000000000000100, -0.9703671677398947300, -0.3728607296656468700 ) ) ;
#1530 = CARTESIAN_POINT ( 'NONE',  ( 14.33560095264188300, -0.4826262486298922800, 0.8359331836933431300 ) ) ;
#1531 = CARTESIAN_POINT ( 'NONE',  ( 3.937500000000003100, -2.651438096812210200E-016, -1.443375672974033500 ) ) ;
#1532 = CARTESIAN_POINT ( 'NONE',  ( 15.23995190528375900, 0.6249999999999856800, -1.082531754730525800 ) ) ;
#1533 = CARTESIAN_POINT ( 'NONE',  ( 15.57310095264188600, 0.9652524972597842400, 0.5572887891288949000 ) ) ;
#1534 = CARTESIAN_POINT ( 'NONE',  ( 13.82935095264188500, -0.4826262486298919500, 0.8359331836933424600 ) ) ;
#1535 = CARTESIAN_POINT ( 'NONE',  ( 0.4287379763209609500, 1.278124999999972900, -0.7379258128079757600 ) ) ;
#1536 = CARTESIAN_POINT ( 'NONE',  ( 4.677451905283757800, 8.838126989374036100E-017, 1.443375672974033500 ) ) ;
#1537 = CARTESIAN_POINT ( 'NONE',  ( 0.1287379763209609800, 9.036984846634954800E-017, 1.475851625615950000 ) ) ;
#1538 = CARTESIAN_POINT ( 'NONE',  ( 3.079350952641880700, -0.4826262486298919500, 0.8359331836933424600 ) ) ;
#1539 = CARTESIAN_POINT ( 'NONE',  ( 1.639951905283759000, -1.249999999999973400, 1.530808498934159000E-016 ) ) ;
#1540 = CARTESIAN_POINT ( 'NONE',  ( 2.925000000000002000, -1.249999999999973400, 1.530808498934159000E-016 ) ) ;
#1541 = CARTESIAN_POINT ( 'NONE',  ( 15.79903810567666300, -2.249999999999998200, -1.299038105676658200 ) ) ;
#1542 = CARTESIAN_POINT ( 'NONE',  ( 4.725000000000001400, -1.249999999999973400, 1.530808498934159000E-016 ) ) ;
#1543 = CARTESIAN_POINT ( 'NONE',  ( 13.24810095264188300, 0.9652524972597845700, -0.5572887891288959000 ) ) ;
#1544 = CARTESIAN_POINT ( 'NONE',  ( 12.55000000000000600, 1.249999999999973400, 0.0000000000000000000 ) ) ;
#1545 = CARTESIAN_POINT ( 'NONE',  ( 0.8856009526418807700, -0.4826262486298919500, 0.8359331836933424600 ) ) ;
#1546 = CARTESIAN_POINT ( 'NONE',  ( 15.27745190528376000, 1.249999999999972900, -0.7216878364870175100 ) ) ;
#1547 = CYLINDRICAL_SURFACE ( 'NONE', #1158, 1.249999999999973400 ) ;
#1548 = ORIENTED_EDGE ( 'NONE', *, *, #3140, .F. ) ;
#1549 = CARTESIAN_POINT ( 'NONE',  ( 2.014951905283759000, -0.6249999999999863400, 1.082531754730525300 ) ) ;
#1550 = CARTESIAN_POINT ( 'NONE',  ( 13.94185095264188400, -0.9652524972597844600, -0.5572887891288946800 ) ) ;
#1551 = CARTESIAN_POINT ( 'NONE',  ( 4.253737976320962000, -1.278124999999973300, 0.7379258128079753100 ) ) ;
#1552 = CARTESIAN_POINT ( 'NONE',  ( 0.5899519052837590700, 0.6249999999999866800, 1.082531754730525100 ) ) ;
#1553 = CONICAL_SURFACE ( 'NONE', #2291, 2.249999999999998700, 1.047197551196600100 ) ;
#1554 = ORIENTED_EDGE ( 'NONE', *, *, #164, .F. ) ;
#1555 = EDGE_CURVE ( 'NONE', #4176, #4990, #4790, .T. ) ;
#1556 = CARTESIAN_POINT ( 'NONE',  ( 12.57310095264188600, -0.9652524972597841300, 0.5572887891288953500 ) ) ;
#1557 = ORIENTED_EDGE ( 'NONE', *, *, #2384, .T. ) ;
#1558 = CARTESIAN_POINT ( 'NONE',  ( 0.06250000000002665900, -3.761581922632923700E-034, 0.0000000000000000000 ) ) ;
#1559 = CARTESIAN_POINT ( 'NONE',  ( 2.498100952641880900, 0.9652524972597841300, -0.5572887891288955700 ) ) ;
#1560 = CARTESIAN_POINT ( 'NONE',  ( 2.854350952641880700, 0.4826262486298914500, -0.8359331836933428000 ) ) ;
#1561 = VECTOR ( 'NONE', #3223, 1000.000000000000000 ) ;
#1562 = EDGE_LOOP ( 'NONE', ( #2349, #4276, #243, #2005 ) ) ;
#1563 = CARTESIAN_POINT ( 'NONE',  ( 13.22935095264188400, 0.9652524972597843500, 0.0000000000000000000 ) ) ;
#1564 = CARTESIAN_POINT ( 'NONE',  ( 15.79903810567666300, -1.620551435720649300E-015, 2.598076211353314700 ) ) ;
#1565 = CARTESIAN_POINT ( 'NONE',  ( 12.51250000000000500, 1.249999999999972900, -0.7216878364870175100 ) ) ;
#1566 = ORIENTED_EDGE ( 'NONE', *, *, #2006, .F. ) ;
#1567 = CARTESIAN_POINT ( 'NONE',  ( 15.87096663095136500, -1.159542061052681900, 0.2735569556277634400 ) ) ;
#1568 = CARTESIAN_POINT ( 'NONE',  ( 16.21060095264188300, -0.9652524972597850100, 1.182093381138185100E-016 ) ) ;
#1569 = DIRECTION ( 'NONE',  ( -6.018531076210111400E-033, -1.000000000000000000, 0.0000000000000000000 ) ) ;
#1570 = CYLINDRICAL_SURFACE ( 'NONE', #5125, 1.249999999999973400 ) ;
#1571 = CARTESIAN_POINT ( 'NONE',  ( 1.602451905283758700, -1.249999999999973100, 0.7216878364870171800 ) ) ;
#1572 = ORIENTED_EDGE ( 'NONE', *, *, #4232, .F. ) ;
#1573 = CARTESIAN_POINT ( 'NONE',  ( -7.523163845262478600E-033, -1.249999999999973400, 0.0000000000000000000 ) ) ;
#1574 = CARTESIAN_POINT ( 'NONE',  ( 13.11685095264188500, -2.047445795422217400E-016, -1.114577578257790000 ) ) ;
#1575 = CARTESIAN_POINT ( 'NONE',  ( 3.766237976320960800, -0.6390624999999863200, 1.106888719211962700 ) ) ;
#1576 = CARTESIAN_POINT ( 'NONE',  ( 4.602451905283794900, 1.249999999999385800, 0.7216878364873562400 ) ) ;
#1577 = APPROVAL_ROLE ( '' ) ;
#1578 = AXIS2_PLACEMENT_3D ( 'NONE', #5058, #3428, #2996 ) ;
#1579 = CARTESIAN_POINT ( 'NONE',  ( 15.79903810567666300, 2.249999999999998700, 1.299038105676658700 ) ) ;
#1580 = CARTESIAN_POINT ( 'NONE',  ( 1.110600952641880700, 0.4826262486298914500, -0.8359331836933428000 ) ) ;
#1581 = ORIENTED_EDGE ( 'NONE', *, *, #2432, .F. ) ;
#1582 = CARTESIAN_POINT ( 'NONE',  ( 3.829350952641880700, 0.9652524972597843500, 0.0000000000000000000 ) ) ;
#1583 = CARTESIAN_POINT ( 'NONE',  ( 12.77500000000000700, -1.249999999999973400, 1.530808498934158800E-016 ) ) ;
#1584 = ORIENTED_EDGE ( 'NONE', *, *, #678, .T. ) ;
#1585 = CARTESIAN_POINT ( 'NONE',  ( 11.70373797632096400, 1.278124999999973500, 0.7379258128079748700 ) ) ;
#1586 = CARTESIAN_POINT ( 'NONE',  ( 7.523163845262478600E-033, 1.249999999999973400, 1.530808498934159000E-016 ) ) ;
#1587 = CARTESIAN_POINT ( 'NONE',  ( 13.30000000000000400, -0.6249999999999872300, -1.082531754730524900 ) ) ;
#1588 = CARTESIAN_POINT ( 'NONE',  ( 0.1662379763209609600, -0.6390624999999863200, 1.106888719211962700 ) ) ;
#1589 = EDGE_CURVE ( 'NONE', #2355, #988, #3090, .T. ) ;
#1590 = CARTESIAN_POINT ( 'NONE',  ( 0.2110056135551731700, -0.5979053644211217400, -0.9357436420861994200 ) ) ;
#1591 = CARTESIAN_POINT ( 'NONE',  ( 0.3472475027402642200, 0.6360407303598217800, 0.7260609979812952000 ) ) ;
#1592 =( BOUNDED_SURFACE ( )  B_SPLINE_SURFACE ( 1, 2, ( 
 ( #4937, #2550, #118, #963, #2198, #3319, #4168, #4975, #4551, #3804, #945, #3787, #3390, #4604, #5007, #575, #3732, #4582, #534, #1358, #2583, #1384, #2937, #1718, #520, #2977, #1309, #155, #2164, #1752, #2922, #552, #2616, #502, #4565, #3342, #1792, #923, #2179, #4200, #3372, #909, #4992, #2601, #4185, #4130, #3748, #1328, #4150, #1731, #2995, #2146, #4952, #169, #2568, #140, #3358, #3762, #1345, #4261, #1563, #2459, #3218, #4524, #2834, #3676, #605, #556, #1681, #3279, #463, #2437, #2478, #27, #4045, #2885, #427, #1220, #63, #1629, #2452, #2040, #44, #1648, #4831, #2909, #449, #855, #4027, #3679, #4486, #2027, #3658, #84, #1261, #3246, #838, #2854, #3310, #3636, #1666, #897, #876, #480, #3692, #3296, #13, #1279, #4079, #4101, #2869, #2838, #3719, #2083, #406, #4058, #1682, #1238, #2099, #4856, #1606, #4889, #4429, #4441, #3258, #824, #4465, #2057, #4871, #2498, #4505, #4911, #2513, #2572, #3361, #2941, #2183, #4554, #2169, #1779, #2999 ),
 ( #4569, #950, #4589, #3738, #101, #1315, #1349, #2113, #3767, #539, #144, #1295, #4171, #980, #3397, #2962, #2925, #173, #3323, #2983, #4189, #1759, #4119, #559, #3377, #2586, #4997, #507, #913, #577, #125, #1363, #4135, #1705, #966, #4927, #1721, #4540, #2604, #1333, #4980, #2556, #2151, #158, #4156, #3792, #4518, #2537, #2130, #4942, #4956, #524, #3347, #929, #3752, #1736, #3821, #2668, #208, #995, #5060, #1405, #2225, #1811, #5046, #1418, #4608, #2683, #221, #3054, #3808, #3444, #4256, #1797, #3431, #5071, #626, #3015, #607, #5030, #3085, #3417, #1434, #654, #641, #255, #3465, #238, #2205, #1039, #1027, #3870, #2239, #5011, #3480, #1848, #2621, #3836, #1450, #1013, #1860, #4624, #1390, #3852, #4204, #4227, #2635, #194, #592, #3037, #4244, #1833, #4657, #4637, #2650, #2252, #3066, #4273, #4676, #2276, #1925, #1533, #2765, #338, #3946, #1876, #5135, #3916, #4342, #3135, #4359, #3493, #5090, #1081, #1107, #4689, #705, #302, #5119, #1060, #3930 ) ),
 .UNSPECIFIED., .F., .F., .T. ) 
 B_SPLINE_SURFACE_WITH_KNOTS ( ( 2, 2 ),
 ( 3, 2, 2, 2, 2, 2, 2, 2, 2, 2, 2, 2, 2, 2, 2, 2, 2, 2, 2, 2, 2, 2, 2, 2, 2, 2, 2, 2, 2, 2, 2, 2, 2, 2, 2, 2, 2, 2, 2, 2, 2, 2, 2, 2, 2, 2, 2, 2, 2, 2, 2, 2, 2, 2, 2, 2, 2, 2, 2, 2, 2, 2, 2, 2, 2, 2, 2, 2, 2, 2, 3 ),
 ( 0.0000000000000000000, 1.000000000000000000 ),
 ( 0.0000000000000000000, 0.01388888888888888800, 0.02777777777777777600, 0.04166666666666666400, 0.05555555555555555200, 0.06944444444444444800, 0.08333333333333332900, 0.09722222222222222400, 0.1111111111111111000, 0.1250000000000000000, 0.1388888888888889000, 0.1527777777777777900, 0.1666666666666666600, 0.1805555555555555500, 0.1944444444444444500, 0.2083333333333333400, 0.2222222222222222100, 0.2361111111111111000, 0.2500000000000000000, 0.2638888888888889000, 0.2777777777777777900, 0.2916666666666666900, 0.3055555555555555800, 0.3194444444444444200, 0.3333333333333333100, 0.3472222222222222100, 0.3611111111111111000, 0.3750000000000000000, 0.3888888888888889000, 0.4027777777777777900, 0.4166666666666666900, 0.4305555555555555800, 0.4444444444444444200, 0.4583333333333333100, 0.4722222222222222100, 0.4861111111111111000, 0.5000000000000000000, 0.5138888888888888400, 0.5277777777777777900, 0.5416666666666666300, 0.5555555555555555800, 0.5694444444444444200, 0.5833333333333333700, 0.5972222222222222100, 0.6111111111111111600, 0.6250000000000000000, 0.6388888888888888400, 0.6527777777777777900, 0.6666666666666666300, 0.6805555555555555800, 0.6944444444444444200, 0.7083333333333333700, 0.7222222222222222100, 0.7361111111111111600, 0.7500000000000000000, 0.7638888888888888400, 0.7777777777777777900, 0.7916666666666666300, 0.8055555555555555800, 0.8194444444444444200, 0.8333333333333333700, 0.8472222222222222100, 0.8611111111111111600, 0.8750000000000000000, 0.8888888888888888400, 0.9027777777777777900, 0.9166666666666666300, 0.9305555555555555800, 0.9444444444444444200, 0.9583333333333333700, 0.9722222222222222100 ),
 .UNSPECIFIED. ) 
 GEOMETRIC_REPRESENTATION_ITEM ( )  RATIONAL_B_SPLINE_SURFACE ( (
 ( 1.000000000000000000, 0.8660254037844387100, 1.000000000000000000, 0.8660254037844387100, 1.000000000000000000, 0.8660254037844387100, 1.000000000000000000, 0.8660254037844387100, 1.000000000000000000, 0.8660254037844387100, 1.000000000000000000, 0.8660254037844387100, 1.000000000000000000, 0.8660254037844387100, 1.000000000000000000, 0.8660254037844387100, 1.000000000000000000, 0.8660254037844387100, 1.000000000000000000, 0.8660254037844387100, 1.000000000000000000, 0.8660254037844387100, 1.000000000000000000, 0.8660254037844387100, 1.000000000000000000, 0.8660254037844387100, 1.000000000000000000, 0.8660254037844387100, 1.000000000000000000, 0.8660254037844387100, 1.000000000000000000, 0.8660254037844387100, 1.000000000000000000, 0.8660254037844387100, 1.000000000000000000, 0.8660254037844387100, 1.000000000000000000, 0.8660254037844387100, 1.000000000000000000, 0.8660254037844387100, 1.000000000000000000, 0.8660254037844387100, 1.000000000000000000, 0.8660254037844387100, 1.000000000000000000, 0.8660254037844387100, 1.000000000000000000, 0.8660254037844387100, 1.000000000000000000, 0.8660254037844387100, 1.000000000000000000, 0.8660254037844387100, 1.000000000000000000, 0.8660254037844387100, 1.000000000000000000, 0.8660254037844387100, 1.000000000000000000, 0.8660254037844387100, 1.000000000000000000, 0.8660254037844387100, 1.000000000000000000, 0.8660254037844387100, 1.000000000000000000, 0.8660254037844387100, 1.000000000000000000, 0.8660254037844387100, 1.000000000000000000, 0.8660254037844387100, 1.000000000000000000, 0.8660254037844387100, 1.000000000000000000, 0.8660254037844387100, 1.000000000000000000, 0.8660254037844387100, 1.000000000000000000, 0.8660254037844387100, 1.000000000000000000, 0.8660254037844387100, 1.000000000000000000, 0.8660254037844387100, 1.000000000000000000, 0.8660254037844387100, 1.000000000000000000, 0.8660254037844387100, 1.000000000000000000, 0.8660254037844387100, 1.000000000000000000, 0.8660254037844387100, 1.000000000000000000, 0.8660254037844387100, 1.000000000000000000, 0.8660254037844387100, 1.000000000000000000, 0.8660254037844387100, 1.000000000000000000, 0.8660254037844387100, 1.000000000000000000, 0.8660254037844387100, 1.000000000000000000, 0.8660254037844387100, 1.000000000000000000, 0.8660254037844387100, 1.000000000000000000, 0.8660254037844387100, 1.000000000000000000, 0.8660254037844387100, 1.000000000000000000, 0.8660254037844387100, 1.000000000000000000, 0.8660254037844387100, 1.000000000000000000, 0.8660254037844387100, 1.000000000000000000, 0.8660254037844387100, 1.000000000000000000, 0.8660254037844387100, 1.000000000000000000, 0.8660254037844387100, 1.000000000000000000, 0.8660254037844387100, 1.000000000000000000, 0.8660254037844387100, 1.000000000000000000, 0.8660254037844387100, 1.000000000000000000, 0.8660254037844387100, 1.000000000000000000, 0.8660254037844387100, 1.000000000000000000, 0.8660254037844387100, 1.000000000000000000, 0.8660254037844387100, 1.000000000000000000, 0.8660254037844387100, 1.000000000000000000, 0.8660254037844387100, 1.000000000000000000, 0.8660254037844387100, 1.000000000000000000, 0.8660254037844387100, 1.000000000000000000),
 ( 1.000000000000000000, 0.8660254037844387100, 1.000000000000000000, 0.8660254037844387100, 1.000000000000000000, 0.8660254037844387100, 1.000000000000000000, 0.8660254037844387100, 1.000000000000000000, 0.8660254037844387100, 1.000000000000000000, 0.8660254037844387100, 1.000000000000000000, 0.8660254037844387100, 1.000000000000000000, 0.8660254037844387100, 1.000000000000000000, 0.8660254037844387100, 1.000000000000000000, 0.8660254037844387100, 1.000000000000000000, 0.8660254037844387100, 1.000000000000000000, 0.8660254037844387100, 1.000000000000000000, 0.8660254037844387100, 1.000000000000000000, 0.8660254037844387100, 1.000000000000000000, 0.8660254037844387100, 1.000000000000000000, 0.8660254037844387100, 1.000000000000000000, 0.8660254037844387100, 1.000000000000000000, 0.8660254037844387100, 1.000000000000000000, 0.8660254037844387100, 1.000000000000000000, 0.8660254037844387100, 1.000000000000000000, 0.8660254037844387100, 1.000000000000000000, 0.8660254037844387100, 1.000000000000000000, 0.8660254037844387100, 1.000000000000000000, 0.8660254037844387100, 1.000000000000000000, 0.8660254037844387100, 1.000000000000000000, 0.8660254037844387100, 1.000000000000000000, 0.8660254037844387100, 1.000000000000000000, 0.8660254037844387100, 1.000000000000000000, 0.8660254037844387100, 1.000000000000000000, 0.8660254037844387100, 1.000000000000000000, 0.8660254037844387100, 1.000000000000000000, 0.8660254037844387100, 1.000000000000000000, 0.8660254037844387100, 1.000000000000000000, 0.8660254037844387100, 1.000000000000000000, 0.8660254037844387100, 1.000000000000000000, 0.8660254037844387100, 1.000000000000000000, 0.8660254037844387100, 1.000000000000000000, 0.8660254037844387100, 1.000000000000000000, 0.8660254037844387100, 1.000000000000000000, 0.8660254037844387100, 1.000000000000000000, 0.8660254037844387100, 1.000000000000000000, 0.8660254037844387100, 1.000000000000000000, 0.8660254037844387100, 1.000000000000000000, 0.8660254037844387100, 1.000000000000000000, 0.8660254037844387100, 1.000000000000000000, 0.8660254037844387100, 1.000000000000000000, 0.8660254037844387100, 1.000000000000000000, 0.8660254037844387100, 1.000000000000000000, 0.8660254037844387100, 1.000000000000000000, 0.8660254037844387100, 1.000000000000000000, 0.8660254037844387100, 1.000000000000000000, 0.8660254037844387100, 1.000000000000000000, 0.8660254037844387100, 1.000000000000000000, 0.8660254037844387100, 1.000000000000000000, 0.8660254037844387100, 1.000000000000000000, 0.8660254037844387100, 1.000000000000000000, 0.8660254037844387100, 1.000000000000000000, 0.8660254037844387100, 1.000000000000000000, 0.8660254037844387100, 1.000000000000000000, 0.8660254037844387100, 1.000000000000000000, 0.8660254037844387100, 1.000000000000000000, 0.8660254037844387100, 1.000000000000000000, 0.8660254037844387100, 1.000000000000000000, 0.8660254037844387100, 1.000000000000000000, 0.8660254037844387100, 1.000000000000000000, 0.8660254037844387100, 1.000000000000000000, 0.8660254037844387100, 1.000000000000000000, 0.8660254037844387100, 1.000000000000000000, 0.8660254037844387100, 1.000000000000000000, 0.8660254037844387100, 1.000000000000000000) ) ) 
 REPRESENTATION_ITEM ( '' )  SURFACE ( )  );
#1593 = CARTESIAN_POINT ( 'NONE',  ( 12.65245190528376400, 1.249999999999973400, 0.7216878364870166200 ) ) ;
#1594 = CARTESIAN_POINT ( 'NONE',  ( 1.598100952641880600, 0.9652524972597841300, -0.5572887891288955700 ) ) ;
#1595 = CARTESIAN_POINT ( 'NONE',  ( 3.341850952641880900, 0.9652524972597841300, -0.5572887891288955700 ) ) ;
#1596 = CARTESIAN_POINT ( 'NONE',  ( 0.2009618943233403600, 1.129874187046595900E-015, -2.598076211353313300 ) ) ;
#1597 = CARTESIAN_POINT ( 'NONE',  ( 1.860600952641880700, -0.9652524972597843500, 1.182093381138184100E-016 ) ) ;
#1598 = CARTESIAN_POINT ( 'NONE',  ( 2.160600952641880600, 0.4826262486298922800, 0.8359331836933423500 ) ) ;
#1599 = CARTESIAN_POINT ( 'NONE',  ( 15.16060095264188200, 0.4826262486298926200, 0.8359331836933430200 ) ) ;
#1600 = DIRECTION ( 'NONE',  ( -1.000000000000000000, 6.018531076210110700E-033, -0.0000000000000000000 ) ) ;
#1601 = CARTESIAN_POINT ( 'NONE',  ( 1.035600952641880800, -0.4826262486298926200, -0.8359331836933422400 ) ) ;
#1602 = CARTESIAN_POINT ( 'NONE',  ( 0.2009618943233407200, 2.249999999999998700, -1.299038105676656900 ) ) ;
#1603 = EDGE_CURVE ( 'NONE', #1943, #3725, #2771, .T. ) ;
#1604 = CARTESIAN_POINT ( 'NONE',  ( 16.00000000000000400, -9.629649721936179300E-032, 0.0000000000000000000 ) ) ;
#1605 = CARTESIAN_POINT ( 'NONE',  ( 4.298100952641880700, 0.9652524972597841300, -0.5572887891288955700 ) ) ;
#1606 = CARTESIAN_POINT ( 'NONE',  ( 15.47935095264188600, 0.9652524972597843500, 0.0000000000000000000 ) ) ;
#1607 = CARTESIAN_POINT ( 'NONE',  ( 15.87745190528376100, 8.838126989374027500E-017, 1.443375672974033500 ) ) ;
#1608 = CIRCLE ( 'NONE', #2580, 1.249999999999973400 ) ;
#1609 = CARTESIAN_POINT ( 'NONE',  ( 1.860600952641880700, -0.9652524972597843500, 1.182093381138184100E-016 ) ) ;
#1610 = EDGE_LOOP ( 'NONE', ( #3332, #875, #4740 ) ) ;
#1611 = CARTESIAN_POINT ( 'NONE',  ( 1.729350952641880900, -0.4826262486298919500, 0.8359331836933424600 ) ) ;
#1612 = DIRECTION ( 'NONE',  ( 0.0000000000000000000, -1.000000000000000000, 0.0000000000000000000 ) ) ;
#1613 = CARTESIAN_POINT ( 'NONE',  ( 1.710600952641880800, 0.4826262486298922800, 0.8359331836933423500 ) ) ;
#1614 = ORIENTED_EDGE ( 'NONE', *, *, #3405, .F. ) ;
#1615 = CARTESIAN_POINT ( 'NONE',  ( 2.423100952641880700, -2.047445795422216600E-016, -1.114577578257790000 ) ) ;
#1616 = CARTESIAN_POINT ( 'NONE',  ( 12.04123797632096200, 0.6390624999999856600, -1.106888719211963200 ) ) ;
#1617 = CARTESIAN_POINT ( 'NONE',  ( 0.3472475027402641100, -0.06945377945402457500, 0.9627505159623658300 ) ) ;
#1618 = EDGE_LOOP ( 'NONE', ( #3229, #2008, #2734, #2727 ) ) ;
#1619 = CARTESIAN_POINT ( 'NONE',  ( 1.485600952641880700, -0.4826262486298926200, -0.8359331836933422400 ) ) ;
#1620 = DIRECTION ( 'NONE',  ( 0.0000000000000000000, 0.0000000000000000000, 1.000000000000000000 ) ) ;
#1621 = VERTEX_POINT ( 'NONE', #506 ) ;
#1622 = CARTESIAN_POINT ( 'NONE',  ( 14.42935095264188500, -0.4826262486298926200, -0.8359331836933422400 ) ) ;
#1623 = CARTESIAN_POINT ( 'NONE',  ( 0.2899519052837591400, -1.249999999999973400, 1.530808498934159000E-016 ) ) ;
#1624 = ORIENTED_EDGE ( 'NONE', *, *, #2038, .F. ) ;
#1625 = CARTESIAN_POINT ( 'NONE',  ( 4.785600952641880600, 0.9652524972597843500, 0.0000000000000000000 ) ) ;
#1626 = CARTESIAN_POINT ( 'NONE',  ( 2.985600952641880300, 0.9652524972597843500, 0.0000000000000000000 ) ) ;
#1627 = FACE_OUTER_BOUND ( 'NONE', #3774, .T. ) ;
#1628 = EDGE_CURVE ( 'NONE', #2088, #1631, #3165, .T. ) ;
#1629 = CARTESIAN_POINT ( 'NONE',  ( 13.94185095264188400, -0.9652524972597844600, -0.5572887891288946800 ) ) ;
#1630 = DIRECTION ( 'NONE',  ( -6.018531076210111400E-033, -1.000000000000000000, 0.0000000000000000000 ) ) ;
#1631 = VERTEX_POINT ( 'NONE', #1402 ) ;
#1632 = CARTESIAN_POINT ( 'NONE',  ( 0.8856009526418807700, -0.4826262486298919500, 0.8359331836933424600 ) ) ;
#1633 = CARTESIAN_POINT ( 'NONE',  ( 2.216850952641880900, -0.9652524972597841300, 0.5572887891288953500 ) ) ;
#1634 = DIRECTION ( 'NONE',  ( -1.000000000000000000, 6.018531076210110700E-033, -0.0000000000000000000 ) ) ;
#1635 = CARTESIAN_POINT ( 'NONE',  ( 0.4731009526418808500, -0.9652524972597841300, 0.5572887891288953500 ) ) ;
#1636 = ORIENTED_EDGE ( 'NONE', *, *, #74, .T. ) ;
#1637 = AXIS2_PLACEMENT_3D ( 'NONE', #891, #40, #2474 ) ;
#1638 = CARTESIAN_POINT ( 'NONE',  ( 15.79810095264188300, -0.9652524972597851200, -0.5572887891288950100 ) ) ;
#1639 = CARTESIAN_POINT ( 'NONE',  ( 3.412500000000001900, -1.249999999999973600, -0.7216878364870164000 ) ) ;
#1640 = EDGE_CURVE ( 'NONE', #4029, #4990, #868, .T. ) ;
#1641 = DIRECTION ( 'NONE',  ( -1.000000000000000000, 6.018531076210110700E-033, -0.0000000000000000000 ) ) ;
#1642 = CARTESIAN_POINT ( 'NONE',  ( 0.4918509526418808900, -0.9652524972597845700, -0.5572887891288946800 ) ) ;
#1643 = CARTESIAN_POINT ( 'NONE',  ( 14.99185095264188300, 0.9652524972597841300, -0.5572887891288955700 ) ) ;
#1644 = PERSON_AND_ORGANIZATION_ROLE ( 'creator' ) ;
#1645 = CARTESIAN_POINT ( 'NONE',  ( 4.223100952641880600, -2.047445795422216600E-016, -1.114577578257790000 ) ) ;
#1646 = CARTESIAN_POINT ( 'NONE',  ( 2.685600952641880500, -0.4826262486298919500, 0.8359331836933424600 ) ) ;
#1647 = EDGE_LOOP ( 'NONE', ( #3721, #3151, #1847, #3651 ) ) ;
#1648 = CARTESIAN_POINT ( 'NONE',  ( 14.09185095264188600, 0.9652524972597841300, -0.5572887891288955700 ) ) ;
#1649 = CARTESIAN_POINT ( 'NONE',  ( 3.285600952641880600, -0.4826262486298926200, -0.8359331836933422400 ) ) ;
#1650 = CARTESIAN_POINT ( 'NONE',  ( 0.0000000000000000000, 0.0000000000000000000, 0.0000000000000000000 ) ) ;
#1651 = CARTESIAN_POINT ( 'NONE',  ( -3.049318610115480000E-017, -2.249999999999998700, -0.2198740743429141400 ) ) ;
#1652 = CARTESIAN_POINT ( 'NONE',  ( 1.598100952641880600, 0.9652524972597840100, -0.5572887891288955700 ) ) ;
#1653 = ORIENTED_EDGE ( 'NONE', *, *, #1982, .F. ) ;
#1654 = CARTESIAN_POINT ( 'NONE',  ( 11.42500000000000400, -1.249999999999973400, 1.530808498934158800E-016 ) ) ;
#1655 = CARTESIAN_POINT ( 'NONE',  ( 13.16623797632096400, -0.6390624999999863200, 1.106888719211962700 ) ) ;
#1656 = DIRECTION ( 'NONE',  ( -1.000000000000000000, 6.018531076210110700E-033, -0.0000000000000000000 ) ) ;
#1657 = CARTESIAN_POINT ( 'NONE',  ( 0.06495190528375918700, 1.249999999999973400, 0.0000000000000000000 ) ) ;
#1658 = CARTESIAN_POINT ( 'NONE',  ( 1.241850952641880800, 6.824819318074054600E-017, 1.114577578257790000 ) ) ;
#1659 =( BOUNDED_CURVE ( )  B_SPLINE_CURVE ( 2, ( #3656, #1663, #852, #1218, #4513, #2077, #4884 ),
 .UNSPECIFIED., .F., .T. ) 
 B_SPLINE_CURVE_WITH_KNOTS ( ( 3, 2, 2, 3 ),
 ( 0.2222222222222222100, 0.2361111111111110500, 0.2500000000000000000, 0.2638888888888888400 ),
 .UNSPECIFIED. ) 
 CURVE ( )  GEOMETRIC_REPRESENTATION_ITEM ( )  RATIONAL_B_SPLINE_CURVE ( ( 1.000000000000000000, 0.8660254037844387100, 1.000000000000000000, 0.8660254037844387100, 1.000000000000000000, 0.8660254037844387100, 1.000000000000000000 ) ) 
 REPRESENTATION_ITEM ( '' )  );
#1660 = CARTESIAN_POINT ( 'NONE',  ( 14.91685095264188600, -2.047445795422217400E-016, -1.114577578257790000 ) ) ;
#1661 = ADVANCED_FACE ( 'NONE', ( #180 ), #989, .F. ) ;
#1662 = EDGE_CURVE ( 'NONE', #612, #616, #242, .T. ) ;
#1663 = CARTESIAN_POINT ( 'NONE',  ( 14.82745190528376100, 1.249999999999972900, -0.7216878364870175100 ) ) ;
#1664 = DIRECTION ( 'NONE',  ( 1.000000000000000000, 0.0000000000000000000, 0.0000000000000000000 ) ) ;
#1665 = CARTESIAN_POINT ( 'NONE',  ( 2.791237976320960700, 0.6390624999999867700, 1.106888719211962500 ) ) ;
#1666 = CARTESIAN_POINT ( 'NONE',  ( 14.72935095264188400, -0.4826262486298919500, 0.8359331836933424600 ) ) ;
#1667 = CARTESIAN_POINT ( 'NONE',  ( 11.21121392896280300, 1.278124999999973300, -0.7379258128079758700 ) ) ;
#1668 = CARTESIAN_POINT ( 'NONE',  ( 3.810600952641880000, 0.4826262486298914500, -0.8359331836933428000 ) ) ;
#1669 = CARTESIAN_POINT ( 'NONE',  ( 4.766850952641880700, 0.9652524972597842400, 0.5572887891288949000 ) ) ;
#1670 = CARTESIAN_POINT ( 'NONE',  ( 2.085600952641880800, 0.9652524972597843500, 0.0000000000000000000 ) ) ;
#1671 = CARTESIAN_POINT ( 'NONE',  ( 0.3472475027402642200, 0.5394717408434195300, 0.8106569352274724000 ) ) ;
#1672 = CARTESIAN_POINT ( 'NONE',  ( 15.25435095264188400, -0.9652524972597843500, 1.182093381138184100E-016 ) ) ;
#1673 = CARTESIAN_POINT ( 'NONE',  ( 11.91250000000000500, -1.249999999999973600, -0.7216878364870164000 ) ) ;
#1674 = AXIS2_PLACEMENT_3D ( 'NONE', #2444, #4108, #847 ) ;
#1675 = CARTESIAN_POINT ( 'NONE',  ( 1.879350952641880800, -0.4826262486298926200, -0.8359331836933422400 ) ) ;
#1676 = CARTESIAN_POINT ( 'NONE',  ( 14.33560095264188500, -0.4826262486298919500, 0.8359331836933424600 ) ) ;
#1677 = CARTESIAN_POINT ( 'NONE',  ( 0.2009618943233409900, -1.513318043118992200E-015, 2.598076211353314700 ) ) ;
#1678 = CARTESIAN_POINT ( 'NONE',  ( 13.26685095264188300, 0.9652524972597843500, 0.5572887891288949000 ) ) ;
#1679 = CARTESIAN_POINT ( 'NONE',  ( 3.166237976320960300, 1.278124999999973300, 0.0000000000000000000 ) ) ;
#1680 = ORIENTED_EDGE ( 'NONE', *, *, #3070, .F. ) ;
#1681 = CARTESIAN_POINT ( 'NONE',  ( 13.52935095264188400, -0.4826262486298926200, -0.8359331836933422400 ) ) ;
#1682 = CARTESIAN_POINT ( 'NONE',  ( 15.32935095264188300, -0.4826262486298926200, -0.8359331836933422400 ) ) ;
#1683 = CALENDAR_DATE ( 2021, 25, 8 ) ;
#1684 = CARTESIAN_POINT ( 'NONE',  ( 2.648100952641880800, 6.824819318074054600E-017, 1.114577578257790000 ) ) ;
#1685 = CARTESIAN_POINT ( 'NONE',  ( 4.316850952641880600, 0.9652524972597842400, 0.5572887891288949000 ) ) ;
#1686 = FACE_OUTER_BOUND ( 'NONE', #2453, .T. ) ;
#1687 = ORIENTED_EDGE ( 'NONE', *, *, #4974, .T. ) ;
#1688 = CARTESIAN_POINT ( 'NONE',  ( 13.75000000000000500, -0.6249999999999872300, -1.082531754730524900 ) ) ;
#1689 = CARTESIAN_POINT ( 'NONE',  ( 4.800000000000002500, 0.9439470035406807300, 0.2016840052478622300 ) ) ;
#1690 = ADVANCED_FACE ( 'NONE', ( #3641 ), #2560, .T. ) ;
#1691 = EDGE_LOOP ( 'NONE', ( #2155, #1698, #4017, #4491, #4651, #2054 ) ) ;
#1692 =( BOUNDED_CURVE ( )  B_SPLINE_CURVE ( 2, ( #726, #2368, #3487, #1097, #278, #1917, #1525 ),
 .UNSPECIFIED., .F., .T. ) 
 B_SPLINE_CURVE_WITH_KNOTS ( ( 3, 2, 2, 3 ),
 ( 0.7500000000000000000, 0.7638888888888888400, 0.7777777777777777900, 0.7916666666666666300 ),
 .UNSPECIFIED. ) 
 CURVE ( )  GEOMETRIC_REPRESENTATION_ITEM ( )  RATIONAL_B_SPLINE_CURVE ( ( 1.000000000000000000, 0.8660254037844387100, 1.000000000000000000, 0.8660254037844387100, 1.000000000000000000, 0.8660254037844387100, 1.000000000000000000 ) ) 
 REPRESENTATION_ITEM ( '' )  );
#1693 = CARTESIAN_POINT ( 'NONE',  ( 11.61250000000000400, 1.249999999999972900, -0.7216878364870175100 ) ) ;
#1694 = FACE_OUTER_BOUND ( 'NONE', #4546, .T. ) ;
#1695 = ORIENTED_EDGE ( 'NONE', *, *, #3004, .F. ) ;
#1696 = DIRECTION ( 'NONE',  ( 0.7071067811866457200, -0.7071067811864494300, 8.659560562353731100E-017 ) ) ;
#1697 = EDGE_CURVE ( 'NONE', #4550, #1182, #557, .T. ) ;
#1698 = ORIENTED_EDGE ( 'NONE', *, *, #2417, .T. ) ;
#1699 = CARTESIAN_POINT ( 'NONE',  ( 4.335600952641880400, 0.9652524972597843500, 0.0000000000000000000 ) ) ;
#1700 = CARTESIAN_POINT ( 'NONE',  ( 1.841850952641880700, -0.9652524972597845700, -0.5572887891288946800 ) ) ;
#1701 = CARTESIAN_POINT ( 'NONE',  ( 14.37310095264188300, -0.9652524972597841300, 0.5572887891288953500 ) ) ;
#1702 = CARTESIAN_POINT ( 'NONE',  ( 13.71685095264188300, 0.9652524972597843500, 0.5572887891288949000 ) ) ;
#1703 = CARTESIAN_POINT ( 'NONE',  ( 3.053737976320960400, -2.711095453990486600E-016, -1.475851625615950000 ) ) ;
#1704 = ORIENTED_EDGE ( 'NONE', *, *, #4630, .F. ) ;
#1705 = CARTESIAN_POINT ( 'NONE',  ( 12.27310095264188300, -2.047445795422217400E-016, -1.114577578257790000 ) ) ;
#1706 = CARTESIAN_POINT ( 'NONE',  ( 11.39871392896280400, -0.6390624999999864300, 1.106888719211963000 ) ) ;
#1707 = CARTESIAN_POINT ( 'NONE',  ( 3.836213928962800800, -1.278124999999973500, 0.7379258128079755300 ) ) ;
#1708 = CARTESIAN_POINT ( 'NONE',  ( 13.36495190528376200, -0.6249999999999872300, -1.082531754730524900 ) ) ;
#1709 = CARTESIAN_POINT ( 'NONE',  ( 2.587500000000002600, -2.651438096812210200E-016, -1.443375672974033500 ) ) ;
#1710 = AXIS2_PLACEMENT_3D ( 'NONE', #2438, #3587, #14 ) ;
#1711 = ORIENTED_EDGE ( 'NONE', *, *, #792, .F. ) ;
#1712 = CARTESIAN_POINT ( 'NONE',  ( 3.562500000000001800, 1.249999999999973100, -0.7216878364870175100 ) ) ;
#1713 = EDGE_CURVE ( 'NONE', #423, #4449, #2202, .T. ) ;
#1714 = CARTESIAN_POINT ( 'NONE',  ( 16.00000000000000400, -9.629649721936179300E-032, 0.0000000000000000000 ) ) ;
#1715 = CARTESIAN_POINT ( 'NONE',  ( 12.79810095264188500, 0.9652524972597840100, -0.5572887891288955700 ) ) ;
#1716 = ORIENTED_EDGE ( 'NONE', *, *, #2729, .T. ) ;
#1717 = ADVANCED_FACE ( 'NONE', ( #4019 ), #2269, .T. ) ;
#1718 = CARTESIAN_POINT ( 'NONE',  ( 11.84185095264188400, 0.9652524972597841300, -0.5572887891288955700 ) ) ;
#1719 = CARTESIAN_POINT ( 'NONE',  ( 12.40435095264188300, 0.4826262486298922800, 0.8359331836933423500 ) ) ;
#1720 = CARTESIAN_POINT ( 'NONE',  ( -0.1762860710371991200, -1.278124999999973500, 1.565251690160178300E-016 ) ) ;
#1721 = CARTESIAN_POINT ( 'NONE',  ( 12.38560095264188600, 0.9652524972597843500, 0.0000000000000000000 ) ) ;
#1722 = CARTESIAN_POINT ( 'NONE',  ( 16.00000000000000400, 0.0000000000000000000, 0.0000000000000000000 ) ) ;
#1723 = CARTESIAN_POINT ( 'NONE',  ( 2.073713928962800600, -1.278124999999973500, 1.565251690160178300E-016 ) ) ;
#1724 = CARTESIAN_POINT ( 'NONE',  ( 4.466850952641880900, -0.9652524972597841300, 0.5572887891288953500 ) ) ;
#1725 = CARTESIAN_POINT ( 'NONE',  ( 3.585600952641880800, -0.4826262486298919500, 0.8359331836933424600 ) ) ;
#1726 = CARTESIAN_POINT ( 'NONE',  ( 0.3793509526418810100, -0.4826262486298919500, 0.8359331836933424600 ) ) ;
#1727 =( BOUNDED_CURVE ( )  B_SPLINE_CURVE ( 2, ( #5126, #728, #371, #1170, #3532, #1961, #1583 ),
 .UNSPECIFIED., .F., .T. ) 
 B_SPLINE_CURVE_WITH_KNOTS ( ( 3, 2, 2, 3 ),
 ( 0.2500000000000000000, 0.2638888888888889000, 0.2777777777777777900, 0.2916666666666666900 ),
 .UNSPECIFIED. ) 
 CURVE ( )  GEOMETRIC_REPRESENTATION_ITEM ( )  RATIONAL_B_SPLINE_CURVE ( ( 1.000000000000000000, 0.8660254037844387100, 1.000000000000000000, 0.8660254037844387100, 1.000000000000000000, 0.8660254037844387100, 1.000000000000000000 ) ) 
 REPRESENTATION_ITEM ( '' )  );
#1728 = CARTESIAN_POINT ( 'NONE',  ( 3.004350952641880600, 0.4826262486298922800, 0.8359331836933423500 ) ) ;
#1729 = CARTESIAN_POINT ( 'NONE',  ( 14.89810095264188500, -0.9652524972597845700, -0.5572887891288946800 ) ) ;
#1730 = EDGE_CURVE ( 'NONE', #1433, #2591, #1270, .T. ) ;
#1731 = CARTESIAN_POINT ( 'NONE',  ( 12.81685095264188600, 0.9652524972597842400, 0.5572887891288949000 ) ) ;
#1732 = CARTESIAN_POINT ( 'NONE',  ( 11.95435095264188500, 0.4826262486298922800, 0.8359331836933423500 ) ) ;
#1733 = CARTESIAN_POINT ( 'NONE',  ( 0.4987139289628008100, 1.278124999999973500, 0.0000000000000000000 ) ) ;
#1734 = DIRECTION ( 'NONE',  ( 0.4999999999999979500, 0.0000000000000000000, 0.8660254037844397100 ) ) ;
#1735 = ORIENTED_EDGE ( 'NONE', *, *, #3951, .F. ) ;
#1736 = CARTESIAN_POINT ( 'NONE',  ( 13.09810095264188400, -0.9652524972597844600, -0.5572887891288946800 ) ) ;
#1737 = CARTESIAN_POINT ( 'NONE',  ( 12.14871392896280400, 1.278124999999973500, 0.0000000000000000000 ) ) ;
#1738 = CARTESIAN_POINT ( 'NONE',  ( 3.236213928962801100, 1.278124999999973800, 0.7379258128079749800 ) ) ;
#1739 = CARTESIAN_POINT ( 'NONE',  ( 12.57745190528376300, 1.249999999999972900, -0.7216878364870175100 ) ) ;
#1740 = AXIS2_PLACEMENT_3D ( 'NONE', #3062, #2662, #3100 ) ;
#1741 = CARTESIAN_POINT ( 'NONE',  ( 4.110600952641879900, -0.9652524972597843500, 1.182093381138184100E-016 ) ) ;
#1742 = B_SPLINE_CURVE_WITH_KNOTS ( 'NONE', 3,
 ( #4354, #2411, #4789, #349 ),
 .UNSPECIFIED., .F., .F.,
 ( 4, 4 ),
 ( 2.380746839933047200E-007, 0.001314652396222795200 ),
 .UNSPECIFIED. ) ;
#1743 = ADVANCED_FACE ( 'NONE', ( #2889 ), #4714, .F. ) ;
#1744 = CYLINDRICAL_SURFACE ( 'NONE', #3521, 1.249999999999973400 ) ;
#1745 = VERTEX_POINT ( 'NONE', #4736 ) ;
#1746 = CARTESIAN_POINT ( 'NONE',  ( 0.2009618943233403600, 1.129874187046595900E-015, -2.598076211353313300 ) ) ;
#1747 = CALENDAR_DATE ( 2021, 25, 8 ) ;
#1748 = CARTESIAN_POINT ( 'NONE',  ( 14.29123797632096200, 0.6390624999999856600, -1.106888719211963200 ) ) ;
#1749 = CARTESIAN_POINT ( 'NONE',  ( 4.016850952641880700, -0.9652524972597841300, 0.5572887891288953500 ) ) ;
#1750 = VECTOR ( 'NONE', #3195, 1000.000000000000000 ) ;
#1751 = VERTEX_POINT ( 'NONE', #314 ) ;
#1752 = CARTESIAN_POINT ( 'NONE',  ( 12.06685095264188400, -0.9652524972597841300, 0.5572887891288953500 ) ) ;
#1753 = ORIENTED_EDGE ( 'NONE', *, *, #678, .F. ) ;
#1754 = CARTESIAN_POINT ( 'NONE',  ( 13.75435095264188400, 0.4826262486298922800, 0.8359331836933423500 ) ) ;
#1755 = CARTESIAN_POINT ( 'NONE',  ( 0.2362139289628008000, -1.278124999999973500, 0.7379258128079755300 ) ) ;
#1756 = CARTESIAN_POINT ( 'NONE',  ( 12.23995190528376200, 0.6249999999999866800, 1.082531754730525100 ) ) ;
#1757 = VECTOR ( 'NONE', #1459, 1000.000000000000000 ) ;
#1758 = VERTEX_POINT ( 'NONE', #2333 ) ;
#1759 = CARTESIAN_POINT ( 'NONE',  ( 11.82310095264188600, -2.047445795422217400E-016, -1.114577578257790000 ) ) ;
#1760 = CARTESIAN_POINT ( 'NONE',  ( 13.16121392896280400, 9.036984846634948600E-017, 1.475851625615950200 ) ) ;
#1761 = EDGE_LOOP ( 'NONE', ( #192, #4641, #5152, #1735 ) ) ;
#1762 = CARTESIAN_POINT ( 'NONE',  ( 2.223713928962801000, 0.6390624999999857700, -1.106888719211963400 ) ) ;
#1763 = CARTESIAN_POINT ( 'NONE',  ( 12.95245190528376300, -2.651438096812210700E-016, -1.443375672974033500 ) ) ;
#1764 =( BOUNDED_CURVE ( )  B_SPLINE_CURVE ( 2, ( #3586, #327, #4366, #4401, #2346, #1163, #765 ),
 .UNSPECIFIED., .F., .T. ) 
 B_SPLINE_CURVE_WITH_KNOTS ( ( 3, 2, 2, 3 ),
 ( 0.6250000000000000000, 0.6388888888888888400, 0.6527777777777777900, 0.6666666666666666300 ),
 .UNSPECIFIED. ) 
 CURVE ( )  GEOMETRIC_REPRESENTATION_ITEM ( )  RATIONAL_B_SPLINE_CURVE ( ( 1.000000000000000000, 0.8660254037844387100, 1.000000000000000000, 0.8660254037844387100, 1.000000000000000000, 0.8660254037844387100, 1.000000000000000000 ) ) 
 REPRESENTATION_ITEM ( '' )  );
#1765 = CARTESIAN_POINT ( 'NONE',  ( 4.598100952641880600, -0.9652524972597845700, -0.5572887891288946800 ) ) ;
#1766 = VECTOR ( 'NONE', #3942, 1000.000000000000000 ) ;
#1767 = VERTEX_POINT ( 'NONE', #5165 ) ;
#1768 = CARTESIAN_POINT ( 'NONE',  ( 3.600000000000002300, 1.249999999999973400, 0.0000000000000000000 ) ) ;
#1769 = EDGE_CURVE ( 'NONE', #1428, #2270, #3820, .T. ) ;
#1770 = CARTESIAN_POINT ( 'NONE',  ( 12.45373797632096600, -2.711095453990486600E-016, -1.475851625615950000 ) ) ;
#1771 = CARTESIAN_POINT ( 'NONE',  ( 14.35435095264188400, -0.9652524972597843500, 1.182093381138184100E-016 ) ) ;
#1772 = CARTESIAN_POINT ( 'NONE',  ( 2.891850952641880700, 0.9652524972597840100, -0.5572887891288955700 ) ) ;
#1773 = VERTEX_POINT ( 'NONE', #3938 ) ;
#1774 = CARTESIAN_POINT ( 'NONE',  ( 15.65275249725973900, -0.05986553411335070200, 0.9633942605660333900 ) ) ;
#1775 = ADVANCED_FACE ( 'NONE', ( #2831 ), #5028, .F. ) ;
#1776 = CARTESIAN_POINT ( 'NONE',  ( 15.98055859134127000, -2.249999999999999600, 0.4426439450768446800 ) ) ;
#1777 = CARTESIAN_POINT ( 'NONE',  ( 1.136213928962800600, -1.278124999999973500, 0.7379258128079755300 ) ) ;
#1778 = CARTESIAN_POINT ( 'NONE',  ( 2.362500000000002000, 8.838126989374036100E-017, 1.443375672974033500 ) ) ;
#1779 = CARTESIAN_POINT ( 'NONE',  ( 16.19185095264188200, -0.9652524972597844600, -0.5572887891288946800 ) ) ;
#1780 = CARTESIAN_POINT ( 'NONE',  ( 13.46121392896280300, 1.278124999999973300, -0.7379258128079758700 ) ) ;
#1781 = CARTESIAN_POINT ( 'NONE',  ( 2.936213928962801300, -1.278124999999973500, 0.7379258128079755300 ) ) ;
#1782 = APPLICATION_PROTOCOL_DEFINITION ( 'international standard', 'config_control_design', 1994, #1370 ) ;
#1783 = VERTEX_POINT ( 'NONE', #5150 ) ;
#1784 = PERSON ( 'UNSPECIFIED', 'UNSPECIFIED', 'UNSPECIFIED', ('UNSPECIFIED'), ('UNSPECIFIED'), ('UNSPECIFIED') ) ;
#1785 = AXIS2_PLACEMENT_3D ( 'NONE', #3008, #3389, #2218 ) ;
#1786 = CARTESIAN_POINT ( 'NONE',  ( 13.10245190528376300, 1.249999999999973400, 0.7216878364870166200 ) ) ;
#1787 = EDGE_CURVE ( 'NONE', #1054, #580, #2618, .T. ) ;
#1788 = CARTESIAN_POINT ( 'NONE',  ( 12.97873797632096200, 1.278124999999972900, -0.7379258128079757600 ) ) ;
#1789 = CARTESIAN_POINT ( 'NONE',  ( 14.76685095264188200, -0.9652524972597841300, 0.5572887891288953500 ) ) ;
#1790 = CARTESIAN_POINT ( 'NONE',  ( 2.704350952641880700, -0.9652524972597843500, 1.182093381138184100E-016 ) ) ;
#1791 = PLANE ( 'NONE',  #1913 ) ;
#1792 = CARTESIAN_POINT ( 'NONE',  ( 12.32935095264188500, 0.9652524972597843500, 0.0000000000000000000 ) ) ;
#1793 = DIRECTION ( 'NONE',  ( -1.000000000000000000, 6.018531076210110700E-033, -0.0000000000000000000 ) ) ;
#1794 = CARTESIAN_POINT ( 'NONE',  ( -0.06378607103719916000, -2.711095453990486600E-016, -1.475851625615950200 ) ) ;
#1795 = DIRECTION ( 'NONE',  ( 0.0000000000000000000, 0.0000000000000000000, -1.000000000000000000 ) ) ;
#1796 = B_SPLINE_CURVE_WITH_KNOTS ( 'NONE', 3,
 ( #4767, #3923, #3235, #770, #1651, #2441 ),
 .UNSPECIFIED., .F., .F.,
 ( 4, 2, 4 ),
 ( 0.01300494157531000500, 0.01365009548190230400, 0.01429524938849460100 ),
 .UNSPECIFIED. ) ;
#1797 = CARTESIAN_POINT ( 'NONE',  ( 13.77310095264188500, 0.9652524972597842400, 0.5572887891288949000 ) ) ;
#1798 = CARTESIAN_POINT ( 'NONE',  ( 0.2037379763209609400, -1.278124999999973300, 0.7379258128079753100 ) ) ;
#1799 = CARTESIAN_POINT ( 'NONE',  ( 13.76121392896280300, -1.278124999999973800, -0.7379258128079745300 ) ) ;
#1800 = CARTESIAN_POINT ( 'NONE',  ( 4.586213928962800800, 1.278124999999973800, 0.7379258128079749800 ) ) ;
#1801 = CARTESIAN_POINT ( 'NONE',  ( 0.7399519052837590900, -1.249999999999973400, 1.530808498934159000E-016 ) ) ;
#1802 = CARTESIAN_POINT ( 'NONE',  ( 2.891850952641880700, 0.9652524972597841300, -0.5572887891288955700 ) ) ;
#1803 = CARTESIAN_POINT ( 'NONE',  ( 13.35373797632096200, -2.711095453990486600E-016, -1.475851625615950000 ) ) ;
#1804 = CARTESIAN_POINT ( 'NONE',  ( 15.29185095264188600, -0.9652524972597845700, -0.5572887891288946800 ) ) ;
#1805 = CARTESIAN_POINT ( 'NONE',  ( 4.391850952641880700, 6.824819318074054600E-017, 1.114577578257790000 ) ) ;
#1806 = CARTESIAN_POINT ( 'NONE',  ( 4.264951905283759000, -0.6249999999999863400, 1.082531754730525300 ) ) ;
#1807 = CARTESIAN_POINT ( 'NONE',  ( 11.29810095264188300, -0.9652524972597851200, -0.5572887891288950100 ) ) ;
#1808 = CARTESIAN_POINT ( 'NONE',  ( 11.87500000000000500, -1.249999999999973400, 1.530808498934158800E-016 ) ) ;
#1809 = CARTESIAN_POINT ( 'NONE',  ( 1.661213928962800500, -1.278124999999973800, -0.7379258128079745300 ) ) ;
#1810 = CARTESIAN_POINT ( 'NONE',  ( 12.01495190528376300, -0.6249999999999872300, -1.082531754730524900 ) ) ;
#1811 = CARTESIAN_POINT ( 'NONE',  ( 13.39810095264188500, 6.824819318074047200E-017, 1.114577578257790000 ) ) ;
#1812 = CARTESIAN_POINT ( 'NONE',  ( 14.13621392896280500, -1.278124999999973500, 0.7379258128079755300 ) ) ;
#1813 = CARTESIAN_POINT ( 'NONE',  ( -0.2206490473581189900, 0.9652524972597843500, 0.0000000000000000000 ) ) ;
#1814 = CARTESIAN_POINT ( 'NONE',  ( 12.50245190528376300, -2.651438096812210700E-016, -1.443375672974033500 ) ) ;
#1815 = ORIENTED_EDGE ( 'NONE', *, *, #94, .T. ) ;
#1816 = EDGE_CURVE ( 'NONE', #896, #364, #4588, .T. ) ;
#1817 = LOCAL_TIME ( 12, 11, 5.000000000000000000, #2948 ) ;
#1818 = LINE ( 'NONE', #3612, #4405 ) ;
#1819 = CARTESIAN_POINT ( 'NONE',  ( 0.7168509526418809200, 0.9652524972597842400, 0.5572887891288949000 ) ) ;
#1820 = ORIENTED_EDGE ( 'NONE', *, *, #3162, .T. ) ;
#1821 = CARTESIAN_POINT ( 'NONE',  ( 16.24123797632096400, 0.6390624999999867700, 1.106888719211962500 ) ) ;
#1822 = ORIENTED_EDGE ( 'NONE', *, *, #2523, .T. ) ;
#1823 = AXIS2_PLACEMENT_3D ( 'NONE', #3724, #2187, #3796 ) ;
#1824 = CARTESIAN_POINT ( 'NONE',  ( 0.1774519052837591800, 8.838126989374036100E-017, 1.443375672974033500 ) ) ;
#1825 = VECTOR ( 'NONE', #1600, 1000.000000000000000 ) ;
#1826 = ORIENTED_EDGE ( 'NONE', *, *, #887, .F. ) ;
#1827 = CARTESIAN_POINT ( 'NONE',  ( 2.089951905283759200, -1.249999999999973400, 1.530808498934159000E-016 ) ) ;
#1828 = DIRECTION ( 'NONE',  ( 1.000000000000000000, 0.0000000000000000000, 0.0000000000000000000 ) ) ;
#1829 = ORIENTED_EDGE ( 'NONE', *, *, #2610, .T. ) ;
#1830 = CARTESIAN_POINT ( 'NONE',  ( 16.00000000000000400, 0.0000000000000000000, 0.0000000000000000000 ) ) ;
#1831 =( BOUNDED_CURVE ( )  B_SPLINE_CURVE ( 2, ( #88, #4893, #1688, #487, #881, #3314, #900 ),
 .UNSPECIFIED., .F., .T. ) 
 B_SPLINE_CURVE_WITH_KNOTS ( ( 3, 2, 2, 3 ),
 ( 0.4583333333333333100, 0.4722222222222222100, 0.4861111111111111000, 0.5000000000000000000 ),
 .UNSPECIFIED. ) 
 CURVE ( )  GEOMETRIC_REPRESENTATION_ITEM ( )  RATIONAL_B_SPLINE_CURVE ( ( 1.000000000000000000, 0.8660254037844387100, 1.000000000000000000, 0.8660254037844387100, 1.000000000000000000, 0.8660254037844387100, 1.000000000000000000 ) ) 
 REPRESENTATION_ITEM ( '' )  );
#1832 = B_SPLINE_CURVE_WITH_KNOTS ( 'NONE', 3,
 ( #1873, #254, #3081, #652, #2318, #5118 ),
 .UNSPECIFIED., .F., .F.,
 ( 4, 2, 4 ),
 ( 0.001314652396222793900, 0.001969405109320633300, 0.002624157822418473000 ),
 .UNSPECIFIED. ) ;
#1833 = CARTESIAN_POINT ( 'NONE',  ( 15.19810095264188400, 6.824819318074047200E-017, 1.114577578257790000 ) ) ;
#1834 = CARTESIAN_POINT ( 'NONE',  ( 15.93621392896280400, -1.278124999999973500, 0.7379258128079755300 ) ) ;
#1835 = CARTESIAN_POINT ( 'NONE',  ( 4.511213928962799700, 1.278124999999973300, -0.7379258128079758700 ) ) ;
#1836 = DIRECTION ( 'NONE',  ( -0.0000000000000000000, 1.000000000000000000, 3.338476886082577300E-016 ) ) ;
#1837 = ORIENTED_EDGE ( 'NONE', *, *, #1055, .F. ) ;
#1838 = CARTESIAN_POINT ( 'NONE',  ( 2.104350952641880700, 0.4826262486298922800, 0.8359331836933423500 ) ) ;
#1839 = EDGE_CURVE ( 'NONE', #4012, #3725, #2457, .T. ) ;
#1840 = CARTESIAN_POINT ( 'NONE',  ( 15.00373797632096500, -1.278124999999973300, 0.7379258128079753100 ) ) ;
#1841 = PLANE ( 'NONE',  #1955 ) ;
#1842 = CARTESIAN_POINT ( 'NONE',  ( 0.01944140865873161800, -2.249999999999998700, 0.4426439450768449000 ) ) ;
#1843 = EDGE_LOOP ( 'NONE', ( #2645, #2781 ) ) ;
#1844 = CARTESIAN_POINT ( 'NONE',  ( 0.06250000000002665900, -1.249999999999973400, 0.0000000000000000000 ) ) ;
#1845 = CARTESIAN_POINT ( 'NONE',  ( 0.2009618943233409900, -1.513318043118992200E-015, 2.598076211353314700 ) ) ;
#1846 = CARTESIAN_POINT ( 'NONE',  ( 3.889951905283758600, -1.249999999999973400, 1.530808498934159000E-016 ) ) ;
#1847 = ORIENTED_EDGE ( 'NONE', *, *, #3515, .F. ) ;
#1848 = CARTESIAN_POINT ( 'NONE',  ( 14.59810095264188400, 0.9652524972597841300, -0.5572887891288955700 ) ) ;
#1849 = CARTESIAN_POINT ( 'NONE',  ( 14.96121392896280300, 9.036984846634948600E-017, 1.475851625615950200 ) ) ;
#1850 = CARTESIAN_POINT ( 'NONE',  ( 0.5668509526418809000, -2.047445795422216600E-016, -1.114577578257790000 ) ) ;
#1851 = DIRECTION ( 'NONE',  ( -1.000000000000000000, 6.018531076210110700E-033, -0.0000000000000000000 ) ) ;
#1852 = AXIS2_PLACEMENT_3D ( 'NONE', #4253, #1828, #3805 ) ;
#1853 = CARTESIAN_POINT ( 'NONE',  ( 2.479350952641880700, 0.9652524972597843500, 0.0000000000000000000 ) ) ;
#1854 = CARTESIAN_POINT ( 'NONE',  ( 16.42873797632096400, -1.278124999999973800, -0.7379258128079745300 ) ) ;
#1855 = CARTESIAN_POINT ( 'NONE',  ( 4.039951905283758500, 0.6249999999999856800, -1.082531754730525800 ) ) ;
#1856 = CARTESIAN_POINT ( 'NONE',  ( 4.425000000000001600, 0.6249999999999856800, -1.082531754730525800 ) ) ;
#1857 = CARTESIAN_POINT ( 'NONE',  ( 11.07310095264188400, 0.9652524972597850100, 0.5572887891288952300 ) ) ;
#1858 = CARTESIAN_POINT ( 'NONE',  ( 0.07819350641310410200, 0.4151538488841571300, 1.167896119169393300 ) ) ;
#1859 = B_SPLINE_CURVE_WITH_KNOTS ( 'NONE', 3,
 ( #3965, #1941, #2782, #351, #3192, #317, #751, #1567, #4333, #1921 ),
 .UNSPECIFIED., .F., .F.,
 ( 4, 2, 2, 2, 4 ),
 ( 0.0000000000000000000, 0.0004204666366499128400, 0.0008409332732998257800, 0.001261399909949738900, 0.001681866546599652000 ),
 .UNSPECIFIED. ) ;
#1860 = CARTESIAN_POINT ( 'NONE',  ( 14.78560095264188400, -0.4826262486298919500, 0.8359331836933424600 ) ) ;
#1861 = DIRECTION ( 'NONE',  ( 0.0000000000000000000, 0.0000000000000000000, -1.000000000000000000 ) ) ;
#1862 = CARTESIAN_POINT ( 'NONE',  ( 11.09185095264188600, 6.824819318074047200E-017, 1.114577578257790000 ) ) ;
#1863 = CARTESIAN_POINT ( 'NONE',  ( 0.8668509526418809500, -0.9652524972597841300, 0.5572887891288953500 ) ) ;
#1864 = CARTESIAN_POINT ( 'NONE',  ( 4.260600952641880200, 0.4826262486298914500, -0.8359331836933428000 ) ) ;
#1865 = EDGE_CURVE ( 'NONE', #3329, #2793, #5102, .T. ) ;
#1866 = CARTESIAN_POINT ( 'NONE',  ( 1.504350952641880800, 0.4826262486298914500, -0.8359331836933428000 ) ) ;
#1867 = CARTESIAN_POINT ( 'NONE',  ( 15.22873797632096200, 1.278124999999972900, -0.7379258128079757600 ) ) ;
#1868 = DIRECTION ( 'NONE',  ( -1.000000000000000000, 6.018531076210110700E-033, -0.0000000000000000000 ) ) ;
#1869 = LINE ( 'NONE', #1522, #2818 ) ;
#1870 = VECTOR ( 'NONE', #4543, 1000.000000000000100 ) ;
#1871 = CARTESIAN_POINT ( 'NONE',  ( 15.69127019822723300, -1.003770198227342100, -0.1407012089686220700 ) ) ;
#1872 = CARTESIAN_POINT ( 'NONE',  ( 15.10000000000000500, -0.6249999999999872300, -1.082531754730524900 ) ) ;
#1873 = CARTESIAN_POINT ( 'NONE',  ( 0.0000000000000000000, -1.124999999999998200, -1.948557158514986600 ) ) ;
#1874 = CYLINDRICAL_SURFACE ( 'NONE', #2894, 1.249999999999973400 ) ;
#1875 = EDGE_LOOP ( 'NONE', ( #830, #4654, #558, #2785, #4523, #2395, #3509 ) ) ;
#1876 = CARTESIAN_POINT ( 'NONE',  ( 15.72310095264188600, -0.9652524972597841300, 0.5572887891288953500 ) ) ;
#1877 = CARTESIAN_POINT ( 'NONE',  ( 0.2937973214437266100, 0.2325801540932821200, 0.9946283131444073600 ) ) ;
#1878 = CARTESIAN_POINT ( 'NONE',  ( 15.07371392896280300, -1.278124999999973500, 1.565251690160178300E-016 ) ) ;
#1879 = ORIENTED_EDGE ( 'NONE', *, *, #3859, .T. ) ;
#1880 = CARTESIAN_POINT ( 'NONE',  ( 1.328737976320960800, 1.278124999999972900, -0.7379258128079757600 ) ) ;
#1881 = CARTESIAN_POINT ( 'NONE',  ( 0.06373861006214769100, 1.249999999999973400, -0.02334987742679555200 ) ) ;
#1882 = VECTOR ( 'NONE', #1287, 1000.000000000000000 ) ;
#1883 = EDGE_CURVE ( 'NONE', #48, #2620, #1796, .T. ) ;
#1884 = VERTEX_POINT ( 'NONE', #1540 ) ;
#1885 = EDGE_LOOP ( 'NONE', ( #1446, #3269, #725 ) ) ;
#1886 = CARTESIAN_POINT ( 'NONE',  ( 13.06495190528376300, 1.249999999999973400, 0.0000000000000000000 ) ) ;
#1887 = CARTESIAN_POINT ( 'NONE',  ( 3.791850952641880200, 0.9652524972597841300, -0.5572887891288955700 ) ) ;
#1888 = CARTESIAN_POINT ( 'NONE',  ( 14.90245190528376400, 1.249999999999973400, 0.7216878364870166200 ) ) ;
#1889 = CYLINDRICAL_SURFACE ( 'NONE', #762, 1.249999999999973400 ) ;
#1890 = FACE_OUTER_BOUND ( 'NONE', #1394, .T. ) ;
#1891 = CARTESIAN_POINT ( 'NONE',  ( 15.19123797632096300, 0.6390624999999856600, -1.106888719211963200 ) ) ;
#1892 = CARTESIAN_POINT ( 'NONE',  ( 4.114951905283758600, 1.249999999999973400, 0.0000000000000000000 ) ) ;
#1893 = CC_DESIGN_APPROVAL ( #3788, ( #4249 ) ) ;
#1894 = CARTESIAN_POINT ( 'NONE',  ( 0.2149519052837591500, -0.6249999999999863400, 1.082531754730525300 ) ) ;
#1895 = ORIENTED_EDGE ( 'NONE', *, *, #4850, .T. ) ;
#1896 = CARTESIAN_POINT ( 'NONE',  ( 13.66060095264188400, 0.4826262486298917900, -0.8359331836933434600 ) ) ;
#1897 = CARTESIAN_POINT ( 'NONE',  ( 3.102451905283758900, -2.651438096812210200E-016, -1.443375672974033500 ) ) ;
#1898 = ORIENTED_EDGE ( 'NONE', *, *, #2865, .T. ) ;
#1899 = CARTESIAN_POINT ( 'NONE',  ( -7.523163845262478600E-033, -1.249999999999973400, 0.0000000000000000000 ) ) ;
#1900 = CARTESIAN_POINT ( 'NONE',  ( 11.01685095264188200, 0.9652524972597842400, 0.5572887891288949000 ) ) ;
#1901 = CARTESIAN_POINT ( 'NONE',  ( 1.666237976320960700, -0.6390624999999872100, -1.106888719211962300 ) ) ;
#1902 = CARTESIAN_POINT ( 'NONE',  ( 4.016850952641880700, -0.9652524972597841300, 0.5572887891288953500 ) ) ;
#1903 = VERTEX_POINT ( 'NONE', #4329 ) ;
#1904 = CARTESIAN_POINT ( 'NONE',  ( 4.800000000000040700, -0.4312738132857477100, -1.172280768425316000 ) ) ;
#1905 = CARTESIAN_POINT ( 'NONE',  ( 3.430483436379915100E-017, -2.249999999999999100, 0.2199237090747421500 ) ) ;
#1906 = CARTESIAN_POINT ( 'NONE',  ( 14.71060095264188300, 0.4826262486298926200, 0.8359331836933430200 ) ) ;
#1907 = CARTESIAN_POINT ( 'NONE',  ( 15.90278085708729500, -0.08392086985612085000, 1.235808955671599000 ) ) ;
#1908 = CARTESIAN_POINT ( 'NONE',  ( 0.0000000000000000000, 0.0000000000000000000, 0.0000000000000000000 ) ) ;
#1909 = CARTESIAN_POINT ( 'NONE',  ( 3.000000000000002200, -0.6249999999999872300, -1.082531754730524900 ) ) ;
#1910 = CARTESIAN_POINT ( 'NONE',  ( 13.41685095264188600, -0.9652524972597841300, 0.5572887891288953500 ) ) ;
#1911 = CARTESIAN_POINT ( 'NONE',  ( 0.6162379763209608900, -0.6390624999999863200, 1.106888719211962700 ) ) ;
#1912 = DIRECTION ( 'NONE',  ( 1.000000000000000000, -6.018531076210110700E-033, 0.0000000000000000000 ) ) ;
#1913 = AXIS2_PLACEMENT_3D ( 'NONE', #1069, #4381, #2364 ) ;
#1914 = CARTESIAN_POINT ( 'NONE',  ( 1.575000000000002600, -1.249999999999973400, 1.530808498934159000E-016 ) ) ;
#1915 = CARTESIAN_POINT ( 'NONE',  ( -0.08939904735811908500, 0.4826262486298922800, 0.8359331836933423500 ) ) ;
#1916 =( BOUNDED_CURVE ( )  B_SPLINE_CURVE ( 2, ( #4655, #2251, #2667, #1778, #4585, #591, #638 ),
 .UNSPECIFIED., .F., .T. ) 
 B_SPLINE_CURVE_WITH_KNOTS ( ( 3, 2, 2, 3 ),
 ( 0.4166666666666666900, 0.4305555555555555800, 0.4444444444444444200, 0.4583333333333333100 ),
 .UNSPECIFIED. ) 
 CURVE ( )  GEOMETRIC_REPRESENTATION_ITEM ( )  RATIONAL_B_SPLINE_CURVE ( ( 1.000000000000000000, 0.8660254037844387100, 1.000000000000000000, 0.8660254037844387100, 1.000000000000000000, 0.8660254037844387100, 1.000000000000000000 ) ) 
 REPRESENTATION_ITEM ( '' )  );
#1917 = CARTESIAN_POINT ( 'NONE',  ( 4.237500000000003400, -1.249999999999973400, 0.7216878364870171800 ) ) ;
#1918 = CARTESIAN_POINT ( 'NONE',  ( 13.77745190528376400, -1.249999999999973400, -0.7216878364870162900 ) ) ;
#1919 = CARTESIAN_POINT ( 'NONE',  ( 0.3472475027402642800, 0.6360407303598217800, 0.7260609979812952000 ) ) ;
#1920 = CARTESIAN_POINT ( 'NONE',  ( 12.47500000000000700, 0.6249999999999857900, -1.082531754730525800 ) ) ;
#1921 = CARTESIAN_POINT ( 'NONE',  ( 15.90792468245280000, -1.220424682452840200, 1.494589180966295900E-016 ) ) ;
#1922 = CARTESIAN_POINT ( 'NONE',  ( 12.94810095264188400, 6.824819318074052200E-017, 1.114577578257790700 ) ) ;
#1923 = CARTESIAN_POINT ( 'NONE',  ( 15.13750000000000300, -2.651438096812210700E-016, -1.443375672974033500 ) ) ;
#1924 = CARTESIAN_POINT ( 'NONE',  ( 0.7875000000000025300, -2.651438096812210200E-016, -1.443375672974033500 ) ) ;
#1925 = CARTESIAN_POINT ( 'NONE',  ( 15.53560095264188600, 0.9652524972597843500, 0.0000000000000000000 ) ) ;
#1926 = CARTESIAN_POINT ( 'NONE',  ( 13.45435095264188300, -0.9652524972597843500, 1.182093381138184100E-016 ) ) ;
#1927 = ADVANCED_FACE ( 'NONE', ( #123 ), #296, .F. ) ;
#1928 = CARTESIAN_POINT ( 'NONE',  ( 2.341237976320960500, 0.6390624999999867700, 1.106888719211962500 ) ) ;
#1929 = CIRCLE ( 'NONE', #1852, 2.249999999999998200 ) ;
#1930 = EDGE_CURVE ( 'NONE', #616, #5022, #2074, .T. ) ;
#1931 = CARTESIAN_POINT ( 'NONE',  ( 12.19810095264188600, -0.9652524972597845700, -0.5572887891288946800 ) ) ;
#1932 = DIRECTION ( 'NONE',  ( -1.000000000000000000, -0.0000000000000000000, -0.0000000000000000000 ) ) ;
#1933 = FACE_OUTER_BOUND ( 'NONE', #4023, .T. ) ;
#1934 = CARTESIAN_POINT ( 'NONE',  ( 3.941850952641880600, 6.824819318074054600E-017, 1.114577578257790000 ) ) ;
#1935 = ORIENTED_EDGE ( 'NONE', *, *, #4428, .T. ) ;
#1936 = CARTESIAN_POINT ( 'NONE',  ( 7.523163845262478600E-033, 1.249999999999973400, 1.530808498934159000E-016 ) ) ;
#1937 = CARTESIAN_POINT ( 'NONE',  ( 13.88995190528376300, 0.6249999999999856800, -1.082531754730525800 ) ) ;
#1938 = CARTESIAN_POINT ( 'NONE',  ( 0.3542215672360994300, 0.5647291512154009000, 0.7885310507843492600 ) ) ;
#1939 = COORDINATED_UNIVERSAL_TIME_OFFSET ( 6, 0, .BEHIND. ) ;
#1940 = B_SPLINE_CURVE_WITH_KNOTS ( 'NONE', 3,
 ( #3913, #319, #3869, #1907, #2696, #689, #5130, #2290, #271, #2749, #4704, #2272 ),
 .UNSPECIFIED., .F., .F.,
 ( 4, 2, 2, 2, 2, 4 ),
 ( 0.0007614087033131051100, 0.001481911126276061900, 0.002202413549239018700, 0.002562664760720496700, 0.002922915972201974600, 0.003643418395164931000 ),
 .UNSPECIFIED. ) ;
#1941 = CARTESIAN_POINT ( 'NONE',  ( 15.67800306093446800, -0.1987824369493204600, 0.9800612013148499700 ) ) ;
#1942 = FACE_OUTER_BOUND ( 'NONE', #132, .T. ) ;
#1943 = VERTEX_POINT ( 'NONE', #370 ) ;
#1944 = CARTESIAN_POINT ( 'NONE',  ( 13.47310095264188200, -0.9652524972597847900, 0.5572887891288956800 ) ) ;
#1945 = ORIENTED_EDGE ( 'NONE', *, *, #3777, .T. ) ;
#1946 = CARTESIAN_POINT ( 'NONE',  ( 0.1731009526418808800, -2.047445795422216600E-016, -1.114577578257790000 ) ) ;
#1947 = DIRECTION ( 'NONE',  ( 0.0000000000000000000, -1.000000000000000000, 0.0000000000000000000 ) ) ;
#1948 = CARTESIAN_POINT ( 'NONE',  ( 13.73995190528376200, -1.249999999999973400, 1.530808498934159000E-016 ) ) ;
#1949 = CARTESIAN_POINT ( 'NONE',  ( 0.0000000000000000000, 0.0000000000000000000, 0.0000000000000000000 ) ) ;
#1950 = CIRCLE ( 'NONE', #4282, 2.249999999999998200 ) ;
#1951 = ORIENTED_EDGE ( 'NONE', *, *, #3601, .F. ) ;
#1952 = CARTESIAN_POINT ( 'NONE',  ( 13.86685095264188300, -0.9652524972597841300, 0.5572887891288953500 ) ) ;
#1953 = CARTESIAN_POINT ( 'NONE',  ( 0.8037379763209608900, -2.711095453990486600E-016, -1.475851625615950000 ) ) ;
#1954 = ORIENTED_EDGE ( 'NONE', *, *, #2284, .F. ) ;
#1955 = AXIS2_PLACEMENT_3D ( 'NONE', #4647, #3457, #266 ) ;
#1956 = DIRECTION ( 'NONE',  ( -1.000000000000000000, 6.018531076210110700E-033, -0.0000000000000000000 ) ) ;
#1957 = CARTESIAN_POINT ( 'NONE',  ( 0.0000000000000000000, 0.0000000000000000000, 0.0000000000000000000 ) ) ;
#1958 = VERTEX_POINT ( 'NONE', #5219 ) ;
#1959 = CARTESIAN_POINT ( 'NONE',  ( 3.979350952641880700, -0.4826262486298919500, 0.8359331836933424600 ) ) ;
#1960 = CARTESIAN_POINT ( 'NONE',  ( -1.201854644566580600E-015, -1.508335473232666600, 1.727238319854173000 ) ) ;
#1961 = CARTESIAN_POINT ( 'NONE',  ( 12.73750000000000400, -1.249999999999973100, 0.7216878364870171800 ) ) ;
#1962 = CARTESIAN_POINT ( 'NONE',  ( 11.19999999999985200, -1.003244474879081000, -0.1496256437946652300 ) ) ;
#1963 = CARTESIAN_POINT ( 'NONE',  ( 13.84810095264188400, 6.824819318074052200E-017, 1.114577578257790700 ) ) ;
#1964 = DIRECTION ( 'NONE',  ( -0.7071067811862563600, 0.7071067811868386700, 8.659560562358498800E-017 ) ) ;
#1965 = CARTESIAN_POINT ( 'NONE',  ( 0.9231009526418808600, -0.9652524972597841300, 0.5572887891288953500 ) ) ;
#1966 = CARTESIAN_POINT ( 'NONE',  ( 14.18995190528376000, -1.249999999999973400, 1.530808498934159000E-016 ) ) ;
#1967 = EDGE_LOOP ( 'NONE', ( #2615, #624, #2486, #4912 ) ) ;
#1968 = CARTESIAN_POINT ( 'NONE',  ( 11.20000000000000300, -0.5058218001355712100, 0.8806813894942581200 ) ) ;
#1969 = CARTESIAN_POINT ( 'NONE',  ( 14.01685095264188500, -2.047445795422217400E-016, -1.114577578257790000 ) ) ;
#1970 = CARTESIAN_POINT ( 'NONE',  ( 4.591237976320960500, 0.6390624999999867700, 1.106888719211962500 ) ) ;
#1971 = EDGE_CURVE ( 'NONE', #1437, #1106, #1053, .T. ) ;
#1972 = EDGE_LOOP ( 'NONE', ( #3970, #4452, #658, #4675, #2828, #4347 ) ) ;
#1973 = CARTESIAN_POINT ( 'NONE',  ( 11.52310095264188700, 0.9652524972597843500, 0.5572887891288949000 ) ) ;
#1974 = DIRECTION ( 'NONE',  ( -1.000000000000000000, 6.018531076210110700E-033, -0.0000000000000000000 ) ) ;
#1975 = CARTESIAN_POINT ( 'NONE',  ( 2.573100952641880200, 0.9652524972597842400, 0.5572887891288949000 ) ) ;
#1976 = CARTESIAN_POINT ( 'NONE',  ( 2.329350952641880700, -0.4826262486298926200, -0.8359331836933422400 ) ) ;
#1977 = CARTESIAN_POINT ( 'NONE',  ( 0.5250000000000026900, 0.6249999999999867900, 1.082531754730525300 ) ) ;
#1978 = CARTESIAN_POINT ( 'NONE',  ( 11.40373797632096300, -1.278124999999973300, 0.7379258128079753100 ) ) ;
#1979 = CARTESIAN_POINT ( 'NONE',  ( 13.22500000000000700, -1.249999999999973400, 1.530808498934158800E-016 ) ) ;
#1980 = CARTESIAN_POINT ( 'NONE',  ( 2.052451905283759500, -1.249999999999973100, 0.7216878364870171800 ) ) ;
#1981 = CARTESIAN_POINT ( 'NONE',  ( 1.612500000000002700, -1.249999999999973600, -0.7216878364870164000 ) ) ;
#1982 = EDGE_CURVE ( 'NONE', #3224, #454, #5084, .T. ) ;
#1983 = CARTESIAN_POINT ( 'NONE',  ( 15.32935095264188300, -0.4826262486298926200, -0.8359331836933422400 ) ) ;
#1984 = CARTESIAN_POINT ( 'NONE',  ( 3.841237976320960500, -1.278124999999973300, 1.565251690160178100E-016 ) ) ;
#1985 = DIRECTION ( 'NONE',  ( -1.000000000000000000, 6.018531076210110700E-033, -0.0000000000000000000 ) ) ;
#1986 =( BOUNDED_CURVE ( )  B_SPLINE_CURVE ( 2, ( #779, #5192, #3638, #3231, #1221, #1593, #1164 ),
 .UNSPECIFIED., .F., .T. ) 
 B_SPLINE_CURVE_WITH_KNOTS ( ( 3, 2, 2, 3 ),
 ( 0.5972222222222222100, 0.6111111111111111600, 0.6250000000000000000, 0.6388888888888888400 ),
 .UNSPECIFIED. ) 
 CURVE ( )  GEOMETRIC_REPRESENTATION_ITEM ( )  RATIONAL_B_SPLINE_CURVE ( ( 1.000000000000000000, 0.8660254037844387100, 1.000000000000000000, 0.8660254037844387100, 1.000000000000000000, 0.8660254037844387100, 1.000000000000000000 ) ) 
 REPRESENTATION_ITEM ( '' )  );
#1987 = DIRECTION ( 'NONE',  ( -6.018531076210111400E-033, -1.000000000000000000, 0.0000000000000000000 ) ) ;
#1988 = APPROVAL ( #4024, 'UNSPECIFIED' ) ;
#1989 = CARTESIAN_POINT ( 'NONE',  ( 15.53995190528376300, -1.249999999999973400, 1.530808498934159000E-016 ) ) ;
#1990 = CARTESIAN_POINT ( 'NONE',  ( 0.3981009526418808300, 6.824819318074054600E-017, 1.114577578257790000 ) ) ;
#1991 = CARTESIAN_POINT ( 'NONE',  ( 3.904350952641880500, 0.4826262486298922800, 0.8359331836933423500 ) ) ;
#1992 = CARTESIAN_POINT ( 'NONE',  ( 4.800000000000002500, 0.9439470035406807300, 0.2016840052478622300 ) ) ;
#1993 = CARTESIAN_POINT ( 'NONE',  ( 12.22873797632096200, 9.036984846634947400E-017, 1.475851625615950000 ) ) ;
#1994 = CARTESIAN_POINT ( 'NONE',  ( 0.0000000000000000000, 0.0000000000000000000, 0.0000000000000000000 ) ) ;
#1995 = CARTESIAN_POINT ( 'NONE',  ( 0.4356009526418808700, -0.4826262486298919500, 0.8359331836933424600 ) ) ;
#1996 = VECTOR ( 'NONE', #3566, 1000.000000000000000 ) ;
#1997 = ORIENTED_EDGE ( 'NONE', *, *, #4414, .T. ) ;
#1998 = CARTESIAN_POINT ( 'NONE',  ( 16.00000000000000400, -2.249999999999999100, 1.299038105676656900 ) ) ;
#1999 = CARTESIAN_POINT ( 'NONE',  ( 15.10435095264188400, 0.4826262486298922800, 0.8359331836933423500 ) ) ;
#2000 = CARTESIAN_POINT ( 'NONE',  ( 0.2280972820730431900, -0.1986418939871392500, -1.075408339186665800 ) ) ;
#2001 = APPLICATION_PROTOCOL_DEFINITION ( 'international standard', 'config_control_design', 1994, #3605 ) ;
#2002 = CARTESIAN_POINT ( 'NONE',  ( 11.27935095264188400, -0.4826262486298926200, -0.8359331836933422400 ) ) ;
#2003 = CARTESIAN_POINT ( 'NONE',  ( 3.323100952641880700, -2.047445795422216600E-016, -1.114577578257790000 ) ) ;
#2004 = LINE ( 'NONE', #2494, #3567 ) ;
#2005 = ORIENTED_EDGE ( 'NONE', *, *, #1603, .F. ) ;
#2006 = EDGE_CURVE ( 'NONE', #1182, #2450, #4996, .T. ) ;
#2007 = CARTESIAN_POINT ( 'NONE',  ( 11.26060095264188400, -0.9652524972597843500, 1.182093381138184100E-016 ) ) ;
#2008 = ORIENTED_EDGE ( 'NONE', *, *, #1422, .F. ) ;
#2009 = CARTESIAN_POINT ( 'NONE',  ( 1.673100952641881000, 0.9652524972597842400, 0.5572887891288949000 ) ) ;
#2010 = CARTESIAN_POINT ( 'NONE',  ( 2.666850952641880700, -0.9652524972597841300, 0.5572887891288953500 ) ) ;
#2011 = LINE ( 'NONE', #3346, #1111 ) ;
#2012 = ORIENTED_EDGE ( 'NONE', *, *, #2737, .T. ) ;
#2013 = CARTESIAN_POINT ( 'NONE',  ( 14.08750000000000400, -1.249999999999973100, 0.7216878364870171800 ) ) ;
#2014 = CARTESIAN_POINT ( 'NONE',  ( 2.423100952641880700, -2.047445795422216600E-016, -1.114577578257790000 ) ) ;
#2015 = ORIENTED_EDGE ( 'NONE', *, *, #5003, .F. ) ;
#2016 = CARTESIAN_POINT ( 'NONE',  ( 2.123100952641880500, 0.9652524972597842400, 0.5572887891288949000 ) ) ;
#2017 = CARTESIAN_POINT ( 'NONE',  ( 11.66623797632096400, 1.278124999999973300, 0.0000000000000000000 ) ) ;
#2018 = DIRECTION ( 'NONE',  ( -1.000000000000000000, 6.018531076210110700E-033, -0.0000000000000000000 ) ) ;
#2019 = CARTESIAN_POINT ( 'NONE',  ( 13.26250000000000500, -1.249999999999973600, -0.7216878364870164000 ) ) ;
#2020 = VERTEX_POINT ( 'NONE', #1992 ) ;
#2021 = CARTESIAN_POINT ( 'NONE',  ( 3.300000000000002000, -0.6249999999999863400, 1.082531754730525300 ) ) ;
#2022 = CARTESIAN_POINT ( 'NONE',  ( 13.97935095264188400, -0.4826262486298926200, -0.8359331836933422400 ) ) ;
#2023 = CARTESIAN_POINT ( 'NONE',  ( 0.0000000000000000000, 0.0000000000000000000, 0.0000000000000000000 ) ) ;
#2024 = APPROVAL_ROLE ( '' ) ;
#2025 = CARTESIAN_POINT ( 'NONE',  ( 5.048100952641880700, -0.9652524972597844600, -0.5572887891288946800 ) ) ;
#2026 = ORIENTED_EDGE ( 'NONE', *, *, #420, .F. ) ;
#2027 = CARTESIAN_POINT ( 'NONE',  ( 14.39185095264188200, -0.9652524972597844600, -0.5572887891288946800 ) ) ;
#2028 = CARTESIAN_POINT ( 'NONE',  ( 1.260600952641880700, 0.4826262486298922800, 0.8359331836933423500 ) ) ;
#2029 = CARTESIAN_POINT ( 'NONE',  ( 2.816850952641881000, -2.047445795422216600E-016, -1.114577578257790000 ) ) ;
#2030 = CARTESIAN_POINT ( 'NONE',  ( 2.760600952641880700, -0.9652524972597843500, 1.182093381138184100E-016 ) ) ;
#2031 = CARTESIAN_POINT ( 'NONE',  ( 1.748100952641880700, 6.824819318074054600E-017, 1.114577578257790000 ) ) ;
#2032 = ORIENTED_EDGE ( 'NONE', *, *, #1260, .T. ) ;
#2033 = CARTESIAN_POINT ( 'NONE',  ( 15.76060095264188200, -0.9652524972597850100, 1.182093381138185100E-016 ) ) ;
#2034 = CARTESIAN_POINT ( 'NONE',  ( 14.20000000000000500, -0.6249999999999872300, -1.082531754730524900 ) ) ;
#2035 = CARTESIAN_POINT ( 'NONE',  ( 1.523100952641880800, -2.047445795422216600E-016, -1.114577578257790000 ) ) ;
#2036 = CARTESIAN_POINT ( 'NONE',  ( 1.939951905283758800, 0.6249999999999866800, 1.082531754730525100 ) ) ;
#2037 = CARTESIAN_POINT ( 'NONE',  ( 15.14185095264188300, 6.824819318074047200E-017, 1.114577578257790000 ) ) ;
#2038 = EDGE_CURVE ( 'NONE', #941, #3220, #1012, .T. ) ;
#2039 = CARTESIAN_POINT ( 'NONE',  ( 16.00000000000000000, 0.9340480779059851000, 2.058803302138241300 ) ) ;
#2040 = CARTESIAN_POINT ( 'NONE',  ( 14.01685095264188500, -2.047445795422217400E-016, -1.114577578257790000 ) ) ;
#2041 = CARTESIAN_POINT ( 'NONE',  ( 0.9606009526418808300, -0.9652524972597843500, 1.182093381138184100E-016 ) ) ;
#2042 = CARTESIAN_POINT ( 'NONE',  ( 2.554350952641880800, 0.4826262486298922800, 0.8359331836933423500 ) ) ;
#2043 = AXIS2_PLACEMENT_3D ( 'NONE', #2105, #1641, #95 ) ;
#2044 = CARTESIAN_POINT ( 'NONE',  ( 2.048100952641880300, 0.9652524972597840100, -0.5572887891288955700 ) ) ;
#2045 = CARTESIAN_POINT ( 'NONE',  ( 2.689951905283758800, 0.6249999999999856800, -1.082531754730525800 ) ) ;
#2046 = CARTESIAN_POINT ( 'NONE',  ( 1.785600952641880800, -0.4826262486298919500, 0.8359331836933424600 ) ) ;
#2047 = CARTESIAN_POINT ( 'NONE',  ( 15.72310095264188200, -0.9652524972597847900, 0.5572887891288956800 ) ) ;
#2048 = CARTESIAN_POINT ( 'NONE',  ( 12.06250000000000700, 1.249999999999972900, -0.7216878364870175100 ) ) ;
#2049 = CARTESIAN_POINT ( 'NONE',  ( 16.00000000000000000, -0.9340480779059849900, -2.058803302138240800 ) ) ;
#2050 = AXIS2_PLACEMENT_3D ( 'NONE', #1722, #2058, #85 ) ;
#2051 = CARTESIAN_POINT ( 'NONE',  ( 0.7168509526418809200, 0.9652524972597843500, 0.5572887891288949000 ) ) ;
#2052 = EDGE_CURVE ( 'NONE', #815, #621, #4011, .T. ) ;
#2053 =( BOUNDED_CURVE ( )  B_SPLINE_CURVE ( 2, ( #1095, #4763, #276, #3921, #2366, #2689, #4695 ),
 .UNSPECIFIED., .F., .T. ) 
 B_SPLINE_CURVE_WITH_KNOTS ( ( 3, 2, 2, 3 ),
 ( 0.09722222222222221000, 0.1111111111111110500, 0.1250000000000000000, 0.1388888888888888400 ),
 .UNSPECIFIED. ) 
 CURVE ( )  GEOMETRIC_REPRESENTATION_ITEM ( )  RATIONAL_B_SPLINE_CURVE ( ( 1.000000000000000000, 0.8660254037844387100, 1.000000000000000000, 0.8660254037844387100, 1.000000000000000000, 0.8660254037844387100, 1.000000000000000000 ) ) 
 REPRESENTATION_ITEM ( '' )  );
#2054 = ORIENTED_EDGE ( 'NONE', *, *, #2384, .F. ) ;
#2055 = CARTESIAN_POINT ( 'NONE',  ( 15.85435095264188600, 0.4826262486298914500, -0.8359331836933428000 ) ) ;
#2056 = CARTESIAN_POINT ( 'NONE',  ( 0.0000000000000000000, 0.0000000000000000000, 0.0000000000000000000 ) ) ;
#2057 = CARTESIAN_POINT ( 'NONE',  ( 15.74185095264188500, -0.9652524972597844600, -0.5572887891288946800 ) ) ;
#2058 = DIRECTION ( 'NONE',  ( 1.000000000000000000, 0.0000000000000000000, 0.0000000000000000000 ) ) ;
#2059 = VECTOR ( 'NONE', #4890, 1000.000000000000000 ) ;
#2060 = CARTESIAN_POINT ( 'NONE',  ( 3.698100952641880200, -0.9652524972597844600, -0.5572887891288946800 ) ) ;
#2061 = CARTESIAN_POINT ( 'NONE',  ( 14.22745190528376100, -1.249999999999973400, -0.7216878364870162900 ) ) ;
#2062 = CARTESIAN_POINT ( 'NONE',  ( 1.673100952641880700, 0.9652524972597843500, 0.5572887891288949000 ) ) ;
#2063 = ADVANCED_FACE ( 'NONE', ( #1942 ), #2952, .F. ) ;
#2064 = CONICAL_SURFACE ( 'NONE', #283, 1.249999999999973400, 0.7853981633978600600 ) ;
#2065 = ORIENTED_EDGE ( 'NONE', *, *, #599, .T. ) ;
#2066 = CARTESIAN_POINT ( 'NONE',  ( 2.887500000000002400, -1.249999999999973400, 0.7216878364870171800 ) ) ;
#2067 = CARTESIAN_POINT ( 'NONE',  ( 13.31623797632096300, -0.6390624999999872100, -1.106888719211962300 ) ) ;
#2068 = CARTESIAN_POINT ( 'NONE',  ( 3.825000000000002400, -1.249999999999973400, 1.530808498934159000E-016 ) ) ;
#2069 = APPROVAL_PERSON_ORGANIZATION ( #110, #3788, #3582 ) ;
#2070 = CARTESIAN_POINT ( 'NONE',  ( 15.02500000000000600, -1.249999999999973400, 1.530808498934158800E-016 ) ) ;
#2071 = EDGE_CURVE ( 'NONE', #3737, #1773, #1818, .T. ) ;
#2072 = CARTESIAN_POINT ( 'NONE',  ( 4.598100952641879700, -0.9652524972597844600, -0.5572887891288946800 ) ) ;
#2073 = CARTESIAN_POINT ( 'NONE',  ( 1.729350952641880900, -0.4826262486298919500, 0.8359331836933424600 ) ) ;
#2074 = CIRCLE ( 'NONE', #3365, 1.312500000000049700 ) ;
#2075 = ORIENTED_EDGE ( 'NONE', *, *, #3335, .F. ) ;
#2076 = CARTESIAN_POINT ( 'NONE',  ( 14.59810095264188400, 0.9652524972597840100, -0.5572887891288955700 ) ) ;
#2077 = CARTESIAN_POINT ( 'NONE',  ( 14.67745190528376000, -1.249999999999973400, -0.7216878364870162900 ) ) ;
#2078 = ORIENTED_EDGE ( 'NONE', *, *, #151, .T. ) ;
#2079 = CARTESIAN_POINT ( 'NONE',  ( 5.085600952641880400, -0.4826262486298926200, -0.8359331836933422400 ) ) ;
#2080 = CARTESIAN_POINT ( 'NONE',  ( 2.978737976320960300, -1.278124999999973800, -0.7379258128079745300 ) ) ;
#2081 = VECTOR ( 'NONE', #3268, 1000.000000000000000 ) ;
#2082 = ORIENTED_EDGE ( 'NONE', *, *, #3731, .T. ) ;
#2083 = CARTESIAN_POINT ( 'NONE',  ( 15.21685095264188300, -0.9652524972597841300, 0.5572887891288953500 ) ) ;
#2084 = CARTESIAN_POINT ( 'NONE',  ( 11.66121392896280400, 1.278124999999973300, -0.7379258128079758700 ) ) ;
#2085 = ORIENTED_EDGE ( 'NONE', *, *, #4827, .F. ) ;
#2086 = CARTESIAN_POINT ( 'NONE',  ( 3.998100952641880000, 6.824819318074054600E-017, 1.114577578257790000 ) ) ;
#2087 = CARTESIAN_POINT ( 'NONE',  ( 2.273100952641880800, -0.9652524972597841300, 0.5572887891288953500 ) ) ;
#2088 = VERTEX_POINT ( 'NONE', #1245 ) ;
#2089 =( BOUNDED_CURVE ( )  B_SPLINE_CURVE ( 2, ( #4726, #272, #3914, #1924, #717, #3879, #2274 ),
 .UNSPECIFIED., .F., .T. ) 
 B_SPLINE_CURVE_WITH_KNOTS ( ( 3, 2, 2, 3 ),
 ( 0.1250000000000000000, 0.1388888888888889000, 0.1527777777777777900, 0.1666666666666666600 ),
 .UNSPECIFIED. ) 
 CURVE ( )  GEOMETRIC_REPRESENTATION_ITEM ( )  RATIONAL_B_SPLINE_CURVE ( ( 1.000000000000000000, 0.8660254037844387100, 1.000000000000000000, 0.8660254037844387100, 1.000000000000000000, 0.8660254037844387100, 1.000000000000000000 ) ) 
 REPRESENTATION_ITEM ( '' )  );
#2090 = CARTESIAN_POINT ( 'NONE',  ( 15.65275249725973900, -0.05986553411335070200, 0.9633942605660333900 ) ) ;
#2091 = DIRECTION ( 'NONE',  ( 1.000000000000000000, 0.0000000000000000000, 0.0000000000000000000 ) ) ;
#2092 = DIRECTION ( 'NONE',  ( 0.0000000000000000000, -1.000000000000000000, 0.0000000000000000000 ) ) ;
#2093 = CARTESIAN_POINT ( 'NONE',  ( 13.62310095264188300, -2.047445795422217100E-016, -1.114577578257790000 ) ) ;
#2094 = ADVANCED_FACE ( 'NONE', ( #1484 ), #1874, .F. ) ;
#2095 = CARTESIAN_POINT ( 'NONE',  ( 12.25435095264188400, 0.4826262486298914500, -0.8359331836933428000 ) ) ;
#2096 = CARTESIAN_POINT ( 'NONE',  ( 2.866237976320960400, -0.6390624999999863200, 1.106888719211962700 ) ) ;
#2097 = CARTESIAN_POINT ( 'NONE',  ( 2.277451905283759200, 1.249999999999972900, -0.7216878364870175100 ) ) ;
#2098 = ORIENTED_EDGE ( 'NONE', *, *, #325, .T. ) ;
#2099 = CARTESIAN_POINT ( 'NONE',  ( 15.40435095264188300, 0.4826262486298914500, -0.8359331836933428000 ) ) ;
#2100 = CARTESIAN_POINT ( 'NONE',  ( 2.723100952641881000, -0.9652524972597841300, 0.5572887891288953500 ) ) ;
#2101 = CARTESIAN_POINT ( 'NONE',  ( 13.28995190528376300, -1.249999999999973400, 1.530808498934159000E-016 ) ) ;
#2102 = CARTESIAN_POINT ( 'NONE',  ( 14.18995190528376000, -1.249999999999973400, 1.530808498934159000E-016 ) ) ;
#2103 = CARTESIAN_POINT ( 'NONE',  ( 3.660600952641880600, -0.9652524972597843500, 1.182093381138184100E-016 ) ) ;
#2104 = VERTEX_POINT ( 'NONE', #3263 ) ;
#2105 = CARTESIAN_POINT ( 'NONE',  ( 0.0000000000000000000, 0.0000000000000000000, 0.0000000000000000000 ) ) ;
#2106 = CARTESIAN_POINT ( 'NONE',  ( 2.291850952641880700, -0.9652524972597845700, -0.5572887891288946800 ) ) ;
#2107 = CARTESIAN_POINT ( 'NONE',  ( 13.13560095264188400, -0.4826262486298926200, -0.8359331836933422400 ) ) ;
#2108 = EDGE_CURVE ( 'NONE', #4597, #236, #889, .T. ) ;
#2109 = CARTESIAN_POINT ( 'NONE',  ( 15.91074498996845100, 0.3686825588085530500, 2.385217236779675300 ) ) ;
#2110 = CARTESIAN_POINT ( 'NONE',  ( 12.06685095264188400, -0.9652524972597841300, 0.5572887891288953500 ) ) ;
#2111 = CARTESIAN_POINT ( 'NONE',  ( 3.728737976320960300, 9.036984846634954800E-017, 1.475851625615950000 ) ) ;
#2112 = CARTESIAN_POINT ( 'NONE',  ( 0.0000000000000000000, 1.124999999999997800, 1.948557158514986300 ) ) ;
#2113 = CARTESIAN_POINT ( 'NONE',  ( 11.29810095264188700, -0.9652524972597844600, -0.5572887891288946800 ) ) ;
#2114 = CARTESIAN_POINT ( 'NONE',  ( 0.0000000000000000000, 0.0000000000000000000, 0.0000000000000000000 ) ) ;
#2115 = CARTESIAN_POINT ( 'NONE',  ( 3.911213928962799600, -1.278124999999973800, -0.7379258128079745300 ) ) ;
#2116 = CARTESIAN_POINT ( 'NONE',  ( 4.391850952641880700, 6.824819318074054600E-017, 1.114577578257790000 ) ) ;
#2117 = AXIS2_PLACEMENT_3D ( 'NONE', #1908, #3134, #5089 ) ;
#2118 = CARTESIAN_POINT ( 'NONE',  ( 12.77500000000000700, -1.249999999999973400, 1.530808498934158800E-016 ) ) ;
#2119 = CARTESIAN_POINT ( 'NONE',  ( 2.873100952641880900, -2.047445795422216600E-016, -1.114577578257790000 ) ) ;
#2120 = ADVANCED_FACE ( 'NONE', ( #235 ), #5200, .F. ) ;
#2121 = CARTESIAN_POINT ( 'NONE',  ( -0.1831490473581189600, 0.9652524972597842400, 0.5572887891288949000 ) ) ;
#2122 = CARTESIAN_POINT ( 'NONE',  ( 4.410600952641879700, 0.4826262486298922800, 0.8359331836933423500 ) ) ;
#2123 = CARTESIAN_POINT ( 'NONE',  ( 1.804350952641880800, -0.9652524972597843500, 1.182093381138184100E-016 ) ) ;
#2124 = CARTESIAN_POINT ( 'NONE',  ( 13.24810095264188300, 0.9652524972597840100, -0.5572887891288955700 ) ) ;
#2125 = CARTESIAN_POINT ( 'NONE',  ( 12.72310095264188400, -2.047445795422217100E-016, -1.114577578257790000 ) ) ;
#2126 = CARTESIAN_POINT ( 'NONE',  ( 12.29185095264188400, 0.9652524972597840100, -0.5572887891288955700 ) ) ;
#2127 = LINE ( 'NONE', #2484, #1044 ) ;
#2128 = CARTESIAN_POINT ( 'NONE',  ( 0.04871392896280087000, 1.278124999999973500, 0.0000000000000000000 ) ) ;
#2129 = CIRCLE ( 'NONE', #551, 2.249999999999998700 ) ;
#2130 = CARTESIAN_POINT ( 'NONE',  ( 12.83560095264188500, 0.9652524972597843500, 0.0000000000000000000 ) ) ;
#2131 = APPROVAL_DATE_TIME ( #729, #1276 ) ;
#2132 = CARTESIAN_POINT ( 'NONE',  ( 1.961213928962800600, 9.036984846634956000E-017, 1.475851625615950200 ) ) ;
#2133 = CARTESIAN_POINT ( 'NONE',  ( 13.43995190528376000, 0.6249999999999856800, -1.082531754730525800 ) ) ;
#2134 = ORIENTED_EDGE ( 'NONE', *, *, #4040, .T. ) ;
#2135 = CARTESIAN_POINT ( 'NONE',  ( 3.473100952641880600, 0.9652524972597843500, 0.5572887891288949000 ) ) ;
#2136 = ORIENTED_EDGE ( 'NONE', *, *, #3686, .T. ) ;
#2137 = CARTESIAN_POINT ( 'NONE',  ( 13.25245190528376100, -1.249999999999973100, 0.7216878364870171800 ) ) ;
#2138 = ORIENTED_EDGE ( 'NONE', *, *, #1971, .T. ) ;
#2139 = CARTESIAN_POINT ( 'NONE',  ( 15.53995190528376300, -1.249999999999973400, 1.530808498934159000E-016 ) ) ;
#2140 = EDGE_CURVE ( 'NONE', #1758, #815, #1831, .T. ) ;
#2141 = ORIENTED_EDGE ( 'NONE', *, *, #3024, .T. ) ;
#2142 = CARTESIAN_POINT ( 'NONE',  ( 2.516850952641880700, 0.9652524972597843500, 0.5572887891288949000 ) ) ;
#2143 = CARTESIAN_POINT ( 'NONE',  ( 15.01060095264188400, 0.4826262486298914500, -0.8359331836933428000 ) ) ;
#2144 = ADVANCED_FACE ( 'NONE', ( #3210 ), #1553, .T. ) ;
#2145 = CONICAL_SURFACE ( 'NONE', #2224, 2.249999999999998700, 1.047197551196600100 ) ;
#2146 = CARTESIAN_POINT ( 'NONE',  ( 12.89185095264188300, 6.824819318074047200E-017, 1.114577578257790000 ) ) ;
#2147 = CARTESIAN_POINT ( 'NONE',  ( 13.00435095264188400, -0.9652524972597843500, 1.182093381138184100E-016 ) ) ;
#2148 = CARTESIAN_POINT ( 'NONE',  ( 0.8737139289628006500, 0.6390624999999857700, -1.106888719211963400 ) ) ;
#2149 = ORIENTED_EDGE ( 'NONE', *, *, #2071, .T. ) ;
#2150 = CARTESIAN_POINT ( 'NONE',  ( 11.35000000000000700, -0.6249999999999863400, 1.082531754730525300 ) ) ;
#2151 = CARTESIAN_POINT ( 'NONE',  ( 12.61060095264188500, -0.9652524972597843500, 1.182093381138184100E-016 ) ) ;
#2152 = CARTESIAN_POINT ( 'NONE',  ( 14.47371392896280400, 0.6390624999999868800, 1.106888719211962700 ) ) ;
#2153 = CARTESIAN_POINT ( 'NONE',  ( 4.023713928962799900, 0.6390624999999857700, -1.106888719211963400 ) ) ;
#2154 = DIRECTION ( 'NONE',  ( -6.018531076210111400E-033, -1.000000000000000000, 0.0000000000000000000 ) ) ;
#2155 = ORIENTED_EDGE ( 'NONE', *, *, #4905, .F. ) ;
#2156 =( BOUNDED_CURVE ( )  B_SPLINE_CURVE ( 2, ( #833, #2299, #2287, #4236, #4633, #5041, #1474 ),
 .UNSPECIFIED., .F., .T. ) 
 B_SPLINE_CURVE_WITH_KNOTS ( ( 3, 2, 2, 3 ),
 ( 0.3333333333333333100, 0.3472222222222222100, 0.3611111111111111000, 0.3750000000000000000 ),
 .UNSPECIFIED. ) 
 CURVE ( )  GEOMETRIC_REPRESENTATION_ITEM ( )  RATIONAL_B_SPLINE_CURVE ( ( 1.000000000000000000, 0.8660254037844387100, 1.000000000000000000, 0.8660254037844387100, 1.000000000000000000, 0.8660254037844387100, 1.000000000000000000 ) ) 
 REPRESENTATION_ITEM ( '' )  );
#2157 = CARTESIAN_POINT ( 'NONE',  ( 3.098100952641880600, 6.824819318074054600E-017, 1.114577578257790000 ) ) ;
#2158 = CARTESIAN_POINT ( 'NONE',  ( 13.21495190528376200, -0.6249999999999863400, 1.082531754730525300 ) ) ;
#2159 = EDGE_CURVE ( 'NONE', #4918, #3568, #653, .T. ) ;
#2160 = CARTESIAN_POINT ( 'NONE',  ( 14.47873797632096200, 9.036984846634947400E-017, 1.475851625615950000 ) ) ;
#2161 = CARTESIAN_POINT ( 'NONE',  ( 3.079350952641880700, -0.4826262486298919500, 0.8359331836933424600 ) ) ;
#2162 = DIRECTION ( 'NONE',  ( -6.018531076210111400E-033, -1.000000000000000000, 0.0000000000000000000 ) ) ;
#2163 = EDGE_LOOP ( 'NONE', ( #1516, #3652, #677, #55 ) ) ;
#2164 = CARTESIAN_POINT ( 'NONE',  ( 12.02935095264188400, -0.4826262486298919500, 0.8359331836933424600 ) ) ;
#2165 = CARTESIAN_POINT ( 'NONE',  ( 13.07935095264188300, -0.4826262486298926200, -0.8359331836933422400 ) ) ;
#2166 = CC_DESIGN_PERSON_AND_ORGANIZATION_ASSIGNMENT ( #4395, #4463, ( #4249 ) ) ;
#2167 = CARTESIAN_POINT ( 'NONE',  ( 0.7612139289628008200, -1.278124999999973800, -0.7379258128079745300 ) ) ;
#2168 = CARTESIAN_POINT ( 'NONE',  ( 11.31250000000000700, 8.838126989374028700E-017, 1.443375672974033500 ) ) ;
#2169 = CARTESIAN_POINT ( 'NONE',  ( 16.15435095264188400, -0.9652524972597843500, 1.182093381138184100E-016 ) ) ;
#2170 = CARTESIAN_POINT ( 'NONE',  ( 12.26121392896280500, 9.036984846634948600E-017, 1.475851625615950200 ) ) ;
#2171 = CARTESIAN_POINT ( 'NONE',  ( 3.423713928962800700, -1.278124999999973500, 1.565251690160178300E-016 ) ) ;
#2172 = CARTESIAN_POINT ( 'NONE',  ( 12.87745190528376300, -1.249999999999973400, -0.7216878364870162900 ) ) ;
#2173 = ADVANCED_FACE ( 'NONE', ( #1686 ), #3328, .F. ) ;
#2174 = CARTESIAN_POINT ( 'NONE',  ( 0.3418509526418810300, 6.824819318074054600E-017, 1.114577578257790000 ) ) ;
#2175 = CARTESIAN_POINT ( 'NONE',  ( 12.41623797632096400, -0.6390624999999872100, -1.106888719211962300 ) ) ;
#2176 = DIRECTION ( 'NONE',  ( 0.0000000000000000000, 0.0000000000000000000, -1.000000000000000000 ) ) ;
#2177 = CARTESIAN_POINT ( 'NONE',  ( 3.041850952641880700, 6.824819318074054600E-017, 1.114577578257790000 ) ) ;
#2178 = CARTESIAN_POINT ( 'NONE',  ( 13.94185095264188600, -0.9652524972597845700, -0.5572887891288946800 ) ) ;
#2179 = CARTESIAN_POINT ( 'NONE',  ( 12.40435095264188300, 0.4826262486298922800, 0.8359331836933423500 ) ) ;
#2180 = CARTESIAN_POINT ( 'NONE',  ( 12.32500000000000600, -1.249999999999973400, 1.530808498934158800E-016 ) ) ;
#2181 = CARTESIAN_POINT ( 'NONE',  ( -0.3262860710371991400, 0.6390624999999868800, 1.106888719211962700 ) ) ;
#2182 = CARTESIAN_POINT ( 'NONE',  ( 12.05245190528376200, -2.651438096812210700E-016, -1.443375672974033500 ) ) ;
#2183 = CARTESIAN_POINT ( 'NONE',  ( 16.07935095264188500, -0.4826262486298919500, 0.8359331836933424600 ) ) ;
#2184 = CARTESIAN_POINT ( 'NONE',  ( 12.22371392896280400, 0.6390624999999868800, 1.106888719211962700 ) ) ;
#2185 = CARTESIAN_POINT ( 'NONE',  ( 1.998713928962800900, -0.6390624999999864300, 1.106888719211963000 ) ) ;
#2186 = CARTESIAN_POINT ( 'NONE',  ( 4.800000000000000700, -0.2644488599585895200, 1.059166136374163600 ) ) ;
#2187 = DIRECTION ( 'NONE',  ( 0.0000000000000000000, 0.0000000000000000000, 1.000000000000000000 ) ) ;
#2188 = EDGE_CURVE ( 'NONE', #4832, #1903, #4183, .T. ) ;
#2189 = VECTOR ( 'NONE', #1385, 1000.000000000000000 ) ;
#2190 = CARTESIAN_POINT ( 'NONE',  ( 0.3043509526418810000, 0.4826262486298922800, 0.8359331836933423500 ) ) ;
#2191 = CARTESIAN_POINT ( 'NONE',  ( 13.39123797632096400, 0.6390624999999856600, -1.106888719211963200 ) ) ;
#2192 = CARTESIAN_POINT ( 'NONE',  ( 15.02935095264188400, 0.9652524972597843500, 0.0000000000000000000 ) ) ;
#2193 = CARTESIAN_POINT ( 'NONE',  ( 2.741850952641880800, -0.9652524972597845700, -0.5572887891288946800 ) ) ;
#2194 = FACE_OUTER_BOUND ( 'NONE', #1322, .T. ) ;
#2195 = ORIENTED_EDGE ( 'NONE', *, *, #1640, .F. ) ;
#2196 = CARTESIAN_POINT ( 'NONE',  ( 15.63018375565109300, 0.2305949218567474600, 0.9814435380500361500 ) ) ;
#2197 = ADVANCED_FACE ( 'NONE', ( #2647 ), #4643, .F. ) ;
#2198 = CARTESIAN_POINT ( 'NONE',  ( 11.12935095264188600, -0.4826262486298919500, 0.8359331836933424600 ) ) ;
#2199 = CARTESIAN_POINT ( 'NONE',  ( 15.79903810567666300, -2.249999999999999100, 1.299038105676656900 ) ) ;
#2200 = CARTESIAN_POINT ( 'NONE',  ( 0.1237139289628008500, 0.6390624999999868800, 1.106888719211962700 ) ) ;
#2201 = DIRECTION ( 'NONE',  ( -1.000000000000000000, 0.0000000000000000000, 0.0000000000000000000 ) ) ;
#2202 = LINE ( 'NONE', #3817, #938 ) ;
#2203 = ORIENTED_EDGE ( 'NONE', *, *, #4747, .F. ) ;
#2204 = B_SPLINE_CURVE_WITH_KNOTS ( 'NONE', 3,
 ( #706, #1465, #4292, #1877, #2398, #3985, #1141, #4777, #4360, #5186, #3600, #3947 ),
 .UNSPECIFIED., .F., .F.,
 ( 4, 2, 2, 2, 2, 4 ),
 ( 0.0000000000000000000, 0.0002312246054236432500, 0.0004624492108472864900, 0.0009248984216945729900, 0.001387347632541859500, 0.001849796843389146000 ),
 .UNSPECIFIED. ) ;
#2205 = CARTESIAN_POINT ( 'NONE',  ( 14.33560095264188500, -0.4826262486298919500, 0.8359331836933424600 ) ) ;
#2206 = CARTESIAN_POINT ( 'NONE',  ( 14.24871392896280400, -0.6390624999999873200, -1.106888719211962500 ) ) ;
#2207 = ORIENTED_EDGE ( 'NONE', *, *, #3225, .T. ) ;
#2208 = CARTESIAN_POINT ( 'NONE',  ( 4.361213928962800200, -1.278124999999973800, -0.7379258128079745300 ) ) ;
#2209 = CYLINDRICAL_SURFACE ( 'NONE', #3110, 1.249999999999973400 ) ;
#2210 = VECTOR ( 'NONE', #3483, 1000.000000000000000 ) ;
#2211 = EDGE_LOOP ( 'NONE', ( #3388, #4627, #4932, #859, #4645, #3887 ) ) ;
#2212 = CARTESIAN_POINT ( 'NONE',  ( 3.004350952641880600, 0.4826262486298922800, 0.8359331836933423500 ) ) ;
#2213 = EDGE_CURVE ( 'NONE', #2893, #1751, #5166, .T. ) ;
#2214 = CARTESIAN_POINT ( 'NONE',  ( 12.60373797632096200, 1.278124999999973500, 0.7379258128079748700 ) ) ;
#2215 = CARTESIAN_POINT ( 'NONE',  ( 14.50435095264188400, 0.4826262486298914500, -0.8359331836933428000 ) ) ;
#2216 = CARTESIAN_POINT ( 'NONE',  ( 3.341850952641880900, 0.9652524972597840100, -0.5572887891288955700 ) ) ;
#2217 = EDGE_LOOP ( 'NONE', ( #4529, #2078, #3562 ) ) ;
#2218 = DIRECTION ( 'NONE',  ( 0.0000000000000000000, -0.8660254037844389300, 0.4999999999999993900 ) ) ;
#2219 = CARTESIAN_POINT ( 'NONE',  ( 11.86060095264188300, 0.4826262486298917900, -0.8359331836933434600 ) ) ;
#2220 = CARTESIAN_POINT ( 'NONE',  ( 15.85969042931017000, -2.249999999999999100, 1.088932293415951300 ) ) ;
#2221 = CARTESIAN_POINT ( 'NONE',  ( 1.886213928962800200, 1.278124999999973800, 0.7379258128079749800 ) ) ;
#2222 = CARTESIAN_POINT ( 'NONE',  ( 15.90792468245280000, -1.220424682452840200, 1.494589180966295900E-016 ) ) ;
#2223 =( BOUNDED_CURVE ( )  B_SPLINE_CURVE ( 2, ( #2940, #2554, #3736, #522, #1756, #4979, #479 ),
 .UNSPECIFIED., .F., .T. ) 
 B_SPLINE_CURVE_WITH_KNOTS ( ( 3, 2, 2, 3 ),
 ( 0.6805555555555555800, 0.6944444444444444200, 0.7083333333333332600, 0.7222222222222222100 ),
 .UNSPECIFIED. ) 
 CURVE ( )  GEOMETRIC_REPRESENTATION_ITEM ( )  RATIONAL_B_SPLINE_CURVE ( ( 1.000000000000000000, 0.8660254037844387100, 1.000000000000000000, 0.8660254037844387100, 1.000000000000000000, 0.8660254037844387100, 1.000000000000000000 ) ) 
 REPRESENTATION_ITEM ( '' )  );
#2224 = AXIS2_PLACEMENT_3D ( 'NONE', #5010, #3850, #5027 ) ;
#2225 = CARTESIAN_POINT ( 'NONE',  ( 13.36060095264188500, 0.4826262486298922800, 0.8359331836933423500 ) ) ;
#2226 =( BOUNDED_CURVE ( )  B_SPLINE_CURVE ( 2, ( #853, #41, #3677, #1257, #2002, #5213, #4025, #4829, #2435, #554, #3749, #81, #2905, #4566, #1311, #475, #1275, #120, #1329, #4131, #4953, #4152, #1732, #2938, #4501, #2110, #2957, #4908, #4938, #2531, #2095, #2126, #3373, #1292, #1719, #964, #4098, #3307, #2551, #4536, #2511, #521, #98, #2569, #3343, #924, #892, #2923, #503, #4552, #2147, #4514, #2165, #141, #4922, #3320, #535, #1678, #3359, #946, #4976, #156, #910, #3733, #2978, #3763, #3712, #4115, #1346, #1702, #1754, #4169, #2584, #3491, #1212, #2178, #2022, #2991, #3845, #1398, #71, #959, #570, #973, #3828, #4600, #1771, #4197, #3780, #1356, #2215, #4180, #3026, #4898, #3407, #1412, #3800, #1789, #4235, #166, #1378, #1006, #3815, #3385, #2192, #5005, #2628, #4216, #986, #585, #1672, #1804, #1425, #4494, #4617, #5019, #2234, #200, #4579, #4632, #3006, #2612, #185 ),
 .UNSPECIFIED., .F., .T. ) 
 B_SPLINE_CURVE_WITH_KNOTS ( ( 3, 2, 2, 2, 2, 2, 2, 2, 2, 2, 2, 2, 2, 2, 2, 2, 2, 2, 2, 2, 2, 2, 2, 2, 2, 2, 2, 2, 2, 2, 2, 2, 2, 2, 2, 2, 2, 2, 2, 2, 2, 2, 2, 2, 2, 2, 2, 2, 2, 2, 2, 2, 2, 2, 2, 2, 2, 2, 2, 2, 2, 3 ),
 ( 0.04076063273970052800, 0.04166666666666666400, 0.05555555555555555200, 0.06944444444444444800, 0.08333333333333332900, 0.09722222222222222400, 0.1111111111111111000, 0.1250000000000000000, 0.1388888888888889000, 0.1527777777777777900, 0.1666666666666666900, 0.1805555555555555800, 0.1944444444444444800, 0.2083333333333333700, 0.2222222222222221500, 0.2361111111111111000, 0.2500000000000000000, 0.2638888888888889000, 0.2777777777777777900, 0.2916666666666666900, 0.3055555555555555800, 0.3194444444444444200, 0.3333333333333333100, 0.3472222222222221500, 0.3611111111111111000, 0.3750000000000000000, 0.3888888888888889000, 0.4027777777777777900, 0.4166666666666666900, 0.4305555555555555800, 0.4444444444444444200, 0.4583333333333333100, 0.4722222222222222100, 0.4861111111111111000, 0.5000000000000000000, 0.5138888888888888400, 0.5277777777777777900, 0.5416666666666666300, 0.5555555555555555800, 0.5694444444444444200, 0.5833333333333333700, 0.5972222222222222100, 0.6111111111111111600, 0.6250000000000000000, 0.6388888888888888400, 0.6527777777777777900, 0.6666666666666666300, 0.6805555555555555800, 0.6944444444444444200, 0.7083333333333334800, 0.7222222222222222100, 0.7361111111111110500, 0.7500000000000000000, 0.7638888888888889500, 0.7777777777777777900, 0.7916666666666665200, 0.8055555555555555800, 0.8194444444444444200, 0.8333333333333333700, 0.8472222222222222100, 0.8611111111111111600, 0.8655977146000498600 ),
 .UNSPECIFIED. ) 
 CURVE ( )  GEOMETRIC_REPRESENTATION_ITEM ( )  RATIONAL_B_SPLINE_CURVE ( ( 0.9836607502507496200, 0.9912602418743521300, 1.000000000000000000, 0.8660254037844387100, 1.000000000000000000, 0.8660254037844387100, 1.000000000000000000, 0.8660254037844387100, 1.000000000000000000, 0.8660254037844387100, 1.000000000000000000, 0.8660254037844387100, 1.000000000000000000, 0.8660254037844387100, 1.000000000000000000, 0.8660254037844387100, 1.000000000000000000, 0.8660254037844387100, 1.000000000000000000, 0.8660254037844387100, 1.000000000000000000, 0.8660254037844387100, 1.000000000000000000, 0.8660254037844387100, 1.000000000000000000, 0.8660254037844387100, 1.000000000000000000, 0.8660254037844387100, 1.000000000000000000, 0.8660254037844387100, 1.000000000000000000, 0.8660254037844387100, 1.000000000000000000, 0.8660254037844387100, 1.000000000000000000, 0.8660254037844387100, 1.000000000000000000, 0.8660254037844387100, 1.000000000000000000, 0.8660254037844387100, 1.000000000000000000, 0.8660254037844387100, 1.000000000000000000, 0.8660254037844387100, 1.000000000000000000, 0.8660254037844387100, 1.000000000000000000, 0.8660254037844387100, 1.000000000000000000, 0.8660254037844387100, 1.000000000000000000, 0.8660254037844387100, 1.000000000000000000, 0.8660254037844387100, 1.000000000000000000, 0.8660254037844387100, 1.000000000000000000, 0.8660254037844387100, 1.000000000000000000, 0.8660254037844387100, 1.000000000000000000, 0.8660254037844387100, 1.000000000000000000, 0.8660254037844387100, 1.000000000000000000, 0.8660254037844387100, 1.000000000000000000, 0.8660254037844387100, 1.000000000000000000, 0.8660254037844387100, 1.000000000000000000, 0.8660254037844387100, 1.000000000000000000, 0.8660254037844387100, 1.000000000000000000, 0.8660254037844387100, 1.000000000000000000, 0.8660254037844387100, 1.000000000000000000, 0.8660254037844387100, 1.000000000000000000, 0.8660254037844387100, 1.000000000000000000, 0.8660254037844387100, 1.000000000000000000, 0.8660254037844387100, 1.000000000000000000, 0.8660254037844387100, 1.000000000000000000, 0.8660254037844387100, 1.000000000000000000, 0.8660254037844387100, 1.000000000000000000, 0.8660254037844387100, 1.000000000000000000, 0.8660254037844387100, 1.000000000000000000, 0.8660254037844387100, 1.000000000000000000, 0.8660254037844387100, 1.000000000000000000, 0.8660254037844387100, 1.000000000000000000, 0.8660254037844387100, 1.000000000000000000, 0.8660254037844387100, 1.000000000000000000, 0.8660254037844387100, 1.000000000000000000, 0.8660254037844387100, 1.000000000000000000, 0.8660254037844387100, 1.000000000000000000, 0.8660254037844387100, 1.000000000000000000, 0.8660254037844387100, 1.000000000000000000, 0.8660254037844387100, 1.000000000000000000, 0.8660254037844387100, 1.000000000000000000, 0.9567214558616877800, 0.9414039197896837400 ) ) 
 REPRESENTATION_ITEM ( '' )  );
#2227 = CARTESIAN_POINT ( 'NONE',  ( 11.05435095264188500, 0.4826262486298922800, 0.8359331836933423500 ) ) ;
#2228 = CARTESIAN_POINT ( 'NONE',  ( 1.429350952641880800, -0.4826262486298926200, -0.8359331836933422400 ) ) ;
#2229 = CARTESIAN_POINT ( 'NONE',  ( 12.46495190528376400, -0.6249999999999872300, -1.082531754730524900 ) ) ;
#2230 = ORIENTED_EDGE ( 'NONE', *, *, #2625, .F. ) ;
#2231 = CARTESIAN_POINT ( 'NONE',  ( 0.7543509526418809000, 0.4826262486298922800, 0.8359331836933423500 ) ) ;
#2232 = ORIENTED_EDGE ( 'NONE', *, *, #694, .F. ) ;
#2233 = CARTESIAN_POINT ( 'NONE',  ( 16.01623797632096600, -0.6390624999999872100, -1.106888719211962300 ) ) ;
#2234 = CARTESIAN_POINT ( 'NONE',  ( 15.47935095264188600, 0.9652524972597843500, 0.0000000000000000000 ) ) ;
#2235 = CARTESIAN_POINT ( 'NONE',  ( 15.34810095264188600, -0.9652524972597845700, -0.5572887891288946800 ) ) ;
#2236 = CARTESIAN_POINT ( 'NONE',  ( 12.42310095264188300, 0.9652524972597850100, 0.5572887891288952300 ) ) ;
#2237 = CARTESIAN_POINT ( 'NONE',  ( 11.20000000000000500, 1.249999999999973400, 0.0000000000000000000 ) ) ;
#2238 = B_SPLINE_CURVE_WITH_KNOTS ( 'NONE', 3,
 ( #4114, #2039, #4852, #2109, #4461, #474 ),
 .UNSPECIFIED., .F., .F.,
 ( 4, 2, 4 ),
 ( 0.001314652396222795400, 0.001969405109320634600, 0.002624157822418473800 ),
 .UNSPECIFIED. ) ;
#2239 = CARTESIAN_POINT ( 'NONE',  ( 14.48560095264188500, -0.4826262486298926200, -0.8359331836933422400 ) ) ;
#2240 = CARTESIAN_POINT ( 'NONE',  ( 14.88621392896280500, 1.278124999999973800, 0.7379258128079749800 ) ) ;
#2241 = CARTESIAN_POINT ( 'NONE',  ( 0.1918509526418809600, 0.9652524972597841300, -0.5572887891288955700 ) ) ;
#2242 = CARTESIAN_POINT ( 'NONE',  ( 3.552451905283758600, -2.651438096812210200E-016, -1.443375672974033500 ) ) ;
#2243 = EDGE_CURVE ( 'NONE', #5209, #5216, #568, .T. ) ;
#2244 = CARTESIAN_POINT ( 'NONE',  ( 1.054350952641880800, 0.4826262486298914500, -0.8359331836933428000 ) ) ;
#2245 = CARTESIAN_POINT ( 'NONE',  ( 15.79123797632096100, 0.6390624999999867700, 1.106888719211962500 ) ) ;
#2246 = CARTESIAN_POINT ( 'NONE',  ( 3.927451905283758600, -1.249999999999973400, -0.7216878364870162900 ) ) ;
#2247 = CARTESIAN_POINT ( 'NONE',  ( 1.987500000000002500, -1.249999999999973400, 0.7216878364870171800 ) ) ;
#2248 =( BOUNDED_CURVE ( )  B_SPLINE_CURVE ( 2, ( #5061, #303, #3971, #4378, #773, #5171, #353 ),
 .UNSPECIFIED., .F., .T. ) 
 B_SPLINE_CURVE_WITH_KNOTS ( ( 3, 2, 2, 3 ),
 ( 0.3750000000000000000, 0.3888888888888889000, 0.4027777777777777900, 0.4166666666666666900 ),
 .UNSPECIFIED. ) 
 CURVE ( )  GEOMETRIC_REPRESENTATION_ITEM ( )  RATIONAL_B_SPLINE_CURVE ( ( 1.000000000000000000, 0.8660254037844387100, 1.000000000000000000, 0.8660254037844387100, 1.000000000000000000, 0.8660254037844387100, 1.000000000000000000 ) ) 
 REPRESENTATION_ITEM ( '' )  );
#2249 = CARTESIAN_POINT ( 'NONE',  ( 15.72952354181489400, -0.6034862570632162400, -0.8608355790023603000 ) ) ;
#2250 = CARTESIAN_POINT ( 'NONE',  ( 12.16060095264188200, -0.9652524972597850100, 1.182093381138185100E-016 ) ) ;
#2251 = CARTESIAN_POINT ( 'NONE',  ( 2.287500000000002300, 1.249999999999973400, 0.7216878364870166200 ) ) ;
#2252 = CARTESIAN_POINT ( 'NONE',  ( 15.34810095264188600, -0.9652524972597844600, -0.5572887891288946800 ) ) ;
#2253 = CARTESIAN_POINT ( 'NONE',  ( 15.37371392896280400, 0.6390624999999868800, 1.106888719211962700 ) ) ;
#2254 = CARTESIAN_POINT ( 'NONE',  ( 0.5293509526418809200, -0.4826262486298926200, -0.8359331836933422400 ) ) ;
#2255 = CARTESIAN_POINT ( 'NONE',  ( 3.514951905283759000, -0.6249999999999872300, -1.082531754730524900 ) ) ;
#2256 = FACE_OUTER_BOUND ( 'NONE', #4473, .T. ) ;
#2257 = CONICAL_SURFACE ( 'NONE', #2536, 2.249999999999998700, 1.047197551196600100 ) ;
#2258 = AXIS2_PLACEMENT_3D ( 'NONE', #3527, #3111, #328 ) ;
#2259 = EDGE_CURVE ( 'NONE', #5097, #300, #4961, .T. ) ;
#2260 = CARTESIAN_POINT ( 'NONE',  ( 4.073100952641881100, -0.9652524972597841300, 0.5572887891288953500 ) ) ;
#2261 = FACE_OUTER_BOUND ( 'NONE', #4231, .T. ) ;
#2262 = CARTESIAN_POINT ( 'NONE',  ( 1.879350952641880800, -0.4826262486298926200, -0.8359331836933422400 ) ) ;
#2263 = ORIENTED_EDGE ( 'NONE', *, *, #1055, .T. ) ;
#2264 = CARTESIAN_POINT ( 'NONE',  ( 14.96623797632096300, -0.6390624999999863200, 1.106888719211962700 ) ) ;
#2265 = ORIENTED_EDGE ( 'NONE', *, *, #215, .T. ) ;
#2266 = CC_DESIGN_PERSON_AND_ORGANIZATION_ASSIGNMENT ( #990, #819, ( #2741 ) ) ;
#2267 = DIRECTION ( 'NONE',  ( -1.000000000000000000, -0.0000000000000000000, -0.0000000000000000000 ) ) ;
#2268 = CARTESIAN_POINT ( 'NONE',  ( 4.500000000000002700, 1.249999999999973400, 0.0000000000000000000 ) ) ;
#2269 = CONICAL_SURFACE ( 'NONE', #3926, 2.249999999999998700, 1.047197551196600100 ) ;
#2270 = VERTEX_POINT ( 'NONE', #380 ) ;
#2271 = CARTESIAN_POINT ( 'NONE',  ( 11.03560095264188400, 0.9652524972597850100, 0.0000000000000000000 ) ) ;
#2272 = CARTESIAN_POINT ( 'NONE',  ( 15.82810889132448300, 1.140608891324528500, 0.0000000000000000000 ) ) ;
#2273 = ORIENTED_EDGE ( 'NONE', *, *, #1325, .T. ) ;
#2274 = CARTESIAN_POINT ( 'NONE',  ( 0.9000000000000028000, 1.249999999999973400, 0.0000000000000000000 ) ) ;
#2275 = B_SPLINE_CURVE_WITH_KNOTS ( 'NONE', 3,
 ( #1677, #3256, #2510, #835 ),
 .UNSPECIFIED., .F., .F.,
 ( 4, 4 ),
 ( 2.380746839932241400E-007, 0.001314652396222794700 ),
 .UNSPECIFIED. ) ;
#2276 = CARTESIAN_POINT ( 'NONE',  ( 15.49810095264188300, 0.9652524972597841300, -0.5572887891288955700 ) ) ;
#2277 = FACE_OUTER_BOUND ( 'NONE', #3795, .T. ) ;
#2278 = CARTESIAN_POINT ( 'NONE',  ( 15.48621392896280300, -1.278124999999973500, 0.7379258128079755300 ) ) ;
#2279 = CARTESIAN_POINT ( 'NONE',  ( 1.016850952641880700, -2.047445795422216600E-016, -1.114577578257790000 ) ) ;
#2280 = CARTESIAN_POINT ( 'NONE',  ( 3.777451905283758300, 8.838126989374036100E-017, 1.443375672974033500 ) ) ;
#2281 = EDGE_LOOP ( 'NONE', ( #2336, #1584, #3053, #2322 ) ) ;
#2282 = CARTESIAN_POINT ( 'NONE',  ( 4.298100952641880700, 0.9652524972597841300, -0.5572887891288955700 ) ) ;
#2283 = CARTESIAN_POINT ( 'NONE',  ( 1.579350952641881000, 0.9652524972597843500, 0.0000000000000000000 ) ) ;
#2284 = EDGE_CURVE ( 'NONE', #612, #1621, #5059, .T. ) ;
#2285 = CARTESIAN_POINT ( 'NONE',  ( 15.41623797632096400, -0.6390624999999863200, 1.106888719211962700 ) ) ;
#2286 = CARTESIAN_POINT ( 'NONE',  ( 3.364951905283759100, -0.6249999999999863400, 1.082531754730525300 ) ) ;
#2287 = CARTESIAN_POINT ( 'NONE',  ( 13.07500000000000600, 0.6249999999999867900, 1.082531754730525100 ) ) ;
#2288 = EDGE_LOOP ( 'NONE', ( #207, #3642, #4837, #4774 ) ) ;
#2289 = CARTESIAN_POINT ( 'NONE',  ( 11.33560095264188300, -0.4826262486298929500, -0.8359331836933428000 ) ) ;
#2290 = CARTESIAN_POINT ( 'NONE',  ( 15.86633349256978300, 0.7993867381587117500, 0.8747345935346185800 ) ) ;
#2291 = AXIS2_PLACEMENT_3D ( 'NONE', #2891, #2502, #49 ) ;
#2292 = ORIENTED_EDGE ( 'NONE', *, *, #310, .F. ) ;
#2293 = CARTESIAN_POINT ( 'NONE',  ( 15.89871392896280400, -0.6390624999999864300, 1.106888719211963000 ) ) ;
#2294 = CARTESIAN_POINT ( 'NONE',  ( 2.228737976320960300, 1.278124999999972900, -0.7379258128079757600 ) ) ;
#2295 = CARTESIAN_POINT ( 'NONE',  ( 4.241850952641880400, 0.9652524972597841300, -0.5572887891288955700 ) ) ;
#2296 = CARTESIAN_POINT ( 'NONE',  ( 16.00000000000000400, 0.0000000000000000000, -2.249999999999998200 ) ) ;
#2297 = DIRECTION ( 'NONE',  ( 0.0000000000000000000, 1.000000000000000000, 0.0000000000000000000 ) ) ;
#2298 = CARTESIAN_POINT ( 'NONE',  ( -7.523163845262478600E-033, -1.249999999999973400, 0.0000000000000000000 ) ) ;
#2299 = CARTESIAN_POINT ( 'NONE',  ( 13.03750000000000700, 1.249999999999973400, 0.7216878364870166200 ) ) ;
#2300 = CARTESIAN_POINT ( 'NONE',  ( 13.81060095264188300, 0.4826262486298926200, 0.8359331836933430200 ) ) ;
#2301 = CARTESIAN_POINT ( 'NONE',  ( 4.339951905283758300, -1.249999999999973400, 1.530808498934159000E-016 ) ) ;
#2302 = CARTESIAN_POINT ( 'NONE',  ( 0.0000000000000000000, 0.0000000000000000000, 0.0000000000000000000 ) ) ;
#2303 = CARTESIAN_POINT ( 'NONE',  ( 0.3081651560341569500, 1.004334843965892300, 1.457429670842558400E-011 ) ) ;
#2304 = CARTESIAN_POINT ( 'NONE',  ( 13.22935095264188400, 0.9652524972597843500, 0.0000000000000000000 ) ) ;
#2305 = CARTESIAN_POINT ( 'NONE',  ( 0.6537379763209608700, -1.278124999999973300, 0.7379258128079753100 ) ) ;
#2306 = CARTESIAN_POINT ( 'NONE',  ( 16.00000000000000400, -2.249999999999999100, 1.299038105676656900 ) ) ;
#2307 = EDGE_CURVE ( 'NONE', #635, #5022, #4399, .T. ) ;
#2308 = DIRECTION ( 'NONE',  ( 0.0000000000000000000, 1.000000000000000000, 0.0000000000000000000 ) ) ;
#2309 = CARTESIAN_POINT ( 'NONE',  ( 3.379350952641881000, 0.9652524972597843500, 0.0000000000000000000 ) ) ;
#2310 =( BOUNDED_CURVE ( )  B_SPLINE_CURVE ( 2, ( #441, #3653, #849, #4881, #56, #1642, #4901, #1288, #96, #458, #3728, #2051, #496, #3671, #4093, #3290, #1232, #75, #3687, #1305, #867, #2903, #4128, #1255, #4866, #1658, #888, #4455, #471, #3303, #2508, #4054, #3705, #517, #2934, #4111, #4479, #4934, #2073, #2524, #2123, #1700, #1675, #1269, #2490, #2548, #3317, #112, #4498, #907, #2877, #2918, #4510, #2106, #586, #4561, #3028, #4548, #3339, #2142, #4988, #4182, #3386, #960, #1790, #2193, #974, #4580, #1380, #1772, #2598, #5006, #1728, #2177, #2161, #1326, #167, #2629, #3353, #3782, #919, #2216, #3370, #4948, #2992, #2565, #572, #4970, #4601, #1357, #3801, #4145, #2581, #153, #4198, #2613, #1342, #1399, #187, #1749, #2974, #202, #3007, #5020, #3408, #987, #136, #3816, #4218, #1805, #4618, #2951, #3746, #532, #942, #3760, #4164, #547, #3893, #3846, #4700 ),
 .UNSPECIFIED., .F., .T. ) 
 B_SPLINE_CURVE_WITH_KNOTS ( ( 3, 2, 2, 2, 2, 2, 2, 2, 2, 2, 2, 2, 2, 2, 2, 2, 2, 2, 2, 2, 2, 2, 2, 2, 2, 2, 2, 2, 2, 2, 2, 2, 2, 2, 2, 2, 2, 2, 2, 2, 2, 2, 2, 2, 2, 2, 2, 2, 2, 2, 2, 2, 2, 2, 2, 2, 2, 2, 2, 2, 3 ),
 ( 0.1051002932968653500, 0.1111111111111111000, 0.1250000000000000000, 0.1388888888888889000, 0.1527777777777777900, 0.1666666666666666600, 0.1805555555555555500, 0.1944444444444444500, 0.2083333333333333400, 0.2222222222222222100, 0.2361111111111111000, 0.2500000000000000000, 0.2638888888888889000, 0.2777777777777777900, 0.2916666666666667400, 0.3055555555555555800, 0.3194444444444444200, 0.3333333333333333100, 0.3472222222222222100, 0.3611111111111110500, 0.3750000000000000000, 0.3888888888888888400, 0.4027777777777777900, 0.4166666666666666300, 0.4305555555555556900, 0.4444444444444444200, 0.4583333333333332600, 0.4722222222222222100, 0.4861111111111110500, 0.5000000000000000000, 0.5138888888888888400, 0.5277777777777779000, 0.5416666666666666300, 0.5555555555555555800, 0.5694444444444444200, 0.5833333333333333700, 0.5972222222222222100, 0.6111111111111111600, 0.6250000000000000000, 0.6388888888888888400, 0.6527777777777777900, 0.6666666666666666300, 0.6805555555555555800, 0.6944444444444444200, 0.7083333333333333700, 0.7222222222222222100, 0.7361111111111111600, 0.7500000000000000000, 0.7638888888888888400, 0.7777777777777777900, 0.7916666666666666300, 0.8055555555555555800, 0.8194444444444444200, 0.8333333333333333700, 0.8472222222222221000, 0.8611111111111111600, 0.8750000000000001100, 0.8888888888888888400, 0.9027777777777777900, 0.9166666666666666300, 0.9296495216285902700 ),
 .UNSPECIFIED. ) 
 CURVE ( )  GEOMETRIC_REPRESENTATION_ITEM ( )  RATIONAL_B_SPLINE_CURVE ( ( 0.9342234781795855100, 0.9420186239496007900, 1.000000000000000000, 0.8660254037844387100, 1.000000000000000000, 0.8660254037844387100, 1.000000000000000000, 0.8660254037844387100, 1.000000000000000000, 0.8660254037844387100, 1.000000000000000000, 0.8660254037844387100, 1.000000000000000000, 0.8660254037844387100, 1.000000000000000000, 0.8660254037844387100, 1.000000000000000000, 0.8660254037844387100, 1.000000000000000000, 0.8660254037844387100, 1.000000000000000000, 0.8660254037844387100, 1.000000000000000000, 0.8660254037844387100, 1.000000000000000000, 0.8660254037844387100, 1.000000000000000000, 0.8660254037844387100, 1.000000000000000000, 0.8660254037844387100, 1.000000000000000000, 0.8660254037844387100, 1.000000000000000000, 0.8660254037844387100, 1.000000000000000000, 0.8660254037844387100, 1.000000000000000000, 0.8660254037844387100, 1.000000000000000000, 0.8660254037844387100, 1.000000000000000000, 0.8660254037844387100, 1.000000000000000000, 0.8660254037844387100, 1.000000000000000000, 0.8660254037844387100, 1.000000000000000000, 0.8660254037844387100, 1.000000000000000000, 0.8660254037844387100, 1.000000000000000000, 0.8660254037844387100, 1.000000000000000000, 0.8660254037844387100, 1.000000000000000000, 0.8660254037844387100, 1.000000000000000000, 0.8660254037844387100, 1.000000000000000000, 0.8660254037844387100, 1.000000000000000000, 0.8660254037844387100, 1.000000000000000000, 0.8660254037844387100, 1.000000000000000000, 0.8660254037844387100, 1.000000000000000000, 0.8660254037844387100, 1.000000000000000000, 0.8660254037844387100, 1.000000000000000000, 0.8660254037844387100, 1.000000000000000000, 0.8660254037844387100, 1.000000000000000000, 0.8660254037844387100, 1.000000000000000000, 0.8660254037844387100, 1.000000000000000000, 0.8660254037844387100, 1.000000000000000000, 0.8660254037844387100, 1.000000000000000000, 0.8660254037844387100, 1.000000000000000000, 0.8660254037844387100, 1.000000000000000000, 0.8660254037844387100, 1.000000000000000000, 0.8660254037844387100, 1.000000000000000000, 0.8660254037844387100, 1.000000000000000000, 0.8660254037844387100, 1.000000000000000000, 0.8660254037844387100, 1.000000000000000000, 0.8660254037844387100, 1.000000000000000000, 0.8660254037844387100, 1.000000000000000000, 0.8660254037844387100, 1.000000000000000000, 0.8660254037844387100, 1.000000000000000000, 0.8660254037844387100, 1.000000000000000000, 0.8660254037844387100, 1.000000000000000000, 0.8660254037844387100, 1.000000000000000000, 0.8660254037844387100, 1.000000000000000000, 0.8660254037844387100, 1.000000000000000000, 0.8660254037844387100, 1.000000000000000000, 0.8660254037844387100, 1.000000000000000000, 0.8747651619100785800, 0.9836607502507634900 ) ) 
 REPRESENTATION_ITEM ( '' )  );
#2311 = CARTESIAN_POINT ( 'NONE',  ( 0.6375000000000026200, -1.249999999999973400, 0.7216878364870171800 ) ) ;
#2312 = DIRECTION ( 'NONE',  ( 0.0000000000000000000, 0.0000000000000000000, 1.000000000000000000 ) ) ;
#2313 = CYLINDRICAL_SURFACE ( 'NONE', #5108, 1.249999999999973400 ) ;
#2314 = CARTESIAN_POINT ( 'NONE',  ( 4.350000000000002300, -0.6249999999999872300, -1.082531754730524900 ) ) ;
#2315 = AXIS2_PLACEMENT_3D ( 'NONE', #4453, #4070, #3727 ) ;
#2316 = CARTESIAN_POINT ( 'NONE',  ( 14.82310095264188400, -0.9652524972597847900, 0.5572887891288956800 ) ) ;
#2317 = CARTESIAN_POINT ( 'NONE',  ( 0.1171941278449007600, -0.5784430894503555000, 1.052255588594029900 ) ) ;
#2318 = CARTESIAN_POINT ( 'NONE',  ( 0.1397700690953396200, -2.066424524318476200, -1.405025455977998400 ) ) ;
#2319 = CIRCLE ( 'NONE', #1463, 1.312500000000049700 ) ;
#2320 = ORIENTED_EDGE ( 'NONE', *, *, #2243, .F. ) ;
#2321 = CARTESIAN_POINT ( 'NONE',  ( 13.52935095264188400, -0.4826262486298926200, -0.8359331836933422400 ) ) ;
#2322 = ORIENTED_EDGE ( 'NONE', *, *, #2972, .F. ) ;
#2323 = CARTESIAN_POINT ( 'NONE',  ( 1.816237976320961100, 1.278124999999973300, 0.0000000000000000000 ) ) ;
#2324 = CARTESIAN_POINT ( 'NONE',  ( 15.92500000000000200, -1.249999999999973400, 1.530808498934158800E-016 ) ) ;
#2325 = LINE ( 'NONE', #1331, #1313 ) ;
#2326 = EDGE_CURVE ( 'NONE', #3772, #2773, #1659, .T. ) ;
#2327 = ORIENTED_EDGE ( 'NONE', *, *, #523, .F. ) ;
#2328 = CARTESIAN_POINT ( 'NONE',  ( 0.09123797632096097800, 0.6390624999999867700, 1.106888719211962500 ) ) ;
#2329 = ORIENTED_EDGE ( 'NONE', *, *, #4559, .T. ) ;
#2330 = CARTESIAN_POINT ( 'NONE',  ( 2.539951905283758900, -1.249999999999973400, 1.530808498934159000E-016 ) ) ;
#2331 = CARTESIAN_POINT ( 'NONE',  ( -0.01439904735811909000, -0.4826262486298919500, 0.8359331836933424600 ) ) ;
#2332 = CONICAL_SURFACE ( 'NONE', #1578, 2.249999999999998700, 1.047197551196600100 ) ;
#2333 = CARTESIAN_POINT ( 'NONE',  ( 13.67500000000000600, -1.249999999999973400, 1.530808498934158800E-016 ) ) ;
#2334 = CARTESIAN_POINT ( 'NONE',  ( 0.0000000000000000000, 0.0000000000000000000, 0.0000000000000000000 ) ) ;
#2335 = CARTESIAN_POINT ( 'NONE',  ( 15.40000000000000700, -0.6249999999999863400, 1.082531754730525300 ) ) ;
#2336 = ORIENTED_EDGE ( 'NONE', *, *, #1628, .F. ) ;
#2337 = CARTESIAN_POINT ( 'NONE',  ( 11.20000000000000500, -0.5357391237887746400, -0.9720566507512600200 ) ) ;
#2338 = CARTESIAN_POINT ( 'NONE',  ( 12.91060095264188400, 0.4826262486298926200, 0.8359331836933430200 ) ) ;
#2339 = CARTESIAN_POINT ( 'NONE',  ( 0.1340463317332720200, -0.9167552108472231100, 0.7491538440169004400 ) ) ;
#2340 = CARTESIAN_POINT ( 'NONE',  ( -0.01439904735811909000, -0.4826262486298919500, 0.8359331836933424600 ) ) ;
#2341 = CARTESIAN_POINT ( 'NONE',  ( 3.787500000000002300, -1.249999999999973400, 0.7216878364870171800 ) ) ;
#2342 = ORIENTED_EDGE ( 'NONE', *, *, #5096, .T. ) ;
#2343 = CARTESIAN_POINT ( 'NONE',  ( 12.36685095264188500, 0.9652524972597842400, 0.5572887891288949000 ) ) ;
#2344 = CARTESIAN_POINT ( 'NONE',  ( 2.528737976320961000, -1.278124999999973800, -0.7379258128079745300 ) ) ;
#2345 = EDGE_CURVE ( 'NONE', #5216, #4165, #3706, .T. ) ;
#2346 = CARTESIAN_POINT ( 'NONE',  ( 14.72500000000000300, 0.6249999999999857900, -1.082531754730525800 ) ) ;
#2347 = CARTESIAN_POINT ( 'NONE',  ( 15.92172769284587700, 0.3680687615027741800, -2.385571612819395300 ) ) ;
#2348 = CARTESIAN_POINT ( 'NONE',  ( -0.05189904735811908000, 6.824819318074054600E-017, 1.114577578257790000 ) ) ;
#2349 = ORIENTED_EDGE ( 'NONE', *, *, #1482, .F. ) ;
#2350 = CARTESIAN_POINT ( 'NONE',  ( 4.800000000000002500, -0.6249999999999872300, -1.082531754730524900 ) ) ;
#2351 = CARTESIAN_POINT ( 'NONE',  ( 0.2009618943233412400, 2.249999999999998700, 1.299038105676658700 ) ) ;
#2352 = CARTESIAN_POINT ( 'NONE',  ( 4.564951905283758800, 1.249999999999973400, 0.0000000000000000000 ) ) ;
#2353 = CARTESIAN_POINT ( 'NONE',  ( 2.539951905283758900, -1.249999999999973400, 1.530808498934159000E-016 ) ) ;
#2354 = CARTESIAN_POINT ( 'NONE',  ( 0.3750000000000027200, 0.6249999999999856800, -1.082531754730525800 ) ) ;
#2355 = VERTEX_POINT ( 'NONE', #24 ) ;
#2356 = CARTESIAN_POINT ( 'NONE',  ( 13.88560095264188400, -0.4826262486298922800, 0.8359331836933431300 ) ) ;
#2357 = CARTESIAN_POINT ( 'NONE',  ( 3.825000000000002400, -1.249999999999973400, 1.530808498934159000E-016 ) ) ;
#2358 = CARTESIAN_POINT ( 'NONE',  ( 0.6981009526418807700, 0.9652524972597841300, -0.5572887891288955700 ) ) ;
#2359 = CARTESIAN_POINT ( 'NONE',  ( 15.20245190528376100, -2.651438096812210700E-016, -1.443375672974033500 ) ) ;
#2360 = CARTESIAN_POINT ( 'NONE',  ( 1.687500000000002700, -2.651438096812210200E-016, -1.443375672974033500 ) ) ;
#2361 = CARTESIAN_POINT ( 'NONE',  ( 11.87935095264188400, 0.9652524972597843500, 0.0000000000000000000 ) ) ;
#2362 = CARTESIAN_POINT ( 'NONE',  ( 0.9162379763209610500, 1.278124999999973300, 0.0000000000000000000 ) ) ;
#2363 = CARTESIAN_POINT ( 'NONE',  ( 0.1125000000000028100, 8.838126989374036100E-017, 1.443375672974033500 ) ) ;
#2364 = DIRECTION ( 'NONE',  ( -6.018531076210110700E-033, -1.000000000000000000, 0.0000000000000000000 ) ) ;
#2365 = CC_DESIGN_APPROVAL ( #1988, ( #2979 ) ) ;
#2366 = CARTESIAN_POINT ( 'NONE',  ( 15.38995190528376300, 0.6249999999999866800, 1.082531754730525100 ) ) ;
#2367 = CARTESIAN_POINT ( 'NONE',  ( 4.279350952641880900, 0.9652524972597843500, 0.0000000000000000000 ) ) ;
#2368 = CARTESIAN_POINT ( 'NONE',  ( 4.087500000000003000, 1.249999999999973400, 0.7216878364870166200 ) ) ;
#2369 = CARTESIAN_POINT ( 'NONE',  ( 0.4500000000000027900, 1.249999999999973400, 0.0000000000000000000 ) ) ;
#2370 = CARTESIAN_POINT ( 'NONE',  ( 15.32500000000000300, 0.6249999999999867900, 1.082531754730525100 ) ) ;
#2371 = CARTESIAN_POINT ( 'NONE',  ( 0.2250000000000027800, -1.249999999999973400, 1.530808498934159000E-016 ) ) ;
#2372 = CARTESIAN_POINT ( 'NONE',  ( 13.09810095264188200, -0.9652524972597851200, -0.5572887891288950100 ) ) ;
#2373 = CARTESIAN_POINT ( 'NONE',  ( 2.914951905283758900, -0.6249999999999863400, 1.082531754730525300 ) ) ;
#2374 = DIRECTION ( 'NONE',  ( -1.000000000000000000, 6.018531076210110700E-033, -0.0000000000000000000 ) ) ;
#2375 = CARTESIAN_POINT ( 'NONE',  ( 3.150000000000002100, 1.249999999999973400, 0.0000000000000000000 ) ) ;
#2376 = CARTESIAN_POINT ( 'NONE',  ( 1.762500000000002800, 1.249999999999973100, -0.7216878364870175100 ) ) ;
#2377 = CARTESIAN_POINT ( 'NONE',  ( 14.09185095264188600, 0.9652524972597841300, -0.5572887891288955700 ) ) ;
#2378 = CARTESIAN_POINT ( 'NONE',  ( 4.816237976320961100, -0.6390624999999872100, -1.106888719211962300 ) ) ;
#2379 = CARTESIAN_POINT ( 'NONE',  ( 0.1705484658001408000, -1.141951534199916700, -0.1400399529192565800 ) ) ;
#2380 = DATE_TIME_ROLE ( 'creation_date' ) ;
#2381 = CARTESIAN_POINT ( 'NONE',  ( 3.435600952641880900, 0.9652524972597843500, 0.0000000000000000000 ) ) ;
#2382 =( BOUNDED_CURVE ( )  B_SPLINE_CURVE ( 2, ( #2520, #491, #845, #1248, #4876, #2066, #2874 ),
 .UNSPECIFIED., .F., .T. ) 
 B_SPLINE_CURVE_WITH_KNOTS ( ( 3, 2, 2, 3 ),
 ( 0.5000000000000000000, 0.5138888888888888400, 0.5277777777777777900, 0.5416666666666666300 ),
 .UNSPECIFIED. ) 
 CURVE ( )  GEOMETRIC_REPRESENTATION_ITEM ( )  RATIONAL_B_SPLINE_CURVE ( ( 1.000000000000000000, 0.8660254037844387100, 1.000000000000000000, 0.8660254037844387100, 1.000000000000000000, 0.8660254037844387100, 1.000000000000000000 ) ) 
 REPRESENTATION_ITEM ( '' )  );
#2383 =( BOUNDED_CURVE ( )  B_SPLINE_CURVE ( 2, ( #2413, #1174, #3997 ),
 .UNSPECIFIED., .F., .T. ) 
 B_SPLINE_CURVE_WITH_KNOTS ( ( 3, 3 ),
 ( 0.8888888888888888400, 0.9007469682915850700 ),
 .UNSPECIFIED. ) 
 CURVE ( )  GEOMETRIC_REPRESENTATION_ITEM ( )  RATIONAL_B_SPLINE_CURVE ( ( 1.000000000000000000, 0.8856149392094835300, 0.9665496256193759600 ) ) 
 REPRESENTATION_ITEM ( '' )  );
#2384 = EDGE_CURVE ( 'NONE', #4962, #414, #2238, .T. ) ;
#2385 = CARTESIAN_POINT ( 'NONE',  ( 12.38560095264188600, 0.9652524972597843500, 0.0000000000000000000 ) ) ;
#2386 = CARTESIAN_POINT ( 'NONE',  ( 1.448100952641880700, -0.9652524972597844600, -0.5572887891288946800 ) ) ;
#2387 = VECTOR ( 'NONE', #1298, 1000.000000000000000 ) ;
#2388 = CARTESIAN_POINT ( 'NONE',  ( 3.679350952641880800, -0.4826262486298926200, -0.8359331836933422400 ) ) ;
#2389 = DIRECTION ( 'NONE',  ( -1.000000000000000000, 6.018531076210110700E-033, -0.0000000000000000000 ) ) ;
#2390 = PERSON_AND_ORGANIZATION ( #1784, #1171 ) ;
#2391 = FACE_OUTER_BOUND ( 'NONE', #4711, .T. ) ;
#2392 = ORIENTED_EDGE ( 'NONE', *, *, #3125, .F. ) ;
#2393 = AXIS2_PLACEMENT_3D ( 'NONE', #1214, #2507, #417 ) ;
#2394 = CARTESIAN_POINT ( 'NONE',  ( 11.25373797632096500, 1.278124999999973500, 0.7379258128079748700 ) ) ;
#2395 = ORIENTED_EDGE ( 'NONE', *, *, #4127, .T. ) ;
#2396 = CARTESIAN_POINT ( 'NONE',  ( 15.16495190528376300, -0.6249999999999872300, -1.082531754730524900 ) ) ;
#2397 = CARTESIAN_POINT ( 'NONE',  ( 5.085600952641880400, -0.4826262486298926200, -0.8359331836933422400 ) ) ;
#2398 = CARTESIAN_POINT ( 'NONE',  ( 0.2810041268796464300, 0.3100422161013752800, 0.9866734097050849900 ) ) ;
#2399 = FACE_OUTER_BOUND ( 'NONE', #2589, .T. ) ;
#2400 = ORIENTED_EDGE ( 'NONE', *, *, #1396, .F. ) ;
#2401 = CARTESIAN_POINT ( 'NONE',  ( 15.44185095264188400, 0.9652524972597841300, -0.5572887891288955700 ) ) ;
#2402 = CARTESIAN_POINT ( 'NONE',  ( 3.991237976320960400, 0.6390624999999856600, -1.106888719211963200 ) ) ;
#2403 = VERTEX_POINT ( 'NONE', #3293 ) ;
#2404 = CARTESIAN_POINT ( 'NONE',  ( 11.86060095264188500, 0.4826262486298914500, -0.8359331836933428000 ) ) ;
#2405 = CARTESIAN_POINT ( 'NONE',  ( 15.91495190528376500, -0.6249999999999863400, 1.082531754730525300 ) ) ;
#2406 = ORIENTED_EDGE ( 'NONE', *, *, #39, .F. ) ;
#2407 = CARTESIAN_POINT ( 'NONE',  ( 1.485600952641880700, -0.4826262486298926200, -0.8359331836933422400 ) ) ;
#2408 = B_SPLINE_CURVE_WITH_KNOTS ( 'NONE', 3,
 ( #3437, #2897, #3516, #3500 ),
 .UNSPECIFIED., .F., .F.,
 ( 4, 4 ),
 ( 2.380746839930261000E-007, 0.001314652396222795400 ),
 .UNSPECIFIED. ) ;
#2409 = CARTESIAN_POINT ( 'NONE',  ( 3.979350952641880700, -0.4826262486298919500, 0.8359331836933424600 ) ) ;
#2410 = CARTESIAN_POINT ( 'NONE',  ( 14.01250000000000600, 8.838126989374028700E-017, 1.443375672974033500 ) ) ;
#2411 = CARTESIAN_POINT ( 'NONE',  ( 0.07827230715412586400, 1.881931238497225300, -1.511542704210575100 ) ) ;
#2412 = CARTESIAN_POINT ( 'NONE',  ( 15.49810095264188300, 0.9652524972597845700, -0.5572887891288959000 ) ) ;
#2413 = CARTESIAN_POINT ( 'NONE',  ( 11.26495190528376300, 1.249999999999973400, 0.0000000000000000000 ) ) ;
#2414 = ORIENTED_EDGE ( 'NONE', *, *, #74, .F. ) ;
#2415 = CARTESIAN_POINT ( 'NONE',  ( 12.68560095264188600, -0.4826262486298926200, -0.8359331836933422400 ) ) ;
#2416 = CARTESIAN_POINT ( 'NONE',  ( 0.0000000000000000000, 0.0000000000000000000, 0.0000000000000000000 ) ) ;
#2417 = EDGE_CURVE ( 'NONE', #3238, #2270, #1306, .T. ) ;
#2418 = CARTESIAN_POINT ( 'NONE',  ( 4.185600952641880900, -0.4826262486298926200, -0.8359331836933422400 ) ) ;
#2419 = CARTESIAN_POINT ( 'NONE',  ( 3.398100952641880400, 0.9652524972597841300, -0.5572887891288955700 ) ) ;
#2420 = ORIENTED_EDGE ( 'NONE', *, *, #5109, .T. ) ;
#2421 = CARTESIAN_POINT ( 'NONE',  ( 11.20000000000000300, -0.6466369738519295300, 0.7166400822685462500 ) ) ;
#2422 = CARTESIAN_POINT ( 'NONE',  ( 15.92553030767300000, -0.8013067064872627700, 0.9807410302801599100 ) ) ;
#2423 = CARTESIAN_POINT ( 'NONE',  ( 2.010600952641880700, 0.4826262486298914500, -0.8359331836933428000 ) ) ;
#2424 = CARTESIAN_POINT ( 'NONE',  ( 2.966850952641880900, 0.9652524972597842400, 0.5572887891288949000 ) ) ;
#2425 = AXIS2_PLACEMENT_3D ( 'NONE', #4438, #2864, #2092 ) ;
#2426 = CARTESIAN_POINT ( 'NONE',  ( 0.0000000000000000000, 0.0000000000000000000, 0.0000000000000000000 ) ) ;
#2427 = CARTESIAN_POINT ( 'NONE',  ( 2.648100952641881300, 6.824819318074054600E-017, 1.114577578257790000 ) ) ;
#2428 = CARTESIAN_POINT ( 'NONE',  ( 15.46060095264188300, 0.4826262486298917900, -0.8359331836933434600 ) ) ;
#2429 = CARTESIAN_POINT ( 'NONE',  ( 1.223100952641880600, 0.9652524972597842400, 0.5572887891288949000 ) ) ;
#2430 = CARTESIAN_POINT ( 'NONE',  ( 13.45000000000000500, 1.249999999999973400, 0.0000000000000000000 ) ) ;
#2431 = CARTESIAN_POINT ( 'NONE',  ( 11.20000000000000100, -0.8322373961761750900, 0.5491695508164461400 ) ) ;
#2432 = EDGE_CURVE ( 'NONE', #822, #124, #2004, .T. ) ;
#2433 = CARTESIAN_POINT ( 'NONE',  ( 14.39185095264188200, -0.9652524972597844600, -0.5572887891288946800 ) ) ;
#2434 = CARTESIAN_POINT ( 'NONE',  ( 0.2250000000000027800, -1.249999999999973400, 1.530808498934159000E-016 ) ) ;
#2435 = CARTESIAN_POINT ( 'NONE',  ( 11.42935095264188500, 0.9652524972597843500, 0.0000000000000000000 ) ) ;
#2436 = CARTESIAN_POINT ( 'NONE',  ( 3.135600952641880200, -0.4826262486298919500, 0.8359331836933424600 ) ) ;
#2437 = CARTESIAN_POINT ( 'NONE',  ( 13.64185095264188500, 0.9652524972597841300, -0.5572887891288955700 ) ) ;
#2438 = CARTESIAN_POINT ( 'NONE',  ( 15.93749999999990900, -9.592033902709809100E-032, 0.0000000000000000000 ) ) ;
#2439 = CARTESIAN_POINT ( 'NONE',  ( 0.5106009526418808800, -0.9652524972597843500, 1.182093381138184100E-016 ) ) ;
#2440 = CARTESIAN_POINT ( 'NONE',  ( 3.304350952641880400, 0.4826262486298914500, -0.8359331836933428000 ) ) ;
#2441 = CARTESIAN_POINT ( 'NONE',  ( 0.0000000000000000000, -2.249999999999998700, -7.511572993685794200E-016 ) ) ;
#2442 = CARTESIAN_POINT ( 'NONE',  ( 0.9981009526418808100, -0.9652524972597845700, -0.5572887891288946800 ) ) ;
#2443 = CARTESIAN_POINT ( 'NONE',  ( 15.94810095264188000, 0.9652524972597845700, -0.5572887891288959000 ) ) ;
#2444 = CARTESIAN_POINT ( 'NONE',  ( 0.0000000000000000000, 0.0000000000000000000, 0.0000000000000000000 ) ) ;
#2445 = CARTESIAN_POINT ( 'NONE',  ( 1.260600952641880700, 0.4826262486298922800, 0.8359331836933423500 ) ) ;
#2446 = CARTESIAN_POINT ( 'NONE',  ( 7.523163845262478600E-033, 1.249999999999973400, 1.530808498934159000E-016 ) ) ;
#2447 = FACE_OUTER_BOUND ( 'NONE', #566, .T. ) ;
#2448 = CARTESIAN_POINT ( 'NONE',  ( 1.864951905283758900, 1.249999999999973400, 0.0000000000000000000 ) ) ;
#2449 = CARTESIAN_POINT ( 'NONE',  ( 15.21685095264188300, -0.9652524972597841300, 0.5572887891288953500 ) ) ;
#2450 = VERTEX_POINT ( 'NONE', #4482 ) ;
#2451 = AXIS2_PLACEMENT_3D ( 'NONE', #2306, #1836, #3057 ) ;
#2452 = CARTESIAN_POINT ( 'NONE',  ( 13.97935095264188400, -0.4826262486298926200, -0.8359331836933422400 ) ) ;
#2453 = EDGE_LOOP ( 'NONE', ( #2015, #3091, #1019, #1094 ) ) ;
#2454 = CARTESIAN_POINT ( 'NONE',  ( 11.24871392896280400, 1.278124999999973500, 0.0000000000000000000 ) ) ;
#2455 = CARTESIAN_POINT ( 'NONE',  ( 1.073100952641880700, -2.047445795422216600E-016, -1.114577578257790000 ) ) ;
#2456 = CARTESIAN_POINT ( 'NONE',  ( 3.154350952641880500, -0.9652524972597843500, 1.182093381138184100E-016 ) ) ;
#2457 = LINE ( 'NONE', #3548, #1374 ) ;
#2458 = VERTEX_POINT ( 'NONE', #4074 ) ;
#2459 = CARTESIAN_POINT ( 'NONE',  ( 13.26685095264188300, 0.9652524972597842400, 0.5572887891288949000 ) ) ;
#2460 = CARTESIAN_POINT ( 'NONE',  ( 2.235600952641880700, -0.4826262486298919500, 0.8359331836933424600 ) ) ;
#2461 = EDGE_LOOP ( 'NONE', ( #764, #1136, #4596, #2134, #3576 ) ) ;
#2462 = CARTESIAN_POINT ( 'NONE',  ( 2.085600952641880800, 0.9652524972597843500, 0.0000000000000000000 ) ) ;
#2463 = CARTESIAN_POINT ( 'NONE',  ( 12.52873797632096300, 1.278124999999972900, -0.7379258128079757600 ) ) ;
#2464 = FACE_OUTER_BOUND ( 'NONE', #1167, .T. ) ;
#2465 = CARTESIAN_POINT ( 'NONE',  ( 11.95000000000000600, -0.6249999999999872300, -1.082531754730524900 ) ) ;
#2466 = EDGE_CURVE ( 'NONE', #3351, #4243, #413, .T. ) ;
#2467 = VECTOR ( 'NONE', #3888, 1000.000000000000000 ) ;
#2468 = CARTESIAN_POINT ( 'NONE',  ( 15.91074498996845100, -0.3686825588085533800, -2.385217236779675300 ) ) ;
#2469 = ORIENTED_EDGE ( 'NONE', *, *, #5208, .T. ) ;
#2470 = VERTEX_POINT ( 'NONE', #1623 ) ;
#2471 = DIRECTION ( 'NONE',  ( 0.0000000000000000000, -1.000000000000000000, 0.0000000000000000000 ) ) ;
#2472 = CARTESIAN_POINT ( 'NONE',  ( 14.61685095264188500, 0.9652524972597842400, 0.5572887891288949000 ) ) ;
#2473 = ADVANCED_FACE ( 'NONE', ( #5076 ), #1047, .T. ) ;
#2474 = DIRECTION ( 'NONE',  ( -6.018531076210111400E-033, -1.000000000000000000, 0.0000000000000000000 ) ) ;
#2475 = CARTESIAN_POINT ( 'NONE',  ( 4.748100952641880000, 0.9652524972597841300, -0.5572887891288955700 ) ) ;
#2476 = AXIS2_PLACEMENT_3D ( 'NONE', #2488, #2898, #2863 ) ;
#2477 = ORIENTED_EDGE ( 'NONE', *, *, #4141, .F. ) ;
#2478 = CARTESIAN_POINT ( 'NONE',  ( 13.67935095264188300, 0.9652524972597843500, 0.0000000000000000000 ) ) ;
#2479 = CARTESIAN_POINT ( 'NONE',  ( 11.73621392896280500, 1.278124999999973800, 0.7379258128079749800 ) ) ;
#2480 = CARTESIAN_POINT ( 'NONE',  ( 4.148100952641880400, -0.9652524972597844600, -0.5572887891288946800 ) ) ;
#2481 = CARTESIAN_POINT ( 'NONE',  ( 14.63995190528376300, -1.249999999999973400, 1.530808498934159000E-016 ) ) ;
#2482 = CARTESIAN_POINT ( 'NONE',  ( 1.935600952641880700, -0.4826262486298926200, -0.8359331836933422400 ) ) ;
#2483 =( BOUNDED_CURVE ( )  B_SPLINE_CURVE ( 2, ( #1043, #610, #4640, #2242, #2255, #2671, #3934 ),
 .UNSPECIFIED., .F., .F. ) 
 B_SPLINE_CURVE_WITH_KNOTS ( ( 3, 2, 2, 3 ),
 ( 0.2222222222222222100, 0.2361111111111110500, 0.2500000000000000000, 0.2638888888888888400 ),
 .UNSPECIFIED. ) 
 CURVE ( )  GEOMETRIC_REPRESENTATION_ITEM ( )  RATIONAL_B_SPLINE_CURVE ( ( 1.000000000000000000, 0.8660254037844387100, 1.000000000000000000, 0.8660254037844387100, 1.000000000000000000, 0.8660254037844387100, 1.000000000000000000 ) ) 
 REPRESENTATION_ITEM ( '' )  );
#2484 = CARTESIAN_POINT ( 'NONE',  ( 16.00000000000000400, 1.312500000000049700, 0.0000000000000000000 ) ) ;
#2485 = CARTESIAN_POINT ( 'NONE',  ( 2.535600952641880600, 0.9652524972597843500, 0.0000000000000000000 ) ) ;
#2486 = ORIENTED_EDGE ( 'NONE', *, *, #583, .T. ) ;
#2487 = CARTESIAN_POINT ( 'NONE',  ( 13.91623797632096200, 1.278124999999973300, 0.0000000000000000000 ) ) ;
#2488 = CARTESIAN_POINT ( 'NONE',  ( 0.0000000000000000000, 0.0000000000000000000, 0.0000000000000000000 ) ) ;
#2489 = CARTESIAN_POINT ( 'NONE',  ( 14.98750000000000600, -1.249999999999973100, 0.7216878364870171800 ) ) ;
#2490 = CARTESIAN_POINT ( 'NONE',  ( 1.954350952641880700, 0.4826262486298914500, -0.8359331836933428000 ) ) ;
#2491 = CARTESIAN_POINT ( 'NONE',  ( 13.36060095264188500, 0.4826262486298922800, 0.8359331836933423500 ) ) ;
#2492 = ORIENTED_EDGE ( 'NONE', *, *, #2466, .T. ) ;
#2493 = EDGE_CURVE ( 'NONE', #3803, #1428, #2275, .T. ) ;
#2494 = CARTESIAN_POINT ( 'NONE',  ( -7.523163845262478600E-033, -1.249999999999973400, 0.0000000000000000000 ) ) ;
#2495 = CARTESIAN_POINT ( 'NONE',  ( 14.38750000000000500, 1.249999999999973400, 0.7216878364870166200 ) ) ;
#2496 = CARTESIAN_POINT ( 'NONE',  ( 3.060600952641880500, 0.4826262486298922800, 0.8359331836933423500 ) ) ;
#2497 = CARTESIAN_POINT ( 'NONE',  ( 3.016237976320960400, -0.6390624999999872100, -1.106888719211962300 ) ) ;
#2498 = CARTESIAN_POINT ( 'NONE',  ( 15.81685095264188200, -2.047445795422217400E-016, -1.114577578257790000 ) ) ;
#2499 = CARTESIAN_POINT ( 'NONE',  ( 10.87371392896280400, 0.6390624999999868800, 1.106888719211962700 ) ) ;
#2500 = CARTESIAN_POINT ( 'NONE',  ( 2.948100952641880700, 0.9652524972597841300, -0.5572887891288955700 ) ) ;
#2501 = AXIS2_PLACEMENT_3D ( 'NONE', #2302, #3492, #1090 ) ;
#2502 = DIRECTION ( 'NONE',  ( 1.000000000000000000, 0.0000000000000000000, 0.0000000000000000000 ) ) ;
#2503 = CARTESIAN_POINT ( 'NONE',  ( 2.385600952641880700, -0.4826262486298926200, -0.8359331836933422400 ) ) ;
#2504 = ADVANCED_FACE ( 'NONE', ( #2391 ), #614, .F. ) ;
#2505 = CARTESIAN_POINT ( 'NONE',  ( 0.3472475027402641100, -0.06945377945402457500, 0.9627505159623658300 ) ) ;
#2506 = CARTESIAN_POINT ( 'NONE',  ( 14.16250000000000700, -1.249999999999973600, -0.7216878364870164000 ) ) ;
#2507 = DIRECTION ( 'NONE',  ( -1.000000000000000000, 6.018531076210110700E-033, -0.0000000000000000000 ) ) ;
#2508 = CARTESIAN_POINT ( 'NONE',  ( 1.429350952641880800, -0.4826262486298926200, -0.8359331836933422400 ) ) ;
#2509 = CARTESIAN_POINT ( 'NONE',  ( 14.97310095264188800, -2.047445795422217100E-016, -1.114577578257790000 ) ) ;
#2510 = CARTESIAN_POINT ( 'NONE',  ( -1.014065103375071800E-015, 0.7416645267673314100, 2.169875997175799000 ) ) ;
#2511 = CARTESIAN_POINT ( 'NONE',  ( 12.62935095264188400, -0.4826262486298926200, -0.8359331836933422400 ) ) ;
#2512 = CARTESIAN_POINT ( 'NONE',  ( 3.091237976320960500, 0.6390624999999856600, -1.106888719211963200 ) ) ;
#2513 = CARTESIAN_POINT ( 'NONE',  ( 15.92935095264188300, 0.9652524972597843500, 0.0000000000000000000 ) ) ;
#2514 = DIRECTION ( 'NONE',  ( 0.0000000000000000000, -1.000000000000000000, 0.0000000000000000000 ) ) ;
#2515 = CARTESIAN_POINT ( 'NONE',  ( 3.660600952641880600, -0.9652524972597843500, 1.182093381138184100E-016 ) ) ;
#2516 = CARTESIAN_POINT ( 'NONE',  ( 4.429350952641880400, -0.4826262486298919500, 0.8359331836933424600 ) ) ;
#2517 = CARTESIAN_POINT ( 'NONE',  ( 3.173100952641880700, -0.9652524972597841300, 0.5572887891288953500 ) ) ;
#2518 = CYLINDRICAL_SURFACE ( 'NONE', #2545, 1.249999999999973400 ) ;
#2519 = ORIENTED_EDGE ( 'NONE', *, *, #4698, .T. ) ;
#2520 = CARTESIAN_POINT ( 'NONE',  ( 2.700000000000002400, 1.249999999999973400, 0.0000000000000000000 ) ) ;
#2521 = CARTESIAN_POINT ( 'NONE',  ( 14.41495190528376100, 1.249999999999973400, 0.0000000000000000000 ) ) ;
#2522 = DIRECTION ( 'NONE',  ( -1.000000000000000000, 6.018531076210110700E-033, -0.0000000000000000000 ) ) ;
#2523 = EDGE_CURVE ( 'NONE', #5209, #962, #4522, .T. ) ;
#2524 = CARTESIAN_POINT ( 'NONE',  ( 1.766850952641881000, -0.9652524972597841300, 0.5572887891288953500 ) ) ;
#2525 = FACE_OUTER_BOUND ( 'NONE', #4903, .T. ) ;
#2526 = ORIENTED_EDGE ( 'NONE', *, *, #2052, .T. ) ;
#2527 = CARTESIAN_POINT ( 'NONE',  ( 14.11060095264188500, 0.4826262486298914500, -0.8359331836933428000 ) ) ;
#2528 = ADVANCED_FACE ( 'NONE', ( #2525 ), #3885, .F. ) ;
#2529 = DIRECTION ( 'NONE',  ( 0.0000000000000000000, 0.0000000000000000000, -1.000000000000000000 ) ) ;
#2530 = ORIENTED_EDGE ( 'NONE', *, *, #792, .T. ) ;
#2531 = CARTESIAN_POINT ( 'NONE',  ( 12.21685095264188300, -2.047445795422217100E-016, -1.114577578257790000 ) ) ;
#2532 = CARTESIAN_POINT ( 'NONE',  ( 2.941237976320960600, -1.278124999999973300, 1.565251690160178100E-016 ) ) ;
#2533 = CARTESIAN_POINT ( 'NONE',  ( 1.350000000000002800, 1.249999999999973400, 0.0000000000000000000 ) ) ;
#2534 = CIRCLE ( 'NONE', #1409, 2.249999999999998200 ) ;
#2535 = ORIENTED_EDGE ( 'NONE', *, *, #2547, .T. ) ;
#2536 = AXIS2_PLACEMENT_3D ( 'NONE', #1949, #2766, #339 ) ;
#2537 = CARTESIAN_POINT ( 'NONE',  ( 12.79810095264188500, 0.9652524972597841300, -0.5572887891288955700 ) ) ;
#2538 = CARTESIAN_POINT ( 'NONE',  ( 1.639951905283759000, -1.249999999999973400, 1.530808498934159000E-016 ) ) ;
#2539 = ORIENTED_EDGE ( 'NONE', *, *, #515, .F. ) ;
#2540 = CARTESIAN_POINT ( 'NONE',  ( 2.861213928962801100, 9.036984846634956000E-017, 1.475851625615950200 ) ) ;
#2541 = CARTESIAN_POINT ( 'NONE',  ( 4.129350952641880600, -0.4826262486298926200, -0.8359331836933422400 ) ) ;
#2542 = CARTESIAN_POINT ( 'NONE',  ( 3.023100952641880800, 0.9652524972597843500, 0.5572887891288949000 ) ) ;
#2543 = FACE_OUTER_BOUND ( 'NONE', #4779, .T. ) ;
#2544 = ORIENTED_EDGE ( 'NONE', *, *, #1020, .T. ) ;
#2545 = AXIS2_PLACEMENT_3D ( 'NONE', #1052, #5115, #333 ) ;
#2546 = CARTESIAN_POINT ( 'NONE',  ( 3.487500000000001600, -2.651438096812210200E-016, -1.443375672974033500 ) ) ;
#2547 = EDGE_CURVE ( 'NONE', #3224, #941, #1417, .T. ) ;
#2548 = CARTESIAN_POINT ( 'NONE',  ( 1.991850952641880800, 0.9652524972597840100, -0.5572887891288955700 ) ) ;
#2549 = CARTESIAN_POINT ( 'NONE',  ( 13.54810095264188500, -0.9652524972597845700, -0.5572887891288946800 ) ) ;
#2550 = CARTESIAN_POINT ( 'NONE',  ( 11.01685095264188200, 0.9652524972597842400, 0.5572887891288949000 ) ) ;
#2551 = CARTESIAN_POINT ( 'NONE',  ( 12.55435095264188500, -0.9652524972597843500, 1.182093381138184100E-016 ) ) ;
#2552 = PRODUCT_RELATED_PRODUCT_CATEGORY ( 'detail', '', ( #489 ) ) ;
#2553 = CARTESIAN_POINT ( 'NONE',  ( 0.3862139289628007700, -2.711095453990486600E-016, -1.475851625615950200 ) ) ;
#2554 = CARTESIAN_POINT ( 'NONE',  ( 12.35245190528376300, -1.249999999999973100, 0.7216878364870171800 ) ) ;
#2555 = ORIENTED_EDGE ( 'NONE', *, *, #583, .F. ) ;
#2556 = CARTESIAN_POINT ( 'NONE',  ( 12.57310095264188600, -0.9652524972597841300, 0.5572887891288953500 ) ) ;
#2557 = CARTESIAN_POINT ( 'NONE',  ( 13.72371392896280400, -1.278124999999973500, 1.565251690160178300E-016 ) ) ;
#2558 = CARTESIAN_POINT ( 'NONE',  ( 4.173713928962800200, 0.6390624999999868800, 1.106888719211962700 ) ) ;
#2559 = CARTESIAN_POINT ( 'NONE',  ( 13.32745190528376600, -1.249999999999973400, -0.7216878364870162900 ) ) ;
#2560 =( BOUNDED_SURFACE ( )  B_SPLINE_SURFACE ( 1, 2, ( 
 ( #2271, #1857, #3412, #2679, #2665, #5069, #3849, #1807, #2289, #3064, #4620, #622, #3078, #5045, #3477, #3427, #4686, #636, #1461, #5025, #602, #190, #2219, #2632, #204, #3032, #1036, #3009, #588, #1429, #2250, #4634, #1056, #3440, #3868, #3878, #1009, #2236, #1024, #4252, #4673, #4652, #1448, #252, #733, #5100, #1475, #2716, #2748, #3490, #2338, #1922, #1512, #2695, #318, #2372, #4772, #4336, #4304, #1543, #4703, #4356, #335, #3927, #270, #1944, #2732, #5116, #4756, #1077, #1896, #4373, #1493, #2760, #2300, #1963, #2356, #3897, #281, #3118, #3551, #298, #4741, #3912, #3519, #3152, #3133, #1121, #1530, #714, #688, #5154, #3103, #3503, #3174, #1088, #1104, #4318, #1906, #1137, #4724, #2316, #3941, #702, #5129, #3535, #3966, #666, #752, #4051, #1599, #4424, #5168, #4820, #401, #3193, #4805, #1227, #2428, #2412, #1173, #3982, #4451, #4791, #2826, #2047, #2033, #1638, #4842, #4036, #3569, #2443, #3, #20, #3615, #1156, #4865, #3239, #1568, #5202, #2846 ),
 ( #2783, #2394, #373, #352, #4387, #1978, #5183, #2797, #809, #3204, #771, #1195, #2017, #1585, #831, #3222, #3627, #415, #3594, #3996, #3252, #4410, #1616, #2809, #1211, #4435, #3647, #1993, #389, #785, #4014, #3267, #2175, #1770, #1355, #2463, #2595, #2214, #4616, #4179, #4068, #1397, #4476, #4196, #184, #3779, #34, #1788, #2579, #4968, #4599, #846, #1655, #4215, #1341, #2611, #2067, #1803, #2191, #3667, #1250, #4877, #584, #152, #4578, #3759, #3368, #165, #2973, #972, #1377, #2990, #2487, #5004, #2862, #134, #3005, #2950, #958, #4163, #531, #3406, #1748, #3352, #3799, #940, #4560, #2160, #4987, #546, #569, #438, #3384, #985, #3814, #4667, #248, #3025, #4646, #1073, #2264, #1840, #1021, #4300, #4631, #2676, #1891, #1867, #3890, #4682, #3875, #600, #2285, #5067, #5079, #3456, #1005, #4699, #3073, #3827, #5056, #2691, #2245, #3098, #3043, #1473, #648, #5018, #2233, #216, #2627, #3425, #1411, #4234, #1821, #3473, #199, #5039, #1032, #1854, #1424 ) ),
 .UNSPECIFIED., .F., .F., .T. ) 
 B_SPLINE_SURFACE_WITH_KNOTS ( ( 2, 2 ),
 ( 3, 2, 2, 2, 2, 2, 2, 2, 2, 2, 2, 2, 2, 2, 2, 2, 2, 2, 2, 2, 2, 2, 2, 2, 2, 2, 2, 2, 2, 2, 2, 2, 2, 2, 2, 2, 2, 2, 2, 2, 2, 2, 2, 2, 2, 2, 2, 2, 2, 2, 2, 2, 2, 2, 2, 2, 2, 2, 2, 2, 2, 2, 2, 2, 2, 2, 2, 2, 2, 2, 3 ),
 ( 0.0000000000000000000, 1.000000000000000000 ),
 ( 0.0000000000000000000, 0.01388888888888888800, 0.02777777777777777600, 0.04166666666666666400, 0.05555555555555555200, 0.06944444444444444800, 0.08333333333333332900, 0.09722222222222222400, 0.1111111111111111000, 0.1250000000000000000, 0.1388888888888889000, 0.1527777777777777900, 0.1666666666666666600, 0.1805555555555555500, 0.1944444444444444500, 0.2083333333333333400, 0.2222222222222222100, 0.2361111111111111000, 0.2500000000000000000, 0.2638888888888889000, 0.2777777777777777900, 0.2916666666666666900, 0.3055555555555555800, 0.3194444444444444200, 0.3333333333333333100, 0.3472222222222222100, 0.3611111111111111000, 0.3750000000000000000, 0.3888888888888889000, 0.4027777777777777900, 0.4166666666666666900, 0.4305555555555555800, 0.4444444444444444200, 0.4583333333333333100, 0.4722222222222222100, 0.4861111111111111000, 0.5000000000000000000, 0.5138888888888888400, 0.5277777777777777900, 0.5416666666666666300, 0.5555555555555555800, 0.5694444444444444200, 0.5833333333333333700, 0.5972222222222222100, 0.6111111111111111600, 0.6250000000000000000, 0.6388888888888888400, 0.6527777777777777900, 0.6666666666666666300, 0.6805555555555555800, 0.6944444444444444200, 0.7083333333333333700, 0.7222222222222222100, 0.7361111111111111600, 0.7500000000000000000, 0.7638888888888888400, 0.7777777777777777900, 0.7916666666666666300, 0.8055555555555555800, 0.8194444444444444200, 0.8333333333333333700, 0.8472222222222222100, 0.8611111111111111600, 0.8750000000000000000, 0.8888888888888888400, 0.9027777777777777900, 0.9166666666666666300, 0.9305555555555555800, 0.9444444444444444200, 0.9583333333333333700, 0.9722222222222222100 ),
 .UNSPECIFIED. ) 
 GEOMETRIC_REPRESENTATION_ITEM ( )  RATIONAL_B_SPLINE_SURFACE ( (
 ( 1.000000000000000000, 0.8660254037844387100, 1.000000000000000000, 0.8660254037844387100, 1.000000000000000000, 0.8660254037844387100, 1.000000000000000000, 0.8660254037844387100, 1.000000000000000000, 0.8660254037844387100, 1.000000000000000000, 0.8660254037844387100, 1.000000000000000000, 0.8660254037844387100, 1.000000000000000000, 0.8660254037844387100, 1.000000000000000000, 0.8660254037844387100, 1.000000000000000000, 0.8660254037844387100, 1.000000000000000000, 0.8660254037844387100, 1.000000000000000000, 0.8660254037844387100, 1.000000000000000000, 0.8660254037844387100, 1.000000000000000000, 0.8660254037844387100, 1.000000000000000000, 0.8660254037844387100, 1.000000000000000000, 0.8660254037844387100, 1.000000000000000000, 0.8660254037844387100, 1.000000000000000000, 0.8660254037844387100, 1.000000000000000000, 0.8660254037844387100, 1.000000000000000000, 0.8660254037844387100, 1.000000000000000000, 0.8660254037844387100, 1.000000000000000000, 0.8660254037844387100, 1.000000000000000000, 0.8660254037844387100, 1.000000000000000000, 0.8660254037844387100, 1.000000000000000000, 0.8660254037844387100, 1.000000000000000000, 0.8660254037844387100, 1.000000000000000000, 0.8660254037844387100, 1.000000000000000000, 0.8660254037844387100, 1.000000000000000000, 0.8660254037844387100, 1.000000000000000000, 0.8660254037844387100, 1.000000000000000000, 0.8660254037844387100, 1.000000000000000000, 0.8660254037844387100, 1.000000000000000000, 0.8660254037844387100, 1.000000000000000000, 0.8660254037844387100, 1.000000000000000000, 0.8660254037844387100, 1.000000000000000000, 0.8660254037844387100, 1.000000000000000000, 0.8660254037844387100, 1.000000000000000000, 0.8660254037844387100, 1.000000000000000000, 0.8660254037844387100, 1.000000000000000000, 0.8660254037844387100, 1.000000000000000000, 0.8660254037844387100, 1.000000000000000000, 0.8660254037844387100, 1.000000000000000000, 0.8660254037844387100, 1.000000000000000000, 0.8660254037844387100, 1.000000000000000000, 0.8660254037844387100, 1.000000000000000000, 0.8660254037844387100, 1.000000000000000000, 0.8660254037844387100, 1.000000000000000000, 0.8660254037844387100, 1.000000000000000000, 0.8660254037844387100, 1.000000000000000000, 0.8660254037844387100, 1.000000000000000000, 0.8660254037844387100, 1.000000000000000000, 0.8660254037844387100, 1.000000000000000000, 0.8660254037844387100, 1.000000000000000000, 0.8660254037844387100, 1.000000000000000000, 0.8660254037844387100, 1.000000000000000000, 0.8660254037844387100, 1.000000000000000000, 0.8660254037844387100, 1.000000000000000000, 0.8660254037844387100, 1.000000000000000000, 0.8660254037844387100, 1.000000000000000000, 0.8660254037844387100, 1.000000000000000000, 0.8660254037844387100, 1.000000000000000000, 0.8660254037844387100, 1.000000000000000000, 0.8660254037844387100, 1.000000000000000000, 0.8660254037844387100, 1.000000000000000000, 0.8660254037844387100, 1.000000000000000000, 0.8660254037844387100, 1.000000000000000000, 0.8660254037844387100, 1.000000000000000000, 0.8660254037844387100, 1.000000000000000000, 0.8660254037844387100, 1.000000000000000000, 0.8660254037844387100, 1.000000000000000000),
 ( 1.000000000000000000, 0.8660254037844387100, 1.000000000000000000, 0.8660254037844387100, 1.000000000000000000, 0.8660254037844387100, 1.000000000000000000, 0.8660254037844387100, 1.000000000000000000, 0.8660254037844387100, 1.000000000000000000, 0.8660254037844387100, 1.000000000000000000, 0.8660254037844387100, 1.000000000000000000, 0.8660254037844387100, 1.000000000000000000, 0.8660254037844387100, 1.000000000000000000, 0.8660254037844387100, 1.000000000000000000, 0.8660254037844387100, 1.000000000000000000, 0.8660254037844387100, 1.000000000000000000, 0.8660254037844387100, 1.000000000000000000, 0.8660254037844387100, 1.000000000000000000, 0.8660254037844387100, 1.000000000000000000, 0.8660254037844387100, 1.000000000000000000, 0.8660254037844387100, 1.000000000000000000, 0.8660254037844387100, 1.000000000000000000, 0.8660254037844387100, 1.000000000000000000, 0.8660254037844387100, 1.000000000000000000, 0.8660254037844387100, 1.000000000000000000, 0.8660254037844387100, 1.000000000000000000, 0.8660254037844387100, 1.000000000000000000, 0.8660254037844387100, 1.000000000000000000, 0.8660254037844387100, 1.000000000000000000, 0.8660254037844387100, 1.000000000000000000, 0.8660254037844387100, 1.000000000000000000, 0.8660254037844387100, 1.000000000000000000, 0.8660254037844387100, 1.000000000000000000, 0.8660254037844387100, 1.000000000000000000, 0.8660254037844387100, 1.000000000000000000, 0.8660254037844387100, 1.000000000000000000, 0.8660254037844387100, 1.000000000000000000, 0.8660254037844387100, 1.000000000000000000, 0.8660254037844387100, 1.000000000000000000, 0.8660254037844387100, 1.000000000000000000, 0.8660254037844387100, 1.000000000000000000, 0.8660254037844387100, 1.000000000000000000, 0.8660254037844387100, 1.000000000000000000, 0.8660254037844387100, 1.000000000000000000, 0.8660254037844387100, 1.000000000000000000, 0.8660254037844387100, 1.000000000000000000, 0.8660254037844387100, 1.000000000000000000, 0.8660254037844387100, 1.000000000000000000, 0.8660254037844387100, 1.000000000000000000, 0.8660254037844387100, 1.000000000000000000, 0.8660254037844387100, 1.000000000000000000, 0.8660254037844387100, 1.000000000000000000, 0.8660254037844387100, 1.000000000000000000, 0.8660254037844387100, 1.000000000000000000, 0.8660254037844387100, 1.000000000000000000, 0.8660254037844387100, 1.000000000000000000, 0.8660254037844387100, 1.000000000000000000, 0.8660254037844387100, 1.000000000000000000, 0.8660254037844387100, 1.000000000000000000, 0.8660254037844387100, 1.000000000000000000, 0.8660254037844387100, 1.000000000000000000, 0.8660254037844387100, 1.000000000000000000, 0.8660254037844387100, 1.000000000000000000, 0.8660254037844387100, 1.000000000000000000, 0.8660254037844387100, 1.000000000000000000, 0.8660254037844387100, 1.000000000000000000, 0.8660254037844387100, 1.000000000000000000, 0.8660254037844387100, 1.000000000000000000, 0.8660254037844387100, 1.000000000000000000, 0.8660254037844387100, 1.000000000000000000, 0.8660254037844387100, 1.000000000000000000, 0.8660254037844387100, 1.000000000000000000, 0.8660254037844387100, 1.000000000000000000, 0.8660254037844387100, 1.000000000000000000) ) ) 
 REPRESENTATION_ITEM ( '' )  SURFACE ( )  );
#2561 = CARTESIAN_POINT ( 'NONE',  ( 4.448100952641880200, 6.824819318074054600E-017, 1.114577578257790000 ) ) ;
#2562 = EDGE_LOOP ( 'NONE', ( #3945, #70, #369, #2555 ) ) ;
#2563 = ADVANCED_FACE ( 'NONE', ( #1431 ), #1592, .T. ) ;
#2564 =( BOUNDED_SURFACE ( )  B_SPLINE_SURFACE ( 1, 2, ( 
 ( #513, #2121, #1302, #4162, #2971, #4576, #3744, #956, #904, #4140, #545, #3776, #4178, #5002, #2190, #2174, #1726, #4986, #2989, #567, #4598, #2609, #181, #3726, #1395, #1819, #2231, #4644, #2659, #3825, #3874, #4666, #4233, #5038, #2244, #3404, #2674, #1031, #4283, #581, #5077, #3435, #1444, #3042, #214, #4628, #1866, #1018, #2283, #3843, #3471, #2690, #2639, #1423, #615, #4247, #2262, #1048, #4681, #5015, #984, #2626, #1838, #5054, #246, #226, #598, #3059, #198, #3022, #3860, #3423, #1853, #3813, #631, #3072, #3453, #4259, #646, #5065, #1456, #263, #4212, #1802, #1004, #4614, #2212, #1410, #1538, #3528, #4368, #4733, #4313, #3169, #4696, #1130, #2309, #4764, #5123, #3937, #1471, #312, #1096, #3512, #4718, #1116, #4351, #1887, #2728, #724, #2707, #1934, #1959, #1902, #3545, #2743, #2774, #4298, #3093, #2295, #2367, #5098, #5163, #3143, #289, #1523, #3957, #681, #277, #3112, #1071, #5111, #3127, #4750, #3498, #709, #660, #1085, #696, #3922, #1507 ),
 ( #3907, #4327, #1915, #2348, #2331, #5146, #3886, #2756, #329, #3486, #1485, #3589, #3639, #4430, #3990, #1990, #4418, #3188, #2439, #802, #4047, #345, #4857, #3214, #1205, #2807, #5194, #4403, #1632, #780, #2041, #3610, #3248, #2455, #1580, #1189, #4802, #4006, #2028, #826, #4444, #4787, #745, #2386, #2407, #383, #15, #1594, #365, #2009, #5179, #2792, #3623, #3201, #1609, #3561, #4815, #2841, #2423, #5217, #409, #2819, #398, #3232, #4030, #1222, #766, #4834, #3976, #29, #1148, #1559, #4383, #1975, #1166, #1684, #1241, #2100, #451, #86, #4891, #465, #840, #2500, #1263, #4081, #2871, #2887, #3298, #3660, #3282, #4506, #1649, #879, #2911, #857, #4913, #65, #483, #4060, #2856, #4468, #2515, #2060, #430, #3694, #1668, #1281, #3261, #4488, #3681, #2086, #46, #4103, #4873, #2480, #2418, #1645, #4003, #1605, #405, #2836, #10, #461, #2881, #4043, #2814, #424, #3227, #4854, #3245, #2475, #1625, #3257, #4811, #820, #3632, #2852, #836, #2025, #2079 ) ),
 .UNSPECIFIED., .F., .F., .T. ) 
 B_SPLINE_SURFACE_WITH_KNOTS ( ( 2, 2 ),
 ( 3, 2, 2, 2, 2, 2, 2, 2, 2, 2, 2, 2, 2, 2, 2, 2, 2, 2, 2, 2, 2, 2, 2, 2, 2, 2, 2, 2, 2, 2, 2, 2, 2, 2, 2, 2, 2, 2, 2, 2, 2, 2, 2, 2, 2, 2, 2, 2, 2, 2, 2, 2, 2, 2, 2, 2, 2, 2, 2, 2, 2, 2, 2, 2, 2, 2, 2, 2, 2, 2, 3 ),
 ( 0.0000000000000000000, 1.000000000000000000 ),
 ( 0.0000000000000000000, 0.01388888888888888800, 0.02777777777777777600, 0.04166666666666666400, 0.05555555555555555200, 0.06944444444444444800, 0.08333333333333332900, 0.09722222222222222400, 0.1111111111111111000, 0.1250000000000000000, 0.1388888888888889000, 0.1527777777777777900, 0.1666666666666666600, 0.1805555555555555500, 0.1944444444444444500, 0.2083333333333333400, 0.2222222222222222100, 0.2361111111111111000, 0.2500000000000000000, 0.2638888888888889000, 0.2777777777777777900, 0.2916666666666666900, 0.3055555555555555800, 0.3194444444444444200, 0.3333333333333333100, 0.3472222222222222100, 0.3611111111111111000, 0.3750000000000000000, 0.3888888888888889000, 0.4027777777777777900, 0.4166666666666666900, 0.4305555555555555800, 0.4444444444444444200, 0.4583333333333333100, 0.4722222222222222100, 0.4861111111111111000, 0.5000000000000000000, 0.5138888888888888400, 0.5277777777777777900, 0.5416666666666666300, 0.5555555555555555800, 0.5694444444444444200, 0.5833333333333333700, 0.5972222222222222100, 0.6111111111111111600, 0.6250000000000000000, 0.6388888888888888400, 0.6527777777777777900, 0.6666666666666666300, 0.6805555555555555800, 0.6944444444444444200, 0.7083333333333333700, 0.7222222222222222100, 0.7361111111111111600, 0.7500000000000000000, 0.7638888888888888400, 0.7777777777777777900, 0.7916666666666666300, 0.8055555555555555800, 0.8194444444444444200, 0.8333333333333333700, 0.8472222222222222100, 0.8611111111111111600, 0.8750000000000000000, 0.8888888888888888400, 0.9027777777777777900, 0.9166666666666666300, 0.9305555555555555800, 0.9444444444444444200, 0.9583333333333333700, 0.9722222222222222100 ),
 .UNSPECIFIED. ) 
 GEOMETRIC_REPRESENTATION_ITEM ( )  RATIONAL_B_SPLINE_SURFACE ( (
 ( 1.000000000000000000, 0.8660254037844387100, 1.000000000000000000, 0.8660254037844387100, 1.000000000000000000, 0.8660254037844387100, 1.000000000000000000, 0.8660254037844387100, 1.000000000000000000, 0.8660254037844387100, 1.000000000000000000, 0.8660254037844387100, 1.000000000000000000, 0.8660254037844387100, 1.000000000000000000, 0.8660254037844387100, 1.000000000000000000, 0.8660254037844387100, 1.000000000000000000, 0.8660254037844387100, 1.000000000000000000, 0.8660254037844387100, 1.000000000000000000, 0.8660254037844387100, 1.000000000000000000, 0.8660254037844387100, 1.000000000000000000, 0.8660254037844387100, 1.000000000000000000, 0.8660254037844387100, 1.000000000000000000, 0.8660254037844387100, 1.000000000000000000, 0.8660254037844387100, 1.000000000000000000, 0.8660254037844387100, 1.000000000000000000, 0.8660254037844387100, 1.000000000000000000, 0.8660254037844387100, 1.000000000000000000, 0.8660254037844387100, 1.000000000000000000, 0.8660254037844387100, 1.000000000000000000, 0.8660254037844387100, 1.000000000000000000, 0.8660254037844387100, 1.000000000000000000, 0.8660254037844387100, 1.000000000000000000, 0.8660254037844387100, 1.000000000000000000, 0.8660254037844387100, 1.000000000000000000, 0.8660254037844387100, 1.000000000000000000, 0.8660254037844387100, 1.000000000000000000, 0.8660254037844387100, 1.000000000000000000, 0.8660254037844387100, 1.000000000000000000, 0.8660254037844387100, 1.000000000000000000, 0.8660254037844387100, 1.000000000000000000, 0.8660254037844387100, 1.000000000000000000, 0.8660254037844387100, 1.000000000000000000, 0.8660254037844387100, 1.000000000000000000, 0.8660254037844387100, 1.000000000000000000, 0.8660254037844387100, 1.000000000000000000, 0.8660254037844387100, 1.000000000000000000, 0.8660254037844387100, 1.000000000000000000, 0.8660254037844387100, 1.000000000000000000, 0.8660254037844387100, 1.000000000000000000, 0.8660254037844387100, 1.000000000000000000, 0.8660254037844387100, 1.000000000000000000, 0.8660254037844387100, 1.000000000000000000, 0.8660254037844387100, 1.000000000000000000, 0.8660254037844387100, 1.000000000000000000, 0.8660254037844387100, 1.000000000000000000, 0.8660254037844387100, 1.000000000000000000, 0.8660254037844387100, 1.000000000000000000, 0.8660254037844387100, 1.000000000000000000, 0.8660254037844387100, 1.000000000000000000, 0.8660254037844387100, 1.000000000000000000, 0.8660254037844387100, 1.000000000000000000, 0.8660254037844387100, 1.000000000000000000, 0.8660254037844387100, 1.000000000000000000, 0.8660254037844387100, 1.000000000000000000, 0.8660254037844387100, 1.000000000000000000, 0.8660254037844387100, 1.000000000000000000, 0.8660254037844387100, 1.000000000000000000, 0.8660254037844387100, 1.000000000000000000, 0.8660254037844387100, 1.000000000000000000, 0.8660254037844387100, 1.000000000000000000, 0.8660254037844387100, 1.000000000000000000, 0.8660254037844387100, 1.000000000000000000, 0.8660254037844387100, 1.000000000000000000, 0.8660254037844387100, 1.000000000000000000, 0.8660254037844387100, 1.000000000000000000, 0.8660254037844387100, 1.000000000000000000, 0.8660254037844387100, 1.000000000000000000),
 ( 1.000000000000000000, 0.8660254037844387100, 1.000000000000000000, 0.8660254037844387100, 1.000000000000000000, 0.8660254037844387100, 1.000000000000000000, 0.8660254037844387100, 1.000000000000000000, 0.8660254037844387100, 1.000000000000000000, 0.8660254037844387100, 1.000000000000000000, 0.8660254037844387100, 1.000000000000000000, 0.8660254037844387100, 1.000000000000000000, 0.8660254037844387100, 1.000000000000000000, 0.8660254037844387100, 1.000000000000000000, 0.8660254037844387100, 1.000000000000000000, 0.8660254037844387100, 1.000000000000000000, 0.8660254037844387100, 1.000000000000000000, 0.8660254037844387100, 1.000000000000000000, 0.8660254037844387100, 1.000000000000000000, 0.8660254037844387100, 1.000000000000000000, 0.8660254037844387100, 1.000000000000000000, 0.8660254037844387100, 1.000000000000000000, 0.8660254037844387100, 1.000000000000000000, 0.8660254037844387100, 1.000000000000000000, 0.8660254037844387100, 1.000000000000000000, 0.8660254037844387100, 1.000000000000000000, 0.8660254037844387100, 1.000000000000000000, 0.8660254037844387100, 1.000000000000000000, 0.8660254037844387100, 1.000000000000000000, 0.8660254037844387100, 1.000000000000000000, 0.8660254037844387100, 1.000000000000000000, 0.8660254037844387100, 1.000000000000000000, 0.8660254037844387100, 1.000000000000000000, 0.8660254037844387100, 1.000000000000000000, 0.8660254037844387100, 1.000000000000000000, 0.8660254037844387100, 1.000000000000000000, 0.8660254037844387100, 1.000000000000000000, 0.8660254037844387100, 1.000000000000000000, 0.8660254037844387100, 1.000000000000000000, 0.8660254037844387100, 1.000000000000000000, 0.8660254037844387100, 1.000000000000000000, 0.8660254037844387100, 1.000000000000000000, 0.8660254037844387100, 1.000000000000000000, 0.8660254037844387100, 1.000000000000000000, 0.8660254037844387100, 1.000000000000000000, 0.8660254037844387100, 1.000000000000000000, 0.8660254037844387100, 1.000000000000000000, 0.8660254037844387100, 1.000000000000000000, 0.8660254037844387100, 1.000000000000000000, 0.8660254037844387100, 1.000000000000000000, 0.8660254037844387100, 1.000000000000000000, 0.8660254037844387100, 1.000000000000000000, 0.8660254037844387100, 1.000000000000000000, 0.8660254037844387100, 1.000000000000000000, 0.8660254037844387100, 1.000000000000000000, 0.8660254037844387100, 1.000000000000000000, 0.8660254037844387100, 1.000000000000000000, 0.8660254037844387100, 1.000000000000000000, 0.8660254037844387100, 1.000000000000000000, 0.8660254037844387100, 1.000000000000000000, 0.8660254037844387100, 1.000000000000000000, 0.8660254037844387100, 1.000000000000000000, 0.8660254037844387100, 1.000000000000000000, 0.8660254037844387100, 1.000000000000000000, 0.8660254037844387100, 1.000000000000000000, 0.8660254037844387100, 1.000000000000000000, 0.8660254037844387100, 1.000000000000000000, 0.8660254037844387100, 1.000000000000000000, 0.8660254037844387100, 1.000000000000000000, 0.8660254037844387100, 1.000000000000000000, 0.8660254037844387100, 1.000000000000000000, 0.8660254037844387100, 1.000000000000000000, 0.8660254037844387100, 1.000000000000000000, 0.8660254037844387100, 1.000000000000000000) ) ) 
 REPRESENTATION_ITEM ( '' )  SURFACE ( )  );
#2565 = CARTESIAN_POINT ( 'NONE',  ( 3.491850952641880800, 6.824819318074054600E-017, 1.114577578257790000 ) ) ;
#2566 = CARTESIAN_POINT ( 'NONE',  ( 12.91060095264188600, 0.4826262486298922800, 0.8359331836933423500 ) ) ;
#2567 = EDGE_CURVE ( 'NONE', #1080, #2970, #2649, .T. ) ;
#2568 = CARTESIAN_POINT ( 'NONE',  ( 13.00435095264188400, -0.9652524972597843500, 1.182093381138184100E-016 ) ) ;
#2569 = CARTESIAN_POINT ( 'NONE',  ( 12.74185095264188500, 0.9652524972597840100, -0.5572887891288955700 ) ) ;
#2570 = CARTESIAN_POINT ( 'NONE',  ( 0.9862139289628005800, 1.278124999999973800, 0.7379258128079749800 ) ) ;
#2571 = CARTESIAN_POINT ( 'NONE',  ( 1.500000000000002700, -0.6249999999999863400, 1.082531754730525300 ) ) ;
#2572 = CARTESIAN_POINT ( 'NONE',  ( 15.96685095264188300, 0.9652524972597842400, 0.5572887891288949000 ) ) ;
#2573 = CARTESIAN_POINT ( 'NONE',  ( 12.37371392896280400, -1.278124999999973500, 1.565251690160178300E-016 ) ) ;
#2574 = CARTESIAN_POINT ( 'NONE',  ( 2.298713928962800700, 1.278124999999973500, 0.0000000000000000000 ) ) ;
#2575 = CARTESIAN_POINT ( 'NONE',  ( 12.61495190528376200, 1.249999999999973400, 0.0000000000000000000 ) ) ;
#2576 = AXIS2_PLACEMENT_3D ( 'NONE', #633, #1075, #228 ) ;
#2577 = CARTESIAN_POINT ( 'NONE',  ( 4.298100952641880700, 0.9652524972597840100, -0.5572887891288955700 ) ) ;
#2578 = CARTESIAN_POINT ( 'NONE',  ( 0.9000000000000028000, 1.249999999999973400, 0.0000000000000000000 ) ) ;
#2579 = CARTESIAN_POINT ( 'NONE',  ( 13.01623797632096400, 1.278124999999973300, 0.0000000000000000000 ) ) ;
#2580 = AXIS2_PLACEMENT_3D ( 'NONE', #219, #1415, #4240 ) ;
#2581 = CARTESIAN_POINT ( 'NONE',  ( 3.754350952641880600, 0.4826262486298914500, -0.8359331836933428000 ) ) ;
#2582 = ADVANCED_FACE ( 'NONE', ( #2261 ), #2698, .F. ) ;
#2583 = CARTESIAN_POINT ( 'NONE',  ( 11.72935095264188600, -0.4826262486298926200, -0.8359331836933422400 ) ) ;
#2584 = CARTESIAN_POINT ( 'NONE',  ( 13.82935095264188500, -0.4826262486298919500, 0.8359331836933424600 ) ) ;
#2585 = CARTESIAN_POINT ( 'NONE',  ( 0.1612139289628008500, 9.036984846634956000E-017, 1.475851625615950200 ) ) ;
#2586 = CARTESIAN_POINT ( 'NONE',  ( 11.97310095264188600, 0.9652524972597842400, 0.5572887891288949000 ) ) ;
#2587 = CARTESIAN_POINT ( 'NONE',  ( 13.23621392896280500, -1.278124999999973500, 0.7379258128079755300 ) ) ;
#2588 = CARTESIAN_POINT ( 'NONE',  ( 3.273713928962800800, 0.6390624999999868800, 1.106888719211962700 ) ) ;
#2589 = EDGE_LOOP ( 'NONE', ( #4350, #1441, #4926, #1695 ) ) ;
#2590 = CARTESIAN_POINT ( 'NONE',  ( 4.485600952641880700, -0.4826262486298919500, 0.8359331836933424600 ) ) ;
#2591 = VERTEX_POINT ( 'NONE', #1948 ) ;
#2592 = CYLINDRICAL_SURFACE ( 'NONE', #2393, 1.249999999999973400 ) ;
#2593 = ORIENTED_EDGE ( 'NONE', *, *, #1068, .T. ) ;
#2594 = EDGE_CURVE ( 'NONE', #1373, #3598, #797, .T. ) ;
#2595 = CARTESIAN_POINT ( 'NONE',  ( 12.56623797632096500, 1.278124999999973300, 0.0000000000000000000 ) ) ;
#2596 = CARTESIAN_POINT ( 'NONE',  ( 0.0000000000000000000, 0.0000000000000000000, 0.0000000000000000000 ) ) ;
#2597 = ORIENTED_EDGE ( 'NONE', *, *, #3873, .T. ) ;
#2598 = CARTESIAN_POINT ( 'NONE',  ( 2.929350952641880400, 0.9652524972597843500, 0.0000000000000000000 ) ) ;
#2599 = FACE_OUTER_BOUND ( 'NONE', #5081, .T. ) ;
#2600 = FACE_BOUND ( 'NONE', #505, .T. ) ;
#2601 = CARTESIAN_POINT ( 'NONE',  ( 12.59185095264188300, -0.9652524972597844600, -0.5572887891288946800 ) ) ;
#2602 = CARTESIAN_POINT ( 'NONE',  ( 16.00000000000000700, -2.249999999999998700, 0.2199237090747417400 ) ) ;
#2603 = ORIENTED_EDGE ( 'NONE', *, *, #1422, .T. ) ;
#2604 = CARTESIAN_POINT ( 'NONE',  ( 12.46060095264188500, 0.4826262486298922800, 0.8359331836933423500 ) ) ;
#2605 = CARTESIAN_POINT ( 'NONE',  ( 12.67371392896280500, 0.6390624999999868800, 1.106888719211962700 ) ) ;
#2606 = CARTESIAN_POINT ( 'NONE',  ( 2.786213928962801000, 1.278124999999973800, 0.7379258128079749800 ) ) ;
#2607 = CARTESIAN_POINT ( 'NONE',  ( 4.800000000000002500, -1.241813185885314100, -0.07800561793199832500 ) ) ;
#2608 = ORIENTED_EDGE ( 'NONE', *, *, #2815, .T. ) ;
#2609 = CARTESIAN_POINT ( 'NONE',  ( 0.5668509526418810100, -2.047445795422216600E-016, -1.114577578257790000 ) ) ;
#2610 = EDGE_CURVE ( 'NONE', #1621, #4840, #3416, .T. ) ;
#2611 = CARTESIAN_POINT ( 'NONE',  ( 13.27873797632096300, -1.278124999999973800, -0.7379258128079745300 ) ) ;
#2612 = CARTESIAN_POINT ( 'NONE',  ( 15.64031640549199900, -0.6237519919253727800, 0.7544541978121107600 ) ) ;
#2613 = CARTESIAN_POINT ( 'NONE',  ( 3.866850952641880800, 0.9652524972597843500, 0.5572887891288949000 ) ) ;
#2614 = PLANE ( 'NONE',  #1785 ) ;
#2615 = ORIENTED_EDGE ( 'NONE', *, *, #404, .F. ) ;
#2616 = CARTESIAN_POINT ( 'NONE',  ( 12.17935095264188500, -0.4826262486298926200, -0.8359331836933422400 ) ) ;
#2617 = CARTESIAN_POINT ( 'NONE',  ( 0.1987139289628008200, -0.6390624999999864300, 1.106888719211963000 ) ) ;
#2618 =( BOUNDED_CURVE ( )  B_SPLINE_CURVE ( 2, ( #292, #3531, #2744, #3115, #1151, #331, #727 ),
 .UNSPECIFIED., .F., .T. ) 
 B_SPLINE_CURVE_WITH_KNOTS ( ( 3, 2, 2, 3 ),
 ( 0.8333333333333333700, 0.8472222222222222100, 0.8611111111111111600, 0.8750000000000000000 ),
 .UNSPECIFIED. ) 
 CURVE ( )  GEOMETRIC_REPRESENTATION_ITEM ( )  RATIONAL_B_SPLINE_CURVE ( ( 1.000000000000000000, 0.8660254037844387100, 1.000000000000000000, 0.8660254037844387100, 1.000000000000000000, 0.8660254037844387100, 1.000000000000000000 ) ) 
 REPRESENTATION_ITEM ( '' )  );
#2619 = B_SPLINE_CURVE_WITH_KNOTS ( 'NONE', 3,
 ( #4251, #3063, #3131, #1035 ),
 .UNSPECIFIED., .F., .F.,
 ( 4, 4 ),
 ( 2.380746839936124300E-007, 0.001314652396222795600 ),
 .UNSPECIFIED. ) ;
#2620 = VERTEX_POINT ( 'NONE', #4744 ) ;
#2621 = CARTESIAN_POINT ( 'NONE',  ( 14.63560095264188400, 0.9652524972597843500, 0.0000000000000000000 ) ) ;
#2622 = CARTESIAN_POINT ( 'NONE',  ( 12.41121392896280400, -1.278124999999973800, -0.7379258128079745300 ) ) ;
#2623 = CARTESIAN_POINT ( 'NONE',  ( -0.07064904735811899900, -0.4826262486298919500, 0.8359331836933424600 ) ) ;
#2624 = CARTESIAN_POINT ( 'NONE',  ( 4.800000000000001600, 0.1656640465339945000, 1.026269477372549800 ) ) ;
#2625 = EDGE_CURVE ( 'NONE', #1884, #2675, #334, .T. ) ;
#2626 = CARTESIAN_POINT ( 'NONE',  ( 2.066850952641880600, 0.9652524972597842400, 0.5572887891288949000 ) ) ;
#2627 = CARTESIAN_POINT ( 'NONE',  ( 16.09123797632096100, 0.6390624999999856600, -1.106888719211963200 ) ) ;
#2628 = CARTESIAN_POINT ( 'NONE',  ( 15.10435095264188400, 0.4826262486298922800, 0.8359331836933423500 ) ) ;
#2629 = CARTESIAN_POINT ( 'NONE',  ( 3.191850952641880600, -0.9652524972597845700, -0.5572887891288946800 ) ) ;
#2630 = CARTESIAN_POINT ( 'NONE',  ( 1.114951905283759100, -0.6249999999999863400, 1.082531754730525300 ) ) ;
#2631 = EDGE_CURVE ( 'NONE', #962, #5035, #4949, .T. ) ;
#2632 = CARTESIAN_POINT ( 'NONE',  ( 11.89810095264188500, 0.9652524972597845700, -0.5572887891288959000 ) ) ;
#2633 = CARTESIAN_POINT ( 'NONE',  ( 1.211213928962800600, -1.278124999999973800, -0.7379258128079745300 ) ) ;
#2634 = CARTESIAN_POINT ( 'NONE',  ( 3.664951905283758900, 1.249999999999973400, 0.0000000000000000000 ) ) ;
#2635 = CARTESIAN_POINT ( 'NONE',  ( 15.01060095264188400, 0.4826262486298914500, -0.8359331836933428000 ) ) ;
#2636 = CARTESIAN_POINT ( 'NONE',  ( 11.31685095264188200, -2.047445795422217400E-016, -1.114577578257790000 ) ) ;
#2637 = CARTESIAN_POINT ( 'NONE',  ( 1.504350952641880800, 0.4826262486298914500, -0.8359331836933428000 ) ) ;
#2638 = CARTESIAN_POINT ( 'NONE',  ( 11.45245190528376300, -1.249999999999973100, 0.7216878364870171800 ) ) ;
#2639 = CARTESIAN_POINT ( 'NONE',  ( 1.729350952641880900, -0.4826262486298919500, 0.8359331836933424600 ) ) ;
#2640 = DIRECTION ( 'NONE',  ( -1.000000000000000000, 6.018531076210110700E-033, -0.0000000000000000000 ) ) ;
#2641 = AXIS2_PLACEMENT_3D ( 'NONE', #749, #784, #1152 ) ;
#2642 = CARTESIAN_POINT ( 'NONE',  ( 3.214951905283759200, 1.249999999999973400, 0.0000000000000000000 ) ) ;
#2643 = FACE_OUTER_BOUND ( 'NONE', #4830, .T. ) ;
#2644 =( BOUNDED_CURVE ( )  B_SPLINE_CURVE ( 2, ( #3089, #1881, #657 ),
 .UNSPECIFIED., .F., .T. ) 
 B_SPLINE_CURVE_WITH_KNOTS ( ( 3, 3 ),
 ( 0.8888888888888888400, 0.8894051908260989200 ),
 .UNSPECIFIED. ) 
 CURVE ( )  GEOMETRIC_REPRESENTATION_ITEM ( )  RATIONAL_B_SPLINE_CURVE ( ( 1.000000000000000000, 0.9950196632634617000, 0.9904096020076482700 ) ) 
 REPRESENTATION_ITEM ( '' )  );
#2645 = ORIENTED_EDGE ( 'NONE', *, *, #1930, .F. ) ;
#2646 = CARTESIAN_POINT ( 'NONE',  ( 15.81795261726860400, 1.130452617268647300, -0.2813244076889985200 ) ) ;
#2647 = FACE_OUTER_BOUND ( 'NONE', #3835, .T. ) ;
#2648 = VERTEX_POINT ( 'NONE', #1497 ) ;
#2649 = B_SPLINE_CURVE_WITH_KNOTS ( 'NONE', 3,
 ( #3180, #672, #1517, #735, #3157, #5157 ),
 .UNSPECIFIED., .F., .F.,
 ( 4, 2, 4 ),
 ( 0.001314652396222794900, 0.001969405109320633700, 0.002624157822418472100 ),
 .UNSPECIFIED. ) ;
#2650 = CARTESIAN_POINT ( 'NONE',  ( 15.31060095264188400, -0.9652524972597843500, 1.182093381138184100E-016 ) ) ;
#2651 = CARTESIAN_POINT ( 'NONE',  ( 11.65435095264188400, -0.9652524972597843500, 1.182093381138184100E-016 ) ) ;
#2652 = ORIENTED_EDGE ( 'NONE', *, *, #5197, .F. ) ;
#2653 = CARTESIAN_POINT ( 'NONE',  ( 4.773713928962800800, -1.278124999999973500, 1.565251690160178300E-016 ) ) ;
#2654 = CARTESIAN_POINT ( 'NONE',  ( 3.702451905283759900, 1.249999999999973400, 0.7216878364870166200 ) ) ;
#2655 = FACE_OUTER_BOUND ( 'NONE', #1562, .T. ) ;
#2656 = ORIENTED_EDGE ( 'NONE', *, *, #2688, .T. ) ;
#2657 = CARTESIAN_POINT ( 'NONE',  ( 3.773100952641880800, -2.047445795422216600E-016, -1.114577578257790000 ) ) ;
#2658 = ORIENTED_EDGE ( 'NONE', *, *, #2949, .T. ) ;
#2659 = CARTESIAN_POINT ( 'NONE',  ( 0.8293509526418809700, -0.4826262486298919500, 0.8359331836933424600 ) ) ;
#2660 = VECTOR ( 'NONE', #4496, 1000.000000000000000 ) ;
#2661 = EDGE_CURVE ( 'NONE', #4335, #4538, #4255, .T. ) ;
#2662 = DIRECTION ( 'NONE',  ( -1.000000000000000000, 6.018531076210110700E-033, -0.0000000000000000000 ) ) ;
#2663 = ORIENTED_EDGE ( 'NONE', *, *, #3873, .F. ) ;
#2664 = CARTESIAN_POINT ( 'NONE',  ( 15.75308751025039900, -0.08370622183506412600, -1.071417844587679200 ) ) ;
#2665 = CARTESIAN_POINT ( 'NONE',  ( 11.18560095264188400, -0.4826262486298922800, 0.8359331836933431300 ) ) ;
#2666 = CARTESIAN_POINT ( 'NONE',  ( 16.00000000000000400, -1.124999999999998200, -1.948557158514986600 ) ) ;
#2667 = CARTESIAN_POINT ( 'NONE',  ( 2.325000000000002400, 0.6249999999999867900, 1.082531754730525300 ) ) ;
#2668 = CARTESIAN_POINT ( 'NONE',  ( 13.17310095264188500, -2.047445795422217400E-016, -1.114577578257790000 ) ) ;
#2669 = CARTESIAN_POINT ( 'NONE',  ( 15.29871392896280500, 1.278124999999973500, 0.0000000000000000000 ) ) ;
#2670 = CARTESIAN_POINT ( 'NONE',  ( 0.9793509526418808800, -0.4826262486298926200, -0.8359331836933422400 ) ) ;
#2671 = CARTESIAN_POINT ( 'NONE',  ( 3.477451905283758500, -1.249999999999973400, -0.7216878364870162900 ) ) ;
#2672 = ORIENTED_EDGE ( 'NONE', *, *, #1662, .F. ) ;
#2673 = CARTESIAN_POINT ( 'NONE',  ( 3.923100952641880700, 0.9652524972597842400, 0.5572887891288949000 ) ) ;
#2674 = CARTESIAN_POINT ( 'NONE',  ( 1.129350952641880800, 0.9652524972597843500, 0.0000000000000000000 ) ) ;
#2675 = VERTEX_POINT ( 'NONE', #5206 ) ;
#2676 = CARTESIAN_POINT ( 'NONE',  ( 15.15373797632096300, -2.711095453990486600E-016, -1.475851625615950000 ) ) ;
#2677 = CARTESIAN_POINT ( 'NONE',  ( 11.42500000000000400, -1.249999999999973400, 1.530808498934158800E-016 ) ) ;
#2678 = CARTESIAN_POINT ( 'NONE',  ( 1.950000000000002600, -0.6249999999999863400, 1.082531754730525300 ) ) ;
#2679 = CARTESIAN_POINT ( 'NONE',  ( 11.14810095264188300, 6.824819318074052200E-017, 1.114577578257790700 ) ) ;
#2680 = CARTESIAN_POINT ( 'NONE',  ( 0.1209504423883086800, -0.6730249490315611800, 0.9899009366323878700 ) ) ;
#2681 = CARTESIAN_POINT ( 'NONE',  ( 2.389951905283759000, 0.6249999999999866800, 1.082531754730525100 ) ) ;
#2682 = B_SPLINE_CURVE_WITH_KNOTS ( 'NONE', 3,
 ( #2350, #1904, #4369, #710, #3530, #682, #4766, #347, #3908, #330 ),
 .UNSPECIFIED., .F., .F.,
 ( 4, 2, 2, 2, 4 ),
 ( 0.0002988553333323780800, 0.0009377681045840481900, 0.001576680875835718200, 0.002215593647087388100, 0.002854506418339058900 ),
 .UNSPECIFIED. ) ;
#2683 = CARTESIAN_POINT ( 'NONE',  ( 13.54810095264188500, -0.9652524972597844600, -0.5572887891288946800 ) ) ;
#2684 = CARTESIAN_POINT ( 'NONE',  ( 15.74871392896280400, 1.278124999999973500, 0.0000000000000000000 ) ) ;
#2685 = CARTESIAN_POINT ( 'NONE',  ( 0.2293509526418810200, 0.9652524972597843500, 0.0000000000000000000 ) ) ;
#2686 = CARTESIAN_POINT ( 'NONE',  ( 3.664951905283758900, 1.249999999999973400, 0.0000000000000000000 ) ) ;
#2687 = CARTESIAN_POINT ( 'NONE',  ( 4.035600952641880600, -0.4826262486298919500, 0.8359331836933424600 ) ) ;
#2688 = EDGE_CURVE ( 'NONE', #2675, #3711, #3696, .T. ) ;
#2689 = CARTESIAN_POINT ( 'NONE',  ( 15.35245190528376300, 1.249999999999973400, 0.7216878364870166200 ) ) ;
#2690 = CARTESIAN_POINT ( 'NONE',  ( 1.691850952641880800, 6.824819318074054600E-017, 1.114577578257790000 ) ) ;
#2691 = CARTESIAN_POINT ( 'NONE',  ( 15.75373797632096500, 1.278124999999973500, 0.7379258128079748700 ) ) ;
#2692 = CARTESIAN_POINT ( 'NONE',  ( 3.252451905283759300, 1.249999999999973400, 0.7216878364870166200 ) ) ;
#2693 = CARTESIAN_POINT ( 'NONE',  ( 1.837500000000003000, 1.249999999999973400, 0.7216878364870166200 ) ) ;
#2694 = CARTESIAN_POINT ( 'NONE',  ( 15.74672923157506200, -0.2247893762622451000, -1.044437129880141100 ) ) ;
#2695 = CARTESIAN_POINT ( 'NONE',  ( 13.02310095264188300, -0.9652524972597847900, 0.5572887891288956800 ) ) ;
#2696 = CARTESIAN_POINT ( 'NONE',  ( 15.89282753234167900, 0.1691077680949594200, 1.217358332692801700 ) ) ;
#2697 = CARTESIAN_POINT ( 'NONE',  ( 3.712500000000001700, 8.838126989374036100E-017, 1.443375672974033500 ) ) ;
#2698 = PLANE ( 'NONE',  #3464 ) ;
#2699 = CARTESIAN_POINT ( 'NONE',  ( 14.54871392896280500, -0.6390624999999864300, 1.106888719211963000 ) ) ;
#2700 = CARTESIAN_POINT ( 'NONE',  ( 1.928737976320961100, 9.036984846634954800E-017, 1.475851625615950000 ) ) ;
#2701 = PLANE ( 'NONE',  #3691 ) ;
#2702 = CIRCLE ( 'NONE', #529, 2.249999999999998200 ) ;
#2703 = FACE_OUTER_BOUND ( 'NONE', #1610, .T. ) ;
#2704 = AXIS2_PLACEMENT_3D ( 'NONE', #1084, #4717, #2308 ) ;
#2705 = EDGE_CURVE ( 'NONE', #4538, #4176, #3052, .T. ) ;
#2706 = DIRECTION ( 'NONE',  ( -1.000000000000000000, 6.018531076210110700E-033, -0.0000000000000000000 ) ) ;
#2707 = CARTESIAN_POINT ( 'NONE',  ( 3.904350952641880500, 0.4826262486298922800, 0.8359331836933423500 ) ) ;
#2708 =( BOUNDED_CURVE ( )  B_SPLINE_CURVE ( 2, ( #1178, #378, #3630, #4795, #3254, #5173, #1140 ),
 .UNSPECIFIED., .F., .T. ) 
 B_SPLINE_CURVE_WITH_KNOTS ( ( 3, 2, 2, 3 ),
 ( 0.8055555555555555800, 0.8194444444444444200, 0.8333333333333332600, 0.8472222222222222100 ),
 .UNSPECIFIED. ) 
 CURVE ( )  GEOMETRIC_REPRESENTATION_ITEM ( )  RATIONAL_B_SPLINE_CURVE ( ( 1.000000000000000000, 0.8660254037844387100, 1.000000000000000000, 0.8660254037844387100, 1.000000000000000000, 0.8660254037844387100, 1.000000000000000000 ) ) 
 REPRESENTATION_ITEM ( '' )  );
#2709 = ORIENTED_EDGE ( 'NONE', *, *, #4577, .T. ) ;
#2710 = CARTESIAN_POINT ( 'NONE',  ( 1.864951905283758900, 1.249999999999973400, 0.0000000000000000000 ) ) ;
#2711 = CARTESIAN_POINT ( 'NONE',  ( 0.5625000000000026600, 8.838126989374036100E-017, 1.443375672974033500 ) ) ;
#2712 = EDGE_LOOP ( 'NONE', ( #2539, #1197, #114, #1379 ) ) ;
#2713 = CARTESIAN_POINT ( 'NONE',  ( 0.0000000000000000000, 0.0000000000000000000, 0.0000000000000000000 ) ) ;
#2714 = VECTOR ( 'NONE', #895, 1000.000000000000000 ) ;
#2715 = EDGE_LOOP ( 'NONE', ( #1704, #2026, #4694, #2740 ) ) ;
#2716 = CARTESIAN_POINT ( 'NONE',  ( 12.79810095264188300, 0.9652524972597845700, -0.5572887891288959000 ) ) ;
#2717 = CARTESIAN_POINT ( 'NONE',  ( 2.989951905283758600, -1.249999999999973400, 1.530808498934159000E-016 ) ) ;
#2718 = ORIENTED_EDGE ( 'NONE', *, *, #2188, .T. ) ;
#2719 = CARTESIAN_POINT ( 'NONE',  ( 0.3337952717075420800, 0.8359821305155387100, 0.5278682856189950100 ) ) ;
#2720 = CARTESIAN_POINT ( 'NONE',  ( 0.0000000000000000000, 0.0000000000000000000, 0.0000000000000000000 ) ) ;
#2721 = CONICAL_SURFACE ( 'NONE', #2933, 2.249999999999998700, 1.047197551196600100 ) ;
#2722 = CARTESIAN_POINT ( 'NONE',  ( 11.99185095264188500, 6.824819318074047200E-017, 1.114577578257790000 ) ) ;
#2723 = CARTESIAN_POINT ( 'NONE',  ( 1.216237976320961000, -0.6390624999999872100, -1.106888719211962300 ) ) ;
#2724 = CARTESIAN_POINT ( 'NONE',  ( 4.800000000000002500, 0.7443457783911077200, 0.6634422667643140600 ) ) ;
#2725 = EDGE_LOOP ( 'NONE', ( #3581, #179, #2273, #1614 ) ) ;
#2726 = CARTESIAN_POINT ( 'NONE',  ( 15.91074498996846900, 1.881317441191380000, -1.511897080250332400 ) ) ;
#2727 = ORIENTED_EDGE ( 'NONE', *, *, #4134, .F. ) ;
#2728 = CARTESIAN_POINT ( 'NONE',  ( 3.829350952641880700, 0.9652524972597843500, 0.0000000000000000000 ) ) ;
#2729 = EDGE_CURVE ( 'NONE', #1751, #2470, #2708, .T. ) ;
#2730 = CARTESIAN_POINT ( 'NONE',  ( 4.537500000000002300, 1.249999999999973400, 0.7216878364870166200 ) ) ;
#2731 = DIRECTION ( 'NONE',  ( 0.0000000000000000000, 0.0000000000000000000, 1.000000000000000000 ) ) ;
#2732 = CARTESIAN_POINT ( 'NONE',  ( 13.51060095264188400, -0.9652524972597850100, 1.182093381138185100E-016 ) ) ;
#2733 = CARTESIAN_POINT ( 'NONE',  ( 0.1478284588100886600, -1.094713276922800500, 0.4579703502022650600 ) ) ;
#2734 = ORIENTED_EDGE ( 'NONE', *, *, #4239, .T. ) ;
#2735 = CARTESIAN_POINT ( 'NONE',  ( 12.64810095264188700, -0.9652524972597845700, -0.5572887891288946800 ) ) ;
#2736 = DIRECTION ( 'NONE',  ( -1.000000000000000000, 6.018531076210110700E-033, -0.0000000000000000000 ) ) ;
#2737 = EDGE_CURVE ( 'NONE', #2970, #896, #4146, .T. ) ;
#2738 = CARTESIAN_POINT ( 'NONE',  ( 13.64185095264188500, 0.9652524972597841300, -0.5572887891288955700 ) ) ;
#2739 = CARTESIAN_POINT ( 'NONE',  ( 0.8787379763209607300, 1.278124999999972900, -0.7379258128079757600 ) ) ;
#2740 = ORIENTED_EDGE ( 'NONE', *, *, #957, .F. ) ;
#2741 = SECURITY_CLASSIFICATION ( '', '', #1183 ) ;
#2742 = CARTESIAN_POINT ( 'NONE',  ( 3.375000000000002200, -1.249999999999973400, 1.530808498934159000E-016 ) ) ;
#2743 = CARTESIAN_POINT ( 'NONE',  ( 4.091850952641880900, -0.9652524972597844600, -0.5572887891288946800 ) ) ;
#2744 = CARTESIAN_POINT ( 'NONE',  ( 15.77500000000000400, 0.6249999999999867900, 1.082531754730525100 ) ) ;
#2745 = CARTESIAN_POINT ( 'NONE',  ( 15.92500000000000200, -1.249999999999973400, 1.530808498934158800E-016 ) ) ;
#2746 = CARTESIAN_POINT ( 'NONE',  ( 12.43750000000000700, -2.651438096812210700E-016, -1.443375672974033500 ) ) ;
#2747 = CARTESIAN_POINT ( 'NONE',  ( 11.19999999999995300, -0.7690095026872755300, -0.7518258724167961000 ) ) ;
#2748 = CARTESIAN_POINT ( 'NONE',  ( 12.83560095264188300, 0.9652524972597850100, 0.0000000000000000000 ) ) ;
#2749 = CARTESIAN_POINT ( 'NONE',  ( 15.84691496152220900, 1.081800542101230200, 0.4823640454955286900 ) ) ;
#2750 = CARTESIAN_POINT ( 'NONE',  ( 0.5106009526418808800, -0.9652524972597843500, 1.182093381138184100E-016 ) ) ;
#2751 = CARTESIAN_POINT ( 'NONE',  ( 4.762500000000002800, -1.249999999999973600, -0.7216878364870164000 ) ) ;
#2752 = CARTESIAN_POINT ( 'NONE',  ( 13.90435095264188400, -0.9652524972597843500, 1.182093381138184100E-016 ) ) ;
#2753 = CARTESIAN_POINT ( 'NONE',  ( 2.566237976320960600, -0.6390624999999872100, -1.106888719211962300 ) ) ;
#2754 = EDGE_CURVE ( 'NONE', #3168, #4918, #4448, .T. ) ;
#2755 = CARTESIAN_POINT ( 'NONE',  ( 11.82310095264188600, -2.047445795422217100E-016, -1.114577578257790000 ) ) ;
#2756 = CARTESIAN_POINT ( 'NONE',  ( 0.09810095264188091500, -0.9652524972597844600, -0.5572887891288946800 ) ) ;
#2757 = CARTESIAN_POINT ( 'NONE',  ( 1.753521283679683000E-015, -1.312500000000049700, 0.0000000000000000000 ) ) ;
#2758 = CARTESIAN_POINT ( 'NONE',  ( 13.85245190528376100, -2.651438096812210700E-016, -1.443375672974033500 ) ) ;
#2759 = CARTESIAN_POINT ( 'NONE',  ( 11.19999999999999900, -0.8314734777642176500, -0.6614956664095790200 ) ) ;
#2760 = CARTESIAN_POINT ( 'NONE',  ( 13.77310095264188500, 0.9652524972597850100, 0.5572887891288952300 ) ) ;
#2761 = CARTESIAN_POINT ( 'NONE',  ( 2.952451905283759400, -1.249999999999973100, 0.7216878364870171800 ) ) ;
#2762 = CARTESIAN_POINT ( 'NONE',  ( 1.564951905283759000, -0.6249999999999863400, 1.082531754730525300 ) ) ;
#2763 = FACE_OUTER_BOUND ( 'NONE', #384, .T. ) ;
#2764 = EDGE_LOOP ( 'NONE', ( #3213, #3856, #4158, #429 ) ) ;
#2765 = CARTESIAN_POINT ( 'NONE',  ( 15.61060095264188500, 0.4826262486298922800, 0.8359331836933423500 ) ) ;
#2766 = DIRECTION ( 'NONE',  ( 1.000000000000000000, 0.0000000000000000000, 0.0000000000000000000 ) ) ;
#2767 = CARTESIAN_POINT ( 'NONE',  ( 12.81685095264188600, 0.9652524972597842400, 0.5572887891288949000 ) ) ;
#2768 = CARTESIAN_POINT ( 'NONE',  ( 1.853737976320960900, 1.278124999999973500, 0.7379258128079748700 ) ) ;
#2769 = DIRECTION ( 'NONE',  ( -1.000000000000000000, 6.018531076210110700E-033, -0.0000000000000000000 ) ) ;
#2770 = AXIS2_PLACEMENT_3D ( 'NONE', #5169, #2018, #1569 ) ;
#2771 =( BOUNDED_CURVE ( )  B_SPLINE_CURVE ( 2, ( #2533, #4539, #143, #4940, #2571, #2959, #537 ),
 .UNSPECIFIED., .F., .T. ) 
 B_SPLINE_CURVE_WITH_KNOTS ( ( 3, 2, 2, 3 ),
 ( 0.2500000000000000000, 0.2638888888888889000, 0.2777777777777777900, 0.2916666666666666900 ),
 .UNSPECIFIED. ) 
 CURVE ( )  GEOMETRIC_REPRESENTATION_ITEM ( )  RATIONAL_B_SPLINE_CURVE ( ( 1.000000000000000000, 0.8660254037844387100, 1.000000000000000000, 0.8660254037844387100, 1.000000000000000000, 0.8660254037844387100, 1.000000000000000000 ) ) 
 REPRESENTATION_ITEM ( '' )  );
#2772 = EDGE_LOOP ( 'NONE', ( #737, #490, #3023, #3409 ) ) ;
#2773 = VERTEX_POINT ( 'NONE', #7 ) ;
#2774 = CARTESIAN_POINT ( 'NONE',  ( 4.129350952641880600, -0.4826262486298926200, -0.8359331836933422400 ) ) ;
#2775 = CARTESIAN_POINT ( 'NONE',  ( 14.93995190528376300, 0.6249999999999866800, 1.082531754730525100 ) ) ;
#2776 = LINE ( 'NONE', #1586, #1561 ) ;
#2777 = ORIENTED_EDGE ( 'NONE', *, *, #1769, .T. ) ;
#2778 = ORIENTED_EDGE ( 'NONE', *, *, #4509, .F. ) ;
#2779 = CARTESIAN_POINT ( 'NONE',  ( 0.0000000000000000000, -1.125000000000000200, 1.948557158514985000 ) ) ;
#2780 = DIRECTION ( 'NONE',  ( 1.000000000000000000, -6.018531076210110700E-033, 0.0000000000000000000 ) ) ;
#2781 = ORIENTED_EDGE ( 'NONE', *, *, #3383, .F. ) ;
#2782 = CARTESIAN_POINT ( 'NONE',  ( 15.70157224618851400, -0.3393996314176976900, 0.9654245401660206400 ) ) ;
#2783 = CARTESIAN_POINT ( 'NONE',  ( 11.21623797632096300, 1.278124999999973300, 0.0000000000000000000 ) ) ;
#2784 = CARTESIAN_POINT ( 'NONE',  ( 2.877451905283758800, 8.838126989374036100E-017, 1.443375672974033500 ) ) ;
#2785 = ORIENTED_EDGE ( 'NONE', *, *, #4799, .T. ) ;
#2786 = CARTESIAN_POINT ( 'NONE',  ( 3.225000000000002300, 0.6249999999999867900, 1.082531754730525300 ) ) ;
#2787 = CARTESIAN_POINT ( 'NONE',  ( 14.12935095264188400, 0.9652524972597843500, 0.0000000000000000000 ) ) ;
#2788 = CARTESIAN_POINT ( 'NONE',  ( 3.541237976320960300, 0.6390624999999856600, -1.106888719211963200 ) ) ;
#2789 = EDGE_CURVE ( 'NONE', #1631, #1487, #3094, .T. ) ;
#2790 = CARTESIAN_POINT ( 'NONE',  ( 12.61060095264188500, -0.9652524972597843500, 1.182093381138184100E-016 ) ) ;
#2791 = CARTESIAN_POINT ( 'NONE',  ( 15.80245190528379800, 1.249999999999369400, 0.7216878364873655600 ) ) ;
#2792 = CARTESIAN_POINT ( 'NONE',  ( 1.748100952641880700, 6.824819318074054600E-017, 1.114577578257790000 ) ) ;
#2793 = VERTEX_POINT ( 'NONE', #3242 ) ;
#2794 = CARTESIAN_POINT ( 'NONE',  ( 1.991850952641880800, 0.9652524972597841300, -0.5572887891288955700 ) ) ;
#2795 = DIRECTION ( 'NONE',  ( -1.000000000000000000, 6.018531076210110700E-033, -0.0000000000000000000 ) ) ;
#2796 = ORIENTED_EDGE ( 'NONE', *, *, #473, .F. ) ;
#2797 = CARTESIAN_POINT ( 'NONE',  ( 11.47873797632096200, -1.278124999999973800, -0.7379258128079745300 ) ) ;
#2798 = CARTESIAN_POINT ( 'NONE',  ( 15.25000000000000700, 1.249999999999973400, 0.0000000000000000000 ) ) ;
#2799 = CARTESIAN_POINT ( 'NONE',  ( 1.800000000000002700, 1.249999999999973400, 0.0000000000000000000 ) ) ;
#2800 = EDGE_CURVE ( 'NONE', #300, #5097, #2319, .T. ) ;
#2801 = CARTESIAN_POINT ( 'NONE',  ( 14.80435095264188500, -0.9652524972597843500, 1.182093381138184100E-016 ) ) ;
#2802 = CARTESIAN_POINT ( 'NONE',  ( 4.403737976320961400, -2.711095453990486600E-016, -1.475851625615950000 ) ) ;
#2803 = DIRECTION ( 'NONE',  ( 0.0000000000000000000, -1.000000000000000000, 0.0000000000000000000 ) ) ;
#2804 = CARTESIAN_POINT ( 'NONE',  ( 3.173100952641880700, -0.9652524972597841300, 0.5572887891288953500 ) ) ;
#2805 = CARTESIAN_POINT ( 'NONE',  ( 11.97310095264188600, 0.9652524972597843500, 0.5572887891288949000 ) ) ;
#2806 = CARTESIAN_POINT ( 'NONE',  ( 15.65245190528376500, -2.651438096812210700E-016, -1.443375672974033500 ) ) ;
#2807 = CARTESIAN_POINT ( 'NONE',  ( 0.7731009526418809500, 0.9652524972597842400, 0.5572887891288949000 ) ) ;
#2808 = CARTESIAN_POINT ( 'NONE',  ( 2.441850952641881000, 0.9652524972597841300, -0.5572887891288955700 ) ) ;
#2809 = CARTESIAN_POINT ( 'NONE',  ( 12.07873797632096400, 1.278124999999972900, -0.7379258128079757600 ) ) ;
#2810 = CARTESIAN_POINT ( 'NONE',  ( 1.452451905283759000, 1.249999999999973400, 0.7216878364870166200 ) ) ;
#2811 = CARTESIAN_POINT ( 'NONE',  ( 3.187500000000001800, 1.249999999999973400, 0.7216878364870166200 ) ) ;
#2812 = CARTESIAN_POINT ( 'NONE',  ( 0.2468437068756865200, 0.2248903082845415700, -1.051235841067271100 ) ) ;
#2813 = APPROVAL_STATUS ( 'not_yet_approved' ) ;
#2814 = CARTESIAN_POINT ( 'NONE',  ( 4.560600952641880000, -0.9652524972597843500, 1.182093381138184100E-016 ) ) ;
#2815 = EDGE_CURVE ( 'NONE', #4716, #1114, #2310, .T. ) ;
#2816 = CARTESIAN_POINT ( 'NONE',  ( 12.04810095264188300, 6.824819318074047200E-017, 1.114577578257790000 ) ) ;
#2817 = CARTESIAN_POINT ( 'NONE',  ( 2.025000000000002600, -1.249999999999973400, 1.530808498934159000E-016 ) ) ;
#2818 = VECTOR ( 'NONE', #680, 1000.000000000000000 ) ;
#2819 = CARTESIAN_POINT ( 'NONE',  ( 2.123100952641880500, 0.9652524972597842400, 0.5572887891288949000 ) ) ;
#2820 = CYLINDRICAL_SURFACE ( 'NONE', #823, 1.249999999999973400 ) ;
#2821 = CARTESIAN_POINT ( 'NONE',  ( 2.104350952641880700, 0.4826262486298922800, 0.8359331836933423500 ) ) ;
#2822 = CARTESIAN_POINT ( 'NONE',  ( 2.010600952641880700, 0.4826262486298914500, -0.8359331836933428000 ) ) ;
#2823 = CALENDAR_DATE ( 2021, 25, 8 ) ;
#2824 = ORIENTED_EDGE ( 'NONE', *, *, #1482, .T. ) ;
#2825 = CARTESIAN_POINT ( 'NONE',  ( 2.235600952641880700, -0.4826262486298919500, 0.8359331836933424600 ) ) ;
#2826 = CARTESIAN_POINT ( 'NONE',  ( 15.68560095264188300, -0.4826262486298922800, 0.8359331836933431300 ) ) ;
#2827 = CARTESIAN_POINT ( 'NONE',  ( 4.012500000000002800, 1.249999999999973100, -0.7216878364870175100 ) ) ;
#2828 = ORIENTED_EDGE ( 'NONE', *, *, #2737, .F. ) ;
#2829 = CARTESIAN_POINT ( 'NONE',  ( 13.33750000000000400, -2.651438096812210700E-016, -1.443375672974033500 ) ) ;
#2830 = DIRECTION ( 'NONE',  ( -1.000000000000000000, 6.018531076210110700E-033, -0.0000000000000000000 ) ) ;
#2831 = FACE_OUTER_BOUND ( 'NONE', #671, .T. ) ;
#2832 = ORIENTED_EDGE ( 'NONE', *, *, #4260, .T. ) ;
#2833 = CARTESIAN_POINT ( 'NONE',  ( 16.07935095264188500, -0.4826262486298919500, 0.8359331836933424600 ) ) ;
#2834 = CARTESIAN_POINT ( 'NONE',  ( 13.37935095264188400, -0.4826262486298919500, 0.8359331836933424600 ) ) ;
#2835 = ORIENTED_EDGE ( 'NONE', *, *, #599, .F. ) ;
#2836 = CARTESIAN_POINT ( 'NONE',  ( 4.373100952641880900, 0.9652524972597842400, 0.5572887891288949000 ) ) ;
#2837 = CYLINDRICAL_SURFACE ( 'NONE', #2476, 1.249999999999973400 ) ;
#2838 = CARTESIAN_POINT ( 'NONE',  ( 15.14185095264188300, 6.824819318074047200E-017, 1.114577578257790000 ) ) ;
#2839 = CARTESIAN_POINT ( 'NONE',  ( 15.76495190528376400, 1.249999999999973400, 0.0000000000000000000 ) ) ;
#2840 = ORIENTED_EDGE ( 'NONE', *, *, #3199, .F. ) ;
#2841 = CARTESIAN_POINT ( 'NONE',  ( 1.973100952641880300, -2.047445795422216600E-016, -1.114577578257790000 ) ) ;
#2842 = CARTESIAN_POINT ( 'NONE',  ( 2.141850952641880700, 6.824819318074054600E-017, 1.114577578257790000 ) ) ;
#2843 = CARTESIAN_POINT ( 'NONE',  ( 0.0000000000000000000, 1.124999999999999300, -1.948557158514985500 ) ) ;
#2844 = CARTESIAN_POINT ( 'NONE',  ( 1.148100952641880800, 0.9652524972597840100, -0.5572887891288955700 ) ) ;
#2845 = ORIENTED_EDGE ( 'NONE', *, *, #5003, .T. ) ;
#2846 = CARTESIAN_POINT ( 'NONE',  ( 16.28560095264188200, -0.4826262486298929500, -0.8359331836933428000 ) ) ;
#2847 = DIRECTION ( 'NONE',  ( 1.000000000000000000, 0.0000000000000000000, 0.0000000000000000000 ) ) ;
#2848 = CARTESIAN_POINT ( 'NONE',  ( 11.20000000000001200, 1.140813169060559200, 0.4115734260371450300 ) ) ;
#2849 = CARTESIAN_POINT ( 'NONE',  ( 15.51685095264188300, 0.9652524972597842400, 0.5572887891288949000 ) ) ;
#2850 = EDGE_CURVE ( 'NONE', #414, #3803, #3634, .T. ) ;
#2851 = CARTESIAN_POINT ( 'NONE',  ( 7.523163845262478600E-033, 1.249999999999973400, 1.530808498934159000E-016 ) ) ;
#2852 = CARTESIAN_POINT ( 'NONE',  ( 4.973100952641880600, -0.9652524972597841300, 0.5572887891288953500 ) ) ;
#2853 = ORIENTED_EDGE ( 'NONE', *, *, #2052, .F. ) ;
#2854 = CARTESIAN_POINT ( 'NONE',  ( 14.61685095264188500, 0.9652524972597842400, 0.5572887891288949000 ) ) ;
#2855 = CARTESIAN_POINT ( 'NONE',  ( 11.77371392896280400, 0.6390624999999868800, 1.106888719211962700 ) ) ;
#2856 = CARTESIAN_POINT ( 'NONE',  ( 3.585600952641880800, -0.4826262486298919500, 0.8359331836933424600 ) ) ;
#2857 = CARTESIAN_POINT ( 'NONE',  ( 1.691850952641880800, 6.824819318074054600E-017, 1.114577578257790000 ) ) ;
#2858 = CARTESIAN_POINT ( 'NONE',  ( -7.523163845262478600E-033, -1.249999999999973400, 0.0000000000000000000 ) ) ;
#2859 = CARTESIAN_POINT ( 'NONE',  ( 1.373100952641880700, -0.9652524972597841300, 0.5572887891288953500 ) ) ;
#2860 =( BOUNDED_CURVE ( )  B_SPLINE_CURVE ( 2, ( #4132, #947, #3393, #1037, #3443, #1430, #1362 ),
 .UNSPECIFIED., .F., .T. ) 
 B_SPLINE_CURVE_WITH_KNOTS ( ( 3, 2, 2, 3 ),
 ( 0.8055555555555555800, 0.8194444444444444200, 0.8333333333333332600, 0.8472222222222222100 ),
 .UNSPECIFIED. ) 
 CURVE ( )  GEOMETRIC_REPRESENTATION_ITEM ( )  RATIONAL_B_SPLINE_CURVE ( ( 1.000000000000000000, 0.8660254037844387100, 1.000000000000000000, 0.8660254037844387100, 1.000000000000000000, 0.8660254037844387100, 1.000000000000000000 ) ) 
 REPRESENTATION_ITEM ( '' )  );
#2861 = CARTESIAN_POINT ( 'NONE',  ( 2.010600952641880700, 0.4826262486298914500, -0.8359331836933428000 ) ) ;
#2862 = CARTESIAN_POINT ( 'NONE',  ( 13.99123797632096400, 0.6390624999999867700, 1.106888719211962500 ) ) ;
#2863 = DIRECTION ( 'NONE',  ( -6.018531076210111400E-033, -1.000000000000000000, 0.0000000000000000000 ) ) ;
#2864 = DIRECTION ( 'NONE',  ( -1.000000000000000000, 6.018531076210110700E-033, -0.0000000000000000000 ) ) ;
#2865 = EDGE_CURVE ( 'NONE', #137, #3862, #548, .T. ) ;
#2866 = CARTESIAN_POINT ( 'NONE',  ( 14.54185095264188700, 0.9652524972597841300, -0.5572887891288955700 ) ) ;
#2867 = CARTESIAN_POINT ( 'NONE',  ( 15.68546460717596200, -0.9979646071760087700, 4.388756761366903200E-013 ) ) ;
#2868 = CARTESIAN_POINT ( 'NONE',  ( 14.35000000000000500, 1.249999999999973400, 0.0000000000000000000 ) ) ;
#2869 = CARTESIAN_POINT ( 'NONE',  ( 15.10435095264188400, 0.4826262486298922800, 0.8359331836933423500 ) ) ;
#2870 = CARTESIAN_POINT ( 'NONE',  ( 11.96121392896280400, -1.278124999999973800, -0.7379258128079745300 ) ) ;
#2871 = CARTESIAN_POINT ( 'NONE',  ( 3.060600952641880500, 0.4826262486298922800, 0.8359331836933423500 ) ) ;
#2872 = CARTESIAN_POINT ( 'NONE',  ( 12.88750000000000500, -2.651438096812210700E-016, -1.443375672974033500 ) ) ;
#2873 = CARTESIAN_POINT ( 'NONE',  ( 2.160600952641880600, 0.4826262486298922800, 0.8359331836933423500 ) ) ;
#2874 = CARTESIAN_POINT ( 'NONE',  ( 2.925000000000002000, -1.249999999999973400, 1.530808498934159000E-016 ) ) ;
#2875 = CARTESIAN_POINT ( 'NONE',  ( 0.0000000000000000000, -1.124999999999998200, -1.948557158514986600 ) ) ;
#2876 = EDGE_CURVE ( 'NONE', #3568, #1783, #2156, .T. ) ;
#2877 = CARTESIAN_POINT ( 'NONE',  ( 2.179350952641880800, -0.4826262486298919500, 0.8359331836933424600 ) ) ;
#2878 = CARTESIAN_POINT ( 'NONE',  ( 13.51060095264188600, -0.9652524972597843500, 1.182093381138184100E-016 ) ) ;
#2879 = ADVANCED_FACE ( 'NONE', ( #4270 ), #3387, .F. ) ;
#2880 = DIRECTION ( 'NONE',  ( -1.000000000000000000, 6.018531076210110700E-033, -0.0000000000000000000 ) ) ;
#2881 = CARTESIAN_POINT ( 'NONE',  ( 4.485600952641880700, -0.4826262486298919500, 0.8359331836933424600 ) ) ;
#2882 = CARTESIAN_POINT ( 'NONE',  ( 4.028737976320960500, 1.278124999999972900, -0.7379258128079757600 ) ) ;
#2883 = ORIENTED_EDGE ( 'NONE', *, *, #523, .T. ) ;
#2884 = AXIS2_PLACEMENT_3D ( 'NONE', #2720, #2736, #256 ) ;
#2885 = CARTESIAN_POINT ( 'NONE',  ( 13.79185095264188400, 6.824819318074047200E-017, 1.114577578257790000 ) ) ;
#2886 = CALENDAR_DATE ( 2021, 25, 8 ) ;
#2887 = CARTESIAN_POINT ( 'NONE',  ( 3.098100952641880600, 6.824819318074054600E-017, 1.114577578257790000 ) ) ;
#2888 = CARTESIAN_POINT ( 'NONE',  ( 5.029350952641880000, -0.4826262486298926200, -0.8359331836933422400 ) ) ;
#2889 = FACE_OUTER_BOUND ( 'NONE', #1618, .T. ) ;
#2890 = ORIENTED_EDGE ( 'NONE', *, *, #3484, .T. ) ;
#2891 = CARTESIAN_POINT ( 'NONE',  ( 0.0000000000000000000, 0.0000000000000000000, 0.0000000000000000000 ) ) ;
#2892 = CARTESIAN_POINT ( 'NONE',  ( 2.198100952641880700, 6.824819318074054600E-017, 1.114577578257790000 ) ) ;
#2893 = VERTEX_POINT ( 'NONE', #5082 ) ;
#2894 = AXIS2_PLACEMENT_3D ( 'NONE', #3250, #1634, #4860 ) ;
#2895 = CARTESIAN_POINT ( 'NONE',  ( 15.68546460717596200, -0.9979646071760087700, 4.388756761366903200E-013 ) ) ;
#2896 = LINE ( 'NONE', #4436, #2081 ) ;
#2897 = CARTESIAN_POINT ( 'NONE',  ( 15.92172769284587700, 1.881931238497224900, 1.511542704210576900 ) ) ;
#2898 = DIRECTION ( 'NONE',  ( -1.000000000000000000, 6.018531076210110700E-033, -0.0000000000000000000 ) ) ;
#2899 = ORIENTED_EDGE ( 'NONE', *, *, #4559, .F. ) ;
#2900 =( BOUNDED_CURVE ( )  B_SPLINE_CURVE ( 2, ( #4301, #4286, #2286, #3488, #5080, #2692, #5114 ),
 .UNSPECIFIED., .F., .T. ) 
 B_SPLINE_CURVE_WITH_KNOTS ( ( 3, 2, 2, 3 ),
 ( 0.2638888888888888400, 0.2777777777777777900, 0.2916666666666666300, 0.3055555555555555800 ),
 .UNSPECIFIED. ) 
 CURVE ( )  GEOMETRIC_REPRESENTATION_ITEM ( )  RATIONAL_B_SPLINE_CURVE ( ( 1.000000000000000000, 0.8660254037844387100, 1.000000000000000000, 0.8660254037844387100, 1.000000000000000000, 0.8660254037844387100, 1.000000000000000000 ) ) 
 REPRESENTATION_ITEM ( '' )  );
#2901 = CARTESIAN_POINT ( 'NONE',  ( 1.189951905283759000, -1.249999999999973400, 1.530808498934159000E-016 ) ) ;
#2902 = VERTEX_POINT ( 'NONE', #3474 ) ;
#2903 = CARTESIAN_POINT ( 'NONE',  ( 1.091850952641880900, 0.9652524972597840100, -0.5572887891288955700 ) ) ;
#2904 = CARTESIAN_POINT ( 'NONE',  ( 15.16060095264188600, 0.4826262486298922800, 0.8359331836933423500 ) ) ;
#2905 = CARTESIAN_POINT ( 'NONE',  ( 11.57935095264188300, -0.4826262486298919500, 0.8359331836933424600 ) ) ;
#2906 = CARTESIAN_POINT ( 'NONE',  ( 4.291237976320960700, -1.278124999999973300, 1.565251690160178100E-016 ) ) ;
#2907 = ORIENTED_EDGE ( 'NONE', *, *, #5036, .T. ) ;
#2908 = CARTESIAN_POINT ( 'NONE',  ( 7.523163845262478600E-033, 1.249999999999973400, 1.530808498934159000E-016 ) ) ;
#2909 = CARTESIAN_POINT ( 'NONE',  ( 14.16685095264188400, 0.9652524972597842400, 0.5572887891288949000 ) ) ;
#2910 = DIRECTION ( 'NONE',  ( 0.0000000000000000000, 0.0000000000000000000, -1.000000000000000000 ) ) ;
#2911 = CARTESIAN_POINT ( 'NONE',  ( 3.360600952641880300, 0.4826262486298914500, -0.8359331836933428000 ) ) ;
#2912 = CARTESIAN_POINT ( 'NONE',  ( 14.18995190528376000, -1.249999999999973400, 1.530808498934159000E-016 ) ) ;
#2913 = DIRECTION ( 'NONE',  ( -6.018531076210111400E-033, -1.000000000000000000, 0.0000000000000000000 ) ) ;
#2914 = CARTESIAN_POINT ( 'NONE',  ( 4.410600952641879700, 0.4826262486298922800, 0.8359331836933423500 ) ) ;
#2915 = ADVANCED_FACE ( 'NONE', ( #4706 ), #3142, .F. ) ;
#2916 = CARTESIAN_POINT ( 'NONE',  ( 0.3472475027402641700, 0.05859585376050534900, 0.9719881438181773300 ) ) ;
#2917 = ORIENTED_EDGE ( 'NONE', *, *, #4679, .F. ) ;
#2918 = CARTESIAN_POINT ( 'NONE',  ( 2.216850952641880900, -0.9652524972597841300, 0.5572887891288953500 ) ) ;
#2919 = CARTESIAN_POINT ( 'NONE',  ( 14.41060095264188400, -0.9652524972597843500, 1.182093381138184100E-016 ) ) ;
#2920 = VERTEX_POINT ( 'NONE', #2642 ) ;
#2921 = EDGE_CURVE ( 'NONE', #2470, #1179, #1491, .T. ) ;
#2922 = CARTESIAN_POINT ( 'NONE',  ( 12.10435095264188400, -0.9652524972597843500, 1.182093381138184100E-016 ) ) ;
#2923 = CARTESIAN_POINT ( 'NONE',  ( 12.89185095264188300, 6.824819318074047200E-017, 1.114577578257790000 ) ) ;
#2924 = CARTESIAN_POINT ( 'NONE',  ( 3.653737976320960500, 1.278124999999973500, 0.7379258128079748700 ) ) ;
#2925 = CARTESIAN_POINT ( 'NONE',  ( 11.63560095264188600, -0.4826262486298919500, 0.8359331836933424600 ) ) ;
#2926 = CARTESIAN_POINT ( 'NONE',  ( 15.79903810567678800, 2.249999999999998700, -1.299038105676843200 ) ) ;
#2927 = CARTESIAN_POINT ( 'NONE',  ( 3.948713928962800200, -0.6390624999999873200, -1.106888719211962500 ) ) ;
#2928 = CARTESIAN_POINT ( 'NONE',  ( 14.45245190528376300, 1.249999999999973400, 0.7216878364870166200 ) ) ;
#2929 =( BOUNDED_CURVE ( )  B_SPLINE_CURVE ( 2, ( #722, #3544, #4367, #2806, #407, #4801, #1989 ),
 .UNSPECIFIED., .F., .T. ) 
 B_SPLINE_CURVE_WITH_KNOTS ( ( 3, 2, 2, 3 ),
 ( 0.05555555555554395100, 0.06944444444443666200, 0.08333333333332949800, 0.09722222222222221000 ),
 .UNSPECIFIED. ) 
 CURVE ( )  GEOMETRIC_REPRESENTATION_ITEM ( )  RATIONAL_B_SPLINE_CURVE ( ( 1.000000000000112100, 0.8660254037843265800, 1.000000000000000000, 0.8660254037844387100, 1.000000000000000000, 0.8660254037844387100, 1.000000000000000000 ) ) 
 REPRESENTATION_ITEM ( '' )  );
#2930 = CARTESIAN_POINT ( 'NONE',  ( 3.510600952641880700, 0.4826262486298922800, 0.8359331836933423500 ) ) ;
#2931 = CARTESIAN_POINT ( 'NONE',  ( 0.0000000000000000000, -1.124999999999998200, -1.948557158514986600 ) ) ;
#2932 = CARTESIAN_POINT ( 'NONE',  ( 0.0000000000000000000, 2.249999999999998700, 0.0000000000000000000 ) ) ;
#2933 = AXIS2_PLACEMENT_3D ( 'NONE', #150, #3757, #4125 ) ;
#2934 = CARTESIAN_POINT ( 'NONE',  ( 1.579350952641881000, 0.9652524972597843500, 0.0000000000000000000 ) ) ;
#2935 = CARTESIAN_POINT ( 'NONE',  ( 13.17310095264188500, -2.047445795422217100E-016, -1.114577578257790000 ) ) ;
#2936 = ADVANCED_FACE ( 'NONE', ( #1367 ), #1744, .F. ) ;
#2937 = CARTESIAN_POINT ( 'NONE',  ( 11.80435095264188300, 0.4826262486298914500, -0.8359331836933428000 ) ) ;
#2938 = CARTESIAN_POINT ( 'NONE',  ( 11.99185095264188300, 6.824819318074047200E-017, 1.114577578257790000 ) ) ;
#2939 = CARTESIAN_POINT ( 'NONE',  ( 5.078737976320960400, 9.036984846634954800E-017, 1.475851625615950000 ) ) ;
#2940 = CARTESIAN_POINT ( 'NONE',  ( 12.38995190528376100, -1.249999999999973400, 1.530808498934159000E-016 ) ) ;
#2941 = CARTESIAN_POINT ( 'NONE',  ( 16.04185095264188400, 6.824819318074047200E-017, 1.114577578257790000 ) ) ;
#2942 = CARTESIAN_POINT ( 'NONE',  ( 14.32371392896280500, 0.6390624999999857700, -1.106888719211963400 ) ) ;
#2943 = CARTESIAN_POINT ( 'NONE',  ( 4.248713928962800400, -0.6390624999999864300, 1.106888719211963000 ) ) ;
#2944 = CARTESIAN_POINT ( 'NONE',  ( 3.398100952641880400, 0.9652524972597840100, -0.5572887891288955700 ) ) ;
#2945 = FACE_OUTER_BOUND ( 'NONE', #245, .T. ) ;
#2946 = FACE_OUTER_BOUND ( 'NONE', #1457, .T. ) ;
#2947 = CARTESIAN_POINT ( 'NONE',  ( 13.17745190528376200, 8.838126989374027500E-017, 1.443375672974033500 ) ) ;
#2948 = COORDINATED_UNIVERSAL_TIME_OFFSET ( 6, 0, .BEHIND. ) ;
#2949 = EDGE_CURVE ( 'NONE', #4400, #3838, #1368, .T. ) ;
#2950 = CARTESIAN_POINT ( 'NONE',  ( 14.10373797632096200, -1.278124999999973300, 0.7379258128079753100 ) ) ;
#2951 = CARTESIAN_POINT ( 'NONE',  ( 4.466850952641880900, -0.9652524972597841300, 0.5572887891288953500 ) ) ;
#2952 = CYLINDRICAL_SURFACE ( 'NONE', #4065, 1.249999999999973400 ) ;
#2953 = ORIENTED_EDGE ( 'NONE', *, *, #2876, .F. ) ;
#2954 = CARTESIAN_POINT ( 'NONE',  ( 13.02310095264188500, -0.9652524972597841300, 0.5572887891288953500 ) ) ;
#2955 = CARTESIAN_POINT ( 'NONE',  ( 15.65275249725973900, -0.7303071827600949900, 0.6311606786510569600 ) ) ;
#2956 = ORIENTED_EDGE ( 'NONE', *, *, #2326, .T. ) ;
#2957 = CARTESIAN_POINT ( 'NONE',  ( 12.10435095264188400, -0.9652524972597843500, 1.182093381138184100E-016 ) ) ;
#2958 = CARTESIAN_POINT ( 'NONE',  ( 0.6112139289628006900, 9.036984846634956000E-017, 1.475851625615950200 ) ) ;
#2959 = CARTESIAN_POINT ( 'NONE',  ( 1.537500000000002500, -1.249999999999973400, 0.7216878364870171800 ) ) ;
#2960 = CONICAL_SURFACE ( 'NONE', #2425, 1.249999999999973400, 0.7853981633978600600 ) ;
#2961 = ORIENTED_EDGE ( 'NONE', *, *, #1640, .T. ) ;
#2962 = CARTESIAN_POINT ( 'NONE',  ( 11.59810095264188600, 6.824819318074047200E-017, 1.114577578257790000 ) ) ;
#2963 = CARTESIAN_POINT ( 'NONE',  ( 13.49871392896280400, 1.278124999999973500, 0.0000000000000000000 ) ) ;
#2964 = ORIENTED_EDGE ( 'NONE', *, *, #2661, .T. ) ;
#2965 = CARTESIAN_POINT ( 'NONE',  ( 3.573713928962800600, 0.6390624999999857700, -1.106888719211963400 ) ) ;
#2966 = CARTESIAN_POINT ( 'NONE',  ( 4.800000000000001600, -1.153408147523177000, 0.3414751193278070500 ) ) ;
#2967 = CARTESIAN_POINT ( 'NONE',  ( 2.910600952641880600, 0.4826262486298914500, -0.8359331836933428000 ) ) ;
#2968 = ADVANCED_FACE ( 'NONE', ( #4264 ), #2064, .F. ) ;
#2969 = FACE_OUTER_BOUND ( 'NONE', #994, .T. ) ;
#2970 = VERTEX_POINT ( 'NONE', #1154 ) ;
#2971 = CARTESIAN_POINT ( 'NONE',  ( -0.07064904735811897200, -0.4826262486298919500, 0.8359331836933424600 ) ) ;
#2972 = EDGE_CURVE ( 'NONE', #1631, #3838, #3829, .T. ) ;
#2973 = CARTESIAN_POINT ( 'NONE',  ( 13.76623797632096400, -0.6390624999999872100, -1.106888719211962300 ) ) ;
#2974 = CARTESIAN_POINT ( 'NONE',  ( 4.054350952641880400, -0.9652524972597843500, 1.182093381138184100E-016 ) ) ;
#2975 = ORIENTED_EDGE ( 'NONE', *, *, #2259, .F. ) ;
#2976 = CARTESIAN_POINT ( 'NONE',  ( 4.302451905283758600, -1.249999999999973100, 0.7216878364870171800 ) ) ;
#2977 = CARTESIAN_POINT ( 'NONE',  ( 11.91685095264188600, 0.9652524972597842400, 0.5572887891288949000 ) ) ;
#2978 = CARTESIAN_POINT ( 'NONE',  ( 13.52935095264188400, -0.4826262486298926200, -0.8359331836933422400 ) ) ;
#2979 = PRODUCT_DEFINITION ( 'UNKNOWN', '', #4249, #78 ) ;
#2980 = CARTESIAN_POINT ( 'NONE',  ( 0.8362139289628007800, -2.711095453990486600E-016, -1.475851625615950200 ) ) ;
#2981 = CARTESIAN_POINT ( 'NONE',  ( 4.339951905283758300, -1.249999999999973400, 1.530808498934159000E-016 ) ) ;
#2982 = B_SPLINE_CURVE_WITH_KNOTS ( 'NONE', 3,
 ( #730, #4332, #3315, #3685, #3664, #4066 ),
 .UNSPECIFIED., .F., .F.,
 ( 4, 2, 4 ),
 ( 0.01300494157530988600, 0.01365009548190223800, 0.01429524938849458800 ),
 .UNSPECIFIED. ) ;
#2983 = CARTESIAN_POINT ( 'NONE',  ( 11.74810095264188400, -0.9652524972597844600, -0.5572887891288946800 ) ) ;
#2984 = CARTESIAN_POINT ( 'NONE',  ( 13.64871392896280400, -0.6390624999999864300, 1.106888719211963000 ) ) ;
#2985 = CARTESIAN_POINT ( 'NONE',  ( 3.311213928962800400, 9.036984846634956000E-017, 1.475851625615950200 ) ) ;
#2986 = CARTESIAN_POINT ( 'NONE',  ( 4.800000000000001600, -1.004611303747640300, 0.6245759833436812500 ) ) ;
#2987 = CARTESIAN_POINT ( 'NONE',  ( 4.523100952641880400, -0.9652524972597841300, 0.5572887891288953500 ) ) ;
#2988 = ORIENTED_EDGE ( 'NONE', *, *, #117, .F. ) ;
#2989 = CARTESIAN_POINT ( 'NONE',  ( 0.4543509526418809700, -0.9652524972597843500, 1.182093381138184100E-016 ) ) ;
#2990 = CARTESIAN_POINT ( 'NONE',  ( 13.87873797632096500, 1.278124999999972900, -0.7379258128079757600 ) ) ;
#2991 = CARTESIAN_POINT ( 'NONE',  ( 14.01685095264188500, -2.047445795422217100E-016, -1.114577578257790000 ) ) ;
#2992 = CARTESIAN_POINT ( 'NONE',  ( 3.454350952641880700, 0.4826262486298922800, 0.8359331836933423500 ) ) ;
#2993 = CARTESIAN_POINT ( 'NONE',  ( 4.227451905283758500, 8.838126989374036100E-017, 1.443375672974033500 ) ) ;
#2994 = EDGE_CURVE ( 'NONE', #4406, #3737, #425, .T. ) ;
#2995 = CARTESIAN_POINT ( 'NONE',  ( 12.85435095264188400, 0.4826262486298922800, 0.8359331836933423500 ) ) ;
#2996 = DIRECTION ( 'NONE',  ( 0.0000000000000000000, 0.0000000000000000000, -1.000000000000000000 ) ) ;
#2997 = CARTESIAN_POINT ( 'NONE',  ( 4.794795364432627800, -1.249999999999954000, -0.09321241478022764000 ) ) ;
#2998 =( BOUNDED_CURVE ( )  B_SPLINE_CURVE ( 2, ( #170, #4653, #3010, #233, #603, #4635, #2180 ),
 .UNSPECIFIED., .F., .T. ) 
 B_SPLINE_CURVE_WITH_KNOTS ( ( 3, 2, 2, 3 ),
 ( 0.1666666666666666600, 0.1805555555555555500, 0.1944444444444444500, 0.2083333333333333400 ),
 .UNSPECIFIED. ) 
 CURVE ( )  GEOMETRIC_REPRESENTATION_ITEM ( )  RATIONAL_B_SPLINE_CURVE ( ( 1.000000000000000000, 0.8660254037844387100, 1.000000000000000000, 0.8660254037844387100, 1.000000000000000000, 0.8660254037844387100, 1.000000000000000000 ) ) 
 REPRESENTATION_ITEM ( '' )  );
#2999 = CARTESIAN_POINT ( 'NONE',  ( 16.22935095264188700, -0.4826262486298926200, -0.8359331836933422400 ) ) ;
#3000 = CARTESIAN_POINT ( 'NONE',  ( 14.09871392896280400, -0.6390624999999864300, 1.106888719211963000 ) ) ;
#3001 = CARTESIAN_POINT ( 'NONE',  ( 3.086213928962800800, -2.711095453990486600E-016, -1.475851625615950200 ) ) ;
#3002 = CARTESIAN_POINT ( 'NONE',  ( 12.53995190528375900, 0.6249999999999856800, -1.082531754730525800 ) ) ;
#3003 = CARTESIAN_POINT ( 'NONE',  ( 2.700000000000002400, 1.249999999999973400, 0.0000000000000000000 ) ) ;
#3004 = EDGE_CURVE ( 'NONE', #4243, #3451, #273, .T. ) ;
#3005 = CARTESIAN_POINT ( 'NONE',  ( 14.06623797632096500, -0.6390624999999863200, 1.106888719211962700 ) ) ;
#3006 = CARTESIAN_POINT ( 'NONE',  ( 15.62935095264188200, -0.4826262486298919500, 0.8359331836933424600 ) ) ;
#3007 = CARTESIAN_POINT ( 'NONE',  ( 4.129350952641880600, -0.4826262486298926200, -0.8359331836933422400 ) ) ;
#3008 = CARTESIAN_POINT ( 'NONE',  ( 16.00000000000000400, -2.249999999999998200, -1.299038105676658200 ) ) ;
#3009 = CARTESIAN_POINT ( 'NONE',  ( 12.04810095264188300, 6.824819318074052200E-017, 1.114577578257790700 ) ) ;
#3010 = CARTESIAN_POINT ( 'NONE',  ( 12.17500000000000600, 0.6249999999999867900, 1.082531754730525100 ) ) ;
#3011 = VECTOR ( 'NONE', #482, 1000.000000000000000 ) ;
#3012 = CARTESIAN_POINT ( 'NONE',  ( 1.698713928962800600, -0.6390624999999873200, -1.106888719211962500 ) ) ;
#3013 = CARTESIAN_POINT ( 'NONE',  ( 16.00000000000000400, 0.0000000000000000000, 0.0000000000000000000 ) ) ;
#3014 = B_SPLINE_CURVE_WITH_KNOTS ( 'NONE', 3,
 ( #3167, #4297, #288, #2726, #1129, #3141 ),
 .UNSPECIFIED., .F., .F.,
 ( 4, 2, 4 ),
 ( 0.001314652396222794100, 0.001969405109320577400, 0.002624157822418361100 ),
 .UNSPECIFIED. ) ;
#3015 = CARTESIAN_POINT ( 'NONE',  ( 13.92310095264188300, -0.9652524972597841300, 0.5572887891288953500 ) ) ;
#3016 = CARTESIAN_POINT ( 'NONE',  ( 12.33621392896280400, -1.278124999999973500, 0.7379258128079755300 ) ) ;
#3017 = CARTESIAN_POINT ( 'NONE',  ( 0.3793509526418809600, -0.4826262486298919500, 0.8359331836933424600 ) ) ;
#3018 = CARTESIAN_POINT ( 'NONE',  ( 12.83995190528376000, -1.249999999999973400, 1.530808498934159000E-016 ) ) ;
#3019 = CONICAL_SURFACE ( 'NONE', #2704, 1.312500000000049700, 0.7853981633973093900 ) ;
#3020 = ORIENTED_EDGE ( 'NONE', *, *, #2188, .F. ) ;
#3021 = CONICAL_SURFACE ( 'NONE', #2315, 1.249999999999973400, 0.7853981633978600600 ) ;
#3022 = CARTESIAN_POINT ( 'NONE',  ( 2.366850952641880800, -2.047445795422216600E-016, -1.114577578257790000 ) ) ;
#3023 = ORIENTED_EDGE ( 'NONE', *, *, #5208, .F. ) ;
#3024 = EDGE_CURVE ( 'NONE', #2648, #4449, #3861, .T. ) ;
#3025 = CARTESIAN_POINT ( 'NONE',  ( 14.85373797632096200, 1.278124999999973500, 0.7379258128079748700 ) ) ;
#3026 = CARTESIAN_POINT ( 'NONE',  ( 14.57935095264188300, 0.9652524972597843500, 0.0000000000000000000 ) ) ;
#3027 = ORIENTED_EDGE ( 'NONE', *, *, #2108, .T. ) ;
#3028 = CARTESIAN_POINT ( 'NONE',  ( 2.404350952641880900, 0.4826262486298914500, -0.8359331836933428000 ) ) ;
#3029 =( BOUNDED_CURVE ( )  B_SPLINE_CURVE ( 2, ( #758, #1981, #3575, #2360, #3555, #2376, #2799 ),
 .UNSPECIFIED., .F., .T. ) 
 B_SPLINE_CURVE_WITH_KNOTS ( ( 3, 2, 2, 3 ),
 ( 0.2916666666666666900, 0.3055555555555555800, 0.3194444444444444200, 0.3333333333333333100 ),
 .UNSPECIFIED. ) 
 CURVE ( )  GEOMETRIC_REPRESENTATION_ITEM ( )  RATIONAL_B_SPLINE_CURVE ( ( 1.000000000000000000, 0.8660254037844387100, 1.000000000000000000, 0.8660254037844387100, 1.000000000000000000, 0.8660254037844387100, 1.000000000000000000 ) ) 
 REPRESENTATION_ITEM ( '' )  );
#3030 = DIRECTION ( 'NONE',  ( -1.000000000000000000, 6.018531076210110700E-033, -0.0000000000000000000 ) ) ;
#3031 = ORIENTED_EDGE ( 'NONE', *, *, #1046, .T. ) ;
#3032 = CARTESIAN_POINT ( 'NONE',  ( 11.97310095264188200, 0.9652524972597850100, 0.5572887891288952300 ) ) ;
#3033 = CARTESIAN_POINT ( 'NONE',  ( 1.436213928962800900, 1.278124999999973800, 0.7379258128079749800 ) ) ;
#3034 = EDGE_LOOP ( 'NONE', ( #5024, #3355, #2292, #2327 ) ) ;
#3035 = DIRECTION ( 'NONE',  ( -6.018531076210111400E-033, -1.000000000000000000, 0.0000000000000000000 ) ) ;
#3036 = AXIS2_PLACEMENT_3D ( 'NONE', #1830, #4636, #1795 ) ;
#3037 = CARTESIAN_POINT ( 'NONE',  ( 15.12310095264188600, 0.9652524972597842400, 0.5572887891288949000 ) ) ;
#3038 = CARTESIAN_POINT ( 'NONE',  ( 11.39185095264188300, 0.9652524972597841300, -0.5572887891288955700 ) ) ;
#3039 = CARTESIAN_POINT ( 'NONE',  ( 0.1168509526418810000, -2.047445795422216600E-016, -1.114577578257790000 ) ) ;
#3040 = CARTESIAN_POINT ( 'NONE',  ( 11.93995190528376100, -1.249999999999973400, 1.530808498934159000E-016 ) ) ;
#3041 = ORIENTED_EDGE ( 'NONE', *, *, #3686, .F. ) ;
#3042 = CARTESIAN_POINT ( 'NONE',  ( 1.391850952641880700, -0.9652524972597844600, -0.5572887891288946800 ) ) ;
#3043 = CARTESIAN_POINT ( 'NONE',  ( 15.86623797632096400, -0.6390624999999863200, 1.106888719211962700 ) ) ;
#3044 = CARTESIAN_POINT ( 'NONE',  ( 0.0000000000000000000, 0.0000000000000000000, 0.0000000000000000000 ) ) ;
#3045 = CARTESIAN_POINT ( 'NONE',  ( 0.1399519052837591700, 0.6249999999999866800, 1.082531754730525100 ) ) ;
#3046 = CARTESIAN_POINT ( 'NONE',  ( 15.77153498502615700, 0.3355990294723318900, -1.040232669979685800 ) ) ;
#3047 = EDGE_LOOP ( 'NONE', ( #4727, #1237, #2065, #3517, #4087, #5141, #2672 ) ) ;
#3048 = ADVANCED_FACE ( 'NONE', ( #611 ), #3940, .T. ) ;
#3049 = DIRECTION ( 'NONE',  ( 0.0000000000000000000, -0.4999999999999993900, -0.8660254037844390400 ) ) ;
#3050 = CARTESIAN_POINT ( 'NONE',  ( 0.0000000000000000000, -1.125000000000000200, 1.948557158514985000 ) ) ;
#3051 = CARTESIAN_POINT ( 'NONE',  ( 13.90000000000000400, 1.249999999999973400, 0.0000000000000000000 ) ) ;
#3052 = B_SPLINE_CURVE_WITH_KNOTS ( 'NONE', 3,
 ( #3554, #1968, #3617, #4808, #4000, #357, #4039, #816, #2848, #3599, #1159, #4377 ),
 .UNSPECIFIED., .F., .F.,
 ( 4, 2, 2, 2, 2, 4 ),
 ( 3.909146525865938400E-019, 0.0006396200025610078600, 0.001279240005122015100, 0.001918860007683022700, 0.002238670008963526400, 0.002558480010244030100 ),
 .UNSPECIFIED. ) ;
#3053 = ORIENTED_EDGE ( 'NONE', *, *, #94, .F. ) ;
#3054 = CARTESIAN_POINT ( 'NONE',  ( 13.62310095264188600, -2.047445795422217400E-016, -1.114577578257790000 ) ) ;
#3055 = CARTESIAN_POINT ( 'NONE',  ( 11.69185095264188400, -0.9652524972597844600, -0.5572887891288946800 ) ) ;
#3056 = CARTESIAN_POINT ( 'NONE',  ( 0.3418509526418809800, 6.824819318074054600E-017, 1.114577578257790000 ) ) ;
#3057 = DIRECTION ( 'NONE',  ( 0.0000000000000000000, -3.338476886082577300E-016, 1.000000000000000000 ) ) ;
#3058 = EDGE_CURVE ( 'NONE', #1338, #4176, #663, .T. ) ;
#3059 = CARTESIAN_POINT ( 'NONE',  ( 2.291850952641880700, -0.9652524972597844600, -0.5572887891288946800 ) ) ;
#3060 = CARTESIAN_POINT ( 'NONE',  ( 0.0000000000000000000, 0.0000000000000000000, 0.0000000000000000000 ) ) ;
#3061 = CARTESIAN_POINT ( 'NONE',  ( 1.162500000000002800, -1.249999999999973600, -0.7216878364870164000 ) ) ;
#3062 = CARTESIAN_POINT ( 'NONE',  ( 15.93749999999990900, -9.592033902709809100E-032, 0.0000000000000000000 ) ) ;
#3063 = CARTESIAN_POINT ( 'NONE',  ( 15.92172769284587700, -1.881931238497224200, -1.511542704210576500 ) ) ;
#3064 = CARTESIAN_POINT ( 'NONE',  ( 11.37310095264188100, -2.047445795422218600E-016, -1.114577578257790700 ) ) ;
#3065 = CARTESIAN_POINT ( 'NONE',  ( 0.0000000000000000000, 0.0000000000000000000, 0.0000000000000000000 ) ) ;
#3066 = CARTESIAN_POINT ( 'NONE',  ( 15.38560095264188600, -0.4826262486298926200, -0.8359331836933422400 ) ) ;
#3067 = CARTESIAN_POINT ( 'NONE',  ( 15.63621392896280700, -2.711095453990487100E-016, -1.475851625615950200 ) ) ;
#3068 = CARTESIAN_POINT ( 'NONE',  ( 1.054350952641880800, 0.4826262486298914500, -0.8359331836933428000 ) ) ;
#3069 = AXIS2_PLACEMENT_3D ( 'NONE', #700, #1528, #469 ) ;
#3070 = EDGE_CURVE ( 'NONE', #4165, #962, #4248, .T. ) ;
#3071 = CARTESIAN_POINT ( 'NONE',  ( 3.960600952641880400, 0.4826262486298922800, 0.8359331836933423500 ) ) ;
#3072 = CARTESIAN_POINT ( 'NONE',  ( 2.591850952641881400, 6.824819318074054600E-017, 1.114577578257790000 ) ) ;
#3073 = CARTESIAN_POINT ( 'NONE',  ( 15.64123797632096400, 0.6390624999999856600, -1.106888719211963200 ) ) ;
#3074 = CARTESIAN_POINT ( 'NONE',  ( 3.964951905283759200, -0.6249999999999872300, -1.082531754730524900 ) ) ;
#3075 = CARTESIAN_POINT ( 'NONE',  ( 0.06250000000002665900, -3.761581922632923700E-034, 0.0000000000000000000 ) ) ;
#3076 = LINE ( 'NONE', #3149, #1996 ) ;
#3077 = CARTESIAN_POINT ( 'NONE',  ( 0.08983405975732326700, -2.249999999999999100, 0.8761658796704932000 ) ) ;
#3078 = CARTESIAN_POINT ( 'NONE',  ( 11.48560095264188300, 0.9652524972597850100, 0.0000000000000000000 ) ) ;
#3079 = DATE_AND_TIME ( #1683, #4957 ) ;
#3080 = CARTESIAN_POINT ( 'NONE',  ( 0.1573871886789614800, -1.155112811321075100, 0.2265577993132857900 ) ) ;
#3081 = CARTESIAN_POINT ( 'NONE',  ( 0.01924333400943522800, -1.506653605801030000, -1.728209346468569900 ) ) ;
#3082 = VECTOR ( 'NONE', #4440, 1000.000000000000000 ) ;
#3083 = ORIENTED_EDGE ( 'NONE', *, *, #4732, .F. ) ;
#3084 = B_SPLINE_CURVE_WITH_KNOTS ( 'NONE', 3,
 ( #3884, #2347, #3936, #659 ),
 .UNSPECIFIED., .F., .F.,
 ( 4, 4 ),
 ( 2.380746839940790900E-007, 0.001314652396222794100 ),
 .UNSPECIFIED. ) ;
#3085 = CARTESIAN_POINT ( 'NONE',  ( 14.03560095264188400, -0.4826262486298926200, -0.8359331836933422400 ) ) ;
#3086 = CARTESIAN_POINT ( 'NONE',  ( 11.42935095264188500, 0.9652524972597843500, 0.0000000000000000000 ) ) ;
#3087 = ORIENTED_EDGE ( 'NONE', *, *, #4933, .T. ) ;
#3088 = CARTESIAN_POINT ( 'NONE',  ( 1.204350952641880700, 0.4826262486298922800, 0.8359331836933423500 ) ) ;
#3089 = CARTESIAN_POINT ( 'NONE',  ( 0.06495190528375918700, 1.249999999999973400, 0.0000000000000000000 ) ) ;
#3090 = LINE ( 'NONE', #4925, #4966 ) ;
#3091 = ORIENTED_EDGE ( 'NONE', *, *, #2789, .F. ) ;
#3092 = EDGE_LOOP ( 'NONE', ( #3899, #954, #1247 ) ) ;
#3093 = CARTESIAN_POINT ( 'NONE',  ( 4.204350952641879900, 0.4826262486298914500, -0.8359331836933428000 ) ) ;
#3094 =( BOUNDED_CURVE ( )  B_SPLINE_CURVE ( 2, ( #4393, #1980, #1549, #403, #2036, #4849, #2448 ),
 .UNSPECIFIED., .F., .T. ) 
 B_SPLINE_CURVE_WITH_KNOTS ( ( 3, 2, 2, 3 ),
 ( 0.5138888888888888400, 0.5277777777777777900, 0.5416666666666666300, 0.5555555555555555800 ),
 .UNSPECIFIED. ) 
 CURVE ( )  GEOMETRIC_REPRESENTATION_ITEM ( )  RATIONAL_B_SPLINE_CURVE ( ( 1.000000000000000000, 0.8660254037844387100, 1.000000000000000000, 0.8660254037844387100, 1.000000000000000000, 0.8660254037844387100, 1.000000000000000000 ) ) 
 REPRESENTATION_ITEM ( '' )  );
#3095 = CONICAL_SURFACE ( 'NONE', #1469, 2.249999999999998700, 1.047197551196600100 ) ;
#3096 =( BOUNDED_CURVE ( )  B_SPLINE_CURVE ( 2, ( #133, #2137, #2158, #2947, #1339, #1786, #1323 ),
 .UNSPECIFIED., .F., .T. ) 
 B_SPLINE_CURVE_WITH_KNOTS ( ( 3, 2, 2, 3 ),
 ( 0.5138888888888888400, 0.5277777777777777900, 0.5416666666666666300, 0.5555555555555555800 ),
 .UNSPECIFIED. ) 
 CURVE ( )  GEOMETRIC_REPRESENTATION_ITEM ( )  RATIONAL_B_SPLINE_CURVE ( ( 1.000000000000000000, 0.8660254037844387100, 1.000000000000000000, 0.8660254037844387100, 1.000000000000000000, 0.8660254037844387100, 1.000000000000000000 ) ) 
 REPRESENTATION_ITEM ( '' )  );
#3097 = EDGE_CURVE ( 'NONE', #416, #1054, #107, .T. ) ;
#3098 = CARTESIAN_POINT ( 'NONE',  ( 15.82873797632096400, 9.036984846634947400E-017, 1.475851625615950000 ) ) ;
#3099 = DIRECTION ( 'NONE',  ( -6.018531076210111400E-033, -1.000000000000000000, 0.0000000000000000000 ) ) ;
#3100 = DIRECTION ( 'NONE',  ( 0.0000000000000000000, -1.000000000000000000, 0.0000000000000000000 ) ) ;
#3101 = ORIENTED_EDGE ( 'NONE', *, *, #4312, .T. ) ;
#3102 = CARTESIAN_POINT ( 'NONE',  ( 4.275000000000002100, -1.249999999999973400, 1.530808498934159000E-016 ) ) ;
#3103 = CARTESIAN_POINT ( 'NONE',  ( 14.48560095264188300, -0.4826262486298929500, -0.8359331836933428000 ) ) ;
#3104 = CARTESIAN_POINT ( 'NONE',  ( 0.1655208718850556800, -1.146979128114992800, 6.489298851295869100E-014 ) ) ;
#3105 = CARTESIAN_POINT ( 'NONE',  ( 11.87500000000000500, -1.249999999999973400, 1.530808498934158800E-016 ) ) ;
#3106 = ORIENTED_EDGE ( 'NONE', *, *, #4665, .F. ) ;
#3107 = CARTESIAN_POINT ( 'NONE',  ( 16.00000000000000400, 9.144215405900934900E-016, -2.598076211353313800 ) ) ;
#3108 = CARTESIAN_POINT ( 'NONE',  ( 15.52371392896280400, -1.278124999999973500, 1.565251690160178300E-016 ) ) ;
#3109 = CARTESIAN_POINT ( 'NONE',  ( 0.2787379763209609800, -1.278124999999973800, -0.7379258128079745300 ) ) ;
#3110 = AXIS2_PLACEMENT_3D ( 'NONE', #3065, #1793, #4186 ) ;
#3111 = DIRECTION ( 'NONE',  ( -1.000000000000000000, 6.018531076210110700E-033, -0.0000000000000000000 ) ) ;
#3112 = CARTESIAN_POINT ( 'NONE',  ( 4.616850952641880400, -2.047445795422216600E-016, -1.114577578257790000 ) ) ;
#3113 = ORIENTED_EDGE ( 'NONE', *, *, #5161, .T. ) ;
#3114 = CARTESIAN_POINT ( 'NONE',  ( 1.789951905283758900, 0.6249999999999856800, -1.082531754730525800 ) ) ;
#3115 = CARTESIAN_POINT ( 'NONE',  ( 15.81250000000000400, 8.838126989374028700E-017, 1.443375672974033500 ) ) ;
#3116 = CARTESIAN_POINT ( 'NONE',  ( 1.312500000000002700, 1.249999999999973100, -0.7216878364870175100 ) ) ;
#3117 = CARTESIAN_POINT ( 'NONE',  ( 4.312500000000001800, -1.249999999999973600, -0.7216878364870164000 ) ) ;
#3118 = CARTESIAN_POINT ( 'NONE',  ( 13.99810095264188300, -0.9652524972597851200, -0.5572887891288950100 ) ) ;
#3119 = CARTESIAN_POINT ( 'NONE',  ( 4.452451905283759000, -2.651438096812210200E-016, -1.443375672974033500 ) ) ;
#3120 = CARTESIAN_POINT ( 'NONE',  ( 15.51250000000000300, -1.249999999999973600, -0.7216878364870164000 ) ) ;
#3121 = CARTESIAN_POINT ( 'NONE',  ( 3.037500000000001900, -2.651438096812210200E-016, -1.443375672974033500 ) ) ;
#3122 = CARTESIAN_POINT ( 'NONE',  ( 12.10435095264188400, -0.9652524972597843500, 1.182093381138184100E-016 ) ) ;
#3123 = CARTESIAN_POINT ( 'NONE',  ( 1.103737976320960900, -1.278124999999973300, 0.7379258128079753100 ) ) ;
#3124 = DIRECTION ( 'NONE',  ( 0.0000000000000000000, 1.000000000000000000, 0.0000000000000000000 ) ) ;
#3125 = EDGE_CURVE ( 'NONE', #3960, #1008, #2982, .T. ) ;
#3126 = DIRECTION ( 'NONE',  ( -6.018531076210111400E-033, -1.000000000000000000, 0.0000000000000000000 ) ) ;
#3127 = CARTESIAN_POINT ( 'NONE',  ( 4.729350952641880200, 0.9652524972597843500, 0.0000000000000000000 ) ) ;
#3128 = CARTESIAN_POINT ( 'NONE',  ( 1.714951905283759000, -0.6249999999999872300, -1.082531754730524900 ) ) ;
#3129 = CARTESIAN_POINT ( 'NONE',  ( 1.350000000000002800, 1.249999999999973400, 0.0000000000000000000 ) ) ;
#3130 = CARTESIAN_POINT ( 'NONE',  ( 7.523163845262478600E-033, 1.249999999999973400, 1.530808498934159000E-016 ) ) ;
#3131 = CARTESIAN_POINT ( 'NONE',  ( 16.00000000000000400, -1.508335473232664800, -1.727238319854173900 ) ) ;
#3132 = AXIS2_PLACEMENT_3D ( 'NONE', #906, #1324, #4530 ) ;
#3133 = CARTESIAN_POINT ( 'NONE',  ( 14.26060095264188400, 0.4826262486298926200, 0.8359331836933430200 ) ) ;
#3134 = DIRECTION ( 'NONE',  ( -1.000000000000000000, 6.018531076210110700E-033, -0.0000000000000000000 ) ) ;
#3135 = CARTESIAN_POINT ( 'NONE',  ( 15.87310095264188300, -2.047445795422217400E-016, -1.114577578257790000 ) ) ;
#3136 = CARTESIAN_POINT ( 'NONE',  ( 13.79185095264188400, 6.824819318074047200E-017, 1.114577578257790000 ) ) ;
#3137 = CARTESIAN_POINT ( 'NONE',  ( 1.291237976320960900, 0.6390624999999856600, -1.106888719211963200 ) ) ;
#3138 = CARTESIAN_POINT ( 'NONE',  ( 4.800000000000000700, -1.236175188449619500, -0.1853939143054096100 ) ) ;
#3139 = CIRCLE ( 'NONE', #3496, 2.249999999999998200 ) ;
#3140 = EDGE_CURVE ( 'NONE', #4990, #3463, #113, .T. ) ;
#3141 = CARTESIAN_POINT ( 'NONE',  ( 15.79903810567678800, 2.249999999999998700, -1.299038105676843200 ) ) ;
#3142 = CYLINDRICAL_SURFACE ( 'NONE', #2576, 1.249999999999973400 ) ;
#3143 = CARTESIAN_POINT ( 'NONE',  ( 4.391850952641880700, 6.824819318074054600E-017, 1.114577578257790000 ) ) ;
#3144 = ORIENTED_EDGE ( 'NONE', *, *, #4534, .T. ) ;
#3145 = CARTESIAN_POINT ( 'NONE',  ( 15.08995190528376200, -1.249999999999973400, 1.530808498934159000E-016 ) ) ;
#3146 = CARTESIAN_POINT ( 'NONE',  ( 16.00000000000000400, -1.312500000000049700, 1.607348923880961900E-016 ) ) ;
#3147 = FACE_OUTER_BOUND ( 'NONE', #1647, .T. ) ;
#3148 = CARTESIAN_POINT ( 'NONE',  ( 12.40000000000000400, -0.6249999999999872300, -1.082531754730524900 ) ) ;
#3149 = CARTESIAN_POINT ( 'NONE',  ( 16.00000000000000400, -2.249999999999998200, -1.299038105676658200 ) ) ;
#3150 = VECTOR ( 'NONE', #1192, 999.9999999999998900 ) ;
#3151 = ORIENTED_EDGE ( 'NONE', *, *, #404, .T. ) ;
#3152 = CARTESIAN_POINT ( 'NONE',  ( 14.22310095264188200, 0.9652524972597850100, 0.5572887891288952300 ) ) ;
#3153 = CARTESIAN_POINT ( 'NONE',  ( 4.377451905283757900, -1.249999999999973400, -0.7216878364870162900 ) ) ;
#3154 = ORIENTED_EDGE ( 'NONE', *, *, #5053, .F. ) ;
#3155 = CARTESIAN_POINT ( 'NONE',  ( 0.5481009526418808600, -0.9652524972597844600, -0.5572887891288946800 ) ) ;
#3156 = CARTESIAN_POINT ( 'NONE',  ( 16.00000000000000400, 2.249999999999998700, 0.0000000000000000000 ) ) ;
#3157 = CARTESIAN_POINT ( 'NONE',  ( 15.86022993090466200, -2.066424524318477100, 1.405025455977997100 ) ) ;
#3158 = LINE ( 'NONE', #1936, #2467 ) ;
#3159 = CARTESIAN_POINT ( 'NONE',  ( 12.14185095264188300, -0.9652524972597844600, -0.5572887891288946800 ) ) ;
#3160 = ADVANCED_FACE ( 'NONE', ( #2643 ), #3449, .F. ) ;
#3161 = CARTESIAN_POINT ( 'NONE',  ( 2.003737976320960600, -1.278124999999973300, 0.7379258128079753100 ) ) ;
#3162 = EDGE_CURVE ( 'NONE', #1745, #300, #2127, .T. ) ;
#3163 = CARTESIAN_POINT ( 'NONE',  ( 0.5149519052837591100, 1.249999999999973400, 0.0000000000000000000 ) ) ;
#3164 = VERTEX_POINT ( 'NONE', #1285 ) ;
#3165 =( BOUNDED_CURVE ( )  B_SPLINE_CURVE ( 2, ( #4504, #2097, #3508, #1072, #4174, #1414, #1827 ),
 .UNSPECIFIED., .F., .T. ) 
 B_SPLINE_CURVE_WITH_KNOTS ( ( 3, 2, 2, 3 ),
 ( 0.4722222222222222100, 0.4861111111111111000, 0.5000000000000000000, 0.5138888888888888400 ),
 .UNSPECIFIED. ) 
 CURVE ( )  GEOMETRIC_REPRESENTATION_ITEM ( )  RATIONAL_B_SPLINE_CURVE ( ( 1.000000000000000000, 0.8660254037844387100, 1.000000000000000000, 0.8660254037844387100, 1.000000000000000000, 0.8660254037844387100, 1.000000000000000000 ) ) 
 REPRESENTATION_ITEM ( '' )  );
#3166 = CARTESIAN_POINT ( 'NONE',  ( 11.71060095264188500, -0.9652524972597843500, 1.182093381138184100E-016 ) ) ;
#3167 = CARTESIAN_POINT ( 'NONE',  ( 16.00000000000000400, 1.124999999999999300, -1.948557158514985500 ) ) ;
#3168 = VERTEX_POINT ( 'NONE', #92 ) ;
#3169 = CARTESIAN_POINT ( 'NONE',  ( 3.266850952641880700, -2.047445795422216600E-016, -1.114577578257790000 ) ) ;
#3170 = CARTESIAN_POINT ( 'NONE',  ( 0.06250000000002665900, 1.249999999999973400, 1.530808498934159000E-016 ) ) ;
#3171 = DIRECTION ( 'NONE',  ( 1.000000000000000000, 0.0000000000000000000, 0.0000000000000000000 ) ) ;
#3172 = CARTESIAN_POINT ( 'NONE',  ( 2.652451905283759200, -2.651438096812210200E-016, -1.443375672974033500 ) ) ;
#3173 = CARTESIAN_POINT ( 'NONE',  ( 11.19999999999995700, -0.6220760513748212500, -0.9062871318984391200 ) ) ;
#3174 = CARTESIAN_POINT ( 'NONE',  ( 14.56060095264188300, 0.4826262486298917900, -0.8359331836933434600 ) ) ;
#3175 = CARTESIAN_POINT ( 'NONE',  ( 0.06250000000002665900, 1.249999999999973400, 1.530808498934159000E-016 ) ) ;
#3176 = CARTESIAN_POINT ( 'NONE',  ( 0.8106009526418808100, 0.4826262486298922800, 0.8359331836933423500 ) ) ;
#3177 = CARTESIAN_POINT ( 'NONE',  ( -7.523163845262478600E-033, -1.249999999999973400, 0.0000000000000000000 ) ) ;
#3178 = AXIS2_PLACEMENT_3D ( 'NONE', #4915, #3300, #2913 ) ;
#3179 = ORIENTED_EDGE ( 'NONE', *, *, #5066, .F. ) ;
#3180 = CARTESIAN_POINT ( 'NONE',  ( 16.00000000000000400, -1.125000000000000200, 1.948557158514985000 ) ) ;
#3181 = CARTESIAN_POINT ( 'NONE',  ( 13.30435095264188500, 0.4826262486298922800, 0.8359331836933423500 ) ) ;
#3182 = CARTESIAN_POINT ( 'NONE',  ( 4.066237976320961100, 1.278124999999973300, 0.0000000000000000000 ) ) ;
#3183 = CARTESIAN_POINT ( 'NONE',  ( 4.714951905283759200, -0.6249999999999863400, 1.082531754730525300 ) ) ;
#3184 = CARTESIAN_POINT ( 'NONE',  ( 3.210600952641880400, -0.9652524972597843500, 1.182093381138184100E-016 ) ) ;
#3185 = ORIENTED_EDGE ( 'NONE', *, *, #1662, .T. ) ;
#3186 = CARTESIAN_POINT ( 'NONE',  ( 12.46060095264188500, 0.4826262486298922800, 0.8359331836933423500 ) ) ;
#3187 = CARTESIAN_POINT ( 'NONE',  ( -7.523163845262478600E-033, -1.249999999999973400, 0.0000000000000000000 ) ) ;
#3188 = CARTESIAN_POINT ( 'NONE',  ( 0.4731009526418809000, -0.9652524972597841300, 0.5572887891288953500 ) ) ;
#3189 = CARTESIAN_POINT ( 'NONE',  ( 2.929350952641880400, 0.9652524972597843500, 0.0000000000000000000 ) ) ;
#3190 = CARTESIAN_POINT ( 'NONE',  ( 0.0000000000000000000, 1.124999999999997800, 1.948557158514986300 ) ) ;
#3191 = DIRECTION ( 'NONE',  ( -6.018531076210111400E-033, -1.000000000000000000, 0.0000000000000000000 ) ) ;
#3192 = CARTESIAN_POINT ( 'NONE',  ( 15.76441577506259200, -0.7266509042632204300, 0.8064961011646696300 ) ) ;
#3193 = CARTESIAN_POINT ( 'NONE',  ( 15.34810095264188200, -0.9652524972597851200, -0.5572887891288950100 ) ) ;
#3194 = CARTESIAN_POINT ( 'NONE',  ( 0.01944140865873146600, 2.249999999999998700, 0.4426439450768440100 ) ) ;
#3195 = DIRECTION ( 'NONE',  ( -1.000000000000000000, -0.0000000000000000000, -0.0000000000000000000 ) ) ;
#3196 = CARTESIAN_POINT ( 'NONE',  ( 14.20435095264188300, 0.4826262486298922800, 0.8359331836933423500 ) ) ;
#3197 = CARTESIAN_POINT ( 'NONE',  ( 3.316237976320960200, -0.6390624999999863200, 1.106888719211962700 ) ) ;
#3198 = CARTESIAN_POINT ( 'NONE',  ( 4.752451905283768600, -1.250000000000120800, 0.7216878364869315800 ) ) ;
#3199 = EDGE_CURVE ( 'NONE', #4840, #4716, #4623, .T. ) ;
#3200 = CARTESIAN_POINT ( 'NONE',  ( 16.00000000000000400, -2.249999999999998700, -7.511572993685794200E-016 ) ) ;
#3201 = CARTESIAN_POINT ( 'NONE',  ( 1.823100952641880400, -0.9652524972597841300, 0.5572887891288953500 ) ) ;
#3202 = CARTESIAN_POINT ( 'NONE',  ( 3.716850952641880900, -2.047445795422216600E-016, -1.114577578257790000 ) ) ;
#3203 = DIRECTION ( 'NONE',  ( 0.0000000000000000000, 0.0000000000000000000, -1.000000000000000000 ) ) ;
#3204 = CARTESIAN_POINT ( 'NONE',  ( 11.55373797632096400, -2.711095453990486600E-016, -1.475851625615950000 ) ) ;
#3205 = CARTESIAN_POINT ( 'NONE',  ( 1.616850952641881100, 0.9652524972597842400, 0.5572887891288949000 ) ) ;
#3206 = CARTESIAN_POINT ( 'NONE',  ( -2.795208725939189900E-017, 2.249999999999998700, 0.2199237090747422100 ) ) ;
#3207 = CYLINDRICAL_SURFACE ( 'NONE', #1503, 1.249999999999973400 ) ;
#3208 = CARTESIAN_POINT ( 'NONE',  ( 16.19185095264188200, -0.9652524972597844600, -0.5572887891288946800 ) ) ;
#3209 = CARTESIAN_POINT ( 'NONE',  ( 0.06250000000002665900, 1.249999999999973400, 1.530808498934159000E-016 ) ) ;
#3210 = FACE_OUTER_BOUND ( 'NONE', #183, .T. ) ;
#3211 = ORIENTED_EDGE ( 'NONE', *, *, #1504, .T. ) ;
#3212 = CARTESIAN_POINT ( 'NONE',  ( 11.29810095264188700, -0.9652524972597845700, -0.5572887891288946800 ) ) ;
#3213 = ORIENTED_EDGE ( 'NONE', *, *, #1713, .F. ) ;
#3214 = CARTESIAN_POINT ( 'NONE',  ( 0.6981009526418807700, 0.9652524972597841300, -0.5572887891288955700 ) ) ;
#3215 = CARTESIAN_POINT ( 'NONE',  ( 4.823100952641881100, 0.9652524972597842400, 0.5572887891288949000 ) ) ;
#3216 = CARTESIAN_POINT ( 'NONE',  ( 1.841850952641880700, -0.9652524972597844600, -0.5572887891288946800 ) ) ;
#3217 = ORIENTED_EDGE ( 'NONE', *, *, #3859, .F. ) ;
#3218 = CARTESIAN_POINT ( 'NONE',  ( 13.30435095264188500, 0.4826262486298922800, 0.8359331836933423500 ) ) ;
#3219 = CARTESIAN_POINT ( 'NONE',  ( 0.3981009526418808300, 6.824819318074054600E-017, 1.114577578257790000 ) ) ;
#3220 = VERTEX_POINT ( 'NONE', #2090 ) ;
#3221 = CARTESIAN_POINT ( 'NONE',  ( 1.973100952641880300, -2.047445795422216600E-016, -1.114577578257790000 ) ) ;
#3222 = CARTESIAN_POINT ( 'NONE',  ( 11.77873797632096300, 9.036984846634947400E-017, 1.475851625615950000 ) ) ;
#3223 = DIRECTION ( 'NONE',  ( -1.000000000000000000, 6.018531076210110700E-033, -0.0000000000000000000 ) ) ;
#3224 = VERTEX_POINT ( 'NONE', #2895 ) ;
#3225 = EDGE_CURVE ( 'NONE', #2458, #1884, #2382, .T. ) ;
#3226 = CARTESIAN_POINT ( 'NONE',  ( 0.7399519052837590900, -1.249999999999973400, 1.530808498934159000E-016 ) ) ;
#3227 = CARTESIAN_POINT ( 'NONE',  ( 4.635600952641880200, -0.4826262486298926200, -0.8359331836933422400 ) ) ;
#3228 = CARTESIAN_POINT ( 'NONE',  ( 3.548100952641880700, 6.824819318074054600E-017, 1.114577578257790000 ) ) ;
#3229 = ORIENTED_EDGE ( 'NONE', *, *, #851, .F. ) ;
#3230 = CARTESIAN_POINT ( 'NONE',  ( 12.12310095264188400, -0.9652524972597841300, 0.5572887891288953500 ) ) ;
#3231 = CARTESIAN_POINT ( 'NONE',  ( 12.72745190528376100, 8.838126989374027500E-017, 1.443375672974033500 ) ) ;
#3232 = CARTESIAN_POINT ( 'NONE',  ( 2.198100952641880700, 6.824819318074054600E-017, 1.114577578257790000 ) ) ;
#3233 = CARTESIAN_POINT ( 'NONE',  ( 2.291850952641880700, -0.9652524972597844600, -0.5572887891288946800 ) ) ;
#3234 = AXIS2_PLACEMENT_3D ( 'NONE', #193, #3806, #3035 ) ;
#3235 = CARTESIAN_POINT ( 'NONE',  ( 0.08888936014670140200, -2.249999999999998200, -0.8717004449691181400 ) ) ;
#3236 = CARTESIAN_POINT ( 'NONE',  ( 0.6231009526418809200, -2.047445795422216600E-016, -1.114577578257790000 ) ) ;
#3237 = ADVANCED_FACE ( 'NONE', ( #355 ), #1547, .F. ) ;
#3238 = VERTEX_POINT ( 'NONE', #1579 ) ;
#3239 = CARTESIAN_POINT ( 'NONE',  ( 16.17310095264188500, -0.9652524972597847900, 0.5572887891288956800 ) ) ;
#3240 = DIRECTION ( 'NONE',  ( -1.000000000000000000, 6.018531076210110700E-033, -0.0000000000000000000 ) ) ;
#3241 = CARTESIAN_POINT ( 'NONE',  ( 1.373100952641880700, -0.9652524972597841300, 0.5572887891288953500 ) ) ;
#3242 = CARTESIAN_POINT ( 'NONE',  ( 0.6750000000000026000, -1.249999999999973400, 1.530808498934159000E-016 ) ) ;
#3243 = EDGE_CURVE ( 'NONE', #4848, #1767, #1764, .T. ) ;
#3244 = CARTESIAN_POINT ( 'NONE',  ( 15.70435095264188500, -0.9652524972597843500, 1.182093381138184100E-016 ) ) ;
#3245 = CARTESIAN_POINT ( 'NONE',  ( 4.710600952641881300, 0.4826262486298914500, -0.8359331836933428000 ) ) ;
#3246 = CARTESIAN_POINT ( 'NONE',  ( 14.54185095264188700, 0.9652524972597841300, -0.5572887891288955700 ) ) ;
#3247 = CC_DESIGN_DATE_AND_TIME_ASSIGNMENT ( #3324, #2380, ( #2979 ) ) ;
#3248 = CARTESIAN_POINT ( 'NONE',  ( 1.035600952641880800, -0.4826262486298926200, -0.8359331836933422400 ) ) ;
#3249 = CARTESIAN_POINT ( 'NONE',  ( 1.954350952641880700, 0.4826262486298914500, -0.8359331836933428000 ) ) ;
#3250 = CARTESIAN_POINT ( 'NONE',  ( 0.0000000000000000000, 0.0000000000000000000, 0.0000000000000000000 ) ) ;
#3251 = CARTESIAN_POINT ( 'NONE',  ( 0.7356009526418808600, 0.9652524972597843500, 0.0000000000000000000 ) ) ;
#3252 = CARTESIAN_POINT ( 'NONE',  ( 11.96623797632096500, -0.6390624999999872100, -1.106888719211962300 ) ) ;
#3253 = CARTESIAN_POINT ( 'NONE',  ( 14.95000000000000600, -0.6249999999999863400, 1.082531754730525300 ) ) ;
#3254 = CARTESIAN_POINT ( 'NONE',  ( 0.3649519052837590900, -0.6249999999999872300, -1.082531754730524900 ) ) ;
#3255 = CARTESIAN_POINT ( 'NONE',  ( 15.89185095264188300, 0.9652524972597841300, -0.5572887891288955700 ) ) ;
#3256 = CARTESIAN_POINT ( 'NONE',  ( 0.07827230715412621100, 0.3680687615027716800, 2.385571612819396700 ) ) ;
#3257 = CARTESIAN_POINT ( 'NONE',  ( 4.823100952641881100, 0.9652524972597842400, 0.5572887891288949000 ) ) ;
#3258 = CARTESIAN_POINT ( 'NONE',  ( 15.62935095264188200, -0.4826262486298919500, 0.8359331836933424600 ) ) ;
#3259 = DIRECTION ( 'NONE',  ( -1.000000000000000000, 6.018531076210110700E-033, -0.0000000000000000000 ) ) ;
#3260 = FACE_OUTER_BOUND ( 'NONE', #740, .T. ) ;
#3261 = CARTESIAN_POINT ( 'NONE',  ( 3.885600952641880700, 0.9652524972597843500, 0.0000000000000000000 ) ) ;
#3262 = CARTESIAN_POINT ( 'NONE',  ( -7.523163845262478600E-033, -1.249999999999973400, 0.0000000000000000000 ) ) ;
#3263 = CARTESIAN_POINT ( 'NONE',  ( 12.38995190528376100, -1.249999999999973400, 1.530808498934159000E-016 ) ) ;
#3264 = CARTESIAN_POINT ( 'NONE',  ( 1.335600952641880600, -0.4826262486298919500, 0.8359331836933424600 ) ) ;
#3265 = LINE ( 'NONE', #4349, #4076 ) ;
#3266 = ORIENTED_EDGE ( 'NONE', *, *, #4213, .F. ) ;
#3267 = CARTESIAN_POINT ( 'NONE',  ( 12.37873797632096300, -1.278124999999973800, -0.7379258128079745300 ) ) ;
#3268 = DIRECTION ( 'NONE',  ( -1.000000000000000000, 6.018531076210110700E-033, -0.0000000000000000000 ) ) ;
#3269 = ORIENTED_EDGE ( 'NONE', *, *, #3620, .T. ) ;
#3270 = CARTESIAN_POINT ( 'NONE',  ( 15.79903810567666300, 1.137610859620437800E-015, -2.598076211353313300 ) ) ;
#3271 = ORIENTED_EDGE ( 'NONE', *, *, #348, .F. ) ;
#3272 = CARTESIAN_POINT ( 'NONE',  ( 15.81685095264188200, -2.047445795422217400E-016, -1.114577578257790000 ) ) ;
#3273 = CARTESIAN_POINT ( 'NONE',  ( 0.2959410138103870100, 0.9863103408128058900, -0.2832934994204564500 ) ) ;
#3274 = ORIENTED_EDGE ( 'NONE', *, *, #1589, .T. ) ;
#3275 = CC_DESIGN_PERSON_AND_ORGANIZATION_ASSIGNMENT ( #1303, #1644, ( #2979 ) ) ;
#3276 = CARTESIAN_POINT ( 'NONE',  ( 3.203737976320960800, 1.278124999999973500, 0.7379258128079748700 ) ) ;
#3277 = FACE_OUTER_BOUND ( 'NONE', #4783, .T. ) ;
#3278 = CONICAL_SURFACE ( 'NONE', #3322, 1.312500000000049700, 0.7853981633973093900 ) ;
#3279 = CARTESIAN_POINT ( 'NONE',  ( 13.56685095264188400, -2.047445795422217400E-016, -1.114577578257790000 ) ) ;
#3280 = DIRECTION ( 'NONE',  ( 1.000000000000000000, 0.0000000000000000000, 0.0000000000000000000 ) ) ;
#3281 = VERTEX_POINT ( 'NONE', #396 ) ;
#3282 = CARTESIAN_POINT ( 'NONE',  ( 3.210600952641880400, -0.9652524972597843500, 1.182093381138184100E-016 ) ) ;
#3283 = CARTESIAN_POINT ( 'NONE',  ( 14.56495190528376300, -0.6249999999999863400, 1.082531754730525300 ) ) ;
#3284 = CARTESIAN_POINT ( 'NONE',  ( 1.073100952641880700, -2.047445795422216600E-016, -1.114577578257790000 ) ) ;
#3285 = ADVANCED_FACE ( 'NONE', ( #5133 ), #3207, .F. ) ;
#3286 = ORIENTED_EDGE ( 'NONE', *, *, #1372, .T. ) ;
#3287 = CARTESIAN_POINT ( 'NONE',  ( 0.0000000000000000000, 0.0000000000000000000, 0.0000000000000000000 ) ) ;
#3288 = ADVANCED_BREP_SHAPE_REPRESENTATION ( '95947A011_Aluminum Female Threaded Hex Standoff', ( #4117, #1823 ), #4684 ) ;
#3289 = CARTESIAN_POINT ( 'NONE',  ( 15.98055859134127300, 2.249999999999998700, 0.4426439450768460100 ) ) ;
#3290 = CARTESIAN_POINT ( 'NONE',  ( 0.8668509526418809500, -0.9652524972597841300, 0.5572887891288953500 ) ) ;
#3291 = CARTESIAN_POINT ( 'NONE',  ( 12.83560095264188500, 0.9652524972597843500, 0.0000000000000000000 ) ) ;
#3292 = EDGE_CURVE ( 'NONE', #4538, #3220, #1432, .T. ) ;
#3293 = CARTESIAN_POINT ( 'NONE',  ( 4.050000000000002500, 1.249999999999973400, 0.0000000000000000000 ) ) ;
#3294 = CARTESIAN_POINT ( 'NONE',  ( 4.553737976320960900, 1.278124999999973500, 0.7379258128079748700 ) ) ;
#3295 = EDGE_LOOP ( 'NONE', ( #878, #5212, #2961, #1376 ) ) ;
#3296 = CARTESIAN_POINT ( 'NONE',  ( 14.91685095264188600, -2.047445795422217400E-016, -1.114577578257790000 ) ) ;
#3297 = CARTESIAN_POINT ( 'NONE',  ( 11.47371392896280400, -1.278124999999973500, 1.565251690160178300E-016 ) ) ;
#3298 = CARTESIAN_POINT ( 'NONE',  ( 3.135600952641880200, -0.4826262486298919500, 0.8359331836933424600 ) ) ;
#3299 = CARTESIAN_POINT ( 'NONE',  ( 4.504350952641880600, -0.9652524972597843500, 1.182093381138184100E-016 ) ) ;
#3300 = DIRECTION ( 'NONE',  ( -1.000000000000000000, 6.018531076210110700E-033, -0.0000000000000000000 ) ) ;
#3301 = CARTESIAN_POINT ( 'NONE',  ( 2.535600952641880600, 0.9652524972597843500, 0.0000000000000000000 ) ) ;
#3302 = ORIENTED_EDGE ( 'NONE', *, *, #2594, .T. ) ;
#3303 = CARTESIAN_POINT ( 'NONE',  ( 1.391850952641880700, -0.9652524972597845700, -0.5572887891288946800 ) ) ;
#3304 = CARTESIAN_POINT ( 'NONE',  ( 13.28560095264188600, 0.9652524972597843500, 0.0000000000000000000 ) ) ;
#3305 = ADVANCED_FACE ( 'NONE', ( #229 ), #2614, .F. ) ;
#3306 = DIRECTION ( 'NONE',  ( -1.000000000000000000, 6.018531076210110700E-033, -0.0000000000000000000 ) ) ;
#3307 = CARTESIAN_POINT ( 'NONE',  ( 12.51685095264188500, -0.9652524972597841300, 0.5572887891288953500 ) ) ;
#3308 = CARTESIAN_POINT ( 'NONE',  ( 4.703737976320960400, -1.278124999999973300, 0.7379258128079753100 ) ) ;
#3309 = CARTESIAN_POINT ( 'NONE',  ( 13.96495190528376200, 1.249999999999973400, 0.0000000000000000000 ) ) ;
#3310 = CARTESIAN_POINT ( 'NONE',  ( 14.65435095264188400, 0.4826262486298922800, 0.8359331836933423500 ) ) ;
#3311 = CARTESIAN_POINT ( 'NONE',  ( 10.94871392896280500, -0.6390624999999864300, 1.106888719211963000 ) ) ;
#3312 = CARTESIAN_POINT ( 'NONE',  ( 4.916850952641881100, -0.9652524972597841300, 0.5572887891288953500 ) ) ;
#3313 =( BOUNDED_CURVE ( )  B_SPLINE_CURVE ( 2, ( #376, #1571, #2762, #4775, #4807, #2810, #391 ),
 .UNSPECIFIED., .F., .T. ) 
 B_SPLINE_CURVE_WITH_KNOTS ( ( 3, 2, 2, 3 ),
 ( 0.5972222222222222100, 0.6111111111111111600, 0.6250000000000000000, 0.6388888888888888400 ),
 .UNSPECIFIED. ) 
 CURVE ( )  GEOMETRIC_REPRESENTATION_ITEM ( )  RATIONAL_B_SPLINE_CURVE ( ( 1.000000000000000000, 0.8660254037844387100, 1.000000000000000000, 0.8660254037844387100, 1.000000000000000000, 0.8660254037844387100, 1.000000000000000000 ) ) 
 REPRESENTATION_ITEM ( '' )  );
#3314 = CARTESIAN_POINT ( 'NONE',  ( 13.86250000000000600, 1.249999999999972900, -0.7216878364870175100 ) ) ;
#3315 = CARTESIAN_POINT ( 'NONE',  ( 15.91111063985329100, 2.249999999999998700, -0.8717004449691908600 ) ) ;
#3316 = EDGE_CURVE ( 'NONE', #1373, #309, #4728, .T. ) ;
#3317 = CARTESIAN_POINT ( 'NONE',  ( 2.029350952641880900, 0.9652524972597843500, 0.0000000000000000000 ) ) ;
#3318 = CARTESIAN_POINT ( 'NONE',  ( 14.78560095264188400, -0.4826262486298919500, 0.8359331836933424600 ) ) ;
#3319 = CARTESIAN_POINT ( 'NONE',  ( 11.16685095264188600, -0.9652524972597841300, 0.5572887891288953500 ) ) ;
#3320 = CARTESIAN_POINT ( 'NONE',  ( 13.19185095264188400, 0.9652524972597840100, -0.5572887891288955700 ) ) ;
#3321 = CARTESIAN_POINT ( 'NONE',  ( -0.02628607103719916500, 0.6390624999999857700, -1.106888719211963400 ) ) ;
#3322 = AXIS2_PLACEMENT_3D ( 'NONE', #4731, #1912, #3124 ) ;
#3323 = CARTESIAN_POINT ( 'NONE',  ( 11.71060095264188500, -0.9652524972597843500, 1.182093381138184100E-016 ) ) ;
#3324 = DATE_AND_TIME ( #2823, #4642 ) ;
#3325 = CARTESIAN_POINT ( 'NONE',  ( 11.17371392896280500, 0.6390624999999857700, -1.106888719211963400 ) ) ;
#3326 = CARTESIAN_POINT ( 'NONE',  ( 2.711213928962800800, 1.278124999999973300, -0.7379258128079758700 ) ) ;
#3327 = CARTESIAN_POINT ( 'NONE',  ( 4.279350952641880900, 0.9652524972597843500, 0.0000000000000000000 ) ) ;
#3328 = CYLINDRICAL_SURFACE ( 'NONE', #4341, 1.249999999999973400 ) ;
#3329 = VERTEX_POINT ( 'NONE', #3371 ) ;
#3330 = CARTESIAN_POINT ( 'NONE',  ( 3.735600952641880700, -0.4826262486298926200, -0.8359331836933422400 ) ) ;
#3331 = ADVANCED_FACE ( 'NONE', ( #2256 ), #723, .F. ) ;
#3332 = ORIENTED_EDGE ( 'NONE', *, *, #1504, .F. ) ;
#3333 = VECTOR ( 'NONE', #4289, 1000.000000000000000 ) ;
#3334 = CARTESIAN_POINT ( 'NONE',  ( 1.050000000000002700, -0.6249999999999863400, 1.082531754730525300 ) ) ;
#3335 = EDGE_CURVE ( 'NONE', #1437, #4910, #4562, .T. ) ;
#3336 = ORIENTED_EDGE ( 'NONE', *, *, #1865, .T. ) ;
#3337 = CARTESIAN_POINT ( 'NONE',  ( 1.339951905283759000, 0.6249999999999856800, -1.082531754730525800 ) ) ;
#3338 = ORIENTED_EDGE ( 'NONE', *, *, #4239, .F. ) ;
#3339 = CARTESIAN_POINT ( 'NONE',  ( 2.479350952641880700, 0.9652524972597843500, 0.0000000000000000000 ) ) ;
#3340 = CARTESIAN_POINT ( 'NONE',  ( 13.21060095264188500, 0.4826262486298914500, -0.8359331836933428000 ) ) ;
#3341 = FACE_OUTER_BOUND ( 'NONE', #640, .T. ) ;
#3342 = CARTESIAN_POINT ( 'NONE',  ( 12.29185095264188400, 0.9652524972597841300, -0.5572887891288955700 ) ) ;
#3343 = CARTESIAN_POINT ( 'NONE',  ( 12.77935095264188400, 0.9652524972597843500, 0.0000000000000000000 ) ) ;
#3344 = CC_DESIGN_APPROVAL ( #1276, ( #2741 ) ) ;
#3345 = ORIENTED_EDGE ( 'NONE', *, *, #4397, .F. ) ;
#3346 = CARTESIAN_POINT ( 'NONE',  ( 7.523163845262478600E-033, 1.249999999999973400, 1.530808498934159000E-016 ) ) ;
#3347 = CARTESIAN_POINT ( 'NONE',  ( 12.98560095264188500, -0.4826262486298919500, 0.8359331836933424600 ) ) ;
#3348 = CARTESIAN_POINT ( 'NONE',  ( 12.63621392896280300, 1.278124999999973800, 0.7379258128079749800 ) ) ;
#3349 = CARTESIAN_POINT ( 'NONE',  ( 4.286213928962801000, -1.278124999999973500, 0.7379258128079755300 ) ) ;
#3350 = CARTESIAN_POINT ( 'NONE',  ( 3.810600952641880000, 0.4826262486298914500, -0.8359331836933428000 ) ) ;
#3351 = VERTEX_POINT ( 'NONE', #4237 ) ;
#3352 = CARTESIAN_POINT ( 'NONE',  ( 14.32873797632096200, 1.278124999999972900, -0.7379258128079757600 ) ) ;
#3353 = CARTESIAN_POINT ( 'NONE',  ( 3.229350952641880700, -0.4826262486298926200, -0.8359331836933422400 ) ) ;
#3354 = CARTESIAN_POINT ( 'NONE',  ( 13.81060095264188400, 0.4826262486298922800, 0.8359331836933423500 ) ) ;
#3355 = ORIENTED_EDGE ( 'NONE', *, *, #4141, .T. ) ;
#3356 = ADVANCED_FACE ( 'NONE', ( #2763 ), #4895, .F. ) ;
#3357 = EDGE_CURVE ( 'NONE', #1745, #3224, #4188, .T. ) ;
#3358 = CARTESIAN_POINT ( 'NONE',  ( 13.07935095264188300, -0.4826262486298926200, -0.8359331836933422400 ) ) ;
#3359 = CARTESIAN_POINT ( 'NONE',  ( 13.30435095264188500, 0.4826262486298922800, 0.8359331836933423500 ) ) ;
#3360 = CARTESIAN_POINT ( 'NONE',  ( 11.27500000000000600, 0.6249999999999867900, 1.082531754730525100 ) ) ;
#3361 = CARTESIAN_POINT ( 'NONE',  ( 16.00435095264188200, 0.4826262486298922800, 0.8359331836933423500 ) ) ;
#3362 = CARTESIAN_POINT ( 'NONE',  ( 13.61121392896280500, 9.036984846634948600E-017, 1.475851625615950200 ) ) ;
#3363 = CARTESIAN_POINT ( 'NONE',  ( 2.411213928962801000, 9.036984846634956000E-017, 1.475851625615950200 ) ) ;
#3364 = CARTESIAN_POINT ( 'NONE',  ( 0.7774519052837590700, -1.249999999999973400, -0.7216878364870162900 ) ) ;
#3365 = AXIS2_PLACEMENT_3D ( 'NONE', #4471, #2389, #1612 ) ;
#3366 = CARTESIAN_POINT ( 'NONE',  ( 4.073100952641881100, -0.9652524972597841300, 0.5572887891288953500 ) ) ;
#3367 = CARTESIAN_POINT ( 'NONE',  ( 0.9375000000000026600, 1.249999999999973400, 0.7216878364870166200 ) ) ;
#3368 = CARTESIAN_POINT ( 'NONE',  ( 13.69123797632096300, -1.278124999999973300, 1.565251690160178100E-016 ) ) ;
#3369 = DIRECTION ( 'NONE',  ( -1.000000000000000000, 6.018531076210110700E-033, -0.0000000000000000000 ) ) ;
#3370 = CARTESIAN_POINT ( 'NONE',  ( 3.379350952641881000, 0.9652524972597843500, 0.0000000000000000000 ) ) ;
#3371 = CARTESIAN_POINT ( 'NONE',  ( 0.4500000000000027900, 1.249999999999973400, 0.0000000000000000000 ) ) ;
#3372 = CARTESIAN_POINT ( 'NONE',  ( 12.47935095264188400, -0.4826262486298919500, 0.8359331836933424600 ) ) ;
#3373 = CARTESIAN_POINT ( 'NONE',  ( 12.32935095264188500, 0.9652524972597843500, 0.0000000000000000000 ) ) ;
#3374 = CARTESIAN_POINT ( 'NONE',  ( 0.6487139289628007800, -0.6390624999999864300, 1.106888719211963000 ) ) ;
#3375 = CARTESIAN_POINT ( 'NONE',  ( 11.20000000000000500, 1.249999999999973400, 0.0000000000000000000 ) ) ;
#3376 = B_SPLINE_CURVE_WITH_KNOTS ( 'NONE', 3,
 ( #2222, #625, #1026, #220 ),
 .UNSPECIFIED., .F., .F.,
 ( 4, 4 ),
 ( 0.001681866546599652000, 0.001911265235344470100 ),
 .UNSPECIFIED. ) ;
#3377 = CARTESIAN_POINT ( 'NONE',  ( 11.93560095264188400, 0.9652524972597843500, 0.0000000000000000000 ) ) ;
#3378 = CARTESIAN_POINT ( 'NONE',  ( 13.94871392896280300, 1.278124999999973500, 0.0000000000000000000 ) ) ;
#3379 = CARTESIAN_POINT ( 'NONE',  ( 2.598713928962800500, -0.6390624999999873200, -1.106888719211962500 ) ) ;
#3380 = CARTESIAN_POINT ( 'NONE',  ( 4.635600952641880200, -0.4826262486298926200, -0.8359331836933422400 ) ) ;
#3381 = ADVANCED_FACE ( 'NONE', ( #1165 ), #4326, .T. ) ;
#3382 = FACE_OUTER_BOUND ( 'NONE', #3479, .T. ) ;
#3383 = EDGE_CURVE ( 'NONE', #5022, #616, #5193, .T. ) ;
#3384 = CARTESIAN_POINT ( 'NONE',  ( 14.66623797632096400, -0.6390624999999872100, -1.106888719211962300 ) ) ;
#3385 = CARTESIAN_POINT ( 'NONE',  ( 14.99185095264188300, 0.9652524972597840100, -0.5572887891288955700 ) ) ;
#3386 = CARTESIAN_POINT ( 'NONE',  ( 2.629350952641880600, -0.4826262486298919500, 0.8359331836933424600 ) ) ;
#3387 = CYLINDRICAL_SURFACE ( 'NONE', #564, 1.249999999999973400 ) ;
#3388 = ORIENTED_EDGE ( 'NONE', *, *, #3422, .F. ) ;
#3389 = DIRECTION ( 'NONE',  ( -0.0000000000000000000, 0.4999999999999994400, 0.8660254037844390400 ) ) ;
#3390 = CARTESIAN_POINT ( 'NONE',  ( 11.42935095264188500, 0.9652524972597843500, 0.0000000000000000000 ) ) ;
#3391 = ORIENTED_EDGE ( 'NONE', *, *, #1458, .T. ) ;
#3392 = CARTESIAN_POINT ( 'NONE',  ( 11.72500000000000500, 0.6249999999999867900, 1.082531754730525100 ) ) ;
#3393 = CARTESIAN_POINT ( 'NONE',  ( 11.63995190528376300, 0.6249999999999856800, -1.082531754730525800 ) ) ;
#3394 = VECTOR ( 'NONE', #4053, 1000.000000000000000 ) ;
#3395 = VERTEX_POINT ( 'NONE', #1076 ) ;
#3396 = AXIS2_PLACEMENT_3D ( 'NONE', #22, #2847, #1620 ) ;
#3397 = CARTESIAN_POINT ( 'NONE',  ( 11.56060095264188400, 0.4826262486298922800, 0.8359331836933423500 ) ) ;
#3398 = CARTESIAN_POINT ( 'NONE',  ( 12.29871392896280300, -0.6390624999999864300, 1.106888719211963000 ) ) ;
#3399 = ORIENTED_EDGE ( 'NONE', *, *, #2688, .F. ) ;
#3400 = CARTESIAN_POINT ( 'NONE',  ( 4.736213928962800200, -1.278124999999973500, 0.7379258128079755300 ) ) ;
#3401 = CARTESIAN_POINT ( 'NONE',  ( 0.9649519052837589600, 1.249999999999973400, 0.0000000000000000000 ) ) ;
#3402 =( NAMED_UNIT ( * ) SI_UNIT ( $, .STERADIAN. ) SOLID_ANGLE_UNIT ( ) );
#3403 = ORIENTED_EDGE ( 'NONE', *, *, #2345, .F. ) ;
#3404 = CARTESIAN_POINT ( 'NONE',  ( 1.091850952641880900, 0.9652524972597841300, -0.5572887891288955700 ) ) ;
#3405 = EDGE_CURVE ( 'NONE', #679, #1758, #3802, .T. ) ;
#3406 = CARTESIAN_POINT ( 'NONE',  ( 14.25373797632096500, -2.711095453990486600E-016, -1.475851625615950000 ) ) ;
#3407 = CARTESIAN_POINT ( 'NONE',  ( 14.65435095264188400, 0.4826262486298922800, 0.8359331836933423500 ) ) ;
#3408 = CARTESIAN_POINT ( 'NONE',  ( 4.204350952641879900, 0.4826262486298914500, -0.8359331836933428000 ) ) ;
#3409 = ORIENTED_EDGE ( 'NONE', *, *, #2071, .F. ) ;
#3410 =( BOUNDED_CURVE ( )  B_SPLINE_CURVE ( 2, ( #4611, #953, #3770, #1763, #4572, #2172, #3018 ),
 .UNSPECIFIED., .F., .T. ) 
 B_SPLINE_CURVE_WITH_KNOTS ( ( 3, 2, 2, 3 ),
 ( 0.5555555555555555800, 0.5694444444444444200, 0.5833333333333332600, 0.5972222222222222100 ),
 .UNSPECIFIED. ) 
 CURVE ( )  GEOMETRIC_REPRESENTATION_ITEM ( )  RATIONAL_B_SPLINE_CURVE ( ( 1.000000000000000000, 0.8660254037844387100, 1.000000000000000000, 0.8660254037844387100, 1.000000000000000000, 0.8660254037844387100, 1.000000000000000000 ) ) 
 REPRESENTATION_ITEM ( '' )  );
#3411 = CARTESIAN_POINT ( 'NONE',  ( 0.9649519052837589600, 1.249999999999973400, 0.0000000000000000000 ) ) ;
#3412 = CARTESIAN_POINT ( 'NONE',  ( 11.11060095264188300, 0.4826262486298926200, 0.8359331836933430200 ) ) ;
#3413 = CARTESIAN_POINT ( 'NONE',  ( 11.83750000000000600, -1.249999999999973100, 0.7216878364870171800 ) ) ;
#3414 = CARTESIAN_POINT ( 'NONE',  ( 1.248713928962800600, -0.6390624999999873200, -1.106888719211962500 ) ) ;
#3415 = CARTESIAN_POINT ( 'NONE',  ( 11.93995190528376100, -1.249999999999973400, 1.530808498934159000E-016 ) ) ;
#3416 = B_SPLINE_CURVE_WITH_KNOTS ( 'NONE', 3,
 ( #2303, #4307, #322, #2719, #5104, #718 ),
 .UNSPECIFIED., .F., .F.,
 ( 4, 2, 4 ),
 ( 0.006847059459796640000, 0.007264029969568540900, 0.007681000479340441800 ),
 .UNSPECIFIED. ) ;
#3417 = CARTESIAN_POINT ( 'NONE',  ( 14.07310095264188600, -2.047445795422217400E-016, -1.114577578257790000 ) ) ;
#3418 = CARTESIAN_POINT ( 'NONE',  ( 13.83621392896280300, -2.711095453990487100E-016, -1.475851625615950200 ) ) ;
#3419 = CARTESIAN_POINT ( 'NONE',  ( 1.279350952641880700, -0.4826262486298919500, 0.8359331836933424600 ) ) ;
#3420 = CARTESIAN_POINT ( 'NONE',  ( 4.800000000000006000, -0.8505115187297495000, 0.7868755674323281200 ) ) ;
#3421 = ORIENTED_EDGE ( 'NONE', *, *, #4296, .F. ) ;
#3422 = EDGE_CURVE ( 'NONE', #4147, #4161, #2619, .T. ) ;
#3423 = CARTESIAN_POINT ( 'NONE',  ( 2.441850952641881000, 0.9652524972597841300, -0.5572887891288955700 ) ) ;
#3424 = EDGE_LOOP ( 'NONE', ( #1253, #2342, #2544 ) ) ;
#3425 = CARTESIAN_POINT ( 'NONE',  ( 16.12873797632096300, 1.278124999999972900, -0.7379258128079757600 ) ) ;
#3426 = DIRECTION ( 'NONE',  ( -1.000000000000000000, 6.018531076210110700E-033, -0.0000000000000000000 ) ) ;
#3427 = CARTESIAN_POINT ( 'NONE',  ( 11.59810095264188400, 6.824819318074052200E-017, 1.114577578257790700 ) ) ;
#3428 = DIRECTION ( 'NONE',  ( -1.000000000000000000, 0.0000000000000000000, 0.0000000000000000000 ) ) ;
#3429 = CARTESIAN_POINT ( 'NONE',  ( 1.623713928962800600, -1.278124999999973500, 1.565251690160178300E-016 ) ) ;
#3430 = CARTESIAN_POINT ( 'NONE',  ( 12.16495190528376300, 1.249999999999973400, 0.0000000000000000000 ) ) ;
#3431 = CARTESIAN_POINT ( 'NONE',  ( 13.81060095264188400, 0.4826262486298922800, 0.8359331836933423500 ) ) ;
#3432 = CARTESIAN_POINT ( 'NONE',  ( 15.03621392896280400, -1.278124999999973500, 0.7379258128079755300 ) ) ;
#3433 = CARTESIAN_POINT ( 'NONE',  ( 4.623713928962800400, 0.6390624999999868800, 1.106888719211962700 ) ) ;
#3434 = CARTESIAN_POINT ( 'NONE',  ( 15.79903810567666300, -1.620551435720649300E-015, 2.598076211353314700 ) ) ;
#3435 = CARTESIAN_POINT ( 'NONE',  ( 1.316850952641880800, -0.9652524972597841300, 0.5572887891288953500 ) ) ;
#3436 = CARTESIAN_POINT ( 'NONE',  ( 13.92745190528376400, 1.249999999999972900, -0.7216878364870175100 ) ) ;
#3437 = CARTESIAN_POINT ( 'NONE',  ( 15.79903810567666300, 2.249999999999998700, 1.299038105676658700 ) ) ;
#3438 = CC_DESIGN_DATE_AND_TIME_ASSIGNMENT ( #3565, #4398, ( #2741 ) ) ;
#3439 = CARTESIAN_POINT ( 'NONE',  ( 1.189951905283759000, -1.249999999999973400, 1.530808498934159000E-016 ) ) ;
#3440 = CARTESIAN_POINT ( 'NONE',  ( 12.27310095264188300, -2.047445795422218600E-016, -1.114577578257790700 ) ) ;
#3441 = CARTESIAN_POINT ( 'NONE',  ( 0.01924333400943563000, -0.7433463941989687500, 2.168904970561403600 ) ) ;
#3442 =( BOUNDED_CURVE ( )  B_SPLINE_CURVE ( 2, ( #901, #1300, #4123, #1709, #5001, #4210, #3003 ),
 .UNSPECIFIED., .F., .T. ) 
 B_SPLINE_CURVE_WITH_KNOTS ( ( 3, 2, 2, 3 ),
 ( 0.4583333333333333100, 0.4722222222222222100, 0.4861111111111111000, 0.5000000000000000000 ),
 .UNSPECIFIED. ) 
 CURVE ( )  GEOMETRIC_REPRESENTATION_ITEM ( )  RATIONAL_B_SPLINE_CURVE ( ( 1.000000000000000000, 0.8660254037844387100, 1.000000000000000000, 0.8660254037844387100, 1.000000000000000000, 0.8660254037844387100, 1.000000000000000000 ) ) 
 REPRESENTATION_ITEM ( '' )  );
#3443 = CARTESIAN_POINT ( 'NONE',  ( 11.56495190528376300, -0.6249999999999872300, -1.082531754730524900 ) ) ;
#3444 = CARTESIAN_POINT ( 'NONE',  ( 13.69810095264188600, 0.9652524972597841300, -0.5572887891288955700 ) ) ;
#3445 = CARTESIAN_POINT ( 'NONE',  ( 0.2009618943233409700, -2.249999999999998200, -1.299038105676658200 ) ) ;
#3446 = CARTESIAN_POINT ( 'NONE',  ( 15.86121392896280100, 9.036984846634948600E-017, 1.475851625615950200 ) ) ;
#3447 = CARTESIAN_POINT ( 'NONE',  ( 4.398713928962799900, -0.6390624999999873200, -1.106888719211962500 ) ) ;
#3448 = CARTESIAN_POINT ( 'NONE',  ( 0.0000000000000000000, 0.0000000000000000000, 0.0000000000000000000 ) ) ;
#3449 = CYLINDRICAL_SURFACE ( 'NONE', #3069, 1.249999999999973400 ) ;
#3450 = FACE_OUTER_BOUND ( 'NONE', #4662, .T. ) ;
#3451 = VERTEX_POINT ( 'NONE', #3867 ) ;
#3452 = APPROVAL_PERSON_ORGANIZATION ( #4519, #1276, #2024 ) ;
#3453 = CARTESIAN_POINT ( 'NONE',  ( 2.629350952641880600, -0.4826262486298919500, 0.8359331836933424600 ) ) ;
#3454 = ORIENTED_EDGE ( 'NONE', *, *, #4905, .T. ) ;
#3455 = EDGE_CURVE ( 'NONE', #2620, #896, #639, .T. ) ;
#3456 = CARTESIAN_POINT ( 'NONE',  ( 15.52873797632096100, -1.278124999999973800, -0.7379258128079745300 ) ) ;
#3457 = DIRECTION ( 'NONE',  ( 0.0000000000000000000, -1.000000000000000000, 0.0000000000000000000 ) ) ;
#3458 = ORIENTED_EDGE ( 'NONE', *, *, #5044, .T. ) ;
#3459 = CARTESIAN_POINT ( 'NONE',  ( 13.67500000000000600, -1.249999999999973400, 1.530808498934158800E-016 ) ) ;
#3460 = ORIENTED_EDGE ( 'NONE', *, *, #3758, .T. ) ;
#3461 = DIRECTION ( 'NONE',  ( 0.0000000000000000000, 0.8660254037844389300, -0.4999999999999993300 ) ) ;
#3462 = CARTESIAN_POINT ( 'NONE',  ( 15.79903810567666300, -2.249999999999998200, -1.299038105676658200 ) ) ;
#3463 = VERTEX_POINT ( 'NONE', #4288 ) ;
#3464 = AXIS2_PLACEMENT_3D ( 'NONE', #3107, #3901, #1477 ) ;
#3465 = CARTESIAN_POINT ( 'NONE',  ( 14.26060095264188400, 0.4826262486298922800, 0.8359331836933423500 ) ) ;
#3466 = CIRCLE ( 'NONE', #267, 2.249999999999998200 ) ;
#3467 = CARTESIAN_POINT ( 'NONE',  ( 16.01121392896280300, -1.278124999999973800, -0.7379258128079745300 ) ) ;
#3468 = CARTESIAN_POINT ( 'NONE',  ( 4.698713928962799700, -0.6390624999999864300, 1.106888719211963000 ) ) ;
#3469 = ORIENTED_EDGE ( 'NONE', *, *, #5016, .T. ) ;
#3470 = CARTESIAN_POINT ( 'NONE',  ( 4.110600952641879900, -0.9652524972597843500, 1.182093381138184100E-016 ) ) ;
#3471 = CARTESIAN_POINT ( 'NONE',  ( 1.654350952641880900, 0.4826262486298922800, 0.8359331836933423500 ) ) ;
#3472 =( BOUNDED_CURVE ( )  B_SPLINE_CURVE ( 2, ( #1228, #2506, #2034, #72, #470, #4477, #4878 ),
 .UNSPECIFIED., .F., .T. ) 
 B_SPLINE_CURVE_WITH_KNOTS ( ( 3, 2, 2, 3 ),
 ( 0.5416666666666666300, 0.5555555555555555800, 0.5694444444444444200, 0.5833333333333333700 ),
 .UNSPECIFIED. ) 
 CURVE ( )  GEOMETRIC_REPRESENTATION_ITEM ( )  RATIONAL_B_SPLINE_CURVE ( ( 1.000000000000000000, 0.8660254037844387100, 1.000000000000000000, 0.8660254037844387100, 1.000000000000000000, 0.8660254037844387100, 1.000000000000000000 ) ) 
 REPRESENTATION_ITEM ( '' )  );
#3473 = CARTESIAN_POINT ( 'NONE',  ( 16.27873797632096500, 9.036984846634947400E-017, 1.475851625615950000 ) ) ;
#3474 = CARTESIAN_POINT ( 'NONE',  ( 11.71495190528376200, 1.249999999999973400, 0.0000000000000000000 ) ) ;
#3475 = CARTESIAN_POINT ( 'NONE',  ( 0.2009618943233409900, -2.249999999999999100, 1.299038105676656900 ) ) ;
#3476 = ORIENTED_EDGE ( 'NONE', *, *, #1555, .T. ) ;
#3477 = CARTESIAN_POINT ( 'NONE',  ( 11.56060095264188300, 0.4826262486298926200, 0.8359331836933430200 ) ) ;
#3478 = CARTESIAN_POINT ( 'NONE',  ( 3.177451905283759500, 1.249999999999972900, -0.7216878364870175100 ) ) ;
#3479 = EDGE_LOOP ( 'NONE', ( #4107, #2988, #2477, #1175 ) ) ;
#3480 = CARTESIAN_POINT ( 'NONE',  ( 14.56060095264188600, 0.4826262486298914500, -0.8359331836933428000 ) ) ;
#3481 = CARTESIAN_POINT ( 'NONE',  ( 15.11121392896280300, -1.278124999999973800, -0.7379258128079745300 ) ) ;
#3482 = CARTESIAN_POINT ( 'NONE',  ( 0.5037379763209608500, 1.278124999999973500, 0.7379258128079748700 ) ) ;
#3483 = DIRECTION ( 'NONE',  ( -1.000000000000000000, 6.018531076210110700E-033, -0.0000000000000000000 ) ) ;
#3484 = EDGE_CURVE ( 'NONE', #1106, #4165, #17, .T. ) ;
#3485 = DIRECTION ( 'NONE',  ( 0.0000000000000000000, 0.0000000000000000000, -1.000000000000000000 ) ) ;
#3486 = CARTESIAN_POINT ( 'NONE',  ( 0.1731009526418808800, -2.047445795422216600E-016, -1.114577578257790000 ) ) ;
#3487 = CARTESIAN_POINT ( 'NONE',  ( 4.125000000000001800, 0.6249999999999867900, 1.082531754730525300 ) ) ;
#3488 = CARTESIAN_POINT ( 'NONE',  ( 3.327451905283759400, 8.838126989374036100E-017, 1.443375672974033500 ) ) ;
#3489 = CARTESIAN_POINT ( 'NONE',  ( 1.753521283679683000E-015, -1.055362233862201700E-047, 0.0000000000000000000 ) ) ;
#3490 = CARTESIAN_POINT ( 'NONE',  ( 12.87310095264188300, 0.9652524972597850100, 0.5572887891288952300 ) ) ;
#3491 = CARTESIAN_POINT ( 'NONE',  ( 13.86685095264188300, -0.9652524972597841300, 0.5572887891288953500 ) ) ;
#3492 = DIRECTION ( 'NONE',  ( 1.000000000000000000, 0.0000000000000000000, 0.0000000000000000000 ) ) ;
#3493 = CARTESIAN_POINT ( 'NONE',  ( 15.94810095264188600, 0.9652524972597841300, -0.5572887891288955700 ) ) ;
#3494 = CARTESIAN_POINT ( 'NONE',  ( 15.71121392896280400, 1.278124999999973300, -0.7379258128079758700 ) ) ;
#3495 = CARTESIAN_POINT ( 'NONE',  ( 1.703737976320960600, -2.711095453990486600E-016, -1.475851625615950000 ) ) ;
#3496 = AXIS2_PLACEMENT_3D ( 'NONE', #508, #4520, #2910 ) ;
#3497 = EDGE_CURVE ( 'NONE', #5143, #4335, #1449, .T. ) ;
#3498 = CARTESIAN_POINT ( 'NONE',  ( 4.804350952641881300, 0.4826262486298922800, 0.8359331836933423500 ) ) ;
#3499 = CARTESIAN_POINT ( 'NONE',  ( 14.86495190528376200, 1.249999999999973400, 0.0000000000000000000 ) ) ;
#3500 = CARTESIAN_POINT ( 'NONE',  ( 16.00000000000000400, 1.124999999999997800, 1.948557158514986300 ) ) ;
#3501 = CARTESIAN_POINT ( 'NONE',  ( 2.614951905283759100, -0.6249999999999872300, -1.082531754730524900 ) ) ;
#3502 = CIRCLE ( 'NONE', #2050, 2.249999999999998200 ) ;
#3503 = CARTESIAN_POINT ( 'NONE',  ( 14.52310095264188300, -2.047445795422218600E-016, -1.114577578257790700 ) ) ;
#3504 = EDGE_LOOP ( 'NONE', ( #4151, #1486, #1548, #2195 ) ) ;
#3505 = CARTESIAN_POINT ( 'NONE',  ( 12.85435095264188400, 0.4826262486298922800, 0.8359331836933423500 ) ) ;
#3506 = ORIENTED_EDGE ( 'NONE', *, *, #2625, .T. ) ;
#3507 = CARTESIAN_POINT ( 'NONE',  ( 1.028737976320961000, 9.036984846634954800E-017, 1.475851625615950000 ) ) ;
#3508 = CARTESIAN_POINT ( 'NONE',  ( 2.239951905283759100, 0.6249999999999856800, -1.082531754730525800 ) ) ;
#3509 = ORIENTED_EDGE ( 'NONE', *, *, #4870, .T. ) ;
#3510 = VERTEX_POINT ( 'NONE', #1511 ) ;
#3511 = CARTESIAN_POINT ( 'NONE',  ( 12.10000000000000500, 1.249999999999973400, 0.0000000000000000000 ) ) ;
#3512 = CARTESIAN_POINT ( 'NONE',  ( 3.641850952641880700, -0.9652524972597844600, -0.5572887891288946800 ) ) ;
#3513 = CARTESIAN_POINT ( 'NONE',  ( 1.827451905283758800, 1.249999999999972900, -0.7216878364870175100 ) ) ;
#3514 = LINE ( 'NONE', #2446, #2660 ) ;
#3515 = EDGE_CURVE ( 'NONE', #1903, #3329, #4859, .T. ) ;
#3516 = CARTESIAN_POINT ( 'NONE',  ( 16.00000000000000400, 1.508335473232665300, 1.727238319854174300 ) ) ;
#3517 = ORIENTED_EDGE ( 'NONE', *, *, #3889, .F. ) ;
#3518 = CARTESIAN_POINT ( 'NONE',  ( 15.71072756814050400, -0.8784584623903127800, -0.5431417193672921600 ) ) ;
#3519 = CARTESIAN_POINT ( 'NONE',  ( 14.18560095264188300, 0.9652524972597850100, 0.0000000000000000000 ) ) ;
#3520 = ORIENTED_EDGE ( 'NONE', *, *, #4947, .T. ) ;
#3521 = AXIS2_PLACEMENT_3D ( 'NONE', #2713, #3426, #1426 ) ;
#3522 = CARTESIAN_POINT ( 'NONE',  ( 11.91685095264188600, 0.9652524972597842400, 0.5572887891288949000 ) ) ;
#3523 = CARTESIAN_POINT ( 'NONE',  ( 1.478737976320960700, 9.036984846634954800E-017, 1.475851625615950000 ) ) ;
#3524 = CARTESIAN_POINT ( 'NONE',  ( 4.800000000000002500, 0.8917134800799863000, 0.4461539516598224700 ) ) ;
#3525 =( BOUNDED_CURVE ( )  B_SPLINE_CURVE ( 2, ( #1979, #2019, #1587, #2829, #5184, #4793, #2430 ),
 .UNSPECIFIED., .F., .T. ) 
 B_SPLINE_CURVE_WITH_KNOTS ( ( 3, 2, 2, 3 ),
 ( 0.3750000000000000000, 0.3888888888888889000, 0.4027777777777777900, 0.4166666666666666900 ),
 .UNSPECIFIED. ) 
 CURVE ( )  GEOMETRIC_REPRESENTATION_ITEM ( )  RATIONAL_B_SPLINE_CURVE ( ( 1.000000000000000000, 0.8660254037844387100, 1.000000000000000000, 0.8660254037844387100, 1.000000000000000000, 0.8660254037844387100, 1.000000000000000000 ) ) 
 REPRESENTATION_ITEM ( '' )  );
#3526 = ORIENTED_EDGE ( 'NONE', *, *, #4365, .T. ) ;
#3527 = CARTESIAN_POINT ( 'NONE',  ( 0.0000000000000000000, 0.0000000000000000000, 0.0000000000000000000 ) ) ;
#3528 = CARTESIAN_POINT ( 'NONE',  ( 3.116850952641880800, -0.9652524972597841300, 0.5572887891288953500 ) ) ;
#3529 = VERTEX_POINT ( 'NONE', #5153 ) ;
#3530 = CARTESIAN_POINT ( 'NONE',  ( 4.800000000000005200, 0.4178768592613121300, -1.080279056795064000 ) ) ;
#3531 = CARTESIAN_POINT ( 'NONE',  ( 15.73750000000000800, 1.249999999999973400, 0.7216878364870166200 ) ) ;
#3532 = CARTESIAN_POINT ( 'NONE',  ( 12.70000000000000500, -0.6249999999999863400, 1.082531754730525300 ) ) ;
#3533 = ADVANCED_FACE ( 'NONE', ( #925 ), #2518, .F. ) ;
#3534 = EDGE_LOOP ( 'NONE', ( #1502, #2075, #2138, #5055 ) ) ;
#3535 = CARTESIAN_POINT ( 'NONE',  ( 14.97310095264188400, -2.047445795422218600E-016, -1.114577578257790700 ) ) ;
#3536 = DIRECTION ( 'NONE',  ( -6.018531076210111400E-033, -1.000000000000000000, 0.0000000000000000000 ) ) ;
#3537 = CARTESIAN_POINT ( 'NONE',  ( 0.6606009526418809000, 0.4826262486298914500, -0.8359331836933428000 ) ) ;
#3538 = CARTESIAN_POINT ( 'NONE',  ( 15.47500000000000500, -1.249999999999973400, 1.530808498934158800E-016 ) ) ;
#3539 = CARTESIAN_POINT ( 'NONE',  ( 3.075000000000002400, 0.6249999999999856800, -1.082531754730525800 ) ) ;
#3540 = CARTESIAN_POINT ( 'NONE',  ( 12.77935095264188400, 0.9652524972597843500, 0.0000000000000000000 ) ) ;
#3541 = CARTESIAN_POINT ( 'NONE',  ( 2.266237976320960800, 1.278124999999973300, 0.0000000000000000000 ) ) ;
#3542 = CARTESIAN_POINT ( 'NONE',  ( 0.2405635305589559600, 0.08469338866656170300, -1.077918024631536700 ) ) ;
#3543 = EDGE_CURVE ( 'NONE', #4147, #48, #3076, .T. ) ;
#3544 = CARTESIAN_POINT ( 'NONE',  ( 15.72745190528379700, 1.250000000000577300, -0.7216878364866686800 ) ) ;
#3545 = CARTESIAN_POINT ( 'NONE',  ( 4.054350952641880400, -0.9652524972597843500, 1.182093381138184100E-016 ) ) ;
#3546 = CARTESIAN_POINT ( 'NONE',  ( 4.898100952641879500, 6.824819318074054600E-017, 1.114577578257790000 ) ) ;
#3547 = CARTESIAN_POINT ( 'NONE',  ( 0.06444662616345778200, 1.247761939562498600, -0.03111153687627912400 ) ) ;
#3548 = CARTESIAN_POINT ( 'NONE',  ( -7.523163845262478600E-033, -1.249999999999973400, 0.0000000000000000000 ) ) ;
#3549 = CARTESIAN_POINT ( 'NONE',  ( 16.00000000000000400, -2.249999999999998700, -7.511572993685794200E-016 ) ) ;
#3550 = CARTESIAN_POINT ( 'NONE',  ( 0.4500000000000027900, 1.249999999999973400, 0.0000000000000000000 ) ) ;
#3551 = CARTESIAN_POINT ( 'NONE',  ( 14.03560095264188200, -0.4826262486298929500, -0.8359331836933428000 ) ) ;
#3552 = CARTESIAN_POINT ( 'NONE',  ( 2.764951905283759000, 1.249999999999973400, 0.0000000000000000000 ) ) ;
#3553 = CARTESIAN_POINT ( 'NONE',  ( 0.3981009526418808300, 6.824819318074054600E-017, 1.114577578257790000 ) ) ;
#3554 = CARTESIAN_POINT ( 'NONE',  ( 11.20000000000000300, -0.6466369738519295300, 0.7166400822685462500 ) ) ;
#3555 = CARTESIAN_POINT ( 'NONE',  ( 1.725000000000002500, 0.6249999999999856800, -1.082531754730525800 ) ) ;
#3556 = CARTESIAN_POINT ( 'NONE',  ( 11.84185095264188400, 0.9652524972597841300, -0.5572887891288955700 ) ) ;
#3557 = CARTESIAN_POINT ( 'NONE',  ( 3.691237976320960600, 0.6390624999999867700, 1.106888719211962500 ) ) ;
#3558 = AXIS2_PLACEMENT_3D ( 'NONE', #394, #4885, #1219 ) ;
#3559 = CARTESIAN_POINT ( 'NONE',  ( 12.49810095264188300, 6.824819318074047200E-017, 1.114577578257790000 ) ) ;
#3560 = VECTOR ( 'NONE', #4316, 1000.000000000000000 ) ;
#3561 = CARTESIAN_POINT ( 'NONE',  ( 1.898100952641880400, -0.9652524972597844600, -0.5572887891288946800 ) ) ;
#3562 = ORIENTED_EDGE ( 'NONE', *, *, #3672, .T. ) ;
#3563 = CARTESIAN_POINT ( 'NONE',  ( 3.566850952641880600, -0.9652524972597841300, 0.5572887891288953500 ) ) ;
#3564 = CARTESIAN_POINT ( 'NONE',  ( 13.73995190528376200, -1.249999999999973400, 1.530808498934159000E-016 ) ) ;
#3565 = DATE_AND_TIME ( #2886, #863 ) ;
#3566 = DIRECTION ( 'NONE',  ( -1.000000000000000000, -0.0000000000000000000, -0.0000000000000000000 ) ) ;
#3567 = VECTOR ( 'NONE', #1235, 1000.000000000000000 ) ;
#3568 = VERTEX_POINT ( 'NONE', #4355 ) ;
#3569 = CARTESIAN_POINT ( 'NONE',  ( 15.91060095264188200, 0.4826262486298917900, -0.8359331836933434600 ) ) ;
#3570 = CARTESIAN_POINT ( 'NONE',  ( -7.523163845262478600E-033, -1.249999999999973400, 0.0000000000000000000 ) ) ;
#3571 = EDGE_LOOP ( 'NONE', ( #697, #2265, #549, #1153 ) ) ;
#3572 = CARTESIAN_POINT ( 'NONE',  ( 0.2856009526418809000, 0.9652524972597843500, 0.0000000000000000000 ) ) ;
#3573 = CARTESIAN_POINT ( 'NONE',  ( 15.70000000000000600, 1.249999999999973400, 0.0000000000000000000 ) ) ;
#3574 = CARTESIAN_POINT ( 'NONE',  ( 11.20000000000000300, -0.6466369738519295300, 0.7166400822685462500 ) ) ;
#3575 = CARTESIAN_POINT ( 'NONE',  ( 1.650000000000002600, -0.6249999999999872300, -1.082531754730524900 ) ) ;
#3576 = ORIENTED_EDGE ( 'NONE', *, *, #1787, .F. ) ;
#3577 = CARTESIAN_POINT ( 'NONE',  ( 12.62935095264188400, -0.4826262486298926200, -0.8359331836933422400 ) ) ;
#3578 = CARTESIAN_POINT ( 'NONE',  ( 2.828737976320960800, 9.036984846634954800E-017, 1.475851625615950000 ) ) ;
#3579 = EDGE_CURVE ( 'NONE', #3220, #454, #1859, .T. ) ;
#3580 = CARTESIAN_POINT ( 'NONE',  ( 4.639951905283759000, 0.6249999999999866800, 1.082531754730525100 ) ) ;
#3581 = ORIENTED_EDGE ( 'NONE', *, *, #4497, .F. ) ;
#3582 = APPROVAL_ROLE ( '' ) ;
#3583 = CARTESIAN_POINT ( 'NONE',  ( 3.660600952641880600, -0.9652524972597843500, 1.182093381138184100E-016 ) ) ;
#3584 = CARTESIAN_POINT ( 'NONE',  ( 4.973100952641880600, -0.9652524972597841300, 0.5572887891288953500 ) ) ;
#3585 = VECTOR ( 'NONE', #4203, 1000.000000000000000 ) ;
#3586 = CARTESIAN_POINT ( 'NONE',  ( 14.57500000000000500, -1.249999999999973400, 1.530808498934158800E-016 ) ) ;
#3587 = DIRECTION ( 'NONE',  ( -1.000000000000000000, 6.018531076210110700E-033, -0.0000000000000000000 ) ) ;
#3588 = ORIENTED_EDGE ( 'NONE', *, *, #3070, .T. ) ;
#3589 = CARTESIAN_POINT ( 'NONE',  ( 0.2481009526418809000, 0.9652524972597841300, -0.5572887891288955700 ) ) ;
#3590 = CARTESIAN_POINT ( 'NONE',  ( 3.791850952641880200, 0.9652524972597841300, -0.5572887891288955700 ) ) ;
#3591 = AXIS2_PLACEMENT_3D ( 'NONE', #1453, #1851, #5107 ) ;
#3592 = DIRECTION ( 'NONE',  ( -1.000000000000000000, 6.018531076210110700E-033, -0.0000000000000000000 ) ) ;
#3593 = CARTESIAN_POINT ( 'NONE',  ( 16.00000000000000400, -1.125000000000000200, 1.948557158514985000 ) ) ;
#3594 = CARTESIAN_POINT ( 'NONE',  ( 11.89123797632096400, -1.278124999999973300, 1.565251690160178100E-016 ) ) ;
#3595 = CARTESIAN_POINT ( 'NONE',  ( -0.1643990473581190800, 0.9652524972597843500, 0.0000000000000000000 ) ) ;
#3596 = CARTESIAN_POINT ( 'NONE',  ( 0.0000000000000000000, 2.249999999999998700, 0.0000000000000000000 ) ) ;
#3597 = AXIS2_PLACEMENT_3D ( 'NONE', #1957, #2706, #3126 ) ;
#3598 = VERTEX_POINT ( 'NONE', #1155 ) ;
#3599 = CARTESIAN_POINT ( 'NONE',  ( 11.20000000000001400, 1.216072037921889000, 0.2124182753269655000 ) ) ;
#3600 = CARTESIAN_POINT ( 'NONE',  ( 0.08720972900237060300, 1.225290270997759600, 0.1530856868770834600 ) ) ;
#3601 = EDGE_CURVE ( 'NONE', #3395, #3960, #3014, .T. ) ;
#3602 = CARTESIAN_POINT ( 'NONE',  ( 14.24185095264188500, 6.824819318074047200E-017, 1.114577578257790000 ) ) ;
#3603 =( BOUNDED_CURVE ( )  B_SPLINE_CURVE ( 2, ( #2745, #1193, #315 ),
 .UNSPECIFIED., .F., .T. ) 
 B_SPLINE_CURVE_WITH_KNOTS ( ( 3, 3 ),
 ( 0.8750000000000000000, 0.8774977868913166300 ),
 .UNSPECIFIED. ) 
 CURVE ( )  GEOMETRIC_REPRESENTATION_ITEM ( )  RATIONAL_B_SPLINE_CURVE ( ( 1.000000000000000000, 0.9759059207058398100, 0.9604780314720584600 ) ) 
 REPRESENTATION_ITEM ( '' )  );
#3604 = DIRECTION ( 'NONE',  ( -6.018531076210111400E-033, -1.000000000000000000, 0.0000000000000000000 ) ) ;
#3605 = APPLICATION_CONTEXT ( 'configuration controlled 3d designs of mechanical parts and assemblies' ) ;
#3606 = CARTESIAN_POINT ( 'NONE',  ( 3.248100952641880900, -0.9652524972597844600, -0.5572887891288946800 ) ) ;
#3607 = VERTEX_POINT ( 'NONE', #4770 ) ;
#3608 = CARTESIAN_POINT ( 'NONE',  ( 11.63560095264188600, -0.4826262486298919500, 0.8359331836933424600 ) ) ;
#3609 = CARTESIAN_POINT ( 'NONE',  ( 16.00000000000000400, -1.524864949371779600E-015, 2.598076211353314700 ) ) ;
#3610 = CARTESIAN_POINT ( 'NONE',  ( 0.9981009526418807000, -0.9652524972597844600, -0.5572887891288946800 ) ) ;
#3611 = CARTESIAN_POINT ( 'NONE',  ( 3.191850952641880600, -0.9652524972597844600, -0.5572887891288946800 ) ) ;
#3612 = CARTESIAN_POINT ( 'NONE',  ( -7.523163845262478600E-033, -1.249999999999973400, 0.0000000000000000000 ) ) ;
#3613 = CARTESIAN_POINT ( 'NONE',  ( 15.92172769284587700, -0.3680687615027747900, 2.385571612819395800 ) ) ;
#3614 = CARTESIAN_POINT ( 'NONE',  ( 2.048100952641880700, 0.9652524972597841300, -0.5572887891288955700 ) ) ;
#3615 = CARTESIAN_POINT ( 'NONE',  ( 16.06060095264188400, 0.4826262486298926200, 0.8359331836933430200 ) ) ;
#3616 = CARTESIAN_POINT ( 'NONE',  ( 0.06060095264188091600, -0.9652524972597843500, 1.182093381138184100E-016 ) ) ;
#3617 = CARTESIAN_POINT ( 'NONE',  ( 11.20000000000000300, -0.3125630333223296000, 0.9899828553859935100 ) ) ;
#3618 = CARTESIAN_POINT ( 'NONE',  ( 14.50435095264188400, 0.4826262486298914500, -0.8359331836933428000 ) ) ;
#3619 = CARTESIAN_POINT ( 'NONE',  ( 0.2641155534274033900, 0.6074154460562509700, -0.8659936360846856000 ) ) ;
#3620 = EDGE_CURVE ( 'NONE', #364, #2620, #3700, .T. ) ;
#3621 = CARTESIAN_POINT ( 'NONE',  ( 11.33560095264188500, -0.4826262486298926200, -0.8359331836933422400 ) ) ;
#3622 = DIRECTION ( 'NONE',  ( 0.0000000000000000000, 0.5000000000000004400, -0.8660254037844383700 ) ) ;
#3623 = CARTESIAN_POINT ( 'NONE',  ( 1.785600952641880800, -0.4826262486298919500, 0.8359331836933424600 ) ) ;
#3624 = CARTESIAN_POINT ( 'NONE',  ( 3.079350952641880700, -0.4826262486298919500, 0.8359331836933424600 ) ) ;
#3625 = CARTESIAN_POINT ( 'NONE',  ( 15.65275249725973900, -0.7303071827600949900, 0.6311606786510569600 ) ) ;
#3626 = CARTESIAN_POINT ( 'NONE',  ( 2.123100952641880500, 0.9652524972597843500, 0.5572887891288949000 ) ) ;
#3627 = CARTESIAN_POINT ( 'NONE',  ( 11.81623797632096300, -0.6390624999999863200, 1.106888719211962700 ) ) ;
#3628 = CARTESIAN_POINT ( 'NONE',  ( 1.185600952641880700, 0.9652524972597843500, 0.0000000000000000000 ) ) ;
#3629 = FACE_OUTER_BOUND ( 'NONE', #5149, .T. ) ;
#3630 = CARTESIAN_POINT ( 'NONE',  ( 0.4399519052837591000, 0.6249999999999856800, -1.082531754730525800 ) ) ;
#3631 = CARTESIAN_POINT ( 'NONE',  ( 15.47935095264188600, 0.9652524972597843500, 0.0000000000000000000 ) ) ;
#3632 = CARTESIAN_POINT ( 'NONE',  ( 4.935600952641880000, -0.4826262486298919500, 0.8359331836933424600 ) ) ;
#3633 = CARTESIAN_POINT ( 'NONE',  ( 3.098100952641880600, 6.824819318074054600E-017, 1.114577578257790000 ) ) ;
#3634 = LINE ( 'NONE', #4072, #4902 ) ;
#3635 = VERTEX_POINT ( 'NONE', #1886 ) ;
#3636 = CARTESIAN_POINT ( 'NONE',  ( 14.69185095264188400, 6.824819318074047200E-017, 1.114577578257790000 ) ) ;
#3637 = ORIENTED_EDGE ( 'NONE', *, *, #777, .T. ) ;
#3638 = CARTESIAN_POINT ( 'NONE',  ( 12.76495190528376300, -0.6249999999999863400, 1.082531754730525300 ) ) ;
#3639 = CARTESIAN_POINT ( 'NONE',  ( 0.2856009526418809000, 0.9652524972597843500, 0.0000000000000000000 ) ) ;
#3640 = CARTESIAN_POINT ( 'NONE',  ( 2.404350952641880900, 0.4826262486298914500, -0.8359331836933428000 ) ) ;
#3641 = FACE_OUTER_BOUND ( 'NONE', #3915, .T. ) ;
#3642 = ORIENTED_EDGE ( 'NONE', *, *, #851, .T. ) ;
#3643 = CARTESIAN_POINT ( 'NONE',  ( 13.93750000000000700, 1.249999999999973400, 0.7216878364870166200 ) ) ;
#3644 = CARTESIAN_POINT ( 'NONE',  ( 1.035600952641880800, -0.4826262486298926200, -0.8359331836933422400 ) ) ;
#3645 = ADVANCED_FACE ( 'NONE', ( #4139 ), #1427, .F. ) ;
#3646 = VERTEX_POINT ( 'NONE', #3511 ) ;
#3647 = CARTESIAN_POINT ( 'NONE',  ( 12.19123797632096500, 0.6390624999999867700, 1.106888719211962500 ) ) ;
#3648 = CIRCLE ( 'NONE', #4812, 2.249999999999998200 ) ;
#3649 = CARTESIAN_POINT ( 'NONE',  ( 7.523163845262478600E-033, 1.249999999999973400, 1.530808498934159000E-016 ) ) ;
#3650 = CARTESIAN_POINT ( 'NONE',  ( -7.523163845262478600E-033, -1.249999999999973400, 0.0000000000000000000 ) ) ;
#3651 = ORIENTED_EDGE ( 'NONE', *, *, #1291, .F. ) ;
#3652 = ORIENTED_EDGE ( 'NONE', *, *, #4407, .F. ) ;
#3653 = CARTESIAN_POINT ( 'NONE',  ( 0.3644309647146299900, -0.2906055072183614300, 0.9467964104372813500 ) ) ;
#3654 = CARTESIAN_POINT ( 'NONE',  ( 14.65435095264188400, 0.4826262486298922800, 0.8359331836933423500 ) ) ;
#3655 = EDGE_CURVE ( 'NONE', #1369, #3351, #2053, .T. ) ;
#3656 = CARTESIAN_POINT ( 'NONE',  ( 14.86495190528376200, 1.249999999999973400, 0.0000000000000000000 ) ) ;
#3657 = ORIENTED_EDGE ( 'NONE', *, *, #1697, .T. ) ;
#3658 = CARTESIAN_POINT ( 'NONE',  ( 14.42935095264188500, -0.4826262486298926200, -0.8359331836933422400 ) ) ;
#3659 = CARTESIAN_POINT ( 'NONE',  ( 11.88621392896280500, -1.278124999999973500, 0.7379258128079755300 ) ) ;
#3660 = CARTESIAN_POINT ( 'NONE',  ( 3.173100952641880700, -0.9652524972597841300, 0.5572887891288953500 ) ) ;
#3661 = DIRECTION ( 'NONE',  ( 1.000000000000000000, 0.0000000000000000000, 0.0000000000000000000 ) ) ;
#3662 = AXIS2_PLACEMENT_3D ( 'NONE', #4266, #3049, #3461 ) ;
#3663 = CARTESIAN_POINT ( 'NONE',  ( 1.298100952641881000, 6.824819318074054600E-017, 1.114577578257790000 ) ) ;
#3664 = CARTESIAN_POINT ( 'NONE',  ( 16.00000000000000400, 2.249999999999998700, -0.2198740743429333000 ) ) ;
#3665 = CARTESIAN_POINT ( 'NONE',  ( 2.348100952641880600, -0.9652524972597844600, -0.5572887891288946800 ) ) ;
#3666 = ORIENTED_EDGE ( 'NONE', *, *, #4127, .F. ) ;
#3667 = CARTESIAN_POINT ( 'NONE',  ( 13.42873797632096400, 1.278124999999972900, -0.7379258128079757600 ) ) ;
#3668 = DIRECTION ( 'NONE',  ( -1.000000000000000000, 6.018531076210110700E-033, -0.0000000000000000000 ) ) ;
#3669 = UNCERTAINTY_MEASURE_WITH_UNIT (LENGTH_MEASURE( 1.000000000000000100E-005 ), #4193, 'distance_accuracy_value', 'NONE');
#3670 = CARTESIAN_POINT ( 'NONE',  ( 14.80000000000000600, 1.249999999999973400, 0.0000000000000000000 ) ) ;
#3671 = CARTESIAN_POINT ( 'NONE',  ( 0.7918509526418811000, 6.824819318074054600E-017, 1.114577578257790000 ) ) ;
#3672 = EDGE_CURVE ( 'NONE', #4583, #3395, #3084, .T. ) ;
#3673 = CARTESIAN_POINT ( 'NONE',  ( 16.11685095264188300, -0.9652524972597841300, 0.5572887891288953500 ) ) ;
#3674 = ORIENTED_EDGE ( 'NONE', *, *, #420, .T. ) ;
#3675 = ADVANCED_FACE ( 'NONE', ( #1933 ), #5075, .F. ) ;
#3676 = CARTESIAN_POINT ( 'NONE',  ( 13.41685095264188600, -0.9652524972597841300, 0.5572887891288953500 ) ) ;
#3677 = CARTESIAN_POINT ( 'NONE',  ( 11.20435095264188300, -0.9652524972597843500, 1.182093381138184100E-016 ) ) ;
#3678 = CARTESIAN_POINT ( 'NONE',  ( 4.216237976320961400, -0.6390624999999863200, 1.106888719211962700 ) ) ;
#3679 = CARTESIAN_POINT ( 'NONE',  ( 14.31685095264188400, -0.9652524972597841300, 0.5572887891288953500 ) ) ;
#3680 = DIRECTION ( 'NONE',  ( -6.018531076210111400E-033, -1.000000000000000000, 0.0000000000000000000 ) ) ;
#3681 = CARTESIAN_POINT ( 'NONE',  ( 3.960600952641880400, 0.4826262486298922800, 0.8359331836933423500 ) ) ;
#3682 = CARTESIAN_POINT ( 'NONE',  ( 14.41495190528376100, 1.249999999999973400, 0.0000000000000000000 ) ) ;
#3683 = CARTESIAN_POINT ( 'NONE',  ( 12.96250000000000600, 1.249999999999972900, -0.7216878364870175100 ) ) ;
#3684 = CARTESIAN_POINT ( 'NONE',  ( 2.310600952641880500, -0.9652524972597843500, 1.182093381138184100E-016 ) ) ;
#3685 = CARTESIAN_POINT ( 'NONE',  ( 15.98107406531364600, 2.249999999999998700, -0.4380882898101636200 ) ) ;
#3686 = EDGE_CURVE ( 'NONE', #3635, #3568, #1869, .T. ) ;
#3687 = CARTESIAN_POINT ( 'NONE',  ( 0.9793509526418808800, -0.4826262486298926200, -0.8359331836933422400 ) ) ;
#3688 = CARTESIAN_POINT ( 'NONE',  ( 13.06060095264188400, -0.9652524972597843500, 1.182093381138184100E-016 ) ) ;
#3689 = CARTESIAN_POINT ( 'NONE',  ( 0.06250000000004496400, 0.8122873928260050400, 0.9500995692325847600 ) ) ;
#3690 = CARTESIAN_POINT ( 'NONE',  ( 4.141237976320960400, 0.6390624999999867700, 1.106888719211962500 ) ) ;
#3691 = AXIS2_PLACEMENT_3D ( 'NONE', #259, #5094, #224 ) ;
#3692 = CARTESIAN_POINT ( 'NONE',  ( 14.87935095264188600, -0.4826262486298926200, -0.8359331836933422400 ) ) ;
#3693 = DIRECTION ( 'NONE',  ( -1.000000000000000000, 6.018531076210110700E-033, -0.0000000000000000000 ) ) ;
#3694 = CARTESIAN_POINT ( 'NONE',  ( 3.773100952641880800, -2.047445795422216600E-016, -1.114577578257790000 ) ) ;
#3695 = CARTESIAN_POINT ( 'NONE',  ( 13.51495190528376300, 1.249999999999973400, 0.0000000000000000000 ) ) ;
#3696 =( BOUNDED_CURVE ( )  B_SPLINE_CURVE ( 2, ( #2375, #2811, #2786, #4413, #2021, #791, #4776 ),
 .UNSPECIFIED., .F., .T. ) 
 B_SPLINE_CURVE_WITH_KNOTS ( ( 3, 2, 2, 3 ),
 ( 0.5833333333333333700, 0.5972222222222222100, 0.6111111111111111600, 0.6250000000000000000 ),
 .UNSPECIFIED. ) 
 CURVE ( )  GEOMETRIC_REPRESENTATION_ITEM ( )  RATIONAL_B_SPLINE_CURVE ( ( 1.000000000000000000, 0.8660254037844387100, 1.000000000000000000, 0.8660254037844387100, 1.000000000000000000, 0.8660254037844387100, 1.000000000000000000 ) ) 
 REPRESENTATION_ITEM ( '' )  );
#3697 = CARTESIAN_POINT ( 'NONE',  ( 14.26495190528376300, -0.6249999999999872300, -1.082531754730524900 ) ) ;
#3698 = CARTESIAN_POINT ( 'NONE',  ( 1.485600952641880700, -0.4826262486298926200, -0.8359331836933422400 ) ) ;
#3699 = ADVANCED_FACE ( 'NONE', ( #2194 ), #3019, .F. ) ;
#3700 = CIRCLE ( 'NONE', #1067, 2.249999999999998200 ) ;
#3701 = ORIENTED_EDGE ( 'NONE', *, *, #3243, .F. ) ;
#3702 = AXIS2_PLACEMENT_3D ( 'NONE', #4385, #684, #3909 ) ;
#3703 = CARTESIAN_POINT ( 'NONE',  ( 0.3472475027402642200, 0.6360407303598217800, 0.7260609979812952000 ) ) ;
#3704 = CIRCLE ( 'NONE', #2641, 2.249999999999998200 ) ;
#3705 = CARTESIAN_POINT ( 'NONE',  ( 1.504350952641880800, 0.4826262486298914500, -0.8359331836933428000 ) ) ;
#3706 = LINE ( 'NONE', #3710, #485 ) ;
#3707 = ORIENTED_EDGE ( 'NONE', *, *, #3162, .F. ) ;
#3708 = CARTESIAN_POINT ( 'NONE',  ( 13.69810095264188600, 0.9652524972597840100, -0.5572887891288955700 ) ) ;
#3709 = PRODUCT_DEFINITION_SHAPE ( 'NONE', 'NONE',  #2979 ) ;
#3710 = CARTESIAN_POINT ( 'NONE',  ( 7.523163845262478600E-033, 1.249999999999973400, 1.530808498934159000E-016 ) ) ;
#3711 = VERTEX_POINT ( 'NONE', #2742 ) ;
#3712 = CARTESIAN_POINT ( 'NONE',  ( 13.60435095264188400, 0.4826262486298914500, -0.8359331836933428000 ) ) ;
#3713 = CC_DESIGN_SECURITY_CLASSIFICATION ( #2741, ( #4249 ) ) ;
#3714 = CARTESIAN_POINT ( 'NONE',  ( 2.910600952641880600, 0.4826262486298914500, -0.8359331836933428000 ) ) ;
#3715 = CARTESIAN_POINT ( 'NONE',  ( 4.966237976320960500, 1.278124999999973300, 0.0000000000000000000 ) ) ;
#3716 = CARTESIAN_POINT ( 'NONE',  ( 0.1401593564273404800, 2.249999999999998700, -1.088411935946647100 ) ) ;
#3717 = CYLINDRICAL_SURFACE ( 'NONE', #3558, 1.249999999999973400 ) ;
#3718 = ORIENTED_EDGE ( 'NONE', *, *, #3672, .F. ) ;
#3719 = CARTESIAN_POINT ( 'NONE',  ( 15.17935095264188300, -0.4826262486298919500, 0.8359331836933424600 ) ) ;
#3720 = CARTESIAN_POINT ( 'NONE',  ( 11.02371392896280400, -1.278124999999973500, 1.565251690160178300E-016 ) ) ;
#3721 = ORIENTED_EDGE ( 'NONE', *, *, #2729, .F. ) ;
#3722 = CARTESIAN_POINT ( 'NONE',  ( 3.686213928962800900, 1.278124999999973800, 0.7379258128079749800 ) ) ;
#3723 = CARTESIAN_POINT ( 'NONE',  ( 7.523163845262478600E-033, 1.249999999999973400, 1.530808498934159000E-016 ) ) ;
#3724 = CARTESIAN_POINT ( 'NONE',  ( 0.0000000000000000000, 0.0000000000000000000, 0.0000000000000000000 ) ) ;
#3725 = VERTEX_POINT ( 'NONE', #1914 ) ;
#3726 = CARTESIAN_POINT ( 'NONE',  ( 0.6418509526418809700, 0.9652524972597841300, -0.5572887891288955700 ) ) ;
#3727 = DIRECTION ( 'NONE',  ( 0.0000000000000000000, -1.000000000000000000, 0.0000000000000000000 ) ) ;
#3728 = CARTESIAN_POINT ( 'NONE',  ( 0.6793509526418809500, 0.9652524972597843500, 0.0000000000000000000 ) ) ;
#3729 = CARTESIAN_POINT ( 'NONE',  ( 14.14810095264188800, 0.9652524972597840100, -0.5572887891288955700 ) ) ;
#3730 = ADVANCED_FACE ( 'NONE', ( #1105 ), #5021, .T. ) ;
#3731 = EDGE_CURVE ( 'NONE', #3960, #1120, #3265, .T. ) ;
#3732 = CARTESIAN_POINT ( 'NONE',  ( 11.57935095264188300, -0.4826262486298919500, 0.8359331836933424600 ) ) ;
#3733 = CARTESIAN_POINT ( 'NONE',  ( 13.49185095264188500, -0.9652524972597845700, -0.5572887891288946800 ) ) ;
#3734 = CARTESIAN_POINT ( 'NONE',  ( 0.4612139289628007800, 1.278124999999973300, -0.7379258128079758700 ) ) ;
#3735 =( BOUNDED_CURVE ( )  B_SPLINE_CURVE ( 2, ( #2710, #3513, #3114, #5147, #3128, #4719, #1539 ),
 .UNSPECIFIED., .F., .T. ) 
 B_SPLINE_CURVE_WITH_KNOTS ( ( 3, 2, 2, 3 ),
 ( 0.5555555555555555800, 0.5694444444444444200, 0.5833333333333332600, 0.5972222222222222100 ),
 .UNSPECIFIED. ) 
 CURVE ( )  GEOMETRIC_REPRESENTATION_ITEM ( )  RATIONAL_B_SPLINE_CURVE ( ( 1.000000000000000000, 0.8660254037844387100, 1.000000000000000000, 0.8660254037844387100, 1.000000000000000000, 0.8660254037844387100, 1.000000000000000000 ) ) 
 REPRESENTATION_ITEM ( '' )  );
#3736 = CARTESIAN_POINT ( 'NONE',  ( 12.31495190528376100, -0.6249999999999863400, 1.082531754730525300 ) ) ;
#3737 = VERTEX_POINT ( 'NONE', #2330 ) ;
#3738 = CARTESIAN_POINT ( 'NONE',  ( 11.14810095264188500, 6.824819318074047200E-017, 1.114577578257790000 ) ) ;
#3739 = CARTESIAN_POINT ( 'NONE',  ( 10.98621392896280600, -1.278124999999973500, 0.7379258128079755300 ) ) ;
#3740 = CARTESIAN_POINT ( 'NONE',  ( 4.061213928962800400, 1.278124999999973300, -0.7379258128079758700 ) ) ;
#3741 = CARTESIAN_POINT ( 'NONE',  ( 4.729350952641880200, 0.9652524972597843500, 0.0000000000000000000 ) ) ;
#3742 = CARTESIAN_POINT ( 'NONE',  ( 4.335600952641880400, 0.9652524972597843500, 0.0000000000000000000 ) ) ;
#3743 = ORIENTED_EDGE ( 'NONE', *, *, #694, .T. ) ;
#3744 = CARTESIAN_POINT ( 'NONE',  ( 0.004350952641881040500, -0.9652524972597843500, 1.182093381138184100E-016 ) ) ;
#3745 = CARTESIAN_POINT ( 'NONE',  ( 1.189951905283759000, -1.249999999999973400, 1.530808498934159000E-016 ) ) ;
#3746 = CARTESIAN_POINT ( 'NONE',  ( 4.504350952641880600, -0.9652524972597843500, 1.182093381138184100E-016 ) ) ;
#3747 = CARTESIAN_POINT ( 'NONE',  ( 14.07310095264188600, -2.047445795422217100E-016, -1.114577578257790000 ) ) ;
#3748 = CARTESIAN_POINT ( 'NONE',  ( 12.70435095264188300, 0.4826262486298914500, -0.8359331836933428000 ) ) ;
#3749 = CARTESIAN_POINT ( 'NONE',  ( 11.50435095264188400, 0.4826262486298922800, 0.8359331836933423500 ) ) ;
#3750 = CARTESIAN_POINT ( 'NONE',  ( 0.7987139289628006900, -0.6390624999999873200, -1.106888719211962500 ) ) ;
#3751 = CARTESIAN_POINT ( 'NONE',  ( 1.864951905283758900, 1.249999999999973400, 0.0000000000000000000 ) ) ;
#3752 = CARTESIAN_POINT ( 'NONE',  ( 13.06060095264188400, -0.9652524972597843500, 1.182093381138184100E-016 ) ) ;
#3753 = CARTESIAN_POINT ( 'NONE',  ( 13.01121392896280300, 1.278124999999973300, -0.7379258128079758700 ) ) ;
#3754 = CARTESIAN_POINT ( 'NONE',  ( 2.898713928962800800, -0.6390624999999864300, 1.106888719211963000 ) ) ;
#3755 = CARTESIAN_POINT ( 'NONE',  ( 4.560600952641880000, -0.9652524972597843500, 1.182093381138184100E-016 ) ) ;
#3756 = ADVANCED_FACE ( 'NONE', ( #2945 ), #1360, .F. ) ;
#3757 = DIRECTION ( 'NONE',  ( -1.000000000000000000, 0.0000000000000000000, 0.0000000000000000000 ) ) ;
#3758 = EDGE_CURVE ( 'NONE', #416, #1369, #2929, .T. ) ;
#3759 = CARTESIAN_POINT ( 'NONE',  ( 13.65373797632096300, -1.278124999999973300, 0.7379258128079753100 ) ) ;
#3760 = CARTESIAN_POINT ( 'NONE',  ( 4.616850952641879500, -2.047445795422216600E-016, -1.114577578257790000 ) ) ;
#3761 = CARTESIAN_POINT ( 'NONE',  ( 13.77310095264188500, 0.9652524972597843500, 0.5572887891288949000 ) ) ;
#3762 = CARTESIAN_POINT ( 'NONE',  ( 13.11685095264188500, -2.047445795422217400E-016, -1.114577578257790000 ) ) ;
#3763 = CARTESIAN_POINT ( 'NONE',  ( 13.56685095264188400, -2.047445795422217100E-016, -1.114577578257790000 ) ) ;
#3764 = FACE_OUTER_BOUND ( 'NONE', #2281, .T. ) ;
#3765 = CARTESIAN_POINT ( 'NONE',  ( -0.2137860710371991500, -1.278124999999973500, 0.7379258128079755300 ) ) ;
#3766 = FACE_OUTER_BOUND ( 'NONE', #1967, .T. ) ;
#3767 = CARTESIAN_POINT ( 'NONE',  ( 11.33560095264188500, -0.4826262486298926200, -0.8359331836933422400 ) ) ;
#3768 = CARTESIAN_POINT ( 'NONE',  ( 12.82371392896280300, -1.278124999999973500, 1.565251690160178300E-016 ) ) ;
#3769 = CARTESIAN_POINT ( 'NONE',  ( 2.823713928962800600, 0.6390624999999868800, 1.106888719211962700 ) ) ;
#3770 = CARTESIAN_POINT ( 'NONE',  ( 12.98995190528376000, 0.6249999999999856800, -1.082531754730525800 ) ) ;
#3771 = VECTOR ( 'NONE', #4758, 1000.000000000000000 ) ;
#3772 = VERTEX_POINT ( 'NONE', #1470 ) ;
#3773 = CARTESIAN_POINT ( 'NONE',  ( 4.748100952641879100, 0.9652524972597840100, -0.5572887891288955700 ) ) ;
#3774 = EDGE_LOOP ( 'NONE', ( #800, #4224, #3302, #3083 ) ) ;
#3775 = LINE ( 'NONE', #2908, #2714 ) ;
#3776 = CARTESIAN_POINT ( 'NONE',  ( 0.1918509526418809600, 0.9652524972597841300, -0.5572887891288955700 ) ) ;
#3777 = EDGE_CURVE ( 'NONE', #3168, #423, #1986, .T. ) ;
#3778 = ORIENTED_EDGE ( 'NONE', *, *, #647, .T. ) ;
#3779 = CARTESIAN_POINT ( 'NONE',  ( 12.90373797632096300, -2.711095453990486600E-016, -1.475851625615950000 ) ) ;
#3780 = CARTESIAN_POINT ( 'NONE',  ( 14.42935095264188500, -0.4826262486298926200, -0.8359331836933422400 ) ) ;
#3781 = ORIENTED_EDGE ( 'NONE', *, *, #348, .T. ) ;
#3782 = CARTESIAN_POINT ( 'NONE',  ( 3.266850952641880700, -2.047445795422216600E-016, -1.114577578257790000 ) ) ;
#3783 = CARTESIAN_POINT ( 'NONE',  ( 15.49810095264188300, 0.9652524972597840100, -0.5572887891288955700 ) ) ;
#3784 = FACE_OUTER_BOUND ( 'NONE', #805, .T. ) ;
#3785 = ADVANCED_FACE ( 'NONE', ( #4208 ), #4814, .F. ) ;
#3786 = VECTOR ( 'NONE', #234, 1000.000000000000000 ) ;
#3787 = CARTESIAN_POINT ( 'NONE',  ( 11.39185095264188300, 0.9652524972597841300, -0.5572887891288955700 ) ) ;
#3788 = APPROVAL ( #25, 'UNSPECIFIED' ) ;
#3789 = CARTESIAN_POINT ( 'NONE',  ( 0.9487139289628007100, 1.278124999999973500, 0.0000000000000000000 ) ) ;
#3790 = ORIENTED_EDGE ( 'NONE', *, *, #971, .T. ) ;
#3791 = CARTESIAN_POINT ( 'NONE',  ( 11.38749999999997600, -1.249999999999515100, 0.7216878364872814100 ) ) ;
#3792 = CARTESIAN_POINT ( 'NONE',  ( 12.72310095264188400, -2.047445795422217400E-016, -1.114577578257790000 ) ) ;
#3793 = CARTESIAN_POINT ( 'NONE',  ( 13.42371392896280300, 0.6390624999999857700, -1.106888719211963400 ) ) ;
#3794 = CARTESIAN_POINT ( 'NONE',  ( 2.448713928962800600, -0.6390624999999864300, 1.106888719211963000 ) ) ;
#3795 = EDGE_LOOP ( 'NONE', ( #4462, #5134, #3101, #3185, #1310 ) ) ;
#3796 = DIRECTION ( 'NONE',  ( 1.000000000000000000, 0.0000000000000000000, 0.0000000000000000000 ) ) ;
#3797 = CARTESIAN_POINT ( 'NONE',  ( 3.450000000000002400, -0.6249999999999872300, -1.082531754730524900 ) ) ;
#3798 = B_SPLINE_CURVE_WITH_KNOTS ( 'NONE', 3,
 ( #1564, #3613, #4737, #3593 ),
 .UNSPECIFIED., .F., .F.,
 ( 4, 4 ),
 ( 2.380746839936249000E-007, 0.001314652396222794900 ),
 .UNSPECIFIED. ) ;
#3799 = CARTESIAN_POINT ( 'NONE',  ( 14.36623797632096400, 1.278124999999973300, 0.0000000000000000000 ) ) ;
#3800 = CARTESIAN_POINT ( 'NONE',  ( 14.72935095264188400, -0.4826262486298919500, 0.8359331836933424600 ) ) ;
#3801 = CARTESIAN_POINT ( 'NONE',  ( 3.679350952641880800, -0.4826262486298926200, -0.8359331836933422400 ) ) ;
#3802 =( BOUNDED_CURVE ( )  B_SPLINE_CURVE ( 2, ( #3894, #5068, #1102, #1460, #230, #634, #3459 ),
 .UNSPECIFIED., .F., .T. ) 
 B_SPLINE_CURVE_WITH_KNOTS ( ( 3, 2, 2, 3 ),
 ( 0.4166666666666666900, 0.4305555555555555800, 0.4444444444444444200, 0.4583333333333333100 ),
 .UNSPECIFIED. ) 
 CURVE ( )  GEOMETRIC_REPRESENTATION_ITEM ( )  RATIONAL_B_SPLINE_CURVE ( ( 1.000000000000000000, 0.8660254037844387100, 1.000000000000000000, 0.8660254037844387100, 1.000000000000000000, 0.8660254037844387100, 1.000000000000000000 ) ) 
 REPRESENTATION_ITEM ( '' )  );
#3803 = VERTEX_POINT ( 'NONE', #1204 ) ;
#3804 = CARTESIAN_POINT ( 'NONE',  ( 11.31685095264188200, -2.047445795422217400E-016, -1.114577578257790000 ) ) ;
#3805 = DIRECTION ( 'NONE',  ( 0.0000000000000000000, 0.0000000000000000000, -1.000000000000000000 ) ) ;
#3806 = DIRECTION ( 'NONE',  ( -1.000000000000000000, 6.018531076210110700E-033, -0.0000000000000000000 ) ) ;
#3807 = ORIENTED_EDGE ( 'NONE', *, *, #1150, .F. ) ;
#3808 = CARTESIAN_POINT ( 'NONE',  ( 13.66060095264188400, 0.4826262486298914500, -0.8359331836933428000 ) ) ;
#3809 = CARTESIAN_POINT ( 'NONE',  ( 13.19871392896280300, -0.6390624999999864300, 1.106888719211963000 ) ) ;
#3810 = CARTESIAN_POINT ( 'NONE',  ( -0.1831490473581189900, 0.9652524972597842400, 0.5572887891288949000 ) ) ;
#3811 = CARTESIAN_POINT ( 'NONE',  ( 12.42745190528376200, -1.249999999999973400, -0.7216878364870162900 ) ) ;
#3812 =( NAMED_UNIT ( * ) PLANE_ANGLE_UNIT ( ) SI_UNIT ( $, .RADIAN. ) );
#3813 = CARTESIAN_POINT ( 'NONE',  ( 2.516850952641881200, 0.9652524972597842400, 0.5572887891288949000 ) ) ;
#3814 = CARTESIAN_POINT ( 'NONE',  ( 14.74123797632096200, 0.6390624999999856600, -1.106888719211963200 ) ) ;
#3815 = CARTESIAN_POINT ( 'NONE',  ( 14.95435095264188300, 0.4826262486298914500, -0.8359331836933428000 ) ) ;
#3816 = CARTESIAN_POINT ( 'NONE',  ( 4.316850952641880600, 0.9652524972597843500, 0.5572887891288949000 ) ) ;
#3817 = CARTESIAN_POINT ( 'NONE',  ( 7.523163845262478600E-033, 1.249999999999973400, 1.530808498934159000E-016 ) ) ;
#3818 = CARTESIAN_POINT ( 'NONE',  ( 1.286213928962800700, -2.711095453990486600E-016, -1.475851625615950200 ) ) ;
#3819 = CARTESIAN_POINT ( 'NONE',  ( 0.2009618943233409900, -2.249999999999999100, 1.299038105676656900 ) ) ;
#3820 = B_SPLINE_CURVE_WITH_KNOTS ( 'NONE', 3,
 ( #3190, #711, #4353, #1098, #1117, #2351 ),
 .UNSPECIFIED., .F., .F.,
 ( 4, 2, 4 ),
 ( 0.001314652396222794700, 0.001969405109320634600, 0.002624157822418474300 ),
 .UNSPECIFIED. ) ;
#3821 = CARTESIAN_POINT ( 'NONE',  ( 13.13560095264188400, -0.4826262486298926200, -0.8359331836933422400 ) ) ;
#3822 = CARTESIAN_POINT ( 'NONE',  ( 12.93621392896280400, -2.711095453990487100E-016, -1.475851625615950200 ) ) ;
#3823 = CARTESIAN_POINT ( 'NONE',  ( 1.354350952641880900, -0.9652524972597843500, 1.182093381138184100E-016 ) ) ;
#3824 = CARTESIAN_POINT ( 'NONE',  ( 11.41495190528376300, -0.6249999999999863400, 1.082531754730525300 ) ) ;
#3825 = CARTESIAN_POINT ( 'NONE',  ( 0.8668509526418809500, -0.9652524972597841300, 0.5572887891288953500 ) ) ;
#3826 = EDGE_CURVE ( 'NONE', #3862, #416, #1038, .T. ) ;
#3827 = CARTESIAN_POINT ( 'NONE',  ( 15.67873797632096400, 1.278124999999972900, -0.7379258128079757600 ) ) ;
#3828 = CARTESIAN_POINT ( 'NONE',  ( 14.27935095264188300, -0.4826262486298919500, 0.8359331836933424600 ) ) ;
#3829 = LINE ( 'NONE', #1488, #3560 ) ;
#3830 = ORIENTED_EDGE ( 'NONE', *, *, #5066, .T. ) ;
#3831 = CARTESIAN_POINT ( 'NONE',  ( 15.61060095264188500, 0.4826262486298922800, 0.8359331836933423500 ) ) ;
#3832 = CARTESIAN_POINT ( 'NONE',  ( 0.08925501003155288100, -0.3686825588085559400, 2.385217236779675300 ) ) ;
#3833 = CARTESIAN_POINT ( 'NONE',  ( 1.398713928962800800, 1.278124999999973500, 0.0000000000000000000 ) ) ;
#3834 = VECTOR ( 'NONE', #4921, 1000.000000000000000 ) ;
#3835 = EDGE_LOOP ( 'NONE', ( #4271, #1254, #2917, #4817 ) ) ;
#3836 = CARTESIAN_POINT ( 'NONE',  ( 14.67310095264188500, 0.9652524972597842400, 0.5572887891288949000 ) ) ;
#3837 = CARTESIAN_POINT ( 'NONE',  ( 15.59871392896280200, -0.6390624999999873200, -1.106888719211962500 ) ) ;
#3838 = VERTEX_POINT ( 'NONE', #2817 ) ;
#3839 = CARTESIAN_POINT ( 'NONE',  ( 0.4543509526418809100, -0.9652524972597843500, 1.182093381138184100E-016 ) ) ;
#3840 = CARTESIAN_POINT ( 'NONE',  ( 2.989951905283758600, -1.249999999999973400, 1.530808498934159000E-016 ) ) ;
#3841 = ORIENTED_EDGE ( 'NONE', *, *, #1883, .F. ) ;
#3842 = ORIENTED_EDGE ( 'NONE', *, *, #1730, .F. ) ;
#3843 = CARTESIAN_POINT ( 'NONE',  ( 1.616850952641881100, 0.9652524972597842400, 0.5572887891288949000 ) ) ;
#3844 = CARTESIAN_POINT ( 'NONE',  ( 0.0000000000000000000, 0.0000000000000000000, 0.0000000000000000000 ) ) ;
#3845 = CARTESIAN_POINT ( 'NONE',  ( 14.05435095264188500, 0.4826262486298914500, -0.8359331836933428000 ) ) ;
#3846 = CARTESIAN_POINT ( 'NONE',  ( 4.764054440264244400, 0.9652524972597843500, 0.5157297225497814400 ) ) ;
#3847 = ORIENTED_EDGE ( 'NONE', *, *, #4232, .T. ) ;
#3848 = CARTESIAN_POINT ( 'NONE',  ( 4.114951905283758600, 1.249999999999973400, 0.0000000000000000000 ) ) ;
#3849 = CARTESIAN_POINT ( 'NONE',  ( 11.26060095264188200, -0.9652524972597850100, 1.182093381138185100E-016 ) ) ;
#3850 = DIRECTION ( 'NONE',  ( -1.000000000000000000, 0.0000000000000000000, 0.0000000000000000000 ) ) ;
#3851 = B_SPLINE_CURVE_WITH_KNOTS ( 'NONE', 3,
 ( #5000, #4230, #2624, #2186, #563, #3420, #2986, #2966, #969, #4983, #2607, #176 ),
 .UNSPECIFIED., .F., .F.,
 ( 4, 2, 2, 2, 2, 4 ),
 ( 0.0000000000000000000, 0.0006411953993288304200, 0.001282390798657660400, 0.001923586197986490800, 0.002244183897650905700, 0.002564781597315320400 ),
 .UNSPECIFIED. ) ;
#3852 = CARTESIAN_POINT ( 'NONE',  ( 14.89810095264188500, -0.9652524972597844600, -0.5572887891288946800 ) ) ;
#3853 = CARTESIAN_POINT ( 'NONE',  ( 11.16685095264188600, -0.9652524972597841300, 0.5572887891288953500 ) ) ;
#3854 = CARTESIAN_POINT ( 'NONE',  ( 4.473713928962801000, 0.6390624999999857700, -1.106888719211963400 ) ) ;
#3855 = CARTESIAN_POINT ( 'NONE',  ( 11.86495190528376400, -0.6249999999999863400, 1.082531754730525300 ) ) ;
#3856 = ORIENTED_EDGE ( 'NONE', *, *, #3777, .F. ) ;
#3857 = ADVANCED_FACE ( 'NONE', ( #3764 ), #4201, .F. ) ;
#3858 = CARTESIAN_POINT ( 'NONE',  ( 3.848100952641880600, 0.9652524972597841300, -0.5572887891288955700 ) ) ;
#3859 = EDGE_CURVE ( 'NONE', #4591, #137, #4574, .T. ) ;
#3860 = CARTESIAN_POINT ( 'NONE',  ( 2.404350952641880900, 0.4826262486298914500, -0.8359331836933428000 ) ) ;
#3861 =( BOUNDED_CURVE ( )  B_SPLINE_CURVE ( 2, ( #712, #3963, #3148, #2746, #1920, #1565, #1119 ),
 .UNSPECIFIED., .F., .T. ) 
 B_SPLINE_CURVE_WITH_KNOTS ( ( 3, 2, 2, 3 ),
 ( 0.2083333333333333400, 0.2222222222222222100, 0.2361111111111111000, 0.2500000000000000000 ),
 .UNSPECIFIED. ) 
 CURVE ( )  GEOMETRIC_REPRESENTATION_ITEM ( )  RATIONAL_B_SPLINE_CURVE ( ( 1.000000000000000000, 0.8660254037844387100, 1.000000000000000000, 0.8660254037844387100, 1.000000000000000000, 0.8660254037844387100, 1.000000000000000000 ) ) 
 REPRESENTATION_ITEM ( '' )  );
#3862 = VERTEX_POINT ( 'NONE', #5178 ) ;
#3863 =( BOUNDED_CURVE ( )  B_SPLINE_CURVE ( 2, ( #4899, #1639, #3797, #2546, #4547, #1712, #1768 ),
 .UNSPECIFIED., .F., .T. ) 
 B_SPLINE_CURVE_WITH_KNOTS ( ( 3, 2, 2, 3 ),
 ( 0.6250000000000000000, 0.6388888888888888400, 0.6527777777777777900, 0.6666666666666666300 ),
 .UNSPECIFIED. ) 
 CURVE ( )  GEOMETRIC_REPRESENTATION_ITEM ( )  RATIONAL_B_SPLINE_CURVE ( ( 1.000000000000000000, 0.8660254037844387100, 1.000000000000000000, 0.8660254037844387100, 1.000000000000000000, 0.8660254037844387100, 1.000000000000000000 ) ) 
 REPRESENTATION_ITEM ( '' )  );
#3864 = DIRECTION ( 'NONE',  ( 0.0000000000000000000, 0.0000000000000000000, -1.000000000000000000 ) ) ;
#3865 = CARTESIAN_POINT ( 'NONE',  ( 1.275000000000002800, 0.6249999999999856800, -1.082531754730525800 ) ) ;
#3866 = CARTESIAN_POINT ( 'NONE',  ( 1.875000000000002700, 0.6249999999999867900, 1.082531754730525300 ) ) ;
#3867 = CARTESIAN_POINT ( 'NONE',  ( 15.47500000000000500, -1.249999999999973400, 1.530808498934158800E-016 ) ) ;
#3868 = CARTESIAN_POINT ( 'NONE',  ( 12.31060095264188300, 0.4826262486298917900, -0.8359331836933434600 ) ) ;
#3869 = CARTESIAN_POINT ( 'NONE',  ( 15.92074739651497900, -0.5511819209155977000, 1.128918312713310900 ) ) ;
#3870 = CARTESIAN_POINT ( 'NONE',  ( 14.44810095264188600, -0.9652524972597844600, -0.5572887891288946800 ) ) ;
#3871 = CARTESIAN_POINT ( 'NONE',  ( 15.18621392896280400, -2.711095453990487100E-016, -1.475851625615950200 ) ) ;
#3872 = CARTESIAN_POINT ( 'NONE',  ( -0.1456490473581189800, 0.4826262486298922800, 0.8359331836933423500 ) ) ;
#3873 = EDGE_CURVE ( 'NONE', #4328, #1783, #37, .T. ) ;
#3874 = CARTESIAN_POINT ( 'NONE',  ( 0.9043509526418809200, -0.9652524972597843500, 1.182093381138184100E-016 ) ) ;
#3875 = CARTESIAN_POINT ( 'NONE',  ( 15.34123797632096100, 0.6390624999999867700, 1.106888719211962500 ) ) ;
#3876 = CARTESIAN_POINT ( 'NONE',  ( 1.200000000000002600, -0.6249999999999872300, -1.082531754730524900 ) ) ;
#3877 = CARTESIAN_POINT ( 'NONE',  ( 11.19999999999999900, 0.7786434337202617900, -0.9778621595727351500 ) ) ;
#3878 = CARTESIAN_POINT ( 'NONE',  ( 12.34810095264188400, 0.9652524972597845700, -0.5572887891288959000 ) ) ;
#3879 = CARTESIAN_POINT ( 'NONE',  ( 0.8625000000000026000, 1.249999999999973100, -0.7216878364870175100 ) ) ;
#3880 = CARTESIAN_POINT ( 'NONE',  ( 10.97935095264188400, 0.9652524972597843500, 0.0000000000000000000 ) ) ;
#3881 = CARTESIAN_POINT ( 'NONE',  ( 1.366237976320960900, 1.278124999999973300, 0.0000000000000000000 ) ) ;
#3882 = CARTESIAN_POINT ( 'NONE',  ( 3.814951905283758800, -0.6249999999999863400, 1.082531754730525300 ) ) ;
#3883 = CYLINDRICAL_SURFACE ( 'NONE', #2884, 1.249999999999973400 ) ;
#3884 = CARTESIAN_POINT ( 'NONE',  ( 15.79903810567666300, 1.137610859620437800E-015, -2.598076211353313300 ) ) ;
#3885 = CYLINDRICAL_SURFACE ( 'NONE', #1637, 1.249999999999973400 ) ;
#3886 = CARTESIAN_POINT ( 'NONE',  ( 0.06060095264188091600, -0.9652524972597843500, 1.182093381138184100E-016 ) ) ;
#3887 = ORIENTED_EDGE ( 'NONE', *, *, #1217, .F. ) ;
#3888 = DIRECTION ( 'NONE',  ( -1.000000000000000000, 6.018531076210110700E-033, -0.0000000000000000000 ) ) ;
#3889 = EDGE_CURVE ( 'NONE', #635, #734, #5128, .T. ) ;
#3890 = CARTESIAN_POINT ( 'NONE',  ( 15.26623797632096400, 1.278124999999973300, 0.0000000000000000000 ) ) ;
#3891 = CARTESIAN_POINT ( 'NONE',  ( 3.889951905283758600, -1.249999999999973400, 1.530808498934159000E-016 ) ) ;
#3892 = ORIENTED_EDGE ( 'NONE', *, *, #4022, .F. ) ;
#3893 = CARTESIAN_POINT ( 'NONE',  ( 4.729350952641880200, 0.9652524972597843500, 0.0000000000000000000 ) ) ;
#3894 = CARTESIAN_POINT ( 'NONE',  ( 13.45000000000000500, 1.249999999999973400, 0.0000000000000000000 ) ) ;
#3895 = VECTOR ( 'NONE', #5086, 1000.000000000000000 ) ;
#3896 = ORIENTED_EDGE ( 'NONE', *, *, #741, .T. ) ;
#3897 = CARTESIAN_POINT ( 'NONE',  ( 13.92310095264188200, -0.9652524972597847900, 0.5572887891288956800 ) ) ;
#3898 = CARTESIAN_POINT ( 'NONE',  ( 0.07030005529788221900, 0.6240282748017974600, 1.080032850504706100 ) ) ;
#3899 = ORIENTED_EDGE ( 'NONE', *, *, #5072, .T. ) ;
#3900 = DIRECTION ( 'NONE',  ( -1.000000000000000000, 6.018531076210110700E-033, -0.0000000000000000000 ) ) ;
#3901 = DIRECTION ( 'NONE',  ( 0.0000000000000000000, -0.5000000000000001100, 0.8660254037844386000 ) ) ;
#3902 = CIRCLE ( 'NONE', #2501, 2.249999999999998200 ) ;
#3903 = CARTESIAN_POINT ( 'NONE',  ( 15.78621392896280200, 1.278124999999973800, 0.7379258128079749800 ) ) ;
#3904 = CARTESIAN_POINT ( 'NONE',  ( 2.416237976320960700, -0.6390624999999863200, 1.106888719211962700 ) ) ;
#3905 = ORIENTED_EDGE ( 'NONE', *, *, #4933, .F. ) ;
#3906 = ORIENTED_EDGE ( 'NONE', *, *, #782, .T. ) ;
#3907 = CARTESIAN_POINT ( 'NONE',  ( -0.1643990473581190800, 0.9652524972597843500, 0.0000000000000000000 ) ) ;
#3908 = CARTESIAN_POINT ( 'NONE',  ( 4.800000000000004300, 1.015692406869854300, -0.002539649766613460400 ) ) ;
#3909 = DIRECTION ( 'NONE',  ( -6.018531076210111400E-033, -1.000000000000000000, 0.0000000000000000000 ) ) ;
#3910 = CARTESIAN_POINT ( 'NONE',  ( 2.727451905283759400, 1.249999999999972900, -0.7216878364870175100 ) ) ;
#3911 = CARTESIAN_POINT ( 'NONE',  ( 11.20000000000000100, 0.5991643158065416100, -1.094440995577131500 ) ) ;
#3912 = CARTESIAN_POINT ( 'NONE',  ( 14.14810095264188300, 0.9652524972597845700, -0.5572887891288959000 ) ) ;
#3913 = CARTESIAN_POINT ( 'NONE',  ( 15.93749999999991700, -0.9362024248955757000, 0.8282662733804490000 ) ) ;
#3914 = CARTESIAN_POINT ( 'NONE',  ( 0.7500000000000026600, -0.6249999999999872300, -1.082531754730524900 ) ) ;
#3915 = EDGE_LOOP ( 'NONE', ( #561, #5164, #902, #3476, #997, #3847, #3144, #873, #2141, #2420, #5042, #1203, #197, #77, #435, #2526, #5037, #4100, #5095, #2032, #177, #4734, #388, #5201, #519, #1711 ) ) ;
#3916 = CARTESIAN_POINT ( 'NONE',  ( 15.79810095264188300, -0.9652524972597844600, -0.5572887891288946800 ) ) ;
#3917 = CARTESIAN_POINT ( 'NONE',  ( 12.47935095264188400, -0.4826262486298919500, 0.8359331836933424600 ) ) ;
#3918 = CARTESIAN_POINT ( 'NONE',  ( 1.178737976320960900, -1.278124999999973800, -0.7379258128079745300 ) ) ;
#3919 =( BOUNDED_SURFACE ( )  B_SPLINE_SURFACE ( 1, 2, ( 
 ( #4466, #64, #2499, #914, #3311, #3739, #3720, #1262, #102, #4872, #3325, #1667, #2454, #1296, #4120, #839, #1706, #464, #3297, #4080, #4928, #1316, #1240, #2084, #28, #2479, #2855, #428, #4487, #3659, #45, #2870, #450, #856, #877, #1280, #1737, #996, #2184, #2170, #3398, #3016, #2573, #2622, #4157, #4609, #540, #1350, #981, #3348, #2605, #4943, #145, #4172, #3768, #951, #1406, #3822, #4981, #3753, #1364, #4555, #560, #1760, #3809, #2587, #4190, #525, #4570, #159, #3793, #1780, #2963, #593, #1391, #3362, #2984, #4590, #2557, #1799, #174, #3418, #126, #4228, #3378, #578, #967, #4998, #3000, #1812, #4205, #4625, #2206, #195, #2942, #5012, #931, #1334, #2152, #4958, #2699, #1082, #1419, #5031, #4245, #1028, #1436, #4293, #5062, #2240, #4659, #1849, #5092, #3432, #1878, #3481, #209, #3871, #4691, #1451, #2669, #274, #2253, #4257, #239, #2278, #3108, #673, #3837, #3067, #642, #3494, #2684, #3903, #4275, #3446, #2293, #1834, #1478, #3467, #4308 ),
 ( #3880, #1900, #2227, #1862, #1041, #3853, #4677, #5073, #257, #2636, #222, #3038, #3086, #1014, #4638, #608, #655, #5047, #2651, #3055, #1062, #1466, #627, #3556, #2361, #3522, #1161, #2722, #5158, #1142, #3122, #3159, #707, #285, #323, #3986, #4729, #2343, #4394, #4710, #3917, #719, #5137, #692, #3577, #4759, #5105, #3972, #3540, #2767, #3505, #4345, #759, #1125, #1499, #1518, #1108, #1574, #4321, #340, #2304, #1091, #3181, #3931, #4361, #1910, #1926, #4745, #2321, #3948, #5120, #2738, #738, #306, #5174, #3136, #1534, #1952, #2752, #1550, #4379, #1969, #4780, #2377, #2787, #359, #3196, #3602, #1180, #4055, #4851, #2433, #1622, #4041, #3618, #2866, #8, #2472, #3654, #4073, #1256, #4867, #2801, #834, #4824, #1660, #1234, #1643, #4439, #776, #1999, #2037, #379, #2449, #1216, #817, #1983, #23, #4796, #2401, #3631, #2849, #38, #422, #4809, #442, #3244, #5187, #4458, #3272, #2055, #3255, #1198, #793, #850, #4021, #2833, #3673, #5210, #3208, #4001 ) ),
 .UNSPECIFIED., .F., .F., .T. ) 
 B_SPLINE_SURFACE_WITH_KNOTS ( ( 2, 2 ),
 ( 3, 2, 2, 2, 2, 2, 2, 2, 2, 2, 2, 2, 2, 2, 2, 2, 2, 2, 2, 2, 2, 2, 2, 2, 2, 2, 2, 2, 2, 2, 2, 2, 2, 2, 2, 2, 2, 2, 2, 2, 2, 2, 2, 2, 2, 2, 2, 2, 2, 2, 2, 2, 2, 2, 2, 2, 2, 2, 2, 2, 2, 2, 2, 2, 2, 2, 2, 2, 2, 2, 3 ),
 ( 0.0000000000000000000, 1.000000000000000000 ),
 ( 0.0000000000000000000, 0.01388888888888888800, 0.02777777777777777600, 0.04166666666666666400, 0.05555555555555555200, 0.06944444444444444800, 0.08333333333333332900, 0.09722222222222222400, 0.1111111111111111000, 0.1250000000000000000, 0.1388888888888889000, 0.1527777777777777900, 0.1666666666666666600, 0.1805555555555555500, 0.1944444444444444500, 0.2083333333333333400, 0.2222222222222222100, 0.2361111111111111000, 0.2500000000000000000, 0.2638888888888889000, 0.2777777777777777900, 0.2916666666666666900, 0.3055555555555555800, 0.3194444444444444200, 0.3333333333333333100, 0.3472222222222222100, 0.3611111111111111000, 0.3750000000000000000, 0.3888888888888889000, 0.4027777777777777900, 0.4166666666666666900, 0.4305555555555555800, 0.4444444444444444200, 0.4583333333333333100, 0.4722222222222222100, 0.4861111111111111000, 0.5000000000000000000, 0.5138888888888888400, 0.5277777777777777900, 0.5416666666666666300, 0.5555555555555555800, 0.5694444444444444200, 0.5833333333333333700, 0.5972222222222222100, 0.6111111111111111600, 0.6250000000000000000, 0.6388888888888888400, 0.6527777777777777900, 0.6666666666666666300, 0.6805555555555555800, 0.6944444444444444200, 0.7083333333333333700, 0.7222222222222222100, 0.7361111111111111600, 0.7500000000000000000, 0.7638888888888888400, 0.7777777777777777900, 0.7916666666666666300, 0.8055555555555555800, 0.8194444444444444200, 0.8333333333333333700, 0.8472222222222222100, 0.8611111111111111600, 0.8750000000000000000, 0.8888888888888888400, 0.9027777777777777900, 0.9166666666666666300, 0.9305555555555555800, 0.9444444444444444200, 0.9583333333333333700, 0.9722222222222222100 ),
 .UNSPECIFIED. ) 
 GEOMETRIC_REPRESENTATION_ITEM ( )  RATIONAL_B_SPLINE_SURFACE ( (
 ( 1.000000000000000000, 0.8660254037844387100, 1.000000000000000000, 0.8660254037844387100, 1.000000000000000000, 0.8660254037844387100, 1.000000000000000000, 0.8660254037844387100, 1.000000000000000000, 0.8660254037844387100, 1.000000000000000000, 0.8660254037844387100, 1.000000000000000000, 0.8660254037844387100, 1.000000000000000000, 0.8660254037844387100, 1.000000000000000000, 0.8660254037844387100, 1.000000000000000000, 0.8660254037844387100, 1.000000000000000000, 0.8660254037844387100, 1.000000000000000000, 0.8660254037844387100, 1.000000000000000000, 0.8660254037844387100, 1.000000000000000000, 0.8660254037844387100, 1.000000000000000000, 0.8660254037844387100, 1.000000000000000000, 0.8660254037844387100, 1.000000000000000000, 0.8660254037844387100, 1.000000000000000000, 0.8660254037844387100, 1.000000000000000000, 0.8660254037844387100, 1.000000000000000000, 0.8660254037844387100, 1.000000000000000000, 0.8660254037844387100, 1.000000000000000000, 0.8660254037844387100, 1.000000000000000000, 0.8660254037844387100, 1.000000000000000000, 0.8660254037844387100, 1.000000000000000000, 0.8660254037844387100, 1.000000000000000000, 0.8660254037844387100, 1.000000000000000000, 0.8660254037844387100, 1.000000000000000000, 0.8660254037844387100, 1.000000000000000000, 0.8660254037844387100, 1.000000000000000000, 0.8660254037844387100, 1.000000000000000000, 0.8660254037844387100, 1.000000000000000000, 0.8660254037844387100, 1.000000000000000000, 0.8660254037844387100, 1.000000000000000000, 0.8660254037844387100, 1.000000000000000000, 0.8660254037844387100, 1.000000000000000000, 0.8660254037844387100, 1.000000000000000000, 0.8660254037844387100, 1.000000000000000000, 0.8660254037844387100, 1.000000000000000000, 0.8660254037844387100, 1.000000000000000000, 0.8660254037844387100, 1.000000000000000000, 0.8660254037844387100, 1.000000000000000000, 0.8660254037844387100, 1.000000000000000000, 0.8660254037844387100, 1.000000000000000000, 0.8660254037844387100, 1.000000000000000000, 0.8660254037844387100, 1.000000000000000000, 0.8660254037844387100, 1.000000000000000000, 0.8660254037844387100, 1.000000000000000000, 0.8660254037844387100, 1.000000000000000000, 0.8660254037844387100, 1.000000000000000000, 0.8660254037844387100, 1.000000000000000000, 0.8660254037844387100, 1.000000000000000000, 0.8660254037844387100, 1.000000000000000000, 0.8660254037844387100, 1.000000000000000000, 0.8660254037844387100, 1.000000000000000000, 0.8660254037844387100, 1.000000000000000000, 0.8660254037844387100, 1.000000000000000000, 0.8660254037844387100, 1.000000000000000000, 0.8660254037844387100, 1.000000000000000000, 0.8660254037844387100, 1.000000000000000000, 0.8660254037844387100, 1.000000000000000000, 0.8660254037844387100, 1.000000000000000000, 0.8660254037844387100, 1.000000000000000000, 0.8660254037844387100, 1.000000000000000000, 0.8660254037844387100, 1.000000000000000000, 0.8660254037844387100, 1.000000000000000000, 0.8660254037844387100, 1.000000000000000000, 0.8660254037844387100, 1.000000000000000000, 0.8660254037844387100, 1.000000000000000000, 0.8660254037844387100, 1.000000000000000000, 0.8660254037844387100, 1.000000000000000000),
 ( 1.000000000000000000, 0.8660254037844387100, 1.000000000000000000, 0.8660254037844387100, 1.000000000000000000, 0.8660254037844387100, 1.000000000000000000, 0.8660254037844387100, 1.000000000000000000, 0.8660254037844387100, 1.000000000000000000, 0.8660254037844387100, 1.000000000000000000, 0.8660254037844387100, 1.000000000000000000, 0.8660254037844387100, 1.000000000000000000, 0.8660254037844387100, 1.000000000000000000, 0.8660254037844387100, 1.000000000000000000, 0.8660254037844387100, 1.000000000000000000, 0.8660254037844387100, 1.000000000000000000, 0.8660254037844387100, 1.000000000000000000, 0.8660254037844387100, 1.000000000000000000, 0.8660254037844387100, 1.000000000000000000, 0.8660254037844387100, 1.000000000000000000, 0.8660254037844387100, 1.000000000000000000, 0.8660254037844387100, 1.000000000000000000, 0.8660254037844387100, 1.000000000000000000, 0.8660254037844387100, 1.000000000000000000, 0.8660254037844387100, 1.000000000000000000, 0.8660254037844387100, 1.000000000000000000, 0.8660254037844387100, 1.000000000000000000, 0.8660254037844387100, 1.000000000000000000, 0.8660254037844387100, 1.000000000000000000, 0.8660254037844387100, 1.000000000000000000, 0.8660254037844387100, 1.000000000000000000, 0.8660254037844387100, 1.000000000000000000, 0.8660254037844387100, 1.000000000000000000, 0.8660254037844387100, 1.000000000000000000, 0.8660254037844387100, 1.000000000000000000, 0.8660254037844387100, 1.000000000000000000, 0.8660254037844387100, 1.000000000000000000, 0.8660254037844387100, 1.000000000000000000, 0.8660254037844387100, 1.000000000000000000, 0.8660254037844387100, 1.000000000000000000, 0.8660254037844387100, 1.000000000000000000, 0.8660254037844387100, 1.000000000000000000, 0.8660254037844387100, 1.000000000000000000, 0.8660254037844387100, 1.000000000000000000, 0.8660254037844387100, 1.000000000000000000, 0.8660254037844387100, 1.000000000000000000, 0.8660254037844387100, 1.000000000000000000, 0.8660254037844387100, 1.000000000000000000, 0.8660254037844387100, 1.000000000000000000, 0.8660254037844387100, 1.000000000000000000, 0.8660254037844387100, 1.000000000000000000, 0.8660254037844387100, 1.000000000000000000, 0.8660254037844387100, 1.000000000000000000, 0.8660254037844387100, 1.000000000000000000, 0.8660254037844387100, 1.000000000000000000, 0.8660254037844387100, 1.000000000000000000, 0.8660254037844387100, 1.000000000000000000, 0.8660254037844387100, 1.000000000000000000, 0.8660254037844387100, 1.000000000000000000, 0.8660254037844387100, 1.000000000000000000, 0.8660254037844387100, 1.000000000000000000, 0.8660254037844387100, 1.000000000000000000, 0.8660254037844387100, 1.000000000000000000, 0.8660254037844387100, 1.000000000000000000, 0.8660254037844387100, 1.000000000000000000, 0.8660254037844387100, 1.000000000000000000, 0.8660254037844387100, 1.000000000000000000, 0.8660254037844387100, 1.000000000000000000, 0.8660254037844387100, 1.000000000000000000, 0.8660254037844387100, 1.000000000000000000, 0.8660254037844387100, 1.000000000000000000, 0.8660254037844387100, 1.000000000000000000, 0.8660254037844387100, 1.000000000000000000, 0.8660254037844387100, 1.000000000000000000) ) ) 
 REPRESENTATION_ITEM ( '' )  SURFACE ( )  );
#3920 = EDGE_CURVE ( 'NONE', #4485, #3711, #544, .T. ) ;
#3921 = CARTESIAN_POINT ( 'NONE',  ( 15.42745190528376000, 8.838126989374027500E-017, 1.443375672974033500 ) ) ;
#3922 = CARTESIAN_POINT ( 'NONE',  ( 4.991850952641880400, -0.9652524972597844600, -0.5572887891288946800 ) ) ;
#3923 = CARTESIAN_POINT ( 'NONE',  ( 0.1401593564273401200, -2.249999999999997800, -1.088411935946645800 ) ) ;
#3924 = DIRECTION ( 'NONE',  ( -1.000000000000000000, 6.018531076210110700E-033, -0.0000000000000000000 ) ) ;
#3925 = CARTESIAN_POINT ( 'NONE',  ( 15.68546460717596200, -0.9979646071760087700, 4.388756761366903200E-013 ) ) ;
#3926 = AXIS2_PLACEMENT_3D ( 'NONE', #3844, #227, #4285 ) ;
#3927 = CARTESIAN_POINT ( 'NONE',  ( 13.39810095264188300, 6.824819318074052200E-017, 1.114577578257790700 ) ) ;
#3928 = CARTESIAN_POINT ( 'NONE',  ( 15.06250000000000500, -1.249999999999973600, -0.7216878364870164000 ) ) ;
#3929 = CARTESIAN_POINT ( 'NONE',  ( 15.55000000000000400, -0.6249999999999872300, -1.082531754730524900 ) ) ;
#3930 = CARTESIAN_POINT ( 'NONE',  ( 16.28560095264188600, -0.4826262486298926200, -0.8359331836933422400 ) ) ;
#3931 = CARTESIAN_POINT ( 'NONE',  ( 13.34185095264188300, 6.824819318074047200E-017, 1.114577578257790000 ) ) ;
#3932 = ADVANCED_FACE ( 'NONE', ( #3260 ), #4701, .F. ) ;
#3933 = CARTESIAN_POINT ( 'NONE',  ( 2.116237976320960900, -0.6390624999999872100, -1.106888719211962300 ) ) ;
#3934 = CARTESIAN_POINT ( 'NONE',  ( 3.439951905283759300, -1.249999999999973400, 1.530808498934159000E-016 ) ) ;
#3935 = EDGE_CURVE ( 'NONE', #4962, #1080, #3502, .T. ) ;
#3936 = CARTESIAN_POINT ( 'NONE',  ( 16.00000000000000400, 0.7416645267673333000, -2.169875997175797700 ) ) ;
#3937 = CARTESIAN_POINT ( 'NONE',  ( 3.491850952641880400, 6.824819318074054600E-017, 1.114577578257790000 ) ) ;
#3938 = CARTESIAN_POINT ( 'NONE',  ( 2.475000000000002300, -1.249999999999973400, 1.530808498934159000E-016 ) ) ;
#3939 = CARTESIAN_POINT ( 'NONE',  ( 11.19999999999999900, 0.7786434337202617900, -0.9778621595727351500 ) ) ;
#3940 = PLANE ( 'NONE',  #790 ) ;
#3941 = CARTESIAN_POINT ( 'NONE',  ( 14.86060095264188300, -0.9652524972597850100, 1.182093381138185100E-016 ) ) ;
#3942 = DIRECTION ( 'NONE',  ( -1.000000000000000000, 6.018531076210110700E-033, -0.0000000000000000000 ) ) ;
#3943 = CARTESIAN_POINT ( 'NONE',  ( 2.250000000000002200, 1.249999999999973400, 0.0000000000000000000 ) ) ;
#3944 =( BOUNDED_CURVE ( )  B_SPLINE_CURVE ( 2, ( #4290, #4674, #320, #2697, #5132, #2341, #4688 ),
 .UNSPECIFIED., .F., .T. ) 
 B_SPLINE_CURVE_WITH_KNOTS ( ( 3, 2, 2, 3 ),
 ( 0.6666666666666666300, 0.6805555555555555800, 0.6944444444444444200, 0.7083333333333333700 ),
 .UNSPECIFIED. ) 
 CURVE ( )  GEOMETRIC_REPRESENTATION_ITEM ( )  RATIONAL_B_SPLINE_CURVE ( ( 1.000000000000000000, 0.8660254037844387100, 1.000000000000000000, 0.8660254037844387100, 1.000000000000000000, 0.8660254037844387100, 1.000000000000000000 ) ) 
 REPRESENTATION_ITEM ( '' )  );
#3945 = ORIENTED_EDGE ( 'NONE', *, *, #342, .F. ) ;
#3946 = CARTESIAN_POINT ( 'NONE',  ( 15.68560095264188300, -0.4826262486298919500, 0.8359331836933424600 ) ) ;
#3947 = CARTESIAN_POINT ( 'NONE',  ( 0.06830127018886235400, 1.244198729811186500, -6.564118542120954500E-013 ) ) ;
#3948 = CARTESIAN_POINT ( 'NONE',  ( 13.56685095264188400, -2.047445795422217400E-016, -1.114577578257790000 ) ) ;
#3949 = DATE_AND_TIME ( #1747, #930 ) ;
#3950 = CARTESIAN_POINT ( 'NONE',  ( 1.628737976320960600, -1.278124999999973800, -0.7379258128079745300 ) ) ;
#3951 = EDGE_CURVE ( 'NONE', #4176, #5143, #171, .T. ) ;
#3952 = CARTESIAN_POINT ( 'NONE',  ( 0.0000000000000000000, 0.0000000000000000000, 0.0000000000000000000 ) ) ;
#3953 = VERTEX_POINT ( 'NONE', #3200 ) ;
#3954 = CARTESIAN_POINT ( 'NONE',  ( 12.31060095264188400, 0.4826262486298914500, -0.8359331836933428000 ) ) ;
#3955 = ORIENTED_EDGE ( 'NONE', *, *, #2594, .F. ) ;
#3956 = DIRECTION ( 'NONE',  ( -1.000000000000000000, 0.0000000000000000000, 0.0000000000000000000 ) ) ;
#3957 = CARTESIAN_POINT ( 'NONE',  ( 4.504350952641880600, -0.9652524972597843500, 1.182093381138184100E-016 ) ) ;
#3958 = CARTESIAN_POINT ( 'NONE',  ( 4.785600952641880600, 0.9652524972597843500, 0.0000000000000000000 ) ) ;
#3959 = FACE_OUTER_BOUND ( 'NONE', #3295, .T. ) ;
#3960 = VERTEX_POINT ( 'NONE', #2926 ) ;
#3961 = CARTESIAN_POINT ( 'NONE',  ( 0.07827230715412626700, -1.881931238497226200, 1.511542704210574900 ) ) ;
#3962 = CARTESIAN_POINT ( 'NONE',  ( 16.00000000000000400, -2.249999999999998700, -0.2198740743429148100 ) ) ;
#3963 = CARTESIAN_POINT ( 'NONE',  ( 12.36250000000000600, -1.249999999999973600, -0.7216878364870164000 ) ) ;
#3964 = ORIENTED_EDGE ( 'NONE', *, *, #4460, .F. ) ;
#3965 = CARTESIAN_POINT ( 'NONE',  ( 15.65275249725973900, -0.05986553411335070200, 0.9633942605660333900 ) ) ;
#3966 = CARTESIAN_POINT ( 'NONE',  ( 15.01060095264188200, 0.4826262486298917900, -0.8359331836933434600 ) ) ;
#3967 = CARTESIAN_POINT ( 'NONE',  ( 11.20000000000000300, -0.6466369738519295300, 0.7166400822685462500 ) ) ;
#3968 = CARTESIAN_POINT ( 'NONE',  ( 0.8481009526418809000, 6.824819318074054600E-017, 1.114577578257790000 ) ) ;
#3969 = CARTESIAN_POINT ( 'NONE',  ( 0.1403095706898298000, 2.249999999999997800, 1.088932293415952000 ) ) ;
#3970 = ORIENTED_EDGE ( 'NONE', *, *, #5036, .F. ) ;
#3971 = CARTESIAN_POINT ( 'NONE',  ( 2.100000000000002300, -0.6249999999999872300, -1.082531754730524900 ) ) ;
#3972 = CARTESIAN_POINT ( 'NONE',  ( 12.74185095264188500, 0.9652524972597841300, -0.5572887891288955700 ) ) ;
#3973 = CARTESIAN_POINT ( 'NONE',  ( 3.128737976320960600, 1.278124999999972900, -0.7379258128079757600 ) ) ;
#3974 = DIRECTION ( 'NONE',  ( -1.000000000000000000, 6.018531076210110700E-033, -0.0000000000000000000 ) ) ;
#3975 = CARTESIAN_POINT ( 'NONE',  ( 3.285600952641880600, -0.4826262486298926200, -0.8359331836933422400 ) ) ;
#3976 = CARTESIAN_POINT ( 'NONE',  ( 2.385600952641880700, -0.4826262486298926200, -0.8359331836933422400 ) ) ;
#3977 = ORIENTED_EDGE ( 'NONE', *, *, #4414, .F. ) ;
#3978 = CARTESIAN_POINT ( 'NONE',  ( 3.416850952641880200, 0.9652524972597842400, 0.5572887891288949000 ) ) ;
#3979 = CARTESIAN_POINT ( 'NONE',  ( 15.28750000000000700, 1.249999999999973400, 0.7216878364870166200 ) ) ;
#3980 = CARTESIAN_POINT ( 'NONE',  ( 0.4125000000000027500, 1.249999999999973100, -0.7216878364870175100 ) ) ;
#3981 = ORIENTED_EDGE ( 'NONE', *, *, #4365, .F. ) ;
#3982 = CARTESIAN_POINT ( 'NONE',  ( 15.57310095264188400, 0.9652524972597850100, 0.5572887891288952300 ) ) ;
#3983 = CARTESIAN_POINT ( 'NONE',  ( 2.802451905283759100, 1.249999999999973400, 0.7216878364870166200 ) ) ;
#3984 = CARTESIAN_POINT ( 'NONE',  ( 0.9981009526418807000, -0.9652524972597844600, -0.5572887891288946800 ) ) ;
#3985 = CARTESIAN_POINT ( 'NONE',  ( 0.2452976833336775700, 0.5331472763222634400, 0.9366654654286423700 ) ) ;
#3986 = CARTESIAN_POINT ( 'NONE',  ( 12.29185095264188400, 0.9652524972597841300, -0.5572887891288955700 ) ) ;
#3987 = CARTESIAN_POINT ( 'NONE',  ( 3.428737976320960400, -1.278124999999973800, -0.7379258128079745300 ) ) ;
#3988 = EDGE_CURVE ( 'NONE', #1369, #3451, #4443, .T. ) ;
#3989 = CARTESIAN_POINT ( 'NONE',  ( 11.67310095264188300, -0.9652524972597841300, 0.5572887891288953500 ) ) ;
#3990 = CARTESIAN_POINT ( 'NONE',  ( 0.3606009526418809100, 0.4826262486298922800, 0.8359331836933423500 ) ) ;
#3991 = CARTESIAN_POINT ( 'NONE',  ( 2.629350952641880600, -0.4826262486298919500, 0.8359331836933424600 ) ) ;
#3992 = DIRECTION ( 'NONE',  ( -6.018531076210111400E-033, -1.000000000000000000, 0.0000000000000000000 ) ) ;
#3993 = CARTESIAN_POINT ( 'NONE',  ( 15.98107406531365800, -2.249999999999998200, -0.4380882898101291500 ) ) ;
#3994 = B_SPLINE_CURVE_WITH_KNOTS ( 'NONE', 3,
 ( #2199, #2220, #623, #1776, #2602, #576 ),
 .UNSPECIFIED., .F., .F.,
 ( 4, 2, 4 ),
 ( 0.009205846357159269300, 0.009862984922912659500, 0.01052012348866605000 ),
 .UNSPECIFIED. ) ;
#3995 = AXIS2_PLACEMENT_3D ( 'NONE', #2056, #4868, #80 ) ;
#3996 = CARTESIAN_POINT ( 'NONE',  ( 11.92873797632096400, -1.278124999999973800, -0.7379258128079745300 ) ) ;
#3997 = CARTESIAN_POINT ( 'NONE',  ( 11.19999999999999900, 0.7786434337202617900, -0.9778621595727351500 ) ) ;
#3998 = CARTESIAN_POINT ( 'NONE',  ( 0.2481009526418809000, 0.9652524972597841300, -0.5572887891288955700 ) ) ;
#3999 = CARTESIAN_POINT ( 'NONE',  ( 2.314951905283758800, 1.249999999999973400, 0.0000000000000000000 ) ) ;
#4000 = CARTESIAN_POINT ( 'NONE',  ( 11.19999999999999900, 0.3284985280292372900, 1.065630230437634400 ) ) ;
#4001 = CARTESIAN_POINT ( 'NONE',  ( 16.22935095264188700, -0.4826262486298926200, -0.8359331836933422400 ) ) ;
#4002 = CARTESIAN_POINT ( 'NONE',  ( 0.6274519052837590500, 8.838126989374036100E-017, 1.443375672974033500 ) ) ;
#4003 = CARTESIAN_POINT ( 'NONE',  ( 4.260600952641880200, 0.4826262486298914500, -0.8359331836933428000 ) ) ;
#4004 = CARTESIAN_POINT ( 'NONE',  ( 12.27310095264188500, -2.047445795422217100E-016, -1.114577578257790000 ) ) ;
#4005 = VECTOR ( 'NONE', #1135, 1000.000000000000000 ) ;
#4006 = CARTESIAN_POINT ( 'NONE',  ( 1.223100952641880600, 0.9652524972597842400, 0.5572887891288949000 ) ) ;
#4007 = CARTESIAN_POINT ( 'NONE',  ( 2.704350952641880700, -0.9652524972597843500, 1.182093381138184100E-016 ) ) ;
#4008 = CARTESIAN_POINT ( 'NONE',  ( 15.65275249725974200, -0.1887629999037721300, 0.9553845433077372600 ) ) ;
#4009 = CARTESIAN_POINT ( 'NONE',  ( 1.410600952641880600, -0.9652524972597843500, 1.182093381138184100E-016 ) ) ;
#4010 = VECTOR ( 'NONE', #2880, 1000.000000000000000 ) ;
#4011 =( BOUNDED_CURVE ( )  B_SPLINE_CURVE ( 2, ( #1169, #3643, #783, #2410, #1225, #2013, #5198 ),
 .UNSPECIFIED., .F., .T. ) 
 B_SPLINE_CURVE_WITH_KNOTS ( ( 3, 2, 2, 3 ),
 ( 0.5000000000000000000, 0.5138888888888888400, 0.5277777777777777900, 0.5416666666666666300 ),
 .UNSPECIFIED. ) 
 CURVE ( )  GEOMETRIC_REPRESENTATION_ITEM ( )  RATIONAL_B_SPLINE_CURVE ( ( 1.000000000000000000, 0.8660254037844387100, 1.000000000000000000, 0.8660254037844387100, 1.000000000000000000, 0.8660254037844387100, 1.000000000000000000 ) ) 
 REPRESENTATION_ITEM ( '' )  );
#4012 = VERTEX_POINT ( 'NONE', #2538 ) ;
#4013 = CARTESIAN_POINT ( 'NONE',  ( 1.860600952641880700, -0.9652524972597843500, 1.182093381138184100E-016 ) ) ;
#4014 = CARTESIAN_POINT ( 'NONE',  ( 12.34123797632096300, -1.278124999999973300, 1.565251690160178100E-016 ) ) ;
#4015 = DIRECTION ( 'NONE',  ( -1.000000000000000000, 6.018531076210110700E-033, -0.0000000000000000000 ) ) ;
#4016 =( BOUNDED_CURVE ( )  B_SPLINE_CURVE ( 2, ( #1122, #2761, #2373, #2784, #390, #3983, #3552 ),
 .UNSPECIFIED., .F., .F. ) 
 B_SPLINE_CURVE_WITH_KNOTS ( ( 3, 2, 2, 3 ),
 ( 0.3472222222222222100, 0.3611111111111110500, 0.3750000000000000000, 0.3888888888888888400 ),
 .UNSPECIFIED. ) 
 CURVE ( )  GEOMETRIC_REPRESENTATION_ITEM ( )  RATIONAL_B_SPLINE_CURVE ( ( 1.000000000000000000, 0.8660254037844387100, 1.000000000000000000, 0.8660254037844387100, 1.000000000000000000, 0.8660254037844387100, 1.000000000000000000 ) ) 
 REPRESENTATION_ITEM ( '' )  );
#4017 = ORIENTED_EDGE ( 'NONE', *, *, #1769, .F. ) ;
#4018 = CARTESIAN_POINT ( 'NONE',  ( 4.800000000000002500, 0.5365352068171622700, 0.8023978784318380700 ) ) ;
#4019 = FACE_OUTER_BOUND ( 'NONE', #5103, .T. ) ;
#4020 = ORIENTED_EDGE ( 'NONE', *, *, #2610, .F. ) ;
#4021 = CARTESIAN_POINT ( 'NONE',  ( 16.04185095264188400, 6.824819318074047200E-017, 1.114577578257790000 ) ) ;
#4022 = EDGE_CURVE ( 'NONE', #4161, #629, #3139, .T. ) ;
#4023 = EDGE_LOOP ( 'NONE', ( #4723, #2232, #4984, #294 ) ) ;
#4024 = APPROVAL_STATUS ( 'not_yet_approved' ) ;
#4025 = CARTESIAN_POINT ( 'NONE',  ( 11.35435095264188600, 0.4826262486298914500, -0.8359331836933428000 ) ) ;
#4026 = VECTOR ( 'NONE', #4323, 1000.000000000000000 ) ;
#4027 = CARTESIAN_POINT ( 'NONE',  ( 14.27935095264188300, -0.4826262486298919500, 0.8359331836933424600 ) ) ;
#4028 = DIRECTION ( 'NONE',  ( 0.0000000000000000000, 0.8660254037844383700, 0.5000000000000004400 ) ) ;
#4029 = VERTEX_POINT ( 'NONE', #4059 ) ;
#4030 = CARTESIAN_POINT ( 'NONE',  ( 2.235600952641880700, -0.4826262486298919500, 0.8359331836933424600 ) ) ;
#4031 = ORIENTED_EDGE ( 'NONE', *, *, #4460, .T. ) ;
#4032 = CARTESIAN_POINT ( 'NONE',  ( 3.229350952641880700, -0.4826262486298926200, -0.8359331836933422400 ) ) ;
#4033 = CARTESIAN_POINT ( 'NONE',  ( 0.5106009526418808800, -0.9652524972597843500, 1.182093381138184100E-016 ) ) ;
#4034 = ORIENTED_EDGE ( 'NONE', *, *, #905, .F. ) ;
#4035 = CARTESIAN_POINT ( 'NONE',  ( 2.273100952641880800, -0.9652524972597841300, 0.5572887891288953500 ) ) ;
#4036 = CARTESIAN_POINT ( 'NONE',  ( 15.87310095264188300, -2.047445795422218600E-016, -1.114577578257790700 ) ) ;
#4037 = CARTESIAN_POINT ( 'NONE',  ( 1.448100952641880700, -0.9652524972597844600, -0.5572887891288946800 ) ) ;
#4038 = CARTESIAN_POINT ( 'NONE',  ( 15.85969042931017400, 2.249999999999998700, 1.088932293415952000 ) ) ;
#4039 = CARTESIAN_POINT ( 'NONE',  ( 11.19999999999999800, 0.8998329949847651000, 0.7646884507317193200 ) ) ;
#4040 = EDGE_CURVE ( 'NONE', #137, #580, #4071, .T. ) ;
#4041 = CARTESIAN_POINT ( 'NONE',  ( 14.46685095264188300, -2.047445795422217400E-016, -1.114577578257790000 ) ) ;
#4042 = ADVANCED_FACE ( 'NONE', ( #3382 ), #2313, .F. ) ;
#4043 = CARTESIAN_POINT ( 'NONE',  ( 4.523100952641881300, -0.9652524972597841300, 0.5572887891288953500 ) ) ;
#4044 = ORIENTED_EDGE ( 'NONE', *, *, #262, .F. ) ;
#4045 = CARTESIAN_POINT ( 'NONE',  ( 13.75435095264188400, 0.4826262486298922800, 0.8359331836933423500 ) ) ;
#4046 = CARTESIAN_POINT ( 'NONE',  ( 15.93749999999991700, -0.9362024248955757000, 0.8282662733804490000 ) ) ;
#4047 = CARTESIAN_POINT ( 'NONE',  ( 0.5856009526418808300, -0.4826262486298926200, -0.8359331836933422400 ) ) ;
#4048 = CARTESIAN_POINT ( 'NONE',  ( 2.479350952641880700, 0.9652524972597843500, 0.0000000000000000000 ) ) ;
#4049 = CARTESIAN_POINT ( 'NONE',  ( 0.9231009526418807500, -0.9652524972597841300, 0.5572887891288953500 ) ) ;
#4050 = CARTESIAN_POINT ( 'NONE',  ( 1.710600952641880800, 0.4826262486298922800, 0.8359331836933423500 ) ) ;
#4051 = CARTESIAN_POINT ( 'NONE',  ( 15.12310095264188100, 0.9652524972597850100, 0.5572887891288952300 ) ) ;
#4052 = CARTESIAN_POINT ( 'NONE',  ( 13.66495190528376300, -0.6249999999999863400, 1.082531754730525300 ) ) ;
#4053 = DIRECTION ( 'NONE',  ( -1.000000000000000000, 6.018531076210110700E-033, -0.0000000000000000000 ) ) ;
#4054 = CARTESIAN_POINT ( 'NONE',  ( 1.466850952641880700, -2.047445795422216600E-016, -1.114577578257790000 ) ) ;
#4055 = CARTESIAN_POINT ( 'NONE',  ( 14.31685095264188400, -0.9652524972597841300, 0.5572887891288953500 ) ) ;
#4056 = CARTESIAN_POINT ( 'NONE',  ( -7.523163845262478600E-033, -1.249999999999973400, 0.0000000000000000000 ) ) ;
#4057 = CARTESIAN_POINT ( 'NONE',  ( 14.53750000000000500, -1.249999999999973100, 0.7216878364870171800 ) ) ;
#4058 = CARTESIAN_POINT ( 'NONE',  ( 15.29185095264188600, -0.9652524972597844600, -0.5572887891288946800 ) ) ;
#4059 = CARTESIAN_POINT ( 'NONE',  ( 11.48995190528376200, -1.249999999999973400, 1.530808498934159000E-016 ) ) ;
#4060 = CARTESIAN_POINT ( 'NONE',  ( 3.548100952641880700, 6.824819318074054600E-017, 1.114577578257790000 ) ) ;
#4061 = CARTESIAN_POINT ( 'NONE',  ( 4.654350952641880900, 0.4826262486298914500, -0.8359331836933428000 ) ) ;
#4062 = CARTESIAN_POINT ( 'NONE',  ( -1.404592384784443100E-015, 0.9340480779059863200, -2.058803302138240400 ) ) ;
#4063 = CARTESIAN_POINT ( 'NONE',  ( 1.448100952641880700, -0.9652524972597845700, -0.5572887891288946800 ) ) ;
#4064 = ADVANCED_FACE ( 'NONE', ( #2447 ), #3919, .T. ) ;
#4065 = AXIS2_PLACEMENT_3D ( 'NONE', #4446, #411, #3992 ) ;
#4066 = CARTESIAN_POINT ( 'NONE',  ( 16.00000000000000400, 2.249999999999998700, 0.0000000000000000000 ) ) ;
#4067 = CARTESIAN_POINT ( 'NONE',  ( 2.610600952641880700, 0.4826262486298922800, 0.8359331836933423500 ) ) ;
#4068 = CARTESIAN_POINT ( 'NONE',  ( 12.71623797632096300, -0.6390624999999863200, 1.106888719211962700 ) ) ;
#4069 = CARTESIAN_POINT ( 'NONE',  ( 13.73995190528376200, -1.249999999999973400, 1.530808498934159000E-016 ) ) ;
#4070 = DIRECTION ( 'NONE',  ( -1.000000000000000000, 6.018531076210110700E-033, -0.0000000000000000000 ) ) ;
#4071 = LINE ( 'NONE', #898, #3011 ) ;
#4072 = CARTESIAN_POINT ( 'NONE',  ( 16.00000000000000400, -1.524864949371779600E-015, 2.598076211353314700 ) ) ;
#4073 = CARTESIAN_POINT ( 'NONE',  ( 14.69185095264188400, 6.824819318074047200E-017, 1.114577578257790000 ) ) ;
#4074 = CARTESIAN_POINT ( 'NONE',  ( 2.700000000000002400, 1.249999999999973400, 0.0000000000000000000 ) ) ;
#4075 = CARTESIAN_POINT ( 'NONE',  ( 16.00000000000000400, 0.0000000000000000000, 0.0000000000000000000 ) ) ;
#4076 = VECTOR ( 'NONE', #1932, 1000.000000000000000 ) ;
#4077 = CARTESIAN_POINT ( 'NONE',  ( 4.666237976320960700, -0.6390624999999863200, 1.106888719211962700 ) ) ;
#4078 = EDGE_LOOP ( 'NONE', ( #3807, #2492, #3345, #1581 ) ) ;
#4079 = CARTESIAN_POINT ( 'NONE',  ( 15.02935095264188400, 0.9652524972597843500, 0.0000000000000000000 ) ) ;
#4080 = CARTESIAN_POINT ( 'NONE',  ( 11.51121392896280300, -1.278124999999973800, -0.7379258128079745300 ) ) ;
#4081 = CARTESIAN_POINT ( 'NONE',  ( 3.023100952641880800, 0.9652524972597842400, 0.5572887891288949000 ) ) ;
#4082 = CARTESIAN_POINT ( 'NONE',  ( 4.541850952641880200, -0.9652524972597844600, -0.5572887891288946800 ) ) ;
#4083 = VECTOR ( 'NONE', #1696, 999.9999999999998900 ) ;
#4084 =( BOUNDED_CURVE ( )  B_SPLINE_CURVE ( 2, ( #3670, #1252, #886, #36, #3253, #2489, #2070 ),
 .UNSPECIFIED., .F., .T. ) 
 B_SPLINE_CURVE_WITH_KNOTS ( ( 3, 2, 2, 3 ),
 ( 0.6666666666666666300, 0.6805555555555555800, 0.6944444444444444200, 0.7083333333333333700 ),
 .UNSPECIFIED. ) 
 CURVE ( )  GEOMETRIC_REPRESENTATION_ITEM ( )  RATIONAL_B_SPLINE_CURVE ( ( 1.000000000000000000, 0.8660254037844387100, 1.000000000000000000, 0.8660254037844387100, 1.000000000000000000, 0.8660254037844387100, 1.000000000000000000 ) ) 
 REPRESENTATION_ITEM ( '' )  );
#4085 = ORIENTED_EDGE ( 'NONE', *, *, #342, .T. ) ;
#4086 = CARTESIAN_POINT ( 'NONE',  ( 0.9606009526418808300, -0.9652524972597843500, 1.182093381138184100E-016 ) ) ;
#4087 = ORIENTED_EDGE ( 'NONE', *, *, #2307, .T. ) ;
#4088 = CARTESIAN_POINT ( 'NONE',  ( 11.65000000000000700, 1.249999999999973400, 0.0000000000000000000 ) ) ;
#4089 = LINE ( 'NONE', #4605, #5034 ) ;
#4090 = ORIENTED_EDGE ( 'NONE', *, *, #1396, .T. ) ;
#4091 = ORIENTED_EDGE ( 'NONE', *, *, #4747, .T. ) ;
#4092 = CARTESIAN_POINT ( 'NONE',  ( 4.485600952641880700, -0.4826262486298919500, 0.8359331836933424600 ) ) ;
#4093 = CARTESIAN_POINT ( 'NONE',  ( 0.8293509526418809700, -0.4826262486298919500, 0.8359331836933424600 ) ) ;
#4094 = CARTESIAN_POINT ( 'NONE',  ( 13.96060095264188500, -0.9652524972597843500, 1.182093381138184100E-016 ) ) ;
#4095 = ADVANCED_FACE ( 'NONE', ( #3629 ), #4823, .F. ) ;
#4096 = EDGE_CURVE ( 'NONE', #3281, #364, #2702, .T. ) ;
#4097 = CARTESIAN_POINT ( 'NONE',  ( 0.3024051251839083300, 1.010094874818422000, -0.1404881160903996600 ) ) ;
#4098 = CARTESIAN_POINT ( 'NONE',  ( 12.47935095264188400, -0.4826262486298919500, 0.8359331836933424600 ) ) ;
#4099 = CARTESIAN_POINT ( 'NONE',  ( 4.853737976320960700, -2.711095453990486600E-016, -1.475851625615950000 ) ) ;
#4100 = ORIENTED_EDGE ( 'NONE', *, *, #4827, .T. ) ;
#4101 = CARTESIAN_POINT ( 'NONE',  ( 15.06685095264188400, 0.9652524972597842400, 0.5572887891288949000 ) ) ;
#4102 = CARTESIAN_POINT ( 'NONE',  ( 0.0000000000000000000, 0.0000000000000000000, 0.0000000000000000000 ) ) ;
#4103 = CARTESIAN_POINT ( 'NONE',  ( 4.073100952641881100, -0.9652524972597841300, 0.5572887891288953500 ) ) ;
#4104 = CARTESIAN_POINT ( 'NONE',  ( 14.52745190528376400, 8.838126989374027500E-017, 1.443375672974033500 ) ) ;
#4105 = CARTESIAN_POINT ( 'NONE',  ( 14.33995190528376400, 0.6249999999999856800, -1.082531754730525800 ) ) ;
#4106 = CARTESIAN_POINT ( 'NONE',  ( 4.185600952641880900, -0.4826262486298926200, -0.8359331836933422400 ) ) ;
#4107 = ORIENTED_EDGE ( 'NONE', *, *, #2523, .F. ) ;
#4108 = DIRECTION ( 'NONE',  ( -1.000000000000000000, 6.018531076210110700E-033, -0.0000000000000000000 ) ) ;
#4109 = CARTESIAN_POINT ( 'NONE',  ( 16.00000000000000400, -1.312500000000049700, 1.607348923880961900E-016 ) ) ;
#4110 = AXIS2_PLACEMENT_3D ( 'NONE', #1994, #4015, #4374 ) ;
#4111 = CARTESIAN_POINT ( 'NONE',  ( 1.616850952641880800, 0.9652524972597843500, 0.5572887891288949000 ) ) ;
#4112 = CARTESIAN_POINT ( 'NONE',  ( 14.22310095264188400, 0.9652524972597843500, 0.5572887891288949000 ) ) ;
#4113 = EDGE_LOOP ( 'NONE', ( #3041, #2203, #2597, #2953 ) ) ;
#4114 = CARTESIAN_POINT ( 'NONE',  ( 16.00000000000000400, 1.124999999999997800, 1.948557158514986300 ) ) ;
#4115 = CARTESIAN_POINT ( 'NONE',  ( 13.64185095264188500, 0.9652524972597840100, -0.5572887891288955700 ) ) ;
#4116 = CARTESIAN_POINT ( 'NONE',  ( 5.003737976320961100, 1.278124999999973500, 0.7379258128079748700 ) ) ;
#4117 = MANIFOLD_SOLID_BREP ( 'Cut-Extrude4', #4392 ) ;
#4118 = CARTESIAN_POINT ( 'NONE',  ( 11.23750000000000600, 1.249999999999973400, 0.7216878364870166200 ) ) ;
#4119 = CARTESIAN_POINT ( 'NONE',  ( 11.86060095264188500, 0.4826262486298914500, -0.8359331836933428000 ) ) ;
#4120 = CARTESIAN_POINT ( 'NONE',  ( 11.32371392896280300, 0.6390624999999868800, 1.106888719211962700 ) ) ;
#4121 = CARTESIAN_POINT ( 'NONE',  ( 2.561213928962800400, -1.278124999999973800, -0.7379258128079745300 ) ) ;
#4122 = CARTESIAN_POINT ( 'NONE',  ( 14.48995190528376200, 0.6249999999999866800, 1.082531754730525100 ) ) ;
#4123 = CARTESIAN_POINT ( 'NONE',  ( 2.550000000000002500, -0.6249999999999872300, -1.082531754730524900 ) ) ;
#4124 = ADVANCED_FACE ( 'NONE', ( #1230 ), #1791, .T. ) ;
#4125 = DIRECTION ( 'NONE',  ( 0.0000000000000000000, 0.0000000000000000000, -1.000000000000000000 ) ) ;
#4126 = CARTESIAN_POINT ( 'NONE',  ( 1.227451905283758700, -1.249999999999973400, -0.7216878364870162900 ) ) ;
#4127 = EDGE_CURVE ( 'NONE', #1080, #3953, #1929, .T. ) ;
#4128 = CARTESIAN_POINT ( 'NONE',  ( 1.129350952641880800, 0.9652524972597843500, 0.0000000000000000000 ) ) ;
#4129 = CARTESIAN_POINT ( 'NONE',  ( 14.29810095264188500, 6.824819318074047200E-017, 1.114577578257790000 ) ) ;
#4130 = CARTESIAN_POINT ( 'NONE',  ( 12.66685095264188400, -2.047445795422217400E-016, -1.114577578257790000 ) ) ;
#4131 = CARTESIAN_POINT ( 'NONE',  ( 11.84185095264188400, 0.9652524972597840100, -0.5572887891288955700 ) ) ;
#4132 = CARTESIAN_POINT ( 'NONE',  ( 11.71495190528376200, 1.249999999999973400, 0.0000000000000000000 ) ) ;
#4133 = DIRECTION ( 'NONE',  ( -1.000000000000000000, 6.018531076210110700E-033, -0.0000000000000000000 ) ) ;
#4134 = EDGE_CURVE ( 'NONE', #3646, #2648, #2998, .T. ) ;
#4135 = CARTESIAN_POINT ( 'NONE',  ( 12.23560095264188500, -0.4826262486298926200, -0.8359331836933422400 ) ) ;
#4136 = CARTESIAN_POINT ( 'NONE',  ( 11.20000000000000100, -6.740754805355325500E-032, 0.0000000000000000000 ) ) ;
#4137 = CARTESIAN_POINT ( 'NONE',  ( 3.048713928962800700, -0.6390624999999873200, -1.106888719211962500 ) ) ;
#4138 = CARTESIAN_POINT ( 'NONE',  ( 3.210600952641880400, -0.9652524972597843500, 1.182093381138184100E-016 ) ) ;
#4139 = FACE_OUTER_BOUND ( 'NONE', #2725, .T. ) ;
#4140 = CARTESIAN_POINT ( 'NONE',  ( 0.1168509526418810100, -2.047445795422216600E-016, -1.114577578257790000 ) ) ;
#4141 = EDGE_CURVE ( 'NONE', #5035, #582, #1608, .T. ) ;
#4142 = PERSON_AND_ORGANIZATION ( #1784, #1171 ) ;
#4143 = CARTESIAN_POINT ( 'NONE',  ( 1.377451905283759000, 1.249999999999972900, -0.7216878364870175100 ) ) ;
#4144 = CARTESIAN_POINT ( 'NONE',  ( 4.635600952641880200, -0.4826262486298926200, -0.8359331836933422400 ) ) ;
#4145 = CARTESIAN_POINT ( 'NONE',  ( 3.716850952641880900, -2.047445795422216600E-016, -1.114577578257790000 ) ) ;
#4146 = LINE ( 'NONE', #1998, #1750 ) ;
#4147 = VERTEX_POINT ( 'NONE', #3462 ) ;
#4148 = CARTESIAN_POINT ( 'NONE',  ( 14.82310095264188400, -0.9652524972597841300, 0.5572887891288953500 ) ) ;
#4149 = ADVANCED_FACE ( 'NONE', ( #1481 ), #2332, .T. ) ;
#4150 = CARTESIAN_POINT ( 'NONE',  ( 12.77935095264188400, 0.9652524972597843500, 0.0000000000000000000 ) ) ;
#4151 = ORIENTED_EDGE ( 'NONE', *, *, #741, .F. ) ;
#4152 = CARTESIAN_POINT ( 'NONE',  ( 11.91685095264188400, 0.9652524972597843500, 0.5572887891288949000 ) ) ;
#4153 = CARTESIAN_POINT ( 'NONE',  ( 0.2737139289628008300, -1.278124999999973500, 1.565251690160178300E-016 ) ) ;
#4154 = FACE_OUTER_BOUND ( 'NONE', #1885, .T. ) ;
#4155 = ORIENTED_EDGE ( 'NONE', *, *, #2417, .F. ) ;
#4156 = CARTESIAN_POINT ( 'NONE',  ( 12.68560095264188600, -0.4826262486298926200, -0.8359331836933422400 ) ) ;
#4157 = CARTESIAN_POINT ( 'NONE',  ( 12.44871392896280500, -0.6390624999999873200, -1.106888719211962500 ) ) ;
#4158 = ORIENTED_EDGE ( 'NONE', *, *, #2754, .T. ) ;
#4159 = CARTESIAN_POINT ( 'NONE',  ( 3.798713928962800700, -0.6390624999999864300, 1.106888719211963000 ) ) ;
#4160 = CARTESIAN_POINT ( 'NONE',  ( 4.710600952641881300, 0.4826262486298914500, -0.8359331836933428000 ) ) ;
#4161 = VERTEX_POINT ( 'NONE', #2666 ) ;
#4162 = CARTESIAN_POINT ( 'NONE',  ( -0.1081490473581189500, 6.824819318074054600E-017, 1.114577578257790000 ) ) ;
#4163 = CARTESIAN_POINT ( 'NONE',  ( 14.17873797632096700, -1.278124999999973800, -0.7379258128079745300 ) ) ;
#4164 = CARTESIAN_POINT ( 'NONE',  ( 4.654350952641880900, 0.4826262486298914500, -0.8359331836933428000 ) ) ;
#4165 = VERTEX_POINT ( 'NONE', #637 ) ;
#4166 = CARTESIAN_POINT ( 'NONE',  ( 14.56060095264188600, 0.4826262486298914500, -0.8359331836933428000 ) ) ;
#4167 = EDGE_CURVE ( 'NONE', #364, #3803, #4226, .T. ) ;
#4168 = CARTESIAN_POINT ( 'NONE',  ( 11.20435095264188300, -0.9652524972597843500, 1.182093381138184100E-016 ) ) ;
#4169 = CARTESIAN_POINT ( 'NONE',  ( 13.79185095264188400, 6.824819318074047200E-017, 1.114577578257790000 ) ) ;
#4170 = CARTESIAN_POINT ( 'NONE',  ( -0.2512860710371991300, -0.6390624999999864300, 1.106888719211963000 ) ) ;
#4171 = CARTESIAN_POINT ( 'NONE',  ( 11.48560095264188500, 0.9652524972597843500, 0.0000000000000000000 ) ) ;
#4172 = CARTESIAN_POINT ( 'NONE',  ( 12.78621392896280400, -1.278124999999973500, 0.7379258128079755300 ) ) ;
#4173 = CARTESIAN_POINT ( 'NONE',  ( 3.611213928962800700, 1.278124999999973300, -0.7379258128079758700 ) ) ;
#4174 = CARTESIAN_POINT ( 'NONE',  ( 2.164951905283758900, -0.6249999999999872300, -1.082531754730524900 ) ) ;
#4175 = CARTESIAN_POINT ( 'NONE',  ( 4.373100952641880900, 0.9652524972597843500, 0.5572887891288949000 ) ) ;
#4176 = VERTEX_POINT ( 'NONE', #2237 ) ;
#4177 = ADVANCED_FACE ( 'NONE', ( #1101 ), #2209, .F. ) ;
#4178 = CARTESIAN_POINT ( 'NONE',  ( 0.2293509526418810500, 0.9652524972597843500, 0.0000000000000000000 ) ) ;
#4179 = CARTESIAN_POINT ( 'NONE',  ( 12.67873797632096400, 9.036984846634947400E-017, 1.475851625615950000 ) ) ;
#4180 = CARTESIAN_POINT ( 'NONE',  ( 14.54185095264188700, 0.9652524972597840100, -0.5572887891288955700 ) ) ;
#4181 = AXIS2_PLACEMENT_3D ( 'NONE', #4495, #3668, #54 ) ;
#4182 = CARTESIAN_POINT ( 'NONE',  ( 2.591850952641880900, 6.824819318074054600E-017, 1.114577578257790000 ) ) ;
#4183 =( BOUNDED_CURVE ( )  B_SPLINE_CURVE ( 2, ( #9, #4363, #4762, #2363, #5160, #1181, #2434 ),
 .UNSPECIFIED., .F., .T. ) 
 B_SPLINE_CURVE_WITH_KNOTS ( ( 3, 2, 2, 3 ),
 ( 0.01139110199755936400, 0.01388888888888816800, 0.02777777777777305800, 0.04166666666665794200 ),
 .UNSPECIFIED. ) 
 CURVE ( )  GEOMETRIC_REPRESENTATION_ITEM ( )  RATIONAL_B_SPLINE_CURVE ( ( 0.9604780314718992500, 0.9759059207057155800, 1.000000000000000000, 0.8660254037844387100, 1.000000000000000000, 0.8660254037845228600, 0.9999999999999158500 ) ) 
 REPRESENTATION_ITEM ( '' )  );
#4184 = CARTESIAN_POINT ( 'NONE',  ( 4.189951905283758800, 0.6249999999999866800, 1.082531754730525100 ) ) ;
#4185 = CARTESIAN_POINT ( 'NONE',  ( 12.62935095264188400, -0.4826262486298926200, -0.8359331836933422400 ) ) ;
#4186 = DIRECTION ( 'NONE',  ( -6.018531076210111400E-033, -1.000000000000000000, 0.0000000000000000000 ) ) ;
#4187 = CARTESIAN_POINT ( 'NONE',  ( 1.061213928962800600, 9.036984846634956000E-017, 1.475851625615950200 ) ) ;
#4188 = B_SPLINE_CURVE_WITH_KNOTS ( 'NONE', 3,
 ( #5043, #2646, #1381, #4989, #4199, #3046, #687, #2664, #2694, #251, #2249, #5083, #3518, #4265, #1871, #3925 ),
 .UNSPECIFIED., .F., .F.,
 ( 4, 2, 2, 2, 2, 2, 2, 4 ),
 ( 0.003643418395164931000, 0.004480850868689351100, 0.004899567105451560300, 0.005318283342213769500, 0.005736999578975979600, 0.006155715815738189600, 0.006574432052500399700, 0.006993148289262609800 ),
 .UNSPECIFIED. ) ;
#4189 = CARTESIAN_POINT ( 'NONE',  ( 11.78560095264188600, -0.4826262486298926200, -0.8359331836933422400 ) ) ;
#4190 = CARTESIAN_POINT ( 'NONE',  ( 13.27371392896280400, -1.278124999999973500, 1.565251690160178300E-016 ) ) ;
#4191 = CARTESIAN_POINT ( 'NONE',  ( 2.336213928962800800, 1.278124999999973800, 0.7379258128079749800 ) ) ;
#4192 = CARTESIAN_POINT ( 'NONE',  ( 0.8899519052837590000, 0.6249999999999856800, -1.082531754730525800 ) ) ;
#4193 =( LENGTH_UNIT ( ) NAMED_UNIT ( * ) SI_UNIT ( .MILLI., .METRE. ) );
#4194 = CARTESIAN_POINT ( 'NONE',  ( 1.087500000000002600, -1.249999999999973400, 0.7216878364870171800 ) ) ;
#4195 = EDGE_CURVE ( 'NONE', #4597, #1506, #408, .T. ) ;
#4196 = CARTESIAN_POINT ( 'NONE',  ( 12.82873797632096400, -1.278124999999973800, -0.7379258128079745300 ) ) ;
#4197 = CARTESIAN_POINT ( 'NONE',  ( 14.39185095264188300, -0.9652524972597845700, -0.5572887891288946800 ) ) ;
#4198 = CARTESIAN_POINT ( 'NONE',  ( 3.829350952641880700, 0.9652524972597843500, 0.0000000000000000000 ) ) ;
#4199 = CARTESIAN_POINT ( 'NONE',  ( 15.78258199521287800, 0.5934496529398248800, -0.9309140417783898800 ) ) ;
#4200 = CARTESIAN_POINT ( 'NONE',  ( 12.44185095264188400, 6.824819318074047200E-017, 1.114577578257790000 ) ) ;
#4201 = CYLINDRICAL_SURFACE ( 'NONE', #418, 1.249999999999973400 ) ;
#4202 = CARTESIAN_POINT ( 'NONE',  ( 4.800000000000000700, -1.236175188449619300, -0.1853939143054096100 ) ) ;
#4203 = DIRECTION ( 'NONE',  ( -1.000000000000000000, 6.018531076210110700E-033, -0.0000000000000000000 ) ) ;
#4204 = CARTESIAN_POINT ( 'NONE',  ( 14.93560095264188600, -0.4826262486298926200, -0.8359331836933422400 ) ) ;
#4205 = CARTESIAN_POINT ( 'NONE',  ( 14.17371392896280300, -1.278124999999973500, 1.565251690160178300E-016 ) ) ;
#4206 = CARTESIAN_POINT ( 'NONE',  ( 1.241850952641880800, 6.824819318074054600E-017, 1.114577578257790000 ) ) ;
#4207 = CARTESIAN_POINT ( 'NONE',  ( 12.38995190528376100, -1.249999999999973400, 1.530808498934159000E-016 ) ) ;
#4208 = FACE_OUTER_BOUND ( 'NONE', #1972, .T. ) ;
#4209 = ORIENTED_EDGE ( 'NONE', *, *, #3758, .F. ) ;
#4210 = CARTESIAN_POINT ( 'NONE',  ( 2.662500000000002800, 1.249999999999973100, -0.7216878364870175100 ) ) ;
#4211 = PERSON_AND_ORGANIZATION ( #1784, #1171 ) ;
#4212 = CARTESIAN_POINT ( 'NONE',  ( 2.854350952641880700, 0.4826262486298914500, -0.8359331836933428000 ) ) ;
#4213 = EDGE_CURVE ( 'NONE', #2970, #3953, #3994, .T. ) ;
#4214 = ORIENTED_EDGE ( 'NONE', *, *, #3455, .F. ) ;
#4215 = CARTESIAN_POINT ( 'NONE',  ( 13.20373797632096200, -1.278124999999973300, 0.7379258128079753100 ) ) ;
#4216 = CARTESIAN_POINT ( 'NONE',  ( 15.14185095264188300, 6.824819318074047200E-017, 1.114577578257790000 ) ) ;
#4217 = ORIENTED_EDGE ( 'NONE', *, *, #4732, .T. ) ;
#4218 = CARTESIAN_POINT ( 'NONE',  ( 4.354350952641880200, 0.4826262486298922800, 0.8359331836933423500 ) ) ;
#4219 = CARTESIAN_POINT ( 'NONE',  ( 1.039951905283759100, 0.6249999999999866800, 1.082531754730525100 ) ) ;
#4220 = VECTOR ( 'NONE', #1964, 1000.000000000000000 ) ;
#4221 = CONICAL_SURFACE ( 'NONE', #3036, 2.249999999999998700, 1.047197551196600100 ) ;
#4222 = DIRECTION ( 'NONE',  ( -1.000000000000000000, 6.018531076210110700E-033, -0.0000000000000000000 ) ) ;
#4223 = CARTESIAN_POINT ( 'NONE',  ( 1.848713928962800700, 1.278124999999973500, 0.0000000000000000000 ) ) ;
#4224 = ORIENTED_EDGE ( 'NONE', *, *, #3316, .F. ) ;
#4225 = CARTESIAN_POINT ( 'NONE',  ( 12.12745190528376500, 1.249999999999972900, -0.7216878364870175100 ) ) ;
#4226 = B_SPLINE_CURVE_WITH_KNOTS ( 'NONE', 3,
 ( #3050, #1010, #3441, #3832, #1359, #1845 ),
 .UNSPECIFIED., .F., .F.,
 ( 4, 2, 4 ),
 ( 0.001314652396222794500, 0.001969405109320633700, 0.002624157822418473000 ),
 .UNSPECIFIED. ) ;
#4227 = CARTESIAN_POINT ( 'NONE',  ( 14.97310095264188600, -2.047445795422217400E-016, -1.114577578257790000 ) ) ;
#4228 = CARTESIAN_POINT ( 'NONE',  ( 13.91121392896280500, 1.278124999999973300, -0.7379258128079758700 ) ) ;
#4229 = CARTESIAN_POINT ( 'NONE',  ( 0.07935095264188099500, -0.4826262486298926200, -0.8359331836933422400 ) ) ;
#4230 = CARTESIAN_POINT ( 'NONE',  ( 4.800000000000001600, 0.3720290161577793400, 0.9436597126030368300 ) ) ;
#4231 = EDGE_LOOP ( 'NONE', ( #3718, #3520, #1566, #4786, #4469, #1951 ) ) ;
#4232 = EDGE_CURVE ( 'NONE', #3463, #988, #1103, .T. ) ;
#4233 = CARTESIAN_POINT ( 'NONE',  ( 0.9793509526418808800, -0.4826262486298926200, -0.8359331836933422400 ) ) ;
#4234 = CARTESIAN_POINT ( 'NONE',  ( 16.20373797632096600, 1.278124999999973500, 0.7379258128079748700 ) ) ;
#4235 = CARTESIAN_POINT ( 'NONE',  ( 14.80435095264188500, -0.9652524972597843500, 1.182093381138184100E-016 ) ) ;
#4236 = CARTESIAN_POINT ( 'NONE',  ( 13.11250000000000400, 8.838126989374028700E-017, 1.443375672974033500 ) ) ;
#4237 = CARTESIAN_POINT ( 'NONE',  ( 15.31495190528376300, 1.249999999999973400, 0.0000000000000000000 ) ) ;
#4238 = ORIENTED_EDGE ( 'NONE', *, *, #3097, .T. ) ;
#4239 = EDGE_CURVE ( 'NONE', #2104, #2648, #4089, .T. ) ;
#4240 = DIRECTION ( 'NONE',  ( 0.0000000000000000000, -1.000000000000000000, 0.0000000000000000000 ) ) ;
#4241 = CARTESIAN_POINT ( 'NONE',  ( 1.586213928962800600, -1.278124999999973500, 0.7379258128079755300 ) ) ;
#4242 = CARTESIAN_POINT ( 'NONE',  ( 7.523163845262478600E-033, 1.249999999999973400, 1.530808498934159000E-016 ) ) ;
#4243 = VERTEX_POINT ( 'NONE', #715 ) ;
#4244 = CARTESIAN_POINT ( 'NONE',  ( 15.16060095264188600, 0.4826262486298922800, 0.8359331836933423500 ) ) ;
#4245 = CARTESIAN_POINT ( 'NONE',  ( 14.69871392896280500, -0.6390624999999873200, -1.106888719211962500 ) ) ;
#4246 = CARTESIAN_POINT ( 'NONE',  ( 1.579350952641881000, 0.9652524972597843500, 0.0000000000000000000 ) ) ;
#4247 = CARTESIAN_POINT ( 'NONE',  ( 1.841850952641880700, -0.9652524972597844600, -0.5572887891288946800 ) ) ;
#4248 =( BOUNDED_CURVE ( )  B_SPLINE_CURVE ( 2, ( #750, #2730, #4862, #5127, #295, #332, #1542 ),
 .UNSPECIFIED., .F., .T. ) 
 B_SPLINE_CURVE_WITH_KNOTS ( ( 3, 2, 2, 3 ),
 ( 0.8333333333333333700, 0.8472222222222222100, 0.8611111111111111600, 0.8750000000000000000 ),
 .UNSPECIFIED. ) 
 CURVE ( )  GEOMETRIC_REPRESENTATION_ITEM ( )  RATIONAL_B_SPLINE_CURVE ( ( 1.000000000000000000, 0.8660254037844387100, 1.000000000000000000, 0.8660254037844387100, 1.000000000000000000, 0.8660254037844387100, 1.000000000000000000 ) ) 
 REPRESENTATION_ITEM ( '' )  );
#4249 = PRODUCT_DEFINITION_FORMATION_WITH_SPECIFIED_SOURCE ( 'ANY', '', #489, .NOT_KNOWN. ) ;
#4250 = CARTESIAN_POINT ( 'NONE',  ( 2.764951905283759000, 1.249999999999973400, 0.0000000000000000000 ) ) ;
#4251 = CARTESIAN_POINT ( 'NONE',  ( 15.79903810567666300, -2.249999999999998200, -1.299038105676658200 ) ) ;
#4252 = CARTESIAN_POINT ( 'NONE',  ( 12.49810095264188300, 6.824819318074052200E-017, 1.114577578257790700 ) ) ;
#4253 = CARTESIAN_POINT ( 'NONE',  ( 16.00000000000000400, 0.0000000000000000000, 0.0000000000000000000 ) ) ;
#4254 = CARTESIAN_POINT ( 'NONE',  ( 7.523163845262478600E-033, 1.249999999999973400, 1.530808498934159000E-016 ) ) ;
#4255 = B_SPLINE_CURVE_WITH_KNOTS ( 'NONE', 3,
 ( #5185, #757, #2431, #3574 ),
 .UNSPECIFIED., .F., .F.,
 ( 4, 4 ),
 ( 0.0000000000000000000, 0.0007486845039916969000 ),
 .UNSPECIFIED. ) ;
#4256 = CARTESIAN_POINT ( 'NONE',  ( 13.73560095264188500, 0.9652524972597843500, 0.0000000000000000000 ) ) ;
#4257 = CARTESIAN_POINT ( 'NONE',  ( 15.41121392896280200, 9.036984846634948600E-017, 1.475851625615950200 ) ) ;
#4258 = CARTESIAN_POINT ( 'NONE',  ( 0.8293509526418809700, -0.4826262486298919500, 0.8359331836933424600 ) ) ;
#4259 = CARTESIAN_POINT ( 'NONE',  ( 2.666850952641880700, -0.9652524972597841300, 0.5572887891288953500 ) ) ;
#4260 = EDGE_CURVE ( 'NONE', #3862, #1745, #1940, .T. ) ;
#4261 = CARTESIAN_POINT ( 'NONE',  ( 13.19185095264188400, 0.9652524972597841300, -0.5572887891288955700 ) ) ;
#4262 = DIRECTION ( 'NONE',  ( 1.000000000000000000, 0.0000000000000000000, 0.0000000000000000000 ) ) ;
#4263 = CARTESIAN_POINT ( 'NONE',  ( 2.025000000000002600, -1.249999999999973400, 1.530808498934159000E-016 ) ) ;
#4264 = FACE_OUTER_BOUND ( 'NONE', #3047, .T. ) ;
#4265 = CARTESIAN_POINT ( 'NONE',  ( 15.69767414222796400, -0.9803281678637508800, -0.2812579282057469100 ) ) ;
#4266 = CARTESIAN_POINT ( 'NONE',  ( 16.00000000000000400, 2.249999999999998700, 1.299038105676658700 ) ) ;
#4267 = COORDINATED_UNIVERSAL_TIME_OFFSET ( 6, 0, .BEHIND. ) ;
#4268 = CARTESIAN_POINT ( 'NONE',  ( 0.08248202489309931800, 0.3027026141375519000, 1.197552925695362500 ) ) ;
#4269 = CARTESIAN_POINT ( 'NONE',  ( 2.427451905283759100, 8.838126989374036100E-017, 1.443375672974033500 ) ) ;
#4270 = FACE_OUTER_BOUND ( 'NONE', #3534, .T. ) ;
#4271 = ORIENTED_EDGE ( 'NONE', *, *, #2108, .F. ) ;
#4272 = AXIS2_PLACEMENT_3D ( 'NONE', #2426, #31, #4421 ) ;
#4273 = CARTESIAN_POINT ( 'NONE',  ( 15.42310095264188300, -2.047445795422217400E-016, -1.114577578257790000 ) ) ;
#4274 = CARTESIAN_POINT ( 'NONE',  ( 16.00000000000000400, 0.0000000000000000000, 0.0000000000000000000 ) ) ;
#4275 = CARTESIAN_POINT ( 'NONE',  ( 15.82371392896280500, 0.6390624999999868800, 1.106888719211962700 ) ) ;
#4276 = ORIENTED_EDGE ( 'NONE', *, *, #1113, .F. ) ;
#4277 = CARTESIAN_POINT ( 'NONE',  ( 0.4918509526418808900, -0.9652524972597844600, -0.5572887891288946800 ) ) ;
#4278 = CARTESIAN_POINT ( 'NONE',  ( 11.82745190528376100, 8.838126989374027500E-017, 1.443375672974033500 ) ) ;
#4279 = CYLINDRICAL_SURFACE ( 'NONE', #135, 1.249999999999973400 ) ;
#4280 = ORIENTED_EDGE ( 'NONE', *, *, #381, .F. ) ;
#4281 = ORIENTED_EDGE ( 'NONE', *, *, #4761, .T. ) ;
#4282 = AXIS2_PLACEMENT_3D ( 'NONE', #4075, #1664, #4869 ) ;
#4283 = CARTESIAN_POINT ( 'NONE',  ( 1.204350952641880700, 0.4826262486298922800, 0.8359331836933423500 ) ) ;
#4284 = CYLINDRICAL_SURFACE ( 'NONE', #3591, 1.249999999999973400 ) ;
#4285 = DIRECTION ( 'NONE',  ( 0.0000000000000000000, 0.0000000000000000000, 1.000000000000000000 ) ) ;
#4286 = CARTESIAN_POINT ( 'NONE',  ( 3.402451905283759200, -1.249999999999973100, 0.7216878364870171800 ) ) ;
#4287 = ORIENTED_EDGE ( 'NONE', *, *, #244, .T. ) ;
#4288 = CARTESIAN_POINT ( 'NONE',  ( 11.65000000000000700, 1.249999999999973400, 0.0000000000000000000 ) ) ;
#4289 = DIRECTION ( 'NONE',  ( -1.000000000000000000, 6.018531076210110700E-033, -0.0000000000000000000 ) ) ;
#4290 = CARTESIAN_POINT ( 'NONE',  ( 3.600000000000002300, 1.249999999999973400, 0.0000000000000000000 ) ) ;
#4291 = ORIENTED_EDGE ( 'NONE', *, *, #1144, .T. ) ;
#4292 = CARTESIAN_POINT ( 'NONE',  ( 0.3199410739793507900, 0.08035417499200960000, 0.9921392494370100400 ) ) ;
#4293 = CARTESIAN_POINT ( 'NONE',  ( 14.81121392896280400, 1.278124999999973300, -0.7379258128079758700 ) ) ;
#4294 = CARTESIAN_POINT ( 'NONE',  ( 1.966237976320960800, -0.6390624999999863200, 1.106888719211962700 ) ) ;
#4295 = CARTESIAN_POINT ( 'NONE',  ( 3.852451905283760200, -1.249999999999973100, 0.7216878364870171800 ) ) ;
#4296 = EDGE_CURVE ( 'NONE', #5216, #1437, #182, .T. ) ;
#4297 = CARTESIAN_POINT ( 'NONE',  ( 16.00000000000000400, 1.315951922093996100, -1.838311014891739600 ) ) ;
#4298 = CARTESIAN_POINT ( 'NONE',  ( 4.166850952641881100, -2.047445795422216600E-016, -1.114577578257790000 ) ) ;
#4299 = EDGE_LOOP ( 'NONE', ( #5085, #3454, #1123 ) ) ;
#4300 = CARTESIAN_POINT ( 'NONE',  ( 15.07873797632096400, -1.278124999999973800, -0.7379258128079745300 ) ) ;
#4301 = CARTESIAN_POINT ( 'NONE',  ( 3.439951905283759300, -1.249999999999973400, 1.530808498934159000E-016 ) ) ;
#4302 = CARTESIAN_POINT ( 'NONE',  ( 0.2899519052837591400, -1.249999999999973400, 1.530808498934159000E-016 ) ) ;
#4303 = CARTESIAN_POINT ( 'NONE',  ( 0.1403095706898295800, -2.249999999999999100, 1.088932293415951800 ) ) ;
#4304 = CARTESIAN_POINT ( 'NONE',  ( 13.21060095264188300, 0.4826262486298917900, -0.8359331836933434600 ) ) ;
#4305 = CARTESIAN_POINT ( 'NONE',  ( 2.764951905283759000, 1.249999999999973400, 0.0000000000000000000 ) ) ;
#4306 = CARTESIAN_POINT ( 'NONE',  ( 2.539951905283758900, -1.249999999999973400, 1.530808498934159000E-016 ) ) ;
#4307 = CARTESIAN_POINT ( 'NONE',  ( 0.3138731453328770200, 0.9986268546651910800, 0.1392188139682850300 ) ) ;
#4308 = CARTESIAN_POINT ( 'NONE',  ( 16.04871392896280100, -0.6390624999999873200, -1.106888719211962500 ) ) ;
#4309 = CARTESIAN_POINT ( 'NONE',  ( 0.5787379763209609100, 9.036984846634954800E-017, 1.475851625615950000 ) ) ;
#4310 = CARTESIAN_POINT ( 'NONE',  ( 11.90245190528376000, -1.249999999999973100, 0.7216878364870171800 ) ) ;
#4311 = AXIS2_PLACEMENT_3D ( 'NONE', #801, #743, #4382 ) ;
#4312 = EDGE_CURVE ( 'NONE', #4832, #612, #4371, .T. ) ;
#4313 = CARTESIAN_POINT ( 'NONE',  ( 3.229350952641880700, -0.4826262486298926200, -0.8359331836933422400 ) ) ;
#4314 = CARTESIAN_POINT ( 'NONE',  ( 0.6000000000000027500, -0.6249999999999863400, 1.082531754730525300 ) ) ;
#4315 = CARTESIAN_POINT ( 'NONE',  ( 1.237500000000002700, -2.651438096812210200E-016, -1.443375672974033500 ) ) ;
#4316 = DIRECTION ( 'NONE',  ( -1.000000000000000000, 6.018531076210110700E-033, -0.0000000000000000000 ) ) ;
#4317 = ORIENTED_EDGE ( 'NONE', *, *, #1340, .F. ) ;
#4318 = CARTESIAN_POINT ( 'NONE',  ( 14.67310095264188500, 0.9652524972597850100, 0.5572887891288952300 ) ) ;
#4319 = CARTESIAN_POINT ( 'NONE',  ( 0.09115960288739899400, 0.07766837799905411400, 1.224115048530697100 ) ) ;
#4320 = CARTESIAN_POINT ( 'NONE',  ( 15.66250000000000700, 1.249999999999972900, -0.7216878364870175100 ) ) ;
#4321 = CARTESIAN_POINT ( 'NONE',  ( 13.15435095264188400, 0.4826262486298914500, -0.8359331836933428000 ) ) ;
#4322 = CARTESIAN_POINT ( 'NONE',  ( 2.078737976320960400, -1.278124999999973800, -0.7379258128079745300 ) ) ;
#4323 = DIRECTION ( 'NONE',  ( -1.000000000000000000, 6.018531076210110700E-033, -0.0000000000000000000 ) ) ;
#4324 = LINE ( 'NONE', #2298, #1498 ) ;
#4325 = CARTESIAN_POINT ( 'NONE',  ( 0.05373797632096097300, 1.278124999999973500, 0.7379258128079748700 ) ) ;
#4326 = CONICAL_SURFACE ( 'NONE', #5051, 2.249999999999998700, 1.047197551196600100 ) ;
#4327 = CARTESIAN_POINT ( 'NONE',  ( -0.1268990473581190800, 0.9652524972597842400, 0.5572887891288949000 ) ) ;
#4328 = VERTEX_POINT ( 'NONE', #1078 ) ;
#4329 = CARTESIAN_POINT ( 'NONE',  ( 0.2250000000000027800, -1.249999999999973400, 1.530808498934159000E-016 ) ) ;
#4330 = CARTESIAN_POINT ( 'NONE',  ( 0.0000000000000000000, 0.0000000000000000000, 0.0000000000000000000 ) ) ;
#4331 = EDGE_LOOP ( 'NONE', ( #2778, #1829, #5078, #377 ) ) ;
#4332 = CARTESIAN_POINT ( 'NONE',  ( 15.85984064357264200, 2.249999999999997800, -1.088411935946734600 ) ) ;
#4333 = CARTESIAN_POINT ( 'NONE',  ( 15.89051303602899300, -1.203013036029015400, 0.1382736807017625500 ) ) ;
#4334 = FACE_OUTER_BOUND ( 'NONE', #686, .T. ) ;
#4335 = VERTEX_POINT ( 'NONE', #1476 ) ;
#4336 = CARTESIAN_POINT ( 'NONE',  ( 13.17310095264188300, -2.047445795422218600E-016, -1.114577578257790700 ) ) ;
#4337 = EDGE_LOOP ( 'NONE', ( #203, #2608, #798, #4671, #4707, #5167, #1268, #1687, #3674, #4412, #3469, #3526, #4771, #4467, #3031, #5029, #1259, #478, #4965, #3286, #186, #4085, #447, #1716, #1070, #4794, #2835 ) ) ;
#4338 = CARTESIAN_POINT ( 'NONE',  ( 0.09810095264188091500, -0.9652524972597844600, -0.5572887891288946800 ) ) ;
#4339 = CARTESIAN_POINT ( 'NONE',  ( 5.048100952641880700, -0.9652524972597844600, -0.5572887891288946800 ) ) ;
#4340 =( BOUNDED_CURVE ( )  B_SPLINE_CURVE ( 2, ( #3430, #4225, #1388, #2182, #1810, #4622, #3415 ),
 .UNSPECIFIED., .F., .T. ) 
 B_SPLINE_CURVE_WITH_KNOTS ( ( 3, 2, 2, 3 ),
 ( 0.7222222222222222100, 0.7361111111111111600, 0.7500000000000000000, 0.7638888888888888400 ),
 .UNSPECIFIED. ) 
 CURVE ( )  GEOMETRIC_REPRESENTATION_ITEM ( )  RATIONAL_B_SPLINE_CURVE ( ( 1.000000000000000000, 0.8660254037844387100, 1.000000000000000000, 0.8660254037844387100, 1.000000000000000000, 0.8660254037844387100, 1.000000000000000000 ) ) 
 REPRESENTATION_ITEM ( '' )  );
#4341 = AXIS2_PLACEMENT_3D ( 'NONE', #3952, #1985, #3604 ) ;
#4342 = CARTESIAN_POINT ( 'NONE',  ( 15.83560095264188300, -0.4826262486298926200, -0.8359331836933422400 ) ) ;
#4343 = LINE ( 'NONE', #753, #1825 ) ;
#4344 = LINE ( 'NONE', #4242, #3786 ) ;
#4345 = CARTESIAN_POINT ( 'NONE',  ( 12.89185095264188300, 6.824819318074047200E-017, 1.114577578257790000 ) ) ;
#4346 = CARTESIAN_POINT ( 'NONE',  ( 2.041237976320960700, -1.278124999999973300, 1.565251690160178100E-016 ) ) ;
#4347 = ORIENTED_EDGE ( 'NONE', *, *, #2567, .F. ) ;
#4348 = CARTESIAN_POINT ( 'NONE',  ( 11.56060095264188400, 0.4826262486298922800, 0.8359331836933423500 ) ) ;
#4349 = CARTESIAN_POINT ( 'NONE',  ( 16.00000000000000400, 2.249999999999998700, -1.299038105676656900 ) ) ;
#4350 = ORIENTED_EDGE ( 'NONE', *, *, #2466, .F. ) ;
#4351 = CARTESIAN_POINT ( 'NONE',  ( 3.754350952641880600, 0.4826262486298914500, -0.8359331836933428000 ) ) ;
#4352 = CARTESIAN_POINT ( 'NONE',  ( -7.523163845262478600E-033, -1.249999999999973400, 0.0000000000000000000 ) ) ;
#4353 = CARTESIAN_POINT ( 'NONE',  ( 0.01924333400943548400, 1.506653605801030700, 1.728209346468570400 ) ) ;
#4354 = CARTESIAN_POINT ( 'NONE',  ( 0.2009618943233407200, 2.249999999999998700, -1.299038105676656900 ) ) ;
#4355 = CARTESIAN_POINT ( 'NONE',  ( 13.00000000000000500, 1.249999999999973400, 0.0000000000000000000 ) ) ;
#4356 = CARTESIAN_POINT ( 'NONE',  ( 13.32310095264188400, 0.9652524972597850100, 0.5572887891288952300 ) ) ;
#4357 = CARTESIAN_POINT ( 'NONE',  ( 0.06250000000002665900, -3.761581922632923700E-034, 0.0000000000000000000 ) ) ;
#4358 = ORIENTED_EDGE ( 'NONE', *, *, #1982, .T. ) ;
#4359 = CARTESIAN_POINT ( 'NONE',  ( 15.91060095264188600, 0.4826262486298914500, -0.8359331836933428000 ) ) ;
#4360 = CARTESIAN_POINT ( 'NONE',  ( 0.1535703500016965800, 1.022023349021409900, 0.5673399071675950800 ) ) ;
#4361 = CARTESIAN_POINT ( 'NONE',  ( 13.37935095264188400, -0.4826262486298919500, 0.8359331836933424600 ) ) ;
#4362 = CARTESIAN_POINT ( 'NONE',  ( 1.441237976320960800, 0.6390624999999867700, 1.106888719211962500 ) ) ;
#4363 = CARTESIAN_POINT ( 'NONE',  ( 0.06901530771651856500, 0.7247448713913882100, 1.024944026382415000 ) ) ;
#4364 = ORIENTED_EDGE ( 'NONE', *, *, #3125, .T. ) ;
#4365 = EDGE_CURVE ( 'NONE', #2920, #493, #713, .T. ) ;
#4366 = CARTESIAN_POINT ( 'NONE',  ( 14.65000000000000600, -0.6249999999999872300, -1.082531754730524900 ) ) ;
#4367 = CARTESIAN_POINT ( 'NONE',  ( 15.68995190528376100, 0.6249999999999856800, -1.082531754730525800 ) ) ;
#4368 = CARTESIAN_POINT ( 'NONE',  ( 3.154350952641880500, -0.9652524972597843500, 1.182093381138184100E-016 ) ) ;
#4369 = CARTESIAN_POINT ( 'NONE',  ( 4.800000000000003400, -0.2119995549450931500, -1.208344028822098100 ) ) ;
#4370 = DIRECTION ( 'NONE',  ( -1.000000000000000000, 6.018531076210110700E-033, -0.0000000000000000000 ) ) ;
#4371 = B_SPLINE_CURVE_WITH_KNOTS ( 'NONE', 3,
 ( #253, #1494, #3898, #1858, #4268, #4319, #5070, #5117, #4725, #2317, #2680, #668, #2339, #2733, #3080, #3104 ),
 .UNSPECIFIED., .F., .F.,
 ( 4, 2, 2, 2, 2, 2, 2, 4 ),
 ( 0.0007579673602756051500, 0.001098331710346405100, 0.001438696060417205300, 0.001779060410488005400, 0.002119424760558805600, 0.002459789110629605700, 0.002800153460700406300, 0.003480882160842005800 ),
 .UNSPECIFIED. ) ;
#4372 = CARTESIAN_POINT ( 'NONE',  ( 0.3000000000000027600, -0.6249999999999872300, -1.082531754730524900 ) ) ;
#4373 = CARTESIAN_POINT ( 'NONE',  ( 13.69810095264188400, 0.9652524972597845700, -0.5572887891288959000 ) ) ;
#4374 = DIRECTION ( 'NONE',  ( -6.018531076210111400E-033, -1.000000000000000000, 0.0000000000000000000 ) ) ;
#4375 = CARTESIAN_POINT ( 'NONE',  ( -0.05189904735811908000, 6.824819318074054600E-017, 1.114577578257790000 ) ) ;
#4376 = CARTESIAN_POINT ( 'NONE',  ( 13.96495190528376200, 1.249999999999973400, 0.0000000000000000000 ) ) ;
#4377 = CARTESIAN_POINT ( 'NONE',  ( 11.20000000000000500, 1.249999999999973400, 0.0000000000000000000 ) ) ;
#4378 = CARTESIAN_POINT ( 'NONE',  ( 2.137500000000002400, -2.651438096812210200E-016, -1.443375672974033500 ) ) ;
#4379 = CARTESIAN_POINT ( 'NONE',  ( 13.97935095264188400, -0.4826262486298926200, -0.8359331836933422400 ) ) ;
#4380 = CARTESIAN_POINT ( 'NONE',  ( 4.366237976320960900, -0.6390624999999872100, -1.106888719211962300 ) ) ;
#4381 = DIRECTION ( 'NONE',  ( -1.000000000000000000, 6.018531076210110700E-033, 0.0000000000000000000 ) ) ;
#4382 = DIRECTION ( 'NONE',  ( -6.018531076210111400E-033, -1.000000000000000000, 0.0000000000000000000 ) ) ;
#4383 = CARTESIAN_POINT ( 'NONE',  ( 2.535600952641880600, 0.9652524972597843500, 0.0000000000000000000 ) ) ;
#4384 = CARTESIAN_POINT ( 'NONE',  ( 3.604350952641880700, -0.9652524972597843500, 1.182093381138184100E-016 ) ) ;
#4385 = CARTESIAN_POINT ( 'NONE',  ( 0.0000000000000000000, 0.0000000000000000000, 0.0000000000000000000 ) ) ;
#4386 = DIRECTION ( 'NONE',  ( 0.0000000000000000000, 0.0000000000000000000, 1.000000000000000000 ) ) ;
#4387 = CARTESIAN_POINT ( 'NONE',  ( 11.36623797632096500, -0.6390624999999863200, 1.106888719211962700 ) ) ;
#4388 = CARTESIAN_POINT ( 'NONE',  ( 3.975000000000001900, 0.6249999999999856800, -1.082531754730525800 ) ) ;
#4389 = CARTESIAN_POINT ( 'NONE',  ( 0.6231009526418808100, -2.047445795422216600E-016, -1.114577578257790000 ) ) ;
#4390 = CARTESIAN_POINT ( 'NONE',  ( 0.08983405975732310100, 2.249999999999998700, 0.8761658796704930900 ) ) ;
#4391 = VECTOR ( 'NONE', #3924, 1000.000000000000000 ) ;
#4392 = CLOSED_SHELL ( 'NONE', ( #3699, #1775, #4826, #921, #3160, #2197, #51, #3756, #3237, #1320, #468, #3533, #3285, #2915, #4917, #3675, #4459, #2063, #3645, #4883, #955, #1743, #1927, #4492, #3730, #2968, #1344, #4512, #528, #4177, #4672, #2120, #3857, #3356, #1209, #844, #5138, #3331, #2094, #2879, #4964, #4095, #2936, #2504, #2173, #4564, #4545, #316, #3932, #1717, #2582, #4936, #1661, #3785, #499, #3305, #2144, #4991, #1290, #162, #3381, #79, #4124, #4042, #1267, #1371, #818, #871, #4149, #903, #2473, #4753, #3048, #2528, #550, #443, #106, #4781, #139, #1690, #2563, #4064 ) ) ;
#4393 = CARTESIAN_POINT ( 'NONE',  ( 2.089951905283759200, -1.249999999999973400, 1.530808498934159000E-016 ) ) ;
#4394 = CARTESIAN_POINT ( 'NONE',  ( 12.40435095264188300, 0.4826262486298922800, 0.8359331836933423500 ) ) ;
#4395 = PERSON_AND_ORGANIZATION ( #1784, #1171 ) ;
#4396 = CARTESIAN_POINT ( 'NONE',  ( 3.391237976320960400, -1.278124999999973300, 1.565251690160178100E-016 ) ) ;
#4397 = EDGE_CURVE ( 'NONE', #124, #4243, #1040, .T. ) ;
#4398 = DATE_TIME_ROLE ( 'classification_date' ) ;
#4399 = LINE ( 'NONE', #3209, #3082 ) ;
#4400 = VERTEX_POINT ( 'NONE', #4742 ) ;
#4401 = CARTESIAN_POINT ( 'NONE',  ( 14.68750000000000500, -2.651438096812210700E-016, -1.443375672974033500 ) ) ;
#4402 = ORIENTED_EDGE ( 'NONE', *, *, #3579, .T. ) ;
#4403 = CARTESIAN_POINT ( 'NONE',  ( 0.8481009526418809000, 6.824819318074054600E-017, 1.114577578257790000 ) ) ;
#4404 = CARTESIAN_POINT ( 'NONE',  ( 3.866850952641880800, 0.9652524972597842400, 0.5572887891288949000 ) ) ;
#4405 = VECTOR ( 'NONE', #2795, 1000.000000000000000 ) ;
#4406 = VERTEX_POINT ( 'NONE', #4305 ) ;
#4407 = EDGE_CURVE ( 'NONE', #493, #4406, #4016, .T. ) ;
#4408 = CARTESIAN_POINT ( 'NONE',  ( 15.65275249725973900, -0.5432011376430351300, 0.8081221091476784600 ) ) ;
#4409 = ORIENTED_EDGE ( 'NONE', *, *, #262, .T. ) ;
#4410 = CARTESIAN_POINT ( 'NONE',  ( 12.00373797632096500, -2.711095453990486600E-016, -1.475851625615950000 ) ) ;
#4411 =( BOUNDED_CURVE ( )  B_SPLINE_CURVE ( 2, ( #2357, #772, #4773, #1531, #4388, #2827, #1138 ),
 .UNSPECIFIED., .F., .T. ) 
 B_SPLINE_CURVE_WITH_KNOTS ( ( 3, 2, 2, 3 ),
 ( 0.7083333333333333700, 0.7222222222222222100, 0.7361111111111111600, 0.7500000000000000000 ),
 .UNSPECIFIED. ) 
 CURVE ( )  GEOMETRIC_REPRESENTATION_ITEM ( )  RATIONAL_B_SPLINE_CURVE ( ( 1.000000000000000000, 0.8660254037844387100, 1.000000000000000000, 0.8660254037844387100, 1.000000000000000000, 0.8660254037844387100, 1.000000000000000000 ) ) 
 REPRESENTATION_ITEM ( '' )  );
#4412 = ORIENTED_EDGE ( 'NONE', *, *, #515, .T. ) ;
#4413 = CARTESIAN_POINT ( 'NONE',  ( 3.262500000000002000, 8.838126989374036100E-017, 1.443375672974033500 ) ) ;
#4414 = EDGE_CURVE ( 'NONE', #1338, #5143, #2383, .T. ) ;
#4415 = CARTESIAN_POINT ( 'NONE',  ( 0.2220492735800330100, -0.3386330079571338000, -1.046053334113787400 ) ) ;
#4416 = DIRECTION ( 'NONE',  ( -6.018531076210111400E-033, -1.000000000000000000, 0.0000000000000000000 ) ) ;
#4417 = DIRECTION ( 'NONE',  ( -1.000000000000000000, 6.018531076210110700E-033, -0.0000000000000000000 ) ) ;
#4418 = CARTESIAN_POINT ( 'NONE',  ( 0.4356009526418808700, -0.4826262486298919500, 0.8359331836933424600 ) ) ;
#4419 = ORIENTED_EDGE ( 'NONE', *, *, #1730, .T. ) ;
#4420 = CARTESIAN_POINT ( 'NONE',  ( 3.491850952641880400, 6.824819318074054600E-017, 1.114577578257790000 ) ) ;
#4421 = DIRECTION ( 'NONE',  ( -6.018531076210111400E-033, -1.000000000000000000, 0.0000000000000000000 ) ) ;
#4422 = CARTESIAN_POINT ( 'NONE',  ( 2.460600952641880400, 0.4826262486298914500, -0.8359331836933428000 ) ) ;
#4423 = ORIENTED_EDGE ( 'NONE', *, *, #1160, .F. ) ;
#4424 = CARTESIAN_POINT ( 'NONE',  ( 15.19810095264188400, 6.824819318074052200E-017, 1.114577578257790700 ) ) ;
#4425 = CARTESIAN_POINT ( 'NONE',  ( 15.31495190528376300, 1.249999999999973400, 0.0000000000000000000 ) ) ;
#4426 = DIRECTION ( 'NONE',  ( -6.018531076210111400E-033, -1.000000000000000000, 0.0000000000000000000 ) ) ;
#4427 = CARTESIAN_POINT ( 'NONE',  ( 3.623100952641880000, -0.9652524972597841300, 0.5572887891288953500 ) ) ;
#4428 = EDGE_CURVE ( 'NONE', #4613, #2403, #4411, .T. ) ;
#4429 = CARTESIAN_POINT ( 'NONE',  ( 15.55435095264188300, 0.4826262486298922800, 0.8359331836933423500 ) ) ;
#4430 = CARTESIAN_POINT ( 'NONE',  ( 0.3231009526418808800, 0.9652524972597842400, 0.5572887891288949000 ) ) ;
#4431 = CARTESIAN_POINT ( 'NONE',  ( 2.891850952641880700, 0.9652524972597841300, -0.5572887891288955700 ) ) ;
#4432 = CARTESIAN_POINT ( 'NONE',  ( 0.1397700690953391200, 0.1835754756815225500, -2.492088861051974000 ) ) ;
#4433 = CARTESIAN_POINT ( 'NONE',  ( 2.723100952641881000, -0.9652524972597841300, 0.5572887891288953500 ) ) ;
#4434 = CARTESIAN_POINT ( 'NONE',  ( 2.460600952641880400, 0.4826262486298914500, -0.8359331836933428000 ) ) ;
#4435 = CARTESIAN_POINT ( 'NONE',  ( 12.15373797632096300, 1.278124999999973500, 0.7379258128079748700 ) ) ;
#4436 = CARTESIAN_POINT ( 'NONE',  ( 7.523163845262478600E-033, 1.249999999999973400, 1.530808498934159000E-016 ) ) ;
#4437 = CARTESIAN_POINT ( 'NONE',  ( 1.148100952641880600, 0.9652524972597841300, -0.5572887891288955700 ) ) ;
#4438 = CARTESIAN_POINT ( 'NONE',  ( 0.06250000000002665900, -3.761581922632923700E-034, 0.0000000000000000000 ) ) ;
#4439 = CARTESIAN_POINT ( 'NONE',  ( 15.02935095264188400, 0.9652524972597843500, 0.0000000000000000000 ) ) ;
#4440 = DIRECTION ( 'NONE',  ( -0.7071067811862563600, 0.7071067811868386700, 8.659560562358498800E-017 ) ) ;
#4441 = CARTESIAN_POINT ( 'NONE',  ( 15.59185095264188100, 6.824819318074047200E-017, 1.114577578257790000 ) ) ;
#4442 = DIRECTION ( 'NONE',  ( -1.000000000000000000, 6.018531076210110700E-033, -0.0000000000000000000 ) ) ;
#4443 = LINE ( 'NONE', #4541, #2059 ) ;
#4444 = CARTESIAN_POINT ( 'NONE',  ( 1.335600952641880600, -0.4826262486298919500, 0.8359331836933424600 ) ) ;
#4445 = CARTESIAN_POINT ( 'NONE',  ( 2.254350952641880600, -0.9652524972597843500, 1.182093381138184100E-016 ) ) ;
#4446 = CARTESIAN_POINT ( 'NONE',  ( 0.0000000000000000000, 0.0000000000000000000, 0.0000000000000000000 ) ) ;
#4447 = CARTESIAN_POINT ( 'NONE',  ( 1.185600952641880700, 0.9652524972597843500, 0.0000000000000000000 ) ) ;
#4448 = LINE ( 'NONE', #1573, #670 ) ;
#4449 = VERTEX_POINT ( 'NONE', #1544 ) ;
#4450 = CARTESIAN_POINT ( 'NONE',  ( 1.935600952641880700, -0.4826262486298926200, -0.8359331836933422400 ) ) ;
#4451 = CARTESIAN_POINT ( 'NONE',  ( 15.61060095264188300, 0.4826262486298926200, 0.8359331836933430200 ) ) ;
#4452 = ORIENTED_EDGE ( 'NONE', *, *, #2850, .T. ) ;
#4453 = CARTESIAN_POINT ( 'NONE',  ( 0.06250000000002665900, -3.761581922632923700E-034, 0.0000000000000000000 ) ) ;
#4454 = CARTESIAN_POINT ( 'NONE',  ( 4.560600952641880000, -0.9652524972597843500, 1.182093381138184100E-016 ) ) ;
#4455 = CARTESIAN_POINT ( 'NONE',  ( 1.316850952641880800, -0.9652524972597841300, 0.5572887891288953500 ) ) ;
#4456 = LINE ( 'NONE', #928, #4586 ) ;
#4457 = ORIENTED_EDGE ( 'NONE', *, *, #3988, .F. ) ;
#4458 = CARTESIAN_POINT ( 'NONE',  ( 15.77935095264188300, -0.4826262486298926200, -0.8359331836933422400 ) ) ;
#4459 = ADVANCED_FACE ( 'NONE', ( #2464 ), #189, .F. ) ;
#4460 = EDGE_CURVE ( 'NONE', #2773, #4848, #1439, .T. ) ;
#4461 = CARTESIAN_POINT ( 'NONE',  ( 15.86022993090466200, 0.1835754756815197700, 2.492088861051974500 ) ) ;
#4462 = ORIENTED_EDGE ( 'NONE', *, *, #2307, .F. ) ;
#4463 = PERSON_AND_ORGANIZATION_ROLE ( 'creator' ) ;
#4464 = LINE ( 'NONE', #3177, #944 ) ;
#4465 = CARTESIAN_POINT ( 'NONE',  ( 15.70435095264188500, -0.9652524972597843500, 1.182093381138184100E-016 ) ) ;
#4466 = CARTESIAN_POINT ( 'NONE',  ( 10.79871392896280500, 1.278124999999973500, 0.0000000000000000000 ) ) ;
#4467 = ORIENTED_EDGE ( 'NONE', *, *, #2994, .T. ) ;
#4468 = CARTESIAN_POINT ( 'NONE',  ( 3.623100952641880000, -0.9652524972597841300, 0.5572887891288953500 ) ) ;
#4469 = ORIENTED_EDGE ( 'NONE', *, *, #3731, .F. ) ;
#4470 = AXIS2_PLACEMENT_3D ( 'NONE', #301, #3900, #1079 ) ;
#4471 = CARTESIAN_POINT ( 'NONE',  ( 1.753521283679683000E-015, -1.055362233862201700E-047, 0.0000000000000000000 ) ) ;
#4472 = CARTESIAN_POINT ( 'NONE',  ( 0.6606009526418809000, 0.4826262486298914500, -0.8359331836933428000 ) ) ;
#4473 = EDGE_LOOP ( 'NONE', ( #4280, #3391, #1332 ) ) ;
#4474 = CARTESIAN_POINT ( 'NONE',  ( 11.50000000000000700, -0.6249999999999872300, -1.082531754730524900 ) ) ;
#4475 = CARTESIAN_POINT ( 'NONE',  ( 2.648100952641880800, 6.824819318074054600E-017, 1.114577578257790000 ) ) ;
#4476 = CARTESIAN_POINT ( 'NONE',  ( 12.79123797632096400, -1.278124999999973300, 1.565251690160178100E-016 ) ) ;
#4477 = CARTESIAN_POINT ( 'NONE',  ( 14.31250000000000400, 1.249999999999972900, -0.7216878364870175100 ) ) ;
#4478 = CARTESIAN_POINT ( 'NONE',  ( 15.79903810567666300, 2.249999999999998700, 1.299038105676658700 ) ) ;
#4479 = CARTESIAN_POINT ( 'NONE',  ( 1.654350952641880900, 0.4826262486298922800, 0.8359331836933423500 ) ) ;
#4480 = EDGE_CURVE ( 'NONE', #2920, #2675, #2776, .T. ) ;
#4481 = CARTESIAN_POINT ( 'NONE',  ( 13.58560095264188500, -0.4826262486298926200, -0.8359331836933422400 ) ) ;
#4482 = CARTESIAN_POINT ( 'NONE',  ( 0.2009618943233403600, 1.129874187046595900E-015, -2.598076211353313300 ) ) ;
#4483 = CARTESIAN_POINT ( 'NONE',  ( 14.57500000000000500, -1.249999999999973400, 1.530808498934158800E-016 ) ) ;
#4484 = CARTESIAN_POINT ( 'NONE',  ( 2.716237976320960500, 1.278124999999973300, 0.0000000000000000000 ) ) ;
#4485 = VERTEX_POINT ( 'NONE', #786 ) ;
#4486 = CARTESIAN_POINT ( 'NONE',  ( 14.35435095264188400, -0.9652524972597843500, 1.182093381138184100E-016 ) ) ;
#4487 = CARTESIAN_POINT ( 'NONE',  ( 11.84871392896280500, -0.6390624999999864300, 1.106888719211963000 ) ) ;
#4488 = CARTESIAN_POINT ( 'NONE',  ( 3.923100952641880700, 0.9652524972597842400, 0.5572887891288949000 ) ) ;
#4489 = CARTESIAN_POINT ( 'NONE',  ( 16.00000000000000400, 0.0000000000000000000, -2.249999999999998700 ) ) ;
#4490 = CARTESIAN_POINT ( 'NONE',  ( 1.635600952641880900, 0.9652524972597843500, 0.0000000000000000000 ) ) ;
#4491 = ORIENTED_EDGE ( 'NONE', *, *, #2493, .F. ) ;
#4492 = ADVANCED_FACE ( 'NONE', ( #3959 ), #1382, .F. ) ;
#4493 = CARTESIAN_POINT ( 'NONE',  ( 0.3472475027402644500, 0.4275772332244750000, 0.8747024607048212700 ) ) ;
#4494 = CARTESIAN_POINT ( 'NONE',  ( 15.36685095264188300, -2.047445795422217100E-016, -1.114577578257790000 ) ) ;
#4495 = CARTESIAN_POINT ( 'NONE',  ( 0.0000000000000000000, 0.0000000000000000000, 0.0000000000000000000 ) ) ;
#4496 = DIRECTION ( 'NONE',  ( -1.000000000000000000, 6.018531076210110700E-033, -0.0000000000000000000 ) ) ;
#4497 = EDGE_CURVE ( 'NONE', #4798, #679, #4343, .T. ) ;
#4498 = CARTESIAN_POINT ( 'NONE',  ( 2.104350952641880700, 0.4826262486298922800, 0.8359331836933423500 ) ) ;
#4499 = CARTESIAN_POINT ( 'NONE',  ( 14.48560095264188500, -0.4826262486298926200, -0.8359331836933422400 ) ) ;
#4500 = CARTESIAN_POINT ( 'NONE',  ( 0.3081651560341569500, 1.004334843965892300, 1.457429670842558400E-011 ) ) ;
#4501 = CARTESIAN_POINT ( 'NONE',  ( 12.02935095264188400, -0.4826262486298919500, 0.8359331836933424600 ) ) ;
#4502 = CARTESIAN_POINT ( 'NONE',  ( 4.891237976320961200, 0.6390624999999856600, -1.106888719211963200 ) ) ;
#4503 =( BOUNDED_SURFACE ( )  B_SPLINE_SURFACE ( 1, 2, ( 
 ( #4537, #555, #2181, #965, #4170, #3765, #1720, #1347, #172, #1794, #3321, #4977, #2128, #4607, #2200, #2585, #2617, #1755, #4153, #911, #191, #2553, #121, #3734, #1733, #157, #1330, #2958, #3374, #4567, #926, #2167, #3750, #2980, #2148, #4954, #3789, #2570, #4584, #4187, #1361, #1777, #992, #2633, #3414, #3818, #205, #1011, #3833, #3033, #5026, #1416, #604, #4241, #3429, #1809, #3012, #590, #1403, #4621, #4223, #2221, #4999, #2132, #2185, #968, #1723, #103, #541, #4929, #1762, #4571, #2574, #4191, #932, #3363, #3794, #1365, #509, #4121, #3379, #952, #562, #3326, #4592, #2606, #3769, #2540, #3754, #1781, #526, #175, #4137, #3001, #1351, #4542, #4959, #1738, #2588, #2985, #4982, #4521, #2171, #579, #146, #899, #2965, #4173, #160, #3722, #1335, #1297, #4159, #1707, #4556, #2115, #2927, #915, #2153, #3740, #1318, #4944, #2558, #128, #2943, #3349, #5048, #2208, #3447, #5063, #3854, #1835, #1015, #1800, #3433, #241, #3468, #3400, #2653, #1042, #4639 ),
 ( #1813, #3810, #3872, #4610, #2623, #1452, #4626, #223, #4229, #3039, #1029, #2241, #2685, #609, #5074, #3056, #3017, #982, #3839, #4277, #2254, #1850, #628, #1392, #594, #1438, #5013, #196, #4258, #1863, #4678, #4660, #2670, #2279, #3068, #258, #643, #1420, #3088, #4206, #3419, #998, #3823, #1407, #2228, #5033, #2637, #210, #4246, #3205, #787, #2857, #1611, #4816, #1223, #3216, #399, #827, #3249, #2794, #1149, #410, #2821, #2842, #367, #1633, #4445, #3233, #1976, #781, #3640, #2808, #4048, #1168, #2042, #803, #3991, #2010, #4007, #4835, #16, #2029, #1560, #4431, #3189, #2424, #4858, #5218, #3624, #1206, #2456, #3611, #4032, #1191, #2440, #1595, #30, #3978, #747, #4420, #5181, #3563, #4384, #4788, #2388, #3202, #769, #3590, #1582, #4404, #1991, #4803, #2409, #5196, #385, #466, #2541, #510, #432, #4914, #3327, #1685, #129, #2116, #2516, #1724, #3299, #4082, #841, #916, #4061, #4874, #3741, #1669, #87, #1264, #66, #3312, #4507, #4945, #2888 ) ),
 .UNSPECIFIED., .F., .F., .T. ) 
 B_SPLINE_SURFACE_WITH_KNOTS ( ( 2, 2 ),
 ( 3, 2, 2, 2, 2, 2, 2, 2, 2, 2, 2, 2, 2, 2, 2, 2, 2, 2, 2, 2, 2, 2, 2, 2, 2, 2, 2, 2, 2, 2, 2, 2, 2, 2, 2, 2, 2, 2, 2, 2, 2, 2, 2, 2, 2, 2, 2, 2, 2, 2, 2, 2, 2, 2, 2, 2, 2, 2, 2, 2, 2, 2, 2, 2, 2, 2, 2, 2, 2, 2, 3 ),
 ( 0.0000000000000000000, 1.000000000000000000 ),
 ( 0.0000000000000000000, 0.01388888888888888800, 0.02777777777777777600, 0.04166666666666666400, 0.05555555555555555200, 0.06944444444444444800, 0.08333333333333332900, 0.09722222222222222400, 0.1111111111111111000, 0.1250000000000000000, 0.1388888888888889000, 0.1527777777777777900, 0.1666666666666666600, 0.1805555555555555500, 0.1944444444444444500, 0.2083333333333333400, 0.2222222222222222100, 0.2361111111111111000, 0.2500000000000000000, 0.2638888888888889000, 0.2777777777777777900, 0.2916666666666666900, 0.3055555555555555800, 0.3194444444444444200, 0.3333333333333333100, 0.3472222222222222100, 0.3611111111111111000, 0.3750000000000000000, 0.3888888888888889000, 0.4027777777777777900, 0.4166666666666666900, 0.4305555555555555800, 0.4444444444444444200, 0.4583333333333333100, 0.4722222222222222100, 0.4861111111111111000, 0.5000000000000000000, 0.5138888888888888400, 0.5277777777777777900, 0.5416666666666666300, 0.5555555555555555800, 0.5694444444444444200, 0.5833333333333333700, 0.5972222222222222100, 0.6111111111111111600, 0.6250000000000000000, 0.6388888888888888400, 0.6527777777777777900, 0.6666666666666666300, 0.6805555555555555800, 0.6944444444444444200, 0.7083333333333333700, 0.7222222222222222100, 0.7361111111111111600, 0.7500000000000000000, 0.7638888888888888400, 0.7777777777777777900, 0.7916666666666666300, 0.8055555555555555800, 0.8194444444444444200, 0.8333333333333333700, 0.8472222222222222100, 0.8611111111111111600, 0.8750000000000000000, 0.8888888888888888400, 0.9027777777777777900, 0.9166666666666666300, 0.9305555555555555800, 0.9444444444444444200, 0.9583333333333333700, 0.9722222222222222100 ),
 .UNSPECIFIED. ) 
 GEOMETRIC_REPRESENTATION_ITEM ( )  RATIONAL_B_SPLINE_SURFACE ( (
 ( 1.000000000000000000, 0.8660254037844387100, 1.000000000000000000, 0.8660254037844387100, 1.000000000000000000, 0.8660254037844387100, 1.000000000000000000, 0.8660254037844387100, 1.000000000000000000, 0.8660254037844387100, 1.000000000000000000, 0.8660254037844387100, 1.000000000000000000, 0.8660254037844387100, 1.000000000000000000, 0.8660254037844387100, 1.000000000000000000, 0.8660254037844387100, 1.000000000000000000, 0.8660254037844387100, 1.000000000000000000, 0.8660254037844387100, 1.000000000000000000, 0.8660254037844387100, 1.000000000000000000, 0.8660254037844387100, 1.000000000000000000, 0.8660254037844387100, 1.000000000000000000, 0.8660254037844387100, 1.000000000000000000, 0.8660254037844387100, 1.000000000000000000, 0.8660254037844387100, 1.000000000000000000, 0.8660254037844387100, 1.000000000000000000, 0.8660254037844387100, 1.000000000000000000, 0.8660254037844387100, 1.000000000000000000, 0.8660254037844387100, 1.000000000000000000, 0.8660254037844387100, 1.000000000000000000, 0.8660254037844387100, 1.000000000000000000, 0.8660254037844387100, 1.000000000000000000, 0.8660254037844387100, 1.000000000000000000, 0.8660254037844387100, 1.000000000000000000, 0.8660254037844387100, 1.000000000000000000, 0.8660254037844387100, 1.000000000000000000, 0.8660254037844387100, 1.000000000000000000, 0.8660254037844387100, 1.000000000000000000, 0.8660254037844387100, 1.000000000000000000, 0.8660254037844387100, 1.000000000000000000, 0.8660254037844387100, 1.000000000000000000, 0.8660254037844387100, 1.000000000000000000, 0.8660254037844387100, 1.000000000000000000, 0.8660254037844387100, 1.000000000000000000, 0.8660254037844387100, 1.000000000000000000, 0.8660254037844387100, 1.000000000000000000, 0.8660254037844387100, 1.000000000000000000, 0.8660254037844387100, 1.000000000000000000, 0.8660254037844387100, 1.000000000000000000, 0.8660254037844387100, 1.000000000000000000, 0.8660254037844387100, 1.000000000000000000, 0.8660254037844387100, 1.000000000000000000, 0.8660254037844387100, 1.000000000000000000, 0.8660254037844387100, 1.000000000000000000, 0.8660254037844387100, 1.000000000000000000, 0.8660254037844387100, 1.000000000000000000, 0.8660254037844387100, 1.000000000000000000, 0.8660254037844387100, 1.000000000000000000, 0.8660254037844387100, 1.000000000000000000, 0.8660254037844387100, 1.000000000000000000, 0.8660254037844387100, 1.000000000000000000, 0.8660254037844387100, 1.000000000000000000, 0.8660254037844387100, 1.000000000000000000, 0.8660254037844387100, 1.000000000000000000, 0.8660254037844387100, 1.000000000000000000, 0.8660254037844387100, 1.000000000000000000, 0.8660254037844387100, 1.000000000000000000, 0.8660254037844387100, 1.000000000000000000, 0.8660254037844387100, 1.000000000000000000, 0.8660254037844387100, 1.000000000000000000, 0.8660254037844387100, 1.000000000000000000, 0.8660254037844387100, 1.000000000000000000, 0.8660254037844387100, 1.000000000000000000, 0.8660254037844387100, 1.000000000000000000, 0.8660254037844387100, 1.000000000000000000, 0.8660254037844387100, 1.000000000000000000, 0.8660254037844387100, 1.000000000000000000, 0.8660254037844387100, 1.000000000000000000),
 ( 1.000000000000000000, 0.8660254037844387100, 1.000000000000000000, 0.8660254037844387100, 1.000000000000000000, 0.8660254037844387100, 1.000000000000000000, 0.8660254037844387100, 1.000000000000000000, 0.8660254037844387100, 1.000000000000000000, 0.8660254037844387100, 1.000000000000000000, 0.8660254037844387100, 1.000000000000000000, 0.8660254037844387100, 1.000000000000000000, 0.8660254037844387100, 1.000000000000000000, 0.8660254037844387100, 1.000000000000000000, 0.8660254037844387100, 1.000000000000000000, 0.8660254037844387100, 1.000000000000000000, 0.8660254037844387100, 1.000000000000000000, 0.8660254037844387100, 1.000000000000000000, 0.8660254037844387100, 1.000000000000000000, 0.8660254037844387100, 1.000000000000000000, 0.8660254037844387100, 1.000000000000000000, 0.8660254037844387100, 1.000000000000000000, 0.8660254037844387100, 1.000000000000000000, 0.8660254037844387100, 1.000000000000000000, 0.8660254037844387100, 1.000000000000000000, 0.8660254037844387100, 1.000000000000000000, 0.8660254037844387100, 1.000000000000000000, 0.8660254037844387100, 1.000000000000000000, 0.8660254037844387100, 1.000000000000000000, 0.8660254037844387100, 1.000000000000000000, 0.8660254037844387100, 1.000000000000000000, 0.8660254037844387100, 1.000000000000000000, 0.8660254037844387100, 1.000000000000000000, 0.8660254037844387100, 1.000000000000000000, 0.8660254037844387100, 1.000000000000000000, 0.8660254037844387100, 1.000000000000000000, 0.8660254037844387100, 1.000000000000000000, 0.8660254037844387100, 1.000000000000000000, 0.8660254037844387100, 1.000000000000000000, 0.8660254037844387100, 1.000000000000000000, 0.8660254037844387100, 1.000000000000000000, 0.8660254037844387100, 1.000000000000000000, 0.8660254037844387100, 1.000000000000000000, 0.8660254037844387100, 1.000000000000000000, 0.8660254037844387100, 1.000000000000000000, 0.8660254037844387100, 1.000000000000000000, 0.8660254037844387100, 1.000000000000000000, 0.8660254037844387100, 1.000000000000000000, 0.8660254037844387100, 1.000000000000000000, 0.8660254037844387100, 1.000000000000000000, 0.8660254037844387100, 1.000000000000000000, 0.8660254037844387100, 1.000000000000000000, 0.8660254037844387100, 1.000000000000000000, 0.8660254037844387100, 1.000000000000000000, 0.8660254037844387100, 1.000000000000000000, 0.8660254037844387100, 1.000000000000000000, 0.8660254037844387100, 1.000000000000000000, 0.8660254037844387100, 1.000000000000000000, 0.8660254037844387100, 1.000000000000000000, 0.8660254037844387100, 1.000000000000000000, 0.8660254037844387100, 1.000000000000000000, 0.8660254037844387100, 1.000000000000000000, 0.8660254037844387100, 1.000000000000000000, 0.8660254037844387100, 1.000000000000000000, 0.8660254037844387100, 1.000000000000000000, 0.8660254037844387100, 1.000000000000000000, 0.8660254037844387100, 1.000000000000000000, 0.8660254037844387100, 1.000000000000000000, 0.8660254037844387100, 1.000000000000000000, 0.8660254037844387100, 1.000000000000000000, 0.8660254037844387100, 1.000000000000000000, 0.8660254037844387100, 1.000000000000000000, 0.8660254037844387100, 1.000000000000000000, 0.8660254037844387100, 1.000000000000000000) ) ) 
 REPRESENTATION_ITEM ( '' )  SURFACE ( )  );
#4504 = CARTESIAN_POINT ( 'NONE',  ( 2.314951905283758800, 1.249999999999973400, 0.0000000000000000000 ) ) ;
#4505 = CARTESIAN_POINT ( 'NONE',  ( 15.85435095264188600, 0.4826262486298914500, -0.8359331836933428000 ) ) ;
#4506 = CARTESIAN_POINT ( 'NONE',  ( 3.248100952641880900, -0.9652524972597844600, -0.5572887891288946800 ) ) ;
#4507 = CARTESIAN_POINT ( 'NONE',  ( 4.954350952641880700, -0.9652524972597843500, 1.182093381138184100E-016 ) ) ;
#4508 = CARTESIAN_POINT ( 'NONE',  ( 2.835600952641880400, -0.4826262486298926200, -0.8359331836933422400 ) ) ;
#4509 = EDGE_CURVE ( 'NONE', #1621, #3529, #368, .T. ) ;
#4510 = CARTESIAN_POINT ( 'NONE',  ( 2.254350952641880600, -0.9652524972597843500, 1.182093381138184100E-016 ) ) ;
#4511 = CARTESIAN_POINT ( 'NONE',  ( 12.94810095264188400, 6.824819318074047200E-017, 1.114577578257790000 ) ) ;
#4512 = ADVANCED_FACE ( 'NONE', ( #3277 ), #304, .F. ) ;
#4513 = CARTESIAN_POINT ( 'NONE',  ( 14.71495190528376400, -0.6249999999999872300, -1.082531754730524900 ) ) ;
#4514 = CARTESIAN_POINT ( 'NONE',  ( 13.04185095264188400, -0.9652524972597845700, -0.5572887891288946800 ) ) ;
#4515 = CC_DESIGN_PERSON_AND_ORGANIZATION_ASSIGNMENT ( #4142, #178, ( #489 ) ) ;
#4516 = CARTESIAN_POINT ( 'NONE',  ( 3.241237976320960400, 0.6390624999999867700, 1.106888719211962500 ) ) ;
#4517 = LINE ( 'NONE', #3262, #789 ) ;
#4518 = CARTESIAN_POINT ( 'NONE',  ( 12.76060095264188400, 0.4826262486298914500, -0.8359331836933428000 ) ) ;
#4519 = PERSON_AND_ORGANIZATION ( #1784, #1171 ) ;
#4520 = DIRECTION ( 'NONE',  ( 1.000000000000000000, 0.0000000000000000000, 0.0000000000000000000 ) ) ;
#4521 = CARTESIAN_POINT ( 'NONE',  ( 3.386213928962800600, -1.278124999999973500, 0.7379258128079755300 ) ) ;
#4522 = LINE ( 'NONE', #4056, #4010 ) ;
#4523 = ORIENTED_EDGE ( 'NONE', *, *, #3935, .T. ) ;
#4524 = CARTESIAN_POINT ( 'NONE',  ( 13.34185095264188300, 6.824819318074047200E-017, 1.114577578257790000 ) ) ;
#4525 = CARTESIAN_POINT ( 'NONE',  ( 3.848100952641880600, 0.9652524972597840100, -0.5572887891288955700 ) ) ;
#4526 = ORIENTED_EDGE ( 'NONE', *, *, #4497, .T. ) ;
#4527 = CYLINDRICAL_SURFACE ( 'NONE', #4181, 1.249999999999973400 ) ;
#4528 = CARTESIAN_POINT ( 'NONE',  ( 0.07827230715412575300, -0.3680687615027719600, -2.385571612819395300 ) ) ;
#4529 = ORIENTED_EDGE ( 'NONE', *, *, #5189, .F. ) ;
#4530 = DIRECTION ( 'NONE',  ( 0.0000000000000000000, 0.0000000000000000000, -1.000000000000000000 ) ) ;
#4531 = ORIENTED_EDGE ( 'NONE', *, *, #2038, .T. ) ;
#4532 = DIRECTION ( 'NONE',  ( -1.000000000000000000, 6.018531076210110700E-033, -0.0000000000000000000 ) ) ;
#4533 = CARTESIAN_POINT ( 'NONE',  ( 14.71060095264188500, 0.4826262486298922800, 0.8359331836933423500 ) ) ;
#4534 = EDGE_CURVE ( 'NONE', #988, #3646, #5170, .T. ) ;
#4535 = CARTESIAN_POINT ( 'NONE',  ( 15.67578874339930700, -0.9882887433992507700, 0.2344990749734917900 ) ) ;
#4536 = CARTESIAN_POINT ( 'NONE',  ( 12.59185095264188300, -0.9652524972597845700, -0.5572887891288946800 ) ) ;
#4537 = CARTESIAN_POINT ( 'NONE',  ( -0.4012860710371991000, 1.278124999999973500, 0.0000000000000000000 ) ) ;
#4538 = VERTEX_POINT ( 'NONE', #3967 ) ;
#4539 = CARTESIAN_POINT ( 'NONE',  ( 1.387500000000002600, 1.249999999999973400, 0.7216878364870166200 ) ) ;
#4540 = CARTESIAN_POINT ( 'NONE',  ( 12.42310095264188500, 0.9652524972597842400, 0.5572887891288949000 ) ) ;
#4541 = CARTESIAN_POINT ( 'NONE',  ( -7.523163845262478600E-033, -1.249999999999973400, 0.0000000000000000000 ) ) ;
#4542 = CARTESIAN_POINT ( 'NONE',  ( 3.161213928962801000, 1.278124999999973300, -0.7379258128079758700 ) ) ;
#4543 = DIRECTION ( 'NONE',  ( -0.4999999999999979500, 0.0000000000000000000, -0.8660254037844397100 ) ) ;
#4544 = CARTESIAN_POINT ( 'NONE',  ( 4.260600952641880200, 0.4826262486298914500, -0.8359331836933428000 ) ) ;
#4545 = ADVANCED_FACE ( 'NONE', ( #1627 ), #2837, .F. ) ;
#4546 = EDGE_LOOP ( 'NONE', ( #2840, #512, #2883, #5032 ) ) ;
#4547 = CARTESIAN_POINT ( 'NONE',  ( 3.525000000000002100, 0.6249999999999856800, -1.082531754730525800 ) ) ;
#4548 = CARTESIAN_POINT ( 'NONE',  ( 2.441850952641881000, 0.9652524972597840100, -0.5572887891288955700 ) ) ;
#4549 = CARTESIAN_POINT ( 'NONE',  ( 12.98560095264188500, -0.4826262486298919500, 0.8359331836933424600 ) ) ;
#4550 = VERTEX_POINT ( 'NONE', #2875 ) ;
#4551 = CARTESIAN_POINT ( 'NONE',  ( 11.27935095264188400, -0.4826262486298926200, -0.8359331836933422400 ) ) ;
#4552 = CARTESIAN_POINT ( 'NONE',  ( 12.96685095264188300, -0.9652524972597841300, 0.5572887891288953500 ) ) ;
#4553 = CARTESIAN_POINT ( 'NONE',  ( 5.191237976320961100, -1.278124999999973300, 1.565251690160178100E-016 ) ) ;
#4554 = CARTESIAN_POINT ( 'NONE',  ( 16.11685095264188300, -0.9652524972597841300, 0.5572887891288953500 ) ) ;
#4555 = CARTESIAN_POINT ( 'NONE',  ( 13.08621392896280400, 1.278124999999973800, 0.7379258128079749800 ) ) ;
#4556 = CARTESIAN_POINT ( 'NONE',  ( 3.873713928962800400, -1.278124999999973500, 1.565251690160178300E-016 ) ) ;
#4557 = CARTESIAN_POINT ( 'NONE',  ( 4.785600952641880600, 0.9652524972597843500, 0.0000000000000000000 ) ) ;
#4558 = CARTESIAN_POINT ( 'NONE',  ( 1.125000000000002700, -1.249999999999973400, 1.530808498934159000E-016 ) ) ;
#4559 = EDGE_CURVE ( 'NONE', #1428, #3281, #2534, .T. ) ;
#4560 = CARTESIAN_POINT ( 'NONE',  ( 14.44123797632096500, 0.6390624999999867700, 1.106888719211962500 ) ) ;
#4561 = CARTESIAN_POINT ( 'NONE',  ( 2.366850952641881300, -2.047445795422216600E-016, -1.114577578257790000 ) ) ;
#4562 =( BOUNDED_CURVE ( )  B_SPLINE_CURVE ( 2, ( #1413, #2976, #1806, #2993, #4184, #5023, #3848 ),
 .UNSPECIFIED., .F., .T. ) 
 B_SPLINE_CURVE_WITH_KNOTS ( ( 3, 2, 2, 3 ),
 ( 0.09722222222222221000, 0.1111111111111110500, 0.1250000000000000000, 0.1388888888888888400 ),
 .UNSPECIFIED. ) 
 CURVE ( )  GEOMETRIC_REPRESENTATION_ITEM ( )  RATIONAL_B_SPLINE_CURVE ( ( 1.000000000000000000, 0.8660254037844387100, 1.000000000000000000, 0.8660254037844387100, 1.000000000000000000, 0.8660254037844387100, 1.000000000000000000 ) ) 
 REPRESENTATION_ITEM ( '' )  );
#4563 = CARTESIAN_POINT ( 'NONE',  ( 15.46060095264188300, 0.4826262486298914500, -0.8359331836933428000 ) ) ;
#4564 = ADVANCED_FACE ( 'NONE', ( #2655 ), #4843, .F. ) ;
#4565 = CARTESIAN_POINT ( 'NONE',  ( 12.25435095264188400, 0.4826262486298914500, -0.8359331836933428000 ) ) ;
#4566 = CARTESIAN_POINT ( 'NONE',  ( 11.61685095264188500, -0.9652524972597841300, 0.5572887891288953500 ) ) ;
#4567 = CARTESIAN_POINT ( 'NONE',  ( 0.6862139289628006500, -1.278124999999973500, 0.7379258128079755300 ) ) ;
#4568 = DIRECTION ( 'NONE',  ( -1.000000000000000000, 6.018531076210110700E-033, -0.0000000000000000000 ) ) ;
#4569 = CARTESIAN_POINT ( 'NONE',  ( 11.03560095264188600, 0.9652524972597843500, 0.0000000000000000000 ) ) ;
#4570 = CARTESIAN_POINT ( 'NONE',  ( 13.34871392896280400, -0.6390624999999873200, -1.106888719211962500 ) ) ;
#4571 = CARTESIAN_POINT ( 'NONE',  ( 2.261213928962801000, 1.278124999999973300, -0.7379258128079758700 ) ) ;
#4572 = CARTESIAN_POINT ( 'NONE',  ( 12.91495190528376300, -0.6249999999999872300, -1.082531754730524900 ) ) ;
#4573 = CARTESIAN_POINT ( 'NONE',  ( 3.885600952641880700, 0.9652524972597843500, 0.0000000000000000000 ) ) ;
#4574 = CIRCLE ( 'NONE', #1710, 1.249999999999973400 ) ;
#4575 = AXIS2_PLACEMENT_3D ( 'NONE', #3609, #3622, #4028 ) ;
#4576 = CARTESIAN_POINT ( 'NONE',  ( -0.03314904735811897300, -0.9652524972597841300, 0.5572887891288953500 ) ) ;
#4577 = EDGE_CURVE ( 'NONE', #2591, #4798, #4951, .T. ) ;
#4578 = CARTESIAN_POINT ( 'NONE',  ( 13.61623797632096400, -0.6390624999999863200, 1.106888719211962700 ) ) ;
#4579 = CARTESIAN_POINT ( 'NONE',  ( 15.55435095264188300, 0.4826262486298922800, 0.8359331836933423500 ) ) ;
#4580 = CARTESIAN_POINT ( 'NONE',  ( 2.816850952641881000, -2.047445795422216600E-016, -1.114577578257790000 ) ) ;
#4581 = ORIENTED_EDGE ( 'NONE', *, *, #957, .T. ) ;
#4582 = CARTESIAN_POINT ( 'NONE',  ( 11.61685095264188500, -0.9652524972597841300, 0.5572887891288953500 ) ) ;
#4583 = VERTEX_POINT ( 'NONE', #811 ) ;
#4584 = CARTESIAN_POINT ( 'NONE',  ( 1.023713928962800600, 0.6390624999999868800, 1.106888719211962700 ) ) ;
#4585 = CARTESIAN_POINT ( 'NONE',  ( 2.400000000000002600, -0.6249999999999863400, 1.082531754730525300 ) ) ;
#4586 = VECTOR ( 'NONE', #4133, 1000.000000000000000 ) ;
#4587 = ORIENTED_EDGE ( 'NONE', *, *, #4480, .T. ) ;
#4588 = B_SPLINE_CURVE_WITH_KNOTS ( 'NONE', 3,
 ( #5099, #3961, #1960, #2779 ),
 .UNSPECIFIED., .F., .F.,
 ( 4, 4 ),
 ( 2.380746839934120000E-007, 0.001314652396222794500 ),
 .UNSPECIFIED. ) ;
#4589 = CARTESIAN_POINT ( 'NONE',  ( 11.11060095264188500, 0.4826262486298922800, 0.8359331836933423500 ) ) ;
#4590 = CARTESIAN_POINT ( 'NONE',  ( 13.68621392896280400, -1.278124999999973500, 0.7379258128079755300 ) ) ;
#4591 = VERTEX_POINT ( 'NONE', #832 ) ;
#4592 = CARTESIAN_POINT ( 'NONE',  ( 2.748713928962800400, 1.278124999999973500, 0.0000000000000000000 ) ) ;
#4593 = MECHANICAL_CONTEXT ( 'NONE', #1370, 'mechanical' ) ;
#4594 = FACE_OUTER_BOUND ( 'NONE', #4648, .T. ) ;
#4595 = FACE_OUTER_BOUND ( 'NONE', #4078, .T. ) ;
#4596 = ORIENTED_EDGE ( 'NONE', *, *, #2865, .F. ) ;
#4597 = VERTEX_POINT ( 'NONE', #2521 ) ;
#4598 = CARTESIAN_POINT ( 'NONE',  ( 0.5293509526418810300, -0.4826262486298926200, -0.8359331836933422400 ) ) ;
#4599 = CARTESIAN_POINT ( 'NONE',  ( 13.09123797632096300, 0.6390624999999867700, 1.106888719211962500 ) ) ;
#4600 = CARTESIAN_POINT ( 'NONE',  ( 14.31685095264188400, -0.9652524972597841300, 0.5572887891288953500 ) ) ;
#4601 = CARTESIAN_POINT ( 'NONE',  ( 3.604350952641880700, -0.9652524972597843500, 1.182093381138184100E-016 ) ) ;
#4602 = ORIENTED_EDGE ( 'NONE', *, *, #1325, .F. ) ;
#4603 = CARTESIAN_POINT ( 'NONE',  ( 15.19810095264188400, 6.824819318074047200E-017, 1.114577578257790000 ) ) ;
#4604 = CARTESIAN_POINT ( 'NONE',  ( 11.46685095264188400, 0.9652524972597842400, 0.5572887891288949000 ) ) ;
#4605 = CARTESIAN_POINT ( 'NONE',  ( -7.523163845262478600E-033, -1.249999999999973400, 0.0000000000000000000 ) ) ;
#4606 =( BOUNDED_CURVE ( )  B_SPLINE_CURVE ( 2, ( #1919, #1938, #5199, #3219, #858, #1635, #4033, #1226, #807, #3236, #4472, #1208, #3251, #1266, #4861, #453, #829, #4049, #4086, #2442, #3644, #3284, #843, #2844, #4447, #18, #4875, #3663, #3264, #2859, #4009, #4063, #3698, #882, #434, #1652, #4490, #2062, #1613, #32, #1246, #5220, #1597, #412, #2482, #50, #2822, #2044, #1670, #3626, #2873, #2892, #2460, #2087, #3684, #4894, #2503, #2014, #4422, #68, #3301, #467, #4818, #2427, #400, #4433, #2030, #4839, #4508, #2119, #2967, #4916, #4946, #2542, #161, #2157, #105, #2517, #4138, #970, #1284, #1319, #89, #2944, #488, #2135, #2930, #4963, #1725, #527, #2103, #511, #3330, #130, #3350, #4525, #4573, #148, #4931, #917, #936, #3366, #1741, #4985, #4106, #565, #4544, #2577, #3742, #4175, #2914, #2561, #2590, #2987, #3755, #1765, #3380, #1337, #4160, #3773, #4557, #543, #1689 ),
 .UNSPECIFIED., .F., .T. ) 
 B_SPLINE_CURVE_WITH_KNOTS ( ( 3, 2, 2, 2, 2, 2, 2, 2, 2, 2, 2, 2, 2, 2, 2, 2, 2, 2, 2, 2, 2, 2, 2, 2, 2, 2, 2, 2, 2, 2, 2, 2, 2, 2, 2, 2, 2, 2, 2, 2, 2, 2, 2, 2, 2, 2, 2, 2, 2, 2, 2, 2, 2, 2, 2, 2, 2, 2, 2, 2, 2, 3 ),
 ( 0.09456392924075895900, 0.09722222222222222400, 0.1111111111111111000, 0.1250000000000000000, 0.1388888888888889000, 0.1527777777777777900, 0.1666666666666666600, 0.1805555555555555500, 0.1944444444444444500, 0.2083333333333333400, 0.2222222222222222100, 0.2361111111111111000, 0.2500000000000000000, 0.2638888888888889500, 0.2777777777777777900, 0.2916666666666666300, 0.3055555555555555800, 0.3194444444444444200, 0.3333333333333333100, 0.3472222222222222100, 0.3611111111111111000, 0.3750000000000000000, 0.3888888888888889000, 0.4027777777777777900, 0.4166666666666666300, 0.4305555555555555800, 0.4444444444444444200, 0.4583333333333333100, 0.4722222222222222700, 0.4861111111111111000, 0.5000000000000000000, 0.5138888888888888400, 0.5277777777777776800, 0.5416666666666666300, 0.5555555555555555800, 0.5694444444444444200, 0.5833333333333332600, 0.5972222222222222100, 0.6111111111111111600, 0.6250000000000000000, 0.6388888888888888400, 0.6527777777777777900, 0.6666666666666666300, 0.6805555555555555800, 0.6944444444444444200, 0.7083333333333334800, 0.7222222222222223200, 0.7361111111111111600, 0.7500000000000000000, 0.7638888888888888400, 0.7777777777777777900, 0.7916666666666666300, 0.8055555555555555800, 0.8194444444444444200, 0.8333333333333332600, 0.8472222222222222100, 0.8611111111111111600, 0.8750000000000000000, 0.8888888888888888400, 0.9027777777777777900, 0.9166666666666666300, 0.9195202820477347300 ),
 .UNSPECIFIED. ) 
 CURVE ( )  GEOMETRIC_REPRESENTATION_ITEM ( )  RATIONAL_B_SPLINE_CURVE ( ( 0.9585310450476337600, 0.9743576515253775700, 1.000000000000000000, 0.8660254037844387100, 1.000000000000000000, 0.8660254037844387100, 1.000000000000000000, 0.8660254037844387100, 1.000000000000000000, 0.8660254037844387100, 1.000000000000000000, 0.8660254037844387100, 1.000000000000000000, 0.8660254037844387100, 1.000000000000000000, 0.8660254037844387100, 1.000000000000000000, 0.8660254037844387100, 1.000000000000000000, 0.8660254037844387100, 1.000000000000000000, 0.8660254037844387100, 1.000000000000000000, 0.8660254037844387100, 1.000000000000000000, 0.8660254037844387100, 1.000000000000000000, 0.8660254037844387100, 1.000000000000000000, 0.8660254037844387100, 1.000000000000000000, 0.8660254037844387100, 1.000000000000000000, 0.8660254037844387100, 1.000000000000000000, 0.8660254037844387100, 1.000000000000000000, 0.8660254037844387100, 1.000000000000000000, 0.8660254037844387100, 1.000000000000000000, 0.8660254037844387100, 1.000000000000000000, 0.8660254037844387100, 1.000000000000000000, 0.8660254037844387100, 1.000000000000000000, 0.8660254037844387100, 1.000000000000000000, 0.8660254037844387100, 1.000000000000000000, 0.8660254037844387100, 1.000000000000000000, 0.8660254037844387100, 1.000000000000000000, 0.8660254037844387100, 1.000000000000000000, 0.8660254037844387100, 1.000000000000000000, 0.8660254037844387100, 1.000000000000000000, 0.8660254037844387100, 1.000000000000000000, 0.8660254037844387100, 1.000000000000000000, 0.8660254037844387100, 1.000000000000000000, 0.8660254037844387100, 1.000000000000000000, 0.8660254037844387100, 1.000000000000000000, 0.8660254037844387100, 1.000000000000000000, 0.8660254037844387100, 1.000000000000000000, 0.8660254037844387100, 1.000000000000000000, 0.8660254037844387100, 1.000000000000000000, 0.8660254037844387100, 1.000000000000000000, 0.8660254037844387100, 1.000000000000000000, 0.8660254037844387100, 1.000000000000000000, 0.8660254037844387100, 1.000000000000000000, 0.8660254037844387100, 1.000000000000000000, 0.8660254037844387100, 1.000000000000000000, 0.8660254037844387100, 1.000000000000000000, 0.8660254037844387100, 1.000000000000000000, 0.8660254037844387100, 1.000000000000000000, 0.8660254037844387100, 1.000000000000000000, 0.8660254037844387100, 1.000000000000000000, 0.8660254037844387100, 1.000000000000000000, 0.8660254037844387100, 1.000000000000000000, 0.8660254037844387100, 1.000000000000000000, 0.8660254037844387100, 1.000000000000000000, 0.8660254037844387100, 1.000000000000000000, 0.8660254037844387100, 1.000000000000000000, 0.8660254037844387100, 1.000000000000000000, 0.8660254037844387100, 1.000000000000000000, 0.8660254037844387100, 1.000000000000000000, 0.8660254037844387100, 1.000000000000000000, 0.9724735382728159100, 0.9562582671238666300 ) ) 
 REPRESENTATION_ITEM ( '' )  );
#4607 = CARTESIAN_POINT ( 'NONE',  ( 0.08621392896280086200, 1.278124999999973800, 0.7379258128079749800 ) ) ;
#4608 = CARTESIAN_POINT ( 'NONE',  ( 13.51060095264188600, -0.9652524972597843500, 1.182093381138184100E-016 ) ) ;
#4609 = CARTESIAN_POINT ( 'NONE',  ( 12.48621392896280500, -2.711095453990487100E-016, -1.475851625615950200 ) ) ;
#4610 = CARTESIAN_POINT ( 'NONE',  ( -0.1081490473581189800, 6.824819318074054600E-017, 1.114577578257790000 ) ) ;
#4611 = CARTESIAN_POINT ( 'NONE',  ( 13.06495190528376300, 1.249999999999973400, 0.0000000000000000000 ) ) ;
#4612 = AXIS2_PLACEMENT_3D ( 'NONE', #2023, #2769, #4810 ) ;
#4613 = VERTEX_POINT ( 'NONE', #2068 ) ;
#4614 = CARTESIAN_POINT ( 'NONE',  ( 2.966850952641880900, 0.9652524972597842400, 0.5572887891288949000 ) ) ;
#4615 = ORIENTED_EDGE ( 'NONE', *, *, #2006, .T. ) ;
#4616 = CARTESIAN_POINT ( 'NONE',  ( 12.64123797632096200, 0.6390624999999867700, 1.106888719211962500 ) ) ;
#4617 = CARTESIAN_POINT ( 'NONE',  ( 15.40435095264188300, 0.4826262486298914500, -0.8359331836933428000 ) ) ;
#4618 = CARTESIAN_POINT ( 'NONE',  ( 4.429350952641880400, -0.4826262486298919500, 0.8359331836933424600 ) ) ;
#4619 = DIRECTION ( 'NONE',  ( -1.000000000000000000, 6.018531076210110700E-033, -0.0000000000000000000 ) ) ;
#4620 = CARTESIAN_POINT ( 'NONE',  ( 11.41060095264188400, 0.4826262486298917900, -0.8359331836933434600 ) ) ;
#4621 = CARTESIAN_POINT ( 'NONE',  ( 1.811213928962800400, 1.278124999999973300, -0.7379258128079758700 ) ) ;
#4622 = CARTESIAN_POINT ( 'NONE',  ( 11.97745190528376300, -1.249999999999973400, -0.7216878364870162900 ) ) ;
#4623 = B_SPLINE_CURVE_WITH_KNOTS ( 'NONE', 3,
 ( #3703, #1671, #4493, #4897, #2916, #2505 ),
 .UNSPECIFIED., .F., .F.,
 ( 4, 2, 4 ),
 ( 0.0000000000000000000, 0.0003844904506530164500, 0.0007689809013060329000 ),
 .UNSPECIFIED. ) ;
#4624 = CARTESIAN_POINT ( 'NONE',  ( 14.82310095264188400, -0.9652524972597841300, 0.5572887891288953500 ) ) ;
#4625 = CARTESIAN_POINT ( 'NONE',  ( 14.21121392896280300, -1.278124999999973800, -0.7379258128079745300 ) ) ;
#4626 = CARTESIAN_POINT ( 'NONE',  ( 0.004350952641881013600, -0.9652524972597843500, 1.182093381138184100E-016 ) ) ;
#4627 = ORIENTED_EDGE ( 'NONE', *, *, #3543, .T. ) ;
#4628 = CARTESIAN_POINT ( 'NONE',  ( 1.466850952641880700, -2.047445795422216600E-016, -1.114577578257790000 ) ) ;
#4629 =( BOUNDED_CURVE ( )  B_SPLINE_CURVE ( 2, ( #4306, #4705, #4743, #4269, #2681, #5204, #3999 ),
 .UNSPECIFIED., .F., .T. ) 
 B_SPLINE_CURVE_WITH_KNOTS ( ( 3, 2, 2, 3 ),
 ( 0.4305555555555555800, 0.4444444444444444200, 0.4583333333333333700, 0.4722222222222222100 ),
 .UNSPECIFIED. ) 
 CURVE ( )  GEOMETRIC_REPRESENTATION_ITEM ( )  RATIONAL_B_SPLINE_CURVE ( ( 1.000000000000000000, 0.8660254037844387100, 1.000000000000000000, 0.8660254037844387100, 1.000000000000000000, 0.8660254037844387100, 1.000000000000000000 ) ) 
 REPRESENTATION_ITEM ( '' )  );
#4630 = EDGE_CURVE ( 'NONE', #756, #1958, #2896, .T. ) ;
#4631 = CARTESIAN_POINT ( 'NONE',  ( 15.11623797632096400, -0.6390624999999872100, -1.106888719211962300 ) ) ;
#4632 = CARTESIAN_POINT ( 'NONE',  ( 15.59185095264188300, 6.824819318074047200E-017, 1.114577578257790000 ) ) ;
#4633 = CARTESIAN_POINT ( 'NONE',  ( 13.15000000000000600, -0.6249999999999863400, 1.082531754730525300 ) ) ;
#4634 = CARTESIAN_POINT ( 'NONE',  ( 12.19810095264188400, -0.9652524972597851200, -0.5572887891288950100 ) ) ;
#4635 = CARTESIAN_POINT ( 'NONE',  ( 12.28750000000000500, -1.249999999999973100, 0.7216878364870171800 ) ) ;
#4636 = DIRECTION ( 'NONE',  ( -1.000000000000000000, 0.0000000000000000000, 0.0000000000000000000 ) ) ;
#4637 = CARTESIAN_POINT ( 'NONE',  ( 15.27310095264188700, -0.9652524972597841300, 0.5572887891288953500 ) ) ;
#4638 = CARTESIAN_POINT ( 'NONE',  ( 11.50435095264188400, 0.4826262486298922800, 0.8359331836933423500 ) ) ;
#4639 = CARTESIAN_POINT ( 'NONE',  ( 4.848713928962800100, -0.6390624999999873200, -1.106888719211962500 ) ) ;
#4640 = CARTESIAN_POINT ( 'NONE',  ( 3.589951905283758700, 0.6249999999999856800, -1.082531754730525800 ) ) ;
#4641 = ORIENTED_EDGE ( 'NONE', *, *, #2661, .F. ) ;
#4642 = LOCAL_TIME ( 12, 11, 5.000000000000000000, #4267 ) ;
#4643 = CYLINDRICAL_SURFACE ( 'NONE', #4612, 1.249999999999973400 ) ;
#4644 = CARTESIAN_POINT ( 'NONE',  ( 0.7918509526418808800, 6.824819318074054600E-017, 1.114577578257790000 ) ) ;
#4645 = ORIENTED_EDGE ( 'NONE', *, *, #4947, .F. ) ;
#4646 = CARTESIAN_POINT ( 'NONE',  ( 14.89123797632096400, 0.6390624999999867700, 1.106888719211962500 ) ) ;
#4647 = CARTESIAN_POINT ( 'NONE',  ( 16.00000000000000400, 2.249999999999998700, -1.299038105676656900 ) ) ;
#4648 = EDGE_LOOP ( 'NONE', ( #1049, #4364, #2406 ) ) ;
#4649 = CARTESIAN_POINT ( 'NONE',  ( 1.800000000000002700, 1.249999999999973400, 0.0000000000000000000 ) ) ;
#4650 = CARTESIAN_POINT ( 'NONE',  ( 11.20000000000000100, 0.3887128794092090100, -1.165348701324604000 ) ) ;
#4651 = ORIENTED_EDGE ( 'NONE', *, *, #2850, .F. ) ;
#4652 = CARTESIAN_POINT ( 'NONE',  ( 12.57310095264188200, -0.9652524972597847900, 0.5572887891288956800 ) ) ;
#4653 = CARTESIAN_POINT ( 'NONE',  ( 12.13750000000000600, 1.249999999999973400, 0.7216878364870166200 ) ) ;
#4654 = ORIENTED_EDGE ( 'NONE', *, *, #5189, .T. ) ;
#4655 = CARTESIAN_POINT ( 'NONE',  ( 2.250000000000002200, 1.249999999999973400, 0.0000000000000000000 ) ) ;
#4656 = B_SPLINE_CURVE_WITH_KNOTS ( 'NONE', 3,
 ( #440, #457, #3289, #4847, #4038, #4478 ),
 .UNSPECIFIED., .F., .F.,
 ( 4, 2, 4 ),
 ( 0.01429524938849458800, 0.01494054893318104400, 0.01558584847786749800 ),
 .UNSPECIFIED. ) ;
#4657 = CARTESIAN_POINT ( 'NONE',  ( 15.23560095264188300, -0.4826262486298919500, 0.8359331836933424600 ) ) ;
#4658 = FACE_OUTER_BOUND ( 'NONE', #2288, .T. ) ;
#4659 = CARTESIAN_POINT ( 'NONE',  ( 14.92371392896280500, 0.6390624999999868800, 1.106888719211962700 ) ) ;
#4660 = CARTESIAN_POINT ( 'NONE',  ( 0.9418509526418809000, -0.9652524972597844600, -0.5572887891288946800 ) ) ;
#4661 = CARTESIAN_POINT ( 'NONE',  ( 11.78995190528376300, 0.6249999999999866800, 1.082531754730525100 ) ) ;
#4662 = EDGE_LOOP ( 'NONE', ( #1132, #2718, #5088, #3336, #3790, #4217, #3087, #1454, #1636, #2658, #1815, #4855, #2469, #2207, #3506, #2656, #2519, #4581, #1935, #3778, #2890, #3588, #1172, #948, #2652, #4020, #1954 ) ) ;
#4663 =( BOUNDED_CURVE ( )  B_SPLINE_CURVE ( 2, ( #676, #4295, #3882, #2280, #1016, #2654, #2686 ),
 .UNSPECIFIED., .F., .T. ) 
 B_SPLINE_CURVE_WITH_KNOTS ( ( 3, 2, 2, 3 ),
 ( 0.1805555555555555800, 0.1944444444444444200, 0.2083333333333333700, 0.2222222222222222100 ),
 .UNSPECIFIED. ) 
 CURVE ( )  GEOMETRIC_REPRESENTATION_ITEM ( )  RATIONAL_B_SPLINE_CURVE ( ( 1.000000000000000000, 0.8660254037844387100, 1.000000000000000000, 0.8660254037844387100, 1.000000000000000000, 0.8660254037844387100, 1.000000000000000000 ) ) 
 REPRESENTATION_ITEM ( '' )  );
#4664 = CARTESIAN_POINT ( 'NONE',  ( 3.885600952641880700, 0.9652524972597843500, 0.0000000000000000000 ) ) ;
#4665 = EDGE_CURVE ( 'NONE', #2902, #3463, #1000, .T. ) ;
#4666 = CARTESIAN_POINT ( 'NONE',  ( 0.9418509526418809000, -0.9652524972597844600, -0.5572887891288946800 ) ) ;
#4667 = CARTESIAN_POINT ( 'NONE',  ( 14.77873797632096300, 1.278124999999972900, -0.7379258128079757600 ) ) ;
#4668 = CARTESIAN_POINT ( 'NONE',  ( 4.002451905283758800, -2.651438096812210200E-016, -1.443375672974033500 ) ) ;
#4669 = DIRECTION ( 'NONE',  ( -6.018531076210111400E-033, -1.000000000000000000, 0.0000000000000000000 ) ) ;
#4670 = CARTESIAN_POINT ( 'NONE',  ( 4.462500000000002100, 1.249999999999973100, -0.7216878364870175100 ) ) ;
#4671 = ORIENTED_EDGE ( 'NONE', *, *, #117, .T. ) ;
#4672 = ADVANCED_FACE ( 'NONE', ( #3784 ), #4527, .F. ) ;
#4673 = CARTESIAN_POINT ( 'NONE',  ( 12.53560095264188200, -0.4826262486298922800, 0.8359331836933431300 ) ) ;
#4674 = CARTESIAN_POINT ( 'NONE',  ( 3.637500000000002000, 1.249999999999973400, 0.7216878364870166200 ) ) ;
#4675 = ORIENTED_EDGE ( 'NONE', *, *, #1816, .F. ) ;
#4676 = CARTESIAN_POINT ( 'NONE',  ( 15.46060095264188300, 0.4826262486298914500, -0.8359331836933428000 ) ) ;
#4677 = CARTESIAN_POINT ( 'NONE',  ( 11.20435095264188300, -0.9652524972597843500, 1.182093381138184100E-016 ) ) ;
#4678 = CARTESIAN_POINT ( 'NONE',  ( 0.9043509526418809200, -0.9652524972597843500, 1.182093381138184100E-016 ) ) ;
#4679 = EDGE_CURVE ( 'NONE', #621, #1506, #3472, .T. ) ;
#4680 = CARTESIAN_POINT ( 'NONE',  ( 3.998100952641880000, 6.824819318074054600E-017, 1.114577578257790000 ) ) ;
#4681 = CARTESIAN_POINT ( 'NONE',  ( 1.954350952641880700, 0.4826262486298914500, -0.8359331836933428000 ) ) ;
#4682 = CARTESIAN_POINT ( 'NONE',  ( 15.30373797632096400, 1.278124999999973500, 0.7379258128079748700 ) ) ;
#4683 = CARTESIAN_POINT ( 'NONE',  ( 1.753521283679683000E-015, 1.312500000000049700, 1.607348923880961900E-016 ) ) ;
#4684 =( GEOMETRIC_REPRESENTATION_CONTEXT ( 3 ) GLOBAL_UNCERTAINTY_ASSIGNED_CONTEXT ( ( #3669 ) ) GLOBAL_UNIT_ASSIGNED_CONTEXT ( ( #4193, #3812, #3402 ) ) REPRESENTATION_CONTEXT ( 'NONE', 'WORKASPACE' ) );
#4685 = DIRECTION ( 'NONE',  ( -1.000000000000000000, 6.018531076210110700E-033, -0.0000000000000000000 ) ) ;
#4686 = CARTESIAN_POINT ( 'NONE',  ( 11.63560095264188400, -0.4826262486298922800, 0.8359331836933431300 ) ) ;
#4687 = CARTESIAN_POINT ( 'NONE',  ( 4.489951905283759500, 0.6249999999999856800, -1.082531754730525800 ) ) ;
#4688 = CARTESIAN_POINT ( 'NONE',  ( 3.825000000000002400, -1.249999999999973400, 1.530808498934159000E-016 ) ) ;
#4689 = CARTESIAN_POINT ( 'NONE',  ( 16.09810095264188600, 6.824819318074047200E-017, 1.114577578257790000 ) ) ;
#4690 = DIRECTION ( 'NONE',  ( 1.000000000000000000, 0.0000000000000000000, 0.0000000000000000000 ) ) ;
#4691 = CARTESIAN_POINT ( 'NONE',  ( 15.22371392896280200, 0.6390624999999857700, -1.106888719211963400 ) ) ;
#4692 = CARTESIAN_POINT ( 'NONE',  ( 2.191237976320960600, 0.6390624999999856600, -1.106888719211963200 ) ) ;
#4693 = CARTESIAN_POINT ( 'NONE',  ( 15.76495190528376400, 1.249999999999973400, 0.0000000000000000000 ) ) ;
#4694 = ORIENTED_EDGE ( 'NONE', *, *, #1185, .T. ) ;
#4695 = CARTESIAN_POINT ( 'NONE',  ( 15.31495190528376300, 1.249999999999973400, 0.0000000000000000000 ) ) ;
#4696 = CARTESIAN_POINT ( 'NONE',  ( 3.304350952641880400, 0.4826262486298914500, -0.8359331836933428000 ) ) ;
#4697 = CARTESIAN_POINT ( 'NONE',  ( 0.06830127018886235400, 1.244198729811186500, -6.564118542120954500E-013 ) ) ;
#4698 = EDGE_CURVE ( 'NONE', #3711, #1958, #3863, .T. ) ;
#4699 = CARTESIAN_POINT ( 'NONE',  ( 15.60373797632096600, -2.711095453990486600E-016, -1.475851625615950000 ) ) ;
#4700 = CARTESIAN_POINT ( 'NONE',  ( 4.800000000000002500, 0.5365352068171622700, 0.8023978784318380700 ) ) ;
#4701 = CYLINDRICAL_SURFACE ( 'NONE', #4311, 1.249999999999973400 ) ;
#4702 = DIRECTION ( 'NONE',  ( 1.000000000000000000, 0.0000000000000000000, 0.0000000000000000000 ) ) ;
#4703 = CARTESIAN_POINT ( 'NONE',  ( 13.28560095264188400, 0.9652524972597850100, 0.0000000000000000000 ) ) ;
#4704 = CARTESIAN_POINT ( 'NONE',  ( 15.83684705266511000, 1.149347052665150400, 0.2420432975634202500 ) ) ;
#4705 = CARTESIAN_POINT ( 'NONE',  ( 2.502451905283759300, -1.249999999999973100, 0.7216878364870171800 ) ) ;
#4706 = FACE_OUTER_BOUND ( 'NONE', #2461, .T. ) ;
#4707 = ORIENTED_EDGE ( 'NONE', *, *, #2243, .T. ) ;
#4708 = AXIS2_PLACEMENT_3D ( 'NONE', #1274, #59, #2529 ) ;
#4709 = CARTESIAN_POINT ( 'NONE',  ( 2.962500000000002100, -1.249999999999973600, -0.7216878364870164000 ) ) ;
#4710 = CARTESIAN_POINT ( 'NONE',  ( 12.44185095264188400, 6.824819318074047200E-017, 1.114577578257790000 ) ) ;
#4711 = EDGE_LOOP ( 'NONE', ( #1753, #1001, #2149, #1826 ) ) ;
#4712 = CARTESIAN_POINT ( 'NONE',  ( 0.3912379763209609100, 0.6390624999999856600, -1.106888719211963200 ) ) ;
#4713 = PLANE ( 'NONE',  #2451 ) ;
#4714 = CYLINDRICAL_SURFACE ( 'NONE', #3702, 1.249999999999973400 ) ;
#4715 = EDGE_LOOP ( 'NONE', ( #4090, #3113, #52 ) ) ;
#4716 = VERTEX_POINT ( 'NONE', #1617 ) ;
#4717 = DIRECTION ( 'NONE',  ( 1.000000000000000000, -6.018531076210110700E-033, 0.0000000000000000000 ) ) ;
#4718 = CARTESIAN_POINT ( 'NONE',  ( 3.679350952641880800, -0.4826262486298926200, -0.8359331836933422400 ) ) ;
#4719 = CARTESIAN_POINT ( 'NONE',  ( 1.677451905283758900, -1.249999999999973400, -0.7216878364870162900 ) ) ;
#4720 = CONICAL_SURFACE ( 'NONE', #448, 2.249999999999998700, 1.047197551196600100 ) ;
#4721 = CARTESIAN_POINT ( 'NONE',  ( 0.0000000000000000000, 0.0000000000000000000, 0.0000000000000000000 ) ) ;
#4722 = CARTESIAN_POINT ( 'NONE',  ( 7.523163845262478600E-033, 1.249999999999973400, 1.530808498934159000E-016 ) ) ;
#4723 = ORIENTED_EDGE ( 'NONE', *, *, #530, .F. ) ;
#4724 = CARTESIAN_POINT ( 'NONE',  ( 14.78560095264188200, -0.4826262486298922800, 0.8359331836933431300 ) ) ;
#4725 = CARTESIAN_POINT ( 'NONE',  ( 0.1088676634328411300, -0.3716938703503832000, 1.150502747422121200 ) ) ;
#4726 = CARTESIAN_POINT ( 'NONE',  ( 0.6750000000000026000, -1.249999999999973400, 1.530808498934159000E-016 ) ) ;
#4727 = ORIENTED_EDGE ( 'NONE', *, *, #2284, .T. ) ;
#4728 =( BOUNDED_CURVE ( )  B_SPLINE_CURVE ( 2, ( #3439, #1400, #2630, #154, #4219, #587, #3411 ),
 .UNSPECIFIED., .F., .T. ) 
 B_SPLINE_CURVE_WITH_KNOTS ( ( 3, 2, 2, 3 ),
 ( 0.6805555555555555800, 0.6944444444444444200, 0.7083333333333332600, 0.7222222222222222100 ),
 .UNSPECIFIED. ) 
 CURVE ( )  GEOMETRIC_REPRESENTATION_ITEM ( )  RATIONAL_B_SPLINE_CURVE ( ( 1.000000000000000000, 0.8660254037844387100, 1.000000000000000000, 0.8660254037844387100, 1.000000000000000000, 0.8660254037844387100, 1.000000000000000000 ) ) 
 REPRESENTATION_ITEM ( '' )  );
#4729 = CARTESIAN_POINT ( 'NONE',  ( 12.32935095264188500, 0.9652524972597843500, 0.0000000000000000000 ) ) ;
#4730 = CARTESIAN_POINT ( 'NONE',  ( 1.553737976320960900, -1.278124999999973300, 0.7379258128079753100 ) ) ;
#4731 = CARTESIAN_POINT ( 'NONE',  ( 16.00000000000000400, -9.629649721936179300E-032, 0.0000000000000000000 ) ) ;
#4732 = EDGE_CURVE ( 'NONE', #421, #3598, #116, .T. ) ;
#4733 = CARTESIAN_POINT ( 'NONE',  ( 3.191850952641880600, -0.9652524972597844600, -0.5572887891288946800 ) ) ;
#4734 = ORIENTED_EDGE ( 'NONE', *, *, #3004, .T. ) ;
#4735 = DIRECTION ( 'NONE',  ( -1.000000000000000000, 6.018531076210110700E-033, -0.0000000000000000000 ) ) ;
#4736 = CARTESIAN_POINT ( 'NONE',  ( 15.82810889132448300, 1.140608891324528500, 0.0000000000000000000 ) ) ;
#4737 = CARTESIAN_POINT ( 'NONE',  ( 16.00000000000000400, -0.7416645267673340800, 2.169875997175798200 ) ) ;
#4738 = CARTESIAN_POINT ( 'NONE',  ( 0.3375000000000027400, -2.651438096812210200E-016, -1.443375672974033500 ) ) ;
#4739 = AXIS2_PLACEMENT_3D ( 'NONE', #1526, #4752, #2297 ) ;
#4740 = ORIENTED_EDGE ( 'NONE', *, *, #4167, .T. ) ;
#4741 = CARTESIAN_POINT ( 'NONE',  ( 14.11060095264188300, 0.4826262486298917900, -0.8359331836933434600 ) ) ;
#4742 = CARTESIAN_POINT ( 'NONE',  ( 1.800000000000002700, 1.249999999999973400, 0.0000000000000000000 ) ) ;
#4743 = CARTESIAN_POINT ( 'NONE',  ( 2.464951905283758700, -0.6249999999999863400, 1.082531754730525300 ) ) ;
#4744 = CARTESIAN_POINT ( 'NONE',  ( 0.0000000000000000000, -2.249999999999998700, -7.511572993685794200E-016 ) ) ;
#4745 = CARTESIAN_POINT ( 'NONE',  ( 13.49185095264188500, -0.9652524972597844600, -0.5572887891288946800 ) ) ;
#4746 = CARTESIAN_POINT ( 'NONE',  ( 2.491237976320960400, -1.278124999999973300, 1.565251690160178100E-016 ) ) ;
#4747 = EDGE_CURVE ( 'NONE', #4328, #3635, #3096, .T. ) ;
#4748 = CARTESIAN_POINT ( 'NONE',  ( 12.34810095264188200, 0.9652524972597840100, -0.5572887891288955700 ) ) ;
#4749 = DIRECTION ( 'NONE',  ( -1.000000000000000000, 6.018531076210110700E-033, -0.0000000000000000000 ) ) ;
#4750 = CARTESIAN_POINT ( 'NONE',  ( 4.766850952641880700, 0.9652524972597842400, 0.5572887891288949000 ) ) ;
#4751 = CARTESIAN_POINT ( 'NONE',  ( 13.45000000000000500, 1.249999999999973400, 0.0000000000000000000 ) ) ;
#4752 = DIRECTION ( 'NONE',  ( 1.000000000000000000, -6.018531076210110700E-033, 0.0000000000000000000 ) ) ;
#4753 = ADVANCED_FACE ( 'NONE', ( #4594 ), #2721, .T. ) ;
#4754 = CARTESIAN_POINT ( 'NONE',  ( 15.43750000000000500, -1.249999999999973100, 0.7216878364870171800 ) ) ;
#4755 = CARTESIAN_POINT ( 'NONE',  ( 11.19999999999999900, -0.9631645500732860500, 0.06345417991255004900 ) ) ;
#4756 = CARTESIAN_POINT ( 'NONE',  ( 13.58560095264188300, -0.4826262486298929500, -0.8359331836933428000 ) ) ;
#4757 = CARTESIAN_POINT ( 'NONE',  ( 0.3606009526418809100, 0.4826262486298922800, 0.8359331836933423500 ) ) ;
#4758 = DIRECTION ( 'NONE',  ( -1.000000000000000000, 6.018531076210110700E-033, -0.0000000000000000000 ) ) ;
#4759 = CARTESIAN_POINT ( 'NONE',  ( 12.66685095264188400, -2.047445795422217400E-016, -1.114577578257790000 ) ) ;
#4760 = CARTESIAN_POINT ( 'NONE',  ( 0.5412379763209609300, 0.6390624999999867700, 1.106888719211962500 ) ) ;
#4761 = EDGE_CURVE ( 'NONE', #2450, #4550, #767, .T. ) ;
#4762 = CARTESIAN_POINT ( 'NONE',  ( 0.07500000000000278700, 0.6249999999999867900, 1.082531754730525300 ) ) ;
#4763 = CARTESIAN_POINT ( 'NONE',  ( 15.50245190528376300, -1.249999999999973100, 0.7216878364870171800 ) ) ;
#4764 = CARTESIAN_POINT ( 'NONE',  ( 3.416850952641880200, 0.9652524972597842400, 0.5572887891288949000 ) ) ;
#4765 = ORIENTED_EDGE ( 'NONE', *, *, #613, .F. ) ;
#4766 = CARTESIAN_POINT ( 'NONE',  ( 4.800000000000001600, 0.8855883539335637200, -0.6346123631198470300 ) ) ;
#4767 = CARTESIAN_POINT ( 'NONE',  ( 0.2009618943233409700, -2.249999999999998200, -1.299038105676658200 ) ) ;
#4768 = CARTESIAN_POINT ( 'NONE',  ( 0.0000000000000000000, 0.0000000000000000000, 0.0000000000000000000 ) ) ;
#4769 = CARTESIAN_POINT ( 'NONE',  ( 2.577451905283759000, -1.249999999999973400, -0.7216878364870162900 ) ) ;
#4770 = CARTESIAN_POINT ( 'NONE',  ( 1.414951905283758900, 1.249999999999973400, 0.0000000000000000000 ) ) ;
#4771 = ORIENTED_EDGE ( 'NONE', *, *, #4407, .T. ) ;
#4772 = CARTESIAN_POINT ( 'NONE',  ( 13.13560095264188200, -0.4826262486298929500, -0.8359331836933428000 ) ) ;
#4773 = CARTESIAN_POINT ( 'NONE',  ( 3.900000000000003000, -0.6249999999999872300, -1.082531754730524900 ) ) ;
#4774 = ORIENTED_EDGE ( 'NONE', *, *, #1589, .F. ) ;
#4775 = CARTESIAN_POINT ( 'NONE',  ( 1.527451905283758700, 8.838126989374036100E-017, 1.443375672974033500 ) ) ;
#4776 = CARTESIAN_POINT ( 'NONE',  ( 3.375000000000002200, -1.249999999999973400, 1.530808498934159000E-016 ) ) ;
#4777 = CARTESIAN_POINT ( 'NONE',  ( 0.1771768825117336400, 0.9193089229363568000, 0.6831925478816179800 ) ) ;
#4778 = VECTOR ( 'NONE', #1033, 1000.000000000000000 ) ;
#4779 = EDGE_LOOP ( 'NONE', ( #3266, #2012, #4214, #3841, #1051, #62 ) ) ;
#4780 = CARTESIAN_POINT ( 'NONE',  ( 14.05435095264188500, 0.4826262486298914500, -0.8359331836933428000 ) ) ;
#4781 = ADVANCED_FACE ( 'NONE', ( #1694 ), #2564, .T. ) ;
#4782 = CARTESIAN_POINT ( 'NONE',  ( 4.778737976320960500, -1.278124999999973800, -0.7379258128079745300 ) ) ;
#4783 = EDGE_LOOP ( 'NONE', ( #3421, #573, #1, #4978 ) ) ;
#4784 = CARTESIAN_POINT ( 'NONE',  ( 3.360600952641880300, 0.4826262486298914500, -0.8359331836933428000 ) ) ;
#4785 = CARTESIAN_POINT ( 'NONE',  ( 11.23172357638233300, -0.9652524972597841300, 0.4291476813041543700 ) ) ;
#4786 = ORIENTED_EDGE ( 'NONE', *, *, #5161, .F. ) ;
#4787 = CARTESIAN_POINT ( 'NONE',  ( 1.373100952641880700, -0.9652524972597841300, 0.5572887891288953500 ) ) ;
#4788 = CARTESIAN_POINT ( 'NONE',  ( 3.641850952641880700, -0.9652524972597844600, -0.5572887891288946800 ) ) ;
#4789 = CARTESIAN_POINT ( 'NONE',  ( -1.389643875565359800E-015, 1.508335473232665900, -1.727238319854173000 ) ) ;
#4790 =( BOUNDED_CURVE ( )  B_SPLINE_CURVE ( 2, ( #3375, #4118, #3360, #2168, #2150, #3791, #949 ),
 .UNSPECIFIED., .F., .T. ) 
 B_SPLINE_CURVE_WITH_KNOTS ( ( 3, 2, 2, 3 ),
 ( 0.0000000000000000000, 0.01388888888888595100, 0.02777777777777190200, 0.04166666666665785200 ),
 .UNSPECIFIED. ) 
 CURVE ( )  GEOMETRIC_REPRESENTATION_ITEM ( )  RATIONAL_B_SPLINE_CURVE ( ( 1.000000000000000000, 0.8660254037844387100, 1.000000000000000000, 0.8660254037844387100, 1.000000000000000000, 0.8660254037845237500, 0.9999999999999149600 ) ) 
 REPRESENTATION_ITEM ( '' )  );
#4791 = CARTESIAN_POINT ( 'NONE',  ( 15.64810095264188300, 6.824819318074052200E-017, 1.114577578257790700 ) ) ;
#4792 = CARTESIAN_POINT ( 'NONE',  ( -0.1268990473581190800, 0.9652524972597842400, 0.5572887891288949000 ) ) ;
#4793 = CARTESIAN_POINT ( 'NONE',  ( 13.41250000000000500, 1.249999999999972900, -0.7216878364870175100 ) ) ;
#4794 = ORIENTED_EDGE ( 'NONE', *, *, #381, .T. ) ;
#4795 = CARTESIAN_POINT ( 'NONE',  ( 0.4024519052837590700, -2.651438096812210200E-016, -1.443375672974033500 ) ) ;
#4796 = CARTESIAN_POINT ( 'NONE',  ( 15.40435095264188300, 0.4826262486298914500, -0.8359331836933428000 ) ) ;
#4797 = CARTESIAN_POINT ( 'NONE',  ( 3.953737976320961200, -2.711095453990486600E-016, -1.475851625615950000 ) ) ;
#4798 = VERTEX_POINT ( 'NONE', #796 ) ;
#4799 = EDGE_CURVE ( 'NONE', #1008, #4962, #1950, .T. ) ;
#4800 = CARTESIAN_POINT ( 'NONE',  ( 11.78560095264188600, -0.4826262486298926200, -0.8359331836933422400 ) ) ;
#4801 = CARTESIAN_POINT ( 'NONE',  ( 15.57745190528376600, -1.249999999999973400, -0.7216878364870162900 ) ) ;
#4802 = CARTESIAN_POINT ( 'NONE',  ( 1.185600952641880700, 0.9652524972597843500, 0.0000000000000000000 ) ) ;
#4803 = CARTESIAN_POINT ( 'NONE',  ( 3.941850952641880600, 6.824819318074054600E-017, 1.114577578257790000 ) ) ;
#4804 = CARTESIAN_POINT ( 'NONE',  ( 15.65275249725973900, -0.3135665781247560200, 0.9218485886050438200 ) ) ;
#4805 = CARTESIAN_POINT ( 'NONE',  ( 15.38560095264188400, -0.4826262486298929500, -0.8359331836933428000 ) ) ;
#4806 = CARTESIAN_POINT ( 'NONE',  ( 0.4731009526418809000, -0.9652524972597841300, 0.5572887891288953500 ) ) ;
#4807 = CARTESIAN_POINT ( 'NONE',  ( 1.489951905283758900, 0.6249999999999866800, 1.082531754730525100 ) ) ;
#4808 = CARTESIAN_POINT ( 'NONE',  ( 11.20000000000000600, 0.1080607587172279600, 1.084766449041234500 ) ) ;
#4809 = CARTESIAN_POINT ( 'NONE',  ( 15.62935095264188200, -0.4826262486298919500, 0.8359331836933424600 ) ) ;
#4810 = DIRECTION ( 'NONE',  ( -6.018531076210111400E-033, -1.000000000000000000, 0.0000000000000000000 ) ) ;
#4811 = CARTESIAN_POINT ( 'NONE',  ( 4.860600952641880700, 0.4826262486298922800, 0.8359331836933423500 ) ) ;
#4812 = AXIS2_PLACEMENT_3D ( 'NONE', #217, #2091, #2176 ) ;
#4813 = CARTESIAN_POINT ( 'NONE',  ( 0.0000000000000000000, 0.0000000000000000000, 0.0000000000000000000 ) ) ;
#4814 = PLANE ( 'NONE',  #4575 ) ;
#4815 = CARTESIAN_POINT ( 'NONE',  ( 1.935600952641880700, -0.4826262486298926200, -0.8359331836933422400 ) ) ;
#4816 = CARTESIAN_POINT ( 'NONE',  ( 1.766850952641880700, -0.9652524972597841300, 0.5572887891288953500 ) ) ;
#4817 = ORIENTED_EDGE ( 'NONE', *, *, #5044, .F. ) ;
#4818 = CARTESIAN_POINT ( 'NONE',  ( 2.610600952641880700, 0.4826262486298922800, 0.8359331836933423500 ) ) ;
#4819 = CARTESIAN_POINT ( 'NONE',  ( 2.385600952641880700, -0.4826262486298926200, -0.8359331836933422400 ) ) ;
#4820 = CARTESIAN_POINT ( 'NONE',  ( 15.27310095264188500, -0.9652524972597847900, 0.5572887891288956800 ) ) ;
#4821 = CARTESIAN_POINT ( 'NONE',  ( 1.073100952641880700, -2.047445795422216600E-016, -1.114577578257790000 ) ) ;
#4822 = CARTESIAN_POINT ( 'NONE',  ( 14.00245190528376100, 1.249999999999973400, 0.7216878364870166200 ) ) ;
#4823 = CYLINDRICAL_SURFACE ( 'NONE', #1030, 1.249999999999973400 ) ;
#4824 = CARTESIAN_POINT ( 'NONE',  ( 14.87935095264188600, -0.4826262486298926200, -0.8359331836933422400 ) ) ;
#4825 = APPROVAL_DATE_TIME ( #3949, #3788 ) ;
#4826 = ADVANCED_FACE ( 'NONE', ( #736 ), #3717, .F. ) ;
#4827 = EDGE_CURVE ( 'NONE', #1506, #4848, #1435, .T. ) ;
#4828 = CARTESIAN_POINT ( 'NONE',  ( 0.1655208718850556800, -1.146979128114992800, 6.489298851295869100E-014 ) ) ;
#4829 = CARTESIAN_POINT ( 'NONE',  ( 11.39185095264188300, 0.9652524972597840100, -0.5572887891288955700 ) ) ;
#4830 = EDGE_LOOP ( 'NONE', ( #119, #553, #3701, #3964 ) ) ;
#4831 = CARTESIAN_POINT ( 'NONE',  ( 14.12935095264188400, 0.9652524972597843500, 0.0000000000000000000 ) ) ;
#4832 = VERTEX_POINT ( 'NONE', #3689 ) ;
#4833 = CARTESIAN_POINT ( 'NONE',  ( -7.523163845262478600E-033, -1.249999999999973400, 0.0000000000000000000 ) ) ;
#4834 = CARTESIAN_POINT ( 'NONE',  ( 2.348100952641880600, -0.9652524972597844600, -0.5572887891288946800 ) ) ;
#4835 = CARTESIAN_POINT ( 'NONE',  ( 2.741850952641880800, -0.9652524972597844600, -0.5572887891288946800 ) ) ;
#4836 = LINE ( 'NONE', #3650, #1882 ) ;
#4837 = ORIENTED_EDGE ( 'NONE', *, *, #4534, .F. ) ;
#4838 = CARTESIAN_POINT ( 'NONE',  ( 15.65275249725973200, -0.6458609541341378000, 0.7288722272449029700 ) ) ;
#4839 = CARTESIAN_POINT ( 'NONE',  ( 2.798100952641880700, -0.9652524972597845700, -0.5572887891288946800 ) ) ;
#4840 = VERTEX_POINT ( 'NONE', #1591 ) ;
#4841 = CARTESIAN_POINT ( 'NONE',  ( 1.635600952641880900, 0.9652524972597843500, 0.0000000000000000000 ) ) ;
#4842 = CARTESIAN_POINT ( 'NONE',  ( 15.83560095264188300, -0.4826262486298929500, -0.8359331836933428000 ) ) ;
#4843 = CYLINDRICAL_SURFACE ( 'NONE', #1674, 1.249999999999973400 ) ;
#4844 = CARTESIAN_POINT ( 'NONE',  ( 13.55245190528376000, 1.249999999999973400, 0.7216878364870166200 ) ) ;
#4845 = FACE_OUTER_BOUND ( 'NONE', #1875, .T. ) ;
#4846 = CARTESIAN_POINT ( 'NONE',  ( 1.560600952641880700, 0.4826262486298914500, -0.8359331836933428000 ) ) ;
#4847 = CARTESIAN_POINT ( 'NONE',  ( 15.91016594024268300, 2.249999999999998700, 0.8761658796704944200 ) ) ;
#4848 = VERTEX_POINT ( 'NONE', #1200 ) ;
#4849 = CARTESIAN_POINT ( 'NONE',  ( 1.902451905283758700, 1.249999999999973400, 0.7216878364870166200 ) ) ;
#4850 = EDGE_CURVE ( 'NONE', #4335, #941, #2226, .T. ) ;
#4851 = CARTESIAN_POINT ( 'NONE',  ( 14.35435095264188400, -0.9652524972597843500, 1.182093381138184100E-016 ) ) ;
#4852 = CARTESIAN_POINT ( 'NONE',  ( 15.98075666599057400, 0.7433463941989659800, 2.168904970561404100 ) ) ;
#4853 = PERSON_AND_ORGANIZATION_ROLE ( 'design_supplier' ) ;
#4854 = CARTESIAN_POINT ( 'NONE',  ( 4.673100952641880700, -2.047445795422216600E-016, -1.114577578257790000 ) ) ;
#4855 = ORIENTED_EDGE ( 'NONE', *, *, #887, .T. ) ;
#4856 = CARTESIAN_POINT ( 'NONE',  ( 15.44185095264188400, 0.9652524972597841300, -0.5572887891288955700 ) ) ;
#4857 = CARTESIAN_POINT ( 'NONE',  ( 0.6606009526418809000, 0.4826262486298914500, -0.8359331836933428000 ) ) ;
#4858 = CARTESIAN_POINT ( 'NONE',  ( 3.004350952641880600, 0.4826262486298922800, 0.8359331836933423500 ) ) ;
#4859 =( BOUNDED_CURVE ( )  B_SPLINE_CURVE ( 2, ( #2371, #731, #4372, #4738, #2354, #3980, #3550 ),
 .UNSPECIFIED., .F., .T. ) 
 B_SPLINE_CURVE_WITH_KNOTS ( ( 3, 2, 2, 3 ),
 ( 0.04166666666665794200, 0.05555555555554973800, 0.06944444444444153300, 0.08333333333333332900 ),
 .UNSPECIFIED. ) 
 CURVE ( )  GEOMETRIC_REPRESENTATION_ITEM ( )  RATIONAL_B_SPLINE_CURVE ( ( 1.000000000000084200, 0.8660254037843544400, 1.000000000000000000, 0.8660254037844387100, 1.000000000000000000, 0.8660254037844387100, 1.000000000000000000 ) ) 
 REPRESENTATION_ITEM ( '' )  );
#4860 = DIRECTION ( 'NONE',  ( -6.018531076210111400E-033, -1.000000000000000000, 0.0000000000000000000 ) ) ;
#4861 = CARTESIAN_POINT ( 'NONE',  ( 0.8106009526418808100, 0.4826262486298922800, 0.8359331836933423500 ) ) ;
#4862 = CARTESIAN_POINT ( 'NONE',  ( 4.575000000000002000, 0.6249999999999867900, 1.082531754730525300 ) ) ;
#4863 = CARTESIAN_POINT ( 'NONE',  ( 1.823100952641880400, -0.9652524972597841300, 0.5572887891288953500 ) ) ;
#4864 = EDGE_LOOP ( 'NONE', ( #1557, #2907, #1314 ) ) ;
#4865 = CARTESIAN_POINT ( 'NONE',  ( 16.13560095264188000, -0.4826262486298922800, 0.8359331836933431300 ) ) ;
#4866 = CARTESIAN_POINT ( 'NONE',  ( 1.204350952641880700, 0.4826262486298922800, 0.8359331836933423500 ) ) ;
#4867 = CARTESIAN_POINT ( 'NONE',  ( 14.76685095264188200, -0.9652524972597841300, 0.5572887891288953500 ) ) ;
#4868 = DIRECTION ( 'NONE',  ( -1.000000000000000000, 6.018531076210110700E-033, -0.0000000000000000000 ) ) ;
#4869 = DIRECTION ( 'NONE',  ( 0.0000000000000000000, 0.0000000000000000000, -1.000000000000000000 ) ) ;
#4870 = EDGE_CURVE ( 'NONE', #3953, #4161, #3648, .T. ) ;
#4871 = CARTESIAN_POINT ( 'NONE',  ( 15.77935095264188300, -0.4826262486298926200, -0.8359331836933422400 ) ) ;
#4872 = CARTESIAN_POINT ( 'NONE',  ( 11.13621392896280300, -2.711095453990487100E-016, -1.475851625615950200 ) ) ;
#4873 = CARTESIAN_POINT ( 'NONE',  ( 4.110600952641879900, -0.9652524972597843500, 1.182093381138184100E-016 ) ) ;
#4874 = CARTESIAN_POINT ( 'NONE',  ( 4.691850952641879700, 0.9652524972597841300, -0.5572887891288955700 ) ) ;
#4875 = CARTESIAN_POINT ( 'NONE',  ( 1.260600952641880700, 0.4826262486298922800, 0.8359331836933423500 ) ) ;
#4876 = CARTESIAN_POINT ( 'NONE',  ( 2.850000000000002300, -0.6249999999999863400, 1.082531754730525300 ) ) ;
#4877 = CARTESIAN_POINT ( 'NONE',  ( 13.50373797632096300, 1.278124999999973500, 0.7379258128079748700 ) ) ;
#4878 = CARTESIAN_POINT ( 'NONE',  ( 14.35000000000000500, 1.249999999999973400, 0.0000000000000000000 ) ) ;
#4879 = CARTESIAN_POINT ( 'NONE',  ( 15.98075666599057400, -0.7433463941989663100, -2.168904970561403600 ) ) ;
#4880 = CARTESIAN_POINT ( 'NONE',  ( 4.523100952641881300, -0.9652524972597841300, 0.5572887891288953500 ) ) ;
#4881 = CARTESIAN_POINT ( 'NONE',  ( 0.4168509526418809300, -0.9652524972597841300, 0.5572887891288953500 ) ) ;
#4882 = CARTESIAN_POINT ( 'NONE',  ( 14.74810095264188600, 6.824819318074047200E-017, 1.114577578257790000 ) ) ;
#4883 = ADVANCED_FACE ( 'NONE', ( #620 ), #1889, .F. ) ;
#4884 = CARTESIAN_POINT ( 'NONE',  ( 14.63995190528376300, -1.249999999999973400, 1.530808498934159000E-016 ) ) ;
#4885 = DIRECTION ( 'NONE',  ( -1.000000000000000000, 6.018531076210110700E-033, -0.0000000000000000000 ) ) ;
#4886 = CARTESIAN_POINT ( 'NONE',  ( 2.835600952641880400, -0.4826262486298926200, -0.8359331836933422400 ) ) ;
#4887 = CARTESIAN_POINT ( 'NONE',  ( 3.578737976320960400, 1.278124999999972900, -0.7379258128079757600 ) ) ;
#4888 =( BOUNDED_CURVE ( )  B_SPLINE_CURVE ( 2, ( #3538, #3120, #3929, #282, #1496, #4320, #704 ),
 .UNSPECIFIED., .F., .T. ) 
 B_SPLINE_CURVE_WITH_KNOTS ( ( 3, 2, 2, 3 ),
 ( 0.7916666666666666300, 0.8055555555555555800, 0.8194444444444444200, 0.8333333333333333700 ),
 .UNSPECIFIED. ) 
 CURVE ( )  GEOMETRIC_REPRESENTATION_ITEM ( )  RATIONAL_B_SPLINE_CURVE ( ( 1.000000000000000000, 0.8660254037844387100, 1.000000000000000000, 0.8660254037844387100, 1.000000000000000000, 0.8660254037844387100, 1.000000000000000000 ) ) 
 REPRESENTATION_ITEM ( '' )  );
#4889 = CARTESIAN_POINT ( 'NONE',  ( 15.51685095264188300, 0.9652524972597842400, 0.5572887891288949000 ) ) ;
#4890 = DIRECTION ( 'NONE',  ( -1.000000000000000000, 6.018531076210110700E-033, -0.0000000000000000000 ) ) ;
#4891 = CARTESIAN_POINT ( 'NONE',  ( 2.835600952641880400, -0.4826262486298926200, -0.8359331836933422400 ) ) ;
#4892 = DIRECTION ( 'NONE',  ( -1.000000000000000000, 6.018531076210110700E-033, -0.0000000000000000000 ) ) ;
#4893 = CARTESIAN_POINT ( 'NONE',  ( 13.71250000000000400, -1.249999999999973600, -0.7216878364870164000 ) ) ;
#4894 = CARTESIAN_POINT ( 'NONE',  ( 2.348100952641881000, -0.9652524972597845700, -0.5572887891288946800 ) ) ;
#4895 = CYLINDRICAL_SURFACE ( 'NONE', #597, 1.249999999999973400 ) ;
#4896 = ORIENTED_EDGE ( 'NONE', *, *, #1340, .T. ) ;
#4897 = CARTESIAN_POINT ( 'NONE',  ( 0.3472475027402645000, 0.1861171067377045700, 0.9556605609286972200 ) ) ;
#4898 = CARTESIAN_POINT ( 'NONE',  ( 14.61685095264188500, 0.9652524972597843500, 0.5572887891288949000 ) ) ;
#4899 = CARTESIAN_POINT ( 'NONE',  ( 3.375000000000002200, -1.249999999999973400, 1.530808498934159000E-016 ) ) ;
#4900 = APPROVAL_PERSON_ORGANIZATION ( #2390, #1988, #1577 ) ;
#4901 = CARTESIAN_POINT ( 'NONE',  ( 0.5293509526418809200, -0.4826262486298926200, -0.8359331836933422400 ) ) ;
#4902 = VECTOR ( 'NONE', #2267, 1000.000000000000000 ) ;
#4903 = EDGE_LOOP ( 'NONE', ( #311, #3217, #3154 ) ) ;
#4904 = CARTESIAN_POINT ( 'NONE',  ( 14.93560095264188600, -0.4826262486298926200, -0.8359331836933422400 ) ) ;
#4905 = EDGE_CURVE ( 'NONE', #3238, #4962, #2408, .T. ) ;
#4906 = DIRECTION ( 'NONE',  ( -1.000000000000000000, -0.0000000000000000000, -0.0000000000000000000 ) ) ;
#4907 = EDGE_LOOP ( 'NONE', ( #1065, #674, #1017, #935, #538, #2899, #3830 ) ) ;
#4908 = CARTESIAN_POINT ( 'NONE',  ( 12.14185095264188500, -0.9652524972597845700, -0.5572887891288946800 ) ) ;
#4909 = CARTESIAN_POINT ( 'NONE',  ( 3.916237976320961200, -0.6390624999999872100, -1.106888719211962300 ) ) ;
#4910 = VERTEX_POINT ( 'NONE', #5040 ) ;
#4911 = CARTESIAN_POINT ( 'NONE',  ( 15.89185095264188300, 0.9652524972597841300, -0.5572887891288955700 ) ) ;
#4912 = ORIENTED_EDGE ( 'NONE', *, *, #1865, .F. ) ;
#4913 = CARTESIAN_POINT ( 'NONE',  ( 3.435600952641880900, 0.9652524972597843500, 0.0000000000000000000 ) ) ;
#4914 = CARTESIAN_POINT ( 'NONE',  ( 4.241850952641880400, 0.9652524972597841300, -0.5572887891288955700 ) ) ;
#4915 = CARTESIAN_POINT ( 'NONE',  ( 0.0000000000000000000, 0.0000000000000000000, 0.0000000000000000000 ) ) ;
#4916 = CARTESIAN_POINT ( 'NONE',  ( 2.948100952641880700, 0.9652524972597840100, -0.5572887891288955700 ) ) ;
#4917 = ADVANCED_FACE ( 'NONE', ( #2399 ), #810, .F. ) ;
#4918 = VERTEX_POINT ( 'NONE', #1074 ) ;
#4919 = CARTESIAN_POINT ( 'NONE',  ( 12.02500000000000400, 0.6249999999999857900, -1.082531754730525800 ) ) ;
#4920 = CARTESIAN_POINT ( 'NONE',  ( 13.84810095264188400, 6.824819318074047200E-017, 1.114577578257790000 ) ) ;
#4921 = DIRECTION ( 'NONE',  ( -1.000000000000000000, 6.018531076210110700E-033, -0.0000000000000000000 ) ) ;
#4922 = CARTESIAN_POINT ( 'NONE',  ( 13.15435095264188400, 0.4826262486298914500, -0.8359331836933428000 ) ) ;
#4923 = CARTESIAN_POINT ( 'NONE',  ( 2.723100952641881000, -0.9652524972597841300, 0.5572887891288953500 ) ) ;
#4924 = CARTESIAN_POINT ( 'NONE',  ( 3.503737976320960200, -2.711095453990486600E-016, -1.475851625615950000 ) ) ;
#4925 = CARTESIAN_POINT ( 'NONE',  ( -7.523163845262478600E-033, -1.249999999999973400, 0.0000000000000000000 ) ) ;
#4926 = ORIENTED_EDGE ( 'NONE', *, *, #3988, .T. ) ;
#4927 = CARTESIAN_POINT ( 'NONE',  ( 12.34810095264188400, 0.9652524972597841300, -0.5572887891288955700 ) ) ;
#4928 = CARTESIAN_POINT ( 'NONE',  ( 11.54871392896280500, -0.6390624999999873200, -1.106888719211962500 ) ) ;
#4929 = CARTESIAN_POINT ( 'NONE',  ( 2.186213928962800900, -2.711095453990486600E-016, -1.475851625615950200 ) ) ;
#4930 = CARTESIAN_POINT ( 'NONE',  ( 12.81250000000000400, -1.249999999999973600, -0.7216878364870164000 ) ) ;
#4931 = CARTESIAN_POINT ( 'NONE',  ( 3.960600952641880400, 0.4826262486298922800, 0.8359331836933423500 ) ) ;
#4932 = ORIENTED_EDGE ( 'NONE', *, *, #1020, .F. ) ;
#4933 = EDGE_CURVE ( 'NONE', #3598, #1943, #1273, .T. ) ;
#4934 = CARTESIAN_POINT ( 'NONE',  ( 1.691850952641881000, 6.824819318074054600E-017, 1.114577578257790000 ) ) ;
#4935 = CARTESIAN_POINT ( 'NONE',  ( 13.39810095264188500, 6.824819318074047200E-017, 1.114577578257790000 ) ) ;
#4936 = ADVANCED_FACE ( 'NONE', ( #2599 ), #1841, .F. ) ;
#4937 = CARTESIAN_POINT ( 'NONE',  ( 10.97935095264188400, 0.9652524972597843500, 0.0000000000000000000 ) ) ;
#4938 = CARTESIAN_POINT ( 'NONE',  ( 12.17935095264188500, -0.4826262486298926200, -0.8359331836933422400 ) ) ;
#4939 = CARTESIAN_POINT ( 'NONE',  ( 15.02500000000000600, -1.249999999999973400, 1.530808498934158800E-016 ) ) ;
#4940 = CARTESIAN_POINT ( 'NONE',  ( 1.462500000000002400, 8.838126989374036100E-017, 1.443375672974033500 ) ) ;
#4941 = AXIS2_PLACEMENT_3D ( 'NONE', #1650, #3661, #484 ) ;
#4942 = CARTESIAN_POINT ( 'NONE',  ( 12.87310095264188600, 0.9652524972597842400, 0.5572887891288949000 ) ) ;
#4943 = CARTESIAN_POINT ( 'NONE',  ( 12.71121392896280400, 9.036984846634948600E-017, 1.475851625615950200 ) ) ;
#4944 = CARTESIAN_POINT ( 'NONE',  ( 4.136213928962799700, 1.278124999999973800, 0.7379258128079749800 ) ) ;
#4945 = CARTESIAN_POINT ( 'NONE',  ( 4.991850952641880400, -0.9652524972597844600, -0.5572887891288946800 ) ) ;
#4946 = CARTESIAN_POINT ( 'NONE',  ( 2.985600952641880300, 0.9652524972597843500, 0.0000000000000000000 ) ) ;
#4947 = EDGE_CURVE ( 'NONE', #4583, #2450, #4972, .T. ) ;
#4948 = CARTESIAN_POINT ( 'NONE',  ( 3.416850952641880700, 0.9652524972597843500, 0.5572887891288949000 ) ) ;
#4949 =( BOUNDED_CURVE ( )  B_SPLINE_CURVE ( 2, ( #284, #2751, #1215 ),
 .UNSPECIFIED., .F., .T. ) 
 B_SPLINE_CURVE_WITH_KNOTS ( ( 3, 3 ),
 ( 0.8750000000000000000, 0.8888888888888888400 ),
 .UNSPECIFIED. ) 
 CURVE ( )  GEOMETRIC_REPRESENTATION_ITEM ( )  RATIONAL_B_SPLINE_CURVE ( ( 1.000000000000000000, 0.8660254037844387100, 1.000000000000000000 ) ) 
 REPRESENTATION_ITEM ( '' )  );
#4950 = CARTESIAN_POINT ( 'NONE',  ( 15.08560095264188500, 0.9652524972597843500, 0.0000000000000000000 ) ) ;
#4951 =( BOUNDED_CURVE ( )  B_SPLINE_CURVE ( 2, ( #4069, #1286, #4052, #93, #862, #4844, #21 ),
 .UNSPECIFIED., .F., .T. ) 
 B_SPLINE_CURVE_WITH_KNOTS ( ( 3, 2, 2, 3 ),
 ( 0.4305555555555555800, 0.4444444444444444200, 0.4583333333333333700, 0.4722222222222222100 ),
 .UNSPECIFIED. ) 
 CURVE ( )  GEOMETRIC_REPRESENTATION_ITEM ( )  RATIONAL_B_SPLINE_CURVE ( ( 1.000000000000000000, 0.8660254037844387100, 1.000000000000000000, 0.8660254037844387100, 1.000000000000000000, 0.8660254037844387100, 1.000000000000000000 ) ) 
 REPRESENTATION_ITEM ( '' )  );
#4952 = CARTESIAN_POINT ( 'NONE',  ( 12.92935095264188500, -0.4826262486298919500, 0.8359331836933424600 ) ) ;
#4953 = CARTESIAN_POINT ( 'NONE',  ( 11.87935095264188400, 0.9652524972597843500, 0.0000000000000000000 ) ) ;
#4954 = CARTESIAN_POINT ( 'NONE',  ( 0.9112139289628007300, 1.278124999999973300, -0.7379258128079758700 ) ) ;
#4955 = LINE ( 'NONE', #3723, #2387 ) ;
#4956 = CARTESIAN_POINT ( 'NONE',  ( 12.91060095264188600, 0.4826262486298922800, 0.8359331836933423500 ) ) ;
#4957 = LOCAL_TIME ( 12, 11, 5.000000000000000000, #481 ) ;
#4958 = CARTESIAN_POINT ( 'NONE',  ( 14.51121392896280500, 9.036984846634948600E-017, 1.475851625615950200 ) ) ;
#4959 = CARTESIAN_POINT ( 'NONE',  ( 3.198713928962801000, 1.278124999999973500, 0.0000000000000000000 ) ) ;
#4960 = CARTESIAN_POINT ( 'NONE',  ( 0.8524519052837589200, -2.651438096812210200E-016, -1.443375672974033500 ) ) ;
#4961 = CIRCLE ( 'NONE', #1194, 1.312500000000049700 ) ;
#4962 = VERTEX_POINT ( 'NONE', #649 ) ;
#4963 = CARTESIAN_POINT ( 'NONE',  ( 3.548100952641880700, 6.824819318074054600E-017, 1.114577578257790000 ) ) ;
#4964 = ADVANCED_FACE ( 'NONE', ( #426 ), #4279, .F. ) ;
#4965 = ORIENTED_EDGE ( 'NONE', *, *, #1113, .T. ) ;
#4966 = VECTOR ( 'NONE', #83, 1000.000000000000000 ) ;
#4967 = ORIENTED_EDGE ( 'NONE', *, *, #1150, .T. ) ;
#4968 = CARTESIAN_POINT ( 'NONE',  ( 13.05373797632096500, 1.278124999999973500, 0.7379258128079748700 ) ) ;
#4969 = ORIENTED_EDGE ( 'NONE', *, *, #2493, .T. ) ;
#4970 = CARTESIAN_POINT ( 'NONE',  ( 3.566850952641880600, -0.9652524972597841300, 0.5572887891288953500 ) ) ;
#4971 = CARTESIAN_POINT ( 'NONE',  ( 0.0000000000000000000, 0.0000000000000000000, 0.0000000000000000000 ) ) ;
#4972 = LINE ( 'NONE', #661, #4778 ) ;
#4973 = LINE ( 'NONE', #4254, #3585 ) ;
#4974 = EDGE_CURVE ( 'NONE', #4910, #869, #501, .T. ) ;
#4975 = CARTESIAN_POINT ( 'NONE',  ( 11.24185095264188500, -0.9652524972597844600, -0.5572887891288946800 ) ) ;
#4976 = CARTESIAN_POINT ( 'NONE',  ( 13.37935095264188400, -0.4826262486298919500, 0.8359331836933424600 ) ) ;
#4977 = CARTESIAN_POINT ( 'NONE',  ( 0.01121392896280082500, 1.278124999999973300, -0.7379258128079758700 ) ) ;
#4978 = ORIENTED_EDGE ( 'NONE', *, *, #1971, .F. ) ;
#4979 = CARTESIAN_POINT ( 'NONE',  ( 12.20245190528376300, 1.249999999999973400, 0.7216878364870166200 ) ) ;
#4980 = CARTESIAN_POINT ( 'NONE',  ( 12.53560095264188400, -0.4826262486298919500, 0.8359331836933424600 ) ) ;
#4981 = CARTESIAN_POINT ( 'NONE',  ( 12.97371392896280400, 0.6390624999999857700, -1.106888719211963400 ) ) ;
#4982 = CARTESIAN_POINT ( 'NONE',  ( 3.348713928962801000, -0.6390624999999864300, 1.106888719211963000 ) ) ;
#4983 = CARTESIAN_POINT ( 'NONE',  ( 4.799999999999985600, -1.234431021822762800, 0.02962565417161199300 ) ) ;
#4984 = ORIENTED_EDGE ( 'NONE', *, *, #2432, .T. ) ;
#4985 = CARTESIAN_POINT ( 'NONE',  ( 4.148100952641880400, -0.9652524972597845700, -0.5572887891288946800 ) ) ;
#4986 = CARTESIAN_POINT ( 'NONE',  ( 0.4168509526418809300, -0.9652524972597841300, 0.5572887891288953500 ) ) ;
#4987 = CARTESIAN_POINT ( 'NONE',  ( 14.51623797632096200, -0.6390624999999863200, 1.106888719211962700 ) ) ;
#4988 = CARTESIAN_POINT ( 'NONE',  ( 2.554350952641880800, 0.4826262486298922800, 0.8359331836933423500 ) ) ;
#4989 = CARTESIAN_POINT ( 'NONE',  ( 15.78787592353073400, 0.7112541633406039800, -0.8513102892774617700 ) ) ;
#4990 = VERTEX_POINT ( 'NONE', #2677 ) ;
#4991 = ADVANCED_FACE ( 'NONE', ( #5148 ), #3095, .T. ) ;
#4992 = CARTESIAN_POINT ( 'NONE',  ( 12.55435095264188500, -0.9652524972597843500, 1.182093381138184100E-016 ) ) ;
#4993 = CARTESIAN_POINT ( 'NONE',  ( 11.65000000000000700, 1.249999999999973400, 0.0000000000000000000 ) ) ;
#4994 = CARTESIAN_POINT ( 'NONE',  ( 5.116237976320960900, -0.6390624999999863200, 1.106888719211962700 ) ) ;
#4995 = CARTESIAN_POINT ( 'NONE',  ( 15.08995190528376200, -1.249999999999973400, 1.530808498934159000E-016 ) ) ;
#4996 = B_SPLINE_CURVE_WITH_KNOTS ( 'NONE', 3,
 ( #2843, #4062, #5182, #806, #4432, #1596 ),
 .UNSPECIFIED., .F., .F.,
 ( 4, 2, 4 ),
 ( 0.001314652396222795200, 0.001969405109320633700, 0.002624157822418472100 ),
 .UNSPECIFIED. ) ;
#4997 = CARTESIAN_POINT ( 'NONE',  ( 12.01060095264188600, 0.4826262486298922800, 0.8359331836933423500 ) ) ;
#4998 = CARTESIAN_POINT ( 'NONE',  ( 14.06121392896280400, 9.036984846634948600E-017, 1.475851625615950200 ) ) ;
#4999 = CARTESIAN_POINT ( 'NONE',  ( 1.923713928962800700, 0.6390624999999868800, 1.106888719211962700 ) ) ;
#5000 = CARTESIAN_POINT ( 'NONE',  ( 4.800000000000002500, 0.5365352068171622700, 0.8023978784318380700 ) ) ;
#5001 = CARTESIAN_POINT ( 'NONE',  ( 2.625000000000002200, 0.6249999999999856800, -1.082531754730525800 ) ) ;
#5002 = CARTESIAN_POINT ( 'NONE',  ( 0.2668509526418810200, 0.9652524972597842400, 0.5572887891288949000 ) ) ;
#5003 = EDGE_CURVE ( 'NONE', #1487, #4400, #1301, .T. ) ;
#5004 = CARTESIAN_POINT ( 'NONE',  ( 13.95373797632096400, 1.278124999999973500, 0.7379258128079748700 ) ) ;
#5005 = CARTESIAN_POINT ( 'NONE',  ( 15.06685095264188600, 0.9652524972597843500, 0.5572887891288949000 ) ) ;
#5006 = CARTESIAN_POINT ( 'NONE',  ( 2.966850952641880900, 0.9652524972597843500, 0.5572887891288949000 ) ) ;
#5007 = CARTESIAN_POINT ( 'NONE',  ( 11.50435095264188400, 0.4826262486298922800, 0.8359331836933423500 ) ) ;
#5008 = CARTESIAN_POINT ( 'NONE',  ( 11.76250000000000600, 8.838126989374028700E-017, 1.443375672974033500 ) ) ;
#5009 = CARTESIAN_POINT ( 'NONE',  ( 15.93749999999990900, -1.249999999999973400, 0.0000000000000000000 ) ) ;
#5010 = CARTESIAN_POINT ( 'NONE',  ( 16.00000000000000400, 0.0000000000000000000, 0.0000000000000000000 ) ) ;
#5011 = CARTESIAN_POINT ( 'NONE',  ( 14.52310095264188500, -2.047445795422217400E-016, -1.114577578257790000 ) ) ;
#5012 = CARTESIAN_POINT ( 'NONE',  ( 14.36121392896280300, 1.278124999999973300, -0.7379258128079758700 ) ) ;
#5013 = CARTESIAN_POINT ( 'NONE',  ( 0.7543509526418809000, 0.4826262486298922800, 0.8359331836933423500 ) ) ;
#5014 = VECTOR ( 'NONE', #4417, 1000.000000000000000 ) ;
#5015 = CARTESIAN_POINT ( 'NONE',  ( 1.991850952641880800, 0.9652524972597841300, -0.5572887891288955700 ) ) ;
#5016 = EDGE_CURVE ( 'NONE', #4485, #2920, #2900, .T. ) ;
#5017 =( BOUNDED_CURVE ( )  B_SPLINE_CURVE ( 2, ( #4425, #1546, #1532, #2359, #2396, #337, #354 ),
 .UNSPECIFIED., .F., .T. ) 
 B_SPLINE_CURVE_WITH_KNOTS ( ( 3, 2, 2, 3 ),
 ( 0.1388888888888888400, 0.1527777777777777900, 0.1666666666666666300, 0.1805555555555555800 ),
 .UNSPECIFIED. ) 
 CURVE ( )  GEOMETRIC_REPRESENTATION_ITEM ( )  RATIONAL_B_SPLINE_CURVE ( ( 1.000000000000000000, 0.8660254037844387100, 1.000000000000000000, 0.8660254037844387100, 1.000000000000000000, 0.8660254037844387100, 1.000000000000000000 ) ) 
 REPRESENTATION_ITEM ( '' )  );
#5018 = CARTESIAN_POINT ( 'NONE',  ( 15.97873797632096100, -1.278124999999973800, -0.7379258128079745300 ) ) ;
#5019 = CARTESIAN_POINT ( 'NONE',  ( 15.44185095264188400, 0.9652524972597840100, -0.5572887891288955700 ) ) ;
#5020 = CARTESIAN_POINT ( 'NONE',  ( 4.166850952641881100, -2.047445795422216600E-016, -1.114577578257790000 ) ) ;
#5021 = CONICAL_SURFACE ( 'NONE', #1231, 2.249999999999998700, 1.047197551196600100 ) ;
#5022 = VERTEX_POINT ( 'NONE', #4683 ) ;
#5023 = CARTESIAN_POINT ( 'NONE',  ( 4.152451905283759200, 1.249999999999973400, 0.7216878364870166200 ) ) ;
#5024 = ORIENTED_EDGE ( 'NONE', *, *, #630, .F. ) ;
#5025 = CARTESIAN_POINT ( 'NONE',  ( 11.74810095264188400, -0.9652524972597851200, -0.5572887891288950100 ) ) ;
#5026 = CARTESIAN_POINT ( 'NONE',  ( 1.473713928962800700, 0.6390624999999868800, 1.106888719211962700 ) ) ;
#5027 = DIRECTION ( 'NONE',  ( 0.0000000000000000000, 0.0000000000000000000, -1.000000000000000000 ) ) ;
#5028 = CONICAL_SURFACE ( 'NONE', #4739, 1.312500000000049700, 0.7853981633973093900 ) ;
#5029 = ORIENTED_EDGE ( 'NONE', *, *, #1628, .T. ) ;
#5030 = CARTESIAN_POINT ( 'NONE',  ( 13.99810095264188600, -0.9652524972597844600, -0.5572887891288946800 ) ) ;
#5031 = CARTESIAN_POINT ( 'NONE',  ( 14.66121392896280200, -1.278124999999973800, -0.7379258128079745300 ) ) ;
#5032 = ORIENTED_EDGE ( 'NONE', *, *, #2815, .F. ) ;
#5033 = CARTESIAN_POINT ( 'NONE',  ( 1.466850952641880700, -2.047445795422216600E-016, -1.114577578257790000 ) ) ;
#5034 = VECTOR ( 'NONE', #5101, 1000.000000000000000 ) ;
#5035 = VERTEX_POINT ( 'NONE', #293 ) ;
#5036 = EDGE_CURVE ( 'NONE', #414, #1080, #3798, .T. ) ;
#5037 = ORIENTED_EDGE ( 'NONE', *, *, #4679, .T. ) ;
#5038 = CARTESIAN_POINT ( 'NONE',  ( 1.016850952641880700, -2.047445795422216600E-016, -1.114577578257790000 ) ) ;
#5039 = CARTESIAN_POINT ( 'NONE',  ( 16.35373797632096100, -1.278124999999973300, 0.7379258128079753100 ) ) ;
#5040 = CARTESIAN_POINT ( 'NONE',  ( 4.114951905283758600, 1.249999999999973400, 0.0000000000000000000 ) ) ;
#5041 = CARTESIAN_POINT ( 'NONE',  ( 13.18750000000000700, -1.249999999999973100, 0.7216878364870171800 ) ) ;
#5042 = ORIENTED_EDGE ( 'NONE', *, *, #2159, .T. ) ;
#5043 = CARTESIAN_POINT ( 'NONE',  ( 15.82810889132448300, 1.140608891324528500, 0.0000000000000000000 ) ) ;
#5044 = EDGE_CURVE ( 'NONE', #236, #621, #4324, .T. ) ;
#5045 = CARTESIAN_POINT ( 'NONE',  ( 11.52310095264188500, 0.9652524972597850100, 0.5572887891288952300 ) ) ;
#5046 = CARTESIAN_POINT ( 'NONE',  ( 13.43560095264188400, -0.4826262486298919500, 0.8359331836933424600 ) ) ;
#5047 = CARTESIAN_POINT ( 'NONE',  ( 11.61685095264188500, -0.9652524972597841300, 0.5572887891288953500 ) ) ;
#5048 = CARTESIAN_POINT ( 'NONE',  ( 4.323713928962799700, -1.278124999999973500, 1.565251690160178300E-016 ) ) ;
#5049 = CARTESIAN_POINT ( 'NONE',  ( 0.0000000000000000000, -1.125000000000000200, 1.948557158514985000 ) ) ;
#5050 =( BOUNDED_CURVE ( )  B_SPLINE_CURVE ( 2, ( #2481, #47, #3283, #4104, #4122, #2928, #3682 ),
 .UNSPECIFIED., .F., .T. ) 
 B_SPLINE_CURVE_WITH_KNOTS ( ( 3, 2, 2, 3 ),
 ( 0.2638888888888888400, 0.2777777777777777900, 0.2916666666666666300, 0.3055555555555555800 ),
 .UNSPECIFIED. ) 
 CURVE ( )  GEOMETRIC_REPRESENTATION_ITEM ( )  RATIONAL_B_SPLINE_CURVE ( ( 1.000000000000000000, 0.8660254037844387100, 1.000000000000000000, 0.8660254037844387100, 1.000000000000000000, 0.8660254037844387100, 1.000000000000000000 ) ) 
 REPRESENTATION_ITEM ( '' )  );
#5051 = AXIS2_PLACEMENT_3D ( 'NONE', #1087, #4702, #2731 ) ;
#5052 = ORIENTED_EDGE ( 'NONE', *, *, #1458, .F. ) ;
#5053 = EDGE_CURVE ( 'NONE', #580, #4591, #3603, .T. ) ;
#5054 = CARTESIAN_POINT ( 'NONE',  ( 2.141850952641880700, 6.824819318074054600E-017, 1.114577578257790000 ) ) ;
#5055 = ORIENTED_EDGE ( 'NONE', *, *, #647, .F. ) ;
#5056 = CARTESIAN_POINT ( 'NONE',  ( 15.71623797632096300, 1.278124999999973300, 0.0000000000000000000 ) ) ;
#5057 = CARTESIAN_POINT ( 'NONE',  ( 11.19999999999999900, -0.03989091626084034800, -1.182350425883169600 ) ) ;
#5058 = CARTESIAN_POINT ( 'NONE',  ( 16.00000000000000400, 0.0000000000000000000, 0.0000000000000000000 ) ) ;
#5059 = B_SPLINE_CURVE_WITH_KNOTS ( 'NONE', 3,
 ( #4828, #2379, #795, #761, #721, #5211, #1590, #4415, #2000, #3542, #2812, #393, #3619, #1127, #460, #3273, #4097, #4500 ),
 .UNSPECIFIED., .F., .F.,
 ( 4, 2, 2, 2, 2, 2, 2, 2, 4 ),
 ( 0.003480882160842005800, 0.003901654323211335400, 0.004322426485580665000, 0.004743198647949994600, 0.005163970810319323300, 0.005584742972688652000, 0.006005515135057981600, 0.006426287297427311200, 0.006847059459796640000 ),
 .UNSPECIFIED. ) ;
#5060 = CARTESIAN_POINT ( 'NONE',  ( 13.28560095264188600, 0.9652524972597843500, 0.0000000000000000000 ) ) ;
#5061 = CARTESIAN_POINT ( 'NONE',  ( 2.025000000000002600, -1.249999999999973400, 1.530808498934159000E-016 ) ) ;
#5062 = CARTESIAN_POINT ( 'NONE',  ( 14.84871392896280400, 1.278124999999973500, 0.0000000000000000000 ) ) ;
#5063 = CARTESIAN_POINT ( 'NONE',  ( 4.436213928962800400, -2.711095453990486600E-016, -1.475851625615950200 ) ) ;
#5064 = DIRECTION ( 'NONE',  ( -1.000000000000000000, 6.018531076210110700E-033, -0.0000000000000000000 ) ) ;
#5065 = CARTESIAN_POINT ( 'NONE',  ( 2.741850952641880800, -0.9652524972597844600, -0.5572887891288946800 ) ) ;
#5066 = EDGE_CURVE ( 'NONE', #1428, #3164, #880, .T. ) ;
#5067 = CARTESIAN_POINT ( 'NONE',  ( 15.45373797632096400, -1.278124999999973300, 0.7379258128079753100 ) ) ;
#5068 = CARTESIAN_POINT ( 'NONE',  ( 13.48750000000000400, 1.249999999999973400, 0.7216878364870166200 ) ) ;
#5069 = CARTESIAN_POINT ( 'NONE',  ( 11.22310095264188400, -0.9652524972597847900, 0.5572887891288956800 ) ) ;
#5070 = CARTESIAN_POINT ( 'NONE',  ( 0.09567144128185073300, -0.03810014622239302900, 1.221528039683862600 ) ) ;
#5071 = CARTESIAN_POINT ( 'NONE',  ( 13.84810095264188400, 6.824819318074047200E-017, 1.114577578257790000 ) ) ;
#5072 = EDGE_CURVE ( 'NONE', #3953, #4147, #90, .T. ) ;
#5073 = CARTESIAN_POINT ( 'NONE',  ( 11.24185095264188500, -0.9652524972597844600, -0.5572887891288946800 ) ) ;
#5074 = CARTESIAN_POINT ( 'NONE',  ( 0.3043509526418809500, 0.4826262486298922800, 0.8359331836933423500 ) ) ;
#5075 = CYLINDRICAL_SURFACE ( 'NONE', #2258, 1.249999999999973400 ) ;
#5076 = FACE_OUTER_BOUND ( 'NONE', #4299, .T. ) ;
#5077 = CARTESIAN_POINT ( 'NONE',  ( 1.279350952641880700, -0.4826262486298919500, 0.8359331836933424600 ) ) ;
#5078 = ORIENTED_EDGE ( 'NONE', *, *, #3199, .T. ) ;
#5079 = CARTESIAN_POINT ( 'NONE',  ( 15.49123797632096400, -1.278124999999973300, 1.565251690160178100E-016 ) ) ;
#5080 = CARTESIAN_POINT ( 'NONE',  ( 3.289951905283759400, 0.6249999999999866800, 1.082531754730525100 ) ) ;
#5081 = EDGE_LOOP ( 'NONE', ( #2392, #2082, #2400, #1401, #4155, #4423 ) ) ;
#5082 = CARTESIAN_POINT ( 'NONE',  ( 0.7399519052837590900, -1.249999999999973400, 1.530808498934159000E-016 ) ) ;
#5083 = CARTESIAN_POINT ( 'NONE',  ( 15.71731276371072100, -0.8002109419434094700, -0.6630213205769407400 ) ) ;
#5084 = LINE ( 'NONE', #1207, #3150 ) ;
#5085 = ORIENTED_EDGE ( 'NONE', *, *, #1160, .T. ) ;
#5086 = DIRECTION ( 'NONE',  ( -0.7071067811862563600, -0.7071067811868386700, 0.0000000000000000000 ) ) ;
#5087 = CARTESIAN_POINT ( 'NONE',  ( 15.17500000000000400, 0.6249999999999857900, -1.082531754730525800 ) ) ;
#5088 = ORIENTED_EDGE ( 'NONE', *, *, #3515, .T. ) ;
#5089 = DIRECTION ( 'NONE',  ( -6.018531076210111400E-033, -1.000000000000000000, 0.0000000000000000000 ) ) ;
#5090 = CARTESIAN_POINT ( 'NONE',  ( 15.98560095264188500, 0.9652524972597843500, 0.0000000000000000000 ) ) ;
#5091 = LINE ( 'NONE', #1501, #4026 ) ;
#5092 = CARTESIAN_POINT ( 'NONE',  ( 14.99871392896280200, -0.6390624999999864300, 1.106888719211963000 ) ) ;
#5093 = CARTESIAN_POINT ( 'NONE',  ( 1.591237976320960800, -1.278124999999973300, 1.565251690160178100E-016 ) ) ;
#5094 = DIRECTION ( 'NONE',  ( 1.000000000000000000, 0.0000000000000000000, 0.0000000000000000000 ) ) ;
#5095 = ORIENTED_EDGE ( 'NONE', *, *, #3243, .T. ) ;
#5096 = EDGE_CURVE ( 'NONE', #2620, #4550, #3466, .T. ) ;
#5097 = VERTEX_POINT ( 'NONE', #3146 ) ;
#5098 = CARTESIAN_POINT ( 'NONE',  ( 4.316850952641880600, 0.9652524972597842400, 0.5572887891288949000 ) ) ;
#5099 = CARTESIAN_POINT ( 'NONE',  ( 0.2009618943233409900, -2.249999999999999100, 1.299038105676656900 ) ) ;
#5100 = CARTESIAN_POINT ( 'NONE',  ( 12.72310095264188200, -2.047445795422218600E-016, -1.114577578257790700 ) ) ;
#5101 = DIRECTION ( 'NONE',  ( -1.000000000000000000, 6.018531076210110700E-033, -0.0000000000000000000 ) ) ;
#5102 =( BOUNDED_CURVE ( )  B_SPLINE_CURVE ( 2, ( #2369, #748, #1977, #2711, #4314, #2311, #5113 ),
 .UNSPECIFIED., .F., .T. ) 
 B_SPLINE_CURVE_WITH_KNOTS ( ( 3, 2, 2, 3 ),
 ( 0.08333333333333332900, 0.09722222222222222400, 0.1111111111111111000, 0.1250000000000000000 ),
 .UNSPECIFIED. ) 
 CURVE ( )  GEOMETRIC_REPRESENTATION_ITEM ( )  RATIONAL_B_SPLINE_CURVE ( ( 1.000000000000000000, 0.8660254037844387100, 1.000000000000000000, 0.8660254037844387100, 1.000000000000000000, 0.8660254037844387100, 1.000000000000000000 ) ) 
 REPRESENTATION_ITEM ( '' )  );
#5103 = EDGE_LOOP ( 'NONE', ( #2329, #3211, #4969 ) ) ;
#5104 = CARTESIAN_POINT ( 'NONE',  ( 0.3406694398601356500, 0.7464715653967737300, 0.6380669898654416400 ) ) ;
#5105 = CARTESIAN_POINT ( 'NONE',  ( 12.70435095264188300, 0.4826262486298914500, -0.8359331836933428000 ) ) ;
#5106 = CARTESIAN_POINT ( 'NONE',  ( 1.741237976320960900, 0.6390624999999856600, -1.106888719211963200 ) ) ;
#5107 = DIRECTION ( 'NONE',  ( -6.018531076210111400E-033, -1.000000000000000000, 0.0000000000000000000 ) ) ;
#5108 = AXIS2_PLACEMENT_3D ( 'NONE', #4102, #3259, #3680 ) ;
#5109 = EDGE_CURVE ( 'NONE', #4449, #4918, #1727, .T. ) ;
#5110 = CARTESIAN_POINT ( 'NONE',  ( 0.0000000000000000000, 0.0000000000000000000, 0.0000000000000000000 ) ) ;
#5111 = CARTESIAN_POINT ( 'NONE',  ( 4.691850952641879700, 0.9652524972597841300, -0.5572887891288955700 ) ) ;
#5112 = CARTESIAN_POINT ( 'NONE',  ( 0.06249999999996110700, 1.249127957448161100, -0.04668346518423179000 ) ) ;
#5113 = CARTESIAN_POINT ( 'NONE',  ( 0.6750000000000026000, -1.249999999999973400, 1.530808498934159000E-016 ) ) ;
#5114 = CARTESIAN_POINT ( 'NONE',  ( 3.214951905283759200, 1.249999999999973400, 0.0000000000000000000 ) ) ;
#5115 = DIRECTION ( 'NONE',  ( -1.000000000000000000, 6.018531076210110700E-033, -0.0000000000000000000 ) ) ;
#5116 = CARTESIAN_POINT ( 'NONE',  ( 13.54810095264188200, -0.9652524972597851200, -0.5572887891288950100 ) ) ;
#5117 = CARTESIAN_POINT ( 'NONE',  ( 0.1045149664986719000, -0.2625007706422147800, 1.184580861798563100 ) ) ;
#5118 = CARTESIAN_POINT ( 'NONE',  ( 0.2009618943233409700, -2.249999999999998200, -1.299038105676658200 ) ) ;
#5119 = CARTESIAN_POINT ( 'NONE',  ( 16.21060095264188300, -0.9652524972597843500, 1.182093381138184100E-016 ) ) ;
#5120 = CARTESIAN_POINT ( 'NONE',  ( 13.60435095264188400, 0.4826262486298914500, -0.8359331836933428000 ) ) ;
#5121 = CARTESIAN_POINT ( 'NONE',  ( 0.9912379763209610000, 0.6390624999999867700, 1.106888719211962500 ) ) ;
#5122 = CARTESIAN_POINT ( 'NONE',  ( 4.800000000000002500, 0.9439470035406807300, 0.2016840052478622300 ) ) ;
#5123 = CARTESIAN_POINT ( 'NONE',  ( 3.454350952641880700, 0.4826262486298922800, 0.8359331836933423500 ) ) ;
#5124 = CARTESIAN_POINT ( 'NONE',  ( 0.1655208718850556800, -1.146979128114992800, 6.489298851295869100E-014 ) ) ;
#5125 = AXIS2_PLACEMENT_3D ( 'NONE', #3448, #5064, #308 ) ;
#5126 = CARTESIAN_POINT ( 'NONE',  ( 12.55000000000000600, 1.249999999999973400, 0.0000000000000000000 ) ) ;
#5127 = CARTESIAN_POINT ( 'NONE',  ( 4.612500000000001600, 8.838126989374036100E-017, 1.443375672974033500 ) ) ;
#5128 = CIRCLE ( 'NONE', #5205, 1.249999999999973400 ) ;
#5129 = CARTESIAN_POINT ( 'NONE',  ( 14.93560095264188300, -0.4826262486298929500, -0.8359331836933428000 ) ) ;
#5130 = CARTESIAN_POINT ( 'NONE',  ( 15.87522354623532200, 0.6110928403643948200, 1.025565271351902300 ) ) ;
#5131 = CARTESIAN_POINT ( 'NONE',  ( 0.3231009526418808800, 0.9652524972597842400, 0.5572887891288949000 ) ) ;
#5132 = CARTESIAN_POINT ( 'NONE',  ( 3.750000000000002700, -0.6249999999999863400, 1.082531754730525300 ) ) ;
#5133 = FACE_OUTER_BOUND ( 'NONE', #290, .T. ) ;
#5134 = ORIENTED_EDGE ( 'NONE', *, *, #1144, .F. ) ;
#5135 = CARTESIAN_POINT ( 'NONE',  ( 15.76060095264188600, -0.9652524972597843500, 1.182093381138184100E-016 ) ) ;
#5136 = ORIENTED_EDGE ( 'NONE', *, *, #2754, .F. ) ;
#5137 = CARTESIAN_POINT ( 'NONE',  ( 12.55435095264188500, -0.9652524972597843500, 1.182093381138184100E-016 ) ) ;
#5138 = ADVANCED_FACE ( 'NONE', ( #3147 ), #667, .F. ) ;
#5139 = CARTESIAN_POINT ( 'NONE',  ( 0.3162379763209609600, -0.6390624999999872100, -1.106888719211962300 ) ) ;
#5140 = CONICAL_SURFACE ( 'NONE', #3396, 2.249999999999998700, 1.047197551196600100 ) ;
#5141 = ORIENTED_EDGE ( 'NONE', *, *, #3383, .T. ) ;
#5142 = CARTESIAN_POINT ( 'NONE',  ( 11.44810095264188600, 0.9652524972597840100, -0.5572887891288955700 ) ) ;
#5143 = VERTEX_POINT ( 'NONE', #3939 ) ;
#5144 = AXIS2_PLACEMENT_3D ( 'NONE', #4768, #1118, #3191 ) ;
#5145 = DIRECTION ( 'NONE',  ( -6.018531076210111400E-033, -1.000000000000000000, 0.0000000000000000000 ) ) ;
#5146 = CARTESIAN_POINT ( 'NONE',  ( 0.02310095264188090000, -0.9652524972597841300, 0.5572887891288953500 ) ) ;
#5147 = CARTESIAN_POINT ( 'NONE',  ( 1.752451905283758800, -2.651438096812210200E-016, -1.443375672974033500 ) ) ;
#5148 = FACE_OUTER_BOUND ( 'NONE', #3424, .T. ) ;
#5149 = EDGE_LOOP ( 'NONE', ( #1317, #149, #326, #3399 ) ) ;
#5150 = CARTESIAN_POINT ( 'NONE',  ( 13.22500000000000700, -1.249999999999973400, 1.530808498934158800E-016 ) ) ;
#5151 = CARTESIAN_POINT ( 'NONE',  ( 15.91111063985330200, -2.249999999999998200, -0.8717004449691205800 ) ) ;
#5152 = ORIENTED_EDGE ( 'NONE', *, *, #3497, .F. ) ;
#5153 = CARTESIAN_POINT ( 'NONE',  ( 0.06830127018886235400, 1.244198729811186500, -6.564118542120954500E-013 ) ) ;
#5154 = CARTESIAN_POINT ( 'NONE',  ( 14.44810095264188600, -0.9652524972597851200, -0.5572887891288950100 ) ) ;
#5155 = CARTESIAN_POINT ( 'NONE',  ( 0.7356009526418808600, 0.9652524972597843500, 0.0000000000000000000 ) ) ;
#5156 = ORIENTED_EDGE ( 'NONE', *, *, #1291, .T. ) ;
#5157 = CARTESIAN_POINT ( 'NONE',  ( 15.79903810567666300, -2.249999999999999100, 1.299038105676656900 ) ) ;
#5158 = CARTESIAN_POINT ( 'NONE',  ( 12.02935095264188400, -0.4826262486298919500, 0.8359331836933424600 ) ) ;
#5159 = CARTESIAN_POINT ( 'NONE',  ( 1.516237976320960800, -0.6390624999999863200, 1.106888719211962700 ) ) ;
#5160 = CARTESIAN_POINT ( 'NONE',  ( 0.1500000000000027700, -0.6249999999999863400, 1.082531754730525300 ) ) ;
#5161 = EDGE_CURVE ( 'NONE', #1120, #1182, #1742, .T. ) ;
#5162 = CARTESIAN_POINT ( 'NONE',  ( 11.74810095264188400, -0.9652524972597845700, -0.5572887891288946800 ) ) ;
#5163 = CARTESIAN_POINT ( 'NONE',  ( 4.354350952641880200, 0.4826262486298922800, 0.8359331836933423500 ) ) ;
#5164 = ORIENTED_EDGE ( 'NONE', *, *, #3292, .F. ) ;
#5165 = CARTESIAN_POINT ( 'NONE',  ( 14.80000000000000600, 1.249999999999973400, 0.0000000000000000000 ) ) ;
#5166 =( BOUNDED_CURVE ( )  B_SPLINE_CURVE ( 2, ( #3226, #343, #1199, #4002, #1552, #1145, #3163 ),
 .UNSPECIFIED., .F., .T. ) 
 B_SPLINE_CURVE_WITH_KNOTS ( ( 3, 2, 2, 3 ),
 ( 0.7638888888888888400, 0.7777777777777777900, 0.7916666666666666300, 0.8055555555555555800 ),
 .UNSPECIFIED. ) 
 CURVE ( )  GEOMETRIC_REPRESENTATION_ITEM ( )  RATIONAL_B_SPLINE_CURVE ( ( 1.000000000000000000, 0.8660254037844387100, 1.000000000000000000, 0.8660254037844387100, 1.000000000000000000, 0.8660254037844387100, 1.000000000000000000 ) ) 
 REPRESENTATION_ITEM ( '' )  );
#5167 = ORIENTED_EDGE ( 'NONE', *, *, #4296, .T. ) ;
#5168 = CARTESIAN_POINT ( 'NONE',  ( 15.23560095264188300, -0.4826262486298922800, 0.8359331836933431300 ) ) ;
#5169 = CARTESIAN_POINT ( 'NONE',  ( 0.0000000000000000000, 0.0000000000000000000, 0.0000000000000000000 ) ) ;
#5170 =( BOUNDED_CURVE ( )  B_SPLINE_CURVE ( 2, ( #1196, #1673, #2465, #456, #4919, #2048, #35 ),
 .UNSPECIFIED., .F., .T. ) 
 B_SPLINE_CURVE_WITH_KNOTS ( ( 3, 2, 2, 3 ),
 ( 0.1250000000000000000, 0.1388888888888889000, 0.1527777777777777900, 0.1666666666666666600 ),
 .UNSPECIFIED. ) 
 CURVE ( )  GEOMETRIC_REPRESENTATION_ITEM ( )  RATIONAL_B_SPLINE_CURVE ( ( 1.000000000000000000, 0.8660254037844387100, 1.000000000000000000, 0.8660254037844387100, 1.000000000000000000, 0.8660254037844387100, 1.000000000000000000 ) ) 
 REPRESENTATION_ITEM ( '' )  );
#5171 = CARTESIAN_POINT ( 'NONE',  ( 2.212500000000002100, 1.249999999999973100, -0.7216878364870175100 ) ) ;
#5172 = CARTESIAN_POINT ( 'NONE',  ( 14.07745190528376300, 8.838126989374027500E-017, 1.443375672974033500 ) ) ;
#5173 = CARTESIAN_POINT ( 'NONE',  ( 0.3274519052837591100, -1.249999999999973400, -0.7216878364870162900 ) ) ;
#5174 = CARTESIAN_POINT ( 'NONE',  ( 13.75435095264188400, 0.4826262486298922800, 0.8359331836933423500 ) ) ;
#5175 = CARTESIAN_POINT ( 'NONE',  ( 2.753737976320960600, 1.278124999999973500, 0.7379258128079748700 ) ) ;
#5176 = CARTESIAN_POINT ( 'NONE',  ( 4.564951905283758800, 1.249999999999973400, 0.0000000000000000000 ) ) ;
#5177 = CARTESIAN_POINT ( 'NONE',  ( 12.42310095264188500, 0.9652524972597843500, 0.5572887891288949000 ) ) ;
#5178 = CARTESIAN_POINT ( 'NONE',  ( 15.93749999999991700, -0.9362024248955757000, 0.8282662733804490000 ) ) ;
#5179 = CARTESIAN_POINT ( 'NONE',  ( 1.710600952641880800, 0.4826262486298922800, 0.8359331836933423500 ) ) ;
#5180 = CARTESIAN_POINT ( 'NONE',  ( 4.710600952641881300, 0.4826262486298914500, -0.8359331836933428000 ) ) ;
#5181 = CARTESIAN_POINT ( 'NONE',  ( 3.529350952641880900, -0.4826262486298919500, 0.8359331836933424600 ) ) ;
#5182 = CARTESIAN_POINT ( 'NONE',  ( 0.01924333400943535600, 0.7433463941989683100, -2.168904970561402700 ) ) ;
#5183 = CARTESIAN_POINT ( 'NONE',  ( 11.44123797632096300, -1.278124999999973300, 1.565251690160178100E-016 ) ) ;
#5184 = CARTESIAN_POINT ( 'NONE',  ( 13.37500000000000500, 0.6249999999999857900, -1.082531754730525800 ) ) ;
#5185 = CARTESIAN_POINT ( 'NONE',  ( 11.19999999999999900, -0.9631645500732860500, 0.06345417991255004900 ) ) ;
#5186 = CARTESIAN_POINT ( 'NONE',  ( 0.1082334421629586000, 1.176223621412750400, 0.3000738197844649000 ) ) ;
#5187 = CARTESIAN_POINT ( 'NONE',  ( 15.74185095264188500, -0.9652524972597844600, -0.5572887891288946800 ) ) ;
#5188 = CARTESIAN_POINT ( 'NONE',  ( 4.178737976320960900, 9.036984846634954800E-017, 1.475851625615950000 ) ) ;
#5189 = EDGE_CURVE ( 'NONE', #629, #3395, #3704, .T. ) ;
#5190 = CARTESIAN_POINT ( 'NONE',  ( 4.789951905283759400, -1.249999999999973400, 1.530808498934159000E-016 ) ) ;
#5191 = CARTESIAN_POINT ( 'NONE',  ( 11.89810095264188500, 0.9652524972597840100, -0.5572887891288955700 ) ) ;
#5192 = CARTESIAN_POINT ( 'NONE',  ( 12.80245190528376200, -1.249999999999973100, 0.7216878364870171800 ) ) ;
#5193 = CIRCLE ( 'NONE', #865, 1.312500000000049700 ) ;
#5194 = CARTESIAN_POINT ( 'NONE',  ( 0.8106009526418808100, 0.4826262486298922800, 0.8359331836933423500 ) ) ;
#5195 = CARTESIAN_POINT ( 'NONE',  ( 4.673100952641880700, -2.047445795422216600E-016, -1.114577578257790000 ) ) ;
#5196 = CARTESIAN_POINT ( 'NONE',  ( 4.016850952641880700, -0.9652524972597841300, 0.5572887891288953500 ) ) ;
#5197 = EDGE_CURVE ( 'NONE', #4840, #2020, #4606, .T. ) ;
#5198 = CARTESIAN_POINT ( 'NONE',  ( 14.12500000000000400, -1.249999999999973400, 1.530808498934158800E-016 ) ) ;
#5199 = CARTESIAN_POINT ( 'NONE',  ( 0.3606009526418809100, 0.4826262486298922800, 0.8359331836933423500 ) ) ;
#5200 = CYLINDRICAL_SURFACE ( 'NONE', #3178, 1.249999999999973400 ) ;
#5201 = ORIENTED_EDGE ( 'NONE', *, *, #1787, .T. ) ;
#5202 = CARTESIAN_POINT ( 'NONE',  ( 16.24810095264188400, -0.9652524972597851200, -0.5572887891288950100 ) ) ;
#5203 = ORIENTED_EDGE ( 'NONE', *, *, #151, .F. ) ;
#5204 = CARTESIAN_POINT ( 'NONE',  ( 2.352451905283759400, 1.249999999999973400, 0.7216878364870166200 ) ) ;
#5205 = AXIS2_PLACEMENT_3D ( 'NONE', #1558, #4442, #1147 ) ;
#5206 = CARTESIAN_POINT ( 'NONE',  ( 3.150000000000002100, 1.249999999999973400, 0.0000000000000000000 ) ) ;
#5207 = FACE_BOUND ( 'NONE', #1843, .T. ) ;
#5208 = EDGE_CURVE ( 'NONE', #1773, #2458, #3442, .T. ) ;
#5209 = VERTEX_POINT ( 'NONE', #1509 ) ;
#5210 = CARTESIAN_POINT ( 'NONE',  ( 16.15435095264188400, -0.9652524972597843500, 1.182093381138184100E-016 ) ) ;
#5211 = CARTESIAN_POINT ( 'NONE',  ( 0.2056726068847540600, -0.7168476056928311200, -0.8549216775004726500 ) ) ;
#5212 = ORIENTED_EDGE ( 'NONE', *, *, #325, .F. ) ;
#5213 = CARTESIAN_POINT ( 'NONE',  ( 11.31685095264188200, -2.047445795422217100E-016, -1.114577578257790000 ) ) ;
#5214 = FACE_OUTER_BOUND ( 'NONE', #2764, .T. ) ;
#5215 = CARTESIAN_POINT ( 'NONE',  ( 11.41060095264188600, 0.4826262486298914500, -0.8359331836933428000 ) ) ;
#5216 = VERTEX_POINT ( 'NONE', #2352 ) ;
#5217 = CARTESIAN_POINT ( 'NONE',  ( 2.048100952641880700, 0.9652524972597841300, -0.5572887891288955700 ) ) ;
#5218 = CARTESIAN_POINT ( 'NONE',  ( 3.041850952641880700, 6.824819318074054600E-017, 1.114577578257790000 ) ) ;
#5219 = CARTESIAN_POINT ( 'NONE',  ( 3.600000000000002300, 1.249999999999973400, 0.0000000000000000000 ) ) ;
#5220 = CARTESIAN_POINT ( 'NONE',  ( 1.823100952641880700, -0.9652524972597841300, 0.5572887891288953500 ) ) ;
ENDSEC;
END-ISO-10303-21;
