ISO-10303-21;
HEADER;
FILE_DESCRIPTION (( 'STEP AP203' ),
    '1' );
FILE_NAME ('95947A015_Aluminum Female Threaded Hex Standoff.STEP',
    '2021-08-25T17:11:43',
    ( 'Administrator' ),
    ( 'Managed by Terraform' ),
    'SwSTEP 2.0',
    'SolidWorks 2017',
    '' );
FILE_SCHEMA (( 'CONFIG_CONTROL_DESIGN' ));
ENDSEC;

DATA;
#1 = CARTESIAN_POINT ( 'NONE',  ( 15.20000000000000100, -0.8322373961761812000, 0.5491695508164409200 ) ) ;
#2 = VERTEX_POINT ( 'NONE', #1094 ) ;
#3 = CARTESIAN_POINT ( 'NONE',  ( 16.53995190528375800, 0.6249999999999856800, -1.082531754730525800 ) ) ;
#4 = ORIENTED_EDGE ( 'NONE', *, *, #4798, .F. ) ;
#5 = AXIS2_PLACEMENT_3D ( 'NONE', #53, #2503, #30 ) ;
#6 = CARTESIAN_POINT ( 'NONE',  ( 18.07745190528376300, -5.200148628237119300E-015, 1.249999999999973400 ) ) ;
#7 = CARTESIAN_POINT ( 'NONE',  ( 0.1356009526418809100, -0.4826262486298926200, -0.8359331836933422400 ) ) ;
#8 = CARTESIAN_POINT ( 'NONE',  ( 0.0000000000000000000, 1.530808498934159000E-016, -1.249999999999973400 ) ) ;
#9 = CARTESIAN_POINT ( 'NONE',  ( 3.937500000000003600, 4.822484202722691300E-015, -1.249999999999973400 ) ) ;
#10 = CARTESIAN_POINT ( 'NONE',  ( 4.799999999999983800, -1.190413950262347200, 0.2387565755332158900 ) ) ;
#11 = ORIENTED_EDGE ( 'NONE', *, *, #2055, .F. ) ;
#12 = CARTESIAN_POINT ( 'NONE',  ( 2.362500000000002000, 1.743066579297358300E-016, 1.249999999999973400 ) ) ;
#13 = CARTESIAN_POINT ( 'NONE',  ( 1.429350952641880800, -0.4826262486298926200, -0.8359331836933422400 ) ) ;
#14 = AXIS2_PLACEMENT_3D ( 'NONE', #2058, #3243, #4934 ) ;
#15 = ORIENTED_EDGE ( 'NONE', *, *, #3211, .F. ) ;
#16 = CARTESIAN_POINT ( 'NONE',  ( 20.12873797632095900, 1.278124999999972900, -0.7379258128079757600 ) ) ;
#17 = CARTESIAN_POINT ( 'NONE',  ( 19.08560095264188000, 0.9652524972597850100, 0.0000000000000000000 ) ) ;
#18 =( BOUNDED_CURVE ( )  B_SPLINE_CURVE ( 2, ( #4306, #999, #562, #1800, #3420, #1868, #1404, #4257, #1436 ),
 .UNSPECIFIED., .F., .F. ) 
 B_SPLINE_CURVE_WITH_KNOTS ( ( 3, 2, 2, 2, 3 ),
 ( 0.3541666666666666900, 0.3611111111111111000, 0.3750000000000000000, 0.3888888888888889000, 0.3958333333333333700 ),
 .UNSPECIFIED. ) 
 CURVE ( )  GEOMETRIC_REPRESENTATION_ITEM ( )  RATIONAL_B_SPLINE_CURVE ( ( 0.9330127018922194100, 0.9330127018922196300, 1.000000000000000000, 0.8660254037844387100, 1.000000000000000000, 0.8660254037844387100, 1.000000000000000000, 0.9330127018922190800, 0.9330127018922194100 ) ) 
 REPRESENTATION_ITEM ( '' )  );
#19 = CARTESIAN_POINT ( 'NONE',  ( 19.92523223049659000, -0.6708414711519190600, 1.054747698815603900 ) ) ;
#20 = CARTESIAN_POINT ( 'NONE',  ( 3.154350952641880500, -0.9652524972597843500, 1.182093381138184100E-016 ) ) ;
#21 = CARTESIAN_POINT ( 'NONE',  ( 3.514951905283759000, -0.6249999999999872300, -1.082531754730524900 ) ) ;
#22 = ORIENTED_EDGE ( 'NONE', *, *, #5282, .F. ) ;
#23 = CARTESIAN_POINT ( 'NONE',  ( 0.0000000000000000000, 0.0000000000000000000, 1.249999999999973400 ) ) ;
#24 = CARTESIAN_POINT ( 'NONE',  ( 19.77915292921009200, -0.8053223123434558600, 0.7534114174679731300 ) ) ;
#25 = EDGE_LOOP ( 'NONE', ( #3035, #782, #1782, #2217, #1643, #1384, #4070, #4446, #2095, #5133, #4957, #3664, #4950, #4039, #109, #3194, #340, #1170, #1295, #3805, #4515, #3159, #2101, #4706, #5086, #4873, #5039 ) ) ;
#26 = CARTESIAN_POINT ( 'NONE',  ( 4.823100952641881100, 0.9652524972597842400, 0.5572887891288949000 ) ) ;
#27 = CARTESIAN_POINT ( 'NONE',  ( 0.0000000000000000000, 0.0000000000000000000, 0.0000000000000000000 ) ) ;
#28 = CARTESIAN_POINT ( 'NONE',  ( 4.800000000000001600, 0.3720290161577793400, 0.9436597126030368300 ) ) ;
#29 = CARTESIAN_POINT ( 'NONE',  ( 4.800000000000002500, -0.6249999999999872300, -1.082531754730524900 ) ) ;
#30 = DIRECTION ( 'NONE',  ( 0.0000000000000000000, 0.0000000000000000000, 1.000000000000000000 ) ) ;
#31 = CARTESIAN_POINT ( 'NONE',  ( 3.229350952641880700, -0.4826262486298926200, -0.8359331836933422400 ) ) ;
#32 = EDGE_CURVE ( 'NONE', #4252, #923, #657, .T. ) ;
#33 = B_SPLINE_CURVE_WITH_KNOTS ( 'NONE', 3,
 ( #1855, #2254, #1086, #3963, #1070, #1615 ),
 .UNSPECIFIED., .F., .F.,
 ( 4, 2, 4 ),
 ( 0.001314652396222794100, 0.001969405109320633700, 0.002624157822418473000 ),
 .UNSPECIFIED. ) ;
#34 = ORIENTED_EDGE ( 'NONE', *, *, #4528, .T. ) ;
#35 = CARTESIAN_POINT ( 'NONE',  ( 18.73621392896280100, -2.711095453990486600E-016, -1.475851625615950200 ) ) ;
#36 = CARTESIAN_POINT ( 'NONE',  ( 2.952451905283759400, -1.249999999999973100, 0.7216878364870171800 ) ) ;
#37 = CARTESIAN_POINT ( 'NONE',  ( 1.129350952641880800, 0.9652524972597843500, 0.0000000000000000000 ) ) ;
#38 = CARTESIAN_POINT ( 'NONE',  ( 19.01060095264187700, 0.4826262486298917900, -0.8359331836933434600 ) ) ;
#39 = EDGE_LOOP ( 'NONE', ( #5013, #2384, #4693, #2852, #3146, #2639 ) ) ;
#40 = CARTESIAN_POINT ( 'NONE',  ( -0.1762860710371991200, -1.278124999999973500, 1.565251690160178300E-016 ) ) ;
#41 = CARTESIAN_POINT ( 'NONE',  ( 19.34240381056767100, 0.3349364905388939100, 1.249999999999974900 ) ) ;
#42 = CARTESIAN_POINT ( 'NONE',  ( 4.654350952641880900, 0.4826262486298914500, -0.8359331836933428000 ) ) ;
#43 = CARTESIAN_POINT ( 'NONE',  ( 3.477451905283758500, -1.249999999999973400, -0.7216878364870162900 ) ) ;
#44 = COORDINATED_UNIVERSAL_TIME_OFFSET ( 6, 0, .BEHIND. ) ;
#45 = CARTESIAN_POINT ( 'NONE',  ( 17.81495190528375600, -0.6249999999999872300, -1.082531754730524900 ) ) ;
#46 = B_SPLINE_CURVE_WITH_KNOTS ( 'NONE', 3,
 ( #4871, #4801, #743, #2752 ),
 .UNSPECIFIED., .F., .F.,
 ( 4, 4 ),
 ( 2.380746839936124300E-007, 0.001314652396222795600 ),
 .UNSPECIFIED. ) ;
#47 = CARTESIAN_POINT ( 'NONE',  ( 17.49185095264188300, -0.9652524972597845700, -0.5572887891288946800 ) ) ;
#48 = CARTESIAN_POINT ( 'NONE',  ( 18.56495190528376000, -0.6249999999999863400, 1.082531754730525300 ) ) ;
#49 = CARTESIAN_POINT ( 'NONE',  ( 1.373100952641880700, -0.9652524972597841300, 0.5572887891288953500 ) ) ;
#50 = CARTESIAN_POINT ( 'NONE',  ( 0.0000000000000000000, 0.0000000000000000000, 1.249999999999973400 ) ) ;
#51 =( BOUNDED_CURVE ( )  B_SPLINE_CURVE ( 2, ( #362, #2116, #840, #4899, #1256, #438, #5304, #419, #3264 ),
 .UNSPECIFIED., .F., .F. ) 
 B_SPLINE_CURVE_WITH_KNOTS ( ( 3, 2, 2, 2, 3 ),
 ( 0.5347222222222222100, 0.5416666666666666300, 0.5555555555555555800, 0.5694444444444444200, 0.5763888888888888400 ),
 .UNSPECIFIED. ) 
 CURVE ( )  GEOMETRIC_REPRESENTATION_ITEM ( )  RATIONAL_B_SPLINE_CURVE ( ( 0.9330127018922194100, 0.9330127018922194100, 1.000000000000000000, 0.8660254037844387100, 1.000000000000000000, 0.8660254037844387100, 1.000000000000000000, 0.9330127018922194100, 0.9330127018922194100 ) ) 
 REPRESENTATION_ITEM ( '' )  );
#52 = CARTESIAN_POINT ( 'NONE',  ( 18.01250000000000300, -5.171097518582163300E-015, 1.249999999999973400 ) ) ;
#53 = CARTESIAN_POINT ( 'NONE',  ( 15.19999999999999800, 0.0000000000000000000, 0.0000000000000000000 ) ) ;
#54 = VECTOR ( 'NONE', #3280, 1000.000000000000000 ) ;
#55 = CARTESIAN_POINT ( 'NONE',  ( 3.004350952641880600, 0.4826262486298922800, 0.8359331836933423500 ) ) ;
#56 = CARTESIAN_POINT ( 'NONE',  ( 17.46121392896279900, 1.278124999999973300, -0.7379258128079758700 ) ) ;
#57 = CARTESIAN_POINT ( 'NONE',  ( 16.82873797632096200, -1.278124999999973800, -0.7379258128079745300 ) ) ;
#58 = CARTESIAN_POINT ( 'NONE',  ( 1.260600952641880700, 0.4826262486298922800, 0.8359331836933423500 ) ) ;
#59 = VECTOR ( 'NONE', #3381, 1000.000000000000000 ) ;
#60 = CARTESIAN_POINT ( 'NONE',  ( 0.4987139289628008100, 1.278124999999973500, 0.0000000000000000000 ) ) ;
#61 = CARTESIAN_POINT ( 'NONE',  ( 19.80006160783148400, 0.9178940221259843700, -0.6463630409438353400 ) ) ;
#62 = CARTESIAN_POINT ( 'NONE',  ( 4.954350952641880700, -0.9652524972597843500, 1.182093381138184100E-016 ) ) ;
#63 = CARTESIAN_POINT ( 'NONE',  ( 1.892403810567668400, 0.3349364905388950700, 1.249999999999973800 ) ) ;
#64 = AXIS2_PLACEMENT_3D ( 'NONE', #5118, #5185, #622 ) ;
#65 = CYLINDRICAL_SURFACE ( 'NONE', #4772, 1.249999999999973400 ) ;
#66 = CARTESIAN_POINT ( 'NONE',  ( 16.89185095264188200, 6.824819318074054600E-017, 1.114577578257790000 ) ) ;
#67 = CARTESIAN_POINT ( 'NONE',  ( 0.5825961894323371500, -0.3349364905388963500, 1.249999999999973400 ) ) ;
#68 = CARTESIAN_POINT ( 'NONE',  ( 1.598100952641880600, 0.9652524972597841300, -0.5572887891288955700 ) ) ;
#69 = CARTESIAN_POINT ( 'NONE',  ( 0.3083724478576023200, 1.024748291531713700, 0.01909304482669530200 ) ) ;
#70 = CYLINDRICAL_SURFACE ( 'NONE', #1044, 1.249999999999973400 ) ;
#71 = CARTESIAN_POINT ( 'NONE',  ( 2.164951905283758900, -0.6249999999999872300, -1.082531754730524900 ) ) ;
#72 = CARTESIAN_POINT ( 'NONE',  ( 15.99185095264188100, 6.824819318074054600E-017, 1.114577578257790000 ) ) ;
#73 = CARTESIAN_POINT ( 'NONE',  ( 4.302451905283758600, -1.249999999999973100, 0.7216878364870171800 ) ) ;
#74 = VERTEX_POINT ( 'NONE', #241 ) ;
#75 = ORIENTED_EDGE ( 'NONE', *, *, #5115, .F. ) ;
#76 = CARTESIAN_POINT ( 'NONE',  ( 17.76121392896280000, -1.278124999999973800, -0.7379258128079745300 ) ) ;
#77 = CARTESIAN_POINT ( 'NONE',  ( 1.354350952641880900, -0.9652524972597843500, 1.182093381138184100E-016 ) ) ;
#78 = CARTESIAN_POINT ( 'NONE',  ( 16.75373797632095900, -1.278124999999973300, 0.7379258128079753100 ) ) ;
#79 = EDGE_CURVE ( 'NONE', #1442, #673, #4777, .T. ) ;
#80 = CARTESIAN_POINT ( 'NONE',  ( 19.90626264280358300, -0.1748818550819566100, 1.209247318953824600 ) ) ;
#81 = CARTESIAN_POINT ( 'NONE',  ( 4.916850952641881100, -0.9652524972597841300, 0.5572887891288953500 ) ) ;
#82 = CARTESIAN_POINT ( 'NONE',  ( 1.707596189432336800, 0.3349364905388956300, -1.249999999999973600 ) ) ;
#83 = VERTEX_POINT ( 'NONE', #1399 ) ;
#84 = CARTESIAN_POINT ( 'NONE',  ( 15.84871392896280000, -0.6390624999999864300, 1.106888719211963000 ) ) ;
#85 = CARTESIAN_POINT ( 'NONE',  ( 16.40435095264188100, 0.4826262486298922800, 0.8359331836933423500 ) ) ;
#86 = VERTEX_POINT ( 'NONE', #2264 ) ;
#87 = AXIS2_PLACEMENT_3D ( 'NONE', #946, #3803, #2846 ) ;
#88 = CARTESIAN_POINT ( 'NONE',  ( 0.0000000000000000000, 1.530808498934159000E-016, -1.249999999999973400 ) ) ;
#89 = CARTESIAN_POINT ( 'NONE',  ( 4.350000000000002300, -0.6249999999999872300, -1.082531754730524900 ) ) ;
#90 = CARTESIAN_POINT ( 'NONE',  ( 1.223100952641880600, 0.9652524972597842400, 0.5572887891288949000 ) ) ;
#91 = CARTESIAN_POINT ( 'NONE',  ( -1.334076891925522600E-017, 2.249999999999997800, -0.2199451808919046000 ) ) ;
#92 = DIRECTION ( 'NONE',  ( -1.000000000000000000, -0.0000000000000000000, -0.0000000000000000000 ) ) ;
#93 = DIRECTION ( 'NONE',  ( 0.0000000000000000000, 0.0000000000000000000, 1.000000000000000000 ) ) ;
#94 = EDGE_LOOP ( 'NONE', ( #664, #4555, #3458, #433 ) ) ;
#95 = CARTESIAN_POINT ( 'NONE',  ( 16.21250000000000200, 1.743066579297358300E-016, 1.249999999999973100 ) ) ;
#96 = CARTESIAN_POINT ( 'NONE',  ( 19.11121392896279800, -1.278124999999973800, -0.7379258128079745300 ) ) ;
#97 = CARTESIAN_POINT ( 'NONE',  ( 15.23364329317703400, 1.249999999999972700, -0.6025345209257423300 ) ) ;
#98 = CARTESIAN_POINT ( 'NONE',  ( 16.56623797632095900, 1.278124999999973300, 0.0000000000000000000 ) ) ;
#99 = VERTEX_POINT ( 'NONE', #5105 ) ;
#100 = CARTESIAN_POINT ( 'NONE',  ( 18.80435095264188000, -0.9652524972597843500, 1.182093381138184100E-016 ) ) ;
#101 = CARTESIAN_POINT ( 'NONE',  ( 15.33560095264188100, -0.4826262486298926200, -0.8359331836933422400 ) ) ;
#102 = CARTESIAN_POINT ( 'NONE',  ( 15.62371392896280000, 0.6390624999999857700, -1.106888719211963400 ) ) ;
#103 = EDGE_LOOP ( 'NONE', ( #3535, #2523, #1558, #614 ) ) ;
#104 = CARTESIAN_POINT ( 'NONE',  ( 16.70435095264188200, 0.4826262486298914500, -0.8359331836933428000 ) ) ;
#105 = CC_DESIGN_APPROVAL ( #1508, ( #3874 ) ) ;
#106 = CARTESIAN_POINT ( 'NONE',  ( -1.099660523772895000E-015, 1.315951922094011000, 1.838311014891731700 ) ) ;
#107 = CARTESIAN_POINT ( 'NONE',  ( 0.2009618943233406300, 2.249999999999998700, -1.299038105676656700 ) ) ;
#108 = CARTESIAN_POINT ( 'NONE',  ( 19.20245190528375500, -5.229199737892074000E-016, -1.249999999999973400 ) ) ;
#109 = ORIENTED_EDGE ( 'NONE', *, *, #4392, .T. ) ;
#110 = CARTESIAN_POINT ( 'NONE',  ( 0.2371743234485201000, 0.5898736998437933400, 0.9021982814852874700 ) ) ;
#111 = CARTESIAN_POINT ( 'NONE',  ( 3.150000000000002100, 1.249999999999973400, 0.0000000000000000000 ) ) ;
#112 = EDGE_CURVE ( 'NONE', #2163, #4366, #4935, .T. ) ;
#113 = CYLINDRICAL_SURFACE ( 'NONE', #1230, 1.249999999999973400 ) ;
#114 = CARTESIAN_POINT ( 'NONE',  ( 18.32371392896280000, 0.6390624999999857700, -1.106888719211963400 ) ) ;
#115 = CARTESIAN_POINT ( 'NONE',  ( 1.166850952641880900, 0.9652524972597843500, 0.5572887891288949000 ) ) ;
#116 = CARTESIAN_POINT ( 'NONE',  ( 17.46623797632096100, 1.278124999999973300, 0.0000000000000000000 ) ) ;
#117 = CARTESIAN_POINT ( 'NONE',  ( 17.19185095264188200, 0.9652524972597841300, -0.5572887891288955700 ) ) ;
#118 = CARTESIAN_POINT ( 'NONE',  ( 17.85245190528376100, -5.229199737892074000E-016, -1.249999999999973400 ) ) ;
#119 = CARTESIAN_POINT ( 'NONE',  ( 16.38560095264188400, 0.9652524972597843500, 0.0000000000000000000 ) ) ;
#120 = CARTESIAN_POINT ( 'NONE',  ( 16.97371392896280200, 0.6390624999999857700, -1.106888719211963400 ) ) ;
#121 = CYLINDRICAL_SURFACE ( 'NONE', #2700, 1.249999999999973400 ) ;
#122 = EDGE_CURVE ( 'NONE', #4583, #1051, #1934, .T. ) ;
#123 = CARTESIAN_POINT ( 'NONE',  ( 18.91685095264188000, -2.047445795422216600E-016, -1.114577578257790000 ) ) ;
#124 = CARTESIAN_POINT ( 'NONE',  ( 19.98075666599056500, 0.7433463941989659800, 2.168904970561404100 ) ) ;
#125 =( BOUNDED_CURVE ( )  B_SPLINE_CURVE ( 2, ( #1577, #1109, #3150, #323, #2806, #746, #3203 ),
 .UNSPECIFIED., .F., .F. ) 
 B_SPLINE_CURVE_WITH_KNOTS ( ( 3, 2, 2, 3 ),
 ( 0.8680555555555555800, 0.8750000000000000000, 0.8888888888888888400, 0.8894051908260989200 ),
 .UNSPECIFIED. ) 
 CURVE ( )  GEOMETRIC_REPRESENTATION_ITEM ( )  RATIONAL_B_SPLINE_CURVE ( ( 0.9330127018922194100, 0.9330127018922194100, 1.000000000000000000, 0.8660254037844387100, 1.000000000000000000, 0.9950196632634617000, 0.9904096020076482700 ) ) 
 REPRESENTATION_ITEM ( '' )  );
#126 = FACE_OUTER_BOUND ( 'NONE', #544, .T. ) ;
#127 =( BOUNDED_CURVE ( )  B_SPLINE_CURVE ( 2, ( #1334, #2536, #5009, #917, #953, #4582, #5027, #2585, #3333 ),
 .UNSPECIFIED., .F., .F. ) 
 B_SPLINE_CURVE_WITH_KNOTS ( ( 3, 2, 2, 2, 3 ),
 ( 0.2013888888888888400, 0.2083333333333333700, 0.2222222222222222100, 0.2361111111111110500, 0.2430555555555554700 ),
 .UNSPECIFIED. ) 
 CURVE ( )  GEOMETRIC_REPRESENTATION_ITEM ( )  RATIONAL_B_SPLINE_CURVE ( ( 0.9330127018922193000, 0.9330127018922187400, 1.000000000000000000, 0.8660254037844387100, 1.000000000000000000, 0.8660254037844387100, 1.000000000000000000, 0.9330127018922198500, 0.9330127018922193000 ) ) 
 REPRESENTATION_ITEM ( '' )  );
#128 = CARTESIAN_POINT ( 'NONE',  ( 0.2459969971108315600, 0.2070860249146128400, -1.066503002889163600 ) ) ;
#129 = CARTESIAN_POINT ( 'NONE',  ( 0.6274519052837590500, 1.452555482747798400E-016, 1.249999999999973100 ) ) ;
#130 = DIRECTION ( 'NONE',  ( -1.000000000000000000, -0.0000000000000000000, -0.0000000000000000000 ) ) ;
#131 = CARTESIAN_POINT ( 'NONE',  ( 20.00000000000000000, 0.0000000000000000000, 0.0000000000000000000 ) ) ;
#132 = CARTESIAN_POINT ( 'NONE',  ( 16.00759618943233400, 0.3349364905388956800, -1.249999999999973600 ) ) ;
#133 = CIRCLE ( 'NONE', #3398, 2.249999999999998200 ) ;
#134 =( BOUNDED_CURVE ( )  B_SPLINE_CURVE ( 2, ( #2821, #3161, #723, #761, #1172, #2383, #2009, #4009, #4027 ),
 .UNSPECIFIED., .F., .F. ) 
 B_SPLINE_CURVE_WITH_KNOTS ( ( 3, 2, 2, 2, 3 ),
 ( 0.6458333333333333700, 0.6527777777777777900, 0.6666666666666666300, 0.6805555555555555800, 0.6875000000000000000 ),
 .UNSPECIFIED. ) 
 CURVE ( )  GEOMETRIC_REPRESENTATION_ITEM ( )  RATIONAL_B_SPLINE_CURVE ( ( 0.9330127018922193000, 0.9330127018922198500, 1.000000000000000000, 0.8660254037844387100, 1.000000000000000000, 0.8660254037844387100, 1.000000000000000000, 0.9330127018922194100, 0.9330127018922194100 ) ) 
 REPRESENTATION_ITEM ( '' )  );
#135 = CARTESIAN_POINT ( 'NONE',  ( 15.99185095264188100, 6.824819318074054600E-017, 1.114577578257790000 ) ) ;
#136 = CARTESIAN_POINT ( 'NONE',  ( 4.129350952641880600, -0.4826262486298926200, -0.8359331836933422400 ) ) ;
#137 = CARTESIAN_POINT ( 'NONE',  ( 15.62873797632096100, 1.278124999999972900, -0.7379258128079757600 ) ) ;
#138 = CARTESIAN_POINT ( 'NONE',  ( 17.04185095264188000, -0.9652524972597844600, -0.5572887891288946800 ) ) ;
#139 = VECTOR ( 'NONE', #1389, 1000.000000000000000 ) ;
#140 = CARTESIAN_POINT ( 'NONE',  ( 16.36249999999999700, -1.249999999999973600, -0.7216878364870164000 ) ) ;
#141 = CARTESIAN_POINT ( 'NONE',  ( 16.46060095264188000, 0.4826262486298922800, 0.8359331836933423500 ) ) ;
#142 = PRODUCT_RELATED_PRODUCT_CATEGORY ( 'detail', '', ( #4588 ) ) ;
#143 = CARTESIAN_POINT ( 'NONE',  ( 18.50435095264188200, 0.4826262486298914500, -0.8359331836933428000 ) ) ;
#144 = ORIENTED_EDGE ( 'NONE', *, *, #2261, .T. ) ;
#145 = CARTESIAN_POINT ( 'NONE',  ( 0.9924038105676685800, 0.3349364905388963500, 1.249999999999973400 ) ) ;
#146 = DIRECTION ( 'NONE',  ( 0.0000000000000000000, 0.0000000000000000000, -1.000000000000000000 ) ) ;
#147 = EDGE_CURVE ( 'NONE', #1001, #983, #3723, .T. ) ;
#148 = CARTESIAN_POINT ( 'NONE',  ( 17.35759618943233600, 0.3349364905388968500, -1.249999999999972900 ) ) ;
#149 = ORIENTED_EDGE ( 'NONE', *, *, #5213, .T. ) ;
#150 = CARTESIAN_POINT ( 'NONE',  ( 0.3274519052837591100, -1.249999999999973400, -0.7216878364870162900 ) ) ;
#151 = DIRECTION ( 'NONE',  ( 0.0000000000000000000, 0.0000000000000000000, 1.000000000000000000 ) ) ;
#152 = CARTESIAN_POINT ( 'NONE',  ( 3.679350952641880800, -0.4826262486298926200, -0.8359331836933422400 ) ) ;
#153 = CARTESIAN_POINT ( 'NONE',  ( 15.12935095264188200, -0.4826262486298919500, 0.8359331836933424600 ) ) ;
#154 = ORIENTED_EDGE ( 'NONE', *, *, #3141, .T. ) ;
#155 = CARTESIAN_POINT ( 'NONE',  ( 2.779350952641880500, -0.4826262486298926200, -0.8359331836933422400 ) ) ;
#156 = CARTESIAN_POINT ( 'NONE',  ( 0.5037379763209608500, 1.278124999999973500, 0.7379258128079748700 ) ) ;
#157 = EDGE_CURVE ( 'NONE', #845, #3098, #184, .T. ) ;
#158 = CARTESIAN_POINT ( 'NONE',  ( 17.97935095264188000, -0.4826262486298926200, -0.8359331836933422400 ) ) ;
#159 = ORIENTED_EDGE ( 'NONE', *, *, #3946, .T. ) ;
#160 = CARTESIAN_POINT ( 'NONE',  ( 19.14185095264188200, 6.824819318074054600E-017, 1.114577578257790000 ) ) ;
#161 = AXIS2_PLACEMENT_3D ( 'NONE', #3479, #2636, #598 ) ;
#162 = CARTESIAN_POINT ( 'NONE',  ( 3.048713928962800700, -0.6390624999999873200, -1.106888719211962500 ) ) ;
#163 = EDGE_LOOP ( 'NONE', ( #2972, #1826, #3816, #3669 ) ) ;
#164 = VERTEX_POINT ( 'NONE', #558 ) ;
#165 = CARTESIAN_POINT ( 'NONE',  ( 20.00000000000000000, 1.508335473232664800, 1.727238319854174500 ) ) ;
#166 = DIRECTION ( 'NONE',  ( 1.000000000000000000, 0.0000000000000000000, 0.0000000000000000000 ) ) ;
#167 = B_SPLINE_CURVE_WITH_KNOTS ( 'NONE', 3,
 ( #4026, #4482, #4428, #1611 ),
 .UNSPECIFIED., .F., .F.,
 ( 4, 4 ),
 ( 2.380746839934120000E-007, 0.001314652396222795200 ),
 .UNSPECIFIED. ) ;
#168 = VERTEX_POINT ( 'NONE', #4986 ) ;
#169 = CARTESIAN_POINT ( 'NONE',  ( 2.929350952641880400, 0.9652524972597843500, 0.0000000000000000000 ) ) ;
#170 = CARTESIAN_POINT ( 'NONE',  ( 16.36685095264188000, 0.9652524972597842400, 0.5572887891288949000 ) ) ;
#171 = CARTESIAN_POINT ( 'NONE',  ( 2.816850952641881000, -2.047445795422216600E-016, -1.114577578257790000 ) ) ;
#172 = CARTESIAN_POINT ( 'NONE',  ( 0.8412379763209608700, 0.6390624999999856600, -1.106888719211963200 ) ) ;
#173 = CARTESIAN_POINT ( 'NONE',  ( 16.89185095264188200, 6.824819318074054600E-017, 1.114577578257790000 ) ) ;
#174 = CARTESIAN_POINT ( 'NONE',  ( 15.19999999999999800, -0.6466369738519292000, 0.7166400822685467000 ) ) ;
#175 = ORIENTED_EDGE ( 'NONE', *, *, #2657, .F. ) ;
#176 = CARTESIAN_POINT ( 'NONE',  ( 18.20435095264187800, 0.4826262486298922800, 0.8359331836933423500 ) ) ;
#177 = DATE_AND_TIME ( #3162, #1584 ) ;
#178 = CARTESIAN_POINT ( 'NONE',  ( 2.823713928962800600, 0.6390624999999868800, 1.106888719211962700 ) ) ;
#179 = DIRECTION ( 'NONE',  ( 0.0000000000000000000, 0.0000000000000000000, -1.000000000000000000 ) ) ;
#180 = DIRECTION ( 'NONE',  ( 0.0000000000000000000, 0.0000000000000000000, 1.000000000000000000 ) ) ;
#181 = CARTESIAN_POINT ( 'NONE',  ( 18.41495190528375800, 1.249999999999973400, 0.0000000000000000000 ) ) ;
#182 = CONICAL_SURFACE ( 'NONE', #1729, 1.312500000000000000, 0.7853981633974396200 ) ;
#183 = DIRECTION ( 'NONE',  ( 0.0000000000000000000, 0.0000000000000000000, 1.000000000000000000 ) ) ;
#184 = B_SPLINE_CURVE_WITH_KNOTS ( 'NONE', 3,
 ( #3517, #5136, #3939, #3488, #1046, #2566 ),
 .UNSPECIFIED., .F., .F.,
 ( 4, 2, 4 ),
 ( 0.009083838860003631100, 0.009740988960403110200, 0.01039813906080259100 ),
 .UNSPECIFIED. ) ;
#185 = EDGE_CURVE ( 'NONE', #716, #2342, #708, .T. ) ;
#186 = CARTESIAN_POINT ( 'NONE',  ( 3.641850952641880700, -0.9652524972597844600, -0.5572887891288946800 ) ) ;
#187 = CARTESIAN_POINT ( 'NONE',  ( 15.46685095264188300, 0.9652524972597842400, 0.5572887891288949000 ) ) ;
#188 = CARTESIAN_POINT ( 'NONE',  ( 2.141850952641880700, 6.824819318074054600E-017, 1.114577578257790000 ) ) ;
#189 = CARTESIAN_POINT ( 'NONE',  ( 2.003737976320960600, -1.278124999999973300, 0.7379258128079753100 ) ) ;
#190 = CARTESIAN_POINT ( 'NONE',  ( 15.03560095264188200, 0.9652524972597843500, 0.0000000000000000000 ) ) ;
#191 = CARTESIAN_POINT ( 'NONE',  ( 17.88560095264188000, -0.4826262486298919500, 0.8359331836933424600 ) ) ;
#192 = AXIS2_PLACEMENT_3D ( 'NONE', #1224, #4888, #1629 ) ;
#193 =( BOUNDED_CURVE ( )  B_SPLINE_CURVE ( 2, ( #2190, #1424, #1407, #3443, #3007, #4308, #1837, #4718, #4650 ),
 .UNSPECIFIED., .F., .F. ) 
 B_SPLINE_CURVE_WITH_KNOTS ( ( 3, 2, 2, 2, 3 ),
 ( 0.1597222222222222100, 0.1666666666666666300, 0.1805555555555555800, 0.1944444444444444200, 0.2013888888888888400 ),
 .UNSPECIFIED. ) 
 CURVE ( )  GEOMETRIC_REPRESENTATION_ITEM ( )  RATIONAL_B_SPLINE_CURVE ( ( 0.9330127018922194100, 0.9330127018922194100, 1.000000000000000000, 0.8660254037844387100, 1.000000000000000000, 0.8660254037844387100, 1.000000000000000000, 0.9330127018922198500, 0.9330127018922193000 ) ) 
 REPRESENTATION_ITEM ( '' )  );
#194 = CARTESIAN_POINT ( 'NONE',  ( 18.57935095264188200, 0.9652524972597843500, 0.0000000000000000000 ) ) ;
#195 = CARTESIAN_POINT ( 'NONE',  ( 3.348713928962801000, -0.6390624999999864300, 1.106888719211963000 ) ) ;
#196 = CARTESIAN_POINT ( 'NONE',  ( 4.635600952641880200, -0.4826262486298926200, -0.8359331836933422400 ) ) ;
#197 = FACE_OUTER_BOUND ( 'NONE', #462, .T. ) ;
#198 = CARTESIAN_POINT ( 'NONE',  ( 0.3472475027402640000, 1.690803633028092500E-012, 0.9652524972597844600 ) ) ;
#199 = CARTESIAN_POINT ( 'NONE',  ( 2.239951905283759100, 0.6249999999999856800, -1.082531754730525800 ) ) ;
#200 = SECURITY_CLASSIFICATION_LEVEL ( 'unclassified' ) ;
#201 = CIRCLE ( 'NONE', #1781, 1.312500000000000000 ) ;
#202 = CARTESIAN_POINT ( 'NONE',  ( 4.916850952641881100, -0.9652524972597841300, 0.5572887891288953500 ) ) ;
#203 = CARTESIAN_POINT ( 'NONE',  ( 15.35435095264188200, 0.4826262486298914500, -0.8359331836933428000 ) ) ;
#204 = CARTESIAN_POINT ( 'NONE',  ( 3.904350952641880500, 0.4826262486298922800, 0.8359331836933423500 ) ) ;
#205 = CARTESIAN_POINT ( 'NONE',  ( 0.5787379763209609100, 9.036984846634954800E-017, 1.475851625615950000 ) ) ;
#206 = CARTESIAN_POINT ( 'NONE',  ( 15.11060095264188200, 0.4826262486298922800, 0.8359331836933423500 ) ) ;
#207 = CARTESIAN_POINT ( 'NONE',  ( 17.69810095264188400, 0.9652524972597840100, -0.5572887891288955700 ) ) ;
#208 = VERTEX_POINT ( 'NONE', #1366 ) ;
#209 = CARTESIAN_POINT ( 'NONE',  ( 18.61249999999999700, -1.249999999999973600, -0.7216878364870164000 ) ) ;
#210 = ORIENTED_EDGE ( 'NONE', *, *, #4643, .F. ) ;
#211 = CARTESIAN_POINT ( 'NONE',  ( 1.998713928962800900, -0.6390624999999864300, 1.106888719211963000 ) ) ;
#212 = EDGE_CURVE ( 'NONE', #4939, #3438, #5230, .T. ) ;
#213 = CARTESIAN_POINT ( 'NONE',  ( 3.810600952641880000, 0.4826262486298914500, -0.8359331836933428000 ) ) ;
#214 = CARTESIAN_POINT ( 'NONE',  ( 0.3472475027402642200, 0.6360407303598217800, 0.7260609979812952000 ) ) ;
#215 = EDGE_LOOP ( 'NONE', ( #2862, #3365, #993, #2924 ) ) ;
#216 = CARTESIAN_POINT ( 'NONE',  ( 0.4356009526418808700, -0.4826262486298919500, 0.8359331836933424600 ) ) ;
#217 = CARTESIAN_POINT ( 'NONE',  ( 18.91685095264188000, -2.047445795422216600E-016, -1.114577578257790000 ) ) ;
#218 = CARTESIAN_POINT ( 'NONE',  ( 4.429350952641880400, -0.4826262486298919500, 0.8359331836933424600 ) ) ;
#219 =( BOUNDED_CURVE ( )  B_SPLINE_CURVE ( 2, ( #2038, #2790, #3628, #4878, #729, #4015, #2404, #3583, #1142 ),
 .UNSPECIFIED., .F., .F. ) 
 B_SPLINE_CURVE_WITH_KNOTS ( ( 3, 2, 2, 2, 3 ),
 ( 0.4791666666666666900, 0.4861111111111111000, 0.5000000000000000000, 0.5138888888888888400, 0.5208333333333333700 ),
 .UNSPECIFIED. ) 
 CURVE ( )  GEOMETRIC_REPRESENTATION_ITEM ( )  RATIONAL_B_SPLINE_CURVE ( ( 0.9330127018922194100, 0.9330127018922196300, 1.000000000000000000, 0.8660254037844387100, 1.000000000000000000, 0.8660254037844387100, 1.000000000000000000, 0.9330127018922187400, 0.9330127018922193000 ) ) 
 REPRESENTATION_ITEM ( '' )  );
#220 = CARTESIAN_POINT ( 'NONE',  ( 1.216237976320961000, -0.6390624999999872100, -1.106888719211962300 ) ) ;
#221 = VERTEX_POINT ( 'NONE', #4980 ) ;
#222 = AXIS2_PLACEMENT_3D ( 'NONE', #418, #839, #1675 ) ;
#223 = CARTESIAN_POINT ( 'NONE',  ( 15.82310095264188200, -2.047445795422216600E-016, -1.114577578257790000 ) ) ;
#224 = CARTESIAN_POINT ( 'NONE',  ( 0.0000000000000000000, 0.0000000000000000000, 1.249999999999973400 ) ) ;
#225 = CARTESIAN_POINT ( 'NONE',  ( 17.43560095264188100, -0.4826262486298919500, 0.8359331836933424600 ) ) ;
#226 = ADVANCED_FACE ( 'NONE', ( #328 ), #4165, .F. ) ;
#227 = EDGE_LOOP ( 'NONE', ( #864, #3080, #3744 ) ) ;
#228 = CARTESIAN_POINT ( 'NONE',  ( 16.05245190528375700, -5.229199737892074000E-016, -1.249999999999973400 ) ) ;
#229 = CARTESIAN_POINT ( 'NONE',  ( 1.286213928962800700, -2.711095453990486600E-016, -1.475851625615950200 ) ) ;
#230 = CARTESIAN_POINT ( 'NONE',  ( 3.975000000000001900, 0.6249999999999856800, -1.082531754730525800 ) ) ;
#231 = ORIENTED_EDGE ( 'NONE', *, *, #431, .F. ) ;
#232 = CARTESIAN_POINT ( 'NONE',  ( 3.210600952641880400, -0.9652524972597843500, 1.182093381138184100E-016 ) ) ;
#233 = CARTESIAN_POINT ( 'NONE',  ( 19.73749999999999700, 1.249999999999973400, 0.7216878364870166200 ) ) ;
#234 = CARTESIAN_POINT ( 'NONE',  ( 0.8856009526418807700, -0.4826262486298919500, 0.8359331836933424600 ) ) ;
#235 = CARTESIAN_POINT ( 'NONE',  ( 18.20435095264187800, 0.4826262486298922800, 0.8359331836933423500 ) ) ;
#236 = CARTESIAN_POINT ( 'NONE',  ( 4.316850952641880600, 0.9652524972597843500, 0.5572887891288949000 ) ) ;
#237 = CARTESIAN_POINT ( 'NONE',  ( 3.953737976320961200, -2.711095453990486600E-016, -1.475851625615950000 ) ) ;
#238 = ORIENTED_EDGE ( 'NONE', *, *, #5011, .F. ) ;
#239 = CARTESIAN_POINT ( 'NONE',  ( 19.89185095264188500, 0.9652524972597841300, -0.5572887891288955700 ) ) ;
#240 = CARTESIAN_POINT ( 'NONE',  ( 17.02310095264188300, -0.9652524972597841300, 0.5572887891288953500 ) ) ;
#241 = CARTESIAN_POINT ( 'NONE',  ( 0.8524519052837590300, -5.229199737892074000E-016, -1.249999999999973400 ) ) ;
#242 = VECTOR ( 'NONE', #2403, 1000.000000000000000 ) ;
#243 = CARTESIAN_POINT ( 'NONE',  ( 16.25735571585142500, 0.3349364905388962900, 1.249999999999973100 ) ) ;
#244 = ORIENTED_EDGE ( 'NONE', *, *, #2960, .T. ) ;
#245 = EDGE_CURVE ( 'NONE', #4105, #2004, #3158, .T. ) ;
#246 = CARTESIAN_POINT ( 'NONE',  ( 3.686213928962800900, 1.278124999999973800, 0.7379258128079749800 ) ) ;
#247 = LINE ( 'NONE', #1113, #2740 ) ;
#248 = DIRECTION ( 'NONE',  ( 0.0000000000000000000, 0.0000000000000000000, 1.000000000000000000 ) ) ;
#249 = CARTESIAN_POINT ( 'NONE',  ( 2.310600952641880500, -0.9652524972597843500, 1.182093381138184100E-016 ) ) ;
#250 = CARTESIAN_POINT ( 'NONE',  ( 18.45245190528375500, 1.249999999999973400, 0.7216878364870166200 ) ) ;
#251 = LINE ( 'NONE', #880, #312 ) ;
#252 = EDGE_CURVE ( 'NONE', #1762, #4304, #432, .T. ) ;
#253 = CARTESIAN_POINT ( 'NONE',  ( 4.991850952641880400, -0.9652524972597844600, -0.5572887891288946800 ) ) ;
#254 = CARTESIAN_POINT ( 'NONE',  ( 17.07935095264188200, -0.4826262486298926200, -0.8359331836933422400 ) ) ;
#255 = CARTESIAN_POINT ( 'NONE',  ( 4.279350952641880900, 0.9652524972597843500, 0.0000000000000000000 ) ) ;
#256 = CARTESIAN_POINT ( 'NONE',  ( 3.278737976320960500, 9.036984846634954800E-017, 1.475851625615950000 ) ) ;
#257 = CARTESIAN_POINT ( 'NONE',  ( 15.07310095264188200, 0.9652524972597842400, 0.5572887891288949000 ) ) ;
#258 = FACE_OUTER_BOUND ( 'NONE', #3998, .T. ) ;
#259 = CARTESIAN_POINT ( 'NONE',  ( 19.01060095264188000, 0.4826262486298914500, -0.8359331836933428000 ) ) ;
#260 = CARTESIAN_POINT ( 'NONE',  ( 3.917403810567668700, -0.3349364905388941300, -1.249999999999974700 ) ) ;
#261 = CARTESIAN_POINT ( 'NONE',  ( 18.46250000000000200, -5.171097518582163300E-015, 1.249999999999973400 ) ) ;
#262 = LINE ( 'NONE', #4204, #3328 ) ;
#263 = CARTESIAN_POINT ( 'NONE',  ( 3.423713928962800700, -1.278124999999973500, 1.565251690160178300E-016 ) ) ;
#264 = CARTESIAN_POINT ( 'NONE',  ( 15.19999999999994800, -0.6220760513747815000, -0.9062871318984755400 ) ) ;
#265 = CARTESIAN_POINT ( 'NONE',  ( 3.885600952641880700, 0.9652524972597843500, 0.0000000000000000000 ) ) ;
#266 = ORIENTED_EDGE ( 'NONE', *, *, #1064, .T. ) ;
#267 = CARTESIAN_POINT ( 'NONE',  ( 2.325000000000002400, 0.6249999999999867900, 1.082531754730525300 ) ) ;
#268 = AXIS2_PLACEMENT_3D ( 'NONE', #436, #2442, #1617 ) ;
#269 = CARTESIAN_POINT ( 'NONE',  ( 0.6231009526418808100, -2.047445795422216600E-016, -1.114577578257790000 ) ) ;
#270 = CARTESIAN_POINT ( 'NONE',  ( 19.02935095264188100, 0.9652524972597843500, 0.0000000000000000000 ) ) ;
#271 = ORIENTED_EDGE ( 'NONE', *, *, #461, .T. ) ;
#272 = CARTESIAN_POINT ( 'NONE',  ( 16.88750000000000300, -4.938688641342514700E-016, -1.249999999999973400 ) ) ;
#273 = CARTESIAN_POINT ( 'NONE',  ( 4.066237976320961100, 1.278124999999973300, 0.0000000000000000000 ) ) ;
#274 = CARTESIAN_POINT ( 'NONE',  ( 16.76060095264188400, 0.4826262486298914500, -0.8359331836933428000 ) ) ;
#275 = CARTESIAN_POINT ( 'NONE',  ( 19.72413608340487900, -0.7076146184980148800, -0.7821085439510677700 ) ) ;
#276 = EDGE_LOOP ( 'NONE', ( #280, #1261, #1816, #2034, #560, #3277 ) ) ;
#277 = CARTESIAN_POINT ( 'NONE',  ( 19.90373797632096100, -1.278124999999973300, 0.7379258128079753100 ) ) ;
#278 = CARTESIAN_POINT ( 'NONE',  ( 16.12745190528376000, 1.249999999999972900, -0.7216878364870175100 ) ) ;
#279 = CARTESIAN_POINT ( 'NONE',  ( -0.1456490473581189800, 0.4826262486298922800, 0.8359331836933423500 ) ) ;
#280 = ORIENTED_EDGE ( 'NONE', *, *, #1205, .F. ) ;
#281 = CARTESIAN_POINT ( 'NONE',  ( 15.19999999999999200, -0.8314734777641984400, -0.6614956664096202100 ) ) ;
#282 = EDGE_CURVE ( 'NONE', #3590, #164, #2205, .T. ) ;
#283 = CARTESIAN_POINT ( 'NONE',  ( 3.323100952641880700, -2.047445795422216600E-016, -1.114577578257790000 ) ) ;
#284 = CARTESIAN_POINT ( 'NONE',  ( 19.79903810567672900, 2.249999999999998700, -1.299038105676761500 ) ) ;
#285 = ORIENTED_EDGE ( 'NONE', *, *, #1362, .T. ) ;
#286 = CARTESIAN_POINT ( 'NONE',  ( 3.810600952641880000, 0.4826262486298914500, -0.8359331836933428000 ) ) ;
#287 = CARTESIAN_POINT ( 'NONE',  ( 19.89185095264188500, 0.9652524972597841300, -0.5572887891288955700 ) ) ;
#288 = CARTESIAN_POINT ( 'NONE',  ( 4.579350952641880700, -0.4826262486298926200, -0.8359331836933422400 ) ) ;
#289 = CARTESIAN_POINT ( 'NONE',  ( 3.166237976320960300, 1.278124999999973300, 0.0000000000000000000 ) ) ;
#290 = CARTESIAN_POINT ( 'NONE',  ( 18.11060095264187800, 0.4826262486298914500, -0.8359331836933428000 ) ) ;
#291 = VERTEX_POINT ( 'NONE', #2371 ) ;
#292 = CARTESIAN_POINT ( 'NONE',  ( 2.100000000000002300, -0.6249999999999872300, -1.082531754730524900 ) ) ;
#293 =( BOUNDED_CURVE ( )  B_SPLINE_CURVE ( 2, ( #2841, #3240, #2059, #5289, #4073, #5267, #4092, #2828, #4856 ),
 .UNSPECIFIED., .F., .F. ) 
 B_SPLINE_CURVE_WITH_KNOTS ( ( 3, 2, 2, 2, 3 ),
 ( 0.2708333333333333700, 0.2777777777777777900, 0.2916666666666666900, 0.3055555555555555800, 0.3125000000000000000 ),
 .UNSPECIFIED. ) 
 CURVE ( )  GEOMETRIC_REPRESENTATION_ITEM ( )  RATIONAL_B_SPLINE_CURVE ( ( 0.9330127018922194100, 0.9330127018922196300, 1.000000000000000000, 0.8660254037844387100, 1.000000000000000000, 0.8660254037844387100, 1.000000000000000000, 0.9330127018922194100, 0.9330127018922194100 ) ) 
 REPRESENTATION_ITEM ( '' )  );
#294 = CARTESIAN_POINT ( 'NONE',  ( 19.64123797632096200, 0.6390624999999856600, -1.106888719211963200 ) ) ;
#295 = CARTESIAN_POINT ( 'NONE',  ( 17.32310095264188000, 0.9652524972597850100, 0.5572887891288952300 ) ) ;
#296 = CARTESIAN_POINT ( 'NONE',  ( 0.3043509526418809500, 0.4826262486298922800, 0.8359331836933423500 ) ) ;
#297 = VERTEX_POINT ( 'NONE', #5201 ) ;
#298 = CARTESIAN_POINT ( 'NONE',  ( 0.0000000000000000000, 1.124999999999999300, -1.948557158514985500 ) ) ;
#299 = CARTESIAN_POINT ( 'NONE',  ( 1.752451905283758600, 2.149782114466741500E-015, -1.249999999999973400 ) ) ;
#300 = CARTESIAN_POINT ( 'NONE',  ( 0.0000000000000000000, 0.0000000000000000000, 0.0000000000000000000 ) ) ;
#301 = COORDINATED_UNIVERSAL_TIME_OFFSET ( 6, 0, .BEHIND. ) ;
#302 = CARTESIAN_POINT ( 'NONE',  ( 4.185600952641880900, -0.4826262486298926200, -0.8359331836933422400 ) ) ;
#303 = B_SPLINE_CURVE_WITH_KNOTS ( 'NONE', 3,
 ( #5286, #2479, #820, #3296, #2056, #2497, #24, #805, #1691, #3665, #2132, #434 ),
 .UNSPECIFIED., .F., .F.,
 ( 4, 2, 2, 2, 2, 4 ),
 ( 0.0000000000000000000, 0.0002389081544182081700, 0.0004778163088364163400, 0.0009556326176728311600, 0.001433448926509246200, 0.001911265235345661000 ),
 .UNSPECIFIED. ) ;
#304 = CARTESIAN_POINT ( 'NONE',  ( 19.70435095264188200, -0.9652524972597843500, 1.182093381138184100E-016 ) ) ;
#305 = CARTESIAN_POINT ( 'NONE',  ( 18.05000000000000400, -0.6249999999999863400, 1.082531754730525300 ) ) ;
#306 = DIRECTION ( 'NONE',  ( -1.000000000000000000, -0.0000000000000000000, -0.0000000000000000000 ) ) ;
#307 = CARTESIAN_POINT ( 'NONE',  ( 2.978737976320960300, -1.278124999999973800, -0.7379258128079745300 ) ) ;
#308 = CYLINDRICAL_SURFACE ( 'NONE', #3806, 1.249999999999973400 ) ;
#309 = CARTESIAN_POINT ( 'NONE',  ( 16.23560095264188200, -0.4826262486298926200, -0.8359331836933422400 ) ) ;
#310 = CARTESIAN_POINT ( 'NONE',  ( 19.53560095264188200, 0.9652524972597843500, 0.0000000000000000000 ) ) ;
#311 = CARTESIAN_POINT ( 'NONE',  ( 3.750000000000002700, -0.6249999999999863400, 1.082531754730525300 ) ) ;
#312 = VECTOR ( 'NONE', #2090, 1000.000000000000000 ) ;
#313 = CARTESIAN_POINT ( 'NONE',  ( 19.86623797632096000, -0.6390624999999863200, 1.106888719211962700 ) ) ;
#314 = CARTESIAN_POINT ( 'NONE',  ( 15.56060095264187900, 0.4826262486298926200, 0.8359331836933430200 ) ) ;
#315 = EDGE_CURVE ( 'NONE', #2358, #5312, #4291, .T. ) ;
#316 = CARTESIAN_POINT ( 'NONE',  ( 0.1168509526418810000, -2.047445795422216600E-016, -1.114577578257790000 ) ) ;
#317 = CARTESIAN_POINT ( 'NONE',  ( 0.2009618943233405000, 9.299228573013449200E-016, -2.598076211353313800 ) ) ;
#318 = CYLINDRICAL_SURFACE ( 'NONE', #4371, 1.249999999999973400 ) ;
#319 = VECTOR ( 'NONE', #2153, 1000.000000000000100 ) ;
#320 = CARTESIAN_POINT ( 'NONE',  ( 3.735600952641880700, -0.4826262486298926200, -0.8359331836933422400 ) ) ;
#321 = CARTESIAN_POINT ( 'NONE',  ( 0.0000000000000000000, 0.0000000000000000000, 0.0000000000000000000 ) ) ;
#322 = CARTESIAN_POINT ( 'NONE',  ( 19.76999170404691600, 0.2998816250554703400, -1.050732691144446100 ) ) ;
#323 = CARTESIAN_POINT ( 'NONE',  ( 0.1024519052837591900, 1.249999999999973400, 0.7216878364870166200 ) ) ;
#324 = CARTESIAN_POINT ( 'NONE',  ( 16.95245190528375900, 2.149782114466741500E-015, -1.249999999999973400 ) ) ;
#325 = CARTESIAN_POINT ( 'NONE',  ( 18.07310095264188000, -2.047445795422216600E-016, -1.114577578257790000 ) ) ;
#326 = CARTESIAN_POINT ( 'NONE',  ( 0.6073557158514251200, 0.3349364905388962900, 1.249999999999973100 ) ) ;
#327 = ADVANCED_FACE ( 'NONE', ( #1364 ), #1875, .F. ) ;
#328 = FACE_OUTER_BOUND ( 'NONE', #3405, .T. ) ;
#329 = CARTESIAN_POINT ( 'NONE',  ( 19.60373797632096100, -2.711095453990486600E-016, -1.475851625615950000 ) ) ;
#330 = CARTESIAN_POINT ( 'NONE',  ( 17.06060095264188100, -0.9652524972597850100, 1.182093381138185100E-016 ) ) ;
#331 = CARTESIAN_POINT ( 'NONE',  ( 1.753521283679683000E-015, 0.0000000000000000000, 0.0000000000000000000 ) ) ;
#332 = ORIENTED_EDGE ( 'NONE', *, *, #2288, .T. ) ;
#333 = CARTESIAN_POINT ( 'NONE',  ( 1.129350952641880800, 0.9652524972597843500, 0.0000000000000000000 ) ) ;
#334 = CARTESIAN_POINT ( 'NONE',  ( 3.023100952641880800, 0.9652524972597842400, 0.5572887891288949000 ) ) ;
#335 = CARTESIAN_POINT ( 'NONE',  ( 15.37745190528376000, -5.519710834441634400E-016, 1.249999999999973600 ) ) ;
#336 = EDGE_LOOP ( 'NONE', ( #3539, #4900, #1890, #619 ) ) ;
#337 = CARTESIAN_POINT ( 'NONE',  ( 2.123100952641880500, 0.9652524972597842400, 0.5572887891288949000 ) ) ;
#338 = CARTESIAN_POINT ( 'NONE',  ( 19.17935095264188000, -0.4826262486298919500, 0.8359331836933424600 ) ) ;
#339 = DIRECTION ( 'NONE',  ( 0.0000000000000000000, 0.0000000000000000000, 1.000000000000000000 ) ) ;
#340 = ORIENTED_EDGE ( 'NONE', *, *, #4573, .T. ) ;
#341 = CARTESIAN_POINT ( 'NONE',  ( 16.83560095264188000, 0.9652524972597843500, 0.0000000000000000000 ) ) ;
#342 = CARTESIAN_POINT ( 'NONE',  ( 20.00000000000000000, -2.249999999999999100, 1.299038105676656900 ) ) ;
#343 = DIRECTION ( 'NONE',  ( -1.000000000000000000, 0.0000000000000000000, 0.0000000000000000000 ) ) ;
#344 = ORIENTED_EDGE ( 'NONE', *, *, #1840, .F. ) ;
#345 = CARTESIAN_POINT ( 'NONE',  ( 19.56623797632096300, -0.6390624999999872100, -1.106888719211962300 ) ) ;
#346 = CARTESIAN_POINT ( 'NONE',  ( 15.67310095264188000, -0.9652524972597847900, 0.5572887891288956800 ) ) ;
#347 = CARTESIAN_POINT ( 'NONE',  ( 19.16060095264188200, 0.4826262486298922800, 0.8359331836933423500 ) ) ;
#348 = CARTESIAN_POINT ( 'NONE',  ( 1.279350952641880700, -0.4826262486298919500, 0.8359331836933424600 ) ) ;
#349 = CARTESIAN_POINT ( 'NONE',  ( 2.648100952641880800, 6.824819318074054600E-017, 1.114577578257790000 ) ) ;
#350 = ORIENTED_EDGE ( 'NONE', *, *, #950, .F. ) ;
#351 = EDGE_CURVE ( 'NONE', #1051, #4366, #1448, .T. ) ;
#352 =( BOUNDED_CURVE ( )  B_SPLINE_CURVE ( 2, ( #448, #4912, #45, #2860, #4159, #3716, #466, #4578, #2070 ),
 .UNSPECIFIED., .F., .F. ) 
 B_SPLINE_CURVE_WITH_KNOTS ( ( 3, 2, 2, 2, 3 ),
 ( 0.4097222222222222100, 0.4166666666666666300, 0.4305555555555555800, 0.4444444444444444200, 0.4513888888888888400 ),
 .UNSPECIFIED. ) 
 CURVE ( )  GEOMETRIC_REPRESENTATION_ITEM ( )  RATIONAL_B_SPLINE_CURVE ( ( 0.9330127018922194100, 0.9330127018922194100, 1.000000000000000000, 0.8660254037844387100, 1.000000000000000000, 0.8660254037844387100, 1.000000000000000000, 0.9330127018922198500, 0.9330127018922193000 ) ) 
 REPRESENTATION_ITEM ( '' )  );
#353 = CARTESIAN_POINT ( 'NONE',  ( 15.19999999999999900, 0.7786434337203346200, -0.9778621595726770800 ) ) ;
#354 = ADVANCED_FACE ( 'NONE', ( #2448 ), #966, .F. ) ;
#355 = CARTESIAN_POINT ( 'NONE',  ( 15.87500000000000000, -1.249999999999973400, 1.530808498934158800E-016 ) ) ;
#356 = CARTESIAN_POINT ( 'NONE',  ( 2.632355715851424400, -0.3349364905388966300, -1.249999999999973100 ) ) ;
#357 = VERTEX_POINT ( 'NONE', #5291 ) ;
#358 = ORIENTED_EDGE ( 'NONE', *, *, #3717, .F. ) ;
#359 = CARTESIAN_POINT ( 'NONE',  ( 2.385600952641880700, -0.4826262486298926200, -0.8359331836933422400 ) ) ;
#360 = CARTESIAN_POINT ( 'NONE',  ( 19.62935095264187900, -0.4826262486298919500, 0.8359331836933424600 ) ) ;
#361 = CARTESIAN_POINT ( 'NONE',  ( 16.70000000000000300, -0.6249999999999863400, 1.082531754730525300 ) ) ;
#362 = CARTESIAN_POINT ( 'NONE',  ( 1.977451905283758900, 1.452555482747798400E-016, 1.249999999999973100 ) ) ;
#363 = CARTESIAN_POINT ( 'NONE',  ( 18.97310095264188200, -2.047445795422216600E-016, -1.114577578257790000 ) ) ;
#364 = CARTESIAN_POINT ( 'NONE',  ( 0.1168509526418810100, -2.047445795422216600E-016, -1.114577578257790000 ) ) ;
#365 = CARTESIAN_POINT ( 'NONE',  ( 0.6231009526418809200, -2.047445795422216600E-016, -1.114577578257790000 ) ) ;
#366 = ORIENTED_EDGE ( 'NONE', *, *, #1423, .T. ) ;
#367 = CARTESIAN_POINT ( 'NONE',  ( 20.09123797632095800, 0.6390624999999856600, -1.106888719211963200 ) ) ;
#368 = CARTESIAN_POINT ( 'NONE',  ( 16.12310095264188100, -0.9652524972597847900, 0.5572887891288956800 ) ) ;
#369 = VERTEX_POINT ( 'NONE', #792 ) ;
#370 = CARTESIAN_POINT ( 'NONE',  ( 20.09810095264188200, 6.824819318074054600E-017, 1.114577578257790000 ) ) ;
#371 = CARTESIAN_POINT ( 'NONE',  ( 3.041850952641880700, 6.824819318074054600E-017, 1.114577578257790000 ) ) ;
#372 = CARTESIAN_POINT ( 'NONE',  ( 3.210600952641880400, -0.9652524972597843500, 1.182093381138184100E-016 ) ) ;
#373 = CARTESIAN_POINT ( 'NONE',  ( 4.472548094716094300, 0.3349364905388980700, -1.249999999999972000 ) ) ;
#374 = CARTESIAN_POINT ( 'NONE',  ( 4.673100952641880700, -2.047445795422216600E-016, -1.114577578257790000 ) ) ;
#375 = CARTESIAN_POINT ( 'NONE',  ( 3.777451905283758700, -5.200148628237119300E-015, 1.249999999999973400 ) ) ;
#376 = CARTESIAN_POINT ( 'NONE',  ( 0.08983283952360132700, -2.249999999999999100, 0.8761466845173776500 ) ) ;
#377 = FACE_OUTER_BOUND ( 'NONE', #3222, .T. ) ;
#378 = CARTESIAN_POINT ( 'NONE',  ( 19.91016716047639800, -2.249999999999999100, 0.8761466845173755400 ) ) ;
#379 = CARTESIAN_POINT ( 'NONE',  ( 0.6231009526418808100, -2.047445795422216600E-016, -1.114577578257790000 ) ) ;
#380 = CARTESIAN_POINT ( 'NONE',  ( 2.382596189432336400, -0.3349364905388960100, 1.249999999999973400 ) ) ;
#381 = CARTESIAN_POINT ( 'NONE',  ( 4.741237976320960000, -1.278124999999973300, 1.565251690160178100E-016 ) ) ;
#382 = CARTESIAN_POINT ( 'NONE',  ( 19.91495190528375800, -0.6249999999999863400, 1.082531754730525300 ) ) ;
#383 = CARTESIAN_POINT ( 'NONE',  ( 1.804350952641880800, -0.9652524972597843500, 1.182093381138184100E-016 ) ) ;
#384 = ADVANCED_FACE ( 'NONE', ( #1031 ), #4862, .F. ) ;
#385 = CARTESIAN_POINT ( 'NONE',  ( 0.8481009526418807900, 6.824819318074054600E-017, 1.114577578257790000 ) ) ;
#386 = CARTESIAN_POINT ( 'NONE',  ( 20.20373797632096200, 1.278124999999973500, 0.7379258128079748700 ) ) ;
#387 = CARTESIAN_POINT ( 'NONE',  ( 19.04810095264187800, 0.9652524972597845700, -0.5572887891288959000 ) ) ;
#388 = FACE_OUTER_BOUND ( 'NONE', #39, .T. ) ;
#389 = EDGE_CURVE ( 'NONE', #3681, #221, #4262, .T. ) ;
#390 = CARTESIAN_POINT ( 'NONE',  ( 19.49810095264188100, 0.9652524972597841300, -0.5572887891288955700 ) ) ;
#391 = CARTESIAN_POINT ( 'NONE',  ( 2.404350952641880900, 0.4826262486298914500, -0.8359331836933428000 ) ) ;
#392 = CARTESIAN_POINT ( 'NONE',  ( 3.398100952641880400, 0.9652524972597841300, -0.5572887891288955700 ) ) ;
#393 = CARTESIAN_POINT ( 'NONE',  ( 16.47500000000000500, 0.6249999999999857900, -1.082531754730525800 ) ) ;
#394 = FACE_OUTER_BOUND ( 'NONE', #4696, .T. ) ;
#395 = AXIS2_PLACEMENT_3D ( 'NONE', #4219, #4598, #1785 ) ;
#396 = CARTESIAN_POINT ( 'NONE',  ( 19.31495190528376000, 1.249999999999973400, 0.0000000000000000000 ) ) ;
#397 = CARTESIAN_POINT ( 'NONE',  ( 4.373100952641880900, 0.9652524972597842400, 0.5572887891288949000 ) ) ;
#398 = DIRECTION ( 'NONE',  ( 0.0000000000000000000, 0.0000000000000000000, 1.000000000000000000 ) ) ;
#399 = ORIENTED_EDGE ( 'NONE', *, *, #4423, .F. ) ;
#400 = CARTESIAN_POINT ( 'NONE',  ( 3.487500000000002900, 4.822484202722691300E-015, -1.249999999999973400 ) ) ;
#401 = CARTESIAN_POINT ( 'NONE',  ( 4.628737976320961100, 9.036984846634954800E-017, 1.475851625615950000 ) ) ;
#402 = CARTESIAN_POINT ( 'NONE',  ( 2.104350952641880700, 0.4826262486298922800, 0.8359331836933423500 ) ) ;
#403 = CARTESIAN_POINT ( 'NONE',  ( 1.523100952641880400, -2.047445795422216600E-016, -1.114577578257790000 ) ) ;
#404 = ORIENTED_EDGE ( 'NONE', *, *, #5020, .F. ) ;
#405 = AXIS2_PLACEMENT_3D ( 'NONE', #2917, #1315, #3370 ) ;
#406 = CARTESIAN_POINT ( 'NONE',  ( 0.3472475027402641100, -0.06945377945402457500, 0.9627505159623658300 ) ) ;
#407 = CARTESIAN_POINT ( 'NONE',  ( 19.98560095264188200, 0.9652524972597850100, 0.0000000000000000000 ) ) ;
#408 = CARTESIAN_POINT ( 'NONE',  ( 20.17310095264187800, -0.9652524972597841300, 0.5572887891288953500 ) ) ;
#409 = CARTESIAN_POINT ( 'NONE',  ( 2.516850952641881200, 0.9652524972597842400, 0.5572887891288949000 ) ) ;
#410 = CARTESIAN_POINT ( 'NONE',  ( 3.960600952641880400, 0.4826262486298922800, 0.8359331836933423500 ) ) ;
#411 = ORIENTED_EDGE ( 'NONE', *, *, #4666, .T. ) ;
#412 = ADVANCED_FACE ( 'NONE', ( #706 ), #1479, .F. ) ;
#413 = CARTESIAN_POINT ( 'NONE',  ( 4.002451905283757900, -5.229199737892074000E-016, -1.249999999999973400 ) ) ;
#414 = ORIENTED_EDGE ( 'NONE', *, *, #967, .F. ) ;
#415 = CARTESIAN_POINT ( 'NONE',  ( 4.800000000000002500, 0.7443457783911077200, 0.6634422667643140600 ) ) ;
#416 = CARTESIAN_POINT ( 'NONE',  ( 4.523100952641881300, -0.9652524972597841300, 0.5572887891288953500 ) ) ;
#417 = CARTESIAN_POINT ( 'NONE',  ( 17.47745190528375400, 1.249999999999972900, -0.7216878364870175100 ) ) ;
#418 = CARTESIAN_POINT ( 'NONE',  ( 0.0000000000000000000, 0.0000000000000000000, 0.0000000000000000000 ) ) ;
#419 = CARTESIAN_POINT ( 'NONE',  ( 1.772548094716093200, 0.3349364905388956300, -1.249999999999973600 ) ) ;
#420 = DIRECTION ( 'NONE',  ( -1.000000000000000000, -0.0000000000000000000, -0.0000000000000000000 ) ) ;
#421 = CARTESIAN_POINT ( 'NONE',  ( 15.39185095264188200, 0.9652524972597841300, -0.5572887891288955700 ) ) ;
#422 = VERTEX_POINT ( 'NONE', #4836 ) ;
#423 = CARTESIAN_POINT ( 'NONE',  ( 0.1918509526418809600, 0.9652524972597841300, -0.5572887891288955700 ) ) ;
#424 = EDGE_CURVE ( 'NONE', #3017, #5277, #46, .T. ) ;
#425 = CARTESIAN_POINT ( 'NONE',  ( 19.21250000000000200, 1.249999999999972900, -0.7216878364870175100 ) ) ;
#426 = CARTESIAN_POINT ( 'NONE',  ( 16.35245190528375800, -1.249999999999973100, 0.7216878364870171800 ) ) ;
#427 = CARTESIAN_POINT ( 'NONE',  ( 19.49810095264188100, 0.9652524972597845700, -0.5572887891288959000 ) ) ;
#428 = ORIENTED_EDGE ( 'NONE', *, *, #2555, .T. ) ;
#429 = CARTESIAN_POINT ( 'NONE',  ( 19.79903810567666200, -2.249999999999999100, 1.299038105676656900 ) ) ;
#430 = CARTESIAN_POINT ( 'NONE',  ( 3.979350952641880700, -0.4826262486298919500, 0.8359331836933424600 ) ) ;
#431 = EDGE_CURVE ( 'NONE', #716, #4499, #4501, .T. ) ;
#432 = B_SPLINE_CURVE_WITH_KNOTS ( 'NONE', 3,
 ( #1726, #2931, #3752, #3308, #911, #481, #4984, #502, #463, #874, #3732, #1286, #61, #1305, #1108, #2336, #1940, #322, #1540, #3951 ),
 .UNSPECIFIED., .F., .F.,
 ( 4, 2, 2, 2, 2, 2, 2, 2, 2, 4 ),
 ( 0.001800382100246076500, 0.002247117817884315700, 0.002693853535522555500, 0.003140589253160794500, 0.003587324970799034300, 0.004034060688437273200, 0.004480796406075513100, 0.004704164264894632500, 0.004927532123713752000, 0.005374267841351991800 ),
 .UNSPECIFIED. ) ;
#433 = ORIENTED_EDGE ( 'NONE', *, *, #4151, .F. ) ;
#434 = CARTESIAN_POINT ( 'NONE',  ( 19.93750000000004600, -1.228954059493160300, -0.2284117327448828300 ) ) ;
#435 = CARTESIAN_POINT ( 'NONE',  ( 0.4356009526418808700, -0.4826262486298919500, 0.8359331836933424600 ) ) ;
#436 = CARTESIAN_POINT ( 'NONE',  ( 0.0000000000000000000, 0.0000000000000000000, 0.0000000000000000000 ) ) ;
#437 = CARTESIAN_POINT ( 'NONE',  ( 0.0000000000000000000, 1.530808498934159000E-016, -1.249999999999973400 ) ) ;
#438 = CARTESIAN_POINT ( 'NONE',  ( 1.827451905283758800, 1.249999999999972900, -0.7216878364870175100 ) ) ;
#439 = AXIS2_PLACEMENT_3D ( 'NONE', #2445, #4955, #3703 ) ;
#440 = CARTESIAN_POINT ( 'NONE',  ( 15.63995190528375700, 0.6249999999999856800, -1.082531754730525800 ) ) ;
#441 = CARTESIAN_POINT ( 'NONE',  ( 16.29185095264188400, 0.9652524972597841300, -0.5572887891288955700 ) ) ;
#442 = CARTESIAN_POINT ( 'NONE',  ( 1.541850952641880700, 0.9652524972597841300, -0.5572887891288955700 ) ) ;
#443 = CARTESIAN_POINT ( 'NONE',  ( 17.92310095264188200, -0.9652524972597847900, 0.5572887891288956800 ) ) ;
#444 = CARTESIAN_POINT ( 'NONE',  ( -0.4012860710371991000, 1.278124999999973500, 0.0000000000000000000 ) ) ;
#445 = ORIENTED_EDGE ( 'NONE', *, *, #2345, .T. ) ;
#446 = CARTESIAN_POINT ( 'NONE',  ( 3.641850952641880700, -0.9652524972597844600, -0.5572887891288946800 ) ) ;
#447 = CARTESIAN_POINT ( 'NONE',  ( 19.79903810567666200, -1.620551435720649300E-015, 2.598076211353314700 ) ) ;
#448 = CARTESIAN_POINT ( 'NONE',  ( 17.85245190528376100, -5.229199737892074000E-016, -1.249999999999973400 ) ) ;
#449 = CIRCLE ( 'NONE', #3661, 1.312500000000049700 ) ;
#450 = CARTESIAN_POINT ( 'NONE',  ( 16.21685095264188100, -2.047445795422216600E-016, -1.114577578257790000 ) ) ;
#451 = CARTESIAN_POINT ( 'NONE',  ( 17.96495190528376200, 1.249999999999973400, 0.0000000000000000000 ) ) ;
#452 = CARTESIAN_POINT ( 'NONE',  ( 1.012500000000002600, 1.743066579297358300E-016, 1.249999999999973400 ) ) ;
#453 = CARTESIAN_POINT ( 'NONE',  ( 4.462500000000002100, 1.249999999999973100, -0.7216878364870175100 ) ) ;
#454 =( BOUNDED_CURVE ( )  B_SPLINE_CURVE ( 2, ( #1830, #2200, #3839, #522, #4673, #1795, #3396, #5069, #2245 ),
 .UNSPECIFIED., .F., .F. ) 
 B_SPLINE_CURVE_WITH_KNOTS ( ( 3, 2, 2, 2, 3 ),
 ( 0.6875000000000000000, 0.6944444444444444200, 0.7083333333333333700, 0.7222222222222222100, 0.7291666666666667400 ),
 .UNSPECIFIED. ) 
 CURVE ( )  GEOMETRIC_REPRESENTATION_ITEM ( )  RATIONAL_B_SPLINE_CURVE ( ( 0.9330127018922194100, 0.9330127018922194100, 1.000000000000000000, 0.8660254037844387100, 1.000000000000000000, 0.8660254037844387100, 1.000000000000000000, 0.9330127018922187400, 0.9330127018922193000 ) ) 
 REPRESENTATION_ITEM ( '' )  );
#455 = CARTESIAN_POINT ( 'NONE',  ( 15.82745190528375700, 1.452555482747798400E-016, 1.249999999999973100 ) ) ;
#456 = CARTESIAN_POINT ( 'NONE',  ( 4.054350952641880400, -0.9652524972597843500, 1.182093381138184100E-016 ) ) ;
#457 = FACE_OUTER_BOUND ( 'NONE', #2584, .T. ) ;
#458 = CARTESIAN_POINT ( 'NONE',  ( 19.33621392896280300, 1.278124999999973800, 0.7379258128079749800 ) ) ;
#459 = CARTESIAN_POINT ( 'NONE',  ( 0.5668509526418809000, -2.047445795422216600E-016, -1.114577578257790000 ) ) ;
#460 = CARTESIAN_POINT ( 'NONE',  ( 18.11060095264187800, 0.4826262486298917900, -0.8359331836933434600 ) ) ;
#461 = EDGE_CURVE ( 'NONE', #99, #1939, #201, .T. ) ;
#462 = EDGE_LOOP ( 'NONE', ( #5196, #2333, #485, #2486, #2982, #4963 ) ) ;
#463 = CARTESIAN_POINT ( 'NONE',  ( 19.83569515783731100, 1.139430367603033100, 0.2057322458279731400 ) ) ;
#464 = CARTESIAN_POINT ( 'NONE',  ( 3.416850952641880200, 0.9652524972597842400, 0.5572887891288949000 ) ) ;
#465 = CARTESIAN_POINT ( 'NONE',  ( 3.327451905283759400, 1.452555482747798400E-016, 1.249999999999973100 ) ) ;
#466 = CARTESIAN_POINT ( 'NONE',  ( 17.66495190528375800, -0.6249999999999863400, 1.082531754730525300 ) ) ;
#467 = CARTESIAN_POINT ( 'NONE',  ( 16.02935095264188100, -0.4826262486298919500, 0.8359331836933424600 ) ) ;
#468 = ORIENTED_EDGE ( 'NONE', *, *, #866, .F. ) ;
#469 = CARTESIAN_POINT ( 'NONE',  ( 1.673100952641881000, 0.9652524972597842400, 0.5572887891288949000 ) ) ;
#470 = CARTESIAN_POINT ( 'NONE',  ( 1.217403810567668600, -0.3349364905388966300, -1.249999999999973100 ) ) ;
#471 = CARTESIAN_POINT ( 'NONE',  ( 0.0000000000000000000, 0.0000000000000000000, 0.0000000000000000000 ) ) ;
#472 = VERTEX_POINT ( 'NONE', #3178 ) ;
#473 = DIRECTION ( 'NONE',  ( -1.000000000000000000, -0.0000000000000000000, -0.0000000000000000000 ) ) ;
#474 = CARTESIAN_POINT ( 'NONE',  ( 15.42935095264188100, 0.9652524972597843500, 0.0000000000000000000 ) ) ;
#475 = CARTESIAN_POINT ( 'NONE',  ( 4.002451905283757900, -5.229199737892074000E-016, -1.249999999999973400 ) ) ;
#476 = CARTESIAN_POINT ( 'NONE',  ( 3.341850952641880900, 0.9652524972597841300, -0.5572887891288955700 ) ) ;
#477 = CARTESIAN_POINT ( 'NONE',  ( 18.69871392896280000, -0.6390624999999873200, -1.106888719211962500 ) ) ;
#478 = ORIENTED_EDGE ( 'NONE', *, *, #689, .F. ) ;
#479 = CARTESIAN_POINT ( 'NONE',  ( 17.05373797632096000, 1.278124999999973500, 0.7379258128079748700 ) ) ;
#480 = CARTESIAN_POINT ( 'NONE',  ( -0.1387860710371991400, -1.278124999999973800, -0.7379258128079745300 ) ) ;
#481 = CARTESIAN_POINT ( 'NONE',  ( 19.86009821389684400, 0.9076107075579384900, 0.7571539272410954300 ) ) ;
#482 = CARTESIAN_POINT ( 'NONE',  ( 3.777451905283758700, -5.200148628237119300E-015, 1.249999999999973400 ) ) ;
#483 = CARTESIAN_POINT ( 'NONE',  ( 1.598100952641880600, 0.9652524972597840100, -0.5572887891288955700 ) ) ;
#484 = CARTESIAN_POINT ( 'NONE',  ( 15.19999999999999600, -0.9467307461577668700, 0.3129012199042996400 ) ) ;
#485 = ORIENTED_EDGE ( 'NONE', *, *, #3750, .F. ) ;
#486 = CARTESIAN_POINT ( 'NONE',  ( 16.77935095264188100, 0.9652524972597843500, 0.0000000000000000000 ) ) ;
#487 = ORIENTED_EDGE ( 'NONE', *, *, #4294, .F. ) ;
#488 = CARTESIAN_POINT ( 'NONE',  ( 1.148100952641880600, 0.9652524972597841300, -0.5572887891288955700 ) ) ;
#489 = CARTESIAN_POINT ( 'NONE',  ( 15.19999999999999600, -0.5058218001355704300, 0.8806813894942573400 ) ) ;
#490 = DIRECTION ( 'NONE',  ( -1.000000000000000000, -0.0000000000000000000, -0.0000000000000000000 ) ) ;
#491 = CARTESIAN_POINT ( 'NONE',  ( 0.0000000000000000000, 0.0000000000000000000, 0.0000000000000000000 ) ) ;
#492 = CARTESIAN_POINT ( 'NONE',  ( 16.17935095264188000, -0.4826262486298926200, -0.8359331836933422400 ) ) ;
#493 = CARTESIAN_POINT ( 'NONE',  ( 16.02500000000000200, 0.6249999999999857900, -1.082531754730525800 ) ) ;
#494 = VERTEX_POINT ( 'NONE', #299 ) ;
#495 = EDGE_CURVE ( 'NONE', #3472, #2843, #134, .T. ) ;
#496 = EDGE_LOOP ( 'NONE', ( #4829, #2663, #1180 ) ) ;
#497 = CARTESIAN_POINT ( 'NONE',  ( 17.04871392896279800, 1.278124999999973500, 0.0000000000000000000 ) ) ;
#498 = CARTESIAN_POINT ( 'NONE',  ( 0.0000000000000000000, 0.0000000000000000000, 0.0000000000000000000 ) ) ;
#499 = CARTESIAN_POINT ( 'NONE',  ( 0.9043509526418809200, -0.9652524972597843500, 1.182093381138184100E-016 ) ) ;
#500 = CARTESIAN_POINT ( 'NONE',  ( 17.09123797632096100, 0.6390624999999867700, 1.106888719211962500 ) ) ;
#501 = CARTESIAN_POINT ( 'NONE',  ( 17.25245190528375600, -1.249999999999973100, 0.7216878364870171800 ) ) ;
#502 = CARTESIAN_POINT ( 'NONE',  ( 19.84176389290798800, 1.108247439451459900, 0.3553023962611537900 ) ) ;
#503 = CARTESIAN_POINT ( 'NONE',  ( 3.604350952641880700, -0.9652524972597843500, 1.182093381138184100E-016 ) ) ;
#504 = CARTESIAN_POINT ( 'NONE',  ( 3.082355715851425000, -0.3349364905388941300, -1.249999999999974700 ) ) ;
#505 = CARTESIAN_POINT ( 'NONE',  ( 16.26121392896280000, 9.036984846634956000E-017, 1.475851625615950200 ) ) ;
#506 = AXIS2_PLACEMENT_3D ( 'NONE', #4505, #1639, #5012 ) ;
#507 = CARTESIAN_POINT ( 'NONE',  ( 15.69185095264188200, -0.9652524972597845700, -0.5572887891288946800 ) ) ;
#508 = CIRCLE ( 'NONE', #4251, 1.249999999999973400 ) ;
#509 = CARTESIAN_POINT ( 'NONE',  ( 19.79903810567666200, -2.249999999999998200, -1.299038105676658200 ) ) ;
#510 = CARTESIAN_POINT ( 'NONE',  ( 0.9606009526418808300, -0.9652524972597843500, 1.182093381138184100E-016 ) ) ;
#511 = CARTESIAN_POINT ( 'NONE',  ( 0.3000417894038007700, 1.013791962626750200, -0.1983302570488079700 ) ) ;
#512 = CARTESIAN_POINT ( 'NONE',  ( 0.0000000000000000000, 0.0000000000000000000, 1.249999999999973400 ) ) ;
#513 = CARTESIAN_POINT ( 'NONE',  ( 0.0000000000000000000, 0.0000000000000000000, 0.0000000000000000000 ) ) ;
#514 = B_SPLINE_CURVE_WITH_KNOTS ( 'NONE', 3,
 ( #2149, #128, #1734, #4994, #2991, #511, #69, #4600, #2554, #2538 ),
 .UNSPECIFIED., .F., .F.,
 ( 4, 2, 2, 2, 4 ),
 ( 0.005220255616503027500, 0.005835441832212380800, 0.006450628047921734200, 0.007065814263631088400, 0.007681000479340441800 ),
 .UNSPECIFIED. ) ;
#515 = CARTESIAN_POINT ( 'NONE',  ( 4.189951905283758800, 0.6249999999999866800, 1.082531754730525100 ) ) ;
#516 = CARTESIAN_POINT ( 'NONE',  ( 19.18621392896280000, -2.711095453990486600E-016, -1.475851625615950200 ) ) ;
#517 = CARTESIAN_POINT ( 'NONE',  ( 15.33995190528375800, 0.6249999999999866800, 1.082531754730525100 ) ) ;
#518 = CARTESIAN_POINT ( 'NONE',  ( 15.47873797632096200, -1.278124999999973800, -0.7379258128079745300 ) ) ;
#519 = FACE_OUTER_BOUND ( 'NONE', #2607, .T. ) ;
#520 = CARTESIAN_POINT ( 'NONE',  ( 17.37935095264187900, -0.4826262486298919500, 0.8359331836933424600 ) ) ;
#521 = CARTESIAN_POINT ( 'NONE',  ( 16.28750000000000500, -1.249999999999973100, 0.7216878364870171800 ) ) ;
#522 = CARTESIAN_POINT ( 'NONE',  ( 18.98749999999999700, -1.249999999999973100, 0.7216878364870171800 ) ) ;
#523 = CARTESIAN_POINT ( 'NONE',  ( 16.03621392896279800, -2.711095453990486600E-016, -1.475851625615950200 ) ) ;
#524 = CIRCLE ( 'NONE', #4951, 2.249999999999998200 ) ;
#525 = CARTESIAN_POINT ( 'NONE',  ( 15.95435095264188200, 0.4826262486298922800, 0.8359331836933423500 ) ) ;
#526 = CARTESIAN_POINT ( 'NONE',  ( 0.5625000000000027800, -5.229199737892074000E-016, 1.249999999999973600 ) ) ;
#527 =( BOUNDED_CURVE ( )  B_SPLINE_CURVE ( 2, ( #2959, #132, #493, #3227, #2573, #4567, #4589, #1320, #95 ),
 .UNSPECIFIED., .F., .F. ) 
 B_SPLINE_CURVE_WITH_KNOTS ( ( 3, 2, 2, 2, 3 ),
 ( 0.1458333333333333400, 0.1527777777777777900, 0.1666666666666666600, 0.1805555555555555500, 0.1875000000000000000 ),
 .UNSPECIFIED. ) 
 CURVE ( )  GEOMETRIC_REPRESENTATION_ITEM ( )  RATIONAL_B_SPLINE_CURVE ( ( 0.9330127018922194100, 0.9330127018922194100, 1.000000000000000000, 0.8660254037844387100, 1.000000000000000000, 0.8660254037844387100, 1.000000000000000000, 0.9330127018922194100, 0.9330127018922194100 ) ) 
 REPRESENTATION_ITEM ( '' )  );
#528 =( BOUNDED_CURVE ( )  B_SPLINE_CURVE ( 2, ( #1902, #3543, #230, #1534, #1497, #3113, #4782, #4391, #1518 ),
 .UNSPECIFIED., .F., .F. ) 
 B_SPLINE_CURVE_WITH_KNOTS ( ( 3, 2, 2, 2, 3 ),
 ( 0.7291666666666667400, 0.7361111111111111600, 0.7500000000000000000, 0.7638888888888888400, 0.7708333333333333700 ),
 .UNSPECIFIED. ) 
 CURVE ( )  GEOMETRIC_REPRESENTATION_ITEM ( )  RATIONAL_B_SPLINE_CURVE ( ( 0.9330127018922193000, 0.9330127018922198500, 1.000000000000000000, 0.8660254037844387100, 1.000000000000000000, 0.8660254037844387100, 1.000000000000000000, 0.9330127018922187400, 0.9330127018922193000 ) ) 
 REPRESENTATION_ITEM ( '' )  );
#529 = EDGE_CURVE ( 'NONE', #1694, #2243, #2989, .T. ) ;
#530 = CARTESIAN_POINT ( 'NONE',  ( 4.387500000000002800, -5.229199737892074000E-016, -1.249999999999973400 ) ) ;
#531 = CARTESIAN_POINT ( 'NONE',  ( 15.97745190528376100, -1.249999999999973400, -0.7216878364870162900 ) ) ;
#532 = CARTESIAN_POINT ( 'NONE',  ( 19.92172769284587400, -0.3680687615027747900, 2.385571612819395800 ) ) ;
#533 = CARTESIAN_POINT ( 'NONE',  ( 3.242403810567668500, 0.3349364905388939100, 1.249999999999974900 ) ) ;
#534 = ORIENTED_EDGE ( 'NONE', *, *, #4151, .T. ) ;
#535 = CARTESIAN_POINT ( 'NONE',  ( 15.09185095264188100, 6.824819318074054600E-017, 1.114577578257790000 ) ) ;
#536 = CARTESIAN_POINT ( 'NONE',  ( 0.7543509526418809000, 0.4826262486298922800, 0.8359331836933423500 ) ) ;
#537 = CARTESIAN_POINT ( 'NONE',  ( 17.31623797632095900, -0.6390624999999872100, -1.106888719211962300 ) ) ;
#538 = EDGE_CURVE ( 'NONE', #1194, #3098, #3072, .T. ) ;
#539 = CARTESIAN_POINT ( 'NONE',  ( 18.16685095264188000, 0.9652524972597842400, 0.5572887891288949000 ) ) ;
#540 = CARTESIAN_POINT ( 'NONE',  ( 15.41060095264188200, 0.4826262486298914500, -0.8359331836933428000 ) ) ;
#541 = ORIENTED_EDGE ( 'NONE', *, *, #1735, .T. ) ;
#542 = CARTESIAN_POINT ( 'NONE',  ( 15.81121392896280000, 9.036984846634956000E-017, 1.475851625615950200 ) ) ;
#543 = CARTESIAN_POINT ( 'NONE',  ( 17.90435095264188100, -0.9652524972597843500, 1.182093381138184100E-016 ) ) ;
#544 = EDGE_LOOP ( 'NONE', ( #5189, #2762, #2976 ) ) ;
#545 = AXIS2_PLACEMENT_3D ( 'NONE', #4093, #1677, #4901 ) ;
#546 = CARTESIAN_POINT ( 'NONE',  ( 20.00000000000000000, 2.249999999999998700, 0.0000000000000000000 ) ) ;
#547 = CARTESIAN_POINT ( 'NONE',  ( 0.0000000000000000000, 0.0000000000000000000, 0.0000000000000000000 ) ) ;
#548 = DIRECTION ( 'NONE',  ( -1.000000000000000000, -0.0000000000000000000, -0.0000000000000000000 ) ) ;
#549 = B_SPLINE_CURVE_WITH_KNOTS ( 'NONE', 3,
 ( #4469, #91, #3760, #937, #4973, #107 ),
 .UNSPECIFIED., .F., .F.,
 ( 4, 2, 4 ),
 ( 0.01039813906080259100, 0.01105505153941207700, 0.01171196401802156500 ),
 .UNSPECIFIED. ) ;
#550 = ORIENTED_EDGE ( 'NONE', *, *, #3389, .F. ) ;
#551 = PERSON_AND_ORGANIZATION_ROLE ( 'design_supplier' ) ;
#552 = CARTESIAN_POINT ( 'NONE',  ( 15.72935095264188200, -0.4826262486298926200, -0.8359331836933422400 ) ) ;
#553 = CARTESIAN_POINT ( 'NONE',  ( 2.066850952641880600, 0.9652524972597843500, 0.5572887891288949000 ) ) ;
#554 = CARTESIAN_POINT ( 'NONE',  ( 16.49123797632096000, 0.6390624999999856600, -1.106888719211963200 ) ) ;
#555 = ORIENTED_EDGE ( 'NONE', *, *, #4698, .F. ) ;
#556 = CARTESIAN_POINT ( 'NONE',  ( 16.85435095264188000, 0.4826262486298922800, 0.8359331836933423500 ) ) ;
#557 = CARTESIAN_POINT ( 'NONE',  ( 16.23259618943233900, -0.3349364905388960100, 1.249999999999973400 ) ) ;
#558 = CARTESIAN_POINT ( 'NONE',  ( 20.00000000000000000, -2.249999999999998700, -7.511572993685794200E-016 ) ) ;
#559 = CARTESIAN_POINT ( 'NONE',  ( 15.59810095264188200, 6.824819318074054600E-017, 1.114577578257790000 ) ) ;
#560 = ORIENTED_EDGE ( 'NONE', *, *, #1455, .F. ) ;
#561 = CARTESIAN_POINT ( 'NONE',  ( 19.25435095264187900, -0.9652524972597843500, 1.182093381138184100E-016 ) ) ;
#562 = CARTESIAN_POINT ( 'NONE',  ( 17.14999999999999900, -0.6249999999999863400, 1.082531754730525300 ) ) ;
#563 = CARTESIAN_POINT ( 'NONE',  ( 17.37500000000000000, 0.6249999999999857900, -1.082531754730525800 ) ) ;
#564 = ORIENTED_EDGE ( 'NONE', *, *, #1100, .T. ) ;
#565 = DIRECTION ( 'NONE',  ( 1.000000000000000000, 0.0000000000000000000, 0.0000000000000000000 ) ) ;
#566 = EDGE_CURVE ( 'NONE', #2477, #2545, #3526, .T. ) ;
#567 = CARTESIAN_POINT ( 'NONE',  ( 4.579350952641880700, -0.4826262486298926200, -0.8359331836933422400 ) ) ;
#568 = CARTESIAN_POINT ( 'NONE',  ( 15.50435095264188100, 0.4826262486298922800, 0.8359331836933423500 ) ) ;
#569 = CARTESIAN_POINT ( 'NONE',  ( 3.454350952641880700, 0.4826262486298922800, 0.8359331836933423500 ) ) ;
#570 = CARTESIAN_POINT ( 'NONE',  ( 1.741237976320960900, 0.6390624999999856600, -1.106888719211963200 ) ) ;
#571 = CARTESIAN_POINT ( 'NONE',  ( 18.50435095264188200, 0.4826262486298914500, -0.8359331836933428000 ) ) ;
#572 = CARTESIAN_POINT ( 'NONE',  ( 16.53560095264188200, -0.4826262486298919500, 0.8359331836933424600 ) ) ;
#573 = FACE_OUTER_BOUND ( 'NONE', #5073, .T. ) ;
#574 = AXIS2_PLACEMENT_3D ( 'NONE', #5015, #4259, #4603 ) ;
#575 = CARTESIAN_POINT ( 'NONE',  ( 19.55435095264188000, 0.4826262486298922800, 0.8359331836933423500 ) ) ;
#576 = CARTESIAN_POINT ( 'NONE',  ( 1.061213928962800600, 9.036984846634956000E-017, 1.475851625615950200 ) ) ;
#577 = CARTESIAN_POINT ( 'NONE',  ( 4.182596189432336700, -0.3349364905388985100, 1.249999999999971800 ) ) ;
#578 = LINE ( 'NONE', #1152, #2628 ) ;
#579 = DIRECTION ( 'NONE',  ( 1.000000000000000000, 0.0000000000000000000, 0.0000000000000000000 ) ) ;
#580 = CARTESIAN_POINT ( 'NONE',  ( 0.06250000000002665900, 0.0000000000000000000, 1.249999999999973400 ) ) ;
#581 = B_SPLINE_CURVE_WITH_KNOTS ( 'NONE', 3,
 ( #711, #3979, #3201, #3625, #2878, #822 ),
 .UNSPECIFIED., .F., .F.,
 ( 4, 2, 4 ),
 ( 0.01039813906080257500, 0.01105505153941206000, 0.01171196401802154600 ),
 .UNSPECIFIED. ) ;
#582 = VECTOR ( 'NONE', #823, 1000.000000000000000 ) ;
#583 = CARTESIAN_POINT ( 'NONE',  ( 4.129350952641880600, -0.4826262486298926200, -0.8359331836933422400 ) ) ;
#584 = CARTESIAN_POINT ( 'NONE',  ( 19.67371392896280100, 0.6390624999999857700, -1.106888719211963400 ) ) ;
#585 = CARTESIAN_POINT ( 'NONE',  ( 2.966850952641880900, 0.9652524972597843500, 0.5572887891288949000 ) ) ;
#586 = CARTESIAN_POINT ( 'NONE',  ( 1.553737976320960900, -1.278124999999973300, 0.7379258128079753100 ) ) ;
#587 = CARTESIAN_POINT ( 'NONE',  ( 17.45435095264188200, -0.9652524972597843500, 1.182093381138184100E-016 ) ) ;
#588 = LINE ( 'NONE', #4765, #2634 ) ;
#589 = CARTESIAN_POINT ( 'NONE',  ( 16.34810095264188200, 0.9652524972597840100, -0.5572887891288955700 ) ) ;
#590 =( BOUNDED_SURFACE ( )  B_SPLINE_SURFACE ( 1, 2, ( 
 ( #1661, #863, #3704, #4147, #4566, #2558, #4976, #3337, #4111, #1238, #1719, #421, #474, #1276, #2867, #4130, #2880, #2540, #2118, #4508, #1738, #4545, #3281, #3319, #4956, #2520, #884, #72, #2077, #4920, #2483, #2943, #492, #902, #3762, #441, #4059, #3460, #4635, #5021, #4658, #3394, #961, #1346, #4195, #5037, #2578, #2198, #1743, #2630, #556, #173, #3362, #4594, #2228, #138, #3434, #2159, #2595, #117, #4213, #1777, #4610, #3821, #520, #994, #587, #4174, #3002, #977, #4230, #1381, #5068, #3837, #3784, #2984, #1793, #2966, #3031, #4644, #158, #5003, #3380, #930, #2213, #539, #1759, #5052, #945, #2564, #3802, #2612, #3013, #4627, #571, #2178, #3412, #1327, #1363, #1398, #4248, #1812, #100, #1459, #4671, #4710, #671, #3516, #5152, #1430, #2711, #3919, #1475, #1011, #3854, #4724, #3504, #3092, #655, #4737, #3105, #1060, #3888, #1881, #1416, #4691, #1829, #5088, #2664, #2262, #2293, #239, #4268, #4332, #1896, #5104, #2244, #2696, #2645, #1045, #4300 ),
 ( #190, #257, #206, #4283, #3901, #3060, #625, #2681, #3470, #3046, #607, #3451, #4314, #2309, #5120, #3871, #1026, #1845, #2278, #1446, #1863, #223, #3076, #641, #3486, #5135, #3955, #4791, #2340, #1943, #1490, #2389, #309, #5231, #3121, #4349, #1977, #5205, #3186, #1911, #2357, #5187, #3967, #1527, #4368, #3152, #274, #749, #341, #3937, #2760, #731, #3983, #714, #4418, #3585, #3536, #2741, #3571, #2724, #2792, #1128, #5219, #4754, #3136, #686, #1543, #4773, #1091, #4400, #700, #2322, #3554, #1960, #4809, #4384, #2374, #1509, #2774, #1077, #1925, #325, #290, #1143, #3167, #3999, #5167, #1560, #1112, #4822, #2020, #4436, #4859, #1602, #4453, #1581, #3606, #1181, #1161, #4017, #1995, #4841, #2405, #5249, #2808, #363, #3206, #770, #4037, #3631, #347, #2394, #5278, #3235, #3677, #796, #2048, #5238, #2379, #390, #4405, #4043, #2003, #815, #2816, #1567, #2836, #776, #5224, #2857, #2798, #1983, #1608, #3193, #3614, #370, #756, #408, #3594, #2780, #4459 ) ),
 .UNSPECIFIED., .F., .F., .F. ) 
 B_SPLINE_SURFACE_WITH_KNOTS ( ( 2, 2 ),
 ( 3, 2, 2, 2, 2, 2, 2, 2, 2, 2, 2, 2, 2, 2, 2, 2, 2, 2, 2, 2, 2, 2, 2, 2, 2, 2, 2, 2, 2, 2, 2, 2, 2, 2, 2, 2, 2, 2, 2, 2, 2, 2, 2, 2, 2, 2, 2, 2, 2, 2, 2, 2, 2, 2, 2, 2, 2, 2, 2, 2, 2, 2, 2, 2, 2, 2, 2, 2, 2, 2, 3 ),
 ( 0.0000000000000000000, 1.000000000000000000 ),
 ( 0.0000000000000000000, 0.01388888888888888800, 0.02777777777777777600, 0.04166666666666666400, 0.05555555555555555200, 0.06944444444444444800, 0.08333333333333332900, 0.09722222222222222400, 0.1111111111111111000, 0.1250000000000000000, 0.1388888888888889000, 0.1527777777777777900, 0.1666666666666666600, 0.1805555555555555500, 0.1944444444444444500, 0.2083333333333333400, 0.2222222222222222100, 0.2361111111111111000, 0.2500000000000000000, 0.2638888888888889000, 0.2777777777777777900, 0.2916666666666666900, 0.3055555555555555800, 0.3194444444444444200, 0.3333333333333333100, 0.3472222222222222100, 0.3611111111111111000, 0.3750000000000000000, 0.3888888888888889000, 0.4027777777777777900, 0.4166666666666666900, 0.4305555555555555800, 0.4444444444444444200, 0.4583333333333333100, 0.4722222222222222100, 0.4861111111111111000, 0.5000000000000000000, 0.5138888888888888400, 0.5277777777777777900, 0.5416666666666666300, 0.5555555555555555800, 0.5694444444444444200, 0.5833333333333333700, 0.5972222222222222100, 0.6111111111111111600, 0.6250000000000000000, 0.6388888888888888400, 0.6527777777777777900, 0.6666666666666666300, 0.6805555555555555800, 0.6944444444444444200, 0.7083333333333333700, 0.7222222222222222100, 0.7361111111111111600, 0.7500000000000000000, 0.7638888888888888400, 0.7777777777777777900, 0.7916666666666666300, 0.8055555555555555800, 0.8194444444444444200, 0.8333333333333333700, 0.8472222222222222100, 0.8611111111111111600, 0.8750000000000000000, 0.8888888888888888400, 0.9027777777777777900, 0.9166666666666666300, 0.9305555555555555800, 0.9444444444444444200, 0.9583333333333333700, 0.9722222222222222100 ),
 .UNSPECIFIED. ) 
 GEOMETRIC_REPRESENTATION_ITEM ( )  RATIONAL_B_SPLINE_SURFACE ( (
 ( 1.000000000000000000, 0.8660254037844387100, 1.000000000000000000, 0.8660254037844387100, 1.000000000000000000, 0.8660254037844387100, 1.000000000000000000, 0.8660254037844387100, 1.000000000000000000, 0.8660254037844387100, 1.000000000000000000, 0.8660254037844387100, 1.000000000000000000, 0.8660254037844387100, 1.000000000000000000, 0.8660254037844387100, 1.000000000000000000, 0.8660254037844387100, 1.000000000000000000, 0.8660254037844387100, 1.000000000000000000, 0.8660254037844387100, 1.000000000000000000, 0.8660254037844387100, 1.000000000000000000, 0.8660254037844387100, 1.000000000000000000, 0.8660254037844387100, 1.000000000000000000, 0.8660254037844387100, 1.000000000000000000, 0.8660254037844387100, 1.000000000000000000, 0.8660254037844387100, 1.000000000000000000, 0.8660254037844387100, 1.000000000000000000, 0.8660254037844387100, 1.000000000000000000, 0.8660254037844387100, 1.000000000000000000, 0.8660254037844387100, 1.000000000000000000, 0.8660254037844387100, 1.000000000000000000, 0.8660254037844387100, 1.000000000000000000, 0.8660254037844387100, 1.000000000000000000, 0.8660254037844387100, 1.000000000000000000, 0.8660254037844387100, 1.000000000000000000, 0.8660254037844387100, 1.000000000000000000, 0.8660254037844387100, 1.000000000000000000, 0.8660254037844387100, 1.000000000000000000, 0.8660254037844387100, 1.000000000000000000, 0.8660254037844387100, 1.000000000000000000, 0.8660254037844387100, 1.000000000000000000, 0.8660254037844387100, 1.000000000000000000, 0.8660254037844387100, 1.000000000000000000, 0.8660254037844387100, 1.000000000000000000, 0.8660254037844387100, 1.000000000000000000, 0.8660254037844387100, 1.000000000000000000, 0.8660254037844387100, 1.000000000000000000, 0.8660254037844387100, 1.000000000000000000, 0.8660254037844387100, 1.000000000000000000, 0.8660254037844387100, 1.000000000000000000, 0.8660254037844387100, 1.000000000000000000, 0.8660254037844387100, 1.000000000000000000, 0.8660254037844387100, 1.000000000000000000, 0.8660254037844387100, 1.000000000000000000, 0.8660254037844387100, 1.000000000000000000, 0.8660254037844387100, 1.000000000000000000, 0.8660254037844387100, 1.000000000000000000, 0.8660254037844387100, 1.000000000000000000, 0.8660254037844387100, 1.000000000000000000, 0.8660254037844387100, 1.000000000000000000, 0.8660254037844387100, 1.000000000000000000, 0.8660254037844387100, 1.000000000000000000, 0.8660254037844387100, 1.000000000000000000, 0.8660254037844387100, 1.000000000000000000, 0.8660254037844387100, 1.000000000000000000, 0.8660254037844387100, 1.000000000000000000, 0.8660254037844387100, 1.000000000000000000, 0.8660254037844387100, 1.000000000000000000, 0.8660254037844387100, 1.000000000000000000, 0.8660254037844387100, 1.000000000000000000, 0.8660254037844387100, 1.000000000000000000, 0.8660254037844387100, 1.000000000000000000, 0.8660254037844387100, 1.000000000000000000, 0.8660254037844387100, 1.000000000000000000, 0.8660254037844387100, 1.000000000000000000, 0.8660254037844387100, 1.000000000000000000, 0.8660254037844387100, 1.000000000000000000, 0.8660254037844387100, 1.000000000000000000, 0.8660254037844387100, 1.000000000000000000),
 ( 1.000000000000000000, 0.8660254037844387100, 1.000000000000000000, 0.8660254037844387100, 1.000000000000000000, 0.8660254037844387100, 1.000000000000000000, 0.8660254037844387100, 1.000000000000000000, 0.8660254037844387100, 1.000000000000000000, 0.8660254037844387100, 1.000000000000000000, 0.8660254037844387100, 1.000000000000000000, 0.8660254037844387100, 1.000000000000000000, 0.8660254037844387100, 1.000000000000000000, 0.8660254037844387100, 1.000000000000000000, 0.8660254037844387100, 1.000000000000000000, 0.8660254037844387100, 1.000000000000000000, 0.8660254037844387100, 1.000000000000000000, 0.8660254037844387100, 1.000000000000000000, 0.8660254037844387100, 1.000000000000000000, 0.8660254037844387100, 1.000000000000000000, 0.8660254037844387100, 1.000000000000000000, 0.8660254037844387100, 1.000000000000000000, 0.8660254037844387100, 1.000000000000000000, 0.8660254037844387100, 1.000000000000000000, 0.8660254037844387100, 1.000000000000000000, 0.8660254037844387100, 1.000000000000000000, 0.8660254037844387100, 1.000000000000000000, 0.8660254037844387100, 1.000000000000000000, 0.8660254037844387100, 1.000000000000000000, 0.8660254037844387100, 1.000000000000000000, 0.8660254037844387100, 1.000000000000000000, 0.8660254037844387100, 1.000000000000000000, 0.8660254037844387100, 1.000000000000000000, 0.8660254037844387100, 1.000000000000000000, 0.8660254037844387100, 1.000000000000000000, 0.8660254037844387100, 1.000000000000000000, 0.8660254037844387100, 1.000000000000000000, 0.8660254037844387100, 1.000000000000000000, 0.8660254037844387100, 1.000000000000000000, 0.8660254037844387100, 1.000000000000000000, 0.8660254037844387100, 1.000000000000000000, 0.8660254037844387100, 1.000000000000000000, 0.8660254037844387100, 1.000000000000000000, 0.8660254037844387100, 1.000000000000000000, 0.8660254037844387100, 1.000000000000000000, 0.8660254037844387100, 1.000000000000000000, 0.8660254037844387100, 1.000000000000000000, 0.8660254037844387100, 1.000000000000000000, 0.8660254037844387100, 1.000000000000000000, 0.8660254037844387100, 1.000000000000000000, 0.8660254037844387100, 1.000000000000000000, 0.8660254037844387100, 1.000000000000000000, 0.8660254037844387100, 1.000000000000000000, 0.8660254037844387100, 1.000000000000000000, 0.8660254037844387100, 1.000000000000000000, 0.8660254037844387100, 1.000000000000000000, 0.8660254037844387100, 1.000000000000000000, 0.8660254037844387100, 1.000000000000000000, 0.8660254037844387100, 1.000000000000000000, 0.8660254037844387100, 1.000000000000000000, 0.8660254037844387100, 1.000000000000000000, 0.8660254037844387100, 1.000000000000000000, 0.8660254037844387100, 1.000000000000000000, 0.8660254037844387100, 1.000000000000000000, 0.8660254037844387100, 1.000000000000000000, 0.8660254037844387100, 1.000000000000000000, 0.8660254037844387100, 1.000000000000000000, 0.8660254037844387100, 1.000000000000000000, 0.8660254037844387100, 1.000000000000000000, 0.8660254037844387100, 1.000000000000000000, 0.8660254037844387100, 1.000000000000000000, 0.8660254037844387100, 1.000000000000000000, 0.8660254037844387100, 1.000000000000000000, 0.8660254037844387100, 1.000000000000000000) ) ) 
 REPRESENTATION_ITEM ( '' )  SURFACE ( )  );
#591 = CARTESIAN_POINT ( 'NONE',  ( 2.427451905283759500, -5.200148628237119300E-015, 1.249999999999973400 ) ) ;
#592 = ORIENTED_EDGE ( 'NONE', *, *, #1213, .F. ) ;
#593 = CARTESIAN_POINT ( 'NONE',  ( 1.773713928962800800, 0.6390624999999857700, -1.106888719211963400 ) ) ;
#594 = DIRECTION ( 'NONE',  ( 0.0000000000000000000, 0.0000000000000000000, 1.000000000000000000 ) ) ;
#595 = EDGE_CURVE ( 'NONE', #291, #1502, #293, .T. ) ;
#596 = CARTESIAN_POINT ( 'NONE',  ( 0.1059509717583002100, -0.3011218720254461000, 1.206549028234689800 ) ) ;
#597 = ORIENTED_EDGE ( 'NONE', *, *, #4978, .F. ) ;
#598 = DIRECTION ( 'NONE',  ( 0.0000000000000000000, 0.0000000000000000000, 1.000000000000000000 ) ) ;
#599 = CARTESIAN_POINT ( 'NONE',  ( 19.93750000000004600, -1.228954059493160300, -0.2284117327448828300 ) ) ;
#600 = DIRECTION ( 'NONE',  ( -1.000000000000000000, -0.0000000000000000000, -0.0000000000000000000 ) ) ;
#601 = CARTESIAN_POINT ( 'NONE',  ( 2.816850952641881000, -2.047445795422216600E-016, -1.114577578257790000 ) ) ;
#602 = CARTESIAN_POINT ( 'NONE',  ( 15.76685095264188000, -2.047445795422216600E-016, -1.114577578257790000 ) ) ;
#603 = VERTEX_POINT ( 'NONE', #353 ) ;
#604 = CARTESIAN_POINT ( 'NONE',  ( 3.416850952641880700, 0.9652524972597843500, 0.5572887891288949000 ) ) ;
#605 = CARTESIAN_POINT ( 'NONE',  ( 5.048100952641880700, -0.9652524972597844600, -0.5572887891288946800 ) ) ;
#606 = EDGE_CURVE ( 'NONE', #1910, #5212, #3306, .T. ) ;
#607 = CARTESIAN_POINT ( 'NONE',  ( 15.41060095264188200, 0.4826262486298914500, -0.8359331836933428000 ) ) ;
#608 = CARTESIAN_POINT ( 'NONE',  ( 18.52310095264188300, -2.047445795422216600E-016, -1.114577578257790000 ) ) ;
#609 = ADVANCED_FACE ( 'NONE', ( #3257 ), #4295, .F. ) ;
#610 = ORIENTED_EDGE ( 'NONE', *, *, #4943, .F. ) ;
#611 = CARTESIAN_POINT ( 'NONE',  ( 18.84185095264188100, -0.9652524972597845700, -0.5572887891288946800 ) ) ;
#612 = AXIS2_PLACEMENT_3D ( 'NONE', #2825, #1054, #3084 ) ;
#613 = CARTESIAN_POINT ( 'NONE',  ( 2.523713928962800800, -1.278124999999973500, 1.565251690160178300E-016 ) ) ;
#614 = ORIENTED_EDGE ( 'NONE', *, *, #185, .T. ) ;
#615 = CARTESIAN_POINT ( 'NONE',  ( 20.00000000000000000, 0.9340480779059847600, 2.058803302138241300 ) ) ;
#616 = CARTESIAN_POINT ( 'NONE',  ( 15.68750000000000400, 1.249999999999973400, 0.7216878364870166200 ) ) ;
#617 = CARTESIAN_POINT ( 'NONE',  ( 19.42745190528375700, -5.200148628237119300E-015, 1.249999999999973400 ) ) ;
#618 = APPLICATION_PROTOCOL_DEFINITION ( 'international standard', 'config_control_design', 1994, #2623 ) ;
#619 = ORIENTED_EDGE ( 'NONE', *, *, #1423, .F. ) ;
#620 = CARTESIAN_POINT ( 'NONE',  ( 1.748100952641880700, 6.824819318074054600E-017, 1.114577578257790000 ) ) ;
#621 = CARTESIAN_POINT ( 'NONE',  ( 17.11685095264188000, -2.047445795422216600E-016, -1.114577578257790000 ) ) ;
#622 = DIRECTION ( 'NONE',  ( 0.0000000000000000000, 0.0000000000000000000, -1.000000000000000000 ) ) ;
#623 =( BOUNDED_CURVE ( )  B_SPLINE_CURVE ( 2, ( #3715, #82, #4966, #2530, #2142, #1329, #2161, #63, #1668 ),
 .UNSPECIFIED., .F., .F. ) 
 B_SPLINE_CURVE_WITH_KNOTS ( ( 3, 2, 2, 2, 3 ),
 ( 0.3125000000000000000, 0.3194444444444444200, 0.3333333333333333100, 0.3472222222222222100, 0.3541666666666666900 ),
 .UNSPECIFIED. ) 
 CURVE ( )  GEOMETRIC_REPRESENTATION_ITEM ( )  RATIONAL_B_SPLINE_CURVE ( ( 0.9330127018922194100, 0.9330127018922194100, 1.000000000000000000, 0.8660254037844387100, 1.000000000000000000, 0.8660254037844387100, 1.000000000000000000, 0.9330127018922190800, 0.9330127018922194100 ) ) 
 REPRESENTATION_ITEM ( '' )  );
#624 = CARTESIAN_POINT ( 'NONE',  ( 0.01623797632096098100, 1.278124999999973300, 0.0000000000000000000 ) ) ;
#625 = CARTESIAN_POINT ( 'NONE',  ( 15.26060095264188200, -0.9652524972597843500, 1.182093381138184100E-016 ) ) ;
#626 = DIRECTION ( 'NONE',  ( -1.000000000000000000, -0.0000000000000000000, -0.0000000000000000000 ) ) ;
#627 = CARTESIAN_POINT ( 'NONE',  ( 18.71060095264188300, 0.4826262486298922800, 0.8359331836933423500 ) ) ;
#628 = VERTEX_POINT ( 'NONE', #3702 ) ;
#629 = CARTESIAN_POINT ( 'NONE',  ( 4.714951905283759200, -0.6249999999999863400, 1.082531754730525300 ) ) ;
#630 = CALENDAR_DATE ( 2021, 25, 8 ) ;
#631 = CARTESIAN_POINT ( 'NONE',  ( 2.448713928962800600, -0.6390624999999864300, 1.106888719211963000 ) ) ;
#632 = CARTESIAN_POINT ( 'NONE',  ( 3.998100952641880500, 6.824819318074054600E-017, 1.114577578257790000 ) ) ;
#633 = CARTESIAN_POINT ( 'NONE',  ( 0.3472475027402642800, 0.4604238758174682400, 0.8799040948246416000 ) ) ;
#634 = CARTESIAN_POINT ( 'NONE',  ( 2.389951905283759000, 0.6249999999999866800, 1.082531754730525100 ) ) ;
#635 = EDGE_CURVE ( 'NONE', #472, #2453, #1999, .T. ) ;
#636 = CARTESIAN_POINT ( 'NONE',  ( 0.6981009526418807700, 0.9652524972597841300, -0.5572887891288955700 ) ) ;
#637 = CARTESIAN_POINT ( 'NONE',  ( 17.41685095264188000, -0.9652524972597841300, 0.5572887891288953500 ) ) ;
#638 = CARTESIAN_POINT ( 'NONE',  ( 18.15245190528375800, -1.249999999999973100, 0.7216878364870171800 ) ) ;
#639 = CARTESIAN_POINT ( 'NONE',  ( 0.8787379763209607300, 1.278124999999972900, -0.7379258128079757600 ) ) ;
#640 = VECTOR ( 'NONE', #1173, 1000.000000000000000 ) ;
#641 = CARTESIAN_POINT ( 'NONE',  ( 15.89810095264188100, 0.9652524972597841300, -0.5572887891288955700 ) ) ;
#642 = CARTESIAN_POINT ( 'NONE',  ( 18.29810095264187800, 6.824819318074054600E-017, 1.114577578257790000 ) ) ;
#643 = CYLINDRICAL_SURFACE ( 'NONE', #730, 1.249999999999973400 ) ;
#644 = CARTESIAN_POINT ( 'NONE',  ( 16.23995190528375700, 0.6249999999999866800, 1.082531754730525100 ) ) ;
#645 = CARTESIAN_POINT ( 'NONE',  ( 2.936213928962801300, -1.278124999999973500, 0.7379258128079755300 ) ) ;
#646 = CARTESIAN_POINT ( 'NONE',  ( 19.98075666599056500, -0.7433463941989663100, -2.168904970561402700 ) ) ;
#647 = CARTESIAN_POINT ( 'NONE',  ( 3.360600952641880300, 0.4826262486298914500, -0.8359331836933428000 ) ) ;
#648 = CARTESIAN_POINT ( 'NONE',  ( 1.264951905283759000, -0.6249999999999872300, -1.082531754730524900 ) ) ;
#649 = CARTESIAN_POINT ( 'NONE',  ( 2.314951905283758800, 1.249999999999973400, 0.0000000000000000000 ) ) ;
#650 = CYLINDRICAL_SURFACE ( 'NONE', #2759, 1.249999999999973400 ) ;
#651 = CARTESIAN_POINT ( 'NONE',  ( 0.1356009526418809100, -0.4826262486298926200, -0.8359331836933422400 ) ) ;
#652 = CARTESIAN_POINT ( 'NONE',  ( 17.00435095264187900, -0.9652524972597843500, 1.182093381138184100E-016 ) ) ;
#653 = CARTESIAN_POINT ( 'NONE',  ( 4.541850952641880200, -0.9652524972597845700, -0.5572887891288946800 ) ) ;
#654 = CARTESIAN_POINT ( 'NONE',  ( 3.391237976320960400, -1.278124999999973300, 1.565251690160178100E-016 ) ) ;
#655 = CARTESIAN_POINT ( 'NONE',  ( 19.40435095264188100, 0.4826262486298914500, -0.8359331836933428000 ) ) ;
#656 = CARTESIAN_POINT ( 'NONE',  ( 18.03560095264188200, -0.4826262486298926200, -0.8359331836933422400 ) ) ;
#657 = LINE ( 'NONE', #3921, #4866 ) ;
#658 = CARTESIAN_POINT ( 'NONE',  ( 3.825000000000002400, -1.249999999999973400, 1.530808498934159000E-016 ) ) ;
#659 = DIRECTION ( 'NONE',  ( 0.0000000000000000000, 0.8660254037844390400, -0.4999999999999993300 ) ) ;
#660 = ORIENTED_EDGE ( 'NONE', *, *, #3087, .F. ) ;
#661 = CARTESIAN_POINT ( 'NONE',  ( 4.473713928962801000, 0.6390624999999857700, -1.106888719211963400 ) ) ;
#662 = EDGE_CURVE ( 'NONE', #2669, #1442, #3711, .T. ) ;
#663 = CARTESIAN_POINT ( 'NONE',  ( 3.098100952641880600, 6.824819318074054600E-017, 1.114577578257790000 ) ) ;
#664 = ORIENTED_EDGE ( 'NONE', *, *, #5143, .F. ) ;
#665 = CARTESIAN_POINT ( 'NONE',  ( 0.6606009526418809000, 0.4826262486298914500, -0.8359331836933428000 ) ) ;
#666 = CARTESIAN_POINT ( 'NONE',  ( 17.30435095264188300, 0.4826262486298922800, 0.8359331836933423500 ) ) ;
#667 = CARTESIAN_POINT ( 'NONE',  ( 4.391850952641880700, 6.824819318074054600E-017, 1.114577578257790000 ) ) ;
#668 = CARTESIAN_POINT ( 'NONE',  ( 2.116237976320960900, -0.6390624999999872100, -1.106888719211962300 ) ) ;
#669 = ORIENTED_EDGE ( 'NONE', *, *, #1515, .T. ) ;
#670 = AXIS2_PLACEMENT_3D ( 'NONE', #2367, #1969, #1952 ) ;
#671 = CARTESIAN_POINT ( 'NONE',  ( 18.95435095264188200, 0.4826262486298914500, -0.8359331836933428000 ) ) ;
#672 = CARTESIAN_POINT ( 'NONE',  ( 18.22310095264188200, 0.9652524972597843500, 0.5572887891288949000 ) ) ;
#673 = VERTEX_POINT ( 'NONE', #9 ) ;
#674 = EDGE_LOOP ( 'NONE', ( #1654, #4256, #4317 ) ) ;
#675 = CARTESIAN_POINT ( 'NONE',  ( 4.136213928962799700, 1.278124999999973800, 0.7379258128079749800 ) ) ;
#676 = CARTESIAN_POINT ( 'NONE',  ( 0.0000000000000000000, 0.0000000000000000000, 0.0000000000000000000 ) ) ;
#677 = VERTEX_POINT ( 'NONE', #2075 ) ;
#678 = CARTESIAN_POINT ( 'NONE',  ( 2.760600952641880700, -0.9652524972597843500, 1.182093381138184100E-016 ) ) ;
#679 = DIRECTION ( 'NONE',  ( -1.000000000000000000, -0.0000000000000000000, -0.0000000000000000000 ) ) ;
#680 = CARTESIAN_POINT ( 'NONE',  ( 1.110600952641880700, 0.4826262486298914500, -0.8359331836933428000 ) ) ;
#681 = CARTESIAN_POINT ( 'NONE',  ( 17.94185095264188200, -0.9652524972597844600, -0.5572887891288946800 ) ) ;
#682 = CARTESIAN_POINT ( 'NONE',  ( 16.90759618943233600, 0.3349364905388956800, -1.249999999999973600 ) ) ;
#683 = CARTESIAN_POINT ( 'NONE',  ( 2.191237976320960600, 0.6390624999999856600, -1.106888719211963200 ) ) ;
#684 = EDGE_LOOP ( 'NONE', ( #3414, #3522, #5284 ) ) ;
#685 = PRODUCT_DEFINITION_FORMATION_WITH_SPECIFIED_SOURCE ( 'ANY', '', #4588, .NOT_KNOWN. ) ;
#686 = CARTESIAN_POINT ( 'NONE',  ( 17.47310095264188200, -0.9652524972597841300, 0.5572887891288953500 ) ) ;
#687 = EDGE_LOOP ( 'NONE', ( #5129, #916, #1111 ) ) ;
#688 = CARTESIAN_POINT ( 'NONE',  ( 17.65373797632096100, -1.278124999999973300, 0.7379258128079753100 ) ) ;
#689 = EDGE_CURVE ( 'NONE', #4709, #1910, #5242, .T. ) ;
#690 = CARTESIAN_POINT ( 'NONE',  ( 3.911213928962799600, -1.278124999999973800, -0.7379258128079745300 ) ) ;
#691 = LINE ( 'NONE', #3272, #1350 ) ;
#692 = CARTESIAN_POINT ( 'NONE',  ( 0.0000000000000000000, 0.0000000000000000000, 0.0000000000000000000 ) ) ;
#693 = CARTESIAN_POINT ( 'NONE',  ( 3.848100952641880600, 0.9652524972597840100, -0.5572887891288955700 ) ) ;
#694 = CARTESIAN_POINT ( 'NONE',  ( 1.302451905283758900, -5.229199737892074000E-016, -1.249999999999973400 ) ) ;
#695 = DIRECTION ( 'NONE',  ( -1.000000000000000000, -0.0000000000000000000, -0.0000000000000000000 ) ) ;
#696 = EDGE_CURVE ( 'NONE', #4623, #1114, #2088, .T. ) ;
#697 = CARTESIAN_POINT ( 'NONE',  ( 2.685600952641880500, -0.4826262486298919500, 0.8359331836933424600 ) ) ;
#698 = CARTESIAN_POINT ( 'NONE',  ( 20.04185095264188400, 6.824819318074054600E-017, 1.114577578257790000 ) ) ;
#699 = CARTESIAN_POINT ( 'NONE',  ( 4.178737976320960900, 9.036984846634954800E-017, 1.475851625615950000 ) ) ;
#700 = CARTESIAN_POINT ( 'NONE',  ( 17.66060095264187900, 0.4826262486298914500, -0.8359331836933428000 ) ) ;
#701 = LINE ( 'NONE', #4845, #2875 ) ;
#702 = CARTESIAN_POINT ( 'NONE',  ( 0.6274519052837590500, 1.452555482747798400E-016, 1.249999999999973100 ) ) ;
#703 = AXIS2_PLACEMENT_3D ( 'NONE', #2519, #1275, #4129 ) ;
#704 = CARTESIAN_POINT ( 'NONE',  ( 18.81623797632096300, 1.278124999999973300, 0.0000000000000000000 ) ) ;
#705 = CARTESIAN_POINT ( 'NONE',  ( 15.63560095264188200, -0.4826262486298922800, 0.8359331836933431300 ) ) ;
#706 = FACE_OUTER_BOUND ( 'NONE', #1492, .T. ) ;
#707 = CARTESIAN_POINT ( 'NONE',  ( 3.986213928962800200, -2.711095453990486600E-016, -1.475851625615950200 ) ) ;
#708 = CIRCLE ( 'NONE', #3220, 1.249999999999973400 ) ;
#709 = DIRECTION ( 'NONE',  ( 0.0000000000000000000, 0.0000000000000000000, 1.000000000000000000 ) ) ;
#710 = CARTESIAN_POINT ( 'NONE',  ( 2.723100952641881000, -0.9652524972597841300, 0.5572887891288953500 ) ) ;
#711 = CARTESIAN_POINT ( 'NONE',  ( 20.00000000000000000, -2.249999999999998700, -7.511572993685794200E-016 ) ) ;
#712 = ORIENTED_EDGE ( 'NONE', *, *, #5311, .F. ) ;
#713 = CARTESIAN_POINT ( 'NONE',  ( 2.153737976320960500, -2.711095453990486600E-016, -1.475851625615950000 ) ) ;
#714 = CARTESIAN_POINT ( 'NONE',  ( 17.02310095264188000, -0.9652524972597841300, 0.5572887891288953500 ) ) ;
#715 = CARTESIAN_POINT ( 'NONE',  ( 19.68886848245804100, -1.017171564304776100, -0.07190680194086140900 ) ) ;
#716 = VERTEX_POINT ( 'NONE', #1217 ) ;
#717 = CARTESIAN_POINT ( 'NONE',  ( 18.55373797632095600, -1.278124999999973300, 0.7379258128079753100 ) ) ;
#718 = CARTESIAN_POINT ( 'NONE',  ( 17.24810095264188100, 0.9652524972597845700, -0.5572887891288959000 ) ) ;
#719 = CARTESIAN_POINT ( 'NONE',  ( 4.098713928962800100, 1.278124999999973500, 0.0000000000000000000 ) ) ;
#720 = EDGE_LOOP ( 'NONE', ( #3922, #4753, #1229 ) ) ;
#721 = CARTESIAN_POINT ( 'NONE',  ( 15.45245190528375900, -1.249999999999973100, 0.7216878364870171800 ) ) ;
#722 = EDGE_CURVE ( 'NONE', #74, #5090, #1065, .T. ) ;
#723 = CARTESIAN_POINT ( 'NONE',  ( 18.72500000000000100, 0.6249999999999857900, -1.082531754730525800 ) ) ;
#724 = ADVANCED_FACE ( 'NONE', ( #394 ), #4420, .F. ) ;
#725 = DIRECTION ( 'NONE',  ( -1.000000000000000000, 0.0000000000000000000, 0.0000000000000000000 ) ) ;
#726 = ORIENTED_EDGE ( 'NONE', *, *, #2715, .F. ) ;
#727 = CARTESIAN_POINT ( 'NONE',  ( 2.798100952641881200, -0.9652524972597844600, -0.5572887891288946800 ) ) ;
#728 = CARTESIAN_POINT ( 'NONE',  ( 0.2625000000000027300, -1.249999999999973600, -0.7216878364870164000 ) ) ;
#729 = CARTESIAN_POINT ( 'NONE',  ( 17.89999999999999900, 1.249999999999973400, 0.0000000000000000000 ) ) ;
#730 = AXIS2_PLACEMENT_3D ( 'NONE', #5256, #4424, #4004 ) ;
#731 = CARTESIAN_POINT ( 'NONE',  ( 16.94810095264188000, 6.824819318074054600E-017, 1.114577578257790000 ) ) ;
#732 = CARTESIAN_POINT ( 'NONE',  ( 19.79903810567666200, 2.249999999999998700, 1.299038105676658700 ) ) ;
#733 = EDGE_LOOP ( 'NONE', ( #806, #4109, #1432, #1835 ) ) ;
#734 = CARTESIAN_POINT ( 'NONE',  ( -0.1456490473581189800, 0.4826262486298922800, 0.8359331836933423500 ) ) ;
#735 = CARTESIAN_POINT ( 'NONE',  ( 19.71623797632095800, 1.278124999999973300, 0.0000000000000000000 ) ) ;
#736 = CARTESIAN_POINT ( 'NONE',  ( 15.97310095264187900, 0.9652524972597850100, 0.5572887891288952300 ) ) ;
#737 = CARTESIAN_POINT ( 'NONE',  ( 20.00000000000000000, 1.607348923880901000E-016, 1.312500000000000000 ) ) ;
#738 = CARTESIAN_POINT ( 'NONE',  ( 2.741850952641880800, -0.9652524972597844600, -0.5572887891288946800 ) ) ;
#739 = CARTESIAN_POINT ( 'NONE',  ( 3.885600952641880700, 0.9652524972597843500, 0.0000000000000000000 ) ) ;
#740 = ORIENTED_EDGE ( 'NONE', *, *, #4614, .F. ) ;
#741 = DIRECTION ( 'NONE',  ( 1.000000000000000000, 0.0000000000000000000, 0.0000000000000000000 ) ) ;
#742 =( BOUNDED_CURVE ( )  B_SPLINE_CURVE ( 2, ( #4503, #4916, #3385, #3369, #1386, #1748, #3774, #4162, #4235 ),
 .UNSPECIFIED., .F., .F. ) 
 B_SPLINE_CURVE_WITH_KNOTS ( ( 3, 2, 2, 2, 3 ),
 ( 0.03472222222222221000, 0.04166666666666663000, 0.05555555555555558000, 0.06944444444444442000, 0.07638888888888884000 ),
 .UNSPECIFIED. ) 
 CURVE ( )  GEOMETRIC_REPRESENTATION_ITEM ( )  RATIONAL_B_SPLINE_CURVE ( ( 0.9330127018922194100, 0.9330127018922194100, 1.000000000000000000, 0.8660254037844387100, 1.000000000000000000, 0.8660254037844387100, 1.000000000000000000, 0.9330127018922198500, 0.9330127018922193000 ) ) 
 REPRESENTATION_ITEM ( '' )  );
#743 = CARTESIAN_POINT ( 'NONE',  ( 20.00000000000000000, -1.508335473232664800, -1.727238319854173900 ) ) ;
#744 = CARTESIAN_POINT ( 'NONE',  ( 2.910600952641880600, 0.4826262486298914500, -0.8359331836933428000 ) ) ;
#745 = CARTESIAN_POINT ( 'NONE',  ( 0.1325961894323370000, -0.3349364905388960100, 1.249999999999973400 ) ) ;
#746 = CARTESIAN_POINT ( 'NONE',  ( 0.06373861006214769100, 1.249999999999973400, -0.02334987742679555200 ) ) ;
#747 = CARTESIAN_POINT ( 'NONE',  ( 18.52745190528375500, 1.452555482747798400E-016, 1.249999999999973100 ) ) ;
#748 = FACE_OUTER_BOUND ( 'NONE', #3938, .T. ) ;
#749 = CARTESIAN_POINT ( 'NONE',  ( 16.79810095264188200, 0.9652524972597841300, -0.5572887891288955700 ) ) ;
#750 = CARTESIAN_POINT ( 'NONE',  ( 2.447548094716093000, -0.3349364905388985100, 1.249999999999971800 ) ) ;
#751 = CARTESIAN_POINT ( 'NONE',  ( 1.912500000000002800, -2.498395430326213100E-015, 1.249999999999973400 ) ) ;
#752 = ADVANCED_FACE ( 'NONE', ( #3189 ), #5307, .T. ) ;
#753 = CARTESIAN_POINT ( 'NONE',  ( 19.07873797632096200, -1.278124999999973800, -0.7379258128079745300 ) ) ;
#754 = CARTESIAN_POINT ( 'NONE',  ( 17.73560095264187800, 0.9652524972597850100, 0.0000000000000000000 ) ) ;
#755 = EDGE_CURVE ( 'NONE', #3033, #291, #4231, .T. ) ;
#756 = CARTESIAN_POINT ( 'NONE',  ( 20.13560095264188400, -0.4826262486298919500, 0.8359331836933424600 ) ) ;
#757 = CARTESIAN_POINT ( 'NONE',  ( 2.854350952641880700, 0.4826262486298914500, -0.8359331836933428000 ) ) ;
#758 = CARTESIAN_POINT ( 'NONE',  ( 3.585600952641880800, -0.4826262486298919500, 0.8359331836933424600 ) ) ;
#759 = DIRECTION ( 'NONE',  ( -1.000000000000000000, -0.0000000000000000000, -0.0000000000000000000 ) ) ;
#760 = VECTOR ( 'NONE', #5060, 1000.000000000000000 ) ;
#761 = CARTESIAN_POINT ( 'NONE',  ( 18.76250000000000300, 1.249999999999972900, -0.7216878364870175100 ) ) ;
#762 = CARTESIAN_POINT ( 'NONE',  ( 19.58750000000000600, -4.938688641342514700E-016, -1.249999999999973400 ) ) ;
#763 = AXIS2_PLACEMENT_3D ( 'NONE', #547, #1802, #3442 ) ;
#764 = FACE_OUTER_BOUND ( 'NONE', #2592, .T. ) ;
#765 = CARTESIAN_POINT ( 'NONE',  ( 3.248100952641880900, -0.9652524972597844600, -0.5572887891288946800 ) ) ;
#766 = CARTESIAN_POINT ( 'NONE',  ( 19.81685095264188200, -2.047445795422216600E-016, -1.114577578257790000 ) ) ;
#767 = CARTESIAN_POINT ( 'NONE',  ( 3.525000000000002100, 0.6249999999999856800, -1.082531754730525800 ) ) ;
#768 = CARTESIAN_POINT ( 'NONE',  ( 0.0000000000000000000, 0.0000000000000000000, 0.0000000000000000000 ) ) ;
#769 = CARTESIAN_POINT ( 'NONE',  ( 17.06495190528376000, 1.249999999999973400, 0.0000000000000000000 ) ) ;
#770 = CARTESIAN_POINT ( 'NONE',  ( 19.04810095264187800, 0.9652524972597841300, -0.5572887891288955700 ) ) ;
#771 = CARTESIAN_POINT ( 'NONE',  ( 1.002451905283758800, 1.249999999999973400, 0.7216878364870166200 ) ) ;
#772 = CARTESIAN_POINT ( 'NONE',  ( 1.054350952641880800, 0.4826262486298914500, -0.8359331836933428000 ) ) ;
#773 = CARTESIAN_POINT ( 'NONE',  ( 0.6981009526418807700, 0.9652524972597840100, -0.5572887891288955700 ) ) ;
#774 = CARTESIAN_POINT ( 'NONE',  ( 15.19999999999999600, -0.9631645500732876100, 0.06345417991252606800 ) ) ;
#775 = CARTESIAN_POINT ( 'NONE',  ( 15.52310095264188100, 0.9652524972597850100, 0.5572887891288952300 ) ) ;
#776 = CARTESIAN_POINT ( 'NONE',  ( 19.79810095264188200, -0.9652524972597844600, -0.5572887891288946800 ) ) ;
#777 = ORIENTED_EDGE ( 'NONE', *, *, #1906, .F. ) ;
#778 = CARTESIAN_POINT ( 'NONE',  ( 1.054350952641880800, 0.4826262486298914500, -0.8359331836933428000 ) ) ;
#779 = CARTESIAN_POINT ( 'NONE',  ( 3.548100952641880700, 6.824819318074054600E-017, 1.114577578257790000 ) ) ;
#780 = CARTESIAN_POINT ( 'NONE',  ( 2.802451905283759100, 1.249999999999973400, 0.7216878364870166200 ) ) ;
#781 = ADVANCED_FACE ( 'NONE', ( #5004 ), #70, .F. ) ;
#782 = ORIENTED_EDGE ( 'NONE', *, *, #2251, .T. ) ;
#783 = AXIS2_PLACEMENT_3D ( 'NONE', #4820, #306, #1957 ) ;
#784 = CARTESIAN_POINT ( 'NONE',  ( 18.75245190528375300, 4.822484202722691300E-015, -1.249999999999973400 ) ) ;
#785 = CARTESIAN_POINT ( 'NONE',  ( 0.3472475027402642200, 0.6360407303598217800, 0.7260609979812952000 ) ) ;
#786 = CARTESIAN_POINT ( 'NONE',  ( 5.003737976320961100, 1.278124999999973500, 0.7379258128079748700 ) ) ;
#787 = ORIENTED_EDGE ( 'NONE', *, *, #4423, .T. ) ;
#788 = PLANE ( 'NONE',  #545 ) ;
#789 = CARTESIAN_POINT ( 'NONE',  ( 2.029350952641880900, 0.9652524972597843500, 0.0000000000000000000 ) ) ;
#790 = CARTESIAN_POINT ( 'NONE',  ( 0.9231009526418807500, -0.9652524972597841300, 0.5572887891288953500 ) ) ;
#791 = EDGE_CURVE ( 'NONE', #2776, #838, #2579, .T. ) ;
#792 = CARTESIAN_POINT ( 'NONE',  ( 1.012500000000002600, 1.743066579297358300E-016, 1.249999999999973400 ) ) ;
#793 = VERTEX_POINT ( 'NONE', #108 ) ;
#794 = CARTESIAN_POINT ( 'NONE',  ( 16.50245190528376000, -5.229199737892074000E-016, -1.249999999999973400 ) ) ;
#795 = CARTESIAN_POINT ( 'NONE',  ( 19.12310095264188100, 0.9652524972597850100, 0.5572887891288952300 ) ) ;
#796 = CARTESIAN_POINT ( 'NONE',  ( 19.34810095264188200, -0.9652524972597844600, -0.5572887891288946800 ) ) ;
#797 = CARTESIAN_POINT ( 'NONE',  ( 1.091850952641880900, 0.9652524972597841300, -0.5572887891288955700 ) ) ;
#798 = CARTESIAN_POINT ( 'NONE',  ( 4.560600952641880000, -0.9652524972597843500, 1.182093381138184100E-016 ) ) ;
#799 = VERTEX_POINT ( 'NONE', #1337 ) ;
#800 = EDGE_CURVE ( 'NONE', #4366, #1694, #4183, .T. ) ;
#801 = CARTESIAN_POINT ( 'NONE',  ( 16.64240381056766800, 0.3349364905388950700, 1.249999999999973800 ) ) ;
#802 = CARTESIAN_POINT ( 'NONE',  ( 15.20435095264188000, -0.9652524972597843500, 1.182093381138184100E-016 ) ) ;
#803 = ORIENTED_EDGE ( 'NONE', *, *, #1321, .T. ) ;
#804 = CARTESIAN_POINT ( 'NONE',  ( 0.5106009526418808800, -0.9652524972597843500, 1.182093381138184100E-016 ) ) ;
#805 = CARTESIAN_POINT ( 'NONE',  ( 19.82869272728751400, -1.025093527814142000, 0.5253292043317565600 ) ) ;
#806 = ORIENTED_EDGE ( 'NONE', *, *, #2786, .F. ) ;
#807 = CARTESIAN_POINT ( 'NONE',  ( 19.93098469228348800, -1.249999999999973400, -0.1151754566962252700 ) ) ;
#808 = DIRECTION ( 'NONE',  ( -1.000000000000000000, -0.0000000000000000000, -0.0000000000000000000 ) ) ;
#809 = DIRECTION ( 'NONE',  ( 1.000000000000000000, 0.0000000000000000000, 0.0000000000000000000 ) ) ;
#810 = CARTESIAN_POINT ( 'NONE',  ( 2.141850952641880700, 6.824819318074054600E-017, 1.114577578257790000 ) ) ;
#811 = ADVANCED_FACE ( 'NONE', ( #5125 ), #834, .F. ) ;
#812 = ORIENTED_EDGE ( 'NONE', *, *, #1482, .T. ) ;
#813 = CARTESIAN_POINT ( 'NONE',  ( 20.42873797632096000, -1.278124999999973800, -0.7379258128079745300 ) ) ;
#814 = CARTESIAN_POINT ( 'NONE',  ( 18.78560095264188200, -0.4826262486298922800, 0.8359331836933431300 ) ) ;
#815 = CARTESIAN_POINT ( 'NONE',  ( 19.64810095264188000, 6.824819318074054600E-017, 1.114577578257790000 ) ) ;
#816 = CARTESIAN_POINT ( 'NONE',  ( 2.216850952641880900, -0.9652524972597841300, 0.5572887891288953500 ) ) ;
#817 = CARTESIAN_POINT ( 'NONE',  ( 4.223100952641880600, -2.047445795422216600E-016, -1.114577578257790000 ) ) ;
#818 = DIRECTION ( 'NONE',  ( -1.000000000000000000, -0.0000000000000000000, -0.0000000000000000000 ) ) ;
#819 = CARTESIAN_POINT ( 'NONE',  ( 16.45759618943233700, 0.3349364905388956800, -1.249999999999973600 ) ) ;
#820 = CARTESIAN_POINT ( 'NONE',  ( 19.68074752117085100, -0.2173309347637367700, 0.9722889670727362700 ) ) ;
#821 = CARTESIAN_POINT ( 'NONE',  ( 0.0000000000000000000, 0.0000000000000000000, 1.249999999999973400 ) ) ;
#822 = CARTESIAN_POINT ( 'NONE',  ( 19.79903810567666200, -2.249999999999998200, -1.299038105676658200 ) ) ;
#823 = DIRECTION ( 'NONE',  ( -1.000000000000000000, -0.0000000000000000000, -0.0000000000000000000 ) ) ;
#824 = CARTESIAN_POINT ( 'NONE',  ( 0.0000000000000000000, 0.0000000000000000000, 0.0000000000000000000 ) ) ;
#825 = CIRCLE ( 'NONE', #3959, 2.249999999999998700 ) ;
#826 = CARTESIAN_POINT ( 'NONE',  ( 0.9043509526418809200, -0.9652524972597843500, 1.182093381138184100E-016 ) ) ;
#827 = CARTESIAN_POINT ( 'NONE',  ( 16.27745190528375500, -2.527446539981169400E-015, 1.249999999999973400 ) ) ;
#828 = CARTESIAN_POINT ( 'NONE',  ( 18.89810095264188000, -0.9652524972597851200, -0.5572887891288950100 ) ) ;
#829 = FACE_OUTER_BOUND ( 'NONE', #2356, .T. ) ;
#830 = EDGE_CURVE ( 'NONE', #2598, #2843, #3126, .T. ) ;
#831 = CARTESIAN_POINT ( 'NONE',  ( 17.17745190528375700, 1.452555482747798400E-016, 1.249999999999973100 ) ) ;
#832 = CARTESIAN_POINT ( 'NONE',  ( 0.3750000000000027200, 0.6249999999999856800, -1.082531754730525800 ) ) ;
#833 = CARTESIAN_POINT ( 'NONE',  ( 15.02371392896280100, -1.278124999999973500, 1.565251690160178300E-016 ) ) ;
#834 = CYLINDRICAL_SURFACE ( 'NONE', #3473, 1.249999999999973400 ) ;
#835 = B_SPLINE_CURVE_WITH_KNOTS ( 'NONE', 3,
 ( #4663, #596, #4680, #5094, #1017, #968, #3880, #1437, #1373, #4290, #1854, #2269, #5114, #2670, #3386, #4222 ),
 .UNSPECIFIED., .F., .F.,
 ( 4, 2, 2, 2, 2, 2, 2, 4 ),
 ( 0.001629083182994342700, 0.002526876291371513700, 0.002975772845560099600, 0.003424669399748685100, 0.003873565953937270600, 0.004322462508125856500, 0.004771359062314442000, 0.005220255616503027500 ),
 .UNSPECIFIED. ) ;
#836 = CARTESIAN_POINT ( 'NONE',  ( 19.88750000000000300, -1.249999999999973100, 0.7216878364870171800 ) ) ;
#837 = CARTESIAN_POINT ( 'NONE',  ( 19.93749999999995400, -0.9362024248963467500, 0.8282662733796446500 ) ) ;
#838 = VERTEX_POINT ( 'NONE', #1736 ) ;
#839 = DIRECTION ( 'NONE',  ( -1.000000000000000000, -0.0000000000000000000, -0.0000000000000000000 ) ) ;
#840 = CARTESIAN_POINT ( 'NONE',  ( 1.939951905283758800, 0.6249999999999866800, 1.082531754730525100 ) ) ;
#841 =( BOUNDED_CURVE ( )  B_SPLINE_CURVE ( 2, ( #794, #2450, #4923, #3611, #2853, #426, #1166, #2001, #827 ),
 .UNSPECIFIED., .F., .F. ) 
 B_SPLINE_CURVE_WITH_KNOTS ( ( 3, 2, 2, 2, 3 ),
 ( 0.6597222222222222100, 0.6666666666666666300, 0.6805555555555555800, 0.6944444444444444200, 0.7013888888888888400 ),
 .UNSPECIFIED. ) 
 CURVE ( )  GEOMETRIC_REPRESENTATION_ITEM ( )  RATIONAL_B_SPLINE_CURVE ( ( 0.9330127018922194100, 0.9330127018922194100, 1.000000000000000000, 0.8660254037844387100, 1.000000000000000000, 0.8660254037844387100, 1.000000000000000000, 0.9330127018922194100, 0.9330127018922194100 ) ) 
 REPRESENTATION_ITEM ( '' )  );
#842 = CARTESIAN_POINT ( 'NONE',  ( 3.214951905283759200, 1.249999999999973400, 0.0000000000000000000 ) ) ;
#843 = DIRECTION ( 'NONE',  ( -1.000000000000000000, -0.0000000000000000000, -0.0000000000000000000 ) ) ;
#844 = CARTESIAN_POINT ( 'NONE',  ( 0.7918509526418808800, 6.824819318074054600E-017, 1.114577578257790000 ) ) ;
#845 = VERTEX_POINT ( 'NONE', #1356 ) ;
#846 = AXIS2_PLACEMENT_3D ( 'NONE', #2481, #2092, #1271 ) ;
#847 = CARTESIAN_POINT ( 'NONE',  ( 17.61121392896280100, 9.036984846634956000E-017, 1.475851625615950200 ) ) ;
#848 = CARTESIAN_POINT ( 'NONE',  ( 3.102451905283759800, 4.822484202722691300E-015, -1.249999999999973400 ) ) ;
#849 = CARTESIAN_POINT ( 'NONE',  ( 17.88560095264188000, -0.4826262486298922800, 0.8359331836933431300 ) ) ;
#850 = CARTESIAN_POINT ( 'NONE',  ( 17.21495190528375800, -0.6249999999999863400, 1.082531754730525300 ) ) ;
#851 = CARTESIAN_POINT ( 'NONE',  ( 3.866850952641880800, 0.9652524972597842400, 0.5572887891288949000 ) ) ;
#852 = ORIENTED_EDGE ( 'NONE', *, *, #1284, .T. ) ;
#853 = CARTESIAN_POINT ( 'NONE',  ( 2.877451905283758800, -5.200148628237119300E-015, 1.249999999999973400 ) ) ;
#854 = CARTESIAN_POINT ( 'NONE',  ( 16.74185095264188000, 0.9652524972597840100, -0.5572887891288955700 ) ) ;
#855 = APPROVAL ( #988, 'UNSPECIFIED' ) ;
#856 = ORIENTED_EDGE ( 'NONE', *, *, #2412, .F. ) ;
#857 = CARTESIAN_POINT ( 'NONE',  ( 18.03995190528376100, 0.6249999999999866800, 1.082531754730525100 ) ) ;
#858 = CARTESIAN_POINT ( 'NONE',  ( 0.4731009526418809000, -0.9652524972597841300, 0.5572887891288953500 ) ) ;
#859 = CARTESIAN_POINT ( 'NONE',  ( 1.087500000000002600, -1.249999999999973400, 0.7216878364870171800 ) ) ;
#860 = CARTESIAN_POINT ( 'NONE',  ( 4.800000000000002500, 0.2126186428663283100, -1.161684213998145600 ) ) ;
#861 = CARTESIAN_POINT ( 'NONE',  ( 4.800000000000001600, -1.004611303747640300, 0.6245759833436812500 ) ) ;
#862 = CARTESIAN_POINT ( 'NONE',  ( 15.62254809471609300, 0.3349364905388956300, -1.249999999999973600 ) ) ;
#863 = CARTESIAN_POINT ( 'NONE',  ( 15.01685095264188000, 0.9652524972597842400, 0.5572887891288949000 ) ) ;
#864 = ORIENTED_EDGE ( 'NONE', *, *, #1880, .F. ) ;
#865 = CARTESIAN_POINT ( 'NONE',  ( 4.166850952641881100, -2.047445795422216600E-016, -1.114577578257790000 ) ) ;
#866 = EDGE_CURVE ( 'NONE', #1529, #2174, #262, .T. ) ;
#867 = CARTESIAN_POINT ( 'NONE',  ( 17.91121392896280200, 1.278124999999973300, -0.7379258128079758700 ) ) ;
#868 = DESIGN_CONTEXT ( 'detailed design', #2996, 'design' ) ;
#869 = CARTESIAN_POINT ( 'NONE',  ( 1.016850952641881000, -2.047445795422216600E-016, -1.114577578257790000 ) ) ;
#870 = CARTESIAN_POINT ( 'NONE',  ( 18.86060095264188200, -0.9652524972597850100, 1.182093381138185100E-016 ) ) ;
#871 = CARTESIAN_POINT ( 'NONE',  ( 1.073100952641880700, -2.047445795422216600E-016, -1.114577578257790000 ) ) ;
#872 = EDGE_LOOP ( 'NONE', ( #3390, #4651, #1647, #3467, #238, #1326 ) ) ;
#873 = CARTESIAN_POINT ( 'NONE',  ( -0.02628607103719916500, 0.6390624999999857700, -1.106888719211963400 ) ) ;
#874 = CARTESIAN_POINT ( 'NONE',  ( 19.82464495448671800, 1.143124977343569700, -0.09294693537840716100 ) ) ;
#875 = CARTESIAN_POINT ( 'NONE',  ( 4.091850952641880900, -0.9652524972597844600, -0.5572887891288946800 ) ) ;
#876 = EDGE_LOOP ( 'NONE', ( #4816, #4313, #5192, #3519, #3511, #4245 ) ) ;
#877 = CARTESIAN_POINT ( 'NONE',  ( 0.0000000000000000000, 1.530808498934159000E-016, -1.249999999999973400 ) ) ;
#878 = CARTESIAN_POINT ( 'NONE',  ( 15.31685095264188100, -2.047445795422216600E-016, -1.114577578257790000 ) ) ;
#879 = VERTEX_POINT ( 'NONE', #2169 ) ;
#880 = CARTESIAN_POINT ( 'NONE',  ( 0.0000000000000000000, 1.530808498934159000E-016, -1.249999999999973400 ) ) ;
#881 = CARTESIAN_POINT ( 'NONE',  ( 2.123100952641880500, 0.9652524972597842400, 0.5572887891288949000 ) ) ;
#882 = CARTESIAN_POINT ( 'NONE',  ( 1.312500000000002700, 1.249999999999973100, -0.7216878364870175100 ) ) ;
#883 = CARTESIAN_POINT ( 'NONE',  ( 4.575000000000002000, 0.6249999999999867900, 1.082531754730525300 ) ) ;
#884 = CARTESIAN_POINT ( 'NONE',  ( 15.95435095264188200, 0.4826262486298922800, 0.8359331836933423500 ) ) ;
#885 = CARTESIAN_POINT ( 'NONE',  ( 3.079350952641880700, -0.4826262486298919500, 0.8359331836933424600 ) ) ;
#886 = MANIFOLD_SOLID_BREP ( 'Cut-Extrude4', #1175 ) ;
#887 = CARTESIAN_POINT ( 'NONE',  ( 17.49871392896280000, 1.278124999999973500, 0.0000000000000000000 ) ) ;
#888 = CARTESIAN_POINT ( 'NONE',  ( 17.56250000000000000, 1.743066579297358300E-016, 1.249999999999973100 ) ) ;
#889 = CARTESIAN_POINT ( 'NONE',  ( 17.27873797632096100, -1.278124999999973800, -0.7379258128079745300 ) ) ;
#890 = CARTESIAN_POINT ( 'NONE',  ( 17.40245190528375800, 2.149782114466741500E-015, -1.249999999999973400 ) ) ;
#891 = CARTESIAN_POINT ( 'NONE',  ( 19.36250000000000400, -5.171097518582163300E-015, 1.249999999999973400 ) ) ;
#892 = CARTESIAN_POINT ( 'NONE',  ( 3.079350952641880700, -0.4826262486298919500, 0.8359331836933424600 ) ) ;
#893 = AXIS2_PLACEMENT_3D ( 'NONE', #1263, #3747, #907 ) ;
#894 = CARTESIAN_POINT ( 'NONE',  ( 15.43621392896280000, -1.278124999999973500, 0.7379258128079755300 ) ) ;
#895 = CIRCLE ( 'NONE', #1886, 2.249999999999998200 ) ;
#896 = CARTESIAN_POINT ( 'NONE',  ( 15.46685095264187900, 0.9652524972597843500, 0.5572887891288949000 ) ) ;
#897 = FACE_OUTER_BOUND ( 'NONE', #5207, .T. ) ;
#898 = CARTESIAN_POINT ( 'NONE',  ( 1.523100952641880800, -2.047445795422216600E-016, -1.114577578257790000 ) ) ;
#899 = CARTESIAN_POINT ( 'NONE',  ( 15.20000000000000600, 0.7248748637441728700, 0.9031380486887831100 ) ) ;
#900 = CARTESIAN_POINT ( 'NONE',  ( 4.800000000000002500, -0.6249999999999872300, -1.082531754730524900 ) ) ;
#901 = CARTESIAN_POINT ( 'NONE',  ( 0.0000000000000000000, 1.530808498934159000E-016, -1.249999999999973400 ) ) ;
#902 = CARTESIAN_POINT ( 'NONE',  ( 16.21685095264188100, -2.047445795422216600E-016, -1.114577578257790000 ) ) ;
#903 = CARTESIAN_POINT ( 'NONE',  ( 3.075000000000002400, 0.6249999999999856800, -1.082531754730525800 ) ) ;
#904 = LINE ( 'NONE', #2622, #2574 ) ;
#905 = CARTESIAN_POINT ( 'NONE',  ( 17.57371392896280000, 0.6390624999999868800, 1.106888719211962700 ) ) ;
#906 = DIRECTION ( 'NONE',  ( -1.000000000000000000, -0.0000000000000000000, -0.0000000000000000000 ) ) ;
#907 = DIRECTION ( 'NONE',  ( -0.0000000000000000000, 0.0000000000000000000, 1.000000000000000000 ) ) ;
#908 = CARTESIAN_POINT ( 'NONE',  ( 16.86623797632096000, -0.6390624999999872100, -1.106888719211962300 ) ) ;
#909 = EDGE_CURVE ( 'NONE', #2243, #221, #4872, .T. ) ;
#910 = VECTOR ( 'NONE', #2918, 1000.000000000000000 ) ;
#911 = CARTESIAN_POINT ( 'NONE',  ( 19.87155598737375000, 0.6980138159010724800, 0.9678935834187695200 ) ) ;
#912 = CARTESIAN_POINT ( 'NONE',  ( 4.204350952641879900, 0.4826262486298914500, -0.8359331836933428000 ) ) ;
#913 = CARTESIAN_POINT ( 'NONE',  ( 3.102451905283759800, 4.822484202722691300E-015, -1.249999999999973400 ) ) ;
#914 = CARTESIAN_POINT ( 'NONE',  ( 16.33621392896280300, -1.278124999999973500, 0.7379258128079755300 ) ) ;
#915 = CARTESIAN_POINT ( 'NONE',  ( 16.47935095264188400, -0.4826262486298919500, 0.8359331836933424600 ) ) ;
#916 = ORIENTED_EDGE ( 'NONE', *, *, #3249, .T. ) ;
#917 = CARTESIAN_POINT ( 'NONE',  ( 3.702451905283759900, 1.249999999999973400, 0.7216878364870166200 ) ) ;
#918 = EDGE_LOOP ( 'NONE', ( #468, #4, #1626, #4132 ) ) ;
#919 =( BOUNDED_CURVE ( )  B_SPLINE_CURVE ( 2, ( #784, #4764, #1656, #2895, #4932, #4521, #48, #2516, #3241 ),
 .UNSPECIFIED., .F., .F. ) 
 B_SPLINE_CURVE_WITH_KNOTS ( ( 3, 2, 2, 2, 3 ),
 ( 0.2430555555555554700, 0.2500000000000000000, 0.2638888888888888400, 0.2777777777777777900, 0.2847222222222222100 ),
 .UNSPECIFIED. ) 
 CURVE ( )  GEOMETRIC_REPRESENTATION_ITEM ( )  RATIONAL_B_SPLINE_CURVE ( ( 0.9330127018922193000, 0.9330127018922187400, 1.000000000000000000, 0.8660254037844387100, 1.000000000000000000, 0.8660254037844387100, 1.000000000000000000, 0.9330127018922194100, 0.9330127018922194100 ) ) 
 REPRESENTATION_ITEM ( '' )  );
#920 = CARTESIAN_POINT ( 'NONE',  ( 0.7731009526418809500, 0.9652524972597842400, 0.5572887891288949000 ) ) ;
#921 = CARTESIAN_POINT ( 'NONE',  ( 15.19999999999999800, -0.6466369738519292000, 0.7166400822685467000 ) ) ;
#922 = CARTESIAN_POINT ( 'NONE',  ( 0.6475480947160933100, -0.3349364905388960100, 1.249999999999973400 ) ) ;
#923 = VERTEX_POINT ( 'NONE', #4186 ) ;
#924 = DIRECTION ( 'NONE',  ( 0.0000000000000000000, 0.0000000000000000000, 1.000000000000000000 ) ) ;
#925 = CARTESIAN_POINT ( 'NONE',  ( 0.2478213651822411800, 0.5192052010965634300, 0.9324688893890297200 ) ) ;
#926 = CARTESIAN_POINT ( 'NONE',  ( 18.43621392896279700, 1.278124999999973800, 0.7379258128079749800 ) ) ;
#927 = ORIENTED_EDGE ( 'NONE', *, *, #2892, .F. ) ;
#928 = CARTESIAN_POINT ( 'NONE',  ( 1.316850952641880800, -0.9652524972597841300, 0.5572887891288953500 ) ) ;
#929 = CARTESIAN_POINT ( 'NONE',  ( 17.42873797632096000, 1.278124999999972900, -0.7379258128079757600 ) ) ;
#930 = CARTESIAN_POINT ( 'NONE',  ( 18.09185095264188100, 0.9652524972597841300, -0.5572887891288955700 ) ) ;
#931 = CARTESIAN_POINT ( 'NONE',  ( 0.0000000000000000000, 0.0000000000000000000, 1.249999999999973400 ) ) ;
#932 = CARTESIAN_POINT ( 'NONE',  ( 16.14871392896280300, 1.278124999999973500, 0.0000000000000000000 ) ) ;
#933 = VERTEX_POINT ( 'NONE', #985 ) ;
#934 = CARTESIAN_POINT ( 'NONE',  ( 16.32935095264188200, 0.9652524972597843500, 0.0000000000000000000 ) ) ;
#935 = CARTESIAN_POINT ( 'NONE',  ( 0.6375000000000026200, -1.249999999999973400, 0.7216878364870171800 ) ) ;
#936 = ORIENTED_EDGE ( 'NONE', *, *, #4634, .T. ) ;
#937 = CARTESIAN_POINT ( 'NONE',  ( 0.08887747630682937800, 2.249999999999998700, -0.8716279370762580700 ) ) ;
#938 = DIRECTION ( 'NONE',  ( 0.0000000000000000000, 0.0000000000000000000, 1.000000000000000000 ) ) ;
#939 = CARTESIAN_POINT ( 'NONE',  ( 3.037500000000001900, -5.229199737892074000E-016, -1.249999999999973400 ) ) ;
#940 = ORIENTED_EDGE ( 'NONE', *, *, #1634, .T. ) ;
#941 = EDGE_CURVE ( 'NONE', #1114, #3976, #2493, .T. ) ;
#942 = CARTESIAN_POINT ( 'NONE',  ( 15.24185095264188100, -0.9652524972597844600, -0.5572887891288946800 ) ) ;
#943 = CARTESIAN_POINT ( 'NONE',  ( 4.016850952641880700, -0.9652524972597841300, 0.5572887891288953500 ) ) ;
#944 = CARTESIAN_POINT ( 'NONE',  ( 20.24810095264188100, -0.9652524972597851200, -0.5572887891288950100 ) ) ;
#945 = CARTESIAN_POINT ( 'NONE',  ( 18.27935095264188100, -0.4826262486298919500, 0.8359331836933424600 ) ) ;
#946 = CARTESIAN_POINT ( 'NONE',  ( 4.800000000000002500, 0.0000000000000000000, 0.0000000000000000000 ) ) ;
#947 = CARTESIAN_POINT ( 'NONE',  ( 16.04810095264188200, 6.824819318074054600E-017, 1.114577578257790000 ) ) ;
#948 = ORIENTED_EDGE ( 'NONE', *, *, #2688, .T. ) ;
#949 = CARTESIAN_POINT ( 'NONE',  ( 15.66121392896279800, 1.278124999999973300, -0.7379258128079758700 ) ) ;
#950 = EDGE_CURVE ( 'NONE', #2024, #4623, #5181, .T. ) ;
#951 = CARTESIAN_POINT ( 'NONE',  ( 19.17935095264188000, -0.4826262486298919500, 0.8359331836933424600 ) ) ;
#952 = DATE_AND_TIME ( #4911, #5100 ) ;
#953 = CARTESIAN_POINT ( 'NONE',  ( 3.664951905283758900, 1.249999999999973400, 0.0000000000000000000 ) ) ;
#954 = CARTESIAN_POINT ( 'NONE',  ( 15.20000000000000100, 1.249999999999973400, 0.0000000000000000000 ) ) ;
#955 = CARTESIAN_POINT ( 'NONE',  ( 0.0000000000000000000, 0.0000000000000000000, 0.0000000000000000000 ) ) ;
#956 = CARTESIAN_POINT ( 'NONE',  ( 16.66250000000000500, -2.498395430326213100E-015, 1.249999999999973400 ) ) ;
#957 = CARTESIAN_POINT ( 'NONE',  ( 16.21685095264188100, -2.047445795422216600E-016, -1.114577578257790000 ) ) ;
#958 = CARTESIAN_POINT ( 'NONE',  ( 2.591850952641880900, 6.824819318074054600E-017, 1.114577578257790000 ) ) ;
#959 = CARTESIAN_POINT ( 'NONE',  ( 16.07873797632096200, 1.278124999999972900, -0.7379258128079757600 ) ) ;
#960 = VECTOR ( 'NONE', #3225, 1000.000000000000000 ) ;
#961 = CARTESIAN_POINT ( 'NONE',  ( 16.55435095264188000, -0.9652524972597843500, 1.182093381138184100E-016 ) ) ;
#962 = CARTESIAN_POINT ( 'NONE',  ( 16.87310095264188100, 0.9652524972597843500, 0.5572887891288949000 ) ) ;
#963 = CONICAL_SURFACE ( 'NONE', #703, 2.249999999999998700, 1.047197551196600100 ) ;
#964 = DIRECTION ( 'NONE',  ( 0.0000000000000000000, 0.0000000000000000000, -1.000000000000000000 ) ) ;
#965 = CARTESIAN_POINT ( 'NONE',  ( 0.1397700690953396800, 2.066424524318476700, 1.405025455977998900 ) ) ;
#966 = CYLINDRICAL_SURFACE ( 'NONE', #3788, 1.249999999999973400 ) ;
#967 = EDGE_CURVE ( 'NONE', #83, #2477, #2071, .T. ) ;
#968 = CARTESIAN_POINT ( 'NONE',  ( 0.1519166416201301900, -1.114768875382546900, 0.3560766384029598900 ) ) ;
#969 = CARTESIAN_POINT ( 'NONE',  ( 19.79903810567666200, 2.249999999999998700, 1.299038105676658700 ) ) ;
#970 = CARTESIAN_POINT ( 'NONE',  ( 0.3076252751121973900, 0.1480042081540977300, 1.004874724888053200 ) ) ;
#971 = ORIENTED_EDGE ( 'NONE', *, *, #3813, .F. ) ;
#972 = CARTESIAN_POINT ( 'NONE',  ( 3.154350952641880500, -0.9652524972597843500, 1.182093381138184100E-016 ) ) ;
#973 = CARTESIAN_POINT ( 'NONE',  ( 15.91685095264188200, 0.9652524972597842400, 0.5572887891288949000 ) ) ;
#974 = CARTESIAN_POINT ( 'NONE',  ( 3.604350952641880700, -0.9652524972597843500, 1.182093381138184100E-016 ) ) ;
#975 = CARTESIAN_POINT ( 'NONE',  ( 4.785600952641880600, 0.9652524972597843500, 0.0000000000000000000 ) ) ;
#976 = EDGE_CURVE ( 'NONE', #2220, #2030, #4028, .T. ) ;
#977 = CARTESIAN_POINT ( 'NONE',  ( 17.56685095264188200, -2.047445795422216600E-016, -1.114577578257790000 ) ) ;
#978 = ORIENTED_EDGE ( 'NONE', *, *, #3322, .F. ) ;
#979 = CARTESIAN_POINT ( 'NONE',  ( 15.29810095264188200, -0.9652524972597845700, -0.5572887891288946800 ) ) ;
#980 = EDGE_LOOP ( 'NONE', ( #4380, #2765, #1120, #75 ) ) ;
#981 =( BOUNDED_CURVE ( )  B_SPLINE_CURVE ( 2, ( #452, #4072, #4918, #859, #2036, #4898, #1372, #470, #2940 ),
 .UNSPECIFIED., .F., .F. ) 
 B_SPLINE_CURVE_WITH_KNOTS ( ( 3, 2, 2, 2, 3 ),
 ( 0.1875000000000000000, 0.1944444444444444500, 0.2083333333333333400, 0.2222222222222222100, 0.2291666666666666600 ),
 .UNSPECIFIED. ) 
 CURVE ( )  GEOMETRIC_REPRESENTATION_ITEM ( )  RATIONAL_B_SPLINE_CURVE ( ( 0.9330127018922194100, 0.9330127018922194100, 1.000000000000000000, 0.8660254037844387100, 1.000000000000000000, 0.8660254037844387100, 1.000000000000000000, 0.9330127018922194100, 0.9330127018922194100 ) ) 
 REPRESENTATION_ITEM ( '' )  );
#982 = CARTESIAN_POINT ( 'NONE',  ( 19.65275249725973700, -0.7303071827600791100, 0.6311606786510753900 ) ) ;
#983 = VERTEX_POINT ( 'NONE', #4275 ) ;
#984 = CARTESIAN_POINT ( 'NONE',  ( 1.923713928962800700, 0.6390624999999868800, 1.106888719211962700 ) ) ;
#985 = CARTESIAN_POINT ( 'NONE',  ( 2.652451905283758700, -5.229199737892074000E-016, -1.249999999999973400 ) ) ;
#986 = B_SPLINE_CURVE_WITH_KNOTS ( 'NONE', 3,
 ( #921, #489, #2586, #4203, #1336, #899, #2187, #4184, #2973, #1766, #3812, #954 ),
 .UNSPECIFIED., .F., .F.,
 ( 4, 2, 2, 2, 2, 4 ),
 ( 1.533293416683374200E-019, 0.0006396200025610071000, 0.001279240005122014200, 0.001918860007683021200, 0.002238670008963524300, 0.002558480010244028000 ),
 .UNSPECIFIED. ) ;
#987 = ORIENTED_EDGE ( 'NONE', *, *, #2688, .F. ) ;
#988 = APPROVAL_STATUS ( 'not_yet_approved' ) ;
#989 = CARTESIAN_POINT ( 'NONE',  ( 2.741850952641880800, -0.9652524972597844600, -0.5572887891288946800 ) ) ;
#990 = CARTESIAN_POINT ( 'NONE',  ( 15.95435095264188200, 0.4826262486298922800, 0.8359331836933423500 ) ) ;
#991 = CARTESIAN_POINT ( 'NONE',  ( 2.029350952641880900, 0.9652524972597843500, 0.0000000000000000000 ) ) ;
#992 = CARTESIAN_POINT ( 'NONE',  ( 1.816237976320961100, 1.278124999999973300, 0.0000000000000000000 ) ) ;
#993 = ORIENTED_EDGE ( 'NONE', *, *, #2188, .F. ) ;
#994 = CARTESIAN_POINT ( 'NONE',  ( 17.41685095264188000, -0.9652524972597841300, 0.5572887891288953500 ) ) ;
#995 = CARTESIAN_POINT ( 'NONE',  ( 16.98560095264188200, -0.4826262486298919500, 0.8359331836933424600 ) ) ;
#996 = ORIENTED_EDGE ( 'NONE', *, *, #662, .T. ) ;
#997 = CARTESIAN_POINT ( 'NONE',  ( 18.31685095264188200, -0.9652524972597841300, 0.5572887891288953500 ) ) ;
#998 = CARTESIAN_POINT ( 'NONE',  ( 3.236213928962801100, 1.278124999999973800, 0.7379258128079749800 ) ) ;
#999 = CARTESIAN_POINT ( 'NONE',  ( 17.13259618943233800, -0.3349364905388972400, 1.249999999999972900 ) ) ;
#1000 = CARTESIAN_POINT ( 'NONE',  ( 0.0000000000000000000, 1.124999999999997800, 1.948557158514986300 ) ) ;
#1001 = VERTEX_POINT ( 'NONE', #4237 ) ;
#1002 = CARTESIAN_POINT ( 'NONE',  ( 3.337500000000002100, -1.249999999999973400, 0.7216878364870171800 ) ) ;
#1003 = PERSON_AND_ORGANIZATION_ROLE ( 'creator' ) ;
#1004 = EDGE_CURVE ( 'NONE', #1848, #2545, #2317, .T. ) ;
#1005 = CARTESIAN_POINT ( 'NONE',  ( 2.554350952641880800, 0.4826262486298922800, 0.8359331836933423500 ) ) ;
#1006 = LOCAL_TIME ( 12, 11, 43.00000000000000000, #44 ) ;
#1007 = CARTESIAN_POINT ( 'NONE',  ( 15.01685095264188000, 0.9652524972597842400, 0.5572887891288949000 ) ) ;
#1008 = CARTESIAN_POINT ( 'NONE',  ( 2.104350952641880700, 0.4826262486298922800, 0.8359331836933423500 ) ) ;
#1009 =( BOUNDED_CURVE ( )  B_SPLINE_CURVE ( 2, ( #751, #2761, #2341, #3555, #4825, #4401, #292, #1962, #1145 ),
 .UNSPECIFIED., .F., .F. ) 
 B_SPLINE_CURVE_WITH_KNOTS ( ( 3, 2, 2, 2, 3 ),
 ( 0.3541666666666666900, 0.3611111111111111000, 0.3750000000000000000, 0.3888888888888889000, 0.3958333333333333700 ),
 .UNSPECIFIED. ) 
 CURVE ( )  GEOMETRIC_REPRESENTATION_ITEM ( )  RATIONAL_B_SPLINE_CURVE ( ( 0.9330127018922194100, 0.9330127018922196300, 1.000000000000000000, 0.8660254037844387100, 1.000000000000000000, 0.8660254037844387100, 1.000000000000000000, 0.9330127018922190800, 0.9330127018922194100 ) ) 
 REPRESENTATION_ITEM ( '' )  );
#1010 = CARTESIAN_POINT ( 'NONE',  ( 1.253737976320961100, -2.711095453990486600E-016, -1.475851625615950000 ) ) ;
#1011 = CARTESIAN_POINT ( 'NONE',  ( 19.21685095264188100, -0.9652524972597841300, 0.5572887891288953500 ) ) ;
#1012 = CARTESIAN_POINT ( 'NONE',  ( 19.16060095264188200, 0.4826262486298922800, 0.8359331836933423500 ) ) ;
#1013 = CARTESIAN_POINT ( 'NONE',  ( 18.80435095264188000, -0.9652524972597843500, 1.182093381138184100E-016 ) ) ;
#1014 = CARTESIAN_POINT ( 'NONE',  ( 1.548713928962800700, -0.6390624999999864300, 1.106888719211963000 ) ) ;
#1015 = VECTOR ( 'NONE', #3619, 1000.000000000000000 ) ;
#1016 = CARTESIAN_POINT ( 'NONE',  ( 0.0000000000000000000, 0.0000000000000000000, 0.0000000000000000000 ) ) ;
#1017 = CARTESIAN_POINT ( 'NONE',  ( 0.1397224899492584300, -0.9984865735571976100, 0.6332283448303222000 ) ) ;
#1018 = CARTESIAN_POINT ( 'NONE',  ( 15.72500000000000000, 0.6249999999999867900, 1.082531754730525100 ) ) ;
#1019 = CARTESIAN_POINT ( 'NONE',  ( 3.282596189432336300, -0.3349364905388985100, 1.249999999999971800 ) ) ;
#1020 = APPROVAL_STATUS ( 'not_yet_approved' ) ;
#1021 = FACE_OUTER_BOUND ( 'NONE', #4238, .T. ) ;
#1022 = CARTESIAN_POINT ( 'NONE',  ( 4.841850952641880000, 6.824819318074054600E-017, 1.114577578257790000 ) ) ;
#1023 = CARTESIAN_POINT ( 'NONE',  ( 18.39185095264188200, -0.9652524972597844600, -0.5572887891288946800 ) ) ;
#1024 = CARTESIAN_POINT ( 'NONE',  ( 4.654350952641880900, 0.4826262486298914500, -0.8359331836933428000 ) ) ;
#1025 = CARTESIAN_POINT ( 'NONE',  ( 0.3912379763209609100, 0.6390624999999856600, -1.106888719211963200 ) ) ;
#1026 = CARTESIAN_POINT ( 'NONE',  ( 15.63560095264188200, -0.4826262486298919500, 0.8359331836933424600 ) ) ;
#1027 = LINE ( 'NONE', #2040, #4413 ) ;
#1028 = CARTESIAN_POINT ( 'NONE',  ( 19.19810095264188000, 6.824819318074054600E-017, 1.114577578257790000 ) ) ;
#1029 = ADVANCED_FACE ( 'NONE', ( #4355 ), #3014, .F. ) ;
#1030 =( GEOMETRIC_REPRESENTATION_CONTEXT ( 3 ) GLOBAL_UNCERTAINTY_ASSIGNED_CONTEXT ( ( #3830 ) ) GLOBAL_UNIT_ASSIGNED_CONTEXT ( ( #4242, #3024, #3815 ) ) REPRESENTATION_CONTEXT ( 'NONE', 'WORKASPACE' ) );
#1031 = FACE_OUTER_BOUND ( 'NONE', #3738, .T. ) ;
#1032 = CARTESIAN_POINT ( 'NONE',  ( 1.586213928962800600, -1.278124999999973500, 0.7379258128079755300 ) ) ;
#1033 = ORIENTED_EDGE ( 'NONE', *, *, #1840, .T. ) ;
#1034 = EDGE_CURVE ( 'NONE', #1093, #357, #4096, .T. ) ;
#1035 = CARTESIAN_POINT ( 'NONE',  ( 4.148100952641880400, -0.9652524972597845700, -0.5572887891288946800 ) ) ;
#1036 = EDGE_LOOP ( 'NONE', ( #1765, #2208, #940 ) ) ;
#1037 = CARTESIAN_POINT ( 'NONE',  ( 0.7875000000000026400, -5.229199737892074000E-016, -1.249999999999973400 ) ) ;
#1038 = CARTESIAN_POINT ( 'NONE',  ( 2.202451905283759000, 2.149782114466741500E-015, -1.249999999999973400 ) ) ;
#1039 = CARTESIAN_POINT ( 'NONE',  ( 1.785600952641880800, -0.4826262486298919500, 0.8359331836933424600 ) ) ;
#1040 = CARTESIAN_POINT ( 'NONE',  ( 17.75435095264188200, 0.4826262486298922800, 0.8359331836933423500 ) ) ;
#1041 = VERTEX_POINT ( 'NONE', #4699 ) ;
#1042 = CARTESIAN_POINT ( 'NONE',  ( 15.31250000000000200, 1.743066579297358300E-016, 1.249999999999973100 ) ) ;
#1043 = CARTESIAN_POINT ( 'NONE',  ( 0.9162379763209610500, 1.278124999999973300, 0.0000000000000000000 ) ) ;
#1044 = AXIS2_PLACEMENT_3D ( 'NONE', #2556, #4564, #2956 ) ;
#1045 = CARTESIAN_POINT ( 'NONE',  ( 20.19185095264187900, -0.9652524972597844600, -0.5572887891288946800 ) ) ;
#1046 = CARTESIAN_POINT ( 'NONE',  ( 1.948175778684889900E-017, 2.249999999999998700, 0.2200247406038693700 ) ) ;
#1047 = CARTESIAN_POINT ( 'NONE',  ( 18.14810095264188300, 0.9652524972597840100, -0.5572887891288955700 ) ) ;
#1048 = ORIENTED_EDGE ( 'NONE', *, *, #2720, .T. ) ;
#1049 = PLANE ( 'NONE',  #2182 ) ;
#1050 = CARTESIAN_POINT ( 'NONE',  ( 2.711213928962800800, 1.278124999999973300, -0.7379258128079758700 ) ) ;
#1051 = VERTEX_POINT ( 'NONE', #1819 ) ;
#1052 = CARTESIAN_POINT ( 'NONE',  ( 15.19999999999995000, -0.7690095026872462200, -0.7518258724168344100 ) ) ;
#1053 = CARTESIAN_POINT ( 'NONE',  ( 4.410600952641879700, 0.4826262486298922800, 0.8359331836933423500 ) ) ;
#1054 = DIRECTION ( 'NONE',  ( -1.000000000000000000, -0.0000000000000000000, -0.0000000000000000000 ) ) ;
#1055 = ORIENTED_EDGE ( 'NONE', *, *, #4008, .T. ) ;
#1056 = CARTESIAN_POINT ( 'NONE',  ( 1.373100952641880700, -0.9652524972597841300, 0.5572887891288953500 ) ) ;
#1057 = CARTESIAN_POINT ( 'NONE',  ( 18.80435095264188000, -0.9652524972597843500, 1.182093381138184100E-016 ) ) ;
#1058 = CARTESIAN_POINT ( 'NONE',  ( 4.466850952641880900, -0.9652524972597841300, 0.5572887891288953500 ) ) ;
#1059 = CARTESIAN_POINT ( 'NONE',  ( 3.541237976320960300, 0.6390624999999856600, -1.106888719211963200 ) ) ;
#1060 = CARTESIAN_POINT ( 'NONE',  ( 19.51685095264188200, 0.9652524972597842400, 0.5572887891288949000 ) ) ;
#1061 = ORIENTED_EDGE ( 'NONE', *, *, #212, .T. ) ;
#1062 = CARTESIAN_POINT ( 'NONE',  ( 18.48560095264188200, -0.4826262486298926200, -0.8359331836933422400 ) ) ;
#1063 = CARTESIAN_POINT ( 'NONE',  ( 4.752451905283758800, -1.249999999999973100, 0.7216878364870171800 ) ) ;
#1064 = EDGE_CURVE ( 'NONE', #4046, #3590, #1813, .T. ) ;
#1065 =( BOUNDED_CURVE ( )  B_SPLINE_CURVE ( 2, ( #2443, #3668, #5303, #3263, #2482, #3298, #1717, #922, #129 ),
 .UNSPECIFIED., .F., .F. ) 
 B_SPLINE_CURVE_WITH_KNOTS ( ( 3, 2, 2, 2, 3 ),
 ( 0.7430555555555555800, 0.7500000000000000000, 0.7638888888888888400, 0.7777777777777777900, 0.7847222222222222100 ),
 .UNSPECIFIED. ) 
 CURVE ( )  GEOMETRIC_REPRESENTATION_ITEM ( )  RATIONAL_B_SPLINE_CURVE ( ( 0.9330127018922194100, 0.9330127018922194100, 1.000000000000000000, 0.8660254037844387100, 1.000000000000000000, 0.8660254037844387100, 1.000000000000000000, 0.9330127018922194100, 0.9330127018922194100 ) ) 
 REPRESENTATION_ITEM ( '' )  );
#1066 = CARTESIAN_POINT ( 'NONE',  ( 0.2293509526418810200, 0.9652524972597843500, 0.0000000000000000000 ) ) ;
#1067 = ORIENTED_EDGE ( 'NONE', *, *, #315, .F. ) ;
#1068 = CARTESIAN_POINT ( 'NONE',  ( 19.79903810567666200, 9.705254661958883300E-016, -2.598076211353313800 ) ) ;
#1069 = CARTESIAN_POINT ( 'NONE',  ( 2.460600952641880400, 0.4826262486298914500, -0.8359331836933428000 ) ) ;
#1070 = CARTESIAN_POINT ( 'NONE',  ( 0.1397700690953395700, -2.066424524318476200, -1.405025455977998200 ) ) ;
#1071 = LINE ( 'NONE', #1159, #1591 ) ;
#1072 = EDGE_CURVE ( 'NONE', #4499, #2157, #835, .T. ) ;
#1073 =( BOUNDED_CURVE ( )  B_SPLINE_CURVE ( 2, ( #3395, #557, #1760, #521, #2596, #140, #4611, #3003, #2580 ),
 .UNSPECIFIED., .F., .F. ) 
 B_SPLINE_CURVE_WITH_KNOTS ( ( 3, 2, 2, 2, 3 ),
 ( 0.1875000000000000000, 0.1944444444444444500, 0.2083333333333333400, 0.2222222222222222100, 0.2291666666666666600 ),
 .UNSPECIFIED. ) 
 CURVE ( )  GEOMETRIC_REPRESENTATION_ITEM ( )  RATIONAL_B_SPLINE_CURVE ( ( 0.9330127018922194100, 0.9330127018922194100, 1.000000000000000000, 0.8660254037844387100, 1.000000000000000000, 0.8660254037844387100, 1.000000000000000000, 0.9330127018922194100, 0.9330127018922194100 ) ) 
 REPRESENTATION_ITEM ( '' )  );
#1074 = CARTESIAN_POINT ( 'NONE',  ( 0.8481009526418809000, 6.824819318074054600E-017, 1.114577578257790000 ) ) ;
#1075 = CARTESIAN_POINT ( 'NONE',  ( 17.37935095264187900, -0.4826262486298919500, 0.8359331836933424600 ) ) ;
#1076 = CARTESIAN_POINT ( 'NONE',  ( 2.603737976320961200, -2.711095453990486600E-016, -1.475851625615950000 ) ) ;
#1077 = CARTESIAN_POINT ( 'NONE',  ( 17.99810095264188100, -0.9652524972597844600, -0.5572887891288946800 ) ) ;
#1078 = CARTESIAN_POINT ( 'NONE',  ( 17.73560095264188200, 0.9652524972597843500, 0.0000000000000000000 ) ) ;
#1079 = ADVANCED_FACE ( 'NONE', ( #2882 ), #650, .F. ) ;
#1080 = FACE_OUTER_BOUND ( 'NONE', #25, .T. ) ;
#1081 = CARTESIAN_POINT ( 'NONE',  ( 17.87873797632095900, 1.278124999999972900, -0.7379258128079757600 ) ) ;
#1082 = CARTESIAN_POINT ( 'NONE',  ( 4.248713928962800400, -0.6390624999999864300, 1.106888719211963000 ) ) ;
#1083 = CARTESIAN_POINT ( 'NONE',  ( 2.587500000000002100, 2.149782114466741500E-015, -1.249999999999973400 ) ) ;
#1084 = FACE_OUTER_BOUND ( 'NONE', #918, .T. ) ;
#1085 = CARTESIAN_POINT ( 'NONE',  ( 3.285600952641880600, -0.4826262486298926200, -0.8359331836933422400 ) ) ;
#1086 = CARTESIAN_POINT ( 'NONE',  ( 0.01924333400943521000, -1.506653605801030200, -1.728209346468569700 ) ) ;
#1087 = CARTESIAN_POINT ( 'NONE',  ( 1.410600952641880600, -0.9652524972597843500, 1.182093381138184100E-016 ) ) ;
#1088 = CARTESIAN_POINT ( 'NONE',  ( 16.81685095264188200, 0.9652524972597842400, 0.5572887891288949000 ) ) ;
#1089 = CARTESIAN_POINT ( 'NONE',  ( 17.09240381056766400, 0.3349364905388950700, 1.249999999999973800 ) ) ;
#1090 = CARTESIAN_POINT ( 'NONE',  ( 2.791237976320960700, 0.6390624999999867700, 1.106888719211962500 ) ) ;
#1091 = CARTESIAN_POINT ( 'NONE',  ( 17.58560095264188300, -0.4826262486298926200, -0.8359331836933422400 ) ) ;
#1092 = CARTESIAN_POINT ( 'NONE',  ( -0.1831490473581189600, 0.9652524972597842400, 0.5572887891288949000 ) ) ;
#1093 = VERTEX_POINT ( 'NONE', #2206 ) ;
#1094 = CARTESIAN_POINT ( 'NONE',  ( 19.65275249725973700, -0.7303071827600791100, 0.6311606786510753900 ) ) ;
#1095 = CARTESIAN_POINT ( 'NONE',  ( 18.02873797632096100, 9.036984846634954800E-017, 1.475851625615950000 ) ) ;
#1096 = CARTESIAN_POINT ( 'NONE',  ( 4.789951905283759400, -1.249999999999973400, 1.530808498934159000E-016 ) ) ;
#1097 = ORIENTED_EDGE ( 'NONE', *, *, #3141, .F. ) ;
#1098 = CARTESIAN_POINT ( 'NONE',  ( 4.586213928962800800, 1.278124999999973800, 0.7379258128079749800 ) ) ;
#1099 = CARTESIAN_POINT ( 'NONE',  ( 15.19999999999984300, -1.003244474879084500, -0.1496256437946962300 ) ) ;
#1100 = EDGE_CURVE ( 'NONE', #3295, #5070, #3913, .T. ) ;
#1101 = CARTESIAN_POINT ( 'NONE',  ( 2.235600952641880700, -0.4826262486298919500, 0.8359331836933424600 ) ) ;
#1102 = ADVANCED_FACE ( 'NONE', ( #1680 ), #5061, .F. ) ;
#1103 = CARTESIAN_POINT ( 'NONE',  ( 16.83995190528375500, -1.249999999999973400, 1.530808498934159000E-016 ) ) ;
#1104 = CARTESIAN_POINT ( 'NONE',  ( 1.687500000000002700, -5.229199737892074000E-016, -1.249999999999973400 ) ) ;
#1105 = ORIENTED_EDGE ( 'NONE', *, *, #2812, .F. ) ;
#1106 = CARTESIAN_POINT ( 'NONE',  ( 2.948100952641880700, 0.9652524972597841300, -0.5572887891288955700 ) ) ;
#1107 = CARTESIAN_POINT ( 'NONE',  ( 19.66685095264188000, -0.9652524972597841300, 0.5572887891288953500 ) ) ;
#1108 = CARTESIAN_POINT ( 'NONE',  ( 19.78758564879062100, 0.7000601768767673600, -0.8518521440069570800 ) ) ;
#1109 = CARTESIAN_POINT ( 'NONE',  ( 0.1573557158514249700, 0.3349364905388962900, 1.249999999999973100 ) ) ;
#1110 = CARTESIAN_POINT ( 'NONE',  ( 3.766237976320960800, -0.6390624999999863200, 1.106888719211962700 ) ) ;
#1111 = ORIENTED_EDGE ( 'NONE', *, *, #538, .T. ) ;
#1112 = CARTESIAN_POINT ( 'NONE',  ( 18.33560095264188300, -0.4826262486298919500, 0.8359331836933424600 ) ) ;
#1113 = CARTESIAN_POINT ( 'NONE',  ( 0.0000000000000000000, 1.530808498934159000E-016, -1.249999999999973400 ) ) ;
#1114 = VERTEX_POINT ( 'NONE', #4187 ) ;
#1115 = CARTESIAN_POINT ( 'NONE',  ( 19.04123797632096100, -1.278124999999973300, 1.565251690160178100E-016 ) ) ;
#1116 = CARTESIAN_POINT ( 'NONE',  ( 17.54810095264188200, -0.9652524972597851200, -0.5572887891288950100 ) ) ;
#1117 = AXIS2_PLACEMENT_3D ( 'NONE', #1658, #808, #3722 ) ;
#1118 = CARTESIAN_POINT ( 'NONE',  ( 3.498713928962800900, -0.6390624999999873200, -1.106888719211962500 ) ) ;
#1119 = CARTESIAN_POINT ( 'NONE',  ( 20.00000000000000000, -1.124999999999998200, -1.948557158514986600 ) ) ;
#1120 = ORIENTED_EDGE ( 'NONE', *, *, #3025, .F. ) ;
#1121 = DIRECTION ( 'NONE',  ( -1.000000000000000000, -0.0000000000000000000, -0.0000000000000000000 ) ) ;
#1122 = CARTESIAN_POINT ( 'NONE',  ( 4.260600952641880200, 0.4826262486298914500, -0.8359331836933428000 ) ) ;
#1123 = CARTESIAN_POINT ( 'NONE',  ( 0.3375000000000027400, -5.229199737892074000E-016, -1.249999999999973400 ) ) ;
#1124 = CARTESIAN_POINT ( 'NONE',  ( 1.564951905283759000, -0.6249999999999863400, 1.082531754730525300 ) ) ;
#1125 = CARTESIAN_POINT ( 'NONE',  ( 3.578737976320960400, 1.278124999999972900, -0.7379258128079757600 ) ) ;
#1126 = ORIENTED_EDGE ( 'NONE', *, *, #3848, .T. ) ;
#1127 = CC_DESIGN_PERSON_AND_ORGANIZATION_ASSIGNMENT ( #3890, #2675, ( #4588 ) ) ;
#1128 = CARTESIAN_POINT ( 'NONE',  ( 17.32310095264188400, 0.9652524972597842400, 0.5572887891288949000 ) ) ;
#1129 = ADVANCED_FACE ( 'NONE', ( #197 ), #4637, .F. ) ;
#1130 = APPROVAL_DATE_TIME ( #952, #1508 ) ;
#1131 = CARTESIAN_POINT ( 'NONE',  ( 18.77873797632095800, 1.278124999999972900, -0.7379258128079757600 ) ) ;
#1132 = CARTESIAN_POINT ( 'NONE',  ( 17.36060095264187800, 0.4826262486298926200, 0.8359331836933430200 ) ) ;
#1133 = EDGE_CURVE ( 'NONE', #3017, #2151, #904, .T. ) ;
#1134 = CARTESIAN_POINT ( 'NONE',  ( 4.698713928962799700, -0.6390624999999864300, 1.106888719211963000 ) ) ;
#1135 = FACE_OUTER_BOUND ( 'NONE', #1545, .T. ) ;
#1136 = CARTESIAN_POINT ( 'NONE',  ( 0.0000000000000000000, 0.0000000000000000000, 0.0000000000000000000 ) ) ;
#1137 =( BOUNDED_CURVE ( )  B_SPLINE_CURVE ( 2, ( #3423, #3404, #1438, #150, #2653, #3038, #1872, #3863, #2621 ),
 .UNSPECIFIED., .F., .F. ) 
 B_SPLINE_CURVE_WITH_KNOTS ( ( 3, 2, 2, 2, 3 ),
 ( 0.8263888888888888400, 0.8333333333333332600, 0.8472222222222222100, 0.8611111111111111600, 0.8680555555555555800 ),
 .UNSPECIFIED. ) 
 CURVE ( )  GEOMETRIC_REPRESENTATION_ITEM ( )  RATIONAL_B_SPLINE_CURVE ( ( 0.9330127018922194100, 0.9330127018922194100, 1.000000000000000000, 0.8660254037844387100, 1.000000000000000000, 0.8660254037844387100, 1.000000000000000000, 0.9330127018922194100, 0.9330127018922194100 ) ) 
 REPRESENTATION_ITEM ( '' )  );
#1138 = CARTESIAN_POINT ( 'NONE',  ( 0.0000000000000000000, -2.249999999999998700, -7.511572993685794200E-016 ) ) ;
#1139 = CARTESIAN_POINT ( 'NONE',  ( 3.285600952641880600, -0.4826262486298926200, -0.8359331836933422400 ) ) ;
#1140 = CARTESIAN_POINT ( 'NONE',  ( 0.06250000000002665900, 0.0000000000000000000, 0.0000000000000000000 ) ) ;
#1141 = CARTESIAN_POINT ( 'NONE',  ( 0.0000000000000000000, 0.0000000000000000000, 1.249999999999973400 ) ) ;
#1142 = CARTESIAN_POINT ( 'NONE',  ( 18.01250000000000300, -5.171097518582163300E-015, 1.249999999999973400 ) ) ;
#1143 = CARTESIAN_POINT ( 'NONE',  ( 18.14810095264188300, 0.9652524972597841300, -0.5572887891288955700 ) ) ;
#1144 = CARTESIAN_POINT ( 'NONE',  ( 19.98075666599056500, 1.506653605801012500, -1.728209346468579500 ) ) ;
#1145 = CARTESIAN_POINT ( 'NONE',  ( 2.137500000000002800, 2.149782114466741500E-015, -1.249999999999973400 ) ) ;
#1146 = CARTESIAN_POINT ( 'NONE',  ( 19.94123797632095900, -1.278124999999973300, 1.565251690160178100E-016 ) ) ;
#1147 = CARTESIAN_POINT ( 'NONE',  ( 17.69810095264188000, 0.9652524972597845700, -0.5572887891288959000 ) ) ;
#1148 = CIRCLE ( 'NONE', #5, 1.249999999999973400 ) ;
#1149 = CARTESIAN_POINT ( 'NONE',  ( 19.98075666599056500, -1.506653605801031800, 1.728209346468568400 ) ) ;
#1150 = CARTESIAN_POINT ( 'NONE',  ( 1.766850952641880700, -0.9652524972597841300, 0.5572887891288953500 ) ) ;
#1151 = CARTESIAN_POINT ( 'NONE',  ( 4.035600952641880600, -0.4826262486298919500, 0.8359331836933424600 ) ) ;
#1152 = CARTESIAN_POINT ( 'NONE',  ( 20.00000000000000000, 0.0000000000000000000, -1.312500000000000000 ) ) ;
#1153 = CARTESIAN_POINT ( 'NONE',  ( 0.06772458609236123300, 0.6981625928488747200, 1.040796803928121700 ) ) ;
#1154 = ADVANCED_FACE ( 'NONE', ( #4160 ), #3844, .T. ) ;
#1155 = CARTESIAN_POINT ( 'NONE',  ( 15.46250000000000200, -1.249999999999973600, -0.7216878364870164000 ) ) ;
#1156 = CARTESIAN_POINT ( 'NONE',  ( 2.348100952641880600, -0.9652524972597844600, -0.5572887891288946800 ) ) ;
#1157 = CARTESIAN_POINT ( 'NONE',  ( 19.29185095264188400, -0.9652524972597844600, -0.5572887891288946800 ) ) ;
#1158 = ORIENTED_EDGE ( 'NONE', *, *, #4666, .F. ) ;
#1159 = CARTESIAN_POINT ( 'NONE',  ( 0.0000000000000000000, 0.0000000000000000000, 1.249999999999973400 ) ) ;
#1160 = DIRECTION ( 'NONE',  ( -1.000000000000000000, -0.0000000000000000000, -0.0000000000000000000 ) ) ;
#1161 = CARTESIAN_POINT ( 'NONE',  ( 18.71060095264188300, 0.4826262486298922800, 0.8359331836933423500 ) ) ;
#1162 = CARTESIAN_POINT ( 'NONE',  ( 1.077451905283759200, -2.527446539981169400E-015, 1.249999999999973400 ) ) ;
#1163 = CARTESIAN_POINT ( 'NONE',  ( 0.9606009526418808300, -0.9652524972597843500, 1.182093381138184100E-016 ) ) ;
#1164 = ORIENTED_EDGE ( 'NONE', *, *, #2197, .F. ) ;
#1165 =( BOUNDED_CURVE ( )  B_SPLINE_CURVE ( 2, ( #1797, #1866, #1096, #1063, #629, #3474, #3491 ),
 .UNSPECIFIED., .F., .F. ) 
 B_SPLINE_CURVE_WITH_KNOTS ( ( 3, 2, 2, 3 ),
 ( 0.01185807940269523400, 0.01388888888888884000, 0.02777777777777779000, 0.03472222222222221000 ),
 .UNSPECIFIED. ) 
 CURVE ( )  GEOMETRIC_REPRESENTATION_ITEM ( )  RATIONAL_B_SPLINE_CURVE ( ( 0.9665496256193637500, 0.9804104645749465200, 1.000000000000000000, 0.8660254037844387100, 1.000000000000000000, 0.9330127018922194100, 0.9330127018922194100 ) ) 
 REPRESENTATION_ITEM ( '' )  );
#1166 = CARTESIAN_POINT ( 'NONE',  ( 16.31495190528376300, -0.6249999999999863400, 1.082531754730525300 ) ) ;
#1167 = CARTESIAN_POINT ( 'NONE',  ( 15.44810095264188000, 0.9652524972597845700, -0.5572887891288959000 ) ) ;
#1168 = CARTESIAN_POINT ( 'NONE',  ( 2.891850952641880700, 0.9652524972597841300, -0.5572887891288955700 ) ) ;
#1169 = CARTESIAN_POINT ( 'NONE',  ( 4.410600952641879700, 0.4826262486298922800, 0.8359331836933423500 ) ) ;
#1170 = ORIENTED_EDGE ( 'NONE', *, *, #4904, .T. ) ;
#1171 = EDGE_CURVE ( 'NONE', #357, #2342, #3293, .T. ) ;
#1172 = CARTESIAN_POINT ( 'NONE',  ( 18.80000000000000100, 1.249999999999973400, 0.0000000000000000000 ) ) ;
#1173 = DIRECTION ( 'NONE',  ( -1.000000000000000000, -0.0000000000000000000, -0.0000000000000000000 ) ) ;
#1174 = CARTESIAN_POINT ( 'NONE',  ( 0.3542215672360994300, 0.5647291512154009000, 0.7885310507843492600 ) ) ;
#1175 = CLOSED_SHELL ( 'NONE', ( #4700, #4849, #226, #4882, #1512, #781, #3654, #1185, #1593, #2743, #5128, #609, #2376, #2850, #3682, #4021, #3179, #1079, #3063, #2458, #724, #1418, #1562, #3436, #3538, #354, #5177, #2399, #2671, #4826, #1820, #1029, #384, #3589, #1461, #1652, #5306, #1871, #1998, #4746, #3108, #3083, #4079, #1970, #811, #1623, #4429, #5107, #1129, #4776, #1102, #1847, #1240, #752, #2795, #2230, #1211, #3266, #1154, #4914, #4674, #5252, #2280, #4049, #3873, #5077, #1944, #5227, #4302, #3618, #327, #412, #2253, #4377, #4352, #2065, #4802, #1917, #3461 ) ) ;
#1176 = CARTESIAN_POINT ( 'NONE',  ( 2.610600952641880700, 0.4826262486298922800, 0.8359331836933423500 ) ) ;
#1177 = CARTESIAN_POINT ( 'NONE',  ( 19.77935095264188100, -0.4826262486298926200, -0.8359331836933422400 ) ) ;
#1178 = CARTESIAN_POINT ( 'NONE',  ( 2.567403810567667800, -0.3349364905388953500, -1.249999999999973800 ) ) ;
#1179 = DIRECTION ( 'NONE',  ( -1.000000000000000000, -0.0000000000000000000, -0.0000000000000000000 ) ) ;
#1180 = ORIENTED_EDGE ( 'NONE', *, *, #696, .T. ) ;
#1181 = CARTESIAN_POINT ( 'NONE',  ( 18.67310095264188200, 0.9652524972597842400, 0.5572887891288949000 ) ) ;
#1182 = CARTESIAN_POINT ( 'NONE',  ( 19.89943103339943400, -1.801479645480579600E-011, 1.211931033399487500 ) ) ;
#1183 = ORIENTED_EDGE ( 'NONE', *, *, #4904, .F. ) ;
#1184 = CARTESIAN_POINT ( 'NONE',  ( 0.04185095264188102400, -0.9652524972597844600, -0.5572887891288946800 ) ) ;
#1185 = ADVANCED_FACE ( 'NONE', ( #764 ), #1476, .F. ) ;
#1186 = DIRECTION ( 'NONE',  ( 0.0000000000000000000, 0.0000000000000000000, 1.000000000000000000 ) ) ;
#1187 = CARTESIAN_POINT ( 'NONE',  ( 16.57310095264187700, -0.9652524972597847900, 0.5572887891288956800 ) ) ;
#1188 = ORIENTED_EDGE ( 'NONE', *, *, #1072, .T. ) ;
#1189 = CARTESIAN_POINT ( 'NONE',  ( 0.8737139289628006500, 0.6390624999999857700, -1.106888719211963400 ) ) ;
#1190 = CARTESIAN_POINT ( 'NONE',  ( 1.691850952641880800, 6.824819318074054600E-017, 1.114577578257790000 ) ) ;
#1191 = CARTESIAN_POINT ( 'NONE',  ( 4.110600952641879900, -0.9652524972597843500, 1.182093381138184100E-016 ) ) ;
#1192 = CARTESIAN_POINT ( 'NONE',  ( 15.52745190528375700, -1.249999999999973400, -0.7216878364870162900 ) ) ;
#1193 = CARTESIAN_POINT ( 'NONE',  ( 4.632596189432336000, -0.3349364905388985100, 1.249999999999971800 ) ) ;
#1194 = VERTEX_POINT ( 'NONE', #2589 ) ;
#1195 = CARTESIAN_POINT ( 'NONE',  ( 1.114951905283759100, -0.6249999999999863400, 1.082531754730525300 ) ) ;
#1196 = CARTESIAN_POINT ( 'NONE',  ( -0.01439904735811909000, -0.4826262486298919500, 0.8359331836933424600 ) ) ;
#1197 = DIRECTION ( 'NONE',  ( -1.000000000000000000, -0.0000000000000000000, -0.0000000000000000000 ) ) ;
#1198 = CARTESIAN_POINT ( 'NONE',  ( 4.039951905283758500, 0.6249999999999856800, -1.082531754730525800 ) ) ;
#1199 = CARTESIAN_POINT ( 'NONE',  ( 17.13995190528375900, 0.6249999999999866800, 1.082531754730525100 ) ) ;
#1200 = SHAPE_DEFINITION_REPRESENTATION ( #2748, #2980 ) ;
#1201 = CARTESIAN_POINT ( 'NONE',  ( 19.92553030767302100, -0.8013067064877573700, 0.9807410302798743600 ) ) ;
#1202 = CARTESIAN_POINT ( 'NONE',  ( 0.3793509526418810100, -0.4826262486298919500, 0.8359331836933424600 ) ) ;
#1203 = CARTESIAN_POINT ( 'NONE',  ( 20.01623797632096200, -0.6390624999999872100, -1.106888719211962300 ) ) ;
#1204 = CARTESIAN_POINT ( 'NONE',  ( 18.74810095264188100, 6.824819318074059600E-017, 1.114577578257790700 ) ) ;
#1205 = EDGE_CURVE ( 'NONE', #422, #3590, #1291, .T. ) ;
#1206 = CARTESIAN_POINT ( 'NONE',  ( 1.804350952641880800, -0.9652524972597843500, 1.182093381138184100E-016 ) ) ;
#1207 = CARTESIAN_POINT ( 'NONE',  ( 2.310600952641880500, -0.9652524972597843500, 1.182093381138184100E-016 ) ) ;
#1208 = CARTESIAN_POINT ( 'NONE',  ( 15.58235571585142400, -0.3349364905388966300, -1.249999999999973100 ) ) ;
#1209 = FACE_OUTER_BOUND ( 'NONE', #336, .T. ) ;
#1210 = DIRECTION ( 'NONE',  ( 1.000000000000000000, 0.0000000000000000000, 0.0000000000000000000 ) ) ;
#1211 = ADVANCED_FACE ( 'NONE', ( #3902 ), #1538, .T. ) ;
#1212 = CARTESIAN_POINT ( 'NONE',  ( 15.19999999999999600, -0.9631645500732876100, 0.06345417991252606800 ) ) ;
#1213 = EDGE_CURVE ( 'NONE', #1939, #99, #5236, .T. ) ;
#1214 = CYLINDRICAL_SURFACE ( 'NONE', #3923, 1.249999999999973400 ) ;
#1215 = CARTESIAN_POINT ( 'NONE',  ( 5.048100952641880700, -0.9652524972597844600, -0.5572887891288946800 ) ) ;
#1216 = CARTESIAN_POINT ( 'NONE',  ( 20.00000000000000000, -1.125000000000000200, 1.948557158514985000 ) ) ;
#1217 = CARTESIAN_POINT ( 'NONE',  ( 0.06250000000004485300, 0.8122873928260059300, 0.9500995692325839800 ) ) ;
#1218 = CARTESIAN_POINT ( 'NONE',  ( 16.98995190528375700, 0.6249999999999856800, -1.082531754730525800 ) ) ;
#1219 = CARTESIAN_POINT ( 'NONE',  ( 0.1125000000000027900, 1.743066579297358300E-016, 1.249999999999973400 ) ) ;
#1220 = CARTESIAN_POINT ( 'NONE',  ( 2.216850952641880900, -0.9652524972597841300, 0.5572887891288953500 ) ) ;
#1221 = VECTOR ( 'NONE', #2604, 1000.000000000000000 ) ;
#1222 = ORIENTED_EDGE ( 'NONE', *, *, #3521, .F. ) ;
#1223 = CARTESIAN_POINT ( 'NONE',  ( 20.02310095264188000, 0.9652524972597850100, 0.5572887891288952300 ) ) ;
#1224 = CARTESIAN_POINT ( 'NONE',  ( 20.00000000000000000, 0.0000000000000000000, 0.0000000000000000000 ) ) ;
#1225 = ORIENTED_EDGE ( 'NONE', *, *, #1355, .F. ) ;
#1226 = CARTESIAN_POINT ( 'NONE',  ( 1.729350952641880900, -0.4826262486298919500, 0.8359331836933424600 ) ) ;
#1227 = CARTESIAN_POINT ( 'NONE',  ( 2.573100952641880200, 0.9652524972597842400, 0.5572887891288949000 ) ) ;
#1228 = CARTESIAN_POINT ( 'NONE',  ( 3.814951905283758800, -0.6249999999999863400, 1.082531754730525300 ) ) ;
#1229 = ORIENTED_EDGE ( 'NONE', *, *, #941, .T. ) ;
#1230 = AXIS2_PLACEMENT_3D ( 'NONE', #4149, #2136, #3338 ) ;
#1231 = CARTESIAN_POINT ( 'NONE',  ( 18.05735571585142600, 0.3349364905388938500, 1.249999999999974900 ) ) ;
#1232 = CARTESIAN_POINT ( 'NONE',  ( 0.06060095264188091600, -0.9652524972597843500, 1.182093381138184100E-016 ) ) ;
#1233 = CARTESIAN_POINT ( 'NONE',  ( 17.40245190528375800, 2.149782114466741500E-015, -1.249999999999973400 ) ) ;
#1234 = CARTESIAN_POINT ( 'NONE',  ( 2.475000000000002300, -1.249999999999973400, 1.530808498934159000E-016 ) ) ;
#1235 = CARTESIAN_POINT ( 'NONE',  ( 17.17745190528375700, 1.452555482747798400E-016, 1.249999999999973100 ) ) ;
#1236 = EDGE_LOOP ( 'NONE', ( #3990, #4817, #2791 ) ) ;
#1237 = CARTESIAN_POINT ( 'NONE',  ( 19.89754809471609000, -0.3349364905388960100, 1.249999999999973400 ) ) ;
#1238 = CARTESIAN_POINT ( 'NONE',  ( 15.31685095264187900, -2.047445795422216600E-016, -1.114577578257790000 ) ) ;
#1239 = CARTESIAN_POINT ( 'NONE',  ( 0.9793509526418808800, -0.4826262486298926200, -0.8359331836933422400 ) ) ;
#1240 = ADVANCED_FACE ( 'NONE', ( #388 ), #1823, .F. ) ;
#1241 = EDGE_CURVE ( 'NONE', #4457, #2287, #4386, .T. ) ;
#1242 = ORIENTED_EDGE ( 'NONE', *, *, #389, .T. ) ;
#1243 = CARTESIAN_POINT ( 'NONE',  ( 2.877451905283758800, -5.200148628237119300E-015, 1.249999999999973400 ) ) ;
#1244 = CARTESIAN_POINT ( 'NONE',  ( 19.83560095264188000, -0.4826262486298929500, -0.8359331836933428000 ) ) ;
#1245 = CARTESIAN_POINT ( 'NONE',  ( -0.3262860710371991400, 0.6390624999999868800, 1.106888719211962700 ) ) ;
#1246 = CARTESIAN_POINT ( 'NONE',  ( 3.941850952641880600, 6.824819318074054600E-017, 1.114577578257790000 ) ) ;
#1247 = CARTESIAN_POINT ( 'NONE',  ( 0.0000000000000000000, 0.0000000000000000000, 0.0000000000000000000 ) ) ;
#1248 = DIRECTION ( 'NONE',  ( 0.0000000000000000000, 0.0000000000000000000, 1.000000000000000000 ) ) ;
#1249 = ORIENTED_EDGE ( 'NONE', *, *, #1550, .T. ) ;
#1250 = CARTESIAN_POINT ( 'NONE',  ( 0.0000000000000000000, -1.125000000000000200, 1.948557158514985000 ) ) ;
#1251 = CARTESIAN_POINT ( 'NONE',  ( 19.22254809471609600, 0.3349364905388956300, -1.249999999999973600 ) ) ;
#1252 = ORIENTED_EDGE ( 'NONE', *, *, #2314, .F. ) ;
#1253 = CARTESIAN_POINT ( 'NONE',  ( 0.3606009526418809100, 0.4826262486298922800, 0.8359331836933423500 ) ) ;
#1254 = CARTESIAN_POINT ( 'NONE',  ( 17.51495190528375900, 1.249999999999973400, 0.0000000000000000000 ) ) ;
#1255 = CARTESIAN_POINT ( 'NONE',  ( 3.507596189432336400, 0.3349364905388980700, -1.249999999999972000 ) ) ;
#1256 = CARTESIAN_POINT ( 'NONE',  ( 1.864951905283758900, 1.249999999999973400, 0.0000000000000000000 ) ) ;
#1257 = AXIS2_PLACEMENT_3D ( 'NONE', #2975, #3743, #4620 ) ;
#1258 = CARTESIAN_POINT ( 'NONE',  ( 0.0000000000000000000, 0.0000000000000000000, 1.249999999999973400 ) ) ;
#1259 = CARTESIAN_POINT ( 'NONE',  ( 0.0000000000000000000, 1.530808498934159000E-016, -1.249999999999973400 ) ) ;
#1260 = CARTESIAN_POINT ( 'NONE',  ( 1.616850952641881100, 0.9652524972597842400, 0.5572887891288949000 ) ) ;
#1261 = ORIENTED_EDGE ( 'NONE', *, *, #3676, .T. ) ;
#1262 = CARTESIAN_POINT ( 'NONE',  ( 18.88621392896280000, 1.278124999999973800, 0.7379258128079749800 ) ) ;
#1263 = CARTESIAN_POINT ( 'NONE',  ( 4.800000000000002500, 0.0000000000000000000, 0.0000000000000000000 ) ) ;
#1264 = CARTESIAN_POINT ( 'NONE',  ( 18.71060095264188000, 0.4826262486298926200, 0.8359331836933430200 ) ) ;
#1265 = CARTESIAN_POINT ( 'NONE',  ( 0.04871392896280087000, 1.278124999999973500, 0.0000000000000000000 ) ) ;
#1266 = CARTESIAN_POINT ( 'NONE',  ( 3.791850952641880200, 0.9652524972597841300, -0.5572887891288955700 ) ) ;
#1267 = CARTESIAN_POINT ( 'NONE',  ( 2.850000000000002300, -0.6249999999999863400, 1.082531754730525300 ) ) ;
#1268 = CARTESIAN_POINT ( 'NONE',  ( 0.0000000000000000000, 0.0000000000000000000, 1.249999999999973400 ) ) ;
#1269 = CARTESIAN_POINT ( 'NONE',  ( 17.56685095264187900, -2.047445795422216600E-016, -1.114577578257790000 ) ) ;
#1270 = CARTESIAN_POINT ( 'NONE',  ( 0.02310095264188090000, -0.9652524972597841300, 0.5572887891288953500 ) ) ;
#1271 = DIRECTION ( 'NONE',  ( 0.0000000000000000000, 0.0000000000000000000, -1.000000000000000000 ) ) ;
#1272 = CARTESIAN_POINT ( 'NONE',  ( 4.800000000000005200, 0.7576074153674747800, -0.8185391882203446600 ) ) ;
#1273 = CARTESIAN_POINT ( 'NONE',  ( 4.800000000000000700, -1.236175188449619500, -0.1853939143054096100 ) ) ;
#1274 = ORIENTED_EDGE ( 'NONE', *, *, #5020, .T. ) ;
#1275 = DIRECTION ( 'NONE',  ( 1.000000000000000000, 0.0000000000000000000, 0.0000000000000000000 ) ) ;
#1276 = CARTESIAN_POINT ( 'NONE',  ( 15.46685095264188300, 0.9652524972597842400, 0.5572887891288949000 ) ) ;
#1277 = CYLINDRICAL_SURFACE ( 'NONE', #268, 1.249999999999973400 ) ;
#1278 = CARTESIAN_POINT ( 'NONE',  ( 4.466850952641880900, -0.9652524972597841300, 0.5572887891288953500 ) ) ;
#1279 = CARTESIAN_POINT ( 'NONE',  ( 18.17371392896280100, -1.278124999999973500, 1.565251690160178300E-016 ) ) ;
#1280 = CARTESIAN_POINT ( 'NONE',  ( 2.914951905283758900, -0.6249999999999863400, 1.082531754730525300 ) ) ;
#1281 = CARTESIAN_POINT ( 'NONE',  ( 1.466850952641880700, -2.047445795422216600E-016, -1.114577578257790000 ) ) ;
#1282 = CARTESIAN_POINT ( 'NONE',  ( 19.23560095264188200, -0.4826262486298922800, 0.8359331836933431300 ) ) ;
#1283 = FACE_BOUND ( 'NONE', #4756, .T. ) ;
#1284 = EDGE_CURVE ( 'NONE', #793, #4105, #1746, .T. ) ;
#1285 = CARTESIAN_POINT ( 'NONE',  ( -0.2512860710371991300, -0.6390624999999864300, 1.106888719211963000 ) ) ;
#1286 = CARTESIAN_POINT ( 'NONE',  ( 19.80651683250604500, 1.002049551248589000, -0.5201823864891024200 ) ) ;
#1287 = CARTESIAN_POINT ( 'NONE',  ( 4.429350952641880400, -0.4826262486298919500, 0.8359331836933424600 ) ) ;
#1288 = CARTESIAN_POINT ( 'NONE',  ( 19.13749999999999900, 4.851535312377648100E-015, -1.249999999999973400 ) ) ;
#1289 = CARTESIAN_POINT ( 'NONE',  ( 19.65275249725974000, -0.5432011376430365700, 0.8081221091476755700 ) ) ;
#1290 = CYLINDRICAL_SURFACE ( 'NONE', #1672, 1.249999999999973400 ) ;
#1291 = B_SPLINE_CURVE_WITH_KNOTS ( 'NONE', 3,
 ( #2606, #532, #1391, #3373 ),
 .UNSPECIFIED., .F., .F.,
 ( 4, 4 ),
 ( 2.380746839936249000E-007, 0.001314652396222794900 ),
 .UNSPECIFIED. ) ;
#1292 = CARTESIAN_POINT ( 'NONE',  ( 16.29185095264188400, 0.9652524972597840100, -0.5572887891288955700 ) ) ;
#1293 = CARTESIAN_POINT ( 'NONE',  ( 2.160600952641880600, 0.4826262486298922800, 0.8359331836933423500 ) ) ;
#1294 = CARTESIAN_POINT ( 'NONE',  ( 19.85988269318449500, 2.249999999999997800, -1.088266271818388200 ) ) ;
#1295 = ORIENTED_EDGE ( 'NONE', *, *, #4798, .T. ) ;
#1296 = CARTESIAN_POINT ( 'NONE',  ( 4.800000000000040700, -0.4312738132857477100, -1.172280768425316000 ) ) ;
#1297 = CARTESIAN_POINT ( 'NONE',  ( 2.052451905283759500, -1.249999999999973100, 0.7216878364870171800 ) ) ;
#1298 = CARTESIAN_POINT ( 'NONE',  ( 3.112500000000001600, 1.249999999999973100, -0.7216878364870175100 ) ) ;
#1299 = CARTESIAN_POINT ( 'NONE',  ( 3.454350952641880700, 0.4826262486298922800, 0.8359331836933423500 ) ) ;
#1300 = ORIENTED_EDGE ( 'NONE', *, *, #3001, .T. ) ;
#1301 = CARTESIAN_POINT ( 'NONE',  ( 19.29871392896280100, 1.278124999999973500, 0.0000000000000000000 ) ) ;
#1302 = CARTESIAN_POINT ( 'NONE',  ( 2.989951905283758600, -1.249999999999973400, 1.530808498934159000E-016 ) ) ;
#1303 = CARTESIAN_POINT ( 'NONE',  ( 15.21623797632096000, 1.278124999999973300, 0.0000000000000000000 ) ) ;
#1304 = CARTESIAN_POINT ( 'NONE',  ( 0.7237139289628007300, -1.278124999999973500, 1.565251690160178300E-016 ) ) ;
#1305 = CARTESIAN_POINT ( 'NONE',  ( 19.79062816378436900, 0.7579300213049079400, -0.8050243163235226700 ) ) ;
#1306 = CARTESIAN_POINT ( 'NONE',  ( 0.3375000000000027400, -5.229199737892074000E-016, -1.249999999999973400 ) ) ;
#1307 = CARTESIAN_POINT ( 'NONE',  ( 17.56250000000000000, 1.743066579297358300E-016, 1.249999999999973100 ) ) ;
#1308 = VERTEX_POINT ( 'NONE', #599 ) ;
#1309 = CARTESIAN_POINT ( 'NONE',  ( 0.06250000000002665900, 0.0000000000000000000, 0.0000000000000000000 ) ) ;
#1310 = CARTESIAN_POINT ( 'NONE',  ( 15.80435095264188000, 0.4826262486298914500, -0.8359331836933428000 ) ) ;
#1311 = VERTEX_POINT ( 'NONE', #3425 ) ;
#1312 = CARTESIAN_POINT ( 'NONE',  ( 0.0000000000000000000, 1.124999999999997800, 1.948557158514986300 ) ) ;
#1313 =( BOUNDED_CURVE ( )  B_SPLINE_CURVE ( 2, ( #1083, #5194, #2687, #2749, #3929, #3973, #4358, #1481, #4340 ),
 .UNSPECIFIED., .F., .F. ) 
 B_SPLINE_CURVE_WITH_KNOTS ( ( 3, 2, 2, 2, 3 ),
 ( 0.4791666666666666900, 0.4861111111111111000, 0.5000000000000000000, 0.5138888888888888400, 0.5208333333333333700 ),
 .UNSPECIFIED. ) 
 CURVE ( )  GEOMETRIC_REPRESENTATION_ITEM ( )  RATIONAL_B_SPLINE_CURVE ( ( 0.9330127018922194100, 0.9330127018922196300, 1.000000000000000000, 0.8660254037844387100, 1.000000000000000000, 0.8660254037844387100, 1.000000000000000000, 0.9330127018922187400, 0.9330127018922193000 ) ) 
 REPRESENTATION_ITEM ( '' )  );
#1314 = CARTESIAN_POINT ( 'NONE',  ( 1.185600952641880700, 0.9652524972597843500, 0.0000000000000000000 ) ) ;
#1315 = DIRECTION ( 'NONE',  ( -1.000000000000000000, 0.0000000000000000000, 0.0000000000000000000 ) ) ;
#1316 = CARTESIAN_POINT ( 'NONE',  ( 4.800000000000002500, 0.9439470035406807300, 0.2016840052478622300 ) ) ;
#1317 = CARTESIAN_POINT ( 'NONE',  ( 1.997548094716093100, -0.3349364905388960100, 1.249999999999973400 ) ) ;
#1318 = DIRECTION ( 'NONE',  ( 0.0000000000000000000, 0.0000000000000000000, -1.000000000000000000 ) ) ;
#1319 = ORIENTED_EDGE ( 'NONE', *, *, #3322, .T. ) ;
#1320 = CARTESIAN_POINT ( 'NONE',  ( 16.19240381056766900, 0.3349364905388963500, 1.249999999999973100 ) ) ;
#1321 = EDGE_CURVE ( 'NONE', #4703, #2669, #2113, .T. ) ;
#1322 = CARTESIAN_POINT ( 'NONE',  ( 17.83621392896279900, -2.711095453990486600E-016, -1.475851625615950200 ) ) ;
#1323 = DIRECTION ( 'NONE',  ( 0.0000000000000000000, 0.0000000000000000000, 1.000000000000000000 ) ) ;
#1324 = CARTESIAN_POINT ( 'NONE',  ( 0.7168509526418809200, 0.9652524972597843500, 0.5572887891288949000 ) ) ;
#1325 = CARTESIAN_POINT ( 'NONE',  ( 17.12873797632095900, 9.036984846634954800E-017, 1.475851625615950000 ) ) ;
#1326 = ORIENTED_EDGE ( 'NONE', *, *, #1699, .F. ) ;
#1327 = CARTESIAN_POINT ( 'NONE',  ( 18.61685095264187600, 0.9652524972597842400, 0.5572887891288949000 ) ) ;
#1328 = CARTESIAN_POINT ( 'NONE',  ( 4.729350952641880200, 0.9652524972597843500, 0.0000000000000000000 ) ) ;
#1329 = CARTESIAN_POINT ( 'NONE',  ( 1.837500000000003000, 1.249999999999973400, 0.7216878364870166200 ) ) ;
#1330 = ORIENTED_EDGE ( 'NONE', *, *, #1205, .T. ) ;
#1331 = CARTESIAN_POINT ( 'NONE',  ( 16.37371392896280000, -1.278124999999973500, 1.565251690160178300E-016 ) ) ;
#1332 = ORIENTED_EDGE ( 'NONE', *, *, #635, .F. ) ;
#1333 = CARTESIAN_POINT ( 'NONE',  ( 17.15435095264188100, 0.4826262486298914500, -0.8359331836933428000 ) ) ;
#1334 = CARTESIAN_POINT ( 'NONE',  ( 3.777451905283758700, -5.200148628237119300E-015, 1.249999999999973400 ) ) ;
#1335 = CARTESIAN_POINT ( 'NONE',  ( 1.260600952641880700, 0.4826262486298922800, 0.8359331836933423500 ) ) ;
#1336 = CARTESIAN_POINT ( 'NONE',  ( 15.20000000000000300, 0.3284985280292407900, 1.065630230437637700 ) ) ;
#1337 = CARTESIAN_POINT ( 'NONE',  ( 4.677451905283758600, 1.452555482747798400E-016, 1.249999999999973100 ) ) ;
#1338 = CARTESIAN_POINT ( 'NONE',  ( 2.182355715851424600, -0.3349364905388953500, -1.249999999999973800 ) ) ;
#1339 = ORIENTED_EDGE ( 'NONE', *, *, #4456, .F. ) ;
#1340 = CARTESIAN_POINT ( 'NONE',  ( 0.2032068668166600900, 0.7849497795777401500, 0.7874137407137682400 ) ) ;
#1341 = B_SPLINE_CURVE_WITH_KNOTS ( 'NONE', 3,
 ( #5155, #4354, #2714, #4715 ),
 .UNSPECIFIED., .F., .F.,
 ( 4, 4 ),
 ( 0.0006992203592829972000, 0.0007689809013060329000 ),
 .UNSPECIFIED. ) ;
#1342 = CYLINDRICAL_SURFACE ( 'NONE', #783, 1.249999999999973400 ) ;
#1343 = CARTESIAN_POINT ( 'NONE',  ( 17.31121392896280000, -1.278124999999973800, -0.7379258128079745300 ) ) ;
#1344 = CARTESIAN_POINT ( 'NONE',  ( 1.054350952641880800, 0.4826262486298914500, -0.8359331836933428000 ) ) ;
#1345 = CARTESIAN_POINT ( 'NONE',  ( 16.30373797632096000, -1.278124999999973300, 0.7379258128079753100 ) ) ;
#1346 = CARTESIAN_POINT ( 'NONE',  ( 16.59185095264188100, -0.9652524972597844600, -0.5572887891288946800 ) ) ;
#1347 = CARTESIAN_POINT ( 'NONE',  ( 15.52310095264188100, 0.9652524972597843500, 0.5572887891288949000 ) ) ;
#1348 = AXIS2_PLACEMENT_3D ( 'NONE', #2016, #3582, #3763 ) ;
#1349 = CARTESIAN_POINT ( 'NONE',  ( 16.71121392896280300, 9.036984846634956000E-017, 1.475851625615950200 ) ) ;
#1350 = VECTOR ( 'NONE', #4138, 1000.000000000000000 ) ;
#1351 = CARTESIAN_POINT ( 'NONE',  ( 17.41685095264188000, -0.9652524972597841300, 0.5572887891288953500 ) ) ;
#1352 = CARTESIAN_POINT ( 'NONE',  ( 0.7500000000000026600, -0.6249999999999872300, -1.082531754730524900 ) ) ;
#1353 = FACE_OUTER_BOUND ( 'NONE', #1655, .T. ) ;
#1354 = CARTESIAN_POINT ( 'NONE',  ( 0.3344791281149370200, -1.339023746216230500E-012, 0.9780208718851116600 ) ) ;
#1355 = EDGE_CURVE ( 'NONE', #4623, #1496, #2263, .T. ) ;
#1356 = CARTESIAN_POINT ( 'NONE',  ( 0.2009618943233412700, 2.249999999999998700, 1.299038105676658700 ) ) ;
#1357 = CARTESIAN_POINT ( 'NONE',  ( 0.0000000000000000000, 0.0000000000000000000, 0.0000000000000000000 ) ) ;
#1358 = CYLINDRICAL_SURFACE ( 'NONE', #5218, 1.249999999999973400 ) ;
#1359 = CARTESIAN_POINT ( 'NONE',  ( 15.87935095264188200, 0.9652524972597843500, 0.0000000000000000000 ) ) ;
#1360 = CARTESIAN_POINT ( 'NONE',  ( 2.741850952641880800, -0.9652524972597845700, -0.5572887891288946800 ) ) ;
#1361 = CARTESIAN_POINT ( 'NONE',  ( 15.92873797632096200, -1.278124999999973800, -0.7379258128079745300 ) ) ;
#1362 = EDGE_CURVE ( 'NONE', #1701, #4879, #2810, .T. ) ;
#1363 = CARTESIAN_POINT ( 'NONE',  ( 18.65435095264188100, 0.4826262486298922800, 0.8359331836933423500 ) ) ;
#1364 = FACE_OUTER_BOUND ( 'NONE', #4713, .T. ) ;
#1365 = CARTESIAN_POINT ( 'NONE',  ( 0.4875000000000027100, 1.249999999999973400, 0.7216878364870166200 ) ) ;
#1366 = CARTESIAN_POINT ( 'NONE',  ( 0.2009618943233405000, 9.299228573013449200E-016, -2.598076211353313800 ) ) ;
#1367 = CARTESIAN_POINT ( 'NONE',  ( 16.23560095264188200, -0.4826262486298926200, -0.8359331836933422400 ) ) ;
#1368 = CARTESIAN_POINT ( 'NONE',  ( 16.07371392896280000, 0.6390624999999857700, -1.106888719211963400 ) ) ;
#1369 = CARTESIAN_POINT ( 'NONE',  ( 19.64031640549199800, -0.6237519919253763400, 0.7544541978121087600 ) ) ;
#1370 = ORIENTED_EDGE ( 'NONE', *, *, #351, .F. ) ;
#1371 = CARTESIAN_POINT ( 'NONE',  ( 19.91074498996845000, 0.3686825588085527700, 2.385217236779675300 ) ) ;
#1372 = CARTESIAN_POINT ( 'NONE',  ( 1.200000000000002600, -0.6249999999999872300, -1.082531754730524900 ) ) ;
#1373 = CARTESIAN_POINT ( 'NONE',  ( 0.1747057075445862800, -1.121085673181419800, -0.2450682966853785500 ) ) ;
#1374 = ORIENTED_EDGE ( 'NONE', *, *, #909, .T. ) ;
#1375 = CARTESIAN_POINT ( 'NONE',  ( 2.014951905283759000, -0.6249999999999863400, 1.082531754730525300 ) ) ;
#1376 = CARTESIAN_POINT ( 'NONE',  ( 0.1451276989141279900, 1.054973230749790100, 0.5218420564396575300 ) ) ;
#1377 = CARTESIAN_POINT ( 'NONE',  ( 16.29185095264188400, 0.9652524972597841300, -0.5572887891288955700 ) ) ;
#1378 = ORIENTED_EDGE ( 'NONE', *, *, #5237, .T. ) ;
#1379 = CARTESIAN_POINT ( 'NONE',  ( 3.041850952641880700, 6.824819318074054600E-017, 1.114577578257790000 ) ) ;
#1380 = CARTESIAN_POINT ( 'NONE',  ( 15.36623797632096200, -0.6390624999999863200, 1.106888719211962700 ) ) ;
#1381 = CARTESIAN_POINT ( 'NONE',  ( 17.64185095264188200, 0.9652524972597841300, -0.5572887891288955700 ) ) ;
#1382 = CARTESIAN_POINT ( 'NONE',  ( 0.0000000000000000000, 0.0000000000000000000, 1.249999999999973400 ) ) ;
#1383 = CARTESIAN_POINT ( 'NONE',  ( 16.31060095264188100, 0.4826262486298914500, -0.8359331836933428000 ) ) ;
#1384 = ORIENTED_EDGE ( 'NONE', *, *, #2563, .T. ) ;
#1385 = CARTESIAN_POINT ( 'NONE',  ( 19.51685095264188200, 0.9652524972597843500, 0.5572887891288949000 ) ) ;
#1386 = CARTESIAN_POINT ( 'NONE',  ( 19.76495190528375900, 1.249999999999973400, 0.0000000000000000000 ) ) ;
#1387 = ORIENTED_EDGE ( 'NONE', *, *, #3912, .T. ) ;
#1388 = CARTESIAN_POINT ( 'NONE',  ( 4.673100952641880700, -2.047445795422216600E-016, -1.114577578257790000 ) ) ;
#1389 = DIRECTION ( 'NONE',  ( -1.000000000000000000, -0.0000000000000000000, -0.0000000000000000000 ) ) ;
#1390 = CARTESIAN_POINT ( 'NONE',  ( 20.00000000000000000, 1.124999999999997800, 1.948557158514986300 ) ) ;
#1391 = CARTESIAN_POINT ( 'NONE',  ( 20.00000000000000000, -0.7416645267673340800, 2.169875997175798200 ) ) ;
#1392 = VERTEX_POINT ( 'NONE', #617 ) ;
#1393 = EDGE_CURVE ( 'NONE', #4709, #1821, #3831, .T. ) ;
#1394 = CARTESIAN_POINT ( 'NONE',  ( 3.754350952641880600, 0.4826262486298914500, -0.8359331836933428000 ) ) ;
#1395 = CARTESIAN_POINT ( 'NONE',  ( 16.51685095264188200, -0.9652524972597841300, 0.5572887891288953500 ) ) ;
#1396 = CARTESIAN_POINT ( 'NONE',  ( 2.366850952641881300, -2.047445795422216600E-016, -1.114577578257790000 ) ) ;
#1397 = CARTESIAN_POINT ( 'NONE',  ( 1.891237976320961000, 0.6390624999999867700, 1.106888719211962500 ) ) ;
#1398 = CARTESIAN_POINT ( 'NONE',  ( 18.69185095264187900, 6.824819318074054600E-017, 1.114577578257790000 ) ) ;
#1399 = CARTESIAN_POINT ( 'NONE',  ( 16.50245190528376000, -5.229199737892074000E-016, -1.249999999999973400 ) ) ;
#1400 = CARTESIAN_POINT ( 'NONE',  ( 16.19810095264188400, -0.9652524972597845700, -0.5572887891288946800 ) ) ;
#1401 = ORIENTED_EDGE ( 'NONE', *, *, #4634, .F. ) ;
#1402 = CARTESIAN_POINT ( 'NONE',  ( 18.95435095264188200, 0.4826262486298914500, -0.8359331836933428000 ) ) ;
#1403 = CARTESIAN_POINT ( 'NONE',  ( 2.261213928962801000, 1.278124999999973300, -0.7379258128079758700 ) ) ;
#1404 = CARTESIAN_POINT ( 'NONE',  ( 17.30000000000000400, -0.6249999999999872300, -1.082531754730524900 ) ) ;
#1405 = CARTESIAN_POINT ( 'NONE',  ( 0.0000000000000000000, 0.0000000000000000000, 1.249999999999973400 ) ) ;
#1406 = AXIS2_PLACEMENT_3D ( 'NONE', #4288, #3477, #179 ) ;
#1407 = CARTESIAN_POINT ( 'NONE',  ( 19.16495190528376100, -0.6249999999999872300, -1.082531754730524900 ) ) ;
#1408 = CARTESIAN_POINT ( 'NONE',  ( 0.06249999999996146100, 1.249127957448160400, -0.04668346518423052000 ) ) ;
#1409 = PERSON ( 'UNSPECIFIED', 'UNSPECIFIED', 'UNSPECIFIED', ('UNSPECIFIED'), ('UNSPECIFIED'), ('UNSPECIFIED') ) ;
#1410 = CARTESIAN_POINT ( 'NONE',  ( 4.654350952641880900, 0.4826262486298914500, -0.8359331836933428000 ) ) ;
#1411 = CARTESIAN_POINT ( 'NONE',  ( 19.78621392896280200, 1.278124999999973800, 0.7379258128079749800 ) ) ;
#1412 = CARTESIAN_POINT ( 'NONE',  ( 2.929350952641880400, 0.9652524972597843500, 0.0000000000000000000 ) ) ;
#1413 =( BOUNDED_CURVE ( )  B_SPLINE_CURVE ( 2, ( #272, #682, #3484, #2276, #1923, #3885, #1878, #1089, #2320 ),
 .UNSPECIFIED., .F., .F. ) 
 B_SPLINE_CURVE_WITH_KNOTS ( ( 3, 2, 2, 2, 3 ),
 ( 0.3125000000000000000, 0.3194444444444444200, 0.3333333333333333100, 0.3472222222222222100, 0.3541666666666666900 ),
 .UNSPECIFIED. ) 
 CURVE ( )  GEOMETRIC_REPRESENTATION_ITEM ( )  RATIONAL_B_SPLINE_CURVE ( ( 0.9330127018922194100, 0.9330127018922194100, 1.000000000000000000, 0.8660254037844387100, 1.000000000000000000, 0.8660254037844387100, 1.000000000000000000, 0.9330127018922190800, 0.9330127018922194100 ) ) 
 REPRESENTATION_ITEM ( '' )  );
#1414 = CARTESIAN_POINT ( 'NONE',  ( 0.6912379763209608500, -1.278124999999973300, 1.565251690160178100E-016 ) ) ;
#1415 = FACE_OUTER_BOUND ( 'NONE', #5157, .T. ) ;
#1416 = CARTESIAN_POINT ( 'NONE',  ( 19.62935095264187900, -0.4826262486298919500, 0.8359331836933424600 ) ) ;
#1417 = CARTESIAN_POINT ( 'NONE',  ( 15.71060095264188000, -0.9652524972597843500, 1.182093381138184100E-016 ) ) ;
#1418 = ADVANCED_FACE ( 'NONE', ( #457 ), #4615, .F. ) ;
#1419 = VECTOR ( 'NONE', #420, 1000.000000000000000 ) ;
#1420 = CARTESIAN_POINT ( 'NONE',  ( 17.86685095264188300, -0.9652524972597841300, 0.5572887891288953500 ) ) ;
#1421 = CARTESIAN_POINT ( 'NONE',  ( 3.273713928962800800, 0.6390624999999868800, 1.106888719211962700 ) ) ;
#1422 = CARTESIAN_POINT ( 'NONE',  ( 1.462500000000002600, -2.498395430326213100E-015, 1.249999999999973400 ) ) ;
#1423 = EDGE_CURVE ( 'NONE', #3881, #1910, #2498, .T. ) ;
#1424 = CARTESIAN_POINT ( 'NONE',  ( 19.18235571585142200, -0.3349364905388966300, -1.249999999999973100 ) ) ;
#1425 = CARTESIAN_POINT ( 'NONE',  ( 0.0000000000000000000, 0.0000000000000000000, 0.0000000000000000000 ) ) ;
#1426 = CARTESIAN_POINT ( 'NONE',  ( 3.191850952641880600, -0.9652524972597844600, -0.5572887891288946800 ) ) ;
#1427 = CARTESIAN_POINT ( 'NONE',  ( 14.97935095264188000, 0.9652524972597843500, 0.0000000000000000000 ) ) ;
#1428 = CARTESIAN_POINT ( 'NONE',  ( 3.754350952641880600, 0.4826262486298914500, -0.8359331836933428000 ) ) ;
#1429 = CARTESIAN_POINT ( 'NONE',  ( 1.441237976320960800, 0.6390624999999867700, 1.106888719211962500 ) ) ;
#1430 = CARTESIAN_POINT ( 'NONE',  ( 19.06685095264188200, 0.9652524972597842400, 0.5572887891288949000 ) ) ;
#1431 = CARTESIAN_POINT ( 'NONE',  ( 19.31060095264188100, -0.9652524972597843500, 1.182093381138184100E-016 ) ) ;
#1432 = ORIENTED_EDGE ( 'NONE', *, *, #4762, .F. ) ;
#1433 = CARTESIAN_POINT ( 'NONE',  ( 19.29185095264188400, -0.9652524972597845700, -0.5572887891288946800 ) ) ;
#1434 = ORIENTED_EDGE ( 'NONE', *, *, #2197, .T. ) ;
#1435 = CARTESIAN_POINT ( 'NONE',  ( 2.186213928962800900, -2.711095453990486600E-016, -1.475851625615950200 ) ) ;
#1436 = CARTESIAN_POINT ( 'NONE',  ( 17.33750000000000200, 2.178833224121697400E-015, -1.249999999999973400 ) ) ;
#1437 = CARTESIAN_POINT ( 'NONE',  ( 0.1689857433311437200, -1.149462069712351400, -0.09352236443966532900 ) ) ;
#1438 = CARTESIAN_POINT ( 'NONE',  ( 0.3649519052837590900, -0.6249999999999872300, -1.082531754730524900 ) ) ;
#1439 = DIRECTION ( 'NONE',  ( -1.000000000000000000, -0.0000000000000000000, -0.0000000000000000000 ) ) ;
#1440 = EDGE_LOOP ( 'NONE', ( #1332, #2541, #411, #404 ) ) ;
#1441 = CARTESIAN_POINT ( 'NONE',  ( 1.223100952641880600, 0.9652524972597842400, 0.5572887891288949000 ) ) ;
#1442 = VERTEX_POINT ( 'NONE', #1989 ) ;
#1443 = CARTESIAN_POINT ( 'NONE',  ( 18.50435095264188200, 0.4826262486298914500, -0.8359331836933428000 ) ) ;
#1444 = CARTESIAN_POINT ( 'NONE',  ( 1.178737976320960900, -1.278124999999973800, -0.7379258128079745300 ) ) ;
#1445 = ORIENTED_EDGE ( 'NONE', *, *, #431, .T. ) ;
#1446 = CARTESIAN_POINT ( 'NONE',  ( 15.74810095264188300, -0.9652524972597844600, -0.5572887891288946800 ) ) ;
#1447 = CARTESIAN_POINT ( 'NONE',  ( 19.23560095264188200, -0.4826262486298919500, 0.8359331836933424600 ) ) ;
#1448 =( BOUNDED_CURVE ( )  B_SPLINE_CURVE ( 2, ( #2618, #577, #3419, #2204, #5042, #4992, #89, #2023, #3231 ),
 .UNSPECIFIED., .F., .F. ) 
 B_SPLINE_CURVE_WITH_KNOTS ( ( 3, 2, 2, 2, 3 ),
 ( 0.7708333333333333700, 0.7777777777777777900, 0.7916666666666666300, 0.8055555555555555800, 0.8125000000000000000 ),
 .UNSPECIFIED. ) 
 CURVE ( )  GEOMETRIC_REPRESENTATION_ITEM ( )  RATIONAL_B_SPLINE_CURVE ( ( 0.9330127018922193000, 0.9330127018922198500, 1.000000000000000000, 0.8660254037844387100, 1.000000000000000000, 0.8660254037844387100, 1.000000000000000000, 0.9330127018922194100, 0.9330127018922194100 ) ) 
 REPRESENTATION_ITEM ( '' )  );
#1449 = ORIENTED_EDGE ( 'NONE', *, *, #4614, .T. ) ;
#1450 = CARTESIAN_POINT ( 'NONE',  ( 16.27745190528375500, -2.527446539981169400E-015, 1.249999999999973400 ) ) ;
#1451 = CARTESIAN_POINT ( 'NONE',  ( 2.298713928962800700, 1.278124999999973500, 0.0000000000000000000 ) ) ;
#1452 = CARTESIAN_POINT ( 'NONE',  ( 20.00000000000000000, 0.7416645267673328500, -2.169875997175798200 ) ) ;
#1453 = ORIENTED_EDGE ( 'NONE', *, *, #3641, .F. ) ;
#1454 = CARTESIAN_POINT ( 'NONE',  ( 4.298100952641880700, 0.9652524972597840100, -0.5572887891288955700 ) ) ;
#1455 = EDGE_CURVE ( 'NONE', #1885, #879, #4853, .T. ) ;
#1456 = CARTESIAN_POINT ( 'NONE',  ( 0.2856009526418809000, 0.9652524972597843500, 0.0000000000000000000 ) ) ;
#1457 = CARTESIAN_POINT ( 'NONE',  ( 17.19185095264188200, 0.9652524972597841300, -0.5572887891288955700 ) ) ;
#1458 = CARTESIAN_POINT ( 'NONE',  ( 1.066237976320961100, -0.6390624999999863200, 1.106888719211962700 ) ) ;
#1459 = CARTESIAN_POINT ( 'NONE',  ( 18.84185095264188100, -0.9652524972597844600, -0.5572887891288946800 ) ) ;
#1460 = CARTESIAN_POINT ( 'NONE',  ( 18.33560095264188300, -0.4826262486298919500, 0.8359331836933424600 ) ) ;
#1461 = ADVANCED_FACE ( 'NONE', ( #258 ), #2815, .F. ) ;
#1462 = CYLINDRICAL_SURFACE ( 'NONE', #4929, 1.249999999999973400 ) ;
#1463 = CARTESIAN_POINT ( 'NONE',  ( 18.66740381056766700, -0.3349364905388941300, -1.249999999999974700 ) ) ;
#1464 = CARTESIAN_POINT ( 'NONE',  ( 2.223713928962801000, 0.6390624999999857700, -1.106888719211963400 ) ) ;
#1465 = FACE_OUTER_BOUND ( 'NONE', #4595, .T. ) ;
#1466 = CARTESIAN_POINT ( 'NONE',  ( 15.20000000000000100, -0.2552051544848609700, -1.130388608682782100 ) ) ;
#1467 = CARTESIAN_POINT ( 'NONE',  ( 2.723100952641881000, -0.9652524972597841300, 0.5572887891288953500 ) ) ;
#1468 = CARTESIAN_POINT ( 'NONE',  ( 3.300000000000002000, -0.6249999999999863400, 1.082531754730525300 ) ) ;
#1469 = CIRCLE ( 'NONE', #4885, 2.249999999999998200 ) ;
#1470 =( BOUNDED_CURVE ( )  B_SPLINE_CURVE ( 2, ( #2830, #3651, #4058, #2866, #842, #1620, #2061, #4471, #2039 ),
 .UNSPECIFIED., .F., .F. ) 
 B_SPLINE_CURVE_WITH_KNOTS ( ( 3, 2, 2, 2, 3 ),
 ( 0.2847222222222222100, 0.2916666666666666300, 0.3055555555555555800, 0.3194444444444444200, 0.3263888888888888400 ),
 .UNSPECIFIED. ) 
 CURVE ( )  GEOMETRIC_REPRESENTATION_ITEM ( )  RATIONAL_B_SPLINE_CURVE ( ( 0.9330127018922194100, 0.9330127018922194100, 1.000000000000000000, 0.8660254037844387100, 1.000000000000000000, 0.8660254037844387100, 1.000000000000000000, 0.9330127018922198500, 0.9330127018922193000 ) ) 
 REPRESENTATION_ITEM ( '' )  );
#1471 = CARTESIAN_POINT ( 'NONE',  ( 1.710600952641880800, 0.4826262486298922800, 0.8359331836933423500 ) ) ;
#1472 = CARTESIAN_POINT ( 'NONE',  ( 18.84185095264188100, -0.9652524972597844600, -0.5572887891288946800 ) ) ;
#1473 = CARTESIAN_POINT ( 'NONE',  ( 15.29240381056766700, 0.3349364905388963500, 1.249999999999973100 ) ) ;
#1474 = CARTESIAN_POINT ( 'NONE',  ( 2.866237976320960400, -0.6390624999999863200, 1.106888719211962700 ) ) ;
#1475 = CARTESIAN_POINT ( 'NONE',  ( 19.17935095264188000, -0.4826262486298919500, 0.8359331836933424600 ) ) ;
#1476 = CYLINDRICAL_SURFACE ( 'NONE', #4016, 1.249999999999973400 ) ;
#1477 = CARTESIAN_POINT ( 'NONE',  ( 17.28560095264187900, 0.9652524972597843500, 0.0000000000000000000 ) ) ;
#1478 = CARTESIAN_POINT ( 'NONE',  ( 18.68750000000000400, 4.851535312377648100E-015, -1.249999999999973400 ) ) ;
#1479 = CONICAL_SURFACE ( 'NONE', #670, 1.312500000000000000, 0.7853981633974396200 ) ;
#1480 = CARTESIAN_POINT ( 'NONE',  ( 4.436213928962800400, -2.711095453990486600E-016, -1.475851625615950200 ) ) ;
#1481 = CARTESIAN_POINT ( 'NONE',  ( 2.792403810567668300, 0.3349364905388939100, 1.249999999999974900 ) ) ;
#1482 = EDGE_CURVE ( 'NONE', #1755, #2358, #588, .T. ) ;
#1483 = CARTESIAN_POINT ( 'NONE',  ( 2.835600952641880400, -0.4826262486298926200, -0.8359331836933422400 ) ) ;
#1484 = VECTOR ( 'NONE', #3838, 1000.000000000000000 ) ;
#1485 = CARTESIAN_POINT ( 'NONE',  ( 1.260600952641880700, 0.4826262486298922800, 0.8359331836933423500 ) ) ;
#1486 = CARTESIAN_POINT ( 'NONE',  ( 17.79185095264188000, 6.824819318074054600E-017, 1.114577578257790000 ) ) ;
#1487 = ORIENTED_EDGE ( 'NONE', *, *, #566, .F. ) ;
#1488 = CARTESIAN_POINT ( 'NONE',  ( 18.11495190528375700, -0.6249999999999863400, 1.082531754730525300 ) ) ;
#1489 = CARTESIAN_POINT ( 'NONE',  ( 3.428737976320960400, -1.278124999999973800, -0.7379258128079745300 ) ) ;
#1490 = CARTESIAN_POINT ( 'NONE',  ( 16.16060095264188200, -0.9652524972597843500, 1.182093381138184100E-016 ) ) ;
#1491 = CARTESIAN_POINT ( 'NONE',  ( 17.77310095264188300, 0.9652524972597843500, 0.5572887891288949000 ) ) ;
#1492 = EDGE_LOOP ( 'NONE', ( #3462, #2339, #3911, #592 ) ) ;
#1493 = CARTESIAN_POINT ( 'NONE',  ( 17.95373797632095900, 1.278124999999973500, 0.7379258128079748700 ) ) ;
#1494 = CARTESIAN_POINT ( 'NONE',  ( 15.11060095264188000, 0.4826262486298926200, 0.8359331836933430200 ) ) ;
#1495 = CARTESIAN_POINT ( 'NONE',  ( 4.286213928962801000, -1.278124999999973500, 0.7379258128079755300 ) ) ;
#1496 = VERTEX_POINT ( 'NONE', #3975 ) ;
#1497 = CARTESIAN_POINT ( 'NONE',  ( 4.050000000000002500, 1.249999999999973400, 0.0000000000000000000 ) ) ;
#1498 = CARTESIAN_POINT ( 'NONE',  ( 3.473100952641880600, 0.9652524972597843500, 0.5572887891288949000 ) ) ;
#1499 = CARTESIAN_POINT ( 'NONE',  ( 16.74754809471609800, -0.3349364905388960100, 1.249999999999973400 ) ) ;
#1500 = ORIENTED_EDGE ( 'NONE', *, *, #3707, .F. ) ;
#1501 = CARTESIAN_POINT ( 'NONE',  ( 20.00000000000000000, 0.0000000000000000000, 0.0000000000000000000 ) ) ;
#1502 = VERTEX_POINT ( 'NONE', #1104 ) ;
#1503 = CARTESIAN_POINT ( 'NONE',  ( 0.5106009526418808800, -0.9652524972597843500, 1.182093381138184100E-016 ) ) ;
#1504 = CARTESIAN_POINT ( 'NONE',  ( 16.85435095264188000, 0.4826262486298922800, 0.8359331836933423500 ) ) ;
#1505 = DIRECTION ( 'NONE',  ( 0.0000000000000000000, 0.0000000000000000000, -1.000000000000000000 ) ) ;
#1506 = CARTESIAN_POINT ( 'NONE',  ( 18.07745190528376300, -5.200148628237119300E-015, 1.249999999999973400 ) ) ;
#1507 = CARTESIAN_POINT ( 'NONE',  ( 3.316237976320960200, -0.6390624999999863200, 1.106888719211962700 ) ) ;
#1508 = APPROVAL ( #1020, 'UNSPECIFIED' ) ;
#1509 = CARTESIAN_POINT ( 'NONE',  ( 17.92310095264188500, -0.9652524972597841300, 0.5572887891288953500 ) ) ;
#1510 = ORIENTED_EDGE ( 'NONE', *, *, #1455, .T. ) ;
#1511 = CARTESIAN_POINT ( 'NONE',  ( -0.1081490473581189500, 6.824819318074054600E-017, 1.114577578257790000 ) ) ;
#1512 = ADVANCED_FACE ( 'NONE', ( #4672 ), #2137, .F. ) ;
#1513 = CARTESIAN_POINT ( 'NONE',  ( 18.92873797632095600, 9.036984846634954800E-017, 1.475851625615950000 ) ) ;
#1514 = CARTESIAN_POINT ( 'NONE',  ( 15.18560095264188100, -0.4826262486298922800, 0.8359331836933431300 ) ) ;
#1515 = EDGE_CURVE ( 'NONE', #3944, #838, #4870, .T. ) ;
#1516 = CARTESIAN_POINT ( 'NONE',  ( -0.2206490473581189900, 0.9652524972597843500, 0.0000000000000000000 ) ) ;
#1517 = ORIENTED_EDGE ( 'NONE', *, *, #1624, .F. ) ;
#1518 = CARTESIAN_POINT ( 'NONE',  ( 4.162500000000003200, -5.171097518582163300E-015, 1.249999999999973400 ) ) ;
#1519 = CARTESIAN_POINT ( 'NONE',  ( 2.985600952641880300, 0.9652524972597843500, 0.0000000000000000000 ) ) ;
#1520 = CARTESIAN_POINT ( 'NONE',  ( 16.80245190528376000, -1.249999999999973100, 0.7216878364870171800 ) ) ;
#1521 = CARTESIAN_POINT ( 'NONE',  ( 0.0000000000000000000, 0.0000000000000000000, 0.0000000000000000000 ) ) ;
#1522 = CARTESIAN_POINT ( 'NONE',  ( 3.548100952641880700, 6.824819318074054600E-017, 1.114577578257790000 ) ) ;
#1523 = CARTESIAN_POINT ( 'NONE',  ( 20.00000000000000000, 0.0000000000000000000, 0.0000000000000000000 ) ) ;
#1524 = CARTESIAN_POINT ( 'NONE',  ( 1.677451905283758900, -1.249999999999973400, -0.7216878364870162900 ) ) ;
#1525 = CARTESIAN_POINT ( 'NONE',  ( 3.241237976320960400, 0.6390624999999867700, 1.106888719211962500 ) ) ;
#1526 = FACE_OUTER_BOUND ( 'NONE', #1564, .T. ) ;
#1527 = CARTESIAN_POINT ( 'NONE',  ( 16.64810095264188000, -0.9652524972597844600, -0.5572887891288946800 ) ) ;
#1528 = CARTESIAN_POINT ( 'NONE',  ( 19.42310095264188200, -2.047445795422216600E-016, -1.114577578257790000 ) ) ;
#1529 = VERTEX_POINT ( 'NONE', #5160 ) ;
#1530 = FACE_OUTER_BOUND ( 'NONE', #3091, .T. ) ;
#1531 = CARTESIAN_POINT ( 'NONE',  ( 18.10373797632096100, -1.278124999999973300, 0.7379258128079753100 ) ) ;
#1532 = CARTESIAN_POINT ( 'NONE',  ( 15.71060095264188000, -0.9652524972597850100, 1.182093381138185100E-016 ) ) ;
#1533 = CARTESIAN_POINT ( 'NONE',  ( 4.623713928962800400, 0.6390624999999868800, 1.106888719211962700 ) ) ;
#1534 = CARTESIAN_POINT ( 'NONE',  ( 4.012500000000002800, 1.249999999999973100, -0.7216878364870175100 ) ) ;
#1535 = LINE ( 'NONE', #1258, #1419 ) ;
#1536 =( BOUNDED_CURVE ( )  B_SPLINE_CURVE ( 2, ( #2285, #3070, #2672, #3022, #2219, #616, #1018, #3846, #5095 ),
 .UNSPECIFIED., .F., .F. ) 
 B_SPLINE_CURVE_WITH_KNOTS ( ( 3, 2, 2, 2, 3 ),
 ( 0.06250000000000000000, 0.06944444444444444800, 0.08333333333333332900, 0.09722222222222222400, 0.1041666666666666700 ),
 .UNSPECIFIED. ) 
 CURVE ( )  GEOMETRIC_REPRESENTATION_ITEM ( )  RATIONAL_B_SPLINE_CURVE ( ( 0.9330127018922194100, 0.9330127018922194100, 1.000000000000000000, 0.8660254037844387100, 1.000000000000000000, 0.8660254037844387100, 1.000000000000000000, 0.9330127018922193000, 0.9330127018922194100 ) ) 
 REPRESENTATION_ITEM ( '' )  );
#1537 = CARTESIAN_POINT ( 'NONE',  ( 4.598100952641880600, -0.9652524972597845700, -0.5572887891288946800 ) ) ;
#1538 = CONICAL_SURFACE ( 'NONE', #1942, 2.249999999999998700, 1.047197551196600100 ) ;
#1539 = CARTESIAN_POINT ( 'NONE',  ( 2.573100952641880200, 0.9652524972597842400, 0.5572887891288949000 ) ) ;
#1540 = CARTESIAN_POINT ( 'NONE',  ( 19.76339581929392600, 0.1486282692246319000, -1.075895819293994200 ) ) ;
#1541 = CARTESIAN_POINT ( 'NONE',  ( 1.547548094716093100, -0.3349364905388960100, 1.249999999999973400 ) ) ;
#1542 = CARTESIAN_POINT ( 'NONE',  ( 2.528737976320961000, -1.278124999999973800, -0.7379258128079745300 ) ) ;
#1543 = CARTESIAN_POINT ( 'NONE',  ( 17.51060095264188400, -0.9652524972597843500, 1.182093381138184100E-016 ) ) ;
#1544 = CARTESIAN_POINT ( 'NONE',  ( 19.61060095264188200, 0.4826262486298922800, 0.8359331836933423500 ) ) ;
#1545 = EDGE_LOOP ( 'NONE', ( #2646, #2648, #2232, #4033 ) ) ;
#1546 = CARTESIAN_POINT ( 'NONE',  ( 19.22873797632096400, 1.278124999999972900, -0.7379258128079757600 ) ) ;
#1547 = CARTESIAN_POINT ( 'NONE',  ( 17.58560095264188000, -0.4826262486298929500, -0.8359331836933428000 ) ) ;
#1548 = ORIENTED_EDGE ( 'NONE', *, *, #3879, .T. ) ;
#1549 = CARTESIAN_POINT ( 'NONE',  ( 3.536213928962801000, -2.711095453990486600E-016, -1.475851625615950200 ) ) ;
#1550 = EDGE_CURVE ( 'NONE', #2281, #4046, #524, .T. ) ;
#1551 = DIRECTION ( 'NONE',  ( 0.0000000000000000000, 0.0000000000000000000, -1.000000000000000000 ) ) ;
#1552 = ORIENTED_EDGE ( 'NONE', *, *, #1869, .T. ) ;
#1553 = CARTESIAN_POINT ( 'NONE',  ( 0.3606009526418809100, 0.4826262486298922800, 0.8359331836933423500 ) ) ;
#1554 = CARTESIAN_POINT ( 'NONE',  ( 3.585600952641880800, -0.4826262486298919500, 0.8359331836933424600 ) ) ;
#1555 = CARTESIAN_POINT ( 'NONE',  ( 2.085600952641880800, 0.9652524972597843500, 0.0000000000000000000 ) ) ;
#1556 = CARTESIAN_POINT ( 'NONE',  ( 16.66250000000000500, -2.498395430326213100E-015, 1.249999999999973400 ) ) ;
#1557 = CARTESIAN_POINT ( 'NONE',  ( 4.800000000000002500, 0.5365352068171622700, 0.8023978784318380700 ) ) ;
#1558 = ORIENTED_EDGE ( 'NONE', *, *, #1735, .F. ) ;
#1559 = AXIS2_PLACEMENT_3D ( 'NONE', #1953, #2785, #3180 ) ;
#1560 = CARTESIAN_POINT ( 'NONE',  ( 18.29810095264188200, 6.824819318074054600E-017, 1.114577578257790000 ) ) ;
#1561 = CARTESIAN_POINT ( 'NONE',  ( 0.4774519052837591400, 1.249999999999972900, -0.7216878364870175100 ) ) ;
#1562 = ADVANCED_FACE ( 'NONE', ( #4023 ), #3509, .T. ) ;
#1563 =( BOUNDED_CURVE ( )  B_SPLINE_CURVE ( 2, ( #1307, #2874, #4987, #3290, #4558, #1727, #4102, #2512, #3310 ),
 .UNSPECIFIED., .F., .F. ) 
 B_SPLINE_CURVE_WITH_KNOTS ( ( 3, 2, 2, 2, 3 ),
 ( 0.4375000000000000000, 0.4444444444444444200, 0.4583333333333333100, 0.4722222222222222100, 0.4791666666666666900 ),
 .UNSPECIFIED. ) 
 CURVE ( )  GEOMETRIC_REPRESENTATION_ITEM ( )  RATIONAL_B_SPLINE_CURVE ( ( 0.9330127018922194100, 0.9330127018922194100, 1.000000000000000000, 0.8660254037844387100, 1.000000000000000000, 0.8660254037844387100, 1.000000000000000000, 0.9330127018922190800, 0.9330127018922194100 ) ) 
 REPRESENTATION_ITEM ( '' )  );
#1564 = EDGE_LOOP ( 'NONE', ( #3823, #2236, #3757 ) ) ;
#1565 = CARTESIAN_POINT ( 'NONE',  ( 19.41623797632096100, -0.6390624999999863200, 1.106888719211962700 ) ) ;
#1566 = CARTESIAN_POINT ( 'NONE',  ( 16.79810095264187800, 0.9652524972597845700, -0.5572887891288959000 ) ) ;
#1567 = CARTESIAN_POINT ( 'NONE',  ( 19.72310095264188200, -0.9652524972597841300, 0.5572887891288953500 ) ) ;
#1568 = CARTESIAN_POINT ( 'NONE',  ( 1.204350952641880700, 0.4826262486298922800, 0.8359331836933423500 ) ) ;
#1569 = CARTESIAN_POINT ( 'NONE',  ( 2.873100952641880900, -2.047445795422216600E-016, -1.114577578257790000 ) ) ;
#1570 = ORIENTED_EDGE ( 'NONE', *, *, #1004, .T. ) ;
#1571 = CARTESIAN_POINT ( 'NONE',  ( 4.800000000000002500, -0.6249999999999872300, -1.082531754730524900 ) ) ;
#1572 = CARTESIAN_POINT ( 'NONE',  ( 2.212500000000002100, 1.249999999999973100, -0.7216878364870175100 ) ) ;
#1573 = ORIENTED_EDGE ( 'NONE', *, *, #1515, .F. ) ;
#1574 = VERTEX_POINT ( 'NONE', #4362 ) ;
#1575 = CARTESIAN_POINT ( 'NONE',  ( 3.098100952641880600, 6.824819318074054600E-017, 1.114577578257790000 ) ) ;
#1576 = CARTESIAN_POINT ( 'NONE',  ( 19.55435095264188000, 0.4826262486298922800, 0.8359331836933423500 ) ) ;
#1577 = CARTESIAN_POINT ( 'NONE',  ( 0.1774519052837592000, -5.519710834441634400E-016, 1.249999999999973600 ) ) ;
#1578 = CARTESIAN_POINT ( 'NONE',  ( 4.553737976320960900, 1.278124999999973500, 0.7379258128079748700 ) ) ;
#1579 = ORIENTED_EDGE ( 'NONE', *, *, #5180, .F. ) ;
#1580 = CC_DESIGN_PERSON_AND_ORGANIZATION_ASSIGNMENT ( #1728, #1003, ( #2772 ) ) ;
#1581 = CARTESIAN_POINT ( 'NONE',  ( 18.59810095264188600, 0.9652524972597841300, -0.5572887891288955700 ) ) ;
#1582 = CARTESIAN_POINT ( 'NONE',  ( 1.057355715851424600, 0.3349364905388962900, 1.249999999999973100 ) ) ;
#1583 = CARTESIAN_POINT ( 'NONE',  ( 19.75678674925022400, -1.607397897208713800E-013, -1.069286749250270500 ) ) ;
#1584 = LOCAL_TIME ( 12, 11, 43.00000000000000000, #4001 ) ;
#1585 = CARTESIAN_POINT ( 'NONE',  ( 0.0000000000000000000, 1.530808498934159000E-016, -1.249999999999973400 ) ) ;
#1586 = CARTESIAN_POINT ( 'NONE',  ( 16.42310095264187800, 0.9652524972597850100, 0.5572887891288952300 ) ) ;
#1587 = EDGE_CURVE ( 'NONE', #2460, #3215, #1991, .T. ) ;
#1588 = DIRECTION ( 'NONE',  ( -1.000000000000000000, -0.0000000000000000000, -0.0000000000000000000 ) ) ;
#1589 = CARTESIAN_POINT ( 'NONE',  ( 1.391850952641880700, -0.9652524972597844600, -0.5572887891288946800 ) ) ;
#1590 = CARTESIAN_POINT ( 'NONE',  ( 2.910600952641880600, 0.4826262486298914500, -0.8359331836933428000 ) ) ;
#1591 = VECTOR ( 'NONE', #1179, 1000.000000000000000 ) ;
#1592 = CARTESIAN_POINT ( 'NONE',  ( 15.48995190528375700, -1.249999999999973400, 1.530808498934159000E-016 ) ) ;
#1593 = ADVANCED_FACE ( 'NONE', ( #4478 ), #4999, .F. ) ;
#1594 = CARTESIAN_POINT ( 'NONE',  ( 0.0000000000000000000, 0.0000000000000000000, 0.0000000000000000000 ) ) ;
#1595 = CARTESIAN_POINT ( 'NONE',  ( 2.614951905283759100, -0.6249999999999872300, -1.082531754730524900 ) ) ;
#1596 = CARTESIAN_POINT ( 'NONE',  ( 0.3981009526418808300, 6.824819318074054600E-017, 1.114577578257790000 ) ) ;
#1597 = FACE_OUTER_BOUND ( 'NONE', #3982, .T. ) ;
#1598 = CARTESIAN_POINT ( 'NONE',  ( 2.160600952641880600, 0.4826262486298922800, 0.8359331836933423500 ) ) ;
#1599 = CARTESIAN_POINT ( 'NONE',  ( 20.19185095264187900, -0.9652524972597844600, -0.5572887891288946800 ) ) ;
#1600 = CARTESIAN_POINT ( 'NONE',  ( 0.1397700690953396200, -0.1835754756815230200, 2.492088861051974500 ) ) ;
#1601 = DIRECTION ( 'NONE',  ( 0.0000000000000000000, -0.8660254037844386000, -0.5000000000000001100 ) ) ;
#1602 = CARTESIAN_POINT ( 'NONE',  ( 18.52310095264188300, -2.047445795422216600E-016, -1.114577578257790000 ) ) ;
#1603 = CARTESIAN_POINT ( 'NONE',  ( 1.039951905283759100, 0.6249999999999866800, 1.082531754730525100 ) ) ;
#1604 = CARTESIAN_POINT ( 'NONE',  ( 1.916850952641880700, -2.047445795422216600E-016, -1.114577578257790000 ) ) ;
#1605 = CARTESIAN_POINT ( 'NONE',  ( 0.6606009526418809000, 0.4826262486298914500, -0.8359331836933428000 ) ) ;
#1606 = CARTESIAN_POINT ( 'NONE',  ( 19.38259618943233400, -0.3349364905388985100, 1.249999999999971800 ) ) ;
#1607 = CARTESIAN_POINT ( 'NONE',  ( 15.86060095264188200, 0.4826262486298917900, -0.8359331836933434600 ) ) ;
#1608 = CARTESIAN_POINT ( 'NONE',  ( 19.98560095264188200, 0.9652524972597843500, 0.0000000000000000000 ) ) ;
#1609 = CARTESIAN_POINT ( 'NONE',  ( 1.354350952641880900, -0.9652524972597843500, 1.182093381138184100E-016 ) ) ;
#1610 = CARTESIAN_POINT ( 'NONE',  ( 2.985600952641880300, 0.9652524972597843500, 0.0000000000000000000 ) ) ;
#1611 = CARTESIAN_POINT ( 'NONE',  ( 0.0000000000000000000, 1.124999999999999300, -1.948557158514985500 ) ) ;
#1612 = CARTESIAN_POINT ( 'NONE',  ( 4.687500000000002700, -1.249999999999973400, 0.7216878364870171800 ) ) ;
#1613 = VECTOR ( 'NONE', #1197, 1000.000000000000000 ) ;
#1614 = CARTESIAN_POINT ( 'NONE',  ( 16.57745190528376300, 1.249999999999972900, -0.7216878364870175100 ) ) ;
#1615 = CARTESIAN_POINT ( 'NONE',  ( 0.2009618943233409100, -2.249999999999998200, -1.299038105676658200 ) ) ;
#1616 = CARTESIAN_POINT ( 'NONE',  ( 4.485600952641880700, -0.4826262486298919500, 0.8359331836933424600 ) ) ;
#1617 = DIRECTION ( 'NONE',  ( 0.0000000000000000000, 0.0000000000000000000, 1.000000000000000000 ) ) ;
#1618 = VERTEX_POINT ( 'NONE', #284 ) ;
#1619 = CARTESIAN_POINT ( 'NONE',  ( 5.266237976320960400, -0.6390624999999872100, -1.106888719211962300 ) ) ;
#1620 = CARTESIAN_POINT ( 'NONE',  ( 3.177451905283759500, 1.249999999999972900, -0.7216878364870175100 ) ) ;
#1621 = PLANE ( 'NONE',  #5123 ) ;
#1622 = CARTESIAN_POINT ( 'NONE',  ( 1.129350952641880800, 0.9652524972597843500, 0.0000000000000000000 ) ) ;
#1623 = ADVANCED_FACE ( 'NONE', ( #2440 ), #1290, .F. ) ;
#1624 = EDGE_CURVE ( 'NONE', #4331, #3295, #3645, .T. ) ;
#1625 = CARTESIAN_POINT ( 'NONE',  ( 0.0000000000000000000, 0.0000000000000000000, 0.0000000000000000000 ) ) ;
#1626 = ORIENTED_EDGE ( 'NONE', *, *, #3593, .T. ) ;
#1627 = DIRECTION ( 'NONE',  ( -1.000000000000000000, -0.0000000000000000000, -0.0000000000000000000 ) ) ;
#1628 = CARTESIAN_POINT ( 'NONE',  ( 18.07310095264188000, -2.047445795422217900E-016, -1.114577578257790700 ) ) ;
#1629 = DIRECTION ( 'NONE',  ( 0.0000000000000000000, 0.0000000000000000000, -1.000000000000000000 ) ) ;
#1630 = CARTESIAN_POINT ( 'NONE',  ( 0.6793509526418809500, 0.9652524972597843500, 0.0000000000000000000 ) ) ;
#1631 = CARTESIAN_POINT ( 'NONE',  ( 3.098100952641880600, 6.824819318074054600E-017, 1.114577578257790000 ) ) ;
#1632 = ORIENTED_EDGE ( 'NONE', *, *, #5273, .T. ) ;
#1633 = DIRECTION ( 'NONE',  ( 0.0000000000000000000, 0.0000000000000000000, 1.000000000000000000 ) ) ;
#1634 = EDGE_CURVE ( 'NONE', #1496, #879, #1710, .T. ) ;
#1635 = CARTESIAN_POINT ( 'NONE',  ( 16.55000000000000100, 1.249999999999973400, 0.0000000000000000000 ) ) ;
#1636 = ORIENTED_EDGE ( 'NONE', *, *, #4762, .T. ) ;
#1637 = CARTESIAN_POINT ( 'NONE',  ( 17.88995190528375900, 0.6249999999999856800, -1.082531754730525800 ) ) ;
#1638 = CARTESIAN_POINT ( 'NONE',  ( 0.0000000000000000000, 0.0000000000000000000, 1.249999999999973400 ) ) ;
#1639 = DIRECTION ( 'NONE',  ( -1.000000000000000000, -0.0000000000000000000, -0.0000000000000000000 ) ) ;
#1640 = CARTESIAN_POINT ( 'NONE',  ( 4.778737976320960500, -1.278124999999973800, -0.7379258128079745300 ) ) ;
#1641 = CARTESIAN_POINT ( 'NONE',  ( 15.71495190528376200, 1.249999999999973400, 0.0000000000000000000 ) ) ;
#1642 = CARTESIAN_POINT ( 'NONE',  ( 19.91016716047639100, 2.249999999999998700, 0.8761466845173789800 ) ) ;
#1643 = ORIENTED_EDGE ( 'NONE', *, *, #2892, .T. ) ;
#1644 = CARTESIAN_POINT ( 'NONE',  ( 2.291850952641880700, -0.9652524972597844600, -0.5572887891288946800 ) ) ;
#1645 = DIRECTION ( 'NONE',  ( -1.000000000000000000, -0.0000000000000000000, -0.0000000000000000000 ) ) ;
#1646 = CARTESIAN_POINT ( 'NONE',  ( 20.13560095264188000, -0.4826262486298922800, 0.8359331836933431300 ) ) ;
#1647 = ORIENTED_EDGE ( 'NONE', *, *, #3147, .F. ) ;
#1648 = CARTESIAN_POINT ( 'NONE',  ( 0.4612139289628007800, 1.278124999999973300, -0.7379258128079758700 ) ) ;
#1649 = CARTESIAN_POINT ( 'NONE',  ( 2.104350952641880700, 0.4826262486298922800, 0.8359331836933423500 ) ) ;
#1650 = CARTESIAN_POINT ( 'NONE',  ( 3.435600952641880900, 0.9652524972597843500, 0.0000000000000000000 ) ) ;
#1651 = CARTESIAN_POINT ( 'NONE',  ( 19.65275249725973700, -0.1887629999037597500, 0.9553845433077381400 ) ) ;
#1652 = ADVANCED_FACE ( 'NONE', ( #2514 ), #1358, .F. ) ;
#1653 = CARTESIAN_POINT ( 'NONE',  ( 15.96740381056766700, -0.3349364905388966300, -1.249999999999973100 ) ) ;
#1654 = ORIENTED_EDGE ( 'NONE', *, *, #3147, .T. ) ;
#1655 = EDGE_LOOP ( 'NONE', ( #3529, #3095, #3138 ) ) ;
#1656 = CARTESIAN_POINT ( 'NONE',  ( 18.71495190528375800, -0.6249999999999872300, -1.082531754730524900 ) ) ;
#1657 = CARTESIAN_POINT ( 'NONE',  ( 0.1731009526418808800, -2.047445795422216600E-016, -1.114577578257790000 ) ) ;
#1658 = CARTESIAN_POINT ( 'NONE',  ( 0.0000000000000000000, 0.0000000000000000000, 0.0000000000000000000 ) ) ;
#1659 = CARTESIAN_POINT ( 'NONE',  ( 4.800000000000002500, -1.241813185885314100, -0.07800561793199832500 ) ) ;
#1660 = CARTESIAN_POINT ( 'NONE',  ( 0.0000000000000000000, 1.530808498934159000E-016, -1.249999999999973400 ) ) ;
#1661 = CARTESIAN_POINT ( 'NONE',  ( 14.97935095264188000, 0.9652524972597843500, 0.0000000000000000000 ) ) ;
#1662 = CARTESIAN_POINT ( 'NONE',  ( 1.354350952641880900, -0.9652524972597843500, 1.182093381138184100E-016 ) ) ;
#1663 = CARTESIAN_POINT ( 'NONE',  ( 19.13749999999999900, 4.851535312377648100E-015, -1.249999999999973400 ) ) ;
#1664 = CARTESIAN_POINT ( 'NONE',  ( 19.43750000000000400, -1.249999999999973100, 0.7216878364870171800 ) ) ;
#1665 = CARTESIAN_POINT ( 'NONE',  ( 18.03560095264188200, -0.4826262486298929500, -0.8359331836933428000 ) ) ;
#1666 = EDGE_CURVE ( 'NONE', #933, #4709, #3427, .T. ) ;
#1667 = CARTESIAN_POINT ( 'NONE',  ( 19.93749999999995400, -0.9362024248963467500, 0.8282662733796446500 ) ) ;
#1668 = CARTESIAN_POINT ( 'NONE',  ( 1.912500000000002800, -2.498395430326213100E-015, 1.249999999999973400 ) ) ;
#1669 = CARTESIAN_POINT ( 'NONE',  ( 15.17371392896280100, 0.6390624999999857700, -1.106888719211963400 ) ) ;
#1670 = CONICAL_SURFACE ( 'NONE', #1817, 2.249999999999998700, 1.047197551196600100 ) ;
#1671 = CARTESIAN_POINT ( 'NONE',  ( 16.72745190528375800, -2.527446539981169400E-015, 1.249999999999973400 ) ) ;
#1672 = AXIS2_PLACEMENT_3D ( 'NONE', #3547, #4379, #709 ) ;
#1673 = LINE ( 'NONE', #4110, #582 ) ;
#1674 = CARTESIAN_POINT ( 'NONE',  ( 19.85000000000000100, -0.6249999999999863400, 1.082531754730525300 ) ) ;
#1675 = DIRECTION ( 'NONE',  ( 0.0000000000000000000, 0.0000000000000000000, 1.000000000000000000 ) ) ;
#1676 = CARTESIAN_POINT ( 'NONE',  ( 18.90245190528375800, 1.249999999999973400, 0.7216878364870166200 ) ) ;
#1677 = DIRECTION ( 'NONE',  ( 1.000000000000000000, 0.0000000000000000000, 0.0000000000000000000 ) ) ;
#1678 = DIRECTION ( 'NONE',  ( 0.0000000000000000000, -3.338476886082577300E-016, 1.000000000000000000 ) ) ;
#1679 = CARTESIAN_POINT ( 'NONE',  ( 1.841850952641880700, -0.9652524972597844600, -0.5572887891288946800 ) ) ;
#1680 = FACE_OUTER_BOUND ( 'NONE', #276, .T. ) ;
#1681 = CARTESIAN_POINT ( 'NONE',  ( 18.99871392896280000, -0.6390624999999864300, 1.106888719211963000 ) ) ;
#1682 = CARTESIAN_POINT ( 'NONE',  ( 0.4543509526418809100, -0.9652524972597843500, 1.182093381138184100E-016 ) ) ;
#1683 = CARTESIAN_POINT ( 'NONE',  ( 19.16060095264187900, 0.4826262486298926200, 0.8359331836933430200 ) ) ;
#1684 = CARTESIAN_POINT ( 'NONE',  ( 0.08621392896280086200, 1.278124999999973800, 0.7379258128079749800 ) ) ;
#1685 = ORIENTED_EDGE ( 'NONE', *, *, #3946, .F. ) ;
#1686 = CARTESIAN_POINT ( 'NONE',  ( 4.354350952641880200, 0.4826262486298922800, 0.8359331836933423500 ) ) ;
#1687 = CARTESIAN_POINT ( 'NONE',  ( 2.925000000000002000, -1.249999999999973400, 1.530808498934159000E-016 ) ) ;
#1688 = CARTESIAN_POINT ( 'NONE',  ( 15.21121392896279900, 1.278124999999973300, -0.7379258128079758700 ) ) ;
#1689 = CARTESIAN_POINT ( 'NONE',  ( 15.65435095264187900, -0.9652524972597843500, 1.182093381138184100E-016 ) ) ;
#1690 = EDGE_LOOP ( 'NONE', ( #22, #5271, #1370, #4967 ) ) ;
#1691 = CARTESIAN_POINT ( 'NONE',  ( 19.85287017769461600, -1.109840588668603800, 0.3886628594198871000 ) ) ;
#1692 = CARTESIAN_POINT ( 'NONE',  ( 4.860600952641880700, 0.4826262486298922800, 0.8359331836933423500 ) ) ;
#1693 = CARTESIAN_POINT ( 'NONE',  ( 18.77254809471609300, 0.3349364905388980700, -1.249999999999972000 ) ) ;
#1694 = VERTEX_POINT ( 'NONE', #2418 ) ;
#1695 = CARTESIAN_POINT ( 'NONE',  ( 19.93749999999995400, -0.9362024248963467500, 0.8282662733796446500 ) ) ;
#1696 = CARTESIAN_POINT ( 'NONE',  ( 0.9112139289628007300, 1.278124999999973300, -0.7379258128079758700 ) ) ;
#1697 = CARTESIAN_POINT ( 'NONE',  ( 4.227451905283760200, -5.200148628237119300E-015, 1.249999999999973400 ) ) ;
#1698 = CARTESIAN_POINT ( 'NONE',  ( 3.829350952641880700, 0.9652524972597843500, 0.0000000000000000000 ) ) ;
#1699 = EDGE_CURVE ( 'NONE', #3870, #1618, #2010, .T. ) ;
#1700 = CARTESIAN_POINT ( 'NONE',  ( 17.68621392896280000, -1.278124999999973500, 0.7379258128079755300 ) ) ;
#1701 = VERTEX_POINT ( 'NONE', #762 ) ;
#1702 = CARTESIAN_POINT ( 'NONE',  ( 2.897548094716092800, -0.3349364905388985100, 1.249999999999971800 ) ) ;
#1703 = CARTESIAN_POINT ( 'NONE',  ( 19.91060095264187900, 0.4826262486298917900, -0.8359331836933434600 ) ) ;
#1704 = CARTESIAN_POINT ( 'NONE',  ( 1.110600952641880700, 0.4826262486298914500, -0.8359331836933428000 ) ) ;
#1705 = CARTESIAN_POINT ( 'NONE',  ( 0.1987139289628008200, -0.6390624999999864300, 1.106888719211963000 ) ) ;
#1706 = CARTESIAN_POINT ( 'NONE',  ( 3.304350952641880400, 0.4826262486298914500, -0.8359331836933428000 ) ) ;
#1707 = CARTESIAN_POINT ( 'NONE',  ( 2.887500000000002400, -1.249999999999973400, 0.7216878364870171800 ) ) ;
#1708 = CARTESIAN_POINT ( 'NONE',  ( 14.98621392896280100, -1.278124999999973500, 0.7379258128079755300 ) ) ;
#1709 = ORIENTED_EDGE ( 'NONE', *, *, #1393, .T. ) ;
#1710 = B_SPLINE_CURVE_WITH_KNOTS ( 'NONE', 3,
 ( #1138, #2802, #4851, #376, #2011, #5263 ),
 .UNSPECIFIED., .F., .F.,
 ( 4, 2, 4 ),
 ( 0.01435674665605922100, 0.01500251238029529300, 0.01564827810453136400 ),
 .UNSPECIFIED. ) ;
#1711 = CARTESIAN_POINT ( 'NONE',  ( 16.85435095264188000, 0.4826262486298922800, 0.8359331836933423500 ) ) ;
#1712 = CARTESIAN_POINT ( 'NONE',  ( 19.42745190528375700, -5.200148628237119300E-015, 1.249999999999973400 ) ) ;
#1713 = ORIENTED_EDGE ( 'NONE', *, *, #2456, .F. ) ;
#1714 =( BOUNDED_CURVE ( )  B_SPLINE_CURVE ( 2, ( #1986, #4834, #2819, #2840, #4445, #2007, #2398, #373, #2436 ),
 .UNSPECIFIED., .F., .F. ) 
 B_SPLINE_CURVE_WITH_KNOTS ( ( 3, 2, 2, 2, 3 ),
 ( 0.03472222222222221000, 0.04166666666666663000, 0.05555555555555558000, 0.06944444444444442000, 0.07638888888888884000 ),
 .UNSPECIFIED. ) 
 CURVE ( )  GEOMETRIC_REPRESENTATION_ITEM ( )  RATIONAL_B_SPLINE_CURVE ( ( 0.9330127018922194100, 0.9330127018922194100, 1.000000000000000000, 0.8660254037844387100, 1.000000000000000000, 0.8660254037844387100, 1.000000000000000000, 0.9330127018922198500, 0.9330127018922193000 ) ) 
 REPRESENTATION_ITEM ( '' )  );
#1715 = CARTESIAN_POINT ( 'NONE',  ( 1.073100952641880700, -2.047445795422216600E-016, -1.114577578257790000 ) ) ;
#1716 = CARTESIAN_POINT ( 'NONE',  ( 16.27745190528375500, -2.527446539981169400E-015, 1.249999999999973400 ) ) ;
#1717 = CARTESIAN_POINT ( 'NONE',  ( 0.6649519052837591400, -0.6249999999999863400, 1.082531754730525300 ) ) ;
#1718 = CARTESIAN_POINT ( 'NONE',  ( 16.05245190528375700, -5.229199737892074000E-016, -1.249999999999973400 ) ) ;
#1719 = CARTESIAN_POINT ( 'NONE',  ( 15.35435095264188200, 0.4826262486298914500, -0.8359331836933428000 ) ) ;
#1720 = CARTESIAN_POINT ( 'NONE',  ( 4.241850952641880400, 0.9652524972597841300, -0.5572887891288955700 ) ) ;
#1721 = ORIENTED_EDGE ( 'NONE', *, *, #2251, .F. ) ;
#1722 = CARTESIAN_POINT ( 'NONE',  ( 17.16121392896280200, 9.036984846634956000E-017, 1.475851625615950200 ) ) ;
#1723 = CARTESIAN_POINT ( 'NONE',  ( 0.4168509526418809300, -0.9652524972597841300, 0.5572887891288953500 ) ) ;
#1724 = CARTESIAN_POINT ( 'NONE',  ( 15.32873797632096000, 9.036984846634954800E-017, 1.475851625615950000 ) ) ;
#1725 = CARTESIAN_POINT ( 'NONE',  ( 0.7612139289628008200, -1.278124999999973800, -0.7379258128079745300 ) ) ;
#1726 = CARTESIAN_POINT ( 'NONE',  ( 19.89943103339943400, -1.801479645480579600E-011, 1.211931033399487500 ) ) ;
#1727 = CARTESIAN_POINT ( 'NONE',  ( 17.71250000000000200, -1.249999999999973600, -0.7216878364870164000 ) ) ;
#1728 = PERSON_AND_ORGANIZATION ( #1409, #1976 ) ;
#1729 = AXIS2_PLACEMENT_3D ( 'NONE', #2233, #5072, #964 ) ;
#1730 = DIRECTION ( 'NONE',  ( -1.000000000000000000, -0.0000000000000000000, -0.0000000000000000000 ) ) ;
#1731 = CARTESIAN_POINT ( 'NONE',  ( 15.91685095264188200, 0.9652524972597843500, 0.5572887891288949000 ) ) ;
#1732 = CARTESIAN_POINT ( 'NONE',  ( 0.01924333400943551600, 1.506653605801030500, 1.728209346468570400 ) ) ;
#1733 = CARTESIAN_POINT ( 'NONE',  ( 1.710600952641880800, 0.4826262486298922800, 0.8359331836933423500 ) ) ;
#1734 = CARTESIAN_POINT ( 'NONE',  ( 0.2546904728039635600, 0.4085950169211752800, -0.9971901812808640100 ) ) ;
#1735 = EDGE_CURVE ( 'NONE', #716, #923, #4483, .T. ) ;
#1736 = CARTESIAN_POINT ( 'NONE',  ( 15.53750000000000000, -4.938688641342514700E-016, -1.249999999999973400 ) ) ;
#1737 = DIRECTION ( 'NONE',  ( -1.000000000000000000, -0.0000000000000000000, -0.0000000000000000000 ) ) ;
#1738 = CARTESIAN_POINT ( 'NONE',  ( 15.72935095264188200, -0.4826262486298926200, -0.8359331836933422400 ) ) ;
#1739 = CARTESIAN_POINT ( 'NONE',  ( 18.21121392896280300, -1.278124999999973800, -0.7379258128079745300 ) ) ;
#1740 = CARTESIAN_POINT ( 'NONE',  ( 15.44123797632095900, -1.278124999999973300, 1.565251690160178100E-016 ) ) ;
#1741 = LINE ( 'NONE', #1660, #1987 ) ;
#1742 = EDGE_CURVE ( 'NONE', #2157, #628, #1027, .T. ) ;
#1743 = CARTESIAN_POINT ( 'NONE',  ( 16.77935095264188100, 0.9652524972597843500, 0.0000000000000000000 ) ) ;
#1744 = CARTESIAN_POINT ( 'NONE',  ( 3.347548094716092500, -0.3349364905388960100, 1.249999999999973400 ) ) ;
#1745 = CARTESIAN_POINT ( 'NONE',  ( 16.74871392896280000, -0.6390624999999864300, 1.106888719211963000 ) ) ;
#1746 = LINE ( 'NONE', #4665, #3718 ) ;
#1747 = CARTESIAN_POINT ( 'NONE',  ( 17.22935095264188000, 0.9652524972597843500, 0.0000000000000000000 ) ) ;
#1748 = CARTESIAN_POINT ( 'NONE',  ( 19.72745190528376100, 1.249999999999972900, -0.7216878364870175100 ) ) ;
#1749 = CARTESIAN_POINT ( 'NONE',  ( 1.560600952641880700, 0.4826262486298914500, -0.8359331836933428000 ) ) ;
#1750 = VECTOR ( 'NONE', #5059, 1000.000000000000000 ) ;
#1751 = CARTESIAN_POINT ( 'NONE',  ( 4.425000000000001600, 0.6249999999999856800, -1.082531754730525800 ) ) ;
#1752 = DIRECTION ( 'NONE',  ( 0.0000000000000000000, 0.0000000000000000000, 1.000000000000000000 ) ) ;
#1753 = CARTESIAN_POINT ( 'NONE',  ( 0.1011622981666685100, 1.194242630764937000, 0.2522957131459077600 ) ) ;
#1754 = B_SPLINE_CURVE_WITH_KNOTS ( 'NONE', 3,
 ( #1312, #106, #1732, #4991, #965, #2186 ),
 .UNSPECIFIED., .F., .F.,
 ( 4, 2, 4 ),
 ( 0.001314652396222794500, 0.001969405109320634200, 0.002624157822418473800 ),
 .UNSPECIFIED. ) ;
#1755 = VERTEX_POINT ( 'NONE', #4880 ) ;
#1756 = CARTESIAN_POINT ( 'NONE',  ( 17.34871392896280200, -0.6390624999999873200, -1.106888719211962500 ) ) ;
#1757 = CARTESIAN_POINT ( 'NONE',  ( 0.0000000000000000000, -2.249999999999998700, -7.511572993685794200E-016 ) ) ;
#1758 = CARTESIAN_POINT ( 'NONE',  ( 17.01623797632096200, 1.278124999999973300, 0.0000000000000000000 ) ) ;
#1759 = CARTESIAN_POINT ( 'NONE',  ( 18.20435095264187800, 0.4826262486298922800, 0.8359331836933423500 ) ) ;
#1760 = CARTESIAN_POINT ( 'NONE',  ( 16.25000000000000400, -0.6249999999999863400, 1.082531754730525300 ) ) ;
#1761 = CARTESIAN_POINT ( 'NONE',  ( 15.67310095264188200, -0.9652524972597841300, 0.5572887891288953500 ) ) ;
#1762 = VERTEX_POINT ( 'NONE', #1182 ) ;
#1763 = CARTESIAN_POINT ( 'NONE',  ( 16.59871392896280200, 1.278124999999973500, 0.0000000000000000000 ) ) ;
#1764 = CARTESIAN_POINT ( 'NONE',  ( 15.54185095264188200, 6.824819318074054600E-017, 1.114577578257790000 ) ) ;
#1765 = ORIENTED_EDGE ( 'NONE', *, *, #4605, .T. ) ;
#1766 = CARTESIAN_POINT ( 'NONE',  ( 15.20000000000000500, 1.216072037921888100, 0.2124182753269645800 ) ) ;
#1767 = CARTESIAN_POINT ( 'NONE',  ( 4.800000000000003400, -0.2119995549450931500, -1.208344028822098100 ) ) ;
#1768 = CARTESIAN_POINT ( 'NONE',  ( 15.86495190528376000, -0.6249999999999863400, 1.082531754730525300 ) ) ;
#1769 = CARTESIAN_POINT ( 'NONE',  ( 20.00000000000000000, 2.249999999999998700, -1.299038105676656900 ) ) ;
#1770 = ORIENTED_EDGE ( 'NONE', *, *, #3634, .T. ) ;
#1771 = CARTESIAN_POINT ( 'NONE',  ( 0.06250000000002665900, 0.0000000000000000000, 0.0000000000000000000 ) ) ;
#1772 = EDGE_CURVE ( 'NONE', #5277, #4435, #133, .T. ) ;
#1773 = CARTESIAN_POINT ( 'NONE',  ( 16.14185095264188200, -0.9652524972597844600, -0.5572887891288946800 ) ) ;
#1774 = CARTESIAN_POINT ( 'NONE',  ( 4.054350952641880400, -0.9652524972597843500, 1.182093381138184100E-016 ) ) ;
#1775 = CARTESIAN_POINT ( 'NONE',  ( 16.04123797632096100, 0.6390624999999856600, -1.106888719211963200 ) ) ;
#1776 = ORIENTED_EDGE ( 'NONE', *, *, #3780, .T. ) ;
#1777 = CARTESIAN_POINT ( 'NONE',  ( 17.26685095264188200, 0.9652524972597842400, 0.5572887891288949000 ) ) ;
#1778 = CARTESIAN_POINT ( 'NONE',  ( 0.07827230715412589200, -0.3680687615027719000, -2.385571612819395800 ) ) ;
#1779 = CARTESIAN_POINT ( 'NONE',  ( 16.64810095264188000, -0.9652524972597845700, -0.5572887891288946800 ) ) ;
#1780 = CARTESIAN_POINT ( 'NONE',  ( 15.69871392896280100, 1.278124999999973500, 0.0000000000000000000 ) ) ;
#1781 = AXIS2_PLACEMENT_3D ( 'NONE', #3617, #3216, #2784 ) ;
#1782 = ORIENTED_EDGE ( 'NONE', *, *, #2929, .T. ) ;
#1783 = CARTESIAN_POINT ( 'NONE',  ( 19.59185095264188100, 6.824819318074054600E-017, 1.114577578257790000 ) ) ;
#1784 = CARTESIAN_POINT ( 'NONE',  ( 1.012500000000002600, 1.743066579297358300E-016, 1.249999999999973400 ) ) ;
#1785 = DIRECTION ( 'NONE',  ( 0.0000000000000000000, 0.0000000000000000000, 1.000000000000000000 ) ) ;
#1786 = DIRECTION ( 'NONE',  ( 0.0000000000000000000, 0.0000000000000000000, 1.000000000000000000 ) ) ;
#1787 = ORIENTED_EDGE ( 'NONE', *, *, #3561, .T. ) ;
#1788 = PERSON_AND_ORGANIZATION_ROLE ( 'classification_officer' ) ;
#1789 = COORDINATED_UNIVERSAL_TIME_OFFSET ( 6, 0, .BEHIND. ) ;
#1790 = CARTESIAN_POINT ( 'NONE',  ( 16.40435095264188100, 0.4826262486298922800, 0.8359331836933423500 ) ) ;
#1791 = CARTESIAN_POINT ( 'NONE',  ( 3.079350952641880700, -0.4826262486298919500, 0.8359331836933424600 ) ) ;
#1792 = CARTESIAN_POINT ( 'NONE',  ( 15.89123797632096000, -1.278124999999973300, 1.565251690160178100E-016 ) ) ;
#1793 = CARTESIAN_POINT ( 'NONE',  ( 17.82935095264187800, -0.4826262486298919500, 0.8359331836933424600 ) ) ;
#1794 = CARTESIAN_POINT ( 'NONE',  ( 4.452451905283759000, 4.822484202722691300E-015, -1.249999999999973400 ) ) ;
#1795 = CARTESIAN_POINT ( 'NONE',  ( 19.06250000000000400, -1.249999999999973600, -0.7216878364870164000 ) ) ;
#1796 = CC_DESIGN_PERSON_AND_ORGANIZATION_ASSIGNMENT ( #2557, #551, ( #685 ) ) ;
#1797 = CARTESIAN_POINT ( 'NONE',  ( 4.800000000000000700, -1.236175188449619300, -0.1853939143054096100 ) ) ;
#1798 = CARTESIAN_POINT ( 'NONE',  ( 0.8075961894323368000, 0.3349364905388956300, -1.249999999999973600 ) ) ;
#1799 = VECTOR ( 'NONE', #2115, 1000.000000000000000 ) ;
#1800 = CARTESIAN_POINT ( 'NONE',  ( 17.18749999999999600, -1.249999999999973100, 0.7216878364870171800 ) ) ;
#1801 = EDGE_CURVE ( 'NONE', #2281, #3021, #2822, .T. ) ;
#1802 = DIRECTION ( 'NONE',  ( 1.000000000000000000, 0.0000000000000000000, 0.0000000000000000000 ) ) ;
#1803 = CARTESIAN_POINT ( 'NONE',  ( 4.800000000000002500, 0.5365352068171622700, 0.8023978784318380700 ) ) ;
#1804 = CARTESIAN_POINT ( 'NONE',  ( 18.52745190528375100, 1.452555482747798400E-016, 1.249999999999973100 ) ) ;
#1805 = APPLICATION_PROTOCOL_DEFINITION ( 'international standard', 'config_control_design', 1994, #2996 ) ;
#1806 = LINE ( 'NONE', #4830, #5300 ) ;
#1807 = CARTESIAN_POINT ( 'NONE',  ( 2.854350952641880700, 0.4826262486298914500, -0.8359331836933428000 ) ) ;
#1808 = CARTESIAN_POINT ( 'NONE',  ( 16.59185095264188100, -0.9652524972597844600, -0.5572887891288946800 ) ) ;
#1809 = CARTESIAN_POINT ( 'NONE',  ( 3.679350952641880800, -0.4826262486298926200, -0.8359331836933422400 ) ) ;
#1810 =( BOUNDED_CURVE ( )  B_SPLINE_CURVE ( 2, ( #2025, #1606, #5309, #1664, #4513, #4040, #3657, #4440, #4081 ),
 .UNSPECIFIED., .F., .F. ) 
 B_SPLINE_CURVE_WITH_KNOTS ( ( 3, 2, 2, 2, 3 ),
 ( 0.7708333333333333700, 0.7777777777777777900, 0.7916666666666666300, 0.8055555555555555800, 0.8125000000000000000 ),
 .UNSPECIFIED. ) 
 CURVE ( )  GEOMETRIC_REPRESENTATION_ITEM ( )  RATIONAL_B_SPLINE_CURVE ( ( 0.9330127018922193000, 0.9330127018922198500, 1.000000000000000000, 0.8660254037844387100, 1.000000000000000000, 0.8660254037844387100, 1.000000000000000000, 0.9330127018922194100, 0.9330127018922194100 ) ) 
 REPRESENTATION_ITEM ( '' )  );
#1811 = CARTESIAN_POINT ( 'NONE',  ( 1.928737976320961100, 9.036984846634954800E-017, 1.475851625615950000 ) ) ;
#1812 = CARTESIAN_POINT ( 'NONE',  ( 18.76685095264188200, -0.9652524972597841300, 0.5572887891288953500 ) ) ;
#1813 = CIRCLE ( 'NONE', #4201, 2.249999999999998200 ) ;
#1814 = CARTESIAN_POINT ( 'NONE',  ( 15.89810095264188000, 0.9652524972597840100, -0.5572887891288955700 ) ) ;
#1815 = CARTESIAN_POINT ( 'NONE',  ( 17.97935095264188000, -0.4826262486298926200, -0.8359331836933422400 ) ) ;
#1816 = ORIENTED_EDGE ( 'NONE', *, *, #696, .F. ) ;
#1817 = AXIS2_PLACEMENT_3D ( 'NONE', #1136, #741, #5281 ) ;
#1818 = CARTESIAN_POINT ( 'NONE',  ( 1.698713928962800600, -0.6390624999999873200, -1.106888719211962500 ) ) ;
#1819 = CARTESIAN_POINT ( 'NONE',  ( 4.162500000000003200, -5.171097518582163300E-015, 1.249999999999973400 ) ) ;
#1820 = ADVANCED_FACE ( 'NONE', ( #2313 ), #1214, .F. ) ;
#1821 = VERTEX_POINT ( 'NONE', #5232 ) ;
#1822 = CARTESIAN_POINT ( 'NONE',  ( 15.20000000000000100, 1.249999999999973400, 0.0000000000000000000 ) ) ;
#1823 = PLANE ( 'NONE',  #3570 ) ;
#1824 = CARTESIAN_POINT ( 'NONE',  ( 4.204350952641879900, 0.4826262486298914500, -0.8359331836933428000 ) ) ;
#1825 = CARTESIAN_POINT ( 'NONE',  ( 20.04871392896279800, -0.6390624999999873200, -1.106888719211962500 ) ) ;
#1826 = ORIENTED_EDGE ( 'NONE', *, *, #4267, .T. ) ;
#1827 = CARTESIAN_POINT ( 'NONE',  ( 3.304350952641880400, 0.4826262486298914500, -0.8359331836933428000 ) ) ;
#1828 = CARTESIAN_POINT ( 'NONE',  ( 0.2787379763209609800, -1.278124999999973800, -0.7379258128079745300 ) ) ;
#1829 = CARTESIAN_POINT ( 'NONE',  ( 19.70435095264188200, -0.9652524972597843500, 1.182093381138184100E-016 ) ) ;
#1830 = CARTESIAN_POINT ( 'NONE',  ( 18.91250000000000100, 1.743066579297358300E-016, 1.249999999999973100 ) ) ;
#1831 = EDGE_LOOP ( 'NONE', ( #2045, #2012, #4632, #4193 ) ) ;
#1832 = CARTESIAN_POINT ( 'NONE',  ( 18.12935095264188200, 0.9652524972597843500, 0.0000000000000000000 ) ) ;
#1833 = CARTESIAN_POINT ( 'NONE',  ( 1.886213928962800200, 1.278124999999973800, 0.7379258128079749800 ) ) ;
#1834 = CARTESIAN_POINT ( 'NONE',  ( 18.21740381056766700, -0.3349364905388966300, -1.249999999999973100 ) ) ;
#1835 = ORIENTED_EDGE ( 'NONE', *, *, #4363, .F. ) ;
#1836 = CARTESIAN_POINT ( 'NONE',  ( 20.00000000000000000, 1.124999999999997800, 1.948557158514986300 ) ) ;
#1837 = CARTESIAN_POINT ( 'NONE',  ( 19.01495190528375500, -0.6249999999999863400, 1.082531754730525300 ) ) ;
#1838 = CARTESIAN_POINT ( 'NONE',  ( 3.467403810567668600, -0.3349364905388941300, -1.249999999999974700 ) ) ;
#1839 = ORIENTED_EDGE ( 'NONE', *, *, #4267, .F. ) ;
#1840 = EDGE_CURVE ( 'NONE', #4761, #74, #5109, .T. ) ;
#1841 = CARTESIAN_POINT ( 'NONE',  ( 3.491850952641880400, 6.824819318074054600E-017, 1.114577578257790000 ) ) ;
#1842 = CARTESIAN_POINT ( 'NONE',  ( 19.44871392896280300, -0.6390624999999864300, 1.106888719211963000 ) ) ;
#1843 = CARTESIAN_POINT ( 'NONE',  ( 2.704350952641880700, -0.9652524972597843500, 1.182093381138184100E-016 ) ) ;
#1844 = CARTESIAN_POINT ( 'NONE',  ( 1.703737976320960600, -2.711095453990486600E-016, -1.475851625615950000 ) ) ;
#1845 = CARTESIAN_POINT ( 'NONE',  ( 15.67310095264188000, -0.9652524972597841300, 0.5572887891288953500 ) ) ;
#1846 = CARTESIAN_POINT ( 'NONE',  ( 19.38560095264188000, -0.4826262486298926200, -0.8359331836933422400 ) ) ;
#1847 = ADVANCED_FACE ( 'NONE', ( #4548 ), #1621, .F. ) ;
#1848 = VERTEX_POINT ( 'NONE', #4018 ) ;
#1849 = AXIS2_PLACEMENT_3D ( 'NONE', #4683, #3071, #1856 ) ;
#1850 = CARTESIAN_POINT ( 'NONE',  ( 1.373100952641880700, -0.9652524972597841300, 0.5572887891288953500 ) ) ;
#1851 = CARTESIAN_POINT ( 'NONE',  ( 17.79185095264188000, 6.824819318074054600E-017, 1.114577578257790000 ) ) ;
#1852 = PERSON_AND_ORGANIZATION ( #1409, #1976 ) ;
#1853 = CARTESIAN_POINT ( 'NONE',  ( 1.848713928962800700, 1.278124999999973500, 0.0000000000000000000 ) ) ;
#1854 = CARTESIAN_POINT ( 'NONE',  ( 0.1935868966921830700, -0.9227494718383658600, -0.6503195262275803800 ) ) ;
#1855 = CARTESIAN_POINT ( 'NONE',  ( 0.0000000000000000000, -1.124999999999998200, -1.948557158514986600 ) ) ;
#1856 = DIRECTION ( 'NONE',  ( 0.0000000000000000000, 0.0000000000000000000, -1.000000000000000000 ) ) ;
#1857 = CONICAL_SURFACE ( 'NONE', #64, 2.249999999999998700, 1.047197551196600100 ) ;
#1858 = CARTESIAN_POINT ( 'NONE',  ( 1.523100952641880800, -2.047445795422216600E-016, -1.114577578257790000 ) ) ;
#1859 = CARTESIAN_POINT ( 'NONE',  ( 18.76685095264188200, -0.9652524972597841300, 0.5572887891288953500 ) ) ;
#1860 = CARTESIAN_POINT ( 'NONE',  ( 4.504350952641880600, -0.9652524972597843500, 1.182093381138184100E-016 ) ) ;
#1861 = CARTESIAN_POINT ( 'NONE',  ( 0.4662379763209609800, 1.278124999999973300, 0.0000000000000000000 ) ) ;
#1862 = CIRCLE ( 'NONE', #1406, 2.249999999999998200 ) ;
#1863 = CARTESIAN_POINT ( 'NONE',  ( 15.78560095264188200, -0.4826262486298926200, -0.8359331836933422400 ) ) ;
#1864 = CARTESIAN_POINT ( 'NONE',  ( 17.54810095264188200, -0.9652524972597845700, -0.5572887891288946800 ) ) ;
#1865 = CC_DESIGN_DATE_AND_TIME_ASSIGNMENT ( #2865, #2656, ( #3874 ) ) ;
#1866 = CARTESIAN_POINT ( 'NONE',  ( 4.794795364432619800, -1.249999999999973400, -0.09321241478010002000 ) ) ;
#1867 = CARTESIAN_POINT ( 'NONE',  ( 1.173713928962800700, -1.278124999999973500, 1.565251690160178300E-016 ) ) ;
#1868 = CARTESIAN_POINT ( 'NONE',  ( 17.26249999999999900, -1.249999999999973600, -0.7216878364870164000 ) ) ;
#1869 = EDGE_CURVE ( 'NONE', #2717, #603, #1148, .T. ) ;
#1870 = CARTESIAN_POINT ( 'NONE',  ( 2.573100952641880200, 0.9652524972597843500, 0.5572887891288949000 ) ) ;
#1871 = ADVANCED_FACE ( 'NONE', ( #3452 ), #65, .F. ) ;
#1872 = CARTESIAN_POINT ( 'NONE',  ( 0.2149519052837591500, -0.6249999999999863400, 1.082531754730525300 ) ) ;
#1873 = CARTESIAN_POINT ( 'NONE',  ( 2.277451905283759200, 1.249999999999972900, -0.7216878364870175100 ) ) ;
#1874 =( BOUNDED_CURVE ( )  B_SPLINE_CURVE ( 2, ( #4325, #4378, #4342, #1905, #1103, #1520, #4747, #1499, #5159 ),
 .UNSPECIFIED., .F., .F. ) 
 B_SPLINE_CURVE_WITH_KNOTS ( ( 3, 2, 2, 2, 3 ),
 ( 0.5763888888888888400, 0.5833333333333332600, 0.5972222222222222100, 0.6111111111111111600, 0.6180555555555555800 ),
 .UNSPECIFIED. ) 
 CURVE ( )  GEOMETRIC_REPRESENTATION_ITEM ( )  RATIONAL_B_SPLINE_CURVE ( ( 0.9330127018922194100, 0.9330127018922194100, 1.000000000000000000, 0.8660254037844387100, 1.000000000000000000, 0.8660254037844387100, 1.000000000000000000, 0.9330127018922194100, 0.9330127018922194100 ) ) 
 REPRESENTATION_ITEM ( '' )  );
#1875 = CYLINDRICAL_SURFACE ( 'NONE', #395, 1.249999999999973400 ) ;
#1876 = CARTESIAN_POINT ( 'NONE',  ( 1.185600952641880700, 0.9652524972597843500, 0.0000000000000000000 ) ) ;
#1877 = CARTESIAN_POINT ( 'NONE',  ( 19.06685095264188200, 0.9652524972597842400, 0.5572887891288949000 ) ) ;
#1878 = CARTESIAN_POINT ( 'NONE',  ( 17.07500000000000300, 0.6249999999999867900, 1.082531754730525100 ) ) ;
#1879 = CARTESIAN_POINT ( 'NONE',  ( 5.010600952641881100, -0.9652524972597843500, 1.182093381138184100E-016 ) ) ;
#1880 = EDGE_CURVE ( 'NONE', #4435, #4374, #4797, .T. ) ;
#1881 = CARTESIAN_POINT ( 'NONE',  ( 19.59185095264187700, 6.824819318074054600E-017, 1.114577578257790000 ) ) ;
#1882 = CARTESIAN_POINT ( 'NONE',  ( 18.74810095264188100, 6.824819318074054600E-017, 1.114577578257790000 ) ) ;
#1883 = VERTEX_POINT ( 'NONE', #2901 ) ;
#1884 = CARTESIAN_POINT ( 'NONE',  ( 15.26060095264188000, -0.9652524972597850100, 1.182093381138185100E-016 ) ) ;
#1885 = VERTEX_POINT ( 'NONE', #4997 ) ;
#1886 = AXIS2_PLACEMENT_3D ( 'NONE', #3459, #3402, #5058 ) ;
#1887 = CARTESIAN_POINT ( 'NONE',  ( 2.598713928962800500, -0.6390624999999873200, -1.106888719211962500 ) ) ;
#1888 = CARTESIAN_POINT ( 'NONE',  ( 2.498100952641880900, 0.9652524972597840100, -0.5572887891288955700 ) ) ;
#1889 = CARTESIAN_POINT ( 'NONE',  ( 19.60759618943233600, 0.3349364905388956800, -1.249999999999973600 ) ) ;
#1890 = ORIENTED_EDGE ( 'NONE', *, *, #689, .T. ) ;
#1891 = CARTESIAN_POINT ( 'NONE',  ( 1.035600952641880800, -0.4826262486298926200, -0.8359331836933422400 ) ) ;
#1892 = CARTESIAN_POINT ( 'NONE',  ( 17.45435095264188200, -0.9652524972597843500, 1.182093381138184100E-016 ) ) ;
#1893 = CARTESIAN_POINT ( 'NONE',  ( 15.23750000000000100, 1.249999999999973400, 0.7216878364870166200 ) ) ;
#1894 = CARTESIAN_POINT ( 'NONE',  ( 3.841237976320960500, -1.278124999999973300, 1.565251690160178100E-016 ) ) ;
#1895 = ORIENTED_EDGE ( 'NONE', *, *, #722, .T. ) ;
#1896 = CARTESIAN_POINT ( 'NONE',  ( 20.00435095264187900, 0.4826262486298922800, 0.8359331836933423500 ) ) ;
#1897 = CARTESIAN_POINT ( 'NONE',  ( 18.63560095264188000, 0.9652524972597843500, 0.0000000000000000000 ) ) ;
#1898 = ORIENTED_EDGE ( 'NONE', *, *, #4573, .F. ) ;
#1899 = EDGE_CURVE ( 'NONE', #3870, #2281, #3181, .T. ) ;
#1900 = ORIENTED_EDGE ( 'NONE', *, *, #1482, .F. ) ;
#1901 = CARTESIAN_POINT ( 'NONE',  ( 0.6043509526418808800, 0.4826262486298914500, -0.8359331836933428000 ) ) ;
#1902 = CARTESIAN_POINT ( 'NONE',  ( 3.937500000000003600, 4.822484202722691300E-015, -1.249999999999973400 ) ) ;
#1903 = ORIENTED_EDGE ( 'NONE', *, *, #1666, .F. ) ;
#1904 = CARTESIAN_POINT ( 'NONE',  ( 4.185600952641880900, -0.4826262486298926200, -0.8359331836933422400 ) ) ;
#1905 = CARTESIAN_POINT ( 'NONE',  ( 16.87745190528375600, -1.249999999999973400, -0.7216878364870162900 ) ) ;
#1906 = EDGE_CURVE ( 'NONE', #677, #673, #5121, .T. ) ;
#1907 = CARTESIAN_POINT ( 'NONE',  ( 0.8106009526418808100, 0.4826262486298922800, 0.8359331836933423500 ) ) ;
#1908 = CARTESIAN_POINT ( 'NONE',  ( 18.54185095264188000, 0.9652524972597841300, -0.5572887891288955700 ) ) ;
#1909 = CARTESIAN_POINT ( 'NONE',  ( 2.453737976320960800, -1.278124999999973300, 0.7379258128079753100 ) ) ;
#1910 = VERTEX_POINT ( 'NONE', #12 ) ;
#1911 = CARTESIAN_POINT ( 'NONE',  ( 16.49810095264188100, 6.824819318074054600E-017, 1.114577578257790000 ) ) ;
#1912 = CARTESIAN_POINT ( 'NONE',  ( 18.56060095264188100, 0.4826262486298914500, -0.8359331836933428000 ) ) ;
#1913 = CALENDAR_DATE ( 2021, 25, 8 ) ;
#1914 = CARTESIAN_POINT ( 'NONE',  ( 18.59123797632095800, -1.278124999999973300, 1.565251690160178100E-016 ) ) ;
#1915 = CARTESIAN_POINT ( 'NONE',  ( 4.773713928962800800, -1.278124999999973500, 1.565251690160178300E-016 ) ) ;
#1916 = CARTESIAN_POINT ( 'NONE',  ( 3.548100952641880700, 6.824819318074054600E-017, 1.114577578257790000 ) ) ;
#1917 = ADVANCED_FACE ( 'NONE', ( #4931 ), #590, .T. ) ;
#1918 = CARTESIAN_POINT ( 'NONE',  ( 19.99999999999999600, -2.249999999999998700, 0.2200247406038669300 ) ) ;
#1919 = CARTESIAN_POINT ( 'NONE',  ( 2.287500000000002300, 1.249999999999973400, 0.7216878364870166200 ) ) ;
#1920 = CYLINDRICAL_SURFACE ( 'NONE', #1979, 1.249999999999973400 ) ;
#1921 = CARTESIAN_POINT ( 'NONE',  ( 0.09810095264188091500, -0.9652524972597844600, -0.5572887891288946800 ) ) ;
#1922 = CARTESIAN_POINT ( 'NONE',  ( 17.60435095264188000, 0.4826262486298914500, -0.8359331836933428000 ) ) ;
#1923 = CARTESIAN_POINT ( 'NONE',  ( 17.00000000000000400, 1.249999999999973400, 0.0000000000000000000 ) ) ;
#1924 = CARTESIAN_POINT ( 'NONE',  ( 2.341237976320960500, 0.6390624999999867700, 1.106888719211962500 ) ) ;
#1925 = CARTESIAN_POINT ( 'NONE',  ( 18.03560095264188200, -0.4826262486298926200, -0.8359331836933422400 ) ) ;
#1926 = CARTESIAN_POINT ( 'NONE',  ( 19.65275249725974000, -0.05986553411340022500, 0.9633942605660310600 ) ) ;
#1927 = CARTESIAN_POINT ( 'NONE',  ( 2.123100952641880500, 0.9652524972597843500, 0.5572887891288949000 ) ) ;
#1928 = CARTESIAN_POINT ( 'NONE',  ( 19.82873797632096200, 9.036984846634954800E-017, 1.475851625615950000 ) ) ;
#1929 = VECTOR ( 'NONE', #2252, 1000.000000000000000 ) ;
#1930 = CARTESIAN_POINT ( 'NONE',  ( 3.798713928962800700, -0.6390624999999864300, 1.106888719211963000 ) ) ;
#1931 = EDGE_CURVE ( 'NONE', #4374, #208, #701, .T. ) ;
#1932 =( BOUNDED_CURVE ( )  B_SPLINE_CURVE ( 2, ( #3566, #745, #4433, #4787, #2370, #728, #5200, #3149, #1123 ),
 .UNSPECIFIED., .F., .F. ) 
 B_SPLINE_CURVE_WITH_KNOTS ( ( 3, 2, 2, 2, 3 ),
 ( 0.02083333333333333200, 0.02777777777777777600, 0.04166666666666666400, 0.05555555555555555200, 0.06250000000000000000 ),
 .UNSPECIFIED. ) 
 CURVE ( )  GEOMETRIC_REPRESENTATION_ITEM ( )  RATIONAL_B_SPLINE_CURVE ( ( 0.9330127018922194100, 0.9330127018922194100, 1.000000000000000000, 0.8660254037844387100, 1.000000000000000000, 0.8660254037844387100, 1.000000000000000000, 0.9330127018922194100, 0.9330127018922194100 ) ) 
 REPRESENTATION_ITEM ( '' )  );
#1933 = CARTESIAN_POINT ( 'NONE',  ( 3.060600952641880500, 0.4826262486298922800, 0.8359331836933423500 ) ) ;
#1934 = LINE ( 'NONE', #4249, #5063 ) ;
#1935 = CARTESIAN_POINT ( 'NONE',  ( 0.0000000000000000000, 0.0000000000000000000, 0.0000000000000000000 ) ) ;
#1936 = CARTESIAN_POINT ( 'NONE',  ( 2.250000000000002200, 1.249999999999973400, 0.0000000000000000000 ) ) ;
#1937 = CARTESIAN_POINT ( 'NONE',  ( 2.198100952641880700, 6.824819318074054600E-017, 1.114577578257790000 ) ) ;
#1938 = DIRECTION ( 'NONE',  ( 0.0000000000000000000, 0.0000000000000000000, -1.000000000000000000 ) ) ;
#1939 = VERTEX_POINT ( 'NONE', #737 ) ;
#1940 = CARTESIAN_POINT ( 'NONE',  ( 19.77892320688188500, 0.5079358109831263500, -0.9688915318187674200 ) ) ;
#1941 = CARTESIAN_POINT ( 'NONE',  ( 4.291237976320960700, -1.278124999999973300, 1.565251690160178100E-016 ) ) ;
#1942 = AXIS2_PLACEMENT_3D ( 'NONE', #3847, #166, #938 ) ;
#1943 = CARTESIAN_POINT ( 'NONE',  ( 16.12310095264188100, -0.9652524972597841300, 0.5572887891288953500 ) ) ;
#1944 = ADVANCED_FACE ( 'NONE', ( #1021 ), #3122, .T. ) ;
#1945 = CARTESIAN_POINT ( 'NONE',  ( 3.712500000000001700, 1.743066579297358300E-016, 1.249999999999973400 ) ) ;
#1946 = EDGE_LOOP ( 'NONE', ( #2294, #4502, #2018 ) ) ;
#1947 = CARTESIAN_POINT ( 'NONE',  ( 18.06623797632095900, -0.6390624999999863200, 1.106888719211962700 ) ) ;
#1948 = CARTESIAN_POINT ( 'NONE',  ( 15.82310095264188000, -2.047445795422217900E-016, -1.114577578257790700 ) ) ;
#1949 = CARTESIAN_POINT ( 'NONE',  ( 0.3793509526418809600, -0.4826262486298919500, 0.8359331836933424600 ) ) ;
#1950 = ORIENTED_EDGE ( 'NONE', *, *, #3879, .F. ) ;
#1951 = DIRECTION ( 'NONE',  ( -1.000000000000000000, -0.0000000000000000000, -0.0000000000000000000 ) ) ;
#1952 = DIRECTION ( 'NONE',  ( 0.0000000000000000000, 0.0000000000000000000, -1.000000000000000000 ) ) ;
#1953 = CARTESIAN_POINT ( 'NONE',  ( 0.0000000000000000000, 0.0000000000000000000, 0.0000000000000000000 ) ) ;
#1954 = ORIENTED_EDGE ( 'NONE', *, *, #32, .F. ) ;
#1955 = CARTESIAN_POINT ( 'NONE',  ( 2.235600952641880700, -0.4826262486298919500, 0.8359331836933424600 ) ) ;
#1956 = CARTESIAN_POINT ( 'NONE',  ( 19.74185095264187600, -0.9652524972597844600, -0.5572887891288946800 ) ) ;
#1957 = DIRECTION ( 'NONE',  ( 0.0000000000000000000, 0.0000000000000000000, 1.000000000000000000 ) ) ;
#1958 = CARTESIAN_POINT ( 'NONE',  ( 4.516237976320961200, 1.278124999999973300, 0.0000000000000000000 ) ) ;
#1959 = ORIENTED_EDGE ( 'NONE', *, *, #3464, .T. ) ;
#1960 = CARTESIAN_POINT ( 'NONE',  ( 17.77310095264188000, 0.9652524972597842400, 0.5572887891288949000 ) ) ;
#1961 = ORIENTED_EDGE ( 'NONE', *, *, #5151, .F. ) ;
#1962 = CARTESIAN_POINT ( 'NONE',  ( 2.117403810567668000, -0.3349364905388953500, -1.249999999999973800 ) ) ;
#1963 =( BOUNDED_CURVE ( )  B_SPLINE_CURVE ( 2, ( #4128, #3299, #4490, #1676, #2060, #2898, #4506, #1693, #4524 ),
 .UNSPECIFIED., .F., .F. ) 
 B_SPLINE_CURVE_WITH_KNOTS ( ( 3, 2, 2, 2, 3 ),
 ( 0.2013888888888888400, 0.2083333333333333700, 0.2222222222222222100, 0.2361111111111110500, 0.2430555555555554700 ),
 .UNSPECIFIED. ) 
 CURVE ( )  GEOMETRIC_REPRESENTATION_ITEM ( )  RATIONAL_B_SPLINE_CURVE ( ( 0.9330127018922193000, 0.9330127018922187400, 1.000000000000000000, 0.8660254037844387100, 1.000000000000000000, 0.8660254037844387100, 1.000000000000000000, 0.9330127018922198500, 0.9330127018922193000 ) ) 
 REPRESENTATION_ITEM ( '' )  );
#1964 = CARTESIAN_POINT ( 'NONE',  ( 17.76623797632095900, -0.6390624999999872100, -1.106888719211962300 ) ) ;
#1965 = CARTESIAN_POINT ( 'NONE',  ( 15.93560095264187900, 0.9652524972597850100, 0.0000000000000000000 ) ) ;
#1966 = EDGE_CURVE ( 'NONE', #628, #4742, #5054, .T. ) ;
#1967 = CARTESIAN_POINT ( 'NONE',  ( 2.366850952641880800, -2.047445795422216600E-016, -1.114577578257790000 ) ) ;
#1968 = ORIENTED_EDGE ( 'NONE', *, *, #122, .T. ) ;
#1969 = DIRECTION ( 'NONE',  ( 1.000000000000000000, 0.0000000000000000000, 0.0000000000000000000 ) ) ;
#1970 = ADVANCED_FACE ( 'NONE', ( #4225 ), #3961, .F. ) ;
#1971 = CARTESIAN_POINT ( 'NONE',  ( 20.00000000000000000, 0.0000000000000000000, 0.0000000000000000000 ) ) ;
#1972 = PERSON_AND_ORGANIZATION ( #1409, #1976 ) ;
#1973 = CARTESIAN_POINT ( 'NONE',  ( 3.923100952641880700, 0.9652524972597842400, 0.5572887891288949000 ) ) ;
#1974 = CARTESIAN_POINT ( 'NONE',  ( 20.00000000000000000, 0.0000000000000000000, 0.0000000000000000000 ) ) ;
#1975 = CARTESIAN_POINT ( 'NONE',  ( 5.153737976320961400, -1.278124999999973300, 0.7379258128079753100 ) ) ;
#1976 = ORGANIZATION ( 'UNSPECIFIED', 'UNSPECIFIED', '' ) ;
#1977 = CARTESIAN_POINT ( 'NONE',  ( 16.38560095264188400, 0.9652524972597843500, 0.0000000000000000000 ) ) ;
#1978 = CARTESIAN_POINT ( 'NONE',  ( 2.502451905283759300, -1.249999999999973100, 0.7216878364870171800 ) ) ;
#1979 = AXIS2_PLACEMENT_3D ( 'NONE', #3685, #3278, #2844 ) ;
#1980 = FACE_OUTER_BOUND ( 'NONE', #876, .T. ) ;
#1981 = CARTESIAN_POINT ( 'NONE',  ( 17.84123797632096100, 0.6390624999999856600, -1.106888719211963200 ) ) ;
#1982 = CARTESIAN_POINT ( 'NONE',  ( 17.51060095264188000, -0.9652524972597850100, 1.182093381138185100E-016 ) ) ;
#1983 = CARTESIAN_POINT ( 'NONE',  ( 19.94810095264188000, 0.9652524972597841300, -0.5572887891288955700 ) ) ;
#1984 = CARTESIAN_POINT ( 'NONE',  ( 1.316850952641880800, -0.9652524972597841300, 0.5572887891288953500 ) ) ;
#1985 = CARTESIAN_POINT ( 'NONE',  ( 3.135600952641880200, -0.4826262486298919500, 0.8359331836933424600 ) ) ;
#1986 = CARTESIAN_POINT ( 'NONE',  ( 4.677451905283758600, 1.452555482747798400E-016, 1.249999999999973100 ) ) ;
#1987 = VECTOR ( 'NONE', #4507, 1000.000000000000000 ) ;
#1988 = CARTESIAN_POINT ( 'NONE',  ( 0.09419872981192216300, -2.855770560857619500E-011, 1.218301270188127100 ) ) ;
#1989 = CARTESIAN_POINT ( 'NONE',  ( 3.712500000000001700, 1.743066579297358300E-016, 1.249999999999973400 ) ) ;
#1990 = AXIS2_PLACEMENT_3D ( 'NONE', #768, #2789, #4857 ) ;
#1991 = LINE ( 'NONE', #5179, #2697 ) ;
#1992 = CARTESIAN_POINT ( 'NONE',  ( 3.623100952641880000, -0.9652524972597841300, 0.5572887891288953500 ) ) ;
#1993 = CARTESIAN_POINT ( 'NONE',  ( 19.14185095264188200, 6.824819318074054600E-017, 1.114577578257790000 ) ) ;
#1994 = CARTESIAN_POINT ( 'NONE',  ( 16.77500000000000200, -1.249999999999973400, 1.530808498934158800E-016 ) ) ;
#1995 = CARTESIAN_POINT ( 'NONE',  ( 18.78560095264188200, -0.4826262486298919500, 0.8359331836933424600 ) ) ;
#1996 = DIRECTION ( 'NONE',  ( -0.7071067811862563600, 8.659560562358498800E-017, -0.7071067811868386700 ) ) ;
#1997 = CARTESIAN_POINT ( 'NONE',  ( 0.4024519052837591300, -5.229199737892074000E-016, -1.249999999999973400 ) ) ;
#1998 = ADVANCED_FACE ( 'NONE', ( #897 ), #643, .F. ) ;
#1999 = LINE ( 'NONE', #437, #4617 ) ;
#2000 = EDGE_CURVE ( 'NONE', #3590, #1885, #3217, .T. ) ;
#2001 = CARTESIAN_POINT ( 'NONE',  ( 16.29754809471609500, -0.3349364905388960100, 1.249999999999973400 ) ) ;
#2002 = CARTESIAN_POINT ( 'NONE',  ( 16.53560095264187900, -0.4826262486298922800, 0.8359331836933431300 ) ) ;
#2003 = CARTESIAN_POINT ( 'NONE',  ( 19.61060095264188200, 0.4826262486298922800, 0.8359331836933423500 ) ) ;
#2004 = VERTEX_POINT ( 'NONE', #2433 ) ;
#2005 = CARTESIAN_POINT ( 'NONE',  ( 2.666850952641880700, -0.9652524972597841300, 0.5572887891288953500 ) ) ;
#2006 = CARTESIAN_POINT ( 'NONE',  ( 4.485600952641880700, -0.4826262486298919500, 0.8359331836933424600 ) ) ;
#2007 = CARTESIAN_POINT ( 'NONE',  ( 4.527451905283757400, 1.249999999999972900, -0.7216878364870175100 ) ) ;
#2008 = EDGE_CURVE ( 'NONE', #2024, #1114, #1806, .T. ) ;
#2009 = CARTESIAN_POINT ( 'NONE',  ( 18.87500000000000400, 0.6249999999999867900, 1.082531754730525100 ) ) ;
#2010 = B_SPLINE_CURVE_WITH_KNOTS ( 'NONE', 3,
 ( #3652, #4860, #1144, #2793, #5250, #4000 ),
 .UNSPECIFIED., .F., .F.,
 ( 4, 2, 4 ),
 ( 0.001314652396222793900, 0.001969405109320601600, 0.002624157822418409200 ),
 .UNSPECIFIED. ) ;
#2011 = CARTESIAN_POINT ( 'NONE',  ( 0.1403022868641766700, -2.249999999999999100, 1.088907061503742800 ) ) ;
#2012 = ORIENTED_EDGE ( 'NONE', *, *, #4323, .F. ) ;
#2013 = CARTESIAN_POINT ( 'NONE',  ( 5.010600952641881100, -0.9652524972597843500, 1.182093381138184100E-016 ) ) ;
#2014 = CARTESIAN_POINT ( 'NONE',  ( 19.47935095264188000, 0.9652524972597843500, 0.0000000000000000000 ) ) ;
#2015 = CARTESIAN_POINT ( 'NONE',  ( 2.587500000000002100, 2.149782114466741500E-015, -1.249999999999973400 ) ) ;
#2016 = CARTESIAN_POINT ( 'NONE',  ( 20.00000000000000000, 0.0000000000000000000, 0.0000000000000000000 ) ) ;
#2017 = CARTESIAN_POINT ( 'NONE',  ( 5.041237976320961600, 0.6390624999999867700, 1.106888719211962500 ) ) ;
#2018 = ORIENTED_EDGE ( 'NONE', *, *, #1550, .F. ) ;
#2019 = AXIS2_PLACEMENT_3D ( 'NONE', #1357, #565, #93 ) ;
#2020 = CARTESIAN_POINT ( 'NONE',  ( 18.41060095264188200, -0.9652524972597843500, 1.182093381138184100E-016 ) ) ;
#2021 = CARTESIAN_POINT ( 'NONE',  ( 0.8899519052837590000, 0.6249999999999856800, -1.082531754730525800 ) ) ;
#2022 = CARTESIAN_POINT ( 'NONE',  ( 1.579350952641881000, 0.9652524972597843500, 0.0000000000000000000 ) ) ;
#2023 = CARTESIAN_POINT ( 'NONE',  ( 4.367403810567668500, -0.3349364905388966300, -1.249999999999973100 ) ) ;
#2024 = VERTEX_POINT ( 'NONE', #4117 ) ;
#2025 = CARTESIAN_POINT ( 'NONE',  ( 19.36250000000000400, -5.171097518582163300E-015, 1.249999999999973400 ) ) ;
#2026 = CARTESIAN_POINT ( 'NONE',  ( 16.38560095264188000, 0.9652524972597850100, 0.0000000000000000000 ) ) ;
#2027 = CARTESIAN_POINT ( 'NONE',  ( 1.616850952641881100, 0.9652524972597842400, 0.5572887891288949000 ) ) ;
#2028 = CARTESIAN_POINT ( 'NONE',  ( 3.473100952641880600, 0.9652524972597842400, 0.5572887891288949000 ) ) ;
#2029 = CARTESIAN_POINT ( 'NONE',  ( 2.764951905283759000, 1.249999999999973400, 0.0000000000000000000 ) ) ;
#2030 = VERTEX_POINT ( 'NONE', #3343 ) ;
#2031 = CARTESIAN_POINT ( 'NONE',  ( 4.612500000000003400, -5.171097518582163300E-015, 1.249999999999973400 ) ) ;
#2032 = ORIENTED_EDGE ( 'NONE', *, *, #79, .F. ) ;
#2033 = CARTESIAN_POINT ( 'NONE',  ( 1.189951905283759000, -1.249999999999973400, 1.530808498934159000E-016 ) ) ;
#2034 = ORIENTED_EDGE ( 'NONE', *, *, #4605, .F. ) ;
#2035 = CARTESIAN_POINT ( 'NONE',  ( 17.54123797632096100, 0.6390624999999867700, 1.106888719211962500 ) ) ;
#2036 = CARTESIAN_POINT ( 'NONE',  ( 1.125000000000002700, -1.249999999999973400, 1.530808498934159000E-016 ) ) ;
#2037 = CARTESIAN_POINT ( 'NONE',  ( 3.562500000000001800, 1.249999999999973100, -0.7216878364870175100 ) ) ;
#2038 = CARTESIAN_POINT ( 'NONE',  ( 17.78750000000000100, 2.178833224121697400E-015, -1.249999999999973400 ) ) ;
#2039 = CARTESIAN_POINT ( 'NONE',  ( 3.102451905283759800, 4.822484202722691300E-015, -1.249999999999973400 ) ) ;
#2040 = CARTESIAN_POINT ( 'NONE',  ( 0.06250000000002665900, 1.530808498934159000E-016, -1.249999999999973400 ) ) ;
#2041 =( BOUNDED_CURVE ( )  B_SPLINE_CURVE ( 2, ( #1306, #2949, #832, #3694, #4196, #1365, #2179, #5022, #4645 ),
 .UNSPECIFIED., .F., .F. ) 
 B_SPLINE_CURVE_WITH_KNOTS ( ( 3, 2, 2, 2, 3 ),
 ( 0.06250000000000000000, 0.06944444444444444800, 0.08333333333333332900, 0.09722222222222222400, 0.1041666666666666700 ),
 .UNSPECIFIED. ) 
 CURVE ( )  GEOMETRIC_REPRESENTATION_ITEM ( )  RATIONAL_B_SPLINE_CURVE ( ( 0.9330127018922194100, 0.9330127018922194100, 1.000000000000000000, 0.8660254037844387100, 1.000000000000000000, 0.8660254037844387100, 1.000000000000000000, 0.9330127018922193000, 0.9330127018922194100 ) ) 
 REPRESENTATION_ITEM ( '' )  );
#2042 = CARTESIAN_POINT ( 'NONE',  ( 0.7168509526418809200, 0.9652524972597842400, 0.5572887891288949000 ) ) ;
#2043 = CARTESIAN_POINT ( 'NONE',  ( 0.0000000000000000000, 0.0000000000000000000, 0.0000000000000000000 ) ) ;
#2044 = CARTESIAN_POINT ( 'NONE',  ( 1.410600952641880600, -0.9652524972597843500, 1.182093381138184100E-016 ) ) ;
#2045 = ORIENTED_EDGE ( 'NONE', *, *, #3634, .F. ) ;
#2046 = CARTESIAN_POINT ( 'NONE',  ( 19.46060095264188000, 0.4826262486298917900, -0.8359331836933434600 ) ) ;
#2047 = EDGE_CURVE ( 'NONE', #3686, #1762, #5308, .T. ) ;
#2048 = CARTESIAN_POINT ( 'NONE',  ( 19.38560095264188000, -0.4826262486298926200, -0.8359331836933422400 ) ) ;
#2049 = CARTESIAN_POINT ( 'NONE',  ( 1.879350952641880800, -0.4826262486298926200, -0.8359331836933422400 ) ) ;
#2050 = CARTESIAN_POINT ( 'NONE',  ( 2.535600952641880600, 0.9652524972597843500, 0.0000000000000000000 ) ) ;
#2051 = APPROVAL_PERSON_ORGANIZATION ( #1972, #1508, #3388 ) ;
#2052 = CARTESIAN_POINT ( 'NONE',  ( 16.66250000000000500, -2.498395430326213100E-015, 1.249999999999973400 ) ) ;
#2053 = CARTESIAN_POINT ( 'NONE',  ( 16.70735571585142400, 0.3349364905388962900, 1.249999999999973100 ) ) ;
#2054 = LINE ( 'NONE', #23, #640 ) ;
#2055 = EDGE_CURVE ( 'NONE', #4331, #4585, #3587, .T. ) ;
#2056 = CARTESIAN_POINT ( 'NONE',  ( 19.71945875133715000, -0.4514310683085925900, 0.9312589564478579400 ) ) ;
#2057 = CARTESIAN_POINT ( 'NONE',  ( 4.673100952641880700, -2.047445795422216600E-016, -1.114577578257790000 ) ) ;
#2058 = CARTESIAN_POINT ( 'NONE',  ( 0.0000000000000000000, 0.0000000000000000000, 0.0000000000000000000 ) ) ;
#2059 = CARTESIAN_POINT ( 'NONE',  ( 1.500000000000002700, -0.6249999999999863400, 1.082531754730525300 ) ) ;
#2060 = CARTESIAN_POINT ( 'NONE',  ( 18.86495190528376000, 1.249999999999973400, 0.0000000000000000000 ) ) ;
#2061 = CARTESIAN_POINT ( 'NONE',  ( 3.139951905283758600, 0.6249999999999856800, -1.082531754730525800 ) ) ;
#2062 = CARTESIAN_POINT ( 'NONE',  ( 2.464951905283758700, -0.6249999999999863400, 1.082531754730525300 ) ) ;
#2063 = LINE ( 'NONE', #1638, #54 ) ;
#2064 = CARTESIAN_POINT ( 'NONE',  ( 2.329350952641880700, -0.4826262486298926200, -0.8359331836933422400 ) ) ;
#2065 = ADVANCED_FACE ( 'NONE', ( #4848 ), #3768, .T. ) ;
#2066 = CARTESIAN_POINT ( 'NONE',  ( 0.0000000000000000000, 0.0000000000000000000, 0.0000000000000000000 ) ) ;
#2067 = CARTESIAN_POINT ( 'NONE',  ( 19.34810095264188200, -0.9652524972597851200, -0.5572887891288950100 ) ) ;
#2068 = CARTESIAN_POINT ( 'NONE',  ( 3.266850952641880700, -2.047445795422216600E-016, -1.114577578257790000 ) ) ;
#2069 = CARTESIAN_POINT ( 'NONE',  ( 2.798100952641881200, -0.9652524972597844600, -0.5572887891288946800 ) ) ;
#2070 = CARTESIAN_POINT ( 'NONE',  ( 17.62745190528376000, -5.200148628237119300E-015, 1.249999999999973400 ) ) ;
#2071 = LINE ( 'NONE', #3422, #1221 ) ;
#2072 = CARTESIAN_POINT ( 'NONE',  ( 0.07827230715412626700, -1.881931238497226200, 1.511542704210574900 ) ) ;
#2073 = CARTESIAN_POINT ( 'NONE',  ( 19.40735571585142000, 0.3349364905388938500, 1.249999999999974900 ) ) ;
#2074 = ORIENTED_EDGE ( 'NONE', *, *, #5151, .T. ) ;
#2075 = CARTESIAN_POINT ( 'NONE',  ( 4.002451905283757900, -5.229199737892074000E-016, -1.249999999999973400 ) ) ;
#2076 = CARTESIAN_POINT ( 'NONE',  ( 0.06249999999996146100, 1.249127957448160400, -0.04668346518423052000 ) ) ;
#2077 = CARTESIAN_POINT ( 'NONE',  ( 16.02935095264188100, -0.4826262486298919500, 0.8359331836933424600 ) ) ;
#2078 = CARTESIAN_POINT ( 'NONE',  ( 1.391850952641880700, -0.9652524972597844600, -0.5572887891288946800 ) ) ;
#2079 = EDGE_CURVE ( 'NONE', #86, #5028, #2041, .T. ) ;
#2080 = VERTEX_POINT ( 'NONE', #482 ) ;
#2081 = CARTESIAN_POINT ( 'NONE',  ( 19.28749999999999800, 1.249999999999973400, 0.7216878364870166200 ) ) ;
#2082 = CARTESIAN_POINT ( 'NONE',  ( 20.35373797632096100, -1.278124999999973300, 0.7379258128079753100 ) ) ;
#2083 = CARTESIAN_POINT ( 'NONE',  ( 18.33560095264188000, -0.4826262486298922800, 0.8359331836933431300 ) ) ;
#2084 = CARTESIAN_POINT ( 'NONE',  ( 0.2737139289628008300, -1.278124999999973500, 1.565251690160178300E-016 ) ) ;
#2085 = CARTESIAN_POINT ( 'NONE',  ( 4.504350952641880600, -0.9652524972597843500, 1.182093381138184100E-016 ) ) ;
#2086 = ORIENTED_EDGE ( 'NONE', *, *, #4731, .T. ) ;
#2087 = CARTESIAN_POINT ( 'NONE',  ( 15.28621392896280000, 1.278124999999973800, 0.7379258128079749800 ) ) ;
#2088 = B_SPLINE_CURVE_WITH_KNOTS ( 'NONE', 3,
 ( #4523, #2845, #2093, #4034, #1600, #3244 ),
 .UNSPECIFIED., .F., .F.,
 ( 4, 2, 4 ),
 ( 0.001314652396222794500, 0.001969405109320633700, 0.002624157822418473000 ),
 .UNSPECIFIED. ) ;
#2089 = ORIENTED_EDGE ( 'NONE', *, *, #606, .T. ) ;
#2090 = DIRECTION ( 'NONE',  ( -1.000000000000000000, -0.0000000000000000000, -0.0000000000000000000 ) ) ;
#2091 = CARTESIAN_POINT ( 'NONE',  ( 4.935600952641880000, -0.4826262486298919500, 0.8359331836933424600 ) ) ;
#2092 = DIRECTION ( 'NONE',  ( 1.000000000000000000, 0.0000000000000000000, 0.0000000000000000000 ) ) ;
#2093 = CARTESIAN_POINT ( 'NONE',  ( 0.01924333400943563000, -0.7433463941989687500, 2.168904970561403600 ) ) ;
#2094 = CARTESIAN_POINT ( 'NONE',  ( 4.800000000000006000, -0.4809050129100050900, 1.004757287754266300 ) ) ;
#2095 = ORIENTED_EDGE ( 'NONE', *, *, #1241, .T. ) ;
#2096 = AXIS2_PLACEMENT_3D ( 'NONE', #676, #2347, #3494 ) ;
#2097 = PLANE ( 'NONE',  #439 ) ;
#2098 = CARTESIAN_POINT ( 'NONE',  ( 20.00000000000000000, 0.0000000000000000000, -2.249999999999998700 ) ) ;
#2099 = ORIENTED_EDGE ( 'NONE', *, *, #351, .T. ) ;
#2100 = CARTESIAN_POINT ( 'NONE',  ( 0.9418509526418809000, -0.9652524972597844600, -0.5572887891288946800 ) ) ;
#2101 = ORIENTED_EDGE ( 'NONE', *, *, #4913, .T. ) ;
#2102 = CARTESIAN_POINT ( 'NONE',  ( 19.22371392896279800, 0.6390624999999857700, -1.106888719211963400 ) ) ;
#2103 = CARTESIAN_POINT ( 'NONE',  ( 0.6418509526418808600, 0.9652524972597840100, -0.5572887891288955700 ) ) ;
#2104 = CARTESIAN_POINT ( 'NONE',  ( 19.31060095264188100, -0.9652524972597850100, 1.182093381138185100E-016 ) ) ;
#2105 = ORIENTED_EDGE ( 'NONE', *, *, #1899, .F. ) ;
#2106 = CARTESIAN_POINT ( 'NONE',  ( 0.5737139289628008200, 0.6390624999999868800, 1.106888719211962700 ) ) ;
#2107 = CARTESIAN_POINT ( 'NONE',  ( 3.439951905283759300, -1.249999999999973400, 1.530808498934159000E-016 ) ) ;
#2108 = ORIENTED_EDGE ( 'NONE', *, *, #1321, .F. ) ;
#2109 = CARTESIAN_POINT ( 'NONE',  ( 19.65275249725974000, -0.6458609541341274700, 0.7288722272449099600 ) ) ;
#2110 = CARTESIAN_POINT ( 'NONE',  ( 17.67935095264188300, 0.9652524972597843500, 0.0000000000000000000 ) ) ;
#2111 = ORIENTED_EDGE ( 'NONE', *, *, #3052, .F. ) ;
#2112 = DIRECTION ( 'NONE',  ( 1.000000000000000000, 0.0000000000000000000, 0.0000000000000000000 ) ) ;
#2113 =( BOUNDED_CURVE ( )  B_SPLINE_CURVE ( 2, ( #5130, #1019, #1468, #1002, #4702, #2255, #2674, #1838, #4343 ),
 .UNSPECIFIED., .F., .F. ) 
 B_SPLINE_CURVE_WITH_KNOTS ( ( 3, 2, 2, 2, 3 ),
 ( 0.6041666666666667400, 0.6111111111111111600, 0.6250000000000000000, 0.6388888888888888400, 0.6458333333333333700 ),
 .UNSPECIFIED. ) 
 CURVE ( )  GEOMETRIC_REPRESENTATION_ITEM ( )  RATIONAL_B_SPLINE_CURVE ( ( 0.9330127018922193000, 0.9330127018922198500, 1.000000000000000000, 0.8660254037844387100, 1.000000000000000000, 0.8660254037844387100, 1.000000000000000000, 0.9330127018922187400, 0.9330127018922193000 ) ) 
 REPRESENTATION_ITEM ( '' )  );
#2114 = CARTESIAN_POINT ( 'NONE',  ( 1.748100952641880700, 6.824819318074054600E-017, 1.114577578257790000 ) ) ;
#2115 = DIRECTION ( 'NONE',  ( -1.000000000000000000, -0.0000000000000000000, -0.0000000000000000000 ) ) ;
#2116 = CARTESIAN_POINT ( 'NONE',  ( 1.957355715851424500, 0.3349364905388962900, 1.249999999999973100 ) ) ;
#2117 = APPROVAL_PERSON_ORGANIZATION ( #5161, #855, #5081 ) ;
#2118 = CARTESIAN_POINT ( 'NONE',  ( 15.65435095264187900, -0.9652524972597843500, 1.182093381138184100E-016 ) ) ;
#2119 = CARTESIAN_POINT ( 'NONE',  ( 4.247548094716092800, -0.3349364905388985100, 1.249999999999971800 ) ) ;
#2120 = CARTESIAN_POINT ( 'NONE',  ( 4.541850952641880200, -0.9652524972597844600, -0.5572887891288946800 ) ) ;
#2121 = CARTESIAN_POINT ( 'NONE',  ( 19.37371392896280000, 0.6390624999999868800, 1.106888719211962700 ) ) ;
#2122 = CARTESIAN_POINT ( 'NONE',  ( 1.579350952641881000, 0.9652524972597843500, 0.0000000000000000000 ) ) ;
#2123 = CARTESIAN_POINT ( 'NONE',  ( 19.61060095264188200, 0.4826262486298926200, 0.8359331836933430200 ) ) ;
#2124 = EDGE_CURVE ( 'NONE', #1041, #2713, #4925, .T. ) ;
#2125 = CARTESIAN_POINT ( 'NONE',  ( 0.3112139289628007600, -1.278124999999973800, -0.7379258128079745300 ) ) ;
#2126 = CARTESIAN_POINT ( 'NONE',  ( 4.016850952641880700, -0.9652524972597841300, 0.5572887891288953500 ) ) ;
#2127 = DIRECTION ( 'NONE',  ( 0.0000000000000000000, 0.0000000000000000000, 1.000000000000000000 ) ) ;
#2128 = CARTESIAN_POINT ( 'NONE',  ( 15.09871392896280000, -0.6390624999999873200, -1.106888719211962500 ) ) ;
#2129 = CONICAL_SURFACE ( 'NONE', #3379, 2.249999999999998700, 1.047197551196600100 ) ;
#2130 = CARTESIAN_POINT ( 'NONE',  ( 17.04185095264188000, -0.9652524972597845700, -0.5572887891288946800 ) ) ;
#2131 = AXIS2_PLACEMENT_3D ( 'NONE', #1501, #725, #1551 ) ;
#2132 = CARTESIAN_POINT ( 'NONE',  ( 19.91649883205138800, -1.236978447556899900, -0.07030661359136931900 ) ) ;
#2133 = FACE_OUTER_BOUND ( 'NONE', #1036, .T. ) ;
#2134 = CARTESIAN_POINT ( 'NONE',  ( 0.8856009526418807700, -0.4826262486298919500, 0.8359331836933424600 ) ) ;
#2135 = CARTESIAN_POINT ( 'NONE',  ( 0.9487139289628007100, 1.278124999999973500, 0.0000000000000000000 ) ) ;
#2136 = DIRECTION ( 'NONE',  ( -1.000000000000000000, -0.0000000000000000000, -0.0000000000000000000 ) ) ;
#2137 = CYLINDRICAL_SURFACE ( 'NONE', #2496, 1.249999999999973400 ) ;
#2138 = CARTESIAN_POINT ( 'NONE',  ( 17.23621392896279800, -1.278124999999973500, 0.7379258128079755300 ) ) ;
#2139 = CARTESIAN_POINT ( 'NONE',  ( 1.691850952641881000, 6.824819318074054600E-017, 1.114577578257790000 ) ) ;
#2140 = CARTESIAN_POINT ( 'NONE',  ( 15.85373797632095900, -1.278124999999973300, 0.7379258128079753100 ) ) ;
#2141 = CARTESIAN_POINT ( 'NONE',  ( 0.1237139289628008500, 0.6390624999999868800, 1.106888719211962700 ) ) ;
#2142 = CARTESIAN_POINT ( 'NONE',  ( 1.800000000000002700, 1.249999999999973400, 0.0000000000000000000 ) ) ;
#2143 =( BOUNDED_CURVE ( )  B_SPLINE_CURVE ( 2, ( #1212, #4850, #802, #4069, #4485, #878, #4616, #4597, #2534, #896, #3756, #1764, #2935, #2184, #1689, #507, #3294, #2953, #1310, #4161, #4122, #1731, #525, #4580, #467, #4200, #3367, #2893, #2551, #450, #4179, #1292, #934, #4990, #85, #3348, #915, #3313, #2145, #4141, #5026, #2583, #104, #854, #486, #3773, #1711, #66, #4560, #3719, #2971, #2130, #3331, #3789, #1333, #2913, #1747, #2165, #4949, #5007, #2515, #1351, #2568, #47, #4969, #1269, #4538, #3737, #2110, #3858, #3841, #1851, #2216, #1420, #543, #4694, #1815, #3417, #5091, #2266, #1832, #4675, #176, #2202, #4217, #997, #3384, #2600, #3437, #4271, #143, #3824, #194, #4660, #5055, #4648, #5110, #4233, #1013, #611, #3016, #123, #1402, #3049, #2247, #2988, #2616, #160, #951, #3005, #561, #1433, #3809, #3399, #3454, #3876, #2649, #1385, #575, #1783, #4286, #1369, #982 ),
 .UNSPECIFIED., .F., .F. ) 
 B_SPLINE_CURVE_WITH_KNOTS ( ( 3, 2, 2, 2, 2, 2, 2, 2, 2, 2, 2, 2, 2, 2, 2, 2, 2, 2, 2, 2, 2, 2, 2, 2, 2, 2, 2, 2, 2, 2, 2, 2, 2, 2, 2, 2, 2, 2, 2, 2, 2, 2, 2, 2, 2, 2, 2, 2, 2, 2, 2, 2, 2, 2, 2, 2, 2, 2, 2, 2, 2, 3 ),
 ( 0.04076063273970093700, 0.04166666666666666400, 0.05555555555555555200, 0.06944444444444444800, 0.08333333333333332900, 0.09722222222222222400, 0.1111111111111111000, 0.1250000000000000000, 0.1388888888888889000, 0.1527777777777778200, 0.1666666666666666600, 0.1805555555555555500, 0.1944444444444444500, 0.2083333333333333400, 0.2222222222222222100, 0.2361111111111111000, 0.2500000000000000000, 0.2638888888888889000, 0.2777777777777777900, 0.2916666666666666900, 0.3055555555555555800, 0.3194444444444444200, 0.3333333333333333100, 0.3472222222222222100, 0.3611111111111111000, 0.3750000000000000600, 0.3888888888888889000, 0.4027777777777777900, 0.4166666666666666900, 0.4305555555555555800, 0.4444444444444444200, 0.4583333333333333700, 0.4722222222222222100, 0.4861111111111111000, 0.5000000000000000000, 0.5138888888888888400, 0.5277777777777777900, 0.5416666666666666300, 0.5555555555555555800, 0.5694444444444444200, 0.5833333333333333700, 0.5972222222222222100, 0.6111111111111111600, 0.6250000000000000000, 0.6388888888888888400, 0.6527777777777777900, 0.6666666666666666300, 0.6805555555555554700, 0.6944444444444444200, 0.7083333333333333700, 0.7222222222222222100, 0.7361111111111111600, 0.7500000000000000000, 0.7638888888888888400, 0.7777777777777777900, 0.7916666666666666300, 0.8055555555555555800, 0.8194444444444444200, 0.8333333333333333700, 0.8472222222222223200, 0.8611111111111111600, 0.8655977146000499700 ),
 .UNSPECIFIED. ) 
 CURVE ( )  GEOMETRIC_REPRESENTATION_ITEM ( )  RATIONAL_B_SPLINE_CURVE ( ( 0.9836607502507563900, 0.9912602418743560200, 1.000000000000000000, 0.8660254037844387100, 1.000000000000000000, 0.8660254037844387100, 1.000000000000000000, 0.8660254037844387100, 1.000000000000000000, 0.8660254037844387100, 1.000000000000000000, 0.8660254037844387100, 1.000000000000000000, 0.8660254037844387100, 1.000000000000000000, 0.8660254037844387100, 1.000000000000000000, 0.8660254037844387100, 1.000000000000000000, 0.8660254037844387100, 1.000000000000000000, 0.8660254037844387100, 1.000000000000000000, 0.8660254037844387100, 1.000000000000000000, 0.8660254037844387100, 1.000000000000000000, 0.8660254037844387100, 1.000000000000000000, 0.8660254037844387100, 1.000000000000000000, 0.8660254037844387100, 1.000000000000000000, 0.8660254037844387100, 1.000000000000000000, 0.8660254037844387100, 1.000000000000000000, 0.8660254037844387100, 1.000000000000000000, 0.8660254037844387100, 1.000000000000000000, 0.8660254037844387100, 1.000000000000000000, 0.8660254037844387100, 1.000000000000000000, 0.8660254037844387100, 1.000000000000000000, 0.8660254037844387100, 1.000000000000000000, 0.8660254037844387100, 1.000000000000000000, 0.8660254037844387100, 1.000000000000000000, 0.8660254037844387100, 1.000000000000000000, 0.8660254037844387100, 1.000000000000000000, 0.8660254037844387100, 1.000000000000000000, 0.8660254037844387100, 1.000000000000000000, 0.8660254037844387100, 1.000000000000000000, 0.8660254037844387100, 1.000000000000000000, 0.8660254037844387100, 1.000000000000000000, 0.8660254037844387100, 1.000000000000000000, 0.8660254037844387100, 1.000000000000000000, 0.8660254037844387100, 1.000000000000000000, 0.8660254037844387100, 1.000000000000000000, 0.8660254037844387100, 1.000000000000000000, 0.8660254037844387100, 1.000000000000000000, 0.8660254037844387100, 1.000000000000000000, 0.8660254037844387100, 1.000000000000000000, 0.8660254037844387100, 1.000000000000000000, 0.8660254037844387100, 1.000000000000000000, 0.8660254037844387100, 1.000000000000000000, 0.8660254037844387100, 1.000000000000000000, 0.8660254037844387100, 1.000000000000000000, 0.8660254037844387100, 1.000000000000000000, 0.8660254037844387100, 1.000000000000000000, 0.8660254037844387100, 1.000000000000000000, 0.8660254037844387100, 1.000000000000000000, 0.8660254037844387100, 1.000000000000000000, 0.8660254037844387100, 1.000000000000000000, 0.8660254037844387100, 1.000000000000000000, 0.8660254037844387100, 1.000000000000000000, 0.8660254037844387100, 1.000000000000000000, 0.8660254037844387100, 1.000000000000000000, 0.8660254037844387100, 1.000000000000000000, 0.8660254037844387100, 1.000000000000000000, 0.8660254037844387100, 1.000000000000000000, 0.8660254037844387100, 1.000000000000000000, 0.9567214558616866600, 0.9414039197896828500 ) ) 
 REPRESENTATION_ITEM ( '' )  );
#2144 = CARTESIAN_POINT ( 'NONE',  ( 15.58621392896279900, -2.711095453990486600E-016, -1.475851625615950200 ) ) ;
#2145 = CARTESIAN_POINT ( 'NONE',  ( 16.55435095264188000, -0.9652524972597843500, 1.182093381138184100E-016 ) ) ;
#2146 = VERTEX_POINT ( 'NONE', #4628 ) ;
#2147 = CARTESIAN_POINT ( 'NONE',  ( 0.9000000000000028000, 1.249999999999973400, 0.0000000000000000000 ) ) ;
#2148 = CARTESIAN_POINT ( 'NONE',  ( 0.8106009526418808100, 0.4826262486298922800, 0.8359331836933423500 ) ) ;
#2149 = CARTESIAN_POINT ( 'NONE',  ( 0.2368430139593212200, 2.794716748806765000E-013, -1.075656986040727900 ) ) ;
#2150 = CARTESIAN_POINT ( 'NONE',  ( 0.2009618943233409900, -1.513318043118992200E-015, 2.598076211353314700 ) ) ;
#2151 = VERTEX_POINT ( 'NONE', #2160 ) ;
#2152 = CARTESIAN_POINT ( 'NONE',  ( 1.414951905283758900, 1.249999999999973400, 0.0000000000000000000 ) ) ;
#2153 = DIRECTION ( 'NONE',  ( -0.4999999999999979500, 0.0000000000000000000, -0.8660254037844397100 ) ) ;
#2154 = DIRECTION ( 'NONE',  ( 0.0000000000000000000, 0.0000000000000000000, 1.000000000000000000 ) ) ;
#2155 = EDGE_CURVE ( 'NONE', #208, #4206, #2485, .T. ) ;
#2156 = CARTESIAN_POINT ( 'NONE',  ( 18.28621392896280200, -2.711095453990486600E-016, -1.475851625615950200 ) ) ;
#2157 = VERTEX_POINT ( 'NONE', #4232 ) ;
#2158 = CARTESIAN_POINT ( 'NONE',  ( 16.60373797632096100, 1.278124999999973500, 0.7379258128079748700 ) ) ;
#2159 = CARTESIAN_POINT ( 'NONE',  ( 17.11685095264188000, -2.047445795422216600E-016, -1.114577578257790000 ) ) ;
#2160 = CARTESIAN_POINT ( 'NONE',  ( 0.2009618943233409100, -2.249999999999998200, -1.299038105676658200 ) ) ;
#2161 = CARTESIAN_POINT ( 'NONE',  ( 1.875000000000002700, 0.6249999999999867900, 1.082531754730525300 ) ) ;
#2162 = CARTESIAN_POINT ( 'NONE',  ( 16.22371392896279800, 0.6390624999999868800, 1.106888719211962700 ) ) ;
#2163 = VERTEX_POINT ( 'NONE', #1794 ) ;
#2164 = EDGE_CURVE ( 'NONE', #5080, #2477, #1073, .T. ) ;
#2165 = CARTESIAN_POINT ( 'NONE',  ( 17.26685095264188200, 0.9652524972597843500, 0.5572887891288949000 ) ) ;
#2166 = ORIENTED_EDGE ( 'NONE', *, *, #4727, .F. ) ;
#2167 = CARTESIAN_POINT ( 'NONE',  ( 2.010600952641880700, 0.4826262486298914500, -0.8359331836933428000 ) ) ;
#2168 = CARTESIAN_POINT ( 'NONE',  ( 2.137500000000002800, 2.149782114466741500E-015, -1.249999999999973400 ) ) ;
#2169 = CARTESIAN_POINT ( 'NONE',  ( 0.2009618943233410500, -2.249999999999999100, 1.299038105676656900 ) ) ;
#2170 = AXIS2_PLACEMENT_3D ( 'NONE', #1309, #4930, #3254 ) ;
#2171 = CARTESIAN_POINT ( 'NONE',  ( 1.507355715851424800, 0.3349364905388962900, 1.249999999999973100 ) ) ;
#2172 = DIRECTION ( 'NONE',  ( -0.0000000000000000000, 0.4999999999999995000, 0.8660254037844390400 ) ) ;
#2173 = B_SPLINE_CURVE_WITH_KNOTS ( 'NONE', 3,
 ( #3317, #3825, #1452, #3843 ),
 .UNSPECIFIED., .F., .F.,
 ( 4, 4 ),
 ( 2.380746839936014200E-007, 0.001314652396222793900 ),
 .UNSPECIFIED. ) ;
#2174 = VERTEX_POINT ( 'NONE', #3363 ) ;
#2175 = CARTESIAN_POINT ( 'NONE',  ( 18.09871392896280200, -0.6390624999999864300, 1.106888719211963000 ) ) ;
#2176 = CARTESIAN_POINT ( 'NONE',  ( 0.7918509526418811000, 6.824819318074054600E-017, 1.114577578257790000 ) ) ;
#2177 = CARTESIAN_POINT ( 'NONE',  ( 15.66623797632096100, 1.278124999999973300, 0.0000000000000000000 ) ) ;
#2178 = CARTESIAN_POINT ( 'NONE',  ( 18.54185095264188000, 0.9652524972597841300, -0.5572887891288955700 ) ) ;
#2179 = CARTESIAN_POINT ( 'NONE',  ( 0.5250000000000026900, 0.6249999999999867900, 1.082531754730525300 ) ) ;
#2180 = CARTESIAN_POINT ( 'NONE',  ( 15.97310095264188200, 0.9652524972597843500, 0.5572887891288949000 ) ) ;
#2181 = ORIENTED_EDGE ( 'NONE', *, *, #3495, .T. ) ;
#2182 = AXIS2_PLACEMENT_3D ( 'NONE', #5171, #4741, #659 ) ;
#2183 = CARTESIAN_POINT ( 'NONE',  ( 16.78621392896280200, -1.278124999999973500, 0.7379258128079755300 ) ) ;
#2184 = CARTESIAN_POINT ( 'NONE',  ( 15.61685095264188000, -0.9652524972597841300, 0.5572887891288953500 ) ) ;
#2185 = CONICAL_SURFACE ( 'NONE', #1348, 2.249999999999998700, 1.047197551196600100 ) ;
#2186 = CARTESIAN_POINT ( 'NONE',  ( 0.2009618943233412700, 2.249999999999998700, 1.299038105676658700 ) ) ;
#2187 = CARTESIAN_POINT ( 'NONE',  ( 15.19999999999999800, 0.8998329949847688700, 0.7646884507317207600 ) ) ;
#2188 = EDGE_CURVE ( 'NONE', #2243, #2725, #3840, .T. ) ;
#2189 = CARTESIAN_POINT ( 'NONE',  ( 0.0000000000000000000, 1.530808498934159000E-016, -1.249999999999973400 ) ) ;
#2190 = CARTESIAN_POINT ( 'NONE',  ( 19.20245190528375500, -5.229199737892074000E-016, -1.249999999999973400 ) ) ;
#2191 = CONICAL_SURFACE ( 'NONE', #5297, 2.249999999999998700, 1.047197551196600100 ) ;
#2192 = CARTESIAN_POINT ( 'NONE',  ( 3.262500000000002400, -5.171097518582163300E-015, 1.249999999999973400 ) ) ;
#2193 = CARTESIAN_POINT ( 'NONE',  ( 19.41121392896280200, 9.036984846634956000E-017, 1.475851625615950200 ) ) ;
#2194 = CARTESIAN_POINT ( 'NONE',  ( 1.916850952641880700, -2.047445795422216600E-016, -1.114577578257790000 ) ) ;
#2195 = CARTESIAN_POINT ( 'NONE',  ( 16.67873797632096000, 9.036984846634954800E-017, 1.475851625615950000 ) ) ;
#2196 = FACE_OUTER_BOUND ( 'NONE', #4774, .T. ) ;
#2197 = EDGE_CURVE ( 'NONE', #1392, #2004, #2750, .T. ) ;
#2198 = CARTESIAN_POINT ( 'NONE',  ( 16.74185095264188000, 0.9652524972597841300, -0.5572887891288955700 ) ) ;
#2199 = CARTESIAN_POINT ( 'NONE',  ( -1.472277943843222800E-015, -0.7416645267673310800, -2.169875997175799000 ) ) ;
#2200 = CARTESIAN_POINT ( 'NONE',  ( 18.93259618943233500, -0.3349364905388960100, 1.249999999999973400 ) ) ;
#2201 = CARTESIAN_POINT ( 'NONE',  ( 15.88621392896280000, -1.278124999999973500, 0.7379258128079755300 ) ) ;
#2202 = CARTESIAN_POINT ( 'NONE',  ( 18.24185095264188000, 6.824819318074054600E-017, 1.114577578257790000 ) ) ;
#2203 = CARTESIAN_POINT ( 'NONE',  ( 0.6750000000000026000, -1.249999999999973400, 1.530808498934159000E-016 ) ) ;
#2204 = CARTESIAN_POINT ( 'NONE',  ( 4.237500000000003400, -1.249999999999973400, 0.7216878364870171800 ) ) ;
#2205 = CIRCLE ( 'NONE', #3887, 2.249999999999998200 ) ;
#2206 = CARTESIAN_POINT ( 'NONE',  ( 0.3472475027402640000, 1.690803633028092500E-012, 0.9652524972597844600 ) ) ;
#2207 = CARTESIAN_POINT ( 'NONE',  ( 0.0000000000000000000, 0.0000000000000000000, 0.0000000000000000000 ) ) ;
#2208 = ORIENTED_EDGE ( 'NONE', *, *, #1355, .T. ) ;
#2209 = CARTESIAN_POINT ( 'NONE',  ( 3.416850952641880200, 0.9652524972597842400, 0.5572887891288949000 ) ) ;
#2210 = CARTESIAN_POINT ( 'NONE',  ( 15.54185095264188200, 6.824819318074054600E-017, 1.114577578257790000 ) ) ;
#2211 = CARTESIAN_POINT ( 'NONE',  ( 2.254350952641880600, -0.9652524972597843500, 1.182093381138184100E-016 ) ) ;
#2212 = CARTESIAN_POINT ( 'NONE',  ( 1.591237976320960800, -1.278124999999973300, 1.565251690160178100E-016 ) ) ;
#2213 = CARTESIAN_POINT ( 'NONE',  ( 18.12935095264188200, 0.9652524972597843500, 0.0000000000000000000 ) ) ;
#2214 = CARTESIAN_POINT ( 'NONE',  ( 15.82310095264188200, -2.047445795422216600E-016, -1.114577578257790000 ) ) ;
#2215 = ORIENTED_EDGE ( 'NONE', *, *, #3848, .F. ) ;
#2216 = CARTESIAN_POINT ( 'NONE',  ( 17.82935095264187800, -0.4826262486298919500, 0.8359331836933424600 ) ) ;
#2217 = ORIENTED_EDGE ( 'NONE', *, *, #4042, .T. ) ;
#2218 = CARTESIAN_POINT ( 'NONE',  ( 2.861213928962801100, 9.036984846634956000E-017, 1.475851625615950200 ) ) ;
#2219 = CARTESIAN_POINT ( 'NONE',  ( 15.65000000000000400, 1.249999999999973400, 0.0000000000000000000 ) ) ;
#2220 = VERTEX_POINT ( 'NONE', #118 ) ;
#2221 = CARTESIAN_POINT ( 'NONE',  ( 18.23750000000000400, -4.938688641342514700E-016, -1.249999999999973400 ) ) ;
#2222 = EDGE_CURVE ( 'NONE', #1041, #2776, #4944, .T. ) ;
#2223 = CARTESIAN_POINT ( 'NONE',  ( 2.666850952641880700, -0.9652524972597841300, 0.5572887891288953500 ) ) ;
#2224 = CARTESIAN_POINT ( 'NONE',  ( 16.66685095264188000, -2.047445795422216600E-016, -1.114577578257790000 ) ) ;
#2225 = CARTESIAN_POINT ( 'NONE',  ( 3.866850952641880800, 0.9652524972597843500, 0.5572887891288949000 ) ) ;
#2226 = CARTESIAN_POINT ( 'NONE',  ( 0.3537379763209609300, -2.711095453990486600E-016, -1.475851625615950000 ) ) ;
#2227 = EDGE_LOOP ( 'NONE', ( #3106, #1453, #3411, #1225, #350, #4114, #1959 ) ) ;
#2228 = CARTESIAN_POINT ( 'NONE',  ( 17.00435095264187900, -0.9652524972597843500, 1.182093381138184100E-016 ) ) ;
#2229 = CARTESIAN_POINT ( 'NONE',  ( 15.37310095264187900, -2.047445795422216600E-016, -1.114577578257790000 ) ) ;
#2230 = ADVANCED_FACE ( 'NONE', ( #2133 ), #963, .T. ) ;
#2231 = AXIS2_PLACEMENT_3D ( 'NONE', #1521, #4837, #2734 ) ;
#2232 = ORIENTED_EDGE ( 'NONE', *, *, #4495, .F. ) ;
#2233 = CARTESIAN_POINT ( 'NONE',  ( 20.00000000000000000, 0.0000000000000000000, 0.0000000000000000000 ) ) ;
#2234 = CARTESIAN_POINT ( 'NONE',  ( 1.811213928962800400, 1.278124999999973300, -0.7379258128079758700 ) ) ;
#2235 = DIRECTION ( 'NONE',  ( -1.000000000000000000, 0.0000000000000000000, 0.0000000000000000000 ) ) ;
#2236 = ORIENTED_EDGE ( 'NONE', *, *, #2751, .T. ) ;
#2237 = CARTESIAN_POINT ( 'NONE',  ( 0.3344791281149370200, -1.339023746216230500E-012, 0.9780208718851116600 ) ) ;
#2238 = B_SPLINE_CURVE_WITH_KNOTS ( 'NONE', 3,
 ( #2476, #484, #1, #4559 ),
 .UNSPECIFIED., .F., .F.,
 ( 4, 4 ),
 ( 0.0000000000000000000, 0.0007486845039917217300 ),
 .UNSPECIFIED. ) ;
#2239 = CARTESIAN_POINT ( 'NONE',  ( 4.729350952641880200, 0.9652524972597843500, 0.0000000000000000000 ) ) ;
#2240 = CARTESIAN_POINT ( 'NONE',  ( 19.63621392896280000, -2.711095453990486600E-016, -1.475851625615950200 ) ) ;
#2241 = CARTESIAN_POINT ( 'NONE',  ( 3.566850952641880600, -0.9652524972597841300, 0.5572887891288953500 ) ) ;
#2242 = CARTESIAN_POINT ( 'NONE',  ( 4.823100952641881100, 0.9652524972597842400, 0.5572887891288949000 ) ) ;
#2243 = VERTEX_POINT ( 'NONE', #29 ) ;
#2244 = CARTESIAN_POINT ( 'NONE',  ( 20.07935095264188200, -0.4826262486298919500, 0.8359331836933424600 ) ) ;
#2245 = CARTESIAN_POINT ( 'NONE',  ( 19.13749999999999900, 4.851535312377648100E-015, -1.249999999999973400 ) ) ;
#2246 = FACE_OUTER_BOUND ( 'NONE', #733, .T. ) ;
#2247 = CARTESIAN_POINT ( 'NONE',  ( 19.02935095264188100, 0.9652524972597843500, 0.0000000000000000000 ) ) ;
#2248 = CARTESIAN_POINT ( 'NONE',  ( 3.161213928962801000, 1.278124999999973300, -0.7379258128079758700 ) ) ;
#2249 = LINE ( 'NONE', #88, #4921 ) ;
#2250 = CARTESIAN_POINT ( 'NONE',  ( 15.31250000000000200, 1.743066579297358300E-016, 1.249999999999973100 ) ) ;
#2251 = EDGE_CURVE ( 'NONE', #3686, #3455, #4156, .T. ) ;
#2252 = DIRECTION ( 'NONE',  ( -0.7071067811862563600, 0.0000000000000000000, 0.7071067811868386700 ) ) ;
#2253 = ADVANCED_FACE ( 'NONE', ( #1283, #3064 ), #2097, .T. ) ;
#2254 = CARTESIAN_POINT ( 'NONE',  ( -1.555152491158894800E-015, -1.315951922094011000, -1.838311014891731400 ) ) ;
#2255 = CARTESIAN_POINT ( 'NONE',  ( 3.412500000000001900, -1.249999999999973600, -0.7216878364870164000 ) ) ;
#2256 = VECTOR ( 'NONE', #679, 1000.000000000000000 ) ;
#2257 = CARTESIAN_POINT ( 'NONE',  ( 0.2481009526418809000, 0.9652524972597841300, -0.5572887891288955700 ) ) ;
#2258 = CARTESIAN_POINT ( 'NONE',  ( 19.97371392896279800, -1.278124999999973500, 1.565251690160178300E-016 ) ) ;
#2259 = CARTESIAN_POINT ( 'NONE',  ( 2.554350952641880800, 0.4826262486298922800, 0.8359331836933423500 ) ) ;
#2260 = CARTESIAN_POINT ( 'NONE',  ( 0.2412379763209609700, -1.278124999999973300, 1.565251690160178100E-016 ) ) ;
#2261 = EDGE_CURVE ( 'NONE', #2673, #4939, #1470, .T. ) ;
#2262 = CARTESIAN_POINT ( 'NONE',  ( 19.81685095264188200, -2.047445795422216600E-016, -1.114577578257790000 ) ) ;
#2263 = CIRCLE ( 'NONE', #1849, 2.249999999999998200 ) ;
#2264 = CARTESIAN_POINT ( 'NONE',  ( 0.3375000000000027400, -5.229199737892074000E-016, -1.249999999999973400 ) ) ;
#2265 = CARTESIAN_POINT ( 'NONE',  ( 18.82310095264188000, -0.9652524972597841300, 0.5572887891288953500 ) ) ;
#2266 = CARTESIAN_POINT ( 'NONE',  ( 18.09185095264188100, 0.9652524972597840100, -0.5572887891288955700 ) ) ;
#2267 = CARTESIAN_POINT ( 'NONE',  ( 0.9862139289628005800, 1.278124999999973800, 0.7379258128079749800 ) ) ;
#2268 = CARTESIAN_POINT ( 'NONE',  ( 0.0000000000000000000, 0.0000000000000000000, 0.0000000000000000000 ) ) ;
#2269 = CARTESIAN_POINT ( 'NONE',  ( 0.2060649746488409400, -0.7101590112866270600, -0.8615614808179030700 ) ) ;
#2270 = ORIENTED_EDGE ( 'NONE', *, *, #245, .T. ) ;
#2271 = CARTESIAN_POINT ( 'NONE',  ( 18.97745190528375800, -5.200148628237119300E-015, 1.249999999999973400 ) ) ;
#2272 =( BOUNDED_CURVE ( )  B_SPLINE_CURVE ( 2, ( #3100, #2331, #5178, #3644, #3497, #2690, #3527, #2350, #2733 ),
 .UNSPECIFIED., .F., .F. ) 
 B_SPLINE_CURVE_WITH_KNOTS ( ( 3, 2, 2, 2, 3 ),
 ( 0.5625000000000000000, 0.5694444444444444200, 0.5833333333333333700, 0.5972222222222222100, 0.6041666666666667400 ),
 .UNSPECIFIED. ) 
 CURVE ( )  GEOMETRIC_REPRESENTATION_ITEM ( )  RATIONAL_B_SPLINE_CURVE ( ( 0.9330127018922194100, 0.9330127018922194100, 1.000000000000000000, 0.8660254037844387100, 1.000000000000000000, 0.8660254037844387100, 1.000000000000000000, 0.9330127018922187400, 0.9330127018922193000 ) ) 
 REPRESENTATION_ITEM ( '' )  );
#2273 = CARTESIAN_POINT ( 'NONE',  ( 0.02310095264188090000, -0.9652524972597841300, 0.5572887891288953500 ) ) ;
#2274 = CARTESIAN_POINT ( 'NONE',  ( 18.87935095264188200, -0.4826262486298926200, -0.8359331836933422400 ) ) ;
#2275 = ORIENTED_EDGE ( 'NONE', *, *, #4356, .T. ) ;
#2276 = CARTESIAN_POINT ( 'NONE',  ( 16.96249999999999900, 1.249999999999972900, -0.7216878364870175100 ) ) ;
#2277 = CARTESIAN_POINT ( 'NONE',  ( 5.085600952641880400, -0.4826262486298926200, -0.8359331836933422400 ) ) ;
#2278 = CARTESIAN_POINT ( 'NONE',  ( 15.71060095264188000, -0.9652524972597843500, 1.182093381138184100E-016 ) ) ;
#2279 = CARTESIAN_POINT ( 'NONE',  ( 17.17310095264188200, -2.047445795422216600E-016, -1.114577578257790000 ) ) ;
#2280 = ADVANCED_FACE ( 'NONE', ( #3897, #2809 ), #788, .F. ) ;
#2281 = VERTEX_POINT ( 'NONE', #2466 ) ;
#2282 = CARTESIAN_POINT ( 'NONE',  ( 2.373713928962800900, 0.6390624999999868800, 1.106888719211962700 ) ) ;
#2283 = ORIENTED_EDGE ( 'NONE', *, *, #5172, .T. ) ;
#2284 = CARTESIAN_POINT ( 'NONE',  ( 3.135600952641880200, -0.4826262486298919500, 0.8359331836933424600 ) ) ;
#2285 = CARTESIAN_POINT ( 'NONE',  ( 15.53750000000000100, -4.938688641342514700E-016, -1.249999999999973400 ) ) ;
#2286 = CARTESIAN_POINT ( 'NONE',  ( 2.352451905283759400, 1.249999999999973400, 0.7216878364870166200 ) ) ;
#2287 = VERTEX_POINT ( 'NONE', #3670 ) ;
#2288 = EDGE_CURVE ( 'NONE', #3692, #2669, #1741, .T. ) ;
#2289 = CARTESIAN_POINT ( 'NONE',  ( -0.08939904735811908500, 0.4826262486298922800, 0.8359331836933423500 ) ) ;
#2290 = CARTESIAN_POINT ( 'NONE',  ( 2.010600952641880700, 0.4826262486298914500, -0.8359331836933428000 ) ) ;
#2291 = CARTESIAN_POINT ( 'NONE',  ( 17.90435095264188100, -0.9652524972597843500, 1.182093381138184100E-016 ) ) ;
#2292 = CARTESIAN_POINT ( 'NONE',  ( 3.203737976320960800, 1.278124999999973500, 0.7379258128079748700 ) ) ;
#2293 = CARTESIAN_POINT ( 'NONE',  ( 19.85435095264188000, 0.4826262486298914500, -0.8359331836933428000 ) ) ;
#2294 = ORIENTED_EDGE ( 'NONE', *, *, #1801, .T. ) ;
#2295 = CARTESIAN_POINT ( 'NONE',  ( 18.93560095264188100, -0.4826262486298926200, -0.8359331836933422400 ) ) ;
#2296 = CARTESIAN_POINT ( 'NONE',  ( 3.787500000000002300, -1.249999999999973400, 0.7216878364870171800 ) ) ;
#2297 = CARTESIAN_POINT ( 'NONE',  ( 15.29810095264188000, -0.9652524972597851200, -0.5572887891288950100 ) ) ;
#2298 = CARTESIAN_POINT ( 'NONE',  ( 3.761213928962800600, 9.036984846634956000E-017, 1.475851625615950200 ) ) ;
#2299 = ORIENTED_EDGE ( 'NONE', *, *, #3780, .F. ) ;
#2300 = CARTESIAN_POINT ( 'NONE',  ( 0.0000000000000000000, 0.0000000000000000000, 0.0000000000000000000 ) ) ;
#2301 = CARTESIAN_POINT ( 'NONE',  ( 3.585600952641880800, -0.4826262486298919500, 0.8359331836933424600 ) ) ;
#2302 = CARTESIAN_POINT ( 'NONE',  ( 19.66250000000000100, 1.249999999999972900, -0.7216878364870175100 ) ) ;
#2303 = FACE_OUTER_BOUND ( 'NONE', #2773, .T. ) ;
#2304 = AXIS2_PLACEMENT_3D ( 'NONE', #2268, #4697, #594 ) ;
#2305 = CARTESIAN_POINT ( 'NONE',  ( 4.766850952641880700, 0.9652524972597842400, 0.5572887891288949000 ) ) ;
#2306 = CARTESIAN_POINT ( 'NONE',  ( 18.27935095264188100, -0.4826262486298919500, 0.8359331836933424600 ) ) ;
#2307 = CARTESIAN_POINT ( 'NONE',  ( 18.18995190528375600, -1.249999999999973400, 1.530808498934159000E-016 ) ) ;
#2308 = CARTESIAN_POINT ( 'NONE',  ( 2.041237976320960700, -1.278124999999973300, 1.565251690160178100E-016 ) ) ;
#2309 = CARTESIAN_POINT ( 'NONE',  ( 15.52310095264188100, 0.9652524972597842400, 0.5572887891288949000 ) ) ;
#2310 = CARTESIAN_POINT ( 'NONE',  ( 17.36060095264188200, 0.4826262486298922800, 0.8359331836933423500 ) ) ;
#2311 = CARTESIAN_POINT ( 'NONE',  ( 15.37310095264187900, -2.047445795422217900E-016, -1.114577578257790700 ) ) ;
#2312 = CARTESIAN_POINT ( 'NONE',  ( 0.6418509526418808600, 0.9652524972597841300, -0.5572887891288955700 ) ) ;
#2313 = FACE_OUTER_BOUND ( 'NONE', #2411, .T. ) ;
#2314 = EDGE_CURVE ( 'NONE', #3455, #4879, #1535, .T. ) ;
#2315 = CARTESIAN_POINT ( 'NONE',  ( 4.485600952641880700, -0.4826262486298919500, 0.8359331836933424600 ) ) ;
#2316 = CARTESIAN_POINT ( 'NONE',  ( 18.32254809471609400, 0.3349364905388980700, -1.249999999999972000 ) ) ;
#2317 = LINE ( 'NONE', #1405, #139 ) ;
#2318 = CARTESIAN_POINT ( 'NONE',  ( 0.1731009526418808800, -2.047445795422216600E-016, -1.114577578257790000 ) ) ;
#2319 = CARTESIAN_POINT ( 'NONE',  ( 18.72935095264188000, -0.4826262486298919500, 0.8359331836933424600 ) ) ;
#2320 = CARTESIAN_POINT ( 'NONE',  ( 17.11250000000000100, -2.498395430326213100E-015, 1.249999999999973400 ) ) ;
#2321 = CARTESIAN_POINT ( 'NONE',  ( 3.991237976320960400, 0.6390624999999856600, -1.106888719211963200 ) ) ;
#2322 = CARTESIAN_POINT ( 'NONE',  ( 17.69810095264188400, 0.9652524972597841300, -0.5572887891288955700 ) ) ;
#2323 = CARTESIAN_POINT ( 'NONE',  ( 18.97310095264188200, -2.047445795422216600E-016, -1.114577578257790000 ) ) ;
#2324 = ORIENTED_EDGE ( 'NONE', *, *, #4042, .F. ) ;
#2325 = CARTESIAN_POINT ( 'NONE',  ( 19.00373797632095900, -1.278124999999973300, 0.7379258128079753100 ) ) ;
#2326 = CARTESIAN_POINT ( 'NONE',  ( 18.65000000000000200, -0.6249999999999872300, -1.082531754730524900 ) ) ;
#2327 = ORIENTED_EDGE ( 'NONE', *, *, #4495, .T. ) ;
#2328 = CARTESIAN_POINT ( 'NONE',  ( 4.848713928962800100, -0.6390624999999873200, -1.106888719211962500 ) ) ;
#2329 = CARTESIAN_POINT ( 'NONE',  ( 19.86022993090466200, -0.1835754756815205500, -2.492088861051973600 ) ) ;
#2330 = CARTESIAN_POINT ( 'NONE',  ( 3.660600952641880600, -0.9652524972597843500, 1.182093381138184100E-016 ) ) ;
#2331 = CARTESIAN_POINT ( 'NONE',  ( 18.25759618943233800, 0.3349364905388956800, -1.249999999999973600 ) ) ;
#2332 = CARTESIAN_POINT ( 'NONE',  ( 15.50000000000000200, -0.6249999999999872300, -1.082531754730524900 ) ) ;
#2333 = ORIENTED_EDGE ( 'NONE', *, *, #5011, .T. ) ;
#2334 = CARTESIAN_POINT ( 'NONE',  ( 3.173100952641880700, -0.9652524972597841300, 0.5572887891288953500 ) ) ;
#2335 = CARTESIAN_POINT ( 'NONE',  ( 18.42935095264188000, -0.4826262486298926200, -0.8359331836933422400 ) ) ;
#2336 = CARTESIAN_POINT ( 'NONE',  ( 19.78170907856255700, 0.5754276233123157800, -0.9336618497939991300 ) ) ;
#2337 = DIRECTION ( 'NONE',  ( -1.000000000000000000, -0.0000000000000000000, -0.0000000000000000000 ) ) ;
#2338 = CARTESIAN_POINT ( 'NONE',  ( 3.803737976320960400, -1.278124999999973300, 0.7379258128079753100 ) ) ;
#2339 = ORIENTED_EDGE ( 'NONE', *, *, #252, .T. ) ;
#2340 = CARTESIAN_POINT ( 'NONE',  ( 16.08560095264188000, -0.4826262486298919500, 0.8359331836933424600 ) ) ;
#2341 = CARTESIAN_POINT ( 'NONE',  ( 1.950000000000002600, -0.6249999999999863400, 1.082531754730525300 ) ) ;
#2342 = VERTEX_POINT ( 'NONE', #2076 ) ;
#2343 = CARTESIAN_POINT ( 'NONE',  ( 18.66623797632096100, -0.6390624999999872100, -1.106888719211962300 ) ) ;
#2344 = CARTESIAN_POINT ( 'NONE',  ( 18.53749999999999400, -1.249999999999973100, 0.7216878364870171800 ) ) ;
#2345 = EDGE_CURVE ( 'NONE', #2080, #1442, #1673, .T. ) ;
#2346 = CARTESIAN_POINT ( 'NONE',  ( 4.511213928962799700, 1.278124999999973300, -0.7379258128079758700 ) ) ;
#2347 = DIRECTION ( 'NONE',  ( -1.000000000000000000, -0.0000000000000000000, -0.0000000000000000000 ) ) ;
#2348 = ORIENTED_EDGE ( 'NONE', *, *, #1966, .F. ) ;
#2349 = CARTESIAN_POINT ( 'NONE',  ( 2.873100952641880900, -2.047445795422216600E-016, -1.114577578257790000 ) ) ;
#2350 = CARTESIAN_POINT ( 'NONE',  ( 18.44240381056766500, 0.3349364905388939100, 1.249999999999974900 ) ) ;
#2351 = CARTESIAN_POINT ( 'NONE',  ( 2.342403810567668100, 0.3349364905388963500, 1.249999999999973400 ) ) ;
#2352 = CARTESIAN_POINT ( 'NONE',  ( 3.060600952641880500, 0.4826262486298922800, 0.8359331836933423500 ) ) ;
#2353 = CARTESIAN_POINT ( 'NONE',  ( 19.21685095264188100, -0.9652524972597841300, 0.5572887891288953500 ) ) ;
#2354 = CARTESIAN_POINT ( 'NONE',  ( 2.587500000000002100, 2.149782114466741500E-015, -1.249999999999973400 ) ) ;
#2355 = CARTESIAN_POINT ( 'NONE',  ( 2.678737976320960900, 1.278124999999972900, -0.7379258128079757600 ) ) ;
#2356 = EDGE_LOOP ( 'NONE', ( #3792, #332, #2108, #1401 ) ) ;
#2357 = CARTESIAN_POINT ( 'NONE',  ( 16.53560095264188200, -0.4826262486298919500, 0.8359331836933424600 ) ) ;
#2358 = VERTEX_POINT ( 'NONE', #52 ) ;
#2359 = CARTESIAN_POINT ( 'NONE',  ( 19.63018375565108900, 0.2305949218567630600, 0.9814435380500270400 ) ) ;
#2360 = CARTESIAN_POINT ( 'NONE',  ( 3.732596189432336500, -0.3349364905388960100, 1.249999999999973400 ) ) ;
#2361 = CALENDAR_DATE ( 2021, 25, 8 ) ;
#2362 = AXIS2_PLACEMENT_3D ( 'NONE', #2300, #3945, #5142 ) ;
#2363 =( BOUNDED_CURVE ( )  B_SPLINE_CURVE ( 2, ( #406, #2963, #4153, #1723, #1682, #3709, #4550, #459, #4531, #2103, #4941, #1324, #536, #2176, #5018, #3358, #499, #2576, #2508, #869, #1344, #3766, #37, #115, #4191, #4172, #2905, #928, #77, #4592, #3730, #1281, #3782, #4134, #2122, #2525, #4571, #2139, #4981, #2946, #3449, #3800, #4656, #2194, #3409, #3818, #991, #553, #1008, #188, #5066, #3392, #2211, #2626, #4625, #1396, #5084, #4689, #2610, #4246, #2259, #958, #4640, #5050, #1843, #1360, #155, #171, #3044, #4265, #1412, #585, #5102, #1379, #1791, #3868, #3029, #4211, #3011, #5035, #1827, #3431, #4228, #604, #569, #3852, #2642, #2241, #974, #4669, #1809, #3834, #1428, #4280, #2661, #2225, #204, #3057, #3377, #943, #1774, #2593, #136, #2999, #3952, #2709, #255, #236, #3502, #667, #218, #1058, #1860, #653, #288, #3119, #1024, #3917, #3514, #4769, #4329 ),
 .UNSPECIFIED., .F., .F. ) 
 B_SPLINE_CURVE_WITH_KNOTS ( ( 3, 2, 2, 2, 2, 2, 2, 2, 2, 2, 2, 2, 2, 2, 2, 2, 2, 2, 2, 2, 2, 2, 2, 2, 2, 2, 2, 2, 2, 2, 2, 2, 2, 2, 2, 2, 2, 2, 2, 2, 2, 2, 2, 2, 2, 2, 2, 2, 2, 2, 2, 2, 2, 2, 2, 2, 2, 2, 2, 2, 3 ),
 ( 0.1051002932968653500, 0.1111111111111111000, 0.1250000000000000000, 0.1388888888888889000, 0.1527777777777777900, 0.1666666666666666600, 0.1805555555555555500, 0.1944444444444444500, 0.2083333333333333400, 0.2222222222222222100, 0.2361111111111111000, 0.2500000000000000000, 0.2638888888888889000, 0.2777777777777777900, 0.2916666666666667400, 0.3055555555555555800, 0.3194444444444444200, 0.3333333333333333100, 0.3472222222222222100, 0.3611111111111110500, 0.3750000000000000000, 0.3888888888888888400, 0.4027777777777777900, 0.4166666666666666300, 0.4305555555555556900, 0.4444444444444444200, 0.4583333333333332600, 0.4722222222222222100, 0.4861111111111110500, 0.5000000000000000000, 0.5138888888888888400, 0.5277777777777779000, 0.5416666666666666300, 0.5555555555555555800, 0.5694444444444444200, 0.5833333333333333700, 0.5972222222222222100, 0.6111111111111111600, 0.6250000000000000000, 0.6388888888888888400, 0.6527777777777777900, 0.6666666666666666300, 0.6805555555555555800, 0.6944444444444444200, 0.7083333333333333700, 0.7222222222222222100, 0.7361111111111111600, 0.7500000000000000000, 0.7638888888888888400, 0.7777777777777777900, 0.7916666666666666300, 0.8055555555555555800, 0.8194444444444444200, 0.8333333333333333700, 0.8472222222222221000, 0.8611111111111111600, 0.8750000000000001100, 0.8888888888888888400, 0.9027777777777777900, 0.9166666666666666300, 0.9296495216285902700 ),
 .UNSPECIFIED. ) 
 CURVE ( )  GEOMETRIC_REPRESENTATION_ITEM ( )  RATIONAL_B_SPLINE_CURVE ( ( 0.9342234781795855100, 0.9420186239496007900, 1.000000000000000000, 0.8660254037844387100, 1.000000000000000000, 0.8660254037844387100, 1.000000000000000000, 0.8660254037844387100, 1.000000000000000000, 0.8660254037844387100, 1.000000000000000000, 0.8660254037844387100, 1.000000000000000000, 0.8660254037844387100, 1.000000000000000000, 0.8660254037844387100, 1.000000000000000000, 0.8660254037844387100, 1.000000000000000000, 0.8660254037844387100, 1.000000000000000000, 0.8660254037844387100, 1.000000000000000000, 0.8660254037844387100, 1.000000000000000000, 0.8660254037844387100, 1.000000000000000000, 0.8660254037844387100, 1.000000000000000000, 0.8660254037844387100, 1.000000000000000000, 0.8660254037844387100, 1.000000000000000000, 0.8660254037844387100, 1.000000000000000000, 0.8660254037844387100, 1.000000000000000000, 0.8660254037844387100, 1.000000000000000000, 0.8660254037844387100, 1.000000000000000000, 0.8660254037844387100, 1.000000000000000000, 0.8660254037844387100, 1.000000000000000000, 0.8660254037844387100, 1.000000000000000000, 0.8660254037844387100, 1.000000000000000000, 0.8660254037844387100, 1.000000000000000000, 0.8660254037844387100, 1.000000000000000000, 0.8660254037844387100, 1.000000000000000000, 0.8660254037844387100, 1.000000000000000000, 0.8660254037844387100, 1.000000000000000000, 0.8660254037844387100, 1.000000000000000000, 0.8660254037844387100, 1.000000000000000000, 0.8660254037844387100, 1.000000000000000000, 0.8660254037844387100, 1.000000000000000000, 0.8660254037844387100, 1.000000000000000000, 0.8660254037844387100, 1.000000000000000000, 0.8660254037844387100, 1.000000000000000000, 0.8660254037844387100, 1.000000000000000000, 0.8660254037844387100, 1.000000000000000000, 0.8660254037844387100, 1.000000000000000000, 0.8660254037844387100, 1.000000000000000000, 0.8660254037844387100, 1.000000000000000000, 0.8660254037844387100, 1.000000000000000000, 0.8660254037844387100, 1.000000000000000000, 0.8660254037844387100, 1.000000000000000000, 0.8660254037844387100, 1.000000000000000000, 0.8660254037844387100, 1.000000000000000000, 0.8660254037844387100, 1.000000000000000000, 0.8660254037844387100, 1.000000000000000000, 0.8660254037844387100, 1.000000000000000000, 0.8660254037844387100, 1.000000000000000000, 0.8660254037844387100, 1.000000000000000000, 0.8660254037844387100, 1.000000000000000000, 0.8660254037844387100, 1.000000000000000000, 0.8660254037844387100, 1.000000000000000000, 0.8660254037844387100, 1.000000000000000000, 0.8660254037844387100, 1.000000000000000000, 0.8660254037844387100, 1.000000000000000000, 0.8660254037844387100, 1.000000000000000000, 0.8660254037844387100, 1.000000000000000000, 0.8747651619100785800, 0.9836607502507634900 ) ) 
 REPRESENTATION_ITEM ( '' )  );
#2364 = CARTESIAN_POINT ( 'NONE',  ( 19.19123797632096300, 0.6390624999999856600, -1.106888719211963200 ) ) ;
#2365 = CARTESIAN_POINT ( 'NONE',  ( 16.34810095264187900, 0.9652524972597845700, -0.5572887891288959000 ) ) ;
#2366 = CARTESIAN_POINT ( 'NONE',  ( 0.4543509526418809100, -0.9652524972597843500, 1.182093381138184100E-016 ) ) ;
#2367 = CARTESIAN_POINT ( 'NONE',  ( 20.00000000000000000, 0.0000000000000000000, 0.0000000000000000000 ) ) ;
#2368 = CARTESIAN_POINT ( 'NONE',  ( 15.42500000000000100, -1.249999999999973400, 1.530808498934158800E-016 ) ) ;
#2369 = CARTESIAN_POINT ( 'NONE',  ( 2.423100952641880700, -2.047445795422216600E-016, -1.114577578257790000 ) ) ;
#2370 = CARTESIAN_POINT ( 'NONE',  ( 0.2250000000000027800, -1.249999999999973400, 1.530808498934159000E-016 ) ) ;
#2371 = CARTESIAN_POINT ( 'NONE',  ( 1.462500000000002600, -2.498395430326213100E-015, 1.249999999999973400 ) ) ;
#2372 = CARTESIAN_POINT ( 'NONE',  ( 1.639951905283759000, -1.249999999999973400, 1.530808498934159000E-016 ) ) ;
#2373 = CARTESIAN_POINT ( 'NONE',  ( 4.891237976320961200, 0.6390624999999856600, -1.106888719211963200 ) ) ;
#2374 = CARTESIAN_POINT ( 'NONE',  ( 17.88560095264188000, -0.4826262486298919500, 0.8359331836933424600 ) ) ;
#2375 = CARTESIAN_POINT ( 'NONE',  ( 0.5524519052837590900, 1.249999999999973400, 0.7216878364870166200 ) ) ;
#2376 = ADVANCED_FACE ( 'NONE', ( #4019 ), #4408, .F. ) ;
#2377 = CARTESIAN_POINT ( 'NONE',  ( 18.62873797632095900, -1.278124999999973800, -0.7379258128079745300 ) ) ;
#2378 = CARTESIAN_POINT ( 'NONE',  ( 17.09810095264188200, -0.9652524972597851200, -0.5572887891288950100 ) ) ;
#2379 = CARTESIAN_POINT ( 'NONE',  ( 19.46060095264188000, 0.4826262486298914500, -0.8359331836933428000 ) ) ;
#2380 = CARTESIAN_POINT ( 'NONE',  ( 2.591850952641881400, 6.824819318074054600E-017, 1.114577578257790000 ) ) ;
#2381 = CARTESIAN_POINT ( 'NONE',  ( 2.857355715851425300, 0.3349364905388938500, 1.249999999999974900 ) ) ;
#2382 = EDGE_CURVE ( 'NONE', #1821, #1001, #3925, .T. ) ;
#2383 = CARTESIAN_POINT ( 'NONE',  ( 18.83750000000000200, 1.249999999999973400, 0.7216878364870166200 ) ) ;
#2384 = ORIENTED_EDGE ( 'NONE', *, *, #1133, .T. ) ;
#2385 = CARTESIAN_POINT ( 'NONE',  ( 4.148100952641880400, -0.9652524972597844600, -0.5572887891288946800 ) ) ;
#2386 = CARTESIAN_POINT ( 'NONE',  ( 19.51685095264188200, 0.9652524972597842400, 0.5572887891288949000 ) ) ;
#2387 = ORIENTED_EDGE ( 'NONE', *, *, #4258, .T. ) ;
#2388 = CARTESIAN_POINT ( 'NONE',  ( 0.0000000000000000000, 1.530808498934159000E-016, -1.249999999999973400 ) ) ;
#2389 = CARTESIAN_POINT ( 'NONE',  ( 16.19810095264188000, -0.9652524972597844600, -0.5572887891288946800 ) ) ;
#2390 = CARTESIAN_POINT ( 'NONE',  ( 0.4399519052837591000, 0.6249999999999856800, -1.082531754730525800 ) ) ;
#2391 = ORIENTED_EDGE ( 'NONE', *, *, #4456, .T. ) ;
#2392 = CARTESIAN_POINT ( 'NONE',  ( 18.44123797632095900, 0.6390624999999867700, 1.106888719211962500 ) ) ;
#2393 = CARTESIAN_POINT ( 'NONE',  ( 16.16060095264187900, -0.9652524972597850100, 1.182093381138185100E-016 ) ) ;
#2394 = CARTESIAN_POINT ( 'NONE',  ( 19.19810095264188000, 6.824819318074054600E-017, 1.114577578257790000 ) ) ;
#2395 = CARTESIAN_POINT ( 'NONE',  ( 1.654350952641880900, 0.4826262486298922800, 0.8359331836933423500 ) ) ;
#2396 = CARTESIAN_POINT ( 'NONE',  ( 3.735600952641880700, -0.4826262486298926200, -0.8359331836933422400 ) ) ;
#2397 = ORIENTED_EDGE ( 'NONE', *, *, #1772, .T. ) ;
#2398 = CARTESIAN_POINT ( 'NONE',  ( 4.489951905283759500, 0.6249999999999856800, -1.082531754730525800 ) ) ;
#2399 = ADVANCED_FACE ( 'NONE', ( #829 ), #318, .F. ) ;
#2400 = ORIENTED_EDGE ( 'NONE', *, *, #1634, .F. ) ;
#2401 = CARTESIAN_POINT ( 'NONE',  ( 3.960600952641880400, 0.4826262486298922800, 0.8359331836933423500 ) ) ;
#2402 = B_SPLINE_CURVE_WITH_KNOTS ( 'NONE', 3,
 ( #3909, #4361, #378, #3546, #1918, #3221 ),
 .UNSPECIFIED., .F., .F.,
 ( 4, 2, 4 ),
 ( 0.009083838860003615500, 0.009740988960403096400, 0.01039813906080257500 ),
 .UNSPECIFIED. ) ;
#2403 = DIRECTION ( 'NONE',  ( -1.000000000000000000, -0.0000000000000000000, -0.0000000000000000000 ) ) ;
#2404 = CARTESIAN_POINT ( 'NONE',  ( 17.97500000000000500, 0.6249999999999867900, 1.082531754730525100 ) ) ;
#2405 = CARTESIAN_POINT ( 'NONE',  ( 18.86060095264188200, -0.9652524972597843500, 1.182093381138184100E-016 ) ) ;
#2406 = CARTESIAN_POINT ( 'NONE',  ( 2.577451905283759000, -1.249999999999973400, -0.7216878364870162900 ) ) ;
#2407 = ORIENTED_EDGE ( 'NONE', *, *, #1587, .F. ) ;
#2408 = CARTESIAN_POINT ( 'NONE',  ( 0.6793509526418809500, 0.9652524972597843500, 0.0000000000000000000 ) ) ;
#2409 = CARTESIAN_POINT ( 'NONE',  ( 20.27873797632095800, 9.036984846634954800E-017, 1.475851625615950000 ) ) ;
#2410 = CARTESIAN_POINT ( 'NONE',  ( 17.17310095264187800, -2.047445795422217900E-016, -1.114577578257790700 ) ) ;
#2411 = EDGE_LOOP ( 'NONE', ( #5096, #4170, #487, #5264 ) ) ;
#2412 = EDGE_CURVE ( 'NONE', #3033, #2460, #3187, .T. ) ;
#2413 = CARTESIAN_POINT ( 'NONE',  ( 19.86022993090465900, -2.066424524318477100, 1.405025455977997100 ) ) ;
#2414 = CARTESIAN_POINT ( 'NONE',  ( 1.579350952641881000, 0.9652524972597843500, 0.0000000000000000000 ) ) ;
#2415 = CARTESIAN_POINT ( 'NONE',  ( 2.760600952641880700, -0.9652524972597843500, 1.182093381138184100E-016 ) ) ;
#2416 = CARTESIAN_POINT ( 'NONE',  ( 2.672548094716093100, 0.3349364905388956300, -1.249999999999973600 ) ) ;
#2417 = CARTESIAN_POINT ( 'NONE',  ( 16.50245190528376000, -5.229199737892074000E-016, -1.249999999999973400 ) ) ;
#2418 = CARTESIAN_POINT ( 'NONE',  ( 4.612500000000003400, -5.171097518582163300E-015, 1.249999999999973400 ) ) ;
#2419 = ORIENTED_EDGE ( 'NONE', *, *, #4913, .F. ) ;
#2420 = CARTESIAN_POINT ( 'NONE',  ( 0.4356009526418808700, -0.4826262486298919500, 0.8359331836933424600 ) ) ;
#2421 = EDGE_CURVE ( 'NONE', #3438, #4570, #5175, .T. ) ;
#2422 = CARTESIAN_POINT ( 'NONE',  ( 0.3981009526418808300, 6.824819318074054600E-017, 1.114577578257790000 ) ) ;
#2423 = CARTESIAN_POINT ( 'NONE',  ( 20.07935095264188200, -0.4826262486298919500, 0.8359331836933424600 ) ) ;
#2424 = CARTESIAN_POINT ( 'NONE',  ( 2.400000000000002600, -0.6249999999999863400, 1.082531754730525300 ) ) ;
#2425 = CARTESIAN_POINT ( 'NONE',  ( 1.714951905283759000, -0.6249999999999872300, -1.082531754730524900 ) ) ;
#2426 = CYLINDRICAL_SURFACE ( 'NONE', #5198, 1.249999999999973400 ) ;
#2427 = CARTESIAN_POINT ( 'NONE',  ( 0.8725480947160932900, 0.3349364905388956300, -1.249999999999973600 ) ) ;
#2428 =( BOUNDED_CURVE ( )  B_SPLINE_CURVE ( 2, ( #3793, #4221, #4633, #882, #4164, #3741, #4144, #4649, #1422 ),
 .UNSPECIFIED., .F., .F. ) 
 B_SPLINE_CURVE_WITH_KNOTS ( ( 3, 2, 2, 2, 3 ),
 ( 0.2291666666666666600, 0.2361111111111111000, 0.2500000000000000000, 0.2638888888888889000, 0.2708333333333333700 ),
 .UNSPECIFIED. ) 
 CURVE ( )  GEOMETRIC_REPRESENTATION_ITEM ( )  RATIONAL_B_SPLINE_CURVE ( ( 0.9330127018922194100, 0.9330127018922194100, 1.000000000000000000, 0.8660254037844387100, 1.000000000000000000, 0.8660254037844387100, 1.000000000000000000, 0.9330127018922190800, 0.9330127018922194100 ) ) 
 REPRESENTATION_ITEM ( '' )  );
#2429 = CARTESIAN_POINT ( 'NONE',  ( 0.4918509526418810600, -0.9652524972597844600, -0.5572887891288946800 ) ) ;
#2430 = CARTESIAN_POINT ( 'NONE',  ( 0.8856009526418807700, -0.4826262486298919500, 0.8359331836933424600 ) ) ;
#2431 = CONICAL_SURFACE ( 'NONE', #4511, 2.249999999999998700, 1.047197551196600100 ) ;
#2432 = CARTESIAN_POINT ( 'NONE',  ( 18.41060095264188200, -0.9652524972597850100, 1.182093381138185100E-016 ) ) ;
#2433 = CARTESIAN_POINT ( 'NONE',  ( 19.36250000000000400, -5.171097518582163300E-015, 1.249999999999973400 ) ) ;
#2434 = CARTESIAN_POINT ( 'NONE',  ( 1.954350952641880700, 0.4826262486298914500, -0.8359331836933428000 ) ) ;
#2435 = CARTESIAN_POINT ( 'NONE',  ( 3.773100952641880800, -2.047445795422216600E-016, -1.114577578257790000 ) ) ;
#2436 = CARTESIAN_POINT ( 'NONE',  ( 4.452451905283759000, 4.822484202722691300E-015, -1.249999999999973400 ) ) ;
#2437 = CYLINDRICAL_SURFACE ( 'NONE', #3066, 1.249999999999973400 ) ;
#2438 = CARTESIAN_POINT ( 'NONE',  ( 0.06250000000004485300, 0.8122873928260059300, 0.9500995692325839800 ) ) ;
#2439 = CARTESIAN_POINT ( 'NONE',  ( 3.037500000000001900, -5.229199737892074000E-016, -1.249999999999973400 ) ) ;
#2440 = FACE_OUTER_BOUND ( 'NONE', #103, .T. ) ;
#2441 = CARTESIAN_POINT ( 'NONE',  ( 4.710600952641881300, 0.4826262486298914500, -0.8359331836933428000 ) ) ;
#2442 = DIRECTION ( 'NONE',  ( -1.000000000000000000, -0.0000000000000000000, -0.0000000000000000000 ) ) ;
#2443 = CARTESIAN_POINT ( 'NONE',  ( 0.8524519052837590300, -5.229199737892074000E-016, -1.249999999999973400 ) ) ;
#2444 = CARTESIAN_POINT ( 'NONE',  ( 4.441237976320960200, 0.6390624999999856600, -1.106888719211963200 ) ) ;
#2445 = CARTESIAN_POINT ( 'NONE',  ( 20.00000000000000000, 0.0000000000000000000, 0.0000000000000000000 ) ) ;
#2446 = CARTESIAN_POINT ( 'NONE',  ( 20.00000000000000000, 2.249999999999997800, 0.2200247406038692600 ) ) ;
#2447 = CARTESIAN_POINT ( 'NONE',  ( 1.691850952641880800, 6.824819318074054600E-017, 1.114577578257790000 ) ) ;
#2448 = FACE_OUTER_BOUND ( 'NONE', #1690, .T. ) ;
#2449 = EDGE_CURVE ( 'NONE', #1574, #1701, #3712, .T. ) ;
#2450 = CARTESIAN_POINT ( 'NONE',  ( 16.48235571585142300, -0.3349364905388966300, -1.249999999999973100 ) ) ;
#2451 = CARTESIAN_POINT ( 'NONE',  ( 18.56060095264187700, 0.4826262486298917900, -0.8359331836933434600 ) ) ;
#2452 = DIRECTION ( 'NONE',  ( 0.0000000000000000000, 0.0000000000000000000, 1.000000000000000000 ) ) ;
#2453 = VERTEX_POINT ( 'NONE', #2994 ) ;
#2454 = CARTESIAN_POINT ( 'NONE',  ( 2.291850952641880700, -0.9652524972597844600, -0.5572887891288946800 ) ) ;
#2455 = CARTESIAN_POINT ( 'NONE',  ( 3.285600952641880600, -0.4826262486298926200, -0.8359331836933422400 ) ) ;
#2456 = EDGE_CURVE ( 'NONE', #1529, #1041, #2658, .T. ) ;
#2457 = CARTESIAN_POINT ( 'NONE',  ( 16.51250000000000300, 1.249999999999972900, -0.7216878364870175100 ) ) ;
#2458 = ADVANCED_FACE ( 'NONE', ( #1084 ), #4792, .F. ) ;
#2459 = CARTESIAN_POINT ( 'NONE',  ( 0.0000000000000000000, 0.0000000000000000000, 1.249999999999973400 ) ) ;
#2460 = VERTEX_POINT ( 'NONE', #3354 ) ;
#2461 = CARTESIAN_POINT ( 'NONE',  ( 18.00245190528376000, 1.249999999999973400, 0.7216878364870166200 ) ) ;
#2462 = CARTESIAN_POINT ( 'NONE',  ( -0.1643990473581190800, 0.9652524972597843500, 0.0000000000000000000 ) ) ;
#2463 = CARTESIAN_POINT ( 'NONE',  ( 17.58995190528375800, 0.6249999999999866800, 1.082531754730525100 ) ) ;
#2464 = CARTESIAN_POINT ( 'NONE',  ( 4.800000000000000700, -0.2644488599585895200, 1.059166136374163600 ) ) ;
#2465 = EDGE_LOOP ( 'NONE', ( #3129, #2855, #3282, #5153 ) ) ;
#2466 = CARTESIAN_POINT ( 'NONE',  ( 20.00000000000000000, 2.249999999999998700, 0.0000000000000000000 ) ) ;
#2467 = CARTESIAN_POINT ( 'NONE',  ( 0.09240381056766856800, 0.3349364905388963500, 1.249999999999973400 ) ) ;
#2468 = CARTESIAN_POINT ( 'NONE',  ( -0.03314904735811897300, -0.9652524972597841300, 0.5572887891288953500 ) ) ;
#2469 = ORIENTED_EDGE ( 'NONE', *, *, #606, .F. ) ;
#2470 = CARTESIAN_POINT ( 'NONE',  ( 1.710600952641880800, 0.4826262486298922800, 0.8359331836933423500 ) ) ;
#2471 = DIRECTION ( 'NONE',  ( 0.0000000000000000000, 0.0000000000000000000, 1.000000000000000000 ) ) ;
#2472 = CARTESIAN_POINT ( 'NONE',  ( 19.57310095264187700, 0.9652524972597850100, 0.5572887891288952300 ) ) ;
#2473 = CARTESIAN_POINT ( 'NONE',  ( 0.4237139289628007500, 0.6390624999999857700, -1.106888719211963400 ) ) ;
#2474 = CARTESIAN_POINT ( 'NONE',  ( 4.879350952641880600, -0.4826262486298919500, 0.8359331836933424600 ) ) ;
#2475 = CARTESIAN_POINT ( 'NONE',  ( 2.348100952641880600, -0.9652524972597844600, -0.5572887891288946800 ) ) ;
#2476 = CARTESIAN_POINT ( 'NONE',  ( 15.19999999999999600, -0.9631645500732876100, 0.06345417991252606800 ) ) ;
#2477 = VERTEX_POINT ( 'NONE', #3778 ) ;
#2478 = CARTESIAN_POINT ( 'NONE',  ( 3.964951905283759200, -0.6249999999999872300, -1.082531754730524900 ) ) ;
#2479 = CARTESIAN_POINT ( 'NONE',  ( 19.66709980817509500, -0.1387977917081170700, 0.9728643771151616000 ) ) ;
#2480 = ORIENTED_EDGE ( 'NONE', *, *, #5244, .F. ) ;
#2481 = CARTESIAN_POINT ( 'NONE',  ( 15.19999999999999800, -9.797174393178889000E-017, 0.0000000000000000000 ) ) ;
#2482 = CARTESIAN_POINT ( 'NONE',  ( 0.7399519052837590900, -1.249999999999973400, 1.530808498934159000E-016 ) ) ;
#2483 = CARTESIAN_POINT ( 'NONE',  ( 16.10435095264188000, -0.9652524972597843500, 1.182093381138184100E-016 ) ) ;
#2484 = CARTESIAN_POINT ( 'NONE',  ( 0.4168509526418809300, -0.9652524972597841300, 0.5572887891288953500 ) ) ;
#2485 = B_SPLINE_CURVE_WITH_KNOTS ( 'NONE', 3,
 ( #3785, #1778, #2199, #3822 ),
 .UNSPECIFIED., .F., .F.,
 ( 4, 4 ),
 ( 2.380746839933941900E-007, 0.001314652396222794100 ),
 .UNSPECIFIED. ) ;
#2486 = ORIENTED_EDGE ( 'NONE', *, *, #157, .F. ) ;
#2487 = CARTESIAN_POINT ( 'NONE',  ( 19.32500000000000300, 0.6249999999999867900, 1.082531754730525100 ) ) ;
#2488 = CARTESIAN_POINT ( 'NONE',  ( 18.44810095264188000, -0.9652524972597851200, -0.5572887891288950100 ) ) ;
#2489 = EDGE_CURVE ( 'NONE', #838, #2713, #1536, .T. ) ;
#2490 = CARTESIAN_POINT ( 'NONE',  ( -0.1012860710371991500, -0.6390624999999873200, -1.106888719211962500 ) ) ;
#2491 = CARTESIAN_POINT ( 'NONE',  ( 4.541850952641880200, -0.9652524972597844600, -0.5572887891288946800 ) ) ;
#2492 = CARTESIAN_POINT ( 'NONE',  ( 3.402451905283759200, -1.249999999999973100, 0.7216878364870171800 ) ) ;
#2493 = B_SPLINE_CURVE_WITH_KNOTS ( 'NONE', 3,
 ( #2150, #2587, #3845, #1000 ),
 .UNSPECIFIED., .F., .F.,
 ( 4, 4 ),
 ( 2.380746839932196200E-007, 0.001314652396222794500 ),
 .UNSPECIFIED. ) ;
#2494 = CARTESIAN_POINT ( 'NONE',  ( 0.0000000000000000000, -1.125000000000000200, 1.948557158514985000 ) ) ;
#2495 = FACE_OUTER_BOUND ( 'NONE', #3262, .T. ) ;
#2496 = AXIS2_PLACEMENT_3D ( 'NONE', #300, #695, #4804 ) ;
#2497 = CARTESIAN_POINT ( 'NONE',  ( 19.75401562217701500, -0.6712450618482003200, 0.8433642125683427100 ) ) ;
#2498 =( BOUNDED_CURVE ( )  B_SPLINE_CURVE ( 2, ( #4326, #5146, #3563, #1572, #1936, #1919, #267, #2351, #3131 ),
 .UNSPECIFIED., .F., .F. ) 
 B_SPLINE_CURVE_WITH_KNOTS ( ( 3, 2, 2, 2, 3 ),
 ( 0.3958333333333333700, 0.4027777777777777900, 0.4166666666666666900, 0.4305555555555555800, 0.4375000000000000000 ),
 .UNSPECIFIED. ) 
 CURVE ( )  GEOMETRIC_REPRESENTATION_ITEM ( )  RATIONAL_B_SPLINE_CURVE ( ( 0.9330127018922194100, 0.9330127018922196300, 1.000000000000000000, 0.8660254037844387100, 1.000000000000000000, 0.8660254037844387100, 1.000000000000000000, 0.9330127018922194100, 0.9330127018922194100 ) ) 
 REPRESENTATION_ITEM ( '' )  );
#2499 = CARTESIAN_POINT ( 'NONE',  ( 4.560600952641880000, -0.9652524972597843500, 1.182093381138184100E-016 ) ) ;
#2500 = CARTESIAN_POINT ( 'NONE',  ( 3.692403810567667800, 0.3349364905388963500, 1.249999999999973400 ) ) ;
#2501 = CARTESIAN_POINT ( 'NONE',  ( 15.76250000000000300, -5.229199737892074000E-016, 1.249999999999973600 ) ) ;
#2502 = CARTESIAN_POINT ( 'NONE',  ( 19.87745190528375600, 1.452555482747798400E-016, 1.249999999999973100 ) ) ;
#2503 = DIRECTION ( 'NONE',  ( -1.000000000000000000, -0.0000000000000000000, -0.0000000000000000000 ) ) ;
#2504 = FACE_OUTER_BOUND ( 'NONE', #980, .T. ) ;
#2505 = CARTESIAN_POINT ( 'NONE',  ( 2.704350952641880700, -0.9652524972597843500, 1.182093381138184100E-016 ) ) ;
#2506 = CARTESIAN_POINT ( 'NONE',  ( 3.937500000000003600, 4.822484202722691300E-015, -1.249999999999973400 ) ) ;
#2507 = CARTESIAN_POINT ( 'NONE',  ( 19.26121392896280000, 1.278124999999973300, -0.7379258128079758700 ) ) ;
#2508 = CARTESIAN_POINT ( 'NONE',  ( 0.9793509526418808800, -0.4826262486298926200, -0.8359331836933422400 ) ) ;
#2509 = CARTESIAN_POINT ( 'NONE',  ( 19.64810095264188000, 6.824819318074059600E-017, 1.114577578257790700 ) ) ;
#2510 = CARTESIAN_POINT ( 'NONE',  ( 1.035600952641880800, -0.4826262486298926200, -0.8359331836933422400 ) ) ;
#2511 = CARTESIAN_POINT ( 'NONE',  ( 19.93102017635793300, -0.8161614770525483800, 0.9541712513527032000 ) ) ;
#2512 = CARTESIAN_POINT ( 'NONE',  ( 17.76740381056766400, -0.3349364905388953500, -1.249999999999973800 ) ) ;
#2513 = DIRECTION ( 'NONE',  ( -1.000000000000000000, -0.0000000000000000000, -0.0000000000000000000 ) ) ;
#2514 = FACE_OUTER_BOUND ( 'NONE', #4121, .T. ) ;
#2515 = CARTESIAN_POINT ( 'NONE',  ( 17.37935095264187900, -0.4826262486298919500, 0.8359331836933424600 ) ) ;
#2516 = CARTESIAN_POINT ( 'NONE',  ( 18.54754809471609200, -0.3349364905388960100, 1.249999999999973400 ) ) ;
#2517 = CARTESIAN_POINT ( 'NONE',  ( 2.085600952641880800, 0.9652524972597843500, 0.0000000000000000000 ) ) ;
#2518 = CARTESIAN_POINT ( 'NONE',  ( 17.42254809471609200, 0.3349364905388968500, -1.249999999999972900 ) ) ;
#2519 = CARTESIAN_POINT ( 'NONE',  ( 0.0000000000000000000, 0.0000000000000000000, 0.0000000000000000000 ) ) ;
#2520 = CARTESIAN_POINT ( 'NONE',  ( 15.91685095264188200, 0.9652524972597842400, 0.5572887891288949000 ) ) ;
#2521 = CARTESIAN_POINT ( 'NONE',  ( 4.227451905283760200, -5.200148628237119300E-015, 1.249999999999973400 ) ) ;
#2522 = CARTESIAN_POINT ( 'NONE',  ( 2.516850952641881200, 0.9652524972597842400, 0.5572887891288949000 ) ) ;
#2523 = ORIENTED_EDGE ( 'NONE', *, *, #32, .T. ) ;
#2524 = CARTESIAN_POINT ( 'NONE',  ( 18.39871392896279900, 1.278124999999973500, 0.0000000000000000000 ) ) ;
#2525 = CARTESIAN_POINT ( 'NONE',  ( 1.616850952641880800, 0.9652524972597843500, 0.5572887891288949000 ) ) ;
#2526 = CARTESIAN_POINT ( 'NONE',  ( 16.90373797632096100, -2.711095453990486600E-016, -1.475851625615950000 ) ) ;
#2527 = CARTESIAN_POINT ( 'NONE',  ( 1.223100952641880800, 0.9652524972597843500, 0.5572887891288949000 ) ) ;
#2528 = CARTESIAN_POINT ( 'NONE',  ( 17.32745190528375900, -1.249999999999973400, -0.7216878364870162900 ) ) ;
#2529 = CARTESIAN_POINT ( 'NONE',  ( 4.766850952641880700, 0.9652524972597842400, 0.5572887891288949000 ) ) ;
#2530 = CARTESIAN_POINT ( 'NONE',  ( 1.762500000000002800, 1.249999999999973100, -0.7216878364870175100 ) ) ;
#2531 = ORIENTED_EDGE ( 'NONE', *, *, #662, .F. ) ;
#2532 =( BOUNDED_CURVE ( )  B_SPLINE_CURVE ( 2, ( #4158, #2548, #1267, #1707, #1687, #4928, #2950, #2890, #4535 ),
 .UNSPECIFIED., .F., .F. ) 
 B_SPLINE_CURVE_WITH_KNOTS ( ( 3, 2, 2, 2, 3 ),
 ( 0.5208333333333333700, 0.5277777777777777900, 0.5416666666666666300, 0.5555555555555555800, 0.5625000000000000000 ),
 .UNSPECIFIED. ) 
 CURVE ( )  GEOMETRIC_REPRESENTATION_ITEM ( )  RATIONAL_B_SPLINE_CURVE ( ( 0.9330127018922193000, 0.9330127018922198500, 1.000000000000000000, 0.8660254037844387100, 1.000000000000000000, 0.8660254037844387100, 1.000000000000000000, 0.9330127018922194100, 0.9330127018922194100 ) ) 
 REPRESENTATION_ITEM ( '' )  );
#2533 = CARTESIAN_POINT ( 'NONE',  ( 15.32371392896280000, 0.6390624999999868800, 1.106888719211962700 ) ) ;
#2534 = CARTESIAN_POINT ( 'NONE',  ( 15.42935095264188100, 0.9652524972597843500, 0.0000000000000000000 ) ) ;
#2535 = ORIENTED_EDGE ( 'NONE', *, *, #3287, .F. ) ;
#2536 = CARTESIAN_POINT ( 'NONE',  ( 3.757355715851424400, 0.3349364905388938500, 1.249999999999974900 ) ) ;
#2537 = CARTESIAN_POINT ( 'NONE',  ( 1.448100952641880700, -0.9652524972597844600, -0.5572887891288946800 ) ) ;
#2538 = CARTESIAN_POINT ( 'NONE',  ( 0.3472475027402642200, 0.6360407303598217800, 0.7260609979812952000 ) ) ;
#2539 = CARTESIAN_POINT ( 'NONE',  ( 1.377451905283759000, 1.249999999999972900, -0.7216878364870175100 ) ) ;
#2540 = CARTESIAN_POINT ( 'NONE',  ( 15.61685095264188000, -0.9652524972597841300, 0.5572887891288953500 ) ) ;
#2541 = ORIENTED_EDGE ( 'NONE', *, *, #4392, .F. ) ;
#2542 = CARTESIAN_POINT ( 'NONE',  ( 18.66121392896280200, -1.278124999999973800, -0.7379258128079745300 ) ) ;
#2543 = CARTESIAN_POINT ( 'NONE',  ( 0.2009618943233409100, -2.249999999999998200, -1.299038105676658200 ) ) ;
#2544 = CARTESIAN_POINT ( 'NONE',  ( 16.71623797632096100, -0.6390624999999863200, 1.106888719211962700 ) ) ;
#2545 = VERTEX_POINT ( 'NONE', #956 ) ;
#2546 = CARTESIAN_POINT ( 'NONE',  ( 0.8362139289628007800, -2.711095453990486600E-016, -1.475851625615950200 ) ) ;
#2547 = CARTESIAN_POINT ( 'NONE',  ( 4.391850952641880700, 6.824819318074054600E-017, 1.114577578257790000 ) ) ;
#2548 = CARTESIAN_POINT ( 'NONE',  ( 2.832596189432336600, -0.3349364905388985100, 1.249999999999971800 ) ) ;
#2549 = CARTESIAN_POINT ( 'NONE',  ( 15.77371392896280100, 0.6390624999999868800, 1.106888719211962700 ) ) ;
#2550 = ORIENTED_EDGE ( 'NONE', *, *, #1213, .T. ) ;
#2551 = CARTESIAN_POINT ( 'NONE',  ( 16.17935095264188000, -0.4826262486298926200, -0.8359331836933422400 ) ) ;
#2552 = CARTESIAN_POINT ( 'NONE',  ( 0.7875000000000026400, -5.229199737892074000E-016, -1.249999999999973400 ) ) ;
#2553 = CARTESIAN_POINT ( 'NONE',  ( 0.9981009526418807000, -0.9652524972597844600, -0.5572887891288946800 ) ) ;
#2554 = CARTESIAN_POINT ( 'NONE',  ( 0.3375424192509348100, 0.7989671865765227700, 0.5962371864903977000 ) ) ;
#2555 = EDGE_CURVE ( 'NONE', #3416, #4252, #1137, .T. ) ;
#2556 = CARTESIAN_POINT ( 'NONE',  ( 0.0000000000000000000, 0.0000000000000000000, 0.0000000000000000000 ) ) ;
#2557 = PERSON_AND_ORGANIZATION ( #1409, #1976 ) ;
#2558 = CARTESIAN_POINT ( 'NONE',  ( 15.16685095264188200, -0.9652524972597841300, 0.5572887891288953500 ) ) ;
#2559 = CARTESIAN_POINT ( 'NONE',  ( 3.187500000000001800, 1.249999999999973400, 0.7216878364870166200 ) ) ;
#2560 = LINE ( 'NONE', #2388, #4462 ) ;
#2561 = CARTESIAN_POINT ( 'NONE',  ( 19.03621392896279500, -1.278124999999973500, 0.7379258128079755300 ) ) ;
#2562 = CARTESIAN_POINT ( 'NONE',  ( 15.25373797632095900, 1.278124999999973500, 0.7379258128079748700 ) ) ;
#2563 = EDGE_CURVE ( 'NONE', #793, #2598, #193, .T. ) ;
#2564 = CARTESIAN_POINT ( 'NONE',  ( 18.31685095264188200, -0.9652524972597841300, 0.5572887891288953500 ) ) ;
#2565 = CARTESIAN_POINT ( 'NONE',  ( 1.785600952641880800, -0.4826262486298919500, 0.8359331836933424600 ) ) ;
#2566 = CARTESIAN_POINT ( 'NONE',  ( 0.0000000000000000000, 2.249999999999998700, 0.0000000000000000000 ) ) ;
#2567 = CARTESIAN_POINT ( 'NONE',  ( 16.86121392896279800, -1.278124999999973800, -0.7379258128079745300 ) ) ;
#2568 = CARTESIAN_POINT ( 'NONE',  ( 17.45435095264188200, -0.9652524972597843500, 1.182093381138184100E-016 ) ) ;
#2569 = FACE_OUTER_BOUND ( 'NONE', #3856, .T. ) ;
#2570 = CARTESIAN_POINT ( 'NONE',  ( 19.98106339205085600, 2.249999999999998700, -0.4381532948924718500 ) ) ;
#2571 = DIRECTION ( 'NONE',  ( 0.0000000000000000000, -0.0000000000000000000, -1.000000000000000000 ) ) ;
#2572 = B_SPLINE_CURVE_WITH_KNOTS ( 'NONE', 3,
 ( #298, #3524, #3239, #3576, #3160, #317 ),
 .UNSPECIFIED., .F., .F.,
 ( 4, 2, 4 ),
 ( 0.001314652396222795200, 0.001969405109320633700, 0.002624157822418472500 ),
 .UNSPECIFIED. ) ;
#2573 = CARTESIAN_POINT ( 'NONE',  ( 16.10000000000000100, 1.249999999999973400, 0.0000000000000000000 ) ) ;
#2574 = VECTOR ( 'NONE', #4621, 1000.000000000000000 ) ;
#2575 = CARTESIAN_POINT ( 'NONE',  ( 18.84871392896279800, 1.278124999999973500, 0.0000000000000000000 ) ) ;
#2576 = CARTESIAN_POINT ( 'NONE',  ( 0.9418509526418809000, -0.9652524972597845700, -0.5572887891288946800 ) ) ;
#2577 = CARTESIAN_POINT ( 'NONE',  ( 16.11623797632096000, 1.278124999999973300, 0.0000000000000000000 ) ) ;
#2578 = CARTESIAN_POINT ( 'NONE',  ( 16.70435095264188200, 0.4826262486298914500, -0.8359331836933428000 ) ) ;
#2579 = LINE ( 'NONE', #2189, #910 ) ;
#2580 = CARTESIAN_POINT ( 'NONE',  ( 16.43750000000000000, -4.938688641342514700E-016, -1.249999999999973400 ) ) ;
#2581 = CARTESIAN_POINT ( 'NONE',  ( 16.27310095264188000, -2.047445795422216600E-016, -1.114577578257790000 ) ) ;
#2582 = CARTESIAN_POINT ( 'NONE',  ( 16.93621392896280000, -2.711095453990486600E-016, -1.475851625615950200 ) ) ;
#2583 = CARTESIAN_POINT ( 'NONE',  ( 16.66685095264188000, -2.047445795422216600E-016, -1.114577578257790000 ) ) ;
#2584 = EDGE_LOOP ( 'NONE', ( #2419, #3209, #4688, #1552 ) ) ;
#2585 = CARTESIAN_POINT ( 'NONE',  ( 3.572548094716093000, 0.3349364905388980700, -1.249999999999972000 ) ) ;
#2586 = CARTESIAN_POINT ( 'NONE',  ( 15.20000000000000300, -0.3125630333223302100, 0.9899828553859987300 ) ) ;
#2587 = CARTESIAN_POINT ( 'NONE',  ( 0.07827230715412615600, 0.3680687615027715100, 2.385571612819396200 ) ) ;
#2588 = ORIENTED_EDGE ( 'NONE', *, *, #5282, .T. ) ;
#2589 = CARTESIAN_POINT ( 'NONE',  ( 0.0000000000000000000, 1.124999999999999300, -1.948557158514985500 ) ) ;
#2590 = EDGE_CURVE ( 'NONE', #3021, #4046, #4529, .T. ) ;
#2591 = CARTESIAN_POINT ( 'NONE',  ( 19.71121392896279900, 1.278124999999973300, -0.7379258128079758700 ) ) ;
#2592 = EDGE_LOOP ( 'NONE', ( #2888, #4891, #1961, #3273 ) ) ;
#2593 = CARTESIAN_POINT ( 'NONE',  ( 4.091850952641880900, -0.9652524972597845700, -0.5572887891288946800 ) ) ;
#2594 = CARTESIAN_POINT ( 'NONE',  ( 16.94123797632095900, 0.6390624999999856600, -1.106888719211963200 ) ) ;
#2595 = CARTESIAN_POINT ( 'NONE',  ( 17.15435095264188100, 0.4826262486298914500, -0.8359331836933428000 ) ) ;
#2596 = CARTESIAN_POINT ( 'NONE',  ( 16.32500000000000300, -1.249999999999973400, 1.530808498934158800E-016 ) ) ;
#2597 = CARTESIAN_POINT ( 'NONE',  ( 15.56060095264188100, 0.4826262486298922800, 0.8359331836933423500 ) ) ;
#2598 = VERTEX_POINT ( 'NONE', #2271 ) ;
#2599 = VERTEX_POINT ( 'NONE', #1803 ) ;
#2600 = CARTESIAN_POINT ( 'NONE',  ( 18.39185095264187800, -0.9652524972597845700, -0.5572887891288946800 ) ) ;
#2601 = CARTESIAN_POINT ( 'NONE',  ( 0.8625000000000026000, 1.249999999999973100, -0.7216878364870175100 ) ) ;
#2602 = ORIENTED_EDGE ( 'NONE', *, *, #2657, .T. ) ;
#2603 = CARTESIAN_POINT ( 'NONE',  ( 19.46495190528376200, -0.6249999999999863400, 1.082531754730525300 ) ) ;
#2604 = DIRECTION ( 'NONE',  ( -1.000000000000000000, -0.0000000000000000000, -0.0000000000000000000 ) ) ;
#2605 = AXIS2_PLACEMENT_3D ( 'NONE', #692, #3662, #1633 ) ;
#2606 = CARTESIAN_POINT ( 'NONE',  ( 19.79903810567666200, -1.620551435720649300E-015, 2.598076211353314700 ) ) ;
#2607 = EDGE_LOOP ( 'NONE', ( #3276, #1776, #2602, #4833, #3086, #3400, #1445, #1787, #4739 ) ) ;
#2608 = CARTESIAN_POINT ( 'NONE',  ( 4.391850952641880700, 6.824819318074054600E-017, 1.114577578257790000 ) ) ;
#2609 = CARTESIAN_POINT ( 'NONE',  ( 16.10435095264188000, -0.9652524972597843500, 1.182093381138184100E-016 ) ) ;
#2610 = CARTESIAN_POINT ( 'NONE',  ( 2.479350952641880700, 0.9652524972597843500, 0.0000000000000000000 ) ) ;
#2611 = CARTESIAN_POINT ( 'NONE',  ( 0.09123797632096097800, 0.6390624999999867700, 1.106888719211962500 ) ) ;
#2612 = CARTESIAN_POINT ( 'NONE',  ( 18.39185095264188200, -0.9652524972597844600, -0.5572887891288946800 ) ) ;
#2613 = CARTESIAN_POINT ( 'NONE',  ( 15.86060095264188200, 0.4826262486298914500, -0.8359331836933428000 ) ) ;
#2614 = ORIENTED_EDGE ( 'NONE', *, *, #967, .T. ) ;
#2615 = ORIENTED_EDGE ( 'NONE', *, *, #529, .T. ) ;
#2616 = CARTESIAN_POINT ( 'NONE',  ( 19.10435095264188000, 0.4826262486298922800, 0.8359331836933423500 ) ) ;
#2617 = CARTESIAN_POINT ( 'NONE',  ( 3.011213928962800600, -1.278124999999973800, -0.7379258128079745300 ) ) ;
#2618 = CARTESIAN_POINT ( 'NONE',  ( 4.162500000000003200, -5.171097518582163300E-015, 1.249999999999973400 ) ) ;
#2619 = EDGE_CURVE ( 'NONE', #799, #1694, #3446, .T. ) ;
#2620 = CARTESIAN_POINT ( 'NONE',  ( 0.0000000000000000000, 0.0000000000000000000, 0.0000000000000000000 ) ) ;
#2621 = CARTESIAN_POINT ( 'NONE',  ( 0.1774519052837592000, -5.519710834441634400E-016, 1.249999999999973600 ) ) ;
#2622 = CARTESIAN_POINT ( 'NONE',  ( 20.00000000000000000, -2.249999999999998200, -1.299038105676658200 ) ) ;
#2623 = APPLICATION_CONTEXT ( 'configuration controlled 3d designs of mechanical parts and assemblies' ) ;
#2624 = CARTESIAN_POINT ( 'NONE',  ( 2.966850952641880900, 0.9652524972597842400, 0.5572887891288949000 ) ) ;
#2625 = CARTESIAN_POINT ( 'NONE',  ( 20.01121392896279600, -1.278124999999973800, -0.7379258128079745300 ) ) ;
#2626 = CARTESIAN_POINT ( 'NONE',  ( 2.291850952641880700, -0.9652524972597845700, -0.5572887891288946800 ) ) ;
#2627 = CARTESIAN_POINT ( 'NONE',  ( 4.860600952641880700, 0.4826262486298922800, 0.8359331836933423500 ) ) ;
#2628 = VECTOR ( 'NONE', #5211, 1000.000000000000000 ) ;
#2629 = AXIS2_PLACEMENT_3D ( 'NONE', #471, #3353, #2941 ) ;
#2630 = CARTESIAN_POINT ( 'NONE',  ( 16.81685095264188200, 0.9652524972597842400, 0.5572887891288949000 ) ) ;
#2631 = CARTESIAN_POINT ( 'NONE',  ( 16.83560095264188000, 0.9652524972597843500, 0.0000000000000000000 ) ) ;
#2632 = CARTESIAN_POINT ( 'NONE',  ( 3.262500000000002400, -5.171097518582163300E-015, 1.249999999999973400 ) ) ;
#2633 = CARTESIAN_POINT ( 'NONE',  ( 2.148713928962800800, -0.6390624999999873200, -1.106888719211962500 ) ) ;
#2634 = VECTOR ( 'NONE', #1121, 1000.000000000000000 ) ;
#2635 = DIRECTION ( 'NONE',  ( 1.000000000000000000, 0.0000000000000000000, 0.0000000000000000000 ) ) ;
#2636 = DIRECTION ( 'NONE',  ( -1.000000000000000000, -0.0000000000000000000, -0.0000000000000000000 ) ) ;
#2637 = B_SPLINE_CURVE_WITH_KNOTS ( 'NONE', 3,
 ( #1557, #28, #4544, #2464, #2094, #4919, #861, #4936, #10, #3725, #1659, #1273 ),
 .UNSPECIFIED., .F., .F.,
 ( 4, 2, 2, 2, 2, 4 ),
 ( 0.0000000000000000000, 0.0006411953993288304200, 0.001282390798657660400, 0.001923586197986490800, 0.002244183897650905700, 0.002564781597315320400 ),
 .UNSPECIFIED. ) ;
#2638 = PERSON_AND_ORGANIZATION_ROLE ( 'creator' ) ;
#2639 = ORIENTED_EDGE ( 'NONE', *, *, #3079, .F. ) ;
#2640 = CARTESIAN_POINT ( 'NONE',  ( 2.591850952641881400, 6.824819318074054600E-017, 1.114577578257790000 ) ) ;
#2641 = CARTESIAN_POINT ( 'NONE',  ( 15.69185095264188100, -0.9652524972597844600, -0.5572887891288946800 ) ) ;
#2642 = CARTESIAN_POINT ( 'NONE',  ( 3.529350952641880900, -0.4826262486298919500, 0.8359331836933424600 ) ) ;
#2643 = CARTESIAN_POINT ( 'NONE',  ( 1.328737976320960800, 1.278124999999972900, -0.7379258128079757600 ) ) ;
#2644 = AXIS2_PLACEMENT_3D ( 'NONE', #1594, #3642, #4915 ) ;
#2645 = CARTESIAN_POINT ( 'NONE',  ( 20.15435095264188100, -0.9652524972597843500, 1.182093381138184100E-016 ) ) ;
#2646 = ORIENTED_EDGE ( 'NONE', *, *, #909, .F. ) ;
#2647 = CARTESIAN_POINT ( 'NONE',  ( 19.04810095264188200, 0.9652524972597840100, -0.5572887891288955700 ) ) ;
#2648 = ORIENTED_EDGE ( 'NONE', *, *, #2188, .T. ) ;
#2649 = CARTESIAN_POINT ( 'NONE',  ( 19.47935095264188000, 0.9652524972597843500, 0.0000000000000000000 ) ) ;
#2650 = ORIENTED_EDGE ( 'NONE', *, *, #1171, .F. ) ;
#2651 = CARTESIAN_POINT ( 'NONE',  ( 2.073713928962800600, -1.278124999999973500, 1.565251690160178300E-016 ) ) ;
#2652 = CARTESIAN_POINT ( 'NONE',  ( 19.42745190528375700, -5.200148628237119300E-015, 1.249999999999973400 ) ) ;
#2653 = CARTESIAN_POINT ( 'NONE',  ( 0.2899519052837591400, -1.249999999999973400, 1.530808498934159000E-016 ) ) ;
#2654 = CARTESIAN_POINT ( 'NONE',  ( 19.62500000000000400, 0.6249999999999857900, -1.082531754730525800 ) ) ;
#2655 = ORIENTED_EDGE ( 'NONE', *, *, #2856, .T. ) ;
#2656 = DATE_TIME_ROLE ( 'classification_date' ) ;
#2657 = EDGE_CURVE ( 'NONE', #3681, #1093, #2884, .T. ) ;
#2658 =( BOUNDED_CURVE ( )  B_SPLINE_CURVE ( 2, ( #1718, #4975, #4587, #531, #3387, #3372, #1768, #4996, #2957 ),
 .UNSPECIFIED., .F., .F. ) 
 B_SPLINE_CURVE_WITH_KNOTS ( ( 3, 2, 2, 2, 3 ),
 ( 0.7430555555555555800, 0.7500000000000000000, 0.7638888888888888400, 0.7777777777777777900, 0.7847222222222222100 ),
 .UNSPECIFIED. ) 
 CURVE ( )  GEOMETRIC_REPRESENTATION_ITEM ( )  RATIONAL_B_SPLINE_CURVE ( ( 0.9330127018922194100, 0.9330127018922194100, 1.000000000000000000, 0.8660254037844387100, 1.000000000000000000, 0.8660254037844387100, 1.000000000000000000, 0.9330127018922194100, 0.9330127018922194100 ) ) 
 REPRESENTATION_ITEM ( '' )  );
#2659 = CARTESIAN_POINT ( 'NONE',  ( 1.598100952641880600, 0.9652524972597841300, -0.5572887891288955700 ) ) ;
#2660 = CARTESIAN_POINT ( 'NONE',  ( 15.27935095264188100, -0.4826262486298926200, -0.8359331836933422400 ) ) ;
#2661 = CARTESIAN_POINT ( 'NONE',  ( 3.829350952641880700, 0.9652524972597843500, 0.0000000000000000000 ) ) ;
#2662 = CARTESIAN_POINT ( 'NONE',  ( 0.1287379763209609800, 9.036984846634954800E-017, 1.475851625615950000 ) ) ;
#2663 = ORIENTED_EDGE ( 'NONE', *, *, #950, .T. ) ;
#2664 = CARTESIAN_POINT ( 'NONE',  ( 19.77935095264188100, -0.4826262486298926200, -0.8359331836933422400 ) ) ;
#2665 = DIRECTION ( 'NONE',  ( -1.000000000000000000, -0.0000000000000000000, -0.0000000000000000000 ) ) ;
#2666 = CARTESIAN_POINT ( 'NONE',  ( 17.24810095264188100, 0.9652524972597840100, -0.5572887891288955700 ) ) ;
#2667 = ORIENTED_EDGE ( 'NONE', *, *, #2124, .T. ) ;
#2668 = CARTESIAN_POINT ( 'NONE',  ( 2.111213928962801100, -1.278124999999973800, -0.7379258128079745300 ) ) ;
#2669 = VERTEX_POINT ( 'NONE', #5078 ) ;
#2670 = CARTESIAN_POINT ( 'NONE',  ( 0.2236291349921810700, -0.3018500825830415800, -1.056982606879272000 ) ) ;
#2671 = ADVANCED_FACE ( 'NONE', ( #4155 ), #4540, .F. ) ;
#2672 = CARTESIAN_POINT ( 'NONE',  ( 15.57500000000000300, 0.6249999999999857900, -1.082531754730525800 ) ) ;
#2673 = VERTEX_POINT ( 'NONE', #4682 ) ;
#2674 = CARTESIAN_POINT ( 'NONE',  ( 3.450000000000002400, -0.6249999999999872300, -1.082531754730524900 ) ) ;
#2675 = PERSON_AND_ORGANIZATION_ROLE ( 'design_owner' ) ;
#2676 = CARTESIAN_POINT ( 'NONE',  ( -0.05189904735811908000, 6.824819318074054600E-017, 1.114577578257790000 ) ) ;
#2677 = CARTESIAN_POINT ( 'NONE',  ( 1.973100952641880600, -2.047445795422216600E-016, -1.114577578257790000 ) ) ;
#2678 = CARTESIAN_POINT ( 'NONE',  ( 18.31685095264188200, -0.9652524972597841300, 0.5572887891288953500 ) ) ;
#2679 = CARTESIAN_POINT ( 'NONE',  ( 18.22745190528375800, -1.249999999999973400, -0.7216878364870162900 ) ) ;
#2680 = CARTESIAN_POINT ( 'NONE',  ( 4.973100952641880600, -0.9652524972597841300, 0.5572887891288953500 ) ) ;
#2681 = CARTESIAN_POINT ( 'NONE',  ( 15.29810095264188200, -0.9652524972597844600, -0.5572887891288946800 ) ) ;
#2682 = CARTESIAN_POINT ( 'NONE',  ( 18.18560095264188100, 0.9652524972597843500, 0.0000000000000000000 ) ) ;
#2683 = CYLINDRICAL_SURFACE ( 'NONE', #2803, 1.249999999999973400 ) ;
#2684 = CARTESIAN_POINT ( 'NONE',  ( 2.786213928962801000, 1.278124999999973800, 0.7379258128079749800 ) ) ;
#2685 =( BOUNDED_SURFACE ( )  B_SPLINE_SURFACE ( 1, 2, ( 
 ( #3926, #4726, #1494, #3541, #1514, #4319, #1884, #2297, #5139, #2311, #3156, #1167, #3210, #775, #314, #5223, #705, #346, #1532, #2778, #4828, #1948, #1607, #4022, #1965, #736, #3969, #4388, #3637, #368, #2393, #4796, #4441, #4422, #5235, #2365, #2026, #1586, #4864, #4003, #2002, #1187, #2797, #3192, #5209, #3574, #5255, #1566, #4813, #4404, #5191, #3988, #4041, #4458, #330, #2378, #4844, #2410, #2764, #718, #2746, #295, #1132, #3140, #2814, #3558, #1982, #1116, #1547, #3172, #3592, #1147, #754, #3612, #3285, #4532, #849, #443, #4924, #2854, #1665, #1628, #460, #4063, #3234, #4098, #4514, #3710, #2083, #3305, #2432, #2488, #2835, #4887, #2451, #3269, #2871, #5276, #1264, #1204, #814, #4115, #870, #828, #5293, #3731, #38, #387, #17, #795, #1683, #3675, #1282, #2886, #2104, #2067, #5310, #4942, #2046, #427, #3658, #2472, #2123, #2509, #4477, #3693, #2906, #4135, #1244, #4494, #1703, #4551, #407, #1223, #3251, #4082, #1646, #4908, #2947, #944, #3000 ),
 ( #1303, #2562, #4608, #1724, #1380, #3801, #1740, #518, #3748, #4154, #3393, #137, #2177, #4572, #4212, #4192, #5019, #2140, #1792, #1361, #4641, #3783, #1775, #959, #2577, #2981, #4982, #3342, #5036, #1345, #4593, #4173, #4961, #3767, #554, #3819, #98, #2158, #4626, #2195, #2544, #78, #4229, #57, #908, #2526, #2594, #2927, #1758, #479, #500, #1325, #5002, #3326, #2964, #889, #537, #3359, #3378, #929, #116, #3663, #2035, #3537, #3139, #688, #4827, #2745, #1964, #2763, #1981, #1081, #3155, #1493, #3540, #1095, #1947, #1531, #3941, #5222, #5170, #4778, #4403, #4421, #4795, #3958, #2392, #4002, #4353, #717, #1914, #2377, #2343, #5234, #3573, #1131, #704, #3968, #3987, #1513, #4387, #2325, #1115, #753, #3591, #4757, #2364, #1546, #2796, #5208, #3557, #4812, #1565, #3171, #5190, #2777, #345, #329, #294, #4372, #735, #3191, #2727, #1928, #313, #277, #1146, #3124, #1203, #3250, #367, #16, #4907, #386, #4476, #2409, #5254, #2082, #4097, #813, #2813 ) ),
 .UNSPECIFIED., .F., .F., .F. ) 
 B_SPLINE_SURFACE_WITH_KNOTS ( ( 2, 2 ),
 ( 3, 2, 2, 2, 2, 2, 2, 2, 2, 2, 2, 2, 2, 2, 2, 2, 2, 2, 2, 2, 2, 2, 2, 2, 2, 2, 2, 2, 2, 2, 2, 2, 2, 2, 2, 2, 2, 2, 2, 2, 2, 2, 2, 2, 2, 2, 2, 2, 2, 2, 2, 2, 2, 2, 2, 2, 2, 2, 2, 2, 2, 2, 2, 2, 2, 2, 2, 2, 2, 2, 3 ),
 ( 0.0000000000000000000, 1.000000000000000000 ),
 ( 0.0000000000000000000, 0.01388888888888888800, 0.02777777777777777600, 0.04166666666666666400, 0.05555555555555555200, 0.06944444444444444800, 0.08333333333333332900, 0.09722222222222222400, 0.1111111111111111000, 0.1250000000000000000, 0.1388888888888889000, 0.1527777777777777900, 0.1666666666666666600, 0.1805555555555555500, 0.1944444444444444500, 0.2083333333333333400, 0.2222222222222222100, 0.2361111111111111000, 0.2500000000000000000, 0.2638888888888889000, 0.2777777777777777900, 0.2916666666666666900, 0.3055555555555555800, 0.3194444444444444200, 0.3333333333333333100, 0.3472222222222222100, 0.3611111111111111000, 0.3750000000000000000, 0.3888888888888889000, 0.4027777777777777900, 0.4166666666666666900, 0.4305555555555555800, 0.4444444444444444200, 0.4583333333333333100, 0.4722222222222222100, 0.4861111111111111000, 0.5000000000000000000, 0.5138888888888888400, 0.5277777777777777900, 0.5416666666666666300, 0.5555555555555555800, 0.5694444444444444200, 0.5833333333333333700, 0.5972222222222222100, 0.6111111111111111600, 0.6250000000000000000, 0.6388888888888888400, 0.6527777777777777900, 0.6666666666666666300, 0.6805555555555555800, 0.6944444444444444200, 0.7083333333333333700, 0.7222222222222222100, 0.7361111111111111600, 0.7500000000000000000, 0.7638888888888888400, 0.7777777777777777900, 0.7916666666666666300, 0.8055555555555555800, 0.8194444444444444200, 0.8333333333333333700, 0.8472222222222222100, 0.8611111111111111600, 0.8750000000000000000, 0.8888888888888888400, 0.9027777777777777900, 0.9166666666666666300, 0.9305555555555555800, 0.9444444444444444200, 0.9583333333333333700, 0.9722222222222222100 ),
 .UNSPECIFIED. ) 
 GEOMETRIC_REPRESENTATION_ITEM ( )  RATIONAL_B_SPLINE_SURFACE ( (
 ( 1.000000000000000000, 0.8660254037844387100, 1.000000000000000000, 0.8660254037844387100, 1.000000000000000000, 0.8660254037844387100, 1.000000000000000000, 0.8660254037844387100, 1.000000000000000000, 0.8660254037844387100, 1.000000000000000000, 0.8660254037844387100, 1.000000000000000000, 0.8660254037844387100, 1.000000000000000000, 0.8660254037844387100, 1.000000000000000000, 0.8660254037844387100, 1.000000000000000000, 0.8660254037844387100, 1.000000000000000000, 0.8660254037844387100, 1.000000000000000000, 0.8660254037844387100, 1.000000000000000000, 0.8660254037844387100, 1.000000000000000000, 0.8660254037844387100, 1.000000000000000000, 0.8660254037844387100, 1.000000000000000000, 0.8660254037844387100, 1.000000000000000000, 0.8660254037844387100, 1.000000000000000000, 0.8660254037844387100, 1.000000000000000000, 0.8660254037844387100, 1.000000000000000000, 0.8660254037844387100, 1.000000000000000000, 0.8660254037844387100, 1.000000000000000000, 0.8660254037844387100, 1.000000000000000000, 0.8660254037844387100, 1.000000000000000000, 0.8660254037844387100, 1.000000000000000000, 0.8660254037844387100, 1.000000000000000000, 0.8660254037844387100, 1.000000000000000000, 0.8660254037844387100, 1.000000000000000000, 0.8660254037844387100, 1.000000000000000000, 0.8660254037844387100, 1.000000000000000000, 0.8660254037844387100, 1.000000000000000000, 0.8660254037844387100, 1.000000000000000000, 0.8660254037844387100, 1.000000000000000000, 0.8660254037844387100, 1.000000000000000000, 0.8660254037844387100, 1.000000000000000000, 0.8660254037844387100, 1.000000000000000000, 0.8660254037844387100, 1.000000000000000000, 0.8660254037844387100, 1.000000000000000000, 0.8660254037844387100, 1.000000000000000000, 0.8660254037844387100, 1.000000000000000000, 0.8660254037844387100, 1.000000000000000000, 0.8660254037844387100, 1.000000000000000000, 0.8660254037844387100, 1.000000000000000000, 0.8660254037844387100, 1.000000000000000000, 0.8660254037844387100, 1.000000000000000000, 0.8660254037844387100, 1.000000000000000000, 0.8660254037844387100, 1.000000000000000000, 0.8660254037844387100, 1.000000000000000000, 0.8660254037844387100, 1.000000000000000000, 0.8660254037844387100, 1.000000000000000000, 0.8660254037844387100, 1.000000000000000000, 0.8660254037844387100, 1.000000000000000000, 0.8660254037844387100, 1.000000000000000000, 0.8660254037844387100, 1.000000000000000000, 0.8660254037844387100, 1.000000000000000000, 0.8660254037844387100, 1.000000000000000000, 0.8660254037844387100, 1.000000000000000000, 0.8660254037844387100, 1.000000000000000000, 0.8660254037844387100, 1.000000000000000000, 0.8660254037844387100, 1.000000000000000000, 0.8660254037844387100, 1.000000000000000000, 0.8660254037844387100, 1.000000000000000000, 0.8660254037844387100, 1.000000000000000000, 0.8660254037844387100, 1.000000000000000000, 0.8660254037844387100, 1.000000000000000000, 0.8660254037844387100, 1.000000000000000000, 0.8660254037844387100, 1.000000000000000000, 0.8660254037844387100, 1.000000000000000000, 0.8660254037844387100, 1.000000000000000000, 0.8660254037844387100, 1.000000000000000000, 0.8660254037844387100, 1.000000000000000000),
 ( 1.000000000000000000, 0.8660254037844387100, 1.000000000000000000, 0.8660254037844387100, 1.000000000000000000, 0.8660254037844387100, 1.000000000000000000, 0.8660254037844387100, 1.000000000000000000, 0.8660254037844387100, 1.000000000000000000, 0.8660254037844387100, 1.000000000000000000, 0.8660254037844387100, 1.000000000000000000, 0.8660254037844387100, 1.000000000000000000, 0.8660254037844387100, 1.000000000000000000, 0.8660254037844387100, 1.000000000000000000, 0.8660254037844387100, 1.000000000000000000, 0.8660254037844387100, 1.000000000000000000, 0.8660254037844387100, 1.000000000000000000, 0.8660254037844387100, 1.000000000000000000, 0.8660254037844387100, 1.000000000000000000, 0.8660254037844387100, 1.000000000000000000, 0.8660254037844387100, 1.000000000000000000, 0.8660254037844387100, 1.000000000000000000, 0.8660254037844387100, 1.000000000000000000, 0.8660254037844387100, 1.000000000000000000, 0.8660254037844387100, 1.000000000000000000, 0.8660254037844387100, 1.000000000000000000, 0.8660254037844387100, 1.000000000000000000, 0.8660254037844387100, 1.000000000000000000, 0.8660254037844387100, 1.000000000000000000, 0.8660254037844387100, 1.000000000000000000, 0.8660254037844387100, 1.000000000000000000, 0.8660254037844387100, 1.000000000000000000, 0.8660254037844387100, 1.000000000000000000, 0.8660254037844387100, 1.000000000000000000, 0.8660254037844387100, 1.000000000000000000, 0.8660254037844387100, 1.000000000000000000, 0.8660254037844387100, 1.000000000000000000, 0.8660254037844387100, 1.000000000000000000, 0.8660254037844387100, 1.000000000000000000, 0.8660254037844387100, 1.000000000000000000, 0.8660254037844387100, 1.000000000000000000, 0.8660254037844387100, 1.000000000000000000, 0.8660254037844387100, 1.000000000000000000, 0.8660254037844387100, 1.000000000000000000, 0.8660254037844387100, 1.000000000000000000, 0.8660254037844387100, 1.000000000000000000, 0.8660254037844387100, 1.000000000000000000, 0.8660254037844387100, 1.000000000000000000, 0.8660254037844387100, 1.000000000000000000, 0.8660254037844387100, 1.000000000000000000, 0.8660254037844387100, 1.000000000000000000, 0.8660254037844387100, 1.000000000000000000, 0.8660254037844387100, 1.000000000000000000, 0.8660254037844387100, 1.000000000000000000, 0.8660254037844387100, 1.000000000000000000, 0.8660254037844387100, 1.000000000000000000, 0.8660254037844387100, 1.000000000000000000, 0.8660254037844387100, 1.000000000000000000, 0.8660254037844387100, 1.000000000000000000, 0.8660254037844387100, 1.000000000000000000, 0.8660254037844387100, 1.000000000000000000, 0.8660254037844387100, 1.000000000000000000, 0.8660254037844387100, 1.000000000000000000, 0.8660254037844387100, 1.000000000000000000, 0.8660254037844387100, 1.000000000000000000, 0.8660254037844387100, 1.000000000000000000, 0.8660254037844387100, 1.000000000000000000, 0.8660254037844387100, 1.000000000000000000, 0.8660254037844387100, 1.000000000000000000, 0.8660254037844387100, 1.000000000000000000, 0.8660254037844387100, 1.000000000000000000, 0.8660254037844387100, 1.000000000000000000, 0.8660254037844387100, 1.000000000000000000, 0.8660254037844387100, 1.000000000000000000) ) ) 
 REPRESENTATION_ITEM ( '' )  SURFACE ( )  );
#2686 = FACE_OUTER_BOUND ( 'NONE', #4449, .T. ) ;
#2687 = CARTESIAN_POINT ( 'NONE',  ( 2.625000000000002200, 0.6249999999999856800, -1.082531754730525800 ) ) ;
#2688 = EDGE_CURVE ( 'NONE', #2287, #5312, #3315, .T. ) ;
#2689 = CARTESIAN_POINT ( 'NONE',  ( 3.398100952641880400, 0.9652524972597840100, -0.5572887891288955700 ) ) ;
#2690 = CARTESIAN_POINT ( 'NONE',  ( 18.38750000000000300, 1.249999999999973400, 0.7216878364870166200 ) ) ;
#2691 = LINE ( 'NONE', #4877, #4662 ) ;
#2692 = CARTESIAN_POINT ( 'NONE',  ( 1.448100952641880700, -0.9652524972597844600, -0.5572887891288946800 ) ) ;
#2693 = CARTESIAN_POINT ( 'NONE',  ( 18.01685095264188200, -2.047445795422216600E-016, -1.114577578257790000 ) ) ;
#2694 = CARTESIAN_POINT ( 'NONE',  ( 3.091237976320960500, 0.6390624999999856600, -1.106888719211963200 ) ) ;
#2695 = EDGE_CURVE ( 'NONE', #4206, #2151, #33, .T. ) ;
#2696 = CARTESIAN_POINT ( 'NONE',  ( 20.11685095264188000, -0.9652524972597841300, 0.5572887891288953500 ) ) ;
#2697 = VECTOR ( 'NONE', #3145, 1000.000000000000000 ) ;
#2698 = CARTESIAN_POINT ( 'NONE',  ( 17.13560095264188400, -0.4826262486298926200, -0.8359331836933422400 ) ) ;
#2699 = CARTESIAN_POINT ( 'NONE',  ( 18.57500000000000300, -1.249999999999973400, 1.530808498934158800E-016 ) ) ;
#2700 = AXIS2_PLACEMENT_3D ( 'NONE', #1247, #4176, #4119 ) ;
#2701 = CARTESIAN_POINT ( 'NONE',  ( 0.07935095264188099500, -0.4826262486298926200, -0.8359331836933422400 ) ) ;
#2702 = CARTESIAN_POINT ( 'NONE',  ( 19.91074498996844600, -0.3686825588085536100, -2.385217236779674500 ) ) ;
#2703 = CARTESIAN_POINT ( 'NONE',  ( 2.610600952641880700, 0.4826262486298922800, 0.8359331836933423500 ) ) ;
#2704 = VERTEX_POINT ( 'NONE', #1037 ) ;
#2705 = CARTESIAN_POINT ( 'NONE',  ( 1.097548094716093200, -0.3349364905388960100, 1.249999999999973400 ) ) ;
#2706 = CARTESIAN_POINT ( 'NONE',  ( 1.560600952641880700, 0.4826262486298914500, -0.8359331836933428000 ) ) ;
#2707 = CARTESIAN_POINT ( 'NONE',  ( 16.77935095264188100, 0.9652524972597843500, 0.0000000000000000000 ) ) ;
#2708 = EDGE_LOOP ( 'NONE', ( #550, #3608, #3347, #1339 ) ) ;
#2709 = CARTESIAN_POINT ( 'NONE',  ( 4.241850952641880400, 0.9652524972597840100, -0.5572887891288955700 ) ) ;
#2710 = CARTESIAN_POINT ( 'NONE',  ( 2.378737976320960600, 9.036984846634954800E-017, 1.475851625615950000 ) ) ;
#2711 = CARTESIAN_POINT ( 'NONE',  ( 19.10435095264188000, 0.4826262486298922800, 0.8359331836933423500 ) ) ;
#2712 = CARTESIAN_POINT ( 'NONE',  ( 18.86060095264188200, -0.9652524972597843500, 1.182093381138184100E-016 ) ) ;
#2713 = VERTEX_POINT ( 'NONE', #4784 ) ;
#2714 = CARTESIAN_POINT ( 'NONE',  ( 0.3472475027402641700, -0.04622092203526400500, 0.9644265573962532700 ) ) ;
#2715 = EDGE_CURVE ( 'NONE', #5312, #1311, #2272, .T. ) ;
#2716 = CARTESIAN_POINT ( 'NONE',  ( 0.4168509526418808800, -0.9652524972597841300, 0.5572887891288953500 ) ) ;
#2717 = VERTEX_POINT ( 'NONE', #1822 ) ;
#2718 = CARTESIAN_POINT ( 'NONE',  ( 4.523100952641880400, -0.9652524972597841300, 0.5572887891288953500 ) ) ;
#2719 = ORIENTED_EDGE ( 'NONE', *, *, #4464, .F. ) ;
#2720 = EDGE_CURVE ( 'NONE', #2460, #4761, #3984, .T. ) ;
#2721 = CARTESIAN_POINT ( 'NONE',  ( 0.06060095264188091600, -0.9652524972597843500, 1.182093381138184100E-016 ) ) ;
#2722 = CARTESIAN_POINT ( 'NONE',  ( 17.86685095264188000, -0.9652524972597841300, 0.5572887891288953500 ) ) ;
#2723 = CARTESIAN_POINT ( 'NONE',  ( 3.466237976320960500, -0.6390624999999872100, -1.106888719211962300 ) ) ;
#2724 = CARTESIAN_POINT ( 'NONE',  ( 17.24810095264188100, 0.9652524972597841300, -0.5572887891288955700 ) ) ;
#2725 = VERTEX_POINT ( 'NONE', #4467 ) ;
#2726 = CARTESIAN_POINT ( 'NONE',  ( 19.81250000000000400, -5.171097518582163300E-015, 1.249999999999973400 ) ) ;
#2727 = CARTESIAN_POINT ( 'NONE',  ( 19.79123797632095700, 0.6390624999999867700, 1.106888719211962500 ) ) ;
#2728 = CARTESIAN_POINT ( 'NONE',  ( 16.20245190528376300, 1.249999999999973400, 0.7216878364870166200 ) ) ;
#2729 = CARTESIAN_POINT ( 'NONE',  ( -0.1831490473581189900, 0.9652524972597842400, 0.5572887891288949000 ) ) ;
#2730 = ORIENTED_EDGE ( 'NONE', *, *, #112, .F. ) ;
#2731 = CARTESIAN_POINT ( 'NONE',  ( 15.19999999999999800, -0.03989091626077025100, -1.182350425883181000 ) ) ;
#2732 = CARTESIAN_POINT ( 'NONE',  ( 3.773100952641880800, -2.047445795422216600E-016, -1.114577578257790000 ) ) ;
#2733 = CARTESIAN_POINT ( 'NONE',  ( 18.46250000000000200, -5.171097518582163300E-015, 1.249999999999973400 ) ) ;
#2734 = DIRECTION ( 'NONE',  ( 0.0000000000000000000, 0.0000000000000000000, 1.000000000000000000 ) ) ;
#2735 = AXIS2_PLACEMENT_3D ( 'NONE', #1771, #4977, #2154 ) ;
#2736 = CARTESIAN_POINT ( 'NONE',  ( 2.010600952641880700, 0.4826262486298914500, -0.8359331836933428000 ) ) ;
#2737 = CARTESIAN_POINT ( 'NONE',  ( 18.95435095264188200, 0.4826262486298914500, -0.8359331836933428000 ) ) ;
#2738 = CARTESIAN_POINT ( 'NONE',  ( 0.5625000000000027800, -5.229199737892074000E-016, 1.249999999999973600 ) ) ;
#2739 = CARTESIAN_POINT ( 'NONE',  ( 4.028737976320960500, 1.278124999999972900, -0.7379258128079757600 ) ) ;
#2740 = VECTOR ( 'NONE', #4020, 1000.000000000000000 ) ;
#2741 = CARTESIAN_POINT ( 'NONE',  ( 17.17310095264188200, -2.047445795422216600E-016, -1.114577578257790000 ) ) ;
#2742 = CARTESIAN_POINT ( 'NONE',  ( 20.00000000000000000, 0.0000000000000000000, 0.0000000000000000000 ) ) ;
#2743 = ADVANCED_FACE ( 'NONE', ( #5233 ), #4537, .F. ) ;
#2744 = FACE_OUTER_BOUND ( 'NONE', #3755, .T. ) ;
#2745 = CARTESIAN_POINT ( 'NONE',  ( 17.72873797632096100, -1.278124999999973800, -0.7379258128079745300 ) ) ;
#2746 = CARTESIAN_POINT ( 'NONE',  ( 17.28560095264187900, 0.9652524972597850100, 0.0000000000000000000 ) ) ;
#2747 = CARTESIAN_POINT ( 'NONE',  ( 0.2668509526418809700, 0.9652524972597842400, 0.5572887891288949000 ) ) ;
#2748 = PRODUCT_DEFINITION_SHAPE ( 'NONE', 'NONE',  #2772 ) ;
#2749 = CARTESIAN_POINT ( 'NONE',  ( 2.662500000000002800, 1.249999999999973100, -0.7216878364870175100 ) ) ;
#2750 = LINE ( 'NONE', #1382, #59 ) ;
#2751 = EDGE_CURVE ( 'NONE', #1885, #164, #2402, .T. ) ;
#2752 = CARTESIAN_POINT ( 'NONE',  ( 20.00000000000000000, -1.124999999999998200, -1.948557158514986600 ) ) ;
#2753 = CARTESIAN_POINT ( 'NONE',  ( 15.53750000000000100, -4.938688641342514700E-016, -1.249999999999973400 ) ) ;
#2754 = VECTOR ( 'NONE', #4410, 1000.000000000000000 ) ;
#2755 = CARTESIAN_POINT ( 'NONE',  ( 3.135600952641880200, -0.4826262486298919500, 0.8359331836933424600 ) ) ;
#2756 = CARTESIAN_POINT ( 'NONE',  ( 19.36685095264188000, -2.047445795422216600E-016, -1.114577578257790000 ) ) ;
#2757 = CARTESIAN_POINT ( 'NONE',  ( 18.01250000000000300, -5.171097518582163300E-015, 1.249999999999973400 ) ) ;
#2758 = CARTESIAN_POINT ( 'NONE',  ( 4.403737976320961400, -2.711095453990486600E-016, -1.475851625615950000 ) ) ;
#2759 = AXIS2_PLACEMENT_3D ( 'NONE', #955, #3814, #1786 ) ;
#2760 = CARTESIAN_POINT ( 'NONE',  ( 16.91060095264187900, 0.4826262486298922800, 0.8359331836933423500 ) ) ;
#2761 = CARTESIAN_POINT ( 'NONE',  ( 1.932596189432337100, -0.3349364905388972400, 1.249999999999972900 ) ) ;
#2762 = ORIENTED_EDGE ( 'NONE', *, *, #157, .T. ) ;
#2763 = CARTESIAN_POINT ( 'NONE',  ( 17.80373797632096000, -2.711095453990486600E-016, -1.475851625615950000 ) ) ;
#2764 = CARTESIAN_POINT ( 'NONE',  ( 17.21060095264188300, 0.4826262486298917900, -0.8359331836933434600 ) ) ;
#2765 = ORIENTED_EDGE ( 'NONE', *, *, #3352, .T. ) ;
#2766 = CARTESIAN_POINT ( 'NONE',  ( 0.4918509526418808900, -0.9652524972597844600, -0.5572887891288946800 ) ) ;
#2767 = CARTESIAN_POINT ( 'NONE',  ( 2.727451905283759400, 1.249999999999972900, -0.7216878364870175100 ) ) ;
#2768 = CARTESIAN_POINT ( 'NONE',  ( 4.785600952641880600, 0.9652524972597843500, 0.0000000000000000000 ) ) ;
#2769 = ORIENTED_EDGE ( 'NONE', *, *, #2812, .T. ) ;
#2770 = CARTESIAN_POINT ( 'NONE',  ( 3.360600952641880300, 0.4826262486298914500, -0.8359331836933428000 ) ) ;
#2771 = CARTESIAN_POINT ( 'NONE',  ( 16.88750000000000300, -4.938688641342514700E-016, -1.249999999999973400 ) ) ;
#2772 = PRODUCT_DEFINITION ( 'UNKNOWN', '', #685, #868 ) ;
#2773 = EDGE_LOOP ( 'NONE', ( #1903, #4385, #2469, #478 ) ) ;
#2774 = CARTESIAN_POINT ( 'NONE',  ( 17.96060095264188300, -0.9652524972597843500, 1.182093381138184100E-016 ) ) ;
#2775 = CARTESIAN_POINT ( 'NONE',  ( 19.73969516609796700, -0.3842663258117590100, -0.9986250106137967200 ) ) ;
#2776 = VERTEX_POINT ( 'NONE', #5145 ) ;
#2777 = CARTESIAN_POINT ( 'NONE',  ( 19.52873797632095800, -1.278124999999973800, -0.7379258128079745300 ) ) ;
#2778 = CARTESIAN_POINT ( 'NONE',  ( 15.74810095264187700, -0.9652524972597851200, -0.5572887891288950100 ) ) ;
#2779 = EDGE_CURVE ( 'NONE', #472, #1848, #1874, .T. ) ;
#2780 = CARTESIAN_POINT ( 'NONE',  ( 20.24810095264188100, -0.9652524972597844600, -0.5572887891288946800 ) ) ;
#2781 = CARTESIAN_POINT ( 'NONE',  ( 1.991850952641880800, 0.9652524972597841300, -0.5572887891288955700 ) ) ;
#2782 = CARTESIAN_POINT ( 'NONE',  ( 15.56495190528376000, -0.6249999999999872300, -1.082531754730524900 ) ) ;
#2783 = ORIENTED_EDGE ( 'NONE', *, *, #3530, .F. ) ;
#2784 = DIRECTION ( 'NONE',  ( 0.0000000000000000000, 0.0000000000000000000, 1.000000000000000000 ) ) ;
#2785 = DIRECTION ( 'NONE',  ( -1.000000000000000000, -0.0000000000000000000, -0.0000000000000000000 ) ) ;
#2786 = EDGE_CURVE ( 'NONE', #3134, #4457, #919, .T. ) ;
#2787 = CARTESIAN_POINT ( 'NONE',  ( 4.298100952641880700, 0.9652524972597841300, -0.5572887891288955700 ) ) ;
#2788 = CARTESIAN_POINT ( 'NONE',  ( 19.10435095264188000, 0.4826262486298922800, 0.8359331836933423500 ) ) ;
#2789 = DIRECTION ( 'NONE',  ( -1.000000000000000000, -0.0000000000000000000, -0.0000000000000000000 ) ) ;
#2790 = CARTESIAN_POINT ( 'NONE',  ( 17.80759618943233800, 0.3349364905388968500, -1.249999999999972900 ) ) ;
#2791 = ORIENTED_EDGE ( 'NONE', *, *, #3495, .F. ) ;
#2792 = CARTESIAN_POINT ( 'NONE',  ( 17.28560095264187900, 0.9652524972597843500, 0.0000000000000000000 ) ) ;
#2793 = CARTESIAN_POINT ( 'NONE',  ( 19.91074498996845700, 1.881317441191407800, -1.511897080250316000 ) ) ;
#2794 = CARTESIAN_POINT ( 'NONE',  ( 19.49810095264188100, 0.9652524972597840100, -0.5572887891288955700 ) ) ;
#2795 = ADVANCED_FACE ( 'NONE', ( #1353 ), #4282, .T. ) ;
#2796 = CARTESIAN_POINT ( 'NONE',  ( 19.26623797632095900, 1.278124999999973300, 0.0000000000000000000 ) ) ;
#2797 = CARTESIAN_POINT ( 'NONE',  ( 16.61060095264187800, -0.9652524972597850100, 1.182093381138185100E-016 ) ) ;
#2798 = CARTESIAN_POINT ( 'NONE',  ( 19.91060095264188200, 0.4826262486298914500, -0.8359331836933428000 ) ) ;
#2799 = CARTESIAN_POINT ( 'NONE',  ( 2.779350952641880500, -0.4826262486298926200, -0.8359331836933422400 ) ) ;
#2800 = CARTESIAN_POINT ( 'NONE',  ( 2.385600952641880700, -0.4826262486298926200, -0.8359331836933422400 ) ) ;
#2801 = CARTESIAN_POINT ( 'NONE',  ( 4.650000000000002100, -0.6249999999999863400, 1.082531754730525300 ) ) ;
#2802 = CARTESIAN_POINT ( 'NONE',  ( -2.858736196983262400E-017, -2.249999999999999100, 0.2200247406038681700 ) ) ;
#2803 = AXIS2_PLACEMENT_3D ( 'NONE', #3636, #1627, #1186 ) ;
#2804 = CARTESIAN_POINT ( 'NONE',  ( 3.323100952641880700, -2.047445795422216600E-016, -1.114577578257790000 ) ) ;
#2805 = CARTESIAN_POINT ( 'NONE',  ( 19.96685095264188100, 0.9652524972597842400, 0.5572887891288949000 ) ) ;
#2806 = CARTESIAN_POINT ( 'NONE',  ( 0.06495190528375918700, 1.249999999999973400, 0.0000000000000000000 ) ) ;
#2807 =( BOUNDED_CURVE ( )  B_SPLINE_CURVE ( 2, ( #4735, #3533, #3935, #2679, #2307, #638, #1488, #4347, #1506 ),
 .UNSPECIFIED., .F., .F. ) 
 B_SPLINE_CURVE_WITH_KNOTS ( ( 3, 2, 2, 2, 3 ),
 ( 0.3263888888888888400, 0.3333333333333333700, 0.3472222222222222100, 0.3611111111111110500, 0.3680555555555554700 ),
 .UNSPECIFIED. ) 
 CURVE ( )  GEOMETRIC_REPRESENTATION_ITEM ( )  RATIONAL_B_SPLINE_CURVE ( ( 0.9330127018922193000, 0.9330127018922187400, 1.000000000000000000, 0.8660254037844387100, 1.000000000000000000, 0.8660254037844387100, 1.000000000000000000, 0.9330127018922198500, 0.9330127018922193000 ) ) 
 REPRESENTATION_ITEM ( '' )  );
#2808 = CARTESIAN_POINT ( 'NONE',  ( 18.93560095264188100, -0.4826262486298926200, -0.8359331836933422400 ) ) ;
#2809 = FACE_OUTER_BOUND ( 'NONE', #2227, .T. ) ;
#2810 =( BOUNDED_CURVE ( )  B_SPLINE_CURVE ( 2, ( #4276, #1889, #2654, #2302, #3498, #233, #3864, #3480, #4748 ),
 .UNSPECIFIED., .F., .F. ) 
 B_SPLINE_CURVE_WITH_KNOTS ( ( 3, 2, 2, 2, 3 ),
 ( 0.8125000000000000000, 0.8194444444444444200, 0.8333333333333333700, 0.8472222222222222100, 0.8541666666666667400 ),
 .UNSPECIFIED. ) 
 CURVE ( )  GEOMETRIC_REPRESENTATION_ITEM ( )  RATIONAL_B_SPLINE_CURVE ( ( 0.9330127018922194100, 0.9330127018922194100, 1.000000000000000000, 0.8660254037844387100, 1.000000000000000000, 0.8660254037844387100, 1.000000000000000000, 0.9330127018922187400, 0.9330127018922193000 ) ) 
 REPRESENTATION_ITEM ( '' )  );
#2811 = CARTESIAN_POINT ( 'NONE',  ( 0.8293509526418809700, -0.4826262486298919500, 0.8359331836933424600 ) ) ;
#2812 = EDGE_CURVE ( 'NONE', #1883, #1308, #303, .T. ) ;
#2813 = CARTESIAN_POINT ( 'NONE',  ( 20.46623797632096100, -0.6390624999999872100, -1.106888719211962300 ) ) ;
#2814 = CARTESIAN_POINT ( 'NONE',  ( 17.43560095264188100, -0.4826262486298922800, 0.8359331836933431300 ) ) ;
#2815 = CYLINDRICAL_SURFACE ( 'NONE', #1559, 1.249999999999973400 ) ;
#2816 = CARTESIAN_POINT ( 'NONE',  ( 19.68560095264188100, -0.4826262486298919500, 0.8359331836933424600 ) ) ;
#2817 = CARTESIAN_POINT ( 'NONE',  ( 2.029350952641880900, 0.9652524972597843500, 0.0000000000000000000 ) ) ;
#2818 = CARTESIAN_POINT ( 'NONE',  ( 2.423100952641880700, -2.047445795422216600E-016, -1.114577578257790000 ) ) ;
#2819 = CARTESIAN_POINT ( 'NONE',  ( 4.639951905283759000, 0.6249999999999866800, 1.082531754730525100 ) ) ;
#2820 = EDGE_CURVE ( 'NONE', #933, #5212, #251, .T. ) ;
#2821 = CARTESIAN_POINT ( 'NONE',  ( 18.68750000000000400, 4.851535312377648100E-015, -1.249999999999973400 ) ) ;
#2822 = B_SPLINE_CURVE_WITH_KNOTS ( 'NONE', 3,
 ( #2847, #2446, #4077, #1642, #3168, #732 ),
 .UNSPECIFIED., .F., .F.,
 ( 4, 2, 4 ),
 ( 0.01435674665605921600, 0.01500251238029528700, 0.01564827810453135700 ),
 .UNSPECIFIED. ) ;
#2823 = CARTESIAN_POINT ( 'NONE',  ( 3.889951905283758600, -1.249999999999973400, 1.530808498934159000E-016 ) ) ;
#2824 = DIRECTION ( 'NONE',  ( -1.000000000000000000, -0.0000000000000000000, -0.0000000000000000000 ) ) ;
#2825 = CARTESIAN_POINT ( 'NONE',  ( 0.0000000000000000000, 0.0000000000000000000, 0.0000000000000000000 ) ) ;
#2826 = CARTESIAN_POINT ( 'NONE',  ( 0.5856009526418808300, -0.4826262486298926200, -0.8359331836933422400 ) ) ;
#2827 = ORIENTED_EDGE ( 'NONE', *, *, #1699, .T. ) ;
#2828 = CARTESIAN_POINT ( 'NONE',  ( 1.667403810567668300, -0.3349364905388966300, -1.249999999999973100 ) ) ;
#2829 = CARTESIAN_POINT ( 'NONE',  ( 5.228737976320959800, -1.278124999999973800, -0.7379258128079745300 ) ) ;
#2830 = CARTESIAN_POINT ( 'NONE',  ( 3.327451905283759400, 1.452555482747798400E-016, 1.249999999999973100 ) ) ;
#2831 = CARTESIAN_POINT ( 'NONE',  ( 1.766850952641880700, -0.9652524972597841300, 0.5572887891288953500 ) ) ;
#2832 = CARTESIAN_POINT ( 'NONE',  ( 1.560600952641880700, 0.4826262486298914500, -0.8359331836933428000 ) ) ;
#2833 = ORIENTED_EDGE ( 'NONE', *, *, #800, .T. ) ;
#2834 = CARTESIAN_POINT ( 'NONE',  ( 19.81250000000000700, -5.171097518582163300E-015, 1.249999999999973400 ) ) ;
#2835 = CARTESIAN_POINT ( 'NONE',  ( 18.48560095264188200, -0.4826262486298929500, -0.8359331836933428000 ) ) ;
#2836 = CARTESIAN_POINT ( 'NONE',  ( 19.76060095264188000, -0.9652524972597843500, 1.182093381138184100E-016 ) ) ;
#2837 = CARTESIAN_POINT ( 'NONE',  ( 1.916850952641880700, -2.047445795422216600E-016, -1.114577578257790000 ) ) ;
#2838 = CARTESIAN_POINT ( 'NONE',  ( 4.335600952641880400, 0.9652524972597843500, 0.0000000000000000000 ) ) ;
#2839 = EDGE_LOOP ( 'NONE', ( #978, #555, #2987, #3048 ) ) ;
#2840 = CARTESIAN_POINT ( 'NONE',  ( 4.602451905283759400, 1.249999999999973400, 0.7216878364870166200 ) ) ;
#2841 = CARTESIAN_POINT ( 'NONE',  ( 1.462500000000002600, -2.498395430326213100E-015, 1.249999999999973400 ) ) ;
#2842 = CARTESIAN_POINT ( 'NONE',  ( 16.65245190528375500, 1.249999999999973400, 0.7216878364870166200 ) ) ;
#2843 = VERTEX_POINT ( 'NONE', #3314 ) ;
#2844 = DIRECTION ( 'NONE',  ( 0.0000000000000000000, 0.0000000000000000000, 1.000000000000000000 ) ) ;
#2845 = CARTESIAN_POINT ( 'NONE',  ( -1.219727444046192100E-015, -0.9340480779059874300, 2.058803302138240400 ) ) ;
#2846 = DIRECTION ( 'NONE',  ( 0.0000000000000000000, 0.0000000000000000000, 1.000000000000000000 ) ) ;
#2847 = CARTESIAN_POINT ( 'NONE',  ( 20.00000000000000000, 2.249999999999998700, 0.0000000000000000000 ) ) ;
#2848 = ORIENTED_EDGE ( 'NONE', *, *, #2555, .F. ) ;
#2849 = CARTESIAN_POINT ( 'NONE',  ( 1.504350952641880800, 0.4826262486298914500, -0.8359331836933428000 ) ) ;
#2850 = ADVANCED_FACE ( 'NONE', ( #1530 ), #1920, .F. ) ;
#2851 = DIRECTION ( 'NONE',  ( 0.0000000000000000000, 0.0000000000000000000, 1.000000000000000000 ) ) ;
#2852 = ORIENTED_EDGE ( 'NONE', *, *, #2155, .F. ) ;
#2853 = CARTESIAN_POINT ( 'NONE',  ( 16.38995190528375900, -1.249999999999973400, 1.530808498934159000E-016 ) ) ;
#2854 = CARTESIAN_POINT ( 'NONE',  ( 17.99810095264187700, -0.9652524972597851200, -0.5572887891288950100 ) ) ;
#2855 = ORIENTED_EDGE ( 'NONE', *, *, #2929, .F. ) ;
#2856 = EDGE_CURVE ( 'NONE', #221, #2599, #3580, .T. ) ;
#2857 = CARTESIAN_POINT ( 'NONE',  ( 19.87310095264188100, -2.047445795422216600E-016, -1.114577578257790000 ) ) ;
#2858 = CARTESIAN_POINT ( 'NONE',  ( 2.441850952641881000, 0.9652524972597841300, -0.5572887891288955700 ) ) ;
#2859 = CARTESIAN_POINT ( 'NONE',  ( 3.810600952641880000, 0.4826262486298914500, -0.8359331836933428000 ) ) ;
#2860 = CARTESIAN_POINT ( 'NONE',  ( 17.77745190528375800, -1.249999999999973400, -0.7216878364870162900 ) ) ;
#2861 = CARTESIAN_POINT ( 'NONE',  ( 15.91250000000000300, -1.249999999999973600, -0.7216878364870164000 ) ) ;
#2862 = ORIENTED_EDGE ( 'NONE', *, *, #2619, .F. ) ;
#2863 = CARTESIAN_POINT ( 'NONE',  ( 0.5856009526418808300, -0.4826262486298926200, -0.8359331836933422400 ) ) ;
#2864 = CARTESIAN_POINT ( 'NONE',  ( 4.227451905283760200, -5.200148628237119300E-015, 1.249999999999973400 ) ) ;
#2865 = DATE_AND_TIME ( #2361, #1006 ) ;
#2866 = CARTESIAN_POINT ( 'NONE',  ( 3.252451905283759300, 1.249999999999973400, 0.7216878364870166200 ) ) ;
#2867 = CARTESIAN_POINT ( 'NONE',  ( 15.50435095264188100, 0.4826262486298922800, 0.8359331836933423500 ) ) ;
#2868 = CARTESIAN_POINT ( 'NONE',  ( 1.204350952641880700, 0.4826262486298922800, 0.8359331836933423500 ) ) ;
#2869 = CARTESIAN_POINT ( 'NONE',  ( 19.17500000000000100, 0.6249999999999857900, -1.082531754730525800 ) ) ;
#2870 = DIRECTION ( 'NONE',  ( -1.000000000000000000, -0.0000000000000000000, -0.0000000000000000000 ) ) ;
#2871 = CARTESIAN_POINT ( 'NONE',  ( 18.63560095264188000, 0.9652524972597850100, 0.0000000000000000000 ) ) ;
#2872 = CARTESIAN_POINT ( 'NONE',  ( 19.86022993090465900, 0.1835754756815193800, 2.492088861051974500 ) ) ;
#2873 = CARTESIAN_POINT ( 'NONE',  ( 3.566850952641880600, -0.9652524972597841300, 0.5572887891288953500 ) ) ;
#2874 = CARTESIAN_POINT ( 'NONE',  ( 17.58259618943233700, -0.3349364905388960100, 1.249999999999973400 ) ) ;
#2875 = VECTOR ( 'NONE', #1588, 1000.000000000000000 ) ;
#2876 =( BOUNDED_CURVE ( )  B_SPLINE_CURVE ( 2, ( #4463, #2381, #3640, #780, #2029, #2767, #5241, #2416, #4407 ),
 .UNSPECIFIED., .F., .F. ) 
 B_SPLINE_CURVE_WITH_KNOTS ( ( 3, 2, 2, 2, 3 ),
 ( 0.3680555555555554700, 0.3750000000000000000, 0.3888888888888888400, 0.4027777777777777900, 0.4097222222222222100 ),
 .UNSPECIFIED. ) 
 CURVE ( )  GEOMETRIC_REPRESENTATION_ITEM ( )  RATIONAL_B_SPLINE_CURVE ( ( 0.9330127018922193000, 0.9330127018922187400, 1.000000000000000000, 0.8660254037844387100, 1.000000000000000000, 0.8660254037844387100, 1.000000000000000000, 0.9330127018922194100, 0.9330127018922194100 ) ) 
 REPRESENTATION_ITEM ( '' )  );
#2877 = CARTESIAN_POINT ( 'NONE',  ( 4.410600952641879700, 0.4826262486298922800, 0.8359331836933423500 ) ) ;
#2878 = CARTESIAN_POINT ( 'NONE',  ( 19.85988269318450600, -2.249999999999998200, -1.088266271818338700 ) ) ;
#2879 = CARTESIAN_POINT ( 'NONE',  ( 0.0000000000000000000, 0.0000000000000000000, 1.249999999999973400 ) ) ;
#2880 = CARTESIAN_POINT ( 'NONE',  ( 15.57935095264188200, -0.4826262486298919500, 0.8359331836933424600 ) ) ;
#2881 = CARTESIAN_POINT ( 'NONE',  ( 0.6043509526418809900, 0.4826262486298914500, -0.8359331836933428000 ) ) ;
#2882 = FACE_OUTER_BOUND ( 'NONE', #1440, .T. ) ;
#2883 = EDGE_CURVE ( 'NONE', #1755, #2220, #4775, .T. ) ;
#2884 = B_SPLINE_CURVE_WITH_KNOTS ( 'NONE', 3,
 ( #214, #633, #4664, #198 ),
 .UNSPECIFIED., .F., .F.,
 ( 4, 4 ),
 ( 0.0000000000000000000, 0.0006992203592829972000 ),
 .UNSPECIFIED. ) ;
#2885 = PLANE ( 'NONE',  #893 ) ;
#2886 = CARTESIAN_POINT ( 'NONE',  ( 19.27310095264188000, -0.9652524972597847900, 0.5572887891288956800 ) ) ;
#2887 = CARTESIAN_POINT ( 'NONE',  ( 17.19754809471609400, -0.3349364905388960100, 1.249999999999973400 ) ) ;
#2888 = ORIENTED_EDGE ( 'NONE', *, *, #2779, .F. ) ;
#2889 = CARTESIAN_POINT ( 'NONE',  ( 4.166850952641881100, -2.047445795422216600E-016, -1.114577578257790000 ) ) ;
#2890 = CARTESIAN_POINT ( 'NONE',  ( 3.017403810567667900, -0.3349364905388966300, -1.249999999999973100 ) ) ;
#2891 = CARTESIAN_POINT ( 'NONE',  ( 0.4024519052837591300, -5.229199737892074000E-016, -1.249999999999973400 ) ) ;
#2892 = EDGE_CURVE ( 'NONE', #1392, #793, #4553, .T. ) ;
#2893 = CARTESIAN_POINT ( 'NONE',  ( 16.14185095264188200, -0.9652524972597845700, -0.5572887891288946800 ) ) ;
#2894 = ORIENTED_EDGE ( 'NONE', *, *, #791, .F. ) ;
#2895 = CARTESIAN_POINT ( 'NONE',  ( 18.67745190528375700, -1.249999999999973400, -0.7216878364870162900 ) ) ;
#2896 = CARTESIAN_POINT ( 'NONE',  ( -0.05189904735811908000, 6.824819318074054600E-017, 1.114577578257790000 ) ) ;
#2897 = CARTESIAN_POINT ( 'NONE',  ( 4.710600952641881300, 0.4826262486298914500, -0.8359331836933428000 ) ) ;
#2898 = CARTESIAN_POINT ( 'NONE',  ( 18.82745190528375500, 1.249999999999972900, -0.7216878364870175100 ) ) ;
#2899 = ORIENTED_EDGE ( 'NONE', *, *, #595, .F. ) ;
#2900 = CARTESIAN_POINT ( 'NONE',  ( 15.75245190528376100, 1.249999999999973400, 0.7216878364870166200 ) ) ;
#2901 = CARTESIAN_POINT ( 'NONE',  ( 19.65275249725974000, -0.05986553411340023200, 0.9633942605660310600 ) ) ;
#2902 = CARTESIAN_POINT ( 'NONE',  ( 3.979350952641880700, -0.4826262486298919500, 0.8359331836933424600 ) ) ;
#2903 = CARTESIAN_POINT ( 'NONE',  ( 18.81121392896280000, 1.278124999999973300, -0.7379258128079758700 ) ) ;
#2904 = ORIENTED_EDGE ( 'NONE', *, *, #566, .T. ) ;
#2905 = CARTESIAN_POINT ( 'NONE',  ( 1.279350952641880700, -0.4826262486298919500, 0.8359331836933424600 ) ) ;
#2906 = CARTESIAN_POINT ( 'NONE',  ( 19.76060095264187700, -0.9652524972597850100, 1.182093381138185100E-016 ) ) ;
#2907 = CARTESIAN_POINT ( 'NONE',  ( 0.9981009526418808100, -0.9652524972597845700, -0.5572887891288946800 ) ) ;
#2908 = CARTESIAN_POINT ( 'NONE',  ( 17.28995190528375400, -1.249999999999973400, 1.530808498934159000E-016 ) ) ;
#2909 = CARTESIAN_POINT ( 'NONE',  ( 4.241850952641880400, 0.9652524972597841300, -0.5572887891288955700 ) ) ;
#2910 =( BOUNDED_SURFACE ( )  B_SPLINE_SURFACE ( 1, 2, ( 
 ( #4369, #1092, #734, #1511, #3137, #2468, #4455, #1184, #3265, #364, #4861, #423, #5251, #4112, #4492, #3691, #1202, #2484, #3208, #2429, #4061, #3283, #2881, #5290, #2408, #2042, #4922, #844, #2811, #4527, #826, #2100, #1239, #3706, #772, #5305, #1622, #4095, #2868, #4881, #4510, #5272, #1662, #2078, #13, #3633, #2849, #442, #2022, #1260, #4473, #2447, #4903, #2831, #383, #1679, #4038, #1604, #3248, #3230, #789, #3653, #402, #810, #3672, #1220, #4078, #1644, #2064, #4653, #3042, #3447, #3407, #2522, #1005, #2640, #4938, #2223, #2505, #989, #3321, #601, #1807, #5064, #169, #2624, #55, #3832, #885, #3866, #972, #1426, #31, #2922, #3026, #476, #3745, #2209, #1299, #1841, #5082, #4150, #4568, #186, #152, #4958, #1394, #5048, #1698, #4243, #4547, #4278, #2902, #4686, #456, #3301, #583, #865, #1824, #1720, #3428, #3850, #3727, #2608, #3009, #1278, #4131, #2120, #567, #4263, #1410, #4667, #2239, #2305, #4296, #1022, #3101, #202, #4704, #253, #5099 ),
 ( #3465, #3949, #2289, #2676, #5148, #2273, #2721, #1921, #651, #2318, #3512, #2257, #1456, #5131, #3055, #5116, #216, #3531, #1503, #3073, #5162, #269, #665, #636, #4310, #3883, #1907, #1074, #234, #3482, #4345, #3088, #1891, #3933, #680, #3117, #1876, #1441, #1485, #4720, #3500, #1056, #1087, #2692, #4364, #1858, #2706, #2659, #4750, #3914, #1471, #620, #1039, #4327, #3898, #4733, #4395, #5228, #2736, #4031, #3163, #337, #1598, #1937, #1955, #3978, #4381, #1156, #359, #2369, #4786, #3624, #3182, #1539, #1176, #4450, #697, #710, #4806, #727, #4766, #4012, #744, #1106, #3601, #5215, #2352, #1575, #2755, #2334, #4818, #765, #1139, #2804, #2770, #5199, #3148, #4432, #3993, #1522, #1554, #1992, #3579, #5182, #320, #4838, #286, #3132, #4414, #1973, #2401, #3549, #5245, #3965, #3200, #2385, #302, #3565, #1122, #2787, #5288, #397, #2877, #3242, #1616, #416, #2499, #3224, #3721, #2057, #2441, #4917, #4468, #26, #1692, #3260, #2091, #3279, #2013, #1215, #4897 ) ),
 .UNSPECIFIED., .F., .F., .F. ) 
 B_SPLINE_SURFACE_WITH_KNOTS ( ( 2, 2 ),
 ( 3, 2, 2, 2, 2, 2, 2, 2, 2, 2, 2, 2, 2, 2, 2, 2, 2, 2, 2, 2, 2, 2, 2, 2, 2, 2, 2, 2, 2, 2, 2, 2, 2, 2, 2, 2, 2, 2, 2, 2, 2, 2, 2, 2, 2, 2, 2, 2, 2, 2, 2, 2, 2, 2, 2, 2, 2, 2, 2, 2, 2, 2, 2, 2, 2, 2, 2, 2, 2, 2, 3 ),
 ( 0.0000000000000000000, 1.000000000000000000 ),
 ( 0.0000000000000000000, 0.01388888888888888800, 0.02777777777777777600, 0.04166666666666666400, 0.05555555555555555200, 0.06944444444444444800, 0.08333333333333332900, 0.09722222222222222400, 0.1111111111111111000, 0.1250000000000000000, 0.1388888888888889000, 0.1527777777777777900, 0.1666666666666666600, 0.1805555555555555500, 0.1944444444444444500, 0.2083333333333333400, 0.2222222222222222100, 0.2361111111111111000, 0.2500000000000000000, 0.2638888888888889000, 0.2777777777777777900, 0.2916666666666666900, 0.3055555555555555800, 0.3194444444444444200, 0.3333333333333333100, 0.3472222222222222100, 0.3611111111111111000, 0.3750000000000000000, 0.3888888888888889000, 0.4027777777777777900, 0.4166666666666666900, 0.4305555555555555800, 0.4444444444444444200, 0.4583333333333333100, 0.4722222222222222100, 0.4861111111111111000, 0.5000000000000000000, 0.5138888888888888400, 0.5277777777777777900, 0.5416666666666666300, 0.5555555555555555800, 0.5694444444444444200, 0.5833333333333333700, 0.5972222222222222100, 0.6111111111111111600, 0.6250000000000000000, 0.6388888888888888400, 0.6527777777777777900, 0.6666666666666666300, 0.6805555555555555800, 0.6944444444444444200, 0.7083333333333333700, 0.7222222222222222100, 0.7361111111111111600, 0.7500000000000000000, 0.7638888888888888400, 0.7777777777777777900, 0.7916666666666666300, 0.8055555555555555800, 0.8194444444444444200, 0.8333333333333333700, 0.8472222222222222100, 0.8611111111111111600, 0.8750000000000000000, 0.8888888888888888400, 0.9027777777777777900, 0.9166666666666666300, 0.9305555555555555800, 0.9444444444444444200, 0.9583333333333333700, 0.9722222222222222100 ),
 .UNSPECIFIED. ) 
 GEOMETRIC_REPRESENTATION_ITEM ( )  RATIONAL_B_SPLINE_SURFACE ( (
 ( 1.000000000000000000, 0.8660254037844387100, 1.000000000000000000, 0.8660254037844387100, 1.000000000000000000, 0.8660254037844387100, 1.000000000000000000, 0.8660254037844387100, 1.000000000000000000, 0.8660254037844387100, 1.000000000000000000, 0.8660254037844387100, 1.000000000000000000, 0.8660254037844387100, 1.000000000000000000, 0.8660254037844387100, 1.000000000000000000, 0.8660254037844387100, 1.000000000000000000, 0.8660254037844387100, 1.000000000000000000, 0.8660254037844387100, 1.000000000000000000, 0.8660254037844387100, 1.000000000000000000, 0.8660254037844387100, 1.000000000000000000, 0.8660254037844387100, 1.000000000000000000, 0.8660254037844387100, 1.000000000000000000, 0.8660254037844387100, 1.000000000000000000, 0.8660254037844387100, 1.000000000000000000, 0.8660254037844387100, 1.000000000000000000, 0.8660254037844387100, 1.000000000000000000, 0.8660254037844387100, 1.000000000000000000, 0.8660254037844387100, 1.000000000000000000, 0.8660254037844387100, 1.000000000000000000, 0.8660254037844387100, 1.000000000000000000, 0.8660254037844387100, 1.000000000000000000, 0.8660254037844387100, 1.000000000000000000, 0.8660254037844387100, 1.000000000000000000, 0.8660254037844387100, 1.000000000000000000, 0.8660254037844387100, 1.000000000000000000, 0.8660254037844387100, 1.000000000000000000, 0.8660254037844387100, 1.000000000000000000, 0.8660254037844387100, 1.000000000000000000, 0.8660254037844387100, 1.000000000000000000, 0.8660254037844387100, 1.000000000000000000, 0.8660254037844387100, 1.000000000000000000, 0.8660254037844387100, 1.000000000000000000, 0.8660254037844387100, 1.000000000000000000, 0.8660254037844387100, 1.000000000000000000, 0.8660254037844387100, 1.000000000000000000, 0.8660254037844387100, 1.000000000000000000, 0.8660254037844387100, 1.000000000000000000, 0.8660254037844387100, 1.000000000000000000, 0.8660254037844387100, 1.000000000000000000, 0.8660254037844387100, 1.000000000000000000, 0.8660254037844387100, 1.000000000000000000, 0.8660254037844387100, 1.000000000000000000, 0.8660254037844387100, 1.000000000000000000, 0.8660254037844387100, 1.000000000000000000, 0.8660254037844387100, 1.000000000000000000, 0.8660254037844387100, 1.000000000000000000, 0.8660254037844387100, 1.000000000000000000, 0.8660254037844387100, 1.000000000000000000, 0.8660254037844387100, 1.000000000000000000, 0.8660254037844387100, 1.000000000000000000, 0.8660254037844387100, 1.000000000000000000, 0.8660254037844387100, 1.000000000000000000, 0.8660254037844387100, 1.000000000000000000, 0.8660254037844387100, 1.000000000000000000, 0.8660254037844387100, 1.000000000000000000, 0.8660254037844387100, 1.000000000000000000, 0.8660254037844387100, 1.000000000000000000, 0.8660254037844387100, 1.000000000000000000, 0.8660254037844387100, 1.000000000000000000, 0.8660254037844387100, 1.000000000000000000, 0.8660254037844387100, 1.000000000000000000, 0.8660254037844387100, 1.000000000000000000, 0.8660254037844387100, 1.000000000000000000, 0.8660254037844387100, 1.000000000000000000, 0.8660254037844387100, 1.000000000000000000, 0.8660254037844387100, 1.000000000000000000, 0.8660254037844387100, 1.000000000000000000),
 ( 1.000000000000000000, 0.8660254037844387100, 1.000000000000000000, 0.8660254037844387100, 1.000000000000000000, 0.8660254037844387100, 1.000000000000000000, 0.8660254037844387100, 1.000000000000000000, 0.8660254037844387100, 1.000000000000000000, 0.8660254037844387100, 1.000000000000000000, 0.8660254037844387100, 1.000000000000000000, 0.8660254037844387100, 1.000000000000000000, 0.8660254037844387100, 1.000000000000000000, 0.8660254037844387100, 1.000000000000000000, 0.8660254037844387100, 1.000000000000000000, 0.8660254037844387100, 1.000000000000000000, 0.8660254037844387100, 1.000000000000000000, 0.8660254037844387100, 1.000000000000000000, 0.8660254037844387100, 1.000000000000000000, 0.8660254037844387100, 1.000000000000000000, 0.8660254037844387100, 1.000000000000000000, 0.8660254037844387100, 1.000000000000000000, 0.8660254037844387100, 1.000000000000000000, 0.8660254037844387100, 1.000000000000000000, 0.8660254037844387100, 1.000000000000000000, 0.8660254037844387100, 1.000000000000000000, 0.8660254037844387100, 1.000000000000000000, 0.8660254037844387100, 1.000000000000000000, 0.8660254037844387100, 1.000000000000000000, 0.8660254037844387100, 1.000000000000000000, 0.8660254037844387100, 1.000000000000000000, 0.8660254037844387100, 1.000000000000000000, 0.8660254037844387100, 1.000000000000000000, 0.8660254037844387100, 1.000000000000000000, 0.8660254037844387100, 1.000000000000000000, 0.8660254037844387100, 1.000000000000000000, 0.8660254037844387100, 1.000000000000000000, 0.8660254037844387100, 1.000000000000000000, 0.8660254037844387100, 1.000000000000000000, 0.8660254037844387100, 1.000000000000000000, 0.8660254037844387100, 1.000000000000000000, 0.8660254037844387100, 1.000000000000000000, 0.8660254037844387100, 1.000000000000000000, 0.8660254037844387100, 1.000000000000000000, 0.8660254037844387100, 1.000000000000000000, 0.8660254037844387100, 1.000000000000000000, 0.8660254037844387100, 1.000000000000000000, 0.8660254037844387100, 1.000000000000000000, 0.8660254037844387100, 1.000000000000000000, 0.8660254037844387100, 1.000000000000000000, 0.8660254037844387100, 1.000000000000000000, 0.8660254037844387100, 1.000000000000000000, 0.8660254037844387100, 1.000000000000000000, 0.8660254037844387100, 1.000000000000000000, 0.8660254037844387100, 1.000000000000000000, 0.8660254037844387100, 1.000000000000000000, 0.8660254037844387100, 1.000000000000000000, 0.8660254037844387100, 1.000000000000000000, 0.8660254037844387100, 1.000000000000000000, 0.8660254037844387100, 1.000000000000000000, 0.8660254037844387100, 1.000000000000000000, 0.8660254037844387100, 1.000000000000000000, 0.8660254037844387100, 1.000000000000000000, 0.8660254037844387100, 1.000000000000000000, 0.8660254037844387100, 1.000000000000000000, 0.8660254037844387100, 1.000000000000000000, 0.8660254037844387100, 1.000000000000000000, 0.8660254037844387100, 1.000000000000000000, 0.8660254037844387100, 1.000000000000000000, 0.8660254037844387100, 1.000000000000000000, 0.8660254037844387100, 1.000000000000000000, 0.8660254037844387100, 1.000000000000000000, 0.8660254037844387100, 1.000000000000000000, 0.8660254037844387100, 1.000000000000000000) ) ) 
 REPRESENTATION_ITEM ( '' )  SURFACE ( )  );
#2911 = CARTESIAN_POINT ( 'NONE',  ( 18.68750000000000400, 4.851535312377648100E-015, -1.249999999999973400 ) ) ;
#2912 = ORIENTED_EDGE ( 'NONE', *, *, #1899, .T. ) ;
#2913 = CARTESIAN_POINT ( 'NONE',  ( 17.19185095264187900, 0.9652524972597840100, -0.5572887891288955700 ) ) ;
#2914 = DIRECTION ( 'NONE',  ( 0.0000000000000000000, 0.0000000000000000000, 1.000000000000000000 ) ) ;
#2915 = EDGE_LOOP ( 'NONE', ( #2968, #927, #1434, #3143 ) ) ;
#2916 = CARTESIAN_POINT ( 'NONE',  ( 0.9231009526418808600, -0.9652524972597841300, 0.5572887891288953500 ) ) ;
#2917 = CARTESIAN_POINT ( 'NONE',  ( 20.00000000000000000, 0.0000000000000000000, 0.0000000000000000000 ) ) ;
#2918 = DIRECTION ( 'NONE',  ( -1.000000000000000000, -0.0000000000000000000, -0.0000000000000000000 ) ) ;
#2919 = CARTESIAN_POINT ( 'NONE',  ( 0.0000000000000000000, 0.0000000000000000000, 1.249999999999973400 ) ) ;
#2920 = CARTESIAN_POINT ( 'NONE',  ( 20.00000000000000000, 0.0000000000000000000, 0.0000000000000000000 ) ) ;
#2921 = CARTESIAN_POINT ( 'NONE',  ( 4.022548094716093200, 0.3349364905388956300, -1.249999999999973600 ) ) ;
#2922 = CARTESIAN_POINT ( 'NONE',  ( 3.266850952641880700, -2.047445795422216600E-016, -1.114577578257790000 ) ) ;
#2923 = CARTESIAN_POINT ( 'NONE',  ( 1.448100952641880700, -0.9652524972597845700, -0.5572887891288946800 ) ) ;
#2924 = ORIENTED_EDGE ( 'NONE', *, *, #529, .F. ) ;
#2925 = CARTESIAN_POINT ( 'NONE',  ( 18.51121392896280000, 9.036984846634956000E-017, 1.475851625615950200 ) ) ;
#2926 = CARTESIAN_POINT ( 'NONE',  ( 0.08887747630682942000, -2.249999999999998200, -0.8716279370762590700 ) ) ;
#2927 = CARTESIAN_POINT ( 'NONE',  ( 16.97873797632095700, 1.278124999999972900, -0.7379258128079757600 ) ) ;
#2928 = CARTESIAN_POINT ( 'NONE',  ( 1.298100952641881000, 6.824819318074054600E-017, 1.114577578257790000 ) ) ;
#2929 = EDGE_CURVE ( 'NONE', #3455, #1574, #742, .T. ) ;
#2930 = CARTESIAN_POINT ( 'NONE',  ( 17.36495190528376000, -0.6249999999999872300, -1.082531754730524900 ) ) ;
#2931 = CARTESIAN_POINT ( 'NONE',  ( 19.89358794783025900, 0.1489316611636654400, 1.206087947832517700 ) ) ;
#2932 = CARTESIAN_POINT ( 'NONE',  ( 3.491850952641880400, 6.824819318074054600E-017, 1.114577578257790000 ) ) ;
#2933 = CARTESIAN_POINT ( 'NONE',  ( 3.027451905283759600, -1.249999999999973400, -0.7216878364870162900 ) ) ;
#2934 = CARTESIAN_POINT ( 'NONE',  ( 15.39871392896280100, -0.6390624999999864300, 1.106888719211963000 ) ) ;
#2935 = CARTESIAN_POINT ( 'NONE',  ( 15.57935095264188200, -0.4826262486298919500, 0.8359331836933424600 ) ) ;
#2936 = LINE ( 'NONE', #4607, #3499 ) ;
#2937 = AXIS2_PLACEMENT_3D ( 'NONE', #1769, #5079, #2571 ) ;
#2938 = CARTESIAN_POINT ( 'NONE',  ( 0.7875000000000026400, -5.229199737892074000E-016, -1.249999999999973400 ) ) ;
#2939 = CARTESIAN_POINT ( 'NONE',  ( 1.035600952641880800, -0.4826262486298926200, -0.8359331836933422400 ) ) ;
#2940 = CARTESIAN_POINT ( 'NONE',  ( 1.237500000000002700, -5.229199737892074000E-016, -1.249999999999973400 ) ) ;
#2941 = DIRECTION ( 'NONE',  ( 0.0000000000000000000, 0.0000000000000000000, 1.000000000000000000 ) ) ;
#2942 = CARTESIAN_POINT ( 'NONE',  ( 1.302451905283758900, -5.229199737892074000E-016, -1.249999999999973400 ) ) ;
#2943 = CARTESIAN_POINT ( 'NONE',  ( 16.14185095264188200, -0.9652524972597844600, -0.5572887891288946800 ) ) ;
#2944 = CYLINDRICAL_SURFACE ( 'NONE', #1117, 1.249999999999973400 ) ;
#2945 = CARTESIAN_POINT ( 'NONE',  ( 17.27371392896279900, -1.278124999999973500, 1.565251690160178300E-016 ) ) ;
#2946 = CARTESIAN_POINT ( 'NONE',  ( 1.766850952641881000, -0.9652524972597841300, 0.5572887891288953500 ) ) ;
#2947 = CARTESIAN_POINT ( 'NONE',  ( 20.21060095264188000, -0.9652524972597850100, 1.182093381138185100E-016 ) ) ;
#2948 = CARTESIAN_POINT ( 'NONE',  ( 19.89943103339943400, -1.801479645480579600E-011, 1.211931033399487500 ) ) ;
#2949 = CARTESIAN_POINT ( 'NONE',  ( 0.3575961894323369500, 0.3349364905388956300, -1.249999999999973600 ) ) ;
#2950 = CARTESIAN_POINT ( 'NONE',  ( 3.000000000000002200, -0.6249999999999872300, -1.082531754730524900 ) ) ;
#2951 = CARTESIAN_POINT ( 'NONE',  ( 15.92371392896280100, -1.278124999999973500, 1.565251690160178300E-016 ) ) ;
#2952 = VECTOR ( 'NONE', #843, 1000.000000000000000 ) ;
#2953 = CARTESIAN_POINT ( 'NONE',  ( 15.76685095264188200, -2.047445795422216600E-016, -1.114577578257790000 ) ) ;
#2954 = CARTESIAN_POINT ( 'NONE',  ( 1.110600952641880700, 0.4826262486298914500, -0.8359331836933428000 ) ) ;
#2955 = CARTESIAN_POINT ( 'NONE',  ( 0.3429492507155544900, -0.04638264475942729900, 0.9687243128143846500 ) ) ;
#2956 = DIRECTION ( 'NONE',  ( 0.0000000000000000000, 0.0000000000000000000, 1.000000000000000000 ) ) ;
#2957 = CARTESIAN_POINT ( 'NONE',  ( 15.82745190528375700, 1.452555482747798400E-016, 1.249999999999973100 ) ) ;
#2958 = CARTESIAN_POINT ( 'NONE',  ( 0.1682368460967105500, 0.9596493583210576900, 0.6410557504924877500 ) ) ;
#2959 = CARTESIAN_POINT ( 'NONE',  ( 15.98749999999999900, -4.938688641342514700E-016, -1.249999999999973400 ) ) ;
#2960 = EDGE_CURVE ( 'NONE', #2080, #3692, #127, .T. ) ;
#2961 = EDGE_LOOP ( 'NONE', ( #777, #3223, #1968, #2111 ) ) ;
#2962 = CARTESIAN_POINT ( 'NONE',  ( 18.36121392896280100, 1.278124999999973300, -0.7379258128079758700 ) ) ;
#2963 = CARTESIAN_POINT ( 'NONE',  ( 0.3644309647146299900, -0.2906055072183614300, 0.9467964104372813500 ) ) ;
#2964 = CARTESIAN_POINT ( 'NONE',  ( 17.24123797632096000, -1.278124999999973300, 1.565251690160178100E-016 ) ) ;
#2965 = ORIENTED_EDGE ( 'NONE', *, *, #315, .T. ) ;
#2966 = CARTESIAN_POINT ( 'NONE',  ( 17.86685095264188000, -0.9652524972597841300, 0.5572887891288953500 ) ) ;
#2967 = CARTESIAN_POINT ( 'NONE',  ( 16.42310095264188200, 0.9652524972597843500, 0.5572887891288949000 ) ) ;
#2968 = ORIENTED_EDGE ( 'NONE', *, *, #1284, .F. ) ;
#2969 = CARTESIAN_POINT ( 'NONE',  ( 15.54871392896280100, -0.6390624999999873200, -1.106888719211962500 ) ) ;
#2970 = EDGE_CURVE ( 'NONE', #1821, #3881, #2249, .T. ) ;
#2971 = CARTESIAN_POINT ( 'NONE',  ( 17.00435095264187900, -0.9652524972597843500, 1.182093381138184100E-016 ) ) ;
#2972 = ORIENTED_EDGE ( 'NONE', *, *, #212, .F. ) ;
#2973 = CARTESIAN_POINT ( 'NONE',  ( 15.20000000000000600, 1.140813169060558500, 0.4115734260371439700 ) ) ;
#2974 = CARTESIAN_POINT ( 'NONE',  ( 0.0000000000000000000, 0.0000000000000000000, 0.0000000000000000000 ) ) ;
#2975 = CARTESIAN_POINT ( 'NONE',  ( 0.0000000000000000000, 0.0000000000000000000, 0.0000000000000000000 ) ) ;
#2976 = ORIENTED_EDGE ( 'NONE', *, *, #3464, .F. ) ;
#2977 = CARTESIAN_POINT ( 'NONE',  ( 3.057596189432336200, 0.3349364905388956300, -1.249999999999973600 ) ) ;
#2978 = CARTESIAN_POINT ( 'NONE',  ( 18.92371392896280100, 0.6390624999999868800, 1.106888719211962700 ) ) ;
#2979 = CARTESIAN_POINT ( 'NONE',  ( 0.01893660794913715500, -2.249999999999998200, -0.4381532948924543000 ) ) ;
#2980 = ADVANCED_BREP_SHAPE_REPRESENTATION ( '95947A015_Aluminum Female Threaded Hex Standoff', ( #886, #4417 ), #1030 ) ;
#2981 = CARTESIAN_POINT ( 'NONE',  ( 16.15373797632095800, 1.278124999999973500, 0.7379258128079748700 ) ) ;
#2982 = ORIENTED_EDGE ( 'NONE', *, *, #3177, .F. ) ;
#2983 =( BOUNDED_CURVE ( )  B_SPLINE_CURVE ( 2, ( #3894, #3862, #4274, #3036, #4679, #5093, #2603, #4236, #2652 ),
 .UNSPECIFIED., .F., .F. ) 
 B_SPLINE_CURVE_WITH_KNOTS ( ( 3, 2, 2, 2, 3 ),
 ( 0.07638888888888884000, 0.08333333333333337000, 0.09722222222222221000, 0.1111111111111110500, 0.1180555555555554700 ),
 .UNSPECIFIED. ) 
 CURVE ( )  GEOMETRIC_REPRESENTATION_ITEM ( )  RATIONAL_B_SPLINE_CURVE ( ( 0.9330127018922193000, 0.9330127018922187400, 1.000000000000000000, 0.8660254037844387100, 1.000000000000000000, 0.8660254037844387100, 1.000000000000000000, 0.9330127018922198500, 0.9330127018922193000 ) ) 
 REPRESENTATION_ITEM ( '' )  );
#2984 = CARTESIAN_POINT ( 'NONE',  ( 17.79185095264188000, 6.824819318074054600E-017, 1.114577578257790000 ) ) ;
#2985 = CARTESIAN_POINT ( 'NONE',  ( 16.57310095264188400, -0.9652524972597841300, 0.5572887891288953500 ) ) ;
#2986 = CARTESIAN_POINT ( 'NONE',  ( 16.11121392896280100, 1.278124999999973300, -0.7379258128079758700 ) ) ;
#2987 = ORIENTED_EDGE ( 'NONE', *, *, #3433, .T. ) ;
#2988 = CARTESIAN_POINT ( 'NONE',  ( 19.06685095264188200, 0.9652524972597843500, 0.5572887891288949000 ) ) ;
#2989 =( BOUNDED_CURVE ( )  B_SPLINE_CURVE ( 2, ( #2031, #1193, #2801, #1612, #3577, #4465, #1571 ),
 .UNSPECIFIED., .F., .F. ) 
 B_SPLINE_CURVE_WITH_KNOTS ( ( 3, 2, 2, 3 ),
 ( 0.8541666666666667400, 0.8611111111111111600, 0.8750000000000000000, 0.8888888888888888400 ),
 .UNSPECIFIED. ) 
 CURVE ( )  GEOMETRIC_REPRESENTATION_ITEM ( )  RATIONAL_B_SPLINE_CURVE ( ( 0.9330127018922193000, 0.9330127018922198500, 1.000000000000000000, 0.8660254037844387100, 1.000000000000000000, 0.8660254037844387100, 1.000000000000000000 ) ) 
 REPRESENTATION_ITEM ( '' )  );
#2990 = DIRECTION ( 'NONE',  ( -1.000000000000000000, -0.0000000000000000000, -0.0000000000000000000 ) ) ;
#2991 = CARTESIAN_POINT ( 'NONE',  ( 0.2811248362890566600, 0.8742303792009090700, -0.5843743479534317900 ) ) ;
#2992 = EDGE_CURVE ( 'NONE', #3976, #845, #1754, .T. ) ;
#2993 = CARTESIAN_POINT ( 'NONE',  ( 0.0000000000000000000, 1.530808498934159000E-016, -1.249999999999973400 ) ) ;
#2994 = CARTESIAN_POINT ( 'NONE',  ( 16.88750000000000300, -4.938688641342514700E-016, -1.249999999999973400 ) ) ;
#2995 = ORIENTED_EDGE ( 'NONE', *, *, #4089, .T. ) ;
#2996 = APPLICATION_CONTEXT ( 'configuration controlled 3d designs of mechanical parts and assemblies' ) ;
#2997 = PERSON_AND_ORGANIZATION ( #1409, #1976 ) ;
#2998 = CARTESIAN_POINT ( 'NONE',  ( 19.86121392896279800, 9.036984846634956000E-017, 1.475851625615950200 ) ) ;
#2999 = CARTESIAN_POINT ( 'NONE',  ( 4.166850952641881100, -2.047445795422216600E-016, -1.114577578257790000 ) ) ;
#3000 = CARTESIAN_POINT ( 'NONE',  ( 20.28560095264187900, -0.4826262486298929500, -0.8359331836933428000 ) ) ;
#3001 = EDGE_CURVE ( 'NONE', #2704, #369, #5260, .T. ) ;
#3002 = CARTESIAN_POINT ( 'NONE',  ( 17.52935095264188100, -0.4826262486298926200, -0.8359331836933422400 ) ) ;
#3003 = CARTESIAN_POINT ( 'NONE',  ( 16.41740381056767000, -0.3349364905388966300, -1.249999999999973100 ) ) ;
#3004 = CARTESIAN_POINT ( 'NONE',  ( 16.79810095264188200, 0.9652524972597840100, -0.5572887891288955700 ) ) ;
#3005 = CARTESIAN_POINT ( 'NONE',  ( 19.21685095264188100, -0.9652524972597841300, 0.5572887891288953500 ) ) ;
#3006 = LINE ( 'NONE', #4542, #1799 ) ;
#3007 = CARTESIAN_POINT ( 'NONE',  ( 19.08995190528375800, -1.249999999999973400, 1.530808498934159000E-016 ) ) ;
#3008 = DIRECTION ( 'NONE',  ( 0.0000000000000000000, 0.0000000000000000000, 1.000000000000000000 ) ) ;
#3009 = CARTESIAN_POINT ( 'NONE',  ( 4.429350952641880400, -0.4826262486298919500, 0.8359331836933424600 ) ) ;
#3010 = CARTESIAN_POINT ( 'NONE',  ( 15.65435095264187900, -0.9652524972597843500, 1.182093381138184100E-016 ) ) ;
#3011 = CARTESIAN_POINT ( 'NONE',  ( 3.229350952641880700, -0.4826262486298926200, -0.8359331836933422400 ) ) ;
#3012 = CARTESIAN_POINT ( 'NONE',  ( 1.666237976320960700, -0.6390624999999872100, -1.106888719211962300 ) ) ;
#3013 = CARTESIAN_POINT ( 'NONE',  ( 18.42935095264188000, -0.4826262486298926200, -0.8359331836933422400 ) ) ;
#3014 = CYLINDRICAL_SURFACE ( 'NONE', #4581, 1.249999999999973400 ) ;
#3015 = CARTESIAN_POINT ( 'NONE',  ( 15.93560095264188300, 0.9652524972597843500, 0.0000000000000000000 ) ) ;
#3016 = CARTESIAN_POINT ( 'NONE',  ( 18.87935095264188200, -0.4826262486298926200, -0.8359331836933422400 ) ) ;
#3017 = VERTEX_POINT ( 'NONE', #509 ) ;
#3018 = CARTESIAN_POINT ( 'NONE',  ( 2.486213928962800700, -1.278124999999973500, 0.7379258128079755300 ) ) ;
#3019 = CARTESIAN_POINT ( 'NONE',  ( 20.00000000000000000, 0.0000000000000000000, 0.0000000000000000000 ) ) ;
#3020 = DIRECTION ( 'NONE',  ( -1.000000000000000000, -0.0000000000000000000, -0.0000000000000000000 ) ) ;
#3021 = VERTEX_POINT ( 'NONE', #3810 ) ;
#3022 = CARTESIAN_POINT ( 'NONE',  ( 15.61250000000000200, 1.249999999999972900, -0.7216878364870175100 ) ) ;
#3023 = CARTESIAN_POINT ( 'NONE',  ( 18.48995190528376000, 0.6249999999999866800, 1.082531754730525100 ) ) ;
#3024 =( NAMED_UNIT ( * ) PLANE_ANGLE_UNIT ( ) SI_UNIT ( $, .RADIAN. ) );
#3025 = EDGE_CURVE ( 'NONE', #5028, #2704, #4318, .T. ) ;
#3026 = CARTESIAN_POINT ( 'NONE',  ( 3.304350952641880400, 0.4826262486298914500, -0.8359331836933428000 ) ) ;
#3027 = CARTESIAN_POINT ( 'NONE',  ( 19.59871392896279800, -0.6390624999999873200, -1.106888719211962500 ) ) ;
#3028 = ORIENTED_EDGE ( 'NONE', *, *, #4080, .T. ) ;
#3029 = CARTESIAN_POINT ( 'NONE',  ( 3.154350952641880500, -0.9652524972597843500, 1.182093381138184100E-016 ) ) ;
#3030 = CARTESIAN_POINT ( 'NONE',  ( 1.141237976320961000, -1.278124999999973300, 1.565251690160178100E-016 ) ) ;
#3031 = CARTESIAN_POINT ( 'NONE',  ( 17.90435095264188100, -0.9652524972597843500, 1.182093381138184100E-016 ) ) ;
#3032 = CARTESIAN_POINT ( 'NONE',  ( 16.91060095264187900, 0.4826262486298922800, 0.8359331836933423500 ) ) ;
#3033 = VERTEX_POINT ( 'NONE', #3401 ) ;
#3034 = CARTESIAN_POINT ( 'NONE',  ( 3.086213928962800800, -2.711095453990486600E-016, -1.475851625615950200 ) ) ;
#3035 = ORIENTED_EDGE ( 'NONE', *, *, #2047, .F. ) ;
#3036 = CARTESIAN_POINT ( 'NONE',  ( 19.57745190528375900, -1.249999999999973400, -0.7216878364870162900 ) ) ;
#3037 = DIRECTION ( 'NONE',  ( 0.0000000000000000000, 0.0000000000000000000, -1.000000000000000000 ) ) ;
#3038 = CARTESIAN_POINT ( 'NONE',  ( 0.2524519052837591600, -1.249999999999973100, 0.7216878364870171800 ) ) ;
#3039 = B_SPLINE_CURVE_WITH_KNOTS ( 'NONE', 3,
 ( #4760, #3144, #3560, #2731, #1466, #4744, #264, #1052, #281, #4321, #1099, #3508 ),
 .UNSPECIFIED., .F., .F.,
 ( 4, 2, 2, 2, 2, 4 ),
 ( 0.0002844174271737125500, 0.0009252401878631860800, 0.001566062948552659600, 0.001886474328897396500, 0.002206885709242133300, 0.002847708469931606200 ),
 .UNSPECIFIED. ) ;
#3040 = ORIENTED_EDGE ( 'NONE', *, *, #5075, .F. ) ;
#3041 =( BOUNDED_SURFACE ( )  B_SPLINE_SURFACE ( 1, 2, ( 
 ( #3311, #4140, #3736, #3274, #4087, #1708, #833, #3695, #2128, #4103, #1669, #1688, #4968, #2087, #2533, #4536, #2934, #894, #4215, #3807, #2969, #2144, #102, #949, #1780, #4988, #2549, #542, #84, #2201, #2951, #4631, #3787, #523, #1368, #2986, #932, #5040, #2162, #505, #3346, #914, #1331, #4613, #3383, #5006, #3772, #4198, #1763, #4178, #3366, #1349, #1745, #2183, #4596, #2567, #5024, #2582, #120, #3729, #497, #3781, #4569, #1722, #3323, #2138, #2945, #1343, #1756, #3339, #4940, #56, #887, #3284, #905, #847, #4591, #1700, #4190, #76, #3765, #1322, #4171, #867, #4979, #3357, #4152, #4606, #2175, #3708, #1279, #1739, #4133, #2156, #114, #2962, #2524, #926, #4959, #2925, #5016, #3746, #3303, #2542, #477, #35, #5000, #2903, #2575, #1262, #2978, #4113, #1681, #2561, #4530, #96, #4549, #516, #2102, #2507, #1301, #458, #2121, #2193, #1842, #5034, #5083, #5065, #3027, #2240, #584, #2591, #4624, #1411, #3798, #2998, #3851, #3376, #2258, #2625, #1825 ),
 ( #1427, #1007, #3408, #535, #153, #3043, #4279, #942, #2660, #4264, #203, #4687, #5101, #187, #568, #2210, #4668, #3430, #3010, #2641, #552, #602, #3448, #3867, #1359, #973, #990, #135, #4210, #5049, #2609, #1773, #3391, #957, #3817, #1377, #4227, #170, #1790, #4639, #3833, #1395, #4244, #1808, #4655, #2224, #3089, #4328, #2707, #1088, #1504, #3102, #4705, #5132, #652, #3056, #254, #621, #4346, #1457, #3950, #5149, #666, #3513, #1075, #637, #1892, #3118, #3915, #4365, #1922, #3466, #3483, #3934, #1040, #1486, #5183, #2722, #2291, #681, #4721, #2693, #3532, #3501, #3074, #4734, #235, #5117, #2306, #2678, #4767, #1023, #2335, #3884, #1443, #1908, #4297, #5163, #3899, #4751, #2319, #1859, #1057, #1472, #2274, #217, #2737, #4311, #270, #1877, #2788, #1993, #338, #2353, #4382, #1157, #3550, #2756, #3602, #3133, #2014, #2386, #1576, #4396, #360, #1107, #304, #1956, #1177, #766, #3164, #287, #5216, #2805, #4032, #698, #2423, #4013, #5266, #1599, #4855 ) ),
 .UNSPECIFIED., .F., .F., .F. ) 
 B_SPLINE_SURFACE_WITH_KNOTS ( ( 2, 2 ),
 ( 3, 2, 2, 2, 2, 2, 2, 2, 2, 2, 2, 2, 2, 2, 2, 2, 2, 2, 2, 2, 2, 2, 2, 2, 2, 2, 2, 2, 2, 2, 2, 2, 2, 2, 2, 2, 2, 2, 2, 2, 2, 2, 2, 2, 2, 2, 2, 2, 2, 2, 2, 2, 2, 2, 2, 2, 2, 2, 2, 2, 2, 2, 2, 2, 2, 2, 2, 2, 2, 2, 3 ),
 ( 0.0000000000000000000, 1.000000000000000000 ),
 ( 0.0000000000000000000, 0.01388888888888888800, 0.02777777777777777600, 0.04166666666666666400, 0.05555555555555555200, 0.06944444444444444800, 0.08333333333333332900, 0.09722222222222222400, 0.1111111111111111000, 0.1250000000000000000, 0.1388888888888889000, 0.1527777777777777900, 0.1666666666666666600, 0.1805555555555555500, 0.1944444444444444500, 0.2083333333333333400, 0.2222222222222222100, 0.2361111111111111000, 0.2500000000000000000, 0.2638888888888889000, 0.2777777777777777900, 0.2916666666666666900, 0.3055555555555555800, 0.3194444444444444200, 0.3333333333333333100, 0.3472222222222222100, 0.3611111111111111000, 0.3750000000000000000, 0.3888888888888889000, 0.4027777777777777900, 0.4166666666666666900, 0.4305555555555555800, 0.4444444444444444200, 0.4583333333333333100, 0.4722222222222222100, 0.4861111111111111000, 0.5000000000000000000, 0.5138888888888888400, 0.5277777777777777900, 0.5416666666666666300, 0.5555555555555555800, 0.5694444444444444200, 0.5833333333333333700, 0.5972222222222222100, 0.6111111111111111600, 0.6250000000000000000, 0.6388888888888888400, 0.6527777777777777900, 0.6666666666666666300, 0.6805555555555555800, 0.6944444444444444200, 0.7083333333333333700, 0.7222222222222222100, 0.7361111111111111600, 0.7500000000000000000, 0.7638888888888888400, 0.7777777777777777900, 0.7916666666666666300, 0.8055555555555555800, 0.8194444444444444200, 0.8333333333333333700, 0.8472222222222222100, 0.8611111111111111600, 0.8750000000000000000, 0.8888888888888888400, 0.9027777777777777900, 0.9166666666666666300, 0.9305555555555555800, 0.9444444444444444200, 0.9583333333333333700, 0.9722222222222222100 ),
 .UNSPECIFIED. ) 
 GEOMETRIC_REPRESENTATION_ITEM ( )  RATIONAL_B_SPLINE_SURFACE ( (
 ( 1.000000000000000000, 0.8660254037844387100, 1.000000000000000000, 0.8660254037844387100, 1.000000000000000000, 0.8660254037844387100, 1.000000000000000000, 0.8660254037844387100, 1.000000000000000000, 0.8660254037844387100, 1.000000000000000000, 0.8660254037844387100, 1.000000000000000000, 0.8660254037844387100, 1.000000000000000000, 0.8660254037844387100, 1.000000000000000000, 0.8660254037844387100, 1.000000000000000000, 0.8660254037844387100, 1.000000000000000000, 0.8660254037844387100, 1.000000000000000000, 0.8660254037844387100, 1.000000000000000000, 0.8660254037844387100, 1.000000000000000000, 0.8660254037844387100, 1.000000000000000000, 0.8660254037844387100, 1.000000000000000000, 0.8660254037844387100, 1.000000000000000000, 0.8660254037844387100, 1.000000000000000000, 0.8660254037844387100, 1.000000000000000000, 0.8660254037844387100, 1.000000000000000000, 0.8660254037844387100, 1.000000000000000000, 0.8660254037844387100, 1.000000000000000000, 0.8660254037844387100, 1.000000000000000000, 0.8660254037844387100, 1.000000000000000000, 0.8660254037844387100, 1.000000000000000000, 0.8660254037844387100, 1.000000000000000000, 0.8660254037844387100, 1.000000000000000000, 0.8660254037844387100, 1.000000000000000000, 0.8660254037844387100, 1.000000000000000000, 0.8660254037844387100, 1.000000000000000000, 0.8660254037844387100, 1.000000000000000000, 0.8660254037844387100, 1.000000000000000000, 0.8660254037844387100, 1.000000000000000000, 0.8660254037844387100, 1.000000000000000000, 0.8660254037844387100, 1.000000000000000000, 0.8660254037844387100, 1.000000000000000000, 0.8660254037844387100, 1.000000000000000000, 0.8660254037844387100, 1.000000000000000000, 0.8660254037844387100, 1.000000000000000000, 0.8660254037844387100, 1.000000000000000000, 0.8660254037844387100, 1.000000000000000000, 0.8660254037844387100, 1.000000000000000000, 0.8660254037844387100, 1.000000000000000000, 0.8660254037844387100, 1.000000000000000000, 0.8660254037844387100, 1.000000000000000000, 0.8660254037844387100, 1.000000000000000000, 0.8660254037844387100, 1.000000000000000000, 0.8660254037844387100, 1.000000000000000000, 0.8660254037844387100, 1.000000000000000000, 0.8660254037844387100, 1.000000000000000000, 0.8660254037844387100, 1.000000000000000000, 0.8660254037844387100, 1.000000000000000000, 0.8660254037844387100, 1.000000000000000000, 0.8660254037844387100, 1.000000000000000000, 0.8660254037844387100, 1.000000000000000000, 0.8660254037844387100, 1.000000000000000000, 0.8660254037844387100, 1.000000000000000000, 0.8660254037844387100, 1.000000000000000000, 0.8660254037844387100, 1.000000000000000000, 0.8660254037844387100, 1.000000000000000000, 0.8660254037844387100, 1.000000000000000000, 0.8660254037844387100, 1.000000000000000000, 0.8660254037844387100, 1.000000000000000000, 0.8660254037844387100, 1.000000000000000000, 0.8660254037844387100, 1.000000000000000000, 0.8660254037844387100, 1.000000000000000000, 0.8660254037844387100, 1.000000000000000000, 0.8660254037844387100, 1.000000000000000000, 0.8660254037844387100, 1.000000000000000000, 0.8660254037844387100, 1.000000000000000000, 0.8660254037844387100, 1.000000000000000000),
 ( 1.000000000000000000, 0.8660254037844387100, 1.000000000000000000, 0.8660254037844387100, 1.000000000000000000, 0.8660254037844387100, 1.000000000000000000, 0.8660254037844387100, 1.000000000000000000, 0.8660254037844387100, 1.000000000000000000, 0.8660254037844387100, 1.000000000000000000, 0.8660254037844387100, 1.000000000000000000, 0.8660254037844387100, 1.000000000000000000, 0.8660254037844387100, 1.000000000000000000, 0.8660254037844387100, 1.000000000000000000, 0.8660254037844387100, 1.000000000000000000, 0.8660254037844387100, 1.000000000000000000, 0.8660254037844387100, 1.000000000000000000, 0.8660254037844387100, 1.000000000000000000, 0.8660254037844387100, 1.000000000000000000, 0.8660254037844387100, 1.000000000000000000, 0.8660254037844387100, 1.000000000000000000, 0.8660254037844387100, 1.000000000000000000, 0.8660254037844387100, 1.000000000000000000, 0.8660254037844387100, 1.000000000000000000, 0.8660254037844387100, 1.000000000000000000, 0.8660254037844387100, 1.000000000000000000, 0.8660254037844387100, 1.000000000000000000, 0.8660254037844387100, 1.000000000000000000, 0.8660254037844387100, 1.000000000000000000, 0.8660254037844387100, 1.000000000000000000, 0.8660254037844387100, 1.000000000000000000, 0.8660254037844387100, 1.000000000000000000, 0.8660254037844387100, 1.000000000000000000, 0.8660254037844387100, 1.000000000000000000, 0.8660254037844387100, 1.000000000000000000, 0.8660254037844387100, 1.000000000000000000, 0.8660254037844387100, 1.000000000000000000, 0.8660254037844387100, 1.000000000000000000, 0.8660254037844387100, 1.000000000000000000, 0.8660254037844387100, 1.000000000000000000, 0.8660254037844387100, 1.000000000000000000, 0.8660254037844387100, 1.000000000000000000, 0.8660254037844387100, 1.000000000000000000, 0.8660254037844387100, 1.000000000000000000, 0.8660254037844387100, 1.000000000000000000, 0.8660254037844387100, 1.000000000000000000, 0.8660254037844387100, 1.000000000000000000, 0.8660254037844387100, 1.000000000000000000, 0.8660254037844387100, 1.000000000000000000, 0.8660254037844387100, 1.000000000000000000, 0.8660254037844387100, 1.000000000000000000, 0.8660254037844387100, 1.000000000000000000, 0.8660254037844387100, 1.000000000000000000, 0.8660254037844387100, 1.000000000000000000, 0.8660254037844387100, 1.000000000000000000, 0.8660254037844387100, 1.000000000000000000, 0.8660254037844387100, 1.000000000000000000, 0.8660254037844387100, 1.000000000000000000, 0.8660254037844387100, 1.000000000000000000, 0.8660254037844387100, 1.000000000000000000, 0.8660254037844387100, 1.000000000000000000, 0.8660254037844387100, 1.000000000000000000, 0.8660254037844387100, 1.000000000000000000, 0.8660254037844387100, 1.000000000000000000, 0.8660254037844387100, 1.000000000000000000, 0.8660254037844387100, 1.000000000000000000, 0.8660254037844387100, 1.000000000000000000, 0.8660254037844387100, 1.000000000000000000, 0.8660254037844387100, 1.000000000000000000, 0.8660254037844387100, 1.000000000000000000, 0.8660254037844387100, 1.000000000000000000, 0.8660254037844387100, 1.000000000000000000, 0.8660254037844387100, 1.000000000000000000, 0.8660254037844387100, 1.000000000000000000) ) ) 
 REPRESENTATION_ITEM ( '' )  SURFACE ( )  );
#3042 = CARTESIAN_POINT ( 'NONE',  ( 2.404350952641880900, 0.4826262486298914500, -0.8359331836933428000 ) ) ;
#3043 = CARTESIAN_POINT ( 'NONE',  ( 15.16685095264188200, -0.9652524972597841300, 0.5572887891288953500 ) ) ;
#3044 = CARTESIAN_POINT ( 'NONE',  ( 2.854350952641880700, 0.4826262486298914500, -0.8359331836933428000 ) ) ;
#3045 = CARTESIAN_POINT ( 'NONE',  ( 0.9912379763209610000, 0.6390624999999867700, 1.106888719211962500 ) ) ;
#3046 = CARTESIAN_POINT ( 'NONE',  ( 15.37310095264188300, -2.047445795422216600E-016, -1.114577578257790000 ) ) ;
#3047 = CARTESIAN_POINT ( 'NONE',  ( 17.39810095264188300, 6.824819318074054600E-017, 1.114577578257790000 ) ) ;
#3048 = ORIENTED_EDGE ( 'NONE', *, *, #4226, .T. ) ;
#3049 = CARTESIAN_POINT ( 'NONE',  ( 18.99185095264188000, 0.9652524972597840100, -0.5572887891288955700 ) ) ;
#3050 = APPROVAL_DATE_TIME ( #3621, #4894 ) ;
#3051 = CARTESIAN_POINT ( 'NONE',  ( 1.136213928962800600, -1.278124999999973500, 0.7379258128079755300 ) ) ;
#3052 = EDGE_CURVE ( 'NONE', #673, #1051, #528, .T. ) ;
#3053 = CARTESIAN_POINT ( 'NONE',  ( 2.222548094716093400, 0.3349364905388968500, -1.249999999999972900 ) ) ;
#3054 = ORIENTED_EDGE ( 'NONE', *, *, #2261, .F. ) ;
#3055 = CARTESIAN_POINT ( 'NONE',  ( 0.3606009526418809100, 0.4826262486298922800, 0.8359331836933423500 ) ) ;
#3056 = CARTESIAN_POINT ( 'NONE',  ( 17.04185095264188000, -0.9652524972597844600, -0.5572887891288946800 ) ) ;
#3057 = CARTESIAN_POINT ( 'NONE',  ( 3.941850952641880600, 6.824819318074054600E-017, 1.114577578257790000 ) ) ;
#3058 = CARTESIAN_POINT ( 'NONE',  ( 0.4287379763209609500, 1.278124999999972900, -0.7379258128079757600 ) ) ;
#3059 = FACE_OUTER_BOUND ( 'NONE', #3581, .T. ) ;
#3060 = CARTESIAN_POINT ( 'NONE',  ( 15.22310095264188100, -0.9652524972597841300, 0.5572887891288953500 ) ) ;
#3061 = CARTESIAN_POINT ( 'NONE',  ( 0.0000000000000000000, 1.530808498934159000E-016, -1.249999999999973400 ) ) ;
#3062 = CARTESIAN_POINT ( 'NONE',  ( 17.99810095264188100, -0.9652524972597845700, -0.5572887891288946800 ) ) ;
#3063 = ADVANCED_FACE ( 'NONE', ( #2744 ), #2437, .F. ) ;
#3064 = FACE_OUTER_BOUND ( 'NONE', #4493, .T. ) ;
#3065 = DIRECTION ( 'NONE',  ( 0.0000000000000000000, 0.0000000000000000000, 1.000000000000000000 ) ) ;
#3066 = AXIS2_PLACEMENT_3D ( 'NONE', #5174, #1951, #248 ) ;
#3067 = CARTESIAN_POINT ( 'NONE',  ( 2.411213928962801000, 9.036984846634956000E-017, 1.475851625615950200 ) ) ;
#3068 =( BOUNDED_CURVE ( )  B_SPLINE_CURVE ( 2, ( #3754, #5005, #21, #43, #2107, #2492, #4576, #1744, #465 ),
 .UNSPECIFIED., .F., .F. ) 
 B_SPLINE_CURVE_WITH_KNOTS ( ( 3, 2, 2, 2, 3 ),
 ( 0.2430555555555554700, 0.2500000000000000000, 0.2638888888888888400, 0.2777777777777777900, 0.2847222222222222100 ),
 .UNSPECIFIED. ) 
 CURVE ( )  GEOMETRIC_REPRESENTATION_ITEM ( )  RATIONAL_B_SPLINE_CURVE ( ( 0.9330127018922193000, 0.9330127018922187400, 1.000000000000000000, 0.8660254037844387100, 1.000000000000000000, 0.8660254037844387100, 1.000000000000000000, 0.9330127018922194100, 0.9330127018922194100 ) ) 
 REPRESENTATION_ITEM ( '' )  );
#3069 = CARTESIAN_POINT ( 'NONE',  ( 2.685600952641880500, -0.4826262486298919500, 0.8359331836933424600 ) ) ;
#3070 = CARTESIAN_POINT ( 'NONE',  ( 15.55759618943233700, 0.3349364905388956800, -1.249999999999973600 ) ) ;
#3071 = DIRECTION ( 'NONE',  ( 1.000000000000000000, 0.0000000000000000000, 0.0000000000000000000 ) ) ;
#3072 = CIRCLE ( 'NONE', #5087, 2.249999999999998200 ) ;
#3073 = CARTESIAN_POINT ( 'NONE',  ( 0.5481009526418808600, -0.9652524972597844600, -0.5572887891288946800 ) ) ;
#3074 = CARTESIAN_POINT ( 'NONE',  ( 18.12935095264188200, 0.9652524972597843500, 0.0000000000000000000 ) ) ;
#3075 = CARTESIAN_POINT ( 'NONE',  ( 1.628737976320960600, -1.278124999999973800, -0.7379258128079745300 ) ) ;
#3076 = CARTESIAN_POINT ( 'NONE',  ( 15.86060095264188200, 0.4826262486298914500, -0.8359331836933428000 ) ) ;
#3077 = CARTESIAN_POINT ( 'NONE',  ( 18.26060095264188000, 0.4826262486298922800, 0.8359331836933423500 ) ) ;
#3078 = ORIENTED_EDGE ( 'NONE', *, *, #3052, .T. ) ;
#3079 = EDGE_CURVE ( 'NONE', #5277, #4374, #3829, .T. ) ;
#3080 = ORIENTED_EDGE ( 'NONE', *, *, #1772, .F. ) ;
#3081 = CARTESIAN_POINT ( 'NONE',  ( 1.023713928962800600, 0.6390624999999868800, 1.106888719211962700 ) ) ;
#3082 = CARTESIAN_POINT ( 'NONE',  ( 4.335600952641880400, 0.9652524972597843500, 0.0000000000000000000 ) ) ;
#3083 = ADVANCED_FACE ( 'NONE', ( #5169 ), #3957, .F. ) ;
#3084 = DIRECTION ( 'NONE',  ( 0.0000000000000000000, 0.0000000000000000000, 1.000000000000000000 ) ) ;
#3085 = CARTESIAN_POINT ( 'NONE',  ( 18.33995190528376200, 0.6249999999999856800, -1.082531754730525800 ) ) ;
#3086 = ORIENTED_EDGE ( 'NONE', *, *, #1171, .T. ) ;
#3087 = EDGE_CURVE ( 'NONE', #603, #4807, #3039, .T. ) ;
#3088 = CARTESIAN_POINT ( 'NONE',  ( 0.9981009526418807000, -0.9652524972597844600, -0.5572887891288946800 ) ) ;
#3089 = CARTESIAN_POINT ( 'NONE',  ( 16.70435095264188200, 0.4826262486298914500, -0.8359331836933428000 ) ) ;
#3090 = CARTESIAN_POINT ( 'NONE',  ( 3.128737976320960600, 1.278124999999972900, -0.7379258128079757600 ) ) ;
#3091 = EDGE_LOOP ( 'NONE', ( #4431, #2719, #4970, #5259 ) ) ;
#3092 = CARTESIAN_POINT ( 'NONE',  ( 19.36685095264188000, -2.047445795422216600E-016, -1.114577578257790000 ) ) ;
#3093 = CARTESIAN_POINT ( 'NONE',  ( 17.51060095264188400, -0.9652524972597843500, 1.182093381138184100E-016 ) ) ;
#3094 = AXIS2_PLACEMENT_3D ( 'NONE', #2920, #4168, #1318 ) ;
#3095 = ORIENTED_EDGE ( 'NONE', *, *, #3904, .T. ) ;
#3096 = CARTESIAN_POINT ( 'NONE',  ( 17.62745190528376000, -5.200148628237119300E-015, 1.249999999999973400 ) ) ;
#3097 = CARTESIAN_POINT ( 'NONE',  ( 4.061213928962800400, 1.278124999999973300, -0.7379258128079758700 ) ) ;
#3098 = VERTEX_POINT ( 'NONE', #3906 ) ;
#3099 = CARTESIAN_POINT ( 'NONE',  ( 2.423100952641880700, -2.047445795422216600E-016, -1.114577578257790000 ) ) ;
#3100 = CARTESIAN_POINT ( 'NONE',  ( 18.23750000000000400, -4.938688641342514700E-016, -1.249999999999973400 ) ) ;
#3101 = CARTESIAN_POINT ( 'NONE',  ( 4.879350952641880600, -0.4826262486298919500, 0.8359331836933424600 ) ) ;
#3102 = CARTESIAN_POINT ( 'NONE',  ( 16.89185095264188200, 6.824819318074054600E-017, 1.114577578257790000 ) ) ;
#3103 = CARTESIAN_POINT ( 'NONE',  ( 2.416237976320960700, -0.6390624999999863200, 1.106888719211962700 ) ) ;
#3104 = ORIENTED_EDGE ( 'NONE', *, *, #3001, .F. ) ;
#3105 = CARTESIAN_POINT ( 'NONE',  ( 19.47935095264188000, 0.9652524972597843500, 0.0000000000000000000 ) ) ;
#3106 = ORIENTED_EDGE ( 'NONE', *, *, #538, .F. ) ;
#3107 = CARTESIAN_POINT ( 'NONE',  ( 18.07310095264188000, -2.047445795422216600E-016, -1.114577578257790000 ) ) ;
#3108 = ADVANCED_FACE ( 'NONE', ( #1209 ), #3116, .F. ) ;
#3109 = FACE_OUTER_BOUND ( 'NONE', #2961, .T. ) ;
#3110 = CARTESIAN_POINT ( 'NONE',  ( 18.50000000000000000, -0.6249999999999863400, 1.082531754730525300 ) ) ;
#3111 = CARTESIAN_POINT ( 'NONE',  ( 3.648713928962800800, 1.278124999999973500, 0.0000000000000000000 ) ) ;
#3112 = LINE ( 'NONE', #4452, #5166 ) ;
#3113 = CARTESIAN_POINT ( 'NONE',  ( 4.087500000000003000, 1.249999999999973400, 0.7216878364870166200 ) ) ;
#3114 = EDGE_CURVE ( 'NONE', #5212, #4570, #1313, .T. ) ;
#3115 = CARTESIAN_POINT ( 'NONE',  ( 4.560600952641880000, -0.9652524972597843500, 1.182093381138184100E-016 ) ) ;
#3116 = CYLINDRICAL_SURFACE ( 'NONE', #2362, 1.249999999999973400 ) ;
#3117 = CARTESIAN_POINT ( 'NONE',  ( 1.148100952641880600, 0.9652524972597841300, -0.5572887891288955700 ) ) ;
#3118 = CARTESIAN_POINT ( 'NONE',  ( 17.49185095264188300, -0.9652524972597844600, -0.5572887891288946800 ) ) ;
#3119 = CARTESIAN_POINT ( 'NONE',  ( 4.616850952641879500, -2.047445795422216600E-016, -1.114577578257790000 ) ) ;
#3120 = CARTESIAN_POINT ( 'NONE',  ( 4.253737976320962000, -1.278124999999973300, 0.7379258128079753100 ) ) ;
#3121 = CARTESIAN_POINT ( 'NONE',  ( 16.31060095264188100, 0.4826262486298914500, -0.8359331836933428000 ) ) ;
#3122 = CONICAL_SURFACE ( 'NONE', #192, 2.249999999999998700, 1.047197551196600100 ) ;
#3123 = CARTESIAN_POINT ( 'NONE',  ( 0.1774519052837592000, -5.519710834441634400E-016, 1.249999999999973600 ) ) ;
#3124 = CARTESIAN_POINT ( 'NONE',  ( 19.97873797632096100, -1.278124999999973800, -0.7379258128079745300 ) ) ;
#3125 = CARTESIAN_POINT ( 'NONE',  ( 16.08995190528375500, 0.6249999999999856800, -1.082531754730525800 ) ) ;
#3126 = LINE ( 'NONE', #512, #3655 ) ;
#3127 = CARTESIAN_POINT ( 'NONE',  ( 4.736213928962800200, -1.278124999999973500, 0.7379258128079755300 ) ) ;
#3128 = CARTESIAN_POINT ( 'NONE',  ( 2.648100952641881300, 6.824819318074054600E-017, 1.114577578257790000 ) ) ;
#3129 = ORIENTED_EDGE ( 'NONE', *, *, #2449, .F. ) ;
#3130 = CARTESIAN_POINT ( 'NONE',  ( 1.282355715851424700, -0.3349364905388966300, -1.249999999999973100 ) ) ;
#3131 = CARTESIAN_POINT ( 'NONE',  ( 2.362500000000001600, 1.743066579297358300E-016, 1.249999999999973400 ) ) ;
#3132 = CARTESIAN_POINT ( 'NONE',  ( 3.848100952641880600, 0.9652524972597841300, -0.5572887891288955700 ) ) ;
#3133 = CARTESIAN_POINT ( 'NONE',  ( 19.44185095264187900, 0.9652524972597841300, -0.5572887891288955700 ) ) ;
#3134 = VERTEX_POINT ( 'NONE', #4375 ) ;
#3135 = CARTESIAN_POINT ( 'NONE',  ( 3.916237976320961200, -0.6390624999999872100, -1.106888719211962300 ) ) ;
#3136 = CARTESIAN_POINT ( 'NONE',  ( 17.43560095264188100, -0.4826262486298919500, 0.8359331836933424600 ) ) ;
#3137 = CARTESIAN_POINT ( 'NONE',  ( -0.07064904735811897200, -0.4826262486298919500, 0.8359331836933424600 ) ) ;
#3138 = ORIENTED_EDGE ( 'NONE', *, *, #2695, .T. ) ;
#3139 = CARTESIAN_POINT ( 'NONE',  ( 17.61623797632096000, -0.6390624999999863200, 1.106888719211962700 ) ) ;
#3140 = CARTESIAN_POINT ( 'NONE',  ( 17.39810095264187600, 6.824819318074059600E-017, 1.114577578257790700 ) ) ;
#3141 = EDGE_CURVE ( 'NONE', #3438, #933, #2876, .T. ) ;
#3142 = CARTESIAN_POINT ( 'NONE',  ( 3.461213928962800800, -1.278124999999973800, -0.7379258128079745300 ) ) ;
#3143 = ORIENTED_EDGE ( 'NONE', *, *, #245, .F. ) ;
#3144 = CARTESIAN_POINT ( 'NONE',  ( 15.19999999999999900, 0.5991643158066236600, -1.094440995577093500 ) ) ;
#3145 = DIRECTION ( 'NONE',  ( -1.000000000000000000, -0.0000000000000000000, -0.0000000000000000000 ) ) ;
#3146 = ORIENTED_EDGE ( 'NONE', *, *, #1931, .F. ) ;
#3147 = EDGE_CURVE ( 'NONE', #1194, #208, #2572, .T. ) ;
#3148 = CARTESIAN_POINT ( 'NONE',  ( 3.435600952641880900, 0.9652524972597843500, 0.0000000000000000000 ) ) ;
#3149 = CARTESIAN_POINT ( 'NONE',  ( 0.3174038105676685300, -0.3349364905388966300, -1.249999999999973100 ) ) ;
#3150 = CARTESIAN_POINT ( 'NONE',  ( 0.1399519052837591700, 0.6249999999999866800, 1.082531754730525100 ) ) ;
#3151 = CARTESIAN_POINT ( 'NONE',  ( 3.053737976320960400, -2.711095453990486600E-016, -1.475851625615950000 ) ) ;
#3152 = CARTESIAN_POINT ( 'NONE',  ( 16.72310095264188200, -2.047445795422216600E-016, -1.114577578257790000 ) ) ;
#3153 = ORIENTED_EDGE ( 'NONE', *, *, #4363, .T. ) ;
#3154 = CARTESIAN_POINT ( 'NONE',  ( 19.69714853322195900, -0.9908881004411557200, -0.2736803179740804900 ) ) ;
#3155 = CARTESIAN_POINT ( 'NONE',  ( 17.91623797632096100, 1.278124999999973300, 0.0000000000000000000 ) ) ;
#3156 = CARTESIAN_POINT ( 'NONE',  ( 15.41060095264188100, 0.4826262486298917900, -0.8359331836933434600 ) ) ;
#3157 = CARTESIAN_POINT ( 'NONE',  ( 0.5293509526418809200, -0.4826262486298926200, -0.8359331836933422400 ) ) ;
#3158 =( BOUNDED_CURVE ( )  B_SPLINE_CURVE ( 2, ( #1663, #3324, #2869, #425, #4512, #2081, #2487, #41, #891 ),
 .UNSPECIFIED., .F., .F. ) 
 B_SPLINE_CURVE_WITH_KNOTS ( ( 3, 2, 2, 2, 3 ),
 ( 0.7291666666666667400, 0.7361111111111111600, 0.7500000000000000000, 0.7638888888888888400, 0.7708333333333333700 ),
 .UNSPECIFIED. ) 
 CURVE ( )  GEOMETRIC_REPRESENTATION_ITEM ( )  RATIONAL_B_SPLINE_CURVE ( ( 0.9330127018922193000, 0.9330127018922198500, 1.000000000000000000, 0.8660254037844387100, 1.000000000000000000, 0.8660254037844387100, 1.000000000000000000, 0.9330127018922187400, 0.9330127018922193000 ) ) 
 REPRESENTATION_ITEM ( '' )  );
#3159 = ORIENTED_EDGE ( 'NONE', *, *, #3211, .T. ) ;
#3160 = CARTESIAN_POINT ( 'NONE',  ( 0.1397700690953391800, 0.1835754756815224100, -2.492088861051974000 ) ) ;
#3161 = CARTESIAN_POINT ( 'NONE',  ( 18.70759618943233700, 0.3349364905388981200, -1.249999999999972000 ) ) ;
#3162 = CALENDAR_DATE ( 2021, 25, 8 ) ;
#3163 = CARTESIAN_POINT ( 'NONE',  ( 2.085600952641880800, 0.9652524972597843500, 0.0000000000000000000 ) ) ;
#3164 = CARTESIAN_POINT ( 'NONE',  ( 19.85435095264188000, 0.4826262486298914500, -0.8359331836933428000 ) ) ;
#3165 = DIRECTION ( 'NONE',  ( 1.000000000000000000, 0.0000000000000000000, 0.0000000000000000000 ) ) ;
#3166 = FACE_OUTER_BOUND ( 'NONE', #872, .T. ) ;
#3167 = CARTESIAN_POINT ( 'NONE',  ( 18.18560095264188100, 0.9652524972597843500, 0.0000000000000000000 ) ) ;
#3168 = CARTESIAN_POINT ( 'NONE',  ( 19.85969771313582300, 2.249999999999998700, 1.088907061503742800 ) ) ;
#3169 = CARTESIAN_POINT ( 'NONE',  ( 0.5149519052837591100, 1.249999999999973400, 0.0000000000000000000 ) ) ;
#3170 = LINE ( 'NONE', #2459, #1015 ) ;
#3171 = CARTESIAN_POINT ( 'NONE',  ( 19.45373797632096200, -1.278124999999973300, 0.7379258128079753100 ) ) ;
#3172 = CARTESIAN_POINT ( 'NONE',  ( 17.62310095264188100, -2.047445795422217900E-016, -1.114577578257790700 ) ) ;
#3173 = DIRECTION ( 'NONE',  ( 0.0000000000000000000, 0.0000000000000000000, 1.000000000000000000 ) ) ;
#3174 = CARTESIAN_POINT ( 'NONE',  ( 1.429350952641880800, -0.4826262486298926200, -0.8359331836933422400 ) ) ;
#3175 = CARTESIAN_POINT ( 'NONE',  ( 3.360600952641880300, 0.4826262486298914500, -0.8359331836933428000 ) ) ;
#3176 = CARTESIAN_POINT ( 'NONE',  ( 1.237500000000002700, -5.229199737892074000E-016, -1.249999999999973400 ) ) ;
#3177 = EDGE_CURVE ( 'NONE', #3021, #845, #3506, .T. ) ;
#3178 = CARTESIAN_POINT ( 'NONE',  ( 16.95245190528375900, 2.149782114466741500E-015, -1.249999999999973400 ) ) ;
#3179 = ADVANCED_FACE ( 'NONE', ( #2569 ), #3705, .F. ) ;
#3180 = DIRECTION ( 'NONE',  ( 0.0000000000000000000, 0.0000000000000000000, 1.000000000000000000 ) ) ;
#3181 = CIRCLE ( 'NONE', #3094, 2.249999999999998700 ) ;
#3182 = CARTESIAN_POINT ( 'NONE',  ( 2.535600952641880600, 0.9652524972597843500, 0.0000000000000000000 ) ) ;
#3183 = CARTESIAN_POINT ( 'NONE',  ( 1.732355715851424700, -0.3349364905388966300, -1.249999999999973100 ) ) ;
#3184 = CARTESIAN_POINT ( 'NONE',  ( 17.02745190528376200, 1.249999999999972900, -0.7216878364870175100 ) ) ;
#3185 = CARTESIAN_POINT ( 'NONE',  ( 1.860600952641880700, -0.9652524972597843500, 1.182093381138184100E-016 ) ) ;
#3186 = CARTESIAN_POINT ( 'NONE',  ( 16.46060095264188000, 0.4826262486298922800, 0.8359331836933423500 ) ) ;
#3187 =( BOUNDED_CURVE ( )  B_SPLINE_CURVE ( 2, ( #5045, #2171, #4205, #4146, #2152, #2539, #5014, #3761, #2942 ),
 .UNSPECIFIED., .F., .F. ) 
 B_SPLINE_CURVE_WITH_KNOTS ( ( 3, 2, 2, 2, 3 ),
 ( 0.6180555555555555800, 0.6250000000000000000, 0.6388888888888888400, 0.6527777777777777900, 0.6597222222222222100 ),
 .UNSPECIFIED. ) 
 CURVE ( )  GEOMETRIC_REPRESENTATION_ITEM ( )  RATIONAL_B_SPLINE_CURVE ( ( 0.9330127018922194100, 0.9330127018922194100, 1.000000000000000000, 0.8660254037844387100, 1.000000000000000000, 0.8660254037844387100, 1.000000000000000000, 0.9330127018922194100, 0.9330127018922194100 ) ) 
 REPRESENTATION_ITEM ( '' )  );
#3188 = CARTESIAN_POINT ( 'NONE',  ( 19.67191417501271600, -0.9544780163930478600, 0.3084035115293249900 ) ) ;
#3189 = FACE_OUTER_BOUND ( 'NONE', #674, .T. ) ;
#3190 = CARTESIAN_POINT ( 'NONE',  ( 0.7356009526418808600, 0.9652524972597843500, 0.0000000000000000000 ) ) ;
#3191 = CARTESIAN_POINT ( 'NONE',  ( 19.75373797632095900, 1.278124999999973500, 0.7379258128079748700 ) ) ;
#3192 = CARTESIAN_POINT ( 'NONE',  ( 16.64810095264188000, -0.9652524972597851200, -0.5572887891288950100 ) ) ;
#3193 = CARTESIAN_POINT ( 'NONE',  ( 20.02310095264188000, 0.9652524972597842400, 0.5572887891288949000 ) ) ;
#3194 = ORIENTED_EDGE ( 'NONE', *, *, #2779, .T. ) ;
#3195 = CARTESIAN_POINT ( 'NONE',  ( 2.816850952641881000, -2.047445795422216600E-016, -1.114577578257790000 ) ) ;
#3196 = CARTESIAN_POINT ( 'NONE',  ( 3.248100952641880900, -0.9652524972597844600, -0.5572887891288946800 ) ) ;
#3197 = CARTESIAN_POINT ( 'NONE',  ( 4.635600952641880200, -0.4826262486298926200, -0.8359331836933422400 ) ) ;
#3198 = CARTESIAN_POINT ( 'NONE',  ( 15.95000000000000300, -0.6249999999999872300, -1.082531754730524900 ) ) ;
#3199 = ORIENTED_EDGE ( 'NONE', *, *, #4116, .T. ) ;
#3200 = CARTESIAN_POINT ( 'NONE',  ( 4.110600952641879900, -0.9652524972597843500, 1.182093381138184100E-016 ) ) ;
#3201 = CARTESIAN_POINT ( 'NONE',  ( 19.98106339205086400, -2.249999999999998200, -0.4381532948924535800 ) ) ;
#3202 = CARTESIAN_POINT ( 'NONE',  ( 2.512500000000002400, -1.249999999999973600, -0.7216878364870164000 ) ) ;
#3203 = CARTESIAN_POINT ( 'NONE',  ( 0.06249999999996146100, 1.249127957448160400, -0.04668346518423052000 ) ) ;
#3204 = CARTESIAN_POINT ( 'NONE',  ( 16.97254809471609200, 0.3349364905388956300, -1.249999999999973600 ) ) ;
#3205 = ORIENTED_EDGE ( 'NONE', *, *, #282, .T. ) ;
#3206 = CARTESIAN_POINT ( 'NONE',  ( 19.01060095264188000, 0.4826262486298914500, -0.8359331836933428000 ) ) ;
#3207 = CARTESIAN_POINT ( 'NONE',  ( 0.0000000000000000000, 0.0000000000000000000, 0.0000000000000000000 ) ) ;
#3208 = CARTESIAN_POINT ( 'NONE',  ( 0.4543509526418809700, -0.9652524972597843500, 1.182093381138184100E-016 ) ) ;
#3209 = ORIENTED_EDGE ( 'NONE', *, *, #3421, .T. ) ;
#3210 = CARTESIAN_POINT ( 'NONE',  ( 15.48560095264188000, 0.9652524972597850100, 0.0000000000000000000 ) ) ;
#3211 = EDGE_CURVE ( 'NONE', #2776, #168, #3361, .T. ) ;
#3212 = CARTESIAN_POINT ( 'NONE',  ( 20.00000000000000000, -1.315951922094013500, 1.838311014891730300 ) ) ;
#3213 = CARTESIAN_POINT ( 'NONE',  ( 0.7543509526418809000, 0.4826262486298922800, 0.8359331836933423500 ) ) ;
#3214 = CARTESIAN_POINT ( 'NONE',  ( 2.610600952641880700, 0.4826262486298922800, 0.8359331836933423500 ) ) ;
#3215 = VERTEX_POINT ( 'NONE', #3176 ) ;
#3216 = DIRECTION ( 'NONE',  ( -1.000000000000000000, -0.0000000000000000000, -0.0000000000000000000 ) ) ;
#3217 = B_SPLINE_CURVE_WITH_KNOTS ( 'NONE', 3,
 ( #4065, #3212, #1149, #4442, #2413, #429 ),
 .UNSPECIFIED., .F., .F.,
 ( 4, 2, 4 ),
 ( 0.001314652396222794900, 0.001969405109320633700, 0.002624157822418472100 ),
 .UNSPECIFIED. ) ;
#3218 = CARTESIAN_POINT ( 'NONE',  ( 15.78259618943233800, -0.3349364905388963500, 1.249999999999973400 ) ) ;
#3219 = CARTESIAN_POINT ( 'NONE',  ( 0.0000000000000000000, 0.0000000000000000000, 0.0000000000000000000 ) ) ;
#3220 = AXIS2_PLACEMENT_3D ( 'NONE', #3734, #4557, #2127 ) ;
#3221 = CARTESIAN_POINT ( 'NONE',  ( 20.00000000000000000, -2.249999999999998700, -7.511572993685794200E-016 ) ) ;
#3222 = EDGE_LOOP ( 'NONE', ( #2407, #856, #4561, #1950 ) ) ;
#3223 = ORIENTED_EDGE ( 'NONE', *, *, #5273, .F. ) ;
#3224 = CARTESIAN_POINT ( 'NONE',  ( 4.598100952641879700, -0.9652524972597844600, -0.5572887891288946800 ) ) ;
#3225 = DIRECTION ( 'NONE',  ( -1.000000000000000000, -0.0000000000000000000, -0.0000000000000000000 ) ) ;
#3226 = CARTESIAN_POINT ( 'NONE',  ( 2.437500000000002700, -1.249999999999973400, 0.7216878364870171800 ) ) ;
#3227 = CARTESIAN_POINT ( 'NONE',  ( 16.06250000000000400, 1.249999999999972900, -0.7216878364870175100 ) ) ;
#3228 = CARTESIAN_POINT ( 'NONE',  ( 4.816237976320961100, -0.6390624999999872100, -1.106888719211962300 ) ) ;
#3229 = CARTESIAN_POINT ( 'NONE',  ( 20.00000000000000000, 0.0000000000000000000, 0.0000000000000000000 ) ) ;
#3230 = CARTESIAN_POINT ( 'NONE',  ( 1.991850952641880800, 0.9652524972597841300, -0.5572887891288955700 ) ) ;
#3231 = CARTESIAN_POINT ( 'NONE',  ( 4.387500000000002800, -5.229199737892074000E-016, -1.249999999999973400 ) ) ;
#3232 = ORIENTED_EDGE ( 'NONE', *, *, #2164, .F. ) ;
#3233 = CARTESIAN_POINT ( 'NONE',  ( 15.35735571585142400, 0.3349364905388962900, 1.249999999999973100 ) ) ;
#3234 = CARTESIAN_POINT ( 'NONE',  ( 18.18560095264187700, 0.9652524972597850100, 0.0000000000000000000 ) ) ;
#3235 = CARTESIAN_POINT ( 'NONE',  ( 19.27310095264188300, -0.9652524972597841300, 0.5572887891288953500 ) ) ;
#3236 = CARTESIAN_POINT ( 'NONE',  ( 2.704350952641880700, -0.9652524972597843500, 1.182093381138184100E-016 ) ) ;
#3237 = CARTESIAN_POINT ( 'NONE',  ( 4.523100952641881300, -0.9652524972597841300, 0.5572887891288953500 ) ) ;
#3238 = FACE_OUTER_BOUND ( 'NONE', #4869, .T. ) ;
#3239 = CARTESIAN_POINT ( 'NONE',  ( 0.01924333400943528700, 0.7433463941989683100, -2.168904970561402700 ) ) ;
#3240 = CARTESIAN_POINT ( 'NONE',  ( 1.482596189432337000, -0.3349364905388972400, 1.249999999999972900 ) ) ;
#3241 = CARTESIAN_POINT ( 'NONE',  ( 18.52745190528375100, 1.452555482747798400E-016, 1.249999999999973100 ) ) ;
#3242 = CARTESIAN_POINT ( 'NONE',  ( 4.448100952641880200, 6.824819318074054600E-017, 1.114577578257790000 ) ) ;
#3243 = DIRECTION ( 'NONE',  ( 1.000000000000000000, 0.0000000000000000000, 0.0000000000000000000 ) ) ;
#3244 = CARTESIAN_POINT ( 'NONE',  ( 0.2009618943233409900, -1.513318043118992200E-015, 2.598076211353314700 ) ) ;
#3245 = CARTESIAN_POINT ( 'NONE',  ( 4.853737976320960700, -2.711095453990486600E-016, -1.475851625615950000 ) ) ;
#3246 = CARTESIAN_POINT ( 'NONE',  ( 15.78995190528375800, 0.6249999999999866800, 1.082531754730525100 ) ) ;
#3247 = LINE ( 'NONE', #1268, #3440 ) ;
#3248 = CARTESIAN_POINT ( 'NONE',  ( 1.954350952641880700, 0.4826262486298914500, -0.8359331836933428000 ) ) ;
#3249 = EDGE_CURVE ( 'NONE', #4824, #1194, #167, .T. ) ;
#3250 = CARTESIAN_POINT ( 'NONE',  ( 20.05373797632096000, -2.711095453990486600E-016, -1.475851625615950000 ) ) ;
#3251 = CARTESIAN_POINT ( 'NONE',  ( 20.06060095264188100, 0.4826262486298926200, 0.8359331836933430200 ) ) ;
#3252 = CARTESIAN_POINT ( 'NONE',  ( 2.141850952641880700, 6.824819318074054600E-017, 1.114577578257790000 ) ) ;
#3253 = CARTESIAN_POINT ( 'NONE',  ( 4.148100952641880400, -0.9652524972597844600, -0.5572887891288946800 ) ) ;
#3254 = DIRECTION ( 'NONE',  ( 0.0000000000000000000, 0.0000000000000000000, 1.000000000000000000 ) ) ;
#3255 = EDGE_CURVE ( 'NONE', #4304, #99, #578, .T. ) ;
#3256 = CARTESIAN_POINT ( 'NONE',  ( 0.0000000000000000000, 0.0000000000000000000, 0.0000000000000000000 ) ) ;
#3257 = FACE_OUTER_BOUND ( 'NONE', #2465, .T. ) ;
#3258 = CARTESIAN_POINT ( 'NONE',  ( 3.982355715851424000, -0.3349364905388966300, -1.249999999999973100 ) ) ;
#3259 =( BOUNDED_CURVE ( )  B_SPLINE_CURVE ( 2, ( #1697, #4189, #515, #4208, #3649, #3355, #1198, #2921, #475 ),
 .UNSPECIFIED., .F., .F. ) 
 B_SPLINE_CURVE_WITH_KNOTS ( ( 3, 2, 2, 2, 3 ),
 ( 0.1180555555555554700, 0.1250000000000000000, 0.1388888888888888400, 0.1527777777777777900, 0.1597222222222222100 ),
 .UNSPECIFIED. ) 
 CURVE ( )  GEOMETRIC_REPRESENTATION_ITEM ( )  RATIONAL_B_SPLINE_CURVE ( ( 0.9330127018922193000, 0.9330127018922187400, 1.000000000000000000, 0.8660254037844387100, 1.000000000000000000, 0.8660254037844387100, 1.000000000000000000, 0.9330127018922194100, 0.9330127018922194100 ) ) 
 REPRESENTATION_ITEM ( '' )  );
#3260 = CARTESIAN_POINT ( 'NONE',  ( 4.898100952641879500, 6.824819318074054600E-017, 1.114577578257790000 ) ) ;
#3261 = CARTESIAN_POINT ( 'NONE',  ( 17.43995190528376000, 0.6249999999999856800, -1.082531754730525800 ) ) ;
#3262 = EDGE_LOOP ( 'NONE', ( #15, #4100, #1573, #4360 ) ) ;
#3263 = CARTESIAN_POINT ( 'NONE',  ( 0.7774519052837590700, -1.249999999999973400, -0.7216878364870162900 ) ) ;
#3264 = CARTESIAN_POINT ( 'NONE',  ( 1.752451905283758600, 2.149782114466741500E-015, -1.249999999999973400 ) ) ;
#3265 = CARTESIAN_POINT ( 'NONE',  ( 0.07935095264188102300, -0.4826262486298926200, -0.8359331836933422400 ) ) ;
#3266 = ADVANCED_FACE ( 'NONE', ( #126 ), #1670, .T. ) ;
#3267 = ORIENTED_EDGE ( 'NONE', *, *, #5143, .T. ) ;
#3268 = CARTESIAN_POINT ( 'NONE',  ( 15.37745190528376000, -5.519710834441634400E-016, 1.249999999999973600 ) ) ;
#3269 = CARTESIAN_POINT ( 'NONE',  ( 18.59810095264188600, 0.9652524972597845700, -0.5572887891288959000 ) ) ;
#3270 = CARTESIAN_POINT ( 'NONE',  ( 17.38235571585142500, -0.3349364905388953500, -1.249999999999973800 ) ) ;
#3271 = CARTESIAN_POINT ( 'NONE',  ( 5.029350952641880000, -0.4826262486298926200, -0.8359331836933422400 ) ) ;
#3272 = CARTESIAN_POINT ( 'NONE',  ( 20.00000000000000000, 1.607348923880901000E-016, 1.312500000000000000 ) ) ;
#3273 = ORIENTED_EDGE ( 'NONE', *, *, #1004, .F. ) ;
#3274 = CARTESIAN_POINT ( 'NONE',  ( 14.91121392896280000, 9.036984846634956000E-017, 1.475851625615950200 ) ) ;
#3275 = CARTESIAN_POINT ( 'NONE',  ( 15.83750000000000000, -1.249999999999973100, 0.7216878364870171800 ) ) ;
#3276 = ORIENTED_EDGE ( 'NONE', *, *, #1742, .F. ) ;
#3277 = ORIENTED_EDGE ( 'NONE', *, *, #2000, .F. ) ;
#3278 = DIRECTION ( 'NONE',  ( -1.000000000000000000, -0.0000000000000000000, -0.0000000000000000000 ) ) ;
#3279 = CARTESIAN_POINT ( 'NONE',  ( 4.973100952641880600, -0.9652524972597841300, 0.5572887891288953500 ) ) ;
#3280 = DIRECTION ( 'NONE',  ( -1.000000000000000000, -0.0000000000000000000, -0.0000000000000000000 ) ) ;
#3281 = CARTESIAN_POINT ( 'NONE',  ( 15.80435095264188000, 0.4826262486298914500, -0.8359331836933428000 ) ) ;
#3282 = ORIENTED_EDGE ( 'NONE', *, *, #2314, .T. ) ;
#3283 = CARTESIAN_POINT ( 'NONE',  ( 0.5668509526418810100, -2.047445795422216600E-016, -1.114577578257790000 ) ) ;
#3284 = CARTESIAN_POINT ( 'NONE',  ( 17.53621392896280200, 1.278124999999973800, 0.7379258128079749800 ) ) ;
#3285 = CARTESIAN_POINT ( 'NONE',  ( 17.81060095264187700, 0.4826262486298926200, 0.8359331836933430200 ) ) ;
#3286 = ORIENTED_EDGE ( 'NONE', *, *, #3255, .F. ) ;
#3287 = EDGE_CURVE ( 'NONE', #799, #2163, #1714, .T. ) ;
#3288 = CARTESIAN_POINT ( 'NONE',  ( 0.01121392896280082500, 1.278124999999973300, -0.7379258128079758700 ) ) ;
#3289 = CARTESIAN_POINT ( 'NONE',  ( 3.754350952641880600, 0.4826262486298914500, -0.8359331836933428000 ) ) ;
#3290 = CARTESIAN_POINT ( 'NONE',  ( 17.63750000000000300, -1.249999999999973100, 0.7216878364870171800 ) ) ;
#3291 =( BOUNDED_SURFACE ( )  B_SPLINE_SURFACE ( 1, 2, ( 
 ( #2462, #4876, #3687, #2896, #1196, #1270, #1232, #4091, #7, #1657, #3297, #4854, #4504, #4933, #1253, #2422, #435, #858, #5265, #4125, #2826, #379, #4054, #3740, #3350, #920, #2148, #4143, #2134, #2916, #510, #2553, #2939, #1715, #2954, #488, #1314, #90, #1335, #4182, #4972, #49, #3776, #2537, #3334, #898, #1749, #68, #4599, #469, #1733, #2114, #4584, #3759, #4163, #3316, #4993, #4953, #2167, #4541, #2517, #881, #1293, #4562, #4910, #4045, #1207, #2475, #2800, #2818, #4847, #5240, #2050, #1227, #3214, #349, #4498, #4067, #2415, #2069, #5314, #1569, #1590, #5258, #1610, #334, #4890, #1631, #1985, #4481, #372, #3196, #2455, #3616, #3175, #392, #1650, #2028, #3679, #779, #758, #4025, #5296, #4868, #2396, #2435, #2859, #4461, #739, #3639, #410, #3596, #1151, #5280, #1191, #3253, #4006, #817, #4832, #4085, #2838, #4427, #1169, #4444, #2006, #3237, #798, #3660, #196, #1388, #2897, #3450, #975, #2242, #2627, #5103, #4657, #2680, #1879, #605, #2277 ),
 ( #624, #3485, #2611, #2662, #3853, #3469, #2260, #1828, #4299, #2226, #1025, #3058, #1861, #156, #5085, #205, #4247, #3886, #1414, #4266, #4690, #5067, #172, #639, #1043, #3900, #3045, #5051, #1458, #3432, #3030, #1444, #220, #1010, #3869, #2643, #4708, #4312, #1429, #5119, #4281, #586, #2212, #3075, #3012, #1844, #570, #3410, #992, #3835, #1397, #1811, #4670, #189, #2308, #3534, #668, #713, #683, #3569, #5134, #5150, #1924, #2710, #3103, #1909, #3515, #1542, #4789, #1076, #4348, #2355, #5164, #4736, #1090, #4752, #1474, #3953, #4330, #307, #4722, #3151, #2694, #3090, #289, #2292, #1525, #256, #1507, #3552, #654, #1489, #2723, #3503, #1059, #1125, #3918, #3966, #4367, #4770, #1110, #2338, #1894, #3936, #3135, #237, #2321, #2739, #273, #3981, #5186, #699, #4383, #3120, #1941, #4398, #5203, #2758, #2444, #4840, #1958, #1578, #4470, #401, #4808, #4074, #381, #1640, #3228, #3245, #2373, #4858, #3604, #786, #2017, #4434, #4057, #1975, #3650, #2829, #1619 ) ),
 .UNSPECIFIED., .F., .F., .F. ) 
 B_SPLINE_SURFACE_WITH_KNOTS ( ( 2, 2 ),
 ( 3, 2, 2, 2, 2, 2, 2, 2, 2, 2, 2, 2, 2, 2, 2, 2, 2, 2, 2, 2, 2, 2, 2, 2, 2, 2, 2, 2, 2, 2, 2, 2, 2, 2, 2, 2, 2, 2, 2, 2, 2, 2, 2, 2, 2, 2, 2, 2, 2, 2, 2, 2, 2, 2, 2, 2, 2, 2, 2, 2, 2, 2, 2, 2, 2, 2, 2, 2, 2, 2, 3 ),
 ( 0.0000000000000000000, 1.000000000000000000 ),
 ( 0.0000000000000000000, 0.01388888888888888800, 0.02777777777777777600, 0.04166666666666666400, 0.05555555555555555200, 0.06944444444444444800, 0.08333333333333332900, 0.09722222222222222400, 0.1111111111111111000, 0.1250000000000000000, 0.1388888888888889000, 0.1527777777777777900, 0.1666666666666666600, 0.1805555555555555500, 0.1944444444444444500, 0.2083333333333333400, 0.2222222222222222100, 0.2361111111111111000, 0.2500000000000000000, 0.2638888888888889000, 0.2777777777777777900, 0.2916666666666666900, 0.3055555555555555800, 0.3194444444444444200, 0.3333333333333333100, 0.3472222222222222100, 0.3611111111111111000, 0.3750000000000000000, 0.3888888888888889000, 0.4027777777777777900, 0.4166666666666666900, 0.4305555555555555800, 0.4444444444444444200, 0.4583333333333333100, 0.4722222222222222100, 0.4861111111111111000, 0.5000000000000000000, 0.5138888888888888400, 0.5277777777777777900, 0.5416666666666666300, 0.5555555555555555800, 0.5694444444444444200, 0.5833333333333333700, 0.5972222222222222100, 0.6111111111111111600, 0.6250000000000000000, 0.6388888888888888400, 0.6527777777777777900, 0.6666666666666666300, 0.6805555555555555800, 0.6944444444444444200, 0.7083333333333333700, 0.7222222222222222100, 0.7361111111111111600, 0.7500000000000000000, 0.7638888888888888400, 0.7777777777777777900, 0.7916666666666666300, 0.8055555555555555800, 0.8194444444444444200, 0.8333333333333333700, 0.8472222222222222100, 0.8611111111111111600, 0.8750000000000000000, 0.8888888888888888400, 0.9027777777777777900, 0.9166666666666666300, 0.9305555555555555800, 0.9444444444444444200, 0.9583333333333333700, 0.9722222222222222100 ),
 .UNSPECIFIED. ) 
 GEOMETRIC_REPRESENTATION_ITEM ( )  RATIONAL_B_SPLINE_SURFACE ( (
 ( 1.000000000000000000, 0.8660254037844387100, 1.000000000000000000, 0.8660254037844387100, 1.000000000000000000, 0.8660254037844387100, 1.000000000000000000, 0.8660254037844387100, 1.000000000000000000, 0.8660254037844387100, 1.000000000000000000, 0.8660254037844387100, 1.000000000000000000, 0.8660254037844387100, 1.000000000000000000, 0.8660254037844387100, 1.000000000000000000, 0.8660254037844387100, 1.000000000000000000, 0.8660254037844387100, 1.000000000000000000, 0.8660254037844387100, 1.000000000000000000, 0.8660254037844387100, 1.000000000000000000, 0.8660254037844387100, 1.000000000000000000, 0.8660254037844387100, 1.000000000000000000, 0.8660254037844387100, 1.000000000000000000, 0.8660254037844387100, 1.000000000000000000, 0.8660254037844387100, 1.000000000000000000, 0.8660254037844387100, 1.000000000000000000, 0.8660254037844387100, 1.000000000000000000, 0.8660254037844387100, 1.000000000000000000, 0.8660254037844387100, 1.000000000000000000, 0.8660254037844387100, 1.000000000000000000, 0.8660254037844387100, 1.000000000000000000, 0.8660254037844387100, 1.000000000000000000, 0.8660254037844387100, 1.000000000000000000, 0.8660254037844387100, 1.000000000000000000, 0.8660254037844387100, 1.000000000000000000, 0.8660254037844387100, 1.000000000000000000, 0.8660254037844387100, 1.000000000000000000, 0.8660254037844387100, 1.000000000000000000, 0.8660254037844387100, 1.000000000000000000, 0.8660254037844387100, 1.000000000000000000, 0.8660254037844387100, 1.000000000000000000, 0.8660254037844387100, 1.000000000000000000, 0.8660254037844387100, 1.000000000000000000, 0.8660254037844387100, 1.000000000000000000, 0.8660254037844387100, 1.000000000000000000, 0.8660254037844387100, 1.000000000000000000, 0.8660254037844387100, 1.000000000000000000, 0.8660254037844387100, 1.000000000000000000, 0.8660254037844387100, 1.000000000000000000, 0.8660254037844387100, 1.000000000000000000, 0.8660254037844387100, 1.000000000000000000, 0.8660254037844387100, 1.000000000000000000, 0.8660254037844387100, 1.000000000000000000, 0.8660254037844387100, 1.000000000000000000, 0.8660254037844387100, 1.000000000000000000, 0.8660254037844387100, 1.000000000000000000, 0.8660254037844387100, 1.000000000000000000, 0.8660254037844387100, 1.000000000000000000, 0.8660254037844387100, 1.000000000000000000, 0.8660254037844387100, 1.000000000000000000, 0.8660254037844387100, 1.000000000000000000, 0.8660254037844387100, 1.000000000000000000, 0.8660254037844387100, 1.000000000000000000, 0.8660254037844387100, 1.000000000000000000, 0.8660254037844387100, 1.000000000000000000, 0.8660254037844387100, 1.000000000000000000, 0.8660254037844387100, 1.000000000000000000, 0.8660254037844387100, 1.000000000000000000, 0.8660254037844387100, 1.000000000000000000, 0.8660254037844387100, 1.000000000000000000, 0.8660254037844387100, 1.000000000000000000, 0.8660254037844387100, 1.000000000000000000, 0.8660254037844387100, 1.000000000000000000, 0.8660254037844387100, 1.000000000000000000, 0.8660254037844387100, 1.000000000000000000, 0.8660254037844387100, 1.000000000000000000, 0.8660254037844387100, 1.000000000000000000, 0.8660254037844387100, 1.000000000000000000),
 ( 1.000000000000000000, 0.8660254037844387100, 1.000000000000000000, 0.8660254037844387100, 1.000000000000000000, 0.8660254037844387100, 1.000000000000000000, 0.8660254037844387100, 1.000000000000000000, 0.8660254037844387100, 1.000000000000000000, 0.8660254037844387100, 1.000000000000000000, 0.8660254037844387100, 1.000000000000000000, 0.8660254037844387100, 1.000000000000000000, 0.8660254037844387100, 1.000000000000000000, 0.8660254037844387100, 1.000000000000000000, 0.8660254037844387100, 1.000000000000000000, 0.8660254037844387100, 1.000000000000000000, 0.8660254037844387100, 1.000000000000000000, 0.8660254037844387100, 1.000000000000000000, 0.8660254037844387100, 1.000000000000000000, 0.8660254037844387100, 1.000000000000000000, 0.8660254037844387100, 1.000000000000000000, 0.8660254037844387100, 1.000000000000000000, 0.8660254037844387100, 1.000000000000000000, 0.8660254037844387100, 1.000000000000000000, 0.8660254037844387100, 1.000000000000000000, 0.8660254037844387100, 1.000000000000000000, 0.8660254037844387100, 1.000000000000000000, 0.8660254037844387100, 1.000000000000000000, 0.8660254037844387100, 1.000000000000000000, 0.8660254037844387100, 1.000000000000000000, 0.8660254037844387100, 1.000000000000000000, 0.8660254037844387100, 1.000000000000000000, 0.8660254037844387100, 1.000000000000000000, 0.8660254037844387100, 1.000000000000000000, 0.8660254037844387100, 1.000000000000000000, 0.8660254037844387100, 1.000000000000000000, 0.8660254037844387100, 1.000000000000000000, 0.8660254037844387100, 1.000000000000000000, 0.8660254037844387100, 1.000000000000000000, 0.8660254037844387100, 1.000000000000000000, 0.8660254037844387100, 1.000000000000000000, 0.8660254037844387100, 1.000000000000000000, 0.8660254037844387100, 1.000000000000000000, 0.8660254037844387100, 1.000000000000000000, 0.8660254037844387100, 1.000000000000000000, 0.8660254037844387100, 1.000000000000000000, 0.8660254037844387100, 1.000000000000000000, 0.8660254037844387100, 1.000000000000000000, 0.8660254037844387100, 1.000000000000000000, 0.8660254037844387100, 1.000000000000000000, 0.8660254037844387100, 1.000000000000000000, 0.8660254037844387100, 1.000000000000000000, 0.8660254037844387100, 1.000000000000000000, 0.8660254037844387100, 1.000000000000000000, 0.8660254037844387100, 1.000000000000000000, 0.8660254037844387100, 1.000000000000000000, 0.8660254037844387100, 1.000000000000000000, 0.8660254037844387100, 1.000000000000000000, 0.8660254037844387100, 1.000000000000000000, 0.8660254037844387100, 1.000000000000000000, 0.8660254037844387100, 1.000000000000000000, 0.8660254037844387100, 1.000000000000000000, 0.8660254037844387100, 1.000000000000000000, 0.8660254037844387100, 1.000000000000000000, 0.8660254037844387100, 1.000000000000000000, 0.8660254037844387100, 1.000000000000000000, 0.8660254037844387100, 1.000000000000000000, 0.8660254037844387100, 1.000000000000000000, 0.8660254037844387100, 1.000000000000000000, 0.8660254037844387100, 1.000000000000000000, 0.8660254037844387100, 1.000000000000000000, 0.8660254037844387100, 1.000000000000000000, 0.8660254037844387100, 1.000000000000000000, 0.8660254037844387100, 1.000000000000000000) ) ) 
 REPRESENTATION_ITEM ( '' )  SURFACE ( )  );
#3292 = CARTESIAN_POINT ( 'NONE',  ( 19.87745190528375600, 1.452555482747798400E-016, 1.249999999999973100 ) ) ;
#3293 = B_SPLINE_CURVE_WITH_KNOTS ( 'NONE', 3,
 ( #2237, #970, #5046, #925, #110, #5030, #1340, #2958, #1376, #1753, #4207, #1408 ),
 .UNSPECIFIED., .F., .F.,
 ( 4, 2, 2, 2, 2, 4 ),
 ( 7.161835746369573300E-005, 0.0005279068267824237400, 0.0007560510614417879500, 0.0009841952961011520500, 0.001440483765419880000, 0.001896772234738608000 ),
 .UNSPECIFIED. ) ;
#3294 = CARTESIAN_POINT ( 'NONE',  ( 15.72935095264188200, -0.4826262486298926200, -0.8359331836933422400 ) ) ;
#3295 = VERTEX_POINT ( 'NONE', #4007 ) ;
#3296 = CARTESIAN_POINT ( 'NONE',  ( 19.70694346089064200, -0.3735813807827950700, 0.9517036588506474500 ) ) ;
#3297 = CARTESIAN_POINT ( 'NONE',  ( 0.2106009526418808900, 0.4826262486298914500, -0.8359331836933428000 ) ) ;
#3298 = CARTESIAN_POINT ( 'NONE',  ( 0.7024519052837590000, -1.249999999999973100, 0.7216878364870171800 ) ) ;
#3299 = CARTESIAN_POINT ( 'NONE',  ( 18.95735571585142100, 0.3349364905388938500, 1.249999999999974900 ) ) ;
#3300 = CARTESIAN_POINT ( 'NONE',  ( 15.67745190528376000, 1.249999999999972900, -0.7216878364870175100 ) ) ;
#3301 = CARTESIAN_POINT ( 'NONE',  ( 4.091850952641880900, -0.9652524972597844600, -0.5572887891288946800 ) ) ;
#3302 = VECTOR ( 'NONE', #2870, 1000.000000000000000 ) ;
#3303 = CARTESIAN_POINT ( 'NONE',  ( 18.62371392896280000, -1.278124999999973500, 1.565251690160178300E-016 ) ) ;
#3304 = CARTESIAN_POINT ( 'NONE',  ( 15.30245190528375700, 1.249999999999973400, 0.7216878364870166200 ) ) ;
#3305 = CARTESIAN_POINT ( 'NONE',  ( 18.37310095264187700, -0.9652524972597847900, 0.5572887891288956800 ) ) ;
#3306 =( BOUNDED_CURVE ( )  B_SPLINE_CURVE ( 2, ( #4451, #380, #2424, #3226, #1234, #3202, #4055, #1178, #2015 ),
 .UNSPECIFIED., .F., .F. ) 
 B_SPLINE_CURVE_WITH_KNOTS ( ( 3, 2, 2, 2, 3 ),
 ( 0.4375000000000000000, 0.4444444444444444200, 0.4583333333333333100, 0.4722222222222222100, 0.4791666666666666900 ),
 .UNSPECIFIED. ) 
 CURVE ( )  GEOMETRIC_REPRESENTATION_ITEM ( )  RATIONAL_B_SPLINE_CURVE ( ( 0.9330127018922194100, 0.9330127018922194100, 1.000000000000000000, 0.8660254037844387100, 1.000000000000000000, 0.8660254037844387100, 1.000000000000000000, 0.9330127018922190800, 0.9330127018922194100 ) ) 
 REPRESENTATION_ITEM ( '' )  );
#3307 = CARTESIAN_POINT ( 'NONE',  ( 19.90282834987912300, -0.08659260265733906300, 1.215328349877884200 ) ) ;
#3308 = CARTESIAN_POINT ( 'NONE',  ( 19.87662624088152800, 0.5709624537551484200, 1.053630734226595800 ) ) ;
#3309 = CARTESIAN_POINT ( 'NONE',  ( 3.829350952641880700, 0.9652524972597843500, 0.0000000000000000000 ) ) ;
#3310 = CARTESIAN_POINT ( 'NONE',  ( 17.78750000000000100, 2.178833224121697400E-015, -1.249999999999973400 ) ) ;
#3311 = CARTESIAN_POINT ( 'NONE',  ( 14.79871392896280100, 1.278124999999973500, 0.0000000000000000000 ) ) ;
#3312 = CONICAL_SURFACE ( 'NONE', #4337, 1.249999999999973400, 0.7853981633978600600 ) ;
#3313 = CARTESIAN_POINT ( 'NONE',  ( 16.51685095264188200, -0.9652524972597841300, 0.5572887891288953500 ) ) ;
#3314 = CARTESIAN_POINT ( 'NONE',  ( 18.91250000000000100, 1.743066579297358300E-016, 1.249999999999973100 ) ) ;
#3315 = LINE ( 'NONE', #4701, #2256 ) ;
#3316 = CARTESIAN_POINT ( 'NONE',  ( 1.898100952641880400, -0.9652524972597844600, -0.5572887891288946800 ) ) ;
#3317 = CARTESIAN_POINT ( 'NONE',  ( 19.79903810567666200, 9.705254661958883300E-016, -2.598076211353313800 ) ) ;
#3318 = CARTESIAN_POINT ( 'NONE',  ( 4.407596189432334600, 0.3349364905388956300, -1.249999999999973600 ) ) ;
#3319 = CARTESIAN_POINT ( 'NONE',  ( 15.84185095264187900, 0.9652524972597841300, -0.5572887891288955700 ) ) ;
#3320 = CARTESIAN_POINT ( 'NONE',  ( 20.00000000000000000, -1.124999999999998200, -1.948557158514986600 ) ) ;
#3321 = CARTESIAN_POINT ( 'NONE',  ( 2.779350952641880500, -0.4826262486298926200, -0.8359331836933422400 ) ) ;
#3322 = EDGE_CURVE ( 'NONE', #2, #1883, #4684, .T. ) ;
#3323 = CARTESIAN_POINT ( 'NONE',  ( 17.19871392896280000, -0.6390624999999864300, 1.106888719211963000 ) ) ;
#3324 = CARTESIAN_POINT ( 'NONE',  ( 19.15759618943233300, 0.3349364905388981200, -1.249999999999972000 ) ) ;
#3325 = CARTESIAN_POINT ( 'NONE',  ( 0.1401173068154948400, -2.249999999999997800, -1.088266271818336000 ) ) ;
#3326 = CARTESIAN_POINT ( 'NONE',  ( 17.20373797632095900, -1.278124999999973300, 0.7379258128079753100 ) ) ;
#3327 = CARTESIAN_POINT ( 'NONE',  ( 0.6112139289628006900, 9.036984846634956000E-017, 1.475851625615950200 ) ) ;
#3328 = VECTOR ( 'NONE', #4145, 1000.000000000000000 ) ;
#3329 = CARTESIAN_POINT ( 'NONE',  ( 3.229350952641880700, -0.4826262486298926200, -0.8359331836933422400 ) ) ;
#3330 = CARTESIAN_POINT ( 'NONE',  ( 3.064951905283758800, -0.6249999999999872300, -1.082531754730524900 ) ) ;
#3331 = CARTESIAN_POINT ( 'NONE',  ( 17.07935095264188200, -0.4826262486298926200, -0.8359331836933422400 ) ) ;
#3332 = ORIENTED_EDGE ( 'NONE', *, *, #1133, .F. ) ;
#3333 = CARTESIAN_POINT ( 'NONE',  ( 3.552451905283759100, 4.822484202722691300E-015, -1.249999999999973400 ) ) ;
#3334 = CARTESIAN_POINT ( 'NONE',  ( 1.485600952641880700, -0.4826262486298926200, -0.8359331836933422400 ) ) ;
#3335 = EDGE_LOOP ( 'NONE', ( #231, #541, #3790, #3932, #4520, #1300, #3544, #1548, #3713, #534, #5033, #366, #2089, #3971, #3728, #4439, #803, #996, #3487, #3078, #2099, #2833, #2615, #1374, #3481, #2299, #3749 ) ) ;
#3336 = CARTESIAN_POINT ( 'NONE',  ( 1.977451905283758900, 1.452555482747798400E-016, 1.249999999999973100 ) ) ;
#3337 = CARTESIAN_POINT ( 'NONE',  ( 15.24185095264188100, -0.9652524972597844600, -0.5572887891288946800 ) ) ;
#3338 = DIRECTION ( 'NONE',  ( 0.0000000000000000000, 0.0000000000000000000, 1.000000000000000000 ) ) ;
#3339 = CARTESIAN_POINT ( 'NONE',  ( 17.38621392896280000, -2.711095453990486600E-016, -1.475851625615950200 ) ) ;
#3340 = ORIENTED_EDGE ( 'NONE', *, *, #1624, .T. ) ;
#3341 = CARTESIAN_POINT ( 'NONE',  ( 15.26495190528376100, 1.249999999999973400, 0.0000000000000000000 ) ) ;
#3342 = CARTESIAN_POINT ( 'NONE',  ( 16.22873797632096100, 9.036984846634954800E-017, 1.475851625615950000 ) ) ;
#3343 = CARTESIAN_POINT ( 'NONE',  ( 17.78750000000000100, 2.178833224121697400E-015, -1.249999999999973400 ) ) ;
#3344 = CARTESIAN_POINT ( 'NONE',  ( 3.904350952641880500, 0.4826262486298922800, 0.8359331836933423500 ) ) ;
#3345 = CARTESIAN_POINT ( 'NONE',  ( 1.635600952641880900, 0.9652524972597843500, 0.0000000000000000000 ) ) ;
#3346 = CARTESIAN_POINT ( 'NONE',  ( 16.29871392896280100, -0.6390624999999864300, 1.106888719211963000 ) ) ;
#3347 = ORIENTED_EDGE ( 'NONE', *, *, #4089, .F. ) ;
#3348 = CARTESIAN_POINT ( 'NONE',  ( 16.44185095264187900, 6.824819318074054600E-017, 1.114577578257790000 ) ) ;
#3349 = ORIENTED_EDGE ( 'NONE', *, *, #2619, .T. ) ;
#3350 = CARTESIAN_POINT ( 'NONE',  ( 0.7356009526418808600, 0.9652524972597843500, 0.0000000000000000000 ) ) ;
#3351 = CARTESIAN_POINT ( 'NONE',  ( 0.3386940688222894700, -0.02323051972415886600, 0.9738059311777275100 ) ) ;
#3352 = EDGE_CURVE ( 'NONE', #74, #2704, #4402, .T. ) ;
#3353 = DIRECTION ( 'NONE',  ( 1.000000000000000000, 0.0000000000000000000, 0.0000000000000000000 ) ) ;
#3354 = CARTESIAN_POINT ( 'NONE',  ( 1.302451905283758900, -5.229199737892074000E-016, -1.249999999999973400 ) ) ;
#3355 = CARTESIAN_POINT ( 'NONE',  ( 4.077451905283759000, 1.249999999999972900, -0.7216878364870175100 ) ) ;
#3356 = EDGE_LOOP ( 'NONE', ( #4199, #5008, #445, #2531 ) ) ;
#3357 = CARTESIAN_POINT ( 'NONE',  ( 17.98621392896280100, 1.278124999999973800, 0.7379258128079749800 ) ) ;
#3358 = CARTESIAN_POINT ( 'NONE',  ( 0.8668509526418809500, -0.9652524972597841300, 0.5572887891288953500 ) ) ;
#3359 = CARTESIAN_POINT ( 'NONE',  ( 17.35373797632096100, -2.711095453990486600E-016, -1.475851625615950000 ) ) ;
#3360 = EDGE_CURVE ( 'NONE', #4742, #628, #449, .T. ) ;
#3361 =( BOUNDED_CURVE ( )  B_SPLINE_CURVE ( 2, ( #5226, #1208, #2782, #1192, #1592, #721, #4068, #3598, #335 ),
 .UNSPECIFIED., .F., .F. ) 
 B_SPLINE_CURVE_WITH_KNOTS ( ( 3, 2, 2, 2, 3 ),
 ( 0.8263888888888888400, 0.8333333333333332600, 0.8472222222222222100, 0.8611111111111111600, 0.8680555555555555800 ),
 .UNSPECIFIED. ) 
 CURVE ( )  GEOMETRIC_REPRESENTATION_ITEM ( )  RATIONAL_B_SPLINE_CURVE ( ( 0.9330127018922194100, 0.9330127018922194100, 1.000000000000000000, 0.8660254037844387100, 1.000000000000000000, 0.8660254037844387100, 1.000000000000000000, 0.9330127018922194100, 0.9330127018922194100 ) ) 
 REPRESENTATION_ITEM ( '' )  );
#3362 = CARTESIAN_POINT ( 'NONE',  ( 16.92935095264188300, -0.4826262486298919500, 0.8359331836933424600 ) ) ;
#3363 = CARTESIAN_POINT ( 'NONE',  ( 15.98749999999999900, -4.938688641342514700E-016, -1.249999999999973400 ) ) ;
#3364 = CARTESIAN_POINT ( 'NONE',  ( 15.23172357638232700, -0.9652524972597841300, 0.4291476813041547000 ) ) ;
#3365 = ORIENTED_EDGE ( 'NONE', *, *, #4731, .F. ) ;
#3366 = CARTESIAN_POINT ( 'NONE',  ( 16.67371392896280100, 0.6390624999999868800, 1.106888719211962700 ) ) ;
#3367 = CARTESIAN_POINT ( 'NONE',  ( 16.10435095264188000, -0.9652524972597843500, 1.182093381138184100E-016 ) ) ;
#3368 = CONICAL_SURFACE ( 'NONE', #2735, 1.249999999999973400, 0.7853981633978600600 ) ;
#3369 = CARTESIAN_POINT ( 'NONE',  ( 19.80245190528376000, 1.249999999999973400, 0.7216878364870166200 ) ) ;
#3370 = DIRECTION ( 'NONE',  ( 0.0000000000000000000, 0.0000000000000000000, -1.000000000000000000 ) ) ;
#3371 = CARTESIAN_POINT ( 'NONE',  ( 4.537500000000002300, 1.249999999999973400, 0.7216878364870166200 ) ) ;
#3372 = CARTESIAN_POINT ( 'NONE',  ( 15.90245190528375700, -1.249999999999973100, 0.7216878364870171800 ) ) ;
#3373 = CARTESIAN_POINT ( 'NONE',  ( 20.00000000000000000, -1.125000000000000200, 1.948557158514985000 ) ) ;
#3374 = FACE_OUTER_BOUND ( 'NONE', #720, .T. ) ;
#3375 = CARTESIAN_POINT ( 'NONE',  ( 4.432355715851424600, -0.3349364905388941300, -1.249999999999974700 ) ) ;
#3376 = CARTESIAN_POINT ( 'NONE',  ( 19.93621392896280000, -1.278124999999973500, 0.7379258128079755300 ) ) ;
#3377 = CARTESIAN_POINT ( 'NONE',  ( 3.979350952641880700, -0.4826262486298919500, 0.8359331836933424600 ) ) ;
#3378 = CARTESIAN_POINT ( 'NONE',  ( 17.39123797632095900, 0.6390624999999856600, -1.106888719211963200 ) ) ;
#3379 = AXIS2_PLACEMENT_3D ( 'NONE', #3997, #4416, #339 ) ;
#3380 = CARTESIAN_POINT ( 'NONE',  ( 18.05435095264188000, 0.4826262486298914500, -0.8359331836933428000 ) ) ;
#3381 = DIRECTION ( 'NONE',  ( -1.000000000000000000, -0.0000000000000000000, -0.0000000000000000000 ) ) ;
#3382 = CARTESIAN_POINT ( 'NONE',  ( 16.12310095264188400, -0.9652524972597841300, 0.5572887891288953500 ) ) ;
#3383 = CARTESIAN_POINT ( 'NONE',  ( 16.44871392896280000, -0.6390624999999873200, -1.106888719211962500 ) ) ;
#3384 = CARTESIAN_POINT ( 'NONE',  ( 18.35435095264188000, -0.9652524972597843500, 1.182093381138184100E-016 ) ) ;
#3385 = CARTESIAN_POINT ( 'NONE',  ( 19.83995190528375800, 0.6249999999999866800, 1.082531754730525100 ) ) ;
#3386 = CARTESIAN_POINT ( 'NONE',  ( 0.2301634242856882800, -0.1511090473594148800, -1.082336575714399900 ) ) ;
#3387 = CARTESIAN_POINT ( 'NONE',  ( 15.93995190528375800, -1.249999999999973400, 1.530808498934159000E-016 ) ) ;
#3388 = APPROVAL_ROLE ( '' ) ;
#3389 = EDGE_CURVE ( 'NONE', #2220, #4771, #352, .T. ) ;
#3390 = ORIENTED_EDGE ( 'NONE', *, *, #3912, .F. ) ;
#3391 = CARTESIAN_POINT ( 'NONE',  ( 16.17935095264188000, -0.4826262486298926200, -0.8359331836933422400 ) ) ;
#3392 = CARTESIAN_POINT ( 'NONE',  ( 2.216850952641880900, -0.9652524972597841300, 0.5572887891288953500 ) ) ;
#3393 = CARTESIAN_POINT ( 'NONE',  ( 15.59123797632096100, 0.6390624999999856600, -1.106888719211963200 ) ) ;
#3394 = CARTESIAN_POINT ( 'NONE',  ( 16.51685095264188200, -0.9652524972597841300, 0.5572887891288953500 ) ) ;
#3395 = CARTESIAN_POINT ( 'NONE',  ( 16.21250000000000200, 1.743066579297358300E-016, 1.249999999999973100 ) ) ;
#3396 = CARTESIAN_POINT ( 'NONE',  ( 19.09999999999999800, -0.6249999999999872300, -1.082531754730524900 ) ) ;
#3397 = EDGE_LOOP ( 'NONE', ( #3040, #948, #1067, #1900 ) ) ;
#3398 = AXIS2_PLACEMENT_3D ( 'NONE', #3229, #809, #3671 ) ;
#3399 = CARTESIAN_POINT ( 'NONE',  ( 19.36685095264188000, -2.047445795422216600E-016, -1.114577578257790000 ) ) ;
#3400 = ORIENTED_EDGE ( 'NONE', *, *, #185, .F. ) ;
#3401 = CARTESIAN_POINT ( 'NONE',  ( 1.527451905283759000, -2.527446539981169400E-015, 1.249999999999973400 ) ) ;
#3402 = DIRECTION ( 'NONE',  ( 1.000000000000000000, 0.0000000000000000000, 0.0000000000000000000 ) ) ;
#3403 = CARTESIAN_POINT ( 'NONE',  ( 17.41250000000000500, 1.249999999999972900, -0.7216878364870175100 ) ) ;
#3404 = CARTESIAN_POINT ( 'NONE',  ( 0.3823557158514249200, -0.3349364905388966300, -1.249999999999973100 ) ) ;
#3405 = EDGE_LOOP ( 'NONE', ( #4886, #852, #4647, #4370 ) ) ;
#3406 = CARTESIAN_POINT ( 'NONE',  ( 19.93749999999997200, 0.0000000000000000000, 0.0000000000000000000 ) ) ;
#3407 = CARTESIAN_POINT ( 'NONE',  ( 2.479350952641880700, 0.9652524972597843500, 0.0000000000000000000 ) ) ;
#3408 = CARTESIAN_POINT ( 'NONE',  ( 15.05435095264188100, 0.4826262486298922800, 0.8359331836933423500 ) ) ;
#3409 = CARTESIAN_POINT ( 'NONE',  ( 1.954350952641880700, 0.4826262486298914500, -0.8359331836933428000 ) ) ;
#3410 = CARTESIAN_POINT ( 'NONE',  ( 1.778737976320961000, 1.278124999999972900, -0.7379258128079757600 ) ) ;
#3411 = ORIENTED_EDGE ( 'NONE', *, *, #3904, .F. ) ;
#3412 = CARTESIAN_POINT ( 'NONE',  ( 18.57935095264188200, 0.9652524972597843500, 0.0000000000000000000 ) ) ;
#3413 = CARTESIAN_POINT ( 'NONE',  ( 16.94810095264188400, 6.824819318074054600E-017, 1.114577578257790000 ) ) ;
#3414 = ORIENTED_EDGE ( 'NONE', *, *, #1034, .F. ) ;
#3415 = CARTESIAN_POINT ( 'NONE',  ( 1.335600952641880600, -0.4826262486298919500, 0.8359331836933424600 ) ) ;
#3416 = VERTEX_POINT ( 'NONE', #2891 ) ;
#3417 = CARTESIAN_POINT ( 'NONE',  ( 18.01685095264187800, -2.047445795422216600E-016, -1.114577578257790000 ) ) ;
#3418 = CARTESIAN_POINT ( 'NONE',  ( 1.623713928962800600, -1.278124999999973500, 1.565251690160178300E-016 ) ) ;
#3419 = CARTESIAN_POINT ( 'NONE',  ( 4.200000000000002000, -0.6249999999999863400, 1.082531754730525300 ) ) ;
#3420 = CARTESIAN_POINT ( 'NONE',  ( 17.22500000000000100, -1.249999999999973400, 1.530808498934158800E-016 ) ) ;
#3421 = EDGE_CURVE ( 'NONE', #168, #3944, #3247, .T. ) ;
#3422 = CARTESIAN_POINT ( 'NONE',  ( 0.0000000000000000000, 1.530808498934159000E-016, -1.249999999999973400 ) ) ;
#3423 = CARTESIAN_POINT ( 'NONE',  ( 0.4024519052837591300, -5.229199737892074000E-016, -1.249999999999973400 ) ) ;
#3424 = ORIENTED_EDGE ( 'NONE', *, *, #4226, .F. ) ;
#3425 = CARTESIAN_POINT ( 'NONE',  ( 18.46250000000000200, -5.171097518582163300E-015, 1.249999999999973400 ) ) ;
#3426 =( BOUNDED_CURVE ( )  B_SPLINE_CURVE ( 2, ( #5202, #3183, #2425, #1524, #2372, #3568, #1124, #1541, #4397 ),
 .UNSPECIFIED., .F., .F. ) 
 B_SPLINE_CURVE_WITH_KNOTS ( ( 3, 2, 2, 2, 3 ),
 ( 0.5763888888888888400, 0.5833333333333332600, 0.5972222222222222100, 0.6111111111111111600, 0.6180555555555555800 ),
 .UNSPECIFIED. ) 
 CURVE ( )  GEOMETRIC_REPRESENTATION_ITEM ( )  RATIONAL_B_SPLINE_CURVE ( ( 0.9330127018922194100, 0.9330127018922194100, 1.000000000000000000, 0.8660254037844387100, 1.000000000000000000, 0.8660254037844387100, 1.000000000000000000, 0.9330127018922194100, 0.9330127018922194100 ) ) 
 REPRESENTATION_ITEM ( '' )  );
#3427 =( BOUNDED_CURVE ( )  B_SPLINE_CURVE ( 2, ( #5243, #356, #1595, #2406, #4437, #1978, #2062, #750, #4491 ),
 .UNSPECIFIED., .F., .F. ) 
 B_SPLINE_CURVE_WITH_KNOTS ( ( 3, 2, 2, 2, 3 ),
 ( 0.4097222222222222100, 0.4166666666666666300, 0.4305555555555555800, 0.4444444444444444200, 0.4513888888888888400 ),
 .UNSPECIFIED. ) 
 CURVE ( )  GEOMETRIC_REPRESENTATION_ITEM ( )  RATIONAL_B_SPLINE_CURVE ( ( 0.9330127018922194100, 0.9330127018922194100, 1.000000000000000000, 0.8660254037844387100, 1.000000000000000000, 0.8660254037844387100, 1.000000000000000000, 0.9330127018922198500, 0.9330127018922193000 ) ) 
 REPRESENTATION_ITEM ( '' )  );
#3428 = CARTESIAN_POINT ( 'NONE',  ( 4.279350952641880900, 0.9652524972597843500, 0.0000000000000000000 ) ) ;
#3429 = PERSON_AND_ORGANIZATION ( #1409, #1976 ) ;
#3430 = CARTESIAN_POINT ( 'NONE',  ( 15.61685095264188000, -0.9652524972597841300, 0.5572887891288953500 ) ) ;
#3431 = CARTESIAN_POINT ( 'NONE',  ( 3.341850952641880900, 0.9652524972597840100, -0.5572887891288955700 ) ) ;
#3432 = CARTESIAN_POINT ( 'NONE',  ( 1.103737976320960900, -1.278124999999973300, 0.7379258128079753100 ) ) ;
#3433 = EDGE_CURVE ( 'NONE', #4807, #4261, #2238, .T. ) ;
#3434 = CARTESIAN_POINT ( 'NONE',  ( 17.07935095264188200, -0.4826262486298926200, -0.8359331836933422400 ) ) ;
#3435 = CARTESIAN_POINT ( 'NONE',  ( 16.61060095264188200, -0.9652524972597843500, 1.182093381138184100E-016 ) ) ;
#3436 = ADVANCED_FACE ( 'NONE', ( #4344 ), #4609, .F. ) ;
#3437 = CARTESIAN_POINT ( 'NONE',  ( 18.42935095264188000, -0.4826262486298926200, -0.8359331836933422400 ) ) ;
#3438 = VERTEX_POINT ( 'NONE', #853 ) ;
#3439 = CARTESIAN_POINT ( 'NONE',  ( 3.123713928962800400, 0.6390624999999857700, -1.106888719211963400 ) ) ;
#3440 = VECTOR ( 'NONE', #818, 1000.000000000000000 ) ;
#3441 = DIRECTION ( 'NONE',  ( 0.0000000000000000000, 0.0000000000000000000, -1.000000000000000000 ) ) ;
#3442 = DIRECTION ( 'NONE',  ( 0.0000000000000000000, 0.0000000000000000000, -1.000000000000000000 ) ) ;
#3443 = CARTESIAN_POINT ( 'NONE',  ( 19.12745190528376000, -1.249999999999973400, -0.7216878364870162900 ) ) ;
#3444 = B_SPLINE_CURVE_WITH_KNOTS ( 'NONE', 3,
 ( #1836, #615, #124, #1371, #2872, #447 ),
 .UNSPECIFIED., .F., .F.,
 ( 4, 2, 4 ),
 ( 0.001314652396222795600, 0.001969405109320634600, 0.002624157822418473400 ),
 .UNSPECIFIED. ) ;
#3445 = MECHANICAL_CONTEXT ( 'NONE', #2623, 'mechanical' ) ;
#3446 = LINE ( 'NONE', #4292, #760 ) ;
#3447 = CARTESIAN_POINT ( 'NONE',  ( 2.441850952641881000, 0.9652524972597841300, -0.5572887891288955700 ) ) ;
#3448 = CARTESIAN_POINT ( 'NONE',  ( 15.80435095264188000, 0.4826262486298914500, -0.8359331836933428000 ) ) ;
#3449 = CARTESIAN_POINT ( 'NONE',  ( 1.804350952641880800, -0.9652524972597843500, 1.182093381138184100E-016 ) ) ;
#3450 = CARTESIAN_POINT ( 'NONE',  ( 4.748100952641880000, 0.9652524972597841300, -0.5572887891288955700 ) ) ;
#3451 = CARTESIAN_POINT ( 'NONE',  ( 15.44810095264188200, 0.9652524972597841300, -0.5572887891288955700 ) ) ;
#3452 = FACE_OUTER_BOUND ( 'NONE', #3356, .T. ) ;
#3453 = CARTESIAN_POINT ( 'NONE',  ( 19.08560095264188300, 0.9652524972597843500, 0.0000000000000000000 ) ) ;
#3454 = CARTESIAN_POINT ( 'NONE',  ( 19.40435095264188100, 0.4826262486298914500, -0.8359331836933428000 ) ) ;
#3455 = VERTEX_POINT ( 'NONE', #3292 ) ;
#3456 = CARTESIAN_POINT ( 'NONE',  ( 1.248713928962800600, -0.6390624999999873200, -1.106888719211962500 ) ) ;
#3457 =( BOUNDED_CURVE ( )  B_SPLINE_CURVE ( 2, ( #2501, #3218, #4519, #3275, #355, #2861, #3198, #1653, #4466 ),
 .UNSPECIFIED., .F., .F. ) 
 B_SPLINE_CURVE_WITH_KNOTS ( ( 3, 2, 2, 2, 3 ),
 ( 0.1041666666666666700, 0.1111111111111111000, 0.1250000000000000000, 0.1388888888888889000, 0.1458333333333333400 ),
 .UNSPECIFIED. ) 
 CURVE ( )  GEOMETRIC_REPRESENTATION_ITEM ( )  RATIONAL_B_SPLINE_CURVE ( ( 0.9330127018922194100, 0.9330127018922194100, 1.000000000000000000, 0.8660254037844387100, 1.000000000000000000, 0.8660254037844387100, 1.000000000000000000, 0.9330127018922194100, 0.9330127018922194100 ) ) 
 REPRESENTATION_ITEM ( '' )  );
#3458 = ORIENTED_EDGE ( 'NONE', *, *, #147, .T. ) ;
#3459 = CARTESIAN_POINT ( 'NONE',  ( 0.0000000000000000000, 0.0000000000000000000, 0.0000000000000000000 ) ) ;
#3460 = CARTESIAN_POINT ( 'NONE',  ( 16.36685095264188000, 0.9652524972597842400, 0.5572887891288949000 ) ) ;
#3461 = ADVANCED_FACE ( 'NONE', ( #1080 ), #3041, .T. ) ;
#3462 = ORIENTED_EDGE ( 'NONE', *, *, #4116, .F. ) ;
#3463 = APPROVAL_ROLE ( '' ) ;
#3464 = EDGE_CURVE ( 'NONE', #3976, #3098, #825, .T. ) ;
#3465 = CARTESIAN_POINT ( 'NONE',  ( -0.1643990473581190800, 0.9652524972597843500, 0.0000000000000000000 ) ) ;
#3466 = CARTESIAN_POINT ( 'NONE',  ( 17.64185095264188200, 0.9652524972597841300, -0.5572887891288955700 ) ) ;
#3467 = ORIENTED_EDGE ( 'NONE', *, *, #3249, .F. ) ;
#3468 = CARTESIAN_POINT ( 'NONE',  ( 16.21250000000000200, 1.743066579297358300E-016, 1.249999999999973100 ) ) ;
#3469 = CARTESIAN_POINT ( 'NONE',  ( 0.2037379763209609400, -1.278124999999973300, 0.7379258128079753100 ) ) ;
#3470 = CARTESIAN_POINT ( 'NONE',  ( 15.33560095264188100, -0.4826262486298926200, -0.8359331836933422400 ) ) ;
#3471 = CARTESIAN_POINT ( 'NONE',  ( 19.12310095264188100, 0.9652524972597843500, 0.5572887891288949000 ) ) ;
#3472 = VERTEX_POINT ( 'NONE', #2911 ) ;
#3473 = AXIS2_PLACEMENT_3D ( 'NONE', #2974, #92, #4543 ) ;
#3474 = CARTESIAN_POINT ( 'NONE',  ( 4.697548094716093000, -0.3349364905388960100, 1.249999999999973400 ) ) ;
#3475 = CARTESIAN_POINT ( 'NONE',  ( 2.898713928962800800, -0.6390624999999864300, 1.106888719211963000 ) ) ;
#3476 = ORIENTED_EDGE ( 'NONE', *, *, #1966, .T. ) ;
#3477 = DIRECTION ( 'NONE',  ( 1.000000000000000000, 0.0000000000000000000, 0.0000000000000000000 ) ) ;
#3478 = CARTESIAN_POINT ( 'NONE',  ( 4.073100952641881100, -0.9652524972597841300, 0.5572887891288953500 ) ) ;
#3479 = CARTESIAN_POINT ( 'NONE',  ( 0.0000000000000000000, 0.0000000000000000000, 0.0000000000000000000 ) ) ;
#3480 = CARTESIAN_POINT ( 'NONE',  ( 19.79240381056767000, 0.3349364905388939100, 1.249999999999974900 ) ) ;
#3481 = ORIENTED_EDGE ( 'NONE', *, *, #389, .F. ) ;
#3482 = CARTESIAN_POINT ( 'NONE',  ( 0.9231009526418808600, -0.9652524972597841300, 0.5572887891288953500 ) ) ;
#3483 = CARTESIAN_POINT ( 'NONE',  ( 17.67935095264188300, 0.9652524972597843500, 0.0000000000000000000 ) ) ;
#3484 = CARTESIAN_POINT ( 'NONE',  ( 16.92500000000000400, 0.6249999999999857900, -1.082531754730525800 ) ) ;
#3485 = CARTESIAN_POINT ( 'NONE',  ( 0.05373797632096097300, 1.278124999999973500, 0.7379258128079748700 ) ) ;
#3486 = CARTESIAN_POINT ( 'NONE',  ( 15.93560095264188300, 0.9652524972597843500, 0.0000000000000000000 ) ) ;
#3487 = ORIENTED_EDGE ( 'NONE', *, *, #79, .T. ) ;
#3488 = CARTESIAN_POINT ( 'NONE',  ( 0.01945516159446198500, 2.249999999999998700, 0.4427403223608911100 ) ) ;
#3489 = CARTESIAN_POINT ( 'NONE',  ( 17.84810095264188200, 6.824819318074054600E-017, 1.114577578257790000 ) ) ;
#3490 = CC_DESIGN_APPROVAL ( #4894, ( #685 ) ) ;
#3491 = CARTESIAN_POINT ( 'NONE',  ( 4.677451905283758600, 1.452555482747798400E-016, 1.249999999999973100 ) ) ;
#3492 = CARTESIAN_POINT ( 'NONE',  ( 2.636213928962800600, -2.711095453990486600E-016, -1.475851625615950200 ) ) ;
#3493 = ORIENTED_EDGE ( 'NONE', *, *, #4865, .T. ) ;
#3494 = DIRECTION ( 'NONE',  ( 0.0000000000000000000, 0.0000000000000000000, 1.000000000000000000 ) ) ;
#3495 = EDGE_CURVE ( 'NONE', #164, #5277, #1469, .T. ) ;
#3496 = CARTESIAN_POINT ( 'NONE',  ( 4.373100952641880900, 0.9652524972597843500, 0.5572887891288949000 ) ) ;
#3497 = CARTESIAN_POINT ( 'NONE',  ( 18.35000000000000100, 1.249999999999973400, 0.0000000000000000000 ) ) ;
#3498 = CARTESIAN_POINT ( 'NONE',  ( 19.69999999999999900, 1.249999999999973400, 0.0000000000000000000 ) ) ;
#3499 = VECTOR ( 'NONE', #2337, 1000.000000000000000 ) ;
#3500 = CARTESIAN_POINT ( 'NONE',  ( 1.335600952641880600, -0.4826262486298919500, 0.8359331836933424600 ) ) ;
#3501 = CARTESIAN_POINT ( 'NONE',  ( 18.09185095264188100, 0.9652524972597841300, -0.5572887891288955700 ) ) ;
#3502 = CARTESIAN_POINT ( 'NONE',  ( 4.354350952641880200, 0.4826262486298922800, 0.8359331836933423500 ) ) ;
#3503 = CARTESIAN_POINT ( 'NONE',  ( 3.503737976320960200, -2.711095453990486600E-016, -1.475851625615950000 ) ) ;
#3504 = CARTESIAN_POINT ( 'NONE',  ( 19.32935095264188200, -0.4826262486298926200, -0.8359331836933422400 ) ) ;
#3505 = CARTESIAN_POINT ( 'NONE',  ( 17.32310095264188400, 0.9652524972597843500, 0.5572887891288949000 ) ) ;
#3506 = LINE ( 'NONE', #4047, #3836 ) ;
#3507 = CARTESIAN_POINT ( 'NONE',  ( 0.1918509526418809600, 0.9652524972597841300, -0.5572887891288955700 ) ) ;
#3508 = CARTESIAN_POINT ( 'NONE',  ( 15.19999999999999600, -0.9631645500732876100, 0.06345417991252606800 ) ) ;
#3509 = CONICAL_SURFACE ( 'NONE', #2131, 2.249999999999998700, 1.047197551196600100 ) ;
#3510 = CARTESIAN_POINT ( 'NONE',  ( 4.035600952641880600, -0.4826262486298919500, 0.8359331836933424600 ) ) ;
#3511 = ORIENTED_EDGE ( 'NONE', *, *, #3676, .F. ) ;
#3512 = CARTESIAN_POINT ( 'NONE',  ( 0.2106009526418808900, 0.4826262486298914500, -0.8359331836933428000 ) ) ;
#3513 = CARTESIAN_POINT ( 'NONE',  ( 17.34185095264188100, 6.824819318074054600E-017, 1.114577578257790000 ) ) ;
#3514 = CARTESIAN_POINT ( 'NONE',  ( 4.729350952641880200, 0.9652524972597843500, 0.0000000000000000000 ) ) ;
#3515 = CARTESIAN_POINT ( 'NONE',  ( 2.491237976320960400, -1.278124999999973300, 1.565251690160178100E-016 ) ) ;
#3516 = CARTESIAN_POINT ( 'NONE',  ( 18.99185095264188000, 0.9652524972597841300, -0.5572887891288955700 ) ) ;
#3517 = CARTESIAN_POINT ( 'NONE',  ( 0.2009618943233412700, 2.249999999999998700, 1.299038105676658700 ) ) ;
#3518 = CARTESIAN_POINT ( 'NONE',  ( 18.89810095264188300, -0.9652524972597845700, -0.5572887891288946800 ) ) ;
#3519 = ORIENTED_EDGE ( 'NONE', *, *, #941, .F. ) ;
#3520 = CARTESIAN_POINT ( 'NONE',  ( 0.0000000000000000000, 0.0000000000000000000, 0.0000000000000000000 ) ) ;
#3521 = EDGE_CURVE ( 'NONE', #923, #86, #1932, .T. ) ;
#3522 = ORIENTED_EDGE ( 'NONE', *, *, #4727, .T. ) ;
#3523 = CARTESIAN_POINT ( 'NONE',  ( 3.386213928962800600, -1.278124999999973500, 0.7379258128079755300 ) ) ;
#3524 = CARTESIAN_POINT ( 'NONE',  ( -1.522753480926417800E-015, 0.9340480779059861000, -2.058803302138240400 ) ) ;
#3525 = CARTESIAN_POINT ( 'NONE',  ( 2.948100952641880700, 0.9652524972597840100, -0.5572887891288955700 ) ) ;
#3526 =( BOUNDED_CURVE ( )  B_SPLINE_CURVE ( 2, ( #5283, #819, #393, #2457, #1635, #5298, #4892, #801, #2052 ),
 .UNSPECIFIED., .F., .F. ) 
 B_SPLINE_CURVE_WITH_KNOTS ( ( 3, 2, 2, 2, 3 ),
 ( 0.2291666666666666600, 0.2361111111111111000, 0.2500000000000000000, 0.2638888888888889000, 0.2708333333333333700 ),
 .UNSPECIFIED. ) 
 CURVE ( )  GEOMETRIC_REPRESENTATION_ITEM ( )  RATIONAL_B_SPLINE_CURVE ( ( 0.9330127018922194100, 0.9330127018922194100, 1.000000000000000000, 0.8660254037844387100, 1.000000000000000000, 0.8660254037844387100, 1.000000000000000000, 0.9330127018922190800, 0.9330127018922194100 ) ) 
 REPRESENTATION_ITEM ( '' )  );
#3527 = CARTESIAN_POINT ( 'NONE',  ( 18.42500000000000100, 0.6249999999999867900, 1.082531754730525100 ) ) ;
#3528 = CARTESIAN_POINT ( 'NONE',  ( 15.35000000000000300, -0.6249999999999863400, 1.082531754730525300 ) ) ;
#3529 = ORIENTED_EDGE ( 'NONE', *, *, #4943, .T. ) ;
#3530 = EDGE_CURVE ( 'NONE', #164, #3017, #581, .T. ) ;
#3531 = CARTESIAN_POINT ( 'NONE',  ( 0.4731009526418809000, -0.9652524972597841300, 0.5572887891288953500 ) ) ;
#3532 = CARTESIAN_POINT ( 'NONE',  ( 18.05435095264188000, 0.4826262486298914500, -0.8359331836933428000 ) ) ;
#3533 = CARTESIAN_POINT ( 'NONE',  ( 18.28235571585142300, -0.3349364905388941300, -1.249999999999974700 ) ) ;
#3534 = CARTESIAN_POINT ( 'NONE',  ( 2.078737976320960400, -1.278124999999973800, -0.7379258128079745300 ) ) ;
#3535 = ORIENTED_EDGE ( 'NONE', *, *, #5172, .F. ) ;
#3536 = CARTESIAN_POINT ( 'NONE',  ( 17.13560095264188400, -0.4826262486298926200, -0.8359331836933422400 ) ) ;
#3537 = CARTESIAN_POINT ( 'NONE',  ( 17.57873797632096200, 9.036984846634954800E-017, 1.475851625615950000 ) ) ;
#3538 = ADVANCED_FACE ( 'NONE', ( #519 ), #3312, .F. ) ;
#3539 = ORIENTED_EDGE ( 'NONE', *, *, #2970, .F. ) ;
#3540 = CARTESIAN_POINT ( 'NONE',  ( 17.99123797632096000, 0.6390624999999867700, 1.106888719211962500 ) ) ;
#3541 = CARTESIAN_POINT ( 'NONE',  ( 15.14810095264188000, 6.824819318074059600E-017, 1.114577578257790700 ) ) ;
#3542 = CARTESIAN_POINT ( 'NONE',  ( 4.323713928962799700, -1.278124999999973500, 1.565251690160178300E-016 ) ) ;
#3543 = CARTESIAN_POINT ( 'NONE',  ( 3.957596189432336200, 0.3349364905388980700, -1.249999999999972000 ) ) ;
#3544 = ORIENTED_EDGE ( 'NONE', *, *, #3717, .T. ) ;
#3545 = CARTESIAN_POINT ( 'NONE',  ( 3.173100952641880700, -0.9652524972597841300, 0.5572887891288953500 ) ) ;
#3546 = CARTESIAN_POINT ( 'NONE',  ( 19.98054483840553500, -2.249999999999999600, 0.4427403223608874000 ) ) ;
#3547 = CARTESIAN_POINT ( 'NONE',  ( 0.0000000000000000000, 0.0000000000000000000, 0.0000000000000000000 ) ) ;
#3548 = AXIS2_PLACEMENT_3D ( 'NONE', #5268, #4035, #1601 ) ;
#3549 = CARTESIAN_POINT ( 'NONE',  ( 3.998100952641880000, 6.824819318074054600E-017, 1.114577578257790000 ) ) ;
#3550 = CARTESIAN_POINT ( 'NONE',  ( 19.32935095264188200, -0.4826262486298926200, -0.8359331836933422400 ) ) ;
#3551 = CARTESIAN_POINT ( 'NONE',  ( 2.048100952641880300, 0.9652524972597840100, -0.5572887891288955700 ) ) ;
#3552 = CARTESIAN_POINT ( 'NONE',  ( 3.353737976320960300, -1.278124999999973300, 0.7379258128079753100 ) ) ;
#3553 = ORIENTED_EDGE ( 'NONE', *, *, #2047, .T. ) ;
#3554 = CARTESIAN_POINT ( 'NONE',  ( 17.73560095264188200, 0.9652524972597843500, 0.0000000000000000000 ) ) ;
#3555 = CARTESIAN_POINT ( 'NONE',  ( 1.987500000000002500, -1.249999999999973400, 0.7216878364870171800 ) ) ;
#3556 = APPROVAL_DATE_TIME ( #177, #855 ) ;
#3557 = CARTESIAN_POINT ( 'NONE',  ( 19.34123797632095800, 0.6390624999999867700, 1.106888719211962500 ) ) ;
#3558 = CARTESIAN_POINT ( 'NONE',  ( 17.47310095264188200, -0.9652524972597847900, 0.5572887891288956800 ) ) ;
#3559 = CARTESIAN_POINT ( 'NONE',  ( 3.723713928962800500, 0.6390624999999868800, 1.106888719211962700 ) ) ;
#3560 = CARTESIAN_POINT ( 'NONE',  ( 15.19999999999999800, 0.3887128794092912800, -1.165348701324585100 ) ) ;
#3561 = EDGE_CURVE ( 'NONE', #4499, #4742, #2691, .T. ) ;
#3562 = CARTESIAN_POINT ( 'NONE',  ( 17.48750000000000400, 1.249999999999973400, 0.7216878364870166200 ) ) ;
#3563 = CARTESIAN_POINT ( 'NONE',  ( 2.175000000000002500, 0.6249999999999856800, -1.082531754730525800 ) ) ;
#3564 = FACE_OUTER_BOUND ( 'NONE', #4884, .T. ) ;
#3565 = CARTESIAN_POINT ( 'NONE',  ( 4.223100952641880600, -2.047445795422216600E-016, -1.114577578257790000 ) ) ;
#3566 = CARTESIAN_POINT ( 'NONE',  ( 0.1125000000000027900, 1.743066579297358300E-016, 1.249999999999973400 ) ) ;
#3567 = CARTESIAN_POINT ( 'NONE',  ( 18.08749999999999900, -1.249999999999973100, 0.7216878364870171800 ) ) ;
#3568 = CARTESIAN_POINT ( 'NONE',  ( 1.602451905283758700, -1.249999999999973100, 0.7216878364870171800 ) ) ;
#3569 = CARTESIAN_POINT ( 'NONE',  ( 2.228737976320960300, 1.278124999999972900, -0.7379258128079757600 ) ) ;
#3570 = AXIS2_PLACEMENT_3D ( 'NONE', #4240, #2172, #3797 ) ;
#3571 = CARTESIAN_POINT ( 'NONE',  ( 17.21060095264188300, 0.4826262486298914500, -0.8359331836933428000 ) ) ;
#3572 = CARTESIAN_POINT ( 'NONE',  ( 19.65275249725973700, -0.7303071827600791100, 0.6311606786510753900 ) ) ;
#3573 = CARTESIAN_POINT ( 'NONE',  ( 18.74123797632096000, 0.6390624999999856600, -1.106888719211963200 ) ) ;
#3574 = CARTESIAN_POINT ( 'NONE',  ( 16.72310095264188200, -2.047445795422217900E-016, -1.114577578257790700 ) ) ;
#3575 = CARTESIAN_POINT ( 'NONE',  ( 4.398713928962799900, -0.6390624999999873200, -1.106888719211962500 ) ) ;
#3576 = CARTESIAN_POINT ( 'NONE',  ( 0.08925501003155240900, 0.3686825588085555500, -2.385217236779674000 ) ) ;
#3577 = CARTESIAN_POINT ( 'NONE',  ( 4.725000000000001400, -1.249999999999973400, 1.530808498934159000E-016 ) ) ;
#3578 = ORIENTED_EDGE ( 'NONE', *, *, #4643, .T. ) ;
#3579 = CARTESIAN_POINT ( 'NONE',  ( 3.660600952641880600, -0.9652524972597843500, 1.182093381138184100E-016 ) ) ;
#3580 = B_SPLINE_CURVE_WITH_KNOTS ( 'NONE', 3,
 ( #3739, #4142, #415, #4895 ),
 .UNSPECIFIED., .F., .F.,
 ( 4, 4 ),
 ( 0.0000000000000000000, 0.0007486845039916881200 ),
 .UNSPECIFIED. ) ;
#3581 = EDGE_LOOP ( 'NONE', ( #3553, #3199, #4051, #3286, #2387, #1319, #2769, #4390 ) ) ;
#3582 = DIRECTION ( 'NONE',  ( -1.000000000000000000, 0.0000000000000000000, 0.0000000000000000000 ) ) ;
#3583 = CARTESIAN_POINT ( 'NONE',  ( 17.99240381056767300, 0.3349364905388939100, 1.249999999999974900 ) ) ;
#3584 = CC_DESIGN_PERSON_AND_ORGANIZATION_ASSIGNMENT ( #1852, #2638, ( #685 ) ) ;
#3585 = CARTESIAN_POINT ( 'NONE',  ( 17.09810095264188200, -0.9652524972597844600, -0.5572887891288946800 ) ) ;
#3586 = DIRECTION ( 'NONE',  ( -1.000000000000000000, -0.0000000000000000000, -0.0000000000000000000 ) ) ;
#3587 =( BOUNDED_CURVE ( )  B_SPLINE_CURVE ( 2, ( #890, #3270, #2930, #2528, #2908, #501, #850, #2887, #831 ),
 .UNSPECIFIED., .F., .F. ) 
 B_SPLINE_CURVE_WITH_KNOTS ( ( 3, 2, 2, 2, 3 ),
 ( 0.4930555555555555200, 0.5000000000000000000, 0.5138888888888888400, 0.5277777777777777900, 0.5347222222222222100 ),
 .UNSPECIFIED. ) 
 CURVE ( )  GEOMETRIC_REPRESENTATION_ITEM ( )  RATIONAL_B_SPLINE_CURVE ( ( 0.9330127018922194100, 0.9330127018922190800, 1.000000000000000000, 0.8660254037844387100, 1.000000000000000000, 0.8660254037844387100, 1.000000000000000000, 0.9330127018922194100, 0.9330127018922194100 ) ) 
 REPRESENTATION_ITEM ( '' )  );
#3588 = CARTESIAN_POINT ( 'NONE',  ( 19.75678674925022400, -1.607397897208713800E-013, -1.069286749250270500 ) ) ;
#3589 = ADVANCED_FACE ( 'NONE', ( #2504 ), #1277, .F. ) ;
#3590 = VERTEX_POINT ( 'NONE', #1216 ) ;
#3591 = CARTESIAN_POINT ( 'NONE',  ( 19.11623797632096000, -0.6390624999999872100, -1.106888719211962300 ) ) ;
#3592 = CARTESIAN_POINT ( 'NONE',  ( 17.66060095264187900, 0.4826262486298917900, -0.8359331836933434600 ) ) ;
#3593 = EDGE_CURVE ( 'NONE', #3811, #5080, #2063, .T. ) ;
#3594 = CARTESIAN_POINT ( 'NONE',  ( 20.21060095264188000, -0.9652524972597843500, 1.182093381138184100E-016 ) ) ;
#3595 = CARTESIAN_POINT ( 'NONE',  ( 0.9793509526418808800, -0.4826262486298926200, -0.8359331836933422400 ) ) ;
#3596 = CARTESIAN_POINT ( 'NONE',  ( 3.998100952641880000, 6.824819318074054600E-017, 1.114577578257790000 ) ) ;
#3597 = ORIENTED_EDGE ( 'NONE', *, *, #1742, .T. ) ;
#3598 = CARTESIAN_POINT ( 'NONE',  ( 15.39754809471609300, -0.3349364905388960100, 1.249999999999973400 ) ) ;
#3599 = CARTESIAN_POINT ( 'NONE',  ( 17.52499999999999900, 0.6249999999999867900, 1.082531754730525100 ) ) ;
#3600 = ORIENTED_EDGE ( 'NONE', *, *, #3287, .T. ) ;
#3601 = CARTESIAN_POINT ( 'NONE',  ( 2.985600952641880300, 0.9652524972597843500, 0.0000000000000000000 ) ) ;
#3602 = CARTESIAN_POINT ( 'NONE',  ( 19.40435095264188100, 0.4826262486298914500, -0.8359331836933428000 ) ) ;
#3603 = PLANE ( 'NONE',  #3548 ) ;
#3604 = CARTESIAN_POINT ( 'NONE',  ( 4.966237976320960500, 1.278124999999973300, 0.0000000000000000000 ) ) ;
#3605 = ORIENTED_EDGE ( 'NONE', *, *, #4865, .F. ) ;
#3606 = CARTESIAN_POINT ( 'NONE',  ( 18.63560095264188000, 0.9652524972597843500, 0.0000000000000000000 ) ) ;
#3607 = CARTESIAN_POINT ( 'NONE',  ( 0.07500000000000278700, 0.6249999999999867900, 1.082531754730525300 ) ) ;
#3608 = ORIENTED_EDGE ( 'NONE', *, *, #976, .T. ) ;
#3609 = CARTESIAN_POINT ( 'NONE',  ( 0.4225480947160932800, 0.3349364905388956300, -1.249999999999973600 ) ) ;
#3610 = CARTESIAN_POINT ( 'NONE',  ( 0.7731009526418807200, 0.9652524972597843500, 0.5572887891288949000 ) ) ;
#3611 = CARTESIAN_POINT ( 'NONE',  ( 16.42745190528375700, -1.249999999999973400, -0.7216878364870162900 ) ) ;
#3612 = CARTESIAN_POINT ( 'NONE',  ( 17.77310095264187600, 0.9652524972597850100, 0.5572887891288952300 ) ) ;
#3613 = ORIENTED_EDGE ( 'NONE', *, *, #2720, .F. ) ;
#3614 = CARTESIAN_POINT ( 'NONE',  ( 20.06060095264188100, 0.4826262486298922800, 0.8359331836933423500 ) ) ;
#3615 = CARTESIAN_POINT ( 'NONE',  ( 0.9043509526418809200, -0.9652524972597843500, 1.182093381138184100E-016 ) ) ;
#3616 = CARTESIAN_POINT ( 'NONE',  ( 3.323100952641880700, -2.047445795422216600E-016, -1.114577578257790000 ) ) ;
#3617 = CARTESIAN_POINT ( 'NONE',  ( 20.00000000000000000, 0.0000000000000000000, 0.0000000000000000000 ) ) ;
#3618 = ADVANCED_FACE ( 'NONE', ( #3564 ), #3688, .T. ) ;
#3619 = DIRECTION ( 'NONE',  ( -1.000000000000000000, -0.0000000000000000000, -0.0000000000000000000 ) ) ;
#3620 = DIRECTION ( 'NONE',  ( -1.000000000000000000, -0.0000000000000000000, -0.0000000000000000000 ) ) ;
#3621 = DATE_AND_TIME ( #1913, #5221 ) ;
#3622 =( BOUNDED_CURVE ( )  B_SPLINE_CURVE ( 2, ( #261, #3942, #3110, #2344, #2699, #209, #2326, #1463, #1478 ),
 .UNSPECIFIED., .F., .F. ) 
 B_SPLINE_CURVE_WITH_KNOTS ( ( 3, 2, 2, 2, 3 ),
 ( 0.6041666666666667400, 0.6111111111111111600, 0.6250000000000000000, 0.6388888888888888400, 0.6458333333333333700 ),
 .UNSPECIFIED. ) 
 CURVE ( )  GEOMETRIC_REPRESENTATION_ITEM ( )  RATIONAL_B_SPLINE_CURVE ( ( 0.9330127018922193000, 0.9330127018922198500, 1.000000000000000000, 0.8660254037844387100, 1.000000000000000000, 0.8660254037844387100, 1.000000000000000000, 0.9330127018922187400, 0.9330127018922193000 ) ) 
 REPRESENTATION_ITEM ( '' )  );
#3623 = CARTESIAN_POINT ( 'NONE',  ( 17.56250000000000000, 1.743066579297358300E-016, 1.249999999999973100 ) ) ;
#3624 = CARTESIAN_POINT ( 'NONE',  ( 2.498100952641880900, 0.9652524972597841300, -0.5572887891288955700 ) ) ;
#3625 = CARTESIAN_POINT ( 'NONE',  ( 19.91112252369317300, -2.249999999999998200, -0.8716279370762583000 ) ) ;
#3626 = CARTESIAN_POINT ( 'NONE',  ( 3.637500000000002000, 1.249999999999973400, 0.7216878364870166200 ) ) ;
#3627 = CARTESIAN_POINT ( 'NONE',  ( 0.6274519052837590500, 1.452555482747798400E-016, 1.249999999999973100 ) ) ;
#3628 = CARTESIAN_POINT ( 'NONE',  ( 17.82499999999999900, 0.6249999999999857900, -1.082531754730525800 ) ) ;
#3629 = FACE_OUTER_BOUND ( 'NONE', #1946, .T. ) ;
#3630 = CARTESIAN_POINT ( 'NONE',  ( 1.823100952641880700, -0.9652524972597841300, 0.5572887891288953500 ) ) ;
#3631 = CARTESIAN_POINT ( 'NONE',  ( 19.12310095264188100, 0.9652524972597842400, 0.5572887891288949000 ) ) ;
#3632 = CARTESIAN_POINT ( 'NONE',  ( 0.9274519052837589800, 1.249999999999972900, -0.7216878364870175100 ) ) ;
#3633 = CARTESIAN_POINT ( 'NONE',  ( 1.466850952641880700, -2.047445795422216600E-016, -1.114577578257790000 ) ) ;
#3634 = EDGE_CURVE ( 'NONE', #3416, #86, #4220, .T. ) ;
#3635 = CYLINDRICAL_SURFACE ( 'NONE', #4239, 1.249999999999973400 ) ;
#3636 = CARTESIAN_POINT ( 'NONE',  ( 0.0000000000000000000, 0.0000000000000000000, 0.0000000000000000000 ) ) ;
#3637 = CARTESIAN_POINT ( 'NONE',  ( 16.08560095264188000, -0.4826262486298922800, 0.8359331836933431300 ) ) ;
#3638 = CARTESIAN_POINT ( 'NONE',  ( 1.541850952641880700, 0.9652524972597841300, -0.5572887891288955700 ) ) ;
#3639 = CARTESIAN_POINT ( 'NONE',  ( 3.923100952641880700, 0.9652524972597842400, 0.5572887891288949000 ) ) ;
#3640 = CARTESIAN_POINT ( 'NONE',  ( 2.839951905283758700, 0.6249999999999866800, 1.082531754730525100 ) ) ;
#3641 = EDGE_CURVE ( 'NONE', #4206, #1194, #4088, .T. ) ;
#3642 = DIRECTION ( 'NONE',  ( -1.000000000000000000, -0.0000000000000000000, -0.0000000000000000000 ) ) ;
#3643 = DIRECTION ( 'NONE',  ( 0.0000000000000000000, 0.0000000000000000000, 1.000000000000000000 ) ) ;
#3644 = CARTESIAN_POINT ( 'NONE',  ( 18.31250000000000000, 1.249999999999972900, -0.7216878364870175100 ) ) ;
#3645 = LINE ( 'NONE', #4030, #4289 ) ;
#3646 = CARTESIAN_POINT ( 'NONE',  ( 19.83259618943233700, -0.3349364905388985100, 1.249999999999971800 ) ) ;
#3647 = DIRECTION ( 'NONE',  ( 0.0000000000000000000, 0.0000000000000000000, 1.000000000000000000 ) ) ;
#3648 = DIRECTION ( 'NONE',  ( -1.000000000000000000, -0.0000000000000000000, -0.0000000000000000000 ) ) ;
#3649 = CARTESIAN_POINT ( 'NONE',  ( 4.114951905283758600, 1.249999999999973400, 0.0000000000000000000 ) ) ;
#3650 = CARTESIAN_POINT ( 'NONE',  ( 5.191237976320961100, -1.278124999999973300, 1.565251690160178100E-016 ) ) ;
#3651 = CARTESIAN_POINT ( 'NONE',  ( 3.307355715851425100, 0.3349364905388962900, 1.249999999999973100 ) ) ;
#3652 = CARTESIAN_POINT ( 'NONE',  ( 20.00000000000000000, 1.124999999999999300, -1.948557158514985500 ) ) ;
#3653 = CARTESIAN_POINT ( 'NONE',  ( 2.066850952641880600, 0.9652524972597842400, 0.5572887891288949000 ) ) ;
#3654 = ADVANCED_FACE ( 'NONE', ( #1415 ), #2944, .F. ) ;
#3655 = VECTOR ( 'NONE', #490, 1000.000000000000000 ) ;
#3656 = DIRECTION ( 'NONE',  ( -1.000000000000000000, -0.0000000000000000000, -0.0000000000000000000 ) ) ;
#3657 = CARTESIAN_POINT ( 'NONE',  ( 19.55000000000000400, -0.6249999999999872300, -1.082531754730524900 ) ) ;
#3658 = CARTESIAN_POINT ( 'NONE',  ( 19.53560095264187900, 0.9652524972597850100, 0.0000000000000000000 ) ) ;
#3659 = CARTESIAN_POINT ( 'NONE',  ( 2.966850952641880900, 0.9652524972597842400, 0.5572887891288949000 ) ) ;
#3660 = CARTESIAN_POINT ( 'NONE',  ( 4.598100952641879700, -0.9652524972597844600, -0.5572887891288946800 ) ) ;
#3661 = AXIS2_PLACEMENT_3D ( 'NONE', #4500, #2513, #1248 ) ;
#3662 = DIRECTION ( 'NONE',  ( -1.000000000000000000, -0.0000000000000000000, -0.0000000000000000000 ) ) ;
#3663 = CARTESIAN_POINT ( 'NONE',  ( 17.50373797632095900, 1.278124999999973500, 0.7379258128079748700 ) ) ;
#3664 = ORIENTED_EDGE ( 'NONE', *, *, #3389, .T. ) ;
#3665 = CARTESIAN_POINT ( 'NONE',  ( 19.89745328589301500, -1.216826921318757500, 0.08964651184480577900 ) ) ;
#3666 = CARTESIAN_POINT ( 'NONE',  ( 19.79903810567666200, 9.705254661958883300E-016, -2.598076211353313800 ) ) ;
#3667 = CARTESIAN_POINT ( 'NONE',  ( 17.62745190528376000, -5.200148628237119300E-015, 1.249999999999973400 ) ) ;
#3668 = CARTESIAN_POINT ( 'NONE',  ( 0.8323557158514247600, -0.3349364905388966300, -1.249999999999973100 ) ) ;
#3669 = ORIENTED_EDGE ( 'NONE', *, *, #2421, .F. ) ;
#3670 = CARTESIAN_POINT ( 'NONE',  ( 18.30245190528376000, 4.822484202722691300E-015, -1.249999999999973400 ) ) ;
#3671 = DIRECTION ( 'NONE',  ( 0.0000000000000000000, 0.0000000000000000000, -1.000000000000000000 ) ) ;
#3672 = CARTESIAN_POINT ( 'NONE',  ( 2.179350952641880800, -0.4826262486298919500, 0.8359331836933424600 ) ) ;
#3673 = ORIENTED_EDGE ( 'NONE', *, *, #3433, .F. ) ;
#3674 = DIRECTION ( 'NONE',  ( 0.0000000000000000000, 0.0000000000000000000, 1.000000000000000000 ) ) ;
#3675 = CARTESIAN_POINT ( 'NONE',  ( 19.19810095264187700, 6.824819318074059600E-017, 1.114577578257790700 ) ) ;
#3676 = EDGE_CURVE ( 'NONE', #422, #1114, #3006, .T. ) ;
#3677 = CARTESIAN_POINT ( 'NONE',  ( 19.31060095264188100, -0.9652524972597843500, 1.182093381138184100E-016 ) ) ;
#3678 = CARTESIAN_POINT ( 'NONE',  ( 1.016850952641880700, -2.047445795422216600E-016, -1.114577578257790000 ) ) ;
#3679 = CARTESIAN_POINT ( 'NONE',  ( 3.510600952641880700, 0.4826262486298922800, 0.8359331836933423500 ) ) ;
#3680 = CARTESIAN_POINT ( 'NONE',  ( 19.65275249725974000, -0.05986553411340023200, 0.9633942605660310600 ) ) ;
#3681 = VERTEX_POINT ( 'NONE', #785 ) ;
#3682 = ADVANCED_FACE ( 'NONE', ( #2196 ), #3635, .F. ) ;
#3683 = CARTESIAN_POINT ( 'NONE',  ( 3.927451905283758600, -1.249999999999973400, -0.7216878364870162900 ) ) ;
#3684 = AXIS2_PLACEMENT_3D ( 'NONE', #331, #4479, #2452 ) ;
#3685 = CARTESIAN_POINT ( 'NONE',  ( 0.0000000000000000000, 0.0000000000000000000, 0.0000000000000000000 ) ) ;
#3686 = VERTEX_POINT ( 'NONE', #837 ) ;
#3687 = CARTESIAN_POINT ( 'NONE',  ( -0.08939904735811908500, 0.4826262486298922800, 0.8359331836933423500 ) ) ;
#3688 = PLANE ( 'NONE',  #846 ) ;
#3689 = CARTESIAN_POINT ( 'NONE',  ( 3.600000000000002300, 1.249999999999973400, 0.0000000000000000000 ) ) ;
#3690 = CARTESIAN_POINT ( 'NONE',  ( 0.09419872981192216300, -2.855770560857619500E-011, 1.218301270188127100 ) ) ;
#3691 = CARTESIAN_POINT ( 'NONE',  ( 0.3418509526418810300, 6.824819318074054600E-017, 1.114577578257790000 ) ) ;
#3692 = VERTEX_POINT ( 'NONE', #4487 ) ;
#3693 = CARTESIAN_POINT ( 'NONE',  ( 19.72310095264188200, -0.9652524972597847900, 0.5572887891288956800 ) ) ;
#3694 = CARTESIAN_POINT ( 'NONE',  ( 0.4125000000000027500, 1.249999999999973100, -0.7216878364870175100 ) ) ;
#3695 = CARTESIAN_POINT ( 'NONE',  ( 15.06121392896280200, -1.278124999999973800, -0.7379258128079745300 ) ) ;
#3696 = CARTESIAN_POINT ( 'NONE',  ( 16.68995190528376000, 0.6249999999999866800, 1.082531754730525100 ) ) ;
#3697 = CC_DESIGN_PERSON_AND_ORGANIZATION_ASSIGNMENT ( #3429, #1788, ( #3874 ) ) ;
#3698 = CARTESIAN_POINT ( 'NONE',  ( 0.5481009526418808600, -0.9652524972597845700, -0.5572887891288946800 ) ) ;
#3699 = CARTESIAN_POINT ( 'NONE',  ( 19.27745190528375800, 1.249999999999972900, -0.7216878364870175100 ) ) ;
#3700 = DIRECTION ( 'NONE',  ( -1.000000000000000000, -0.0000000000000000000, -0.0000000000000000000 ) ) ;
#3701 = CARTESIAN_POINT ( 'NONE',  ( 17.60735571585142600, 0.3349364905388938500, 1.249999999999974900 ) ) ;
#3702 = CARTESIAN_POINT ( 'NONE',  ( 1.753521283679683000E-015, 1.607348923880961900E-016, -1.312500000000049700 ) ) ;
#3703 = DIRECTION ( 'NONE',  ( 0.0000000000000000000, 0.0000000000000000000, -1.000000000000000000 ) ) ;
#3704 = CARTESIAN_POINT ( 'NONE',  ( 15.05435095264188100, 0.4826262486298922800, 0.8359331836933423500 ) ) ;
#3705 = CYLINDRICAL_SURFACE ( 'NONE', #2605, 1.249999999999973400 ) ;
#3706 = CARTESIAN_POINT ( 'NONE',  ( 1.016850952641880700, -2.047445795422216600E-016, -1.114577578257790000 ) ) ;
#3707 = EDGE_CURVE ( 'NONE', #4771, #4331, #4714, .T. ) ;
#3708 = CARTESIAN_POINT ( 'NONE',  ( 18.13621392896280000, -1.278124999999973500, 0.7379258128079755300 ) ) ;
#3709 = CARTESIAN_POINT ( 'NONE',  ( 0.4918509526418808900, -0.9652524972597845700, -0.5572887891288946800 ) ) ;
#3710 = CARTESIAN_POINT ( 'NONE',  ( 18.29810095264188200, 6.824819318074059600E-017, 1.114577578257790700 ) ) ;
#3711 =( BOUNDED_CURVE ( )  B_SPLINE_CURVE ( 2, ( #400, #1255, #767, #2037, #3689, #3626, #4489, #2500, #4108 ),
 .UNSPECIFIED., .F., .F. ) 
 B_SPLINE_CURVE_WITH_KNOTS ( ( 3, 2, 2, 2, 3 ),
 ( 0.6458333333333333700, 0.6527777777777777900, 0.6666666666666666300, 0.6805555555555555800, 0.6875000000000000000 ),
 .UNSPECIFIED. ) 
 CURVE ( )  GEOMETRIC_REPRESENTATION_ITEM ( )  RATIONAL_B_SPLINE_CURVE ( ( 0.9330127018922193000, 0.9330127018922198500, 1.000000000000000000, 0.8660254037844387100, 1.000000000000000000, 0.8660254037844387100, 1.000000000000000000, 0.9330127018922194100, 0.9330127018922194100 ) ) 
 REPRESENTATION_ITEM ( '' )  );
#3712 = LINE ( 'NONE', #901, #4285 ) ;
#3713 = ORIENTED_EDGE ( 'NONE', *, *, #595, .T. ) ;
#3714 = CARTESIAN_POINT ( 'NONE',  ( 4.279350952641880900, 0.9652524972597843500, 0.0000000000000000000 ) ) ;
#3715 = CARTESIAN_POINT ( 'NONE',  ( 1.687500000000002700, -5.229199737892074000E-016, -1.249999999999973400 ) ) ;
#3716 = CARTESIAN_POINT ( 'NONE',  ( 17.70245190528375900, -1.249999999999973100, 0.7216878364870171800 ) ) ;
#3717 = EDGE_CURVE ( 'NONE', #369, #3215, #981, .T. ) ;
#3718 = VECTOR ( 'NONE', #4293, 1000.000000000000000 ) ;
#3719 = CARTESIAN_POINT ( 'NONE',  ( 16.96685095264188100, -0.9652524972597841300, 0.5572887891288953500 ) ) ;
#3720 = CARTESIAN_POINT ( 'NONE',  ( 17.92745190528376000, 1.249999999999972900, -0.7216878364870175100 ) ) ;
#3721 = CARTESIAN_POINT ( 'NONE',  ( 4.635600952641880200, -0.4826262486298926200, -0.8359331836933422400 ) ) ;
#3722 = DIRECTION ( 'NONE',  ( 0.0000000000000000000, 0.0000000000000000000, 1.000000000000000000 ) ) ;
#3723 = LINE ( 'NONE', #224, #1484 ) ;
#3724 = CARTESIAN_POINT ( 'NONE',  ( 4.800000000000002500, 1.012783851858569000, -0.2277875703270524100 ) ) ;
#3725 = CARTESIAN_POINT ( 'NONE',  ( 4.799999999999985600, -1.234431021822762800, 0.02962565417161199300 ) ) ;
#3726 = CARTESIAN_POINT ( 'NONE',  ( 15.60245190528375800, -5.229199737892074000E-016, -1.249999999999973400 ) ) ;
#3727 = CARTESIAN_POINT ( 'NONE',  ( 4.354350952641880200, 0.4826262486298922800, 0.8359331836933423500 ) ) ;
#3728 = ORIENTED_EDGE ( 'NONE', *, *, #4185, .T. ) ;
#3729 = CARTESIAN_POINT ( 'NONE',  ( 17.01121392896280000, 1.278124999999973300, -0.7379258128079758700 ) ) ;
#3730 = CARTESIAN_POINT ( 'NONE',  ( 1.429350952641880800, -0.4826262486298926200, -0.8359331836933422400 ) ) ;
#3731 = CARTESIAN_POINT ( 'NONE',  ( 18.97310095264188200, -2.047445795422217900E-016, -1.114577578257790700 ) ) ;
#3732 = CARTESIAN_POINT ( 'NONE',  ( 19.81899157883639600, 1.115399450820704600, -0.2421809344801518200 ) ) ;
#3733 = CARTESIAN_POINT ( 'NONE',  ( 3.529350952641880900, -0.4826262486298919500, 0.8359331836933424600 ) ) ;
#3734 = CARTESIAN_POINT ( 'NONE',  ( 0.06250000000002665900, 0.0000000000000000000, 0.0000000000000000000 ) ) ;
#3735 = ORIENTED_EDGE ( 'NONE', *, *, #800, .F. ) ;
#3736 = CARTESIAN_POINT ( 'NONE',  ( 14.87371392896280000, 0.6390624999999868800, 1.106888719211962700 ) ) ;
#3737 = CARTESIAN_POINT ( 'NONE',  ( 17.64185095264188200, 0.9652524972597840100, -0.5572887891288955700 ) ) ;
#3738 = EDGE_LOOP ( 'NONE', ( #3613, #4642, #358, #1579 ) ) ;
#3739 = CARTESIAN_POINT ( 'NONE',  ( 4.800000000000002500, 0.9439470035406807300, 0.2016840052478622300 ) ) ;
#3740 = CARTESIAN_POINT ( 'NONE',  ( 0.6981009526418807700, 0.9652524972597841300, -0.5572887891288955700 ) ) ;
#3741 = CARTESIAN_POINT ( 'NONE',  ( 1.387500000000002600, 1.249999999999973400, 0.7216878364870166200 ) ) ;
#3742 = CARTESIAN_POINT ( 'NONE',  ( 4.592403810567669900, 0.3349364905388939100, 1.249999999999974900 ) ) ;
#3743 = DIRECTION ( 'NONE',  ( -1.000000000000000000, -0.0000000000000000000, -0.0000000000000000000 ) ) ;
#3744 = ORIENTED_EDGE ( 'NONE', *, *, #3079, .T. ) ;
#3745 = CARTESIAN_POINT ( 'NONE',  ( 3.379350952641881000, 0.9652524972597843500, 0.0000000000000000000 ) ) ;
#3746 = CARTESIAN_POINT ( 'NONE',  ( 18.58621392896279900, -1.278124999999973500, 0.7379258128079755300 ) ) ;
#3747 = DIRECTION ( 'NONE',  ( -1.000000000000000000, 0.0000000000000000000, -0.0000000000000000000 ) ) ;
#3748 = CARTESIAN_POINT ( 'NONE',  ( 15.51623797632096000, -0.6390624999999872100, -1.106888719211962300 ) ) ;
#3749 = ORIENTED_EDGE ( 'NONE', *, *, #1072, .F. ) ;
#3750 = EDGE_CURVE ( 'NONE', #3098, #4824, #549, .T. ) ;
#3751 = CARTESIAN_POINT ( 'NONE',  ( 0.6862139289628006500, -1.278124999999973500, 0.7379258128079755300 ) ) ;
#3752 = CARTESIAN_POINT ( 'NONE',  ( 19.88765341285904100, 0.2979162719577109800, 1.172061747627639100 ) ) ;
#3753 = CARTESIAN_POINT ( 'NONE',  ( 4.129350952641880600, -0.4826262486298926200, -0.8359331836933422400 ) ) ;
#3754 = CARTESIAN_POINT ( 'NONE',  ( 3.552451905283759100, 4.822484202722691300E-015, -1.249999999999973400 ) ) ;
#3755 = EDGE_LOOP ( 'NONE', ( #414, #1898, #1570, #1487 ) ) ;
#3756 = CARTESIAN_POINT ( 'NONE',  ( 15.50435095264188100, 0.4826262486298922800, 0.8359331836933423500 ) ) ;
#3757 = ORIENTED_EDGE ( 'NONE', *, *, #282, .F. ) ;
#3758 = AXIS2_PLACEMENT_3D ( 'NONE', #131, #548, #3008 ) ;
#3759 = CARTESIAN_POINT ( 'NONE',  ( 1.823100952641880400, -0.9652524972597841300, 0.5572887891288953500 ) ) ;
#3760 = CARTESIAN_POINT ( 'NONE',  ( 0.01893660794913696500, 2.249999999999998700, -0.4381532948924524200 ) ) ;
#3761 = CARTESIAN_POINT ( 'NONE',  ( 1.322548094716093500, 0.3349364905388956300, -1.249999999999973600 ) ) ;
#3762 = CARTESIAN_POINT ( 'NONE',  ( 16.25435095264187900, 0.4826262486298914500, -0.8359331836933428000 ) ) ;
#3763 = DIRECTION ( 'NONE',  ( 0.0000000000000000000, 0.0000000000000000000, -1.000000000000000000 ) ) ;
#3764 = LINE ( 'NONE', #1141, #242 ) ;
#3765 = CARTESIAN_POINT ( 'NONE',  ( 17.79871392896280100, -0.6390624999999873200, -1.106888719211962500 ) ) ;
#3766 = CARTESIAN_POINT ( 'NONE',  ( 1.091850952641880900, 0.9652524972597840100, -0.5572887891288955700 ) ) ;
#3767 = CARTESIAN_POINT ( 'NONE',  ( 16.45373797632096200, -2.711095453990486600E-016, -1.475851625615950000 ) ) ;
#3768 =( BOUNDED_SURFACE ( )  B_SPLINE_SURFACE ( 1, 2, ( 
 ( #444, #3769, #1245, #4099, #1285, #4157, #40, #480, #2490, #4083, #873, #3288, #1265, #1684, #2141, #4136, #1705, #4516, #2084, #2125, #4533, #4964, #2473, #1648, #60, #4926, #2106, #3327, #4983, #3751, #1304, #1725, #4574, #2546, #1189, #1696, #2135, #2267, #3081, #576, #5056, #3051, #1867, #5111, #3456, #229, #4716, #4661, #3860, #4695, #3842, #3905, #1014, #1032, #3418, #4272, #1818, #4287, #593, #2234, #1853, #1833, #984, #4677, #211, #3877, #2651, #2668, #2633, #1435, #1464, #1403, #1451, #4253, #2282, #3067, #631, #3018, #613, #4320, #1887, #3492, #5074, #1050, #5126, #2684, #178, #2218, #3475, #645, #4305, #2617, #162, #3034, #3439, #2248, #3892, #998, #1421, #5092, #195, #3523, #263, #3142, #1118, #1549, #3972, #5210, #3111, #246, #3559, #2298, #1930, #5173, #3989, #690, #4743, #707, #3960, #3097, #719, #675, #5156, #4780, #1082, #1495, #3542, #3943, #3575, #1480, #661, #2346, #4799, #1098, #1533, #4357, #1134, #3127, #1915, #4759, #2328 ),
 ( #1516, #2729, #279, #5140, #4406, #4373, #4728, #4338, #2701, #316, #5193, #3507, #1066, #2747, #296, #4389, #1949, #2716, #2366, #2766, #3157, #3927, #1901, #2312, #1630, #4867, #3213, #5295, #4480, #4426, #3615, #4460, #3595, #3678, #778, #797, #333, #4024, #1568, #4044, #348, #1984, #1609, #1589, #3174, #4443, #5279, #3638, #2414, #2027, #2395, #1190, #1226, #1150, #1206, #4005, #2049, #2837, #2434, #2781, #2817, #4084, #1649, #3252, #4831, #816, #4889, #2454, #5239, #1967, #391, #2858, #4066, #409, #4815, #2380, #5225, #2005, #3236, #738, #2799, #3195, #757, #1168, #4846, #3659, #5257, #371, #892, #4985, #20, #5313, #3329, #2068, #1706, #4946, #3771, #464, #4517, #2932, #3733, #2873, #503, #446, #4927, #4556, #3289, #1266, #3309, #851, #3344, #1246, #430, #2126, #4575, #875, #3753, #2889, #912, #2909, #3714, #4118, #1686, #2547, #1287, #4137, #2085, #2491, #4965, #4534, #42, #4909, #1328, #2529, #4175, #4101, #2474, #81, #62, #4497, #3271 ) ),
 .UNSPECIFIED., .F., .F., .F. ) 
 B_SPLINE_SURFACE_WITH_KNOTS ( ( 2, 2 ),
 ( 3, 2, 2, 2, 2, 2, 2, 2, 2, 2, 2, 2, 2, 2, 2, 2, 2, 2, 2, 2, 2, 2, 2, 2, 2, 2, 2, 2, 2, 2, 2, 2, 2, 2, 2, 2, 2, 2, 2, 2, 2, 2, 2, 2, 2, 2, 2, 2, 2, 2, 2, 2, 2, 2, 2, 2, 2, 2, 2, 2, 2, 2, 2, 2, 2, 2, 2, 2, 2, 2, 3 ),
 ( 0.0000000000000000000, 1.000000000000000000 ),
 ( 0.0000000000000000000, 0.01388888888888888800, 0.02777777777777777600, 0.04166666666666666400, 0.05555555555555555200, 0.06944444444444444800, 0.08333333333333332900, 0.09722222222222222400, 0.1111111111111111000, 0.1250000000000000000, 0.1388888888888889000, 0.1527777777777777900, 0.1666666666666666600, 0.1805555555555555500, 0.1944444444444444500, 0.2083333333333333400, 0.2222222222222222100, 0.2361111111111111000, 0.2500000000000000000, 0.2638888888888889000, 0.2777777777777777900, 0.2916666666666666900, 0.3055555555555555800, 0.3194444444444444200, 0.3333333333333333100, 0.3472222222222222100, 0.3611111111111111000, 0.3750000000000000000, 0.3888888888888889000, 0.4027777777777777900, 0.4166666666666666900, 0.4305555555555555800, 0.4444444444444444200, 0.4583333333333333100, 0.4722222222222222100, 0.4861111111111111000, 0.5000000000000000000, 0.5138888888888888400, 0.5277777777777777900, 0.5416666666666666300, 0.5555555555555555800, 0.5694444444444444200, 0.5833333333333333700, 0.5972222222222222100, 0.6111111111111111600, 0.6250000000000000000, 0.6388888888888888400, 0.6527777777777777900, 0.6666666666666666300, 0.6805555555555555800, 0.6944444444444444200, 0.7083333333333333700, 0.7222222222222222100, 0.7361111111111111600, 0.7500000000000000000, 0.7638888888888888400, 0.7777777777777777900, 0.7916666666666666300, 0.8055555555555555800, 0.8194444444444444200, 0.8333333333333333700, 0.8472222222222222100, 0.8611111111111111600, 0.8750000000000000000, 0.8888888888888888400, 0.9027777777777777900, 0.9166666666666666300, 0.9305555555555555800, 0.9444444444444444200, 0.9583333333333333700, 0.9722222222222222100 ),
 .UNSPECIFIED. ) 
 GEOMETRIC_REPRESENTATION_ITEM ( )  RATIONAL_B_SPLINE_SURFACE ( (
 ( 1.000000000000000000, 0.8660254037844387100, 1.000000000000000000, 0.8660254037844387100, 1.000000000000000000, 0.8660254037844387100, 1.000000000000000000, 0.8660254037844387100, 1.000000000000000000, 0.8660254037844387100, 1.000000000000000000, 0.8660254037844387100, 1.000000000000000000, 0.8660254037844387100, 1.000000000000000000, 0.8660254037844387100, 1.000000000000000000, 0.8660254037844387100, 1.000000000000000000, 0.8660254037844387100, 1.000000000000000000, 0.8660254037844387100, 1.000000000000000000, 0.8660254037844387100, 1.000000000000000000, 0.8660254037844387100, 1.000000000000000000, 0.8660254037844387100, 1.000000000000000000, 0.8660254037844387100, 1.000000000000000000, 0.8660254037844387100, 1.000000000000000000, 0.8660254037844387100, 1.000000000000000000, 0.8660254037844387100, 1.000000000000000000, 0.8660254037844387100, 1.000000000000000000, 0.8660254037844387100, 1.000000000000000000, 0.8660254037844387100, 1.000000000000000000, 0.8660254037844387100, 1.000000000000000000, 0.8660254037844387100, 1.000000000000000000, 0.8660254037844387100, 1.000000000000000000, 0.8660254037844387100, 1.000000000000000000, 0.8660254037844387100, 1.000000000000000000, 0.8660254037844387100, 1.000000000000000000, 0.8660254037844387100, 1.000000000000000000, 0.8660254037844387100, 1.000000000000000000, 0.8660254037844387100, 1.000000000000000000, 0.8660254037844387100, 1.000000000000000000, 0.8660254037844387100, 1.000000000000000000, 0.8660254037844387100, 1.000000000000000000, 0.8660254037844387100, 1.000000000000000000, 0.8660254037844387100, 1.000000000000000000, 0.8660254037844387100, 1.000000000000000000, 0.8660254037844387100, 1.000000000000000000, 0.8660254037844387100, 1.000000000000000000, 0.8660254037844387100, 1.000000000000000000, 0.8660254037844387100, 1.000000000000000000, 0.8660254037844387100, 1.000000000000000000, 0.8660254037844387100, 1.000000000000000000, 0.8660254037844387100, 1.000000000000000000, 0.8660254037844387100, 1.000000000000000000, 0.8660254037844387100, 1.000000000000000000, 0.8660254037844387100, 1.000000000000000000, 0.8660254037844387100, 1.000000000000000000, 0.8660254037844387100, 1.000000000000000000, 0.8660254037844387100, 1.000000000000000000, 0.8660254037844387100, 1.000000000000000000, 0.8660254037844387100, 1.000000000000000000, 0.8660254037844387100, 1.000000000000000000, 0.8660254037844387100, 1.000000000000000000, 0.8660254037844387100, 1.000000000000000000, 0.8660254037844387100, 1.000000000000000000, 0.8660254037844387100, 1.000000000000000000, 0.8660254037844387100, 1.000000000000000000, 0.8660254037844387100, 1.000000000000000000, 0.8660254037844387100, 1.000000000000000000, 0.8660254037844387100, 1.000000000000000000, 0.8660254037844387100, 1.000000000000000000, 0.8660254037844387100, 1.000000000000000000, 0.8660254037844387100, 1.000000000000000000, 0.8660254037844387100, 1.000000000000000000, 0.8660254037844387100, 1.000000000000000000, 0.8660254037844387100, 1.000000000000000000, 0.8660254037844387100, 1.000000000000000000, 0.8660254037844387100, 1.000000000000000000, 0.8660254037844387100, 1.000000000000000000, 0.8660254037844387100, 1.000000000000000000),
 ( 1.000000000000000000, 0.8660254037844387100, 1.000000000000000000, 0.8660254037844387100, 1.000000000000000000, 0.8660254037844387100, 1.000000000000000000, 0.8660254037844387100, 1.000000000000000000, 0.8660254037844387100, 1.000000000000000000, 0.8660254037844387100, 1.000000000000000000, 0.8660254037844387100, 1.000000000000000000, 0.8660254037844387100, 1.000000000000000000, 0.8660254037844387100, 1.000000000000000000, 0.8660254037844387100, 1.000000000000000000, 0.8660254037844387100, 1.000000000000000000, 0.8660254037844387100, 1.000000000000000000, 0.8660254037844387100, 1.000000000000000000, 0.8660254037844387100, 1.000000000000000000, 0.8660254037844387100, 1.000000000000000000, 0.8660254037844387100, 1.000000000000000000, 0.8660254037844387100, 1.000000000000000000, 0.8660254037844387100, 1.000000000000000000, 0.8660254037844387100, 1.000000000000000000, 0.8660254037844387100, 1.000000000000000000, 0.8660254037844387100, 1.000000000000000000, 0.8660254037844387100, 1.000000000000000000, 0.8660254037844387100, 1.000000000000000000, 0.8660254037844387100, 1.000000000000000000, 0.8660254037844387100, 1.000000000000000000, 0.8660254037844387100, 1.000000000000000000, 0.8660254037844387100, 1.000000000000000000, 0.8660254037844387100, 1.000000000000000000, 0.8660254037844387100, 1.000000000000000000, 0.8660254037844387100, 1.000000000000000000, 0.8660254037844387100, 1.000000000000000000, 0.8660254037844387100, 1.000000000000000000, 0.8660254037844387100, 1.000000000000000000, 0.8660254037844387100, 1.000000000000000000, 0.8660254037844387100, 1.000000000000000000, 0.8660254037844387100, 1.000000000000000000, 0.8660254037844387100, 1.000000000000000000, 0.8660254037844387100, 1.000000000000000000, 0.8660254037844387100, 1.000000000000000000, 0.8660254037844387100, 1.000000000000000000, 0.8660254037844387100, 1.000000000000000000, 0.8660254037844387100, 1.000000000000000000, 0.8660254037844387100, 1.000000000000000000, 0.8660254037844387100, 1.000000000000000000, 0.8660254037844387100, 1.000000000000000000, 0.8660254037844387100, 1.000000000000000000, 0.8660254037844387100, 1.000000000000000000, 0.8660254037844387100, 1.000000000000000000, 0.8660254037844387100, 1.000000000000000000, 0.8660254037844387100, 1.000000000000000000, 0.8660254037844387100, 1.000000000000000000, 0.8660254037844387100, 1.000000000000000000, 0.8660254037844387100, 1.000000000000000000, 0.8660254037844387100, 1.000000000000000000, 0.8660254037844387100, 1.000000000000000000, 0.8660254037844387100, 1.000000000000000000, 0.8660254037844387100, 1.000000000000000000, 0.8660254037844387100, 1.000000000000000000, 0.8660254037844387100, 1.000000000000000000, 0.8660254037844387100, 1.000000000000000000, 0.8660254037844387100, 1.000000000000000000, 0.8660254037844387100, 1.000000000000000000, 0.8660254037844387100, 1.000000000000000000, 0.8660254037844387100, 1.000000000000000000, 0.8660254037844387100, 1.000000000000000000, 0.8660254037844387100, 1.000000000000000000, 0.8660254037844387100, 1.000000000000000000, 0.8660254037844387100, 1.000000000000000000, 0.8660254037844387100, 1.000000000000000000, 0.8660254037844387100, 1.000000000000000000) ) ) 
 REPRESENTATION_ITEM ( '' )  SURFACE ( )  );
#3769 = CARTESIAN_POINT ( 'NONE',  ( -0.3637860710371990700, 1.278124999999973800, 0.7379258128079749800 ) ) ;
#3770 = CARTESIAN_POINT ( 'NONE',  ( 1.748100952641880700, 6.824819318074054600E-017, 1.114577578257790000 ) ) ;
#3771 = CARTESIAN_POINT ( 'NONE',  ( 3.379350952641881000, 0.9652524972597843500, 0.0000000000000000000 ) ) ;
#3772 = CARTESIAN_POINT ( 'NONE',  ( 16.52371392896280300, 0.6390624999999857700, -1.106888719211963400 ) ) ;
#3773 = CARTESIAN_POINT ( 'NONE',  ( 16.81685095264187900, 0.9652524972597843500, 0.5572887891288949000 ) ) ;
#3774 = CARTESIAN_POINT ( 'NONE',  ( 19.68995190528376000, 0.6249999999999856800, -1.082531754730525800 ) ) ;
#3775 = VECTOR ( 'NONE', #1730, 1000.000000000000000 ) ;
#3776 = CARTESIAN_POINT ( 'NONE',  ( 1.410600952641880600, -0.9652524972597843500, 1.182093381138184100E-016 ) ) ;
#3777 = CARTESIAN_POINT ( 'NONE',  ( 20.00000000000000000, 1.124999999999999300, -1.948557158514985500 ) ) ;
#3778 = CARTESIAN_POINT ( 'NONE',  ( 16.43750000000000000, -4.938688641342514700E-016, -1.249999999999973400 ) ) ;
#3779 = CARTESIAN_POINT ( 'NONE',  ( 4.452451905283759000, 4.822484202722691300E-015, -1.249999999999973400 ) ) ;
#3780 = EDGE_CURVE ( 'NONE', #2157, #3681, #514, .T. ) ;
#3781 = CARTESIAN_POINT ( 'NONE',  ( 17.08621392896279900, 1.278124999999973800, 0.7379258128079749800 ) ) ;
#3782 = CARTESIAN_POINT ( 'NONE',  ( 1.504350952641880800, 0.4826262486298914500, -0.8359331836933428000 ) ) ;
#3783 = CARTESIAN_POINT ( 'NONE',  ( 16.00373797632095900, -2.711095453990486600E-016, -1.475851625615950000 ) ) ;
#3784 = CARTESIAN_POINT ( 'NONE',  ( 17.75435095264188200, 0.4826262486298922800, 0.8359331836933423500 ) ) ;
#3785 = CARTESIAN_POINT ( 'NONE',  ( 0.2009618943233405000, 9.299228573013449200E-016, -2.598076211353313800 ) ) ;
#3786 = CARTESIAN_POINT ( 'NONE',  ( 15.26060095264188200, -0.9652524972597843500, 1.182093381138184100E-016 ) ) ;
#3787 = CARTESIAN_POINT ( 'NONE',  ( 15.99871392896280000, -0.6390624999999873200, -1.106888719211962500 ) ) ;
#3788 = AXIS2_PLACEMENT_3D ( 'NONE', #2043, #5274, #2851 ) ;
#3789 = CARTESIAN_POINT ( 'NONE',  ( 17.11685095264188300, -2.047445795422216600E-016, -1.114577578257790000 ) ) ;
#3790 = ORIENTED_EDGE ( 'NONE', *, *, #3521, .T. ) ;
#3791 = CARTESIAN_POINT ( 'NONE',  ( 0.7125000000000026900, -1.249999999999973600, -0.7216878364870164000 ) ) ;
#3792 = ORIENTED_EDGE ( 'NONE', *, *, #4080, .F. ) ;
#3793 = CARTESIAN_POINT ( 'NONE',  ( 1.237500000000002700, -5.229199737892074000E-016, -1.249999999999973400 ) ) ;
#3794 = CARTESIAN_POINT ( 'NONE',  ( 4.500000000000002700, 1.249999999999973400, 0.0000000000000000000 ) ) ;
#3795 = ORIENTED_EDGE ( 'NONE', *, *, #2715, .T. ) ;
#3796 = CARTESIAN_POINT ( 'NONE',  ( 2.127451905283759300, -1.249999999999973400, -0.7216878364870162900 ) ) ;
#3797 = DIRECTION ( 'NONE',  ( 0.0000000000000000000, -0.8660254037844389300, 0.4999999999999994400 ) ) ;
#3798 = CARTESIAN_POINT ( 'NONE',  ( 19.82371392896280300, 0.6390624999999868800, 1.106888719211962700 ) ) ;
#3799 = ORIENTED_EDGE ( 'NONE', *, *, #4008, .F. ) ;
#3800 = CARTESIAN_POINT ( 'NONE',  ( 1.841850952641880700, -0.9652524972597845700, -0.5572887891288946800 ) ) ;
#3801 = CARTESIAN_POINT ( 'NONE',  ( 15.40373797632096000, -1.278124999999973300, 0.7379258128079753100 ) ) ;
#3802 = CARTESIAN_POINT ( 'NONE',  ( 18.35435095264188000, -0.9652524972597843500, 1.182093381138184100E-016 ) ) ;
#3803 = DIRECTION ( 'NONE',  ( -1.000000000000000000, -0.0000000000000000000, -0.0000000000000000000 ) ) ;
#3804 = CARTESIAN_POINT ( 'NONE',  ( 16.16060095264188200, -0.9652524972597843500, 1.182093381138184100E-016 ) ) ;
#3805 = ORIENTED_EDGE ( 'NONE', *, *, #2456, .T. ) ;
#3806 = AXIS2_PLACEMENT_3D ( 'NONE', #4062, #5275, #2471 ) ;
#3807 = CARTESIAN_POINT ( 'NONE',  ( 15.51121392896280000, -1.278124999999973800, -0.7379258128079745300 ) ) ;
#3808 = ORIENTED_EDGE ( 'NONE', *, *, #4978, .T. ) ;
#3809 = CARTESIAN_POINT ( 'NONE',  ( 19.32935095264188200, -0.4826262486298926200, -0.8359331836933422400 ) ) ;
#3810 = CARTESIAN_POINT ( 'NONE',  ( 19.79903810567666200, 2.249999999999998700, 1.299038105676658700 ) ) ;
#3811 = VERTEX_POINT ( 'NONE', #1716 ) ;
#3812 = CARTESIAN_POINT ( 'NONE',  ( 15.19999999999999800, 1.240329213190553900, 0.1074531867712321500 ) ) ;
#3813 = EDGE_CURVE ( 'NONE', #297, #357, #5031, .T. ) ;
#3814 = DIRECTION ( 'NONE',  ( -1.000000000000000000, -0.0000000000000000000, -0.0000000000000000000 ) ) ;
#3815 =( NAMED_UNIT ( * ) SI_UNIT ( $, .STERADIAN. ) SOLID_ANGLE_UNIT ( ) );
#3816 = ORIENTED_EDGE ( 'NONE', *, *, #4185, .F. ) ;
#3817 = CARTESIAN_POINT ( 'NONE',  ( 16.25435095264187900, 0.4826262486298914500, -0.8359331836933428000 ) ) ;
#3818 = CARTESIAN_POINT ( 'NONE',  ( 1.991850952641880800, 0.9652524972597840100, -0.5572887891288955700 ) ) ;
#3819 = CARTESIAN_POINT ( 'NONE',  ( 16.52873797632096100, 1.278124999999972900, -0.7379258128079757600 ) ) ;
#3820 = EDGE_CURVE ( 'NONE', #1618, #2281, #4277, .T. ) ;
#3821 = CARTESIAN_POINT ( 'NONE',  ( 17.34185095264188100, 6.824819318074054600E-017, 1.114577578257790000 ) ) ;
#3822 = CARTESIAN_POINT ( 'NONE',  ( 0.0000000000000000000, -1.124999999999998200, -1.948557158514986600 ) ) ;
#3823 = ORIENTED_EDGE ( 'NONE', *, *, #2000, .T. ) ;
#3824 = CARTESIAN_POINT ( 'NONE',  ( 18.54185095264188000, 0.9652524972597840100, -0.5572887891288955700 ) ) ;
#3825 = CARTESIAN_POINT ( 'NONE',  ( 19.92172769284587400, 0.3680687615027738400, -2.385571612819395800 ) ) ;
#3826 = CARTESIAN_POINT ( 'NONE',  ( 17.45000000000000300, 1.249999999999973400, 0.0000000000000000000 ) ) ;
#3827 = CARTESIAN_POINT ( 'NONE',  ( 19.92172769284587400, 1.881931238497224900, 1.511542704210576900 ) ) ;
#3828 = DIRECTION ( 'NONE',  ( 0.0000000000000000000, 0.0000000000000000000, 1.000000000000000000 ) ) ;
#3829 = B_SPLINE_CURVE_WITH_KNOTS ( 'NONE', 3,
 ( #1119, #4800, #646, #2702, #2329, #1068 ),
 .UNSPECIFIED., .F., .F.,
 ( 4, 2, 4 ),
 ( 0.001314652396222795600, 0.001969405109320634200, 0.002624157822418473000 ),
 .UNSPECIFIED. ) ;
#3830 = UNCERTAINTY_MEASURE_WITH_UNIT (LENGTH_MEASURE( 1.000000000000000100E-005 ), #4242, 'distance_accuracy_value', 'NONE');
#3831 =( BOUNDED_CURVE ( )  B_SPLINE_CURVE ( 2, ( #4719, #4730, #634, #2286, #649, #1873, #199, #3053, #1038 ),
 .UNSPECIFIED., .F., .F. ) 
 B_SPLINE_CURVE_WITH_KNOTS ( ( 3, 2, 2, 2, 3 ),
 ( 0.4513888888888888400, 0.4583333333333333700, 0.4722222222222222100, 0.4861111111111111000, 0.4930555555555555200 ),
 .UNSPECIFIED. ) 
 CURVE ( )  GEOMETRIC_REPRESENTATION_ITEM ( )  RATIONAL_B_SPLINE_CURVE ( ( 0.9330127018922193000, 0.9330127018922187400, 1.000000000000000000, 0.8660254037844387100, 1.000000000000000000, 0.8660254037844387100, 1.000000000000000000, 0.9330127018922196300, 0.9330127018922194100 ) ) 
 REPRESENTATION_ITEM ( '' )  );
#3832 = CARTESIAN_POINT ( 'NONE',  ( 3.041850952641880700, 6.824819318074054600E-017, 1.114577578257790000 ) ) ;
#3833 = CARTESIAN_POINT ( 'NONE',  ( 16.47935095264188400, -0.4826262486298919500, 0.8359331836933424600 ) ) ;
#3834 = CARTESIAN_POINT ( 'NONE',  ( 3.716850952641880900, -2.047445795422216600E-016, -1.114577578257790000 ) ) ;
#3835 = CARTESIAN_POINT ( 'NONE',  ( 1.853737976320960900, 1.278124999999973500, 0.7379258128079748700 ) ) ;
#3836 = VECTOR ( 'NONE', #759, 1000.000000000000000 ) ;
#3837 = CARTESIAN_POINT ( 'NONE',  ( 17.71685095264188100, 0.9652524972597842400, 0.5572887891288949000 ) ) ;
#3838 = DIRECTION ( 'NONE',  ( -1.000000000000000000, -0.0000000000000000000, -0.0000000000000000000 ) ) ;
#3839 = CARTESIAN_POINT ( 'NONE',  ( 18.95000000000000300, -0.6249999999999863400, 1.082531754730525300 ) ) ;
#3840 = CIRCLE ( 'NONE', #87, 1.249999999999973400 ) ;
#3841 = CARTESIAN_POINT ( 'NONE',  ( 17.75435095264188200, 0.4826262486298922800, 0.8359331836933423500 ) ) ;
#3842 = CARTESIAN_POINT ( 'NONE',  ( 1.473713928962800700, 0.6390624999999868800, 1.106888719211962700 ) ) ;
#3843 = CARTESIAN_POINT ( 'NONE',  ( 20.00000000000000000, 1.124999999999999300, -1.948557158514985500 ) ) ;
#3844 = CONICAL_SURFACE ( 'NONE', #2019, 2.249999999999998700, 1.047197551196600100 ) ;
#3845 = CARTESIAN_POINT ( 'NONE',  ( -1.062475216957523000E-015, 0.7416645267673313000, 2.169875997175799000 ) ) ;
#3846 = CARTESIAN_POINT ( 'NONE',  ( 15.74240381056766600, 0.3349364905388960100, 1.249999999999973100 ) ) ;
#3847 = CARTESIAN_POINT ( 'NONE',  ( 0.0000000000000000000, 0.0000000000000000000, 0.0000000000000000000 ) ) ;
#3848 = EDGE_CURVE ( 'NONE', #4261, #2717, #986, .T. ) ;
#3849 = ORIENTED_EDGE ( 'NONE', *, *, #4194, .T. ) ;
#3850 = CARTESIAN_POINT ( 'NONE',  ( 4.316850952641880600, 0.9652524972597842400, 0.5572887891288949000 ) ) ;
#3851 = CARTESIAN_POINT ( 'NONE',  ( 19.89871392896280300, -0.6390624999999864300, 1.106888719211963000 ) ) ;
#3852 = CARTESIAN_POINT ( 'NONE',  ( 3.491850952641880800, 6.824819318074054600E-017, 1.114577578257790000 ) ) ;
#3853 = CARTESIAN_POINT ( 'NONE',  ( 0.1662379763209609600, -0.6390624999999863200, 1.106888719211962700 ) ) ;
#3854 = CARTESIAN_POINT ( 'NONE',  ( 19.25435095264187900, -0.9652524972597843500, 1.182093381138184100E-016 ) ) ;
#3855 = CARTESIAN_POINT ( 'NONE',  ( 15.19999999999999800, -0.6466369738519292000, 0.7166400822685467000 ) ) ;
#3856 = EDGE_LOOP ( 'NONE', ( #1517, #1500, #2391, #4060 ) ) ;
#3857 = AXIS2_PLACEMENT_3D ( 'NONE', #1425, #1439, #3910 ) ;
#3858 = CARTESIAN_POINT ( 'NONE',  ( 17.71685095264188100, 0.9652524972597843500, 0.5572887891288949000 ) ) ;
#3859 = ORIENTED_EDGE ( 'NONE', *, *, #2345, .F. ) ;
#3860 = CARTESIAN_POINT ( 'NONE',  ( 1.398713928962800800, 1.278124999999973500, 0.0000000000000000000 ) ) ;
#3861 =( BOUNDED_CURVE ( )  B_SPLINE_CURVE ( 2, ( #702, #326, #4810, #2375, #3169, #1561, #2390, #3609, #1997 ),
 .UNSPECIFIED., .F., .T. ) 
 B_SPLINE_CURVE_WITH_KNOTS ( ( 3, 2, 2, 2, 3 ),
 ( 0.7847222222222222100, 0.7916666666666666300, 0.8055555555555555800, 0.8194444444444444200, 0.8263888888888888400 ),
 .UNSPECIFIED. ) 
 CURVE ( )  GEOMETRIC_REPRESENTATION_ITEM ( )  RATIONAL_B_SPLINE_CURVE ( ( 0.9330127018922194100, 0.9330127018922194100, 1.000000000000000000, 0.8660254037844387100, 1.000000000000000000, 0.8660254037844387100, 1.000000000000000000, 0.9330127018922194100, 0.9330127018922194100 ) ) 
 REPRESENTATION_ITEM ( '' )  );
#3862 = CARTESIAN_POINT ( 'NONE',  ( 19.63235571585142500, -0.3349364905388941300, -1.249999999999974700 ) ) ;
#3863 = CARTESIAN_POINT ( 'NONE',  ( 0.1975480947160933300, -0.3349364905388960100, 1.249999999999973400 ) ) ;
#3864 = CARTESIAN_POINT ( 'NONE',  ( 19.77500000000000200, 0.6249999999999867900, 1.082531754730525100 ) ) ;
#3865 = ORIENTED_EDGE ( 'NONE', *, *, #4356, .F. ) ;
#3866 = CARTESIAN_POINT ( 'NONE',  ( 3.116850952641880800, -0.9652524972597841300, 0.5572887891288953500 ) ) ;
#3867 = CARTESIAN_POINT ( 'NONE',  ( 15.84185095264187900, 0.9652524972597841300, -0.5572887891288955700 ) ) ;
#3868 = CARTESIAN_POINT ( 'NONE',  ( 3.116850952641880800, -0.9652524972597841300, 0.5572887891288953500 ) ) ;
#3869 = CARTESIAN_POINT ( 'NONE',  ( 1.291237976320960900, 0.6390624999999856600, -1.106888719211963200 ) ) ;
#3870 = VERTEX_POINT ( 'NONE', #3777 ) ;
#3871 = CARTESIAN_POINT ( 'NONE',  ( 15.59810095264188200, 6.824819318074054600E-017, 1.114577578257790000 ) ) ;
#3872 = CARTESIAN_POINT ( 'NONE',  ( 19.27310095264188300, -0.9652524972597841300, 0.5572887891288953500 ) ) ;
#3873 = ADVANCED_FACE ( 'NONE', ( #4604 ), #4216, .T. ) ;
#3874 = SECURITY_CLASSIFICATION ( '', '', #200 ) ;
#3875 = ORIENTED_EDGE ( 'NONE', *, *, #5213, .F. ) ;
#3876 = CARTESIAN_POINT ( 'NONE',  ( 19.44185095264187900, 0.9652524972597840100, -0.5572887891288955700 ) ) ;
#3877 = CARTESIAN_POINT ( 'NONE',  ( 2.036213928962801000, -1.278124999999973500, 0.7379258128079755300 ) ) ;
#3878 = CARTESIAN_POINT ( 'NONE',  ( 0.0000000000000000000, 1.124999999999997800, 1.948557158514986300 ) ) ;
#3879 = EDGE_CURVE ( 'NONE', #3215, #291, #2428, .T. ) ;
#3880 = CARTESIAN_POINT ( 'NONE',  ( 0.1579722373316332100, -1.145831172011474400, 0.2058880938075271200 ) ) ;
#3881 = VERTEX_POINT ( 'NONE', #2168 ) ;
#3882 = CARTESIAN_POINT ( 'NONE',  ( 18.37745190528375600, 1.249999999999972900, -0.7216878364870175100 ) ) ;
#3883 = CARTESIAN_POINT ( 'NONE',  ( 0.7731009526418809500, 0.9652524972597842400, 0.5572887891288949000 ) ) ;
#3884 = CARTESIAN_POINT ( 'NONE',  ( 18.46685095264188100, -2.047445795422216600E-016, -1.114577578257790000 ) ) ;
#3885 = CARTESIAN_POINT ( 'NONE',  ( 17.03750000000000500, 1.249999999999973400, 0.7216878364870166200 ) ) ;
#3886 = CARTESIAN_POINT ( 'NONE',  ( 0.6537379763209608700, -1.278124999999973300, 0.7379258128079753100 ) ) ;
#3887 = AXIS2_PLACEMENT_3D ( 'NONE', #1523, #3165, #1505 ) ;
#3888 = CARTESIAN_POINT ( 'NONE',  ( 19.55435095264188000, 0.4826262486298922800, 0.8359331836933423500 ) ) ;
#3889 = CARTESIAN_POINT ( 'NONE',  ( 17.96060095264188300, -0.9652524972597843500, 1.182093381138184100E-016 ) ) ;
#3890 = PERSON_AND_ORGANIZATION ( #1409, #1976 ) ;
#3891 = CARTESIAN_POINT ( 'NONE',  ( 1.077451905283759200, -2.527446539981169400E-015, 1.249999999999973400 ) ) ;
#3892 = CARTESIAN_POINT ( 'NONE',  ( 3.198713928962801000, 1.278124999999973500, 0.0000000000000000000 ) ) ;
#3893 = VECTOR ( 'NONE', #3700, 1000.000000000000000 ) ;
#3894 = CARTESIAN_POINT ( 'NONE',  ( 19.65245190528375800, 4.822484202722691300E-015, -1.249999999999973400 ) ) ;
#3895 = CARTESIAN_POINT ( 'NONE',  ( 4.260600952641880200, 0.4826262486298914500, -0.8359331836933428000 ) ) ;
#3896 = CARTESIAN_POINT ( 'NONE',  ( 18.30245190528376000, 4.822484202722691300E-015, -1.249999999999973400 ) ) ;
#3897 = FACE_BOUND ( 'NONE', #5204, .T. ) ;
#3898 = CARTESIAN_POINT ( 'NONE',  ( 1.860600952641880700, -0.9652524972597843500, 1.182093381138184100E-016 ) ) ;
#3899 = CARTESIAN_POINT ( 'NONE',  ( 18.65435095264188100, 0.4826262486298922800, 0.8359331836933423500 ) ) ;
#3900 = CARTESIAN_POINT ( 'NONE',  ( 0.9537379763209610200, 1.278124999999973500, 0.7379258128079748700 ) ) ;
#3901 = CARTESIAN_POINT ( 'NONE',  ( 15.18560095264188300, -0.4826262486298919500, 0.8359331836933424600 ) ) ;
#3902 = FACE_OUTER_BOUND ( 'NONE', #496, .T. ) ;
#3903 = CARTESIAN_POINT ( 'NONE',  ( 18.11060095264187800, 0.4826262486298914500, -0.8359331836933428000 ) ) ;
#3904 = EDGE_CURVE ( 'NONE', #1496, #4206, #895, .T. ) ;
#3905 = CARTESIAN_POINT ( 'NONE',  ( 1.511213928962800800, 9.036984846634956000E-017, 1.475851625615950200 ) ) ;
#3906 = CARTESIAN_POINT ( 'NONE',  ( 0.0000000000000000000, 2.249999999999998700, 0.0000000000000000000 ) ) ;
#3907 = CARTESIAN_POINT ( 'NONE',  ( 4.448100952641880200, 6.824819318074054600E-017, 1.114577578257790000 ) ) ;
#3908 = ORIENTED_EDGE ( 'NONE', *, *, #2751, .F. ) ;
#3909 = CARTESIAN_POINT ( 'NONE',  ( 19.79903810567666200, -2.249999999999999100, 1.299038105676656900 ) ) ;
#3910 = DIRECTION ( 'NONE',  ( 0.0000000000000000000, 0.0000000000000000000, 1.000000000000000000 ) ) ;
#3911 = ORIENTED_EDGE ( 'NONE', *, *, #3255, .T. ) ;
#3912 = EDGE_CURVE ( 'NONE', #4374, #3870, #2173, .T. ) ;
#3913 =( BOUNDED_CURVE ( )  B_SPLINE_CURVE ( 2, ( #5044, #148, #563, #3403, #3826, #3562, #3599, #4412, #3623 ),
 .UNSPECIFIED., .F., .F. ) 
 B_SPLINE_CURVE_WITH_KNOTS ( ( 3, 2, 2, 2, 3 ),
 ( 0.3958333333333333700, 0.4027777777777777900, 0.4166666666666666900, 0.4305555555555555800, 0.4375000000000000000 ),
 .UNSPECIFIED. ) 
 CURVE ( )  GEOMETRIC_REPRESENTATION_ITEM ( )  RATIONAL_B_SPLINE_CURVE ( ( 0.9330127018922194100, 0.9330127018922196300, 1.000000000000000000, 0.8660254037844387100, 1.000000000000000000, 0.8660254037844387100, 1.000000000000000000, 0.9330127018922194100, 0.9330127018922194100 ) ) 
 REPRESENTATION_ITEM ( '' )  );
#3914 = CARTESIAN_POINT ( 'NONE',  ( 1.673100952641881000, 0.9652524972597842400, 0.5572887891288949000 ) ) ;
#3915 = CARTESIAN_POINT ( 'NONE',  ( 17.52935095264188100, -0.4826262486298926200, -0.8359331836933422400 ) ) ;
#3916 = ORIENTED_EDGE ( 'NONE', *, *, #2164, .T. ) ;
#3917 = CARTESIAN_POINT ( 'NONE',  ( 4.691850952641880600, 0.9652524972597840100, -0.5572887891288955700 ) ) ;
#3918 = CARTESIAN_POINT ( 'NONE',  ( 3.616237976320960900, 1.278124999999973300, 0.0000000000000000000 ) ) ;
#3919 = CARTESIAN_POINT ( 'NONE',  ( 19.14185095264188200, 6.824819318074054600E-017, 1.114577578257790000 ) ) ;
#3920 = CARTESIAN_POINT ( 'NONE',  ( 17.09810095264187900, -0.9652524972597845700, -0.5572887891288946800 ) ) ;
#3921 = CARTESIAN_POINT ( 'NONE',  ( 0.0000000000000000000, 0.0000000000000000000, 1.249999999999973400 ) ) ;
#3922 = ORIENTED_EDGE ( 'NONE', *, *, #3970, .T. ) ;
#3923 = AXIS2_PLACEMENT_3D ( 'NONE', #3207, #3586, #4823 ) ;
#3924 =( BOUNDED_CURVE ( )  B_SPLINE_CURVE ( 2, ( #3779, #3375, #4622, #5032, #4056, #73, #4546, #2119, #2521 ),
 .UNSPECIFIED., .F., .F. ) 
 B_SPLINE_CURVE_WITH_KNOTS ( ( 3, 2, 2, 2, 3 ),
 ( 0.07638888888888884000, 0.08333333333333337000, 0.09722222222222221000, 0.1111111111111110500, 0.1180555555555554700 ),
 .UNSPECIFIED. ) 
 CURVE ( )  GEOMETRIC_REPRESENTATION_ITEM ( )  RATIONAL_B_SPLINE_CURVE ( ( 0.9330127018922193000, 0.9330127018922187400, 1.000000000000000000, 0.8660254037844387100, 1.000000000000000000, 0.8660254037844387100, 1.000000000000000000, 0.9330127018922198500, 0.9330127018922193000 ) ) 
 REPRESENTATION_ITEM ( '' )  );
#3925 =( BOUNDED_CURVE ( )  B_SPLINE_CURVE ( 2, ( #4636, #1338, #71, #3796, #4602, #1297, #1375, #1317, #3336 ),
 .UNSPECIFIED., .F., .F. ) 
 B_SPLINE_CURVE_WITH_KNOTS ( ( 3, 2, 2, 2, 3 ),
 ( 0.4930555555555555200, 0.5000000000000000000, 0.5138888888888888400, 0.5277777777777777900, 0.5347222222222222100 ),
 .UNSPECIFIED. ) 
 CURVE ( )  GEOMETRIC_REPRESENTATION_ITEM ( )  RATIONAL_B_SPLINE_CURVE ( ( 0.9330127018922194100, 0.9330127018922190800, 1.000000000000000000, 0.8660254037844387100, 1.000000000000000000, 0.8660254037844387100, 1.000000000000000000, 0.9330127018922194100, 0.9330127018922194100 ) ) 
 REPRESENTATION_ITEM ( '' )  );
#3926 = CARTESIAN_POINT ( 'NONE',  ( 15.03560095264188100, 0.9652524972597850100, 0.0000000000000000000 ) ) ;
#3927 = CARTESIAN_POINT ( 'NONE',  ( 0.5668509526418809000, -2.047445795422216600E-016, -1.114577578257790000 ) ) ;
#3928 = ORIENTED_EDGE ( 'NONE', *, *, #3352, .F. ) ;
#3929 = CARTESIAN_POINT ( 'NONE',  ( 2.700000000000002400, 1.249999999999973400, 0.0000000000000000000 ) ) ;
#3930 = CARTESIAN_POINT ( 'NONE',  ( 3.698100952641880700, -0.9652524972597845700, -0.5572887891288946800 ) ) ;
#3931 = ORIENTED_EDGE ( 'NONE', *, *, #866, .T. ) ;
#3932 = ORIENTED_EDGE ( 'NONE', *, *, #2079, .T. ) ;
#3933 = CARTESIAN_POINT ( 'NONE',  ( 1.073100952641880700, -2.047445795422216600E-016, -1.114577578257790000 ) ) ;
#3934 = CARTESIAN_POINT ( 'NONE',  ( 17.71685095264188100, 0.9652524972597842400, 0.5572887891288949000 ) ) ;
#3935 = CARTESIAN_POINT ( 'NONE',  ( 18.26495190528375900, -0.6249999999999872300, -1.082531754730524900 ) ) ;
#3936 = CARTESIAN_POINT ( 'NONE',  ( 3.878737976320960600, -1.278124999999973800, -0.7379258128079745300 ) ) ;
#3937 = CARTESIAN_POINT ( 'NONE',  ( 16.87310095264188100, 0.9652524972597842400, 0.5572887891288949000 ) ) ;
#3938 = EDGE_LOOP ( 'NONE', ( #210, #4896, #2032, #3859 ) ) ;
#3939 = CARTESIAN_POINT ( 'NONE',  ( 0.08983283952360149300, 2.249999999999998700, 0.8761466845173792000 ) ) ;
#3940 = CARTESIAN_POINT ( 'NONE',  ( 17.92310095264188200, -0.9652524972597841300, 0.5572887891288953500 ) ) ;
#3941 = CARTESIAN_POINT ( 'NONE',  ( 18.14123797632095900, -1.278124999999973300, 1.565251690160178100E-016 ) ) ;
#3942 = CARTESIAN_POINT ( 'NONE',  ( 18.48259618943233200, -0.3349364905388985100, 1.249999999999971800 ) ) ;
#3943 = CARTESIAN_POINT ( 'NONE',  ( 4.361213928962800200, -1.278124999999973800, -0.7379258128079745300 ) ) ;
#3944 = VERTEX_POINT ( 'NONE', #2250 ) ;
#3945 = DIRECTION ( 'NONE',  ( -1.000000000000000000, -0.0000000000000000000, -0.0000000000000000000 ) ) ;
#3946 = EDGE_CURVE ( 'NONE', #4435, #3870, #1862, .T. ) ;
#3947 = CARTESIAN_POINT ( 'NONE',  ( 3.435600952641880900, 0.9652524972597843500, 0.0000000000000000000 ) ) ;
#3948 = CARTESIAN_POINT ( 'NONE',  ( 1.227451905283758700, -1.249999999999973400, -0.7216878364870162900 ) ) ;
#3949 = CARTESIAN_POINT ( 'NONE',  ( -0.1268990473581190800, 0.9652524972597842400, 0.5572887891288949000 ) ) ;
#3950 = CARTESIAN_POINT ( 'NONE',  ( 17.22935095264188000, 0.9652524972597843500, 0.0000000000000000000 ) ) ;
#3951 = CARTESIAN_POINT ( 'NONE',  ( 19.75678674925022400, -1.607397897208713800E-013, -1.069286749250270500 ) ) ;
#3952 = CARTESIAN_POINT ( 'NONE',  ( 4.204350952641879900, 0.4826262486298914500, -0.8359331836933428000 ) ) ;
#3953 = CARTESIAN_POINT ( 'NONE',  ( 2.903737976320961000, -1.278124999999973300, 0.7379258128079753100 ) ) ;
#3954 = AXIS2_PLACEMENT_3D ( 'NONE', #4814, #5294, #3173 ) ;
#3955 = CARTESIAN_POINT ( 'NONE',  ( 16.01060095264188000, 0.4826262486298922800, 0.8359331836933423500 ) ) ;
#3956 = CARTESIAN_POINT ( 'NONE',  ( 19.74821823543264200, -0.1926932791021749600, -1.060718235432656100 ) ) ;
#3957 = CYLINDRICAL_SURFACE ( 'NONE', #2096, 1.249999999999973400 ) ;
#3958 = CARTESIAN_POINT ( 'NONE',  ( 18.40373797632096100, 1.278124999999973500, 0.7379258128079748700 ) ) ;
#3959 = AXIS2_PLACEMENT_3D ( 'NONE', #321, #4415, #5229 ) ;
#3960 = CARTESIAN_POINT ( 'NONE',  ( 4.023713928962799900, 0.6390624999999857700, -1.106888719211963400 ) ) ;
#3961 = CYLINDRICAL_SURFACE ( 'NONE', #3954, 1.249999999999973400 ) ;
#3962 = CARTESIAN_POINT ( 'NONE',  ( 2.910600952641880600, 0.4826262486298914500, -0.8359331836933428000 ) ) ;
#3963 = CARTESIAN_POINT ( 'NONE',  ( 0.08925501003155259000, -1.881317441191443100, -1.511897080250296500 ) ) ;
#3964 = CARTESIAN_POINT ( 'NONE',  ( 20.00000000000000000, -2.249999999999999100, 1.299038105676656900 ) ) ;
#3965 = CARTESIAN_POINT ( 'NONE',  ( 4.073100952641881100, -0.9652524972597841300, 0.5572887891288953500 ) ) ;
#3966 = CARTESIAN_POINT ( 'NONE',  ( 3.653737976320960500, 1.278124999999973500, 0.7379258128079748700 ) ) ;
#3967 = CARTESIAN_POINT ( 'NONE',  ( 16.61060095264188200, -0.9652524972597843500, 1.182093381138184100E-016 ) ) ;
#3968 = CARTESIAN_POINT ( 'NONE',  ( 18.85373797632096100, 1.278124999999973500, 0.7379258128079748700 ) ) ;
#3969 = CARTESIAN_POINT ( 'NONE',  ( 16.01060095264187700, 0.4826262486298926200, 0.8359331836933430200 ) ) ;
#3970 = EDGE_CURVE ( 'NONE', #3976, #2024, #4989, .T. ) ;
#3971 = ORIENTED_EDGE ( 'NONE', *, *, #3114, .T. ) ;
#3972 = CARTESIAN_POINT ( 'NONE',  ( 3.573713928962800600, 0.6390624999999857700, -1.106888719211963400 ) ) ;
#3973 = CARTESIAN_POINT ( 'NONE',  ( 2.737500000000002500, 1.249999999999973400, 0.7216878364870166200 ) ) ;
#3974 = CARTESIAN_POINT ( 'NONE',  ( 0.07236540743340766400, 0.5688676497058853300, 1.111566000940226600 ) ) ;
#3975 = CARTESIAN_POINT ( 'NONE',  ( 0.0000000000000000000, -2.249999999999998700, -7.511572993685794200E-016 ) ) ;
#3976 = VERTEX_POINT ( 'NONE', #3878 ) ;
#3977 = AXIS2_PLACEMENT_3D ( 'NONE', #1625, #3656, #4475 ) ;
#3978 = CARTESIAN_POINT ( 'NONE',  ( 2.273100952641880800, -0.9652524972597841300, 0.5572887891288953500 ) ) ;
#3979 = CARTESIAN_POINT ( 'NONE',  ( 19.99999999999999600, -2.249999999999998700, -0.2199451808919066500 ) ) ;
#3980 = CARTESIAN_POINT ( 'NONE',  ( 16.68259618943233800, -0.3349364905388972400, 1.249999999999972900 ) ) ;
#3981 = CARTESIAN_POINT ( 'NONE',  ( 4.103737976320960700, 1.278124999999973500, 0.7379258128079748700 ) ) ;
#3982 = EDGE_LOOP ( 'NONE', ( #4425, #1097, #4209, #5025 ) ) ;
#3983 = CARTESIAN_POINT ( 'NONE',  ( 16.98560095264188200, -0.4826262486298919500, 0.8359331836933424600 ) ) ;
#3984 =( BOUNDED_CURVE ( )  B_SPLINE_CURVE ( 2, ( #694, #3130, #648, #3948, #2033, #4875, #1195, #2705, #4053 ),
 .UNSPECIFIED., .F., .F. ) 
 B_SPLINE_CURVE_WITH_KNOTS ( ( 3, 2, 2, 2, 3 ),
 ( 0.6597222222222222100, 0.6666666666666666300, 0.6805555555555555800, 0.6944444444444444200, 0.7013888888888888400 ),
 .UNSPECIFIED. ) 
 CURVE ( )  GEOMETRIC_REPRESENTATION_ITEM ( )  RATIONAL_B_SPLINE_CURVE ( ( 0.9330127018922194100, 0.9330127018922194100, 1.000000000000000000, 0.8660254037844387100, 1.000000000000000000, 0.8660254037844387100, 1.000000000000000000, 0.9330127018922194100, 0.9330127018922194100 ) ) 
 REPRESENTATION_ITEM ( '' )  );
#3985 = AXIS2_PLACEMENT_3D ( 'NONE', #491, #1737, #924 ) ;
#3986 = ORIENTED_EDGE ( 'NONE', *, *, #3593, .F. ) ;
#3987 = CARTESIAN_POINT ( 'NONE',  ( 18.89123797632095900, 0.6390624999999867700, 1.106888719211962500 ) ) ;
#3988 = CARTESIAN_POINT ( 'NONE',  ( 16.94810095264188000, 6.824819318074059600E-017, 1.114577578257790700 ) ) ;
#3989 = CARTESIAN_POINT ( 'NONE',  ( 3.873713928962800400, -1.278124999999973500, 1.565251690160178300E-016 ) ) ;
#3990 = ORIENTED_EDGE ( 'NONE', *, *, #3530, .T. ) ;
#3991 = CARTESIAN_POINT ( 'NONE',  ( 4.792462341617014200, 0.9652524972597843500, 0.1019673374318572800 ) ) ;
#3992 = CARTESIAN_POINT ( 'NONE',  ( 15.33259618943233700, -0.3349364905388960100, 1.249999999999973400 ) ) ;
#3993 = CARTESIAN_POINT ( 'NONE',  ( 3.510600952641880700, 0.4826262486298922800, 0.8359331836933423500 ) ) ;
#3994 = DIRECTION ( 'NONE',  ( -1.000000000000000000, -0.0000000000000000000, -0.0000000000000000000 ) ) ;
#3995 = CARTESIAN_POINT ( 'NONE',  ( 18.03259618943233600, -0.3349364905388985100, 1.249999999999971800 ) ) ;
#3996 = CARTESIAN_POINT ( 'NONE',  ( 16.81250000000000400, -1.249999999999973600, -0.7216878364870164000 ) ) ;
#3997 = CARTESIAN_POINT ( 'NONE',  ( 0.0000000000000000000, 0.0000000000000000000, 0.0000000000000000000 ) ) ;
#3998 = EDGE_LOOP ( 'NONE', ( #2848, #1770, #1222, #1954 ) ) ;
#3999 = CARTESIAN_POINT ( 'NONE',  ( 18.22310095264188200, 0.9652524972597842400, 0.5572887891288949000 ) ) ;
#4000 = CARTESIAN_POINT ( 'NONE',  ( 19.79903810567672900, 2.249999999999998700, -1.299038105676761500 ) ) ;
#4001 = COORDINATED_UNIVERSAL_TIME_OFFSET ( 6, 0, .BEHIND. ) ;
#4002 = CARTESIAN_POINT ( 'NONE',  ( 18.47873797632096100, 9.036984846634954800E-017, 1.475851625615950000 ) ) ;
#4003 = CARTESIAN_POINT ( 'NONE',  ( 16.49810095264188100, 6.824819318074059600E-017, 1.114577578257790700 ) ) ;
#4004 = DIRECTION ( 'NONE',  ( 0.0000000000000000000, 0.0000000000000000000, 1.000000000000000000 ) ) ;
#4005 = CARTESIAN_POINT ( 'NONE',  ( 1.841850952641880700, -0.9652524972597844600, -0.5572887891288946800 ) ) ;
#4006 = CARTESIAN_POINT ( 'NONE',  ( 4.185600952641880900, -0.4826262486298926200, -0.8359331836933422400 ) ) ;
#4007 = CARTESIAN_POINT ( 'NONE',  ( 17.33750000000000200, 2.178833224121697400E-015, -1.249999999999973400 ) ) ;
#4008 = EDGE_CURVE ( 'NONE', #2146, #3295, #18, .T. ) ;
#4009 = CARTESIAN_POINT ( 'NONE',  ( 18.89240381056766800, 0.3349364905388963500, 1.249999999999973100 ) ) ;
#4010 = DIRECTION ( 'NONE',  ( 1.000000000000000000, 0.0000000000000000000, 0.0000000000000000000 ) ) ;
#4011 =( BOUNDED_CURVE ( )  B_SPLINE_CURVE ( 2, ( #413, #3258, #2478, #3683, #2823, #4448, #1228, #4029, #375 ),
 .UNSPECIFIED., .F., .F. ) 
 B_SPLINE_CURVE_WITH_KNOTS ( ( 3, 2, 2, 2, 3 ),
 ( 0.1597222222222222100, 0.1666666666666666300, 0.1805555555555555800, 0.1944444444444444200, 0.2013888888888888400 ),
 .UNSPECIFIED. ) 
 CURVE ( )  GEOMETRIC_REPRESENTATION_ITEM ( )  RATIONAL_B_SPLINE_CURVE ( ( 0.9330127018922194100, 0.9330127018922194100, 1.000000000000000000, 0.8660254037844387100, 1.000000000000000000, 0.8660254037844387100, 1.000000000000000000, 0.9330127018922198500, 0.9330127018922193000 ) ) 
 REPRESENTATION_ITEM ( '' )  );
#4012 = CARTESIAN_POINT ( 'NONE',  ( 2.873100952641880900, -2.047445795422216600E-016, -1.114577578257790000 ) ) ;
#4013 = CARTESIAN_POINT ( 'NONE',  ( 20.11685095264188000, -0.9652524972597841300, 0.5572887891288953500 ) ) ;
#4014 = CARTESIAN_POINT ( 'NONE',  ( 16.73750000000000100, -1.249999999999973100, 0.7216878364870171800 ) ) ;
#4015 = CARTESIAN_POINT ( 'NONE',  ( 17.93750000000000400, 1.249999999999973400, 0.7216878364870166200 ) ) ;
#4016 = AXIS2_PLACEMENT_3D ( 'NONE', #513, #4223, #3828 ) ;
#4017 = CARTESIAN_POINT ( 'NONE',  ( 18.74810095264188400, 6.824819318074054600E-017, 1.114577578257790000 ) ) ;
#4018 = CARTESIAN_POINT ( 'NONE',  ( 16.72745190528375800, -2.527446539981169400E-015, 1.249999999999973400 ) ) ;
#4019 = FACE_OUTER_BOUND ( 'NONE', #2915, .T. ) ;
#4020 = DIRECTION ( 'NONE',  ( -1.000000000000000000, -0.0000000000000000000, -0.0000000000000000000 ) ) ;
#4021 = ADVANCED_FACE ( 'NONE', ( #1465 ), #5112, .F. ) ;
#4022 = CARTESIAN_POINT ( 'NONE',  ( 15.89810095264188100, 0.9652524972597845700, -0.5572887891288959000 ) ) ;
#4023 = FACE_OUTER_BOUND ( 'NONE', #5287, .T. ) ;
#4024 = CARTESIAN_POINT ( 'NONE',  ( 1.166850952641880900, 0.9652524972597842400, 0.5572887891288949000 ) ) ;
#4025 = CARTESIAN_POINT ( 'NONE',  ( 3.623100952641880000, -0.9652524972597841300, 0.5572887891288953500 ) ) ;
#4026 = CARTESIAN_POINT ( 'NONE',  ( 0.2009618943233406300, 2.249999999999998700, -1.299038105676656700 ) ) ;
#4027 = CARTESIAN_POINT ( 'NONE',  ( 18.91250000000000100, 1.743066579297358300E-016, 1.249999999999973100 ) ) ;
#4028 = LINE ( 'NONE', #2993, #1750 ) ;
#4029 = CARTESIAN_POINT ( 'NONE',  ( 3.797548094716093100, -0.3349364905388985100, 1.249999999999971800 ) ) ;
#4030 = CARTESIAN_POINT ( 'NONE',  ( 0.0000000000000000000, 1.530808498934159000E-016, -1.249999999999973400 ) ) ;
#4031 = CARTESIAN_POINT ( 'NONE',  ( 2.048100952641880700, 0.9652524972597841300, -0.5572887891288955700 ) ) ;
#4032 = CARTESIAN_POINT ( 'NONE',  ( 20.00435095264187900, 0.4826262486298922800, 0.8359331836933423500 ) ) ;
#4033 = ORIENTED_EDGE ( 'NONE', *, *, #2856, .F. ) ;
#4034 = CARTESIAN_POINT ( 'NONE',  ( 0.08925501003155288100, -0.3686825588085559400, 2.385217236779675300 ) ) ;
#4035 = DIRECTION ( 'NONE',  ( 0.0000000000000000000, -0.5000000000000001100, 0.8660254037844386000 ) ) ;
#4036 = CARTESIAN_POINT ( 'NONE',  ( 17.17745190528375700, 1.452555482747798400E-016, 1.249999999999973100 ) ) ;
#4037 = CARTESIAN_POINT ( 'NONE',  ( 19.08560095264188300, 0.9652524972597843500, 0.0000000000000000000 ) ) ;
#4038 = CARTESIAN_POINT ( 'NONE',  ( 1.879350952641880800, -0.4826262486298926200, -0.8359331836933422400 ) ) ;
#4039 = ORIENTED_EDGE ( 'NONE', *, *, #2055, .T. ) ;
#4040 = CARTESIAN_POINT ( 'NONE',  ( 19.51249999999999900, -1.249999999999973600, -0.7216878364870164000 ) ) ;
#4041 = CARTESIAN_POINT ( 'NONE',  ( 16.98560095264187800, -0.4826262486298922800, 0.8359331836933431300 ) ) ;
#4042 = EDGE_CURVE ( 'NONE', #1574, #1392, #2983, .T. ) ;
#4043 = CARTESIAN_POINT ( 'NONE',  ( 19.57310095264188000, 0.9652524972597842400, 0.5572887891288949000 ) ) ;
#4044 = CARTESIAN_POINT ( 'NONE',  ( 1.241850952641880800, 6.824819318074054600E-017, 1.114577578257790000 ) ) ;
#4045 = CARTESIAN_POINT ( 'NONE',  ( 2.273100952641880800, -0.9652524972597841300, 0.5572887891288953500 ) ) ;
#4046 = VERTEX_POINT ( 'NONE', #5113 ) ;
#4047 = CARTESIAN_POINT ( 'NONE',  ( 20.00000000000000000, 2.249999999999998700, 1.299038105676658700 ) ) ;
#4048 = CARTESIAN_POINT ( 'NONE',  ( 0.08849721360713962100, 0.1460871245080332400, 1.224002786396333400 ) ) ;
#4049 = ADVANCED_FACE ( 'NONE', ( #4723 ), #2431, .T. ) ;
#4050 = CARTESIAN_POINT ( 'NONE',  ( 2.812500000000003100, -5.171097518582163300E-015, 1.249999999999973400 ) ) ;
#4051 = ORIENTED_EDGE ( 'NONE', *, *, #461, .F. ) ;
#4052 = EDGE_CURVE ( 'NONE', #4046, #422, #3444, .T. ) ;
#4053 = CARTESIAN_POINT ( 'NONE',  ( 1.077451905283759200, -2.527446539981169400E-015, 1.249999999999973400 ) ) ;
#4054 = CARTESIAN_POINT ( 'NONE',  ( 0.6606009526418809000, 0.4826262486298914500, -0.8359331836933428000 ) ) ;
#4055 = CARTESIAN_POINT ( 'NONE',  ( 2.550000000000002500, -0.6249999999999872300, -1.082531754730524900 ) ) ;
#4056 = CARTESIAN_POINT ( 'NONE',  ( 4.339951905283758300, -1.249999999999973400, 1.530808498934159000E-016 ) ) ;
#4057 = CARTESIAN_POINT ( 'NONE',  ( 5.116237976320960900, -0.6390624999999863200, 1.106888719211962700 ) ) ;
#4058 = CARTESIAN_POINT ( 'NONE',  ( 3.289951905283759400, 0.6249999999999866800, 1.082531754730525100 ) ) ;
#4059 = CARTESIAN_POINT ( 'NONE',  ( 16.32935095264188200, 0.9652524972597843500, 0.0000000000000000000 ) ) ;
#4060 = ORIENTED_EDGE ( 'NONE', *, *, #1100, .F. ) ;
#4061 = CARTESIAN_POINT ( 'NONE',  ( 0.5293509526418810300, -0.4826262486298926200, -0.8359331836933422400 ) ) ;
#4062 = CARTESIAN_POINT ( 'NONE',  ( 0.0000000000000000000, 0.0000000000000000000, 0.0000000000000000000 ) ) ;
#4063 = CARTESIAN_POINT ( 'NONE',  ( 18.14810095264188000, 0.9652524972597845700, -0.5572887891288959000 ) ) ;
#4064 = ORIENTED_EDGE ( 'NONE', *, *, #495, .T. ) ;
#4065 = CARTESIAN_POINT ( 'NONE',  ( 20.00000000000000000, -1.125000000000000200, 1.948557158514985000 ) ) ;
#4066 = CARTESIAN_POINT ( 'NONE',  ( 2.479350952641880700, 0.9652524972597843500, 0.0000000000000000000 ) ) ;
#4067 = CARTESIAN_POINT ( 'NONE',  ( 2.723100952641881000, -0.9652524972597841300, 0.5572887891288953500 ) ) ;
#4068 = CARTESIAN_POINT ( 'NONE',  ( 15.41495190528375900, -0.6249999999999863400, 1.082531754730525300 ) ) ;
#4069 = CARTESIAN_POINT ( 'NONE',  ( 15.24185095264188100, -0.9652524972597845700, -0.5572887891288946800 ) ) ;
#4070 = ORIENTED_EDGE ( 'NONE', *, *, #4464, .T. ) ;
#4071 = CARTESIAN_POINT ( 'NONE',  ( 19.38995190528375500, 0.6249999999999866800, 1.082531754730525100 ) ) ;
#4072 = CARTESIAN_POINT ( 'NONE',  ( 1.032596189432337000, -0.3349364905388960100, 1.249999999999973400 ) ) ;
#4073 = CARTESIAN_POINT ( 'NONE',  ( 1.575000000000002600, -1.249999999999973400, 1.530808498934159000E-016 ) ) ;
#4074 = CARTESIAN_POINT ( 'NONE',  ( 4.703737976320960400, -1.278124999999973300, 0.7379258128079753100 ) ) ;
#4075 = APPROVAL_PERSON_ORGANIZATION ( #2997, #4894, #3463 ) ;
#4076 = CARTESIAN_POINT ( 'NONE',  ( 15.80735571585142200, 0.3349364905388962900, 1.249999999999973100 ) ) ;
#4077 = CARTESIAN_POINT ( 'NONE',  ( 19.98054483840553900, 2.249999999999998700, 0.4427403223608909500 ) ) ;
#4078 = CARTESIAN_POINT ( 'NONE',  ( 2.254350952641880600, -0.9652524972597843500, 1.182093381138184100E-016 ) ) ;
#4079 = ADVANCED_FACE ( 'NONE', ( #377 ), #121, .F. ) ;
#4080 = EDGE_CURVE ( 'NONE', #3692, #2673, #3068, .T. ) ;
#4081 = CARTESIAN_POINT ( 'NONE',  ( 19.58750000000000600, -4.938688641342514700E-016, -1.249999999999973400 ) ) ;
#4082 = CARTESIAN_POINT ( 'NONE',  ( 20.09810095264187500, 6.824819318074059600E-017, 1.114577578257790700 ) ) ;
#4083 = CARTESIAN_POINT ( 'NONE',  ( -0.06378607103719916000, -2.711095453990486600E-016, -1.475851625615950200 ) ) ;
#4084 = CARTESIAN_POINT ( 'NONE',  ( 2.066850952641880600, 0.9652524972597842400, 0.5572887891288949000 ) ) ;
#4085 = CARTESIAN_POINT ( 'NONE',  ( 4.298100952641880700, 0.9652524972597841300, -0.5572887891288955700 ) ) ;
#4086 =( BOUNDED_CURVE ( )  B_SPLINE_CURVE ( 2, ( #939, #2977, #903, #1298, #111, #2559, #4169, #533, #2192 ),
 .UNSPECIFIED., .F., .F. ) 
 B_SPLINE_CURVE_WITH_KNOTS ( ( 3, 2, 2, 2, 3 ),
 ( 0.5625000000000000000, 0.5694444444444444200, 0.5833333333333333700, 0.5972222222222222100, 0.6041666666666667400 ),
 .UNSPECIFIED. ) 
 CURVE ( )  GEOMETRIC_REPRESENTATION_ITEM ( )  RATIONAL_B_SPLINE_CURVE ( ( 0.9330127018922194100, 0.9330127018922194100, 1.000000000000000000, 0.8660254037844387100, 1.000000000000000000, 0.8660254037844387100, 1.000000000000000000, 0.9330127018922187400, 0.9330127018922193000 ) ) 
 REPRESENTATION_ITEM ( '' )  );
#4087 = CARTESIAN_POINT ( 'NONE',  ( 14.94871392896280100, -0.6390624999999864300, 1.106888719211963000 ) ) ;
#4088 = CIRCLE ( 'NONE', #14, 2.249999999999998200 ) ;
#4089 = EDGE_CURVE ( 'NONE', #5070, #2030, #1563, .T. ) ;
#4090 = VECTOR ( 'NONE', #130, 1000.000000000000000 ) ;
#4091 = CARTESIAN_POINT ( 'NONE',  ( 0.09810095264188091500, -0.9652524972597844600, -0.5572887891288946800 ) ) ;
#4092 = CARTESIAN_POINT ( 'NONE',  ( 1.650000000000002600, -0.6249999999999872300, -1.082531754730524900 ) ) ;
#4093 = CARTESIAN_POINT ( 'NONE',  ( 0.0000000000000000000, 0.0000000000000000000, 0.0000000000000000000 ) ) ;
#4094 = DIRECTION ( 'NONE',  ( -1.000000000000000000, -0.0000000000000000000, -0.0000000000000000000 ) ) ;
#4095 = CARTESIAN_POINT ( 'NONE',  ( 1.166850952641880900, 0.9652524972597842400, 0.5572887891288949000 ) ) ;
#4096 = LINE ( 'NONE', #580, #1929 ) ;
#4097 = CARTESIAN_POINT ( 'NONE',  ( 20.39123797632096200, -1.278124999999973300, 1.565251690160178100E-016 ) ) ;
#4098 = CARTESIAN_POINT ( 'NONE',  ( 18.22310095264188200, 0.9652524972597850100, 0.5572887891288952300 ) ) ;
#4099 = CARTESIAN_POINT ( 'NONE',  ( -0.2887860710371991100, 9.036984846634956000E-017, 1.475851625615950200 ) ) ;
#4100 = ORIENTED_EDGE ( 'NONE', *, *, #791, .T. ) ;
#4101 = CARTESIAN_POINT ( 'NONE',  ( 4.841850952641880000, 6.824819318074054600E-017, 1.114577578257790000 ) ) ;
#4102 = CARTESIAN_POINT ( 'NONE',  ( 17.75000000000000400, -0.6249999999999872300, -1.082531754730524900 ) ) ;
#4103 = CARTESIAN_POINT ( 'NONE',  ( 15.13621392896280000, -2.711095453990486600E-016, -1.475851625615950200 ) ) ;
#4104 = CARTESIAN_POINT ( 'NONE',  ( -1.201854644566580600E-015, -1.508335473232666600, 1.727238319854173000 ) ) ;
#4105 = VERTEX_POINT ( 'NONE', #1288 ) ;
#4106 = CARTESIAN_POINT ( 'NONE',  ( 19.20245190528375500, -5.229199737892074000E-016, -1.249999999999973400 ) ) ;
#4107 = CARTESIAN_POINT ( 'NONE',  ( 19.93750000000004600, -1.228954059493160500, -0.2284117327448828300 ) ) ;
#4108 = CARTESIAN_POINT ( 'NONE',  ( 3.712500000000001700, 1.743066579297358300E-016, 1.249999999999973400 ) ) ;
#4109 = ORIENTED_EDGE ( 'NONE', *, *, #4835, .T. ) ;
#4110 = CARTESIAN_POINT ( 'NONE',  ( 0.0000000000000000000, 0.0000000000000000000, 1.249999999999973400 ) ) ;
#4111 = CARTESIAN_POINT ( 'NONE',  ( 15.27935095264188100, -0.4826262486298926200, -0.8359331836933422400 ) ) ;
#4112 = CARTESIAN_POINT ( 'NONE',  ( 0.2668509526418810200, 0.9652524972597842400, 0.5572887891288949000 ) ) ;
#4113 = CARTESIAN_POINT ( 'NONE',  ( 18.96121392896279900, 9.036984846634956000E-017, 1.475851625615950200 ) ) ;
#4114 = ORIENTED_EDGE ( 'NONE', *, *, #3970, .F. ) ;
#4115 = CARTESIAN_POINT ( 'NONE',  ( 18.82310095264188000, -0.9652524972597847900, 0.5572887891288956800 ) ) ;
#4116 = EDGE_CURVE ( 'NONE', #1762, #1939, #691, .T. ) ;
#4117 = CARTESIAN_POINT ( 'NONE',  ( 0.0000000000000000000, 0.0000000000000000000, 2.249999999999998200 ) ) ;
#4118 = CARTESIAN_POINT ( 'NONE',  ( 4.316850952641880600, 0.9652524972597842400, 0.5572887891288949000 ) ) ;
#4119 = DIRECTION ( 'NONE',  ( 0.0000000000000000000, 0.0000000000000000000, 1.000000000000000000 ) ) ;
#4120 = CARTESIAN_POINT ( 'NONE',  ( 19.65275249725973700, -0.7303071827600791100, 0.6311606786510753900 ) ) ;
#4121 = EDGE_LOOP ( 'NONE', ( #2730, #2535, #3349, #3735 ) ) ;
#4122 = CARTESIAN_POINT ( 'NONE',  ( 15.87935095264188200, 0.9652524972597843500, 0.0000000000000000000 ) ) ;
#4123 = CARTESIAN_POINT ( 'NONE',  ( 19.35245190528376100, 1.249999999999973400, 0.7216878364870166200 ) ) ;
#4124 = ORIENTED_EDGE ( 'NONE', *, *, #2382, .T. ) ;
#4125 = CARTESIAN_POINT ( 'NONE',  ( 0.5481009526418808600, -0.9652524972597844600, -0.5572887891288946800 ) ) ;
#4126 = DIRECTION ( 'NONE',  ( -0.7071067811862563600, 0.0000000000000000000, 0.7071067811868386700 ) ) ;
#4127 = CARTESIAN_POINT ( 'NONE',  ( 4.800000000000004300, 1.015692406869854300, -0.002539649766613460400 ) ) ;
#4128 = CARTESIAN_POINT ( 'NONE',  ( 18.97745190528375800, -5.200148628237119300E-015, 1.249999999999973400 ) ) ;
#4129 = DIRECTION ( 'NONE',  ( 0.0000000000000000000, 0.0000000000000000000, 1.000000000000000000 ) ) ;
#4130 = CARTESIAN_POINT ( 'NONE',  ( 15.54185095264188200, 6.824819318074054600E-017, 1.114577578257790000 ) ) ;
#4131 = CARTESIAN_POINT ( 'NONE',  ( 4.504350952641880600, -0.9652524972597843500, 1.182093381138184100E-016 ) ) ;
#4132 = ORIENTED_EDGE ( 'NONE', *, *, #5237, .F. ) ;
#4133 = CARTESIAN_POINT ( 'NONE',  ( 18.24871392896280000, -0.6390624999999873200, -1.106888719211962500 ) ) ;
#4134 = CARTESIAN_POINT ( 'NONE',  ( 1.541850952641880700, 0.9652524972597840100, -0.5572887891288955700 ) ) ;
#4135 = CARTESIAN_POINT ( 'NONE',  ( 19.79810095264188200, -0.9652524972597851200, -0.5572887891288950100 ) ) ;
#4136 = CARTESIAN_POINT ( 'NONE',  ( 0.1612139289628008500, 9.036984846634956000E-017, 1.475851625615950200 ) ) ;
#4137 = CARTESIAN_POINT ( 'NONE',  ( 4.466850952641880900, -0.9652524972597841300, 0.5572887891288953500 ) ) ;
#4138 = DIRECTION ( 'NONE',  ( 0.7071067811865536800, 8.659560562354857700E-017, 0.7071067811865414700 ) ) ;
#4139 = COORDINATED_UNIVERSAL_TIME_OFFSET ( 6, 0, .BEHIND. ) ;
#4140 = CARTESIAN_POINT ( 'NONE',  ( 14.83621392896279900, 1.278124999999973800, 0.7379258128079749800 ) ) ;
#4141 = CARTESIAN_POINT ( 'NONE',  ( 16.59185095264188100, -0.9652524972597845700, -0.5572887891288946800 ) ) ;
#4142 = CARTESIAN_POINT ( 'NONE',  ( 4.800000000000002500, 0.8917134800799863000, 0.4461539516598224700 ) ) ;
#4143 = CARTESIAN_POINT ( 'NONE',  ( 0.8481009526418809000, 6.824819318074054600E-017, 1.114577578257790000 ) ) ;
#4144 = CARTESIAN_POINT ( 'NONE',  ( 1.425000000000002700, 0.6249999999999867900, 1.082531754730525300 ) ) ;
#4145 = DIRECTION ( 'NONE',  ( -1.000000000000000000, -0.0000000000000000000, -0.0000000000000000000 ) ) ;
#4146 = CARTESIAN_POINT ( 'NONE',  ( 1.452451905283759000, 1.249999999999973400, 0.7216878364870166200 ) ) ;
#4147 = CARTESIAN_POINT ( 'NONE',  ( 15.09185095264188100, 6.824819318074054600E-017, 1.114577578257790000 ) ) ;
#4148 = FACE_OUTER_BOUND ( 'NONE', #215, .T. ) ;
#4149 = CARTESIAN_POINT ( 'NONE',  ( 0.0000000000000000000, 0.0000000000000000000, 0.0000000000000000000 ) ) ;
#4150 = CARTESIAN_POINT ( 'NONE',  ( 3.566850952641880600, -0.9652524972597841300, 0.5572887891288953500 ) ) ;
#4151 = EDGE_CURVE ( 'NONE', #1502, #983, #623, .T. ) ;
#4152 = CARTESIAN_POINT ( 'NONE',  ( 18.02371392896279900, 0.6390624999999868800, 1.106888719211962700 ) ) ;
#4153 = CARTESIAN_POINT ( 'NONE',  ( 0.3793509526418809600, -0.4826262486298919500, 0.8359331836933424600 ) ) ;
#4154 = CARTESIAN_POINT ( 'NONE',  ( 15.55373797632096000, -2.711095453990486600E-016, -1.475851625615950000 ) ) ;
#4155 = FACE_OUTER_BOUND ( 'NONE', #163, .T. ) ;
#4156 =( BOUNDED_CURVE ( )  B_SPLINE_CURVE ( 2, ( #1695, #1201, #382, #1237, #2502 ),
 .UNSPECIFIED., .F., .F. ) 
 B_SPLINE_CURVE_WITH_KNOTS ( ( 3, 2, 3 ),
 ( 0.02344291711282709200, 0.02777777777777779000, 0.03472222222222221000 ),
 .UNSPECIFIED. ) 
 CURVE ( )  GEOMETRIC_REPRESENTATION_ITEM ( )  RATIONAL_B_SPLINE_CURVE ( ( 0.9424720222476101700, 0.9581851930789009300, 1.000000000000000000, 0.9330127018922194100, 0.9330127018922194100 ) ) 
 REPRESENTATION_ITEM ( '' )  );
#4157 = CARTESIAN_POINT ( 'NONE',  ( -0.2137860710371991500, -1.278124999999973500, 0.7379258128079755300 ) ) ;
#4158 = CARTESIAN_POINT ( 'NONE',  ( 2.812500000000003100, -5.171097518582163300E-015, 1.249999999999973400 ) ) ;
#4159 = CARTESIAN_POINT ( 'NONE',  ( 17.73995190528376000, -1.249999999999973400, 1.530808498934159000E-016 ) ) ;
#4160 = FACE_OUTER_BOUND ( 'NONE', #687, .T. ) ;
#4161 = CARTESIAN_POINT ( 'NONE',  ( 15.84185095264187900, 0.9652524972597840100, -0.5572887891288955700 ) ) ;
#4162 = CARTESIAN_POINT ( 'NONE',  ( 19.67254809471609500, 0.3349364905388980700, -1.249999999999972000 ) ) ;
#4163 = CARTESIAN_POINT ( 'NONE',  ( 1.860600952641880700, -0.9652524972597843500, 1.182093381138184100E-016 ) ) ;
#4164 = CARTESIAN_POINT ( 'NONE',  ( 1.350000000000002800, 1.249999999999973400, 0.0000000000000000000 ) ) ;
#4165 = CYLINDRICAL_SURFACE ( 'NONE', #4874, 1.249999999999973400 ) ;
#4166 = CARTESIAN_POINT ( 'NONE',  ( 4.800000000000005200, 0.4178768592613121300, -1.080279056795064000 ) ) ;
#4167 = DIRECTION ( 'NONE',  ( -1.000000000000000000, -0.0000000000000000000, -0.0000000000000000000 ) ) ;
#4168 = DIRECTION ( 'NONE',  ( 1.000000000000000000, 0.0000000000000000000, 0.0000000000000000000 ) ) ;
#4169 = CARTESIAN_POINT ( 'NONE',  ( 3.225000000000002300, 0.6249999999999867900, 1.082531754730525300 ) ) ;
#4170 = ORIENTED_EDGE ( 'NONE', *, *, #2970, .T. ) ;
#4171 = CARTESIAN_POINT ( 'NONE',  ( 17.87371392896280000, 0.6390624999999857700, -1.106888719211963400 ) ) ;
#4172 = CARTESIAN_POINT ( 'NONE',  ( 1.241850952641880800, 6.824819318074054600E-017, 1.114577578257790000 ) ) ;
#4173 = CARTESIAN_POINT ( 'NONE',  ( 16.37873797632095900, -1.278124999999973800, -0.7379258128079745300 ) ) ;
#4174 = CARTESIAN_POINT ( 'NONE',  ( 17.49185095264188300, -0.9652524972597844600, -0.5572887891288946800 ) ) ;
#4175 = CARTESIAN_POINT ( 'NONE',  ( 4.804350952641881300, 0.4826262486298922800, 0.8359331836933423500 ) ) ;
#4176 = DIRECTION ( 'NONE',  ( -1.000000000000000000, -0.0000000000000000000, -0.0000000000000000000 ) ) ;
#4177 = EDGE_LOOP ( 'NONE', ( #3875, #3267, #2899, #5141 ) ) ;
#4178 = CARTESIAN_POINT ( 'NONE',  ( 16.63621392896280000, 1.278124999999973800, 0.7379258128079749800 ) ) ;
#4179 = CARTESIAN_POINT ( 'NONE',  ( 16.25435095264187900, 0.4826262486298914500, -0.8359331836933428000 ) ) ;
#4180 = EDGE_LOOP ( 'NONE', ( #1183, #2614, #3232, #3986 ) ) ;
#4181 = CARTESIAN_POINT ( 'NONE',  ( 0.6000000000000027500, -0.6249999999999863400, 1.082531754730525300 ) ) ;
#4182 = CARTESIAN_POINT ( 'NONE',  ( 1.298100952641880700, 6.824819318074054600E-017, 1.114577578257790000 ) ) ;
#4183 =( BOUNDED_CURVE ( )  B_SPLINE_CURVE ( 2, ( #530, #3318, #1751, #453, #3794, #3371, #883, #3742, #4601 ),
 .UNSPECIFIED., .F., .F. ) 
 B_SPLINE_CURVE_WITH_KNOTS ( ( 3, 2, 2, 2, 3 ),
 ( 0.8125000000000000000, 0.8194444444444444200, 0.8333333333333333700, 0.8472222222222222100, 0.8541666666666667400 ),
 .UNSPECIFIED. ) 
 CURVE ( )  GEOMETRIC_REPRESENTATION_ITEM ( )  RATIONAL_B_SPLINE_CURVE ( ( 0.9330127018922194100, 0.9330127018922194100, 1.000000000000000000, 0.8660254037844387100, 1.000000000000000000, 0.8660254037844387100, 1.000000000000000000, 0.9330127018922187400, 0.9330127018922193000 ) ) 
 REPRESENTATION_ITEM ( '' )  );
#4184 = CARTESIAN_POINT ( 'NONE',  ( 15.19999999999999800, 1.088770043244788400, 0.5074447966452492200 ) ) ;
#4185 = EDGE_CURVE ( 'NONE', #4570, #4565, #2532, .T. ) ;
#4186 = CARTESIAN_POINT ( 'NONE',  ( 0.1125000000000027900, 1.743066579297358300E-016, 1.249999999999973400 ) ) ;
#4187 = CARTESIAN_POINT ( 'NONE',  ( 0.2009618943233409900, -1.513318043118992200E-015, 2.598076211353314700 ) ) ;
#4188 = ORIENTED_EDGE ( 'NONE', *, *, #3820, .T. ) ;
#4189 = CARTESIAN_POINT ( 'NONE',  ( 4.207355715851424100, 0.3349364905388938500, 1.249999999999974900 ) ) ;
#4190 = CARTESIAN_POINT ( 'NONE',  ( 17.72371392896280200, -1.278124999999973500, 1.565251690160178300E-016 ) ) ;
#4191 = CARTESIAN_POINT ( 'NONE',  ( 1.204350952641880700, 0.4826262486298922800, 0.8359331836933423500 ) ) ;
#4192 = CARTESIAN_POINT ( 'NONE',  ( 15.77873797632095800, 9.036984846634954800E-017, 1.475851625615950000 ) ) ;
#4193 = ORIENTED_EDGE ( 'NONE', *, *, #2079, .F. ) ;
#4194 = EDGE_CURVE ( 'NONE', #2843, #4105, #454, .T. ) ;
#4195 = CARTESIAN_POINT ( 'NONE',  ( 16.62935095264187900, -0.4826262486298926200, -0.8359331836933422400 ) ) ;
#4196 = CARTESIAN_POINT ( 'NONE',  ( 0.4500000000000027900, 1.249999999999973400, 0.0000000000000000000 ) ) ;
#4197 = CARTESIAN_POINT ( 'NONE',  ( 15.63560095264188200, -0.4826262486298919500, 0.8359331836933424600 ) ) ;
#4198 = CARTESIAN_POINT ( 'NONE',  ( 16.56121392896280000, 1.278124999999973300, -0.7379258128079758700 ) ) ;
#4199 = ORIENTED_EDGE ( 'NONE', *, *, #2288, .F. ) ;
#4200 = CARTESIAN_POINT ( 'NONE',  ( 16.06685095264188200, -0.9652524972597841300, 0.5572887891288953500 ) ) ;
#4201 = AXIS2_PLACEMENT_3D ( 'NONE', #5076, #2635, #3037 ) ;
#4202 = CARTESIAN_POINT ( 'NONE',  ( 0.7674038105676684900, -0.3349364905388966300, -1.249999999999973100 ) ) ;
#4203 = CARTESIAN_POINT ( 'NONE',  ( 15.19999999999999800, 0.1080607587172296200, 1.084766449041236800 ) ) ;
#4204 = CARTESIAN_POINT ( 'NONE',  ( 0.0000000000000000000, 1.530808498934159000E-016, -1.249999999999973400 ) ) ;
#4205 = CARTESIAN_POINT ( 'NONE',  ( 1.489951905283758900, 0.6249999999999866800, 1.082531754730525100 ) ) ;
#4206 = VERTEX_POINT ( 'NONE', #4518 ) ;
#4207 = CARTESIAN_POINT ( 'NONE',  ( 0.08140826338982325200, 1.235859346113473000, 0.1045721418019332600 ) ) ;
#4208 = CARTESIAN_POINT ( 'NONE',  ( 4.152451905283759200, 1.249999999999973400, 0.7216878364870166200 ) ) ;
#4209 = ORIENTED_EDGE ( 'NONE', *, *, #2421, .T. ) ;
#4210 = CARTESIAN_POINT ( 'NONE',  ( 16.02935095264188100, -0.4826262486298919500, 0.8359331836933424600 ) ) ;
#4211 = CARTESIAN_POINT ( 'NONE',  ( 3.191850952641880600, -0.9652524972597845700, -0.5572887891288946800 ) ) ;
#4212 = CARTESIAN_POINT ( 'NONE',  ( 15.74123797632096000, 0.6390624999999867700, 1.106888719211962500 ) ) ;
#4213 = CARTESIAN_POINT ( 'NONE',  ( 17.22935095264188000, 0.9652524972597843500, 0.0000000000000000000 ) ) ;
#4214 = CARTESIAN_POINT ( 'NONE',  ( 16.49810095264188100, 6.824819318074054600E-017, 1.114577578257790000 ) ) ;
#4215 = CARTESIAN_POINT ( 'NONE',  ( 15.47371392896280000, -1.278124999999973500, 1.565251690160178300E-016 ) ) ;
#4216 = CONICAL_SURFACE ( 'NONE', #405, 2.249999999999998700, 1.047197551196600100 ) ;
#4217 = CARTESIAN_POINT ( 'NONE',  ( 18.27935095264188100, -0.4826262486298919500, 0.8359331836933424600 ) ) ;
#4218 = CARTESIAN_POINT ( 'NONE',  ( 0.9750000000000027500, 0.6249999999999867900, 1.082531754730525300 ) ) ;
#4219 = CARTESIAN_POINT ( 'NONE',  ( 0.0000000000000000000, 0.0000000000000000000, 0.0000000000000000000 ) ) ;
#4220 = LINE ( 'NONE', #8, #960 ) ;
#4221 = CARTESIAN_POINT ( 'NONE',  ( 1.257596189432336900, 0.3349364905388956300, -1.249999999999973600 ) ) ;
#4222 = CARTESIAN_POINT ( 'NONE',  ( 0.2368430139593212200, 2.794716748806765000E-013, -1.075656986040727900 ) ) ;
#4223 = DIRECTION ( 'NONE',  ( -1.000000000000000000, -0.0000000000000000000, -0.0000000000000000000 ) ) ;
#4224 =( BOUNDED_CURVE ( )  B_SPLINE_CURVE ( 2, ( #1556, #3980, #361, #4014, #1994, #3996, #5247, #4839, #2771 ),
 .UNSPECIFIED., .F., .F. ) 
 B_SPLINE_CURVE_WITH_KNOTS ( ( 3, 2, 2, 2, 3 ),
 ( 0.2708333333333333700, 0.2777777777777777900, 0.2916666666666666900, 0.3055555555555555800, 0.3125000000000000000 ),
 .UNSPECIFIED. ) 
 CURVE ( )  GEOMETRIC_REPRESENTATION_ITEM ( )  RATIONAL_B_SPLINE_CURVE ( ( 0.9330127018922194100, 0.9330127018922196300, 1.000000000000000000, 0.8660254037844387100, 1.000000000000000000, 0.8660254037844387100, 1.000000000000000000, 0.9330127018922194100, 0.9330127018922194100 ) ) 
 REPRESENTATION_ITEM ( '' )  );
#4225 = FACE_OUTER_BOUND ( 'NONE', #4749, .T. ) ;
#4226 = EDGE_CURVE ( 'NONE', #4261, #1883, #4805, .T. ) ;
#4227 = CARTESIAN_POINT ( 'NONE',  ( 16.32935095264188200, 0.9652524972597843500, 0.0000000000000000000 ) ) ;
#4228 = CARTESIAN_POINT ( 'NONE',  ( 3.379350952641881000, 0.9652524972597843500, 0.0000000000000000000 ) ) ;
#4229 = CARTESIAN_POINT ( 'NONE',  ( 16.79123797632095700, -1.278124999999973300, 1.565251690160178100E-016 ) ) ;
#4230 = CARTESIAN_POINT ( 'NONE',  ( 17.60435095264188000, 0.4826262486298914500, -0.8359331836933428000 ) ) ;
#4231 = LINE ( 'NONE', #50, #4732 ) ;
#4232 = CARTESIAN_POINT ( 'NONE',  ( 0.2368430139593212200, 2.794716748806765000E-013, -1.075656986040727900 ) ) ;
#4233 = CARTESIAN_POINT ( 'NONE',  ( 18.76685095264188200, -0.9652524972597841300, 0.5572887891288953500 ) ) ;
#4234 = ORIENTED_EDGE ( 'NONE', *, *, #2449, .T. ) ;
#4235 = CARTESIAN_POINT ( 'NONE',  ( 19.65245190528375800, 4.822484202722691300E-015, -1.249999999999973400 ) ) ;
#4236 = CARTESIAN_POINT ( 'NONE',  ( 19.44754809471609000, -0.3349364905388985100, 1.249999999999971800 ) ) ;
#4237 = CARTESIAN_POINT ( 'NONE',  ( 1.977451905283758900, 1.452555482747798400E-016, 1.249999999999973100 ) ) ;
#4238 = EDGE_LOOP ( 'NONE', ( #4681, #1330, #5138 ) ) ;
#4239 = AXIS2_PLACEMENT_3D ( 'NONE', #27, #4954, #3647 ) ;
#4240 = CARTESIAN_POINT ( 'NONE',  ( 20.00000000000000000, -2.249999999999998200, -1.299038105676658200 ) ) ;
#4241 = B_SPLINE_CURVE_WITH_KNOTS ( 'NONE', 3,
 ( #2543, #3325, #2926, #2979, #4960, #1757 ),
 .UNSPECIFIED., .F., .F.,
 ( 4, 2, 4 ),
 ( 0.01306568221811395100, 0.01371121443708658500, 0.01435674665605922100 ),
 .UNSPECIFIED. ) ;
#4242 =( LENGTH_UNIT ( ) NAMED_UNIT ( * ) SI_UNIT ( .MILLI., .METRE. ) );
#4243 = CARTESIAN_POINT ( 'NONE',  ( 3.866850952641880800, 0.9652524972597842400, 0.5572887891288949000 ) ) ;
#4244 = CARTESIAN_POINT ( 'NONE',  ( 16.55435095264188000, -0.9652524972597843500, 1.182093381138184100E-016 ) ) ;
#4245 = ORIENTED_EDGE ( 'NONE', *, *, #4052, .F. ) ;
#4246 = CARTESIAN_POINT ( 'NONE',  ( 2.516850952641880700, 0.9652524972597843500, 0.5572887891288949000 ) ) ;
#4247 = CARTESIAN_POINT ( 'NONE',  ( 0.6162379763209608900, -0.6390624999999863200, 1.106888719211962700 ) ) ;
#4248 = CARTESIAN_POINT ( 'NONE',  ( 18.72935095264188000, -0.4826262486298919500, 0.8359331836933424600 ) ) ;
#4249 = CARTESIAN_POINT ( 'NONE',  ( 0.0000000000000000000, 0.0000000000000000000, 1.249999999999973400 ) ) ;
#4250 = CARTESIAN_POINT ( 'NONE',  ( 15.48560095264188200, 0.9652524972597843500, 0.0000000000000000000 ) ) ;
#4251 = AXIS2_PLACEMENT_3D ( 'NONE', #3406, #600, #151 ) ;
#4252 = VERTEX_POINT ( 'NONE', #3123 ) ;
#4253 = CARTESIAN_POINT ( 'NONE',  ( 2.336213928962800800, 1.278124999999973800, 0.7379258128079749800 ) ) ;
#4254 =( BOUNDED_CURVE ( )  B_SPLINE_CURVE ( 2, ( #3268, #3233, #517, #3304, #3341, #97, #5001 ),
 .UNSPECIFIED., .F., .F. ) 
 B_SPLINE_CURVE_WITH_KNOTS ( ( 3, 2, 2, 3 ),
 ( 0.8680555555555555800, 0.8750000000000000000, 0.8888888888888888400, 0.9007469682915840700 ),
 .UNSPECIFIED. ) 
 CURVE ( )  GEOMETRIC_REPRESENTATION_ITEM ( )  RATIONAL_B_SPLINE_CURVE ( ( 0.9330127018922194100, 0.9330127018922194100, 1.000000000000000000, 0.8660254037844387100, 1.000000000000000000, 0.8856149392094931900, 0.9665496256193624200 ) ) 
 REPRESENTATION_ITEM ( '' )  );
#4255 = CARTESIAN_POINT ( 'NONE',  ( 1.935600952641880700, -0.4826262486298926200, -0.8359331836933422400 ) ) ;
#4256 = ORIENTED_EDGE ( 'NONE', *, *, #2155, .T. ) ;
#4257 = CARTESIAN_POINT ( 'NONE',  ( 17.31740381056766900, -0.3349364905388953500, -1.249999999999973800 ) ) ;
#4258 = EDGE_CURVE ( 'NONE', #4304, #2, #5097, .T. ) ;
#4259 = DIRECTION ( 'NONE',  ( 0.0000000000000000000, 0.5000000000000004400, -0.8660254037844383700 ) ) ;
#4260 = APPROVAL_STATUS ( 'not_yet_approved' ) ;
#4261 = VERTEX_POINT ( 'NONE', #174 ) ;
#4262 =( BOUNDED_CURVE ( )  B_SPLINE_CURVE ( 2, ( #5285, #1174, #1553, #1596, #2420, #4852, #804, #3698, #2863, #365, #1605, #773, #3190, #3610, #4474, #385, #2430, #790, #1163, #2907, #2510, #871, #1704, #4552, #4962, #2527, #58, #2928, #3415, #1850, #2044, #2923, #4883, #403, #2832, #483, #3345, #4906, #2470, #3770, #2565, #3630, #3185, #5057, #4255, #2677, #2290, #3551, #1555, #1927, #4794, #5127, #1101, #4783, #249, #5144, #4717, #3099, #1069, #1888, #4763, #1870, #2703, #3128, #3069, #1467, #678, #5195, #1483, #2349, #3962, #3525, #1519, #4729, #1933, #663, #2284, #3545, #232, #5158, #1085, #283, #647, #2689, #3947, #1498, #4324, #1916, #2301, #4359, #2330, #3930, #5176, #2732, #213, #693, #265, #4376, #4307, #632, #3510, #3478, #4341, #1035, #1904, #4745, #3895, #1454, #3082, #3496, #1053, #3907, #2315, #2718, #3115, #1537, #3197, #374, #5261, #4447, #2768, #3991, #4393 ),
 .UNSPECIFIED., .F., .F. ) 
 B_SPLINE_CURVE_WITH_KNOTS ( ( 3, 2, 2, 2, 2, 2, 2, 2, 2, 2, 2, 2, 2, 2, 2, 2, 2, 2, 2, 2, 2, 2, 2, 2, 2, 2, 2, 2, 2, 2, 2, 2, 2, 2, 2, 2, 2, 2, 2, 2, 2, 2, 2, 2, 2, 2, 2, 2, 2, 2, 2, 2, 2, 2, 2, 2, 2, 2, 2, 2, 2, 3 ),
 ( 0.09456392924075895900, 0.09722222222222222400, 0.1111111111111111000, 0.1250000000000000000, 0.1388888888888889000, 0.1527777777777777900, 0.1666666666666666600, 0.1805555555555555500, 0.1944444444444444500, 0.2083333333333333400, 0.2222222222222222100, 0.2361111111111111000, 0.2500000000000000000, 0.2638888888888889500, 0.2777777777777777900, 0.2916666666666666300, 0.3055555555555555800, 0.3194444444444444200, 0.3333333333333333100, 0.3472222222222222100, 0.3611111111111111000, 0.3750000000000000000, 0.3888888888888889000, 0.4027777777777777900, 0.4166666666666666300, 0.4305555555555555800, 0.4444444444444444200, 0.4583333333333333100, 0.4722222222222222700, 0.4861111111111111000, 0.5000000000000000000, 0.5138888888888888400, 0.5277777777777776800, 0.5416666666666666300, 0.5555555555555555800, 0.5694444444444444200, 0.5833333333333332600, 0.5972222222222222100, 0.6111111111111111600, 0.6250000000000000000, 0.6388888888888888400, 0.6527777777777777900, 0.6666666666666666300, 0.6805555555555555800, 0.6944444444444444200, 0.7083333333333334800, 0.7222222222222223200, 0.7361111111111111600, 0.7500000000000000000, 0.7638888888888888400, 0.7777777777777777900, 0.7916666666666666300, 0.8055555555555555800, 0.8194444444444444200, 0.8333333333333332600, 0.8472222222222222100, 0.8611111111111111600, 0.8750000000000000000, 0.8888888888888888400, 0.9027777777777777900, 0.9166666666666666300, 0.9195202820477347300 ),
 .UNSPECIFIED. ) 
 CURVE ( )  GEOMETRIC_REPRESENTATION_ITEM ( )  RATIONAL_B_SPLINE_CURVE ( ( 0.9585310450476337600, 0.9743576515253775700, 1.000000000000000000, 0.8660254037844387100, 1.000000000000000000, 0.8660254037844387100, 1.000000000000000000, 0.8660254037844387100, 1.000000000000000000, 0.8660254037844387100, 1.000000000000000000, 0.8660254037844387100, 1.000000000000000000, 0.8660254037844387100, 1.000000000000000000, 0.8660254037844387100, 1.000000000000000000, 0.8660254037844387100, 1.000000000000000000, 0.8660254037844387100, 1.000000000000000000, 0.8660254037844387100, 1.000000000000000000, 0.8660254037844387100, 1.000000000000000000, 0.8660254037844387100, 1.000000000000000000, 0.8660254037844387100, 1.000000000000000000, 0.8660254037844387100, 1.000000000000000000, 0.8660254037844387100, 1.000000000000000000, 0.8660254037844387100, 1.000000000000000000, 0.8660254037844387100, 1.000000000000000000, 0.8660254037844387100, 1.000000000000000000, 0.8660254037844387100, 1.000000000000000000, 0.8660254037844387100, 1.000000000000000000, 0.8660254037844387100, 1.000000000000000000, 0.8660254037844387100, 1.000000000000000000, 0.8660254037844387100, 1.000000000000000000, 0.8660254037844387100, 1.000000000000000000, 0.8660254037844387100, 1.000000000000000000, 0.8660254037844387100, 1.000000000000000000, 0.8660254037844387100, 1.000000000000000000, 0.8660254037844387100, 1.000000000000000000, 0.8660254037844387100, 1.000000000000000000, 0.8660254037844387100, 1.000000000000000000, 0.8660254037844387100, 1.000000000000000000, 0.8660254037844387100, 1.000000000000000000, 0.8660254037844387100, 1.000000000000000000, 0.8660254037844387100, 1.000000000000000000, 0.8660254037844387100, 1.000000000000000000, 0.8660254037844387100, 1.000000000000000000, 0.8660254037844387100, 1.000000000000000000, 0.8660254037844387100, 1.000000000000000000, 0.8660254037844387100, 1.000000000000000000, 0.8660254037844387100, 1.000000000000000000, 0.8660254037844387100, 1.000000000000000000, 0.8660254037844387100, 1.000000000000000000, 0.8660254037844387100, 1.000000000000000000, 0.8660254037844387100, 1.000000000000000000, 0.8660254037844387100, 1.000000000000000000, 0.8660254037844387100, 1.000000000000000000, 0.8660254037844387100, 1.000000000000000000, 0.8660254037844387100, 1.000000000000000000, 0.8660254037844387100, 1.000000000000000000, 0.8660254037844387100, 1.000000000000000000, 0.8660254037844387100, 1.000000000000000000, 0.8660254037844387100, 1.000000000000000000, 0.8660254037844387100, 1.000000000000000000, 0.8660254037844387100, 1.000000000000000000, 0.8660254037844387100, 1.000000000000000000, 0.8660254037844387100, 1.000000000000000000, 0.8660254037844387100, 1.000000000000000000, 0.8660254037844387100, 1.000000000000000000, 0.8660254037844387100, 1.000000000000000000, 0.9724735382728159100, 0.9562582671238666300 ) ) 
 REPRESENTATION_ITEM ( '' )  );
#4263 = CARTESIAN_POINT ( 'NONE',  ( 4.616850952641880400, -2.047445795422216600E-016, -1.114577578257790000 ) ) ;
#4264 = CARTESIAN_POINT ( 'NONE',  ( 15.31685095264187900, -2.047445795422216600E-016, -1.114577578257790000 ) ) ;
#4265 = CARTESIAN_POINT ( 'NONE',  ( 2.891850952641880700, 0.9652524972597840100, -0.5572887891288955700 ) ) ;
#4266 = CARTESIAN_POINT ( 'NONE',  ( 0.7287379763209609300, -1.278124999999973800, -0.7379258128079745300 ) ) ;
#4267 = EDGE_CURVE ( 'NONE', #4939, #4565, #247, .T. ) ;
#4268 = CARTESIAN_POINT ( 'NONE',  ( 19.92935095264188000, 0.9652524972597843500, 0.0000000000000000000 ) ) ;
#4269 = CARTESIAN_POINT ( 'NONE',  ( 16.72310095264187900, -2.047445795422216600E-016, -1.114577578257790000 ) ) ;
#4270 = ORIENTED_EDGE ( 'NONE', *, *, #4323, .T. ) ;
#4271 = CARTESIAN_POINT ( 'NONE',  ( 18.46685095264188100, -2.047445795422216600E-016, -1.114577578257790000 ) ) ;
#4272 = CARTESIAN_POINT ( 'NONE',  ( 1.661213928962800500, -1.278124999999973800, -0.7379258128079745300 ) ) ;
#4273 = CARTESIAN_POINT ( 'NONE',  ( 18.19999999999999900, -0.6249999999999872300, -1.082531754730524900 ) ) ;
#4274 = CARTESIAN_POINT ( 'NONE',  ( 19.61495190528375700, -0.6249999999999872300, -1.082531754730524900 ) ) ;
#4275 = CARTESIAN_POINT ( 'NONE',  ( 1.912500000000002800, -2.498395430326213100E-015, 1.249999999999973400 ) ) ;
#4276 = CARTESIAN_POINT ( 'NONE',  ( 19.58750000000000600, -4.938688641342514700E-016, -1.249999999999973400 ) ) ;
#4277 = B_SPLINE_CURVE_WITH_KNOTS ( 'NONE', 3,
 ( #5043, #1294, #5010, #2570, #4563, #546 ),
 .UNSPECIFIED., .F., .F.,
 ( 4, 2, 4 ),
 ( 0.01306568221811388300, 0.01371121443708655000, 0.01435674665605921600 ),
 .UNSPECIFIED. ) ;
#4278 = CARTESIAN_POINT ( 'NONE',  ( 3.941850952641880600, 6.824819318074054600E-017, 1.114577578257790000 ) ) ;
#4279 = CARTESIAN_POINT ( 'NONE',  ( 15.20435095264188000, -0.9652524972597843500, 1.182093381138184100E-016 ) ) ;
#4280 = CARTESIAN_POINT ( 'NONE',  ( 3.791850952641880200, 0.9652524972597840100, -0.5572887891288955700 ) ) ;
#4281 = CARTESIAN_POINT ( 'NONE',  ( 1.516237976320960800, -0.6390624999999863200, 1.106888719211962700 ) ) ;
#4282 = CONICAL_SURFACE ( 'NONE', #4438, 2.249999999999998700, 1.047197551196600100 ) ;
#4283 = CARTESIAN_POINT ( 'NONE',  ( 15.14810095264188100, 6.824819318074054600E-017, 1.114577578257790000 ) ) ;
#4284 = CARTESIAN_POINT ( 'NONE',  ( 19.34810095264188200, -0.9652524972597845700, -0.5572887891288946800 ) ) ;
#4285 = VECTOR ( 'NONE', #4167, 1000.000000000000000 ) ;
#4286 = CARTESIAN_POINT ( 'NONE',  ( 19.62935095264187900, -0.4826262486298919500, 0.8359331836933424600 ) ) ;
#4287 = CARTESIAN_POINT ( 'NONE',  ( 1.736213928962800500, -2.711095453990486600E-016, -1.475851625615950200 ) ) ;
#4288 = CARTESIAN_POINT ( 'NONE',  ( 20.00000000000000000, 0.0000000000000000000, 0.0000000000000000000 ) ) ;
#4289 = VECTOR ( 'NONE', #2824, 1000.000000000000000 ) ;
#4290 = CARTESIAN_POINT ( 'NONE',  ( 0.1870613408143040300, -1.008204994697253100, -0.5219679769545277900 ) ) ;
#4291 =( BOUNDED_CURVE ( )  B_SPLINE_CURVE ( 2, ( #2757, #3995, #305, #3567, #4768, #5184, #4273, #1834, #4678 ),
 .UNSPECIFIED., .F., .F. ) 
 B_SPLINE_CURVE_WITH_KNOTS ( ( 3, 2, 2, 2, 3 ),
 ( 0.5208333333333333700, 0.5277777777777777900, 0.5416666666666666300, 0.5555555555555555800, 0.5625000000000000000 ),
 .UNSPECIFIED. ) 
 CURVE ( )  GEOMETRIC_REPRESENTATION_ITEM ( )  RATIONAL_B_SPLINE_CURVE ( ( 0.9330127018922193000, 0.9330127018922198500, 1.000000000000000000, 0.8660254037844387100, 1.000000000000000000, 0.8660254037844387100, 1.000000000000000000, 0.9330127018922194100, 0.9330127018922194100 ) ) 
 REPRESENTATION_ITEM ( '' )  );
#4292 = CARTESIAN_POINT ( 'NONE',  ( 0.0000000000000000000, 0.0000000000000000000, 1.249999999999973400 ) ) ;
#4293 = DIRECTION ( 'NONE',  ( -1.000000000000000000, -0.0000000000000000000, -0.0000000000000000000 ) ) ;
#4294 = EDGE_CURVE ( 'NONE', #983, #3881, #1009, .T. ) ;
#4295 = CYLINDRICAL_SURFACE ( 'NONE', #222, 1.249999999999973400 ) ;
#4296 = CARTESIAN_POINT ( 'NONE',  ( 4.804350952641881300, 0.4826262486298922800, 0.8359331836933423500 ) ) ;
#4297 = CARTESIAN_POINT ( 'NONE',  ( 18.57935095264188200, 0.9652524972597843500, 0.0000000000000000000 ) ) ;
#4298 = CARTESIAN_POINT ( 'NONE',  ( 15.20000000000000100, 1.249999999999973400, 0.0000000000000000000 ) ) ;
#4299 = CARTESIAN_POINT ( 'NONE',  ( 0.3162379763209609600, -0.6390624999999872100, -1.106888719211962300 ) ) ;
#4300 = CARTESIAN_POINT ( 'NONE',  ( 20.22935095264188400, -0.4826262486298926200, -0.8359331836933422400 ) ) ;
#4301 = CARTESIAN_POINT ( 'NONE',  ( 17.06060095264188100, -0.9652524972597843500, 1.182093381138184100E-016 ) ) ;
#4302 = ADVANCED_FACE ( 'NONE', ( #573 ), #2191, .T. ) ;
#4303 = ORIENTED_EDGE ( 'NONE', *, *, #2222, .F. ) ;
#4304 = VERTEX_POINT ( 'NONE', #3588 ) ;
#4305 = CARTESIAN_POINT ( 'NONE',  ( 2.973713928962800500, -1.278124999999973500, 1.565251690160178300E-016 ) ) ;
#4306 = CARTESIAN_POINT ( 'NONE',  ( 17.11250000000000100, -2.498395430326213100E-015, 1.249999999999973400 ) ) ;
#4307 = CARTESIAN_POINT ( 'NONE',  ( 3.960600952641880400, 0.4826262486298922800, 0.8359331836933423500 ) ) ;
#4308 = CARTESIAN_POINT ( 'NONE',  ( 19.05245190528375300, -1.249999999999973100, 0.7216878364870171800 ) ) ;
#4309 = ORIENTED_EDGE ( 'NONE', *, *, #1880, .T. ) ;
#4310 = CARTESIAN_POINT ( 'NONE',  ( 0.7356009526418808600, 0.9652524972597843500, 0.0000000000000000000 ) ) ;
#4311 = CARTESIAN_POINT ( 'NONE',  ( 18.99185095264188000, 0.9652524972597841300, -0.5572887891288955700 ) ) ;
#4312 = CARTESIAN_POINT ( 'NONE',  ( 1.403737976320961000, 1.278124999999973500, 0.7379258128079748700 ) ) ;
#4313 = ORIENTED_EDGE ( 'NONE', *, *, #3177, .T. ) ;
#4314 = CARTESIAN_POINT ( 'NONE',  ( 15.48560095264188200, 0.9652524972597843500, 0.0000000000000000000 ) ) ;
#4315 = CARTESIAN_POINT ( 'NONE',  ( 18.59810095264188600, 0.9652524972597840100, -0.5572887891288955700 ) ) ;
#4316 =( BOUNDED_CURVE ( )  B_SPLINE_CURVE ( 2, ( #4298, #1893, #4707, #1473, #1042 ),
 .UNSPECIFIED., .F., .F. ) 
 B_SPLINE_CURVE_WITH_KNOTS ( ( 3, 2, 3 ),
 ( 0.0000000000000000000, 0.01388888888888888800, 0.02083333333333333200 ),
 .UNSPECIFIED. ) 
 CURVE ( )  GEOMETRIC_REPRESENTATION_ITEM ( )  RATIONAL_B_SPLINE_CURVE ( ( 1.000000000000000000, 0.8660254037844387100, 1.000000000000000000, 0.9330127018922194100, 0.9330127018922194100 ) ) 
 REPRESENTATION_ITEM ( '' )  );
#4317 = ORIENTED_EDGE ( 'NONE', *, *, #3641, .T. ) ;
#4318 =( BOUNDED_CURVE ( )  B_SPLINE_CURVE ( 2, ( #526, #67, #4181, #935, #2203, #3791, #1352, #4202, #2938 ),
 .UNSPECIFIED., .F., .F. ) 
 B_SPLINE_CURVE_WITH_KNOTS ( ( 3, 2, 2, 2, 3 ),
 ( 0.1041666666666666700, 0.1111111111111111000, 0.1250000000000000000, 0.1388888888888889000, 0.1458333333333333400 ),
 .UNSPECIFIED. ) 
 CURVE ( )  GEOMETRIC_REPRESENTATION_ITEM ( )  RATIONAL_B_SPLINE_CURVE ( ( 0.9330127018922194100, 0.9330127018922194100, 1.000000000000000000, 0.8660254037844387100, 1.000000000000000000, 0.8660254037844387100, 1.000000000000000000, 0.9330127018922194100, 0.9330127018922194100 ) ) 
 REPRESENTATION_ITEM ( '' )  );
#4319 = CARTESIAN_POINT ( 'NONE',  ( 15.22310095264187900, -0.9652524972597847900, 0.5572887891288956800 ) ) ;
#4320 = CARTESIAN_POINT ( 'NONE',  ( 2.561213928962800400, -1.278124999999973800, -0.7379258128079745300 ) ) ;
#4321 = CARTESIAN_POINT ( 'NONE',  ( 15.19999999999999400, -0.9703671677398906200, -0.3728607296656851800 ) ) ;
#4322 = ORIENTED_EDGE ( 'NONE', *, *, #1666, .T. ) ;
#4323 = EDGE_CURVE ( 'NONE', #5090, #3416, #3861, .T. ) ;
#4324 = CARTESIAN_POINT ( 'NONE',  ( 3.510600952641880700, 0.4826262486298922800, 0.8359331836933423500 ) ) ;
#4325 = CARTESIAN_POINT ( 'NONE',  ( 16.95245190528375900, 2.149782114466741500E-015, -1.249999999999973400 ) ) ;
#4326 = CARTESIAN_POINT ( 'NONE',  ( 2.137500000000002800, 2.149782114466741500E-015, -1.249999999999973400 ) ) ;
#4327 = CARTESIAN_POINT ( 'NONE',  ( 1.823100952641880400, -0.9652524972597841300, 0.5572887891288953500 ) ) ;
#4328 = CARTESIAN_POINT ( 'NONE',  ( 16.74185095264188000, 0.9652524972597841300, -0.5572887891288955700 ) ) ;
#4329 = CARTESIAN_POINT ( 'NONE',  ( 4.800000000000002500, 0.5365352068171622700, 0.8023978784318380700 ) ) ;
#4330 = CARTESIAN_POINT ( 'NONE',  ( 2.941237976320960600, -1.278124999999973300, 1.565251690160178100E-016 ) ) ;
#4331 = VERTEX_POINT ( 'NONE', #4419 ) ;
#4332 = CARTESIAN_POINT ( 'NONE',  ( 19.96685095264188100, 0.9652524972597842400, 0.5572887891288949000 ) ) ;
#4333 = CARTESIAN_POINT ( 'NONE',  ( 18.41060095264188200, -0.9652524972597843500, 1.182093381138184100E-016 ) ) ;
#4334 = CARTESIAN_POINT ( 'NONE',  ( 3.862500000000002500, -1.249999999999973600, -0.7216878364870164000 ) ) ;
#4335 = CYLINDRICAL_SURFACE ( 'NONE', #1990, 1.249999999999973400 ) ;
#4336 = CARTESIAN_POINT ( 'NONE',  ( 16.07254809471609000, 0.3349364905388956300, -1.249999999999973600 ) ) ;
#4337 = AXIS2_PLACEMENT_3D ( 'NONE', #1140, #3994, #398 ) ;
#4338 = CARTESIAN_POINT ( 'NONE',  ( 0.04185095264188100400, -0.9652524972597844600, -0.5572887891288946800 ) ) ;
#4339 = LINE ( 'NONE', #821, #3893 ) ;
#4340 = CARTESIAN_POINT ( 'NONE',  ( 2.812500000000003100, -5.171097518582163300E-015, 1.249999999999973400 ) ) ;
#4341 = CARTESIAN_POINT ( 'NONE',  ( 4.110600952641879900, -0.9652524972597843500, 1.182093381138184100E-016 ) ) ;
#4342 = CARTESIAN_POINT ( 'NONE',  ( 16.91495190528376100, -0.6249999999999872300, -1.082531754730524900 ) ) ;
#4343 = CARTESIAN_POINT ( 'NONE',  ( 3.487500000000002900, 4.822484202722691300E-015, -1.249999999999973400 ) ) ;
#4344 = FACE_OUTER_BOUND ( 'NONE', #4488, .T. ) ;
#4345 = CARTESIAN_POINT ( 'NONE',  ( 0.9606009526418808300, -0.9652524972597843500, 1.182093381138184100E-016 ) ) ;
#4346 = CARTESIAN_POINT ( 'NONE',  ( 17.15435095264188100, 0.4826262486298914500, -0.8359331836933428000 ) ) ;
#4347 = CARTESIAN_POINT ( 'NONE',  ( 18.09754809471608900, -0.3349364905388985100, 1.249999999999971800 ) ) ;
#4348 = CARTESIAN_POINT ( 'NONE',  ( 2.641237976320960400, 0.6390624999999856600, -1.106888719211963200 ) ) ;
#4349 = CARTESIAN_POINT ( 'NONE',  ( 16.34810095264188200, 0.9652524972597841300, -0.5572887891288955700 ) ) ;
#4350 = VECTOR ( 'NONE', #5038, 1000.000000000000000 ) ;
#4351 = CARTESIAN_POINT ( 'NONE',  ( 17.81060095264188100, 0.4826262486298922800, 0.8359331836933423500 ) ) ;
#4352 = ADVANCED_FACE ( 'NONE', ( #5292 ), #2910, .T. ) ;
#4353 = CARTESIAN_POINT ( 'NONE',  ( 18.51623797632095900, -0.6390624999999863200, 1.106888719211962700 ) ) ;
#4354 = CARTESIAN_POINT ( 'NONE',  ( 0.3472475027402641100, -0.02307044267024444000, 0.9652524972598248700 ) ) ;
#4355 = FACE_OUTER_BOUND ( 'NONE', #4177, .T. ) ;
#4356 = EDGE_CURVE ( 'NONE', #4879, #1308, #4586, .T. ) ;
#4357 = CARTESIAN_POINT ( 'NONE',  ( 4.661213928962800100, 9.036984846634956000E-017, 1.475851625615950200 ) ) ;
#4358 = CARTESIAN_POINT ( 'NONE',  ( 2.775000000000002100, 0.6249999999999867900, 1.082531754730525300 ) ) ;
#4359 = CARTESIAN_POINT ( 'NONE',  ( 3.623100952641880900, -0.9652524972597841300, 0.5572887891288953500 ) ) ;
#4360 = ORIENTED_EDGE ( 'NONE', *, *, #3421, .F. ) ;
#4361 = CARTESIAN_POINT ( 'NONE',  ( 19.85969771313581900, -2.249999999999999100, 1.088907061503740400 ) ) ;
#4362 = CARTESIAN_POINT ( 'NONE',  ( 19.65245190528375800, 4.822484202722691300E-015, -1.249999999999973400 ) ) ;
#4363 = EDGE_CURVE ( 'NONE', #4457, #1311, #4339, .T. ) ;
#4364 = CARTESIAN_POINT ( 'NONE',  ( 1.485600952641880700, -0.4826262486298926200, -0.8359331836933422400 ) ) ;
#4365 = CARTESIAN_POINT ( 'NONE',  ( 17.56685095264188200, -2.047445795422216600E-016, -1.114577578257790000 ) ) ;
#4366 = VERTEX_POINT ( 'NONE', #4522 ) ;
#4367 = CARTESIAN_POINT ( 'NONE',  ( 3.691237976320960600, 0.6390624999999867700, 1.106888719211962500 ) ) ;
#4368 = CARTESIAN_POINT ( 'NONE',  ( 16.68560095264188100, -0.4826262486298926200, -0.8359331836933422400 ) ) ;
#4369 = CARTESIAN_POINT ( 'NONE',  ( -0.2206490473581189700, 0.9652524972597843500, 0.0000000000000000000 ) ) ;
#4370 = ORIENTED_EDGE ( 'NONE', *, *, #830, .F. ) ;
#4371 = AXIS2_PLACEMENT_3D ( 'NONE', #2207, #473, #1752 ) ;
#4372 = CARTESIAN_POINT ( 'NONE',  ( 19.67873797632095600, 1.278124999999972900, -0.7379258128079757600 ) ) ;
#4373 = CARTESIAN_POINT ( 'NONE',  ( -0.03314904735811900100, -0.9652524972597841300, 0.5572887891288953500 ) ) ;
#4374 = VERTEX_POINT ( 'NONE', #3666 ) ;
#4375 = CARTESIAN_POINT ( 'NONE',  ( 18.75245190528375600, 4.822484202722691300E-015, -1.249999999999973400 ) ) ;
#4376 = CARTESIAN_POINT ( 'NONE',  ( 3.923100952641880700, 0.9652524972597843500, 0.5572887891288949000 ) ) ;
#4377 = ADVANCED_FACE ( 'NONE', ( #4781 ), #3291, .T. ) ;
#4378 = CARTESIAN_POINT ( 'NONE',  ( 16.93235571585142200, -0.3349364905388966300, -1.249999999999973100 ) ) ;
#4379 = DIRECTION ( 'NONE',  ( -1.000000000000000000, -0.0000000000000000000, -0.0000000000000000000 ) ) ;
#4380 = ORIENTED_EDGE ( 'NONE', *, *, #722, .F. ) ;
#4381 = CARTESIAN_POINT ( 'NONE',  ( 2.310600952641880500, -0.9652524972597843500, 1.182093381138184100E-016 ) ) ;
#4382 = CARTESIAN_POINT ( 'NONE',  ( 19.25435095264187900, -0.9652524972597843500, 1.182093381138184100E-016 ) ) ;
#4383 = CARTESIAN_POINT ( 'NONE',  ( 4.216237976320961400, -0.6390624999999863200, 1.106888719211962700 ) ) ;
#4384 = CARTESIAN_POINT ( 'NONE',  ( 17.84810095264188200, 6.824819318074054600E-017, 1.114577578257790000 ) ) ;
#4385 = ORIENTED_EDGE ( 'NONE', *, *, #2820, .T. ) ;
#4386 =( BOUNDED_CURVE ( )  B_SPLINE_CURVE ( 2, ( #1804, #4652, #3023, #250, #181, #3882, #3085, #2316, #3896 ),
 .UNSPECIFIED., .F., .F. ) 
 B_SPLINE_CURVE_WITH_KNOTS ( ( 3, 2, 2, 2, 3 ),
 ( 0.2847222222222222100, 0.2916666666666666300, 0.3055555555555555800, 0.3194444444444444200, 0.3263888888888888400 ),
 .UNSPECIFIED. ) 
 CURVE ( )  GEOMETRIC_REPRESENTATION_ITEM ( )  RATIONAL_B_SPLINE_CURVE ( ( 0.9330127018922194100, 0.9330127018922194100, 1.000000000000000000, 0.8660254037844387100, 1.000000000000000000, 0.8660254037844387100, 1.000000000000000000, 0.9330127018922198500, 0.9330127018922193000 ) ) 
 REPRESENTATION_ITEM ( '' )  );
#4387 = CARTESIAN_POINT ( 'NONE',  ( 18.96623797632095800, -0.6390624999999863200, 1.106888719211962700 ) ) ;
#4388 = CARTESIAN_POINT ( 'NONE',  ( 16.04810095264188200, 6.824819318074059600E-017, 1.114577578257790700 ) ) ;
#4389 = CARTESIAN_POINT ( 'NONE',  ( 0.3418509526418809800, 6.824819318074054600E-017, 1.114577578257790000 ) ) ;
#4390 = ORIENTED_EDGE ( 'NONE', *, *, #5311, .T. ) ;
#4391 = CARTESIAN_POINT ( 'NONE',  ( 4.142403810567667900, 0.3349364905388939100, 1.249999999999974900 ) ) ;
#4392 = EDGE_CURVE ( 'NONE', #4585, #472, #4974, .T. ) ;
#4393 = CARTESIAN_POINT ( 'NONE',  ( 4.800000000000002500, 0.9439470035406807300, 0.2016840052478622300 ) ) ;
#4394 = CARTESIAN_POINT ( 'NONE',  ( 15.31250000000000200, 1.743066579297358300E-016, 1.249999999999973100 ) ) ;
#4395 = CARTESIAN_POINT ( 'NONE',  ( 1.935600952641880700, -0.4826262486298926200, -0.8359331836933422400 ) ) ;
#4396 = CARTESIAN_POINT ( 'NONE',  ( 19.59185095264187700, 6.824819318074054600E-017, 1.114577578257790000 ) ) ;
#4397 = CARTESIAN_POINT ( 'NONE',  ( 1.527451905283759000, -2.527446539981169400E-015, 1.249999999999973400 ) ) ;
#4398 = CARTESIAN_POINT ( 'NONE',  ( 4.328737976320960400, -1.278124999999973800, -0.7379258128079745300 ) ) ;
#4399 = LINE ( 'NONE', #1585, #3302 ) ;
#4400 = CARTESIAN_POINT ( 'NONE',  ( 17.62310095264188100, -2.047445795422216600E-016, -1.114577578257790000 ) ) ;
#4401 = CARTESIAN_POINT ( 'NONE',  ( 2.062500000000002200, -1.249999999999973600, -0.7216878364870164000 ) ) ;
#4402 = LINE ( 'NONE', #877, #3775 ) ;
#4403 = CARTESIAN_POINT ( 'NONE',  ( 18.29123797632096100, 0.6390624999999856600, -1.106888719211963200 ) ) ;
#4404 = CARTESIAN_POINT ( 'NONE',  ( 16.87310095264188100, 0.9652524972597850100, 0.5572887891288952300 ) ) ;
#4405 = CARTESIAN_POINT ( 'NONE',  ( 19.53560095264188200, 0.9652524972597843500, 0.0000000000000000000 ) ) ;
#4406 = CARTESIAN_POINT ( 'NONE',  ( -0.07064904735811899900, -0.4826262486298919500, 0.8359331836933424600 ) ) ;
#4407 = CARTESIAN_POINT ( 'NONE',  ( 2.652451905283758700, -5.229199737892074000E-016, -1.249999999999973400 ) ) ;
#4408 = CYLINDRICAL_SURFACE ( 'NONE', #1257, 1.249999999999973400 ) ;
#4409 = CARTESIAN_POINT ( 'NONE',  ( 0.08288880264486278600, 0.2918966092263618500, 1.203326903144412000 ) ) ;
#4410 = DIRECTION ( 'NONE',  ( -1.000000000000000000, -0.0000000000000000000, -0.0000000000000000000 ) ) ;
#4411 =( BOUNDED_CURVE ( )  B_SPLINE_CURVE ( 2, ( #1671, #2053, #3696, #2842, #5262, #1614, #3, #4893, #2417 ),
 .UNSPECIFIED., .F., .F. ) 
 B_SPLINE_CURVE_WITH_KNOTS ( ( 3, 2, 2, 2, 3 ),
 ( 0.6180555555555555800, 0.6250000000000000000, 0.6388888888888888400, 0.6527777777777777900, 0.6597222222222222100 ),
 .UNSPECIFIED. ) 
 CURVE ( )  GEOMETRIC_REPRESENTATION_ITEM ( )  RATIONAL_B_SPLINE_CURVE ( ( 0.9330127018922194100, 0.9330127018922194100, 1.000000000000000000, 0.8660254037844387100, 1.000000000000000000, 0.8660254037844387100, 1.000000000000000000, 0.9330127018922194100, 0.9330127018922194100 ) ) 
 REPRESENTATION_ITEM ( '' )  );
#4412 = CARTESIAN_POINT ( 'NONE',  ( 17.54240381056766700, 0.3349364905388963500, 1.249999999999973100 ) ) ;
#4413 = VECTOR ( 'NONE', #1996, 1000.000000000000000 ) ;
#4414 = CARTESIAN_POINT ( 'NONE',  ( 3.885600952641880700, 0.9652524972597843500, 0.0000000000000000000 ) ) ;
#4415 = DIRECTION ( 'NONE',  ( -1.000000000000000000, 0.0000000000000000000, 0.0000000000000000000 ) ) ;
#4416 = DIRECTION ( 'NONE',  ( 1.000000000000000000, 0.0000000000000000000, 0.0000000000000000000 ) ) ;
#4417 = AXIS2_PLACEMENT_3D ( 'NONE', #4685, #183, #5062 ) ;
#4418 = CARTESIAN_POINT ( 'NONE',  ( 17.06060095264188100, -0.9652524972597843500, 1.182093381138184100E-016 ) ) ;
#4419 = CARTESIAN_POINT ( 'NONE',  ( 17.40245190528375800, 2.149782114466741500E-015, -1.249999999999973400 ) ) ;
#4420 = CYLINDRICAL_SURFACE ( 'NONE', #506, 1.249999999999973400 ) ;
#4421 = CARTESIAN_POINT ( 'NONE',  ( 18.32873797632095900, 1.278124999999972900, -0.7379258128079757600 ) ) ;
#4422 = CARTESIAN_POINT ( 'NONE',  ( 16.27310095264188000, -2.047445795422217900E-016, -1.114577578257790700 ) ) ;
#4423 = EDGE_CURVE ( 'NONE', #2030, #2358, #219, .T. ) ;
#4424 = DIRECTION ( 'NONE',  ( -1.000000000000000000, -0.0000000000000000000, -0.0000000000000000000 ) ) ;
#4425 = ORIENTED_EDGE ( 'NONE', *, *, #2820, .F. ) ;
#4426 = CARTESIAN_POINT ( 'NONE',  ( 0.8668509526418809500, -0.9652524972597841300, 0.5572887891288953500 ) ) ;
#4427 = CARTESIAN_POINT ( 'NONE',  ( 4.373100952641880900, 0.9652524972597842400, 0.5572887891288949000 ) ) ;
#4428 = CARTESIAN_POINT ( 'NONE',  ( -1.529023096379264100E-015, 1.508335473232665700, -1.727238319854172800 ) ) ;
#4429 = ADVANCED_FACE ( 'NONE', ( #3374 ), #2129, .T. ) ;
#4430 = DIRECTION ( 'NONE',  ( 0.0000000000000000000, 0.0000000000000000000, -1.000000000000000000 ) ) ;
#4431 = ORIENTED_EDGE ( 'NONE', *, *, #4835, .F. ) ;
#4432 = CARTESIAN_POINT ( 'NONE',  ( 3.473100952641880600, 0.9652524972597842400, 0.5572887891288949000 ) ) ;
#4433 = CARTESIAN_POINT ( 'NONE',  ( 0.1500000000000027700, -0.6249999999999863400, 1.082531754730525300 ) ) ;
#4434 = CARTESIAN_POINT ( 'NONE',  ( 5.078737976320960400, 9.036984846634954800E-017, 1.475851625615950000 ) ) ;
#4435 = VERTEX_POINT ( 'NONE', #5248 ) ;
#4436 = CARTESIAN_POINT ( 'NONE',  ( 18.44810095264188000, -0.9652524972597844600, -0.5572887891288946800 ) ) ;
#4437 = CARTESIAN_POINT ( 'NONE',  ( 2.539951905283758900, -1.249999999999973400, 1.530808498934159000E-016 ) ) ;
#4438 = AXIS2_PLACEMENT_3D ( 'NONE', #1935, #2112, #2914 ) ;
#4439 = ORIENTED_EDGE ( 'NONE', *, *, #5244, .T. ) ;
#4440 = CARTESIAN_POINT ( 'NONE',  ( 19.56740381056767200, -0.3349364905388966300, -1.249999999999973100 ) ) ;
#4441 = CARTESIAN_POINT ( 'NONE',  ( 16.23560095264188200, -0.4826262486298929500, -0.8359331836933428000 ) ) ;
#4442 = CARTESIAN_POINT ( 'NONE',  ( 19.91074498996845000, -1.881317441191444200, 1.511897080250295600 ) ) ;
#4443 = CARTESIAN_POINT ( 'NONE',  ( 1.466850952641880700, -2.047445795422216600E-016, -1.114577578257790000 ) ) ;
#4444 = CARTESIAN_POINT ( 'NONE',  ( 4.448100952641880200, 6.824819318074054600E-017, 1.114577578257790000 ) ) ;
#4445 = CARTESIAN_POINT ( 'NONE',  ( 4.564951905283758800, 1.249999999999973400, 0.0000000000000000000 ) ) ;
#4446 = ORIENTED_EDGE ( 'NONE', *, *, #2786, .T. ) ;
#4447 = CARTESIAN_POINT ( 'NONE',  ( 4.748100952641879100, 0.9652524972597840100, -0.5572887891288955700 ) ) ;
#4448 = CARTESIAN_POINT ( 'NONE',  ( 3.852451905283760200, -1.249999999999973100, 0.7216878364870171800 ) ) ;
#4449 = EDGE_LOOP ( 'NONE', ( #1105, #3424, #1126, #4711, #669, #4509, #1449, #1378, #3916, #2904, #2074, #1274, #1055, #564, #2995, #787, #2965, #3795, #1636, #4064, #3849, #2270, #3493, #285, #2275 ) ) ;
#4450 = CARTESIAN_POINT ( 'NONE',  ( 2.648100952641880800, 6.824819318074054600E-017, 1.114577578257790000 ) ) ;
#4451 = CARTESIAN_POINT ( 'NONE',  ( 2.362500000000001600, 1.743066579297358300E-016, 1.249999999999973400 ) ) ;
#4452 = CARTESIAN_POINT ( 'NONE',  ( 0.0000000000000000000, 0.0000000000000000000, 1.249999999999973400 ) ) ;
#4453 = CARTESIAN_POINT ( 'NONE',  ( 18.56060095264188100, 0.4826262486298914500, -0.8359331836933428000 ) ) ;
#4454 = CARTESIAN_POINT ( 'NONE',  ( 0.9649519052837589600, 1.249999999999973400, 0.0000000000000000000 ) ) ;
#4455 = CARTESIAN_POINT ( 'NONE',  ( 0.004350952641881040500, -0.9652524972597843500, 1.182093381138184100E-016 ) ) ;
#4456 = EDGE_CURVE ( 'NONE', #4771, #5070, #3112, .T. ) ;
#4457 = VERTEX_POINT ( 'NONE', #747 ) ;
#4458 = CARTESIAN_POINT ( 'NONE',  ( 17.02310095264188000, -0.9652524972597847900, 0.5572887891288956800 ) ) ;
#4459 = CARTESIAN_POINT ( 'NONE',  ( 20.28560095264188200, -0.4826262486298926200, -0.8359331836933422400 ) ) ;
#4460 = CARTESIAN_POINT ( 'NONE',  ( 0.9418509526418809000, -0.9652524972597844600, -0.5572887891288946800 ) ) ;
#4461 = CARTESIAN_POINT ( 'NONE',  ( 3.848100952641880600, 0.9652524972597841300, -0.5572887891288955700 ) ) ;
#4462 = VECTOR ( 'NONE', #4788, 1000.000000000000000 ) ;
#4463 = CARTESIAN_POINT ( 'NONE',  ( 2.877451905283758800, -5.200148628237119300E-015, 1.249999999999973400 ) ) ;
#4464 = EDGE_CURVE ( 'NONE', #2598, #3134, #1963, .T. ) ;
#4465 = CARTESIAN_POINT ( 'NONE',  ( 4.762500000000002800, -1.249999999999973600, -0.7216878364870164000 ) ) ;
#4466 = CARTESIAN_POINT ( 'NONE',  ( 15.98749999999999900, -4.938688641342514700E-016, -1.249999999999973400 ) ) ;
#4467 = CARTESIAN_POINT ( 'NONE',  ( 4.800000000000000700, -1.236175188449619500, -0.1853939143054096100 ) ) ;
#4468 = CARTESIAN_POINT ( 'NONE',  ( 4.785600952641880600, 0.9652524972597843500, 0.0000000000000000000 ) ) ;
#4469 = CARTESIAN_POINT ( 'NONE',  ( 0.0000000000000000000, 2.249999999999998700, 0.0000000000000000000 ) ) ;
#4470 = CARTESIAN_POINT ( 'NONE',  ( 4.591237976320960500, 0.6390624999999867700, 1.106888719211962500 ) ) ;
#4471 = CARTESIAN_POINT ( 'NONE',  ( 3.122548094716093300, 0.3349364905388980700, -1.249999999999972000 ) ) ;
#4472 = CARTESIAN_POINT ( 'NONE',  ( 0.06250000000004485300, 0.8122873928260059300, 0.9500995692325839800 ) ) ;
#4473 = CARTESIAN_POINT ( 'NONE',  ( 1.654350952641880900, 0.4826262486298922800, 0.8359331836933423500 ) ) ;
#4474 = CARTESIAN_POINT ( 'NONE',  ( 0.8106009526418808100, 0.4826262486298922800, 0.8359331836933423500 ) ) ;
#4475 = DIRECTION ( 'NONE',  ( 0.0000000000000000000, 0.0000000000000000000, 1.000000000000000000 ) ) ;
#4476 = CARTESIAN_POINT ( 'NONE',  ( 20.24123797632096000, 0.6390624999999867700, 1.106888719211962500 ) ) ;
#4477 = CARTESIAN_POINT ( 'NONE',  ( 19.68560095264188100, -0.4826262486298922800, 0.8359331836933431300 ) ) ;
#4478 = FACE_OUTER_BOUND ( 'NONE', #4180, .T. ) ;
#4479 = DIRECTION ( 'NONE',  ( -1.000000000000000000, -0.0000000000000000000, -0.0000000000000000000 ) ) ;
#4480 = CARTESIAN_POINT ( 'NONE',  ( 0.8293509526418809700, -0.4826262486298919500, 0.8359331836933424600 ) ) ;
#4481 = CARTESIAN_POINT ( 'NONE',  ( 3.173100952641880700, -0.9652524972597841300, 0.5572887891288953500 ) ) ;
#4482 = CARTESIAN_POINT ( 'NONE',  ( 0.07827230715412600300, 1.881931238497225800, -1.511542704210575100 ) ) ;
#4483 =( BOUNDED_CURVE ( )  B_SPLINE_CURVE ( 2, ( #4472, #4902, #3607, #2467, #1219 ),
 .UNSPECIFIED., .F., .F. ) 
 B_SPLINE_CURVE_WITH_KNOTS ( ( 3, 2, 3 ),
 ( 0.01139110199755935200, 0.01388888888888888800, 0.02083333333333333200 ),
 .UNSPECIFIED. ) 
 CURVE ( )  GEOMETRIC_REPRESENTATION_ITEM ( )  RATIONAL_B_SPLINE_CURVE ( ( 0.9604780314718991400, 0.9759059207057154700, 1.000000000000000000, 0.9330127018922194100, 0.9330127018922194100 ) ) 
 REPRESENTATION_ITEM ( '' )  );
#4484 = DIRECTION ( 'NONE',  ( 0.0000000000000000000, 0.0000000000000000000, -1.000000000000000000 ) ) ;
#4485 = CARTESIAN_POINT ( 'NONE',  ( 15.27935095264188100, -0.4826262486298926200, -0.8359331836933422400 ) ) ;
#4486 = CARTESIAN_POINT ( 'NONE',  ( 17.85245190528376100, -5.229199737892074000E-016, -1.249999999999973400 ) ) ;
#4487 = CARTESIAN_POINT ( 'NONE',  ( 3.552451905283759100, 4.822484202722691300E-015, -1.249999999999973400 ) ) ;
#4488 = EDGE_LOOP ( 'NONE', ( #1188, #3597, #3476, #4947 ) ) ;
#4489 = CARTESIAN_POINT ( 'NONE',  ( 3.675000000000002500, 0.6249999999999867900, 1.082531754730525300 ) ) ;
#4490 = CARTESIAN_POINT ( 'NONE',  ( 18.93995190528375600, 0.6249999999999866800, 1.082531754730525100 ) ) ;
#4491 = CARTESIAN_POINT ( 'NONE',  ( 2.427451905283759100, -5.200148628237119300E-015, 1.249999999999973400 ) ) ;
#4492 = CARTESIAN_POINT ( 'NONE',  ( 0.3043509526418810000, 0.4826262486298922800, 0.8359331836933423500 ) ) ;
#4493 = EDGE_LOOP ( 'NONE', ( #2397, #159, #2912, #1249, #266, #3205, #2181 ) ) ;
#4494 = CARTESIAN_POINT ( 'NONE',  ( 19.87310095264188100, -2.047445795422217900E-016, -1.114577578257790700 ) ) ;
#4495 = EDGE_CURVE ( 'NONE', #2599, #2725, #2637, .T. ) ;
#4496 = CARTESIAN_POINT ( 'NONE',  ( 19.91283875815382100, -0.3452965586906485700, 1.178857803524536100 ) ) ;
#4497 = CARTESIAN_POINT ( 'NONE',  ( 4.991850952641880400, -0.9652524972597844600, -0.5572887891288946800 ) ) ;
#4498 = CARTESIAN_POINT ( 'NONE',  ( 2.685600952641880500, -0.4826262486298919500, 0.8359331836933424600 ) ) ;
#4499 = VERTEX_POINT ( 'NONE', #3690 ) ;
#4500 = CARTESIAN_POINT ( 'NONE',  ( 1.753521283679683000E-015, 0.0000000000000000000, 0.0000000000000000000 ) ) ;
#4501 = B_SPLINE_CURVE_WITH_KNOTS ( 'NONE', 3,
 ( #2438, #1153, #3974, #4409, #4048, #1988 ),
 .UNSPECIFIED., .F., .F.,
 ( 4, 2, 4 ),
 ( 0.0007579673602756040700, 0.001193525271634973400, 0.001629083182994342700 ),
 .UNSPECIFIED. ) ;
#4502 = ORIENTED_EDGE ( 'NONE', *, *, #2590, .T. ) ;
#4503 = CARTESIAN_POINT ( 'NONE',  ( 19.87745190528375600, 1.452555482747798400E-016, 1.249999999999973100 ) ) ;
#4504 = CARTESIAN_POINT ( 'NONE',  ( 0.2856009526418809000, 0.9652524972597843500, 0.0000000000000000000 ) ) ;
#4505 = CARTESIAN_POINT ( 'NONE',  ( 0.0000000000000000000, 0.0000000000000000000, 0.0000000000000000000 ) ) ;
#4506 = CARTESIAN_POINT ( 'NONE',  ( 18.78995190528375800, 0.6249999999999856800, -1.082531754730525800 ) ) ;
#4507 = DIRECTION ( 'NONE',  ( -1.000000000000000000, -0.0000000000000000000, -0.0000000000000000000 ) ) ;
#4508 = CARTESIAN_POINT ( 'NONE',  ( 15.69185095264188100, -0.9652524972597844600, -0.5572887891288946800 ) ) ;
#4509 = ORIENTED_EDGE ( 'NONE', *, *, #2489, .T. ) ;
#4510 = CARTESIAN_POINT ( 'NONE',  ( 1.279350952641880700, -0.4826262486298919500, 0.8359331836933424600 ) ) ;
#4511 = AXIS2_PLACEMENT_3D ( 'NONE', #3019, #2235, #3441 ) ;
#4512 = CARTESIAN_POINT ( 'NONE',  ( 19.25000000000000400, 1.249999999999973400, 0.0000000000000000000 ) ) ;
#4513 = CARTESIAN_POINT ( 'NONE',  ( 19.47499999999999800, -1.249999999999973400, 1.530808498934158800E-016 ) ) ;
#4514 = CARTESIAN_POINT ( 'NONE',  ( 18.26060095264188000, 0.4826262486298926200, 0.8359331836933430200 ) ) ;
#4515 = ORIENTED_EDGE ( 'NONE', *, *, #2222, .T. ) ;
#4516 = CARTESIAN_POINT ( 'NONE',  ( 0.2362139289628008000, -1.278124999999973500, 0.7379258128079755300 ) ) ;
#4517 = CARTESIAN_POINT ( 'NONE',  ( 3.454350952641880700, 0.4826262486298922800, 0.8359331836933423500 ) ) ;
#4518 = CARTESIAN_POINT ( 'NONE',  ( 0.0000000000000000000, -1.124999999999998200, -1.948557158514986600 ) ) ;
#4519 = CARTESIAN_POINT ( 'NONE',  ( 15.80000000000000400, -0.6249999999999863400, 1.082531754730525300 ) ) ;
#4520 = ORIENTED_EDGE ( 'NONE', *, *, #3025, .T. ) ;
#4521 = CARTESIAN_POINT ( 'NONE',  ( 18.60245190528375400, -1.249999999999973100, 0.7216878364870171800 ) ) ;
#4522 = CARTESIAN_POINT ( 'NONE',  ( 4.387500000000002800, -5.229199737892074000E-016, -1.249999999999973400 ) ) ;
#4523 = CARTESIAN_POINT ( 'NONE',  ( 0.0000000000000000000, -1.125000000000000200, 1.948557158514985000 ) ) ;
#4524 = CARTESIAN_POINT ( 'NONE',  ( 18.75245190528375300, 4.822484202722691300E-015, -1.249999999999973400 ) ) ;
#4525 = LOCAL_TIME ( 12, 11, 43.00000000000000000, #4139 ) ;
#4526 = DIRECTION ( 'NONE',  ( 0.0000000000000000000, 0.0000000000000000000, 1.000000000000000000 ) ) ;
#4527 = CARTESIAN_POINT ( 'NONE',  ( 0.8668509526418809500, -0.9652524972597841300, 0.5572887891288953500 ) ) ;
#4528 = EDGE_CURVE ( 'NONE', #1001, #494, #51, .T. ) ;
#4529 = B_SPLINE_CURVE_WITH_KNOTS ( 'NONE', 3,
 ( #969, #3827, #165, #1390 ),
 .UNSPECIFIED., .F., .F.,
 ( 4, 4 ),
 ( 2.380746839930261000E-007, 0.001314652396222795600 ),
 .UNSPECIFIED. ) ;
#4530 = CARTESIAN_POINT ( 'NONE',  ( 19.07371392896280300, -1.278124999999973500, 1.565251690160178300E-016 ) ) ;
#4531 = CARTESIAN_POINT ( 'NONE',  ( 0.6043509526418808800, 0.4826262486298914500, -0.8359331836933428000 ) ) ;
#4532 = CARTESIAN_POINT ( 'NONE',  ( 17.84810095264188200, 6.824819318074059600E-017, 1.114577578257790700 ) ) ;
#4533 = CARTESIAN_POINT ( 'NONE',  ( 0.3487139289628007900, -0.6390624999999873200, -1.106888719211962500 ) ) ;
#4534 = CARTESIAN_POINT ( 'NONE',  ( 4.616850952641880400, -2.047445795422216600E-016, -1.114577578257790000 ) ) ;
#4535 = CARTESIAN_POINT ( 'NONE',  ( 3.037500000000001900, -5.229199737892074000E-016, -1.249999999999973400 ) ) ;
#4536 = CARTESIAN_POINT ( 'NONE',  ( 15.36121392896280300, 9.036984846634956000E-017, 1.475851625615950200 ) ) ;
#4537 = CYLINDRICAL_SURFACE ( 'NONE', #612, 1.249999999999973400 ) ;
#4538 = CARTESIAN_POINT ( 'NONE',  ( 17.60435095264188000, 0.4826262486298914500, -0.8359331836933428000 ) ) ;
#4539 = CARTESIAN_POINT ( 'NONE',  ( 17.87254809471609100, 0.3349364905388956300, -1.249999999999973600 ) ) ;
#4540 = CYLINDRICAL_SURFACE ( 'NONE', #161, 1.249999999999973400 ) ;
#4541 = CARTESIAN_POINT ( 'NONE',  ( 2.048100952641880700, 0.9652524972597841300, -0.5572887891288955700 ) ) ;
#4542 = CARTESIAN_POINT ( 'NONE',  ( 20.00000000000000000, -1.524864949371779600E-015, 2.598076211353314700 ) ) ;
#4543 = DIRECTION ( 'NONE',  ( 0.0000000000000000000, 0.0000000000000000000, 1.000000000000000000 ) ) ;
#4544 = CARTESIAN_POINT ( 'NONE',  ( 4.800000000000001600, 0.1656640465339945000, 1.026269477372549800 ) ) ;
#4545 = CARTESIAN_POINT ( 'NONE',  ( 15.76685095264188000, -2.047445795422216600E-016, -1.114577578257790000 ) ) ;
#4546 = CARTESIAN_POINT ( 'NONE',  ( 4.264951905283759000, -0.6249999999999863400, 1.082531754730525300 ) ) ;
#4547 = CARTESIAN_POINT ( 'NONE',  ( 3.904350952641880500, 0.4826262486298922800, 0.8359331836933423500 ) ) ;
#4548 = FACE_OUTER_BOUND ( 'NONE', #4638, .T. ) ;
#4549 = CARTESIAN_POINT ( 'NONE',  ( 19.14871392896279900, -0.6390624999999873200, -1.106888719211962500 ) ) ;
#4550 = CARTESIAN_POINT ( 'NONE',  ( 0.5293509526418809200, -0.4826262486298926200, -0.8359331836933422400 ) ) ;
#4551 = CARTESIAN_POINT ( 'NONE',  ( 19.94810095264187700, 0.9652524972597845700, -0.5572887891288959000 ) ) ;
#4552 = CARTESIAN_POINT ( 'NONE',  ( 1.148100952641880800, 0.9652524972597840100, -0.5572887891288955700 ) ) ;
#4553 =( BOUNDED_CURVE ( )  B_SPLINE_CURVE ( 2, ( #1712, #2073, #4071, #4123, #396, #3699, #4952, #1251, #4106 ),
 .UNSPECIFIED., .F., .F. ) 
 B_SPLINE_CURVE_WITH_KNOTS ( ( 3, 2, 2, 2, 3 ),
 ( 0.1180555555555554700, 0.1250000000000000000, 0.1388888888888888400, 0.1527777777777777900, 0.1597222222222222100 ),
 .UNSPECIFIED. ) 
 CURVE ( )  GEOMETRIC_REPRESENTATION_ITEM ( )  RATIONAL_B_SPLINE_CURVE ( ( 0.9330127018922193000, 0.9330127018922187400, 1.000000000000000000, 0.8660254037844387100, 1.000000000000000000, 0.8660254037844387100, 1.000000000000000000, 0.9330127018922194100, 0.9330127018922194100 ) ) 
 REPRESENTATION_ITEM ( '' )  );
#4554 = DIRECTION ( 'NONE',  ( 0.4999999999999979500, 0.0000000000000000000, 0.8660254037844397100 ) ) ;
#4555 = ORIENTED_EDGE ( 'NONE', *, *, #4528, .F. ) ;
#4556 = CARTESIAN_POINT ( 'NONE',  ( 3.716850952641880900, -2.047445795422216600E-016, -1.114577578257790000 ) ) ;
#4557 = DIRECTION ( 'NONE',  ( -1.000000000000000000, -0.0000000000000000000, -0.0000000000000000000 ) ) ;
#4558 = CARTESIAN_POINT ( 'NONE',  ( 17.67500000000000400, -1.249999999999973400, 1.530808498934158800E-016 ) ) ;
#4559 = CARTESIAN_POINT ( 'NONE',  ( 15.19999999999999800, -0.6466369738519292000, 0.7166400822685467000 ) ) ;
#4560 = CARTESIAN_POINT ( 'NONE',  ( 16.92935095264188300, -0.4826262486298919500, 0.8359331836933424600 ) ) ;
#4561 = ORIENTED_EDGE ( 'NONE', *, *, #755, .T. ) ;
#4562 = CARTESIAN_POINT ( 'NONE',  ( 2.198100952641880700, 6.824819318074054600E-017, 1.114577578257790000 ) ) ;
#4563 = CARTESIAN_POINT ( 'NONE',  ( 20.00000000000000000, 2.249999999999998700, -0.2199451808919147800 ) ) ;
#4564 = DIRECTION ( 'NONE',  ( -1.000000000000000000, -0.0000000000000000000, -0.0000000000000000000 ) ) ;
#4565 = VERTEX_POINT ( 'NONE', #2439 ) ;
#4566 = CARTESIAN_POINT ( 'NONE',  ( 15.12935095264188200, -0.4826262486298919500, 0.8359331836933424600 ) ) ;
#4567 = CARTESIAN_POINT ( 'NONE',  ( 16.13749999999999900, 1.249999999999973400, 0.7216878364870166200 ) ) ;
#4568 = CARTESIAN_POINT ( 'NONE',  ( 3.604350952641880700, -0.9652524972597843500, 1.182093381138184100E-016 ) ) ;
#4569 = CARTESIAN_POINT ( 'NONE',  ( 17.12371392896280000, 0.6390624999999868800, 1.106888719211962700 ) ) ;
#4570 = VERTEX_POINT ( 'NONE', #4050 ) ;
#4571 = CARTESIAN_POINT ( 'NONE',  ( 1.654350952641880900, 0.4826262486298922800, 0.8359331836933423500 ) ) ;
#4572 = CARTESIAN_POINT ( 'NONE',  ( 15.70373797632096000, 1.278124999999973500, 0.7379258128079748700 ) ) ;
#4573 = EDGE_CURVE ( 'NONE', #1848, #83, #4411, .T. ) ;
#4574 = CARTESIAN_POINT ( 'NONE',  ( 0.7987139289628006900, -0.6390624999999873200, -1.106888719211962500 ) ) ;
#4575 = CARTESIAN_POINT ( 'NONE',  ( 4.054350952641880400, -0.9652524972597843500, 1.182093381138184100E-016 ) ) ;
#4576 = CARTESIAN_POINT ( 'NONE',  ( 3.364951905283759100, -0.6249999999999863400, 1.082531754730525300 ) ) ;
#4577 = ORIENTED_EDGE ( 'NONE', *, *, #1241, .F. ) ;
#4578 = CARTESIAN_POINT ( 'NONE',  ( 17.64754809471609700, -0.3349364905388985100, 1.249999999999971800 ) ) ;
#4579 = EDGE_LOOP ( 'NONE', ( #971, #3808, #2327, #2086, #3600, #2588, #1632, #3578, #244, #3028, #144, #1061, #154, #4322, #1709, #4124, #34, #149, #5147, #1048, #1033, #1895, #4270, #428, #2283, #2650 ) ) ;
#4580 = CARTESIAN_POINT ( 'NONE',  ( 15.99185095264188100, 6.824819318074054600E-017, 1.114577578257790000 ) ) ;
#4581 = AXIS2_PLACEMENT_3D ( 'NONE', #2620, #3020, #180 ) ;
#4582 = CARTESIAN_POINT ( 'NONE',  ( 3.627451905283758400, 1.249999999999972900, -0.7216878364870175100 ) ) ;
#4583 = VERTEX_POINT ( 'NONE', #2864 ) ;
#4584 = CARTESIAN_POINT ( 'NONE',  ( 1.785600952641880800, -0.4826262486298919500, 0.8359331836933424600 ) ) ;
#4585 = VERTEX_POINT ( 'NONE', #1235 ) ;
#4586 =( BOUNDED_CURVE ( )  B_SPLINE_CURVE ( 2, ( #2726, #3646, #1674, #836, #5301, #807, #4107 ),
 .UNSPECIFIED., .F., .F. ) 
 B_SPLINE_CURVE_WITH_KNOTS ( ( 3, 2, 2, 3 ),
 ( 0.8541666666666667400, 0.8611111111111111600, 0.8750000000000000000, 0.8774977868913296200 ),
 .UNSPECIFIED. ) 
 CURVE ( )  GEOMETRIC_REPRESENTATION_ITEM ( )  RATIONAL_B_SPLINE_CURVE ( ( 0.9330127018922193000, 0.9330127018922198500, 1.000000000000000000, 0.8660254037844387100, 1.000000000000000000, 0.9759059207057144700, 0.9604780314718979200 ) ) 
 REPRESENTATION_ITEM ( '' )  );
#4587 = CARTESIAN_POINT ( 'NONE',  ( 16.01495190528375500, -0.6249999999999872300, -1.082531754730524900 ) ) ;
#4588 = PRODUCT ( '95947A015_Aluminum Female Threaded Hex Standoff', '95947A015_Aluminum Female Threaded Hex Standoff', '', ( #3445 ) ) ;
#4589 = CARTESIAN_POINT ( 'NONE',  ( 16.17500000000000100, 0.6249999999999867900, 1.082531754730525100 ) ) ;
#4590 = ORIENTED_EDGE ( 'NONE', *, *, #2883, .F. ) ;
#4591 = CARTESIAN_POINT ( 'NONE',  ( 17.64871392896279900, -0.6390624999999864300, 1.106888719211963000 ) ) ;
#4592 = CARTESIAN_POINT ( 'NONE',  ( 1.391850952641880700, -0.9652524972597845700, -0.5572887891288946800 ) ) ;
#4593 = CARTESIAN_POINT ( 'NONE',  ( 16.34123797632095800, -1.278124999999973300, 1.565251690160178100E-016 ) ) ;
#4594 = CARTESIAN_POINT ( 'NONE',  ( 16.96685095264188100, -0.9652524972597841300, 0.5572887891288953500 ) ) ;
#4595 = EDGE_LOOP ( 'NONE', ( #4905, #4590, #812, #399 ) ) ;
#4596 = CARTESIAN_POINT ( 'NONE',  ( 16.82371392896280000, -1.278124999999973500, 1.565251690160178300E-016 ) ) ;
#4597 = CARTESIAN_POINT ( 'NONE',  ( 15.39185095264188200, 0.9652524972597840100, -0.5572887891288955700 ) ) ;
#4598 = DIRECTION ( 'NONE',  ( -1.000000000000000000, -0.0000000000000000000, -0.0000000000000000000 ) ) ;
#4599 = CARTESIAN_POINT ( 'NONE',  ( 1.635600952641880900, 0.9652524972597843500, 0.0000000000000000000 ) ) ;
#4600 = CARTESIAN_POINT ( 'NONE',  ( 0.3271154274061447400, 0.9166243938506808400, 0.4159133814753759900 ) ) ;
#4601 = CARTESIAN_POINT ( 'NONE',  ( 4.612500000000003400, -5.171097518582163300E-015, 1.249999999999973400 ) ) ;
#4602 = CARTESIAN_POINT ( 'NONE',  ( 2.089951905283759200, -1.249999999999973400, 1.530808498934159000E-016 ) ) ;
#4603 = DIRECTION ( 'NONE',  ( 0.0000000000000000000, 0.8660254037844383700, 0.5000000000000004400 ) ) ;
#4604 = FACE_OUTER_BOUND ( 'NONE', #1236, .T. ) ;
#4605 = EDGE_CURVE ( 'NONE', #879, #4623, #4998, .T. ) ;
#4606 = CARTESIAN_POINT ( 'NONE',  ( 18.06121392896280000, 9.036984846634956000E-017, 1.475851625615950200 ) ) ;
#4607 = CARTESIAN_POINT ( 'NONE',  ( 20.00000000000000000, 2.249999999999998700, -1.299038105676656900 ) ) ;
#4608 = CARTESIAN_POINT ( 'NONE',  ( 15.29123797632096100, 0.6390624999999867700, 1.106888719211962500 ) ) ;
#4609 = CONICAL_SURFACE ( 'NONE', #2170, 1.249999999999973400, 0.7853981633978600600 ) ;
#4610 = CARTESIAN_POINT ( 'NONE',  ( 17.30435095264188300, 0.4826262486298922800, 0.8359331836933423500 ) ) ;
#4611 = CARTESIAN_POINT ( 'NONE',  ( 16.40000000000000600, -0.6249999999999872300, -1.082531754730524900 ) ) ;
#4612 = CARTESIAN_POINT ( 'NONE',  ( 15.74810095264188300, -0.9652524972597845700, -0.5572887891288946800 ) ) ;
#4613 = CARTESIAN_POINT ( 'NONE',  ( 16.41121392896279800, -1.278124999999973800, -0.7379258128079745300 ) ) ;
#4614 = EDGE_CURVE ( 'NONE', #2713, #2174, #3457, .T. ) ;
#4615 = CYLINDRICAL_SURFACE ( 'NONE', #3857, 1.249999999999973400 ) ;
#4616 = CARTESIAN_POINT ( 'NONE',  ( 15.35435095264188200, 0.4826262486298914500, -0.8359331836933428000 ) ) ;
#4617 = VECTOR ( 'NONE', #3648, 1000.000000000000000 ) ;
#4618 = CARTESIAN_POINT ( 'NONE',  ( 4.800000000000001600, 0.8855883539335637200, -0.6346123631198470300 ) ) ;
#4619 = AXIS2_PLACEMENT_3D ( 'NONE', #1016, #579, #146 ) ;
#4620 = DIRECTION ( 'NONE',  ( 0.0000000000000000000, 0.0000000000000000000, 1.000000000000000000 ) ) ;
#4621 = DIRECTION ( 'NONE',  ( -1.000000000000000000, -0.0000000000000000000, -0.0000000000000000000 ) ) ;
#4622 = CARTESIAN_POINT ( 'NONE',  ( 4.414951905283758500, -0.6249999999999872300, -1.082531754730524900 ) ) ;
#4623 = VERTEX_POINT ( 'NONE', #2494 ) ;
#4624 = CARTESIAN_POINT ( 'NONE',  ( 19.74871392896280000, 1.278124999999973500, 0.0000000000000000000 ) ) ;
#4625 = CARTESIAN_POINT ( 'NONE',  ( 2.329350952641880700, -0.4826262486298926200, -0.8359331836933422400 ) ) ;
#4626 = CARTESIAN_POINT ( 'NONE',  ( 16.64123797632096200, 0.6390624999999867700, 1.106888719211962500 ) ) ;
#4627 = CARTESIAN_POINT ( 'NONE',  ( 18.46685095264188100, -2.047445795422216600E-016, -1.114577578257790000 ) ) ;
#4628 = CARTESIAN_POINT ( 'NONE',  ( 17.11250000000000100, -2.498395430326213100E-015, 1.249999999999973400 ) ) ;
#4629 = CARTESIAN_POINT ( 'NONE',  ( 16.76060095264188400, 0.4826262486298914500, -0.8359331836933428000 ) ) ;
#4630 = EDGE_LOOP ( 'NONE', ( #175, #1242, #2655, #597, #2166 ) ) ;
#4631 = CARTESIAN_POINT ( 'NONE',  ( 15.96121392896280100, -1.278124999999973800, -0.7379258128079745300 ) ) ;
#4632 = ORIENTED_EDGE ( 'NONE', *, *, #5115, .T. ) ;
#4633 = CARTESIAN_POINT ( 'NONE',  ( 1.275000000000002800, 0.6249999999999856800, -1.082531754730525800 ) ) ;
#4634 = EDGE_CURVE ( 'NONE', #2673, #4703, #3170, .T. ) ;
#4635 = CARTESIAN_POINT ( 'NONE',  ( 16.40435095264188100, 0.4826262486298922800, 0.8359331836933423500 ) ) ;
#4636 = CARTESIAN_POINT ( 'NONE',  ( 2.202451905283759000, 2.149782114466741500E-015, -1.249999999999973400 ) ) ;
#4637 = PLANE ( 'NONE',  #2937 ) ;
#4638 = EDGE_LOOP ( 'NONE', ( #3908, #1510, #2400, #610, #3332, #2783 ) ) ;
#4639 = CARTESIAN_POINT ( 'NONE',  ( 16.44185095264187900, 6.824819318074054600E-017, 1.114577578257790000 ) ) ;
#4640 = CARTESIAN_POINT ( 'NONE',  ( 2.629350952641880600, -0.4826262486298919500, 0.8359331836933424600 ) ) ;
#4641 = CARTESIAN_POINT ( 'NONE',  ( 15.96623797632096000, -0.6390624999999872100, -1.106888719211962300 ) ) ;
#4642 = ORIENTED_EDGE ( 'NONE', *, *, #1587, .T. ) ;
#4643 = EDGE_CURVE ( 'NONE', #677, #2080, #4011, .T. ) ;
#4644 = CARTESIAN_POINT ( 'NONE',  ( 17.94185095264188200, -0.9652524972597844600, -0.5572887891288946800 ) ) ;
#4645 = CARTESIAN_POINT ( 'NONE',  ( 0.5625000000000027800, -5.229199737892074000E-016, 1.249999999999973600 ) ) ;
#4646 = CARTESIAN_POINT ( 'NONE',  ( 15.44810095264188200, 0.9652524972597840100, -0.5572887891288955700 ) ) ;
#4647 = ORIENTED_EDGE ( 'NONE', *, *, #4194, .F. ) ;
#4648 = CARTESIAN_POINT ( 'NONE',  ( 18.69185095264187900, 6.824819318074054600E-017, 1.114577578257790000 ) ) ;
#4649 = CARTESIAN_POINT ( 'NONE',  ( 1.442403810567668400, 0.3349364905388950700, 1.249999999999973800 ) ) ;
#4650 = CARTESIAN_POINT ( 'NONE',  ( 18.97745190528375800, -5.200148628237119300E-015, 1.249999999999973400 ) ) ;
#4651 = ORIENTED_EDGE ( 'NONE', *, *, #1931, .T. ) ;
#4652 = CARTESIAN_POINT ( 'NONE',  ( 18.50735571585142100, 0.3349364905388962900, 1.249999999999973100 ) ) ;
#4653 = CARTESIAN_POINT ( 'NONE',  ( 2.366850952641880800, -2.047445795422216600E-016, -1.114577578257790000 ) ) ;
#4654 = DATE_AND_TIME ( #630, #4525 ) ;
#4655 = CARTESIAN_POINT ( 'NONE',  ( 16.62935095264187900, -0.4826262486298926200, -0.8359331836933422400 ) ) ;
#4656 = CARTESIAN_POINT ( 'NONE',  ( 1.879350952641880800, -0.4826262486298926200, -0.8359331836933422400 ) ) ;
#4657 = CARTESIAN_POINT ( 'NONE',  ( 4.935600952641880000, -0.4826262486298919500, 0.8359331836933424600 ) ) ;
#4658 = CARTESIAN_POINT ( 'NONE',  ( 16.47935095264188400, -0.4826262486298919500, 0.8359331836933424600 ) ) ;
#4659 = CARTESIAN_POINT ( 'NONE',  ( 15.78560095264188200, -0.4826262486298926200, -0.8359331836933422400 ) ) ;
#4660 = CARTESIAN_POINT ( 'NONE',  ( 18.61685095264188000, 0.9652524972597843500, 0.5572887891288949000 ) ) ;
#4661 = CARTESIAN_POINT ( 'NONE',  ( 1.361213928962800500, 1.278124999999973300, -0.7379258128079758700 ) ) ;
#4662 = VECTOR ( 'NONE', #4126, 1000.000000000000000 ) ;
#4663 = CARTESIAN_POINT ( 'NONE',  ( 0.09419872981192216300, -2.855770560857619500E-011, 1.218301270188127100 ) ) ;
#4664 = CARTESIAN_POINT ( 'NONE',  ( 0.3472475027402641100, 0.2312385016830907100, 0.9652524972593792300 ) ) ;
#4665 = CARTESIAN_POINT ( 'NONE',  ( 0.0000000000000000000, 1.530808498934159000E-016, -1.249999999999973400 ) ) ;
#4666 = EDGE_CURVE ( 'NONE', #4585, #2146, #2054, .T. ) ;
#4667 = CARTESIAN_POINT ( 'NONE',  ( 4.691850952641879700, 0.9652524972597841300, -0.5572887891288955700 ) ) ;
#4668 = CARTESIAN_POINT ( 'NONE',  ( 15.57935095264188200, -0.4826262486298919500, 0.8359331836933424600 ) ) ;
#4669 = CARTESIAN_POINT ( 'NONE',  ( 3.641850952641880700, -0.9652524972597845700, -0.5572887891288946800 ) ) ;
#4670 = CARTESIAN_POINT ( 'NONE',  ( 1.966237976320960800, -0.6390624999999863200, 1.106888719211962700 ) ) ;
#4671 = CARTESIAN_POINT ( 'NONE',  ( 18.87935095264188200, -0.4826262486298926200, -0.8359331836933422400 ) ) ;
#4672 = FACE_OUTER_BOUND ( 'NONE', #3397, .T. ) ;
#4673 = CARTESIAN_POINT ( 'NONE',  ( 19.02500000000000200, -1.249999999999973400, 1.530808498934158800E-016 ) ) ;
#4674 = ADVANCED_FACE ( 'NONE', ( #4148 ), #4843, .F. ) ;
#4675 = CARTESIAN_POINT ( 'NONE',  ( 18.16685095264188000, 0.9652524972597843500, 0.5572887891288949000 ) ) ;
#4676 = ORIENTED_EDGE ( 'NONE', *, *, #3360, .F. ) ;
#4677 = CARTESIAN_POINT ( 'NONE',  ( 1.961213928962800600, 9.036984846634956000E-017, 1.475851625615950200 ) ) ;
#4678 = CARTESIAN_POINT ( 'NONE',  ( 18.23750000000000400, -4.938688641342514700E-016, -1.249999999999973400 ) ) ;
#4679 = CARTESIAN_POINT ( 'NONE',  ( 19.53995190528375800, -1.249999999999973400, 1.530808498934159000E-016 ) ) ;
#4680 = CARTESIAN_POINT ( 'NONE',  ( 0.1162356780567996000, -0.5944823392114680900, 1.081093811594914000 ) ) ;
#4681 = ORIENTED_EDGE ( 'NONE', *, *, #4052, .T. ) ;
#4682 = CARTESIAN_POINT ( 'NONE',  ( 3.327451905283759000, 1.452555482747798400E-016, 1.249999999999973100 ) ) ;
#4683 = CARTESIAN_POINT ( 'NONE',  ( 0.0000000000000000000, 0.0000000000000000000, 0.0000000000000000000 ) ) ;
#4684 = B_SPLINE_CURVE_WITH_KNOTS ( 'NONE', 3,
 ( #4120, #2109, #1289, #4948, #1651, #3680 ),
 .UNSPECIFIED., .F., .F.,
 ( 4, 2, 4 ),
 ( 0.0000000000000000000, 0.0003867775904056356600, 0.0007735551808112713300 ),
 .UNSPECIFIED. ) ;
#4685 = CARTESIAN_POINT ( 'NONE',  ( 0.0000000000000000000, 0.0000000000000000000, 0.0000000000000000000 ) ) ;
#4686 = CARTESIAN_POINT ( 'NONE',  ( 4.016850952641880700, -0.9652524972597841300, 0.5572887891288953500 ) ) ;
#4687 = CARTESIAN_POINT ( 'NONE',  ( 15.39185095264188200, 0.9652524972597841300, -0.5572887891288955700 ) ) ;
#4688 = ORIENTED_EDGE ( 'NONE', *, *, #5047, .F. ) ;
#4689 = CARTESIAN_POINT ( 'NONE',  ( 2.441850952641881000, 0.9652524972597840100, -0.5572887891288955700 ) ) ;
#4690 = CARTESIAN_POINT ( 'NONE',  ( 0.7662379763209608000, -0.6390624999999872100, -1.106888719211962300 ) ) ;
#4691 = CARTESIAN_POINT ( 'NONE',  ( 19.66685095264188000, -0.9652524972597841300, 0.5572887891288953500 ) ) ;
#4692 = CARTESIAN_POINT ( 'NONE',  ( 17.47310095264187900, -0.9652524972597841300, 0.5572887891288953500 ) ) ;
#4693 = ORIENTED_EDGE ( 'NONE', *, *, #2695, .F. ) ;
#4694 = CARTESIAN_POINT ( 'NONE',  ( 17.94185095264188200, -0.9652524972597845700, -0.5572887891288946800 ) ) ;
#4695 = CARTESIAN_POINT ( 'NONE',  ( 1.436213928962800900, 1.278124999999973800, 0.7379258128079749800 ) ) ;
#4696 = EDGE_LOOP ( 'NONE', ( #2894, #4303, #2667, #5217 ) ) ;
#4697 = DIRECTION ( 'NONE',  ( -1.000000000000000000, -0.0000000000000000000, -0.0000000000000000000 ) ) ;
#4698 = EDGE_CURVE ( 'NONE', #4807, #2, #2143, .T. ) ;
#4699 = CARTESIAN_POINT ( 'NONE',  ( 15.82745190528375700, 1.452555482747798400E-016, 1.249999999999973100 ) ) ;
#4700 = ADVANCED_FACE ( 'NONE', ( #3059 ), #182, .F. ) ;
#4701 = CARTESIAN_POINT ( 'NONE',  ( 0.0000000000000000000, 1.530808498934159000E-016, -1.249999999999973400 ) ) ;
#4702 = CARTESIAN_POINT ( 'NONE',  ( 3.375000000000002200, -1.249999999999973400, 1.530808498934159000E-016 ) ) ;
#4703 = VERTEX_POINT ( 'NONE', #2632 ) ;
#4704 = CARTESIAN_POINT ( 'NONE',  ( 4.954350952641880700, -0.9652524972597843500, 1.182093381138184100E-016 ) ) ;
#4705 = CARTESIAN_POINT ( 'NONE',  ( 16.92935095264188300, -0.4826262486298919500, 0.8359331836933424600 ) ) ;
#4706 = ORIENTED_EDGE ( 'NONE', *, *, #3087, .T. ) ;
#4707 = CARTESIAN_POINT ( 'NONE',  ( 15.27500000000000200, 0.6249999999999867900, 1.082531754730525100 ) ) ;
#4708 = CARTESIAN_POINT ( 'NONE',  ( 1.366237976320960900, 1.278124999999973300, 0.0000000000000000000 ) ) ;
#4709 = VERTEX_POINT ( 'NONE', #591 ) ;
#4710 = CARTESIAN_POINT ( 'NONE',  ( 18.91685095264188000, -2.047445795422216600E-016, -1.114577578257790000 ) ) ;
#4711 = ORIENTED_EDGE ( 'NONE', *, *, #5047, .T. ) ;
#4712 = CARTESIAN_POINT ( 'NONE',  ( 17.58560095264188300, -0.4826262486298926200, -0.8359331836933422400 ) ) ;
#4713 = EDGE_LOOP ( 'NONE', ( #1252, #1721, #712, #3865 ) ) ;
#4714 =( BOUNDED_CURVE ( )  B_SPLINE_CURVE ( 2, ( #3667, #3701, #2463, #5302, #1254, #417, #3261, #2518, #1233 ),
 .UNSPECIFIED., .F., .F. ) 
 B_SPLINE_CURVE_WITH_KNOTS ( ( 3, 2, 2, 2, 3 ),
 ( 0.4513888888888888400, 0.4583333333333333700, 0.4722222222222222100, 0.4861111111111111000, 0.4930555555555555200 ),
 .UNSPECIFIED. ) 
 CURVE ( )  GEOMETRIC_REPRESENTATION_ITEM ( )  RATIONAL_B_SPLINE_CURVE ( ( 0.9330127018922193000, 0.9330127018922187400, 1.000000000000000000, 0.8660254037844387100, 1.000000000000000000, 0.8660254037844387100, 1.000000000000000000, 0.9330127018922196300, 0.9330127018922194100 ) ) 
 REPRESENTATION_ITEM ( '' )  );
#4715 = CARTESIAN_POINT ( 'NONE',  ( 0.3472475027402641100, -0.06945377945402457500, 0.9627505159623658300 ) ) ;
#4716 = CARTESIAN_POINT ( 'NONE',  ( 1.323713928962800600, 0.6390624999999857700, -1.106888719211963400 ) ) ;
#4717 = CARTESIAN_POINT ( 'NONE',  ( 2.385600952641880700, -0.4826262486298926200, -0.8359331836933422400 ) ) ;
#4718 = CARTESIAN_POINT ( 'NONE',  ( 18.99754809471608800, -0.3349364905388985100, 1.249999999999971800 ) ) ;
#4719 = CARTESIAN_POINT ( 'NONE',  ( 2.427451905283759100, -5.200148628237119300E-015, 1.249999999999973400 ) ) ;
#4720 = CARTESIAN_POINT ( 'NONE',  ( 1.298100952641880700, 6.824819318074054600E-017, 1.114577578257790000 ) ) ;
#4721 = CARTESIAN_POINT ( 'NONE',  ( 17.97935095264188000, -0.4826262486298926200, -0.8359331836933422400 ) ) ;
#4722 = CARTESIAN_POINT ( 'NONE',  ( 3.016237976320960400, -0.6390624999999872100, -1.106888719211962300 ) ) ;
#4723 = FACE_OUTER_BOUND ( 'NONE', #227, .T. ) ;
#4724 = CARTESIAN_POINT ( 'NONE',  ( 19.29185095264188400, -0.9652524972597844600, -0.5572887891288946800 ) ) ;
#4725 = CARTESIAN_POINT ( 'NONE',  ( 18.78560095264188200, -0.4826262486298919500, 0.8359331836933424600 ) ) ;
#4726 = CARTESIAN_POINT ( 'NONE',  ( 15.07310095264188000, 0.9652524972597850100, 0.5572887891288952300 ) ) ;
#4727 = EDGE_CURVE ( 'NONE', #1093, #297, #1341, .T. ) ;
#4728 = CARTESIAN_POINT ( 'NONE',  ( 0.004350952641881013600, -0.9652524972597843500, 1.182093381138184100E-016 ) ) ;
#4729 = CARTESIAN_POINT ( 'NONE',  ( 3.023100952641880800, 0.9652524972597843500, 0.5572887891288949000 ) ) ;
#4730 = CARTESIAN_POINT ( 'NONE',  ( 2.407355715851425200, 0.3349364905388938500, 1.249999999999974900 ) ) ;
#4731 = EDGE_CURVE ( 'NONE', #2725, #799, #1165, .T. ) ;
#4732 = VECTOR ( 'NONE', #4995, 1000.000000000000000 ) ;
#4733 = CARTESIAN_POINT ( 'NONE',  ( 1.898100952641880400, -0.9652524972597844600, -0.5572887891288946800 ) ) ;
#4734 = CARTESIAN_POINT ( 'NONE',  ( 18.16685095264188000, 0.9652524972597842400, 0.5572887891288949000 ) ) ;
#4735 = CARTESIAN_POINT ( 'NONE',  ( 18.30245190528376000, 4.822484202722691300E-015, -1.249999999999973400 ) ) ;
#4736 = CARTESIAN_POINT ( 'NONE',  ( 2.753737976320960600, 1.278124999999973500, 0.7379258128079748700 ) ) ;
#4737 = CARTESIAN_POINT ( 'NONE',  ( 19.44185095264187900, 0.9652524972597841300, -0.5572887891288955700 ) ) ;
#4738 = CARTESIAN_POINT ( 'NONE',  ( 17.21060095264188300, 0.4826262486298914500, -0.8359331836933428000 ) ) ;
#4739 = ORIENTED_EDGE ( 'NONE', *, *, #3360, .T. ) ;
#4740 = CARTESIAN_POINT ( 'NONE',  ( 3.900000000000003000, -0.6249999999999872300, -1.082531754730524900 ) ) ;
#4741 = DIRECTION ( 'NONE',  ( 0.0000000000000000000, -0.4999999999999993300, -0.8660254037844390400 ) ) ;
#4742 = VERTEX_POINT ( 'NONE', #4779 ) ;
#4743 = CARTESIAN_POINT ( 'NONE',  ( 3.948713928962800200, -0.6390624999999873200, -1.106888719211962500 ) ) ;
#4744 = CARTESIAN_POINT ( 'NONE',  ( 15.20000000000000500, -0.5357391237887249000, -0.9720566507512893300 ) ) ;
#4745 = CARTESIAN_POINT ( 'NONE',  ( 4.223100952641880600, -2.047445795422216600E-016, -1.114577578257790000 ) ) ;
#4746 = ADVANCED_FACE ( 'NONE', ( #1597 ), #1462, .F. ) ;
#4747 = CARTESIAN_POINT ( 'NONE',  ( 16.76495190528376300, -0.6249999999999863400, 1.082531754730525300 ) ) ;
#4748 = CARTESIAN_POINT ( 'NONE',  ( 19.81250000000000400, -5.171097518582163300E-015, 1.249999999999973400 ) ) ;
#4749 = EDGE_LOOP ( 'NONE', ( #3928, #344, #4811, #3104 ) ) ;
#4750 = CARTESIAN_POINT ( 'NONE',  ( 1.635600952641880900, 0.9652524972597843500, 0.0000000000000000000 ) ) ;
#4751 = CARTESIAN_POINT ( 'NONE',  ( 18.69185095264187900, 6.824819318074054600E-017, 1.114577578257790000 ) ) ;
#4752 = CARTESIAN_POINT ( 'NONE',  ( 2.828737976320960800, 9.036984846634954800E-017, 1.475851625615950000 ) ) ;
#4753 = ORIENTED_EDGE ( 'NONE', *, *, #2008, .T. ) ;
#4754 = CARTESIAN_POINT ( 'NONE',  ( 17.39810095264188000, 6.824819318074054600E-017, 1.114577578257790000 ) ) ;
#4755 = CARTESIAN_POINT ( 'NONE',  ( 18.67310095264188200, 0.9652524972597843500, 0.5572887891288949000 ) ) ;
#4756 = EDGE_LOOP ( 'NONE', ( #271, #2550 ) ) ;
#4757 = CARTESIAN_POINT ( 'NONE',  ( 19.15373797632095800, -2.711095453990486600E-016, -1.475851625615950000 ) ) ;
#4758 = DIRECTION ( 'NONE',  ( -1.000000000000000000, -0.0000000000000000000, -0.0000000000000000000 ) ) ;
#4759 = CARTESIAN_POINT ( 'NONE',  ( 4.811213928962800400, -1.278124999999973800, -0.7379258128079745300 ) ) ;
#4760 = CARTESIAN_POINT ( 'NONE',  ( 15.19999999999999900, 0.7786434337203346200, -0.9778621595726770800 ) ) ;
#4761 = VERTEX_POINT ( 'NONE', #3891 ) ;
#4762 = EDGE_CURVE ( 'NONE', #1311, #3472, #3622, .T. ) ;
#4763 = CARTESIAN_POINT ( 'NONE',  ( 2.535600952641880600, 0.9652524972597843500, 0.0000000000000000000 ) ) ;
#4764 = CARTESIAN_POINT ( 'NONE',  ( 18.73235571585142600, -0.3349364905388941300, -1.249999999999974700 ) ) ;
#4765 = CARTESIAN_POINT ( 'NONE',  ( 0.0000000000000000000, 0.0000000000000000000, 1.249999999999973400 ) ) ;
#4766 = CARTESIAN_POINT ( 'NONE',  ( 2.835600952641880400, -0.4826262486298926200, -0.8359331836933422400 ) ) ;
#4767 = CARTESIAN_POINT ( 'NONE',  ( 18.35435095264188000, -0.9652524972597843500, 1.182093381138184100E-016 ) ) ;
#4768 = CARTESIAN_POINT ( 'NONE',  ( 18.12500000000000400, -1.249999999999973400, 1.530808498934158800E-016 ) ) ;
#4769 = CARTESIAN_POINT ( 'NONE',  ( 4.764054440264244400, 0.9652524972597843500, 0.5157297225497814400 ) ) ;
#4770 = CARTESIAN_POINT ( 'NONE',  ( 3.728737976320960300, 9.036984846634954800E-017, 1.475851625615950000 ) ) ;
#4771 = VERTEX_POINT ( 'NONE', #3096 ) ;
#4772 = AXIS2_PLACEMENT_3D ( 'NONE', #824, #4094, #4526 ) ;
#4773 = CARTESIAN_POINT ( 'NONE',  ( 17.54810095264188200, -0.9652524972597844600, -0.5572887891288946800 ) ) ;
#4774 = EDGE_LOOP ( 'NONE', ( #987, #4577, #3153, #726 ) ) ;
#4775 =( BOUNDED_CURVE ( )  B_SPLINE_CURVE ( 2, ( #6, #1231, #857, #2461, #451, #3720, #1637, #4539, #4486 ),
 .UNSPECIFIED., .F., .F. ) 
 B_SPLINE_CURVE_WITH_KNOTS ( ( 3, 2, 2, 2, 3 ),
 ( 0.3680555555555554700, 0.3750000000000000000, 0.3888888888888888400, 0.4027777777777777900, 0.4097222222222222100 ),
 .UNSPECIFIED. ) 
 CURVE ( )  GEOMETRIC_REPRESENTATION_ITEM ( )  RATIONAL_B_SPLINE_CURVE ( ( 0.9330127018922193000, 0.9330127018922187400, 1.000000000000000000, 0.8660254037844387100, 1.000000000000000000, 0.8660254037844387100, 1.000000000000000000, 0.9330127018922194100, 0.9330127018922194100 ) ) 
 REPRESENTATION_ITEM ( '' )  );
#4776 = ADVANCED_FACE ( 'NONE', ( #1980 ), #1049, .F. ) ;
#4777 =( BOUNDED_CURVE ( )  B_SPLINE_CURVE ( 2, ( #1945, #2360, #311, #2296, #658, #4334, #4740, #260, #2506 ),
 .UNSPECIFIED., .F., .F. ) 
 B_SPLINE_CURVE_WITH_KNOTS ( ( 3, 2, 2, 2, 3 ),
 ( 0.6875000000000000000, 0.6944444444444444200, 0.7083333333333333700, 0.7222222222222222100, 0.7291666666666667400 ),
 .UNSPECIFIED. ) 
 CURVE ( )  GEOMETRIC_REPRESENTATION_ITEM ( )  RATIONAL_B_SPLINE_CURVE ( ( 0.9330127018922194100, 0.9330127018922194100, 1.000000000000000000, 0.8660254037844387100, 1.000000000000000000, 0.8660254037844387100, 1.000000000000000000, 0.9330127018922187400, 0.9330127018922193000 ) ) 
 REPRESENTATION_ITEM ( '' )  );
#4778 = CARTESIAN_POINT ( 'NONE',  ( 18.25373797632095900, -2.711095453990486600E-016, -1.475851625615950000 ) ) ;
#4779 = CARTESIAN_POINT ( 'NONE',  ( 1.753521283679683000E-015, 0.0000000000000000000, 1.312500000000049700 ) ) ;
#4780 = CARTESIAN_POINT ( 'NONE',  ( 4.211213928962799900, 9.036984846634956000E-017, 1.475851625615950200 ) ) ;
#4781 = FACE_OUTER_BOUND ( 'NONE', #3335, .T. ) ;
#4782 = CARTESIAN_POINT ( 'NONE',  ( 4.125000000000001800, 0.6249999999999867900, 1.082531754730525300 ) ) ;
#4783 = CARTESIAN_POINT ( 'NONE',  ( 2.273100952641880800, -0.9652524972597841300, 0.5572887891288953500 ) ) ;
#4784 = CARTESIAN_POINT ( 'NONE',  ( 15.76250000000000300, -5.229199737892074000E-016, 1.249999999999973600 ) ) ;
#4785 = CARTESIAN_POINT ( 'NONE',  ( 15.38750000000000100, -1.249999999999973100, 0.7216878364870171800 ) ) ;
#4786 = CARTESIAN_POINT ( 'NONE',  ( 2.460600952641880400, 0.4826262486298914500, -0.8359331836933428000 ) ) ;
#4787 = CARTESIAN_POINT ( 'NONE',  ( 0.1875000000000027500, -1.249999999999973400, 0.7216878364870171800 ) ) ;
#4788 = DIRECTION ( 'NONE',  ( -1.000000000000000000, -0.0000000000000000000, -0.0000000000000000000 ) ) ;
#4789 = CARTESIAN_POINT ( 'NONE',  ( 2.566237976320960600, -0.6390624999999872100, -1.106888719211962300 ) ) ;
#4790 = CC_DESIGN_SECURITY_CLASSIFICATION ( #3874, ( #685 ) ) ;
#4791 = CARTESIAN_POINT ( 'NONE',  ( 16.04810095264188200, 6.824819318074054600E-017, 1.114577578257790000 ) ) ;
#4792 = CYLINDRICAL_SURFACE ( 'NONE', #3985, 1.249999999999973400 ) ;
#4793 = CARTESIAN_POINT ( 'NONE',  ( 19.46060095264188000, 0.4826262486298914500, -0.8359331836933428000 ) ) ;
#4794 = CARTESIAN_POINT ( 'NONE',  ( 2.160600952641880600, 0.4826262486298922800, 0.8359331836933423500 ) ) ;
#4795 = CARTESIAN_POINT ( 'NONE',  ( 18.36623797632096000, 1.278124999999973300, 0.0000000000000000000 ) ) ;
#4796 = CARTESIAN_POINT ( 'NONE',  ( 16.19810095264188000, -0.9652524972597851200, -0.5572887891288950100 ) ) ;
#4797 = LINE ( 'NONE', #2098, #319 ) ;
#4798 = EDGE_CURVE ( 'NONE', #3811, #1529, #5197, .T. ) ;
#4799 = CARTESIAN_POINT ( 'NONE',  ( 4.548713928962800200, 1.278124999999973500, 0.0000000000000000000 ) ) ;
#4800 = CARTESIAN_POINT ( 'NONE',  ( 20.00000000000000000, -0.9340480779059849900, -2.058803302138240400 ) ) ;
#4801 = CARTESIAN_POINT ( 'NONE',  ( 19.92172769284587400, -1.881931238497224200, -1.511542704210576500 ) ) ;
#4802 = ADVANCED_FACE ( 'NONE', ( #2686 ), #2685, .T. ) ;
#4803 = VECTOR ( 'NONE', #626, 1000.000000000000000 ) ;
#4804 = DIRECTION ( 'NONE',  ( 0.0000000000000000000, 0.0000000000000000000, 1.000000000000000000 ) ) ;
#4805 =( BOUNDED_CURVE ( )  B_SPLINE_CURVE ( 2, ( #3855, #3364, #3786, #979, #101, #2229, #540, #4646, #4250, #1347, #2597, #559, #4197, #1761, #1417, #4612, #4659, #2214, #2613, #1814, #3015, #2180, #5023, #947, #5089, #3382, #3804, #1400, #1367, #2581, #1383, #589, #119, #2967, #141, #4214, #572, #2985, #3435, #1779, #5053, #4269, #4629, #3004, #2631, #962, #3032, #3413, #995, #240, #4301, #3920, #2698, #2279, #4738, #2666, #1477, #3505, #2310, #3047, #225, #4692, #3093, #1864, #4712, #5137, #5106, #207, #1078, #1491, #4351, #3489, #191, #3940, #3889, #3062, #656, #3107, #3903, #1047, #2682, #672, #3077, #642, #1460, #5154, #4333, #5122, #1062, #608, #1912, #4315, #1897, #4755, #627, #1882, #4725, #2265, #2712, #3518, #2295, #2323, #259, #2647, #3453, #3471, #1012, #1028, #1447, #3872, #1431, #4284, #1846, #1528, #4793, #2794, #310, #5188, #1544, #2359, #1926 ),
 .UNSPECIFIED., .F., .F. ) 
 B_SPLINE_CURVE_WITH_KNOTS ( ( 3, 2, 2, 2, 2, 2, 2, 2, 2, 2, 2, 2, 2, 2, 2, 2, 2, 2, 2, 2, 2, 2, 2, 2, 2, 2, 2, 2, 2, 2, 2, 2, 2, 2, 2, 2, 2, 2, 2, 2, 2, 2, 2, 2, 2, 2, 2, 2, 2, 2, 2, 2, 2, 2, 2, 2, 2, 2, 2, 2, 3 ),
 ( 0.03063139315884486400, 0.04166666666666666400, 0.05555555555555555200, 0.06944444444444444800, 0.08333333333333332900, 0.09722222222222222400, 0.1111111111111111000, 0.1250000000000000000, 0.1388888888888889000, 0.1527777777777777900, 0.1666666666666666600, 0.1805555555555555500, 0.1944444444444444500, 0.2083333333333333400, 0.2222222222222222100, 0.2361111111111111000, 0.2500000000000000600, 0.2638888888888889000, 0.2777777777777777900, 0.2916666666666666900, 0.3055555555555555800, 0.3194444444444444200, 0.3333333333333333100, 0.3472222222222222100, 0.3611111111111111000, 0.3750000000000000000, 0.3888888888888889000, 0.4027777777777777300, 0.4166666666666666900, 0.4305555555555555800, 0.4444444444444444200, 0.4583333333333332600, 0.4722222222222222100, 0.4861111111111111000, 0.5000000000000000000, 0.5138888888888887300, 0.5277777777777777900, 0.5416666666666666300, 0.5555555555555555800, 0.5694444444444444200, 0.5833333333333333700, 0.5972222222222222100, 0.6111111111111111600, 0.6250000000000000000, 0.6388888888888888400, 0.6527777777777777900, 0.6666666666666666300, 0.6805555555555554700, 0.6944444444444444200, 0.7083333333333333700, 0.7222222222222222100, 0.7361111111111111600, 0.7500000000000000000, 0.7638888888888888400, 0.7777777777777777900, 0.7916666666666665200, 0.8055555555555556900, 0.8194444444444444200, 0.8333333333333333700, 0.8472222222222222100, 0.8549711355039576500 ),
 .UNSPECIFIED. ) 
 CURVE ( )  GEOMETRIC_REPRESENTATION_ITEM ( )  RATIONAL_B_SPLINE_CURVE ( ( 0.9562582671238779600, 0.8935518655116131400, 1.000000000000000000, 0.8660254037844387100, 1.000000000000000000, 0.8660254037844387100, 1.000000000000000000, 0.8660254037844387100, 1.000000000000000000, 0.8660254037844387100, 1.000000000000000000, 0.8660254037844387100, 1.000000000000000000, 0.8660254037844387100, 1.000000000000000000, 0.8660254037844387100, 1.000000000000000000, 0.8660254037844387100, 1.000000000000000000, 0.8660254037844387100, 1.000000000000000000, 0.8660254037844387100, 1.000000000000000000, 0.8660254037844387100, 1.000000000000000000, 0.8660254037844387100, 1.000000000000000000, 0.8660254037844387100, 1.000000000000000000, 0.8660254037844387100, 1.000000000000000000, 0.8660254037844387100, 1.000000000000000000, 0.8660254037844387100, 1.000000000000000000, 0.8660254037844387100, 1.000000000000000000, 0.8660254037844387100, 1.000000000000000000, 0.8660254037844387100, 1.000000000000000000, 0.8660254037844387100, 1.000000000000000000, 0.8660254037844387100, 1.000000000000000000, 0.8660254037844387100, 1.000000000000000000, 0.8660254037844387100, 1.000000000000000000, 0.8660254037844387100, 1.000000000000000000, 0.8660254037844387100, 1.000000000000000000, 0.8660254037844387100, 1.000000000000000000, 0.8660254037844387100, 1.000000000000000000, 0.8660254037844387100, 1.000000000000000000, 0.8660254037844387100, 1.000000000000000000, 0.8660254037844387100, 1.000000000000000000, 0.8660254037844387100, 1.000000000000000000, 0.8660254037844387100, 1.000000000000000000, 0.8660254037844387100, 1.000000000000000000, 0.8660254037844387100, 1.000000000000000000, 0.8660254037844387100, 1.000000000000000000, 0.8660254037844387100, 1.000000000000000000, 0.8660254037844387100, 1.000000000000000000, 0.8660254037844387100, 1.000000000000000000, 0.8660254037844387100, 1.000000000000000000, 0.8660254037844387100, 1.000000000000000000, 0.8660254037844387100, 1.000000000000000000, 0.8660254037844387100, 1.000000000000000000, 0.8660254037844387100, 1.000000000000000000, 0.8660254037844387100, 1.000000000000000000, 0.8660254037844387100, 1.000000000000000000, 0.8660254037844387100, 1.000000000000000000, 0.8660254037844387100, 1.000000000000000000, 0.8660254037844387100, 1.000000000000000000, 0.8660254037844387100, 1.000000000000000000, 0.8660254037844387100, 1.000000000000000000, 0.8660254037844387100, 1.000000000000000000, 0.8660254037844387100, 1.000000000000000000, 0.8660254037844387100, 1.000000000000000000, 0.8660254037844387100, 1.000000000000000000, 0.8660254037844387100, 1.000000000000000000, 0.8660254037844387100, 1.000000000000000000, 0.8660254037844387100, 1.000000000000000000, 0.8660254037844387100, 1.000000000000000000, 0.9252526579818471900, 0.9339116526364936700 ) ) 
 REPRESENTATION_ITEM ( '' )  );
#4806 = CARTESIAN_POINT ( 'NONE',  ( 2.760600952641880700, -0.9652524972597843500, 1.182093381138184100E-016 ) ) ;
#4807 = VERTEX_POINT ( 'NONE', #774 ) ;
#4808 = CARTESIAN_POINT ( 'NONE',  ( 4.666237976320960700, -0.6390624999999863200, 1.106888719211962700 ) ) ;
#4809 = CARTESIAN_POINT ( 'NONE',  ( 17.81060095264188100, 0.4826262486298922800, 0.8359331836933423500 ) ) ;
#4810 = CARTESIAN_POINT ( 'NONE',  ( 0.5899519052837590700, 0.6249999999999866800, 1.082531754730525100 ) ) ;
#4811 = ORIENTED_EDGE ( 'NONE', *, *, #5180, .T. ) ;
#4812 = CARTESIAN_POINT ( 'NONE',  ( 19.37873797632096300, 9.036984846634954800E-017, 1.475851625615950000 ) ) ;
#4813 = CARTESIAN_POINT ( 'NONE',  ( 16.83560095264188000, 0.9652524972597850100, 0.0000000000000000000 ) ) ;
#4814 = CARTESIAN_POINT ( 'NONE',  ( 0.0000000000000000000, 0.0000000000000000000, 0.0000000000000000000 ) ) ;
#4815 = CARTESIAN_POINT ( 'NONE',  ( 2.554350952641880800, 0.4826262486298922800, 0.8359331836933423500 ) ) ;
#4816 = ORIENTED_EDGE ( 'NONE', *, *, #2590, .F. ) ;
#4817 = ORIENTED_EDGE ( 'NONE', *, *, #424, .T. ) ;
#4818 = CARTESIAN_POINT ( 'NONE',  ( 3.210600952641880400, -0.9652524972597843500, 1.182093381138184100E-016 ) ) ;
#4819 = DIRECTION ( 'NONE',  ( 1.000000000000000000, 0.0000000000000000000, 0.0000000000000000000 ) ) ;
#4820 = CARTESIAN_POINT ( 'NONE',  ( 0.0000000000000000000, 0.0000000000000000000, 0.0000000000000000000 ) ) ;
#4821 = CARTESIAN_POINT ( 'NONE',  ( 17.10245190528375800, 1.249999999999973400, 0.7216878364870166200 ) ) ;
#4822 = CARTESIAN_POINT ( 'NONE',  ( 18.37310095264188100, -0.9652524972597841300, 0.5572887891288953500 ) ) ;
#4823 = DIRECTION ( 'NONE',  ( 0.0000000000000000000, 0.0000000000000000000, 1.000000000000000000 ) ) ;
#4824 = VERTEX_POINT ( 'NONE', #4863 ) ;
#4825 = CARTESIAN_POINT ( 'NONE',  ( 2.025000000000002600, -1.249999999999973400, 1.530808498934159000E-016 ) ) ;
#4826 = ADVANCED_FACE ( 'NONE', ( #2303 ), #2426, .F. ) ;
#4827 = CARTESIAN_POINT ( 'NONE',  ( 17.69123797632095900, -1.278124999999973300, 1.565251690160178100E-016 ) ) ;
#4828 = CARTESIAN_POINT ( 'NONE',  ( 15.78560095264187900, -0.4826262486298929500, -0.8359331836933428000 ) ) ;
#4829 = ORIENTED_EDGE ( 'NONE', *, *, #2008, .F. ) ;
#4830 = CARTESIAN_POINT ( 'NONE',  ( 0.0000000000000000000, 0.0000000000000000000, 2.249999999999998700 ) ) ;
#4831 = CARTESIAN_POINT ( 'NONE',  ( 2.179350952641880800, -0.4826262486298919500, 0.8359331836933424600 ) ) ;
#4832 = CARTESIAN_POINT ( 'NONE',  ( 4.260600952641880200, 0.4826262486298914500, -0.8359331836933428000 ) ) ;
#4833 = ORIENTED_EDGE ( 'NONE', *, *, #1034, .T. ) ;
#4834 = CARTESIAN_POINT ( 'NONE',  ( 4.657355715851424300, 0.3349364905388962900, 1.249999999999973100 ) ) ;
#4835 = EDGE_CURVE ( 'NONE', #3134, #3472, #4399, .T. ) ;
#4836 = CARTESIAN_POINT ( 'NONE',  ( 19.79903810567666200, -1.620551435720649300E-015, 2.598076211353314700 ) ) ;
#4837 = DIRECTION ( 'NONE',  ( -1.000000000000000000, -0.0000000000000000000, -0.0000000000000000000 ) ) ;
#4838 = CARTESIAN_POINT ( 'NONE',  ( 3.773100952641880800, -2.047445795422216600E-016, -1.114577578257790000 ) ) ;
#4839 = CARTESIAN_POINT ( 'NONE',  ( 16.86740381056766900, -0.3349364905388966300, -1.249999999999973100 ) ) ;
#4840 = CARTESIAN_POINT ( 'NONE',  ( 4.478737976320960700, 1.278124999999972900, -0.7379258128079757600 ) ) ;
#4841 = CARTESIAN_POINT ( 'NONE',  ( 18.82310095264188000, -0.9652524972597841300, 0.5572887891288953500 ) ) ;
#4842 = DIRECTION ( 'NONE',  ( 0.0000000000000000000, 0.0000000000000000000, -1.000000000000000000 ) ) ;
#4843 = CYLINDRICAL_SURFACE ( 'NONE', #2644, 1.249999999999973400 ) ;
#4844 = CARTESIAN_POINT ( 'NONE',  ( 17.13560095264188000, -0.4826262486298929500, -0.8359331836933428000 ) ) ;
#4845 = CARTESIAN_POINT ( 'NONE',  ( 20.00000000000000000, 9.144215405900934900E-016, -2.598076211353313800 ) ) ;
#4846 = CARTESIAN_POINT ( 'NONE',  ( 2.929350952641880400, 0.9652524972597843500, 0.0000000000000000000 ) ) ;
#4847 = CARTESIAN_POINT ( 'NONE',  ( 2.460600952641880400, 0.4826262486298914500, -0.8359331836933428000 ) ) ;
#4848 = FACE_OUTER_BOUND ( 'NONE', #4579, .T. ) ;
#4849 = ADVANCED_FACE ( 'NONE', ( #3238 ), #2683, .F. ) ;
#4850 = CARTESIAN_POINT ( 'NONE',  ( 15.20221372309952600, -0.9652524972597842400, 0.03176144169998700700 ) ) ;
#4851 = CARTESIAN_POINT ( 'NONE',  ( 0.01945516159446188500, -2.249999999999998700, 0.4427403223608896200 ) ) ;
#4852 = CARTESIAN_POINT ( 'NONE',  ( 0.4731009526418808500, -0.9652524972597841300, 0.5572887891288953500 ) ) ;
#4853 = LINE ( 'NONE', #3964, #2754 ) ;
#4854 = CARTESIAN_POINT ( 'NONE',  ( 0.2481009526418809000, 0.9652524972597841300, -0.5572887891288955700 ) ) ;
#4855 = CARTESIAN_POINT ( 'NONE',  ( 20.22935095264188400, -0.4826262486298926200, -0.8359331836933422400 ) ) ;
#4856 = CARTESIAN_POINT ( 'NONE',  ( 1.687500000000002700, -5.229199737892074000E-016, -1.249999999999973400 ) ) ;
#4857 = DIRECTION ( 'NONE',  ( 0.0000000000000000000, 0.0000000000000000000, 1.000000000000000000 ) ) ;
#4858 = CARTESIAN_POINT ( 'NONE',  ( 4.928737976320960900, 1.278124999999972900, -0.7379258128079757600 ) ) ;
#4859 = CARTESIAN_POINT ( 'NONE',  ( 18.48560095264188200, -0.4826262486298926200, -0.8359331836933422400 ) ) ;
#4860 = CARTESIAN_POINT ( 'NONE',  ( 20.00000000000000000, 1.315951922094003000, -1.838311014891735900 ) ) ;
#4861 = CARTESIAN_POINT ( 'NONE',  ( 0.1543509526418810100, 0.4826262486298914500, -0.8359331836933428000 ) ) ;
#4862 = CYLINDRICAL_SURFACE ( 'NONE', #3977, 1.249999999999973400 ) ;
#4863 = CARTESIAN_POINT ( 'NONE',  ( 0.2009618943233406300, 2.249999999999998700, -1.299038105676656700 ) ) ;
#4864 = CARTESIAN_POINT ( 'NONE',  ( 16.46060095264188000, 0.4826262486298926200, 0.8359331836933430200 ) ) ;
#4865 = EDGE_CURVE ( 'NONE', #2004, #1701, #1810, .T. ) ;
#4866 = VECTOR ( 'NONE', #5168, 1000.000000000000000 ) ;
#4867 = CARTESIAN_POINT ( 'NONE',  ( 0.7168509526418809200, 0.9652524972597842400, 0.5572887891288949000 ) ) ;
#4868 = CARTESIAN_POINT ( 'NONE',  ( 3.698100952641880200, -0.9652524972597844600, -0.5572887891288946800 ) ) ;
#4869 = EDGE_LOOP ( 'NONE', ( #2324, #4234, #3605, #1164 ) ) ;
#4870 =( BOUNDED_CURVE ( )  B_SPLINE_CURVE ( 2, ( #4394, #3992, #3528, #4785, #2368, #1155, #2332, #5214, #2753 ),
 .UNSPECIFIED., .F., .F. ) 
 B_SPLINE_CURVE_WITH_KNOTS ( ( 3, 2, 2, 2, 3 ),
 ( 0.02083333333333333200, 0.02777777777777777600, 0.04166666666666666400, 0.05555555555555555200, 0.06250000000000000000 ),
 .UNSPECIFIED. ) 
 CURVE ( )  GEOMETRIC_REPRESENTATION_ITEM ( )  RATIONAL_B_SPLINE_CURVE ( ( 0.9330127018922194100, 0.9330127018922194100, 1.000000000000000000, 0.8660254037844387100, 1.000000000000000000, 0.8660254037844387100, 1.000000000000000000, 0.9330127018922194100, 0.9330127018922194100 ) ) 
 REPRESENTATION_ITEM ( '' )  );
#4871 = CARTESIAN_POINT ( 'NONE',  ( 19.79903810567666200, -2.249999999999998200, -1.299038105676658200 ) ) ;
#4872 = B_SPLINE_CURVE_WITH_KNOTS ( 'NONE', 3,
 ( #900, #1296, #1767, #860, #4166, #1272, #4618, #3724, #4127, #1316 ),
 .UNSPECIFIED., .F., .F.,
 ( 4, 2, 2, 2, 4 ),
 ( 0.0002988553333323780800, 0.0009377681045840481900, 0.001576680875835718200, 0.002215593647087388100, 0.002854506418339058900 ),
 .UNSPECIFIED. ) ;
#4873 = ORIENTED_EDGE ( 'NONE', *, *, #4258, .F. ) ;
#4874 = AXIS2_PLACEMENT_3D ( 'NONE', #498, #906, #1323 ) ;
#4875 = CARTESIAN_POINT ( 'NONE',  ( 1.152451905283759000, -1.249999999999973100, 0.7216878364870171800 ) ) ;
#4876 = CARTESIAN_POINT ( 'NONE',  ( -0.1268990473581190800, 0.9652524972597842400, 0.5572887891288949000 ) ) ;
#4877 = CARTESIAN_POINT ( 'NONE',  ( 0.06250000000002665900, 0.0000000000000000000, 1.249999999999973400 ) ) ;
#4878 = CARTESIAN_POINT ( 'NONE',  ( 17.86250000000000100, 1.249999999999972900, -0.7216878364870175100 ) ) ;
#4879 = VERTEX_POINT ( 'NONE', #2834 ) ;
#4880 = CARTESIAN_POINT ( 'NONE',  ( 18.07745190528376300, -5.200148628237119300E-015, 1.249999999999973400 ) ) ;
#4881 = CARTESIAN_POINT ( 'NONE',  ( 1.241850952641880800, 6.824819318074054600E-017, 1.114577578257790000 ) ) ;
#4882 = ADVANCED_FACE ( 'NONE', ( #2246 ), #308, .F. ) ;
#4883 = CARTESIAN_POINT ( 'NONE',  ( 1.485600952641880700, -0.4826262486298926200, -0.8359331836933422400 ) ) ;
#4884 = EDGE_LOOP ( 'NONE', ( #2215, #3673, #660, #5253 ) ) ;
#4885 = AXIS2_PLACEMENT_3D ( 'NONE', #1974, #4819, #1938 ) ;
#4886 = ORIENTED_EDGE ( 'NONE', *, *, #2563, .F. ) ;
#4887 = CARTESIAN_POINT ( 'NONE',  ( 18.52310095264188300, -2.047445795422217900E-016, -1.114577578257790700 ) ) ;
#4888 = DIRECTION ( 'NONE',  ( -1.000000000000000000, 0.0000000000000000000, 0.0000000000000000000 ) ) ;
#4889 = CARTESIAN_POINT ( 'NONE',  ( 2.254350952641880600, -0.9652524972597843500, 1.182093381138184100E-016 ) ) ;
#4890 = CARTESIAN_POINT ( 'NONE',  ( 3.060600952641880500, 0.4826262486298922800, 0.8359331836933423500 ) ) ;
#4891 = ORIENTED_EDGE ( 'NONE', *, *, #635, .T. ) ;
#4892 = CARTESIAN_POINT ( 'NONE',  ( 16.62500000000000400, 0.6249999999999867900, 1.082531754730525100 ) ) ;
#4893 = CARTESIAN_POINT ( 'NONE',  ( 16.52254809471609300, 0.3349364905388956300, -1.249999999999973600 ) ) ;
#4894 = APPROVAL ( #4260, 'UNSPECIFIED' ) ;
#4895 = CARTESIAN_POINT ( 'NONE',  ( 4.800000000000002500, 0.5365352068171622700, 0.8023978784318380700 ) ) ;
#4896 = ORIENTED_EDGE ( 'NONE', *, *, #1906, .T. ) ;
#4897 = CARTESIAN_POINT ( 'NONE',  ( 5.085600952641880400, -0.4826262486298926200, -0.8359331836933422400 ) ) ;
#4898 = CARTESIAN_POINT ( 'NONE',  ( 1.162500000000002800, -1.249999999999973600, -0.7216878364870164000 ) ) ;
#4899 = CARTESIAN_POINT ( 'NONE',  ( 1.902451905283758700, 1.249999999999973400, 0.7216878364870166200 ) ) ;
#4900 = ORIENTED_EDGE ( 'NONE', *, *, #1393, .F. ) ;
#4901 = DIRECTION ( 'NONE',  ( 0.0000000000000000000, 0.0000000000000000000, -1.000000000000000000 ) ) ;
#4902 = CARTESIAN_POINT ( 'NONE',  ( 0.06901530771651852300, 0.7247448713913886600, 1.024944026382414800 ) ) ;
#4903 = CARTESIAN_POINT ( 'NONE',  ( 1.729350952641880900, -0.4826262486298919500, 0.8359331836933424600 ) ) ;
#4904 = EDGE_CURVE ( 'NONE', #83, #3811, #841, .T. ) ;
#4905 = ORIENTED_EDGE ( 'NONE', *, *, #976, .F. ) ;
#4906 = CARTESIAN_POINT ( 'NONE',  ( 1.673100952641880700, 0.9652524972597843500, 0.5572887891288949000 ) ) ;
#4907 = CARTESIAN_POINT ( 'NONE',  ( 20.16623797632095700, 1.278124999999973300, 0.0000000000000000000 ) ) ;
#4908 = CARTESIAN_POINT ( 'NONE',  ( 20.17310095264187800, -0.9652524972597847900, 0.5572887891288956800 ) ) ;
#4909 = CARTESIAN_POINT ( 'NONE',  ( 4.691850952641879700, 0.9652524972597841300, -0.5572887891288955700 ) ) ;
#4910 = CARTESIAN_POINT ( 'NONE',  ( 2.235600952641880700, -0.4826262486298919500, 0.8359331836933424600 ) ) ;
#4911 = CALENDAR_DATE ( 2021, 25, 8 ) ;
#4912 = CARTESIAN_POINT ( 'NONE',  ( 17.83235571585142400, -0.3349364905388966300, -1.249999999999973100 ) ) ;
#4913 = EDGE_CURVE ( 'NONE', #168, #603, #4254, .T. ) ;
#4914 = ADVANCED_FACE ( 'NONE', ( #1135 ), #2885, .T. ) ;
#4915 = DIRECTION ( 'NONE',  ( 0.0000000000000000000, 0.0000000000000000000, 1.000000000000000000 ) ) ;
#4916 = CARTESIAN_POINT ( 'NONE',  ( 19.85735571585141900, 0.3349364905388962900, 1.249999999999973100 ) ) ;
#4917 = CARTESIAN_POINT ( 'NONE',  ( 4.748100952641880000, 0.9652524972597841300, -0.5572887891288955700 ) ) ;
#4918 = CARTESIAN_POINT ( 'NONE',  ( 1.050000000000002700, -0.6249999999999863400, 1.082531754730525300 ) ) ;
#4919 = CARTESIAN_POINT ( 'NONE',  ( 4.800000000000006000, -0.8505115187297495000, 0.7868755674323281200 ) ) ;
#4920 = CARTESIAN_POINT ( 'NONE',  ( 16.06685095264188200, -0.9652524972597841300, 0.5572887891288953500 ) ) ;
#4921 = VECTOR ( 'NONE', #2990, 1000.000000000000000 ) ;
#4922 = CARTESIAN_POINT ( 'NONE',  ( 0.7543509526418809000, 0.4826262486298922800, 0.8359331836933423500 ) ) ;
#4923 = CARTESIAN_POINT ( 'NONE',  ( 16.46495190528375500, -0.6249999999999872300, -1.082531754730524900 ) ) ;
#4924 = CARTESIAN_POINT ( 'NONE',  ( 17.96060095264188000, -0.9652524972597850100, 1.182093381138185100E-016 ) ) ;
#4925 = LINE ( 'NONE', #931, #4350 ) ;
#4926 = CARTESIAN_POINT ( 'NONE',  ( 0.5362139289628007300, 1.278124999999973800, 0.7379258128079749800 ) ) ;
#4927 = CARTESIAN_POINT ( 'NONE',  ( 3.679350952641880800, -0.4826262486298926200, -0.8359331836933422400 ) ) ;
#4928 = CARTESIAN_POINT ( 'NONE',  ( 2.962500000000002100, -1.249999999999973600, -0.7216878364870164000 ) ) ;
#4929 = AXIS2_PLACEMENT_3D ( 'NONE', #3520, #4758, #3065 ) ;
#4930 = DIRECTION ( 'NONE',  ( -1.000000000000000000, -0.0000000000000000000, -0.0000000000000000000 ) ) ;
#4931 = FACE_OUTER_BOUND ( 'NONE', #2839, .T. ) ;
#4932 = CARTESIAN_POINT ( 'NONE',  ( 18.63995190528375900, -1.249999999999973400, 1.530808498934159000E-016 ) ) ;
#4933 = CARTESIAN_POINT ( 'NONE',  ( 0.3231009526418808800, 0.9652524972597842400, 0.5572887891288949000 ) ) ;
#4934 = DIRECTION ( 'NONE',  ( 0.0000000000000000000, 0.0000000000000000000, -1.000000000000000000 ) ) ;
#4935 = LINE ( 'NONE', #3061, #4803 ) ;
#4936 = CARTESIAN_POINT ( 'NONE',  ( 4.800000000000001600, -1.153408147523177000, 0.3414751193278070500 ) ) ;
#4937 = DIRECTION ( 'NONE',  ( -0.0000000000000000000, 1.000000000000000000, 3.338476886082577300E-016 ) ) ;
#4938 = CARTESIAN_POINT ( 'NONE',  ( 2.629350952641880600, -0.4826262486298919500, 0.8359331836933424600 ) ) ;
#4939 = VERTEX_POINT ( 'NONE', #848 ) ;
#4940 = CARTESIAN_POINT ( 'NONE',  ( 17.42371392896280100, 0.6390624999999857700, -1.106888719211963400 ) ) ;
#4941 = CARTESIAN_POINT ( 'NONE',  ( 0.6793509526418809500, 0.9652524972597843500, 0.0000000000000000000 ) ) ;
#4942 = CARTESIAN_POINT ( 'NONE',  ( 19.42310095264188200, -2.047445795422217900E-016, -1.114577578257790700 ) ) ;
#4943 = EDGE_CURVE ( 'NONE', #2151, #1496, #4241, .T. ) ;
#4944 =( BOUNDED_CURVE ( )  B_SPLINE_CURVE ( 2, ( #455, #4076, #3246, #2900, #1641, #3300, #440, #862, #3726 ),
 .UNSPECIFIED., .F., .F. ) 
 B_SPLINE_CURVE_WITH_KNOTS ( ( 3, 2, 2, 2, 3 ),
 ( 0.7847222222222222100, 0.7916666666666666300, 0.8055555555555555800, 0.8194444444444444200, 0.8263888888888888400 ),
 .UNSPECIFIED. ) 
 CURVE ( )  GEOMETRIC_REPRESENTATION_ITEM ( )  RATIONAL_B_SPLINE_CURVE ( ( 0.9330127018922194100, 0.9330127018922194100, 1.000000000000000000, 0.8660254037844387100, 1.000000000000000000, 0.8660254037844387100, 1.000000000000000000, 0.9330127018922194100, 0.9330127018922194100 ) ) 
 REPRESENTATION_ITEM ( '' )  );
#4945 = CARTESIAN_POINT ( 'NONE',  ( 19.91601736734077100, -0.4283486977554759600, 1.154732563531566400 ) ) ;
#4946 = CARTESIAN_POINT ( 'NONE',  ( 3.341850952641880900, 0.9652524972597841300, -0.5572887891288955700 ) ) ;
#4947 = ORIENTED_EDGE ( 'NONE', *, *, #3561, .F. ) ;
#4948 = CARTESIAN_POINT ( 'NONE',  ( 19.65275249725974000, -0.3135665781247827200, 0.9218485886050329400 ) ) ;
#4949 = CARTESIAN_POINT ( 'NONE',  ( 17.30435095264188300, 0.4826262486298922800, 0.8359331836933423500 ) ) ;
#4950 = ORIENTED_EDGE ( 'NONE', *, *, #3707, .T. ) ;
#4951 = AXIS2_PLACEMENT_3D ( 'NONE', #1971, #4010, #4430 ) ;
#4952 = CARTESIAN_POINT ( 'NONE',  ( 19.23995190528376000, 0.6249999999999856800, -1.082531754730525800 ) ) ;
#4953 = CARTESIAN_POINT ( 'NONE',  ( 1.973100952641880300, -2.047445795422216600E-016, -1.114577578257790000 ) ) ;
#4954 = DIRECTION ( 'NONE',  ( -1.000000000000000000, -0.0000000000000000000, -0.0000000000000000000 ) ) ;
#4955 = DIRECTION ( 'NONE',  ( 1.000000000000000000, 0.0000000000000000000, 0.0000000000000000000 ) ) ;
#4956 = CARTESIAN_POINT ( 'NONE',  ( 15.87935095264188200, 0.9652524972597843500, 0.0000000000000000000 ) ) ;
#4957 = ORIENTED_EDGE ( 'NONE', *, *, #2883, .T. ) ;
#4958 = CARTESIAN_POINT ( 'NONE',  ( 3.716850952641880900, -2.047445795422216600E-016, -1.114577578257790000 ) ) ;
#4959 = CARTESIAN_POINT ( 'NONE',  ( 18.47371392896280200, 0.6390624999999868800, 1.106888719211962700 ) ) ;
#4960 = CARTESIAN_POINT ( 'NONE',  ( 3.642241673193489600E-017, -2.249999999999998700, -0.2199451808919056200 ) ) ;
#4961 = CARTESIAN_POINT ( 'NONE',  ( 16.41623797632096100, -0.6390624999999872100, -1.106888719211962300 ) ) ;
#4962 = CARTESIAN_POINT ( 'NONE',  ( 1.185600952641880700, 0.9652524972597843500, 0.0000000000000000000 ) ) ;
#4963 = ORIENTED_EDGE ( 'NONE', *, *, #1801, .F. ) ;
#4964 = CARTESIAN_POINT ( 'NONE',  ( 0.3862139289628007700, -2.711095453990486600E-016, -1.475851625615950200 ) ) ;
#4965 = CARTESIAN_POINT ( 'NONE',  ( 4.579350952641880700, -0.4826262486298926200, -0.8359331836933422400 ) ) ;
#4966 = CARTESIAN_POINT ( 'NONE',  ( 1.725000000000002500, 0.6249999999999856800, -1.082531754730525800 ) ) ;
#4967 = ORIENTED_EDGE ( 'NONE', *, *, #122, .F. ) ;
#4968 = CARTESIAN_POINT ( 'NONE',  ( 15.24871392896280200, 1.278124999999973500, 0.0000000000000000000 ) ) ;
#4969 = CARTESIAN_POINT ( 'NONE',  ( 17.52935095264188100, -0.4826262486298926200, -0.8359331836933422400 ) ) ;
#4970 = ORIENTED_EDGE ( 'NONE', *, *, #830, .T. ) ;
#4971 = CARTESIAN_POINT ( 'NONE',  ( 0.9375000000000026600, 1.249999999999973400, 0.7216878364870166200 ) ) ;
#4972 = CARTESIAN_POINT ( 'NONE',  ( 1.335600952641880600, -0.4826262486298919500, 0.8359331836933424600 ) ) ;
#4973 = CARTESIAN_POINT ( 'NONE',  ( 0.1401173068154957500, 2.249999999999998700, -1.088266271818339300 ) ) ;
#4974 =( BOUNDED_CURVE ( )  B_SPLINE_CURVE ( 2, ( #4036, #5269, #1199, #4821, #769, #3184, #1218, #3204, #324 ),
 .UNSPECIFIED., .F., .F. ) 
 B_SPLINE_CURVE_WITH_KNOTS ( ( 3, 2, 2, 2, 3 ),
 ( 0.5347222222222222100, 0.5416666666666666300, 0.5555555555555555800, 0.5694444444444444200, 0.5763888888888888400 ),
 .UNSPECIFIED. ) 
 CURVE ( )  GEOMETRIC_REPRESENTATION_ITEM ( )  RATIONAL_B_SPLINE_CURVE ( ( 0.9330127018922194100, 0.9330127018922194100, 1.000000000000000000, 0.8660254037844387100, 1.000000000000000000, 0.8660254037844387100, 1.000000000000000000, 0.9330127018922194100, 0.9330127018922194100 ) ) 
 REPRESENTATION_ITEM ( '' )  );
#4975 = CARTESIAN_POINT ( 'NONE',  ( 16.03235571585142000, -0.3349364905388966300, -1.249999999999973100 ) ) ;
#4976 = CARTESIAN_POINT ( 'NONE',  ( 15.20435095264188000, -0.9652524972597843500, 1.182093381138184100E-016 ) ) ;
#4977 = DIRECTION ( 'NONE',  ( -1.000000000000000000, -0.0000000000000000000, -0.0000000000000000000 ) ) ;
#4978 = EDGE_CURVE ( 'NONE', #297, #2599, #2363, .T. ) ;
#4979 = CARTESIAN_POINT ( 'NONE',  ( 17.94871392896280000, 1.278124999999973500, 0.0000000000000000000 ) ) ;
#4980 = CARTESIAN_POINT ( 'NONE',  ( 4.800000000000002500, 0.9439470035406807300, 0.2016840052478622300 ) ) ;
#4981 = CARTESIAN_POINT ( 'NONE',  ( 1.729350952641880900, -0.4826262486298919500, 0.8359331836933424600 ) ) ;
#4982 = CARTESIAN_POINT ( 'NONE',  ( 16.19123797632095900, 0.6390624999999867700, 1.106888719211962500 ) ) ;
#4983 = CARTESIAN_POINT ( 'NONE',  ( 0.6487139289628007800, -0.6390624999999864300, 1.106888719211963000 ) ) ;
#4984 = CARTESIAN_POINT ( 'NONE',  ( 19.85391071929093000, 0.9929550780260201200, 0.6298263446916532200 ) ) ;
#4985 = CARTESIAN_POINT ( 'NONE',  ( 3.116850952641880800, -0.9652524972597841300, 0.5572887891288953500 ) ) ;
#4986 = CARTESIAN_POINT ( 'NONE',  ( 15.37745190528376000, -5.519710834441634400E-016, 1.249999999999973600 ) ) ;
#4987 = CARTESIAN_POINT ( 'NONE',  ( 17.60000000000000500, -0.6249999999999863400, 1.082531754730525300 ) ) ;
#4988 = CARTESIAN_POINT ( 'NONE',  ( 15.73621392896280300, 1.278124999999973800, 0.7379258128079749800 ) ) ;
#4989 = CIRCLE ( 'NONE', #4619, 2.249999999999998200 ) ;
#4990 = CARTESIAN_POINT ( 'NONE',  ( 16.36685095264188000, 0.9652524972597843500, 0.5572887891288949000 ) ) ;
#4991 = CARTESIAN_POINT ( 'NONE',  ( 0.08925501003155295000, 1.881317441191443700, 1.511897080250297300 ) ) ;
#4992 = CARTESIAN_POINT ( 'NONE',  ( 4.312500000000001800, -1.249999999999973600, -0.7216878364870164000 ) ) ;
#4993 = CARTESIAN_POINT ( 'NONE',  ( 1.935600952641880700, -0.4826262486298926200, -0.8359331836933422400 ) ) ;
#4994 = CARTESIAN_POINT ( 'NONE',  ( 0.2713538771976116100, 0.7435865915357886500, -0.7572591231432652700 ) ) ;
#4995 = DIRECTION ( 'NONE',  ( -1.000000000000000000, -0.0000000000000000000, -0.0000000000000000000 ) ) ;
#4996 = CARTESIAN_POINT ( 'NONE',  ( 15.84754809471609200, -0.3349364905388960100, 1.249999999999973400 ) ) ;
#4997 = CARTESIAN_POINT ( 'NONE',  ( 19.79903810567666200, -2.249999999999999100, 1.299038105676656900 ) ) ;
#4998 = B_SPLINE_CURVE_WITH_KNOTS ( 'NONE', 3,
 ( #5299, #2072, #4104, #1250 ),
 .UNSPECIFIED., .F., .F.,
 ( 4, 4 ),
 ( 2.380746839934120000E-007, 0.001314652396222794500 ),
 .UNSPECIFIED. ) ;
#4999 = CYLINDRICAL_SURFACE ( 'NONE', #2231, 1.249999999999973400 ) ;
#5000 = CARTESIAN_POINT ( 'NONE',  ( 18.77371392896279900, 0.6390624999999857700, -1.106888719211963400 ) ) ;
#5001 = CARTESIAN_POINT ( 'NONE',  ( 15.19999999999999900, 0.7786434337203346200, -0.9778621595726770800 ) ) ;
#5002 = CARTESIAN_POINT ( 'NONE',  ( 17.16623797632096100, -0.6390624999999863200, 1.106888719211962700 ) ) ;
#5003 = CARTESIAN_POINT ( 'NONE',  ( 18.01685095264188200, -2.047445795422216600E-016, -1.114577578257790000 ) ) ;
#5004 = FACE_OUTER_BOUND ( 'NONE', #2708, .T. ) ;
#5005 = CARTESIAN_POINT ( 'NONE',  ( 3.532355715851425600, -0.3349364905388941300, -1.249999999999974700 ) ) ;
#5006 = CARTESIAN_POINT ( 'NONE',  ( 16.48621392896280100, -2.711095453990486600E-016, -1.475851625615950200 ) ) ;
#5007 = CARTESIAN_POINT ( 'NONE',  ( 17.34185095264188100, 6.824819318074054600E-017, 1.114577578257790000 ) ) ;
#5008 = ORIENTED_EDGE ( 'NONE', *, *, #2960, .F. ) ;
#5009 = CARTESIAN_POINT ( 'NONE',  ( 3.739951905283758600, 0.6249999999999866800, 1.082531754730525100 ) ) ;
#5010 = CARTESIAN_POINT ( 'NONE',  ( 19.91112252369317300, 2.249999999999998700, -0.8716279370762972700 ) ) ;
#5011 = EDGE_CURVE ( 'NONE', #1618, #4824, #2936, .T. ) ;
#5012 = DIRECTION ( 'NONE',  ( 0.0000000000000000000, 0.0000000000000000000, 1.000000000000000000 ) ) ;
#5013 = ORIENTED_EDGE ( 'NONE', *, *, #424, .F. ) ;
#5014 = CARTESIAN_POINT ( 'NONE',  ( 1.339951905283759000, 0.6249999999999856800, -1.082531754730525800 ) ) ;
#5015 = CARTESIAN_POINT ( 'NONE',  ( 20.00000000000000000, -1.524864949371779600E-015, 2.598076211353314700 ) ) ;
#5016 = CARTESIAN_POINT ( 'NONE',  ( 18.54871392896280100, -0.6390624999999864300, 1.106888719211963000 ) ) ;
#5017 = ORIENTED_EDGE ( 'NONE', *, *, #2124, .F. ) ;
#5018 = CARTESIAN_POINT ( 'NONE',  ( 0.8293509526418809700, -0.4826262486298919500, 0.8359331836933424600 ) ) ;
#5019 = CARTESIAN_POINT ( 'NONE',  ( 15.81623797632096100, -0.6390624999999863200, 1.106888719211962700 ) ) ;
#5020 = EDGE_CURVE ( 'NONE', #2453, #2146, #1413, .T. ) ;
#5021 = CARTESIAN_POINT ( 'NONE',  ( 16.44185095264187900, 6.824819318074054600E-017, 1.114577578257790000 ) ) ;
#5022 = CARTESIAN_POINT ( 'NONE',  ( 0.5424038105676684000, 0.3349364905388960100, 1.249999999999973400 ) ) ;
#5023 = CARTESIAN_POINT ( 'NONE',  ( 16.01060095264188000, 0.4826262486298922800, 0.8359331836933423500 ) ) ;
#5024 = CARTESIAN_POINT ( 'NONE',  ( 16.89871392896280300, -0.6390624999999873200, -1.106888719211962500 ) ) ;
#5025 = ORIENTED_EDGE ( 'NONE', *, *, #3114, .F. ) ;
#5026 = CARTESIAN_POINT ( 'NONE',  ( 16.62935095264187900, -0.4826262486298926200, -0.8359331836933422400 ) ) ;
#5027 = CARTESIAN_POINT ( 'NONE',  ( 3.589951905283758700, 0.6249999999999856800, -1.082531754730525800 ) ) ;
#5028 = VERTEX_POINT ( 'NONE', #2738 ) ;
#5029 = CARTESIAN_POINT ( 'NONE',  ( 0.3472475027402641100, -0.06945377945402457500, 0.9627505159623658300 ) ) ;
#5030 = CARTESIAN_POINT ( 'NONE',  ( 0.2146747082899929400, 0.7226149487735650200, 0.8298405974394454900 ) ) ;
#5031 = B_SPLINE_CURVE_WITH_KNOTS ( 'NONE', 3,
 ( #5029, #2955, #3351, #1354 ),
 .UNSPECIFIED., .F., .F.,
 ( 4, 4 ),
 ( 0.0000000000000000000, 7.161835746369573300E-005 ),
 .UNSPECIFIED. ) ;
#5032 = CARTESIAN_POINT ( 'NONE',  ( 4.377451905283757900, -1.249999999999973400, -0.7216878364870162900 ) ) ;
#5033 = ORIENTED_EDGE ( 'NONE', *, *, #4294, .T. ) ;
#5034 = CARTESIAN_POINT ( 'NONE',  ( 19.48621392896280100, -1.278124999999973500, 0.7379258128079755300 ) ) ;
#5035 = CARTESIAN_POINT ( 'NONE',  ( 3.266850952641880700, -2.047445795422216600E-016, -1.114577578257790000 ) ) ;
#5036 = CARTESIAN_POINT ( 'NONE',  ( 16.26623797632096200, -0.6390624999999863200, 1.106888719211962700 ) ) ;
#5037 = CARTESIAN_POINT ( 'NONE',  ( 16.66685095264188000, -2.047445795422216600E-016, -1.114577578257790000 ) ) ;
#5038 = DIRECTION ( 'NONE',  ( -1.000000000000000000, -0.0000000000000000000, -0.0000000000000000000 ) ) ;
#5039 = ORIENTED_EDGE ( 'NONE', *, *, #252, .F. ) ;
#5040 = CARTESIAN_POINT ( 'NONE',  ( 16.18621392896280000, 1.278124999999973800, 0.7379258128079749800 ) ) ;
#5041 = CARTESIAN_POINT ( 'NONE',  ( 0.8250000000000027300, 0.6249999999999856800, -1.082531754730525800 ) ) ;
#5042 = CARTESIAN_POINT ( 'NONE',  ( 4.275000000000002100, -1.249999999999973400, 1.530808498934159000E-016 ) ) ;
#5043 = CARTESIAN_POINT ( 'NONE',  ( 19.79903810567672900, 2.249999999999998700, -1.299038105676761500 ) ) ;
#5044 = CARTESIAN_POINT ( 'NONE',  ( 17.33750000000000200, 2.178833224121697400E-015, -1.249999999999973400 ) ) ;
#5045 = CARTESIAN_POINT ( 'NONE',  ( 1.527451905283759000, -2.527446539981169400E-015, 1.249999999999973400 ) ) ;
#5046 = CARTESIAN_POINT ( 'NONE',  ( 0.2818573623959824100, 0.3027263587857960700, 0.9963471776894506900 ) ) ;
#5047 = EDGE_CURVE ( 'NONE', #2717, #3944, #4316, .T. ) ;
#5048 = CARTESIAN_POINT ( 'NONE',  ( 3.791850952641880200, 0.9652524972597841300, -0.5572887891288955700 ) ) ;
#5049 = CARTESIAN_POINT ( 'NONE',  ( 16.06685095264188200, -0.9652524972597841300, 0.5572887891288953500 ) ) ;
#5050 = CARTESIAN_POINT ( 'NONE',  ( 2.666850952641880700, -0.9652524972597841300, 0.5572887891288953500 ) ) ;
#5051 = CARTESIAN_POINT ( 'NONE',  ( 1.028737976320961000, 9.036984846634954800E-017, 1.475851625615950000 ) ) ;
#5052 = CARTESIAN_POINT ( 'NONE',  ( 18.24185095264188000, 6.824819318074054600E-017, 1.114577578257790000 ) ) ;
#5053 = CARTESIAN_POINT ( 'NONE',  ( 16.68560095264188100, -0.4826262486298926200, -0.8359331836933422400 ) ) ;
#5054 = CIRCLE ( 'NONE', #3684, 1.312500000000049700 ) ;
#5055 = CARTESIAN_POINT ( 'NONE',  ( 18.65435095264188100, 0.4826262486298922800, 0.8359331836933423500 ) ) ;
#5056 = CARTESIAN_POINT ( 'NONE',  ( 1.098713928962800700, -0.6390624999999864300, 1.106888719211963000 ) ) ;
#5057 = CARTESIAN_POINT ( 'NONE',  ( 1.898100952641880800, -0.9652524972597845700, -0.5572887891288946800 ) ) ;
#5058 = DIRECTION ( 'NONE',  ( 0.0000000000000000000, 0.0000000000000000000, -1.000000000000000000 ) ) ;
#5059 = DIRECTION ( 'NONE',  ( -1.000000000000000000, -0.0000000000000000000, -0.0000000000000000000 ) ) ;
#5060 = DIRECTION ( 'NONE',  ( -1.000000000000000000, -0.0000000000000000000, -0.0000000000000000000 ) ) ;
#5061 = PLANE ( 'NONE',  #574 ) ;
#5062 = DIRECTION ( 'NONE',  ( 1.000000000000000000, 0.0000000000000000000, 0.0000000000000000000 ) ) ;
#5063 = VECTOR ( 'NONE', #2665, 1000.000000000000000 ) ;
#5064 = CARTESIAN_POINT ( 'NONE',  ( 2.891850952641880700, 0.9652524972597841300, -0.5572887891288955700 ) ) ;
#5065 = CARTESIAN_POINT ( 'NONE',  ( 19.56121392896280000, -1.278124999999973800, -0.7379258128079745300 ) ) ;
#5066 = CARTESIAN_POINT ( 'NONE',  ( 2.179350952641880800, -0.4826262486298919500, 0.8359331836933424600 ) ) ;
#5067 = CARTESIAN_POINT ( 'NONE',  ( 0.8037379763209608900, -2.711095453990486600E-016, -1.475851625615950000 ) ) ;
#5068 = CARTESIAN_POINT ( 'NONE',  ( 17.67935095264188300, 0.9652524972597843500, 0.0000000000000000000 ) ) ;
#5069 = CARTESIAN_POINT ( 'NONE',  ( 19.11740381056766200, -0.3349364905388941300, -1.249999999999974700 ) ) ;
#5070 = VERTEX_POINT ( 'NONE', #888 ) ;
#5071 = CC_DESIGN_APPROVAL ( #855, ( #2772 ) ) ;
#5072 = DIRECTION ( 'NONE',  ( 1.000000000000000000, 0.0000000000000000000, 0.0000000000000000000 ) ) ;
#5073 = EDGE_LOOP ( 'NONE', ( #2827, #4188, #2105 ) ) ;
#5074 = CARTESIAN_POINT ( 'NONE',  ( 2.673713928962800700, 0.6390624999999857700, -1.106888719211963400 ) ) ;
#5075 = EDGE_CURVE ( 'NONE', #2287, #1755, #2807, .T. ) ;
#5076 = CARTESIAN_POINT ( 'NONE',  ( 20.00000000000000000, 0.0000000000000000000, 0.0000000000000000000 ) ) ;
#5077 = ADVANCED_FACE ( 'NONE', ( #1526 ), #1857, .T. ) ;
#5078 = CARTESIAN_POINT ( 'NONE',  ( 3.487500000000002900, 4.822484202722691300E-015, -1.249999999999973400 ) ) ;
#5079 = DIRECTION ( 'NONE',  ( 0.0000000000000000000, -1.000000000000000000, 0.0000000000000000000 ) ) ;
#5080 = VERTEX_POINT ( 'NONE', #3468 ) ;
#5081 = APPROVAL_ROLE ( '' ) ;
#5082 = CARTESIAN_POINT ( 'NONE',  ( 3.529350952641880900, -0.4826262486298919500, 0.8359331836933424600 ) ) ;
#5083 = CARTESIAN_POINT ( 'NONE',  ( 19.52371392896279900, -1.278124999999973500, 1.565251690160178300E-016 ) ) ;
#5084 = CARTESIAN_POINT ( 'NONE',  ( 2.404350952641880900, 0.4826262486298914500, -0.8359331836933428000 ) ) ;
#5085 = CARTESIAN_POINT ( 'NONE',  ( 0.5412379763209609300, 0.6390624999999867700, 1.106888719211962500 ) ) ;
#5086 = ORIENTED_EDGE ( 'NONE', *, *, #4698, .T. ) ;
#5087 = AXIS2_PLACEMENT_3D ( 'NONE', #3256, #1210, #4484 ) ;
#5088 = CARTESIAN_POINT ( 'NONE',  ( 19.74185095264187600, -0.9652524972597844600, -0.5572887891288946800 ) ) ;
#5089 = CARTESIAN_POINT ( 'NONE',  ( 16.08560095264188000, -0.4826262486298919500, 0.8359331836933424600 ) ) ;
#5090 = VERTEX_POINT ( 'NONE', #3627 ) ;
#5091 = CARTESIAN_POINT ( 'NONE',  ( 18.05435095264188000, 0.4826262486298914500, -0.8359331836933428000 ) ) ;
#5092 = CARTESIAN_POINT ( 'NONE',  ( 3.311213928962800400, 9.036984846634956000E-017, 1.475851625615950200 ) ) ;
#5093 = CARTESIAN_POINT ( 'NONE',  ( 19.50245190528376000, -1.249999999999973100, 0.7216878364870171800 ) ) ;
#5094 = CARTESIAN_POINT ( 'NONE',  ( 0.1336122727786605800, -0.9139677614651715600, 0.7597502172969480300 ) ) ;
#5095 = CARTESIAN_POINT ( 'NONE',  ( 15.76250000000000300, -5.229199737892074000E-016, 1.249999999999973600 ) ) ;
#5096 = ORIENTED_EDGE ( 'NONE', *, *, #2382, .F. ) ;
#5097 = B_SPLINE_CURVE_WITH_KNOTS ( 'NONE', 3,
 ( #1583, #3956, #2775, #275, #5220, #3154, #715, #3188, #5206, #3572 ),
 .UNSPECIFIED., .F., .F.,
 ( 4, 2, 2, 2, 4 ),
 ( 0.005374267841351991800, 0.005953450864694053200, 0.006532633888036113800, 0.007111816911378174300, 0.007690999934720235700 ),
 .UNSPECIFIED. ) ;
#5098 = DATE_TIME_ROLE ( 'creation_date' ) ;
#5099 = CARTESIAN_POINT ( 'NONE',  ( 5.029350952641880000, -0.4826262486298926200, -0.8359331836933422400 ) ) ;
#5100 = LOCAL_TIME ( 12, 11, 43.00000000000000000, #1789 ) ;
#5101 = CARTESIAN_POINT ( 'NONE',  ( 15.42935095264188100, 0.9652524972597843500, 0.0000000000000000000 ) ) ;
#5102 = CARTESIAN_POINT ( 'NONE',  ( 3.004350952641880600, 0.4826262486298922800, 0.8359331836933423500 ) ) ;
#5103 = CARTESIAN_POINT ( 'NONE',  ( 4.898100952641879500, 6.824819318074054600E-017, 1.114577578257790000 ) ) ;
#5104 = CARTESIAN_POINT ( 'NONE',  ( 20.04185095264188400, 6.824819318074054600E-017, 1.114577578257790000 ) ) ;
#5105 = CARTESIAN_POINT ( 'NONE',  ( 20.00000000000000000, 0.0000000000000000000, -1.312500000000000000 ) ) ;
#5106 = CARTESIAN_POINT ( 'NONE',  ( 17.66060095264187900, 0.4826262486298914500, -0.8359331836933428000 ) ) ;
#5107 = ADVANCED_FACE ( 'NONE', ( #3166 ), #3603, .F. ) ;
#5108 = FACE_OUTER_BOUND ( 'NONE', #684, .T. ) ;
#5109 =( BOUNDED_CURVE ( )  B_SPLINE_CURVE ( 2, ( #1162, #1582, #1603, #771, #4454, #3632, #2021, #2427, #5270 ),
 .UNSPECIFIED., .F., .F. ) 
 B_SPLINE_CURVE_WITH_KNOTS ( ( 3, 2, 2, 2, 3 ),
 ( 0.7013888888888888400, 0.7083333333333332600, 0.7222222222222222100, 0.7361111111111111600, 0.7430555555555555800 ),
 .UNSPECIFIED. ) 
 CURVE ( )  GEOMETRIC_REPRESENTATION_ITEM ( )  RATIONAL_B_SPLINE_CURVE ( ( 0.9330127018922194100, 0.9330127018922194100, 1.000000000000000000, 0.8660254037844387100, 1.000000000000000000, 0.8660254037844387100, 1.000000000000000000, 0.9330127018922194100, 0.9330127018922194100 ) ) 
 REPRESENTATION_ITEM ( '' )  );
#5110 = CARTESIAN_POINT ( 'NONE',  ( 18.72935095264188000, -0.4826262486298919500, 0.8359331836933424600 ) ) ;
#5111 = CARTESIAN_POINT ( 'NONE',  ( 1.211213928962800600, -1.278124999999973800, -0.7379258128079745300 ) ) ;
#5112 = CYLINDRICAL_SURFACE ( 'NONE', #2304, 1.249999999999973400 ) ;
#5113 = CARTESIAN_POINT ( 'NONE',  ( 20.00000000000000000, 1.124999999999997800, 1.948557158514986300 ) ) ;
#5114 = CARTESIAN_POINT ( 'NONE',  ( 0.2116605921728661200, -0.5822734001857679000, -0.9463038794167103500 ) ) ;
#5115 = EDGE_CURVE ( 'NONE', #5090, #5028, #3764, .T. ) ;
#5116 = CARTESIAN_POINT ( 'NONE',  ( 0.3981009526418808300, 6.824819318074054600E-017, 1.114577578257790000 ) ) ;
#5117 = CARTESIAN_POINT ( 'NONE',  ( 18.24185095264188000, 6.824819318074054600E-017, 1.114577578257790000 ) ) ;
#5118 = CARTESIAN_POINT ( 'NONE',  ( 20.00000000000000000, 0.0000000000000000000, 0.0000000000000000000 ) ) ;
#5119 = CARTESIAN_POINT ( 'NONE',  ( 1.478737976320960700, 9.036984846634954800E-017, 1.475851625615950000 ) ) ;
#5120 = CARTESIAN_POINT ( 'NONE',  ( 15.56060095264188100, 0.4826262486298922800, 0.8359331836933423500 ) ) ;
#5121 = LINE ( 'NONE', #1259, #2952 ) ;
#5122 = CARTESIAN_POINT ( 'NONE',  ( 18.44810095264188000, -0.9652524972597845700, -0.5572887891288946800 ) ) ;
#5123 = AXIS2_PLACEMENT_3D ( 'NONE', #342, #4937, #1678 ) ;
#5124 = CARTESIAN_POINT ( 'NONE',  ( 16.16495190528376100, 1.249999999999973400, 0.0000000000000000000 ) ) ;
#5125 = FACE_OUTER_BOUND ( 'NONE', #1831, .T. ) ;
#5126 = CARTESIAN_POINT ( 'NONE',  ( 2.748713928962800400, 1.278124999999973500, 0.0000000000000000000 ) ) ;
#5127 = CARTESIAN_POINT ( 'NONE',  ( 2.198100952641880700, 6.824819318074054600E-017, 1.114577578257790000 ) ) ;
#5128 = ADVANCED_FACE ( 'NONE', ( #2495 ), #1342, .F. ) ;
#5129 = ORIENTED_EDGE ( 'NONE', *, *, #3750, .T. ) ;
#5130 = CARTESIAN_POINT ( 'NONE',  ( 3.262500000000002400, -5.171097518582163300E-015, 1.249999999999973400 ) ) ;
#5131 = CARTESIAN_POINT ( 'NONE',  ( 0.3231009526418808800, 0.9652524972597842400, 0.5572887891288949000 ) ) ;
#5132 = CARTESIAN_POINT ( 'NONE',  ( 16.96685095264188100, -0.9652524972597841300, 0.5572887891288953500 ) ) ;
#5133 = ORIENTED_EDGE ( 'NONE', *, *, #5075, .T. ) ;
#5134 = CARTESIAN_POINT ( 'NONE',  ( 2.266237976320960800, 1.278124999999973300, 0.0000000000000000000 ) ) ;
#5135 = CARTESIAN_POINT ( 'NONE',  ( 15.97310095264188200, 0.9652524972597842400, 0.5572887891288949000 ) ) ;
#5136 = CARTESIAN_POINT ( 'NONE',  ( 0.1403022868641764800, 2.249999999999997800, 1.088907061503742600 ) ) ;
#5137 = CARTESIAN_POINT ( 'NONE',  ( 17.62310095264188100, -2.047445795422216600E-016, -1.114577578257790000 ) ) ;
#5138 = ORIENTED_EDGE ( 'NONE', *, *, #1064, .F. ) ;
#5139 = CARTESIAN_POINT ( 'NONE',  ( 15.33560095264188000, -0.4826262486298929500, -0.8359331836933428000 ) ) ;
#5140 = CARTESIAN_POINT ( 'NONE',  ( -0.1081490473581189800, 6.824819318074054600E-017, 1.114577578257790000 ) ) ;
#5141 = ORIENTED_EDGE ( 'NONE', *, *, #755, .F. ) ;
#5142 = DIRECTION ( 'NONE',  ( 0.0000000000000000000, 0.0000000000000000000, 1.000000000000000000 ) ) ;
#5143 = EDGE_CURVE ( 'NONE', #494, #1502, #2560, .T. ) ;
#5144 = CARTESIAN_POINT ( 'NONE',  ( 2.348100952641881000, -0.9652524972597845700, -0.5572887891288946800 ) ) ;
#5145 = CARTESIAN_POINT ( 'NONE',  ( 15.60245190528375800, -5.229199737892074000E-016, -1.249999999999973400 ) ) ;
#5146 = CARTESIAN_POINT ( 'NONE',  ( 2.157596189432336800, 0.3349364905388968500, -1.249999999999972900 ) ) ;
#5147 = ORIENTED_EDGE ( 'NONE', *, *, #2412, .T. ) ;
#5148 = CARTESIAN_POINT ( 'NONE',  ( -0.01439904735811909000, -0.4826262486298919500, 0.8359331836933424600 ) ) ;
#5149 = CARTESIAN_POINT ( 'NONE',  ( 17.26685095264188200, 0.9652524972597842400, 0.5572887891288949000 ) ) ;
#5150 = CARTESIAN_POINT ( 'NONE',  ( 2.303737976320960400, 1.278124999999973500, 0.7379258128079748700 ) ) ;
#5151 = EDGE_CURVE ( 'NONE', #2545, #2453, #4224, .T. ) ;
#5152 = CARTESIAN_POINT ( 'NONE',  ( 19.02935095264188100, 0.9652524972597843500, 0.0000000000000000000 ) ) ;
#5153 = ORIENTED_EDGE ( 'NONE', *, *, #1362, .F. ) ;
#5154 = CARTESIAN_POINT ( 'NONE',  ( 18.37310095264188100, -0.9652524972597841300, 0.5572887891288953500 ) ) ;
#5155 = CARTESIAN_POINT ( 'NONE',  ( 0.3472475027402640000, 1.690803633028092500E-012, 0.9652524972597844600 ) ) ;
#5156 = CARTESIAN_POINT ( 'NONE',  ( 4.173713928962800200, 0.6390624999999868800, 1.106888719211962700 ) ) ;
#5157 = EDGE_LOOP ( 'NONE', ( #11, #3340, #3799, #1158 ) ) ;
#5158 = CARTESIAN_POINT ( 'NONE',  ( 3.248100952641880900, -0.9652524972597845700, -0.5572887891288946800 ) ) ;
#5159 = CARTESIAN_POINT ( 'NONE',  ( 16.72745190528375800, -2.527446539981169400E-015, 1.249999999999973400 ) ) ;
#5160 = CARTESIAN_POINT ( 'NONE',  ( 16.05245190528375700, -5.229199737892074000E-016, -1.249999999999973400 ) ) ;
#5161 = PERSON_AND_ORGANIZATION ( #1409, #1976 ) ;
#5162 = CARTESIAN_POINT ( 'NONE',  ( 0.5856009526418808300, -0.4826262486298926200, -0.8359331836933422400 ) ) ;
#5163 = CARTESIAN_POINT ( 'NONE',  ( 18.61685095264187600, 0.9652524972597842400, 0.5572887891288949000 ) ) ;
#5164 = CARTESIAN_POINT ( 'NONE',  ( 2.716237976320960500, 1.278124999999973300, 0.0000000000000000000 ) ) ;
#5165 = CC_DESIGN_DATE_AND_TIME_ASSIGNMENT ( #4654, #5098, ( #2772 ) ) ;
#5166 = VECTOR ( 'NONE', #1160, 1000.000000000000000 ) ;
#5167 = CARTESIAN_POINT ( 'NONE',  ( 18.26060095264188000, 0.4826262486298922800, 0.8359331836933423500 ) ) ;
#5168 = DIRECTION ( 'NONE',  ( -1.000000000000000000, -0.0000000000000000000, -0.0000000000000000000 ) ) ;
#5169 = FACE_OUTER_BOUND ( 'NONE', #94, .T. ) ;
#5170 = CARTESIAN_POINT ( 'NONE',  ( 18.21623797632096100, -0.6390624999999872100, -1.106888719211962300 ) ) ;
#5171 = CARTESIAN_POINT ( 'NONE',  ( 20.00000000000000000, 2.249999999999998700, 1.299038105676658700 ) ) ;
#5172 = EDGE_CURVE ( 'NONE', #4252, #2342, #125, .T. ) ;
#5173 = CARTESIAN_POINT ( 'NONE',  ( 3.836213928962800800, -1.278124999999973500, 0.7379258128079755300 ) ) ;
#5174 = CARTESIAN_POINT ( 'NONE',  ( 0.0000000000000000000, 0.0000000000000000000, 0.0000000000000000000 ) ) ;
#5175 = LINE ( 'NONE', #2919, #4090 ) ;
#5176 = CARTESIAN_POINT ( 'NONE',  ( 3.735600952641880700, -0.4826262486298926200, -0.8359331836933422400 ) ) ;
#5177 = ADVANCED_FACE ( 'NONE', ( #748 ), #4335, .F. ) ;
#5178 = CARTESIAN_POINT ( 'NONE',  ( 18.27500000000000200, 0.6249999999999857900, -1.082531754730525800 ) ) ;
#5179 = CARTESIAN_POINT ( 'NONE',  ( 0.0000000000000000000, 1.530808498934159000E-016, -1.249999999999973400 ) ) ;
#5180 = EDGE_CURVE ( 'NONE', #4761, #369, #1071, .T. ) ;
#5181 = CIRCLE ( 'NONE', #763, 2.249999999999998200 ) ;
#5182 = CARTESIAN_POINT ( 'NONE',  ( 3.698100952641880200, -0.9652524972597844600, -0.5572887891288946800 ) ) ;
#5183 = CARTESIAN_POINT ( 'NONE',  ( 17.82935095264187800, -0.4826262486298919500, 0.8359331836933424600 ) ) ;
#5184 = CARTESIAN_POINT ( 'NONE',  ( 18.16250000000000100, -1.249999999999973600, -0.7216878364870164000 ) ) ;
#5185 = DIRECTION ( 'NONE',  ( -1.000000000000000000, 0.0000000000000000000, 0.0000000000000000000 ) ) ;
#5186 = CARTESIAN_POINT ( 'NONE',  ( 4.141237976320960400, 0.6390624999999867700, 1.106888719211962500 ) ) ;
#5187 = CARTESIAN_POINT ( 'NONE',  ( 16.57310095264188000, -0.9652524972597841300, 0.5572887891288953500 ) ) ;
#5188 = CARTESIAN_POINT ( 'NONE',  ( 19.57310095264188000, 0.9652524972597843500, 0.5572887891288949000 ) ) ;
#5189 = ORIENTED_EDGE ( 'NONE', *, *, #2992, .T. ) ;
#5190 = CARTESIAN_POINT ( 'NONE',  ( 19.49123797632096000, -1.278124999999973300, 1.565251690160178100E-016 ) ) ;
#5191 = CARTESIAN_POINT ( 'NONE',  ( 16.91060095264187900, 0.4826262486298926200, 0.8359331836933430200 ) ) ;
#5192 = ORIENTED_EDGE ( 'NONE', *, *, #2992, .F. ) ;
#5193 = CARTESIAN_POINT ( 'NONE',  ( 0.1543509526418809800, 0.4826262486298914500, -0.8359331836933428000 ) ) ;
#5194 = CARTESIAN_POINT ( 'NONE',  ( 2.607596189432336500, 0.3349364905388968500, -1.249999999999972900 ) ) ;
#5195 = CARTESIAN_POINT ( 'NONE',  ( 2.798100952641880700, -0.9652524972597845700, -0.5572887891288946800 ) ) ;
#5196 = ORIENTED_EDGE ( 'NONE', *, *, #3820, .F. ) ;
#5197 =( BOUNDED_CURVE ( )  B_SPLINE_CURVE ( 2, ( #1450, #243, #644, #2728, #5124, #278, #3125, #4336, #228 ),
 .UNSPECIFIED., .F., .F. ) 
 B_SPLINE_CURVE_WITH_KNOTS ( ( 3, 2, 2, 2, 3 ),
 ( 0.7013888888888888400, 0.7083333333333332600, 0.7222222222222222100, 0.7361111111111111600, 0.7430555555555555800 ),
 .UNSPECIFIED. ) 
 CURVE ( )  GEOMETRIC_REPRESENTATION_ITEM ( )  RATIONAL_B_SPLINE_CURVE ( ( 0.9330127018922194100, 0.9330127018922194100, 1.000000000000000000, 0.8660254037844387100, 1.000000000000000000, 0.8660254037844387100, 1.000000000000000000, 0.9330127018922194100, 0.9330127018922194100 ) ) 
 REPRESENTATION_ITEM ( '' )  );
#5198 = AXIS2_PLACEMENT_3D ( 'NONE', #2066, #1645, #3674 ) ;
#5199 = CARTESIAN_POINT ( 'NONE',  ( 3.398100952641880400, 0.9652524972597841300, -0.5572887891288955700 ) ) ;
#5200 = CARTESIAN_POINT ( 'NONE',  ( 0.3000000000000027600, -0.6249999999999872300, -1.082531754730524900 ) ) ;
#5201 = CARTESIAN_POINT ( 'NONE',  ( 0.3472475027402641100, -0.06945377945402457500, 0.9627505159623658300 ) ) ;
#5202 = CARTESIAN_POINT ( 'NONE',  ( 1.752451905283758600, 2.149782114466741500E-015, -1.249999999999973400 ) ) ;
#5203 = CARTESIAN_POINT ( 'NONE',  ( 4.366237976320960900, -0.6390624999999872100, -1.106888719211962300 ) ) ;
#5204 = EDGE_LOOP ( 'NONE', ( #4676, #2348 ) ) ;
#5205 = CARTESIAN_POINT ( 'NONE',  ( 16.42310095264188200, 0.9652524972597842400, 0.5572887891288949000 ) ) ;
#5206 = CARTESIAN_POINT ( 'NONE',  ( 19.66220897458997600, -0.8652670368940647000, 0.4894625888854875500 ) ) ;
#5207 = EDGE_LOOP ( 'NONE', ( #1839, #3054, #936, #2480 ) ) ;
#5208 = CARTESIAN_POINT ( 'NONE',  ( 19.30373797632096000, 1.278124999999973500, 0.7379258128079748700 ) ) ;
#5209 = CARTESIAN_POINT ( 'NONE',  ( 16.68560095264188100, -0.4826262486298929500, -0.8359331836933428000 ) ) ;
#5210 = CARTESIAN_POINT ( 'NONE',  ( 3.611213928962800700, 1.278124999999973300, -0.7379258128079758700 ) ) ;
#5211 = DIRECTION ( 'NONE',  ( 0.7071067811865536800, 0.0000000000000000000, -0.7071067811865414700 ) ) ;
#5212 = VERTEX_POINT ( 'NONE', #2354 ) ;
#5213 = EDGE_CURVE ( 'NONE', #494, #3033, #3426, .T. ) ;
#5214 = CARTESIAN_POINT ( 'NONE',  ( 15.51740381056766800, -0.3349364905388966300, -1.249999999999973100 ) ) ;
#5215 = CARTESIAN_POINT ( 'NONE',  ( 3.023100952641880800, 0.9652524972597842400, 0.5572887891288949000 ) ) ;
#5216 = CARTESIAN_POINT ( 'NONE',  ( 19.92935095264188000, 0.9652524972597843500, 0.0000000000000000000 ) ) ;
#5217 = ORIENTED_EDGE ( 'NONE', *, *, #2489, .F. ) ;
#5218 = AXIS2_PLACEMENT_3D ( 'NONE', #3219, #3620, #3643 ) ;
#5219 = CARTESIAN_POINT ( 'NONE',  ( 17.36060095264188200, 0.4826262486298922800, 0.8359331836933423500 ) ) ;
#5220 = CARTESIAN_POINT ( 'NONE',  ( 19.71515721186333500, -0.8358596339838536600, -0.6283215743360319700 ) ) ;
#5221 = LOCAL_TIME ( 12, 11, 43.00000000000000000, #301 ) ;
#5222 = CARTESIAN_POINT ( 'NONE',  ( 18.17873797632096400, -1.278124999999973800, -0.7379258128079745300 ) ) ;
#5223 = CARTESIAN_POINT ( 'NONE',  ( 15.59810095264188100, 6.824819318074059600E-017, 1.114577578257790700 ) ) ;
#5224 = CARTESIAN_POINT ( 'NONE',  ( 19.83560095264188000, -0.4826262486298926200, -0.8359331836933422400 ) ) ;
#5225 = CARTESIAN_POINT ( 'NONE',  ( 2.629350952641880600, -0.4826262486298919500, 0.8359331836933424600 ) ) ;
#5226 = CARTESIAN_POINT ( 'NONE',  ( 15.60245190528375800, -5.229199737892074000E-016, -1.249999999999973400 ) ) ;
#5227 = ADVANCED_FACE ( 'NONE', ( #3629 ), #2185, .T. ) ;
#5228 = CARTESIAN_POINT ( 'NONE',  ( 1.973100952641880300, -2.047445795422216600E-016, -1.114577578257790000 ) ) ;
#5229 = DIRECTION ( 'NONE',  ( 0.0000000000000000000, 0.0000000000000000000, 1.000000000000000000 ) ) ;
#5230 =( BOUNDED_CURVE ( )  B_SPLINE_CURVE ( 2, ( #913, #504, #3330, #2933, #1302, #36, #1280, #1702, #1243 ),
 .UNSPECIFIED., .F., .F. ) 
 B_SPLINE_CURVE_WITH_KNOTS ( ( 3, 2, 2, 2, 3 ),
 ( 0.3263888888888888400, 0.3333333333333333700, 0.3472222222222222100, 0.3611111111111110500, 0.3680555555555554700 ),
 .UNSPECIFIED. ) 
 CURVE ( )  GEOMETRIC_REPRESENTATION_ITEM ( )  RATIONAL_B_SPLINE_CURVE ( ( 0.9330127018922193000, 0.9330127018922187400, 1.000000000000000000, 0.8660254037844387100, 1.000000000000000000, 0.8660254037844387100, 1.000000000000000000, 0.9330127018922198500, 0.9330127018922193000 ) ) 
 REPRESENTATION_ITEM ( '' )  );
#5231 = CARTESIAN_POINT ( 'NONE',  ( 16.27310095264188000, -2.047445795422216600E-016, -1.114577578257790000 ) ) ;
#5232 = CARTESIAN_POINT ( 'NONE',  ( 2.202451905283759000, 2.149782114466741500E-015, -1.249999999999973400 ) ) ;
#5233 = FACE_OUTER_BOUND ( 'NONE', #5246, .T. ) ;
#5234 = CARTESIAN_POINT ( 'NONE',  ( 18.70373797632096200, -2.711095453990486600E-016, -1.475851625615950000 ) ) ;
#5235 = CARTESIAN_POINT ( 'NONE',  ( 16.31060095264188100, 0.4826262486298917900, -0.8359331836933434600 ) ) ;
#5236 = CIRCLE ( 'NONE', #3758, 1.312500000000000000 ) ;
#5237 = EDGE_CURVE ( 'NONE', #2174, #5080, #527, .T. ) ;
#5238 = CARTESIAN_POINT ( 'NONE',  ( 19.42310095264188200, -2.047445795422216600E-016, -1.114577578257790000 ) ) ;
#5239 = CARTESIAN_POINT ( 'NONE',  ( 2.329350952641880700, -0.4826262486298926200, -0.8359331836933422400 ) ) ;
#5240 = CARTESIAN_POINT ( 'NONE',  ( 2.498100952641880900, 0.9652524972597841300, -0.5572887891288955700 ) ) ;
#5241 = CARTESIAN_POINT ( 'NONE',  ( 2.689951905283758800, 0.6249999999999856800, -1.082531754730525800 ) ) ;
#5242 = LINE ( 'NONE', #2879, #1613 ) ;
#5243 = CARTESIAN_POINT ( 'NONE',  ( 2.652451905283758700, -5.229199737892074000E-016, -1.249999999999973400 ) ) ;
#5244 = EDGE_CURVE ( 'NONE', #4565, #4703, #4086, .T. ) ;
#5245 = CARTESIAN_POINT ( 'NONE',  ( 4.035600952641880600, -0.4826262486298919500, 0.8359331836933424600 ) ) ;
#5246 = EDGE_LOOP ( 'NONE', ( #1713, #3931, #740, #5017 ) ) ;
#5247 = CARTESIAN_POINT ( 'NONE',  ( 16.85000000000000500, -0.6249999999999872300, -1.082531754730524900 ) ) ;
#5248 = CARTESIAN_POINT ( 'NONE',  ( 20.00000000000000000, 0.0000000000000000000, -2.249999999999998200 ) ) ;
#5249 = CARTESIAN_POINT ( 'NONE',  ( 18.89810095264188300, -0.9652524972597844600, -0.5572887891288946800 ) ) ;
#5250 = CARTESIAN_POINT ( 'NONE',  ( 19.86022993090467300, 2.066424524318432700, -1.405025455978022900 ) ) ;
#5251 = CARTESIAN_POINT ( 'NONE',  ( 0.2293509526418810500, 0.9652524972597843500, 0.0000000000000000000 ) ) ;
#5252 = ADVANCED_FACE ( 'NONE', ( #5108 ), #3368, .F. ) ;
#5253 = ORIENTED_EDGE ( 'NONE', *, *, #1869, .F. ) ;
#5254 = CARTESIAN_POINT ( 'NONE',  ( 20.31623797632095900, -0.6390624999999863200, 1.106888719211962700 ) ) ;
#5255 = CARTESIAN_POINT ( 'NONE',  ( 16.76060095264188000, 0.4826262486298917900, -0.8359331836933434600 ) ) ;
#5256 = CARTESIAN_POINT ( 'NONE',  ( 0.0000000000000000000, 0.0000000000000000000, 0.0000000000000000000 ) ) ;
#5257 = CARTESIAN_POINT ( 'NONE',  ( 3.004350952641880600, 0.4826262486298922800, 0.8359331836933423500 ) ) ;
#5258 = CARTESIAN_POINT ( 'NONE',  ( 2.948100952641880700, 0.9652524972597841300, -0.5572887891288955700 ) ) ;
#5259 = ORIENTED_EDGE ( 'NONE', *, *, #495, .F. ) ;
#5260 =( BOUNDED_CURVE ( )  B_SPLINE_CURVE ( 2, ( #2552, #1798, #5041, #2601, #2147, #4971, #4218, #145, #1784 ),
 .UNSPECIFIED., .F., .F. ) 
 B_SPLINE_CURVE_WITH_KNOTS ( ( 3, 2, 2, 2, 3 ),
 ( 0.1458333333333333400, 0.1527777777777777900, 0.1666666666666666600, 0.1805555555555555500, 0.1875000000000000000 ),
 .UNSPECIFIED. ) 
 CURVE ( )  GEOMETRIC_REPRESENTATION_ITEM ( )  RATIONAL_B_SPLINE_CURVE ( ( 0.9330127018922194100, 0.9330127018922194100, 1.000000000000000000, 0.8660254037844387100, 1.000000000000000000, 0.8660254037844387100, 1.000000000000000000, 0.9330127018922194100, 0.9330127018922194100 ) ) 
 REPRESENTATION_ITEM ( '' )  );
#5261 = CARTESIAN_POINT ( 'NONE',  ( 4.710600952641881300, 0.4826262486298914500, -0.8359331836933428000 ) ) ;
#5262 = CARTESIAN_POINT ( 'NONE',  ( 16.61495190528376000, 1.249999999999973400, 0.0000000000000000000 ) ) ;
#5263 = CARTESIAN_POINT ( 'NONE',  ( 0.2009618943233410500, -2.249999999999999100, 1.299038105676656900 ) ) ;
#5264 = ORIENTED_EDGE ( 'NONE', *, *, #147, .F. ) ;
#5265 = CARTESIAN_POINT ( 'NONE',  ( 0.5106009526418808800, -0.9652524972597843500, 1.182093381138184100E-016 ) ) ;
#5266 = CARTESIAN_POINT ( 'NONE',  ( 20.15435095264188100, -0.9652524972597843500, 1.182093381138184100E-016 ) ) ;
#5267 = CARTESIAN_POINT ( 'NONE',  ( 1.612500000000002700, -1.249999999999973600, -0.7216878364870164000 ) ) ;
#5268 = CARTESIAN_POINT ( 'NONE',  ( 20.00000000000000000, 9.144215405900934900E-016, -2.598076211353313800 ) ) ;
#5269 = CARTESIAN_POINT ( 'NONE',  ( 17.15735571585142700, 0.3349364905388962900, 1.249999999999973100 ) ) ;
#5270 = CARTESIAN_POINT ( 'NONE',  ( 0.8524519052837590300, -5.229199737892074000E-016, -1.249999999999973400 ) ) ;
#5271 = ORIENTED_EDGE ( 'NONE', *, *, #112, .T. ) ;
#5272 = CARTESIAN_POINT ( 'NONE',  ( 1.316850952641880800, -0.9652524972597841300, 0.5572887891288953500 ) ) ;
#5273 = EDGE_CURVE ( 'NONE', #4583, #677, #3259, .T. ) ;
#5274 = DIRECTION ( 'NONE',  ( -1.000000000000000000, -0.0000000000000000000, -0.0000000000000000000 ) ) ;
#5275 = DIRECTION ( 'NONE',  ( -1.000000000000000000, -0.0000000000000000000, -0.0000000000000000000 ) ) ;
#5276 = CARTESIAN_POINT ( 'NONE',  ( 18.67310095264188200, 0.9652524972597850100, 0.5572887891288952300 ) ) ;
#5277 = VERTEX_POINT ( 'NONE', #3320 ) ;
#5278 = CARTESIAN_POINT ( 'NONE',  ( 19.23560095264188200, -0.4826262486298919500, 0.8359331836933424600 ) ) ;
#5279 = CARTESIAN_POINT ( 'NONE',  ( 1.504350952641880800, 0.4826262486298914500, -0.8359331836933428000 ) ) ;
#5280 = CARTESIAN_POINT ( 'NONE',  ( 4.073100952641881100, -0.9652524972597841300, 0.5572887891288953500 ) ) ;
#5281 = DIRECTION ( 'NONE',  ( 0.0000000000000000000, 0.0000000000000000000, 1.000000000000000000 ) ) ;
#5282 = EDGE_CURVE ( 'NONE', #2163, #4583, #3924, .T. ) ;
#5283 = CARTESIAN_POINT ( 'NONE',  ( 16.43750000000000000, -4.938688641342514700E-016, -1.249999999999973400 ) ) ;
#5284 = ORIENTED_EDGE ( 'NONE', *, *, #3813, .T. ) ;
#5285 = CARTESIAN_POINT ( 'NONE',  ( 0.3472475027402642800, 0.6360407303598217800, 0.7260609979812952000 ) ) ;
#5286 = CARTESIAN_POINT ( 'NONE',  ( 19.65275249725974000, -0.05986553411340023200, 0.9633942605660310600 ) ) ;
#5287 = EDGE_LOOP ( 'NONE', ( #1685, #4309, #1387 ) ) ;
#5288 = CARTESIAN_POINT ( 'NONE',  ( 4.335600952641880400, 0.9652524972597843500, 0.0000000000000000000 ) ) ;
#5289 = CARTESIAN_POINT ( 'NONE',  ( 1.537500000000002500, -1.249999999999973400, 0.7216878364870171800 ) ) ;
#5290 = CARTESIAN_POINT ( 'NONE',  ( 0.6418509526418809700, 0.9652524972597841300, -0.5572887891288955700 ) ) ;
#5291 = CARTESIAN_POINT ( 'NONE',  ( 0.3344791281149370200, -1.339023746216230500E-012, 0.9780208718851116600 ) ) ;
#5292 = FACE_OUTER_BOUND ( 'NONE', #4630, .T. ) ;
#5293 = CARTESIAN_POINT ( 'NONE',  ( 18.93560095264187700, -0.4826262486298929500, -0.8359331836933428000 ) ) ;
#5294 = DIRECTION ( 'NONE',  ( -1.000000000000000000, -0.0000000000000000000, -0.0000000000000000000 ) ) ;
#5295 = CARTESIAN_POINT ( 'NONE',  ( 0.7918509526418808800, 6.824819318074054600E-017, 1.114577578257790000 ) ) ;
#5296 = CARTESIAN_POINT ( 'NONE',  ( 3.660600952641880600, -0.9652524972597843500, 1.182093381138184100E-016 ) ) ;
#5297 = AXIS2_PLACEMENT_3D ( 'NONE', #2742, #343, #4842 ) ;
#5298 = CARTESIAN_POINT ( 'NONE',  ( 16.58750000000000600, 1.249999999999973400, 0.7216878364870166200 ) ) ;
#5299 = CARTESIAN_POINT ( 'NONE',  ( 0.2009618943233410500, -2.249999999999999100, 1.299038105676656900 ) ) ;
#5300 = VECTOR ( 'NONE', #4554, 1000.000000000000100 ) ;
#5301 = CARTESIAN_POINT ( 'NONE',  ( 19.92500000000000100, -1.249999999999973400, 1.530808498934158800E-016 ) ) ;
#5302 = CARTESIAN_POINT ( 'NONE',  ( 17.55245190528375700, 1.249999999999973400, 0.7216878364870166200 ) ) ;
#5303 = CARTESIAN_POINT ( 'NONE',  ( 0.8149519052837590500, -0.6249999999999872300, -1.082531754730524900 ) ) ;
#5304 = CARTESIAN_POINT ( 'NONE',  ( 1.789951905283758900, 0.6249999999999856800, -1.082531754730525800 ) ) ;
#5305 = CARTESIAN_POINT ( 'NONE',  ( 1.091850952641880900, 0.9652524972597841300, -0.5572887891288955700 ) ) ;
#5306 = ADVANCED_FACE ( 'NONE', ( #3109 ), #113, .F. ) ;
#5307 = CONICAL_SURFACE ( 'NONE', #2629, 2.249999999999998700, 1.047197551196600100 ) ;
#5308 = B_SPLINE_CURVE_WITH_KNOTS ( 'NONE', 3,
 ( #1667, #2511, #19, #4945, #4496, #80, #3307, #2948 ),
 .UNSPECIFIED., .F., .F.,
 ( 4, 2, 2, 4 ),
 ( 0.0007614087033119976000, 0.001280895401779037100, 0.001540638751012556800, 0.001800382100246076300 ),
 .UNSPECIFIED. ) ;
#5309 = CARTESIAN_POINT ( 'NONE',  ( 19.40000000000000200, -0.6249999999999863400, 1.082531754730525300 ) ) ;
#5310 = CARTESIAN_POINT ( 'NONE',  ( 19.38560095264187700, -0.4826262486298929500, -0.8359331836933428000 ) ) ;
#5311 = EDGE_CURVE ( 'NONE', #1308, #3686, #508, .T. ) ;
#5312 = VERTEX_POINT ( 'NONE', #2221 ) ;
#5313 = CARTESIAN_POINT ( 'NONE',  ( 3.191850952641880600, -0.9652524972597844600, -0.5572887891288946800 ) ) ;
#5314 = CARTESIAN_POINT ( 'NONE',  ( 2.835600952641880400, -0.4826262486298926200, -0.8359331836933422400 ) ) ;
ENDSEC;
END-ISO-10303-21;
