ISO-10303-21;
HEADER;
FILE_DESCRIPTION (( 'STEP AP203' ),
    '1' );
FILE_NAME ('92148A070_18-8 Stainless Steel Split Lock Washer.STEP',
    '2024-01-31T21:48:27',
    ( 'Administrator' ),
    ( 'Managed by Terraform' ),
    'SwSTEP 2.0',
    'SolidWorks 2017',
    '' );
FILE_SCHEMA (( 'CONFIG_CONTROL_DESIGN' ));
ENDSEC;

DATA;
#1 = CARTESIAN_POINT ( 'NONE',  ( 0.6091992282814520100, -1.319297655883346500, -0.2535880307343175700 ) ) ;
#2 = CARTESIAN_POINT ( 'NONE',  ( 1.445788178859070300, 0.1458622068065515100, -0.01159304489591130200 ) ) ;
#3 = CARTESIAN_POINT ( 'NONE',  ( -3.610578567834633800E-016, 1.450000000000000600, 0.2018974360340141700 ) ) ;
#4 = CARTESIAN_POINT ( 'NONE',  ( -2.454484195451884300, -0.01525185636398769900, 0.5090774111526386000 ) ) ;
#5 = CARTESIAN_POINT ( 'NONE',  ( 1.388994527151568000, -0.4561475551948274700, 0.04087158907461942900 ) ) ;
#6 = CARTESIAN_POINT ( 'NONE',  ( 1.138159605075869300, -1.059236789566025500, -0.4033308821396110500 ) ) ;
#7 = CARTESIAN_POINT ( 'NONE',  ( 0.8243863612644831700, -2.435910120906748900, 0.1689815121952395700 ) ) ;
#8 = CARTESIAN_POINT ( 'NONE',  ( -0.1108490685736409200, 2.545706955864392100, -0.6181839961262124400 ) ) ;
#9 = CARTESIAN_POINT ( 'NONE',  ( 0.09947835102220330100, 1.513886068869015900, -0.6855681928329669900 ) ) ;
#10 = CARTESIAN_POINT ( 'NONE',  ( 0.6476578967711653600, -1.410008120375515000, 0.2462796217576516100 ) ) ;
#11 = CARTESIAN_POINT ( 'NONE',  ( 0.009113928114364199000, 1.449971357066865300, -0.1000403295780862800 ) ) ;
#12 = CARTESIAN_POINT ( 'NONE',  ( 1.453902292348893300, 0.1568937597897383200, -0.4119917244778330000 ) ) ;
#13 = CARTESIAN_POINT ( 'NONE',  ( -2.530027474089066700, -0.3589353340575086600, 0.3926036084962922200 ) ) ;
#14 = CARTESIAN_POINT ( 'NONE',  ( -0.1163503965916141300, 2.549561245037025100, 0.6045582161432092600 ) ) ;
#15 = CALENDAR_DATE ( 2024, 31, 1 ) ;
#16 = CARTESIAN_POINT ( 'NONE',  ( 0.9867373644770408600, -1.197507715436774600, 0.2128821044545961000 ) ) ;
#17 = CARTESIAN_POINT ( 'NONE',  ( 0.6006096654409881500, -1.450000000000000600, -0.3504504504504494800 ) ) ;
#18 = CARTESIAN_POINT ( 'NONE',  ( -2.451608346839559100, 0.1430028407637356800, -0.08280484646011306000 ) ) ;
#19 = CARTESIAN_POINT ( 'NONE',  ( 0.9897021018378982000, -1.199205981698641600, -0.3871704503180030100 ) ) ;
#20 = CARTESIAN_POINT ( 'NONE',  ( 2.353905478480165000, -0.9944057747813612700, 0.06103395922386778400 ) ) ;
#21 = CARTESIAN_POINT ( 'NONE',  ( 1.025304832720494600, -1.025304832720494300, -0.4005005005004996800 ) ) ;
#22 =( BOUNDED_SURFACE ( )  B_SPLINE_SURFACE ( 1, 2, ( 
 ( #1662, #1648, #1275, #644, #759, #1026, #1270, #112, #494, #501, #507, #513, #1641, #235, #1265, #635, #1398 ),
 ( #107, #1021, #1389, #1393, #779, #640, #133, #1520, #1152, #360, #376, #763, #488, #1405, #888, #768, #906 ) ),
 .UNSPECIFIED., .F., .F., .F. ) 
 B_SPLINE_SURFACE_WITH_KNOTS ( ( 2, 2 ),
 ( 3, 2, 2, 2, 2, 2, 2, 2, 3 ),
 ( 0.0000000000000000000, 1.000000000000000000 ),
 ( 0.0000000000000000000, 0.1250000000000000000, 0.2500000000000000000, 0.3750000000000000000, 0.5000000000000000000, 0.6250000000000000000, 0.7500000000000000000, 0.8750000000000000000, 0.9989743405892509400 ),
 .UNSPECIFIED. ) 
 GEOMETRIC_REPRESENTATION_ITEM ( )  RATIONAL_B_SPLINE_SURFACE ( (
 ( 1.000000000000000000, 0.9238795325112867400, 1.000000000000000000, 0.9238795325112867400, 1.000000000000000000, 0.9238795325112867400, 1.000000000000000000, 0.9238795325112867400, 1.000000000000000000, 0.9238795325112867400, 1.000000000000000000, 0.9238795325112867400, 1.000000000000000000, 0.9238795325112867400, 1.000000000000000000, 0.9245041219019301000, 0.9987610710744951900),
 ( 1.000000000000000000, 0.9238795325112867400, 1.000000000000000000, 0.9238795325112867400, 1.000000000000000000, 0.9238795325112867400, 1.000000000000000000, 0.9238795325112867400, 1.000000000000000000, 0.9238795325112867400, 1.000000000000000000, 0.9238795325112867400, 1.000000000000000000, 0.9238795325112867400, 1.000000000000000000, 0.9245041219019301000, 0.9987610710744951900) ) ) 
 REPRESENTATION_ITEM ( '' )  SURFACE ( )  );
#23 = CARTESIAN_POINT ( 'NONE',  ( -0.09426881997583501400, 2.464367837799493100, -0.6943793930218701300 ) ) ;
#24 = CARTESIAN_POINT ( 'NONE',  ( -1.862087698500630900, -1.599330878422897700, 0.4193124041487451000 ) ) ;
#25 = CARTESIAN_POINT ( 'NONE',  ( 1.315398087452355900, -0.8229787372726139500, 0.1728235889006810600 ) ) ;
#26 = CARTESIAN_POINT ( 'NONE',  ( 9.347675724500988000E-017, -1.450000000000000200, 0.2995995995995983700 ) ) ;
#27 = SECURITY_CLASSIFICATION_LEVEL ( 'unclassified' ) ;
#28 = CARTESIAN_POINT ( 'NONE',  ( -2.448238698887760900, -1.274472398526647700, -0.1502502502502488000 ) ) ;
#29 = CARTESIAN_POINT ( 'NONE',  ( 2.283500417313125000, -1.147017397368330900, 0.06959215213312319700 ) ) ;
#30 = CARTESIAN_POINT ( 'NONE',  ( -0.09111521195042039700, 2.448896918048414100, -0.6952606179301864500 ) ) ;
#31 = CARTESIAN_POINT ( 'NONE',  ( -2.546944071349875700, 0.2100210338100533000, 0.4201079361226761100 ) ) ;
#32 = CARTESIAN_POINT ( 'NONE',  ( -0.5139184429100296400, 1.464011871436713900, 0.6588599752527369800 ) ) ;
#33 = CARTESIAN_POINT ( 'NONE',  ( -0.009086561045365934900, 1.494576705669583100, 0.6848287302068563100 ) ) ;
#34 = APPROVAL ( #549, 'UNSPECIFIED' ) ;
#35 = CARTESIAN_POINT ( 'NONE',  ( -0.8299781105135897200, -2.632354261380142700, 0.3496496496496492300 ) ) ;
#36 = CARTESIAN_POINT ( 'NONE',  ( 0.09656387800503830900, 1.528183843925990500, -0.09286444563782636500 ) ) ;
#37 = CARTESIAN_POINT ( 'NONE',  ( -0.9181978881176809900, 1.126243047512723000, 0.1143034906558816500 ) ) ;
#38 = CARTESIAN_POINT ( 'NONE',  ( -2.496986925025090500, 0.5441408213694990400, 0.4372030230637297700 ) ) ;
#39 = CARTESIAN_POINT ( 'NONE',  ( -0.09550377596897070800, 2.470426265134768600, -0.09730113804798178100 ) ) ;
#40 = CARTESIAN_POINT ( 'NONE',  ( -0.007308682416993601500, 1.485854817164402800, 0.6776516027488662700 ) ) ;
#41 = CARTESIAN_POINT ( 'NONE',  ( 0.3020570737278828700, 1.430758422147140800, -0.1736237225905812600 ) ) ;
#42 = CARTESIAN_POINT ( 'NONE',  ( 0.03393510424312079500, 1.551104493588152200, -0.6965187211240053700 ) ) ;
#43 = CARTESIAN_POINT ( 'NONE',  ( -0.4491904331780388100, 2.511473784350850600, 0.1885414700038818000 ) ) ;
#44 = FACE_OUTER_BOUND ( 'NONE', #1271, .T. ) ;
#45 = CARTESIAN_POINT ( 'NONE',  ( -0.09268657298511093200, 2.456605675849558700, -0.6952786779657039700 ) ) ;
#46 = CARTESIAN_POINT ( 'NONE',  ( -2.269157772558603200, 1.175541193166286900, 0.4716107656202751500 ) ) ;
#47 = CARTESIAN_POINT ( 'NONE',  ( -0.1082553920429598600, 2.532982939073766800, -0.1438076637071071300 ) ) ;
#48 = EDGE_CURVE ( 'NONE', #464, #654, #455, .T. ) ;
#49 = APPLICATION_PROTOCOL_DEFINITION ( 'international standard', 'config_control_design', 1994, #298 ) ;
#50 = CARTESIAN_POINT ( 'NONE',  ( 0.02435328385344264300, 1.449795474391321300, -0.5968402216562818100 ) ) ;
#51 = CARTESIAN_POINT ( 'NONE',  ( -1.200651536432011200, 1.003368676998524800, -0.009631276898608093600 ) ) ;
#52 = CARTESIAN_POINT ( 'NONE',  ( -2.230536193186158900, -1.247196738856841200, 0.3450785655250641600 ) ) ;
#53 = CARTESIAN_POINT ( 'NONE',  ( -0.1110822220707530800, 2.546850756556943800, -0.1822730776622944700 ) ) ;
#54 = CARTESIAN_POINT ( 'NONE',  ( -0.0008747149143431004300, 1.454291162419620000, 0.6323037062857361800 ) ) ;
#55 = CARTESIAN_POINT ( 'NONE',  ( 0.7625537558232221600, 1.248121532823913200, -0.6301739336936798000 ) ) ;
#56 = CARTESIAN_POINT ( 'NONE',  ( -1.703260966174834800, 1.769242812045578500, 0.01233615087655248600 ) ) ;
#57 = CARTESIAN_POINT ( 'NONE',  ( 2.293627974976056600, -1.126993638073859700, 0.06845523529001086600 ) ) ;
#58 = CARTESIAN_POINT ( 'NONE',  ( 2.285442786969630500, 0.8951489188864817400, 0.06268907415423041800 ) ) ;
#59 = CARTESIAN_POINT ( 'NONE',  ( -2.252601324437330200, 0.9783322080718385200, -0.03710928038557301900 ) ) ;
#60 = CARTESIAN_POINT ( 'NONE',  ( -0.01590219435674669300, -2.555568754964553600, 0.2102971256956844000 ) ) ;
#61 = CARTESIAN_POINT ( 'NONE',  ( 2.150867474015167900, 1.182494894033734300, 0.04575822503695547300 ) ) ;
#62 = CARTESIAN_POINT ( 'NONE',  ( -0.05108996509402488600, 2.252541702960755700, -0.09475912899374743000 ) ) ;
#63 = PERSON_AND_ORGANIZATION ( #710, #961 ) ;
#64 = VERTEX_POINT ( 'NONE', #910 ) ;
#65 = CARTESIAN_POINT ( 'NONE',  ( -2.499280085008420000, 0.5333210707776956400, 0.03692593612671860000 ) ) ;
#66 = CARTESIAN_POINT ( 'NONE',  ( 2.031121058690446500, -1.550855653001028700, 0.1938970108151814900 ) ) ;
#67 = EDGE_CURVE ( 'NONE', #427, #205, #1103, .T. ) ;
#68 = B_SPLINE_CURVE_WITH_KNOTS ( 'NONE', 1,
 ( #839, #315 ),
 .UNSPECIFIED., .F., .F.,
 ( 2, 2 ),
 ( 0.1659318790526959100, 0.8321860793981722400 ),
 .UNSPECIFIED. ) ;
#69 = CARTESIAN_POINT ( 'NONE',  ( -2.888907988335518600E-016, 1.450000000000000200, 0.6012716106003878100 ) ) ;
#70 = CARTESIAN_POINT ( 'NONE',  ( -2.281285366770125400, -0.9096830937901710900, -0.1377006309135696500 ) ) ;
#71 = CARTESIAN_POINT ( 'NONE',  ( -1.380278897115173200, -2.029814507271749500, 0.3867581364824203000 ) ) ;
#72 = CARTESIAN_POINT ( 'NONE',  ( -0.9220713655363133000, 1.123073789421526100, 0.6119826208196612600 ) ) ;
#73 = CARTESIAN_POINT ( 'NONE',  ( 2.024945403903770600, -1.389439786044673700, -0.4129082610639081000 ) ) ;
#74 = ADVANCED_FACE ( 'NONE', ( #1219 ), #1054, .T. ) ;
#75 = CARTESIAN_POINT ( 'NONE',  ( -2.228510179188603100, -1.250861037082730000, -0.1543555535656336900 ) ) ;
#76 = CARTESIAN_POINT ( 'NONE',  ( -1.829196567765395000, -1.784741831674192100, 0.3111573590093108500 ) ) ;
#77 = CARTESIAN_POINT ( 'NONE',  ( -0.4132623340986637500, 1.393116598251123300, 0.5649440491982922200 ) ) ;
#78 = CARTESIAN_POINT ( 'NONE',  ( 0.4898960737116290800, -2.508072846570831500, -0.3133162470476571500 ) ) ;
#79 = CARTESIAN_POINT ( 'NONE',  ( 2.108957662116075000, 1.443196487783481100, 0.03366390084437989600 ) ) ;
#80 = CARTESIAN_POINT ( 'NONE',  ( -0.2192686131013516500, 2.525684450915749700, 0.1471989524894193600 ) ) ;
#81 = ORIENTED_EDGE ( 'NONE', *, *, #589, .T. ) ;
#82 = CARTESIAN_POINT ( 'NONE',  ( 1.719081004381469300, -1.753691424123522400, -0.3891948118015818900 ) ) ;
#83 = CARTESIAN_POINT ( 'NONE',  ( -2.447990415312674800, 0.1975724247316643400, -0.07997241999578566500 ) ) ;
#84 = CARTESIAN_POINT ( 'NONE',  ( 0.4623652373939551900, 2.530300970813245300, -0.06713296230399903900 ) ) ;
#85 = CARTESIAN_POINT ( 'NONE',  ( 1.443450957836993400, -0.2340679548876691800, 0.02046328658965128000 ) ) ;
#86 = ADVANCED_FACE ( 'NONE', ( #191 ), #1033, .F. ) ;
#87 = CARTESIAN_POINT ( 'NONE',  ( 0.8128739198166797800, -2.422738185785622300, -0.3300302134687532800 ) ) ;
#88 = CARTESIAN_POINT ( 'NONE',  ( 2.203378598562179200, 1.294531477401696500, -0.05811758967493194100 ) ) ;
#89 = CARTESIAN_POINT ( 'NONE',  ( 1.373607204254792700, -0.7217361117442653300, 0.1630584331408288200 ) ) ;
#90 = CARTESIAN_POINT ( 'NONE',  ( -0.2035488316854379100, 2.448566598972769200, 0.6999999999999996200 ) ) ;
#91 = CARTESIAN_POINT ( 'NONE',  ( 2.405965875797512900, 0.4926851878650384000, -0.5152682039326732500 ) ) ;
#92 = CARTESIAN_POINT ( 'NONE',  ( -0.001885134290089463000, 1.459248061612902700, 0.1581580518170116500 ) ) ;
#93 = CARTESIAN_POINT ( 'NONE',  ( -1.126756834925947100, -0.9176671683494240800, 0.3134819306032167700 ) ) ;
#94 = CARTESIAN_POINT ( 'NONE',  ( 1.675805980493380700, -1.929123752229760200, -0.2814603691841896000 ) ) ;
#95 = PRODUCT_DEFINITION_SHAPE ( 'NONE', 'NONE',  #229 ) ;
#96 = CARTESIAN_POINT ( 'NONE',  ( -0.2065567136895305700, 2.463322618342017800, 0.6974324691048868800 ) ) ;
#97 = LINE ( 'NONE', #1464, #477 ) ;
#98 = CARTESIAN_POINT ( 'NONE',  ( 1.907823821272538900, 1.700201904226842400, -0.5827939085622078100 ) ) ;
#99 = ORIENTED_EDGE ( 'NONE', *, *, #1532, .F. ) ;
#100 = CARTESIAN_POINT ( 'NONE',  ( -0.1112294377815897100, 2.547572965033738900, -0.5959285178165625300 ) ) ;
#101 = CARTESIAN_POINT ( 'NONE',  ( 0.6925657328665940600, -1.277450474455462400, 0.2360417609744210900 ) ) ;
#102 = CARTESIAN_POINT ( 'NONE',  ( 0.1134063385997410700, 1.445558370445621400, -0.5892240895629468100 ) ) ;
#103 = CARTESIAN_POINT ( 'NONE',  ( -0.2020304115247053600, 2.441117557663323300, 0.7000000000000002900 ) ) ;
#104 = CARTESIAN_POINT ( 'NONE',  ( 1.416222328480626600, -2.127193160726176900, -0.3644783594138346600 ) ) ;
#105 = CARTESIAN_POINT ( 'NONE',  ( 1.282653877945490600, -0.6828299061203120200, 0.06342366015079391200 ) ) ;
#106 = CARTESIAN_POINT ( 'NONE',  ( 2.115465543070324600, -1.433507577076648300, -0.3135099950137972800 ) ) ;
#107 = CARTESIAN_POINT ( 'NONE',  ( -2.710505431213761100E-016, 1.450000000000000200, 0.6999999999999997300 ) ) ;
#108 = CARTESIAN_POINT ( 'NONE',  ( 0.6043799647721713700, 1.446229700668817800, -0.6503064234196009900 ) ) ;
#109 = CARTESIAN_POINT ( 'NONE',  ( 2.365127611579748800, -0.9677684900541221300, -0.3401547383182961800 ) ) ;
#110 = CARTESIAN_POINT ( 'NONE',  ( 0.4184991359278816300, 1.401420386666219200, -0.1628967269445837900 ) ) ;
#111 = CARTESIAN_POINT ( 'NONE',  ( 1.466854252609600900, 2.112298939161024500, -0.5124383955954006100 ) ) ;
#112 = CARTESIAN_POINT ( 'NONE',  ( -0.8299781105135897200, -2.632354261380142700, 0.3496496496496492300 ) ) ;
#113 = CARTESIAN_POINT ( 'NONE',  ( 2.413117661721333900, 0.8411135859806557800, -0.4322306495096033800 ) ) ;
#114 = CARTESIAN_POINT ( 'NONE',  ( -0.6006096654409878200, -1.450000000000000600, -0.2503503503503490800 ) ) ;
#115 = CC_DESIGN_APPROVAL ( #1195, ( #1629 ) ) ;
#116 = CARTESIAN_POINT ( 'NONE',  ( 0.9813857870669515600, 1.215032308684957000, -0.01223369373776673900 ) ) ;
#117 = CARTESIAN_POINT ( 'NONE',  ( 1.412621663126523600, -2.129399955982921500, -0.2647512368607558000 ) ) ;
#118 = ORIENTED_EDGE ( 'NONE', *, *, #304, .F. ) ;
#119 = CARTESIAN_POINT ( 'NONE',  ( 2.540296480133951800, 0.2222471440065287600, -0.5006006006005999700 ) ) ;
#120 = CARTESIAN_POINT ( 'NONE',  ( 0.8295550810942260400, -1.192915767311309500, 0.1229264255083237900 ) ) ;
#121 = CARTESIAN_POINT ( 'NONE',  ( 2.018969744935602900E-016, -1.450000000000000600, -0.3004004004003992800 ) ) ;
#122 = CARTESIAN_POINT ( 'NONE',  ( -1.267871046998044300, -0.9000501571630573600, -0.1777404129988207100 ) ) ;
#123 = CARTESIAN_POINT ( 'NONE',  ( 1.508310990116092900, 0.3645587093864950400, 0.07132833357065268600 ) ) ;
#124 = CARTESIAN_POINT ( 'NONE',  ( -0.4355726307842854900, -1.502648889381069000, -0.2631531766942422100 ) ) ;
#125 = CARTESIAN_POINT ( 'NONE',  ( 0.1134063385997410700, 1.445558370445621400, -0.5892240895629468100 ) ) ;
#126 = CARTESIAN_POINT ( 'NONE',  ( 0.4896467470117584800, 1.482676489268318600, -0.05876431985901828900 ) ) ;
#127 = EDGE_CURVE ( 'NONE', #754, #1018, #97, .T. ) ;
#128 = CARTESIAN_POINT ( 'NONE',  ( 1.219134942077224400, -0.7905557896201520500, 0.07458105501126118000 ) ) ;
#129 = CARTESIAN_POINT ( 'NONE',  ( -1.206345871054663700, -0.9810945486042380600, -0.1860658222700230000 ) ) ;
#130 = CARTESIAN_POINT ( 'NONE',  ( 1.836549496261346000, 1.776851042708597500, -0.08871094049402805700 ) ) ;
#131 = CARTESIAN_POINT ( 'NONE',  ( 1.369988439626097500, -0.7351744110429950800, -0.4357535143516110800 ) ) ;
#132 = CARTESIAN_POINT ( 'NONE',  ( 0.1017424531325404800, 1.502778872992105200, -0.6815099168798561800 ) ) ;
#133 = CARTESIAN_POINT ( 'NONE',  ( -1.025304832720493900, -1.025304832720494300, 0.3996996996996987100 ) ) ;
#134 = CARTESIAN_POINT ( 'NONE',  ( 1.044668980465185000, -1.009930734000807900, 0.09862442476646364500 ) ) ;
#135 = CARTESIAN_POINT ( 'NONE',  ( 0.9075246413148480000, -1.262536091168534200, -0.3786971283810733300 ) ) ;
#136 = CARTESIAN_POINT ( 'NONE',  ( -0.7115786844000668900, -1.382422772883618700, -0.2377889939512925200 ) ) ;
#137 = CARTESIAN_POINT ( 'NONE',  ( -0.1125104530685898400, 2.449132970363090000, 0.7044360117709834700 ) ) ;
#138 = CARTESIAN_POINT ( 'NONE',  ( -1.240275033344031100, 0.9484550857595092100, 0.5853116341478006300 ) ) ;
#139 = LINE ( 'NONE', #463, #937 ) ;
#140 = CARTESIAN_POINT ( 'NONE',  ( -0.7721064935319473800, -1.231009361658364400, -0.2283876746818701300 ) ) ;
#141 = CARTESIAN_POINT ( 'NONE',  ( -1.026276877236350900, 2.340212279574187100, 0.5579280691162756800 ) ) ;
#142 = EDGE_LOOP ( 'NONE', ( #1471, #282, #118, #1198 ) ) ;
#143 = CARTESIAN_POINT ( 'NONE',  ( -1.252844230418221700, -0.9372755285201803700, -0.1811228548993917000 ) ) ;
#144 = CARTESIAN_POINT ( 'NONE',  ( 0.09237314915295732900, 1.548742654420694400, -0.6918682312652180100 ) ) ;
#145 = CARTESIAN_POINT ( 'NONE',  ( -1.539556425638602300, -0.1933771218286825200, 0.4860555601076003200 ) ) ;
#146 = CARTESIAN_POINT ( 'NONE',  ( 1.450000000000000400, 0.6006096654409888200, -0.5506506506506502200 ) ) ;
#147 = CARTESIAN_POINT ( 'NONE',  ( -0.7225888298625355900, 1.270961859506309000, 0.5349553639903379400 ) ) ;
#148 = CARTESIAN_POINT ( 'NONE',  ( -0.9967850424207918000, -1.057472813471543200, -0.2038653676440091700 ) ) ;
#149 = CARTESIAN_POINT ( 'NONE',  ( 1.272583793085940700, -2.216015170755542200, 0.1433799553029859200 ) ) ;
#150 = CARTESIAN_POINT ( 'NONE',  ( -1.357031067560661200, 0.7783210954903582200, -0.03157022060050566900 ) ) ;
#151 = CARTESIAN_POINT ( 'NONE',  ( -1.451557976041892600, -0.06496775025013065700, -0.003796515277336034700 ) ) ;
#152 = CARTESIAN_POINT ( 'NONE',  ( -2.375709381160857600, 0.6168025680253960100, 0.5424998470156633400 ) ) ;
#153 = CARTESIAN_POINT ( 'NONE',  ( -2.710505431213761100E-016, 1.450000000000000200, 0.6999999999999997300 ) ) ;
#154 = CARTESIAN_POINT ( 'NONE',  ( 0.2177371766603205200, 1.446547062517095300, -0.5804979689904465900 ) ) ;
#155 = CARTESIAN_POINT ( 'NONE',  ( -0.02005177754753833400, 1.548369689195500100, 0.6999999999999998400 ) ) ;
#156 = CARTESIAN_POINT ( 'NONE',  ( -0.1272414003344825000, 1.447504437277811600, 0.08942049985745520500 ) ) ;
#157 = CARTESIAN_POINT ( 'NONE',  ( -2.344124087074913400, 1.017625692702911900, 0.5634999204231950800 ) ) ;
#158 = CARTESIAN_POINT ( 'NONE',  ( 1.422575280540210800, 0.6194280539855663300, 0.04868930838314254600 ) ) ;
#159 = CARTESIAN_POINT ( 'NONE',  ( -0.01776934020402352900, 1.537172544625275700, 0.6999999999999998400 ) ) ;
#160 = CARTESIAN_POINT ( 'NONE',  ( 1.953413329953394700, -1.639108404700675600, -0.4005005005004996800 ) ) ;
#161 = CARTESIAN_POINT ( 'NONE',  ( 1.412900161080345600, -2.129200452305718200, 0.1349449299996570400 ) ) ;
#162 = CARTESIAN_POINT ( 'NONE',  ( -1.374360403911246900, -0.7271942743412716000, -0.1608081555320874400 ) ) ;
#163 = CARTESIAN_POINT ( 'NONE',  ( -1.579828752916485400, 1.878697066004887400, 0.6208443173401595500 ) ) ;
#164 = CARTESIAN_POINT ( 'NONE',  ( 1.718114678910326100, -1.752959353952165100, 0.2108064734592004200 ) ) ;
#165 = CARTESIAN_POINT ( 'NONE',  ( 1.450000000000000600, -0.6006096654409887000, -0.4505505505505497700 ) ) ;
#166 = ORIENTED_EDGE ( 'NONE', *, *, #1001, .T. ) ;
#167 = VERTEX_POINT ( 'NONE', #1345 ) ;
#168 = CARTESIAN_POINT ( 'NONE',  ( 0.9831142348347542400, 1.217518476130656100, -0.6122131615882966400 ) ) ;
#169 = CARTESIAN_POINT ( 'NONE',  ( 0.1062096562674099700, 1.480863739388190700, -0.1140261548302576000 ) ) ;
#170 = CARTESIAN_POINT ( 'NONE',  ( -1.452386962782357100, -0.04562766517109273500, -0.002200264510078253500 ) ) ;
#171 = CARTESIAN_POINT ( 'NONE',  ( -1.771605307202545300, 1.841728605761725300, 0.6129940869822725300 ) ) ;
#172 = CARTESIAN_POINT ( 'NONE',  ( -0.1054871376847410100, 2.519402481172392100, -0.1251596761765525800 ) ) ;
#173 = APPLICATION_CONTEXT ( 'configuration controlled 3d designs of mechanical parts and assemblies' ) ;
#174 = CARTESIAN_POINT ( 'NONE',  ( -2.632354261380142300, 0.8299781105135895000, -0.05015015015014842600 ) ) ;
#175 = CARTESIAN_POINT ( 'NONE',  ( -0.2034049200032958500, 2.541944961129724200, 0.2004927920582569000 ) ) ;
#176 = CARTESIAN_POINT ( 'NONE',  ( -0.6279156413682649400, 1.422501078445432600, 0.04868289254031762200 ) ) ;
#177 = CARTESIAN_POINT ( 'NONE',  ( -0.8890669744761101600, 2.288030491367893900, 0.6636416620640740400 ) ) ;
#178 = CARTESIAN_POINT ( 'NONE',  ( 2.186763160931784400, -1.114808609252139200, 0.1705016336473964000 ) ) ;
#179 = B_SPLINE_CURVE_WITH_KNOTS ( 'NONE', 3,
 ( #555, #1440, #317, #62, #1472, #719, #196, #1104, #323, #1486 ),
 .UNSPECIFIED., .F., .F.,
 ( 4, 3, 3, 4 ),
 ( 0.0001019153033796975900, 0.0003010991948498858300, 0.0006021984162055910100, 0.001022521224446371400 ),
 .UNSPECIFIED. ) ;
#180 = DATE_TIME_ROLE ( 'classification_date' ) ;
#181 = CARTESIAN_POINT ( 'NONE',  ( 1.366053559914215600, 0.7427026242491653300, -0.5626861095691201300 ) ) ;
#182 = CARTESIAN_POINT ( 'NONE',  ( -2.888907988335518600E-016, 1.450000000000000200, 0.6012716106003878100 ) ) ;
#183 = CARTESIAN_POINT ( 'NONE',  ( -0.8411309708783218900, 1.184922462201335200, 0.1227912308987190600 ) ) ;
#184 = CARTESIAN_POINT ( 'NONE',  ( -1.320274361837424600, 2.069340885690926800, 0.6378253192540631600 ) ) ;
#185 = CARTESIAN_POINT ( 'NONE',  ( -0.1112294377815889100, 2.547572965033737500, -0.1892466506773603000 ) ) ;
#186 = CARTESIAN_POINT ( 'NONE',  ( -1.919836410601434700, 1.531472043607208200, -0.003748955197704872000 ) ) ;
#187 = VECTOR ( 'NONE', #960, 1000.000000000000000 ) ;
#188 = CARTESIAN_POINT ( 'NONE',  ( -0.9940101481068601700, -2.354309222315164700, 0.3619874896258064000 ) ) ;
#189 = CARTESIAN_POINT ( 'NONE',  ( 2.438865972550284100, 0.2768505467037256600, 0.09563031455718766500 ) ) ;
#190 = EDGE_CURVE ( 'NONE', #1269, #427, #316, .T. ) ;
#191 = FACE_OUTER_BOUND ( 'NONE', #679, .T. ) ;
#192 = CARTESIAN_POINT ( 'NONE',  ( -0.8801113251866945500, 2.415988811990657800, 0.1666612142427605100 ) ) ;
#193 = CARTESIAN_POINT ( 'NONE',  ( -2.015934377431234400, 1.402802577606984100, -0.01168195877801213000 ) ) ;
#194 = CARTESIAN_POINT ( 'NONE',  ( -0.4930981893542348300, -2.404616946190794000, 0.3355383274998240400 ) ) ;
#195 = CARTESIAN_POINT ( 'NONE',  ( -0.3199864533468791400, 1.417392783845888400, 0.5735456703744825600 ) ) ;
#196 = CARTESIAN_POINT ( 'NONE',  ( 0.009049384921788661600, 1.957511042688872700, -0.09380924885334639100 ) ) ;
#197 = CARTESIAN_POINT ( 'NONE',  ( -0.1212246727897034200, 2.549134801126828400, 0.1048200818888002000 ) ) ;
#198 = CARTESIAN_POINT ( 'NONE',  ( -0.01077855345719448900, -2.555592944925746400, 0.3107864950609773300 ) ) ;
#199 = CARTESIAN_POINT ( 'NONE',  ( -0.1415747506480849700, 1.446180917192799500, 0.6881804306272406600 ) ) ;
#200 = CARTESIAN_POINT ( 'NONE',  ( -2.537666678786325600, -0.3013527779954944800, -0.004466138780995998500 ) ) ;
#201 = CARTESIAN_POINT ( 'NONE',  ( -0.6813012316631244000, -2.463052052243125200, 0.2442321138757328800 ) ) ;
#202 = DIRECTION ( 'NONE',  ( -1.807003620809181000E-016, 7.228014483236724200E-016, -1.000000000000000000 ) ) ;
#203 =( BOUNDED_SURFACE ( )  B_SPLINE_SURFACE ( 3, 2, ( 
 ( #1215, #197, #312 ),
 ( #1468, #1599, #175 ),
 ( #320, #1105, #1229 ),
 ( #586, #969, #43 ),
 ( #1089, #1337, #564 ),
 ( #1596, #1592, #1478 ),
 ( #1460, #1343, #308 ),
 ( #577, #1083, #572 ),
 ( #324, #1465, #726 ),
 ( #973, #707, #825 ),
 ( #56, #1092, #713 ),
 ( #186, #1221, #442 ),
 ( #193, #1346, #977 ),
 ( #843, #954, #300 ),
 ( #59, #1097, #847 ),
 ( #1225, #1349, #583 ),
 ( #1473, #721, #65 ),
 ( #83, #1000, #606 ),
 ( #474, #210, #1253 ),
 ( #1504, #330, #200 ),
 ( #596, #347, #851 ),
 ( #592, #989, #466 ),
 ( #70, #1362, #206 ),
 ( #600, #75, #981 ),
 ( #1489, #1495, #864 ),
 ( #1108, #985, #739 ),
 ( #854, #1232, #1124 ),
 ( #1617, #456, #215 ),
 ( #734, #1612, #1603 ),
 ( #1359, #1482, #994 ),
 ( #1119, #1111, #730 ),
 ( #334, #220, #1115 ),
 ( #342, #743, #1607 ),
 ( #1247, #1376, #614 ),
 ( #1500, #469, #1239 ),
 ( #859, #1366, #461 ),
 ( #1373, #78, #1622 ),
 ( #868, #87, #339 ),
 ( #1243, #873, #1517 ),
 ( #755, #242, #504 ),
 ( #1509, #104, #484 ),
 ( #1636, #1017, #1127 ),
 ( #1394, #1027, #641 ),
 ( #237, #618, #890 ),
 ( #1261, #1400, #897 ),
 ( #1277, #355, #764 ),
 ( #760, #1642, #109 ),
 ( #1132, #1379, #350 ),
 ( #366, #478, #750 ),
 ( #1138, #489, #371 ),
 ( #1631, #361, #631 ),
 ( #879, #1384, #1147 ),
 ( #91, #1023, #1007 ),
 ( #241, #885, #113 ),
 ( #1142, #1645, #1266 ),
 ( #1390, #1272, #497 ),
 ( #747, #637, #1521 ),
 ( #1626, #98, #226 ),
 ( #624, #1257, #1011 ),
 ( #231, #1513, #655 ),
 ( #1538, #769, #1154 ),
 ( #1182, #661, #529 ),
 ( #1281, #266, #780 ),
 ( #1434, #646, #1533 ),
 ( #508, #1664, #1553 ),
 ( #774, #1656, #404 ) ),
 .UNSPECIFIED., .F., .F., .F. ) 
 B_SPLINE_SURFACE_WITH_KNOTS ( ( 4, 2, 2, 2, 2, 2, 2, 2, 2, 2, 2, 2, 2, 2, 2, 2, 2, 2, 2, 2, 2, 2, 2, 2, 2, 2, 2, 2, 2, 2, 2, 2, 4 ),
 ( 3, 3 ),
 ( 0.002966613641021740400, 0.003204251382161856800, 0.003441889123301973700, 0.003917164605582207500, 0.004392440087862440500, 0.004867715570142674300, 0.005342991052422908100, 0.005818266534703141900, 0.006293542016983375700, 0.006768817499263608600, 0.007244092981543841600, 0.007719368463824075400, 0.008194643946104309200, 0.008669919428384543000, 0.009145194910664775100, 0.009620470392945008900, 0.01009574587522524300, 0.01057102135750547700, 0.01104629683978571000, 0.01152157232206594400, 0.01199684780434617800, 0.01247212328662641200, 0.01294739876890664600, 0.01342267425118687900, 0.01389794973346711300, 0.01437322521574734500, 0.01484850069802757700, 0.01532377618030781100, 0.01579905166258804500, 0.01627432714486827900, 0.01674960262714851300, 0.01722487810942874600, 0.01817542907398921400 ),
 ( 0.0000000000000000000, 1.000000000000000000 ),
 .UNSPECIFIED. ) 
 GEOMETRIC_REPRESENTATION_ITEM ( )  RATIONAL_B_SPLINE_SURFACE ( (
 ( 1.000000000000000000, 0.7084505719812522800, 1.000000000000000000),
 ( 1.000000000000000000, 0.7092751248806731200, 1.000000000000000000),
 ( 1.000000000000000000, 0.7091642680828387200, 1.000000000000000000),
 ( 1.000000000000000000, 0.7092096022244711600, 1.000000000000000000),
 ( 1.000000000000000000, 0.7092291079416378500, 1.000000000000000000),
 ( 1.000000000000000000, 0.7092779887995115400, 1.000000000000000000),
 ( 1.000000000000000000, 0.7092977769044538400, 1.000000000000000000),
 ( 1.000000000000000000, 0.7093086080674614300, 1.000000000000000000),
 ( 1.000000000000000000, 0.7093001790459359000, 1.000000000000000000),
 ( 1.000000000000000000, 0.7092555203701853600, 1.000000000000000000),
 ( 1.000000000000000000, 0.7092188505683058000, 1.000000000000000000),
 ( 1.000000000000000000, 0.7091202006642395300, 1.000000000000000000),
 ( 1.000000000000000000, 0.7092146729452347700, 1.000000000000000000),
 ( 1.000000000000000000, 0.7092801039252923900, 1.000000000000000000),
 ( 1.000000000000000000, 0.7092986977650899100, 1.000000000000000000),
 ( 1.000000000000000000, 0.7093083264347890300, 1.000000000000000000),
 ( 1.000000000000000000, 0.7092992002457768600, 1.000000000000000000),
 ( 1.000000000000000000, 0.7092530012711787400, 1.000000000000000000),
 ( 1.000000000000000000, 0.7092164365934502400, 1.000000000000000000),
 ( 1.000000000000000000, 0.7091165204086428100, 1.000000000000000000),
 ( 1.000000000000000000, 0.7092180450272698200, 1.000000000000000000),
 ( 1.000000000000000000, 0.7092814755182517100, 1.000000000000000000),
 ( 1.000000000000000000, 0.7092995671794122300, 1.000000000000000000),
 ( 1.000000000000000000, 0.7093080521589678600, 1.000000000000000000),
 ( 1.000000000000000000, 0.7092981095596117000, 1.000000000000000000),
 ( 1.000000000000000000, 0.7092510722001356100, 1.000000000000000000),
 ( 1.000000000000000000, 0.7092137506402925700, 1.000000000000000000),
 ( 1.000000000000000000, 0.7091116582496267400, 1.000000000000000000),
 ( 1.000000000000000000, 0.7092205536455813400, 1.000000000000000000),
 ( 1.000000000000000000, 0.7092828130769584000, 1.000000000000000000),
 ( 1.000000000000000000, 0.7093005945730075400, 1.000000000000000000),
 ( 1.000000000000000000, 0.7093076182646123100, 1.000000000000000000),
 ( 1.000000000000000000, 0.7092973119345545900, 1.000000000000000000),
 ( 1.000000000000000000, 0.7092488590926880900, 1.000000000000000000),
 ( 1.000000000000000000, 0.7092104348163085200, 1.000000000000000000),
 ( 1.000000000000000000, 0.7091065985885732800, 1.000000000000000000),
 ( 1.000000000000000000, 0.7092240301389788300, 1.000000000000000000),
 ( 1.000000000000000000, 0.7092846708193826200, 1.000000000000000000),
 ( 1.000000000000000000, 0.7093016394257390900, 1.000000000000000000),
 ( 1.000000000000000000, 0.7093071021333400300, 1.000000000000000000),
 ( 1.000000000000000000, 0.7092959455014362600, 1.000000000000000000),
 ( 1.000000000000000000, 0.7092460373681954700, 1.000000000000000000),
 ( 1.000000000000000000, 0.7092066780138649400, 1.000000000000000000),
 ( 1.000000000000000000, 0.7091028369532487200, 1.000000000000000000),
 ( 1.000000000000000000, 0.7092263670791063600, 1.000000000000000000),
 ( 1.000000000000000000, 0.7092863525278285700, 1.000000000000000000),
 ( 1.000000000000000000, 0.7093024047954523700, 1.000000000000000000),
 ( 1.000000000000000000, 0.7093066474347040600, 1.000000000000000000),
 ( 1.000000000000000000, 0.7092948961165205200, 1.000000000000000000),
 ( 1.000000000000000000, 0.7092432475201661000, 1.000000000000000000),
 ( 1.000000000000000000, 0.7092040085414407200, 1.000000000000000000),
 ( 1.000000000000000000, 0.7090991253944763900, 1.000000000000000000),
 ( 1.000000000000000000, 0.7092294841472897000, 1.000000000000000000),
 ( 1.000000000000000000, 0.7092877274439550700, 1.000000000000000000),
 ( 1.000000000000000000, 0.7093031000746223800, 1.000000000000000000),
 ( 1.000000000000000000, 0.7093061855629478900, 1.000000000000000000),
 ( 1.000000000000000000, 0.7092935139319485000, 1.000000000000000000),
 ( 1.000000000000000000, 0.7092411369162221500, 1.000000000000000000),
 ( 1.000000000000000000, 0.7092015112393188500, 1.000000000000000000),
 ( 1.000000000000000000, 0.7090940170353339200, 1.000000000000000000),
 ( 1.000000000000000000, 0.7092319152547016400, 1.000000000000000000),
 ( 1.000000000000000000, 0.7092888544317591500, 1.000000000000000000),
 ( 1.000000000000000000, 0.7093039113973048600, 1.000000000000000000),
 ( 1.000000000000000000, 0.7093063795731290300, 1.000000000000000000),
 ( 1.000000000000000000, 0.7092418444355103000, 1.000000000000000000),
 ( 1.000000000000000000, 0.7091570449433626200, 1.000000000000000000) ) ) 
 REPRESENTATION_ITEM ( '' )  SURFACE ( )  );
#204 = CALENDAR_DATE ( 2024, 31, 1 ) ;
#205 = VERTEX_POINT ( 'NONE', #492 ) ;
#206 = CARTESIAN_POINT ( 'NONE',  ( -2.371732651009940800, -0.9517198952705078200, -0.03784405058460862300 ) ) ;
#207 = CARTESIAN_POINT ( 'NONE',  ( 2.205446128288449000, -1.077761208535494600, 0.1683133623064176100 ) ) ;
#208 = CARTESIAN_POINT ( 'NONE',  ( -0.7302783937776929900, 1.369096978132540400, 0.6389039904398314800 ) ) ;
#209 = CC_DESIGN_PERSON_AND_ORGANIZATION_ASSIGNMENT ( #1311, #1081, ( #1629 ) ) ;
#210 = CARTESIAN_POINT ( 'NONE',  ( -2.555222120445420900, 0.03832002838836636600, -0.08766169519546242200 ) ) ;
#211 = CARTESIAN_POINT ( 'NONE',  ( -0.2039235574221627500, 2.440902918309055400, -0.1008966777422064100 ) ) ;
#212 = CARTESIAN_POINT ( 'NONE',  ( -1.445889693743150500, -0.1449630171090459400, 0.4876878868720666600 ) ) ;
#213 = CARTESIAN_POINT ( 'NONE',  ( 1.422496818143616800, 2.020907931686145400, -0.6118075901597837000 ) ) ;
#214 = CARTESIAN_POINT ( 'NONE',  ( -1.391935189606019300, 2.023270491684888500, 0.03331395812498504800 ) ) ;
#215 = CARTESIAN_POINT ( 'NONE',  ( -1.570332637829364900, -2.016209331335614400, -0.1052221800236733800 ) ) ;
#216 = EDGE_CURVE ( 'NONE', #1640, #359, #976, .T. ) ;
#217 = CARTESIAN_POINT ( 'NONE',  ( 1.790325507967707000, 1.823686962638713500, -0.09192957719754914200 ) ) ;
#218 = CARTESIAN_POINT ( 'NONE',  ( 1.234557984881523600, -0.7664359396849267400, 0.07204223192324286900 ) ) ;
#219 = CARTESIAN_POINT ( 'NONE',  ( 0.3083339742841472200, -2.436399322006465700, -0.3056972535094649700 ) ) ;
#220 = CARTESIAN_POINT ( 'NONE',  ( -0.6795633480561238400, -2.463505697295741200, -0.2550795209501623400 ) ) ;
#221 = CARTESIAN_POINT ( 'NONE',  ( -0.2071351051664934700, 2.541573485321789100, -0.2007726467300794400 ) ) ;
#222 = CARTESIAN_POINT ( 'NONE',  ( 1.401902188888298800, -0.4160330337777688500, 0.1358402333712406800 ) ) ;
#223 = LOCAL_TIME ( 15, 48, 27.00000000000000000, #1353 ) ;
#224 = CARTESIAN_POINT ( 'NONE',  ( 1.775823035904882300, 1.696317062428129200, -0.5877742159868031300 ) ) ;
#225 = ORIENTED_EDGE ( 'NONE', *, *, #834, .T. ) ;
#226 = CARTESIAN_POINT ( 'NONE',  ( 1.904388195976359300, 1.704034572828000000, -0.4835294480543930700 ) ) ;
#227 = CARTESIAN_POINT ( 'NONE',  ( -0.004394505787502835500, 1.471558496121334200, 0.1393084517673913700 ) ) ;
#228 = CARTESIAN_POINT ( 'NONE',  ( -0.7746729374242904400, -1.240443149986563600, 0.2727314645777782500 ) ) ;
#229 = PRODUCT_DEFINITION ( 'UNKNOWN', '', #1629, #844 ) ;
#230 = CARTESIAN_POINT ( 'NONE',  ( 2.564159835672832800, -0.1910608713085061600, -0.3812118385870264500 ) ) ;
#231 = CARTESIAN_POINT ( 'NONE',  ( 1.475654274879928000, 1.963235421974776100, -0.6077724800894938100 ) ) ;
#232 = CARTESIAN_POINT ( 'NONE',  ( 2.113705462153295600, 1.248045414228830900, 0.04173800620189727800 ) ) ;
#233 = CARTESIAN_POINT ( 'NONE',  ( -1.184128391818273700, -0.8421992535126363600, 0.3217674349803795700 ) ) ;
#234 = CARTESIAN_POINT ( 'NONE',  ( -1.718849383804838400, 1.890966301387223300, 0.1160799607103522600 ) ) ;
#235 = CARTESIAN_POINT ( 'NONE',  ( 2.448238698887760500, 1.274472398526648400, 0.04934934934934813400 ) ) ;
#236 = CARTESIAN_POINT ( 'NONE',  ( 1.025304832720494300, 1.025304832720494300, -0.6007007007007002500 ) ) ;
#237 = CARTESIAN_POINT ( 'NONE',  ( 1.948914690953539500, -1.494301255116621000, -0.4064372096508970800 ) ) ;
#238 = CARTESIAN_POINT ( 'NONE',  ( 1.496863901548154400, -0.4446521616822516300, 0.1374618431677563600 ) ) ;
#239 = CARTESIAN_POINT ( 'NONE',  ( 0.8170577166335359900, -2.421181404130107000, -0.2307445842454573000 ) ) ;
#240 = CARTESIAN_POINT ( 'NONE',  ( -0.2020304115247053600, 2.441117557663323300, 0.7000000000000002900 ) ) ;
#241 = CARTESIAN_POINT ( 'NONE',  ( 2.320810178422678200, 0.8033262766178389500, -0.5320888342843925800 ) ) ;
#242 = CARTESIAN_POINT ( 'NONE',  ( 1.274188344737880600, -2.215231632182146800, -0.3559314977357216400 ) ) ;
#243 = CARTESIAN_POINT ( 'NONE',  ( 0.9185938120299719200, 1.138012812237513900, -0.01368071167204791000 ) ) ;
#244 = CARTESIAN_POINT ( 'NONE',  ( 0.2234129890361272500, 2.545553186636193600, -0.5795412452002710600 ) ) ;
#245 = CARTESIAN_POINT ( 'NONE',  ( 1.154349621327880800, 0.8824696163975330700, -0.08302476794303763300 ) ) ;
#246 = CARTESIAN_POINT ( 'NONE',  ( 1.125432588486466700, -0.9192499524444753800, -0.4126841496186562900 ) ) ;
#247 = CARTESIAN_POINT ( 'NONE',  ( 1.543123950660259400, 0.1637942499277471600, 0.08806991478292232300 ) ) ;
#248 = CARTESIAN_POINT ( 'NONE',  ( 0.9896703482067988900, -1.199089509249786400, -0.3871718794459033700 ) ) ;
#249 = CARTESIAN_POINT ( 'NONE',  ( 0.8359043241624742900, -1.199588638603427800, -0.2766487074757814600 ) ) ;
#250 = CARTESIAN_POINT ( 'NONE',  ( 0.8474573038590166300, 1.299735711657336700, -0.02496589684822515100 ) ) ;
#251 = CARTESIAN_POINT ( 'NONE',  ( 0.9618552775378413900, 1.089061695001234000, -0.1068931190548789900 ) ) ;
#252 = CC_DESIGN_APPROVAL ( #34, ( #229 ) ) ;
#253 = CARTESIAN_POINT ( 'NONE',  ( -0.4202785416078911300, -1.400807600907079300, -0.1615835281438058600 ) ) ;
#254 = CARTESIAN_POINT ( 'NONE',  ( 1.322277421449488800, 0.6025637671865261600, -0.05387135577207358100 ) ) ;
#255 = CARTESIAN_POINT ( 'NONE',  ( -0.1069089493096830900, 2.526377581873989100, -0.6576124682999646700 ) ) ;
#256 = CARTESIAN_POINT ( 'NONE',  ( -0.4434917229247911100, 2.512487145358059500, 0.6893011475230637100 ) ) ;
#257 = DATE_AND_TIME ( #204, #279 ) ;
#258 = CARTESIAN_POINT ( 'NONE',  ( -2.404772898515699100, -0.4916618172125774600, 0.4851618736658280300 ) ) ;
#259 = CARTESIAN_POINT ( 'NONE',  ( 1.302350820553536600, 0.6443318639666181200, -0.05804129248846392300 ) ) ;
#260 = CARTESIAN_POINT ( 'NONE',  ( 1.240315770278150200, -0.7570974604251687900, -0.3282148596983625000 ) ) ;
#261 = CARTESIAN_POINT ( 'NONE',  ( 1.023537191547863700, 2.341533655718238900, -0.1375494280946836000 ) ) ;
#262 = CARTESIAN_POINT ( 'NONE',  ( -0.2213717050053538600, 1.548718614431791300, 0.08436724173963536200 ) ) ;
#263 = CARTESIAN_POINT ( 'NONE',  ( 0.1038990914257176800, 1.492198871388556800, -0.6754500234912799200 ) ) ;
#264 = CARTESIAN_POINT ( 'NONE',  ( -1.537756398591451500, 0.2073007781274031600, 0.5179634268372603800 ) ) ;
#265 = CARTESIAN_POINT ( 'NONE',  ( 0.06630282844208552900, 1.676638016289513400, -0.6925932944620639700 ) ) ;
#266 = CARTESIAN_POINT ( 'NONE',  ( 0.9517050146756757000, 2.371715532999990800, -0.6407522953575789400 ) ) ;
#267 = CARTESIAN_POINT ( 'NONE',  ( 1.444123682454065500, -0.2306469645803793900, -0.4810685913145305600 ) ) ;
#268 = CARTESIAN_POINT ( 'NONE',  ( -2.113839071464477900, -1.435749012761666800, 0.3337429654977991900 ) ) ;
#269 = CARTESIAN_POINT ( 'NONE',  ( -0.1082872855231130100, 2.533139401597979100, -0.6489803225500685400 ) ) ;
#270 = CARTESIAN_POINT ( 'NONE',  ( -3.610578567834633800E-016, 1.450000000000000600, 0.2018974360340141700 ) ) ;
#271 = CARTESIAN_POINT ( 'NONE',  ( 0.3657060410863322000, -1.517981326004967500, 0.2717617419579540500 ) ) ;
#272 = CARTESIAN_POINT ( 'NONE',  ( -0.8826967068094347900, 1.165411855744391800, 0.5179465169636151600 ) ) ;
#273 = CARTESIAN_POINT ( 'NONE',  ( 1.556429188402728800, 0.1603336433767989500, -0.5116997323061950300 ) ) ;
#274 = CARTESIAN_POINT ( 'NONE',  ( -1.838562162601236500, 1.774654764707291200, 0.5076366446489530800 ) ) ;
#275 = CARTESIAN_POINT ( 'NONE',  ( -0.3136824860834979100, 1.418827609946248900, 0.07289663787565808800 ) ) ;
#276 = CARTESIAN_POINT ( 'NONE',  ( 0.1326010943378578300, -1.456217645656926000, -0.2098285925292748000 ) ) ;
#277 = CARTESIAN_POINT ( 'NONE',  ( 1.555470821610251700, 0.1349553160196128600, 0.09016499787430658200 ) ) ;
#278 =( NAMED_UNIT ( * ) SI_UNIT ( $, .STERADIAN. ) SOLID_ANGLE_UNIT ( ) );
#279 = LOCAL_TIME ( 15, 48, 27.00000000000000000, #979 ) ;
#280 = CARTESIAN_POINT ( 'NONE',  ( -1.639108404700675200, -1.953413329953394700, -0.2003003003002989400 ) ) ;
#281 = CARTESIAN_POINT ( 'NONE',  ( -1.123751995401040900, -2.294976729063646000, 0.2684759609948769700 ) ) ;
#282 = ORIENTED_EDGE ( 'NONE', *, *, #216, .F. ) ;
#283 = CARTESIAN_POINT ( 'NONE',  ( 0.05769097988538988300, 1.450000000000000600, 0.2063834108072072900 ) ) ;
#284 = CARTESIAN_POINT ( 'NONE',  ( -2.555210649807272200, 0.03772967373525584100, 0.5123110064141106500 ) ) ;
#285 = CARTESIAN_POINT ( 'NONE',  ( -2.066715796302007300, 1.352345813766958800, 0.5848694351287865300 ) ) ;
#286 = CARTESIAN_POINT ( 'NONE',  ( -0.01545516700754007200, 1.525819710815757600, 0.6980548236994881300 ) ) ;
#287 = CARTESIAN_POINT ( 'NONE',  ( -0.2222471440065292000, 2.540296480133952300, 0.7000000000000004000 ) ) ;
#288 = CARTESIAN_POINT ( 'NONE',  ( -0.2222471440065292000, 2.540296480133952300, 0.5993116476389039900 ) ) ;
#289 = CARTESIAN_POINT ( 'NONE',  ( -0.7193011839966747500, 1.378531987602548100, 0.04014218259544545500 ) ) ;
#290 = CARTESIAN_POINT ( 'NONE',  ( -2.251675527024251900, 0.9773003009568158600, 0.5628520586329294200 ) ) ;
#291 = CARTESIAN_POINT ( 'NONE',  ( -0.09317331893790536900, 2.458993546350315600, -0.09528429728758654200 ) ) ;
#292 = CARTESIAN_POINT ( 'NONE',  ( 1.316736669233687700, 0.6145984532691094500, -0.4543269697441919600 ) ) ;
#293 = CARTESIAN_POINT ( 'NONE',  ( 2.018754968035701800, -1.566689142591372500, 0.09413753678582284500 ) ) ;
#294 = CARTESIAN_POINT ( 'NONE',  ( -1.390643696967111400, -0.4215393974957221700, -0.03530022415635428900 ) ) ;
#295 = CARTESIAN_POINT ( 'NONE',  ( -2.547370539753569300, 0.2047977620298871100, 0.5206046313184631300 ) ) ;
#296 = CARTESIAN_POINT ( 'NONE',  ( -0.1070512906282884700, 2.527075877635434100, -0.1340221339597212300 ) ) ;
#297 = CARTESIAN_POINT ( 'NONE',  ( 1.450000000000000400, -0.6006096654409887000, 0.1494494494494478800 ) ) ;
#298 = APPLICATION_CONTEXT ( 'configuration controlled 3d designs of mechanical parts and assemblies' ) ;
#299 = CARTESIAN_POINT ( 'NONE',  ( 1.195014050650399000, 0.9948033325865249800, -0.5879053372349308800 ) ) ;
#300 = CARTESIAN_POINT ( 'NONE',  ( -2.274553759836141200, 1.165123294681437400, 0.07129959756678727600 ) ) ;
#301 = CARTESIAN_POINT ( 'NONE',  ( -1.441376134779696700, 0.2474127640325250500, -0.07917584067666168200 ) ) ;
#302 = CARTESIAN_POINT ( 'NONE',  ( -1.225854111634293100, 2.242347526202476300, 0.5465292011452187500 ) ) ;
#303 = CARTESIAN_POINT ( 'NONE',  ( -1.091416232713545300, -2.198477103209302000, 0.3693214697706008200 ) ) ;
#304 = EDGE_CURVE ( 'NONE', #654, #1640, #1485, .T. ) ;
#305 = B_SPLINE_CURVE_WITH_KNOTS ( 'NONE', 3,
 ( #804, #536, #1443, #1204, #420, #1324, #551, #1448, #169, #1573, #816, #701, #426, #36, #1355, #439 ),
 .UNSPECIFIED., .F., .F.,
 ( 4, 3, 3, 3, 3, 4 ),
 ( 5.421010862427522200E-020, 3.226731241557899000E-005, 6.453194951428925300E-005, 9.689482405473881800E-005, 0.0001301883383816985800, 0.0001566833533692809600 ),
 .UNSPECIFIED. ) ;
#306 = ORIENTED_EDGE ( 'NONE', *, *, #860, .F. ) ;
#307 = CARTESIAN_POINT ( 'NONE',  ( 0.2261882159227292000, 1.445338081256437400, -0.6816823327980708900 ) ) ;
#308 = CARTESIAN_POINT ( 'NONE',  ( -0.9322910064902989500, 2.379390920872616300, 0.1634216866218362300 ) ) ;
#309 = CARTESIAN_POINT ( 'NONE',  ( -2.097430265992381100, 1.460072495736414000, 0.5889462488324624900 ) ) ;
#310 = CARTESIAN_POINT ( 'NONE',  ( -1.844543460037330900, -1.619317341699930000, 0.4179348592893322700 ) ) ;
#311 = CARTESIAN_POINT ( 'NONE',  ( -0.2222471440065292000, 2.540296480133951800, 0.1995591274316193800 ) ) ;
#312 = CARTESIAN_POINT ( 'NONE',  ( -0.1261133621426102100, 2.548707096228939800, 0.2043194167776780100 ) ) ;
#313 = CARTESIAN_POINT ( 'NONE',  ( -2.540296480133951800, -0.2222471440065290300, -0.1002002002001985400 ) ) ;
#314 = CARTESIAN_POINT ( 'NONE',  ( 2.531933709807682800, 0.3461280114209988600, -0.007201668367512649300 ) ) ;
#315 = CARTESIAN_POINT ( 'NONE',  ( -0.2222471440065292000, 2.540296480133952300, 0.5993116476389039900 ) ) ;
#316 = B_SPLINE_CURVE_WITH_KNOTS ( 'NONE', 3,
 ( #311, #576, #192, #1096, #1519, #234, #1634, #1397, #1388, #643, #1029, #887, #1403, #487, #899, #628, #1647, #767, #1531, #634, #1264, #893, #1014, #877, #762, #1382, #758, #1136, #773, #239, #1020, #506, #117, #94, #1260, #1140, #106, #1392, #1130, #1010, #230, #1512, #363, #1644, #354, #483, #1515, #358, #883, #111, #623, #1268, #1639, #244, #753, #499 ),
 .UNSPECIFIED., .F., .F.,
 ( 4, 2, 2, 2, 2, 2, 2, 2, 2, 2, 2, 2, 2, 2, 2, 2, 2, 2, 2, 2, 2, 2, 2, 2, 2, 2, 2, 4 ),
 ( -5.999999998749608100E-008, 0.0009949360370695354600, 0.001492434055604296300, 0.001989932074139058000, 0.002984928111208581800, 0.003482426129743343100, 0.003979924148278104300, 0.004477422166812865600, 0.004974920185347626900, 0.005969916222417151100, 0.006467414240951911500, 0.006964912259486671900, 0.007462410278021432300, 0.007959908296556192700, 0.008457406315090954000, 0.008954904333625715200, 0.009452402352160476500, 0.009949900370695237800, 0.01044739838922999900, 0.01094489640776476000, 0.01193989244483428300, 0.01243739046336904800, 0.01293488848190380900, 0.01343238650043857000, 0.01392988451897333100, 0.01492488055604285400, 0.01542237857457761500, 0.01591987659311237800 ),
 .UNSPECIFIED. ) ;
#317 = CARTESIAN_POINT ( 'NONE',  ( -0.06435115882298242400, 2.317598254799424900, -0.09494025525717554600 ) ) ;
#318 = CARTESIAN_POINT ( 'NONE',  ( -2.228117219795038300, 1.068463475973951500, -0.03212976483770482000 ) ) ;
#319 = CARTESIAN_POINT ( 'NONE',  ( 2.540296480133952300, 0.2222471440065287600, 0.09939939939939833300 ) ) ;
#320 = CARTESIAN_POINT ( 'NONE',  ( -0.2702018580877017500, 2.436927949128188300, 0.09664633884917327200 ) ) ;
#321 = CARTESIAN_POINT ( 'NONE',  ( 1.619724837760922600, -1.844397711477450100, 0.2177117499097104300 ) ) ;
#322 = CARTESIAN_POINT ( 'NONE',  ( -0.6769217782831177300, 1.285803282320660700, 0.5392705440516979400 ) ) ;
#323 = CARTESIAN_POINT ( 'NONE',  ( 0.06501733611109175600, 1.682944363981772500, -0.09268409973325872400 ) ) ;
#324 = CARTESIAN_POINT ( 'NONE',  ( -1.321341794532287000, 2.070187971549829300, 0.03780969286528095700 ) ) ;
#325 = PERSON_AND_ORGANIZATION ( #710, #961 ) ;
#326 = CARTESIAN_POINT ( 'NONE',  ( -0.5187855530809514200, -2.502301977617137100, 0.2356815232949202600 ) ) ;
#327 = CARTESIAN_POINT ( 'NONE',  ( -0.4211748775969355600, 1.390771225883561400, 0.6629708966809082500 ) ) ;
#328 = VERTEX_POINT ( 'NONE', #972 ) ;
#329 = CARTESIAN_POINT ( 'NONE',  ( -3.141170239467780600E-016, 1.450000000000000400, 0.6080533684468364400 ) ) ;
#330 = CARTESIAN_POINT ( 'NONE',  ( -2.538245783961850000, -0.2965507361373999600, -0.1037813928375063300 ) ) ;
#331 = CARTESIAN_POINT ( 'NONE',  ( -0.1864283779669585700, -2.548705180510434200, 0.2187284571018447100 ) ) ;
#332 = CARTESIAN_POINT ( 'NONE',  ( -0.6842493982842297000, 1.281939163539962800, 0.6372902407749238000 ) ) ;
#333 = CARTESIAN_POINT ( 'NONE',  ( 1.599727866655517200, -1.863223102340548600, -0.3808558307784436500 ) ) ;
#334 = CARTESIAN_POINT ( 'NONE',  ( -0.6533110466606726300, -2.367436734126545000, -0.2556982647637616200 ) ) ;
#335 = CARTESIAN_POINT ( 'NONE',  ( 2.363470807539774100, -0.9718361275126548000, 0.05978164038313479900 ) ) ;
#336 = ADVANCED_FACE ( 'NONE', ( #44 ), #517, .T. ) ;
#337 = CARTESIAN_POINT ( 'NONE',  ( -0.8454315753791801200, 1.181867603137502200, 0.6204010143330939100 ) ) ;
#338 = CARTESIAN_POINT ( 'NONE',  ( -1.274472398526647700, 2.448238698887760900, 0.04994994994995199300 ) ) ;
#339 = CARTESIAN_POINT ( 'NONE',  ( 0.8178650807326155500, -2.421057729987623000, -0.2307842776048548400 ) ) ;
#340 = CARTESIAN_POINT ( 'NONE',  ( 2.415429616418954200, -0.5212410690509056100, -0.4633922762322075800 ) ) ;
#341 = CARTESIAN_POINT ( 'NONE',  ( -1.258482761798394700, 2.108787183896914100, 0.04173521807906041500 ) ) ;
#342 = CARTESIAN_POINT ( 'NONE',  ( -0.4972195296473230800, -2.405081993147032200, -0.2642444494226622900 ) ) ;
#343 = CLOSED_SHELL ( 'NONE', ( #1003, #594, #472, #608, #86, #460, #74, #1487, #987, #336 ) ) ;
#344 = CARTESIAN_POINT ( 'NONE',  ( 1.533814090157305200, 2.044141359841137100, -0.1079901459411092000 ) ) ;
#345 = CARTESIAN_POINT ( 'NONE',  ( 1.128821118616089200, -0.9151007404252555800, 0.1868529989729525700 ) ) ;
#346 = CARTESIAN_POINT ( 'NONE',  ( 2.151980361387803200, 1.183148819138262900, -0.5542356837108172200 ) ) ;
#347 = CARTESIAN_POINT ( 'NONE',  ( -2.512785163136936900, -0.4652344034840394400, -0.1118825447103169700 ) ) ;
#348 = CARTESIAN_POINT ( 'NONE',  ( 2.259097941503304300, 0.9601290641751716300, 0.05896022432207177800 ) ) ;
#349 = CARTESIAN_POINT ( 'NONE',  ( -0.4278424931331327700, -1.398487815247520400, 0.2383840619676812200 ) ) ;
#350 = CARTESIAN_POINT ( 'NONE',  ( 2.471167249462128200, -0.6509507620275841700, -0.3572880817817487600 ) ) ;
#351 = EDGE_CURVE ( 'NONE', #359, #464, #1228, .T. ) ;
#352 = CARTESIAN_POINT ( 'NONE',  ( -0.007548264344676611700, 1.487030154348707700, 0.1225420244078677100 ) ) ;
#353 = CARTESIAN_POINT ( 'NONE',  ( 0.3628615056767744400, -1.519042116868573000, 0.2720178735616310400 ) ) ;
#354 = CARTESIAN_POINT ( 'NONE',  ( 2.373849471171779700, 0.9459068544733454400, -0.4379297599427841600 ) ) ;
#355 = CARTESIAN_POINT ( 'NONE',  ( 2.293668755869426900, -1.126956054286142500, -0.4307760517820677900 ) ) ;
#356 = CARTESIAN_POINT ( 'NONE',  ( 0.9436563715180986700, 2.374965325211213500, -0.04119453582874518800 ) ) ;
#357 = CARTESIAN_POINT ( 'NONE',  ( 0.1599905883727539000, -1.553758823098079400, 0.2884555561358551600 ) ) ;
#358 = CARTESIAN_POINT ( 'NONE',  ( 1.947675410416735500, 1.654182986799415300, -0.4802383389978811500 ) ) ;
#359 = VERTEX_POINT ( 'NONE', #744 ) ;
#360 = CARTESIAN_POINT ( 'NONE',  ( 0.6006096654409878200, -1.450000000000000400, 0.2495495495495481900 ) ) ;
#361 = CARTESIAN_POINT ( 'NONE',  ( 2.555473952361282800, 0.01077400775253430800, -0.4904675830703813500 ) ) ;
#362 = CARTESIAN_POINT ( 'NONE',  ( 1.399471713229427200, -0.4240395371589393800, 0.03783263135585854300 ) ) ;
#363 = CARTESIAN_POINT ( 'NONE',  ( 2.511872972966152000, 0.4695544496681649000, -0.4129774066266488900 ) ) ;
#364 = CARTESIAN_POINT ( 'NONE',  ( 2.632354261380142300, -0.8299781105135907200, -0.4505505505505497100 ) ) ;
#365 = CARTESIAN_POINT ( 'NONE',  ( -0.2203739619036915200, 2.531107053369872100, 0.6430223153140383100 ) ) ;
#366 = CARTESIAN_POINT ( 'NONE',  ( 2.410118326900615200, -0.4724571732876367600, -0.4657851865259476400 ) ) ;
#367 = CARTESIAN_POINT ( 'NONE',  ( -0.1112294377815896700, 2.547572965033738400, -0.1961826844883879900 ) ) ;
#368 = CARTESIAN_POINT ( 'NONE',  ( 0.7358915689176591700, 1.252919144519667500, -0.5306108197680751100 ) ) ;
#369 = CARTESIAN_POINT ( 'NONE',  ( -0.09087356961949512300, 2.447711472970873100, -0.09525783928830333600 ) ) ;
#370 = CARTESIAN_POINT ( 'NONE',  ( 0.07933801879047151800, 1.612690188216146400, -0.6922553709215379900 ) ) ;
#371 = CARTESIAN_POINT ( 'NONE',  ( 2.551092633349803000, -0.1513351967078067100, -0.3829500604528503500 ) ) ;
#372 = APPROVAL ( #557, 'UNSPECIFIED' ) ;
#373 = CARTESIAN_POINT ( 'NONE',  ( 0.2407118231626092200, 1.543354197521007400, -0.08019274016034008700 ) ) ;
#374 = CARTESIAN_POINT ( 'NONE',  ( -0.2366882488232686900, -1.546687198822137100, -0.2801008423610163400 ) ) ;
#375 = CARTESIAN_POINT ( 'NONE',  ( 1.311811129129933700, 0.6453359931364010000, -0.4570457562772847800 ) ) ;
#376 = CARTESIAN_POINT ( 'NONE',  ( 1.025304832720494300, -1.025304832720494100, 0.1994994994994979700 ) ) ;
#377 = VERTEX_POINT ( 'NONE', #399 ) ;
#378 = CARTESIAN_POINT ( 'NONE',  ( 1.445362134511192400, -0.2222067228496354400, -0.3798833934579589600 ) ) ;
#379 = CARTESIAN_POINT ( 'NONE',  ( 0.4104825142913846600, 1.403818635642054600, -0.06488871219103159400 ) ) ;
#380 = CARTESIAN_POINT ( 'NONE',  ( -1.471744790358135500, 0.5013344687649394800, -0.05683915800026408800 ) ) ;
#381 = CARTESIAN_POINT ( 'NONE',  ( -1.285349491873887500, -0.6968723527275329000, -0.06186042690686769500 ) ) ;
#382 = CARTESIAN_POINT ( 'NONE',  ( 0.0000000000000000000, 0.0000000000000000000, 0.0000000000000000000 ) ) ;
#383 = CARTESIAN_POINT ( 'NONE',  ( 0.1546027023335495000, -1.557341734170589300, -0.3110790816559591600 ) ) ;
#384 = CARTESIAN_POINT ( 'NONE',  ( 2.373643497135303500, 0.9463838013302899900, -0.03824369378190499400 ) ) ;
#385 = CARTESIAN_POINT ( 'NONE',  ( -0.7918060307583296700, 1.349237850430087500, 0.03355208874552696000 ) ) ;
#386 = CARTESIAN_POINT ( 'NONE',  ( -0.4261582085933037800, 2.413320956649742200, 0.6886808359600270500 ) ) ;
#387 = CARTESIAN_POINT ( 'NONE',  ( 1.198458518089204700, -0.9856073657836890200, 0.1892425257380843700 ) ) ;
#388 = CARTESIAN_POINT ( 'NONE',  ( 0.3410127976247353500, -1.422283477401107700, -0.2277019060950207000 ) ) ;
#389 = CARTESIAN_POINT ( 'NONE',  ( 2.429802994877023400, 0.7913023472471324400, -0.02985091994331657800 ) ) ;
#390 = UNCERTAINTY_MEASURE_WITH_UNIT (LENGTH_MEASURE( 1.000000000000000100E-005 ), #1584, 'distance_accuracy_value', 'NONE');
#391 = CARTESIAN_POINT ( 'NONE',  ( 1.424695713282393900, 0.6226042675437906100, -0.5514333328001044300 ) ) ;
#392 = CARTESIAN_POINT ( 'NONE',  ( -0.2808428016713041000, 2.535823692482729100, 0.6972528802465287600 ) ) ;
#393 = CARTESIAN_POINT ( 'NONE',  ( 1.132745973122194500, -1.060559128575929300, 0.1969894311425828500 ) ) ;
#394 = CARTESIAN_POINT ( 'NONE',  ( -1.451547634315233400, -0.06522755156567580600, 0.3955681825869026300 ) ) ;
#395 = CC_DESIGN_PERSON_AND_ORGANIZATION_ASSIGNMENT ( #400, #1441, ( #229 ) ) ;
#396 = CARTESIAN_POINT ( 'NONE',  ( -0.7364255503238839000, -1.369470060374511100, -0.2354391685472283800 ) ) ;
#397 = CARTESIAN_POINT ( 'NONE',  ( -1.911321228051475300, -1.696037149031738100, 0.3171265032262151600 ) ) ;
#398 = CARTESIAN_POINT ( 'NONE',  ( -0.1019663649403065300, 2.502130330622301300, -0.6797083605167619800 ) ) ;
#399 = CARTESIAN_POINT ( 'NONE',  ( 0.09300102327276939300, 1.545662439618123100, -0.09184954494921411500 ) ) ;
#400 = PERSON_AND_ORGANIZATION ( #710, #961 ) ;
#401 = CARTESIAN_POINT ( 'NONE',  ( -1.498120268441250200, 0.4039623478716682400, 0.5346309969470728300 ) ) ;
#402 = CARTESIAN_POINT ( 'NONE',  ( 1.450000000000000200, 0.6006096654409884800, 0.04934934934934748200 ) ) ;
#403 = VERTEX_POINT ( 'NONE', #787 ) ;
#404 = CARTESIAN_POINT ( 'NONE',  ( -0.2076891547779213000, 2.541528518223023200, -0.6005520260430121700 ) ) ;
#405 = CARTESIAN_POINT ( 'NONE',  ( -0.8255692657032635000, -1.317576242978313100, -0.2268393526970041400 ) ) ;
#406 = DIRECTION ( 'NONE',  ( 0.9798502244349294200, 0.1997336668536844100, -3.269150665961963700E-017 ) ) ;
#407 = CARTESIAN_POINT ( 'NONE',  ( -0.04343736719893755100, 1.450000000000000800, 0.1985151107480517800 ) ) ;
#408 = CARTESIAN_POINT ( 'NONE',  ( 0.1130513305037794800, 1.447299963477901800, -0.6077366007955695700 ) ) ;
#409 = CARTESIAN_POINT ( 'NONE',  ( 0.9060538980740712200, -1.259601505662819600, 0.2212126935699238700 ) ) ;
#410 = CARTESIAN_POINT ( 'NONE',  ( 1.450000000000000600, 1.131100815553771700E-016, -0.5006006006005999700 ) ) ;
#411 = EDGE_CURVE ( 'NONE', #328, #754, #965, .T. ) ;
#412 =( NAMED_UNIT ( * ) PLANE_ANGLE_UNIT ( ) SI_UNIT ( $, .RADIAN. ) );
#413 = CARTESIAN_POINT ( 'NONE',  ( -1.953413329953395100, 1.639108404700675600, 0.5998998998999001100 ) ) ;
#414 = CARTESIAN_POINT ( 'NONE',  ( -0.1112294377815897100, 2.547572965033738900, -0.5959285178165625300 ) ) ;
#415 = CARTESIAN_POINT ( 'NONE',  ( -0.8342836098815517000, 1.189788904700339200, 0.02160430591068665200 ) ) ;
#416 = CARTESIAN_POINT ( 'NONE',  ( -0.9254281338433607600, 2.382111745421612100, 0.6642891766398865100 ) ) ;
#417 = CARTESIAN_POINT ( 'NONE',  ( -2.450391877610451200, 0.1430871690465249100, 0.5171951898511664100 ) ) ;
#418 = CARTESIAN_POINT ( 'NONE',  ( -0.2222471440065292000, 2.540296480133952300, 0.5993116476389039900 ) ) ;
#419 = CARTESIAN_POINT ( 'NONE',  ( -1.274472398526647700, 2.448238698887760900, 0.04994994994995193000 ) ) ;
#420 = CARTESIAN_POINT ( 'NONE',  ( 0.1116145790599201400, 1.454348355703905600, -0.1479359032710944900 ) ) ;
#421 = CARTESIAN_POINT ( 'NONE',  ( -1.323242430287725700, 0.8351387741792362100, -0.02606671755022086900 ) ) ;
#422 = CARTESIAN_POINT ( 'NONE',  ( -1.369842592980677900, 2.157348651280690100, 0.5379689562683914700 ) ) ;
#423 = CARTESIAN_POINT ( 'NONE',  ( -0.2067877499225941300, 2.464456032194504200, 0.1019340686105375500 ) ) ;
#424 = CARTESIAN_POINT ( 'NONE',  ( -0.001710917108968128500, 1.458393389755568100, 0.6428549192303217900 ) ) ;
#425 = CARTESIAN_POINT ( 'NONE',  ( 0.2222471440065289200, -2.540296480133952300, 0.2995995995995990300 ) ) ;
#426 = CARTESIAN_POINT ( 'NONE',  ( 0.09828438734686702200, 1.519743396748058300, -0.09502409531753773500 ) ) ;
#427 = VERTEX_POINT ( 'NONE', #100 ) ;
#428 = CARTESIAN_POINT ( 'NONE',  ( -1.397993885727668600, 0.4289746908279671300, 0.03943954728753449500 ) ) ;
#429 = CARTESIAN_POINT ( 'NONE',  ( -2.538231667572076000, -0.2964691032057971100, 0.4962240722495428500 ) ) ;
#430 = CARTESIAN_POINT ( 'NONE',  ( 2.255325282031000400, -0.9684965158656706500, 0.1619445179411271300 ) ) ;
#431 = APPROVAL_ROLE ( '' ) ;
#432 = CARTESIAN_POINT ( 'NONE',  ( -2.540296480133951800, -0.2222471440065290300, -0.1002002002001986000 ) ) ;
#433 = CARTESIAN_POINT ( 'NONE',  ( -0.03582130479792949900, 1.450000000000000400, 0.09713623135927418300 ) ) ;
#434 = CARTESIAN_POINT ( 'NONE',  ( -1.997155271368960000, 1.594336699832815500, 0.5968726613396725400 ) ) ;
#435 = CARTESIAN_POINT ( 'NONE',  ( -0.09087356961949512300, 2.447711472970873100, -0.09525783928830333600 ) ) ;
#436 = PRODUCT ( '92148A070_18-8 Stainless Steel Split Lock Washer', '92148A070_18-8 Stainless Steel Split Lock Washer', '', ( #1087 ) ) ;
#437 = CARTESIAN_POINT ( 'NONE',  ( 0.1134063385997410700, 1.445558370445621400, -0.5892240895629468100 ) ) ;
#438 = CARTESIAN_POINT ( 'NONE',  ( -0.2222471440065292000, 2.540296480133951800, 0.1000000000000021000 ) ) ;
#439 = CARTESIAN_POINT ( 'NONE',  ( 0.09300102327276939300, 1.545662439618123100, -0.09184954494921411500 ) ) ;
#440 = CARTESIAN_POINT ( 'NONE',  ( -1.942116264482887500, -1.660920397827331000, 0.3194494738280814800 ) ) ;
#441 = CARTESIAN_POINT ( 'NONE',  ( 1.210192931849388000, -2.135505350389487400, 0.2442680206440782700 ) ) ;
#442 = CARTESIAN_POINT ( 'NONE',  ( -2.000887080483401400, 1.589625454045864100, 0.09613062945809490400 ) ) ;
#443 = CARTESIAN_POINT ( 'NONE',  ( -1.153425238738668300, -2.280368991850288700, 0.2701544544108522300 ) ) ;
#444 = CARTESIAN_POINT ( 'NONE',  ( 1.345447333558696900, -2.052870965145364000, 0.2358273441954120400 ) ) ;
#445 = EDGE_CURVE ( 'NONE', #654, #205, #580, .T. ) ;
#446 = B_SPLINE_CURVE_WITH_KNOTS ( 'NONE', 3,
 ( #240, #900, #1433, #691, #673, #938, #520, #1066, #1558, #285, #1417, #152, #1061, #417, #4, #1042, #258, #919, #1046, #1172, #846, #310, #1451, #1598, #1589, #303, #575, #696, #957, #1207, #828, #1078, #1086, #441, #444, #1576, #164, #1201, #562, #178, #430, #718, #1458, #189, #1582, #971, #58, #61, #833, #705, #820, #554, #1072, #964, #1223, #1467, #952, #435 ),
 .UNSPECIFIED., .F., .F.,
 ( 4, 2, 2, 2, 2, 2, 2, 2, 2, 2, 2, 2, 2, 2, 2, 2, 2, 2, 2, 2, 2, 2, 2, 2, 2, 2, 2, 2, 4 ),
 ( -5.999999999993297300E-008, 0.0004769430421278382900, 0.0009539460842556764400, 0.001430949126383514900, 0.001907952168511353000, 0.002861958252767029500, 0.003338961294894867700, 0.003815964337022706400, 0.004292967379150546000, 0.004769970421278384700, 0.005246973463406224200, 0.005723976505534062900, 0.006200979547661902500, 0.006677982589789741200, 0.007154985631917579900, 0.007631988674045418600, 0.008585994758301096800, 0.009062997800428934700, 0.009540000842556772500, 0.01001700388468461200, 0.01049400692681245000, 0.01144801301106812700, 0.01192501605319596500, 0.01240201909532380500, 0.01287902213745164200, 0.01335602517957948000, 0.01383302822170732000, 0.01431003126383515600, 0.01526403734809083300 ),
 .UNSPECIFIED. ) ;
#447 = CARTESIAN_POINT ( 'NONE',  ( -0.09111521195042039700, 2.448896918048414100, -0.6952606179301864500 ) ) ;
#448 = FACE_OUTER_BOUND ( 'NONE', #725, .T. ) ;
#449 = EDGE_LOOP ( 'NONE', ( #612, #874, #1623, #1314 ) ) ;
#450 = CARTESIAN_POINT ( 'NONE',  ( 0.1134063385997410700, 1.445558370445621400, -0.7050406110015878800 ) ) ;
#451 = CARTESIAN_POINT ( 'NONE',  ( 0.4912758619949388900, -2.525051720651850600, 0.1860222322387859200 ) ) ;
#452 = CARTESIAN_POINT ( 'NONE',  ( -1.238779945899123500, 0.7769927321798040200, 0.4731819402561688300 ) ) ;
#453 = CARTESIAN_POINT ( 'NONE',  ( -0.9989508218545682900, -2.352210457387018800, 0.2614827058608850700 ) ) ;
#454 = CARTESIAN_POINT ( 'NONE',  ( -0.8387982127211397500, 1.186562570232326600, 0.5223357117530773600 ) ) ;
#455 = B_SPLINE_CURVE_WITH_KNOTS ( 'NONE', 3,
 ( #1278, #262, #1541, #385, #671, #930, #150, #380, #1290, #1059, #783, #1652, #1402, #1150, #1302, #923, #143, #1050, #904, #917, #136, #124, #374, #505, #1536, #518, #1409, #1035, #248, #642, #649, #1530, #131, #772, #777, #1169, #1157, #391, #1284, #511, #1297, #1549, #1660, #532, #525, #1422, #1556, #658 ),
 .UNSPECIFIED., .F., .F.,
 ( 4, 2, 2, 2, 2, 2, 2, 2, 2, 2, 2, 2, 2, 2, 2, 2, 2, 2, 2, 2, 2, 2, 2, 4 ),
 ( -5.999999996664230200E-008, 0.0006039705253077428400, 0.001208001050615452400, 0.001812031575923162000, 0.002114046838577016900, 0.002416062101230871400, 0.002718077363884726300, 0.003020092626538580800, 0.003624123151846290700, 0.003926138414500145200, 0.004228153677154000500, 0.004832184202461708600, 0.005436214727769418500, 0.005738229990423273000, 0.006040245253077127500, 0.006342260515730982800, 0.006644275778384838200, 0.007248306303692547200, 0.007852336829000257000, 0.008154352091654111500, 0.008456367354307966000, 0.008758382616961820500, 0.009060397879615675000, 0.009664428404923382200 ),
 .UNSPECIFIED. ) ;
#456 = CARTESIAN_POINT ( 'NONE',  ( -1.574144672525850100, -2.013251807771760000, -0.2045394037587010800 ) ) ;
#457 = CARTESIAN_POINT ( 'NONE',  ( 1.273953282708739000, -2.215403586305232600, 0.1433031380070252900 ) ) ;
#458 = CARTESIAN_POINT ( 'NONE',  ( -1.541080690998658700, 0.2518432930764145600, 0.5213522556721392800 ) ) ;
#459 = CARTESIAN_POINT ( 'NONE',  ( 2.188119019673583100, -1.114975750164392400, -0.4295149125178456300 ) ) ;
#460 = ADVANCED_FACE ( 'NONE', ( #1427 ), #1183, .F. ) ;
#461 = CARTESIAN_POINT ( 'NONE',  ( 0.3294432022680954300, -2.534299483526536000, -0.2059868683839741800 ) ) ;
#462 = CARTESIAN_POINT ( 'NONE',  ( 2.044541886127958700, -1.358490884993231100, 0.1852100720988009700 ) ) ;
#463 = CARTESIAN_POINT ( 'NONE',  ( -3.252606517456513300E-016, 1.450000000000000400, 0.4000000000000009700 ) ) ;
#464 = VERTEX_POINT ( 'NONE', #645 ) ;
#465 = CARTESIAN_POINT ( 'NONE',  ( 0.5434874576254326000, 2.394857900089472300, -0.6621268380838616400 ) ) ;
#466 = CARTESIAN_POINT ( 'NONE',  ( -2.428803999987668000, -0.7946325783820078500, -0.02934320226695137000 ) ) ;
#467 = CARTESIAN_POINT ( 'NONE',  ( -0.009466814382352174700, 1.496442146401020000, 0.1164030364421935900 ) ) ;
#468 = CARTESIAN_POINT ( 'NONE',  ( -0.9843168394604714400, 1.199575888212631500, 0.6135392516222963900 ) ) ;
#469 = CARTESIAN_POINT ( 'NONE',  ( -0.01381234550825073500, -2.555597863170163900, -0.2890665657350358600 ) ) ;
#470 = EDGE_CURVE ( 'NONE', #464, #1342, #569, .T. ) ;
#471 = CARTESIAN_POINT ( 'NONE',  ( 0.9102824973238298200, -1.256654835623597800, 0.2207863276581273300 ) ) ;
#472 = ADVANCED_FACE ( 'NONE', ( #448 ), #738, .F. ) ;
#473 = CARTESIAN_POINT ( 'NONE',  ( -0.6006096654409887000, 1.450000000000000400, 0.04994994994995191600 ) ) ;
#474 = CARTESIAN_POINT ( 'NONE',  ( -2.455614098119983000, 0.03706555600622638000, -0.08825438379089052500 ) ) ;
#475 = CARTESIAN_POINT ( 'NONE',  ( 2.412336803736710300, 0.8434691694541968100, 0.06813295209582524700 ) ) ;
#476 = CARTESIAN_POINT ( 'NONE',  ( 0.6079475738588027100, -1.319887304082753000, 0.2445590002373407800 ) ) ;
#477 = VECTOR ( 'NONE', #968, 1000.000000000000000 ) ;
#478 = CARTESIAN_POINT ( 'NONE',  ( 2.507903770489089600, -0.4913672706766148400, -0.4651703441940202600 ) ) ;
#479 = ORIENTED_EDGE ( 'NONE', *, *, #470, .F. ) ;
#480 = CARTESIAN_POINT ( 'NONE',  ( -0.01142080111143940600, 1.506027983206597300, 0.1101506579379108700 ) ) ;
#481 = CARTESIAN_POINT ( 'NONE',  ( -1.121694298555911300, -0.9238620848802823200, 0.4115855225789190600 ) ) ;
#482 = PRODUCT_RELATED_PRODUCT_CATEGORY ( 'detail', '', ( #436 ) ) ;
#483 = CARTESIAN_POINT ( 'NONE',  ( 2.231635561999499200, 1.244871000361635000, -0.4549002721688360500 ) ) ;
#484 = CARTESIAN_POINT ( 'NONE',  ( 1.420610301924462900, -2.124254307869367000, -0.2652364232167739900 ) ) ;
#485 = CARTESIAN_POINT ( 'NONE',  ( 2.414085020451608000, 0.8384195592174770200, -0.03236940342293782200 ) ) ;
#486 = CARTESIAN_POINT ( 'NONE',  ( 0.7391604717940825100, -1.364307290077607200, 0.2376546013317540100 ) ) ;
#487 = CARTESIAN_POINT ( 'NONE',  ( -2.529976941192869900, -0.3594001213461595600, -0.007183550783265416400 ) ) ;
#488 = CARTESIAN_POINT ( 'NONE',  ( 1.450000000000000200, 4.689864306826768700E-018, 0.09939939939939768100 ) ) ;
#489 = CARTESIAN_POINT ( 'NONE',  ( 2.550792093852703800, -0.1564789609197502800, -0.4822136559667106200 ) ) ;
#490 = EDGE_CURVE ( 'NONE', #1018, #1605, #1477, .T. ) ;
#491 = CARTESIAN_POINT ( 'NONE',  ( -0.9881441595695112900, -1.209692826528641300, 0.3888060862349229700 ) ) ;
#492 = CARTESIAN_POINT ( 'NONE',  ( -0.09111521195042039700, 2.448896918048414100, -0.6952606179301864500 ) ) ;
#493 = MANIFOLD_SOLID_BREP ( 'Fillet1', #343 ) ;
#494 = CARTESIAN_POINT ( 'NONE',  ( 0.2222471440065289200, -2.540296480133952300, 0.2995995995995990300 ) ) ;
#495 = CARTESIAN_POINT ( 'NONE',  ( -0.06303396608108287300, 2.311136391738949100, -0.6949378733237491200 ) ) ;
#496 = CARTESIAN_POINT ( 'NONE',  ( 0.009114067102428043500, 1.449971356193237000, -0.7000403179657648200 ) ) ;
#497 = CARTESIAN_POINT ( 'NONE',  ( 2.201794339144356600, 1.297250095450144000, -0.4579896251140456200 ) ) ;
#498 = CARTESIAN_POINT ( 'NONE',  ( 0.2249421732398719200, 1.445356988720308200, -0.08178746156068639200 ) ) ;
#499 = CARTESIAN_POINT ( 'NONE',  ( -0.1112294377815897100, 2.547572965033738900, -0.5959285178165625300 ) ) ;
#500 = ORIENTED_EDGE ( 'NONE', *, *, #834, .F. ) ;
#501 = CARTESIAN_POINT ( 'NONE',  ( 1.274472398526647500, -2.448238698887762200, 0.2495495495495488300 ) ) ;
#502 = CARTESIAN_POINT ( 'NONE',  ( -0.09111521195042039700, 2.448896918048414100, -0.6952606179301864500 ) ) ;
#503 = ORIENTED_EDGE ( 'NONE', *, *, #1001, .F. ) ;
#504 = CARTESIAN_POINT ( 'NONE',  ( 1.278790639835935000, -2.212572220655572700, -0.2566945168849635300 ) ) ;
#505 = CARTESIAN_POINT ( 'NONE',  ( 0.1680232717323662800, -1.555504574826337600, -0.3120730156123116000 ) ) ;
#506 = CARTESIAN_POINT ( 'NONE',  ( 1.272354482354004900, -2.216117744242453600, -0.2563177663072575000 ) ) ;
#507 = CARTESIAN_POINT ( 'NONE',  ( 1.953413329953395600, -1.639108404700675900, 0.1994994994994986300 ) ) ;
#508 = CARTESIAN_POINT ( 'NONE',  ( 0.1312342187965598000, 2.468629916587017800, -0.6842590691902522600 ) ) ;
#509 = CARTESIAN_POINT ( 'NONE',  ( -0.6813045018300601900, -1.283519837248288100, -0.1358020826030124900 ) ) ;
#510 = CARTESIAN_POINT ( 'NONE',  ( 1.412395684709657700, 0.3417689096882848300, 0.06973342452276938600 ) ) ;
#511 = CARTESIAN_POINT ( 'NONE',  ( 1.277306825756543000, 0.8864700816313021400, -0.5767749052184901700 ) ) ;
#512 = CARTESIAN_POINT ( 'NONE',  ( -1.386679343021457000, -0.4340898498026621900, -0.03648078417054874400 ) ) ;
#513 = CARTESIAN_POINT ( 'NONE',  ( 2.632354261380142700, -0.8299781105135909400, 0.1494494494494485500 ) ) ;
#514 = CARTESIAN_POINT ( 'NONE',  ( 0.9058846438367546000, -1.136074987967931500, 0.1145880221268417400 ) ) ;
#515 = CARTESIAN_POINT ( 'NONE',  ( 0.6442005966349809700, -1.415234302804975900, -0.3532205393512489200 ) ) ;
#516 = CARTESIAN_POINT ( 'NONE',  ( 2.537235667333003900, 0.3035466497781119700, -0.005206725546047835100 ) ) ;
#517 =( BOUNDED_SURFACE ( )  B_SPLINE_SURFACE ( 3, 2, ( 
 ( #14, #1036, #137 ),
 ( #931, #1285, #650 ),
 ( #1060, #392, #1187 ),
 ( #911, #256, #386 ),
 ( #1291, #784, #1085 ),
 ( #553, #1077, #819 ),
 ( #1320, #416, #177 ),
 ( #302, #1071, #545 ),
 ( #422, #1200, #184 ),
 ( #1569, #811, #163 ),
 ( #951, #171, #1450 ),
 ( #1462, #434, #1445 ),
 ( #695, #309, #1588 ),
 ( #46, #936, #1340 ),
 ( #709, #157, #290 ),
 ( #956, #1065, #1581 ),
 ( #38, #1216, #574 ),
 ( #31, #295, #1575 ),
 ( #690, #284, #714 ),
 ( #945, #429, #1090 ),
 ( #561, #1457, #1327 ),
 ( #1192, #1206, #1333 ),
 ( #1344, #703, #832 ),
 ( #52, #963, #1466 ),
 ( #827, #1211, #566 ),
 ( #440, #806, #24 ),
 ( #76, #982, #852 ),
 ( #1469, #1230, #1479 ),
 ( #1109, #1222, #71 ),
 ( #443, #1597, #578 ),
 ( #453, #188, #838 ),
 ( #201, #855, #848 ),
 ( #326, #1106, #194 ),
 ( #331, #1356, #587 ),
 ( #60, #198, #727 ),
 ( #451, #1604, #717 ),
 ( #1363, #1350, #1234 ),
 ( #457, #1347, #845 ),
 ( #1360, #593, #1100 ),
 ( #974, #1226, #321 ),
 ( #1483, #731, #1608 ),
 ( #584, #66, #978 ),
 ( #1474, #1112, #462 ),
 ( #57, #986, #207 ),
 ( #335, #1241, #597 ),
 ( #1492, #1600, #1593 ),
 ( #723, #970, #1093 ),
 ( #314, #1624, #1012 ),
 ( #1133, #615, #875 ),
 ( #485, #475, #869 ),
 ( #881, #1368, #348 ),
 ( #88, #1008, #232 ),
 ( #735, #79, #1120 ),
 ( #995, #601, #1496 ),
 ( #217, #1262, #1374 ),
 ( #344, #1505, #1385 ),
 ( #865, #1613, #748 ),
 ( #607, #1248, #625 ),
 ( #1002, #356, #1632 ),
 ( #1116, #84, #1627 ),
 ( #1128, #861, #990 ),
 ( #221, #1254, #211 ) ),
 .UNSPECIFIED., .F., .F., .F. ) 
 B_SPLINE_SURFACE_WITH_KNOTS ( ( 4, 2, 2, 2, 2, 2, 2, 2, 2, 2, 2, 2, 2, 2, 2, 2, 2, 2, 2, 2, 2, 2, 2, 2, 2, 2, 2, 2, 2, 2, 4 ),
 ( 3, 3 ),
 ( 0.002917849387038424500, 0.003154998024280411900, 0.003392146661522398900, 0.003866443936006372900, 0.004340741210490347800, 0.004815038484974321800, 0.005289335759458295800, 0.005763633033942269800, 0.006237930308426243800, 0.006712227582910218700, 0.007186524857394193500, 0.007660822131878167500, 0.008135119406362141500, 0.008609416680846115500, 0.009083713955330089500, 0.009558011229814065300, 0.01003230850429803900, 0.01050660577878201300, 0.01145520032774996100, 0.01192949760223393500, 0.01240379487671790900, 0.01287809215120188300, 0.01335238942568585700, 0.01430098397465380700, 0.01477528124913778100, 0.01524957852362175700, 0.01572387579810573300, 0.01619817307258970500, 0.01667247034707367700, 0.01714676762155765300, 0.01809536217052560100 ),
 ( 0.0000000000000000000, 1.000000000000000000 ),
 .UNSPECIFIED. ) 
 GEOMETRIC_REPRESENTATION_ITEM ( )  RATIONAL_B_SPLINE_SURFACE ( (
 ( 1.000000000000000000, 0.7057592085884038000, 1.000000000000000000),
 ( 1.000000000000000000, 0.7049241625846736100, 1.000000000000000000),
 ( 1.000000000000000000, 0.7049693742279818900, 1.000000000000000000),
 ( 1.000000000000000000, 0.7049204478394617300, 1.000000000000000000),
 ( 1.000000000000000000, 0.7048993775452944100, 1.000000000000000000),
 ( 1.000000000000000000, 0.7048465392910321400, 1.000000000000000000),
 ( 1.000000000000000000, 0.7048250200585254300, 1.000000000000000000),
 ( 1.000000000000000000, 0.7048131156700799800, 1.000000000000000000),
 ( 1.000000000000000000, 0.7048223060799145800, 1.000000000000000000),
 ( 1.000000000000000000, 0.7048705507296140200, 1.000000000000000000),
 ( 1.000000000000000000, 0.7049102582539280600, 1.000000000000000000),
 ( 1.000000000000000000, 0.7050167034313633600, 1.000000000000000000),
 ( 1.000000000000000000, 0.7049149821917278800, 1.000000000000000000),
 ( 1.000000000000000000, 0.7048441956482608400, 1.000000000000000000),
 ( 1.000000000000000000, 0.7048238341175222500, 1.000000000000000000),
 ( 1.000000000000000000, 0.7048134855736339900, 1.000000000000000000),
 ( 1.000000000000000000, 0.7048233644729348100, 1.000000000000000000),
 ( 1.000000000000000000, 0.7048736548692343700, 1.000000000000000000),
 ( 1.000000000000000000, 0.7049133876323492300, 1.000000000000000000),
 ( 1.000000000000000000, 0.7050210973372339500, 1.000000000000000000),
 ( 1.000000000000000000, 0.7049109744540290600, 1.000000000000000000),
 ( 1.000000000000000000, 0.7048422579259342500, 1.000000000000000000),
 ( 1.000000000000000000, 0.7048227820267515300, 1.000000000000000000),
 ( 1.000000000000000000, 0.7048138368452453500, 1.000000000000000000),
 ( 1.000000000000000000, 0.7048247974428136800, 1.000000000000000000),
 ( 1.000000000000000000, 0.7048761056349717200, 1.000000000000000000),
 ( 1.000000000000000000, 0.7049163229989732200, 1.000000000000000000),
 ( 1.000000000000000000, 0.7050269479987356600, 1.000000000000000000),
 ( 1.000000000000000000, 0.7049077582970647600, 1.000000000000000000),
 ( 1.000000000000000000, 0.7048406568263608800, 1.000000000000000000),
 ( 1.000000000000000000, 0.7048215598621619900, 1.000000000000000000),
 ( 1.000000000000000000, 0.7048143624816994900, 1.000000000000000000),
 ( 1.000000000000000000, 0.7048258596605849700, 1.000000000000000000),
 ( 1.000000000000000000, 0.7048787373431717500, 1.000000000000000000),
 ( 1.000000000000000000, 0.7049205606217599000, 1.000000000000000000),
 ( 1.000000000000000000, 0.7050888380460063100, 1.000000000000000000),
 ( 1.000000000000000000, 0.7048230011986761400, 1.000000000000000000),
 ( 1.000000000000000000, 0.7048150052289566800, 1.000000000000000000),
 ( 1.000000000000000000, 0.7048275245966634200, 1.000000000000000000),
 ( 1.000000000000000000, 0.7048821854455683500, 1.000000000000000000),
 ( 1.000000000000000000, 0.7049250829184659000, 1.000000000000000000),
 ( 1.000000000000000000, 0.7050377633871443000, 1.000000000000000000),
 ( 1.000000000000000000, 0.7049007515172879300, 1.000000000000000000),
 ( 1.000000000000000000, 0.7048365492707501200, 1.000000000000000000),
 ( 1.000000000000000000, 0.7048193819673661500, 1.000000000000000000),
 ( 1.000000000000000000, 0.7048137336394471000, 1.000000000000000000),
 ( 1.000000000000000000, 0.7048717112352542700, 1.000000000000000000),
 ( 1.000000000000000000, 0.7050422739093174000, 1.000000000000000000),
 ( 1.000000000000000000, 0.7048971182522294500, 1.000000000000000000),
 ( 1.000000000000000000, 0.7048347256493965300, 1.000000000000000000),
 ( 1.000000000000000000, 0.7048185623569073200, 1.000000000000000000),
 ( 1.000000000000000000, 0.7048162181083325000, 1.000000000000000000),
 ( 1.000000000000000000, 0.7048305093030843300, 1.000000000000000000),
 ( 1.000000000000000000, 0.7048883174610881500, 1.000000000000000000),
 ( 1.000000000000000000, 0.7049316829777490000, 1.000000000000000000),
 ( 1.000000000000000000, 0.7050480654078055100, 1.000000000000000000),
 ( 1.000000000000000000, 0.7048940276015691600, 1.000000000000000000),
 ( 1.000000000000000000, 0.7048333844240348700, 1.000000000000000000),
 ( 1.000000000000000000, 0.7048176332227854600, 1.000000000000000000),
 ( 1.000000000000000000, 0.7048167139638702400, 1.000000000000000000),
 ( 1.000000000000000000, 0.7048878445349858700, 1.000000000000000000),
 ( 1.000000000000000000, 0.7049807394027528500, 1.000000000000000000) ) ) 
 REPRESENTATION_ITEM ( '' )  SURFACE ( )  );
#518 = CARTESIAN_POINT ( 'NONE',  ( 0.6500330868704229400, -1.412450996801127600, -0.3537648706585642700 ) ) ;
#519 = CARTESIAN_POINT ( 'NONE',  ( -0.09462699834231702600, 1.450000000000000600, 0.1940366154486304900 ) ) ;
#520 = CARTESIAN_POINT ( 'NONE',  ( -1.390904595811383500, 2.022413383977459000, 0.6333253528756304100 ) ) ;
#521 = CARTESIAN_POINT ( 'NONE',  ( -1.411584181935938900, -0.3444913177131250200, 0.3711057224345395400 ) ) ;
#522 = CARTESIAN_POINT ( 'NONE',  ( 0.7351529175880163700, -1.370125178017549400, -0.3617656894633382600 ) ) ;
#523 = CARTESIAN_POINT ( 'NONE',  ( 1.279255835247493600, 0.6891958433851594900, -0.06257975662318404600 ) ) ;
#524 = ORIENTED_EDGE ( 'NONE', *, *, #880, .F. ) ;
#525 = CARTESIAN_POINT ( 'NONE',  ( 0.7616835689489370700, 1.355507803582876900, -0.6334260300317090500 ) ) ;
#526 = CARTESIAN_POINT ( 'NONE',  ( 0.09477836235718327400, 1.536943197973929400, -0.6917967971188842000 ) ) ;
#527 = CARTESIAN_POINT ( 'NONE',  ( -1.549030533532207900, -0.09187800503542478700, 0.4941460309766874700 ) ) ;
#528 = CARTESIAN_POINT ( 'NONE',  ( 1.450000000000000200, 4.689864306826768700E-018, 0.09939939939939768100 ) ) ;
#529 = CARTESIAN_POINT ( 'NONE',  ( 1.102697748226237000, 2.305317386058352000, -0.5328303547927330000 ) ) ;
#530 = CARTESIAN_POINT ( 'NONE',  ( 1.130570484115997800, -0.9129020511690388900, -0.3115161447401170200 ) ) ;
#531 = CARTESIAN_POINT ( 'NONE',  ( 0.001156979476982735200, -2.555468158810872700, 0.2094660586746721600 ) ) ;
#532 = CARTESIAN_POINT ( 'NONE',  ( 0.8472226790982128100, 1.303648631779221100, -0.6251094887638395400 ) ) ;
#533 = CARTESIAN_POINT ( 'NONE',  ( -0.1878729292455886500, 1.440824045947198400, 0.1860278869254899400 ) ) ;
#534 = CARTESIAN_POINT ( 'NONE',  ( -1.386599041064153300, -0.4343514219780122400, 0.3627629279530768000 ) ) ;
#535 = CARTESIAN_POINT ( 'NONE',  ( -0.2566917045359943300, -1.543941475143730800, -0.2784486670607874100 ) ) ;
#536 = CARTESIAN_POINT ( 'NONE',  ( 0.1134063385997416300, 1.445558370445621900, -0.1791399646079599500 ) ) ;
#537 = CARTESIAN_POINT ( 'NONE',  ( -0.9117952044011448100, 1.131479987660165100, 0.01313008490582777200 ) ) ;
#538 = CARTESIAN_POINT ( 'NONE',  ( 0.1132862486033184600, 1.446147506027021900, -0.6016499839011942900 ) ) ;
#539 = CARTESIAN_POINT ( 'NONE',  ( -1.468452082293312900, 0.5010469511811473900, 0.5431760646815134700 ) ) ;
#540 = CARTESIAN_POINT ( 'NONE',  ( 0.6043799073493261200, 1.446229758091663200, -0.6503064301868460900 ) ) ;
#541 = CARTESIAN_POINT ( 'NONE',  ( 0.1134063385997410700, 1.445558370445621400, -0.1898957354131529400 ) ) ;
#542 = CARTESIAN_POINT ( 'NONE',  ( 1.420145031876267800, 0.3489913292602197500, -0.4286388369237604200 ) ) ;
#543 = CARTESIAN_POINT ( 'NONE',  ( -2.512641029925200400, 0.4654849619488893900, 0.4331172943593594200 ) ) ;
#544 = CARTESIAN_POINT ( 'NONE',  ( -1.542418826567906400, 0.2639455755076969300, -0.07763293164687377900 ) ) ;
#545 = CARTESIAN_POINT ( 'NONE',  ( -1.182166385481834700, 2.151276392285260000, 0.6463844138276351200 ) ) ;
#546 = CARTESIAN_POINT ( 'NONE',  ( 1.378905208545838000, 0.7114022423770833800, 0.04009531250478244600 ) ) ;
#547 = CARTESIAN_POINT ( 'NONE',  ( 2.018969744935602900E-016, -1.450000000000000600, -0.3004004004003992800 ) ) ;
#548 = ORIENTED_EDGE ( 'NONE', *, *, #445, .T. ) ;
#549 = APPROVAL_STATUS ( 'not_yet_approved' ) ;
#550 = CARTESIAN_POINT ( 'NONE',  ( -2.632354261380142700, 0.8299781105135897200, 0.5498498498498498600 ) ) ;
#551 = CARTESIAN_POINT ( 'NONE',  ( 0.1092024539946152100, 1.466181720222945700, -0.1298601010066053600 ) ) ;
#552 = CARTESIAN_POINT ( 'NONE',  ( -1.516113267649020100, -0.3450228583366835600, -0.1264936746083741300 ) ) ;
#553 = CARTESIAN_POINT ( 'NONE',  ( -0.7599554328947328900, 2.439720035044623100, 0.5724125958241871300 ) ) ;
#554 = CARTESIAN_POINT ( 'NONE',  ( 1.539865325662589200, 1.911505634912233700, -0.003781274095015122800 ) ) ;
#555 = CARTESIAN_POINT ( 'NONE',  ( -0.09087356961949512300, 2.447711472970873100, -0.09525783928830333600 ) ) ;
#556 = ADVANCED_BREP_SHAPE_REPRESENTATION ( '92148A070_18-8 Stainless Steel Split Lock Washer', ( #493, #992 ), #1583 ) ;
#557 = APPROVAL_STATUS ( 'not_yet_approved' ) ;
#558 = CARTESIAN_POINT ( 'NONE',  ( 0.9193889927239596900, 1.137522791412885400, -0.6136117362196492600 ) ) ;
#559 = CARTESIAN_POINT ( 'NONE',  ( -0.9702549178730738300, -2.364014978698078600, 0.2598960893175162300 ) ) ;
#560 = CARTESIAN_POINT ( 'NONE',  ( -1.452645914711731900, -0.03774089842891535000, -0.1033363899146531900 ) ) ;
#561 = CARTESIAN_POINT ( 'NONE',  ( -2.513654110207513600, -0.4606540685466579100, 0.3876047806034960700 ) ) ;
#562 = CARTESIAN_POINT ( 'NONE',  ( 2.024104231727966500, -1.388461558975004000, 0.1870670576583620400 ) ) ;
#563 = CARTESIAN_POINT ( 'NONE',  ( 1.274472398526647100, -2.448238698887761400, -0.3504504504504494800 ) ) ;
#564 = CARTESIAN_POINT ( 'NONE',  ( -0.5301246626703868300, 2.495662043287696400, 0.1844819576153406700 ) ) ;
#565 = CARTESIAN_POINT ( 'NONE',  ( -1.280689378314654900, -0.6865279237639283500, -0.06117338239742291200 ) ) ;
#566 = CARTESIAN_POINT ( 'NONE',  ( -2.054954429444820500, -1.342506056500584000, 0.4362180948173923800 ) ) ;
#567 = CARTESIAN_POINT ( 'NONE',  ( -0.1094474356188030200, 2.538830847359462500, -0.1534952014256611200 ) ) ;
#568 = EDGE_CURVE ( 'NONE', #167, #377, #179, .T. ) ;
#569 = B_SPLINE_CURVE_WITH_KNOTS ( 'NONE', 1,
 ( #1655, #901 ),
 .UNSPECIFIED., .F., .F.,
 ( 2, 2 ),
 ( 0.09292731348063723600, 0.9100541384132765400 ),
 .UNSPECIFIED. ) ;
#570 = CARTESIAN_POINT ( 'NONE',  ( 0.7352830081478326500, 1.253287967599278500, -0.1313968265376437300 ) ) ;
#571 = CARTESIAN_POINT ( 'NONE',  ( -1.953413329953394700, 1.639108404700675200, -0.0001001001000982431600 ) ) ;
#572 = CARTESIAN_POINT ( 'NONE',  ( -1.236104654289246900, 2.236674531253520600, 0.1462184252743300200 ) ) ;
#573 = PERSON_AND_ORGANIZATION ( #710, #961 ) ;
#574 = CARTESIAN_POINT ( 'NONE',  ( -2.399565173364536000, 0.5174580380890266800, 0.5370595178800335900 ) ) ;
#575 = CARTESIAN_POINT ( 'NONE',  ( -0.9445432807120952600, -2.265516898894172700, 0.3607606364287925800 ) ) ;
#576 = CARTESIAN_POINT ( 'NONE',  ( -0.5522792884880274300, 2.511422408892670900, 0.1838437475248021500 ) ) ;
#577 = CARTESIAN_POINT ( 'NONE',  ( -1.183247941411233400, 2.152096726109490100, 0.04636305531198240500 ) ) ;
#578 = CARTESIAN_POINT ( 'NONE',  ( -1.103186153559831700, -2.192762182525426000, 0.3700130873509101000 ) ) ;
#579 = CARTESIAN_POINT ( 'NONE',  ( -0.2089112718201856500, 2.474873571914895100, 0.1056553689513921900 ) ) ;
#580 = B_SPLINE_CURVE_WITH_KNOTS ( 'NONE', 3,
 ( #652, #370, #265, #1031, #1173, #1276, #1527, #1663, #495, #502 ),
 .UNSPECIFIED., .F., .F.,
 ( 4, 3, 3, 4 ),
 ( 0.0001053082905866142300, 0.0003010993995451102000, 0.0006021985802242219400, 0.001023979970300387700 ),
 .UNSPECIFIED. ) ;
#581 =( BOUNDED_SURFACE ( )  B_SPLINE_SURFACE ( 1, 2, ( 
 ( #617, #473, #1503, #1005, #878, #662, #765, #114, #121, #1331, #21, #1325, #1318, #1006, #236, #108, #496 ),
 ( #850, #338, #1118, #622, #313, #1145, #895, #1137, #651, #1280, #1526, #364, #119, #1030, #1141, #1516, #1411 ) ),
 .UNSPECIFIED., .F., .F., .F. ) 
 B_SPLINE_SURFACE_WITH_KNOTS ( ( 2, 2 ),
 ( 3, 2, 2, 2, 2, 2, 2, 2, 3 ),
 ( 0.0000000000000000000, 1.000000000000000000 ),
 ( 0.0000000000000000000, 0.1250000000000000000, 0.2500000000000000000, 0.3750000000000000000, 0.5000000000000000000, 0.6250000000000000000, 0.7500000000000000000, 0.8750000000000000000, 0.9989740706509028200 ),
 .UNSPECIFIED. ) 
 GEOMETRIC_REPRESENTATION_ITEM ( )  RATIONAL_B_SPLINE_SURFACE ( (
 ( 1.000000000000000000, 0.9238795325112867400, 1.000000000000000000, 0.9238795325112867400, 1.000000000000000000, 0.9238795325112867400, 1.000000000000000000, 0.9238795325112867400, 1.000000000000000000, 0.9238795325112867400, 1.000000000000000000, 0.9238795325112867400, 1.000000000000000000, 0.9238795325112867400, 1.000000000000000000, 0.9245042862845961300, 0.9987607477050932700),
 ( 1.000000000000000000, 0.9238795325112867400, 1.000000000000000000, 0.9238795325112867400, 1.000000000000000000, 0.9238795325112867400, 1.000000000000000000, 0.9238795325112867400, 1.000000000000000000, 0.9238795325112867400, 1.000000000000000000, 0.9238795325112867400, 1.000000000000000000, 0.9238795325112867400, 1.000000000000000000, 0.9245042862845961300, 0.9987607477050932700) ) ) 
 REPRESENTATION_ITEM ( '' )  SURFACE ( )  );
#582 = CARTESIAN_POINT ( 'NONE',  ( 0.06948900599710775000, 2.454886343286276400, -0.6871951876362111200 ) ) ;
#583 = CARTESIAN_POINT ( 'NONE',  ( -2.458252711961990600, 0.6981446420148311700, 0.04561975378211887600 ) ) ;
#584 = CARTESIAN_POINT ( 'NONE',  ( 2.028176338767038200, -1.554712622665549400, 0.09342745140015761000 ) ) ;
#585 = CARTESIAN_POINT ( 'NONE',  ( -0.04196686904475980400, 1.450000000000000200, 0.5980002652268956400 ) ) ;
#586 = CARTESIAN_POINT ( 'NONE',  ( -0.4266614678976731200, 2.414467026605841200, 0.08867311456471745100 ) ) ;
#587 = CARTESIAN_POINT ( 'NONE',  ( -0.1738837169632336800, -2.448502539965320900, 0.3185917058064752200 ) ) ;
#588 = CARTESIAN_POINT ( 'NONE',  ( -0.2148158668874113300, 2.503840239843025300, 0.1220419329718545500 ) ) ;
#589 = EDGE_CURVE ( 'NONE', #205, #1342, #1335, .T. ) ;
#590 = DATE_AND_TIME ( #1171, #223 ) ;
#591 = ORIENTED_EDGE ( 'NONE', *, *, #67, .T. ) ;
#592 = CARTESIAN_POINT ( 'NONE',  ( -2.335781835844753700, -0.7586383881159691800, -0.1292022214745671700 ) ) ;
#593 = CARTESIAN_POINT ( 'NONE',  ( 1.420571583525275000, -2.124273766905319800, 0.2352561700291637100 ) ) ;
#594 = ADVANCED_FACE ( 'NONE', ( #840 ), #581, .F. ) ;
#595 = CARTESIAN_POINT ( 'NONE',  ( 0.05145363592129489900, 1.450000000000000000, 0.7043710101757044700 ) ) ;
#596 = CARTESIAN_POINT ( 'NONE',  ( -2.414874178230237400, -0.4468801348769721500, -0.1124766220343984700 ) ) ;
#597 = CARTESIAN_POINT ( 'NONE',  ( 2.272217021554847600, -0.9285425255856536400, 0.1596376274967291900 ) ) ;
#598 = CARTESIAN_POINT ( 'NONE',  ( -1.396672677613483000, 0.4331268772888243200, 0.4390874946888175800 ) ) ;
#599 = CARTESIAN_POINT ( 'NONE',  ( 0.4653927552491740600, -2.411219579853717900, -0.3136445686308446100 ) ) ;
#600 = CARTESIAN_POINT ( 'NONE',  ( -2.141780263440083800, -1.201904973092357700, -0.1549744275218567500 ) ) ;
#601 = CARTESIAN_POINT ( 'NONE',  ( 1.902327171412144400, 1.706359828072876000, 0.01679718741023377600 ) ) ;
#602 = CARTESIAN_POINT ( 'NONE',  ( -1.399156767695400200, 0.4251335704116560000, 0.5370938878825573000 ) ) ;
#603 = CARTESIAN_POINT ( 'NONE',  ( 2.416659331365710500, 0.4365835348932861100, -0.5123448112496694600 ) ) ;
#604 = CARTESIAN_POINT ( 'NONE',  ( -0.2164587546506918100, 2.511899892323901500, 0.6706595115358013900 ) ) ;
#605 = CARTESIAN_POINT ( 'NONE',  ( -0.5190685117393413200, 2.400298743814456100, 0.08394200930339874900 ) ) ;
#606 = CARTESIAN_POINT ( 'NONE',  ( -2.547697292979394000, 0.2001769497235582600, 0.01989032900528850700 ) ) ;
#607 = CARTESIAN_POINT ( 'NONE',  ( 1.104041453313798500, 2.304678970524819200, -0.1330393670888023200 ) ) ;
#608 = ADVANCED_FACE ( 'NONE', ( #1638 ), #22, .F. ) ;
#609 = CARTESIAN_POINT ( 'NONE',  ( -0.4487158842911587700, -1.495836296343359800, 0.3380130133205492800 ) ) ;
#610 = CC_DESIGN_PERSON_AND_ORGANIZATION_ASSIGNMENT ( #1252, #823, ( #1294 ) ) ;
#611 = PERSON_AND_ORGANIZATION ( #710, #961 ) ;
#612 = ORIENTED_EDGE ( 'NONE', *, *, #568, .T. ) ;
#613 = CARTESIAN_POINT ( 'NONE',  ( -0.2211161688002152000, 2.534748160077579600, 0.6324520573253629200 ) ) ;
#614 = CARTESIAN_POINT ( 'NONE',  ( -0.1791114529116822300, -2.549241748649705200, -0.1813634858162842500 ) ) ;
#615 = CARTESIAN_POINT ( 'NONE',  ( 2.502209096107886700, 0.5193767378753247900, 0.08500505659323788500 ) ) ;
#616 = CARTESIAN_POINT ( 'NONE',  ( -1.279682263890815400, -0.6884219198409672300, 0.4366643707606818700 ) ) ;
#617 = CARTESIAN_POINT ( 'NONE',  ( -3.794707603699265500E-016, 1.450000000000000600, 0.1000000000000020700 ) ) ;
#618 = CARTESIAN_POINT ( 'NONE',  ( 2.028137079706030700, -1.554747807856215400, -0.4058762701429071700 ) ) ;
#619 = EDGE_CURVE ( 'NONE', #377, #1018, #835, .T. ) ;
#620 = CARTESIAN_POINT ( 'NONE',  ( -0.01587186308463075400, 1.527863931758026500, 0.1028076743156257100 ) ) ;
#621 = CARTESIAN_POINT ( 'NONE',  ( 1.138785415647293000, -1.054187900646003500, 0.1963085620678630400 ) ) ;
#622 = CARTESIAN_POINT ( 'NONE',  ( -2.632354261380142300, 0.8299781105135895000, -0.05015015015014836300 ) ) ;
#623 = CARTESIAN_POINT ( 'NONE',  ( 1.179788610511852500, 2.285084029376840900, -0.5287478637831170000 ) ) ;
#624 = CARTESIAN_POINT ( 'NONE',  ( 1.722687190773779500, 1.750528420081218300, -0.5916445870971679400 ) ) ;
#625 = CARTESIAN_POINT ( 'NONE',  ( 1.055684892912739100, 2.216015450290269100, -0.03318163144811320200 ) ) ;
#626 = CARTESIAN_POINT ( 'NONE',  ( -1.366688713295392200, -0.7347348023773073700, 0.4382776560338249000 ) ) ;
#627 = CARTESIAN_POINT ( 'NONE',  ( -2.266094869750946200, -0.9465855520303866300, -0.1398227408654853800 ) ) ;
#628 = CARTESIAN_POINT ( 'NONE',  ( -2.412202760675642700, -0.8432193608803587600, -0.03194773521420847500 ) ) ;
#629 =( BOUNDED_CURVE ( )  B_SPLINE_CURVE ( 1, ( #414, #1317 ),
 .UNSPECIFIED., .F., .F. ) 
 B_SPLINE_CURVE_WITH_KNOTS ( ( 2, 2 ),
 ( 9.955405000235828100E-005, 0.0004992998833305327700 ),
 .UNSPECIFIED. ) 
 CURVE ( )  GEOMETRIC_REPRESENTATION_ITEM ( )  RATIONAL_B_SPLINE_CURVE ( ( 0.9918476318849854800, 0.9918476318849854800 ) ) 
 REPRESENTATION_ITEM ( '' )  );
#630 = DATE_AND_TIME ( #15, #792 ) ;
#631 = CARTESIAN_POINT ( 'NONE',  ( 2.555435093745600700, 0.01582304449143393300, -0.3911876374525011200 ) ) ;
#632 = ORIENTED_EDGE ( 'NONE', *, *, #697, .F. ) ;
#633 = CARTESIAN_POINT ( 'NONE',  ( 0.8527672620582581500, -1.176569306902576200, 0.2192062241610948100 ) ) ;
#634 = CARTESIAN_POINT ( 'NONE',  ( -1.544964724221729500, -2.035505861439588700, -0.1066989750099913800 ) ) ;
#635 = CARTESIAN_POINT ( 'NONE',  ( 0.8371594054897377700, 2.626328439414282700, -0.05030654025021538700 ) ) ;
#636 = CARTESIAN_POINT ( 'NONE',  ( -2.455712347245590600, -0.01535916674562696300, -0.09092052295820399200 ) ) ;
#637 = CARTESIAN_POINT ( 'NONE',  ( 2.113473709591992200, 1.436559893880858100, -0.5659287454701101800 ) ) ;
#638 = CARTESIAN_POINT ( 'NONE',  ( 1.178635335364621300, 0.8498853739087898200, -0.07946451202465310000 ) ) ;
#639 = CARTESIAN_POINT ( 'NONE',  ( 0.9624318172133032900, 1.088556656519942500, -0.5061727727621946300 ) ) ;
#640 = CARTESIAN_POINT ( 'NONE',  ( -1.450000000000000400, -0.6006096654409880400, 0.4497497497497489100 ) ) ;
#641 = CARTESIAN_POINT ( 'NONE',  ( 1.810909855533734400, -1.803085282169767200, -0.2905853002733637100 ) ) ;
#642 = CARTESIAN_POINT ( 'NONE',  ( 1.135814492609802600, -1.061591863622195900, -0.4030707966623237000 ) ) ;
#643 = CARTESIAN_POINT ( 'NONE',  ( -2.476631155737199400, 0.6293152356329718700, 0.04196990928121475300 ) ) ;
#644 = CARTESIAN_POINT ( 'NONE',  ( -2.632354261380142700, 0.8299781105135897200, 0.5498498498498498600 ) ) ;
#645 = CARTESIAN_POINT ( 'NONE',  ( -0.02065283002127141600, 1.551318322796243700, 0.1000000000000020900 ) ) ;
#646 = CARTESIAN_POINT ( 'NONE',  ( 0.4724159187760385000, 2.528309003194921800, -0.6666121473450751200 ) ) ;
#647 = CARTESIAN_POINT ( 'NONE',  ( 0.1438234901709069800, -1.455623983614320100, -0.3124829413496079100 ) ) ;
#648 = CARTESIAN_POINT ( 'NONE',  ( 0.7092991998107369700, 2.455056595781603100, -0.1546757609038175400 ) ) ;
#649 = CARTESIAN_POINT ( 'NONE',  ( 1.201714620963893400, -0.9864723079128071600, -0.4108233083171736700 ) ) ;
#650 = CARTESIAN_POINT ( 'NONE',  ( -0.1911365235591747100, 2.442093750915230700, 0.7005408012323375300 ) ) ;
#651 = CARTESIAN_POINT ( 'NONE',  ( 0.2222471440065289200, -2.540296480133951800, -0.3004004004003992300 ) ) ;
#652 = CARTESIAN_POINT ( 'NONE',  ( 0.09237314915295732900, 1.548742654420694400, -0.6918682312652180100 ) ) ;
#653 = EDGE_CURVE ( 'NONE', #754, #167, #446, .T. ) ;
#654 = VERTEX_POINT ( 'NONE', #946 ) ;
#655 = CARTESIAN_POINT ( 'NONE',  ( 1.531511682715550800, 2.045896349668249800, -0.5078897075910341300 ) ) ;
#656 = CARTESIAN_POINT ( 'NONE',  ( 0.8475981321166333700, -1.180323069862744300, -0.3802327194122002700 ) ) ;
#657 = CARTESIAN_POINT ( 'NONE',  ( 2.564179345299193400, -0.1905410345674728700, 0.01848546612977951600 ) ) ;
#658 = CARTESIAN_POINT ( 'NONE',  ( 0.09237314915295732900, 1.548742654420694400, -0.6918682312652180100 ) ) ;
#659 = CARTESIAN_POINT ( 'NONE',  ( -1.184805207472595400, -0.8570448428833250500, -0.07872953738356777700 ) ) ;
#660 = CARTESIAN_POINT ( 'NONE',  ( -0.9636095281850084500, -1.216169029884293300, 0.3871626395025364300 ) ) ;
#661 = CARTESIAN_POINT ( 'NONE',  ( 1.107455397089967700, 2.303036122594293000, -0.6320745851251187200 ) ) ;
#662 = CARTESIAN_POINT ( 'NONE',  ( -1.450000000000000400, -0.6006096654409882600, -0.1502502502502488000 ) ) ;
#663 = CARTESIAN_POINT ( 'NONE',  ( -0.4578766984548982600, -1.496463895203969100, -0.2612136872233744000 ) ) ;
#664 = CARTESIAN_POINT ( 'NONE',  ( 1.115737484934459900, 0.9310027175422720400, 0.01038420223654885900 ) ) ;
#665 = CARTESIAN_POINT ( 'NONE',  ( -0.8826107350833321000, 1.165474061677063100, 0.1186597873612593400 ) ) ;
#666 = CARTESIAN_POINT ( 'NONE',  ( -0.02005177754753833400, 1.548369689195500100, 0.6999999999999998400 ) ) ;
#667 = CARTESIAN_POINT ( 'NONE',  ( -1.025304832720494300, 1.025304832720493900, 0.5998998998998994500 ) ) ;
#668 = CARTESIAN_POINT ( 'NONE',  ( -0.2443618466726137100, -1.441695533786015300, 0.2215834191520252800 ) ) ;
#669 = CARTESIAN_POINT ( 'NONE',  ( 0.8543739955519119600, -1.175391547628811300, -0.2790477567584490600 ) ) ;
#670 = CARTESIAN_POINT ( 'NONE',  ( -2.203330095543810000, -1.294413526663687100, 0.3422870623623254800 ) ) ;
#671 = CARTESIAN_POINT ( 'NONE',  ( -0.9618920013331331300, 1.233675263051591900, 0.01653253453351771800 ) ) ;
#672 = CARTESIAN_POINT ( 'NONE',  ( -1.446043150651297000, 0.2154638530892506200, 0.01992843111021071500 ) ) ;
#673 = CARTESIAN_POINT ( 'NONE',  ( -0.9747663407491282700, 2.252649361972739200, 0.6587083091777984300 ) ) ;
#674 = CARTESIAN_POINT ( 'NONE',  ( -1.450000000000000400, 0.6006096654409875900, 0.5498498498498493000 ) ) ;
#675 = CARTESIAN_POINT ( 'NONE',  ( 0.4828038395153244100, 1.380176720478026000, -0.1568015896379257600 ) ) ;
#676 = CALENDAR_DATE ( 2024, 31, 1 ) ;
#677 = CARTESIAN_POINT ( 'NONE',  ( 0.6939409037025624500, -1.276693477966066100, -0.2621305640728970300 ) ) ;
#678 = CARTESIAN_POINT ( 'NONE',  ( -0.5516929524861619000, 2.495107858051389000, 0.5832152154028187300 ) ) ;
#679 = EDGE_LOOP ( 'NONE', ( #306, #857, #1114, #166 ) ) ;
#680 = CARTESIAN_POINT ( 'NONE',  ( -1.442717430052714600, 0.2389675939849639800, 0.02201148143274438100 ) ) ;
#681 = CARTESIAN_POINT ( 'NONE',  ( 1.458404614313803200, 0.1017739637014639700, -0.4075130104336180400 ) ) ;
#682 = CARTESIAN_POINT ( 'NONE',  ( 1.216648420974646200, 0.9630374004561099700, 0.01515889117570022100 ) ) ;
#683 = ORIENTED_EDGE ( 'NONE', *, *, #697, .T. ) ;
#684 = CARTESIAN_POINT ( 'NONE',  ( 1.025304832720494100, 1.025304832720494100, -0.0007007007007026099300 ) ) ;
#685 = APPROVAL_STATUS ( 'not_yet_approved' ) ;
#686 = CARTESIAN_POINT ( 'NONE',  ( -2.433072128510402400, -0.3328239990502957500, -0.1066876519464402100 ) ) ;
#687 = CARTESIAN_POINT ( 'NONE',  ( 0.4402839111085852200, 1.501865794859316100, -0.6631602325172490900 ) ) ;
#688 = CARTESIAN_POINT ( 'NONE',  ( -1.458314158819180600, 2.098428120610380100, 0.5325527953851747500 ) ) ;
#689 = CARTESIAN_POINT ( 'NONE',  ( -1.417051942569847100, -0.3218033503956154700, -0.1280415102131591800 ) ) ;
#690 = CARTESIAN_POINT ( 'NONE',  ( -2.555131719087306000, 0.04286986501971385600, 0.4118204841444870200 ) ) ;
#691 = CARTESIAN_POINT ( 'NONE',  ( -0.8242171876408661600, 2.311992127510938700, 0.6673061064618813800 ) ) ;
#692 = CARTESIAN_POINT ( 'NONE',  ( -1.639108404700675600, -1.953413329953395100, 0.3996996996996993700 ) ) ;
#693 = CARTESIAN_POINT ( 'NONE',  ( -0.4954884235980208100, -2.506874563803613400, 0.2344723770739676700 ) ) ;
#694 = CARTESIAN_POINT ( 'NONE',  ( -1.236288701769416400, 0.7810522865257978300, -0.02762356487122020700 ) ) ;
#695 = CARTESIAN_POINT ( 'NONE',  ( -2.094470094017967900, 1.464298165968359600, 0.4884570700651702000 ) ) ;
#696 = CARTESIAN_POINT ( 'NONE',  ( -0.6432210293737865600, -2.368752274890968800, 0.3437563712093850700 ) ) ;
#697 = EDGE_CURVE ( 'NONE', #167, #403, #1352, .T. ) ;
#698 = CARTESIAN_POINT ( 'NONE',  ( -1.450000000000000400, -0.6006096654409882600, -0.1502502502502488000 ) ) ;
#699 = CARTESIAN_POINT ( 'NONE',  ( -2.067761561670342200, 1.352767064902993700, -0.01513375377181480600 ) ) ;
#700 = CARTESIAN_POINT ( 'NONE',  ( 1.639108404700675600, 1.953413329953394700, -0.6007007007007002500 ) ) ;
#701 = CARTESIAN_POINT ( 'NONE',  ( 0.1004354822326553300, 1.509190589903709000, -0.09772423257816063900 ) ) ;
#702 = CARTESIAN_POINT ( 'NONE',  ( -0.6716123859843253800, 1.288630586333639600, 0.03857496753178830300 ) ) ;
#703 = CARTESIAN_POINT ( 'NONE',  ( -2.373050594297744500, -0.9483955898842689700, 0.4628295181435970200 ) ) ;
#704 = LOCAL_TIME ( 15, 48, 27.00000000000000000, #814 ) ;
#705 = CARTESIAN_POINT ( 'NONE',  ( 1.880244982335789400, 1.577763959200902700, 0.02037956808045205500 ) ) ;
#706 = CARTESIAN_POINT ( 'NONE',  ( -0.2062817085383330000, 2.541642747657999900, -0.7000406110850938600 ) ) ;
#707 = CARTESIAN_POINT ( 'NONE',  ( -1.645755648882802700, 1.955050051346445300, 0.02140229704531519700 ) ) ;
#708 = CARTESIAN_POINT ( 'NONE',  ( -1.548118287711181900, -0.1442798056145450100, -0.1098818243640320600 ) ) ;
#709 = CARTESIAN_POINT ( 'NONE',  ( -2.341977535364642400, 1.022540303441842800, 0.4629955213322098900 ) ) ;
#710 = PERSON ( 'UNSPECIFIED', 'UNSPECIFIED', 'UNSPECIFIED', ('UNSPECIFIED'), ('UNSPECIFIED'), ('UNSPECIFIED') ) ;
#711 = CC_DESIGN_APPROVAL ( #372, ( #1294 ) ) ;
#712 = CARTESIAN_POINT ( 'NONE',  ( 1.953413329953395600, -1.639108404700675900, 0.1994994994994986300 ) ) ;
#713 = CARTESIAN_POINT ( 'NONE',  ( -1.776179289358897900, 1.837292933923884400, 0.1122033835543584500 ) ) ;
#714 = CARTESIAN_POINT ( 'NONE',  ( -2.454387699781150900, 0.03605821598902787800, 0.5116879349215812700 ) ) ;
#715 = CARTESIAN_POINT ( 'NONE',  ( -0.1019071910968492300, 2.501840036528642800, -0.1107338620742598800 ) ) ;
#716 = CARTESIAN_POINT ( 'NONE',  ( -2.412517226400554500, 0.4589851905948882400, -0.06610855415194587200 ) ) ;
#717 = CARTESIAN_POINT ( 'NONE',  ( 0.4765576803371436900, -2.424524569996869200, 0.2859099757466935200 ) ) ;
#718 = CARTESIAN_POINT ( 'NONE',  ( 2.414305297025628200, -0.5204951878839853000, 0.1365733490871553800 ) ) ;
#719 = CARTESIAN_POINT ( 'NONE',  ( -0.01099703146783470600, 2.055854431201725100, -0.09417535824274857200 ) ) ;
#720 = CALENDAR_DATE ( 2024, 31, 1 ) ;
#721 = CARTESIAN_POINT ( 'NONE',  ( -2.498179461034497200, 0.5384950194359040500, -0.06231463438387103300 ) ) ;
#722 = FACE_OUTER_BOUND ( 'NONE', #821, .T. ) ;
#723 = CARTESIAN_POINT ( 'NONE',  ( 2.567212865158853100, -0.1545630925088345200, 0.01668166365035716700 ) ) ;
#724 = CARTESIAN_POINT ( 'NONE',  ( -1.443233631175076400, 0.2353715343109203100, 0.5197557438550725100 ) ) ;
#725 = EDGE_LOOP ( 'NONE', ( #1236, #999, #524, #1148 ) ) ;
#726 = CARTESIAN_POINT ( 'NONE',  ( -1.379591957872006400, 2.151141874985776200, 0.1376662070059626900 ) ) ;
#727 = CARTESIAN_POINT ( 'NONE',  ( -0.01017038858014483400, -2.454754947678098100, 0.3101654332826441200 ) ) ;
#728 = CARTESIAN_POINT ( 'NONE',  ( -0.2180889551883492800, 2.519897304016481200, 0.1376774669668187600 ) ) ;
#729 = CARTESIAN_POINT ( 'NONE',  ( 1.210603577625212200, -2.136700157987115200, -0.3557114703979341000 ) ) ;
#730 = CARTESIAN_POINT ( 'NONE',  ( -0.9915385883872577200, -2.355311611486490300, -0.1386401511145174400 ) ) ;
#731 = CARTESIAN_POINT ( 'NONE',  ( 1.810677562284441800, -1.803348093692520400, 0.2099069883602011400 ) ) ;
#732 = CARTESIAN_POINT ( 'NONE',  ( -0.2217811534406211300, 2.538010431077815100, 0.1781406248501092600 ) ) ;
#733 = CARTESIAN_POINT ( 'NONE',  ( 0.6969714500457560000, 2.354881418934914100, -0.6536752273672552500 ) ) ;
#734 = CARTESIAN_POINT ( 'NONE',  ( -1.383304909848335900, -2.029220725731270700, -0.2130894872946325900 ) ) ;
#735 = CARTESIAN_POINT ( 'NONE',  ( 2.111966907592852200, 1.438786230139004400, -0.06683985135047097700 ) ) ;
#736 = CARTESIAN_POINT ( 'NONE',  ( -1.452527504051242000, -0.04053935126414418700, 0.3975990567672788000 ) ) ;
#737 = ORIENTED_EDGE ( 'NONE', *, *, #411, .T. ) ;
#738 =( BOUNDED_SURFACE ( )  B_SPLINE_SURFACE ( 1, 2, ( 
 ( #153, #1202, #667, #674, #1194, #1447, #1425, #1322, #26, #1313, #822, #297, #528, #402, #684, #1189, #11 ),
 ( #1552, #794, #1452, #1181, #939, #698, #801, #1067, #547, #17, #1305, #165, #410, #146, #1577, #540, #1053 ) ),
 .UNSPECIFIED., .F., .F., .F. ) 
 B_SPLINE_SURFACE_WITH_KNOTS ( ( 2, 2 ),
 ( 3, 2, 2, 2, 2, 2, 2, 2, 3 ),
 ( 0.0000000000000000000, 1.000000000000000000 ),
 ( 0.0000000000000000000, 0.1250000000000000000, 0.2500000000000000000, 0.3750000000000000000, 0.5000000000000000000, 0.6250000000000000000, 0.7500000000000000000, 0.8750000000000000000, 0.9989740862866957100 ),
 .UNSPECIFIED. ) 
 GEOMETRIC_REPRESENTATION_ITEM ( )  RATIONAL_B_SPLINE_SURFACE ( (
 ( 1.000000000000000000, 0.9238795325112867400, 1.000000000000000000, 0.9238795325112867400, 1.000000000000000000, 0.9238795325112867400, 1.000000000000000000, 0.9238795325112867400, 1.000000000000000000, 0.9238795325112867400, 1.000000000000000000, 0.9238795325112867400, 1.000000000000000000, 0.9238795325112867400, 1.000000000000000000, 0.9245042767629652000, 0.9987607664357647200),
 ( 1.000000000000000000, 0.9238795325112867400, 1.000000000000000000, 0.9238795325112867400, 1.000000000000000000, 0.9238795325112867400, 1.000000000000000000, 0.9238795325112867400, 1.000000000000000000, 0.9238795325112867400, 1.000000000000000000, 0.9238795325112867400, 1.000000000000000000, 0.9238795325112867400, 1.000000000000000000, 0.9245042767629652000, 0.9987607664357647200) ) ) 
 REPRESENTATION_ITEM ( '' )  SURFACE ( )  );
#739 = CARTESIAN_POINT ( 'NONE',  ( -1.936712441908667000, -1.667199256771113400, -0.08068925202438863300 ) ) ;
#740 = CARTESIAN_POINT ( 'NONE',  ( -1.129274404142291700, 0.9290432237319927700, 0.5880093236493634200 ) ) ;
#741 = CARTESIAN_POINT ( 'NONE',  ( -0.6437331680907583100, -2.369909738003562500, -0.2562253196445818900 ) ) ;
#742 = CARTESIAN_POINT ( 'NONE',  ( -0.3622902563038325500, 2.428567408795813300, 0.09207815809507033400 ) ) ;
#743 = CARTESIAN_POINT ( 'NONE',  ( -0.5171342445265041400, -2.502665088697776600, -0.2636289131916140800 ) ) ;
#744 = CARTESIAN_POINT ( 'NONE',  ( -3.610578567834633800E-016, 1.450000000000000600, 0.2018974360340141700 ) ) ;
#745 = CARTESIAN_POINT ( 'NONE',  ( 1.123788320078913600, -0.9212259654013543700, 0.08873440288893202900 ) ) ;
#746 = CARTESIAN_POINT ( 'NONE',  ( 1.931034652225573000, -1.517114818982701100, -0.4050314619969022600 ) ) ;
#747 = CARTESIAN_POINT ( 'NONE',  ( 2.031243820812901100, 1.380372022625629300, -0.5665432010637299100 ) ) ;
#748 = CARTESIAN_POINT ( 'NONE',  ( 1.336114566873154200, 2.059144299390337300, -0.01636587405843072500 ) ) ;
#749 = CARTESIAN_POINT ( 'NONE',  ( 1.444718258351014500, -0.2258974478227737700, 0.1185143785240107700 ) ) ;
#750 = CARTESIAN_POINT ( 'NONE',  ( 2.508904276980744400, -0.4861844245159965300, -0.3659279616525483200 ) ) ;
#751 = CARTESIAN_POINT ( 'NONE',  ( -0.01904824883654111800, 1.543446594115000200, 0.1000000000002758700 ) ) ;
#752 = CARTESIAN_POINT ( 'NONE',  ( -1.179417254810787100, -0.8488148795520390500, 0.4198342001288717900 ) ) ;
#753 = CARTESIAN_POINT ( 'NONE',  ( 0.05588436894406124300, 2.554869311408410700, -0.5878742815793341900 ) ) ;
#754 = VERTEX_POINT ( 'NONE', #785 ) ;
#755 = CARTESIAN_POINT ( 'NONE',  ( 1.224324126529063900, -2.129021237023004600, -0.3565500881744944100 ) ) ;
#756 = CARTESIAN_POINT ( 'NONE',  ( -1.416382584706020300, -0.3246266338283698700, 0.3729245123564073900 ) ) ;
#757 = CARTESIAN_POINT ( 'NONE',  ( -2.322366766518413800, -0.7983217530903168300, -0.1314129384735737700 ) ) ;
#758 = CARTESIAN_POINT ( 'NONE',  ( 0.001429967809050733000, -2.555479226717483500, -0.1902846513529408700 ) ) ;
#759 = CARTESIAN_POINT ( 'NONE',  ( -2.540296480133952300, -0.2222471440065290300, 0.4997997997997997200 ) ) ;
#760 = CARTESIAN_POINT ( 'NONE',  ( 2.270933244374338000, -0.9349914267340862000, -0.4400109387812640700 ) ) ;
#761 = CARTESIAN_POINT ( 'NONE',  ( 1.066623104890636700, -0.9868459265506752700, 0.1948277040253155200 ) ) ;
#762 = CARTESIAN_POINT ( 'NONE',  ( -0.4956602206260679600, -2.506858590870454200, -0.1652328138263637100 ) ) ;
#763 = CARTESIAN_POINT ( 'NONE',  ( 1.450000000000000400, -0.6006096654409887000, 0.1494494494494478800 ) ) ;
#764 = CARTESIAN_POINT ( 'NONE',  ( 2.295988085999943500, -1.122222997766762800, -0.3315308087469051000 ) ) ;
#765 = CARTESIAN_POINT ( 'NONE',  ( -1.025304832720494300, -1.025304832720494600, -0.2003003003002989400 ) ) ;
#766 = CARTESIAN_POINT ( 'NONE',  ( 1.481317421495677000, 0.4620032731212813700, 0.06286553240092505900 ) ) ;
#767 = CARTESIAN_POINT ( 'NONE',  ( -2.127993096948283200, -1.444070240057028200, -0.06601673003278012200 ) ) ;
#768 = CARTESIAN_POINT ( 'NONE',  ( 0.6043789734165876400, 1.446230692024401500, -0.05030654025021603900 ) ) ;
#769 = CARTESIAN_POINT ( 'NONE',  ( 1.398452530807630500, 2.138870355620211300, -0.6153089566689465800 ) ) ;
#770 = ORIENTED_EDGE ( 'NONE', *, *, #1166, .F. ) ;
#771 = CARTESIAN_POINT ( 'NONE',  ( 1.173887606563657000, 0.8564611055744413300, 0.01860553703976446100 ) ) ;
#772 = CARTESIAN_POINT ( 'NONE',  ( 1.494516332542525000, -0.4623754908951065400, -0.4610008382046538700 ) ) ;
#773 = CARTESIAN_POINT ( 'NONE',  ( 0.4983537638506491700, -2.506261404975892700, -0.2142213766458957700 ) ) ;
#774 = CARTESIAN_POINT ( 'NONE',  ( -0.1947227261965490100, 2.442834723098037000, -0.7004282392169173300 ) ) ;
#775 = CARTESIAN_POINT ( 'NONE',  ( 1.402862557030347200, -0.4128283688496077200, -0.3624769854685912500 ) ) ;
#776 = CARTESIAN_POINT ( 'NONE',  ( 0.03501063138530770300, 1.548082349539212900, -0.09647347621429043500 ) ) ;
#777 = CARTESIAN_POINT ( 'NONE',  ( 1.542237474559453600, -0.2621926202701843600, -0.4781649809227725400 ) ) ;
#778 = CARTESIAN_POINT ( 'NONE',  ( -0.7712430703264131500, -1.242161333679089500, -0.1268877066343452600 ) ) ;
#779 = CARTESIAN_POINT ( 'NONE',  ( -1.450000000000000200, -1.822636501831929900E-016, 0.4997997997997991000 ) ) ;
#780 = CARTESIAN_POINT ( 'NONE',  ( 0.9467755542265189300, 2.373681846660873300, -0.5415139737496677000 ) ) ;
#781 = CARTESIAN_POINT ( 'NONE',  ( -0.9910136858846652100, -1.062838388508792200, -0.1027304497649895600 ) ) ;
#782 = CARTESIAN_POINT ( 'NONE',  ( 2.516662240779307800, -0.5270356268654607900, 0.03565767593898221100 ) ) ;
#783 = CARTESIAN_POINT ( 'NONE',  ( -1.551012410962806500, 0.1076132262563023700, -0.09014465346713031200 ) ) ;
#784 = CARTESIAN_POINT ( 'NONE',  ( -0.5242819873902205800, 2.496893696407361100, 0.6852565867589569500 ) ) ;
#785 = CARTESIAN_POINT ( 'NONE',  ( -0.2020304115247053600, 2.441117557663323300, 0.7000000000000002900 ) ) ;
#786 = CARTESIAN_POINT ( 'NONE',  ( -1.184630292789378600, -0.8573015300571431600, 0.3205312978509617400 ) ) ;
#787 = CARTESIAN_POINT ( 'NONE',  ( -0.1112294377815896700, 2.547572965033738400, -0.1961826844883879900 ) ) ;
#788 = CARTESIAN_POINT ( 'NONE',  ( -0.9192791814256433500, -1.125349212882809800, -0.1106084018742383400 ) ) ;
#789 = CARTESIAN_POINT ( 'NONE',  ( 1.452233922172910400, 0.04976197430512030500, -0.003562452679497648100 ) ) ;
#790 = CARTESIAN_POINT ( 'NONE',  ( -0.1112294377815895900, 2.547572965033737500, -0.6069797949822010000 ) ) ;
#791 = CARTESIAN_POINT ( 'NONE',  ( 0.09721384471920098400, 1.524995247627830800, -0.6896271932787436700 ) ) ;
#792 = LOCAL_TIME ( 15, 48, 27.00000000000000000, #914 ) ;
#793 = CARTESIAN_POINT ( 'NONE',  ( 1.275930966072576400, 0.8829276815081619200, 0.02335141910730978400 ) ) ;
#794 = CARTESIAN_POINT ( 'NONE',  ( -0.6006096654409887000, 1.450000000000000400, 0.04994994994995193000 ) ) ;
#795 = ORIENTED_EDGE ( 'NONE', *, *, #190, .F. ) ;
#796 = CARTESIAN_POINT ( 'NONE',  ( 1.341719297455508800, 0.5576738502148593800, -0.04945909433437455100 ) ) ;
#797 = CARTESIAN_POINT ( 'NONE',  ( 1.545345415547337200, -0.2460038439230408400, -0.4795296619134082900 ) ) ;
#798 = CARTESIAN_POINT ( 'NONE',  ( -2.555197233915240700, -0.02899464558122896700, 0.4083117806493450900 ) ) ;
#799 = CARTESIAN_POINT ( 'NONE',  ( -1.257611890413815400, 0.7454493240522754900, 0.07063764653352892800 ) ) ;
#800 = CARTESIAN_POINT ( 'NONE',  ( -1.251021254093933600, -0.9345004670724380600, 0.4189183707594436000 ) ) ;
#801 = CARTESIAN_POINT ( 'NONE',  ( -1.025304832720494300, -1.025304832720494600, -0.2003003003002989400 ) ) ;
#802 = PERSON_AND_ORGANIZATION_ROLE ( 'creator' ) ;
#803 = CARTESIAN_POINT ( 'NONE',  ( 0.9307683105498856200, -1.115897681525574800, -0.2875092332108909500 ) ) ;
#804 = CARTESIAN_POINT ( 'NONE',  ( 0.1134063385997410700, 1.445558370445621400, -0.1898957354131529400 ) ) ;
#805 = CARTESIAN_POINT ( 'NONE',  ( -0.4152835356370197000, 1.392525360174520900, 0.1654850296756522600 ) ) ;
#806 = CARTESIAN_POINT ( 'NONE',  ( -1.938710765080660500, -1.664895883907836500, 0.4199457714364033800 ) ) ;
#807 = CARTESIAN_POINT ( 'NONE',  ( -0.9593991756074222700, 1.231630071893457600, 0.6165401403255877900 ) ) ;
#808 =( BOUNDED_SURFACE ( )  B_SPLINE_SURFACE ( 3, 2, ( 
 ( #849, #595, #856 ),
 ( #1480, #1113, #585 ),
 ( #1475, #199, #1107 ),
 ( #1484, #1227, #195 ),
 ( #1231, #327, #77 ),
 ( #1101, #1110, #853 ),
 ( #208, #332, #322 ),
 ( #988, #337, #454 ),
 ( #468, #72, #1242 ),
 ( #1364, #740, #983 ),
 ( #866, #1235, #452 ),
 ( #1497, #602, #598 ),
 ( #458, #724, #1493 ),
 ( #975, #1361, #736 ),
 ( #1614, #212, #1117 ),
 ( #1369, #1245, #756 ),
 ( #1501, #1386, #1628 ),
 ( #1391, #876, #1013 ),
 ( #626, #616, #1637 ),
 ( #1126, #752, #233 ),
 ( #882, #481, #93 ),
 ( #491, #1633, #1134 ),
 ( #1518, #1511, #228 ),
 ( #609, #1009, #349 ),
 ( #1004, #1129, #1259 ),
 ( #357, #1378, #1121 ),
 ( #353, #1255, #1625 ),
 ( #1249, #476, #1263 ),
 ( #486, #101, #1506 ),
 ( #471, #633, #1514 ),
 ( #886, #870, #1381 ),
 ( #621, #761, #1019 ),
 ( #1375, #345, #745 ),
 ( #1643, #996, #218 ),
 ( #89, #1139, #105 ),
 ( #238, #222, #362 ),
 ( #1267, #749, #85 ),
 ( #903, #1143, #789 ),
 ( #247, #1028, #2 ),
 ( #123, #510, #1401 ),
 ( #766, #1535, #1296 ),
 ( #1651, #1646, #254 ),
 ( #898, #1421, #523 ),
 ( #1540, #771, #638 ),
 ( #1034, #664, #891 ),
 ( #116, #243, #1523 ),
 ( #916, #1156, #1149 ),
 ( #1548, #379, #110 ),
 ( #373, #498, #1396 ),
 ( #776, #1283, #1024 ) ),
 .UNSPECIFIED., .F., .F., .F. ) 
 B_SPLINE_SURFACE_WITH_KNOTS ( ( 4, 2, 2, 2, 2, 2, 2, 2, 2, 2, 2, 2, 2, 2, 2, 2, 2, 2, 2, 2, 2, 2, 2, 2, 4 ),
 ( 3, 3 ),
 ( 0.01007908795869108400, 0.01038358217380877500, 0.01068807638892646900, 0.01099257060404416000, 0.01129706481916185200, 0.01190605324939723500, 0.01251504167963261900, 0.01281953589475031000, 0.01312403010986800200, 0.01342852432498569500, 0.01373301854010338700, 0.01434200697033877200, 0.01495099540057415500, 0.01555998383080954000, 0.01586447804592723200, 0.01616897226104492500, 0.01647346647616261500, 0.01677796069128030900, 0.01738694912151569200, 0.01769144333663338200, 0.01799593755175107500, 0.01830043176686876900, 0.01860492598198645900, 0.01921391441222184200, 0.01982290284245722500 ),
 ( 0.0000000000000000000, 1.000000000000000000 ),
 .UNSPECIFIED. ) 
 GEOMETRIC_REPRESENTATION_ITEM ( )  RATIONAL_B_SPLINE_SURFACE ( (
 ( 1.000000000000000000, 0.7113857405640003900, 1.000000000000000000),
 ( 1.000000000000000000, 0.7131330059896930900, 1.000000000000000000),
 ( 1.000000000000000000, 0.7126431812371931700, 1.000000000000000000),
 ( 1.000000000000000000, 0.7128284075178712400, 1.000000000000000000),
 ( 1.000000000000000000, 0.7128854275323889300, 1.000000000000000000),
 ( 1.000000000000000000, 0.7129213237905630600, 1.000000000000000000),
 ( 1.000000000000000000, 0.7129012601281279300, 1.000000000000000000),
 ( 1.000000000000000000, 0.7127860025776002800, 1.000000000000000000),
 ( 1.000000000000000000, 0.7126892790660633900, 1.000000000000000000),
 ( 1.000000000000000000, 0.7122970338057608200, 1.000000000000000000),
 ( 1.000000000000000000, 0.7128687618313857000, 1.000000000000000000),
 ( 1.000000000000000000, 0.7129385408712484200, 1.000000000000000000),
 ( 1.000000000000000000, 0.7128188818568209600, 1.000000000000000000),
 ( 1.000000000000000000, 0.7124258221225173700, 1.000000000000000000),
 ( 1.000000000000000000, 0.7126475368002199700, 1.000000000000000000),
 ( 1.000000000000000000, 0.7128319868046418800, 1.000000000000000000),
 ( 1.000000000000000000, 0.7128867534666129000, 1.000000000000000000),
 ( 1.000000000000000000, 0.7129210738830461500, 1.000000000000000000),
 ( 1.000000000000000000, 0.7128995244670522900, 1.000000000000000000),
 ( 1.000000000000000000, 0.7127822752149172200, 1.000000000000000000),
 ( 1.000000000000000000, 0.7126869977880783100, 1.000000000000000000),
 ( 1.000000000000000000, 0.7122876713051236000, 1.000000000000000000),
 ( 1.000000000000000000, 0.7128714921965808600, 1.000000000000000000),
 ( 1.000000000000000000, 0.7129373034604378200, 1.000000000000000000),
 ( 1.000000000000000000, 0.7128171886260091800, 1.000000000000000000),
 ( 1.000000000000000000, 0.7122817414205947500, 1.000000000000000000),
 ( 1.000000000000000000, 0.7128737459684024700, 1.000000000000000000),
 ( 1.000000000000000000, 0.7129205623126447800, 1.000000000000000000),
 ( 1.000000000000000000, 0.7128978365898400700, 1.000000000000000000),
 ( 1.000000000000000000, 0.7127779754127222500, 1.000000000000000000),
 ( 1.000000000000000000, 0.7126790087304947200, 1.000000000000000000),
 ( 1.000000000000000000, 0.7124123601238409000, 1.000000000000000000),
 ( 1.000000000000000000, 0.7126551223014742100, 1.000000000000000000),
 ( 1.000000000000000000, 0.7128366267294236100, 1.000000000000000000),
 ( 1.000000000000000000, 0.7128902775521149800, 1.000000000000000000),
 ( 1.000000000000000000, 0.7129351949132656200, 1.000000000000000000),
 ( 1.000000000000000000, 0.7128102020219883000, 1.000000000000000000),
 ( 1.000000000000000000, 0.7124106781112312700, 1.000000000000000000),
 ( 1.000000000000000000, 0.7126583418544411000, 1.000000000000000000),
 ( 1.000000000000000000, 0.7128386301907646500, 1.000000000000000000),
 ( 1.000000000000000000, 0.7128907742281123100, 1.000000000000000000),
 ( 1.000000000000000000, 0.7129201196987784400, 1.000000000000000000),
 ( 1.000000000000000000, 0.7128961760696165300, 1.000000000000000000),
 ( 1.000000000000000000, 0.7127738819589869400, 1.000000000000000000),
 ( 1.000000000000000000, 0.7126761983585413500, 1.000000000000000000),
 ( 1.000000000000000000, 0.7122720475072996700, 1.000000000000000000),
 ( 1.000000000000000000, 0.7128775848461844600, 1.000000000000000000),
 ( 1.000000000000000000, 0.7129340700147651600, 1.000000000000000000),
 ( 1.000000000000000000, 0.7128096564704863300, 1.000000000000000000),
 ( 1.000000000000000000, 0.7125372262760070200, 1.000000000000000000) ) ) 
 REPRESENTATION_ITEM ( '' )  SURFACE ( )  );
#809 = CARTESIAN_POINT ( 'NONE',  ( 1.799325971065665700, -1.814473075118810300, 0.1099471985752094600 ) ) ;
#810 = CARTESIAN_POINT ( 'NONE',  ( -1.327032686704172600, -0.5921469855618731700, -0.1536768610477923200 ) ) ;
#811 = CARTESIAN_POINT ( 'NONE',  ( -1.644592302695894400, 1.956002312935885900, 0.6214792472563388500 ) ) ;
#812 = CARTESIAN_POINT ( 'NONE',  ( -1.039957300944002400, -1.151782308723846600, 0.3950262533650179000 ) ) ;
#813 = CARTESIAN_POINT ( 'NONE',  ( -0.01114367277799338500, 1.504668451466145900, 0.6905253461988200000 ) ) ;
#814 = COORDINATED_UNIVERSAL_TIME_OFFSET ( 6, 0, .BEHIND. ) ;
#815 = CARTESIAN_POINT ( 'NONE',  ( 0.4038175529920035000, 1.405764052372276100, -0.5635293746975645900 ) ) ;
#816 = CARTESIAN_POINT ( 'NONE',  ( 0.1025273803830169500, 1.498928189456075100, -0.1022118705632674200 ) ) ;
#817 = ORIENTED_EDGE ( 'NONE', *, *, #48, .T. ) ;
#818 = CARTESIAN_POINT ( 'NONE',  ( -1.446129958591377200, -0.1423190864389710100, -0.01021469800968132300 ) ) ;
#819 = CARTESIAN_POINT ( 'NONE',  ( -0.7350011140815946300, 2.341870236771409300, 0.6722719512768253700 ) ) ;
#820 = CARTESIAN_POINT ( 'NONE',  ( 1.774618493254970200, 1.695767187839632300, 0.01219642917599905000 ) ) ;
#821 = EDGE_LOOP ( 'NONE', ( #500, #1567, #1488, #795 ) ) ;
#822 = CARTESIAN_POINT ( 'NONE',  ( 1.025304832720494300, -1.025304832720494100, 0.1994994994994979700 ) ) ;
#823 = PERSON_AND_ORGANIZATION_ROLE ( 'classification_officer' ) ;
#824 = CARTESIAN_POINT ( 'NONE',  ( 1.117275250825564100, 0.9292157786246282300, -0.5894131297550049300 ) ) ;
#825 = CARTESIAN_POINT ( 'NONE',  ( -1.649711692183196700, 1.951700968185557900, 0.1206608194359232000 ) ) ;
#826 = CARTESIAN_POINT ( 'NONE',  ( -0.09579906153655780300, 2.471874872343710700, -0.6925913098009772700 ) ) ;
#827 = CARTESIAN_POINT ( 'NONE',  ( -2.142417685648746700, -1.393024986461971500, 0.3363614226048781700 ) ) ;
#828 = CARTESIAN_POINT ( 'NONE',  ( -0.01272581257129071200, -2.454600589440436600, 0.3102978859336652000 ) ) ;
#829 = CARTESIAN_POINT ( 'NONE',  ( -0.0004205289187217047100, 1.452063024035364500, 0.6215076488156319200 ) ) ;
#830 = CARTESIAN_POINT ( 'NONE',  ( 1.257403905998989900, 0.9146294075687232400, -0.5796184617285304900 ) ) ;
#831 = CARTESIAN_POINT ( 'NONE',  ( -0.5940186820527146900, 1.326170840831871800, 0.1483152883456775900 ) ) ;
#832 = CARTESIAN_POINT ( 'NONE',  ( -2.279324609497844500, -0.9111274976016786600, 0.4621813489681307300 ) ) ;
#833 = CARTESIAN_POINT ( 'NONE',  ( 2.068254408976014400, 1.321710818103734700, 0.03712997357745861200 ) ) ;
#834 = EDGE_CURVE ( 'NONE', #1342, #1269, #1091, .T. ) ;
#835 = B_SPLINE_CURVE_WITH_KNOTS ( 'NONE', 3,
 ( #1654, #912, #126, #1037, #250, #1159, #1286, #682, #793, #546, #158, #1188, #277, #1165, #1563, #1551, #25, #387, #393, #16, #409, #1292, #10, #271, #1321, #1299, #1446, #932, #1312, #660, #812, #800, #1180, #1439, #1544, #145, #527, #925, #264, #401, #539, #1424, #138, #807, #1052, #32, #1193, #1304, #1570, #666 ),
 .UNSPECIFIED., .F., .F.,
 ( 4, 2, 2, 2, 2, 2, 2, 2, 2, 2, 2, 2, 2, 2, 2, 2, 2, 2, 2, 2, 2, 2, 2, 2, 4 ),
 ( 2.710505431213761100E-020, 0.0006083809984754111300, 0.0009125714977131167500, 0.001216761996950822000, 0.001520952496188526800, 0.001825142995426231500, 0.002433523993901641000, 0.003041904992377050100, 0.003346095491614755300, 0.003650285990852460100, 0.003954476490090165700, 0.004258666989327870900, 0.004867047987803280400, 0.005475428986278690700, 0.005779619485516395900, 0.006083809984754102000, 0.006692190983229512300, 0.006996381482467217500, 0.007300571981704922700, 0.007604762480942628800, 0.007908952980180334800, 0.008517333978655745200, 0.009125714977131155600, 0.009429905476368861600, 0.009734095975606567700 ),
 .UNSPECIFIED. ) ;
#836 = CARTESIAN_POINT ( 'NONE',  ( 1.272852619972680000, 0.7009725395626875700, -0.4630506267447678800 ) ) ;
#837 = CARTESIAN_POINT ( 'NONE',  ( -0.1872174800462719200, 1.450000000000000200, 0.5856928807442539600 ) ) ;
#838 = CARTESIAN_POINT ( 'NONE',  ( -0.9546154321083798500, -2.261456610324957200, 0.3613389621837974100 ) ) ;
#839 = CARTESIAN_POINT ( 'NONE',  ( -0.2222471440065292000, 2.540296480133951800, 0.1995591274316193800 ) ) ;
#840 = FACE_OUTER_BOUND ( 'NONE', #1545, .T. ) ;
#841 = EDGE_LOOP ( 'NONE', ( #1102, #1491, #1058, #225, #1453, #737, #1522, #1404 ) ) ;
#842 = CARTESIAN_POINT ( 'NONE',  ( -0.2062817085383330000, 2.541642747658000400, -0.1000406110850955000 ) ) ;
#843 = CARTESIAN_POINT ( 'NONE',  ( -2.183492126151007600, 1.124411516766306200, -0.02855960531271905400 ) ) ;
#844 = DESIGN_CONTEXT ( 'detailed design', #173, 'design' ) ;
#845 = CARTESIAN_POINT ( 'NONE',  ( 1.228306935255747600, -2.125297383366793200, 0.2431585839530343300 ) ) ;
#846 = CARTESIAN_POINT ( 'NONE',  ( -2.037699745175459900, -1.368296600912802400, 0.4345720269020354500 ) ) ;
#847 = CARTESIAN_POINT ( 'NONE',  ( -2.346148048740166500, 1.012917405534746100, 0.06274741626929822300 ) ) ;
#848 = CARTESIAN_POINT ( 'NONE',  ( -0.6492553821240343300, -2.367263044595290500, 0.3440874803979576100 ) ) ;
#849 = CARTESIAN_POINT ( 'NONE',  ( 0.05136048621419558200, 1.548786065624441900, 0.7055666735681053200 ) ) ;
#850 = CARTESIAN_POINT ( 'NONE',  ( -0.2222471440065292000, 2.540296480133951800, 0.1000000000000021600 ) ) ;
#851 = CARTESIAN_POINT ( 'NONE',  ( -2.511850414322232900, -0.4702523801656557900, -0.01260933189297742400 ) ) ;
#852 = CARTESIAN_POINT ( 'NONE',  ( -1.753442175684923000, -1.717973637721946100, 0.4110251622758991400 ) ) ;
#853 = CARTESIAN_POINT ( 'NONE',  ( -0.5918274635647851100, 1.327139731331227000, 0.5477919875691195100 ) ) ;
#854 = CARTESIAN_POINT ( 'NONE',  ( -1.755151547556665700, -1.717934002947493400, -0.1889045153638048400 ) ) ;
#855 = CARTESIAN_POINT ( 'NONE',  ( -0.6761116966533924400, -2.464488148728215300, 0.3447380546952956700 ) ) ;
#856 = CARTESIAN_POINT ( 'NONE',  ( 0.05912700846719443800, 1.450000000000000200, 0.6058761148605450500 ) ) ;
#857 = ORIENTED_EDGE ( 'NONE', *, *, #190, .T. ) ;
#858 = CARTESIAN_POINT ( 'NONE',  ( 2.069320106796400000, 1.322369493615440200, -0.5628608723490339200 ) ) ;
#859 = CARTESIAN_POINT ( 'NONE',  ( 0.3117876616190539700, -2.436111960359428300, -0.3058681154724664500 ) ) ;
#860 = EDGE_CURVE ( 'NONE', #1269, #328, #68, .T. ) ;
#861 = CARTESIAN_POINT ( 'NONE',  ( 0.1274922418423691000, 2.568576395270240300, -0.08414672375257822900 ) ) ;
#862 = CARTESIAN_POINT ( 'NONE',  ( -0.2204408124511034700, 2.531435007714860900, 0.1566602369984660400 ) ) ;
#863 = CARTESIAN_POINT ( 'NONE',  ( 2.440052364803534200, 0.2767507691497183600, -0.5043516388765909600 ) ) ;
#864 = CARTESIAN_POINT ( 'NONE',  ( -2.137671887251537700, -1.400274025637999100, -0.06379360143143346400 ) ) ;
#865 = CARTESIAN_POINT ( 'NONE',  ( 1.395508720736323700, 2.140796136525720000, -0.1162309652824848900 ) ) ;
#866 = CARTESIAN_POINT ( 'NONE',  ( -1.327295309923032700, 0.8225702471569770200, 0.5728193759665516400 ) ) ;
#867 = CARTESIAN_POINT ( 'NONE',  ( -0.2087637946761319600, 2.474150080903208000, 0.6948972690951474900 ) ) ;
#868 = CARTESIAN_POINT ( 'NONE',  ( 0.7809742611434696800, -2.328389145336759100, -0.3306428704613851300 ) ) ;
#869 = CARTESIAN_POINT ( 'NONE',  ( 2.317072406076079000, 0.8103400498552283400, 0.06748849830272325700 ) ) ;
#870 = CARTESIAN_POINT ( 'NONE',  ( 0.9290416294443483200, -1.117331793203168100, 0.2108029243110523500 ) ) ;
#871 = AXIS2_PLACEMENT_3D ( 'NONE', #1185, #406, #1308 ) ;
#872 = CARTESIAN_POINT ( 'NONE',  ( 2.339784698714706800, 0.7458860199533400300, -0.5288997246071305300 ) ) ;
#873 = CARTESIAN_POINT ( 'NONE',  ( 0.9722446801523196800, -2.363376330969284600, -0.3386863495534911900 ) ) ;
#874 = ORIENTED_EDGE ( 'NONE', *, *, #619, .T. ) ;
#875 = CARTESIAN_POINT ( 'NONE',  ( 2.403438101678508200, 0.4990445835737183400, 0.08437834612616743100 ) ) ;
#876 = CARTESIAN_POINT ( 'NONE',  ( -1.322567497344881800, -0.6020292861954722500, 0.4453449476875537300 ) ) ;
#877 = CARTESIAN_POINT ( 'NONE',  ( -0.6562951145467457200, -2.469646016821676100, -0.1568030200588217400 ) ) ;
#878 = CARTESIAN_POINT ( 'NONE',  ( -1.450000000000000600, -2.906838674317433800E-016, -0.1002002002001986000 ) ) ;
#879 = CARTESIAN_POINT ( 'NONE',  ( 2.433412070734266100, 0.3312013154316925100, -0.5070111084896394800 ) ) ;
#880 = EDGE_CURVE ( 'NONE', #1605, #359, #139, .T. ) ;
#881 = CARTESIAN_POINT ( 'NONE',  ( 2.354089262665779400, 0.9944610288932158600, -0.04089566145853600800 ) ) ;
#882 = CARTESIAN_POINT ( 'NONE',  ( -1.198104193351163800, -0.9862295727903894700, 0.4131415729188009400 ) ) ;
#883 = CARTESIAN_POINT ( 'NONE',  ( 1.836900245427161200, 1.776524567813389900, -0.4884221996554697400 ) ) ;
#884 = CARTESIAN_POINT ( 'NONE',  ( -0.2128299580775019400, 2.494097800204532000, 0.6843815646940458700 ) ) ;
#885 = CARTESIAN_POINT ( 'NONE',  ( 2.414848612875901200, 0.8361319635710937600, -0.5314753367391222800 ) ) ;
#886 = CARTESIAN_POINT ( 'NONE',  ( 0.9917638388922582800, -1.193448544151430400, 0.2123567758547083900 ) ) ;
#887 = CARTESIAN_POINT ( 'NONE',  ( -2.551760763719534100, 0.1358620537391839500, 0.01668368484736483900 ) ) ;
#888 = CARTESIAN_POINT ( 'NONE',  ( 1.025304832720494100, 1.025304832720494100, -0.0007007007007026099300 ) ) ;
#889 = CARTESIAN_POINT ( 'NONE',  ( -0.2222471440065292000, 2.540296480133952300, 0.6105185389441658600 ) ) ;
#890 = CARTESIAN_POINT ( 'NONE',  ( 2.031044717190507500, -1.550925013151751600, -0.3065555072994882200 ) ) ;
#891 = CARTESIAN_POINT ( 'NONE',  ( 1.120830242534979900, 0.9248518959924652000, -0.08772362772456938900 ) ) ;
#892 = APPROVAL_DATE_TIME ( #997, #1195 ) ;
#893 = CARTESIAN_POINT ( 'NONE',  ( -1.123653972500106500, -2.295033966940323900, -0.1312458346720624700 ) ) ;
#894 = ORIENTED_EDGE ( 'NONE', *, *, #1418, .F. ) ;
#895 = CARTESIAN_POINT ( 'NONE',  ( -1.639108404700675200, -1.953413329953394700, -0.2003003003002988800 ) ) ;
#896 = ORIENTED_EDGE ( 'NONE', *, *, #304, .T. ) ;
#897 = CARTESIAN_POINT ( 'NONE',  ( 2.128185028528148500, -1.414840709097300500, -0.3146201060886633100 ) ) ;
#898 = CARTESIAN_POINT ( 'NONE',  ( 1.362038840598069900, 0.7433412020593046500, 0.03705432265640060100 ) ) ;
#899 = CARTESIAN_POINT ( 'NONE',  ( -2.500775390882575200, -0.5252270875828635200, -0.01537464896537023500 ) ) ;
#900 = CARTESIAN_POINT ( 'NONE',  ( -0.3602041362815326900, 2.426942652772360100, 0.6921598893844753700 ) ) ;
#901 = CARTESIAN_POINT ( 'NONE',  ( -0.2022569331536733500, 2.442228823843331400, 0.1000000000000021400 ) ) ;
#902 = CARTESIAN_POINT ( 'NONE',  ( 1.432354094550336800, 0.2927540492235065100, -0.02426698952008955100 ) ) ;
#903 = CARTESIAN_POINT ( 'NONE',  ( 1.550603211438752200, 0.06085255626671538800, 0.09612942345787620100 ) ) ;
#904 = CARTESIAN_POINT ( 'NONE',  ( -0.9650200775387315400, -1.218982744429565100, -0.2128420354072466100 ) ) ;
#905 = CARTESIAN_POINT ( 'NONE',  ( 0.1134063385997409300, 1.445558370445622100, -0.5954233032153768400 ) ) ;
#906 = CARTESIAN_POINT ( 'NONE',  ( 0.009111667594892167200, 1.449971371273805400, -0.1000405184422507000 ) ) ;
#907 = CARTESIAN_POINT ( 'NONE',  ( 0.5856076864396070300, -1.329834929802183000, 0.1480029826266843800 ) ) ;
#908 = CARTESIAN_POINT ( 'NONE',  ( -1.127857812168705100, -0.9163942489631753400, -0.1875785428879536100 ) ) ;
#909 = CARTESIAN_POINT ( 'NONE',  ( 1.455769118738930800, 2.100103672179964000, -0.1126485846693803500 ) ) ;
#910 = CARTESIAN_POINT ( 'NONE',  ( 0.1134063385997410700, 1.445558370445621400, -0.1898957354131529400 ) ) ;
#911 = CARTESIAN_POINT ( 'NONE',  ( -0.4384356609150086800, 2.513367194781680200, 0.5888126072147115100 ) ) ;
#912 = CARTESIAN_POINT ( 'NONE',  ( 0.2948084133829249100, 1.533452534504254400, -0.07563922545838400200 ) ) ;
#913 = CARTESIAN_POINT ( 'NONE',  ( -1.285189770735203100, -0.6971796662374799600, 0.3373659146211736600 ) ) ;
#914 = COORDINATED_UNIVERSAL_TIME_OFFSET ( 6, 0, .BEHIND. ) ;
#915 = CARTESIAN_POINT ( 'NONE',  ( 1.204629304591162500, -0.9830593408115501100, -0.4111815634441933800 ) ) ;
#916 = CARTESIAN_POINT ( 'NONE',  ( 0.8126479858341693100, 1.333742804456883500, -0.02876151994210636100 ) ) ;
#917 = CARTESIAN_POINT ( 'NONE',  ( -0.8006259148515610900, -1.332786016799171900, -0.2292672236139800800 ) ) ;
#918 = CARTESIAN_POINT ( 'NONE',  ( 0.3189131970045283000, -1.427060638702338800, -0.2257025868847715200 ) ) ;
#919 = CARTESIAN_POINT ( 'NONE',  ( -2.321192324671727600, -0.7979005772384816200, 0.4685801658727338200 ) ) ;
#920 = CARTESIAN_POINT ( 'NONE',  ( 1.436773698167907600, -0.2701558099454279800, 0.02370605324906662300 ) ) ;
#921 = CARTESIAN_POINT ( 'NONE',  ( 1.283924203479367400, -0.6805101802603185100, -0.4380467146164874200 ) ) ;
#922 = CARTESIAN_POINT ( 'NONE',  ( -2.323945772526044600, 1.100277993168258000, 0.4670739066917357100 ) ) ;
#923 = CARTESIAN_POINT ( 'NONE',  ( -1.363494416270382800, -0.7674159433257419200, -0.1642846626228802500 ) ) ;
#924 = CARTESIAN_POINT ( 'NONE',  ( 0.1105151707183971400, 1.459741815540479300, -0.6406330169598313300 ) ) ;
#925 = CARTESIAN_POINT ( 'NONE',  ( -1.547903556125600700, 0.1081296875465318600, 0.5098671426772830600 ) ) ;
#926 = CARTESIAN_POINT ( 'NONE',  ( 1.208582215608059900, 0.8066041401053426500, -0.07481663796128747200 ) ) ;
#927 = CC_DESIGN_DATE_AND_TIME_ASSIGNMENT ( #257, #180, ( #1294 ) ) ;
#928 = CARTESIAN_POINT ( 'NONE',  ( -1.066012831208729100, -1.131909879031382000, -0.2024208769102490100 ) ) ;
#929 = CARTESIAN_POINT ( 'NONE',  ( -1.718170741407698300, 1.891552290197504100, 0.5158541686575213200 ) ) ;
#930 = CARTESIAN_POINT ( 'NONE',  ( -1.242984492903268700, 0.9495885238928303300, -0.01470224472240433400 ) ) ;
#931 = CARTESIAN_POINT ( 'NONE',  ( -0.1934314036954612200, 2.542817530742277100, 0.6007408223467602900 ) ) ;
#932 = CARTESIAN_POINT ( 'NONE',  ( -0.7109162848420643700, -1.379175580727802100, 0.3622354577347581300 ) ) ;
#933 = CARTESIAN_POINT ( 'NONE',  ( 1.068637510292649500, -0.9846680431260053100, -0.3036388330346660400 ) ) ;
#934 = CARTESIAN_POINT ( 'NONE',  ( -0.8697968217365079600, 2.402786263076630100, 0.5665346016397856400 ) ) ;
#935 = CARTESIAN_POINT ( 'NONE',  ( -0.6791757421985021900, 1.284625573001375400, 0.1397766189179512600 ) ) ;
#936 = CARTESIAN_POINT ( 'NONE',  ( -2.271611490960669500, 1.170817690113599400, 0.5721115462207108100 ) ) ;
#937 = VECTOR ( 'NONE', #202, 1000.000000000000000 ) ;
#938 = CARTESIAN_POINT ( 'NONE',  ( -1.257583186960693500, 2.107862004720125500, 0.6417429956345691600 ) ) ;
#939 = CARTESIAN_POINT ( 'NONE',  ( -1.450000000000000600, -2.906838674317433800E-016, -0.1002002002001986000 ) ) ;
#940 = EDGE_LOOP ( 'NONE', ( #1174, #896, #1524, #1131, #980, #683, #894, #591 ) ) ;
#941 = PERSON_AND_ORGANIZATION_ROLE ( 'design_owner' ) ;
#942 = CARTESIAN_POINT ( 'NONE',  ( 0.8153358540228167200, 1.335900948590731200, -0.6286130166901102700 ) ) ;
#943 = CARTESIAN_POINT ( 'NONE',  ( 2.115632354428675000, -1.433221129703792900, 0.08620641060610453900 ) ) ;
#944 = CARTESIAN_POINT ( 'NONE',  ( -1.284736057379739100, -0.6789911796968165500, -0.1623746519700886800 ) ) ;
#945 = CARTESIAN_POINT ( 'NONE',  ( -2.538798808776064200, -0.2916102463438686200, 0.3957516858878006300 ) ) ;
#946 = CARTESIAN_POINT ( 'NONE',  ( 0.09237314915295732900, 1.548742654420694400, -0.6918682312652180100 ) ) ;
#947 = CARTESIAN_POINT ( 'NONE',  ( -0.004029677478452527300, 1.469768727244938200, 0.6618827859040057300 ) ) ;
#948 = CARTESIAN_POINT ( 'NONE',  ( 2.632354261380142300, -0.8299781105135907200, -0.4505505505505497700 ) ) ;
#949 = CARTESIAN_POINT ( 'NONE',  ( -1.544971154818418800, -2.035534828787065400, 0.2930639868246772100 ) ) ;
#950 = CARTESIAN_POINT ( 'NONE',  ( -0.1368198662388782100, 1.548746874030482200, 0.09091705542732371500 ) ) ;
#951 = CARTESIAN_POINT ( 'NONE',  ( -1.767892842053508100, 1.845295358467791400, 0.5125030543127508900 ) ) ;
#952 = CARTESIAN_POINT ( 'NONE',  ( 0.2301898070030334600, 2.459602458595446800, -0.07912676597730287900 ) ) ;
#953 = CARTESIAN_POINT ( 'NONE',  ( 0.9133093107193195300, 1.142329270537028000, -0.5125041555520153400 ) ) ;
#954 = CARTESIAN_POINT ( 'NONE',  ( -2.272152241354330900, 1.169798760245209600, -0.02794819093175673900 ) ) ;
#955 = CARTESIAN_POINT ( 'NONE',  ( -0.09796829003858761900, 2.482516638792236800, -0.6900565720273345000 ) ) ;
#956 = CARTESIAN_POINT ( 'NONE',  ( -2.455431491366016200, 0.7080279934604205600, 0.4458568866595878400 ) ) ;
#957 = CARTESIAN_POINT ( 'NONE',  ( -0.4891489248912828100, -2.405278425717847700, 0.3353267342956748900 ) ) ;
#958 = DATE_TIME_ROLE ( 'creation_date' ) ;
#959 = CARTESIAN_POINT ( 'NONE',  ( 1.274472398526647500, -2.448238698887762200, 0.2495495495495488300 ) ) ;
#960 = DIRECTION ( 'NONE',  ( -0.0000000000000000000, -0.0000000000000000000, 1.000000000000000000 ) ) ;
#961 = ORGANIZATION ( 'UNSPECIFIED', 'UNSPECIFIED', '' ) ;
#962 = CARTESIAN_POINT ( 'NONE',  ( -1.415147542165731100, -0.3300060808569992800, -0.02684921421180149300 ) ) ;
#963 = CARTESIAN_POINT ( 'NONE',  ( -2.227908286994082100, -1.251898121789088800, 0.4455845802428489200 ) ) ;
#964 = CARTESIAN_POINT ( 'NONE',  ( 1.140486226698310900, 2.173427065343329600, -0.02817556883023447300 ) ) ;
#965 = B_SPLINE_CURVE_WITH_KNOTS ( 'NONE', 3,
 ( #418, #889, #1022, #613, #365, #1256, #1371, #604, #1635, #884, #1499, #867, #96, #1502, #90, #103 ),
 .UNSPECIFIED., .F., .F.,
 ( 4, 3, 3, 3, 3, 4 ),
 ( 0.0000000000000000000, 3.362067391578552800E-005, 6.722876979497888700E-005, 0.0001010228103214421200, 0.0001350351513036368900, 0.0001576636416959551300 ),
 .UNSPECIFIED. ) ;
#966 = CARTESIAN_POINT ( 'NONE',  ( -0.0001413485982374970500, 1.450693425689760100, 0.6148714979577748500 ) ) ;
#967 = CC_DESIGN_SECURITY_CLASSIFICATION ( #1294, ( #1629 ) ) ;
#968 = DIRECTION ( 'NONE',  ( 0.1997336668536843500, -0.9798502244349294200, -5.846239594824190900E-016 ) ) ;
#969 = CARTESIAN_POINT ( 'NONE',  ( -0.4441991696949500500, 2.512364592982339900, 0.08926458773634757300 ) ) ;
#970 = CARTESIAN_POINT ( 'NONE',  ( 2.567499865447227000, -0.1493443585344950400, 0.1171812577279062300 ) ) ;
#971 = CARTESIAN_POINT ( 'NONE',  ( 2.338498357732771400, 0.7458750945338938900, 0.07107268821980039500 ) ) ;
#972 = CARTESIAN_POINT ( 'NONE',  ( -0.2222471440065292000, 2.540296480133952300, 0.5993116476389039900 ) ) ;
#973 = CARTESIAN_POINT ( 'NONE',  ( -1.581426840630726100, 1.879001928350694200, 0.02079840073194023200 ) ) ;
#974 = CARTESIAN_POINT ( 'NONE',  ( 1.682201173292727300, -1.923733926824558100, 0.1178480846981662700 ) ) ;
#975 = CARTESIAN_POINT ( 'NONE',  ( -1.550960965730180800, -0.05102652908124311000, 0.4972892003779166800 ) ) ;
#976 = B_SPLINE_CURVE_WITH_KNOTS ( 'NONE', 3,
 ( #102, #1025, #1144, #368, #1274, #639, #1525, #1151, #375, #1279, #681, #1310, #1303, #1179, #1164, #1432, #1423, #249, #1416, #918, #276, #1438, #1562, #778, #1045, #659, #381, #512, #1158, #1653, #151, #672, #1557, #799, #1410, #665, #1550, #1041, #1661, #533, #519, #3 ),
 .UNSPECIFIED., .F., .F.,
 ( 4, 2, 2, 2, 2, 2, 2, 2, 2, 2, 2, 2, 2, 2, 2, 2, 2, 2, 2, 2, 4 ),
 ( 4.201283418381329700E-019, 0.0005697176557057405400, 0.0008545764835586104800, 0.001139435311411480600, 0.001709152967117220700, 0.002278870622822961700, 0.002848588278528703100, 0.003133447106381573000, 0.003418305934234442800, 0.003988023589940182900, 0.004557741245645922600, 0.005127458901351663100, 0.005697176557057402800, 0.006266894212763143300, 0.006551753040616013600, 0.006836611868468883000, 0.007406329524174622700, 0.007976047179880362300, 0.008545764835586102900, 0.008830623663438973100, 0.009115482491291843400 ),
 .UNSPECIFIED. ) ;
#977 = CARTESIAN_POINT ( 'NONE',  ( -2.100744540702733000, 1.455327960599162500, 0.08818576587312522400 ) ) ;
#978 = CARTESIAN_POINT ( 'NONE',  ( 1.951110873272545300, -1.489543570108823500, 0.1933092814577265500 ) ) ;
#979 = COORDINATED_UNIVERSAL_TIME_OFFSET ( 6, 0, .BEHIND. ) ;
#980 = ORIENTED_EDGE ( 'NONE', *, *, #568, .F. ) ;
#981 = CARTESIAN_POINT ( 'NONE',  ( -2.225898152038450200, -1.255493506025484200, -0.05511898331425486900 ) ) ;
#982 = CARTESIAN_POINT ( 'NONE',  ( -1.825605963812123400, -1.788410999950449600, 0.4116474224595231800 ) ) ;
#983 = CARTESIAN_POINT ( 'NONE',  ( -1.124464820842000300, 0.9348874015376710300, 0.4897577927696614200 ) ) ;
#984 = CARTESIAN_POINT ( 'NONE',  ( 0.7720335522100546500, -2.331227229733897400, -0.3301492944230248700 ) ) ;
#985 = CARTESIAN_POINT ( 'NONE',  ( -1.940089846807204800, -1.663282208123129800, -0.1799496111412841600 ) ) ;
#986 = CARTESIAN_POINT ( 'NONE',  ( 2.295987601374481500, -1.122203590235303100, 0.1689572864901025000 ) ) ;
#987 = ADVANCED_FACE ( 'NONE', ( #1218 ), #808, .T. ) ;
#988 = CARTESIAN_POINT ( 'NONE',  ( -0.9024461527406498800, 1.262308624205338300, 0.6219832858753181500 ) ) ;
#989 = CARTESIAN_POINT ( 'NONE',  ( -2.430433984487483800, -0.7896325565889200600, -0.1285904396893583800 ) ) ;
#990 = CARTESIAN_POINT ( 'NONE',  ( 0.1221994647727808300, 2.468086077118041700, -0.08469715911973367500 ) ) ;
#991 = CARTESIAN_POINT ( 'NONE',  ( -0.2165616006888694800, 2.512404432771078200, 0.1290525222172780900 ) ) ;
#992 = AXIS2_PLACEMENT_3D ( 'NONE', #382, #1167, #1213 ) ;
#993 = CARTESIAN_POINT ( 'NONE',  ( -0.4896089119314778200, -2.406497981769209800, -0.2646543115467352400 ) ) ;
#994 = CARTESIAN_POINT ( 'NONE',  ( -1.146521101003092000, -2.283847787474260200, -0.1299542847919636600 ) ) ;
#995 = CARTESIAN_POINT ( 'NONE',  ( 1.905798790183797800, 1.702480838699511200, -0.08369714948173269400 ) ) ;
#996 = CARTESIAN_POINT ( 'NONE',  ( 1.238876469282158300, -0.7594938711040050100, 0.1700893263337134600 ) ) ;
#997 = DATE_AND_TIME ( #676, #1590 ) ;
#998 = CARTESIAN_POINT ( 'NONE',  ( -1.091867731932965500, -2.199669733993667300, -0.2306772458760989200 ) ) ;
#999 = ORIENTED_EDGE ( 'NONE', *, *, #216, .T. ) ;
#1000 = CARTESIAN_POINT ( 'NONE',  ( -2.547295858444472500, 0.2053383662987249000, -0.07936923652803075400 ) ) ;
#1001 = EDGE_CURVE ( 'NONE', #403, #328, #1602, .T. ) ;
#1002 = CARTESIAN_POINT ( 'NONE',  ( 0.9486485172953154100, 2.372969558486702100, -0.1416999911194748400 ) ) ;
#1003 = ADVANCED_FACE ( 'NONE', ( #1098 ), #1197, .T. ) ;
#1004 = CARTESIAN_POINT ( 'NONE',  ( -0.2485382924842533300, -1.541924624571557200, 0.3208663541332071900 ) ) ;
#1005 = CARTESIAN_POINT ( 'NONE',  ( -1.450000000000000600, 0.6006096654409878200, -0.05015015015014843300 ) ) ;
#1006 = CARTESIAN_POINT ( 'NONE',  ( 1.450000000000000400, 0.6006096654409888200, -0.5506506506506502200 ) ) ;
#1007 = CARTESIAN_POINT ( 'NONE',  ( 2.502471518394056000, 0.5179239456322682900, -0.4154023912294962400 ) ) ;
#1008 = CARTESIAN_POINT ( 'NONE',  ( 2.200653623644604400, 1.299169949887684700, 0.04238808250745508500 ) ) ;
#1009 = CARTESIAN_POINT ( 'NONE',  ( -0.4198398601464111100, -1.400941064100801100, 0.3363909039992727400 ) ) ;
#1010 = CARTESIAN_POINT ( 'NONE',  ( 2.516545878584856700, -0.5274960265793378100, -0.3640275273126493100 ) ) ;
#1011 = CARTESIAN_POINT ( 'NONE',  ( 1.788781691353050100, 1.825234222931459800, -0.4917751232351993400 ) ) ;
#1012 = CARTESIAN_POINT ( 'NONE',  ( 2.431401065047661600, 0.3372556545350048900, 0.09268066940760275000 ) ) ;
#1013 = CARTESIAN_POINT ( 'NONE',  ( -1.325962279311562900, -0.5944536206362370800, 0.3473322528004025300 ) ) ;
#1014 = CARTESIAN_POINT ( 'NONE',  ( -0.9699277948699459600, -2.364130875928787600, -0.1398335049572694800 ) ) ;
#1015 = COORDINATED_UNIVERSAL_TIME_OFFSET ( 6, 0, .BEHIND. ) ;
#1016 = CARTESIAN_POINT ( 'NONE',  ( -1.758715576650703400, 1.713899320915706700, 0.008352851763527818800 ) ) ;
#1017 = CARTESIAN_POINT ( 'NONE',  ( 1.682551191580082800, -1.923450177655772200, -0.3814205707034581400 ) ) ;
#1018 = VERTEX_POINT ( 'NONE', #155 ) ;
#1019 = CARTESIAN_POINT ( 'NONE',  ( 1.061424458344563600, -0.9924219967365622800, 0.09661687698777332600 ) ) ;
#1020 = CARTESIAN_POINT ( 'NONE',  ( 0.9742605945283353600, -2.362388638446663700, -0.2392912711215978100 ) ) ;
#1021 = CARTESIAN_POINT ( 'NONE',  ( -0.6006096654409880400, 1.450000000000000400, 0.6499499499499497000 ) ) ;
#1022 = CARTESIAN_POINT ( 'NONE',  ( -0.2218585398288750500, 2.538390071982092000, 0.6218794618226715100 ) ) ;
#1023 = CARTESIAN_POINT ( 'NONE',  ( 2.503507415257387500, 0.5128978746360861600, -0.5146709618345874900 ) ) ;
#1024 = CARTESIAN_POINT ( 'NONE',  ( 0.04016054474361208800, 1.449443731452138200, -0.1961506022819596600 ) ) ;
#1025 = CARTESIAN_POINT ( 'NONE',  ( 0.3020329830524643400, 1.430760312098698300, -0.5728997800642825500 ) ) ;
#1026 = CARTESIAN_POINT ( 'NONE',  ( -2.448238698887761400, -1.274472398526647700, 0.4497497497497495700 ) ) ;
#1027 = CARTESIAN_POINT ( 'NONE',  ( 1.807347909761194000, -1.806673343270690300, -0.3898641536038258100 ) ) ;
#1028 = CARTESIAN_POINT ( 'NONE',  ( 1.445000868748171500, 0.1537552040175124700, 0.08652428160745029300 ) ) ;
#1029 = CARTESIAN_POINT ( 'NONE',  ( -2.512735937025055900, 0.4648651457009285700, 0.03337085786122527500 ) ) ;
#1030 = CARTESIAN_POINT ( 'NONE',  ( 2.448238698887760000, 1.274472398526648200, -0.5506506506506501100 ) ) ;
#1031 = CARTESIAN_POINT ( 'NONE',  ( 0.05326760990547897000, 1.740585982648178700, -0.6928970303588273300 ) ) ;
#1032 = CARTESIAN_POINT ( 'NONE',  ( 1.031201808415453100, 1.023669137194889400, -0.09908339722107879800 ) ) ;
#1033 =( BOUNDED_SURFACE ( )  B_SPLINE_SURFACE ( 1, 2, ( 
 ( #438, #419, #571, #174, #432, #28, #280, #1082, #1203, #563, #160, #948, #1068, #1088, #700, #1336, #706 ),
 ( #287, #1190, #413, #550, #1074, #1323, #692, #35, #425, #959, #712, #1214, #319, #1220, #1595, #1224, #842 ) ),
 .UNSPECIFIED., .F., .F., .F. ) 
 B_SPLINE_SURFACE_WITH_KNOTS ( ( 2, 2 ),
 ( 3, 2, 2, 2, 2, 2, 2, 2, 3 ),
 ( 0.0000000000000000000, 1.000000000000000000 ),
 ( 0.0000000000000000000, 0.1250000000000000000, 0.2500000000000000000, 0.3750000000000000000, 0.5000000000000000000, 0.6250000000000000000, 0.7500000000000000000, 0.8750000000000000000, 0.9989744653314374100 ),
 .UNSPECIFIED. ) 
 GEOMETRIC_REPRESENTATION_ITEM ( )  RATIONAL_B_SPLINE_SURFACE ( (
 ( 1.000000000000000000, 0.9238795325112867400, 1.000000000000000000, 0.9238795325112867400, 1.000000000000000000, 0.9238795325112867400, 1.000000000000000000, 0.9238795325112867400, 1.000000000000000000, 0.9238795325112867400, 1.000000000000000000, 0.9238795325112867400, 1.000000000000000000, 0.9238795325112867400, 1.000000000000000000, 0.9245040459384616900, 0.9987612205083789000),
 ( 1.000000000000000000, 0.9238795325112867400, 1.000000000000000000, 0.9238795325112867400, 1.000000000000000000, 0.9238795325112867400, 1.000000000000000000, 0.9238795325112867400, 1.000000000000000000, 0.9238795325112867400, 1.000000000000000000, 0.9238795325112867400, 1.000000000000000000, 0.9238795325112867400, 1.000000000000000000, 0.9245040459384616900, 0.9987612205083789000) ) ) 
 REPRESENTATION_ITEM ( '' )  SURFACE ( )  );
#1034 = CARTESIAN_POINT ( 'NONE',  ( 1.191747383235368000, 0.9938589001334454700, 0.01193730758845868600 ) ) ;
#1035 = CARTESIAN_POINT ( 'NONE',  ( 0.9088726460658302900, -1.261438600425409500, -0.3788380764028681000 ) ) ;
#1036 = CARTESIAN_POINT ( 'NONE',  ( -0.1212779788323446700, 2.549130137452369400, 0.7048177880880713800 ) ) ;
#1037 = CARTESIAN_POINT ( 'NONE',  ( 0.7621872330170460500, 1.351566810327567100, -0.03327824474464118100 ) ) ;
#1038 = CARTESIAN_POINT ( 'NONE',  ( 1.458366059559146800, 0.1023291635863512500, -0.008164500757541310800 ) ) ;
#1039 = CARTESIAN_POINT ( 'NONE',  ( 2.231591105343888200, 1.244920434992985400, -0.05519325608534327000 ) ) ;
#1040 = CARTESIAN_POINT ( 'NONE',  ( -0.1101185456175790000, 2.542123168044702700, -0.6286124920899578400 ) ) ;
#1041 = CARTESIAN_POINT ( 'NONE',  ( -0.4629176294253000700, 1.377298711487277200, 0.1609978194499583100 ) ) ;
#1042 = CARTESIAN_POINT ( 'NONE',  ( -2.432001607786697100, -0.3320326953576062100, 0.4933368449346059400 ) ) ;
#1043 = CARTESIAN_POINT ( 'NONE',  ( 0.3197725794431103300, -1.426826797194669500, 0.1734945363670407600 ) ) ;
#1044 = CARTESIAN_POINT ( 'NONE',  ( 0.2229977627826145200, 2.545582276501960500, -0.1798378295107309900 ) ) ;
#1045 = CARTESIAN_POINT ( 'NONE',  ( -0.9252512973856367200, -1.132342385965163100, -0.1108476649943854800 ) ) ;
#1046 = CARTESIAN_POINT ( 'NONE',  ( -2.264942481102549800, -0.9459737112257847700, 0.4601755011102715000 ) ) ;
#1047 = CARTESIAN_POINT ( 'NONE',  ( -0.3764388260242138000, 1.412718116123437900, 0.5686918364141561000 ) ) ;
#1048 = CARTESIAN_POINT ( 'NONE',  ( 1.498707643710375000, -0.4499122260739417100, -0.4621075482813711300 ) ) ;
#1049 = CARTESIAN_POINT ( 'NONE',  ( -0.2022569331536733500, 2.442228823843331400, 0.1000000000000021400 ) ) ;
#1050 = CARTESIAN_POINT ( 'NONE',  ( -1.041412831731946400, -1.154389596351118800, -0.2049815681785007700 ) ) ;
#1051 = CARTESIAN_POINT ( 'NONE',  ( 0.1126059152390198500, 1.449485074551145200, -0.6192770997218722800 ) ) ;
#1052 = CARTESIAN_POINT ( 'NONE',  ( -0.7896861119059461800, 1.346761679782527000, 0.6335487410291530400 ) ) ;
#1053 = CARTESIAN_POINT ( 'NONE',  ( 0.009113928114364093200, 1.449971357066865800, -0.7000403295780841500 ) ) ;
#1054 =( BOUNDED_SURFACE ( )  B_SPLINE_SURFACE ( 3, 2, ( 
 ( #283, #1070, #1449 ),
 ( #407, #433, #1561 ),
 ( #1574, #156, #950 ),
 ( #1587, #275, #1186 ),
 ( #805, #1309, #1191 ),
 ( #831, #1076, #176 ),
 ( #935, #702, #289 ),
 ( #183, #415, #1084 ),
 ( #37, #537, #1326 ),
 ( #1568, #1461, #51 ),
 ( #1437, #694, #421 ),
 ( #428, #1319, #1332 ),
 ( #680, #301, #544 ),
 ( #170, #560, #1444 ),
 ( #818, #1199, #708 ),
 ( #962, #689, #552 ),
 ( #294, #1205, #1210 ),
 ( #1456, #810, #1339 ),
 ( #565, #944, #162 ),
 ( #1099, #1240, #122 ),
 ( #1490, #908, #129 ),
 ( #781, #148, #928 ),
 ( #788, #1413, #1658 ),
 ( #1559, #140, #405 ),
 ( #509, #1184, #396 ),
 ( #253, #1161, #663 ),
 ( #1282, #1307, #535 ),
 ( #1435, #647, #383 ),
 ( #388, #1547, #1408 ),
 ( #1, #1288, #515 ),
 ( #677, #1420, #522 ),
 ( #669, #656, #135 ),
 ( #803, #1155, #19 ),
 ( #933, #1539, #6 ),
 ( #530, #246, #915 ),
 ( #260, #1176, #1534 ),
 ( #1428, #921, #1554 ),
 ( #775, #1295, #1048 ),
 ( #378, #267, #797 ),
 ( #12, #1056, #273 ),
 ( #542, #1572, #1459 ),
 ( #292, #1062, #1329 ),
 ( #836, #1209, #181 ),
 ( #1578, #1316, #830 ),
 ( #1196, #824, #299 ),
 ( #953, #558, #168 ),
 ( #1591, #55, #942 ),
 ( #815, #1442, #687 ),
 ( #154, #307, #1585 ),
 ( #50, #1565, #42 ) ),
 .UNSPECIFIED., .F., .F., .F. ) 
 B_SPLINE_SURFACE_WITH_KNOTS ( ( 4, 2, 2, 2, 2, 2, 2, 2, 2, 2, 2, 2, 2, 2, 2, 2, 2, 2, 2, 2, 2, 2, 2, 2, 4 ),
 ( 3, 3 ),
 ( 0.01007071962915273600, 0.01037571667851749100, 0.01068071372788224500, 0.01098571077724700000, 0.01129070782661175500, 0.01190070192534126500, 0.01251069602407077500, 0.01281569307343553000, 0.01312069012280028500, 0.01342568717216504000, 0.01373068422152979400, 0.01403568127089454900, 0.01434067832025930400, 0.01495067241898881200, 0.01556066651771832000, 0.01586566356708307700, 0.01617066061644783000, 0.01647565766581258300, 0.01678065471517734000, 0.01739064881390685000, 0.01800064291263636000, 0.01830563996200111600, 0.01861063701136586900, 0.01922063111009537900, 0.01983062520882488900 ),
 ( 0.0000000000000000000, 1.000000000000000000 ),
 .UNSPECIFIED. ) 
 GEOMETRIC_REPRESENTATION_ITEM ( )  RATIONAL_B_SPLINE_SURFACE ( (
 ( 1.000000000000000000, 0.7030692611817125300, 1.000000000000000000),
 ( 1.000000000000000000, 0.7013631302582903300, 1.000000000000000000),
 ( 1.000000000000000000, 0.7018606224895506100, 1.000000000000000000),
 ( 1.000000000000000000, 0.7016872728414681500, 1.000000000000000000),
 ( 1.000000000000000000, 0.7016325814760739900, 1.000000000000000000),
 ( 1.000000000000000000, 0.7015935303431557500, 1.000000000000000000),
 ( 1.000000000000000000, 0.7016082197912584300, 1.000000000000000000),
 ( 1.000000000000000000, 0.7017058790182270100, 1.000000000000000000),
 ( 1.000000000000000000, 0.7017902171942527200, 1.000000000000000000),
 ( 1.000000000000000000, 0.7021384982734514300, 1.000000000000000000),
 ( 1.000000000000000000, 0.7016496567502665800, 1.000000000000000000),
 ( 1.000000000000000000, 0.7015751463668096200, 1.000000000000000000),
 ( 1.000000000000000000, 0.7016764421060143200, 1.000000000000000000),
 ( 1.000000000000000000, 0.7020267857894024700, 1.000000000000000000),
 ( 1.000000000000000000, 0.7018524932494176700, 1.000000000000000000),
 ( 1.000000000000000000, 0.7016815080693461500, 1.000000000000000000),
 ( 1.000000000000000000, 0.7016297356841966200, 1.000000000000000000),
 ( 1.000000000000000000, 0.7015938166815917100, 1.000000000000000000),
 ( 1.000000000000000000, 0.7016106635527350500, 1.000000000000000000),
 ( 1.000000000000000000, 0.7017118381656763900, 1.000000000000000000),
 ( 1.000000000000000000, 0.7017957724895701500, 1.000000000000000000),
 ( 1.000000000000000000, 0.7020340749276105000, 1.000000000000000000),
 ( 1.000000000000000000, 0.7018487239852250200, 1.000000000000000000),
 ( 1.000000000000000000, 0.7016797575111880500, 1.000000000000000000),
 ( 1.000000000000000000, 0.7016278251657766000, 1.000000000000000000),
 ( 1.000000000000000000, 0.7015771866254159100, 1.000000000000000000),
 ( 1.000000000000000000, 0.7016807732763243900, 1.000000000000000000),
 ( 1.000000000000000000, 0.7021613924321288300, 1.000000000000000000),
 ( 1.000000000000000000, 0.7016414757234666900, 1.000000000000000000),
 ( 1.000000000000000000, 0.7015943656916339100, 1.000000000000000000),
 ( 1.000000000000000000, 0.7016132185359624800, 1.000000000000000000),
 ( 1.000000000000000000, 0.7017185131371037600, 1.000000000000000000),
 ( 1.000000000000000000, 0.7018066086456786800, 1.000000000000000000),
 ( 1.000000000000000000, 0.7020470049566123200, 1.000000000000000000),
 ( 1.000000000000000000, 0.7018394458573343800, 1.000000000000000000),
 ( 1.000000000000000000, 0.7016736781738360800, 1.000000000000000000),
 ( 1.000000000000000000, 0.7016241530078225500, 1.000000000000000000),
 ( 1.000000000000000000, 0.7015801465713058500, 1.000000000000000000),
 ( 1.000000000000000000, 0.7016898587941429200, 1.000000000000000000),
 ( 1.000000000000000000, 0.7021716335214909200, 1.000000000000000000),
 ( 1.000000000000000000, 0.7016369691448808300, 1.000000000000000000),
 ( 1.000000000000000000, 0.7015950535055172100, 1.000000000000000000),
 ( 1.000000000000000000, 0.7016158119675893800, 1.000000000000000000),
 ( 1.000000000000000000, 0.7017250508657532100, 1.000000000000000000),
 ( 1.000000000000000000, 0.7018129044129575200, 1.000000000000000000),
 ( 1.000000000000000000, 0.7021796491627111400, 1.000000000000000000),
 ( 1.000000000000000000, 0.7016345231619370800, 1.000000000000000000),
 ( 1.000000000000000000, 0.7015823087268097100, 1.000000000000000000),
 ( 1.000000000000000000, 0.7016933735420521900, 1.000000000000000000),
 ( 1.000000000000000000, 0.7019413809439351000, 1.000000000000000000) ) ) 
 REPRESENTATION_ITEM ( '' )  SURFACE ( )  );
#1055 = CARTESIAN_POINT ( 'NONE',  ( 1.107325277572869000, -0.9407971051952419600, 0.09092810575240589700 ) ) ;
#1056 = CARTESIAN_POINT ( 'NONE',  ( 1.454776179506607400, 0.1491827715393972100, -0.5131007257910075200 ) ) ;
#1057 = CARTESIAN_POINT ( 'NONE',  ( -1.319890570155608300, 2.188087435417998400, 0.5409678799820636400 ) ) ;
#1058 = ORIENTED_EDGE ( 'NONE', *, *, #470, .T. ) ;
#1059 = CARTESIAN_POINT ( 'NONE',  ( -1.540935845548784900, 0.2069839085110090100, -0.08204814501230432700 ) ) ;
#1060 = CARTESIAN_POINT ( 'NONE',  ( -0.2758531999909574200, 2.536364622175105100, 0.5967725221161986900 ) ) ;
#1061 = CARTESIAN_POINT ( 'NONE',  ( -2.411126211611685800, 0.4596610548379758100, 0.5339322205631890100 ) ) ;
#1062 = CARTESIAN_POINT ( 'NONE',  ( 1.320360765357272900, 0.6068308814594292100, -0.5555313181813111800 ) ) ;
#1063 = CARTESIAN_POINT ( 'NONE',  ( -2.551778825606147500, 0.1358897356397636700, 0.4164134903331441800 ) ) ;
#1064 = CARTESIAN_POINT ( 'NONE',  ( -2.405874189890695000, -0.4923339675910200500, -0.1148533751409648300 ) ) ;
#1065 = CARTESIAN_POINT ( 'NONE',  ( -2.456924807028344500, 0.7028523009480960300, 0.5463629497555004800 ) ) ;
#1066 = CARTESIAN_POINT ( 'NONE',  ( -1.641224675338733200, 1.825166170352587000, 0.6166215335579985400 ) ) ;
#1067 = CARTESIAN_POINT ( 'NONE',  ( -0.6006096654409878200, -1.450000000000000600, -0.2503503503503490800 ) ) ;
#1068 = CARTESIAN_POINT ( 'NONE',  ( 2.540296480133951800, 0.2222471440065287600, -0.5006006006005999700 ) ) ;
#1069 = CARTESIAN_POINT ( 'NONE',  ( -0.3888234103619575000, 2.525722945215377100, 0.5913664066839600100 ) ) ;
#1070 = CARTESIAN_POINT ( 'NONE',  ( 0.06553688516755823400, 1.450000000000000600, 0.1055428952376837500 ) ) ;
#1071 = CARTESIAN_POINT ( 'NONE',  ( -1.230582265977354900, 2.239763861472713600, 0.6470353138885687200 ) ) ;
#1072 = CARTESIAN_POINT ( 'NONE',  ( 1.410945342411200200, 2.008438070675632000, -0.01173460628698169900 ) ) ;
#1073 = CARTESIAN_POINT ( 'NONE',  ( -0.002858650829284375000, 1.464023923461571700, 0.6522732810819713600 ) ) ;
#1074 = CARTESIAN_POINT ( 'NONE',  ( -2.540296480133952300, -0.2222471440065290300, 0.4997997997997997200 ) ) ;
#1075 = CARTESIAN_POINT ( 'NONE',  ( -2.412193841781316000, -0.8432751227713835000, 0.3677651161268077300 ) ) ;
#1076 = CARTESIAN_POINT ( 'NONE',  ( -0.5861937332228148700, 1.329673729221803500, 0.04711064185410870200 ) ) ;
#1077 = CARTESIAN_POINT ( 'NONE',  ( -0.7650332617238171400, 2.438144384257860500, 0.6729130075165559200 ) ) ;
#1078 = CARTESIAN_POINT ( 'NONE',  ( 0.4675827307351150800, -2.425694572738571700, 0.2863472391656845000 ) ) ;
#1079 = CARTESIAN_POINT ( 'NONE',  ( -0.005558395856020245000, 1.477268289381625400, 0.6705858618508987500 ) ) ;
#1080 = ORIENTED_EDGE ( 'NONE', *, *, #619, .F. ) ;
#1081 = PERSON_AND_ORGANIZATION_ROLE ( 'design_supplier' ) ;
#1082 = CARTESIAN_POINT ( 'NONE',  ( -0.8299781105135897200, -2.632354261380142300, -0.2503503503503490800 ) ) ;
#1083 = CARTESIAN_POINT ( 'NONE',  ( -1.231448247000281700, 2.239246816571787100, 0.04698209835987351300 ) ) ;
#1084 = CARTESIAN_POINT ( 'NONE',  ( -0.8932858989915337700, 1.272673295958005600, 0.02314355801074986800 ) ) ;
#1085 = CARTESIAN_POINT ( 'NONE',  ( -0.5037604337944127100, 2.398331358450602700, 0.6846302481565317300 ) ) ;
#1086 = CARTESIAN_POINT ( 'NONE',  ( 0.7781103675297416100, -2.344416659173013300, 0.2698870022269961900 ) ) ;
#1087 = MECHANICAL_CONTEXT ( 'NONE', #298, 'mechanical' ) ;
#1088 = CARTESIAN_POINT ( 'NONE',  ( 2.448238698887760000, 1.274472398526648200, -0.5506506506506502200 ) ) ;
#1089 = CARTESIAN_POINT ( 'NONE',  ( -0.5044262610934745500, 2.399449339364419400, 0.08461611521367243300 ) ) ;
#1090 = CARTESIAN_POINT ( 'NONE',  ( -2.438087260206329300, -0.2849491385450715300, 0.4956316291685069500 ) ) ;
#1091 = B_SPLINE_CURVE_WITH_KNOTS ( 'NONE', 3,
 ( #1594, #1212, #423, #579, #1470, #1328, #588, #991, #728, #80, #862, #1619, #732, #1357, #1601, #1351 ),
 .UNSPECIFIED., .F., .F.,
 ( 4, 3, 3, 3, 3, 4 ),
 ( 0.0000000000000000000, 3.379264709549754500E-005, 6.759805978154387700E-005, 0.0001012155661927741400, 0.0001346156963689130700, 0.0001559790465004986500 ),
 .UNSPECIFIED. ) ;
#1092 = CARTESIAN_POINT ( 'NONE',  ( -1.772527402924448000, 1.840833279348278000, 0.01292952083972850400 ) ) ;
#1093 = CARTESIAN_POINT ( 'NONE',  ( 2.466184229425271400, -0.1432283834437316800, 0.1165443784636695700 ) ) ;
#1094 = CARTESIAN_POINT ( 'NONE',  ( -0.1112294377815896700, 2.547572965033738400, -0.1961826844883879900 ) ) ;
#1095 = CARTESIAN_POINT ( 'NONE',  ( -2.377043766926775000, 0.6167497958603599400, -0.05751268888418628600 ) ) ;
#1096 = CARTESIAN_POINT ( 'NONE',  ( -1.319993479880057200, 2.188010896721178000, 0.1412500826004622100 ) ) ;
#1097 = CARTESIAN_POINT ( 'NONE',  ( -2.344048525935653200, 1.017778619276027600, -0.03649300977116441700 ) ) ;
#1098 = FACE_OUTER_BOUND ( 'NONE', #841, .T. ) ;
#1099 = CARTESIAN_POINT ( 'NONE',  ( -1.180407278467909800, -0.8474222859800196700, -0.07809193849429085800 ) ) ;
#1100 = CARTESIAN_POINT ( 'NONE',  ( 1.364656006764970700, -2.040331167577961800, 0.2346089670454209700 ) ) ;
#1101 = CARTESIAN_POINT ( 'NONE',  ( -0.6396795857503884100, 1.413718599446359700, 0.6474229174091465900 ) ) ;
#1102 = ORIENTED_EDGE ( 'NONE', *, *, #880, .T. ) ;
#1103 = B_SPLINE_CURVE_WITH_KNOTS ( 'NONE', 3,
 ( #1431, #790, #8, #1040, #1163, #269, #255, #1178, #1415, #398, #1580, #955, #826, #23, #45, #30 ),
 .UNSPECIFIED., .F., .F.,
 ( 4, 3, 3, 3, 3, 4 ),
 ( 9.761583417332028700E-019, 3.315383149712319500E-005, 6.630793381329349700E-005, 9.947759559245263200E-005, 0.0001329290248962377700, 0.0001563597037780741600 ),
 .UNSPECIFIED. ) ;
#1104 = CARTESIAN_POINT ( 'NONE',  ( 0.03703338235280292200, 1.820227596210855800, -0.09329817475344870400 ) ) ;
#1105 = CARTESIAN_POINT ( 'NONE',  ( -0.2813909363362230900, 2.535765692701822200, 0.09722515201658227200 ) ) ;
#1106 = CARTESIAN_POINT ( 'NONE',  ( -0.5135457185457299500, -2.503384652695479500, 0.3361859941947816200 ) ) ;
#1107 = CARTESIAN_POINT ( 'NONE',  ( -0.1336966892389651100, 1.446899730219909800, 0.5900571379035457500 ) ) ;
#1108 = CARTESIAN_POINT ( 'NONE',  ( -1.864625281272529700, -1.598271088604833900, -0.1805522535034018400 ) ) ;
#1109 = CARTESIAN_POINT ( 'NONE',  ( -1.441393352473262700, -2.110179547763065200, 0.2868914006745346700 ) ) ;
#1110 = CARTESIAN_POINT ( 'NONE',  ( -0.5994100926617588200, 1.323759922388829000, 0.6458045930437511500 ) ) ;
#1111 = CARTESIAN_POINT ( 'NONE',  ( -0.9964228619934421000, -2.353254875109406000, -0.2378798096695730900 ) ) ;
#1112 = CARTESIAN_POINT ( 'NONE',  ( 2.128437646668607900, -1.414442094163311600, 0.1858357383909301500 ) ) ;
#1113 = CARTESIAN_POINT ( 'NONE',  ( -0.04935096604501147000, 1.449999999999989100, 0.6960073997999617300 ) ) ;
#1114 = ORIENTED_EDGE ( 'NONE', *, *, #1418, .T. ) ;
#1115 = CARTESIAN_POINT ( 'NONE',  ( -0.6744352184106570100, -2.464909470068100500, -0.1558427625428782100 ) ) ;
#1116 = CARTESIAN_POINT ( 'NONE',  ( 0.4676885675049269300, 2.529316418186907000, -0.1676385540689135100 ) ) ;
#1117 = CARTESIAN_POINT ( 'NONE',  ( -1.446627463534820900, -0.1370804851030575400, 0.3895662988700581100 ) ) ;
#1118 = CARTESIAN_POINT ( 'NONE',  ( -1.953413329953394700, 1.639108404700675200, -0.0001001001000981889500 ) ) ;
#1119 = CARTESIAN_POINT ( 'NONE',  ( -0.9578102716631268200, -2.261451200674014000, -0.2384965939549731100 ) ) ;
#1120 = CARTESIAN_POINT ( 'NONE',  ( 2.025618538637302000, 1.386387429439492400, 0.03301752873002842400 ) ) ;
#1121 = CARTESIAN_POINT ( 'NONE',  ( 0.1427514893580962800, -1.455635517527415400, 0.1887486220504533400 ) ) ;
#1122 = CARTESIAN_POINT ( 'NONE',  ( -1.366366965008325200, -2.040509545274531000, -0.2141341872487909900 ) ) ;
#1123 = CARTESIAN_POINT ( 'NONE',  ( -0.8254968717795162500, 2.312898335089917700, 0.06726648356127618000 ) ) ;
#1124 = CARTESIAN_POINT ( 'NONE',  ( -1.822608429868923100, -1.791408153539463300, -0.08903662314886912100 ) ) ;
#1125 = CARTESIAN_POINT ( 'NONE',  ( -0.0003934268779471419600, 1.451930067277728200, 0.1793074581809551400 ) ) ;
#1126 = CARTESIAN_POINT ( 'NONE',  ( -1.259693855549529400, -0.9060603956450499200, 0.4214154627764562500 ) ) ;
#1127 = CARTESIAN_POINT ( 'NONE',  ( 1.686424771931315000, -1.920042052417553400, -0.2821581303831139400 ) ) ;
#1128 = CARTESIAN_POINT ( 'NONE',  ( 0.1325880432906384500, 2.569145681122451100, -0.1837056123991353500 ) ) ;
#1129 = CARTESIAN_POINT ( 'NONE',  ( -0.2322736506388815000, -1.444022375923244200, 0.3192701135764453000 ) ) ;
#1130 = CARTESIAN_POINT ( 'NONE',  ( 2.353805172906052100, -0.9946305908580191900, -0.3386658080802474900 ) ) ;
#1131 = ORIENTED_EDGE ( 'NONE', *, *, #1166, .T. ) ;
#1132 = CARTESIAN_POINT ( 'NONE',  ( 2.373500366479504500, -0.6307525588788400700, -0.4571437139578920000 ) ) ;
#1133 = CARTESIAN_POINT ( 'NONE',  ( 2.503251327736386600, 0.5142826396382733600, -0.01548711631662934500 ) ) ;
#1134 = CARTESIAN_POINT ( 'NONE',  ( -0.9307822905326153000, -1.128237703370177800, 0.2890998206698309800 ) ) ;
#1135 = CARTESIAN_POINT ( 'NONE',  ( -1.856123809434344900, -1.631772572929544000, -0.1823494264902103000 ) ) ;
#1136 = CARTESIAN_POINT ( 'NONE',  ( 0.3352216490878142100, -2.533397436048156100, -0.2062552534229979100 ) ) ;
#1137 = CARTESIAN_POINT ( 'NONE',  ( -0.8299781105135897200, -2.632354261380142300, -0.2503503503503490300 ) ) ;
#1138 = CARTESIAN_POINT ( 'NONE',  ( 2.451352183274471600, -0.1506169451436142600, -0.4828140845548557500 ) ) ;
#1139 = CARTESIAN_POINT ( 'NONE',  ( 1.286536532620924200, -0.6755397125173611100, 0.1614485470234722500 ) ) ;
#1140 = CARTESIAN_POINT ( 'NONE',  ( 2.018506367477158400, -1.566985155821571700, -0.3056058953883568600 ) ) ;
#1141 = CARTESIAN_POINT ( 'NONE',  ( 1.639108404700675600, 1.953413329953394700, -0.6007007007007001400 ) ) ;
#1142 = CARTESIAN_POINT ( 'NONE',  ( 2.263411423216202100, 0.9532270048075104400, -0.5406038320960935300 ) ) ;
#1143 = CARTESIAN_POINT ( 'NONE',  ( 1.451962081867819400, 0.05737814950668450300, 0.09464903395083247600 ) ) ;
#1144 = CARTESIAN_POINT ( 'NONE',  ( 0.4839015731654937000, 1.379750123435368000, -0.5559480549367221700 ) ) ;
#1145 = CARTESIAN_POINT ( 'NONE',  ( -2.448238698887760900, -1.274472398526647700, -0.1502502502502487400 ) ) ;
#1146 = DATE_AND_TIME ( #720, #704 ) ;
#1147 = CARTESIAN_POINT ( 'NONE',  ( 2.531455044039116100, 0.3496201468634755300, -0.4071289560033530800 ) ) ;
#1148 = ORIENTED_EDGE ( 'NONE', *, *, #1532, .T. ) ;
#1149 = CARTESIAN_POINT ( 'NONE',  ( 0.7677451865335048800, 1.244864633400238200, -0.1283978646606676600 ) ) ;
#1150 = CARTESIAN_POINT ( 'NONE',  ( -1.504797603020197000, -0.3910499643660267900, -0.1304347541998687500 ) ) ;
#1151 = CARTESIAN_POINT ( 'NONE',  ( 1.216192002341205600, 0.8114198390597851000, -0.4742257753415157800 ) ) ;
#1152 = CARTESIAN_POINT ( 'NONE',  ( 9.347675724500988000E-017, -1.450000000000000200, 0.2995995995995983700 ) ) ;
#1153 = DIRECTION ( 'NONE',  ( -0.1997336668536843200, 0.9798502244349294200, 0.0000000000000000000 ) ) ;
#1154 = CARTESIAN_POINT ( 'NONE',  ( 1.394149245456188600, 2.141676552563450500, -0.5160413714005535100 ) ) ;
#1155 = CARTESIAN_POINT ( 'NONE',  ( 0.9244449031583621400, -1.121189823705383000, -0.3886800725918459500 ) ) ;
#1156 = CARTESIAN_POINT ( 'NONE',  ( 0.7606913866821014600, 1.249222063586250500, -0.03036743664502848300 ) ) ;
#1157 = CARTESIAN_POINT ( 'NONE',  ( 1.526905784011759900, 0.3404637828930947000, -0.5261816888168259200 ) ) ;
#1158 = CARTESIAN_POINT ( 'NONE',  ( -1.411646535668794600, -0.3442360660476398400, -0.02815191184348175500 ) ) ;
#1159 = CARTESIAN_POINT ( 'NONE',  ( 1.007203677857496000, 1.180341941883382000, -0.008696408357121609300 ) ) ;
#1160 = CARTESIAN_POINT ( 'NONE',  ( 0.8142081488345304100, 1.203447564631631800, -0.1231104506578862600 ) ) ;
#1161 = CARTESIAN_POINT ( 'NONE',  ( -0.4285600332951047300, -1.398316799705041600, -0.2627912059734748800 ) ) ;
#1162 = CARTESIAN_POINT ( 'NONE',  ( 1.590415430261435500, 2.000173102353585400, -0.1046597039689703700 ) ) ;
#1163 = CARTESIAN_POINT ( 'NONE',  ( -0.1093880070202460200, 2.538539303492316300, -0.6390412113388588300 ) ) ;
#1164 = CARTESIAN_POINT ( 'NONE',  ( 1.218794939750589100, -0.7910686670365508800, -0.3246533482930026900 ) ) ;
#1165 = CARTESIAN_POINT ( 'NONE',  ( 1.538801339752965400, -0.2633615836860520000, 0.1219267675210922600 ) ) ;
#1166 = EDGE_CURVE ( 'NONE', #64, #377, #305, .T. ) ;
#1167 = DIRECTION ( 'NONE',  ( 0.0000000000000000000, 0.0000000000000000000, 1.000000000000000000 ) ) ;
#1168 = CARTESIAN_POINT ( 'NONE',  ( 1.947316536049537300, 1.654624393315469000, -0.08054194724433286200 ) ) ;
#1169 = CARTESIAN_POINT ( 'NONE',  ( 1.558212225815226200, 0.1371367687010469100, -0.5099384191068623300 ) ) ;
#1170 = CARTESIAN_POINT ( 'NONE',  ( 0.1057673478893531900, 1.483033608746398900, -0.6678689192965044900 ) ) ;
#1171 = CALENDAR_DATE ( 2024, 31, 1 ) ;
#1172 = CARTESIAN_POINT ( 'NONE',  ( -2.123049793450762400, -1.231862119318609000, 0.4431350743062310600 ) ) ;
#1173 = CARTESIAN_POINT ( 'NONE',  ( 0.03322127420210804800, 1.838928975331706000, -0.6933641335174421900 ) ) ;
#1174 = ORIENTED_EDGE ( 'NONE', *, *, #445, .F. ) ;
#1175 = CARTESIAN_POINT ( 'NONE',  ( -1.405375464646536600, 0.4027539872178023700, 0.4362537131207757100 ) ) ;
#1176 = CARTESIAN_POINT ( 'NONE',  ( 1.235914727917170100, -0.7642921441405982100, -0.4294083076522535700 ) ) ;
#1177 = CARTESIAN_POINT ( 'NONE',  ( -2.476565944636979200, 0.6295474770320060900, 0.4416933507273218000 ) ) ;
#1178 = CARTESIAN_POINT ( 'NONE',  ( -0.1055297587069710900, 2.519611570700740700, -0.6662499648581310400 ) ) ;
#1179 = CARTESIAN_POINT ( 'NONE',  ( 1.268036905289221300, -0.7094443337625381300, -0.3331293792559154600 ) ) ;
#1180 = CARTESIAN_POINT ( 'NONE',  ( -1.361195744978008500, -0.7648418339894731400, 0.4357578344443001100 ) ) ;
#1181 = CARTESIAN_POINT ( 'NONE',  ( -1.450000000000000600, 0.6006096654409878200, -0.05015015015014842600 ) ) ;
#1182 = CARTESIAN_POINT ( 'NONE',  ( 1.064503624646692600, 2.213179275672128900, -0.6326883885777617700 ) ) ;
#1183 = PLANE ( 'NONE',  #1367 ) ;
#1184 = CARTESIAN_POINT ( 'NONE',  ( -0.6888274916421259800, -1.279524372609358800, -0.2370015672541730400 ) ) ;
#1185 = CARTESIAN_POINT ( 'NONE',  ( -0.1111235720032648000, 1.995148240066976200, 0.1000000000000021100 ) ) ;
#1186 = CARTESIAN_POINT ( 'NONE',  ( -0.3363328970052711400, 1.518015860477802900, 0.07444282842127199200 ) ) ;
#1187 = CARTESIAN_POINT ( 'NONE',  ( -0.2699270272402122300, 2.435761629452466400, 0.6966464816459540000 ) ) ;
#1188 = CARTESIAN_POINT ( 'NONE',  ( 1.524205896805927100, 0.3378443954999944500, 0.07393146729041208400 ) ) ;
#1189 = CARTESIAN_POINT ( 'NONE',  ( 0.6043799073493260100, 1.446229758091662500, -0.05030643018684845300 ) ) ;
#1190 = CARTESIAN_POINT ( 'NONE',  ( -1.274472398526648200, 2.448238698887761400, 0.6499499499499502600 ) ) ;
#1191 = CARTESIAN_POINT ( 'NONE',  ( -0.4363327258895434700, 1.492436287032170100, 0.06584729430482831600 ) ) ;
#1192 = CARTESIAN_POINT ( 'NONE',  ( -2.431610398758150500, -0.7860852531900878200, 0.3708299087207042600 ) ) ;
#1193 = CARTESIAN_POINT ( 'NONE',  ( -0.4167911244423493900, 1.494596964364550000, 0.6674179116210101600 ) ) ;
#1194 = CARTESIAN_POINT ( 'NONE',  ( -1.450000000000000200, -1.822636501831929900E-016, 0.4997997997997991000 ) ) ;
#1195 = APPROVAL ( #685, 'UNSPECIFIED' ) ;
#1196 = CARTESIAN_POINT ( 'NONE',  ( 1.111962365956776300, 0.9355090654498400300, -0.4882432863928853300 ) ) ;
#1197 = PLANE ( 'NONE',  #871 ) ;
#1198 = ORIENTED_EDGE ( 'NONE', *, *, #48, .F. ) ;
#1199 = CARTESIAN_POINT ( 'NONE',  ( -1.446918007602820500, -0.1342121602291015100, -0.1113807019766034800 ) ) ;
#1200 = CARTESIAN_POINT ( 'NONE',  ( -1.374365149175633200, 2.154473106730413300, 0.6384739692593747200 ) ) ;
#1201 = CARTESIAN_POINT ( 'NONE',  ( 1.930377000804056800, -1.516105370720811900, 0.1949425377978106800 ) ) ;
#1202 = CARTESIAN_POINT ( 'NONE',  ( -0.6006096654409880400, 1.450000000000000400, 0.6499499499499497000 ) ) ;
#1203 = CARTESIAN_POINT ( 'NONE',  ( 0.2222471440065289200, -2.540296480133951800, -0.3004004004003992800 ) ) ;
#1204 = CARTESIAN_POINT ( 'NONE',  ( 0.1123258563183121600, 1.450858983119656100, -0.1580851158994754100 ) ) ;
#1205 = CARTESIAN_POINT ( 'NONE',  ( -1.393111825603091000, -0.4133900534429094700, -0.1364994357226315700 ) ) ;
#1206 = CARTESIAN_POINT ( 'NONE',  ( -2.429977295720582300, -0.7911556260525533000, 0.4713310155710133100 ) ) ;
#1207 = CARTESIAN_POINT ( 'NONE',  ( -0.1742252441662299800, -2.448335686218412500, 0.3186117918725633300 ) ) ;
#1208 = APPROVAL_ROLE ( '' ) ;
#1209 = CARTESIAN_POINT ( 'NONE',  ( 1.276980933409514400, 0.6934890785265707100, -0.5642510833379349400 ) ) ;
#1210 = CARTESIAN_POINT ( 'NONE',  ( -1.490461150923755500, -0.4430335557192045500, -0.1349375709674069900 ) ) ;
#1211 = CARTESIAN_POINT ( 'NONE',  ( -2.139496717945255500, -1.397510947853088500, 0.4368660534287777700 ) ) ;
#1212 = CARTESIAN_POINT ( 'NONE',  ( -0.2045067762593654200, 2.453266068123589200, 0.1000000000000021400 ) ) ;
#1213 = DIRECTION ( 'NONE',  ( 1.000000000000000000, 0.0000000000000000000, 0.0000000000000000000 ) ) ;
#1214 = CARTESIAN_POINT ( 'NONE',  ( 2.632354261380142700, -0.8299781105135909400, 0.1494494494494485500 ) ) ;
#1215 = CARTESIAN_POINT ( 'NONE',  ( -0.1125236576147908800, 2.449895953378459000, 0.1044415440439939400 ) ) ;
#1216 = CARTESIAN_POINT ( 'NONE',  ( -2.498124133387040300, 0.5389061920145369300, 0.5377078811955635600 ) ) ;
#1217 = CARTESIAN_POINT ( 'NONE',  ( -0.09767218062597062000, 2.481063989977539700, -0.1011367029484085600 ) ) ;
#1218 = FACE_OUTER_BOUND ( 'NONE', #1238, .T. ) ;
#1219 = FACE_OUTER_BOUND ( 'NONE', #142, .T. ) ;
#1220 = CARTESIAN_POINT ( 'NONE',  ( 2.448238698887760500, 1.274472398526648400, 0.04934934934934813400 ) ) ;
#1221 = CARTESIAN_POINT ( 'NONE',  ( -1.997879457807579800, 1.593425125545085100, -0.003183138208006855500 ) ) ;
#1222 = CARTESIAN_POINT ( 'NONE',  ( -1.437122366116612800, -2.113102418825854500, 0.3873817964868145900 ) ) ;
#1223 = CARTESIAN_POINT ( 'NONE',  ( 0.9976948896835422500, 2.242713046948116700, -0.03656544484388928000 ) ) ;
#1224 = CARTESIAN_POINT ( 'NONE',  ( 0.8371585326802092300, 2.626329171788435600, -0.05030659423924642400 ) ) ;
#1225 = CARTESIAN_POINT ( 'NONE',  ( -2.360989278283447400, 0.6760842441075070000, -0.05423565378281861000 ) ) ;
#1226 = CARTESIAN_POINT ( 'NONE',  ( 1.686127874729407300, -1.920294185714842100, 0.2183434082039617800 ) ) ;
#1227 = CARTESIAN_POINT ( 'NONE',  ( -0.3279516419917398700, 1.415602278532033500, 0.6715960287176672100 ) ) ;
#1228 = B_SPLINE_CURVE_WITH_KNOTS ( 'NONE', 3,
 ( #270, #1618, #1125, #1377, #92, #1258, #227, #1244, #352, #467, #480, #1380, #620, #1510, #751, #1395 ),
 .UNSPECIFIED., .F., .F.,
 ( 4, 3, 3, 3, 3, 4 ),
 ( 2.713247553870648100E-020, 3.365534188584872800E-005, 6.727247281289962000E-005, 0.0001014600945198264600, 0.0001362937130518660900, 0.0001602196913184511300 ),
 .UNSPECIFIED. ) ;
#1229 = CARTESIAN_POINT ( 'NONE',  ( -0.2863192808361922900, 2.535210816512446300, 0.1965204214905824100 ) ) ;
#1230 = CARTESIAN_POINT ( 'NONE',  ( -1.572882980944036100, -2.014268741649083400, 0.3953856912306342200 ) ) ;
#1231 = CARTESIAN_POINT ( 'NONE',  ( -0.4493404520968015100, 1.485232049445323900, 0.6645794219398832900 ) ) ;
#1232 = CARTESIAN_POINT ( 'NONE',  ( -1.826170122766656000, -1.787795063731389700, -0.1883125927013394000 ) ) ;
#1233 = APPROVAL_DATE_TIME ( #590, #34 ) ;
#1234 = CARTESIAN_POINT ( 'NONE',  ( 0.7921810712390624500, -2.340276507316572600, 0.2691177873261215200 ) ) ;
#1235 = CARTESIAN_POINT ( 'NONE',  ( -1.243183637964276400, 0.7699857718235305600, 0.5712160190132042900 ) ) ;
#1236 = ORIENTED_EDGE ( 'NONE', *, *, #1476, .F. ) ;
#1237 = CARTESIAN_POINT ( 'NONE',  ( 1.147811450147816900, 2.188764377176608500, -0.6280567842138962100 ) ) ;
#1238 = EDGE_LOOP ( 'NONE', ( #1508, #1080, #770, #99 ) ) ;
#1239 = CARTESIAN_POINT ( 'NONE',  ( -0.008747198627154170000, -2.555607595512210400, -0.1897892328920745000 ) ) ;
#1240 = CARTESIAN_POINT ( 'NONE',  ( -1.185304701432371000, -0.8406088051158593400, -0.1792779400570278500 ) ) ;
#1241 = CARTESIAN_POINT ( 'NONE',  ( 2.365514160149857900, -0.9668674357532592900, 0.1602867954360011600 ) ) ;
#1242 = CARTESIAN_POINT ( 'NONE',  ( -0.9158665831541078500, 1.128127784684743500, 0.5138798883047338600 ) ) ;
#1243 = CARTESIAN_POINT ( 'NONE',  ( 0.9341336384171800000, -2.271362495178289800, -0.3393034159706685400 ) ) ;
#1244 = CARTESIAN_POINT ( 'NONE',  ( -0.005810212993479913300, 1.478503649862125100, 0.1303801700454549100 ) ) ;
#1245 = CARTESIAN_POINT ( 'NONE',  ( -1.414564934862875000, -0.3325909167394350800, 0.4709734585194549400 ) ) ;
#1246 = CARTESIAN_POINT ( 'NONE',  ( 2.256418903045494900, -0.9691472766680236900, -0.4380386590919762600 ) ) ;
#1247 = CARTESIAN_POINT ( 'NONE',  ( -0.1773207984265099100, -2.449517368859377000, -0.2812267770170426300 ) ) ;
#1248 = CARTESIAN_POINT ( 'NONE',  ( 1.099221915083855400, 2.306993333569776100, -0.03253678417629999500 ) ) ;
#1249 = CARTESIAN_POINT ( 'NONE',  ( 0.6487970313456618000, -1.409586129350892000, 0.2461771441313492000 ) ) ;
#1250 = CARTESIAN_POINT ( 'NONE',  ( -1.495231278925360300, -1.948119324596424800, -0.2061765490787764400 ) ) ;
#1251 = APPROVAL_DATE_TIME ( #1146, #372 ) ;
#1252 = PERSON_AND_ORGANIZATION ( #710, #961 ) ;
#1253 = CARTESIAN_POINT ( 'NONE',  ( -2.555280955804216000, 0.03324013130151775400, 0.01161316061466751400 ) ) ;
#1254 = CARTESIAN_POINT ( 'NONE',  ( -0.2120913669126268700, 2.541171231251307300, -0.1002933685914712000 ) ) ;
#1255 = CARTESIAN_POINT ( 'NONE',  ( 0.3401905364440686000, -1.422455320949769700, 0.2704130756177254300 ) ) ;
#1256 = CARTESIAN_POINT ( 'NONE',  ( -0.2192580821192662600, 2.525632788192472500, 0.6530956126696941800 ) ) ;
#1257 = CARTESIAN_POINT ( 'NONE',  ( 1.792388813961360800, 1.821710157628874300, -0.5910561098142901300 ) ) ;
#1258 = CARTESIAN_POINT ( 'NONE',  ( -0.003002247659126441800, 1.464728378489937000, 0.1480888498237968600 ) ) ;
#1259 = CARTESIAN_POINT ( 'NONE',  ( -0.2404509841534671900, -1.442718292606318000, 0.2212218887742392300 ) ) ;
#1260 = CARTESIAN_POINT ( 'NONE',  ( 1.799367093169784700, -1.814411336530036100, -0.2897925603206326100 ) ) ;
#1261 = CARTESIAN_POINT ( 'NONE',  ( 2.042373397303206800, -1.363974793366536700, -0.4144863225111603000 ) ) ;
#1262 = CARTESIAN_POINT ( 'NONE',  ( 1.786682434407214300, 1.827252223921739000, 0.008557968057383878000 ) ) ;
#1263 = CARTESIAN_POINT ( 'NONE',  ( 0.6003875198964918600, -1.323315890488432300, 0.1465461205506665400 ) ) ;
#1264 = CARTESIAN_POINT ( 'NONE',  ( -1.410323149640537500, -2.130907734490891300, -0.1146830346835884400 ) ) ;
#1265 = CARTESIAN_POINT ( 'NONE',  ( 1.639108404700675900, 1.953413329953394700, -0.0007007007007019594100 ) ) ;
#1266 = CARTESIAN_POINT ( 'NONE',  ( 2.353030710581224900, 0.9969967889091563300, -0.4407477247608856400 ) ) ;
#1267 = CARTESIAN_POINT ( 'NONE',  ( 1.542671860152381000, -0.2417281574833466400, 0.1201085968268148100 ) ) ;
#1268 = CARTESIAN_POINT ( 'NONE',  ( 0.7097490407677034000, 2.454894874700538600, -0.5543614654999777800 ) ) ;
#1269 = VERTEX_POINT ( 'NONE', #1586 ) ;
#1270 = CARTESIAN_POINT ( 'NONE',  ( -1.639108404700675600, -1.953413329953395100, 0.3996996996996993700 ) ) ;
#1271 = EDGE_LOOP ( 'NONE', ( #1354, #503, #632, #1430 ) ) ;
#1272 = CARTESIAN_POINT ( 'NONE',  ( 2.204491049219118500, 1.292672487175798400, -0.5572269988659205300 ) ) ;
#1273 = CARTESIAN_POINT ( 'NONE',  ( 0.05589363948093134500, 2.554869716168791400, -0.1881403075184728500 ) ) ;
#1274 = CARTESIAN_POINT ( 'NONE',  ( 0.8147593806277087000, 1.203078446701431700, -0.5223464791746995600 ) ) ;
#1275 = CARTESIAN_POINT ( 'NONE',  ( -1.953413329953395100, 1.639108404700675600, 0.5998998998999001100 ) ) ;
#1276 = CARTESIAN_POINT ( 'NONE',  ( 0.01317486170690550100, 1.937272344739370900, -0.6937508600945938600 ) ) ;
#1277 = CARTESIAN_POINT ( 'NONE',  ( 2.204174888477729700, -1.083242507052442300, -0.4313891777764295400 ) ) ;
#1278 = CARTESIAN_POINT ( 'NONE',  ( -0.02065283002127141600, 1.551318322796243700, 0.1000000000000020900 ) ) ;
#1279 = CARTESIAN_POINT ( 'NONE',  ( 1.432445960635027900, 0.2922422837422534200, -0.4235036075971815900 ) ) ;
#1280 = CARTESIAN_POINT ( 'NONE',  ( 1.274472398526647100, -2.448238698887761400, -0.3504504504504494200 ) ) ;
#1281 = CARTESIAN_POINT ( 'NONE',  ( 0.9148381612140759100, 2.279197159115733400, -0.6413699724271826300 ) ) ;
#1282 = CARTESIAN_POINT ( 'NONE',  ( -0.2321880887901663900, -1.444102541522506800, -0.1788036265928677500 ) ) ;
#1283 = CARTESIAN_POINT ( 'NONE',  ( 0.03240325002850567800, 1.449658667137280900, -0.09798702097908856800 ) ) ;
#1284 = CARTESIAN_POINT ( 'NONE',  ( 1.380784347601355000, 0.7147448115003955900, -0.5600305840458632600 ) ) ;
#1285 = CARTESIAN_POINT ( 'NONE',  ( -0.1984303540576309300, 2.542380179256161100, 0.7011543335586795100 ) ) ;
#1286 = CARTESIAN_POINT ( 'NONE',  ( 1.082402885095265400, 1.111885945333324500, -0.0008644609278565440400 ) ) ;
#1287 = CARTESIAN_POINT ( 'NONE',  ( -0.4288981168783052000, -1.397791832026786100, 0.2384958874709624800 ) ) ;
#1288 = CARTESIAN_POINT ( 'NONE',  ( 0.6014157083325349900, -1.322890101659751200, -0.3547925050445248600 ) ) ;
#1289 = CARTESIAN_POINT ( 'NONE',  ( 2.511936571831720100, 0.4693364014930874700, -0.01323214577546167100 ) ) ;
#1290 = CARTESIAN_POINT ( 'NONE',  ( -1.501441862466750300, 0.4038678230082710700, -0.06539793349649755700 ) ) ;
#1291 = CARTESIAN_POINT ( 'NONE',  ( -0.5192099147557404100, 2.497946675124154600, 0.5847645326481785100 ) ) ;
#1292 = CARTESIAN_POINT ( 'NONE',  ( 0.7368821002297700800, -1.365442896071825900, 0.2378692828355429800 ) ) ;
#1293 = CARTESIAN_POINT ( 'NONE',  ( -2.888907988335518600E-016, 1.450000000000000200, 0.6012716106003878100 ) ) ;
#1294 = SECURITY_CLASSIFICATION ( '', '', #27 ) ;
#1295 = CARTESIAN_POINT ( 'NONE',  ( 1.400417539195948400, -0.4211189399728383400, -0.4636841068678640400 ) ) ;
#1296 = CARTESIAN_POINT ( 'NONE',  ( 1.389518534837635300, 0.4251339955165062100, -0.03676917918219906000 ) ) ;
#1297 = CARTESIAN_POINT ( 'NONE',  ( 1.217744351787284600, 0.9666502353335566500, -0.5849679556908333700 ) ) ;
#1298 = CARTESIAN_POINT ( 'NONE',  ( 0.1076371457653832900, 1.473860784267999200, -0.6602815602816880500 ) ) ;
#1299 = CARTESIAN_POINT ( 'NONE',  ( -0.2371027437721407700, -1.543417907131471500, 0.3199226150310287000 ) ) ;
#1300 = CARTESIAN_POINT ( 'NONE',  ( -0.7708793176295728500, -1.242385076372667200, 0.2723485472430792200 ) ) ;
#1301 = CARTESIAN_POINT ( 'NONE',  ( -2.352817924302160500, -0.9972049453454862000, 0.3593497532406236800 ) ) ;
#1302 = CARTESIAN_POINT ( 'NONE',  ( -1.476627428518166200, -0.4869343002452999900, -0.1387977668040548700 ) ) ;
#1303 = CARTESIAN_POINT ( 'NONE',  ( 1.388877468040399200, -0.4565466047432948900, -0.3583454224656331100 ) ) ;
#1304 = CARTESIAN_POINT ( 'NONE',  ( -0.2207345175385773400, 1.535884304109280500, 0.6840102088302556500 ) ) ;
#1305 = CARTESIAN_POINT ( 'NONE',  ( 1.025304832720494600, -1.025304832720494300, -0.4005005005004996800 ) ) ;
#1306 = CARTESIAN_POINT ( 'NONE',  ( -1.149064057274421300, 0.9038750256544619800, 0.4866235271223299200 ) ) ;
#1307 = CARTESIAN_POINT ( 'NONE',  ( -0.2406365998997033200, -1.442804046550314200, -0.2799901322692195400 ) ) ;
#1308 = DIRECTION ( 'NONE',  ( -0.1997336668536844100, 0.9798502244349294200, 0.0000000000000000000 ) ) ;
#1309 = CARTESIAN_POINT ( 'NONE',  ( -0.4071277423887693600, 1.394955274753890700, 0.06428622530180339000 ) ) ;
#1310 = CARTESIAN_POINT ( 'NONE',  ( 1.436671310229113300, -0.2706981808285043900, -0.3755253841399996400 ) ) ;
#1311 = PERSON_AND_ORGANIZATION ( #710, #961 ) ;
#1312 = CARTESIAN_POINT ( 'NONE',  ( -0.7996297650262240700, -1.329682736943056400, 0.3707448095333775700 ) ) ;
#1313 = CARTESIAN_POINT ( 'NONE',  ( 0.6006096654409878200, -1.450000000000000400, 0.2495495495495481900 ) ) ;
#1314 = ORIENTED_EDGE ( 'NONE', *, *, #653, .T. ) ;
#1315 = APPROVAL_ROLE ( '' ) ;
#1316 = CARTESIAN_POINT ( 'NONE',  ( 1.175530739511640300, 0.8542418266327840300, -0.5811521571426044900 ) ) ;
#1317 = CARTESIAN_POINT ( 'NONE',  ( -0.1112294377815896700, 2.547572965033738400, -0.1961826844883879900 ) ) ;
#1318 = CARTESIAN_POINT ( 'NONE',  ( 1.450000000000000600, 1.131100815553771700E-016, -0.5006006006005999700 ) ) ;
#1319 = CARTESIAN_POINT ( 'NONE',  ( -1.395450423489163600, 0.4372416076774669500, -0.06176851639039443500 ) ) ;
#1320 = CARTESIAN_POINT ( 'NONE',  ( -0.9204270510565332200, 2.384041689014780600, 0.5637849783219437400 ) ) ;
#1321 = CARTESIAN_POINT ( 'NONE',  ( 0.1667863921607701500, -1.552739995113628300, 0.2879545893280406300 ) ) ;
#1322 = CARTESIAN_POINT ( 'NONE',  ( -0.6006096654409878200, -1.450000000000000400, 0.3496496496496485600 ) ) ;
#1323 = CARTESIAN_POINT ( 'NONE',  ( -2.448238698887761400, -1.274472398526647700, 0.4497497497497495700 ) ) ;
#1324 = CARTESIAN_POINT ( 'NONE',  ( 0.1105422111765304900, 1.459609160893978700, -0.1382681131323588700 ) ) ;
#1325 = CARTESIAN_POINT ( 'NONE',  ( 1.450000000000000600, -0.6006096654409887000, -0.4505505505505497700 ) ) ;
#1326 = CARTESIAN_POINT ( 'NONE',  ( -0.9761765782969134000, 1.210225039434604600, 0.01464444547411924800 ) ) ;
#1327 = CARTESIAN_POINT ( 'NONE',  ( -2.413548709464969900, -0.4475227857252757100, 0.4874719004044513700 ) ) ;
#1328 = CARTESIAN_POINT ( 'NONE',  ( -0.2130604419175833000, 2.495228504136371800, 0.1149924255358725200 ) ) ;
#1329 = CARTESIAN_POINT ( 'NONE',  ( 1.412524850328571700, 0.6499938344478251000, -0.5539595721089813900 ) ) ;
#1330 = CARTESIAN_POINT ( 'NONE',  ( -1.410199131572507300, -2.130979855236467400, 0.2850411212864375500 ) ) ;
#1331 = CARTESIAN_POINT ( 'NONE',  ( 0.6006096654409881500, -1.450000000000000600, -0.3504504504504494800 ) ) ;
#1332 = CARTESIAN_POINT ( 'NONE',  ( -1.493401377255993100, 0.4671685788503260900, -0.06019033421030803300 ) ) ;
#1333 = CARTESIAN_POINT ( 'NONE',  ( -2.334022493142872800, -0.7600919349876511500, 0.4706887390809874100 ) ) ;
#1334 = CARTESIAN_POINT ( 'NONE',  ( -0.1036987886735916800, 2.510629227231050200, -0.1179533143631905100 ) ) ;
#1335 = B_SPLINE_CURVE_WITH_KNOTS ( 'NONE', 3,
 ( #447, #582, #1358, #465, #733, #1237, #213, #224, #1365, #858, #346, #1481, #872, #603, #863, #1611, #340, #1246, #459, #73, #746, #82, #333, #1498, #729, #1606, #984, #599, #219, #1494, #1615, #993, #741, #1620, #998, #1122, #1250, #1135, #1387, #627, #757, #1064, #686, #636, #18, #716, #1095, #318, #699, #1016, #1616, #214, #341, #1372, #1123, #605, #742, #1630 ),
 .UNSPECIFIED., .F., .F.,
 ( 4, 2, 2, 2, 2, 2, 2, 2, 2, 2, 2, 2, 2, 2, 2, 2, 2, 2, 2, 2, 2, 2, 2, 2, 2, 2, 2, 2, 4 ),
 ( 2.945076205392536400E-015, 0.0004824318493130284000, 0.0009648636986231117800, 0.001929727397243279300, 0.002412159246553363300, 0.002894591095863447600, 0.003377022945173531800, 0.003859454794483615200, 0.004824318493103781900, 0.005306750342413866200, 0.005789182191723950400, 0.006271614041034034700, 0.006754045890344118900, 0.007236477739654202300, 0.007718909588964286600, 0.008201341438274370800, 0.008683773287584455000, 0.009166205136894535800, 0.009648636986204620100, 0.01061350068482478900, 0.01109593253413487300, 0.01157836438344495500, 0.01206079623275503800, 0.01254322808206512200, 0.01350809178068528900, 0.01399052362999537300, 0.01447295547930545600, 0.01495538732861553800, 0.01543781917792562200 ),
 .UNSPECIFIED. ) ;
#1336 = CARTESIAN_POINT ( 'NONE',  ( 0.8371585326802091200, 2.626329171788435200, -0.6503065942392447500 ) ) ;
#1337 = CARTESIAN_POINT ( 'NONE',  ( -0.5251188631314132000, 2.496724105767916600, 0.08521300137532522600 ) ) ;
#1338 = PERSON_AND_ORGANIZATION ( #710, #961 ) ;
#1339 = CARTESIAN_POINT ( 'NONE',  ( -1.419671921607228000, -0.6342846539874010800, -0.1521047115480776400 ) ) ;
#1340 = CARTESIAN_POINT ( 'NONE',  ( -2.182036641462920200, 1.124460296057135700, 0.5714698349100153500 ) ) ;
#1341 = CARTESIAN_POINT ( 'NONE',  ( -0.09984062993252076900, 2.491701933861358900, -0.1049723468268282500 ) ) ;
#1342 = VERTEX_POINT ( 'NONE', #1049 ) ;
#1343 = CARTESIAN_POINT ( 'NONE',  ( -0.9273623032516272700, 2.381321233092879000, 0.06418088803962936100 ) ) ;
#1344 = CARTESIAN_POINT ( 'NONE',  ( -2.375030711309920100, -0.9434089965986320900, 0.3623249416162318000 ) ) ;
#1345 = CARTESIAN_POINT ( 'NONE',  ( -0.09087356961949512300, 2.447711472970873100, -0.09525783928830333600 ) ) ;
#1346 = CARTESIAN_POINT ( 'NONE',  ( -2.097838268960670900, 1.459514710868408600, -0.01108880754654428300 ) ) ;
#1347 = CARTESIAN_POINT ( 'NONE',  ( 1.278619928627317400, -2.212720580931207200, 0.2438089867737581500 ) ) ;
#1348 = CARTESIAN_POINT ( 'NONE',  ( -0.1103197615174742300, 2.543110289784257500, -0.1643609286621405300 ) ) ;
#1349 = CARTESIAN_POINT ( 'NONE',  ( -2.456798840536872600, 0.7032608022379626100, -0.05361669684954661900 ) ) ;
#1350 = CARTESIAN_POINT ( 'NONE',  ( 0.8245582480594373400, -2.436497381196026400, 0.2697658180365091200 ) ) ;
#1351 = CARTESIAN_POINT ( 'NONE',  ( -0.2222471440065292000, 2.540296480133951800, 0.1995591274316193800 ) ) ;
#1352 = B_SPLINE_CURVE_WITH_KNOTS ( 'NONE', 3,
 ( #369, #291, #39, #1217, #1341, #715, #1334, #172, #296, #47, #567, #1348, #1463, #53, #185, #1094 ),
 .UNSPECIFIED., .F., .F.,
 ( 4, 3, 3, 3, 3, 4 ),
 ( 0.0000000000000000000, 3.454232968737720700E-005, 6.908692889066715200E-005, 0.0001035740658361789500, 0.0001377150019660923300, 0.0001583347477645858900 ),
 .UNSPECIFIED. ) ;
#1353 = COORDINATED_UNIVERSAL_TIME_OFFSET ( 6, 0, .BEHIND. ) ;
#1354 = ORIENTED_EDGE ( 'NONE', *, *, #411, .F. ) ;
#1355 = CARTESIAN_POINT ( 'NONE',  ( 0.09477475033368926200, 1.536960917806070800, -0.09179664725935926500 ) ) ;
#1356 = CARTESIAN_POINT ( 'NONE',  ( -0.1812135306288028500, -2.549082198539869700, 0.3192243349020072500 ) ) ;
#1357 = CARTESIAN_POINT ( 'NONE',  ( -0.2220901240710150500, 2.539526174248730500, 0.1851537788277995700 ) ) ;
#1358 = CARTESIAN_POINT ( 'NONE',  ( 0.2302986491986734600, 2.444918418367851400, -0.6788596864478935200 ) ) ;
#1359 = CARTESIAN_POINT ( 'NONE',  ( -1.106560062534880400, -2.192460312250654300, -0.2298131255846032600 ) ) ;
#1360 = CARTESIAN_POINT ( 'NONE',  ( 1.416123188560232600, -2.127239554790505000, 0.1347519565235154000 ) ) ;
#1361 = CARTESIAN_POINT ( 'NONE',  ( -1.452303623337052100, -0.04817773063442015700, 0.4958046806425566700 ) ) ;
#1362 = CARTESIAN_POINT ( 'NONE',  ( -2.373704896062590400, -0.9468033045612580500, -0.1370841242052843700 ) ) ;
#1363 = CARTESIAN_POINT ( 'NONE',  ( 0.8194377583997639600, -2.438216936013399400, 0.1692613527453175600 ) ) ;
#1364 = CARTESIAN_POINT ( 'NONE',  ( -1.205692645806782500, 0.9925365607663504400, 0.5894629898477163900 ) ) ;
#1365 = CARTESIAN_POINT ( 'NONE',  ( 1.881518645352250300, 1.578154745029490400, -0.5795854607900501300 ) ) ;
#1366 = CARTESIAN_POINT ( 'NONE',  ( 0.3246723105852937200, -2.534928996018739800, -0.3053061330460693500 ) ) ;
#1367 = AXIS2_PLACEMENT_3D ( 'NONE', #1399, #1649, #1153 ) ;
#1368 = CARTESIAN_POINT ( 'NONE',  ( 2.351998056705241000, 0.9994117461985730900, 0.05960963392919846300 ) ) ;
#1369 = CARTESIAN_POINT ( 'NONE',  ( -1.510626556692521000, -0.3547584709772870800, 0.4725665338952703700 ) ) ;
#1370 = LINE ( 'NONE', #450, #187 ) ;
#1371 = CARTESIAN_POINT ( 'NONE',  ( -0.2178622541692949400, 2.518785157787460300, 0.6618534951336084700 ) ) ;
#1372 = CARTESIAN_POINT ( 'NONE',  ( -0.9760073489338533200, 2.253479784189635500, 0.05867322503663092300 ) ) ;
#1373 = CARTESIAN_POINT ( 'NONE',  ( 0.4705801815549032200, -2.410349605959047000, -0.3139119789136673400 ) ) ;
#1374 = CARTESIAN_POINT ( 'NONE',  ( 1.716055012849451400, 1.755282244680261000, 0.007940050137258339000 ) ) ;
#1375 = CARTESIAN_POINT ( 'NONE',  ( 1.205190224363698700, -0.9775247896626386700, 0.1883977462229738700 ) ) ;
#1376 = CARTESIAN_POINT ( 'NONE',  ( -0.1842656112681654000, -2.548883905363686300, -0.2806247621274362600 ) ) ;
#1377 = CARTESIAN_POINT ( 'NONE',  ( -0.001139531556654220800, 1.455590295662853900, 0.1687291967125392500 ) ) ;
#1378 = CARTESIAN_POINT ( 'NONE',  ( 0.1502632184500120000, -1.454859517680827400, 0.2870058838837042900 ) ) ;
#1379 = CARTESIAN_POINT ( 'NONE',  ( 2.469813259456825200, -0.6560893732178535400, -0.4565252579535298300 ) ) ;
#1380 = CARTESIAN_POINT ( 'NONE',  ( -0.01361564635755131200, 1.516795419868029800, 0.1054902288785151500 ) ) ;
#1381 = CARTESIAN_POINT ( 'NONE',  ( 0.9228791639283067100, -1.122415853935414800, 0.1126961796388575900 ) ) ;
#1382 = CARTESIAN_POINT ( 'NONE',  ( -0.1666928412557448500, -2.549947557422735000, -0.1819814339271133800 ) ) ;
#1383 = APPROVAL_PERSON_ORGANIZATION ( #63, #1195, #1208 ) ;
#1384 = CARTESIAN_POINT ( 'NONE',  ( 2.532120010567887800, 0.3448727567067718700, -0.5064512109237756500 ) ) ;
#1385 = CARTESIAN_POINT ( 'NONE',  ( 1.469459694259030800, 1.966394390336252200, -0.008107155751192982400 ) ) ;
#1386 = CARTESIAN_POINT ( 'NONE',  ( -1.389904764339731800, -0.4240152131550668500, 0.4625041034245059900 ) ) ;
#1387 = CARTESIAN_POINT ( 'NONE',  ( -2.052463793534938100, -1.376775862271354200, -0.1654538722051466000 ) ) ;
#1388 = CARTESIAN_POINT ( 'NONE',  ( -2.323952433651521200, 1.100319624289687100, 0.06736437772798450900 ) ) ;
#1389 = CARTESIAN_POINT ( 'NONE',  ( -1.025304832720494300, 1.025304832720493900, 0.5998998998998994500 ) ) ;
#1390 = CARTESIAN_POINT ( 'NONE',  ( 2.118700796289420700, 1.242088678925152000, -0.5578453191529629800 ) ) ;
#1391 = CARTESIAN_POINT ( 'NONE',  ( -1.412446168908043400, -0.6424766941525014200, 0.4469632133287817500 ) ) ;
#1392 = CARTESIAN_POINT ( 'NONE',  ( 2.283683289122321500, -1.146703567814038000, -0.3301430091337098600 ) ) ;
#1393 = CARTESIAN_POINT ( 'NONE',  ( -1.450000000000000400, 0.6006096654409875900, 0.5498498498498493000 ) ) ;
#1394 = CARTESIAN_POINT ( 'NONE',  ( 1.736725622843445300, -1.736414618663112900, -0.3904540994553656300 ) ) ;
#1395 = CARTESIAN_POINT ( 'NONE',  ( -0.02065283002127141600, 1.551318322796243700, 0.1000000000000020900 ) ) ;
#1396 = CARTESIAN_POINT ( 'NONE',  ( 0.2331241291648514000, 1.444097181946366200, -0.1798376624946101100 ) ) ;
#1397 = CARTESIAN_POINT ( 'NONE',  ( -2.158573760189629500, 1.397081381535659500, 0.08441018712550825400 ) ) ;
#1398 = CARTESIAN_POINT ( 'NONE',  ( -0.2062797648533643000, 2.541642905408241200, -0.1000405184422500500 ) ) ;
#1399 = CARTESIAN_POINT ( 'NONE',  ( -0.1112294377815888800, 2.547572965033737500, -0.7050406110015878800 ) ) ;
#1400 = CARTESIAN_POINT ( 'NONE',  ( 2.125344321492750800, -1.419105751397059700, -0.4138899384711518000 ) ) ;
#1401 = CARTESIAN_POINT ( 'NONE',  ( 1.414267251454985000, 0.3338074039997639400, -0.02831287093396773300 ) ) ;
#1402 = CARTESIAN_POINT ( 'NONE',  ( -1.542507554500799800, -0.1946135268782553700, -0.1139667576854295200 ) ) ;
#1403 = CARTESIAN_POINT ( 'NONE',  ( -2.555212573747367400, -0.02899091503584735900, 0.008572636345909993200 ) ) ;
#1404 = ORIENTED_EDGE ( 'NONE', *, *, #490, .T. ) ;
#1405 = CARTESIAN_POINT ( 'NONE',  ( 1.450000000000000200, 0.6006096654409884800, 0.04934934934934748200 ) ) ;
#1406 = CARTESIAN_POINT ( 'NONE',  ( -1.446077885313835400, 0.2152659338675836600, 0.4192030051091076300 ) ) ;
#1407 = CC_DESIGN_PERSON_AND_ORGANIZATION_ASSIGNMENT ( #325, #802, ( #1629 ) ) ;
#1408 = CARTESIAN_POINT ( 'NONE',  ( 0.3566999669514878700, -1.523840325112894700, -0.3273408600641903900 ) ) ;
#1409 = CARTESIAN_POINT ( 'NONE',  ( 0.7394212024283805000, -1.367708810373161400, -0.3621766870613224400 ) ) ;
#1410 = CARTESIAN_POINT ( 'NONE',  ( -1.148974391786824000, 0.9039852571499535900, 0.08721105905837688000 ) ) ;
#1411 = CARTESIAN_POINT ( 'NONE',  ( -0.2062755587760117800, 2.541643246770020100, -0.7000403179657647100 ) ) ;
#1412 = CARTESIAN_POINT ( 'NONE',  ( -1.444139779310999800, -0.1603261316288056600, 0.3875479762887829000 ) ) ;
#1413 = CARTESIAN_POINT ( 'NONE',  ( -0.9255858721692749000, -1.120185004671070600, -0.2117749767419715700 ) ) ;
#1414 = CARTESIAN_POINT ( 'NONE',  ( 2.144637265015615600, 1.389372007790891100, -0.06382032925942261700 ) ) ;
#1415 = CARTESIAN_POINT ( 'NONE',  ( -0.1038353338958039100, 2.511299088595625200, -0.6738152923025415600 ) ) ;
#1416 = CARTESIAN_POINT ( 'NONE',  ( 0.6740007470983935300, -1.297663549101994800, -0.2597256204385844400 ) ) ;
#1417 = CARTESIAN_POINT ( 'NONE',  ( -2.226893219457691100, 1.068005468035263300, 0.5678681767978499600 ) ) ;
#1418 = EDGE_CURVE ( 'NONE', #427, #403, #629, .T. ) ;
#1419 = CARTESIAN_POINT ( 'NONE',  ( 0.1332427712059355000, -1.456174813739462100, 0.1895253426026110300 ) ) ;
#1420 = CARTESIAN_POINT ( 'NONE',  ( 0.6864312388256269500, -1.280782138873147500, -0.3633314296325697600 ) ) ;
#1421 = CARTESIAN_POINT ( 'NONE',  ( 1.275324562146751300, 0.6964801836974732200, 0.03544192112576390700 ) ) ;
#1422 = CARTESIAN_POINT ( 'NONE',  ( 0.4882412018915892600, 1.486571945768151900, -0.6589277692764400300 ) ) ;
#1423 = CARTESIAN_POINT ( 'NONE',  ( 1.044373430904954800, -1.010245698864787000, -0.3007107561039703600 ) ) ;
#1424 = CARTESIAN_POINT ( 'NONE',  ( -1.353885541961140200, 0.7773182832717601100, 0.5684367193478381300 ) ) ;
#1425 = CARTESIAN_POINT ( 'NONE',  ( -1.025304832720493900, -1.025304832720494300, 0.3996996996996987100 ) ) ;
#1426 = CARTESIAN_POINT ( 'NONE',  ( -1.257690587809468200, 0.7453223169782196000, 0.4698937543584144100 ) ) ;
#1427 = FACE_OUTER_BOUND ( 'NONE', #940, .T. ) ;
#1428 = CARTESIAN_POINT ( 'NONE',  ( 1.287873397982821400, -0.6729559902247664900, -0.3368467084076698400 ) ) ;
#1429 = CARTESIAN_POINT ( 'NONE',  ( -0.6561295034113510100, -2.469707573766363400, 0.2428986474505977500 ) ) ;
#1430 = ORIENTED_EDGE ( 'NONE', *, *, #653, .F. ) ;
#1431 = CARTESIAN_POINT ( 'NONE',  ( -0.1112294377815897100, 2.547572965033738900, -0.5959285178165625300 ) ) ;
#1432 = CARTESIAN_POINT ( 'NONE',  ( 1.107044532467127200, -0.9411180288695286700, -0.3083715805428969300 ) ) ;
#1433 = CARTESIAN_POINT ( 'NONE',  ( -0.5185315290264614900, 2.399134658547590800, 0.6839486071634537400 ) ) ;
#1434 = CARTESIAN_POINT ( 'NONE',  ( 0.4542422735170925700, 2.429733724137716600, -0.6672305429758367300 ) ) ;
#1435 = CARTESIAN_POINT ( 'NONE',  ( 0.1515564966826897800, -1.454776301470800800, -0.2113723250480415400 ) ) ;
#1436 = CARTESIAN_POINT ( 'NONE',  ( -2.158541406330256200, 1.397154406551653500, 0.4841706975252666500 ) ) ;
#1437 = CARTESIAN_POINT ( 'NONE',  ( -1.240810005690141400, 0.7738195653265255200, 0.07357335317590979500 ) ) ;
#1438 = CARTESIAN_POINT ( 'NONE',  ( -0.2447557998678665800, -1.441612805219640000, -0.1776663001906748900 ) ) ;
#1439 = CARTESIAN_POINT ( 'NONE',  ( -1.473813826022571900, -0.4852242787378537900, 0.4612135556918049400 ) ) ;
#1440 = CARTESIAN_POINT ( 'NONE',  ( -0.07761236155582140700, 2.382654850809181800, -0.09510527264521989600 ) ) ;
#1441 = PERSON_AND_ORGANIZATION_ROLE ( 'creator' ) ;
#1442 = CARTESIAN_POINT ( 'NONE',  ( 0.4121228865867453400, 1.403373528879096500, -0.6647361004386352900 ) ) ;
#1443 = CARTESIAN_POINT ( 'NONE',  ( 0.1130371288187820600, 1.447369633876744800, -0.1682342606370831300 ) ) ;
#1444 = CARTESIAN_POINT ( 'NONE',  ( -1.554241377371280700, -0.04106327047046422200, -0.1018897694686620300 ) ) ;
#1445 = CARTESIAN_POINT ( 'NONE',  ( -1.918483595200394500, 1.531307587136852200, 0.5962789747980877800 ) ) ;
#1446 = CARTESIAN_POINT ( 'NONE',  ( -0.4352447478661142200, -1.499402529897649200, 0.3368445562091920100 ) ) ;
#1447 = CARTESIAN_POINT ( 'NONE',  ( -1.450000000000000400, -0.6006096654409880400, 0.4497497497497489100 ) ) ;
#1448 = CARTESIAN_POINT ( 'NONE',  ( 0.1078580117376268800, 1.472777263518182400, -0.1214226864125866100 ) ) ;
#1449 = CARTESIAN_POINT ( 'NONE',  ( 0.06544754205553594800, 1.551138722796280500, 0.1066911891763604600 ) ) ;
#1450 = CARTESIAN_POINT ( 'NONE',  ( -1.701830940044962000, 1.768928790742637400, 0.6123701314417159300 ) ) ;
#1451 = CARTESIAN_POINT ( 'NONE',  ( -1.735730711335226100, -1.735648484938828700, 0.4097533024770674300 ) ) ;
#1452 = CARTESIAN_POINT ( 'NONE',  ( -1.025304832720494600, 1.025304832720494300, -0.0001001001000982431600 ) ) ;
#1453 = ORIENTED_EDGE ( 'NONE', *, *, #860, .T. ) ;
#1454 = APPLICATION_PROTOCOL_DEFINITION ( 'international standard', 'config_control_design', 1994, #173 ) ;
#1455 = CARTESIAN_POINT ( 'NONE',  ( 1.675770561561372700, -1.929138267798349500, 0.1182679792954577400 ) ) ;
#1456 = CARTESIAN_POINT ( 'NONE',  ( -1.323494732127892900, -0.5999558730316152400, -0.05247227718489299400 ) ) ;
#1457 = CARTESIAN_POINT ( 'NONE',  ( -2.512727083098540000, -0.4657384645916090000, 0.4880946353084373900 ) ) ;
#1458 = CARTESIAN_POINT ( 'NONE',  ( 2.461839915266748900, -0.1976932050109109800, 0.1193845955561826700 ) ) ;
#1459 = CARTESIAN_POINT ( 'NONE',  ( 1.521601701014918300, 0.3652432795673015700, -0.5282771749997480200 ) ) ;
#1460 = CARTESIAN_POINT ( 'NONE',  ( -0.8909992738837929600, 2.288602399598332700, 0.06356486679079564900 ) ) ;
#1461 = CARTESIAN_POINT ( 'NONE',  ( -1.121740199009958900, 0.9383071366044110100, -0.01104192187482873500 ) ) ;
#1462 = CARTESIAN_POINT ( 'NONE',  ( -1.994096451006790400, 1.598167514702126600, 0.4963995311728384700 ) ) ;
#1463 = CARTESIAN_POINT ( 'NONE',  ( -0.1107934629505456000, 2.545434166689046300, -0.1754893871958603500 ) ) ;
#1464 = CARTESIAN_POINT ( 'NONE',  ( -0.1111235720032647400, 1.995148240066976200, 0.7000000000000000700 ) ) ;
#1465 = CARTESIAN_POINT ( 'NONE',  ( -1.375138884023914900, 2.154001628197708100, 0.03842605121847297900 ) ) ;
#1466 = CARTESIAN_POINT ( 'NONE',  ( -2.139887339201502800, -1.202640435521620300, 0.4449338671242550900 ) ) ;
#1467 = CARTESIAN_POINT ( 'NONE',  ( 0.5456908566464658800, 2.409295360186398200, -0.06226403327037399000 ) ) ;
#1468 = CARTESIAN_POINT ( 'NONE',  ( -0.1913831110292771900, 2.443157190635659100, 0.1005385937654620600 ) ) ;
#1469 = CARTESIAN_POINT ( 'NONE',  ( -1.576727738426398700, -2.011266548254910800, 0.2949142794306253100 ) ) ;
#1470 = CARTESIAN_POINT ( 'NONE',  ( -0.2110352665316551600, 2.485293431158037200, 0.1093774978603191400 ) ) ;
#1471 = ORIENTED_EDGE ( 'NONE', *, *, #351, .F. ) ;
#1472 = CARTESIAN_POINT ( 'NONE',  ( -0.03104348992963122700, 2.154198026111576500, -0.09448532685981868300 ) ) ;
#1473 = CARTESIAN_POINT ( 'NONE',  ( -2.400769639896038800, 0.5177475258398714900, -0.06293070999138893100 ) ) ;
#1474 = CARTESIAN_POINT ( 'NONE',  ( 2.125551877574428900, -1.418757612699063500, 0.08534417406489780400 ) ) ;
#1475 = CARTESIAN_POINT ( 'NONE',  ( -0.1507880941413255500, 1.544384962216139000, 0.6897219017710355400 ) ) ;
#1476 = EDGE_CURVE ( 'NONE', #1640, #64, #1370, .T. ) ;
#1477 = B_SPLINE_CURVE_WITH_KNOTS ( 'NONE', 3,
 ( #1564, #159, #286, #1571, #813, #33, #40, #1079, #947, #1073, #424, #54, #829, #966, #329, #69 ),
 .UNSPECIFIED., .F., .F.,
 ( 4, 3, 3, 3, 3, 4 ),
 ( 3.388131789017201400E-021, 3.428221260044591000E-005, 6.859998130996561700E-005, 0.0001023829601901449700, 0.0001354794104669402900, 0.0001556382998591735600 ),
 .UNSPECIFIED. ) ;
#1478 = CARTESIAN_POINT ( 'NONE',  ( -0.7713937028589856700, 2.436164305688869500, 0.1720890679996626400 ) ) ;
#1479 = CARTESIAN_POINT ( 'NONE',  ( -1.510700836809820300, -1.934922773720441100, 0.3947948882633060000 ) ) ;
#1480 = CARTESIAN_POINT ( 'NONE',  ( -0.05000585514726924700, 1.548268502533438200, 0.6976632949158915200 ) ) ;
#1481 = CARTESIAN_POINT ( 'NONE',  ( 2.286808111132955900, 0.8951840597574631800, -0.5372781342723410600 ) ) ;
#1482 = CARTESIAN_POINT ( 'NONE',  ( -1.151221427818859100, -2.281482035996046600, -0.2292009775488980100 ) ) ;
#1483 = CARTESIAN_POINT ( 'NONE',  ( 1.807067598326712400, -1.806969090850114600, 0.1094183742864263800 ) ) ;
#1484 = CARTESIAN_POINT ( 'NONE',  ( -0.3498045096706035600, 1.511733939313531400, 0.6731881304255540300 ) ) ;
#1485 = B_SPLINE_CURVE_WITH_KNOTS ( 'NONE', 3,
 ( #144, #526, #791, #9, #132, #263, #1170, #1298, #1542, #924, #1537, #1051, #408, #538, #905, #125 ),
 .UNSPECIFIED., .F., .F.,
 ( 4, 3, 3, 3, 3, 4 ),
 ( 1.137673607463588000E-014, 3.612694195464204600E-005, 7.224615475166291300E-005, 0.0001084145842851302400, 0.0001436982913266380700, 0.0001620983170875126100 ),
 .UNSPECIFIED. ) ;
#1486 = CARTESIAN_POINT ( 'NONE',  ( 0.09300102327276939300, 1.545662439618123100, -0.09184954494921411500 ) ) ;
#1487 = ADVANCED_FACE ( 'NONE', ( #722 ), #203, .T. ) ;
#1488 = ORIENTED_EDGE ( 'NONE', *, *, #67, .F. ) ;
#1489 = CARTESIAN_POINT ( 'NONE',  ( -2.057282874340571300, -1.341250057486147900, -0.1636503938367777100 ) ) ;
#1490 = CARTESIAN_POINT ( 'NONE',  ( -1.122599831459144300, -0.9227693016711021600, -0.08640603514273494100 ) ) ;
#1491 = ORIENTED_EDGE ( 'NONE', *, *, #351, .T. ) ;
#1492 = CARTESIAN_POINT ( 'NONE',  ( 2.523474308729714500, -0.4964033445767029900, 0.03405522341117879500 ) ) ;
#1493 = CARTESIAN_POINT ( 'NONE',  ( -1.441910013784542200, 0.2435443865897550000, 0.4217080273267122000 ) ) ;
#1494 = CARTESIAN_POINT ( 'NONE',  ( -0.01239142643806470700, -2.455830329930096800, -0.2897121903777916100 ) ) ;
#1495 = CARTESIAN_POINT ( 'NONE',  ( -2.140571660278139700, -1.395853423956916300, -0.1630346252596506200 ) ) ;
#1496 = CARTESIAN_POINT ( 'NONE',  ( 1.827139628973925200, 1.639158263123649900, 0.01616725502899897900 ) ) ;
#1497 = CARTESIAN_POINT ( 'NONE',  ( -1.493929322647502100, 0.4543675479130969700, 0.5387162933130689200 ) ) ;
#1498 = CARTESIAN_POINT ( 'NONE',  ( 1.345845061580173600, -2.054141460723954500, -0.3641453642618970300 ) ) ;
#1499 = CARTESIAN_POINT ( 'NONE',  ( -0.2109139455455068300, 2.484698256606952900, 0.6904239042425335300 ) ) ;
#1500 = CARTESIAN_POINT ( 'NONE',  ( -0.01351300978939053500, -2.455975844035040100, -0.2896575521918716100 ) ) ;
#1501 = CARTESIAN_POINT ( 'NONE',  ( -1.484307340190043500, -0.4523734169282510000, 0.4641130002882216700 ) ) ;
#1502 = CARTESIAN_POINT ( 'NONE',  ( -0.2050767445404804200, 2.456062209389951300, 0.6991324600992651100 ) ) ;
#1503 = CARTESIAN_POINT ( 'NONE',  ( -1.025304832720494600, 1.025304832720494300, -0.0001001001000982567200 ) ) ;
#1504 = CARTESIAN_POINT ( 'NONE',  ( -2.439299832053762900, -0.2847620031641772100, -0.1043461741723771500 ) ) ;
#1505 = CARTESIAN_POINT ( 'NONE',  ( 1.529946203334947600, 2.047031338041576100, -0.007522331724897139900 ) ) ;
#1506 = CARTESIAN_POINT ( 'NONE',  ( 0.6852674642725491400, -1.281360264346208500, 0.1380207287718811800 ) ) ;
#1507 = SHAPE_DEFINITION_REPRESENTATION ( #95, #556 ) ;
#1508 = ORIENTED_EDGE ( 'NONE', *, *, #490, .F. ) ;
#1509 = CARTESIAN_POINT ( 'NONE',  ( 1.360826067339192100, -2.044427243009934200, -0.3650935066706742500 ) ) ;
#1510 = CARTESIAN_POINT ( 'NONE',  ( -0.01743302732535408800, 1.535522666290613400, 0.1009515103190076800 ) ) ;
#1511 = CARTESIAN_POINT ( 'NONE',  ( -0.7676528037026425500, -1.244835627587120000, 0.3707644187889689900 ) ) ;
#1512 = CARTESIAN_POINT ( 'NONE',  ( 2.537275522480076300, 0.3032538588034542300, -0.4049533677229507600 ) ) ;
#1513 = CARTESIAN_POINT ( 'NONE',  ( 1.535344884020337000, 2.043038866929422600, -0.6072140313707571300 ) ) ;
#1514 = CARTESIAN_POINT ( 'NONE',  ( 0.8461721669235127100, -1.181299406822761800, 0.1211377767802947500 ) ) ;
#1515 = CARTESIAN_POINT ( 'NONE',  ( 2.144730219103544200, 1.389205940608768900, -0.4635234570469877200 ) ) ;
#1516 = CARTESIAN_POINT ( 'NONE',  ( 0.8371612942228734400, 2.626326854579004200, -0.6503064234196009900 ) ) ;
#1517 = CARTESIAN_POINT ( 'NONE',  ( 0.9771440171447495200, -2.361349381583962300, -0.2394471130093598100 ) ) ;
#1518 = CARTESIAN_POINT ( 'NONE',  ( -0.8200796976197968200, -1.329059058413895300, 0.3723685627539517500 ) ) ;
#1519 = CARTESIAN_POINT ( 'NONE',  ( -1.458491427457583800, 2.098332555440411500, 0.1328274208438535700 ) ) ;
#1520 = CARTESIAN_POINT ( 'NONE',  ( -0.6006096654409878200, -1.450000000000000400, 0.3496496496496485600 ) ) ;
#1521 = CARTESIAN_POINT ( 'NONE',  ( 2.110496299307812700, 1.440914153228862500, -0.4666857913906227200 ) ) ;
#1522 = ORIENTED_EDGE ( 'NONE', *, *, #127, .T. ) ;
#1523 = CARTESIAN_POINT ( 'NONE',  ( 0.9244595248572363700, 1.133278622099781500, -0.1119417146186021800 ) ) ;
#1524 = ORIENTED_EDGE ( 'NONE', *, *, #1476, .T. ) ;
#1525 = CARTESIAN_POINT ( 'NONE',  ( 1.031779904010119000, 1.023076983968215900, -0.4983739351362701500 ) ) ;
#1526 = CARTESIAN_POINT ( 'NONE',  ( 1.953413329953394700, -1.639108404700675600, -0.4005005005004996200 ) ) ;
#1527 = CARTESIAN_POINT ( 'NONE',  ( -0.006871577684220039400, 2.035615846092624400, -0.6940884689894631900 ) ) ;
#1528 = CARTESIAN_POINT ( 'NONE',  ( 1.268311315220862700, -0.7089467573975721800, 0.06609281360530552800 ) ) ;
#1529 = CARTESIAN_POINT ( 'NONE',  ( 0.5491465129163473100, 2.495627222963952000, -0.1631318335619370300 ) ) ;
#1530 = CARTESIAN_POINT ( 'NONE',  ( 1.318880414501975900, -0.8233765508389147000, -0.4272519533718411300 ) ) ;
#1531 = CARTESIAN_POINT ( 'NONE',  ( -1.922174016125573600, -1.708375689334602500, -0.08290793906145672900 ) ) ;
#1532 = EDGE_CURVE ( 'NONE', #1605, #64, #1610, .T. ) ;
#1533 = CARTESIAN_POINT ( 'NONE',  ( 0.4671569098849859800, 2.529280976589969800, -0.5673748749620333200 ) ) ;
#1534 = CARTESIAN_POINT ( 'NONE',  ( 1.322823338882046500, -0.8172052773392556300, -0.4278582572855702000 ) ) ;
#1535 = CARTESIAN_POINT ( 'NONE',  ( 1.387103156764397400, 0.4330334300427780000, 0.06125550750222660100 ) ) ;
#1536 = CARTESIAN_POINT ( 'NONE',  ( 0.3675194374873258000, -1.520846696256392700, -0.3282783748714500600 ) ) ;
#1537 = CARTESIAN_POINT ( 'NONE',  ( 0.1117288195918923800, 1.453787916331536100, -0.6305714881868221800 ) ) ;
#1538 = CARTESIAN_POINT ( 'NONE',  ( 1.344129602501231000, 2.055374769749235100, -0.6159068688959866700 ) ) ;
#1539 = CARTESIAN_POINT ( 'NONE',  ( 1.063320540314386400, -0.9904554474071435300, -0.4047716757521372400 ) ) ;
#1540 = CARTESIAN_POINT ( 'NONE',  ( 1.253793211355545900, 0.9142284465524372900, 0.02018453660815576500 ) ) ;
#1541 = CARTESIAN_POINT ( 'NONE',  ( -0.4236807431631637300, 1.505951469881489300, 0.06727708508578605900 ) ) ;
#1542 = CARTESIAN_POINT ( 'NONE',  ( 0.1092709471434135400, 1.465845707630379200, -0.6509480195715018300 ) ) ;
#1543 = APPROVAL_PERSON_ORGANIZATION ( #611, #34, #1315 ) ;
#1544 = CARTESIAN_POINT ( 'NONE',  ( -1.501910502573922300, -0.3895548908257044400, 0.4695753700872876700 ) ) ;
#1545 = EDGE_LOOP ( 'NONE', ( #479, #817, #548, #81 ) ) ;
#1546 = CARTESIAN_POINT ( 'NONE',  ( 0.6697860438035873100, -1.289417045022718000, 0.1395899040265026800 ) ) ;
#1547 = CARTESIAN_POINT ( 'NONE',  ( 0.3327006562509834400, -1.424268471248047600, -0.3288999159970469300 ) ) ;
#1548 = CARTESIAN_POINT ( 'NONE',  ( 0.4387262007057145000, 1.498912085440145400, -0.06326737612334727700 ) ) ;
#1549 = CARTESIAN_POINT ( 'NONE',  ( 1.082871741180999400, 1.115572699096785400, -0.6009943043360995700 ) ) ;
#1550 = CARTESIAN_POINT ( 'NONE',  ( -0.7225318567692627900, 1.270993943786740100, 0.1357006433350245200 ) ) ;
#1551 = CARTESIAN_POINT ( 'NONE',  ( 1.366447782002357100, -0.7350184471046155000, 0.1643246117106647000 ) ) ;
#1552 = CARTESIAN_POINT ( 'NONE',  ( -3.794707603699265500E-016, 1.450000000000000600, 0.1000000000000021000 ) ) ;
#1553 = CARTESIAN_POINT ( 'NONE',  ( 0.1310241241485557200, 2.569018752224619700, -0.5835397683574803400 ) ) ;
#1554 = CARTESIAN_POINT ( 'NONE',  ( 1.374175167959620600, -0.7275231953972810500, -0.4364832925757442500 ) ) ;
#1555 = CARTESIAN_POINT ( 'NONE',  ( -2.500837090184093300, -0.5249818200398483900, 0.3843683953917801400 ) ) ;
#1556 = CARTESIAN_POINT ( 'NONE',  ( 0.2946725426002962400, 1.536740070377951900, -0.6756501558545778800 ) ) ;
#1557 = CARTESIAN_POINT ( 'NONE',  ( -1.405318855325697700, 0.4029407853596812500, 0.03701227819768084000 ) ) ;
#1558 = CARTESIAN_POINT ( 'NONE',  ( -1.757559543054243900, 1.713360253507611800, 0.6083666997147187900 ) ) ;
#1559 = CARTESIAN_POINT ( 'NONE',  ( -0.7649486734285004800, -1.235450764441278400, -0.1271951307705354000 ) ) ;
#1560 = CARTESIAN_POINT ( 'NONE',  ( -0.1670622554748645600, -2.549905696170127200, 0.2177643020281373700 ) ) ;
#1561 = CARTESIAN_POINT ( 'NONE',  ( -0.03614145214294035200, 1.551652655788854400, 0.09879291878768033100 ) ) ;
#1562 = CARTESIAN_POINT ( 'NONE',  ( -0.4292813718854277500, -1.397675983969851200, -0.1607244276298139800 ) ) ;
#1563 = CARTESIAN_POINT ( 'NONE',  ( 1.490930050243607400, -0.4629744728117015700, 0.1390850140835472300 ) ) ;
#1564 = CARTESIAN_POINT ( 'NONE',  ( -0.02005177754753833400, 1.548369689195500100, 0.6999999999999998400 ) ) ;
#1565 = CARTESIAN_POINT ( 'NONE',  ( 0.03234748747563717700, 1.449661189857101000, -0.6979911340335692700 ) ) ;
#1566 = CARTESIAN_POINT ( 'NONE',  ( 0.5013374666800394200, -2.522466281577176800, 0.1855718151779251500 ) ) ;
#1567 = ORIENTED_EDGE ( 'NONE', *, *, #589, .F. ) ;
#1568 = CARTESIAN_POINT ( 'NONE',  ( -1.126689234009096400, 0.9322630665357640700, 0.09007262897809981100 ) ) ;
#1569 = CARTESIAN_POINT ( 'NONE',  ( -1.640571144120503300, 1.959374454719093900, 0.5209820600291467100 ) ) ;
#1570 = CARTESIAN_POINT ( 'NONE',  ( -0.1211322266227952600, 1.547017789367963300, 0.6921112142822762900 ) ) ;
#1571 = CARTESIAN_POINT ( 'NONE',  ( -0.01330007068363134800, 1.515247273780354000, 0.6942912214728073100 ) ) ;
#1572 = CARTESIAN_POINT ( 'NONE',  ( 1.422179518302551200, 0.3406838504550675500, -0.5298374309581416200 ) ) ;
#1573 = CARTESIAN_POINT ( 'NONE',  ( 0.1043945574888695500, 1.489768221910044300, -0.1082025572467001100 ) ) ;
#1574 = CARTESIAN_POINT ( 'NONE',  ( -0.1353386271507305800, 1.446756809741240200, 0.1905852425004654100 ) ) ;
#1575 = CARTESIAN_POINT ( 'NONE',  ( -2.446858648690347400, 0.1965371854875944400, 0.5199705699447753100 ) ) ;
#1576 = CARTESIAN_POINT ( 'NONE',  ( 1.598878057115052000, -1.862301180474352100, 0.2191389196627286900 ) ) ;
#1577 = CARTESIAN_POINT ( 'NONE',  ( 1.025304832720494300, 1.025304832720494300, -0.6007007007007002500 ) ) ;
#1578 = CARTESIAN_POINT ( 'NONE',  ( 1.170567079619182500, 0.8609814199528995600, -0.4799682126752457000 ) ) ;
#1579 = CARTESIAN_POINT ( 'NONE',  ( -1.797034489668565500, -1.816866795163525800, 0.3089389984010447200 ) ) ;
#1580 = CARTESIAN_POINT ( 'NONE',  ( -0.1000814908139127800, 2.492883545316289400, -0.6856515795142661400 ) ) ;
#1581 = CARTESIAN_POINT ( 'NONE',  ( -2.359999747953498000, 0.6749412620332491100, 0.5457121449338762100 ) ) ;
#1582 = CARTESIAN_POINT ( 'NONE',  ( 2.415572342719261900, 0.4359002675844101400, 0.08767274818685830100 ) ) ;
#1583 =( GEOMETRIC_REPRESENTATION_CONTEXT ( 3 ) GLOBAL_UNCERTAINTY_ASSIGNED_CONTEXT ( ( #390 ) ) GLOBAL_UNIT_ASSIGNED_CONTEXT ( ( #1584, #412, #278 ) ) REPRESENTATION_CONTEXT ( 'NONE', 'WORKASPACE' ) );
#1584 =( LENGTH_UNIT ( ) NAMED_UNIT ( * ) SI_UNIT ( .MILLI., .METRE. ) );
#1585 = CARTESIAN_POINT ( 'NONE',  ( 0.2412279480950080800, 1.546641424084010500, -0.6801442607628350700 ) ) ;
#1586 = CARTESIAN_POINT ( 'NONE',  ( -0.2222471440065292000, 2.540296480133951800, 0.1995591274316193800 ) ) ;
#1587 = CARTESIAN_POINT ( 'NONE',  ( -0.3218865633575938600, 1.416972424171174500, 0.1740880686003015200 ) ) ;
#1588 = CARTESIAN_POINT ( 'NONE',  ( -2.014763431128670400, 1.402326384675748500, 0.5883246676983259200 ) ) ;
#1589 = CARTESIAN_POINT ( 'NONE',  ( -1.365553521369227100, -2.039569031655607200, 0.3858504263392870100 ) ) ;
#1590 = LOCAL_TIME ( 15, 48, 27.00000000000000000, #1015 ) ;
#1591 = CARTESIAN_POINT ( 'NONE',  ( 0.7552276845019052500, 1.252546339106246400, -0.5289750127756253100 ) ) ;
#1592 = CARTESIAN_POINT ( 'NONE',  ( -0.7663865861818485200, 2.437743821592513800, 0.07284039988577370500 ) ) ;
#1593 = CARTESIAN_POINT ( 'NONE',  ( 2.424914141848842700, -0.4715275205154291200, 0.1339105120906561000 ) ) ;
#1594 = CARTESIAN_POINT ( 'NONE',  ( -0.2022569331536733500, 2.442228823843331400, 0.1000000000000021400 ) ) ;
#1595 = CARTESIAN_POINT ( 'NONE',  ( 1.639108404700675900, 1.953413329953394700, -0.0007007007007019594100 ) ) ;
#1596 = CARTESIAN_POINT ( 'NONE',  ( -0.7362979664682622900, 2.342803571717170000, 0.07222958557830386200 ) ) ;
#1597 = CARTESIAN_POINT ( 'NONE',  ( -1.148671285013910700, -2.282779831470900200, 0.3706558296678945100 ) ) ;
#1598 = CARTESIAN_POINT ( 'NONE',  ( -1.494561120892916800, -1.947222504632623900, 0.3938166623635976400 ) ) ;
#1599 = CARTESIAN_POINT ( 'NONE',  ( -0.1984617365536866200, 2.542377433639912100, 0.1011524085850305500 ) ) ;
#1600 = CARTESIAN_POINT ( 'NONE',  ( 2.524522012613325600, -0.4910843792081061000, 0.1345612176387752100 ) ) ;
#1601 = CARTESIAN_POINT ( 'NONE',  ( -0.2222471440065291200, 2.540296480133951800, 0.1923773958211083000 ) ) ;
#1602 = B_SPLINE_CURVE_WITH_KNOTS ( 'NONE', 3,
 ( #367, #1273, #1044, #1529, #648, #261, #1659, #909, #1162, #130, #1168, #1414, #1039, #384, #389, #1289, #516, #657, #782, #20, #29, #943, #293, #809, #1455, #161, #149, #7, #1566, #531, #1560, #693, #1429, #559, #281, #1330, #949, #1579, #397, #268, #670, #1301, #1075, #1555, #13, #798, #1063, #543, #1177, #922, #1436, #274, #929, #688, #1057, #141, #934, #678, #1069, #288 ),
 .UNSPECIFIED., .F., .F.,
 ( 4, 2, 2, 2, 2, 2, 2, 2, 2, 2, 2, 2, 2, 2, 2, 2, 2, 2, 2, 2, 2, 2, 2, 2, 2, 2, 2, 2, 2, 4 ),
 ( 2.993851102680282900E-019, 0.0005022036494751648400, 0.001004407298950329000, 0.001506610948425493500, 0.002008814597900658100, 0.002511018247375822400, 0.003013221896850987100, 0.003515425546326151800, 0.004017629195801315300, 0.005022036494751644700, 0.005524240144226809900, 0.006026443793701974200, 0.006528647443177138500, 0.007030851092652304500, 0.008035258391602634000, 0.008537462041077798300, 0.009039665690552964300, 0.009541869340028126900, 0.01004407298950329100, 0.01054627663897845500, 0.01104848028845362200, 0.01155068393792878600, 0.01205288758740394800, 0.01255509123687911400, 0.01305729488635427900, 0.01406170218530461100, 0.01456390583477977700, 0.01506610948425494100, 0.01556831313373010900, 0.01607051678320527500 ),
 .UNSPECIFIED. ) ;
#1603 = CARTESIAN_POINT ( 'NONE',  ( -1.434996971067192400, -2.114534238177293400, -0.1132225204954563100 ) ) ;
#1604 = CARTESIAN_POINT ( 'NONE',  ( 0.4959102756136229400, -2.524108063982855500, 0.2864851198156336300 ) ) ;
#1605 = VERTEX_POINT ( 'NONE', #1293 ) ;
#1606 = CARTESIAN_POINT ( 'NONE',  ( 0.9232847535560745300, -2.275650236722839300, -0.3386838903292012100 ) ) ;
#1607 = CARTESIAN_POINT ( 'NONE',  ( -0.5119558974756029900, -2.503720344739548000, -0.1643875494600174600 ) ) ;
#1608 = CARTESIAN_POINT ( 'NONE',  ( 1.739361423247172100, -1.732063050910314500, 0.2092872173919381700 ) ) ;
#1609 = CC_DESIGN_PERSON_AND_ORGANIZATION_ASSIGNMENT ( #1338, #941, ( #436 ) ) ;
#1610 = B_SPLINE_CURVE_WITH_KNOTS ( 'NONE', 3,
 ( #182, #837, #1047, #147, #272, #1306, #1426, #1175, #1406, #394, #1412, #521, #534, #913, #786, #1650, #1300, #1287, #668, #1419, #1043, #907, #1546, #120, #514, #134, #1055, #128, #1528, #5, #920, #1038, #902, #796, #259, #926, #245, #1032, #251, #1160, #570, #675, #41, #541 ),
 .UNSPECIFIED., .F., .F.,
 ( 4, 2, 2, 2, 2, 2, 2, 2, 2, 2, 2, 2, 2, 2, 2, 2, 2, 2, 2, 2, 2, 4 ),
 ( -5.999999996199062200E-008, 0.0005635335900941356200, 0.001127127180188233400, 0.001690720770282331100, 0.002254314360376428200, 0.002536111155423477200, 0.002817907950470525800, 0.003381501540564622900, 0.003945095130658720000, 0.004508688720752817100, 0.005072282310846913300, 0.005354079105893962300, 0.005635875900941011300, 0.005917672695988059400, 0.006199469491035108400, 0.006763063081129206400, 0.007326656671223304300, 0.007608453466270353300, 0.007890250261317403200, 0.008172047056364451300, 0.008453843851411501100, 0.009017437441505599100 ),
 .UNSPECIFIED. ) ;
#1611 = CARTESIAN_POINT ( 'NONE',  ( 2.463074390040013800, -0.1982584646870824100, -0.4805833644222347000 ) ) ;
#1612 = CARTESIAN_POINT ( 'NONE',  ( -1.439222929722918000, -2.111660899720996000, -0.2124947165659341900 ) ) ;
#1613 = CARTESIAN_POINT ( 'NONE',  ( 1.391149399133685600, 2.143642722282831100, -0.01573827262129646700 ) ) ;
#1614 = CARTESIAN_POINT ( 'NONE',  ( -1.544073665233397700, -0.1544061437329415100, 0.4892305454672474200 ) ) ;
#1615 = CARTESIAN_POINT ( 'NONE',  ( -0.1739094351326076500, -2.449619630396249200, -0.2814018265361149500 ) ) ;
#1616 = CARTESIAN_POINT ( 'NONE',  ( -1.642931230335575000, 1.825324115754123800, 0.01656876421946795700 ) ) ;
#1617 = CARTESIAN_POINT ( 'NONE',  ( -1.512942775029603200, -1.934609501602605300, -0.2051028103088857200 ) ) ;
#1618 = CARTESIAN_POINT ( 'NONE',  ( -3.639114781158637700E-016, 1.450000000000000400, 0.1906789887387312400 ) ) ;
#1619 = CARTESIAN_POINT ( 'NONE',  ( -0.2213021630358513500, 2.535660607620362500, 0.1672682857601328900 ) ) ;
#1620 = CARTESIAN_POINT ( 'NONE',  ( -0.9445746868460661600, -2.266855828186679300, -0.2392572849576651000 ) ) ;
#1621 = APPROVAL_PERSON_ORGANIZATION ( #573, #372, #431 ) ;
#1622 = CARTESIAN_POINT ( 'NONE',  ( 0.4949185647173564600, -2.507085845461360500, -0.2140454608549089700 ) ) ;
#1623 = ORIENTED_EDGE ( 'NONE', *, *, #127, .F. ) ;
#1624 = CARTESIAN_POINT ( 'NONE',  ( 2.531268495844783300, 0.3509240688828850200, 0.09326711933395799600 ) ) ;
#1625 = CARTESIAN_POINT ( 'NONE',  ( 0.3321204991238364000, -1.424330177426690500, 0.1723810540524329200 ) ) ;
#1626 = CARTESIAN_POINT ( 'NONE',  ( 1.833617764588225900, 1.633753374459520500, -0.5833937469677715800 ) ) ;
#1627 = CARTESIAN_POINT ( 'NONE',  ( 0.4439405833873969500, 2.430464206501383300, -0.06778289684770846800 ) ) ;
#1628 = CARTESIAN_POINT ( 'NONE',  ( -1.392266906756698000, -0.4161056759944394800, 0.3644777914229406200 ) ) ;
#1629 = PRODUCT_DEFINITION_FORMATION_WITH_SPECIFIED_SOURCE ( 'ANY', '', #436, .NOT_KNOWN. ) ;
#1630 = CARTESIAN_POINT ( 'NONE',  ( -0.2022569331536733500, 2.442228823843331400, 0.1000000000000021400 ) ) ;
#1631 = CARTESIAN_POINT ( 'NONE',  ( 2.455857218228710600, 0.01011575823083878600, -0.4910567787461813700 ) ) ;
#1632 = CARTESIAN_POINT ( 'NONE',  ( 0.9062463221099689200, 2.281293229725182700, -0.04184422025265607100 ) ) ;
#1633 = CARTESIAN_POINT ( 'NONE',  ( -0.9249262997478925300, -1.133018340758942900, 0.3873548156859248900 ) ) ;
#1634 = CARTESIAN_POINT ( 'NONE',  ( -1.838714937639692300, 1.774491939768637400, 0.1078746228884251100 ) ) ;
#1635 = CARTESIAN_POINT ( 'NONE',  ( -0.2147339344723928600, 2.503438297113444600, 0.6783771823227797700 ) ) ;
#1636 = CARTESIAN_POINT ( 'NONE',  ( 1.616789853021438400, -1.848634686310366600, -0.3820217902491155300 ) ) ;
#1637 = CARTESIAN_POINT ( 'NONE',  ( -1.283569253875273700, -0.6811090965721818800, 0.3386439938321322300 ) ) ;
#1638 = FACE_OUTER_BOUND ( 'NONE', #449, .T. ) ;
#1639 = CARTESIAN_POINT ( 'NONE',  ( 0.5497745638168118900, 2.495496407259239400, -0.5628116525157639300 ) ) ;
#1640 = VERTEX_POINT ( 'NONE', #437 ) ;
#1641 = CARTESIAN_POINT ( 'NONE',  ( 2.540296480133952300, 0.2222471440065287600, 0.09939939939939833300 ) ) ;
#1642 = CARTESIAN_POINT ( 'NONE',  ( 2.363118807741801900, -0.9726769898602570800, -0.4393936664269832400 ) ) ;
#1643 = CARTESIAN_POINT ( 'NONE',  ( 1.322711432631636300, -0.8113671134619633300, 0.1716836828899819000 ) ) ;
#1644 = CARTESIAN_POINT ( 'NONE',  ( 2.429925323182756900, 0.7908540556108744100, -0.4295450514888603500 ) ) ;
#1645 = CARTESIAN_POINT ( 'NONE',  ( 2.355100295347943200, 0.9921117508426791100, -0.5399863726433666900 ) ) ;
#1646 = CARTESIAN_POINT ( 'NONE',  ( 1.318836512946039300, 0.6101174351048088700, 0.04414168687710725400 ) ) ;
#1647 = CARTESIAN_POINT ( 'NONE',  ( -2.352821091653442200, -0.9972618915762231400, -0.04036434118659054000 ) ) ;
#1648 = CARTESIAN_POINT ( 'NONE',  ( -1.274472398526648200, 2.448238698887761400, 0.6499499499499502600 ) ) ;
#1649 = DIRECTION ( 'NONE',  ( 0.9798502244349294200, 0.1997336668536843200, 0.0000000000000000000 ) ) ;
#1650 = CARTESIAN_POINT ( 'NONE',  ( -0.9249124627154770000, -1.132630469458666000, 0.2885284432735965600 ) ) ;
#1651 = CARTESIAN_POINT ( 'NONE',  ( 1.408464869353440700, 0.6511142854853132500, 0.04575972240148804000 ) ) ;
#1652 = CARTESIAN_POINT ( 'NONE',  ( -1.551885480074697300, -0.09297969230067963700, -0.1058826207911106700 ) ) ;
#1653 = CARTESIAN_POINT ( 'NONE',  ( -1.444169112951833700, -0.1600624379096409200, -0.01175239065874958400 ) ) ;
#1654 = CARTESIAN_POINT ( 'NONE',  ( 0.09300102327276939300, 1.545662439618123100, -0.09184954494921411500 ) ) ;
#1655 = CARTESIAN_POINT ( 'NONE',  ( -0.02065283002127141600, 1.551318322796243700, 0.1000000000000020900 ) ) ;
#1656 = CARTESIAN_POINT ( 'NONE',  ( -0.2027936561505596100, 2.541925840711374300, -0.6998515642205080900 ) ) ;
#1657 = CC_DESIGN_DATE_AND_TIME_ASSIGNMENT ( #630, #958, ( #229 ) ) ;
#1658 = CARTESIAN_POINT ( 'NONE',  ( -0.9898408159634273200, -1.199014358517851400, -0.2102750347793900800 ) ) ;
#1659 = CARTESIAN_POINT ( 'NONE',  ( 1.173123661781395200, 2.270127757450294500, -0.1291231177158683200 ) ) ;
#1660 = CARTESIAN_POINT ( 'NONE',  ( 1.007455276006386200, 1.184128804304471800, -0.6088313758632197800 ) ) ;
#1661 = CARTESIAN_POINT ( 'NONE',  ( -0.3716520701079675800, 1.404686764979094600, 0.1695307209316182200 ) ) ;
#1662 = CARTESIAN_POINT ( 'NONE',  ( -0.2222471440065292000, 2.540296480133952300, 0.7000000000000004000 ) ) ;
#1663 = CARTESIAN_POINT ( 'NONE',  ( -0.03495273867447402900, 2.173375956003640300, -0.6945613933599008600 ) ) ;
#1664 = CARTESIAN_POINT ( 'NONE',  ( 0.1361615091404674600, 2.569651168452255600, -0.6837297202524544900 ) ) ;
ENDSEC;
END-ISO-10303-21;
