ISO-10303-21;
HEADER;
FILE_DESCRIPTION (( 'STEP AP203' ),
    '1' );
FILE_NAME ('92000A102_Passivated 18-8 Stainless Steel Pan Head Phillips Screws.STEP',
    '2022-12-02T17:32:04',
    ( 'Administrator' ),
    ( 'Managed by Terraform' ),
    'SwSTEP 2.0',
    'SolidWorks 2017',
    '' );
FILE_SCHEMA (( 'CONFIG_CONTROL_DESIGN' ));
ENDSEC;

DATA;
#1 = CARTESIAN_POINT ( 'NONE',  ( 0.0000000000000000000, 8.824749453576962700E-016, 3.049999999999998900 ) ) ;
#2 = EDGE_LOOP ( 'NONE', ( #2397, #1035, #30, #445, #1210 ) ) ;
#3 = ORIENTED_EDGE ( 'NONE', *, *, #736, .F. ) ;
#4 = ORIENTED_EDGE ( 'NONE', *, *, #3672, .F. ) ;
#5 = CARTESIAN_POINT ( 'NONE',  ( 0.8656172031539689500, -0.6241660564952215000, 0.2826556680621121800 ) ) ;
#6 = CARTESIAN_POINT ( 'NONE',  ( -0.2056980069268585800, 1.278769920465367100, 2.823539163165361500 ) ) ;
#7 = CARTESIAN_POINT ( 'NONE',  ( -0.5529378364870428700, 0.9577164262227556600, -0.9312499999999993600 ) ) ;
#8 = DIRECTION ( 'NONE',  ( 0.0000000000000000000, 0.0000000000000000000, 1.000000000000000000 ) ) ;
#9 = CARTESIAN_POINT ( 'NONE',  ( -1.172864355864558200E-016, -0.9577164262227858500, -1.250000000000000200 ) ) ;
#10 = DIRECTION ( 'NONE',  ( 0.9188184237650768300, 0.3805870524817713300, 0.1045284632676537900 ) ) ;
#11 =( BOUNDED_SURFACE ( )  B_SPLINE_SURFACE ( 1, 2, ( 
 ( #333, #3396, #1420, #367, #729, #3102, #3091, #2413, #1355, #2752, #3080, #1071, #3406, #3791, #72, #1374, #4097, #2084, #3447, #3421, #2056, #34, #61, #4109, #2069, #2425, #379, #2101, #1109, #1156, #2295, #3001, #633, #306, #2648, #2665, #2677, #3024, #955, #649, #1292, #241, #1974, #4360, #1274, #969, #1262, #1941, #3037 ),
 ( #2631, #2335, #4375, #936, #2692, #3347, #3639, #915, #1312, #986, #1998, #1604, #3656, #290, #3362, #3687, #2349, #1657, #259, #3315, #3986, #4039, #2986, #597, #3331, #3300, #4343, #1327, #1625, #4003, #3671, #4395, #3704, #4325, #1669, #4053, #2013, #1643, #579, #2970, #1958, #2312, #4023, #272, #617, #2411, #691, #2424, #3078 ) ),
 .UNSPECIFIED., .F., .F., .F. ) 
 B_SPLINE_SURFACE_WITH_KNOTS ( ( 2, 2 ),
 ( 3, 2, 2, 2, 2, 2, 2, 2, 2, 2, 2, 2, 2, 2, 2, 2, 2, 2, 2, 2, 2, 2, 2, 2, 3 ),
 ( 0.0000000000000000000, 1.000000000000000000 ),
 ( 0.0000000000000000000, 0.04166666666666666400, 0.08333333333333332900, 0.1250000000000000000, 0.1666666666666666600, 0.2083333333333333400, 0.2500000000000000000, 0.2916666666666666900, 0.3333333333333333100, 0.3750000000000000000, 0.4166666666666666900, 0.4583333333333333100, 0.5000000000000000000, 0.5416666666666666300, 0.5833333333333333700, 0.6250000000000000000, 0.6666666666666666300, 0.7083333333333333700, 0.7500000000000000000, 0.7916666666666666300, 0.8333333333333333700, 0.8750000000000000000, 0.9166666666666666300, 0.9583333333333333700, 1.000000000000000000 ),
 .UNSPECIFIED. ) 
 GEOMETRIC_REPRESENTATION_ITEM ( )  RATIONAL_B_SPLINE_SURFACE ( (
 ( 1.000000000000000000, 0.8660254037844387100, 1.000000000000000000, 0.8660254037844387100, 1.000000000000000000, 0.8660254037844387100, 1.000000000000000000, 0.8660254037844387100, 1.000000000000000000, 0.8660254037844387100, 1.000000000000000000, 0.8660254037844387100, 1.000000000000000000, 0.8660254037844387100, 1.000000000000000000, 0.8660254037844387100, 1.000000000000000000, 0.8660254037844387100, 1.000000000000000000, 0.8660254037844387100, 1.000000000000000000, 0.8660254037844387100, 1.000000000000000000, 0.8660254037844387100, 1.000000000000000000, 0.8660254037844387100, 1.000000000000000000, 0.8660254037844387100, 1.000000000000000000, 0.8660254037844387100, 1.000000000000000000, 0.8660254037844387100, 1.000000000000000000, 0.8660254037844387100, 1.000000000000000000, 0.8660254037844387100, 1.000000000000000000, 0.8660254037844387100, 1.000000000000000000, 0.8660254037844387100, 1.000000000000000000, 0.8660254037844387100, 1.000000000000000000, 0.8660254037844387100, 1.000000000000000000, 0.8660254037844387100, 1.000000000000000000, 0.8660254037844387100, 1.000000000000000000),
 ( 1.000000000000000000, 0.8660254037844387100, 1.000000000000000000, 0.8660254037844387100, 1.000000000000000000, 0.8660254037844387100, 1.000000000000000000, 0.8660254037844387100, 1.000000000000000000, 0.8660254037844387100, 1.000000000000000000, 0.8660254037844387100, 1.000000000000000000, 0.8660254037844387100, 1.000000000000000000, 0.8660254037844387100, 1.000000000000000000, 0.8660254037844387100, 1.000000000000000000, 0.8660254037844387100, 1.000000000000000000, 0.8660254037844387100, 1.000000000000000000, 0.8660254037844387100, 1.000000000000000000, 0.8660254037844387100, 1.000000000000000000, 0.8660254037844387100, 1.000000000000000000, 0.8660254037844387100, 1.000000000000000000, 0.8660254037844387100, 1.000000000000000000, 0.8660254037844387100, 1.000000000000000000, 0.8660254037844387100, 1.000000000000000000, 0.8660254037844387100, 1.000000000000000000, 0.8660254037844387100, 1.000000000000000000, 0.8660254037844387100, 1.000000000000000000, 0.8660254037844387100, 1.000000000000000000, 0.8660254037844387100, 1.000000000000000000, 0.8660254037844387100, 1.000000000000000000) ) ) 
 REPRESENTATION_ITEM ( '' )  SURFACE ( )  );
#12 = CARTESIAN_POINT ( 'NONE',  ( 0.5529378364870427600, -0.9577164262227860800, -1.212499999999999900 ) ) ;
#13 = EDGE_CURVE ( 'NONE', #104, #2221, #1403, .T. ) ;
#14 = CARTESIAN_POINT ( 'NONE',  ( 1.105875672974086000, -1.543700772633632100E-014, -0.6312499999999994200 ) ) ;
#15 = DIRECTION ( 'NONE',  ( -1.224646799147353200E-016, -1.000000000000000000, 0.0000000000000000000 ) ) ;
#16 = CARTESIAN_POINT ( 'NONE',  ( -0.4317430704595408000, 0.3843201252600526000, 3.006521422144918400 ) ) ;
#17 = CARTESIAN_POINT ( 'NONE',  ( -0.1963367053918571900, 1.301490767954523800, 2.815891418479095100 ) ) ;
#18 = EDGE_CURVE ( 'NONE', #2714, #66, #3916, .T. ) ;
#19 = CARTESIAN_POINT ( 'NONE',  ( -0.8294067547305644700, 0.4788582131113702800, -0.8937499999999993800 ) ) ;
#20 = CARTESIAN_POINT ( 'NONE',  ( 1.313705060252006400, 0.1730352898830078700, 2.812633460563340300 ) ) ;
#21 = CARTESIAN_POINT ( 'NONE',  ( 0.8294067547305642400, -0.4788582131114009800, -1.175000000000000300 ) ) ;
#22 = CIRCLE ( 'NONE', #1693, 0.5774999999999999000 ) ;
#23 = CARTESIAN_POINT ( 'NONE',  ( 0.2192021081799203100, -0.8315053861671573000, 2.952022104113611400 ) ) ;
#24 = CARTESIAN_POINT ( 'NONE',  ( 0.5529378364870435300, 0.9577164262227553200, -1.456249999999999600 ) ) ;
#25 = B_SPLINE_CURVE_WITH_KNOTS ( 'NONE', 3,
 ( #3728, #3685, #984, #4079, #2035, #4052, #17, #4393, #3000, #317, #2708, #4038, #344 ),
 .UNSPECIFIED., .F., .F.,
 ( 4, 3, 3, 3, 4 ),
 ( 0.0000000000000000000, 1.305308377651739400E-005, 2.611023456654425400E-005, 3.908286046974929600E-005, 5.313562888874188300E-005 ),
 .UNSPECIFIED. ) ;
#26 = CARTESIAN_POINT ( 'NONE',  ( 0.8294067547305649100, 0.4788582131113693900, -0.6500000000000001300 ) ) ;
#27 = CARTESIAN_POINT ( 'NONE',  ( -1.082531754730563100, -0.6250000000000232000, -1.550000000000001400 ) ) ;
#28 = CARTESIAN_POINT ( 'NONE',  ( -0.1222308907553046200, -1.269637219277294900, 2.341249999999998700 ) ) ;
#29 = CARTESIAN_POINT ( 'NONE',  ( 0.2018479033757360200, 1.293491522076248400, 2.818480973344252400 ) ) ;
#30 = ORIENTED_EDGE ( 'NONE', *, *, #3356, .F. ) ;
#31 = CARTESIAN_POINT ( 'NONE',  ( 0.0000000000000000000, 1.250000000000001600, -0.7437499999999983600 ) ) ;
#32 = CARTESIAN_POINT ( 'NONE',  ( 0.4849039010973552100, 0.2008537722821500400, 3.049999999999998900 ) ) ;
#33 = CARTESIAN_POINT ( 'NONE',  ( 1.105875672974086000, -1.543700772633632100E-014, -0.6312499999999994200 ) ) ;
#34 = CARTESIAN_POINT ( 'NONE',  ( 1.105875672974086000, -1.554033730001438100E-014, 0.2124999999999998000 ) ) ;
#35 = CIRCLE ( 'NONE', #2578, 3.813281901587956700 ) ;
#36 = CARTESIAN_POINT ( 'NONE',  ( 0.7357503364870424700, -1.274356964481471000, -2.323437500000000700 ) ) ;
#37 = CARTESIAN_POINT ( 'NONE',  ( -0.5529378364870425300, 0.9577164262227562100, -1.437500000000000200 ) ) ;
#38 = CARTESIAN_POINT ( 'NONE',  ( -0.5529378364870433100, -0.9577164262227855200, -1.737500000000000300 ) ) ;
#39 = ORIENTED_EDGE ( 'NONE', *, *, #1336, .T. ) ;
#40 = CARTESIAN_POINT ( 'NONE',  ( 0.1530139639948771300, -1.246116233604791500, 2.341249999999998700 ) ) ;
#41 = CARTESIAN_POINT ( 'NONE',  ( -0.1646778516159243800, -1.306577459481446500, 2.735015816732007100 ) ) ;
#42 = CARTESIAN_POINT ( 'NONE',  ( 0.1946399972873255900, 1.303250588557390600, 2.815344277869460800 ) ) ;
#43 = ORIENTED_EDGE ( 'NONE', *, *, #3664, .F. ) ;
#44 = EDGE_CURVE ( 'NONE', #447, #4225, #1882, .T. ) ;
#45 = VERTEX_POINT ( 'NONE', #890 ) ;
#46 = CONICAL_SURFACE ( 'NONE', #677, 1.300799999999997100, 0.3490658503988666700 ) ;
#47 = CARTESIAN_POINT ( 'NONE',  ( 0.0000000000000000000, 0.9577164262227554300, -0.1250000000000001100 ) ) ;
#48 = CARTESIAN_POINT ( 'NONE',  ( 0.3843201252600484400, 0.4317430704595446300, 3.006521422144918400 ) ) ;
#49 = CARTESIAN_POINT ( 'NONE',  ( 0.0000000000000000000, 1.274356964481440500, -2.135937500000000700 ) ) ;
#50 = CARTESIAN_POINT ( 'NONE',  ( 1.443375672974083400, -1.529923496143223800E-014, -2.262500000000001100 ) ) ;
#51 = EDGE_LOOP ( 'NONE', ( #3326, #1326, #2722, #515 ) ) ;
#52 = CARTESIAN_POINT ( 'NONE',  ( 0.5529378364870435300, 0.9577164262227554300, -1.906249999999999600 ) ) ;
#53 = ORIENTED_EDGE ( 'NONE', *, *, #1999, .T. ) ;
#54 = B_SPLINE_CURVE_WITH_KNOTS ( 'NONE', 3,
 ( #838, #142, #797, #2553, #4201, #2533, #486, #851, #2889, #4216, #4233, #2519, #3213, #1490, #2565, #2215 ),
 .UNSPECIFIED., .F., .F.,
 ( 4, 3, 3, 3, 3, 4 ),
 ( 0.0000000000000000000, 1.219814541772815400E-005, 2.440085787726290400E-005, 3.654123959877653000E-005, 4.866309115787500900E-005, 5.319183929173993400E-005 ),
 .UNSPECIFIED. ) ;
#55 = CARTESIAN_POINT ( 'NONE',  ( -0.2117974061401251000, -0.9813736936542666300, 0.07238343613531077200 ) ) ;
#56 = DIRECTION ( 'NONE',  ( -0.0000000000000000000, -1.224646799147353200E-016, 1.000000000000000000 ) ) ;
#57 = ORIENTED_EDGE ( 'NONE', *, *, #3269, .F. ) ;
#58 = AXIS2_PLACEMENT_3D ( 'NONE', #2318, #3610, #275 ) ;
#59 = CARTESIAN_POINT ( 'NONE',  ( 0.0000000000000000000, 8.824749453576962700E-016, 3.049999999999998900 ) ) ;
#60 = CARTESIAN_POINT ( 'NONE',  ( 0.5529378364870427600, -0.9577164262227861900, -0.3125000000000002800 ) ) ;
#61 = CARTESIAN_POINT ( 'NONE',  ( 0.8294067547305650200, 0.4788582131113693400, 0.2499999999999997800 ) ) ;
#62 = ORIENTED_EDGE ( 'NONE', *, *, #4018, .T. ) ;
#63 = CARTESIAN_POINT ( 'NONE',  ( -0.3843201252600483300, -0.4317430704595454600, 3.006521422144917500 ) ) ;
#64 = CARTESIAN_POINT ( 'NONE',  ( -0.8294067547305645800, -0.4788582131114003100, -0.8750000000000001100 ) ) ;
#65 = CARTESIAN_POINT ( 'NONE',  ( -1.105875672974086000, -1.497326443483808300E-014, -2.206249999999999400 ) ) ;
#66 = VERTEX_POINT ( 'NONE', #2611 ) ;
#67 = CARTESIAN_POINT ( 'NONE',  ( 0.7357503364870423600, -1.274356964481470500, -1.845312499999999200 ) ) ;
#68 = EDGE_CURVE ( 'NONE', #764, #2263, #3572, .T. ) ;
#69 = DIRECTION ( 'NONE',  ( 0.9945218953682732900, 0.0000000000000000000, 0.1045284632676529200 ) ) ;
#70 = CARTESIAN_POINT ( 'NONE',  ( -1.082531754730562600, 0.6249999999999932300, 0.6249999999999987800 ) ) ;
#71 = CARTESIAN_POINT ( 'NONE',  ( -0.1219187516528592600, -1.269361737517583200, 2.338356736074166200 ) ) ;
#72 = CARTESIAN_POINT ( 'NONE',  ( -0.8294067547305645800, 0.4788582131113702200, -0.05000000000000002400 ) ) ;
#73 = VECTOR ( 'NONE', #1615, 1000.000000000000000 ) ;
#74 = CARTESIAN_POINT ( 'NONE',  ( -0.7357503364870433500, -1.274356964481470500, -2.848437500000000200 ) ) ;
#75 = CARTESIAN_POINT ( 'NONE',  ( -1.060162974753653600, 0.2578609882543817000, 0.3480569656451780700 ) ) ;
#76 = CARTESIAN_POINT ( 'NONE',  ( -1.172864355864558400E-016, -0.9577164262227858500, -2.543749999999999700 ) ) ;
#77 = CARTESIAN_POINT ( 'NONE',  ( -1.560637177523351900E-016, -1.274356964481470700, -0.9828124999999990900 ) ) ;
#78 = EDGE_LOOP ( 'NONE', ( #4178, #3904, #462, #2816 ) ) ;
#79 = CARTESIAN_POINT ( 'NONE',  ( -0.1730352898830063200, -1.313705060252006200, 2.812633460563337200 ) ) ;
#80 = ORIENTED_EDGE ( 'NONE', *, *, #2667, .F. ) ;
#81 = VERTEX_POINT ( 'NONE', #2622 ) ;
#82 = CARTESIAN_POINT ( 'NONE',  ( -0.1713891996906138100, -1.280964105558775500, 2.497112667129956200 ) ) ;
#83 = ORIENTED_EDGE ( 'NONE', *, *, #1846, .F. ) ;
#84 = EDGE_LOOP ( 'NONE', ( #3071, #3043, #3613, #2339 ) ) ;
#85 = CARTESIAN_POINT ( 'NONE',  ( 1.471500672974085600, -1.530612359967744800E-014, -2.248437500000000500 ) ) ;
#86 = CARTESIAN_POINT ( 'NONE',  ( -1.086723969196119700, -0.1704938395138109500, 0.3725223786069655200 ) ) ;
#87 = ORIENTED_EDGE ( 'NONE', *, *, #1626, .F. ) ;
#88 = EDGE_CURVE ( 'NONE', #3695, #506, #2234, .T. ) ;
#89 = CARTESIAN_POINT ( 'NONE',  ( -1.310529449368928300, -0.2057007486032275100, 2.823565248473419900 ) ) ;
#90 = LINE ( 'NONE', #2504, #3173 ) ;
#91 = EDGE_LOOP ( 'NONE', ( #43, #2864, #2704, #2270, #2951, #1578, #1241, #153, #392, #1984 ) ) ;
#92 = CARTESIAN_POINT ( 'NONE',  ( 1.103625504730563900, -0.6371784822407435800, -0.4578124999999992300 ) ) ;
#93 = CARTESIAN_POINT ( 'NONE',  ( -0.1734033168550221900, 0.7582240929255365000, 2.341249999999998700 ) ) ;
#94 = CARTESIAN_POINT ( 'NONE',  ( 0.2056980069268673800, -1.278769920465366200, 2.823539163165360100 ) ) ;
#95 = CARTESIAN_POINT ( 'NONE',  ( 1.268912403754338000, -0.1267577984744929500, 2.341249999999998700 ) ) ;
#96 = CARTESIAN_POINT ( 'NONE',  ( 0.0000000000000000000, 0.9577164262227557700, -2.825000000000000200 ) ) ;
#97 = ADVANCED_FACE ( 'NONE', ( #3523 ), #3793, .T. ) ;
#98 = EDGE_CURVE ( 'NONE', #1927, #2712, #1524, .T. ) ;
#99 = DIRECTION ( 'NONE',  ( 0.0000000000000000000, -1.224646799147353200E-016, 1.000000000000000000 ) ) ;
#100 = ORIENTED_EDGE ( 'NONE', *, *, #995, .F. ) ;
#101 = CARTESIAN_POINT ( 'NONE',  ( -1.082531754730562800, 0.6249999999999934500, -2.525000000000001700 ) ) ;
#102 = CARTESIAN_POINT ( 'NONE',  ( 0.0000000000000000000, 0.9577164262227554300, -0.1250000000000000000 ) ) ;
#103 = EDGE_LOOP ( 'NONE', ( #240, #235, #4128, #1253, #4034, #656, #555, #2431, #570 ) ) ;
#104 = VERTEX_POINT ( 'NONE', #1929 ) ;
#105 = AXIS2_PLACEMENT_3D ( 'NONE', #376, #56, #1397 ) ;
#106 = CARTESIAN_POINT ( 'NONE',  ( 0.8294067547305643600, -0.4788582131114008700, -2.468749999999999600 ) ) ;
#107 = CARTESIAN_POINT ( 'NONE',  ( -0.2008537722821453200, 0.4849039010973569800, 3.049999999999998900 ) ) ;
#108 = CARTESIAN_POINT ( 'NONE',  ( -0.2192021081799147600, 0.8315053861671574100, 2.952022104113613200 ) ) ;
#109 = CARTESIAN_POINT ( 'NONE',  ( 0.0000000000000000000, 1.274356964481440500, -1.657812499999999000 ) ) ;
#110 = CARTESIAN_POINT ( 'NONE',  ( -0.1800798480297572700, 1.256121895119496800, 2.579798662772152500 ) ) ;
#111 = CARTESIAN_POINT ( 'NONE',  ( 1.269490774112871800, -0.1237520465792039500, 2.341249999999998700 ) ) ;
#112 = CARTESIAN_POINT ( 'NONE',  ( 0.0000000000000000000, 0.9577164262227556600, -1.475000000000000100 ) ) ;
#113 = VERTEX_POINT ( 'NONE', #2669 ) ;
#114 = AXIS2_PLACEMENT_3D ( 'NONE', #3028, #991, #2041 ) ;
#115 =( BOUNDED_CURVE ( )  B_SPLINE_CURVE ( 2, ( #4156, #3842, #1832, #1097, #4211, #1802, #2180 ),
 .UNSPECIFIED., .F., .T. ) 
 B_SPLINE_CURVE_WITH_KNOTS ( ( 3, 2, 2, 3 ),
 ( 0.3749999999999998300, 0.4166666666666665200, 0.4583333333333333100, 0.5000000000000000000 ),
 .UNSPECIFIED. ) 
 CURVE ( )  GEOMETRIC_REPRESENTATION_ITEM ( )  RATIONAL_B_SPLINE_CURVE ( ( 1.000000000000000400, 0.8660254037844381500, 1.000000000000000000, 0.8660254037844387100, 1.000000000000000000, 0.8660254037844387100, 1.000000000000000000 ) ) 
 REPRESENTATION_ITEM ( '' )  );
#116 = CARTESIAN_POINT ( 'NONE',  ( -0.2295000000000026200, 2.175908435058844500E-015, 3.049999999999998900 ) ) ;
#117 = CARTESIAN_POINT ( 'NONE',  ( -9.541784127918789900E-014, 1.053244496150578900, 0.2698468431120120700 ) ) ;
#118 = CARTESIAN_POINT ( 'NONE',  ( -0.5529378364870433100, -0.9577164262227855200, -2.581249999999998900 ) ) ;
#119 = DIRECTION ( 'NONE',  ( -0.1045058763748857000, -0.02078751127481494700, 0.9943069954385902500 ) ) ;
#120 = CARTESIAN_POINT ( 'NONE',  ( 0.0000000000000000000, 2.070106209874711500E-015, 2.812633460563339800 ) ) ;
#121 = CARTESIAN_POINT ( 'NONE',  ( -0.2056606492992343600, -1.279773948623546700, 2.823183729080887000 ) ) ;
#122 = EDGE_CURVE ( 'NONE', #2500, #3026, #542, .T. ) ;
#123 = CARTESIAN_POINT ( 'NONE',  ( -0.5529378364870433100, -0.9577164262227858500, -0.3312499999999995400 ) ) ;
#124 = CARTESIAN_POINT ( 'NONE',  ( 0.5529378364870435300, 0.9577164262227557700, -2.862499999999999800 ) ) ;
#125 = FACE_OUTER_BOUND ( 'NONE', #541, .T. ) ;
#126 = CARTESIAN_POINT ( 'NONE',  ( 0.8507067466786051300, 0.1550073732554533300, 2.341249999999998700 ) ) ;
#127 = AXIS2_PLACEMENT_3D ( 'NONE', #3944, #889, #3611 ) ;
#128 = CARTESIAN_POINT ( 'NONE',  ( -0.7357503364870431300, -1.274356964481470500, 0.7515624999999992500 ) ) ;
#129 = CARTESIAN_POINT ( 'NONE',  ( -0.5529378364870433100, -0.9577164262227856300, -1.681249999999999700 ) ) ;
#130 = B_SPLINE_CURVE_WITH_KNOTS ( 'NONE', 3,
 ( #642, #1967, #1427, #2048, #1363, #1396, #1065 ),
 .UNSPECIFIED., .F., .F.,
 ( 4, 3, 4 ),
 ( 4.370558682921689100E-019, 0.0002409229286936479400, 0.0004870493230713327900 ),
 .UNSPECIFIED. ) ;
#131 = CARTESIAN_POINT ( 'NONE',  ( -1.233553727824348500, -0.1550073732554536600, 2.341249999999998700 ) ) ;
#132 = CYLINDRICAL_SURFACE ( 'NONE', #879, 1.250000000000000200 ) ;
#133 = CARTESIAN_POINT ( 'NONE',  ( -1.256721695295333300, -0.1469622879822344000, 2.341249999999998700 ) ) ;
#134 = DIRECTION ( 'NONE',  ( -0.0000000000000000000, -1.224646799147353200E-016, 1.000000000000000000 ) ) ;
#135 = CARTESIAN_POINT ( 'NONE',  ( 0.1886186432698154200, -1.263738766901713100, 2.661039872685963600 ) ) ;
#136 = CARTESIAN_POINT ( 'NONE',  ( 1.253078381409132600, -0.1495962689042575100, 2.341249999999998700 ) ) ;
#137 = MANIFOLD_SOLID_BREP ( 'Boss-Extrude1', #1258 ) ;
#138 = ORIENTED_EDGE ( 'NONE', *, *, #2284, .F. ) ;
#139 = ADVANCED_FACE ( 'NONE', ( #2368 ), #1237, .F. ) ;
#140 = ORIENTED_EDGE ( 'NONE', *, *, #18, .F. ) ;
#141 = LINE ( 'NONE', #1549, #2858 ) ;
#142 = CARTESIAN_POINT ( 'NONE',  ( -0.1550073732554517500, -1.237619776296924500, 2.341249999999998700 ) ) ;
#143 = ORIENTED_EDGE ( 'NONE', *, *, #1838, .F. ) ;
#144 = CARTESIAN_POINT ( 'NONE',  ( -0.7357503364870425800, 1.274356964481440100, 0.6015624999999997800 ) ) ;
#145 = ORIENTED_EDGE ( 'NONE', *, *, #826, .F. ) ;
#146 = CARTESIAN_POINT ( 'NONE',  ( -1.029435476791452400, -0.6361425618314700000, 0.6735121870942701900 ) ) ;
#147 = EDGE_CURVE ( 'NONE', #1556, #2263, #286, .T. ) ;
#148 = VERTEX_POINT ( 'NONE', #425 ) ;
#149 = CARTESIAN_POINT ( 'NONE',  ( -0.5529378364870433100, -0.9577164262227859700, 0.1187500000000004800 ) ) ;
#150 = CARTESIAN_POINT ( 'NONE',  ( 0.0000000000000000000, 0.9577164262227556600, -1.446874999999999900 ) ) ;
#151 = ORIENTED_EDGE ( 'NONE', *, *, #1761, .F. ) ;
#152 = EDGE_CURVE ( 'NONE', #81, #1574, #1830, .T. ) ;
#153 = ORIENTED_EDGE ( 'NONE', *, *, #4245, .F. ) ;
#154 = ADVANCED_FACE ( 'NONE', ( #1557 ), #3499, .T. ) ;
#155 = CARTESIAN_POINT ( 'NONE',  ( 0.5529378364870435300, 0.9577164262227554300, -1.906249999999999600 ) ) ;
#156 = CARTESIAN_POINT ( 'NONE',  ( -0.5920592937292252800, -1.074481568068046400, 0.7200513703512597700 ) ) ;
#157 = CARTESIAN_POINT ( 'NONE',  ( 0.8294067547305650200, 0.4788582131113696700, -2.393749999999999800 ) ) ;
#158 = ORIENTED_EDGE ( 'NONE', *, *, #4210, .T. ) ;
#159 = CARTESIAN_POINT ( 'NONE',  ( 1.076924189503871300E-016, 0.1698177346798755100, -0.7492544607789052300 ) ) ;
#160 = CARTESIAN_POINT ( 'NONE',  ( 0.0000000000000000000, 0.9577164262227553200, 0.8312500000000006000 ) ) ;
#161 = CC_DESIGN_APPROVAL ( #2398, ( #2012 ) ) ;
#162 = DIRECTION ( 'NONE',  ( -0.0000000000000000000, -1.224646799147353200E-016, 1.000000000000000000 ) ) ;
#163 = DIRECTION ( 'NONE',  ( -0.07992773943613222500, -0.07992773943613257200, -0.9935910189495774600 ) ) ;
#164 = AXIS2_PLACEMENT_3D ( 'NONE', #32, #2023, #1353 ) ;
#165 = DIRECTION ( 'NONE',  ( -0.0000000000000000000, -1.224646799147353200E-016, 1.000000000000000000 ) ) ;
#166 = CARTESIAN_POINT ( 'NONE',  ( 1.471500672974085600, -1.547145091756233800E-014, -0.8984375000000006700 ) ) ;
#167 = CARTESIAN_POINT ( 'NONE',  ( -0.5529378364870428700, 0.9577164262227556600, -2.731249999999999300 ) ) ;
#168 = LINE ( 'NONE', #590, #73 ) ;
#169 = DIRECTION ( 'NONE',  ( 1.000000000000000000, -1.224646799147353200E-016, -1.499759782661857600E-032 ) ) ;
#170 = EDGE_CURVE ( 'NONE', #1522, #3468, #2688, .T. ) ;
#171 = CARTESIAN_POINT ( 'NONE',  ( 0.5529378364870435300, 0.9577164262227548800, 1.243750000000000600 ) ) ;
#172 = ADVANCED_FACE ( 'NONE', ( #4063 ), #912, .T. ) ;
#173 = ORIENTED_EDGE ( 'NONE', *, *, #3034, .T. ) ;
#174 = CIRCLE ( 'NONE', #2256, 0.1249999999999992500 ) ;
#175 = EDGE_LOOP ( 'NONE', ( #3747, #1093, #300, #3107 ) ) ;
#176 = CARTESIAN_POINT ( 'NONE',  ( 0.0000000000000000000, 1.629509492837581800E-015, -3.050000000000000700 ) ) ;
#177 = DIRECTION ( 'NONE',  ( 0.0000000000000000000, 0.0000000000000000000, 1.000000000000000000 ) ) ;
#178 = CYLINDRICAL_SURFACE ( 'NONE', #105, 1.250000000000000200 ) ;
#179 = CARTESIAN_POINT ( 'NONE',  ( 0.0000000000000000000, 9.982040678771212500E-016, 2.104999999999996900 ) ) ;
#180 = CARTESIAN_POINT ( 'NONE',  ( 0.0000000000000000000, 9.982040678771212500E-016, 2.104999999999996900 ) ) ;
#181 = ORIENTED_EDGE ( 'NONE', *, *, #1052, .F. ) ;
#182 = CARTESIAN_POINT ( 'NONE',  ( -0.8294067547305645800, 0.4788582131113705000, -2.243749999999999000 ) ) ;
#183 = LINE ( 'NONE', #1025, #4019 ) ;
#184 = EDGE_LOOP ( 'NONE', ( #2104, #4011, #1875, #2869 ) ) ;
#185 = CARTESIAN_POINT ( 'NONE',  ( 0.0000000000000000000, 1.250000000000001600, -2.150000000000001700 ) ) ;
#186 = DIRECTION ( 'NONE',  ( -1.000000000000000000, 0.0000000000000000000, 0.0000000000000000000 ) ) ;
#187 = CARTESIAN_POINT ( 'NONE',  ( 0.8294067547305643600, -0.4788582131114011400, 0.2312500000000004600 ) ) ;
#188 = CARTESIAN_POINT ( 'NONE',  ( -1.530808498934212000E-016, -1.250000000000032000, -0.9687499999999982200 ) ) ;
#189 = VERTEX_POINT ( 'NONE', #3816 ) ;
#190 = CIRCLE ( 'NONE', #1672, 3.813281901587955800 ) ;
#191 = CARTESIAN_POINT ( 'NONE',  ( -1.082531754730562800, 0.6249999999999934500, -0.2750000000000013500 ) ) ;
#192 = CARTESIAN_POINT ( 'NONE',  ( 0.1393828212216875500, -1.284705485755387900, 2.500276238872051400 ) ) ;
#193 = ADVANCED_FACE ( 'NONE', ( #1458 ), #1186, .T. ) ;
#194 = CARTESIAN_POINT ( 'NONE',  ( -0.1394679821665039400, 1.284851683570424500, 2.501022143813326900 ) ) ;
#195 = CARTESIAN_POINT ( 'NONE',  ( -1.103625504730564500, -0.6371784822407426900, -1.085937500000000400 ) ) ;
#196 = VERTEX_POINT ( 'NONE', #793 ) ;
#197 = EDGE_CURVE ( 'NONE', #2697, #1576, #1766, .T. ) ;
#198 = CARTESIAN_POINT ( 'NONE',  ( 0.0000000000000000000, 0.9577164262227556600, -1.868749999999999500 ) ) ;
#199 = ORIENTED_EDGE ( 'NONE', *, *, #1920, .T. ) ;
#200 = ORIENTED_EDGE ( 'NONE', *, *, #2073, .T. ) ;
#201 = CARTESIAN_POINT ( 'NONE',  ( 1.269637219277294700, 0.1222308907553058300, 2.341249999999998700 ) ) ;
#202 = CARTESIAN_POINT ( 'NONE',  ( 1.105875672974086000, -1.531990087616785300E-014, -1.587500000000000600 ) ) ;
#203 = DIRECTION ( 'NONE',  ( 0.3805870524817675000, 0.9188184237650786100, -0.1045284632676537200 ) ) ;
#204 = AXIS2_PLACEMENT_3D ( 'NONE', #59, #3456, #3776 ) ;
#205 = ORIENTED_EDGE ( 'NONE', *, *, #1195, .F. ) ;
#206 = CARTESIAN_POINT ( 'NONE',  ( 0.7216878364870424900, 1.250000000000000900, 0.1187500000000017400 ) ) ;
#207 = CARTESIAN_POINT ( 'NONE',  ( 1.082531754730562600, -0.6250000000000243100, -0.05000000000000180000 ) ) ;
#208 = CARTESIAN_POINT ( 'NONE',  ( 0.5921026130410507200, -0.8088587480233095900, -3.025039709491488700 ) ) ;
#209 = CARTESIAN_POINT ( 'NONE',  ( -0.1219187516528475200, 1.269361737517584500, 2.338356736074165700 ) ) ;
#210 = CARTESIAN_POINT ( 'NONE',  ( 0.5529378364870435300, 0.9577164262227553200, -1.456249999999999600 ) ) ;
#211 = AXIS2_PLACEMENT_3D ( 'NONE', #958, #3275, #1925 ) ;
#212 = CARTESIAN_POINT ( 'NONE',  ( 0.8294067547305643600, -0.4788582131114008100, -2.975000000000000100 ) ) ;
#213 = CARTESIAN_POINT ( 'NONE',  ( -1.082531754730563100, -0.6250000000000230900, -2.000000000000001800 ) ) ;
#214 = DIRECTION ( 'NONE',  ( -0.0000000000000000000, 2.449293598294706400E-016, -1.000000000000000000 ) ) ;
#215 = CARTESIAN_POINT ( 'NONE',  ( 0.06171183226972792900, -0.9635339757210016300, -3.049999999999997200 ) ) ;
#216 = ADVANCED_FACE ( 'NONE', ( #391 ), #712, .T. ) ;
#217 = CARTESIAN_POINT ( 'NONE',  ( -0.7216878364870409300, -1.250000000000033100, -2.412500000000000100 ) ) ;
#218 = CARTESIAN_POINT ( 'NONE',  ( -0.7216878364870412700, 1.250000000000002400, -0.7062499999999984900 ) ) ;
#219 = CYLINDRICAL_SURFACE ( 'NONE', #3722, 0.2429999999999999900 ) ;
#220 = CARTESIAN_POINT ( 'NONE',  ( 0.4902707156080755000, 0.3594804923862309800, 3.001276454878520000 ) ) ;
#221 = EDGE_CURVE ( 'NONE', #1256, #3129, #3886, .T. ) ;
#222 = DIRECTION ( 'NONE',  ( 0.3826834323650949400, 0.9238795325112845200, -0.0000000000000000000 ) ) ;
#223 = CARTESIAN_POINT ( 'NONE',  ( 0.5529378364870435300, 0.9577164262227553200, -1.456249999999999600 ) ) ;
#224 = LINE ( 'NONE', #2989, #3216 ) ;
#225 = CARTESIAN_POINT ( 'NONE',  ( -1.253358770130405200, -0.1494142179930924900, 2.341249999999998700 ) ) ;
#226 = EDGE_CURVE ( 'NONE', #345, #2630, #4354, .T. ) ;
#227 = CARTESIAN_POINT ( 'NONE',  ( 0.4725142672080013300, -0.8657918773917495600, 3.037400653050897700 ) ) ;
#228 = FACE_OUTER_BOUND ( 'NONE', #3560, .T. ) ;
#229 = CARTESIAN_POINT ( 'NONE',  ( -0.4927757009516892700, -0.8583622508475495800, -3.050000000000000300 ) ) ;
#230 = CARTESIAN_POINT ( 'NONE',  ( -1.103625504730564300, -0.6371784822407429200, 1.164062499999999300 ) ) ;
#231 = CARTESIAN_POINT ( 'NONE',  ( 0.5529378364870435300, 0.9577164262227553200, -1.512500000000000600 ) ) ;
#232 = CARTESIAN_POINT ( 'NONE',  ( 0.1550073732554517200, 1.233553727824348700, 2.341249999999998700 ) ) ;
#233 = ORIENTED_EDGE ( 'NONE', *, *, #4245, .T. ) ;
#234 = CARTESIAN_POINT ( 'NONE',  ( 0.7216878364870424900, 1.250000000000000900, 0.06249999999999857100 ) ) ;
#235 = ORIENTED_EDGE ( 'NONE', *, *, #3812, .T. ) ;
#236 = CARTESIAN_POINT ( 'NONE',  ( 0.5061608725365854800, 0.9695401632499359700, -2.933105263634910600 ) ) ;
#237 = TOROIDAL_SURFACE ( 'NONE', #1125, 2.346938109739171700, 0.1249999999999992500 ) ;
#238 = CARTESIAN_POINT ( 'NONE',  ( 1.236613112625053200, 0.1549112222113042400, 2.341249999999998700 ) ) ;
#239 = CARTESIAN_POINT ( 'NONE',  ( 0.5529378364870427600, -0.9577164262227859700, -1.606249999999999300 ) ) ;
#240 = ORIENTED_EDGE ( 'NONE', *, *, #3947, .T. ) ;
#241 = CARTESIAN_POINT ( 'NONE',  ( -0.5529378364870433100, -0.9577164262227860800, 0.9624999999999996900 ) ) ;
#242 = CARTESIAN_POINT ( 'NONE',  ( -0.8294067547305646900, -0.4788582131114002500, -1.775000000000000400 ) ) ;
#243 = EDGE_LOOP ( 'NONE', ( #4378, #3908, #4220, #3237 ) ) ;
#244 = CARTESIAN_POINT ( 'NONE',  ( 0.5529378364870435300, 0.9577164262227554300, -2.412500000000000100 ) ) ;
#245 = CARTESIAN_POINT ( 'NONE',  ( -0.1376985440036805600, 1.264748483051133100, 2.341249999999998700 ) ) ;
#246 = DIRECTION ( 'NONE',  ( 0.9238795325112870700, -0.3826834323650891700, 2.648608937964775100E-014 ) ) ;
#247 = CARTESIAN_POINT ( 'NONE',  ( 1.284705428667526400, 0.1393827559464143600, 2.500275633506647800 ) ) ;
#248 = EDGE_LOOP ( 'NONE', ( #413, #1923 ) ) ;
#249 = CARTESIAN_POINT ( 'NONE',  ( -0.7357503364870431300, -1.274356964481470500, 1.201562499999999000 ) ) ;
#250 = AXIS2_PLACEMENT_3D ( 'NONE', #3541, #2844, #2488 ) ;
#251 = CARTESIAN_POINT ( 'NONE',  ( 1.103625504730564100, -0.6371784822407433600, -2.257812499999999600 ) ) ;
#252 = DIRECTION ( 'NONE',  ( 0.9945218953682732900, 0.0000000000000000000, 0.1045284632676529200 ) ) ;
#253 = EDGE_LOOP ( 'NONE', ( #1366, #2854, #4021, #420 ) ) ;
#254 = CARTESIAN_POINT ( 'NONE',  ( -1.266449120544685100, 0.1345445673886463700, 2.341249999999998700 ) ) ;
#255 =( BOUNDED_SURFACE ( )  B_SPLINE_SURFACE ( 1, 2, ( 
 ( #3988, #564, #1275, #897, #3348, #4309, #1314, #3688, #3952, #2971, #2264, #223, #3657, #3287, #1263, #3640, #3038, #987, #650, #2694, #3705, #1714, #1354, #2014, #2038, #7, #19, #4096, #4056, #4066, #4081, #2400, #2382, #33, #662, #1670, #346, #3395, #2710, #2736, #3364, #2000, #1328, #3731, #4396, #1700, #675, #693, #1027 ),
 ( #3420, #2350, #3079, #2055, #3405, #1044, #4376, #307, #1373, #3745, #2412, #366, #2364, #321, #3049, #2751, #1005, #3378, #332, #1340, #3717, #702, #1686, #2024, #3063, #1386, #3090, #2724, #1658, #4040, #1015, #3101, #389, #2442, #2770, #716, #1058, #1401, #1743, #3777, #3433, #2083, #4120, #60, #3766, #1727, #4108, #2068, #47 ) ),
 .UNSPECIFIED., .F., .F., .F. ) 
 B_SPLINE_SURFACE_WITH_KNOTS ( ( 2, 2 ),
 ( 3, 2, 2, 2, 2, 2, 2, 2, 2, 2, 2, 2, 2, 2, 2, 2, 2, 2, 2, 2, 2, 2, 2, 2, 3 ),
 ( 0.0000000000000000000, 1.000000000000000000 ),
 ( 0.0000000000000000000, 0.04166666666666666400, 0.08333333333333332900, 0.1250000000000000000, 0.1666666666666666600, 0.2083333333333333400, 0.2500000000000000000, 0.2916666666666666900, 0.3333333333333333100, 0.3750000000000000000, 0.4166666666666666900, 0.4583333333333333100, 0.5000000000000000000, 0.5416666666666666300, 0.5833333333333333700, 0.6250000000000000000, 0.6666666666666666300, 0.7083333333333333700, 0.7500000000000000000, 0.7916666666666666300, 0.8333333333333333700, 0.8750000000000000000, 0.9166666666666666300, 0.9583333333333333700, 1.000000000000000000 ),
 .UNSPECIFIED. ) 
 GEOMETRIC_REPRESENTATION_ITEM ( )  RATIONAL_B_SPLINE_SURFACE ( (
 ( 1.000000000000000000, 0.8660254037844387100, 1.000000000000000000, 0.8660254037844387100, 1.000000000000000000, 0.8660254037844387100, 1.000000000000000000, 0.8660254037844387100, 1.000000000000000000, 0.8660254037844387100, 1.000000000000000000, 0.8660254037844387100, 1.000000000000000000, 0.8660254037844387100, 1.000000000000000000, 0.8660254037844387100, 1.000000000000000000, 0.8660254037844387100, 1.000000000000000000, 0.8660254037844387100, 1.000000000000000000, 0.8660254037844387100, 1.000000000000000000, 0.8660254037844387100, 1.000000000000000000, 0.8660254037844387100, 1.000000000000000000, 0.8660254037844387100, 1.000000000000000000, 0.8660254037844387100, 1.000000000000000000, 0.8660254037844387100, 1.000000000000000000, 0.8660254037844387100, 1.000000000000000000, 0.8660254037844387100, 1.000000000000000000, 0.8660254037844387100, 1.000000000000000000, 0.8660254037844387100, 1.000000000000000000, 0.8660254037844387100, 1.000000000000000000, 0.8660254037844387100, 1.000000000000000000, 0.8660254037844387100, 1.000000000000000000, 0.8660254037844387100, 1.000000000000000000),
 ( 1.000000000000000000, 0.8660254037844387100, 1.000000000000000000, 0.8660254037844387100, 1.000000000000000000, 0.8660254037844387100, 1.000000000000000000, 0.8660254037844387100, 1.000000000000000000, 0.8660254037844387100, 1.000000000000000000, 0.8660254037844387100, 1.000000000000000000, 0.8660254037844387100, 1.000000000000000000, 0.8660254037844387100, 1.000000000000000000, 0.8660254037844387100, 1.000000000000000000, 0.8660254037844387100, 1.000000000000000000, 0.8660254037844387100, 1.000000000000000000, 0.8660254037844387100, 1.000000000000000000, 0.8660254037844387100, 1.000000000000000000, 0.8660254037844387100, 1.000000000000000000, 0.8660254037844387100, 1.000000000000000000, 0.8660254037844387100, 1.000000000000000000, 0.8660254037844387100, 1.000000000000000000, 0.8660254037844387100, 1.000000000000000000, 0.8660254037844387100, 1.000000000000000000, 0.8660254037844387100, 1.000000000000000000, 0.8660254037844387100, 1.000000000000000000, 0.8660254037844387100, 1.000000000000000000, 0.8660254037844387100, 1.000000000000000000, 0.8660254037844387100, 1.000000000000000000) ) ) 
 REPRESENTATION_ITEM ( '' )  SURFACE ( )  );
#256 = DIRECTION ( 'NONE',  ( 6.306907156265767000E-016, 0.9945218953682734000, 0.1045284632676539600 ) ) ;
#257 = CARTESIAN_POINT ( 'NONE',  ( 0.4061208375672149500, -1.180651087678234600, 0.7948595146743544500 ) ) ;
#258 = CARTESIAN_POINT ( 'NONE',  ( -1.105875672974086000, -1.513859175272297300E-014, -0.8562499999999994000 ) ) ;
#259 = CARTESIAN_POINT ( 'NONE',  ( -1.560637177523351900E-016, -1.274356964481470700, -0.08281249999999944200 ) ) ;
#260 = EDGE_CURVE ( 'NONE', #3638, #1532, #2095, .T. ) ;
#261 = CARTESIAN_POINT ( 'NONE',  ( 0.5529378364870427600, -0.9577164262227860800, -2.562500000000000400 ) ) ;
#262 = DIRECTION ( 'NONE',  ( 0.9945218953682732900, 0.0000000000000000000, -0.1045284632676529300 ) ) ;
#263 = CARTESIAN_POINT ( 'NONE',  ( 0.7712360881032173100, -0.2388190340831481700, 2.963638974742666600 ) ) ;
#264 = CARTESIAN_POINT ( 'NONE',  ( -0.7216878364870422700, -1.250000000000032000, -0.5562499999999983600 ) ) ;
#265 = AXIS2_PLACEMENT_3D ( 'NONE', #3598, #2591, #2927 ) ;
#266 = CARTESIAN_POINT ( 'NONE',  ( -1.560637177523351900E-016, -1.274356964481471000, 1.239062499999999100 ) ) ;
#267 = CARTESIAN_POINT ( 'NONE',  ( 0.8294067547305650200, 0.4788582131113696100, -2.000000000000000000 ) ) ;
#268 =( BOUNDED_CURVE ( )  B_SPLINE_CURVE ( 2, ( #3305, #602, #941, #3554, #932, #2115, #4160 ),
 .UNSPECIFIED., .F., .F. ) 
 B_SPLINE_CURVE_WITH_KNOTS ( ( 3, 2, 2, 3 ),
 ( 0.2500000000000000600, 0.2916666666666666300, 0.3333333333333332600, 0.3749999999999998300 ),
 .UNSPECIFIED. ) 
 CURVE ( )  GEOMETRIC_REPRESENTATION_ITEM ( )  RATIONAL_B_SPLINE_CURVE ( ( 0.9999999999999997800, 0.8660254037844389300, 1.000000000000000000, 0.8660254037844387100, 1.000000000000000000, 0.8660254037844392600, 0.9999999999999994400 ) ) 
 REPRESENTATION_ITEM ( '' )  );
#269 = CARTESIAN_POINT ( 'NONE',  ( 0.7582240929255357200, 0.1734033168550297400, 2.341249999999998700 ) ) ;
#270 = CARTESIAN_POINT ( 'NONE',  ( -1.277206810339321500, 0.1308086706284726200, 2.420759224679403000 ) ) ;
#271 = CARTESIAN_POINT ( 'NONE',  ( -1.172864355864558200E-016, -0.9577164262227859700, -0.2937499999999995100 ) ) ;
#272 = CARTESIAN_POINT ( 'NONE',  ( 0.7357503364870423600, -1.274356964481471200, 0.8546875000000003800 ) ) ;
#273 = CARTESIAN_POINT ( 'NONE',  ( -0.5507194442501810400, -0.8736259791124593200, -2.996911362103994700 ) ) ;
#274 = VECTOR ( 'NONE', #1684, 1000.000000000000100 ) ;
#275 = DIRECTION ( 'NONE',  ( 0.0000000000000000000, -0.9945218953682731800, -0.1045284632676546800 ) ) ;
#276 = CIRCLE ( 'NONE', #3135, 1.275507373255449400 ) ;
#277 = DIRECTION ( 'NONE',  ( 0.0000000000000000000, 0.0000000000000000000, 1.000000000000000000 ) ) ;
#278 = CARTESIAN_POINT ( 'NONE',  ( -1.103625504730564100, 0.6371784822407123800, 1.089062499999999400 ) ) ;
#279 = CARTESIAN_POINT ( 'NONE',  ( -1.471500672974085600, -1.497670875396068800E-014, -1.995312499999999400 ) ) ;
#280 = CARTESIAN_POINT ( 'NONE',  ( 0.0000000000000000000, 0.9577164262227555500, -0.9687499999999993300 ) ) ;
#281 = CARTESIAN_POINT ( 'NONE',  ( -1.530808498934212300E-016, -1.250000000000032200, -1.025000000000001900 ) ) ;
#282 = ORIENTED_EDGE ( 'NONE', *, *, #1082, .F. ) ;
#283 = CARTESIAN_POINT ( 'NONE',  ( -1.034601231686248300, 0.5394662519012843900, -2.862220569197884600 ) ) ;
#284 = ORIENTED_EDGE ( 'NONE', *, *, #2835, .T. ) ;
#285 = EDGE_CURVE ( 'NONE', #2697, #740, #35, .T. ) ;
#286 = CIRCLE ( 'NONE', #3200, 3.815121252037128500 ) ;
#287 = ADVANCED_FACE ( 'NONE', ( #4379 ), #4032, .F. ) ;
#288 = CARTESIAN_POINT ( 'NONE',  ( -1.278769920465364400, -0.2056980069268723700, 2.823539163165360600 ) ) ;
#289 = ORIENTED_EDGE ( 'NONE', *, *, #1953, .F. ) ;
#290 = CARTESIAN_POINT ( 'NONE',  ( -0.7357503364870425800, 1.274356964481440300, -0.2703124999999989600 ) ) ;
#291 = CARTESIAN_POINT ( 'NONE',  ( -1.105875672974086000, -1.502148490255451100E-014, -1.812500000000000200 ) ) ;
#292 = FACE_OUTER_BOUND ( 'NONE', #2, .T. ) ;
#293 = CARTESIAN_POINT ( 'NONE',  ( 1.271286872466284200, 0.1971579831030228500, 2.742286264057520300 ) ) ;
#294 = ORIENTED_EDGE ( 'NONE', *, *, #3116, .F. ) ;
#295 = CIRCLE ( 'NONE', #359, 1.325051771394847300 ) ;
#296 = CARTESIAN_POINT ( 'NONE',  ( 0.1414088078200642400, 1.262171892731056100, 2.341249999999998700 ) ) ;
#297 = DIRECTION ( 'NONE',  ( -0.0000000000000000000, -1.224646799147353200E-016, 1.000000000000000000 ) ) ;
#298 = EDGE_LOOP ( 'NONE', ( #3589, #880 ) ) ;
#299 = CARTESIAN_POINT ( 'NONE',  ( 0.7357503364870424700, -1.274356964481471200, -1.845312499999999200 ) ) ;
#300 = ORIENTED_EDGE ( 'NONE', *, *, #285, .F. ) ;
#301 = CARTESIAN_POINT ( 'NONE',  ( -1.233277472477379600, 0.1547032789631179200, 2.338356736074165700 ) ) ;
#302 = VECTOR ( 'NONE', #3498, 1000.000000000000100 ) ;
#303 = CARTESIAN_POINT ( 'NONE',  ( -0.2056980069268702100, -1.278769920465364600, 2.823539163165360100 ) ) ;
#304 = CARTESIAN_POINT ( 'NONE',  ( -0.1550073732554447000, 0.8507067466786056900, 2.341249999999998700 ) ) ;
#305 = CARTESIAN_POINT ( 'NONE',  ( 1.256721695295333300, 0.1469622879822338200, 2.341249999999998700 ) ) ;
#306 = CARTESIAN_POINT ( 'NONE',  ( 1.105875672974086000, -1.559544640597601000E-014, 0.6624999999999997600 ) ) ;
#307 = CARTESIAN_POINT ( 'NONE',  ( 0.5529378364870427600, -0.9577164262227859700, -1.662500000000000100 ) ) ;
#308 = CARTESIAN_POINT ( 'NONE',  ( 0.3017345607945093900, 1.154198034889727600, 0.6272752391928010400 ) ) ;
#309 = ORIENTED_EDGE ( 'NONE', *, *, #2020, .T. ) ;
#310 = ORIENTED_EDGE ( 'NONE', *, *, #4018, .F. ) ;
#311 = CARTESIAN_POINT ( 'NONE',  ( 0.2060021966001330500, 1.279036433626805600, 2.826433334579993700 ) ) ;
#312 = CARTESIAN_POINT ( 'NONE',  ( -0.7216878364870432700, 1.249999999999998700, -2.562500000000000400 ) ) ;
#313 = CARTESIAN_POINT ( 'NONE',  ( 0.0000000000000000000, 0.9577164262227554300, -0.5750000000000001800 ) ) ;
#314 = EDGE_CURVE ( 'NONE', #1207, #881, #2177, .T. ) ;
#315 =( BOUNDED_CURVE ( )  B_SPLINE_CURVE ( 2, ( #488, #789, #3178, #1129, #3852, #3217, #1809 ),
 .UNSPECIFIED., .F., .F. ) 
 B_SPLINE_CURVE_WITH_KNOTS ( ( 3, 2, 2, 3 ),
 ( 0.5000000000000000000, 0.5416666666666667400, 0.5833333333333332600, 0.6250000000000000000 ),
 .UNSPECIFIED. ) 
 CURVE ( )  GEOMETRIC_REPRESENTATION_ITEM ( )  RATIONAL_B_SPLINE_CURVE ( ( 1.000000000000000000, 0.8660254037844387100, 1.000000000000000000, 0.8660254037844387100, 1.000000000000000000, 0.8660254037844387100, 1.000000000000000000 ) ) 
 REPRESENTATION_ITEM ( '' )  );
#316 = DIRECTION ( 'NONE',  ( -0.0000000000000000000, -1.224646799147353200E-016, 1.000000000000000000 ) ) ;
#317 = CARTESIAN_POINT ( 'NONE',  ( -0.1863148149156759500, 1.309377815923372400, 2.813552226188344100 ) ) ;
#318 = VERTEX_POINT ( 'NONE', #3343 ) ;
#319 = DIRECTION ( 'NONE',  ( -0.3826834323650955500, 0.9238795325112843000, -0.0000000000000000000 ) ) ;
#320 = AXIS2_PLACEMENT_3D ( 'NONE', #4209, #3483, #2489 ) ;
#321 = CARTESIAN_POINT ( 'NONE',  ( -0.5529378364870428700, 0.9577164262227556600, -1.437500000000000000 ) ) ;
#322 = CARTESIAN_POINT ( 'NONE',  ( 0.7079291994081088300, 0.9494235897229446100, 0.6034348166826978300 ) ) ;
#323 = AXIS2_PLACEMENT_3D ( 'NONE', #2905, #1505, #3910 ) ;
#324 = DIRECTION ( 'NONE',  ( 0.1045284632676538300, 0.0000000000000000000, 0.9945218953682734000 ) ) ;
#325 = VECTOR ( 'NONE', #2735, 999.9999999999998900 ) ;
#326 = CARTESIAN_POINT ( 'NONE',  ( 0.8294067547305642400, -0.4788582131114010300, -0.6687499999999994000 ) ) ;
#327 = CARTESIAN_POINT ( 'NONE',  ( 1.280778013935445900, -0.2055793280557979800, 2.822830325031627100 ) ) ;
#328 = LINE ( 'NONE', #1104, #2936 ) ;
#329 = DIRECTION ( 'NONE',  ( 0.0000000000000000000, -1.000000000000000000, -1.140392703988851800E-016 ) ) ;
#330 = DIRECTION ( 'NONE',  ( 0.0000000000000000000, -1.000000000000000000, -3.212450881438537200E-016 ) ) ;
#331 = CARTESIAN_POINT ( 'NONE',  ( 0.3098243501272957000, -1.129122404019855500, -2.857952985080148600 ) ) ;
#332 = CARTESIAN_POINT ( 'NONE',  ( -1.172864355864558200E-016, -0.9577164262227858500, -1.250000000000000200 ) ) ;
#333 = CARTESIAN_POINT ( 'NONE',  ( 0.0000000000000000000, 0.9577164262227555500, -0.5749999999999999600 ) ) ;
#334 = CARTESIAN_POINT ( 'NONE',  ( -1.105875672974086000, -1.513170311447776900E-014, -0.9125000000000000900 ) ) ;
#335 = FACE_OUTER_BOUND ( 'NONE', #1008, .T. ) ;
#336 = CARTESIAN_POINT ( 'NONE',  ( 0.0000000000000000000, 2.070106209874711500E-015, 2.812633460563339800 ) ) ;
#337 = CARTESIAN_POINT ( 'NONE',  ( 0.0000000000000000000, 0.9577164262227555500, -1.025000000000000100 ) ) ;
#338 = CARTESIAN_POINT ( 'NONE',  ( -0.5529378364870425300, 0.9577164262227562100, -1.381249999999999400 ) ) ;
#339 = CARTESIAN_POINT ( 'NONE',  ( -1.443375672974083600, -1.530391907060786900E-014, 0.6624999999999987600 ) ) ;
#340 = CARTESIAN_POINT ( 'NONE',  ( 0.7733092236386764900, -0.2492413902330918000, 3.062801069624937700 ) ) ;
#341 = EDGE_CURVE ( 'NONE', #3026, #1522, #3895, .T. ) ;
#342 = LOCAL_TIME ( 11, 32, 4.000000000000000000, #2899 ) ;
#343 = CARTESIAN_POINT ( 'NONE',  ( 1.256121895119493700, -0.1800798480297733900, 2.579798662772151600 ) ) ;
#344 = CARTESIAN_POINT ( 'NONE',  ( -0.1730352898829944600, 1.313705060252008200, 2.812633460563339800 ) ) ;
#345 = VERTEX_POINT ( 'NONE', #304 ) ;
#346 = CARTESIAN_POINT ( 'NONE',  ( 0.0000000000000000000, 0.9577164262227554300, -0.5187499999999994900 ) ) ;
#347 = CARTESIAN_POINT ( 'NONE',  ( 0.8507067466786050200, -0.1550073732554549100, 2.341249999999998700 ) ) ;
#348 = EDGE_LOOP ( 'NONE', ( #2802, #4176, #998, #1889 ) ) ;
#349 = LINE ( 'NONE', #3251, #3804 ) ;
#350 = EDGE_LOOP ( 'NONE', ( #1047, #2552, #2662, #2954 ) ) ;
#351 = AXIS2_PLACEMENT_3D ( 'NONE', #2990, #277, #943 ) ;
#352 = CARTESIAN_POINT ( 'NONE',  ( 1.278769920465364900, 0.2056980069268716200, 2.823539163165361000 ) ) ;
#353 = CARTESIAN_POINT ( 'NONE',  ( 0.5529378364870427600, -0.9577164262227861900, -0.3125000000000002800 ) ) ;
#354 = CARTESIAN_POINT ( 'NONE',  ( -1.105875672974086000, -1.518681222043940100E-014, -0.4625000000000001300 ) ) ;
#355 = B_SPLINE_CURVE_WITH_KNOTS ( 'NONE', 3,
 ( #3548, #529, #1969, #4319, #3602, #3998, #931, #1616, #2963, #1638, #254, #2244, #4305, #1602, #2643, #3651 ),
 .UNSPECIFIED., .F., .F.,
 ( 4, 3, 3, 3, 3, 4 ),
 ( 0.0000000000000000000, 1.219814541772835100E-005, 2.440085787726322200E-005, 3.654123959877712600E-005, 4.866309115787528000E-005, 5.319183929171259900E-005 ),
 .UNSPECIFIED. ) ;
#356 = CARTESIAN_POINT ( 'NONE',  ( 0.8294067547305649100, 0.4788582131113693400, -0.2000000000000003200 ) ) ;
#357 = CARTESIAN_POINT ( 'NONE',  ( 0.1469622879822297900, -1.256721695295334200, 2.341249999999998700 ) ) ;
#358 = CARTESIAN_POINT ( 'NONE',  ( 0.2049515102569760500, 1.285805685867824600, 2.821070966074695500 ) ) ;
#359 = AXIS2_PLACEMENT_3D ( 'NONE', #4027, #214, #3624 ) ;
#360 = VERTEX_POINT ( 'NONE', #2687 ) ;
#361 = ORIENTED_EDGE ( 'NONE', *, *, #845, .T. ) ;
#362 = ORIENTED_EDGE ( 'NONE', *, *, #4077, .T. ) ;
#363 = CARTESIAN_POINT ( 'NONE',  ( 0.1900795373798125100, -1.307328429416012800, 2.814105755506703100 ) ) ;
#364 = ORIENTED_EDGE ( 'NONE', *, *, #3274, .F. ) ;
#365 = CARTESIAN_POINT ( 'NONE',  ( -0.7216878364870414900, 1.250000000000002900, -2.056249999999998600 ) ) ;
#366 = CARTESIAN_POINT ( 'NONE',  ( 0.5529378364870435300, 0.9577164262227553200, -1.512500000000000600 ) ) ;
#367 = CARTESIAN_POINT ( 'NONE',  ( -1.105875672974086000, -1.518681222043940100E-014, -0.4625000000000001300 ) ) ;
#368 = AXIS2_PLACEMENT_3D ( 'NONE', #179, #1879, #1244 ) ;
#369 = CARTESIAN_POINT ( 'NONE',  ( -1.471500672974085600, -1.486304622291481900E-014, -2.923437499999999900 ) ) ;
#370 = CARTESIAN_POINT ( 'NONE',  ( 1.105875672974086000, -1.537500998212948500E-014, -1.137500000000000000 ) ) ;
#371 = CARTESIAN_POINT ( 'NONE',  ( 0.7216878364870401600, -1.250000000000033800, 0.4187500000000012900 ) ) ;
#372 = CARTESIAN_POINT ( 'NONE',  ( -0.1717217005255079200, -1.248666166248823900, 2.500276201254463700 ) ) ;
#373 = CARTESIAN_POINT ( 'NONE',  ( -1.103625504730564100, 0.6371784822407126100, -0.6828124999999991600 ) ) ;
#374 = EDGE_CURVE ( 'NONE', #3596, #318, #4163, .T. ) ;
#375 = CARTESIAN_POINT ( 'NONE',  ( -1.443375672974083400, -1.502837354079971200E-014, -1.587500000000001500 ) ) ;
#376 = CARTESIAN_POINT ( 'NONE',  ( 0.0000000000000000000, 8.824749453576962700E-016, 3.049999999999998900 ) ) ;
#377 = CARTESIAN_POINT ( 'NONE',  ( 0.1730352898830065400, 1.313705060252006400, 2.812633460563339800 ) ) ;
#378 = CARTESIAN_POINT ( 'NONE',  ( 0.0000000000000000000, 1.250000000000001800, -2.093749999999998200 ) ) ;
#379 = CARTESIAN_POINT ( 'NONE',  ( -0.8294067547305645800, 0.4788582131113701700, 0.3999999999999999700 ) ) ;
#380 = CARTESIAN_POINT ( 'NONE',  ( -1.471500672974085600, -1.497326443483808300E-014, -2.023437500000000400 ) ) ;
#381 = CARTESIAN_POINT ( 'NONE',  ( -1.172864355864558400E-016, -0.9577164262227858500, -2.093749999999999100 ) ) ;
#382 = B_SPLINE_CURVE_WITH_KNOTS ( 'NONE', 3,
 ( #1527, #3897, #3931, #512 ),
 .UNSPECIFIED., .F., .F.,
 ( 4, 4 ),
 ( 0.0000000000000000000, 9.620555409560887800E-005 ),
 .UNSPECIFIED. ) ;
#383 = DIRECTION ( 'NONE',  ( 8.659560562354887300E-017, 0.7071067811865436900, 0.7071067811865513500 ) ) ;
#384 = CARTESIAN_POINT ( 'NONE',  ( -0.8376118198395184900, 0.4643567511321784500, 0.007385628061355903000 ) ) ;
#385 = FACE_OUTER_BOUND ( 'NONE', #1198, .T. ) ;
#386 = VERTEX_POINT ( 'NONE', #629 ) ;
#387 = CARTESIAN_POINT ( 'NONE',  ( -0.7733092236386779300, -0.2492413902330907800, 3.062801069624937700 ) ) ;
#388 = DIRECTION ( 'NONE',  ( 0.0000000000000000000, 1.000000000000000000, 8.334887549857832900E-017 ) ) ;
#389 = CARTESIAN_POINT ( 'NONE',  ( 0.8294067547305642400, -0.4788582131114010300, -0.7250000000000002000 ) ) ;
#390 = DIRECTION ( 'NONE',  ( 0.0000000000000000000, 0.0000000000000000000, 1.000000000000000000 ) ) ;
#391 = FACE_OUTER_BOUND ( 'NONE', #3532, .T. ) ;
#392 = ORIENTED_EDGE ( 'NONE', *, *, #2632, .F. ) ;
#393 = CARTESIAN_POINT ( 'NONE',  ( 0.0000000000000000000, 1.250000000000001600, -2.150000000000001700 ) ) ;
#394 = EDGE_CURVE ( 'NONE', #1887, #1844, #809, .T. ) ;
#395 = CARTESIAN_POINT ( 'NONE',  ( 0.8294067547305643600, -0.4788582131114009800, -1.568749999999999600 ) ) ;
#396 = FACE_OUTER_BOUND ( 'NONE', #4148, .T. ) ;
#397 = CARTESIAN_POINT ( 'NONE',  ( 1.103625504730564500, 0.6371784822407117200, -1.282812499999999200 ) ) ;
#398 = ORIENTED_EDGE ( 'NONE', *, *, #147, .T. ) ;
#399 = CARTESIAN_POINT ( 'NONE',  ( 0.8294067547305642400, -0.4788582131114010300, -0.2187499999999995600 ) ) ;
#400 = ORIENTED_EDGE ( 'NONE', *, *, #314, .T. ) ;
#401 = VERTEX_POINT ( 'NONE', #4372 ) ;
#402 = EDGE_CURVE ( 'NONE', #562, #81, #2873, .T. ) ;
#403 = EDGE_LOOP ( 'NONE', ( #3023, #866, #39, #3805, #504 ) ) ;
#404 =( BOUNDED_CURVE ( )  B_SPLINE_CURVE ( 2, ( #2005, #312, #101, #2496, #3958, #217, #4286 ),
 .UNSPECIFIED., .F., .F. ) 
 B_SPLINE_CURVE_WITH_KNOTS ( ( 3, 2, 2, 3 ),
 ( 0.2500000000000001700, 0.2916666666666668500, 0.3333333333333334300, 0.3750000000000001100 ),
 .UNSPECIFIED. ) 
 CURVE ( )  GEOMETRIC_REPRESENTATION_ITEM ( )  RATIONAL_B_SPLINE_CURVE ( ( 0.9999999999999994400, 0.8660254037844393700, 1.000000000000000000, 0.8660254037844388200, 1.000000000000000000, 0.8660254037844384900, 1.000000000000000400 ) ) 
 REPRESENTATION_ITEM ( '' )  );
#405 = LINE ( 'NONE', #618, #3229 ) ;
#406 = DIRECTION ( 'NONE',  ( -0.02078751127481450300, -0.1045058763748859500, 0.9943069954385902500 ) ) ;
#407 = CARTESIAN_POINT ( 'NONE',  ( -0.1570016517545456100, -1.300044638317453300, 2.663716649046604900 ) ) ;
#408 = CARTESIAN_POINT ( 'NONE',  ( -0.5529378364870433100, -0.9577164262227859700, 0.06249999999999973600 ) ) ;
#409 = AXIS2_PLACEMENT_3D ( 'NONE', #428, #2165, #416 ) ;
#410 = CARTESIAN_POINT ( 'NONE',  ( -1.103625504730564300, 0.6371784822407128300, -1.610937500000000600 ) ) ;
#411 = DIRECTION ( 'NONE',  ( -0.3805870524817673900, -0.9188184237650785000, 0.1045284632676537100 ) ) ;
#412 = CARTESIAN_POINT ( 'NONE',  ( 0.0000000000000000000, 0.9577164262227556600, -1.868749999999999500 ) ) ;
#413 = ORIENTED_EDGE ( 'NONE', *, *, #13, .F. ) ;
#414 = CARTESIAN_POINT ( 'NONE',  ( -1.103625504730564100, 0.6371784822407127200, -1.132812499999999100 ) ) ;
#415 = CARTESIAN_POINT ( 'NONE',  ( 0.0000000000000000000, 1.325051771394848400, 2.812633460563339800 ) ) ;
#416 = DIRECTION ( 'NONE',  ( 0.0000000000000000000, -1.000000000000000000, 0.0000000000000000000 ) ) ;
#417 = ORIENTED_EDGE ( 'NONE', *, *, #1587, .F. ) ;
#418 = CARTESIAN_POINT ( 'NONE',  ( -0.5855751098471072600, 0.5855751098471189100, 3.010953422257076600 ) ) ;
#419 = CARTESIAN_POINT ( 'NONE',  ( -1.105875672974086000, -1.524192132640103600E-014, -0.01250000000000014100 ) ) ;
#420 = ORIENTED_EDGE ( 'NONE', *, *, #2912, .F. ) ;
#421 = DIRECTION ( 'NONE',  ( 0.9945218953682732900, -1.051151192710961300E-016, -0.1045284632676536900 ) ) ;
#422 = CARTESIAN_POINT ( 'NONE',  ( 3.254155711007527000E-013, -1.120917176081784200, 0.4557760031369775300 ) ) ;
#423 = CARTESIAN_POINT ( 'NONE',  ( 1.082531754730563500, 0.6249999999999924500, -0.8750000000000015500 ) ) ;
#424 = CARTESIAN_POINT ( 'NONE',  ( -1.103625504730564300, -0.6371784822407425800, -1.057812499999999200 ) ) ;
#425 = CARTESIAN_POINT ( 'NONE',  ( -1.530808498934212000E-016, -1.250000000000032000, 0.3249999999999984600 ) ) ;
#426 = EDGE_CURVE ( 'NONE', #2319, #1356, #3608, .T. ) ;
#427 = CARTESIAN_POINT ( 'NONE',  ( -0.1550073732554404500, 1.233553727824350000, 2.341249999999998700 ) ) ;
#428 = CARTESIAN_POINT ( 'NONE',  ( 0.0000000000000000000, 8.824749453576962700E-016, 3.049999999999998900 ) ) ;
#429 = CARTESIAN_POINT ( 'NONE',  ( -1.105875672974086000, -1.491126669063125000E-014, -2.712499999999999900 ) ) ;
#430 = VECTOR ( 'NONE', #1130, 1000.000000000000000 ) ;
#431 = CARTESIAN_POINT ( 'NONE',  ( -0.3771492160041142200, -0.3312496991555419200, 2.341249999999998300 ) ) ;
#432 = CARTESIAN_POINT ( 'NONE',  ( 1.105875672974086000, -1.554033730001438100E-014, 0.2124999999999998000 ) ) ;
#433 = CARTESIAN_POINT ( 'NONE',  ( -1.105875672974086000, -1.486304622291481900E-014, -3.106249999999999300 ) ) ;
#434 = CARTESIAN_POINT ( 'NONE',  ( 0.0000000000000000000, -1.249999999999999300, 3.049999999999998900 ) ) ;
#435 = DIRECTION ( 'NONE',  ( 1.000000000000000000, 0.0000000000000000000, 0.0000000000000000000 ) ) ;
#436 = CARTESIAN_POINT ( 'NONE',  ( 0.1130009481935875400, -0.04680652530280160500, -0.7799584642923094200 ) ) ;
#437 = DIRECTION ( 'NONE',  ( 0.0000000000000000000, -1.000000000000000000, 0.0000000000000000000 ) ) ;
#438 = CARTESIAN_POINT ( 'NONE',  ( 1.269248330896096500, -0.1252669885663865700, 2.341249999999998700 ) ) ;
#439 = CARTESIAN_POINT ( 'NONE',  ( 0.2060021965481096100, -1.279036433581233900, 2.826433334085050000 ) ) ;
#440 = ADVANCED_FACE ( 'NONE', ( #1981 ), #3211, .T. ) ;
#441 = FACE_OUTER_BOUND ( 'NONE', #1997, .T. ) ;
#442 = DIRECTION ( 'NONE',  ( -1.000000000000000000, 1.059300969579328700E-014, -0.0000000000000000000 ) ) ;
#443 = CARTESIAN_POINT ( 'NONE',  ( -0.1888999839212761300, -1.264054038521832000, 2.663716650179722500 ) ) ;
#444 = CARTESIAN_POINT ( 'NONE',  ( -0.8294067547305645800, 0.4788582131113702200, -0.05000000000000002400 ) ) ;
#445 = ORIENTED_EDGE ( 'NONE', *, *, #3606, .T. ) ;
#446 = CARTESIAN_POINT ( 'NONE',  ( 0.0000000000000000000, 0.9577164262227556600, -1.418749999999999500 ) ) ;
#447 = VERTEX_POINT ( 'NONE', #3966 ) ;
#448 = EDGE_CURVE ( 'NONE', #1296, #1475, #2580, .T. ) ;
#449 = DIRECTION ( 'NONE',  ( 0.1045284632676537100, 0.0000000000000000000, -0.9945218953682734000 ) ) ;
#450 = ORIENTED_EDGE ( 'NONE', *, *, #1819, .T. ) ;
#451 = CARTESIAN_POINT ( 'NONE',  ( -0.2018479033757359100, -1.293491522076248200, 2.818480973344250200 ) ) ;
#452 = CARTESIAN_POINT ( 'NONE',  ( -1.271286872466281800, 0.1971579831030346200, 2.742286264057521200 ) ) ;
#453 = PLANE ( 'NONE',  #1568 ) ;
#454 =( BOUNDED_CURVE ( )  B_SPLINE_CURVE ( 3, ( #3726, #1707, #1323, #4075 ),
 .UNSPECIFIED., .F., .F. ) 
 B_SPLINE_CURVE_WITH_KNOTS ( ( 4, 4 ),
 ( 2.946332657651817400, 3.336852649527773300 ),
 .UNSPECIFIED. ) 
 CURVE ( )  GEOMETRIC_REPRESENTATION_ITEM ( )  RATIONAL_B_SPLINE_CURVE ( ( 1.000000000000000000, 0.9873315052531757000, 0.9873315052531757000, 1.000000000000000000 ) ) 
 REPRESENTATION_ITEM ( '' )  );
#455 = EDGE_CURVE ( 'NONE', #4084, #682, #3205, .T. ) ;
#456 = CARTESIAN_POINT ( 'NONE',  ( -0.7216878364870422700, -1.250000000000031800, -1.456249999999998000 ) ) ;
#457 = ORIENTED_EDGE ( 'NONE', *, *, #3109, .T. ) ;
#458 = ORIENTED_EDGE ( 'NONE', *, *, #2111, .T. ) ;
#459 = CARTESIAN_POINT ( 'NONE',  ( 1.103625504730563900, -0.6371784822407436900, 0.8640624999999992900 ) ) ;
#460 = ORIENTED_EDGE ( 'NONE', *, *, #3724, .F. ) ;
#461 = ORIENTED_EDGE ( 'NONE', *, *, #2432, .T. ) ;
#462 = ORIENTED_EDGE ( 'NONE', *, *, #3503, .F. ) ;
#463 = ADVANCED_FACE ( 'NONE', ( #2636 ), #911, .T. ) ;
#464 = CARTESIAN_POINT ( 'NONE',  ( -0.8294067547305645800, 0.4788582131113705600, -2.693749999999999600 ) ) ;
#465 = CARTESIAN_POINT ( 'NONE',  ( -9.541784127918789900E-014, 1.053244496150578900, 0.2698468431120120700 ) ) ;
#466 = B_SPLINE_CURVE_WITH_KNOTS ( 'NONE', 3,
 ( #2105, #63, #1769, #4150 ),
 .UNSPECIFIED., .F., .F.,
 ( 4, 4 ),
 ( 0.0000000000000000000, 0.0001886769368615541400 ),
 .UNSPECIFIED. ) ;
#467 = CARTESIAN_POINT ( 'NONE',  ( 1.082531754730562600, -0.6250000000000242000, -0.9500000000000016200 ) ) ;
#468 = DIRECTION ( 'NONE',  ( -0.0000000000000000000, -1.224646799147353200E-016, 1.000000000000000000 ) ) ;
#469 = CARTESIAN_POINT ( 'NONE',  ( 1.245579989071514000, -0.1529668360597776500, 2.341249999999998700 ) ) ;
#470 = DIRECTION ( 'NONE',  ( -0.0000000000000000000, -0.0000000000000000000, 1.000000000000000000 ) ) ;
#471 = DIRECTION ( 'NONE',  ( 0.07992773943613221100, 0.07992773943613258600, 0.9935910189495774600 ) ) ;
#472 = DIRECTION ( 'NONE',  ( -0.0000000000000000000, -1.224646799147353200E-016, 1.000000000000000000 ) ) ;
#473 = EDGE_CURVE ( 'NONE', #2969, #924, #174, .T. ) ;
#474 = CARTESIAN_POINT ( 'NONE',  ( -0.5529378364870428700, 0.9577164262227556600, -1.831249999999999600 ) ) ;
#475 = CARTESIAN_POINT ( 'NONE',  ( -1.103625504730564500, -0.6371784822407425800, -1.535937500000000600 ) ) ;
#476 = CARTESIAN_POINT ( 'NONE',  ( 0.0000000000000000000, 2.070106209874711500E-015, 2.341249999999998700 ) ) ;
#477 = CARTESIAN_POINT ( 'NONE',  ( 0.2492413902330875300, -0.7733092236386791600, 3.062801069624937700 ) ) ;
#478 = CARTESIAN_POINT ( 'NONE',  ( 0.0000000000000000000, 1.250000000000001600, -0.8000000000000012700 ) ) ;
#479 = EDGE_CURVE ( 'NONE', #976, #2228, #1724, .T. ) ;
#480 = CARTESIAN_POINT ( 'NONE',  ( -1.530808498934212000E-016, -1.250000000000032000, -0.9687499999999982200 ) ) ;
#481 = CARTESIAN_POINT ( 'NONE',  ( -0.5529378364870428700, 0.9577164262227554300, 0.4187500000000006800 ) ) ;
#482 = VECTOR ( 'NONE', #1173, 999.9999999999998900 ) ;
#483 =( BOUNDED_CURVE ( )  B_SPLINE_CURVE ( 2, ( #2112, #3453, #2792, #375, #27, #710, #737 ),
 .UNSPECIFIED., .F., .T. ) 
 B_SPLINE_CURVE_WITH_KNOTS ( ( 3, 2, 2, 3 ),
 ( 0.7500000000000001100, 0.7916666666666667400, 0.8333333333333333700, 0.8750000000000000000 ),
 .UNSPECIFIED. ) 
 CURVE ( )  GEOMETRIC_REPRESENTATION_ITEM ( )  RATIONAL_B_SPLINE_CURVE ( ( 0.9999999999999996700, 0.8660254037844391500, 1.000000000000000000, 0.8660254037844388200, 1.000000000000000000, 0.8660254037844388200, 1.000000000000000000 ) ) 
 REPRESENTATION_ITEM ( '' )  );
#484 = ADVANCED_FACE ( 'NONE', ( #3311 ), #4007, .F. ) ;
#485 = LINE ( 'NONE', #1585, #1663 ) ;
#486 = CARTESIAN_POINT ( 'NONE',  ( -0.1470524354260177900, -1.256251593563930900, 2.341249999999998700 ) ) ;
#487 = CARTESIAN_POINT ( 'NONE',  ( -1.233553727824346500, 0.1550073732554643500, 2.341249999999998700 ) ) ;
#488 = CARTESIAN_POINT ( 'NONE',  ( 0.0000000000000000000, 1.250000000000001600, -1.193749999999998100 ) ) ;
#489 = CARTESIAN_POINT ( 'NONE',  ( -0.7357503364870426900, 1.274356964481440300, -0.2984375000000005200 ) ) ;
#490 = VERTEX_POINT ( 'NONE', #2711 ) ;
#491 = B_SPLINE_CURVE_WITH_KNOTS ( 'NONE', 3,
 ( #3110, #4103, #1413, #4133, #55, #3428 ),
 .UNSPECIFIED., .F., .F.,
 ( 4, 2, 4 ),
 ( 6.660541935466352000E-018, 0.0006312240808336725500, 0.001262448161667338600 ),
 .UNSPECIFIED. ) ;
#492 = CARTESIAN_POINT ( 'NONE',  ( -1.105875672974086000, -1.496637579659287900E-014, -2.262500000000000200 ) ) ;
#493 = VERTEX_POINT ( 'NONE', #3486 ) ;
#494 = ORIENTED_EDGE ( 'NONE', *, *, #794, .T. ) ;
#495 = CARTESIAN_POINT ( 'NONE',  ( 1.280964110762752100, 0.1713892055747282300, 2.497112723113750200 ) ) ;
#496 = CARTESIAN_POINT ( 'NONE',  ( -0.8294067547305645800, 0.4788582131113701100, 0.9062500000000005600 ) ) ;
#497 = COORDINATED_UNIVERSAL_TIME_OFFSET ( 6, 0, .BEHIND. ) ;
#498 = CARTESIAN_POINT ( 'NONE',  ( 1.443375672974083600, -1.547145091756233800E-014, -0.8562499999999981800 ) ) ;
#499 = FACE_OUTER_BOUND ( 'NONE', #403, .T. ) ;
#500 = VERTEX_POINT ( 'NONE', #4186 ) ;
#501 = VECTOR ( 'NONE', #3290, 1000.000000000000000 ) ;
#502 = CARTESIAN_POINT ( 'NONE',  ( 0.1698177346798775700, 2.579764840330193800E-015, -0.7492544607789046700 ) ) ;
#503 = ORIENTED_EDGE ( 'NONE', *, *, #1542, .T. ) ;
#504 = ORIENTED_EDGE ( 'NONE', *, *, #3143, .T. ) ;
#505 = CARTESIAN_POINT ( 'NONE',  ( 0.1612180341806143900, -0.7876419676194538200, 2.341249999999998700 ) ) ;
#506 = VERTEX_POINT ( 'NONE', #3168 ) ;
#507 = LINE ( 'NONE', #818, #1629 ) ;
#508 = ADVANCED_FACE ( 'NONE', ( #1865 ), #1080, .T. ) ;
#509 = CARTESIAN_POINT ( 'NONE',  ( -1.065253454501102500, 0.4840801391627171900, 0.5837851986183811800 ) ) ;
#510 = EDGE_CURVE ( 'NONE', #2092, #3223, #3626, .T. ) ;
#511 = CARTESIAN_POINT ( 'NONE',  ( -0.5529378364870433100, -0.9577164262227855200, -3.087499999999999900 ) ) ;
#512 = CARTESIAN_POINT ( 'NONE',  ( -0.7712360881032160900, 0.2388190340831528300, 2.963638974742667000 ) ) ;
#513 = CARTESIAN_POINT ( 'NONE',  ( 0.5529378364870427600, -0.9577164262227864100, 1.093750000000000200 ) ) ;
#514 = CARTESIAN_POINT ( 'NONE',  ( -3.688235436565901200E-014, 1.107355715851503900, -2.911394284148500300 ) ) ;
#515 = ORIENTED_EDGE ( 'NONE', *, *, #3987, .F. ) ;
#516 = ORIENTED_EDGE ( 'NONE', *, *, #2661, .T. ) ;
#517 = CARTESIAN_POINT ( 'NONE',  ( -0.9234392342871802200, -0.2539305685340585400, 0.007385628061289203700 ) ) ;
#518 = CARTESIAN_POINT ( 'NONE',  ( -0.1570016517545387600, 1.300044638317454400, 2.663716649046604900 ) ) ;
#519 = CARTESIAN_POINT ( 'NONE',  ( -1.103625504730564300, 0.6371784822407127200, -0.2609375000000005400 ) ) ;
#520 = CARTESIAN_POINT ( 'NONE',  ( 0.0000000000000000000, 0.9577164262227557700, -2.825000000000000200 ) ) ;
#521 = ORIENTED_EDGE ( 'NONE', *, *, #794, .F. ) ;
#522 = CARTESIAN_POINT ( 'NONE',  ( -1.530808498934212000E-016, -1.250000000000032200, 0.3812500000000013700 ) ) ;
#523 = CARTESIAN_POINT ( 'NONE',  ( 1.233277472477380500, -0.1547032789631099200, 2.338356736074166200 ) ) ;
#524 = CARTESIAN_POINT ( 'NONE',  ( 0.5529378364870427600, -0.9577164262227860800, -2.112500000000000300 ) ) ;
#525 = ADVANCED_FACE ( 'NONE', ( #2797 ), #453, .T. ) ;
#526 = CARTESIAN_POINT ( 'NONE',  ( -0.8008042420523385800, -0.2259697001486579700, 2.958349045320477300 ) ) ;
#527 = ORIENTED_EDGE ( 'NONE', *, *, #4136, .T. ) ;
#528 = DIRECTION ( 'NONE',  ( -0.9238795325112859600, 0.3826834323650916100, -0.0000000000000000000 ) ) ;
#529 = CARTESIAN_POINT ( 'NONE',  ( -1.237619776296922500, 0.1550073732554644000, 2.341249999999998700 ) ) ;
#530 = CONICAL_SURFACE ( 'NONE', #3353, 1.349999999999997600, 0.1047197551196600000 ) ;
#531 = AXIS2_PLACEMENT_3D ( 'NONE', #107, #3507, #1810 ) ;
#532 = LINE ( 'NONE', #434, #430 ) ;
#533 = EDGE_CURVE ( 'NONE', #566, #2753, #658, .T. ) ;
#534 = CARTESIAN_POINT ( 'NONE',  ( 1.471500672974085600, -1.552656002352396700E-014, -0.4484375000000007100 ) ) ;
#535 = CARTESIAN_POINT ( 'NONE',  ( -1.172864355864558400E-016, -0.9577164262227858500, -2.543749999999999700 ) ) ;
#536 = VECTOR ( 'NONE', #2613, 1000.000000000000000 ) ;
#537 = CARTESIAN_POINT ( 'NONE',  ( -0.8294067547305645800, 0.4788582131113706100, -3.200000000000000200 ) ) ;
#538 = AXIS2_PLACEMENT_3D ( 'NONE', #1471, #1801, #748 ) ;
#539 = CARTESIAN_POINT ( 'NONE',  ( 0.5529378364870427600, -0.9577164262227861900, -1.662500000000000300 ) ) ;
#540 = CARTESIAN_POINT ( 'NONE',  ( -0.7373968665693870800, -0.6282693878215400700, -3.050000000000000700 ) ) ;
#541 = EDGE_LOOP ( 'NONE', ( #2008, #2701, #3427, #1813 ) ) ;
#542 = CIRCLE ( 'NONE', #1685, 2.469999999999997500 ) ;
#543 = CARTESIAN_POINT ( 'NONE',  ( 0.4692885409045922100, 0.8651502405362177000, 3.006709917370681900 ) ) ;
#544 = CARTESIAN_POINT ( 'NONE',  ( 0.3312496991555404200, -0.3771492160041157700, 2.341249999999998300 ) ) ;
#545 = AXIS2_PLACEMENT_3D ( 'NONE', #1759, #2462, #69 ) ;
#546 = CARTESIAN_POINT ( 'NONE',  ( -1.281777026584839200, 0.2054545788814430300, 2.822480735425057800 ) ) ;
#547 = DIRECTION ( 'NONE',  ( 0.0000000000000000000, 1.000000000000000000, 8.334887549857832900E-017 ) ) ;
#548 = CARTESIAN_POINT ( 'NONE',  ( 0.8294067547305642400, -0.4788582131114010300, -0.6687499999999994000 ) ) ;
#549 = CARTESIAN_POINT ( 'NONE',  ( -0.8294067547305645800, 0.4788582131113705600, -2.750000000000000400 ) ) ;
#550 = LOCAL_TIME ( 11, 32, 4.000000000000000000, #3376 ) ;
#551 = ORIENTED_EDGE ( 'NONE', *, *, #394, .T. ) ;
#552 = CARTESIAN_POINT ( 'NONE',  ( -1.238129249720997500, -0.1547197054078751400, 2.341249999999998700 ) ) ;
#553 = CARTESIAN_POINT ( 'NONE',  ( 1.530808498934191800E-016, 1.250000000000001100, 3.049999999999998900 ) ) ;
#554 = DIRECTION ( 'NONE',  ( 0.3805870524817673900, 0.9188184237650785000, 0.1045284632676539300 ) ) ;
#555 = ORIENTED_EDGE ( 'NONE', *, *, #3363, .F. ) ;
#556 = FACE_OUTER_BOUND ( 'NONE', #2096, .T. ) ;
#557 = ORIENTED_EDGE ( 'NONE', *, *, #3195, .F. ) ;
#558 = CARTESIAN_POINT ( 'NONE',  ( 0.8294067547305650200, 0.4788582131113693900, -0.1437499999999994100 ) ) ;
#559 = CARTESIAN_POINT ( 'NONE',  ( 1.103625504730564100, -0.6371784822407434700, -1.807812499999999400 ) ) ;
#560 = CARTESIAN_POINT ( 'NONE',  ( 0.1563173255511882700, -1.299389208849793100, 2.657404665814834900 ) ) ;
#561 = DIRECTION ( 'NONE',  ( -0.0000000000000000000, -1.224646799147353000E-016, 1.000000000000000000 ) ) ;
#562 = VERTEX_POINT ( 'NONE', #1457 ) ;
#563 = EDGE_CURVE ( 'NONE', #360, #1523, #2748, .T. ) ;
#564 = CARTESIAN_POINT ( 'NONE',  ( -0.5529378364870428700, 0.9577164262227556600, -1.831249999999999400 ) ) ;
#565 = ORIENTED_EDGE ( 'NONE', *, *, #3701, .T. ) ;
#566 = VERTEX_POINT ( 'NONE', #112 ) ;
#567 = VERTEX_POINT ( 'NONE', #3199 ) ;
#568 = CARTESIAN_POINT ( 'NONE',  ( 1.443375672974083400, -1.540945317335550200E-014, -1.362500000000000900 ) ) ;
#569 = ADVANCED_FACE ( 'NONE', ( #974 ), #3242, .F. ) ;
#570 = ORIENTED_EDGE ( 'NONE', *, *, #1614, .F. ) ;
#571 = DIRECTION ( 'NONE',  ( -0.0000000000000000000, -1.224646799147353200E-016, 1.000000000000000000 ) ) ;
#572 = CARTESIAN_POINT ( 'NONE',  ( -8.044280533088140600E-013, 1.188589856012982200, 0.6417051631619248300 ) ) ;
#573 = CARTESIAN_POINT ( 'NONE',  ( 1.471500672974085400, -1.574699644737049200E-014, 1.351562499999999100 ) ) ;
#574 = CARTESIAN_POINT ( 'NONE',  ( 1.103625504730564800, 0.6371784822407121600, -3.082812499999999300 ) ) ;
#575 = DIRECTION ( 'NONE',  ( -0.07992773943613223900, -0.07992773943613280800, 0.9935910189495773500 ) ) ;
#576 = CARTESIAN_POINT ( 'NONE',  ( -1.289818577089967700, 0.2037166375673666600, 2.819700781087034700 ) ) ;
#577 = CARTESIAN_POINT ( 'NONE',  ( -1.313705060252002200, 0.1730352898830326800, 2.812633460563339000 ) ) ;
#578 = CARTESIAN_POINT ( 'NONE',  ( 1.105875672974086000, -1.549211683229795000E-014, -0.1812499999999995500 ) ) ;
#579 = CARTESIAN_POINT ( 'NONE',  ( -1.103625504730564100, 0.6371784822407125000, 0.6671875000000008200 ) ) ;
#580 = CARTESIAN_POINT ( 'NONE',  ( -0.2977198478360583200, -1.040872684119537300, -2.946512621159167000 ) ) ;
#581 = CARTESIAN_POINT ( 'NONE',  ( -0.8294067547305645800, 0.4788582131113705000, -2.299999999999999800 ) ) ;
#582 = CARTESIAN_POINT ( 'NONE',  ( -1.082531754730562800, -0.6250000000000234300, 0.2499999999999985800 ) ) ;
#583 = DIRECTION ( 'NONE',  ( -4.188538737677001000E-017, -0.3420201433256696000, 0.9396926207859082100 ) ) ;
#584 = CARTESIAN_POINT ( 'NONE',  ( 0.0000000000000000000, 8.824749453576962700E-016, 3.049999999999998900 ) ) ;
#585 = CARTESIAN_POINT ( 'NONE',  ( 0.0000000000000000000, 1.250000000000001600, -0.7437499999999983600 ) ) ;
#586 = CARTESIAN_POINT ( 'NONE',  ( 0.8294067547305650200, 0.4788582131113693400, 0.3062500000000005200 ) ) ;
#587 = CARTESIAN_POINT ( 'NONE',  ( -1.172864355864558400E-016, -0.9577164262227859700, -1.700000000000000400 ) ) ;
#588 = LINE ( 'NONE', #3617, #1391 ) ;
#589 =( BOUNDED_CURVE ( )  B_SPLINE_CURVE ( 2, ( #3095, #1393, #2742, #1734, #3399, #4111, #2388 ),
 .UNSPECIFIED., .F., .F. ) 
 B_SPLINE_CURVE_WITH_KNOTS ( ( 3, 2, 2, 3 ),
 ( 0.3750000000000001100, 0.4166666666666666900, 0.4583333333333334300, 0.5000000000000000000 ),
 .UNSPECIFIED. ) 
 CURVE ( )  GEOMETRIC_REPRESENTATION_ITEM ( )  RATIONAL_B_SPLINE_CURVE ( ( 0.9999999999999996700, 0.8660254037844390400, 1.000000000000000000, 0.8660254037844387100, 1.000000000000000000, 0.8660254037844387100, 1.000000000000000000 ) ) 
 REPRESENTATION_ITEM ( '' )  );
#590 = CARTESIAN_POINT ( 'NONE',  ( 1.530808498934191800E-016, 1.250000000000001100, 3.049999999999998900 ) ) ;
#591 = CARTESIAN_POINT ( 'NONE',  ( -3.688235436565901200E-014, 1.107355715851503900, -2.911394284148500300 ) ) ;
#592 = EDGE_CURVE ( 'NONE', #881, #566, #3161, .T. ) ;
#593 = CARTESIAN_POINT ( 'NONE',  ( 1.530808498934191800E-016, 1.250000000000001100, 3.049999999999998900 ) ) ;
#594 = ADVANCED_FACE ( 'NONE', ( #4322 ), #3734, .T. ) ;
#595 = DIRECTION ( 'NONE',  ( -1.243449787580175500E-014, -0.1045284632676538300, 0.9945218953682734000 ) ) ;
#596 = CARTESIAN_POINT ( 'NONE',  ( -0.5529378364870433100, -0.9577164262227855200, -0.7812499999999994400 ) ) ;
#597 = CARTESIAN_POINT ( 'NONE',  ( 0.7357503364870434700, 1.274356964481439900, 0.1046875000000009500 ) ) ;
#598 = DIRECTION ( 'NONE',  ( 1.056941227343937200E-016, 1.000000000000000000, -0.0000000000000000000 ) ) ;
#599 = CARTESIAN_POINT ( 'NONE',  ( 0.8294067547305650200, 0.4788582131113696700, -2.450000000000000200 ) ) ;
#600 = EDGE_CURVE ( 'NONE', #2630, #3223, #1231, .T. ) ;
#601 = CARTESIAN_POINT ( 'NONE',  ( -0.1469622879822208800, 1.256721695295334600, 2.341249999999998700 ) ) ;
#602 = CARTESIAN_POINT ( 'NONE',  ( 0.7216878364870430400, 1.250000000000000200, -2.131249999999998800 ) ) ;
#603 = CARTESIAN_POINT ( 'NONE',  ( 0.1543099699805261000, 1.241742184822695000, 2.341249999999998700 ) ) ;
#604 = ORIENTED_EDGE ( 'NONE', *, *, #2745, .T. ) ;
#605 = CARTESIAN_POINT ( 'NONE',  ( -1.471500672974085400, -1.535902817656950100E-014, 1.126562499999999200 ) ) ;
#606 = EDGE_LOOP ( 'NONE', ( #3792, #2160, #2906, #173 ) ) ;
#607 = PERSON_AND_ORGANIZATION ( #3797, #4273 ) ;
#608 = CARTESIAN_POINT ( 'NONE',  ( 0.0000000000000000000, 1.274356964481440500, -2.107812499999999600 ) ) ;
#609 = CARTESIAN_POINT ( 'NONE',  ( -0.8294067547305645800, 0.4788582131113702200, 0.006250000000000721100 ) ) ;
#610 = CARTESIAN_POINT ( 'NONE',  ( 0.0000000000000000000, 1.250000000000001600, -1.250000000000001300 ) ) ;
#611 = CARTESIAN_POINT ( 'NONE',  ( 0.7216878364870424900, 1.250000000000001300, -2.581249999999998000 ) ) ;
#612 = ORIENTED_EDGE ( 'NONE', *, *, #3496, .F. ) ;
#613 = CARTESIAN_POINT ( 'NONE',  ( -1.306031452862461000, 0.1917787331708320800, 2.814488090368564100 ) ) ;
#614 = CARTESIAN_POINT ( 'NONE',  ( -1.294694942529016800, -0.2014791645562342400, 2.818069996182568400 ) ) ;
#615 = VERTEX_POINT ( 'NONE', #1157 ) ;
#616 = ORIENTED_EDGE ( 'NONE', *, *, #88, .F. ) ;
#617 = CARTESIAN_POINT ( 'NONE',  ( 1.103625504730563900, -0.6371784822407436900, 0.8921875000000004700 ) ) ;
#618 = CARTESIAN_POINT ( 'NONE',  ( -0.1550073732554541600, 3.794017659357176700E-015, 2.341249999999998700 ) ) ;
#619 = ORIENTED_EDGE ( 'NONE', *, *, #1057, .T. ) ;
#620 = VECTOR ( 'NONE', #1814, 999.9999999999998900 ) ;
#621 = ADVANCED_FACE ( 'NONE', ( #335 ), #2942, .T. ) ;
#622 = DIRECTION ( 'NONE',  ( -0.0000000000000000000, -1.224646799147353200E-016, 1.000000000000000000 ) ) ;
#623 = CARTESIAN_POINT ( 'NONE',  ( 0.0000000000000000000, 0.9577164262227554300, -0.06874999999999925600 ) ) ;
#624 = AXIS2_PLACEMENT_3D ( 'NONE', #1461, #99, #2810 ) ;
#625 = CARTESIAN_POINT ( 'NONE',  ( 0.0000000000000000000, 1.274356964481440800, -3.007812499999999100 ) ) ;
#626 = EDGE_CURVE ( 'NONE', #881, #4084, #2640, .T. ) ;
#627 = CARTESIAN_POINT ( 'NONE',  ( -0.8294067547305644700, 0.4788582131113702800, -0.8937499999999993800 ) ) ;
#628 = CARTESIAN_POINT ( 'NONE',  ( -4.520344946920998500E-016, -0.2295000000000003100, 3.049999999999998900 ) ) ;
#629 = CARTESIAN_POINT ( 'NONE',  ( -1.622720410543235400E-016, -1.325051771394849300, 2.812633460563337600 ) ) ;
#630 = ORIENTED_EDGE ( 'NONE', *, *, #1811, .T. ) ;
#631 = CARTESIAN_POINT ( 'NONE',  ( 0.1021523132810238900, -1.236152923869772800, 0.7723836180984352500 ) ) ;
#632 = CARTESIAN_POINT ( 'NONE',  ( 2.443623483614654000E-015, -3.980914989873155900E-016, 3.049999999999998900 ) ) ;
#633 = CARTESIAN_POINT ( 'NONE',  ( 0.8294067547305643600, -0.4788582131114012000, 0.6249999999999996700 ) ) ;
#634 = VERTEX_POINT ( 'NONE', #1563 ) ;
#635 = EDGE_CURVE ( 'NONE', #3219, #2319, #1127, .T. ) ;
#636 = CARTESIAN_POINT ( 'NONE',  ( -8.044280533088140600E-013, 1.188589856012982200, 0.6417051631619248300 ) ) ;
#637 = ORIENTED_EDGE ( 'NONE', *, *, #3576, .T. ) ;
#638 = CARTESIAN_POINT ( 'NONE',  ( 0.1888999802705078900, 1.264054035322661500, 2.663716615444982900 ) ) ;
#639 = AXIS2_PLACEMENT_3D ( 'NONE', #2497, #1492, #2116 ) ;
#640 = CARTESIAN_POINT ( 'NONE',  ( 0.0000000000000000000, 2.070106209874711500E-015, 3.049999999999998900 ) ) ;
#641 = CARTESIAN_POINT ( 'NONE',  ( -0.8294067547305644700, 0.4788582131113703300, -1.400000000000000100 ) ) ;
#642 = CARTESIAN_POINT ( 'NONE',  ( -1.233553727824348500, -0.1550073732554536600, 2.341249999999998700 ) ) ;
#643 = CARTESIAN_POINT ( 'NONE',  ( 1.311957822845909700, -0.1811009407319906500, 2.812877604456077900 ) ) ;
#644 = EDGE_LOOP ( 'NONE', ( #87, #1316, #503, #4085 ) ) ;
#645 = DIRECTION ( 'NONE',  ( -0.0000000000000000000, -1.224646799147353200E-016, 1.000000000000000000 ) ) ;
#646 = ADVANCED_FACE ( 'NONE', ( #2849 ), #2253, .T. ) ;
#647 = CARTESIAN_POINT ( 'NONE',  ( 1.249734985518728100, 0.1512153416907212600, 2.341249999999998700 ) ) ;
#648 = CARTESIAN_POINT ( 'NONE',  ( 0.2014791645562294100, -1.294694942529017500, 2.818069996182567500 ) ) ;
#649 = CARTESIAN_POINT ( 'NONE',  ( -1.105875672974086000, -1.535213953832429700E-014, 0.8874999999999997300 ) ) ;
#650 = CARTESIAN_POINT ( 'NONE',  ( -1.172864355864558200E-016, -0.9577164262227858500, -1.193749999999999400 ) ) ;
#651 = CARTESIAN_POINT ( 'NONE',  ( 1.307328429416011700, 0.1900795373798165900, 2.814105755506703900 ) ) ;
#652 = CIRCLE ( 'NONE', #1390, 3.815121252037128500 ) ;
#653 = CARTESIAN_POINT ( 'NONE',  ( 0.8890213322598132800, 0.5393280917683955800, 0.2093152555181454200 ) ) ;
#654 = CARTESIAN_POINT ( 'NONE',  ( -0.5529378364870433100, -0.9577164262227855200, -1.287499999999999900 ) ) ;
#655 = DIRECTION ( 'NONE',  ( -0.0000000000000000000, -1.224646799147353000E-016, 1.000000000000000000 ) ) ;
#656 = ORIENTED_EDGE ( 'NONE', *, *, #221, .F. ) ;
#657 = EDGE_CURVE ( 'NONE', #2712, #318, #852, .T. ) ;
#658 = LINE ( 'NONE', #150, #4264 ) ;
#659 = DIRECTION ( 'NONE',  ( 0.0000000000000000000, -1.000000000000000000, 0.0000000000000000000 ) ) ;
#660 = CARTESIAN_POINT ( 'NONE',  ( 1.313705060252005300, -0.1730352898830115600, 2.812633460563340300 ) ) ;
#661 = CARTESIAN_POINT ( 'NONE',  ( -0.7216878364870416000, -1.250000000000033300, -1.906249999999998900 ) ) ;
#662 = CARTESIAN_POINT ( 'NONE',  ( 0.8294067547305649100, 0.4788582131113693900, -0.5937499999999994400 ) ) ;
#663 = LINE ( 'NONE', #3414, #2373 ) ;
#664 = CARTESIAN_POINT ( 'NONE',  ( 1.007281825581632300, 0.6072446105724631500, 0.5810203321664336700 ) ) ;
#665 = CARTESIAN_POINT ( 'NONE',  ( 0.5159802079538636800, -0.8637779735291952800, 0.1158609286040513700 ) ) ;
#666 = ORIENTED_EDGE ( 'NONE', *, *, #3109, .F. ) ;
#667 = B_SPLINE_CURVE_WITH_KNOTS ( 'NONE', 3,
 ( #2374, #4371, #643, #1307, #3057, #3032, #2343, #3714, #3016, #2007, #3387, #980, #3358, #327, #4093, #2718 ),
 .UNSPECIFIED., .F., .F.,
 ( 4, 3, 3, 3, 3, 4 ),
 ( 0.0000000000000000000, 1.225381235566905400E-005, 2.448842148058715300E-005, 3.701309123693977600E-005, 4.990660403618268500E-005, 5.306242189648359800E-005 ),
 .UNSPECIFIED. ) ;
#668 = CARTESIAN_POINT ( 'NONE',  ( 0.0000000000000000000, 1.274356964481440500, -2.107812499999999200 ) ) ;
#669 = ORIENTED_EDGE ( 'NONE', *, *, #4352, .F. ) ;
#670 = CARTESIAN_POINT ( 'NONE',  ( -1.172864355864558200E-016, -0.9577164262227858500, -1.193749999999999400 ) ) ;
#671 = VECTOR ( 'NONE', #598, 1000.000000000000000 ) ;
#672 = DIRECTION ( 'NONE',  ( -0.0000000000000000000, -1.224646799147353200E-016, 1.000000000000000000 ) ) ;
#673 = ORIENTED_EDGE ( 'NONE', *, *, #455, .T. ) ;
#674 = CARTESIAN_POINT ( 'NONE',  ( 0.1407626624221149900, 1.126265699087982000, 0.4704709493240064600 ) ) ;
#675 = CARTESIAN_POINT ( 'NONE',  ( 0.8294067547305649100, 0.4788582131113693400, -0.1437499999999995700 ) ) ;
#676 = CARTESIAN_POINT ( 'NONE',  ( 1.443375672974083600, -1.562988959720202700E-014, 0.4374999999999985600 ) ) ;
#677 = AXIS2_PLACEMENT_3D ( 'NONE', #970, #2618, #1975 ) ;
#678 = APPLICATION_CONTEXT ( 'configuration controlled 3d designs of mechanical parts and assemblies' ) ;
#679 = CARTESIAN_POINT ( 'NONE',  ( 0.0000000000000000000, 0.9577164262227554300, -0.5750000000000001800 ) ) ;
#680 = EDGE_LOOP ( 'NONE', ( #2460, #4072, #1729, #289 ) ) ;
#681 = EDGE_LOOP ( 'NONE', ( #2914, #3753, #3017, #400 ) ) ;
#682 = VERTEX_POINT ( 'NONE', #514 ) ;
#683 = CARTESIAN_POINT ( 'NONE',  ( 0.7216878364870437100, 1.249999999999999100, 0.5687500000000016400 ) ) ;
#684 = EDGE_LOOP ( 'NONE', ( #3393, #719, #1940, #4116 ) ) ;
#685 = CARTESIAN_POINT ( 'NONE',  ( -0.5529378364870428700, 0.9577164262227554300, -0.5375000000000002000 ) ) ;
#686 = EDGE_CURVE ( 'NONE', #490, #4337, #2510, .T. ) ;
#687 = CARTESIAN_POINT ( 'NONE',  ( 0.5529378364870435300, 0.9577164262227552100, -0.1062499999999995800 ) ) ;
#688 = CARTESIAN_POINT ( 'NONE',  ( 0.3771492160041143300, 0.3312496991555412000, 2.341249999999998300 ) ) ;
#689 = CARTESIAN_POINT ( 'NONE',  ( -1.530808498934212300E-016, -1.250000000000032200, -2.318749999999998300 ) ) ;
#690 = CARTESIAN_POINT ( 'NONE',  ( -0.3843203593736168000, 0.4317425188364150100, 3.006521471578742500 ) ) ;
#691 = CARTESIAN_POINT ( 'NONE',  ( 1.103625504730564500, 0.6371784822407115000, 0.9671875000000007500 ) ) ;
#692 = EDGE_CURVE ( 'NONE', #3323, #1111, #2033, .T. ) ;
#693 = CARTESIAN_POINT ( 'NONE',  ( 0.5529378364870435300, 0.9577164262227549900, -0.1062499999999995800 ) ) ;
#694 = PERSON_AND_ORGANIZATION_ROLE ( 'creator' ) ;
#695 = CARTESIAN_POINT ( 'NONE',  ( -0.8294067547305644700, 0.4788582131113703300, -1.400000000000000100 ) ) ;
#696 = CARTESIAN_POINT ( 'NONE',  ( 0.2184290902842077100, -0.8633221105560791000, 2.944667330124167000 ) ) ;
#697 = CARTESIAN_POINT ( 'NONE',  ( -0.2056980069268702100, -1.278769920465364600, 2.823539163165360100 ) ) ;
#698 = CARTESIAN_POINT ( 'NONE',  ( -1.172864355864558200E-016, -0.9577164262227858500, -0.8000000000000001600 ) ) ;
#699 = CARTESIAN_POINT ( 'NONE',  ( 0.1883974186025830500, 1.308410141326697300, 2.813799301339762900 ) ) ;
#700 = FACE_OUTER_BOUND ( 'NONE', #2808, .T. ) ;
#701 = CC_DESIGN_DATE_AND_TIME_ASSIGNMENT ( #1771, #1716, ( #1013 ) ) ;
#702 = CARTESIAN_POINT ( 'NONE',  ( 1.105875672974086000, -1.537500998212948500E-014, -1.137500000000000000 ) ) ;
#703 = CARTESIAN_POINT ( 'NONE',  ( 1.082531754730562400, -0.6250000000000244200, 0.3999999999999985200 ) ) ;
#704 = CARTESIAN_POINT ( 'NONE',  ( -1.103625504730564500, -0.6371784822407426900, -1.535937500000000600 ) ) ;
#705 = AXIS2_PLACEMENT_3D ( 'NONE', #930, #3981, #2330 ) ;
#706 = EDGE_CURVE ( 'NONE', #924, #3468, #3845, .T. ) ;
#707 = CARTESIAN_POINT ( 'NONE',  ( -0.6710041598264017100, -0.6833550837980214600, -3.049999999999999400 ) ) ;
#708 = CARTESIAN_POINT ( 'NONE',  ( 1.105875672974086000, -1.516146219652816700E-014, -2.881250000000000100 ) ) ;
#709 = DIRECTION ( 'NONE',  ( -0.07992773943613183700, 0.07992773943613296100, 0.9935910189495773500 ) ) ;
#710 = CARTESIAN_POINT ( 'NONE',  ( -0.7216878364870422700, -1.250000000000031300, -1.512500000000001500 ) ) ;
#711 = CARTESIAN_POINT ( 'NONE',  ( 0.7582240929255357200, 0.1734033168550297400, 2.341249999999998700 ) ) ;
#712 = SPHERICAL_SURFACE ( 'NONE', #1030, 3.817103023916980800 ) ;
#713 = CARTESIAN_POINT ( 'NONE',  ( 0.1975687553003996900, 1.300404126893900600, 2.816220661838867700 ) ) ;
#714 = EDGE_CURVE ( 'NONE', #3710, #4247, #224, .T. ) ;
#715 = DIRECTION ( 'NONE',  ( 0.0000000000000000000, -1.000000000000000000, -8.673617379884034200E-017 ) ) ;
#716 = CARTESIAN_POINT ( 'NONE',  ( 0.5529378364870435300, 0.9577164262227552100, -0.6125000000000002700 ) ) ;
#717 = ORIENTED_EDGE ( 'NONE', *, *, #3356, .T. ) ;
#718 = CIRCLE ( 'NONE', #2266, 1.901454066994983500 ) ;
#719 = ORIENTED_EDGE ( 'NONE', *, *, #1398, .F. ) ;
#720 = ORIENTED_EDGE ( 'NONE', *, *, #448, .T. ) ;
#721 = CARTESIAN_POINT ( 'NONE',  ( -0.1698177346798775700, 2.620033950456942300E-015, -0.7492544607789046700 ) ) ;
#722 = VERTEX_POINT ( 'NONE', #888 ) ;
#723 = CIRCLE ( 'NONE', #2457, 0.5775000000000001200 ) ;
#724 = B_SPLINE_CURVE_WITH_KNOTS ( 'NONE', 3,
 ( #377, #3760, #2066, #2765, #699, #1725, #42, #713, #3099, #29, #2407, #358, #3088, #1039, #3416, #1059 ),
 .UNSPECIFIED., .F., .F.,
 ( 4, 3, 3, 3, 3, 4 ),
 ( 0.0000000000000000000, 1.225381235566916900E-005, 2.448842148058726200E-005, 3.701309123694035200E-005, 4.990660403618274600E-005, 5.306242189648400400E-005 ),
 .UNSPECIFIED. ) ;
#725 = CARTESIAN_POINT ( 'NONE',  ( -0.4930924560940393400, 0.3623022328722041400, 3.036353838831116600 ) ) ;
#726 = CARTESIAN_POINT ( 'NONE',  ( 0.1494142179930876800, -1.253358770130405900, 2.341249999999998700 ) ) ;
#727 = CARTESIAN_POINT ( 'NONE',  ( -0.7733092236386752700, 0.2492413902330964100, 3.062801069624937700 ) ) ;
#728 =( BOUNDED_CURVE ( )  B_SPLINE_CURVE ( 2, ( #4080, #661, #4095, #3048, #1014, #365, #378 ),
 .UNSPECIFIED., .F., .F. ) 
 B_SPLINE_CURVE_WITH_KNOTS ( ( 3, 2, 2, 3 ),
 ( 0.1249999999999999300, 0.1666666666666666000, 0.2083333333333333700, 0.2500000000000000600 ),
 .UNSPECIFIED. ) 
 CURVE ( )  GEOMETRIC_REPRESENTATION_ITEM ( )  RATIONAL_B_SPLINE_CURVE ( ( 1.000000000000000400, 0.8660254037844386000, 1.000000000000000000, 0.8660254037844387100, 1.000000000000000000, 0.8660254037844384900, 1.000000000000000200 ) ) 
 REPRESENTATION_ITEM ( '' )  );
#729 = CARTESIAN_POINT ( 'NONE',  ( -0.8294067547305646900, -0.4788582131114004200, -0.4250000000000001600 ) ) ;
#730 = ORIENTED_EDGE ( 'NONE', *, *, #98, .F. ) ;
#731 = CARTESIAN_POINT ( 'NONE',  ( -1.103625504730564500, -0.6371784822407425800, -2.435937500000000500 ) ) ;
#732 = CARTESIAN_POINT ( 'NONE',  ( 0.7216878364870426000, -1.250000000000029800, -2.337500000000001200 ) ) ;
#733 = ORIENTED_EDGE ( 'NONE', *, *, #455, .F. ) ;
#734 = CARTESIAN_POINT ( 'NONE',  ( 0.8294067547305650200, 0.4788582131113695600, -1.493749999999999700 ) ) ;
#735 = CARTESIAN_POINT ( 'NONE',  ( 0.7357503364870423600, -1.274356964481471000, -0.9453124999999991100 ) ) ;
#736 = EDGE_CURVE ( 'NONE', #842, #1296, #1190, .T. ) ;
#737 = CARTESIAN_POINT ( 'NONE',  ( -1.530808498934212300E-016, -1.250000000000032000, -1.475000000000001600 ) ) ;
#738 = CARTESIAN_POINT ( 'NONE',  ( 0.0000000000000000000, 1.250000000000001300, 0.5499999999999988200 ) ) ;
#739 = ORIENTED_EDGE ( 'NONE', *, *, #3550, .F. ) ;
#740 = VERTEX_POINT ( 'NONE', #3291 ) ;
#741 = DIRECTION ( 'NONE',  ( -0.0000000000000000000, -1.224646799147353200E-016, 1.000000000000000000 ) ) ;
#742 = CARTESIAN_POINT ( 'NONE',  ( -0.5529378364870433100, -0.9577164262227860800, 0.9624999999999996900 ) ) ;
#743 = CARTESIAN_POINT ( 'NONE',  ( -1.103625504730564300, 0.6371784822407130500, -2.960937500000000400 ) ) ;
#744 = CARTESIAN_POINT ( 'NONE',  ( -0.8663110937740525800, -0.6947605559330412000, 0.4021378689896372100 ) ) ;
#745 = VECTOR ( 'NONE', #1558, 1000.000000000000200 ) ;
#746 = CARTESIAN_POINT ( 'NONE',  ( 0.5529378364870427600, -0.9577164262227859700, -2.956249999999999400 ) ) ;
#747 = CARTESIAN_POINT ( 'NONE',  ( -1.103625504730564300, -0.6371784822407426900, -0.6078124999999992000 ) ) ;
#748 = DIRECTION ( 'NONE',  ( 0.0000000000000000000, -0.1045284632676537100, -0.9945218953682734000 ) ) ;
#749 = CARTESIAN_POINT ( 'NONE',  ( 0.1800798480297686700, 1.256121895119494800, 2.579798662772151600 ) ) ;
#750 = CYLINDRICAL_SURFACE ( 'NONE', #2537, 0.2429999999999999900 ) ;
#751 =( BOUNDED_CURVE ( )  B_SPLINE_CURVE ( 2, ( #2926, #3643, #4312, #2300, #582, #1961, #4345 ),
 .UNSPECIFIED., .F., .F. ) 
 B_SPLINE_CURVE_WITH_KNOTS ( ( 3, 2, 2, 3 ),
 ( 0.2499999999999999400, 0.2916666666666666300, 0.3333333333333332600, 0.3749999999999999400 ),
 .UNSPECIFIED. ) 
 CURVE ( )  GEOMETRIC_REPRESENTATION_ITEM ( )  RATIONAL_B_SPLINE_CURVE ( ( 1.000000000000000200, 0.8660254037844384900, 1.000000000000000000, 0.8660254037844387100, 1.000000000000000000, 0.8660254037844389300, 0.9999999999999997800 ) ) 
 REPRESENTATION_ITEM ( '' )  );
#752 = CARTESIAN_POINT ( 'NONE',  ( 0.0000000000000000000, 2.070106209874711500E-015, 3.049999999999998900 ) ) ;
#753 = CARTESIAN_POINT ( 'NONE',  ( -0.7357503364870431300, -1.274356964481470500, -0.1484375000000007200 ) ) ;
#754 = VERTEX_POINT ( 'NONE', #1251 ) ;
#755 = CARTESIAN_POINT ( 'NONE',  ( 0.7357503364870434700, 1.274356964481440300, -2.173437500000000400 ) ) ;
#756 = CARTESIAN_POINT ( 'NONE',  ( 0.1730352898830033200, -1.313705060252007300, 2.812633460563337200 ) ) ;
#757 = EDGE_CURVE ( 'NONE', #2915, #1844, #268, .T. ) ;
#758 = CARTESIAN_POINT ( 'NONE',  ( -1.269361737534860900, -0.1219187516724360000, 2.338356736255607200 ) ) ;
#759 = CONICAL_SURFACE ( 'NONE', #4194, 1.349999999999995600, 0.1047197551196600000 ) ;
#760 = CARTESIAN_POINT ( 'NONE',  ( 1.471500672974085400, -1.553000434264656900E-014, -0.4203124999999992000 ) ) ;
#761 = DIRECTION ( 'NONE',  ( 0.0000000000000000000, -1.000000000000000000, -1.224646799147353200E-016 ) ) ;
#762 = EDGE_LOOP ( 'NONE', ( #1934, #1978, #2050, #1540 ) ) ;
#763 = CARTESIAN_POINT ( 'NONE',  ( -1.292136977368362600, -0.1479534423159117300, 2.579799570896085900 ) ) ;
#764 = VERTEX_POINT ( 'NONE', #1752 ) ;
#765 = AXIS2_PLACEMENT_3D ( 'NONE', #436, #2883, #1845 ) ;
#766 = EDGE_LOOP ( 'NONE', ( #3922, #3076, #4005, #284 ) ) ;
#767 = ORIENTED_EDGE ( 'NONE', *, *, #2222, .T. ) ;
#768 = CARTESIAN_POINT ( 'NONE',  ( -1.103625504730564300, -0.6371784822407426900, -0.1859375000000005900 ) ) ;
#769 = CARTESIAN_POINT ( 'NONE',  ( 0.0000000000000000000, -1.249999999999999300, 3.049999999999998900 ) ) ;
#770 = ADVANCED_FACE ( 'NONE', ( #228 ), #1294, .T. ) ;
#771 = AXIS2_PLACEMENT_3D ( 'NONE', #3067, #1378, #1703 ) ;
#772 = CARTESIAN_POINT ( 'NONE',  ( 0.5529378364870435300, 0.9577164262227553200, -1.456249999999999600 ) ) ;
#773 = CARTESIAN_POINT ( 'NONE',  ( -0.9519164846877309300, 0.5218177309786649100, 0.3327792356326378900 ) ) ;
#774 = AXIS2_PLACEMENT_3D ( 'NONE', #4403, #996, #4073 ) ;
#775 = B_SPLINE_CURVE_WITH_KNOTS ( 'NONE', 3,
 ( #4078, #16, #690, #3741 ),
 .UNSPECIFIED., .F., .F.,
 ( 4, 4 ),
 ( 1.212174879515270100E-019, 0.0001886769368615542700 ),
 .UNSPECIFIED. ) ;
#776 = ORIENTED_EDGE ( 'NONE', *, *, #2441, .T. ) ;
#777 = CARTESIAN_POINT ( 'NONE',  ( -0.2056980069268702100, -1.278769920465364600, 2.823539163165360100 ) ) ;
#778 = CARTESIAN_POINT ( 'NONE',  ( -0.1550073732554447000, 0.8507067466786056900, 2.341249999999998700 ) ) ;
#779 = CARTESIAN_POINT ( 'NONE',  ( 1.082531754730562400, -0.6250000000000242000, -0.4437499999999984800 ) ) ;
#780 = CARTESIAN_POINT ( 'NONE',  ( -0.3771492160041102800, 0.3312496991555455800, 2.341249999999998300 ) ) ;
#781 = CARTESIAN_POINT ( 'NONE',  ( -1.172864355864558400E-016, -0.9577164262227857400, -3.050000000000000300 ) ) ;
#782 = CARTESIAN_POINT ( 'NONE',  ( -0.8294067547305646900, -0.4788582131114001400, -2.675000000000000300 ) ) ;
#783 = ORIENTED_EDGE ( 'NONE', *, *, #2719, .T. ) ;
#784 = ORIENTED_EDGE ( 'NONE', *, *, #2540, .T. ) ;
#785 =( BOUNDED_CURVE ( )  B_SPLINE_CURVE ( 3, ( #2833, #4157, #780, #2181 ),
 .UNSPECIFIED., .F., .F. ) 
 B_SPLINE_CURVE_WITH_KNOTS ( ( 4, 4 ),
 ( 2.751161613710446200, 3.532023693469144500 ),
 .UNSPECIFIED. ) 
 CURVE ( )  GEOMETRIC_REPRESENTATION_ITEM ( )  RATIONAL_B_SPLINE_CURVE ( ( 1.000000000000000000, 0.9498300650479267700, 0.9498300650479267700, 1.000000000000000000 ) ) 
 REPRESENTATION_ITEM ( '' )  );
#786 = CARTESIAN_POINT ( 'NONE',  ( 0.3063857869185248600, -0.4371760101403718300, 2.341249999999998700 ) ) ;
#787 = CARTESIAN_POINT ( 'NONE',  ( -0.7582240929255357200, -0.1734033168550302400, 2.341249999999998700 ) ) ;
#788 = CARTESIAN_POINT ( 'NONE',  ( 0.8294067547305650200, 0.4788582131113693400, 0.2499999999999997800 ) ) ;
#789 = CARTESIAN_POINT ( 'NONE',  ( 0.7216878364870424900, 1.250000000000001100, -1.231249999999998400 ) ) ;
#790 = CARTESIAN_POINT ( 'NONE',  ( -0.1539821198333294300, -1.229938883788829200, 0.7553106832924770800 ) ) ;
#791 = DIRECTION ( 'NONE',  ( -0.9238795325112871800, -0.3826834323650886200, -3.708620884167416200E-014 ) ) ;
#792 = DIRECTION ( 'NONE',  ( 0.0000000000000000000, -0.1045284632676539600, 0.9945218953682734000 ) ) ;
#793 = CARTESIAN_POINT ( 'NONE',  ( 0.2056980069268673800, -1.278769920465366200, 2.823539163165360100 ) ) ;
#794 = EDGE_CURVE ( 'NONE', #66, #2796, #2582, .T. ) ;
#795 = CARTESIAN_POINT ( 'NONE',  ( 0.1543792501330486500, -1.265918474694468300, 2.335273807691358200 ) ) ;
#796 = ADVANCED_FACE ( 'NONE', ( #396 ), #3470, .T. ) ;
#797 = CARTESIAN_POINT ( 'NONE',  ( -0.1543099699805261000, -1.241742184822694800, 2.341249999999998700 ) ) ;
#798 = AXIS2_PLACEMENT_3D ( 'NONE', #3368, #622, #3711 ) ;
#799 = CARTESIAN_POINT ( 'NONE',  ( 0.7357503364870423600, -1.274356964481471000, 0.3765624999999991900 ) ) ;
#800 = CARTESIAN_POINT ( 'NONE',  ( 0.8294067547305643600, -0.4788582131114011400, 0.1749999999999997100 ) ) ;
#801 = VECTOR ( 'NONE', #3434, 1000.000000000000100 ) ;
#802 = CARTESIAN_POINT ( 'NONE',  ( -0.8294067547305645800, 0.4788582131113704500, -1.793749999999999500 ) ) ;
#803 = CARTESIAN_POINT ( 'NONE',  ( -0.7357503364870426900, 1.274356964481440300, -0.7484375000000003100 ) ) ;
#804 = B_SPLINE_CURVE_WITH_KNOTS ( 'NONE', 3,
 ( #3913, #2203, #2948, #1205, #4260, #3256, #840 ),
 .UNSPECIFIED., .F., .F.,
 ( 4, 3, 4 ),
 ( 0.0000000000000000000, 0.0002409841165500164100, 0.0004761570917998066400 ),
 .UNSPECIFIED. ) ;
#805 = CARTESIAN_POINT ( 'NONE',  ( -1.082531754730562800, 0.6249999999999934500, -0.7250000000000010900 ) ) ;
#806 = DIRECTION ( 'NONE',  ( -0.0000000000000000000, -1.224646799147353200E-016, 1.000000000000000000 ) ) ;
#807 = CARTESIAN_POINT ( 'NONE',  ( 0.1394679808426155800, -1.284851682401699800, 2.501022131542453700 ) ) ;
#808 =( BOUNDED_CURVE ( )  B_SPLINE_CURVE ( 2, ( #3372, #338, #1305, #4048, #2329, #3056, #670, #1334, #4387, #2359, #1636, #3713, #280, #1347, #627, #1679, #2032, #4031, #3665, #2372, #326, #14, #4370, #2996, #947, #3327, #1285, #2342, #2447, #2421, #1705, #2763, #399, #2433, #4092, #687, #3413 ),
 .UNSPECIFIED., .F., .F. ) 
 B_SPLINE_CURVE_WITH_KNOTS ( ( 3, 2, 2, 2, 2, 2, 2, 2, 2, 2, 2, 2, 2, 2, 2, 2, 2, 2, 3 ),
 ( 0.2499999999999999400, 0.2916666666666666300, 0.3333333333333332600, 0.3749999999999999400, 0.4166666666666666300, 0.4583333333333332600, 0.4999999999999999400, 0.5416666666666665200, 0.5833333333333332600, 0.6250000000000000000, 0.6666666666666666300, 0.7083333333333332600, 0.7500000000000000000, 0.7916666666666665200, 0.8333333333333332600, 0.8750000000000000000, 0.9166666666666665200, 0.9583333333333332600, 1.000000000000000000 ),
 .UNSPECIFIED. ) 
 CURVE ( )  GEOMETRIC_REPRESENTATION_ITEM ( )  RATIONAL_B_SPLINE_CURVE ( ( 1.000000000000000200, 0.8660254037844384900, 1.000000000000000000, 0.8660254037844387100, 1.000000000000000000, 0.8660254037844387100, 1.000000000000000000, 0.8660254037844387100, 1.000000000000000000, 0.8660254037844387100, 1.000000000000000000, 0.8660254037844387100, 1.000000000000000000, 0.8660254037844387100, 1.000000000000000000, 0.8660254037844387100, 1.000000000000000000, 0.8660254037844387100, 1.000000000000000000, 0.8660254037844387100, 1.000000000000000000, 0.8660254037844387100, 1.000000000000000000, 0.8660254037844387100, 1.000000000000000000, 0.8660254037844387100, 1.000000000000000000, 0.8660254037844387100, 1.000000000000000000, 0.8660254037844387100, 1.000000000000000000, 0.8660254037844387100, 1.000000000000000000, 0.8660254037844387100, 1.000000000000000000, 0.8660254037844387100, 1.000000000000000000 ) ) 
 REPRESENTATION_ITEM ( '' )  );
#809 = LINE ( 'NONE', #1308, #3005 ) ;
#810 = CC_DESIGN_SECURITY_CLASSIFICATION ( #2012, ( #2709 ) ) ;
#811 = DIRECTION ( 'NONE',  ( 0.0000000000000000000, -0.9967800569107643200, 0.08018427617041495900 ) ) ;
#812 = CARTESIAN_POINT ( 'NONE',  ( 0.0000000000000000000, 2.070106209874711500E-015, 3.049999999999998900 ) ) ;
#813 = ADVANCED_FACE ( 'NONE', ( #3949 ), #1384, .F. ) ;
#814 = CARTESIAN_POINT ( 'NONE',  ( 0.5529378364870427600, -0.9577164262227860800, -2.506249999999999200 ) ) ;
#815 = CARTESIAN_POINT ( 'NONE',  ( 0.0000000000000000000, 1.250000000000001800, -2.093749999999998200 ) ) ;
#816 = ORIENTED_EDGE ( 'NONE', *, *, #1313, .F. ) ;
#817 = EDGE_CURVE ( 'NONE', #3968, #3268, #3065, .T. ) ;
#818 = CARTESIAN_POINT ( 'NONE',  ( -9.830021000158916200E-017, -0.1550073732554544700, 2.341249999999998700 ) ) ;
#819 = ORIENTED_EDGE ( 'NONE', *, *, #473, .T. ) ;
#820 = CARTESIAN_POINT ( 'NONE',  ( -0.1946399972873255100, -1.303250588557390200, 2.815344277869459100 ) ) ;
#821 = CARTESIAN_POINT ( 'NONE',  ( -0.7216878364870418200, 1.250000000000001300, -1.156249999999998200 ) ) ;
#822 = CARTESIAN_POINT ( 'NONE',  ( -0.5529378364870433100, -0.9577164262227859700, 0.5687500000000005300 ) ) ;
#823 = CARTESIAN_POINT ( 'NONE',  ( 0.1718001011080446400, -1.248810869898247900, 2.501022132970167200 ) ) ;
#824 = ORIENTED_EDGE ( 'NONE', *, *, #714, .T. ) ;
#825 = VECTOR ( 'NONE', #383, 1000.000000000000000 ) ;
#826 = EDGE_CURVE ( 'NONE', #3129, #1927, #2695, .T. ) ;
#827 = VERTEX_POINT ( 'NONE', #117 ) ;
#828 = CARTESIAN_POINT ( 'NONE',  ( 0.5529378364870435300, 0.9577164262227556600, -2.806249999999999500 ) ) ;
#829 = CARTESIAN_POINT ( 'NONE',  ( -1.471500672974085600, -1.519370085868460800E-014, -0.2234375000000007600 ) ) ;
#830 = B_SPLINE_CURVE_WITH_KNOTS ( 'NONE', 3,
 ( #427, #2132, #1455, #110, #3140, #2862, #1108 ),
 .UNSPECIFIED., .F., .F.,
 ( 4, 3, 4 ),
 ( 4.370558682921689100E-019, 0.0002409220116069793400, 0.0004870493230726162700 ),
 .UNSPECIFIED. ) ;
#831 = CARTESIAN_POINT ( 'NONE',  ( -1.105875672974086000, -1.502837354079971500E-014, -1.756249999999999600 ) ) ;
#832 = VERTEX_POINT ( 'NONE', #787 ) ;
#833 = CARTESIAN_POINT ( 'NONE',  ( -1.268158330220139400, -0.1303148325725526900, 2.341249999999998700 ) ) ;
#834 = CARTESIAN_POINT ( 'NONE',  ( -1.082531754730562800, -0.6250000000000232000, -1.043749999999998200 ) ) ;
#835 = CARTESIAN_POINT ( 'NONE',  ( -1.105875672974086000, -1.530391907060786900E-014, 0.4937500000000006300 ) ) ;
#836 = CARTESIAN_POINT ( 'NONE',  ( -1.105875672974086000, -1.502148490255451100E-014, -1.812500000000000200 ) ) ;
#837 = ORIENTED_EDGE ( 'NONE', *, *, #2934, .T. ) ;
#838 = CARTESIAN_POINT ( 'NONE',  ( -0.1550073732554517500, -1.233553727824348500, 2.341249999999998700 ) ) ;
#839 = AXIS2_PLACEMENT_3D ( 'NONE', #2143, #411, #4196 ) ;
#840 = CARTESIAN_POINT ( 'NONE',  ( 0.1730352898830065400, 1.313705060252006400, 2.812633460563339800 ) ) ;
#841 = CARTESIAN_POINT ( 'NONE',  ( -1.103625504730564300, 0.6371784822407128300, -0.7109375000000004400 ) ) ;
#842 = VERTEX_POINT ( 'NONE', #1432 ) ;
#843 = CARTESIAN_POINT ( 'NONE',  ( 0.5529378364870435300, 0.9577164262227553200, -1.456249999999999600 ) ) ;
#844 = CARTESIAN_POINT ( 'NONE',  ( 0.8294067547305643600, -0.4788582131114008100, -2.975000000000000100 ) ) ;
#845 = EDGE_CURVE ( 'NONE', #1612, #1152, #1409, .T. ) ;
#846 = CARTESIAN_POINT ( 'NONE',  ( -0.7216878364870404900, -1.250000000000034600, -1.006249999999998300 ) ) ;
#847 = CARTESIAN_POINT ( 'NONE',  ( 1.105875672974086000, -1.554722593825958500E-014, 0.2687500000000005400 ) ) ;
#848 = CARTESIAN_POINT ( 'NONE',  ( -0.8294067547305646900, -0.4788582131114002000, -2.225000000000000500 ) ) ;
#849 = VECTOR ( 'NONE', #3231, 1000.000000000000000 ) ;
#850 = VECTOR ( 'NONE', #1012, 1000.000000000000000 ) ;
#851 = CARTESIAN_POINT ( 'NONE',  ( -0.1445212860132334100, -1.259408983444588100, 2.341249999999998700 ) ) ;
#852 =( BOUNDED_CURVE ( )  B_SPLINE_CURVE ( 2, ( #3209, #2550, #1554, #498, #1531, #2225, #188 ),
 .UNSPECIFIED., .F., .F. ) 
 B_SPLINE_CURVE_WITH_KNOTS ( ( 3, 2, 2, 3 ),
 ( 0.2500000000000000600, 0.2916666666666666300, 0.3333333333333332600, 0.3749999999999998300 ),
 .UNSPECIFIED. ) 
 CURVE ( )  GEOMETRIC_REPRESENTATION_ITEM ( )  RATIONAL_B_SPLINE_CURVE ( ( 0.9999999999999997800, 0.8660254037844389300, 1.000000000000000000, 0.8660254037844387100, 1.000000000000000000, 0.8660254037844392600, 0.9999999999999994400 ) ) 
 REPRESENTATION_ITEM ( '' )  );
#853 = ADVANCED_FACE ( 'NONE', ( #3577 ), #3699, .T. ) ;
#854 = DIRECTION ( 'NONE',  ( 1.000000000000000000, 0.0000000000000000000, 0.0000000000000000000 ) ) ;
#855 = CARTESIAN_POINT ( 'NONE',  ( -1.153323114484019000, 0.2684824755264738600, 0.6014717341367141800 ) ) ;
#856 = ORIENTED_EDGE ( 'NONE', *, *, #1653, .F. ) ;
#857 = CARTESIAN_POINT ( 'NONE',  ( -0.8294067547305646900, -0.4788582131114001400, -2.675000000000000300 ) ) ;
#858 = ORIENTED_EDGE ( 'NONE', *, *, #2887, .F. ) ;
#859 = DIRECTION ( 'NONE',  ( 0.9188184237650745000, -0.3805870524817772100, 0.1045284632676537800 ) ) ;
#860 = CARTESIAN_POINT ( 'NONE',  ( -0.1723294696900755900, -1.021287919471499000, 0.1820468702828915400 ) ) ;
#861 = PERSON_AND_ORGANIZATION ( #3797, #4273 ) ;
#862 = CARTESIAN_POINT ( 'NONE',  ( -0.5529378364870433100, -0.9577164262227856300, -2.187500000000000000 ) ) ;
#863 = CARTESIAN_POINT ( 'NONE',  ( -0.8315053861671560800, -0.2192021081799236900, 2.952022104113612300 ) ) ;
#864 = ORIENTED_EDGE ( 'NONE', *, *, #2198, .F. ) ;
#865 = CARTESIAN_POINT ( 'NONE',  ( 0.1308087032801281400, -1.277206839153283100, 2.420759527334532800 ) ) ;
#866 = ORIENTED_EDGE ( 'NONE', *, *, #1277, .T. ) ;
#867 = CARTESIAN_POINT ( 'NONE',  ( 0.0000000000000000000, -2.469999999999995300, 2.104999999999996400 ) ) ;
#868 = EDGE_LOOP ( 'NONE', ( #2857, #83, #1144, #1751 ) ) ;
#869 = CYLINDRICAL_SURFACE ( 'NONE', #1624, 1.250000000000000200 ) ;
#870 = DIRECTION ( 'NONE',  ( 0.0000000000000000000, -1.000000000000000000, 0.0000000000000000000 ) ) ;
#871 = CARTESIAN_POINT ( 'NONE',  ( 0.0000000000000000000, 1.274356964481440300, 0.1140624999999995800 ) ) ;
#872 = ORIENTED_EDGE ( 'NONE', *, *, #3269, .T. ) ;
#873 = EDGE_CURVE ( 'NONE', #722, #3923, #2316, .T. ) ;
#874 = CARTESIAN_POINT ( 'NONE',  ( -1.105875672974086000, -1.491815532887645400E-014, -2.656249999999999100 ) ) ;
#875 = CARTESIAN_POINT ( 'NONE',  ( -1.236613112625053200, -0.1549112222113048200, 2.341249999999998700 ) ) ;
#876 = CARTESIAN_POINT ( 'NONE',  ( -0.7603673080736356200, -0.6687007435444407600, 0.1176087187771480800 ) ) ;
#877 = CARTESIAN_POINT ( 'NONE',  ( -1.172864355864558400E-016, -0.9577164262227857400, -3.050000000000000300 ) ) ;
#878 = CARTESIAN_POINT ( 'NONE',  ( 1.278769920465363300, -0.2056980069268750400, 2.823539163165360600 ) ) ;
#879 = AXIS2_PLACEMENT_3D ( 'NONE', #584, #922, #903 ) ;
#880 = ORIENTED_EDGE ( 'NONE', *, *, #1372, .F. ) ;
#881 = VERTEX_POINT ( 'NONE', #1331 ) ;
#882 = ORIENTED_EDGE ( 'NONE', *, *, #1167, .F. ) ;
#883 = CARTESIAN_POINT ( 'NONE',  ( 0.7216878364870391600, -1.250000000000036000, -0.03124999999999886900 ) ) ;
#884 = CARTESIAN_POINT ( 'NONE',  ( 0.1321891574714638400, 1.102440162278463400, -2.916309837721546000 ) ) ;
#885 = CARTESIAN_POINT ( 'NONE',  ( -0.8294067547305644700, 0.4788582131113702800, -0.8937499999999993800 ) ) ;
#886 = CARTESIAN_POINT ( 'NONE',  ( 0.8294067547305643600, -0.4788582131114009800, -1.568749999999999600 ) ) ;
#887 = CARTESIAN_POINT ( 'NONE',  ( -0.7216878364870404900, 1.250000000000002900, 0.6437500000000017100 ) ) ;
#888 = CARTESIAN_POINT ( 'NONE',  ( -0.7582240929255336100, 0.1734033168550360400, 2.341249999999998700 ) ) ;
#889 = DIRECTION ( 'NONE',  ( 0.0000000000000000000, 1.224646799147353000E-016, -1.000000000000000000 ) ) ;
#890 = CARTESIAN_POINT ( 'NONE',  ( -2.107636312096051300E-014, 1.129994060689064800, 0.4807145386344771100 ) ) ;
#891 = CARTESIAN_POINT ( 'NONE',  ( -0.5529378364870433100, -0.9577164262227860800, 1.018750000000000500 ) ) ;
#892 = CARTESIAN_POINT ( 'NONE',  ( 0.7357503364870434700, 1.274356964481440100, -2.145312499999999300 ) ) ;
#893 = EDGE_CURVE ( 'NONE', #3923, #2168, #3015, .T. ) ;
#894 = CARTESIAN_POINT ( 'NONE',  ( 0.7876419676194529300, 0.1612180341806167800, 2.341249999999998700 ) ) ;
#895 = CARTESIAN_POINT ( 'NONE',  ( -0.1543792501139604500, 1.265918474677592900, 2.335273807509830500 ) ) ;
#896 = VERTEX_POINT ( 'NONE', #4383 ) ;
#897 = CARTESIAN_POINT ( 'NONE',  ( -1.105875672974086000, -1.502837354079971200E-014, -1.756249999999999200 ) ) ;
#898 = CIRCLE ( 'NONE', #1379, 1.275507373255449400 ) ;
#899 = DIRECTION ( 'NONE',  ( 0.3826834323651014900, 0.9238795325112819600, 0.0000000000000000000 ) ) ;
#900 = EDGE_CURVE ( 'NONE', #4337, #1887, #404, .T. ) ;
#901 = CARTESIAN_POINT ( 'NONE',  ( -0.1549112222112915800, 1.236613112625054800, 2.341249999999998700 ) ) ;
#902 = CARTESIAN_POINT ( 'NONE',  ( 0.7357503364870434700, 1.274356964481439900, 0.9765624999999996700 ) ) ;
#903 = DIRECTION ( 'NONE',  ( 0.0000000000000000000, -1.000000000000000000, 0.0000000000000000000 ) ) ;
#904 = DIRECTION ( 'NONE',  ( -0.0000000000000000000, -1.224646799147353200E-016, 1.000000000000000000 ) ) ;
#905 = ORIENTED_EDGE ( 'NONE', *, *, #937, .T. ) ;
#906 = CARTESIAN_POINT ( 'NONE',  ( -0.8294067547305645800, 0.4788582131113701700, 0.4562500000000007100 ) ) ;
#907 = CARTESIAN_POINT ( 'NONE',  ( 0.7357503364870434700, 1.274356964481440300, -3.045312499999999200 ) ) ;
#908 =( BOUNDED_CURVE ( )  B_SPLINE_CURVE ( 2, ( #2243, #206, #2581, #3308, #2928, #883, #2944 ),
 .UNSPECIFIED., .F., .T. ) 
 B_SPLINE_CURVE_WITH_KNOTS ( ( 3, 2, 2, 3 ),
 ( 0.5000000000000000000, 0.5416666666666668500, 0.5833333333333333700, 0.6250000000000002200 ),
 .UNSPECIFIED. ) 
 CURVE ( )  GEOMETRIC_REPRESENTATION_ITEM ( )  RATIONAL_B_SPLINE_CURVE ( ( 1.000000000000000000, 0.8660254037844387100, 1.000000000000000000, 0.8660254037844387100, 1.000000000000000000, 0.8660254037844380400, 1.000000000000000700 ) ) 
 REPRESENTATION_ITEM ( '' )  );
#909 = DIRECTION ( 'NONE',  ( -0.07992773943613239200, 0.07992773943613262800, -0.9935910189495773500 ) ) ;
#910 = AXIS2_PLACEMENT_3D ( 'NONE', #812, #177, #2566 ) ;
#911 = PLANE ( 'NONE',  #1931 ) ;
#912 = TOROIDAL_SURFACE ( 'NONE', #3472, 1.901454066994983300, 0.5775000000000000100 ) ;
#913 = CARTESIAN_POINT ( 'NONE',  ( 1.233553727824348500, 0.1550073732554530800, 2.341249999999998700 ) ) ;
#914 = CARTESIAN_POINT ( 'NONE',  ( 0.0000000000000000000, 0.9577164262227556600, -1.868749999999999200 ) ) ;
#915 = CARTESIAN_POINT ( 'NONE',  ( 0.7357503364870423600, -1.274356964481471000, -0.4953124999999994300 ) ) ;
#916 = CARTESIAN_POINT ( 'NONE',  ( -0.1222308907553046200, -1.269637219277294900, 2.341249999999998700 ) ) ;
#917 = CARTESIAN_POINT ( 'NONE',  ( -0.5529378364870428700, 0.9577164262227556600, -2.337500000000000400 ) ) ;
#918 = CARTESIAN_POINT ( 'NONE',  ( -0.1530139639948685500, 1.246116233604792200, 2.341249999999998700 ) ) ;
#919 = CARTESIAN_POINT ( 'NONE',  ( 0.9973480607577186500, -0.7725424859373877200, -2.758852549156242300 ) ) ;
#920 = EDGE_LOOP ( 'NONE', ( #1567, #1100, #80, #1617 ) ) ;
#921 = ADVANCED_FACE ( 'NONE', ( #499 ), #132, .T. ) ;
#922 = DIRECTION ( 'NONE',  ( -0.0000000000000000000, -1.224646799147353200E-016, 1.000000000000000000 ) ) ;
#923 = CARTESIAN_POINT ( 'NONE',  ( 1.269637219277294700, 0.1222308907553058300, 2.341249999999998700 ) ) ;
#924 = VERTEX_POINT ( 'NONE', #2621 ) ;
#925 = CARTESIAN_POINT ( 'NONE',  ( -0.5529378364870433100, -0.9577164262227859700, 0.1187500000000004800 ) ) ;
#926 = AXIS2_PLACEMENT_3D ( 'NONE', #2258, #1216, #252 ) ;
#927 = CARTESIAN_POINT ( 'NONE',  ( -0.5529378364870433100, -0.9577164262227856300, -1.737500000000000500 ) ) ;
#928 = EDGE_LOOP ( 'NONE', ( #1866, #824, #1623, #3953, #973 ) ) ;
#929 = EDGE_CURVE ( 'NONE', #1141, #3187, #3373, .T. ) ;
#930 = CARTESIAN_POINT ( 'NONE',  ( 0.0000000000000000000, 1.084202172485504400E-015, 1.527499999999999200 ) ) ;
#931 = CARTESIAN_POINT ( 'NONE',  ( -1.256251593563929300, 0.1470524354260305800, 2.341249999999998700 ) ) ;
#932 = CARTESIAN_POINT ( 'NONE',  ( 1.082531754730562600, -0.6250000000000239800, -2.243749999999998600 ) ) ;
#933 = APPROVAL_ROLE ( '' ) ;
#934 = CARTESIAN_POINT ( 'NONE',  ( 0.8294067547305649100, 0.4788582131113693900, -0.5937499999999994400 ) ) ;
#935 = ORIENTED_EDGE ( 'NONE', *, *, #2371, .F. ) ;
#936 = CARTESIAN_POINT ( 'NONE',  ( -1.471500672974085400, -1.514203607184558100E-014, -0.6453124999999991800 ) ) ;
#937 = EDGE_CURVE ( 'NONE', #2351, #896, #2913, .T. ) ;
#938 = CARTESIAN_POINT ( 'NONE',  ( -0.6589606864430185300, -0.7606930970846742500, -3.023822792979663300 ) ) ;
#939 = VERTEX_POINT ( 'NONE', #1911 ) ;
#940 = CARTESIAN_POINT ( 'NONE',  ( 0.0000000000000000000, 0.9577164262227557700, -2.375000000000000400 ) ) ;
#941 = CARTESIAN_POINT ( 'NONE',  ( 1.082531754730563500, 0.6249999999999926700, -2.168749999999998400 ) ) ;
#942 = ORIENTED_EDGE ( 'NONE', *, *, #1737, .F. ) ;
#943 = DIRECTION ( 'NONE',  ( 1.000000000000000000, 0.0000000000000000000, 0.0000000000000000000 ) ) ;
#944 = CARTESIAN_POINT ( 'NONE',  ( -0.8294067547305646900, -0.4788582131114004800, 0.08125000000000060000 ) ) ;
#945 = CARTESIAN_POINT ( 'NONE',  ( -0.8294067547305646900, -0.4788582131114002500, -1.775000000000000400 ) ) ;
#946 = ADVANCED_BREP_SHAPE_REPRESENTATION ( '92000A102_Passivated 18-8 Stainless Steel Pan Head Phillips Screws', ( #137, #1699 ), #1497 ) ;
#947 = CARTESIAN_POINT ( 'NONE',  ( 0.0000000000000000000, 0.9577164262227554300, -0.5187499999999994900 ) ) ;
#948 = CARTESIAN_POINT ( 'NONE',  ( -0.7216878364870397100, 1.250000000000005600, -1.212500000000001500 ) ) ;
#949 = CARTESIAN_POINT ( 'NONE',  ( 1.082531754730562600, -0.6250000000000239800, -2.693749999999998800 ) ) ;
#950 = CARTESIAN_POINT ( 'NONE',  ( -1.278769920465362000, 0.2056980069268834200, 2.823539163165361500 ) ) ;
#951 = ADVANCED_FACE ( 'NONE', ( #1990 ), #4067, .T. ) ;
#952 = CARTESIAN_POINT ( 'NONE',  ( -1.304614631299511900, -0.1935152916963036900, 2.814911307487916400 ) ) ;
#953 = CARTESIAN_POINT ( 'NONE',  ( 0.2276197203301017800, 0.8651502405362175900, 3.032110333944721500 ) ) ;
#954 = ORIENTED_EDGE ( 'NONE', *, *, #1459, .F. ) ;
#955 = CARTESIAN_POINT ( 'NONE',  ( -0.8294067547305645800, 0.4788582131113701100, 0.8499999999999998700 ) ) ;
#956 = CARTESIAN_POINT ( 'NONE',  ( -0.5529378364870428700, 0.9577164262227556600, -1.887500000000000400 ) ) ;
#957 = EDGE_LOOP ( 'NONE', ( #4146, #4024, #3716, #3068 ) ) ;
#958 = CARTESIAN_POINT ( 'NONE',  ( -0.04680652530280426200, -0.1130009481935862300, -0.7799584642923095300 ) ) ;
#959 = CARTESIAN_POINT ( 'NONE',  ( 0.1516233928923818300, 1.249418676946340900, 2.341249999999998700 ) ) ;
#960 = CARTESIAN_POINT ( 'NONE',  ( -0.2497856922875264000, -0.9577164262227856300, -3.050000000000000300 ) ) ;
#961 = CARTESIAN_POINT ( 'NONE',  ( 0.0000000000000000000, 1.274356964481440100, 1.014062499999999600 ) ) ;
#962 = CARTESIAN_POINT ( 'NONE',  ( 0.8294067547305650200, 0.4788582131113695600, -1.550000000000000500 ) ) ;
#963 = LINE ( 'NONE', #1159, #2416 ) ;
#964 = EDGE_CURVE ( 'NONE', #3709, #2697, #3994, .T. ) ;
#965 = CARTESIAN_POINT ( 'NONE',  ( 0.0000000000000000000, -0.5651250420952499400, 1.765599797474592900 ) ) ;
#966 = CYLINDRICAL_SURFACE ( 'NONE', #3053, 0.2429999999999999900 ) ;
#967 = DIRECTION ( 'NONE',  ( 4.112774518720002100E-015, 1.000000000000000000, -0.0000000000000000000 ) ) ;
#968 = CARTESIAN_POINT ( 'NONE',  ( 0.2055454893361478300, -1.282869001841544500, 2.822088055221574400 ) ) ;
#969 = CARTESIAN_POINT ( 'NONE',  ( 1.105875672974086000, -1.565055551193763900E-014, 1.112499999999999800 ) ) ;
#970 = CARTESIAN_POINT ( 'NONE',  ( 0.0000000000000000000, -1.163414459189984400E-016, 0.9499999999999990700 ) ) ;
#971 = AXIS2_PLACEMENT_3D ( 'NONE', #2515, #1154, #3139 ) ;
#972 = CARTESIAN_POINT ( 'NONE',  ( 1.154360588301472000, 0.1777289475118190900, 0.5582713234169715000 ) ) ;
#973 = ORIENTED_EDGE ( 'NONE', *, *, #88, .T. ) ;
#974 = FACE_OUTER_BOUND ( 'NONE', #1076, .T. ) ;
#975 = CARTESIAN_POINT ( 'NONE',  ( 0.1237520465791834100, 1.269490774112874900, 2.341249999999998700 ) ) ;
#976 = VERTEX_POINT ( 'NONE', #3293 ) ;
#977 = CARTESIAN_POINT ( 'NONE',  ( 1.105875672974086000, -1.543011908809111400E-014, -0.6875000000000002200 ) ) ;
#978 = CARTESIAN_POINT ( 'NONE',  ( -0.8335723616874317600, 0.4716431702177141200, 0.006815019250175235000 ) ) ;
#979 = LINE ( 'NONE', #727, #2850 ) ;
#980 = CARTESIAN_POINT ( 'NONE',  ( 1.285805685867823300, -0.2049515102569808000, 2.821070966074695100 ) ) ;
#981 = VERTEX_POINT ( 'NONE', #540 ) ;
#982 = CONICAL_SURFACE ( 'NONE', #2738, 0.9687500000000026600, 0.7853981633974430600 ) ;
#983 = CARTESIAN_POINT ( 'NONE',  ( -1.287010502918505900, -0.2046405386763331700, 2.820656812240933700 ) ) ;
#984 = CARTESIAN_POINT ( 'NONE',  ( -0.2046405386763194800, 1.287010502918508400, 2.820656812240934600 ) ) ;
#985 = ORIENTED_EDGE ( 'NONE', *, *, #1626, .T. ) ;
#986 = CARTESIAN_POINT ( 'NONE',  ( 1.471500672974085400, -1.553000434264657500E-014, -0.4203124999999991500 ) ) ;
#987 = CARTESIAN_POINT ( 'NONE',  ( -0.5529378364870433100, -0.9577164262227855200, -1.231249999999999100 ) ) ;
#988 = VERTEX_POINT ( 'NONE', #1214 ) ;
#989 = FACE_OUTER_BOUND ( 'NONE', #3546, .T. ) ;
#990 = AXIS2_PLACEMENT_3D ( 'NONE', #2362, #1001, #1011 ) ;
#991 = DIRECTION ( 'NONE',  ( -0.9188184237650770500, 0.3805870524817707200, 0.1045284632676538300 ) ) ;
#992 = CARTESIAN_POINT ( 'NONE',  ( 1.020155583946828800, -0.1065363432143993900, 0.1704135681996246100 ) ) ;
#993 = CARTESIAN_POINT ( 'NONE',  ( -0.8651502405362157000, 0.2276197203301104600, 3.032110333944721500 ) ) ;
#994 = AXIS2_PLACEMENT_3D ( 'NONE', #4151, #3811, #2129 ) ;
#995 = EDGE_CURVE ( 'NONE', #924, #4087, #3689, .T. ) ;
#996 = DIRECTION ( 'NONE',  ( -0.0000000000000000000, 2.449293598294706400E-016, -1.000000000000000000 ) ) ;
#997 = CARTESIAN_POINT ( 'NONE',  ( -0.5968345110620977300, 0.9745473374093964700, -2.886340641751147900 ) ) ;
#998 = ORIENTED_EDGE ( 'NONE', *, *, #4183, .F. ) ;
#999 = VERTEX_POINT ( 'NONE', #4314 ) ;
#1000 = EDGE_LOOP ( 'NONE', ( #2394, #720, #3339, #2647 ) ) ;
#1001 = DIRECTION ( 'NONE',  ( 0.0000000000000000000, 0.0000000000000000000, 1.000000000000000000 ) ) ;
#1002 = CARTESIAN_POINT ( 'NONE',  ( 1.077927650443260700, 0.1817889730271523600, 0.3542607216833444400 ) ) ;
#1003 = CARTESIAN_POINT ( 'NONE',  ( 0.1527176720880414300, -1.137923777708517200, -2.880826222291432700 ) ) ;
#1004 = EDGE_CURVE ( 'NONE', #2436, #401, #2477, .T. ) ;
#1005 = CARTESIAN_POINT ( 'NONE',  ( -0.8294067547305645800, -0.4788582131114002500, -1.325000000000000200 ) ) ;
#1006 =( LENGTH_UNIT ( ) NAMED_UNIT ( * ) SI_UNIT ( .MILLI., .METRE. ) );
#1007 = CARTESIAN_POINT ( 'NONE',  ( 0.8137222970565049000, 0.6515306902823805300, 0.2161605936813285600 ) ) ;
#1008 = EDGE_LOOP ( 'NONE', ( #3584, #1412, #3334, #2686 ) ) ;
#1009 = B_SPLINE_CURVE_WITH_KNOTS ( 'NONE', 3,
 ( #2039, #48, #2401, #2725 ),
 .UNSPECIFIED., .F., .F.,
 ( 4, 4 ),
 ( 5.421010862427522200E-020, 0.0001886769368615541600 ),
 .UNSPECIFIED. ) ;
#1010 = CARTESIAN_POINT ( 'NONE',  ( -0.7357503364870425800, 1.274356964481440500, -2.070312499999998700 ) ) ;
#1011 = DIRECTION ( 'NONE',  ( 1.000000000000000000, 0.0000000000000000000, 0.0000000000000000000 ) ) ;
#1012 = DIRECTION ( 'NONE',  ( -0.0000000000000000000, -1.224646799147353200E-016, 1.000000000000000000 ) ) ;
#1013 = PRODUCT_DEFINITION ( 'UNKNOWN', '', #2709, #4135 ) ;
#1014 = CARTESIAN_POINT ( 'NONE',  ( -1.082531754730562800, 0.6249999999999935600, -2.018749999999998500 ) ) ;
#1015 = CARTESIAN_POINT ( 'NONE',  ( -1.172864355864558200E-016, -0.9577164262227858500, -0.8000000000000001600 ) ) ;
#1016 = CARTESIAN_POINT ( 'NONE',  ( 0.0000000000000000000, -1.901454066994982200, 1.527499999999999000 ) ) ;
#1017 = CARTESIAN_POINT ( 'NONE',  ( 1.311590164822788100, 0.1822507305810756900, 2.812954681521256700 ) ) ;
#1018 = CARTESIAN_POINT ( 'NONE',  ( -1.105875672974086000, -1.518681222043940100E-014, -0.4625000000000002400 ) ) ;
#1019 = CIRCLE ( 'NONE', #1405, 3.813281901587955300 ) ;
#1020 = CARTESIAN_POINT ( 'NONE',  ( 0.5529378364870435300, 0.9577164262227553200, -1.512500000000000600 ) ) ;
#1021 = DIRECTION ( 'NONE',  ( -0.0000000000000000000, -1.224646799147353200E-016, 1.000000000000000000 ) ) ;
#1022 = CARTESIAN_POINT ( 'NONE',  ( -0.1563172603284863600, -1.299389152772500100, 2.657404060349339800 ) ) ;
#1023 = CARTESIAN_POINT ( 'NONE',  ( -0.5907676480321567600, -1.086853401563391700, -2.791264109133754900 ) ) ;
#1024 = EDGE_CURVE ( 'NONE', #1677, #2714, #2201, .T. ) ;
#1025 = CARTESIAN_POINT ( 'NONE',  ( 0.0000000000000000000, 1.116036695352097900, 0.02265625000000010700 ) ) ;
#1026 = CARTESIAN_POINT ( 'NONE',  ( 0.1963367053918662300, -1.301490767954522500, 2.815891418479093300 ) ) ;
#1027 = CARTESIAN_POINT ( 'NONE',  ( 0.0000000000000000000, 0.9577164262227554300, -0.06874999999999936700 ) ) ;
#1028 = CARTESIAN_POINT ( 'NONE',  ( 0.7216878364870409300, -1.250000000000033100, 0.3624999999999983200 ) ) ;
#1029 = FACE_OUTER_BOUND ( 'NONE', #4346, .T. ) ;
#1030 = AXIS2_PLACEMENT_3D ( 'NONE', #1499, #3166, #3463 ) ;
#1031 = CARTESIAN_POINT ( 'NONE',  ( -0.5529378364870428700, 0.9577164262227554300, -0.5375000000000002000 ) ) ;
#1032 = CARTESIAN_POINT ( 'NONE',  ( 0.8294067547305643600, -0.4788582131114008100, -2.918749999999999300 ) ) ;
#1033 = VERTEX_POINT ( 'NONE', #878 ) ;
#1034 = CARTESIAN_POINT ( 'NONE',  ( -0.5529378364870428700, 0.9577164262227556600, -1.887500000000000200 ) ) ;
#1035 = ORIENTED_EDGE ( 'NONE', *, *, #4102, .T. ) ;
#1036 = CARTESIAN_POINT ( 'NONE',  ( 0.1222308907553016900, -1.269637219277295300, 2.341249999999998700 ) ) ;
#1037 = CARTESIAN_POINT ( 'NONE',  ( 0.4371760101403707700, 0.3063857869185260800, 2.341249999999998700 ) ) ;
#1038 = LINE ( 'NONE', #2675, #2150 ) ;
#1039 = CARTESIAN_POINT ( 'NONE',  ( 0.2055793280557932600, 1.280778013935447400, 2.822830325031627600 ) ) ;
#1040 = ORIENTED_EDGE ( 'NONE', *, *, #1863, .T. ) ;
#1041 = ORIENTED_EDGE ( 'NONE', *, *, #122, .F. ) ;
#1042 = CARTESIAN_POINT ( 'NONE',  ( 0.0000000000000000000, 0.9577164262227555500, -1.418749999999999500 ) ) ;
#1043 = CARTESIAN_POINT ( 'NONE',  ( 0.8757865865275681300, -0.8919068644530433500, -2.768750000000000300 ) ) ;
#1044 = CARTESIAN_POINT ( 'NONE',  ( -0.5529378364870433100, -0.9577164262227855200, -1.737500000000000300 ) ) ;
#1045 =( BOUNDED_SURFACE ( )  B_SPLINE_SURFACE ( 1, 2, ( 
 ( #1924, #2911, #537, #3609, #4296, #1883, #2897, #1249, #844, #3250, #1591, #3974, #1553, #3318, #2988, #3989, #2633, #2299, #2652, #261, #2974, #2283, #599, #244, #940, #917, #581, #3304, #1943, #1264, #3642, #1606, #4327, #2641, #267, #2961, #1613, #4303, #3012, #2671, #945, #927, #587, #1584, #2980, #3962, #962, #231, #4030 ),
 ( #3979, #3325, #1303, #1269, #2943, #4317, #1284, #1914, #2272, #2624, #574, #907, #625, #2659, #3296, #3663, #3307, #1635, #3340, #1255, #3649, #2993, #4014, #3995, #3680, #1933, #3628, #1965, #2303, #1598, #4351, #2290, #251, #1649, #1988, #892, #608, #1951, #2327, #279, #4368, #2341, #4336, #299, #559, #3280, #1236, #3615, #1361 ) ),
 .UNSPECIFIED., .F., .F., .F. ) 
 B_SPLINE_SURFACE_WITH_KNOTS ( ( 2, 2 ),
 ( 3, 2, 2, 2, 2, 2, 2, 2, 2, 2, 2, 2, 2, 2, 2, 2, 2, 2, 2, 2, 2, 2, 2, 2, 3 ),
 ( 0.0000000000000000000, 1.000000000000000000 ),
 ( 0.0000000000000000000, 0.04166666666666666400, 0.08333333333333332900, 0.1250000000000000000, 0.1666666666666666600, 0.2083333333333333400, 0.2500000000000000000, 0.2916666666666666900, 0.3333333333333333100, 0.3750000000000000000, 0.4166666666666666900, 0.4583333333333333100, 0.5000000000000000000, 0.5416666666666666300, 0.5833333333333333700, 0.6250000000000000000, 0.6666666666666666300, 0.7083333333333333700, 0.7500000000000000000, 0.7916666666666666300, 0.8333333333333333700, 0.8750000000000000000, 0.9166666666666666300, 0.9583333333333333700, 1.000000000000000000 ),
 .UNSPECIFIED. ) 
 GEOMETRIC_REPRESENTATION_ITEM ( )  RATIONAL_B_SPLINE_SURFACE ( (
 ( 1.000000000000000000, 0.8660254037844387100, 1.000000000000000000, 0.8660254037844387100, 1.000000000000000000, 0.8660254037844387100, 1.000000000000000000, 0.8660254037844387100, 1.000000000000000000, 0.8660254037844387100, 1.000000000000000000, 0.8660254037844387100, 1.000000000000000000, 0.8660254037844387100, 1.000000000000000000, 0.8660254037844387100, 1.000000000000000000, 0.8660254037844387100, 1.000000000000000000, 0.8660254037844387100, 1.000000000000000000, 0.8660254037844387100, 1.000000000000000000, 0.8660254037844387100, 1.000000000000000000, 0.8660254037844387100, 1.000000000000000000, 0.8660254037844387100, 1.000000000000000000, 0.8660254037844387100, 1.000000000000000000, 0.8660254037844387100, 1.000000000000000000, 0.8660254037844387100, 1.000000000000000000, 0.8660254037844387100, 1.000000000000000000, 0.8660254037844387100, 1.000000000000000000, 0.8660254037844387100, 1.000000000000000000, 0.8660254037844387100, 1.000000000000000000, 0.8660254037844387100, 1.000000000000000000, 0.8660254037844387100, 1.000000000000000000, 0.8660254037844387100, 1.000000000000000000),
 ( 1.000000000000000000, 0.8660254037844387100, 1.000000000000000000, 0.8660254037844387100, 1.000000000000000000, 0.8660254037844387100, 1.000000000000000000, 0.8660254037844387100, 1.000000000000000000, 0.8660254037844387100, 1.000000000000000000, 0.8660254037844387100, 1.000000000000000000, 0.8660254037844387100, 1.000000000000000000, 0.8660254037844387100, 1.000000000000000000, 0.8660254037844387100, 1.000000000000000000, 0.8660254037844387100, 1.000000000000000000, 0.8660254037844387100, 1.000000000000000000, 0.8660254037844387100, 1.000000000000000000, 0.8660254037844387100, 1.000000000000000000, 0.8660254037844387100, 1.000000000000000000, 0.8660254037844387100, 1.000000000000000000, 0.8660254037844387100, 1.000000000000000000, 0.8660254037844387100, 1.000000000000000000, 0.8660254037844387100, 1.000000000000000000, 0.8660254037844387100, 1.000000000000000000, 0.8660254037844387100, 1.000000000000000000, 0.8660254037844387100, 1.000000000000000000, 0.8660254037844387100, 1.000000000000000000, 0.8660254037844387100, 1.000000000000000000, 0.8660254037844387100, 1.000000000000000000) ) ) 
 REPRESENTATION_ITEM ( '' )  SURFACE ( )  );
#1046 = CARTESIAN_POINT ( 'NONE',  ( 1.471500672974085600, -1.536123270563907400E-014, -1.798437500000000600 ) ) ;
#1047 = ORIENTED_EDGE ( 'NONE', *, *, #448, .F. ) ;
#1048 = CARTESIAN_POINT ( 'NONE',  ( -1.530808498934212000E-016, -1.250000000000032200, 0.3812500000000013700 ) ) ;
#1049 = CARTESIAN_POINT ( 'NONE',  ( -0.5529378364870433100, -0.9577164262227858500, -1.681249999999999700 ) ) ;
#1050 = ORIENTED_EDGE ( 'NONE', *, *, #706, .T. ) ;
#1051 = CARTESIAN_POINT ( 'NONE',  ( -1.560637177523351900E-016, -1.274356964481470500, -1.882812499999999100 ) ) ;
#1052 = EDGE_CURVE ( 'NONE', #3660, #3710, #2254, .T. ) ;
#1053 = CARTESIAN_POINT ( 'NONE',  ( -0.1479533444429213800, -1.292136892503764200, 2.579798662772151600 ) ) ;
#1054 = ORIENTED_EDGE ( 'NONE', *, *, #1082, .T. ) ;
#1055 =( BOUNDED_CURVE ( )  B_SPLINE_CURVE ( 3, ( #2945, #544, #3309, #1936 ),
 .UNSPECIFIED., .F., .F. ) 
 B_SPLINE_CURVE_WITH_KNOTS ( ( 4, 4 ),
 ( 2.751161613710444900, 3.532023693469142200 ),
 .UNSPECIFIED. ) 
 CURVE ( )  GEOMETRIC_REPRESENTATION_ITEM ( )  RATIONAL_B_SPLINE_CURVE ( ( 1.000000000000000000, 0.9498300650479270000, 0.9498300650479270000, 1.000000000000000000 ) ) 
 REPRESENTATION_ITEM ( '' )  );
#1056 = CARTESIAN_POINT ( 'NONE',  ( -0.3063857869185215300, 0.4371760101403734900, 2.341249999999998700 ) ) ;
#1057 = EDGE_CURVE ( 'NONE', #3008, #1301, #4246, .T. ) ;
#1058 = CARTESIAN_POINT ( 'NONE',  ( 0.0000000000000000000, 0.9577164262227554300, -0.5750000000000001800 ) ) ;
#1059 = CARTESIAN_POINT ( 'NONE',  ( 0.2056980069268703700, 1.278769920465365100, 2.823539163165362400 ) ) ;
#1060 = EDGE_LOOP ( 'NONE', ( #2755, #3971, #733 ) ) ;
#1061 = CARTESIAN_POINT ( 'NONE',  ( 0.7357503364870434700, 1.274356964481440300, -2.623437500000000100 ) ) ;
#1062 = CARTESIAN_POINT ( 'NONE',  ( 1.082531754730563500, 0.6249999999999924500, -2.225000000000001900 ) ) ;
#1063 = CARTESIAN_POINT ( 'NONE',  ( -0.5529378364870428700, 0.9577164262227557700, -1.831249999999999600 ) ) ;
#1064 = CARTESIAN_POINT ( 'NONE',  ( 1.103625504730564500, 0.6371784822407118300, -1.732812499999999200 ) ) ;
#1065 = CARTESIAN_POINT ( 'NONE',  ( -1.278769920465364400, -0.2056980069268723700, 2.823539163165360600 ) ) ;
#1066 = CARTESIAN_POINT ( 'NONE',  ( 0.2056980069268703700, 1.278769920465365100, 2.823539163165362400 ) ) ;
#1067 = FACE_OUTER_BOUND ( 'NONE', #51, .T. ) ;
#1068 = CC_DESIGN_PERSON_AND_ORGANIZATION_ASSIGNMENT ( #3169, #2386, ( #4166 ) ) ;
#1069 = DIRECTION ( 'NONE',  ( 0.0000000000000000000, -1.000000000000000000, 0.0000000000000000000 ) ) ;
#1070 = CARTESIAN_POINT ( 'NONE',  ( -0.7357503364870425800, 1.274356964481440300, -0.2984375000000003600 ) ) ;
#1071 = CARTESIAN_POINT ( 'NONE',  ( 0.5529378364870435300, 0.9577164262227552100, -0.1625000000000000300 ) ) ;
#1072 = CARTESIAN_POINT ( 'NONE',  ( -0.7357503364870433500, -1.274356964481470500, -1.948437500000000700 ) ) ;
#1073 = CARTESIAN_POINT ( 'NONE',  ( 1.082531754730563500, 0.6249999999999925600, -1.718749999999998700 ) ) ;
#1074 = EDGE_CURVE ( 'NONE', #3323, #827, #3935, .T. ) ;
#1075 = CARTESIAN_POINT ( 'NONE',  ( 0.5529378364870427600, -0.9577164262227860800, -2.506249999999999200 ) ) ;
#1076 = EDGE_LOOP ( 'NONE', ( #2219, #1511, #2117, #2206 ) ) ;
#1077 = CARTESIAN_POINT ( 'NONE',  ( -0.7357503364870431300, -1.274356964481470300, -1.920312499999999000 ) ) ;
#1078 = EDGE_LOOP ( 'NONE', ( #4363, #2495, #2199, #3228 ) ) ;
#1079 = DIRECTION ( 'NONE',  ( 0.0000000000000000000, -1.000000000000000000, 0.0000000000000000000 ) ) ;
#1080 = SPHERICAL_SURFACE ( 'NONE', #2352, 3.817103023916980800 ) ;
#1081 = VERTEX_POINT ( 'NONE', #2715 ) ;
#1082 = EDGE_CURVE ( 'NONE', #1733, #2159, #3799, .T. ) ;
#1083 = PERSON_AND_ORGANIZATION ( #3797, #4273 ) ;
#1084 =( BOUNDED_CURVE ( )  B_SPLINE_CURVE ( 2, ( #480, #846, #834, #3226, #1514, #821, #1181 ),
 .UNSPECIFIED., .F., .T. ) 
 B_SPLINE_CURVE_WITH_KNOTS ( ( 3, 2, 2, 3 ),
 ( 0.3749999999999998300, 0.4166666666666665200, 0.4583333333333333100, 0.5000000000000000000 ),
 .UNSPECIFIED. ) 
 CURVE ( )  GEOMETRIC_REPRESENTATION_ITEM ( )  RATIONAL_B_SPLINE_CURVE ( ( 1.000000000000000400, 0.8660254037844381500, 1.000000000000000000, 0.8660254037844387100, 1.000000000000000000, 0.8660254037844387100, 1.000000000000000000 ) ) 
 REPRESENTATION_ITEM ( '' )  );
#1085 = CARTESIAN_POINT ( 'NONE',  ( 0.3594804923862313100, 0.4902707156080746700, 3.001276454878519100 ) ) ;
#1086 = CARTESIAN_POINT ( 'NONE',  ( 0.0000000000000000000, 1.274356964481440300, -0.3359375000000003300 ) ) ;
#1087 = CARTESIAN_POINT ( 'NONE',  ( 0.8294067547305650200, 0.4788582131113693900, -0.2000000000000001500 ) ) ;
#1088 = ORIENTED_EDGE ( 'NONE', *, *, #1787, .T. ) ;
#1089 = CIRCLE ( 'NONE', #211, 3.815121252037128500 ) ;
#1090 = VERTEX_POINT ( 'NONE', #3659 ) ;
#1091 = CARTESIAN_POINT ( 'NONE',  ( -0.8294067547305645800, 0.4788582131113706100, -3.143749999999999400 ) ) ;
#1092 = DIRECTION ( 'NONE',  ( 0.0000000000000000000, -1.000000000000000000, -1.224646799147353200E-016 ) ) ;
#1093 = ORIENTED_EDGE ( 'NONE', *, *, #3954, .T. ) ;
#1094 = LINE ( 'NONE', #1134, #620 ) ;
#1095 = CARTESIAN_POINT ( 'NONE',  ( -1.560637177523351900E-016, -1.274356964481470700, -0.5328124999999992500 ) ) ;
#1096 = DIRECTION ( 'NONE',  ( 0.02078751127481449900, 0.1045058763748859400, -0.9943069954385901400 ) ) ;
#1097 = CARTESIAN_POINT ( 'NONE',  ( -1.443375672974083900, -1.492504396712165800E-014, -2.431249999999997700 ) ) ;
#1098 = CARTESIAN_POINT ( 'NONE',  ( 0.8294067547305643600, -0.4788582131114010900, -0.2187499999999995000 ) ) ;
#1099 = CARTESIAN_POINT ( 'NONE',  ( 0.1219187516724312800, -1.269361737534861600, 2.338356736255607200 ) ) ;
#1100 = ORIENTED_EDGE ( 'NONE', *, *, #4102, .F. ) ;
#1101 = CARTESIAN_POINT ( 'NONE',  ( 0.0000000000000000000, 0.9577164262227553200, 0.7749999999999999100 ) ) ;
#1102 = ORIENTED_EDGE ( 'NONE', *, *, #1756, .F. ) ;
#1103 = CARTESIAN_POINT ( 'NONE',  ( -1.560637177523352200E-016, -1.274356964481471000, -1.910937500000000600 ) ) ;
#1104 = CARTESIAN_POINT ( 'NONE',  ( -0.2276197203301017800, -0.8651502405362181400, 3.032110333944721100 ) ) ;
#1105 = CARTESIAN_POINT ( 'NONE',  ( -1.233277472494707800, -0.1547032789821775300, 2.338356736255607200 ) ) ;
#1106 = CARTESIAN_POINT ( 'NONE',  ( -1.443375672974083900, -1.513859175272297600E-014, -0.6875000000000013300 ) ) ;
#1107 = EDGE_CURVE ( 'NONE', #1930, #3008, #3114, .T. ) ;
#1108 = CARTESIAN_POINT ( 'NONE',  ( -0.2056980069268585800, 1.278769920465367100, 2.823539163165361500 ) ) ;
#1109 = CARTESIAN_POINT ( 'NONE',  ( -0.8294067547305646900, -0.4788582131114005300, 0.4749999999999998100 ) ) ;
#1110 = CARTESIAN_POINT ( 'NONE',  ( 0.8294067547305643600, -0.4788582131114008700, -2.525000000000000400 ) ) ;
#1111 = VERTEX_POINT ( 'NONE', #4401 ) ;
#1112 = CARTESIAN_POINT ( 'NONE',  ( -0.8633221105560766600, 0.2184290902842175000, 2.944667330124167900 ) ) ;
#1113 = AXIS2_PLACEMENT_3D ( 'NONE', #1595, #3992, #2940 ) ;
#1114 = CARTESIAN_POINT ( 'NONE',  ( -0.7357503364870425800, 1.274356964481440300, 0.1515624999999996000 ) ) ;
#1115 = CARTESIAN_POINT ( 'NONE',  ( 0.5529378364870435300, 0.9577164262227549900, 0.7374999999999999300 ) ) ;
#1116 = CARTESIAN_POINT ( 'NONE',  ( 0.8294067547305650200, 0.4788582131113696700, -2.393749999999999800 ) ) ;
#1117 = CARTESIAN_POINT ( 'NONE',  ( -0.1422333978430535800, 1.055882619751772800, 0.2770950281360013400 ) ) ;
#1118 = CARTESIAN_POINT ( 'NONE',  ( -1.295836518502494900, -0.1885057458055553200, 2.659965725065054400 ) ) ;
#1119 = ORIENTED_EDGE ( 'NONE', *, *, #2381, .T. ) ;
#1120 = CARTESIAN_POINT ( 'NONE',  ( -1.262379981475679800, -0.1411471484357759400, 2.341249999999998700 ) ) ;
#1121 = CARTESIAN_POINT ( 'NONE',  ( -0.7216878364870446000, -1.250000000000028000, -0.6125000000000020400 ) ) ;
#1122 = CARTESIAN_POINT ( 'NONE',  ( -0.1730352898829944600, 1.313705060252008200, 2.812633460563339800 ) ) ;
#1123 = CARTESIAN_POINT ( 'NONE',  ( 0.0000000000000000000, 0.9577164262227555500, -0.5187499999999992700 ) ) ;
#1124 = CARTESIAN_POINT ( 'NONE',  ( 0.1745211440082887200, -1.314971652827923600, 2.826433334085050000 ) ) ;
#1125 = AXIS2_PLACEMENT_3D ( 'NONE', #2247, #4235, #3604 ) ;
#1126 = CARTESIAN_POINT ( 'NONE',  ( 0.5529378364870427600, -0.9577164262227863000, 0.5874999999999996900 ) ) ;
#1127 = LINE ( 'NONE', #1899, #3058 ) ;
#1128 = ADVANCED_FACE ( 'NONE', ( #1191, #2144 ), #4009, .T. ) ;
#1129 = CARTESIAN_POINT ( 'NONE',  ( 1.443375672974083600, -1.541634181160070900E-014, -1.306249999999998400 ) ) ;
#1130 = DIRECTION ( 'NONE',  ( -0.0000000000000000000, -1.224646799147353200E-016, 1.000000000000000000 ) ) ;
#1131 = EDGE_CURVE ( 'NONE', #3272, #981, #2040, .T. ) ;
#1132 = CARTESIAN_POINT ( 'NONE',  ( -0.2294999999999999500, -7.227777463123418000E-016, 3.049999999999998900 ) ) ;
#1133 = FACE_OUTER_BOUND ( 'NONE', #3086, .T. ) ;
#1134 = CARTESIAN_POINT ( 'NONE',  ( -1.593020556330873700E-016, -1.300799999999997300, 0.9499999999999989600 ) ) ;
#1135 = CARTESIAN_POINT ( 'NONE',  ( -1.278769920465362000, 0.2056980069268834200, 2.823539163165361500 ) ) ;
#1136 = CARTESIAN_POINT ( 'NONE',  ( -1.299389208849792300, -0.1563173255511932400, 2.657404665814836300 ) ) ;
#1137 = CARTESIAN_POINT ( 'NONE',  ( -1.172864355864558400E-016, -0.9577164262227860800, -0.2937499999999994600 ) ) ;
#1138 = DIRECTION ( 'NONE',  ( -0.1045058763748857400, 0.02078751127481495700, -0.9943069954385901400 ) ) ;
#1139 = ORIENTED_EDGE ( 'NONE', *, *, #1336, .F. ) ;
#1140 = EDGE_CURVE ( 'NONE', #2479, #4277, #1634, .T. ) ;
#1141 = VERTEX_POINT ( 'NONE', #2699 ) ;
#1142 = FACE_OUTER_BOUND ( 'NONE', #3866, .T. ) ;
#1143 = DIRECTION ( 'NONE',  ( 0.0000000000000000000, -1.000000000000000000, 0.0000000000000000000 ) ) ;
#1144 = ORIENTED_EDGE ( 'NONE', *, *, #1057, .F. ) ;
#1145 = CARTESIAN_POINT ( 'NONE',  ( -1.103625504730564100, 0.6371784822407125000, 0.1890624999999995500 ) ) ;
#1146 = CARTESIAN_POINT ( 'NONE',  ( -0.7216878364870404900, 1.250000000000003100, -0.2562499999999983100 ) ) ;
#1147 = ORIENTED_EDGE ( 'NONE', *, *, #3730, .F. ) ;
#1148 = CARTESIAN_POINT ( 'NONE',  ( 1.105875672974086000, -1.527168040845142800E-014, -1.981249999999999500 ) ) ;
#1149 = CARTESIAN_POINT ( 'NONE',  ( -0.7357503364870433500, -1.274356964481470500, -1.498437500000000800 ) ) ;
#1150 = B_SPLINE_CURVE_WITH_KNOTS ( 'NONE', 3,
 ( #3059, #1350, #3727, #343, #1698, #3077, #2034 ),
 .UNSPECIFIED., .F., .F.,
 ( 4, 3, 4 ),
 ( 0.0000000000000000000, 0.0002461273139033457600, 0.0004870493278964780100 ),
 .UNSPECIFIED. ) ;
#1151 = CARTESIAN_POINT ( 'NONE',  ( -2.971478276237738600E-016, -2.426396148102942800, 2.179569205508501600 ) ) ;
#1152 = VERTEX_POINT ( 'NONE', #1330 ) ;
#1153 = CARTESIAN_POINT ( 'NONE',  ( 6.920785739199621400E-017, 0.5651250420952518300, 1.765599797474592900 ) ) ;
#1154 = DIRECTION ( 'NONE',  ( -0.0000000000000000000, -1.224646799147353200E-016, 1.000000000000000000 ) ) ;
#1155 = CARTESIAN_POINT ( 'NONE',  ( -1.306577487283390400, -0.1646778842149787000, 2.735016119487655200 ) ) ;
#1156 = CARTESIAN_POINT ( 'NONE',  ( -0.5529378364870433100, -0.9577164262227859700, 0.5124999999999997300 ) ) ;
#1157 = CARTESIAN_POINT ( 'NONE',  ( 0.0000000000000000000, 1.250000000000001300, 0.1562500000000018300 ) ) ;
#1158 = ORIENTED_EDGE ( 'NONE', *, *, #533, .F. ) ;
#1159 = CARTESIAN_POINT ( 'NONE',  ( 0.4930924560940436200, 0.3623022328721991500, 3.036353838831116600 ) ) ;
#1160 = AXIS2_PLACEMENT_3D ( 'NONE', #2275, #1257, #4304 ) ;
#1161 = EDGE_CURVE ( 'NONE', #1424, #4087, #3264, .T. ) ;
#1162 = CARTESIAN_POINT ( 'NONE',  ( 0.8294067547305643600, -0.4788582131114008100, -2.918749999999999300 ) ) ;
#1163 = CARTESIAN_POINT ( 'NONE',  ( -1.029278661527232200, 0.5522580509491298300, 0.5783246059048707800 ) ) ;
#1164 = CARTESIAN_POINT ( 'NONE',  ( -0.2388190340831388100, 0.7712360881032200900, 2.963638974742667000 ) ) ;
#1165 = CARTESIAN_POINT ( 'NONE',  ( -0.2049515102569758300, -1.285805685867824600, 2.821070966074693800 ) ) ;
#1166 = CARTESIAN_POINT ( 'NONE',  ( 1.279036433626805400, 0.2060021966001342200, 2.826433334579991900 ) ) ;
#1167 = EDGE_CURVE ( 'NONE', #3083, #3188, #2458, .T. ) ;
#1168 = CARTESIAN_POINT ( 'NONE',  ( 1.295836517832850400, -0.1885057450221136200, 2.659965717610769200 ) ) ;
#1169 = CARTESIAN_POINT ( 'NONE',  ( 0.8294067547305650200, 0.4788582131113692800, 0.7562500000000005300 ) ) ;
#1170 = DIRECTION ( 'NONE',  ( -0.9238795325112859600, 0.3826834323650916100, 0.0000000000000000000 ) ) ;
#1171 = CARTESIAN_POINT ( 'NONE',  ( 0.0000000000000000000, 1.250000000000001600, -0.3500000000000013700 ) ) ;
#1172 = AXIS2_PLACEMENT_3D ( 'NONE', #1928, #571, #1886 ) ;
#1173 = DIRECTION ( 'NONE',  ( -0.0000000000000000000, 0.8660254037844397100, 0.4999999999999983300 ) ) ;
#1174 = ADVANCED_FACE ( 'NONE', ( #441 ), #2728, .T. ) ;
#1175 = CARTESIAN_POINT ( 'NONE',  ( 1.103625504730564800, 0.6371784822407118300, -0.8609375000000006900 ) ) ;
#1176 =( BOUNDED_SURFACE ( )  B_SPLINE_SURFACE ( 1, 2, ( 
 ( #2813, #3459, #743, #369, #1731, #74, #2773, #2455, #3449, #1435, #3810, #1061, #3478, #2414, #2087, #2118, #731, #3767, #1421, #36, #2756, #85, #3435, #755, #49, #3147, #3133, #380, #4126, #1072, #1103, #3423, #1406, #1046, #2468, #1449, #3795, #1754, #410, #1745, #704, #3824, #1783, #3093, #2443, #2428, #2786, #1388, #4110 ),
 ( #3122, #4141, #1091, #433, #3193, #2128, #4181, #3521, #1162, #1797, #1850, #828, #3506, #1481, #464, #3162, #3538, #118, #3891, #814, #106, #4218, #1116, #2827, #2173, #2142, #2511, #2855, #2879, #2523, #4195, #1823, #2501, #1148, #1465, #155, #2188, #474, #802, #2156, #3493, #129, #3837, #2542, #2481, #1494, #2870, #772, #446 ) ),
 .UNSPECIFIED., .F., .F., .F. ) 
 B_SPLINE_SURFACE_WITH_KNOTS ( ( 2, 2 ),
 ( 3, 2, 2, 2, 2, 2, 2, 2, 2, 2, 2, 2, 2, 2, 2, 2, 2, 2, 2, 2, 2, 2, 2, 2, 3 ),
 ( 0.0000000000000000000, 1.000000000000000000 ),
 ( 0.0000000000000000000, 0.04166666666666666400, 0.08333333333333332900, 0.1250000000000000000, 0.1666666666666666600, 0.2083333333333333400, 0.2500000000000000000, 0.2916666666666666900, 0.3333333333333333100, 0.3750000000000000000, 0.4166666666666666900, 0.4583333333333333100, 0.5000000000000000000, 0.5416666666666666300, 0.5833333333333333700, 0.6250000000000000000, 0.6666666666666666300, 0.7083333333333333700, 0.7500000000000000000, 0.7916666666666666300, 0.8333333333333333700, 0.8750000000000000000, 0.9166666666666666300, 0.9583333333333333700, 1.000000000000000000 ),
 .UNSPECIFIED. ) 
 GEOMETRIC_REPRESENTATION_ITEM ( )  RATIONAL_B_SPLINE_SURFACE ( (
 ( 1.000000000000000000, 0.8660254037844387100, 1.000000000000000000, 0.8660254037844387100, 1.000000000000000000, 0.8660254037844387100, 1.000000000000000000, 0.8660254037844387100, 1.000000000000000000, 0.8660254037844387100, 1.000000000000000000, 0.8660254037844387100, 1.000000000000000000, 0.8660254037844387100, 1.000000000000000000, 0.8660254037844387100, 1.000000000000000000, 0.8660254037844387100, 1.000000000000000000, 0.8660254037844387100, 1.000000000000000000, 0.8660254037844387100, 1.000000000000000000, 0.8660254037844387100, 1.000000000000000000, 0.8660254037844387100, 1.000000000000000000, 0.8660254037844387100, 1.000000000000000000, 0.8660254037844387100, 1.000000000000000000, 0.8660254037844387100, 1.000000000000000000, 0.8660254037844387100, 1.000000000000000000, 0.8660254037844387100, 1.000000000000000000, 0.8660254037844387100, 1.000000000000000000, 0.8660254037844387100, 1.000000000000000000, 0.8660254037844387100, 1.000000000000000000, 0.8660254037844387100, 1.000000000000000000, 0.8660254037844387100, 1.000000000000000000, 0.8660254037844387100, 1.000000000000000000),
 ( 1.000000000000000000, 0.8660254037844387100, 1.000000000000000000, 0.8660254037844387100, 1.000000000000000000, 0.8660254037844387100, 1.000000000000000000, 0.8660254037844387100, 1.000000000000000000, 0.8660254037844387100, 1.000000000000000000, 0.8660254037844387100, 1.000000000000000000, 0.8660254037844387100, 1.000000000000000000, 0.8660254037844387100, 1.000000000000000000, 0.8660254037844387100, 1.000000000000000000, 0.8660254037844387100, 1.000000000000000000, 0.8660254037844387100, 1.000000000000000000, 0.8660254037844387100, 1.000000000000000000, 0.8660254037844387100, 1.000000000000000000, 0.8660254037844387100, 1.000000000000000000, 0.8660254037844387100, 1.000000000000000000, 0.8660254037844387100, 1.000000000000000000, 0.8660254037844387100, 1.000000000000000000, 0.8660254037844387100, 1.000000000000000000, 0.8660254037844387100, 1.000000000000000000, 0.8660254037844387100, 1.000000000000000000, 0.8660254037844387100, 1.000000000000000000, 0.8660254037844387100, 1.000000000000000000, 0.8660254037844387100, 1.000000000000000000, 0.8660254037844387100, 1.000000000000000000) ) ) 
 REPRESENTATION_ITEM ( '' )  SURFACE ( )  );
#1177 = CARTESIAN_POINT ( 'NONE',  ( 1.105875672974086000, -1.527168040845142800E-014, -1.981249999999999500 ) ) ;
#1178 = CIRCLE ( 'NONE', #3519, 0.9687500000000026600 ) ;
#1179 = CARTESIAN_POINT ( 'NONE',  ( -0.1847508701701510700, -1.310183160132768900, 2.813338666443584700 ) ) ;
#1180 = CARTESIAN_POINT ( 'NONE',  ( 1.284851688959570500, 0.1394679882712059600, 2.501022200396048500 ) ) ;
#1181 = CARTESIAN_POINT ( 'NONE',  ( 0.0000000000000000000, 1.250000000000001600, -1.193749999999998100 ) ) ;
#1182 = CARTESIAN_POINT ( 'NONE',  ( 0.8294067547305643600, -0.4788582131114012500, 1.131250000000000300 ) ) ;
#1183 = CARTESIAN_POINT ( 'NONE',  ( 0.8294067547305643600, -0.4788582131114009200, -2.075000000000000600 ) ) ;
#1184 = EDGE_LOOP ( 'NONE', ( #3632, #1622, #362, #145 ) ) ;
#1185 = ORIENTED_EDGE ( 'NONE', *, *, #1761, .T. ) ;
#1186 = TOROIDAL_SURFACE ( 'NONE', #971, 2.346938109739171700, 0.1249999999999992500 ) ;
#1187 = ORIENTED_EDGE ( 'NONE', *, *, #3526, .T. ) ;
#1188 = CARTESIAN_POINT ( 'NONE',  ( -1.443375672974083600, -1.503526217904491600E-014, -1.531249999999997800 ) ) ;
#1189 = PERSON_AND_ORGANIZATION ( #3797, #4273 ) ;
#1190 =( BOUNDED_CURVE ( )  B_SPLINE_CURVE ( 2, ( #2977, #1608, #1594, #568, #1945, #3625, #4329 ),
 .UNSPECIFIED., .F., .F. ) 
 B_SPLINE_CURVE_WITH_KNOTS ( ( 3, 2, 2, 3 ),
 ( 0.8750000000000000000, 0.9166666666666666300, 0.9583333333333333700, 1.000000000000000000 ),
 .UNSPECIFIED. ) 
 CURVE ( )  GEOMETRIC_REPRESENTATION_ITEM ( )  RATIONAL_B_SPLINE_CURVE ( ( 1.000000000000000000, 0.8660254037844388200, 1.000000000000000000, 0.8660254037844388200, 1.000000000000000000, 0.8660254037844388200, 1.000000000000000000 ) ) 
 REPRESENTATION_ITEM ( '' )  );
#1191 = FACE_BOUND ( 'NONE', #298, .T. ) ;
#1192 = CARTESIAN_POINT ( 'NONE',  ( 0.5948568571663126500, -1.099384063683976500, 0.8104281470847636300 ) ) ;
#1193 = CARTESIAN_POINT ( 'NONE',  ( -0.7231264658826185300, -0.9855520624355287300, 0.7076882123934263900 ) ) ;
#1194 = ORIENTED_EDGE ( 'NONE', *, *, #18, .T. ) ;
#1195 = EDGE_CURVE ( 'NONE', #1532, #360, #2419, .T. ) ;
#1196 = CARTESIAN_POINT ( 'NONE',  ( -0.5529378364870428700, 0.9577164262227557700, -3.237499999999999400 ) ) ;
#1197 = FACE_OUTER_BOUND ( 'NONE', #644, .T. ) ;
#1198 = EDGE_LOOP ( 'NONE', ( #4022, #2859, #551, #3349 ) ) ;
#1199 = CARTESIAN_POINT ( 'NONE',  ( 0.8294067547305643600, -0.4788582131114012000, 0.6812500000000004700 ) ) ;
#1200 = CARTESIAN_POINT ( 'NONE',  ( -0.5529378364870433100, -0.9577164262227858500, -1.737500000000000300 ) ) ;
#1201 = EDGE_LOOP ( 'NONE', ( #1826, #905, #3004, #1434 ) ) ;
#1202 = LINE ( 'NONE', #1831, #302 ) ;
#1203 = ADVANCED_FACE ( 'NONE', ( #1133 ), #3042, .T. ) ;
#1204 = DIRECTION ( 'NONE',  ( -0.3826834323651014900, -0.9238795325112818500, 0.0000000000000000000 ) ) ;
#1205 = CARTESIAN_POINT ( 'NONE',  ( 0.1479533444429213000, 1.292136892503764400, 2.579798662772151600 ) ) ;
#1206 = CARTESIAN_POINT ( 'NONE',  ( 1.103625504730564100, -0.6371784822407434700, -1.385937500000000900 ) ) ;
#1207 = VERTEX_POINT ( 'NONE', #707 ) ;
#1208 = B_SPLINE_CURVE_WITH_KNOTS ( 'NONE', 3,
 ( #3932, #2562, #2194, #3586 ),
 .UNSPECIFIED., .F., .F.,
 ( 4, 4 ),
 ( 0.0000000000000000000, 9.620555409560878300E-005 ),
 .UNSPECIFIED. ) ;
#1209 = CARTESIAN_POINT ( 'NONE',  ( 1.105875672974086000, -1.520968266424459500E-014, -2.487500000000000300 ) ) ;
#1210 = ORIENTED_EDGE ( 'NONE', *, *, #3438, .F. ) ;
#1211 = CARTESIAN_POINT ( 'NONE',  ( 0.4902707156080737800, -0.3594804923862330300, 3.001276454878518200 ) ) ;
#1212 = CARTESIAN_POINT ( 'NONE',  ( 1.284851683570422000, -0.1394679821665225600, 2.501022143813326900 ) ) ;
#1213 = CARTESIAN_POINT ( 'NONE',  ( -1.593020556330873700E-016, -1.300799999999997300, 0.9499999999999989600 ) ) ;
#1214 = CARTESIAN_POINT ( 'NONE',  ( -0.4902707156080752800, -0.3594804923862318100, 3.001276454878519100 ) ) ;
#1215 = ORIENTED_EDGE ( 'NONE', *, *, #2750, .T. ) ;
#1216 = DIRECTION ( 'NONE',  ( -0.1045058763748857200, -0.02078751127481494000, 0.9943069954385901400 ) ) ;
#1217 = CARTESIAN_POINT ( 'NONE',  ( 0.7216878364870426000, -1.250000000000029800, -1.887500000000000600 ) ) ;
#1218 = AXIS2_PLACEMENT_3D ( 'NONE', #1227, #1570, #2229 ) ;
#1219 = EDGE_CURVE ( 'NONE', #3188, #615, #589, .T. ) ;
#1220 = ADVANCED_FACE ( 'NONE', ( #292 ), #759, .F. ) ;
#1221 = CARTESIAN_POINT ( 'NONE',  ( -0.5529378364870428700, 0.9577164262227556600, -0.9312499999999993600 ) ) ;
#1222 = CARTESIAN_POINT ( 'NONE',  ( -0.5529378364870428700, 0.9577164262227556600, -2.787500000000000100 ) ) ;
#1223 = EDGE_CURVE ( 'NONE', #988, #1399, #1774, .T. ) ;
#1224 = DIRECTION ( 'NONE',  ( -0.0000000000000000000, -0.0000000000000000000, -1.000000000000000000 ) ) ;
#1225 = CARTESIAN_POINT ( 'NONE',  ( 0.8315053861671555200, -0.2192021081799244400, 2.952022104113611400 ) ) ;
#1226 = FACE_OUTER_BOUND ( 'NONE', #2867, .T. ) ;
#1227 = CARTESIAN_POINT ( 'NONE',  ( 0.0000000000000000000, 8.824749453576962700E-016, 3.049999999999998900 ) ) ;
#1228 = CARTESIAN_POINT ( 'NONE',  ( -1.313171661729053600, 0.1770849166338591400, 2.812633460563474900 ) ) ;
#1229 = CARTESIAN_POINT ( 'NONE',  ( -0.1888999839212646400, 1.264054038521834400, 2.663716650179723800 ) ) ;
#1230 = CARTESIAN_POINT ( 'NONE',  ( -0.5529378364870428700, 0.9577164262227556600, -2.337500000000000400 ) ) ;
#1231 = LINE ( 'NONE', #3570, #3160 ) ;
#1232 = CARTESIAN_POINT ( 'NONE',  ( 1.233553727824348500, 0.1550073732554530800, 2.341249999999998700 ) ) ;
#1233 = CARTESIAN_POINT ( 'NONE',  ( -0.1542132638072799800, 1.242138479636188100, 2.341249999999998700 ) ) ;
#1234 = CARTESIAN_POINT ( 'NONE',  ( 1.306577459481446800, 0.1646778516159258500, 2.735015816732009300 ) ) ;
#1235 = CARTESIAN_POINT ( 'NONE',  ( -1.172864355864558400E-016, -0.9577164262227863000, 1.056250000000000400 ) ) ;
#1236 = CARTESIAN_POINT ( 'NONE',  ( 1.103625504730564800, 0.6371784822407119400, -1.732812499999999400 ) ) ;
#1237 =( BOUNDED_SURFACE ( )  B_SPLINE_SURFACE ( 3, 2, ( 
 ( #311, #4381, #4044 ),
 ( #638, #2354, #3030 ),
 ( #1319, #4028, #3694 ),
 ( #1983, #4366, #2700 ) ),
 .UNSPECIFIED., .F., .F., .F. ) 
 B_SPLINE_SURFACE_WITH_KNOTS ( ( 4, 4 ),
 ( 3, 3 ),
 ( 0.0007894987160804786800, 0.001282391242430667900 ),
 ( 0.0000000000000000000, 1.000000000000000000 ),
 .UNSPECIFIED. ) 
 GEOMETRIC_REPRESENTATION_ITEM ( )  RATIONAL_B_SPLINE_SURFACE ( (
 ( 1.000000000000000000, 0.7553322469670232800, 1.000000000000000000),
 ( 1.000000000000000000, 0.7515638424267043800, 1.000000000000000000),
 ( 1.000000000000000000, 0.7476184719314438200, 1.000000000000000000),
 ( 1.000000000000000000, 0.7434678480806263800, 1.000000000000000000) ) ) 
 REPRESENTATION_ITEM ( '' )  SURFACE ( )  );
#1238 = CARTESIAN_POINT ( 'NONE',  ( 0.3843203593736201400, -0.4317425188364127900, 3.006521471578741600 ) ) ;
#1239 = ORIENTED_EDGE ( 'NONE', *, *, #3330, .F. ) ;
#1240 = DIRECTION ( 'NONE',  ( 0.1045284632676538500, 0.0000000000000000000, -0.9945218953682734000 ) ) ;
#1241 = ORIENTED_EDGE ( 'NONE', *, *, #3899, .T. ) ;
#1242 = DIRECTION ( 'NONE',  ( 0.0000000000000000000, 1.000000000000000000, 8.334887549857832900E-017 ) ) ;
#1243 = CIRCLE ( 'NONE', #774, 1.325051771394847300 ) ;
#1244 = DIRECTION ( 'NONE',  ( 0.0000000000000000000, -1.000000000000000000, -1.755792991879362200E-016 ) ) ;
#1245 = CARTESIAN_POINT ( 'NONE',  ( 0.0000000000000000000, 0.9577164262227555500, -0.9687499999999993300 ) ) ;
#1246 = ORIENTED_EDGE ( 'NONE', *, *, #260, .T. ) ;
#1247 = EDGE_CURVE ( 'NONE', #3283, #1681, #2760, .T. ) ;
#1248 = CARTESIAN_POINT ( 'NONE',  ( -0.5529378364870433100, -0.9577164262227855200, -2.187500000000000000 ) ) ;
#1249 = CARTESIAN_POINT ( 'NONE',  ( 0.5529378364870427600, -0.9577164262227859700, -3.012499999999999700 ) ) ;
#1250 = CARTESIAN_POINT ( 'NONE',  ( 0.0000000000000000000, 1.250000000000001800, -2.600000000000001000 ) ) ;
#1251 = CARTESIAN_POINT ( 'NONE',  ( -0.1734033168550284700, -0.7582240929255355000, 2.341249999999998700 ) ) ;
#1252 = LINE ( 'NONE', #3528, #3674 ) ;
#1253 = ORIENTED_EDGE ( 'NONE', *, *, #937, .F. ) ;
#1254 = CARTESIAN_POINT ( 'NONE',  ( 0.0000000000000000000, 0.9577164262227553200, 1.281250000000000700 ) ) ;
#1255 = CARTESIAN_POINT ( 'NONE',  ( 0.7357503364870424700, -1.274356964481471000, -2.745312499999998900 ) ) ;
#1256 = VERTEX_POINT ( 'NONE', #2422 ) ;
#1257 = DIRECTION ( 'NONE',  ( -0.0000000000000000000, -1.224646799147353200E-016, 1.000000000000000000 ) ) ;
#1258 = CLOSED_SHELL ( 'NONE', ( #4036, #2246, #1493, #3019, #796, #2551, #1818, #1260, #621, #1448, #2226, #951, #3578, #1536, #4164, #97, #1917, #921, #2637, #2183, #193, #508, #172, #2865, #440, #3559, #770, #1796, #3254, #1280, #2568, #216, #3599, #1220, #3832, #2136, #2878, #154, #1555, #1203, #2480, #2321, #2823, #287, #139, #2594, #1857, #4364, #1517, #484, #3335, #1174, #646, #463, #2966, #525, #2842, #3171, #2202, #4313, #2508, #4270, #2522, #2663, #594, #3921, #2265, #4008, #569, #4232, #3492, #813, #3537, #3875, #1128, #1309, #1971, #853, #1473, #2155, #3851, #3232, #3514, #3192, #3210, #3292, #2918 ) ) ;
#1259 = CARTESIAN_POINT ( 'NONE',  ( 0.8188650685607301600, 0.1550073732554532700, 2.341249999999998700 ) ) ;
#1260 = ADVANCED_FACE ( 'NONE', ( #3739 ), #178, .T. ) ;
#1261 = CARTESIAN_POINT ( 'NONE',  ( 1.471500672974085600, -1.558166912948559900E-014, 0.001562499999999177400 ) ) ;
#1262 = CARTESIAN_POINT ( 'NONE',  ( 0.8294067547305650200, 0.4788582131113692200, 1.149999999999999500 ) ) ;
#1263 = CARTESIAN_POINT ( 'NONE',  ( -0.8294067547305644700, 0.4788582131113703300, -1.343749999999999600 ) ) ;
#1264 = CARTESIAN_POINT ( 'NONE',  ( -0.5529378364870433100, -0.9577164262227855200, -2.187500000000000000 ) ) ;
#1265 = CARTESIAN_POINT ( 'NONE',  ( 0.0000000000000000000, 9.890719739930261100E-016, 2.179569205508502100 ) ) ;
#1266 = DIRECTION ( 'NONE',  ( 0.07992773943613237800, -0.07992773943613262800, 0.9935910189495773500 ) ) ;
#1267 = CARTESIAN_POINT ( 'NONE',  ( -1.140093036420393800, 0.4419948307620774100, 0.7121221187953510300 ) ) ;
#1268 = CARTESIAN_POINT ( 'NONE',  ( 0.8294067547305643600, -0.4788582131114012000, 0.6812500000000004700 ) ) ;
#1269 = CARTESIAN_POINT ( 'NONE',  ( -1.471500672974085600, -1.481138143607579500E-014, -3.345312499999999000 ) ) ;
#1270 = CARTESIAN_POINT ( 'NONE',  ( 0.0000000000000000000, 1.250000000000001300, 0.5499999999999988200 ) ) ;
#1271 = EDGE_CURVE ( 'NONE', #3388, #722, #979, .T. ) ;
#1272 = CARTESIAN_POINT ( 'NONE',  ( -0.7373968665693870800, -0.6282693878215400700, -3.050000000000000700 ) ) ;
#1273 = CARTESIAN_POINT ( 'NONE',  ( -1.105875672974086000, -1.502837354079971200E-014, -1.756249999999999200 ) ) ;
#1274 = CARTESIAN_POINT ( 'NONE',  ( 0.8294067547305643600, -0.4788582131114012500, 1.074999999999999500 ) ) ;
#1275 = CARTESIAN_POINT ( 'NONE',  ( -0.8294067547305644700, 0.4788582131113703900, -1.793749999999999300 ) ) ;
#1276 = CONICAL_SURFACE ( 'NONE', #910, 1.349999999999997600, 0.1047197551196600000 ) ;
#1277 = EDGE_CURVE ( 'NONE', #1765, #2210, #3756, .T. ) ;
#1278 = CARTESIAN_POINT ( 'NONE',  ( -0.1340062634346917700, 1.266453602835778000, 2.341249999999998700 ) ) ;
#1279 = LINE ( 'NONE', #4318, #2361 ) ;
#1280 = ADVANCED_FACE ( 'NONE', ( #4388 ), #1916, .T. ) ;
#1281 = CARTESIAN_POINT ( 'NONE',  ( -9.541784127918789900E-014, 1.053244496150578900, 0.2698468431120120700 ) ) ;
#1282 = CARTESIAN_POINT ( 'NONE',  ( -0.1456284416018577300, 1.190983375320166400, 0.6482813034117120800 ) ) ;
#1283 = CARTESIAN_POINT ( 'NONE',  ( -0.7357503364870425800, 1.274356964481440100, 1.051562499999999500 ) ) ;
#1284 = CARTESIAN_POINT ( 'NONE',  ( -1.560637177523352200E-016, -1.274356964481470700, -3.232812499999999200 ) ) ;
#1285 = CARTESIAN_POINT ( 'NONE',  ( -0.8294067547305644700, 0.4788582131113702200, -0.4437499999999994800 ) ) ;
#1286 = ORIENTED_EDGE ( 'NONE', *, *, #2490, .F. ) ;
#1287 = CARTESIAN_POINT ( 'NONE',  ( 1.082531754730563500, 0.6249999999999926700, -2.618749999999998600 ) ) ;
#1288 = CARTESIAN_POINT ( 'NONE',  ( 0.9585793031226205200, -0.4302024733106540300, -3.001387706294639900 ) ) ;
#1289 = CARTESIAN_POINT ( 'NONE',  ( 1.268158330220139600, 0.1303148325725521600, 2.341249999999998700 ) ) ;
#1290 = CARTESIAN_POINT ( 'NONE',  ( 0.1416625855091024300, -1.030444753291131200, 0.2072050644365349100 ) ) ;
#1291 = VERTEX_POINT ( 'NONE', #384 ) ;
#1292 = CARTESIAN_POINT ( 'NONE',  ( -0.8294067547305646900, -0.4788582131114005900, 0.9249999999999997100 ) ) ;
#1293 = CARTESIAN_POINT ( 'NONE',  ( -0.7373968665693870800, -0.6282693878215400700, -3.050000000000000700 ) ) ;
#1294 = CONICAL_SURFACE ( 'NONE', #3092, 1.300799999999997100, 0.3490658503988666700 ) ;
#1295 = CARTESIAN_POINT ( 'NONE',  ( 1.233553727824348500, 0.1550073732554530800, 2.341249999999998700 ) ) ;
#1296 = VERTEX_POINT ( 'NONE', #3738 ) ;
#1297 = FACE_OUTER_BOUND ( 'NONE', #1942, .T. ) ;
#1298 = CARTESIAN_POINT ( 'NONE',  ( 0.5122624579742675000, 0.9175482608735268100, 0.2397805567478378300 ) ) ;
#1299 = CARTESIAN_POINT ( 'NONE',  ( -1.082531754730562800, -0.6250000000000233100, -0.5937499999999983300 ) ) ;
#1300 = ORIENTED_EDGE ( 'NONE', *, *, #929, .F. ) ;
#1301 = VERTEX_POINT ( 'NONE', #3442 ) ;
#1302 = CARTESIAN_POINT ( 'NONE',  ( 0.5529378364870435300, 0.9577164262227549900, 0.3437500000000006100 ) ) ;
#1303 = CARTESIAN_POINT ( 'NONE',  ( -1.103625504730564300, 0.6371784822407131600, -3.382812499999999100 ) ) ;
#1304 = ORIENTED_EDGE ( 'NONE', *, *, #2934, .F. ) ;
#1305 = CARTESIAN_POINT ( 'NONE',  ( -0.8294067547305644700, 0.4788582131113703300, -1.343749999999999600 ) ) ;
#1306 = LINE ( 'NONE', #2296, #671 ) ;
#1307 = CARTESIAN_POINT ( 'NONE',  ( 1.310183160132767800, -0.1847508701701561500, 2.813338666443585500 ) ) ;
#1308 = CARTESIAN_POINT ( 'NONE',  ( 0.0000000000000000000, -1.249999999999999300, 3.049999999999998900 ) ) ;
#1309 = ADVANCED_FACE ( 'NONE', ( #4269 ), #1460, .T. ) ;
#1310 = CARTESIAN_POINT ( 'NONE',  ( -8.044280533088140600E-013, 1.188589856012982200, 0.6417051631619248300 ) ) ;
#1311 = CARTESIAN_POINT ( 'NONE',  ( 1.051981474809295700, -0.2424452651149200700, 0.3168233936892545000 ) ) ;
#1312 = CARTESIAN_POINT ( 'NONE',  ( 1.103625504730563900, -0.6371784822407434700, -0.4578124999999992900 ) ) ;
#1313 = EDGE_CURVE ( 'NONE', #2822, #764, #1839, .T. ) ;
#1314 = CARTESIAN_POINT ( 'NONE',  ( -1.172864355864558200E-016, -0.9577164262227857400, -1.643749999999999400 ) ) ;
#1315 = CARTESIAN_POINT ( 'NONE',  ( 0.1525019437462271400, 1.186083365229117400, 0.6348186363309023000 ) ) ;
#1316 = ORIENTED_EDGE ( 'NONE', *, *, #3980, .T. ) ;
#1317 = ORIENTED_EDGE ( 'NONE', *, *, #3550, .T. ) ;
#1318 = CARTESIAN_POINT ( 'NONE',  ( 0.8177960042388422400, -0.6008059601008336500, 0.1400533839478613200 ) ) ;
#1319 = CARTESIAN_POINT ( 'NONE',  ( 0.1718001083449525500, 1.248810876472694200, 2.501022201824721200 ) ) ;
#1320 = CARTESIAN_POINT ( 'NONE',  ( -0.7582240929255336100, 0.1734033168550360400, 2.341249999999998700 ) ) ;
#1321 = AXIS2_PLACEMENT_3D ( 'NONE', #2516, #468, #3465 ) ;
#1322 = CARTESIAN_POINT ( 'NONE',  ( -1.284851683570421300, 0.1394679821665331100, 2.501022143813326900 ) ) ;
#1323 = CARTESIAN_POINT ( 'NONE',  ( -0.1550073732554516900, -0.8188650685607307100, 2.341249999999998700 ) ) ;
#1324 = CARTESIAN_POINT ( 'NONE',  ( -1.313705060252006200, -0.1730352898830084300, 2.812633460563339000 ) ) ;
#1325 = CARTESIAN_POINT ( 'NONE',  ( 1.292136892503763300, -0.1479533444429261500, 2.579798662772151600 ) ) ;
#1326 = ORIENTED_EDGE ( 'NONE', *, *, #1898, .T. ) ;
#1327 = CARTESIAN_POINT ( 'NONE',  ( -1.471500672974085400, -1.525225428376884200E-014, 0.2546875000000007900 ) ) ;
#1328 = CARTESIAN_POINT ( 'NONE',  ( -1.172864355864558200E-016, -0.9577164262227859700, -0.2937499999999995100 ) ) ;
#1329 = APPROVAL_STATUS ( 'not_yet_approved' ) ;
#1330 = CARTESIAN_POINT ( 'NONE',  ( 0.0000000000000000000, 0.9577164262227554300, -0.06874999999999925600 ) ) ;
#1331 = CARTESIAN_POINT ( 'NONE',  ( -1.172864355864558400E-016, -0.9577164262227857400, -3.050000000000000300 ) ) ;
#1332 = CARTESIAN_POINT ( 'NONE',  ( -1.105875672974086000, -1.507659400851614300E-014, -1.362500000000000300 ) ) ;
#1333 = CIRCLE ( 'NONE', #2682, 1.250000000000000000 ) ;
#1334 = CARTESIAN_POINT ( 'NONE',  ( 0.5529378364870427600, -0.9577164262227860800, -1.156249999999999300 ) ) ;
#1335 = CARTESIAN_POINT ( 'NONE',  ( -1.146687662038246900, -0.3643485318005788600, -2.825527567308026500 ) ) ;
#1336 = EDGE_CURVE ( 'NONE', #2210, #3710, #663, .T. ) ;
#1337 = FACE_OUTER_BOUND ( 'NONE', #1000, .T. ) ;
#1338 = DIRECTION ( 'NONE',  ( -0.0000000000000000000, 0.8660254037844397100, 0.4999999999999983300 ) ) ;
#1339 = CARTESIAN_POINT ( 'NONE',  ( 1.530808498934191800E-016, 1.250000000000001100, 3.049999999999998900 ) ) ;
#1340 = CARTESIAN_POINT ( 'NONE',  ( 0.5529378364870427600, -0.9577164262227860800, -1.212499999999999900 ) ) ;
#1341 = CARTESIAN_POINT ( 'NONE',  ( 1.011529085274255100, -0.5549697296242460700, 0.5186886336900115000 ) ) ;
#1342 = CARTESIAN_POINT ( 'NONE',  ( 0.5529378364870427600, -0.9577164262227860800, -1.212500000000000100 ) ) ;
#1343 = TOROIDAL_SURFACE ( 'NONE', #2599, 0.5651250420952508300, 1.934874957904746600 ) ;
#1344 = CARTESIAN_POINT ( 'NONE',  ( 0.2659352837083267000, 1.022517269098747800, 0.2554946319685052500 ) ) ;
#1345 = B_SPLINE_CURVE_WITH_KNOTS ( 'NONE', 3,
 ( #2081, #1385, #1371, #1741 ),
 .UNSPECIFIED., .F., .F.,
 ( 4, 4 ),
 ( 0.0000000000000000000, 9.620555409560890500E-005 ),
 .UNSPECIFIED. ) ;
#1346 = CARTESIAN_POINT ( 'NONE',  ( -1.103625504730564100, 0.6371784822407128300, -2.032812499999999000 ) ) ;
#1347 = CARTESIAN_POINT ( 'NONE',  ( -0.5529378364870428700, 0.9577164262227557700, -0.9312499999999993600 ) ) ;
#1348 = VECTOR ( 'NONE', #4045, 999.9999999999998900 ) ;
#1349 = CARTESIAN_POINT ( 'NONE',  ( 1.269637219277291100, -0.1222308907553369000, 2.341249999999998700 ) ) ;
#1350 = CARTESIAN_POINT ( 'NONE',  ( 1.271286872466282900, -0.1971579831030262600, 2.742286264057520300 ) ) ;
#1351 = DIRECTION ( 'NONE',  ( -0.07992773943613225300, -0.07992773943613280800, 0.9935910189495774600 ) ) ;
#1352 = ORIENTED_EDGE ( 'NONE', *, *, #2198, .T. ) ;
#1353 = DIRECTION ( 'NONE',  ( 0.3826834323650955500, -0.9238795325112843000, 0.0000000000000000000 ) ) ;
#1354 = CARTESIAN_POINT ( 'NONE',  ( 0.8294067547305649100, 0.4788582131113694500, -1.043749999999999500 ) ) ;
#1355 = CARTESIAN_POINT ( 'NONE',  ( 0.8294067547305643600, -0.4788582131114010900, -0.2750000000000002400 ) ) ;
#1356 = VERTEX_POINT ( 'NONE', #711 ) ;
#1357 = LINE ( 'NONE', #3098, #825 ) ;
#1358 = ORIENTED_EDGE ( 'NONE', *, *, #1219, .F. ) ;
#1359 = CARTESIAN_POINT ( 'NONE',  ( 0.4371760101403707700, 0.3063857869185260800, 2.341249999999998700 ) ) ;
#1360 = DIRECTION ( 'NONE',  ( -0.3826834323650955500, 0.9238795325112843000, 0.0000000000000000000 ) ) ;
#1361 = CARTESIAN_POINT ( 'NONE',  ( 0.0000000000000000000, 1.274356964481440500, -1.657812499999999000 ) ) ;
#1362 = EDGE_CURVE ( 'NONE', #1576, #832, #2841, .T. ) ;
#1363 = CARTESIAN_POINT ( 'NONE',  ( -1.263738766901712400, -0.1886186432698202800, 2.661039872685964500 ) ) ;
#1364 = DIRECTION ( 'NONE',  ( 0.0000000000000000000, -1.000000000000000000, 0.0000000000000000000 ) ) ;
#1365 = ORIENTED_EDGE ( 'NONE', *, *, #2020, .F. ) ;
#1366 = ORIENTED_EDGE ( 'NONE', *, *, #3089, .F. ) ;
#1367 = ORIENTED_EDGE ( 'NONE', *, *, #394, .F. ) ;
#1368 = ORIENTED_EDGE ( 'NONE', *, *, #873, .F. ) ;
#1369 = CARTESIAN_POINT ( 'NONE',  ( 0.2184290902842090400, 0.8633221105560786600, 2.944667330124169300 ) ) ;
#1370 = ORIENTED_EDGE ( 'NONE', *, *, #626, .F. ) ;
#1371 = CARTESIAN_POINT ( 'NONE',  ( -0.2259697001486556900, -0.8008042420523389100, 2.958349045320476800 ) ) ;
#1372 = EDGE_CURVE ( 'NONE', #4247, #2001, #2140, .T. ) ;
#1373 = CARTESIAN_POINT ( 'NONE',  ( 0.8294067547305642400, -0.4788582131114009200, -1.625000000000000200 ) ) ;
#1374 = CARTESIAN_POINT ( 'NONE',  ( -1.105875672974086000, -1.524192132640103600E-014, -0.01250000000000014100 ) ) ;
#1375 =( BOUNDED_SURFACE ( )  B_SPLINE_SURFACE ( 1, 2, ( 
 ( #3773, #4114, #4132, #2076, #2430, #3108, #1747, #2091, #1851, #2949, #3398, #2814, #1968, #167, #2207, #874, #4238, #3607, #535, #1575, #3939, #2882, #157, #1881, #3894, #2220, #182, #2603, #2233, #3915, #1551, #2559, #2910, #1177, #4283, #1895, #198, #2572, #1864, #831, #4251, #3220, #2251, #1526, #886, #1843, #4221, #843, #2587 ),
 ( #2191, #1196, #2921, #3551, #1852, #511, #2894, #3236, #212, #3929, #3567, #3260, #520, #1222, #549, #1539, #857, #4263, #3594, #3249, #2935, #1209, #3582, #1561, #3273, #1230, #2544, #492, #4295, #1248, #1627, #2282, #4004, #2987, #3003, #3332, #2336, #956, #3622, #291, #242, #4326, #1905, #3970, #2666, #4344, #2315, #2649, #4362 ) ),
 .UNSPECIFIED., .F., .F., .F. ) 
 B_SPLINE_SURFACE_WITH_KNOTS ( ( 2, 2 ),
 ( 3, 2, 2, 2, 2, 2, 2, 2, 2, 2, 2, 2, 2, 2, 2, 2, 2, 2, 2, 2, 2, 2, 2, 2, 3 ),
 ( 0.0000000000000000000, 1.000000000000000000 ),
 ( 0.0000000000000000000, 0.04166666666666666400, 0.08333333333333332900, 0.1250000000000000000, 0.1666666666666666600, 0.2083333333333333400, 0.2500000000000000000, 0.2916666666666666900, 0.3333333333333333100, 0.3750000000000000000, 0.4166666666666666900, 0.4583333333333333100, 0.5000000000000000000, 0.5416666666666666300, 0.5833333333333333700, 0.6250000000000000000, 0.6666666666666666300, 0.7083333333333333700, 0.7500000000000000000, 0.7916666666666666300, 0.8333333333333333700, 0.8750000000000000000, 0.9166666666666666300, 0.9583333333333333700, 1.000000000000000000 ),
 .UNSPECIFIED. ) 
 GEOMETRIC_REPRESENTATION_ITEM ( )  RATIONAL_B_SPLINE_SURFACE ( (
 ( 1.000000000000000000, 0.8660254037844387100, 1.000000000000000000, 0.8660254037844387100, 1.000000000000000000, 0.8660254037844387100, 1.000000000000000000, 0.8660254037844387100, 1.000000000000000000, 0.8660254037844387100, 1.000000000000000000, 0.8660254037844387100, 1.000000000000000000, 0.8660254037844387100, 1.000000000000000000, 0.8660254037844387100, 1.000000000000000000, 0.8660254037844387100, 1.000000000000000000, 0.8660254037844387100, 1.000000000000000000, 0.8660254037844387100, 1.000000000000000000, 0.8660254037844387100, 1.000000000000000000, 0.8660254037844387100, 1.000000000000000000, 0.8660254037844387100, 1.000000000000000000, 0.8660254037844387100, 1.000000000000000000, 0.8660254037844387100, 1.000000000000000000, 0.8660254037844387100, 1.000000000000000000, 0.8660254037844387100, 1.000000000000000000, 0.8660254037844387100, 1.000000000000000000, 0.8660254037844387100, 1.000000000000000000, 0.8660254037844387100, 1.000000000000000000, 0.8660254037844387100, 1.000000000000000000, 0.8660254037844387100, 1.000000000000000000, 0.8660254037844387100, 1.000000000000000000),
 ( 1.000000000000000000, 0.8660254037844387100, 1.000000000000000000, 0.8660254037844387100, 1.000000000000000000, 0.8660254037844387100, 1.000000000000000000, 0.8660254037844387100, 1.000000000000000000, 0.8660254037844387100, 1.000000000000000000, 0.8660254037844387100, 1.000000000000000000, 0.8660254037844387100, 1.000000000000000000, 0.8660254037844387100, 1.000000000000000000, 0.8660254037844387100, 1.000000000000000000, 0.8660254037844387100, 1.000000000000000000, 0.8660254037844387100, 1.000000000000000000, 0.8660254037844387100, 1.000000000000000000, 0.8660254037844387100, 1.000000000000000000, 0.8660254037844387100, 1.000000000000000000, 0.8660254037844387100, 1.000000000000000000, 0.8660254037844387100, 1.000000000000000000, 0.8660254037844387100, 1.000000000000000000, 0.8660254037844387100, 1.000000000000000000, 0.8660254037844387100, 1.000000000000000000, 0.8660254037844387100, 1.000000000000000000, 0.8660254037844387100, 1.000000000000000000, 0.8660254037844387100, 1.000000000000000000, 0.8660254037844387100, 1.000000000000000000, 0.8660254037844387100, 1.000000000000000000) ) ) 
 REPRESENTATION_ITEM ( '' )  SURFACE ( )  );
#1376 = CARTESIAN_POINT ( 'NONE',  ( 1.282869001841543400, 0.2055454893361521300, 2.822088055221576100 ) ) ;
#1377 = CARTESIAN_POINT ( 'NONE',  ( 0.8294067547305649100, 0.4788582131113693900, -0.6500000000000001300 ) ) ;
#1378 = DIRECTION ( 'NONE',  ( 0.0000000000000000000, 0.0000000000000000000, 1.000000000000000000 ) ) ;
#1379 = AXIS2_PLACEMENT_3D ( 'NONE', #1876, #3925, #2230 ) ;
#1380 = CARTESIAN_POINT ( 'NONE',  ( -1.172864355864558200E-016, -0.9577164262227858500, -1.250000000000000200 ) ) ;
#1381 = CARTESIAN_POINT ( 'NONE',  ( 0.0000000000000000000, 8.824749453576962700E-016, 3.049999999999998900 ) ) ;
#1382 = DIRECTION ( 'NONE',  ( -0.9238795325112856300, -0.3826834323650922200, 0.0000000000000000000 ) ) ;
#1383 = CARTESIAN_POINT ( 'NONE',  ( -1.530808498934212300E-016, -1.250000000000032000, -2.375000000000001800 ) ) ;
#1384 =( BOUNDED_SURFACE ( )  B_SPLINE_SURFACE ( 3, 2, ( 
 ( #4138, #2082, #2100 ),
 ( #443, #2838, #407 ),
 ( #3117, #82, #4119 ),
 ( #1793, #3820, #71 ) ),
 .UNSPECIFIED., .F., .F., .F. ) 
 B_SPLINE_SURFACE_WITH_KNOTS ( ( 4, 4 ),
 ( 3, 3 ),
 ( 0.0008620654718056857400, 0.001354957742906227400 ),
 ( 0.0000000000000000000, 1.000000000000000000 ),
 .UNSPECIFIED. ) 
 GEOMETRIC_REPRESENTATION_ITEM ( )  RATIONAL_B_SPLINE_SURFACE ( (
 ( 1.000000000000000000, 0.7553322469575581800, 1.000000000000000000),
 ( 1.000000000000000000, 0.7515638432764950600, 1.000000000000000000),
 ( 1.000000000000000000, 0.7476184705345634300, 1.000000000000000000),
 ( 1.000000000000000000, 0.7434678481019421100, 1.000000000000000000) ) ) 
 REPRESENTATION_ITEM ( '' )  SURFACE ( )  );
#1385 = CARTESIAN_POINT ( 'NONE',  ( -0.2192021081799212000, -0.8315053861671567500, 2.952022104113611400 ) ) ;
#1386 = CARTESIAN_POINT ( 'NONE',  ( -0.5529378364870428700, 0.9577164262227556600, -0.9875000000000000400 ) ) ;
#1387 = CARTESIAN_POINT ( 'NONE',  ( -1.530808498934212000E-016, -1.250000000000032000, -0.5187499999999984900 ) ) ;
#1388 = CARTESIAN_POINT ( 'NONE',  ( 0.7357503364870434700, 1.274356964481440100, -1.273437500000000900 ) ) ;
#1389 = CARTESIAN_POINT ( 'NONE',  ( 0.5529378364870427600, -0.9577164262227860800, -0.7625000000000002900 ) ) ;
#1390 = AXIS2_PLACEMENT_3D ( 'NONE', #2787, #1688, #2071 ) ;
#1391 = VECTOR ( 'NONE', #2614, 1000.000000000000100 ) ;
#1392 = EDGE_CURVE ( 'NONE', #3026, #2500, #1871, .T. ) ;
#1393 = CARTESIAN_POINT ( 'NONE',  ( -0.7216878364870433800, -1.250000000000030400, 0.3437500000000012200 ) ) ;
#1394 = CARTESIAN_POINT ( 'NONE',  ( 0.5529378364870435300, 0.9577164262227554300, -2.356249999999999300 ) ) ;
#1395 = CARTESIAN_POINT ( 'NONE',  ( -1.471500672974085400, -1.514203607184558100E-014, -0.6453124999999991800 ) ) ;
#1396 = CARTESIAN_POINT ( 'NONE',  ( -1.271286900348616900, -0.1971580149237182100, 2.742286566811206400 ) ) ;
#1397 = DIRECTION ( 'NONE',  ( 0.0000000000000000000, -1.000000000000000000, 0.0000000000000000000 ) ) ;
#1398 = EDGE_CURVE ( 'NONE', #189, #2479, #3800, .T. ) ;
#1399 = VERTEX_POINT ( 'NONE', #1501 ) ;
#1400 = CARTESIAN_POINT ( 'NONE',  ( 0.0000000000000000000, -9.924882362747868500E-017, 0.8104281470917130700 ) ) ;
#1401 = CARTESIAN_POINT ( 'NONE',  ( -0.5529378364870428700, 0.9577164262227554300, -0.5375000000000002000 ) ) ;
#1402 = DIRECTION ( 'NONE',  ( -0.0000000000000000000, -1.224646799147353200E-016, 1.000000000000000000 ) ) ;
#1403 = CIRCLE ( 'NONE', #2975, 1.901454066994983500 ) ;
#1404 = ORIENTED_EDGE ( 'NONE', *, *, #4259, .T. ) ;
#1405 = AXIS2_PLACEMENT_3D ( 'NONE', #3631, #2929, #1240 ) ;
#1406 = CARTESIAN_POINT ( 'NONE',  ( 1.103625504730564100, -0.6371784822407434700, -1.835937500000000400 ) ) ;
#1407 = CARTESIAN_POINT ( 'NONE',  ( -0.9234392342871802200, -0.2539305685340585400, 0.007385628061289203700 ) ) ;
#1408 = CARTESIAN_POINT ( 'NONE',  ( -0.5529378364870428700, 0.9577164262227557700, -2.731249999999999700 ) ) ;
#1409 = LINE ( 'NONE', #3130, #2947 ) ;
#1410 = B_SPLINE_CURVE_WITH_KNOTS ( 'NONE', 3,
 ( #3436, #3720, #3104, #1407 ),
 .UNSPECIFIED., .F., .F.,
 ( 4, 4 ),
 ( 1.431769681258992900E-015, 0.0007416051741857207500 ),
 .UNSPECIFIED. ) ;
#1411 = CARTESIAN_POINT ( 'NONE',  ( 1.471500672974085400, -1.536467702476167900E-014, -1.770312499999999100 ) ) ;
#1412 = ORIENTED_EDGE ( 'NONE', *, *, #4294, .T. ) ;
#1413 = CARTESIAN_POINT ( 'NONE',  ( -0.7517942197595330900, -0.6436921011355523100, 0.03188905844179947000 ) ) ;
#1414 = CARTESIAN_POINT ( 'NONE',  ( 0.3312496991555418100, 0.3771492160041135000, 2.341249999999998300 ) ) ;
#1415 = ORIENTED_EDGE ( 'NONE', *, *, #1756, .T. ) ;
#1416 = ORIENTED_EDGE ( 'NONE', *, *, #2995, .F. ) ;
#1417 = EDGE_LOOP ( 'NONE', ( #3377, #417, #1519, #3443 ) ) ;
#1418 = CARTESIAN_POINT ( 'NONE',  ( -0.3063857869185263600, -0.4371760101403705000, 2.341249999999998700 ) ) ;
#1419 = CARTESIAN_POINT ( 'NONE',  ( 1.103625504730563900, -0.6371784822407435800, -0.03593750000000064900 ) ) ;
#1420 = CARTESIAN_POINT ( 'NONE',  ( -0.8294067547305645800, 0.4788582131113702800, -0.5000000000000000000 ) ) ;
#1421 = CARTESIAN_POINT ( 'NONE',  ( -1.560637177523352200E-016, -1.274356964481470700, -2.360937500000000800 ) ) ;
#1422 = CARTESIAN_POINT ( 'NONE',  ( -1.087887675526787000, 0.1165869217727528700, 0.3561722160545337500 ) ) ;
#1423 = CARTESIAN_POINT ( 'NONE',  ( 0.0000000000000000000, 0.9577164262227557700, -2.768749999999999400 ) ) ;
#1424 = VERTEX_POINT ( 'NONE', #2805 ) ;
#1425 = CARTESIAN_POINT ( 'NONE',  ( -0.7357503364870431300, -1.274356964481470500, -1.020312499999999100 ) ) ;
#1426 = EDGE_CURVE ( 'NONE', #832, #1399, #1252, .T. ) ;
#1427 = CARTESIAN_POINT ( 'NONE',  ( -1.248666223511378600, -0.1717217641524189900, 2.500276806624066600 ) ) ;
#1428 = DIRECTION ( 'NONE',  ( 0.02078751127481372500, -0.1045058763748858000, -0.9943069954385901400 ) ) ;
#1429 = EDGE_LOOP ( 'NONE', ( #816, #4189, #3862, #2269 ) ) ;
#1430 = DIRECTION ( 'NONE',  ( -0.0000000000000000000, -0.8660254037844397100, 0.4999999999999983300 ) ) ;
#1431 = AXIS2_PLACEMENT_3D ( 'NONE', #2931, #3999, #1242 ) ;
#1432 = CARTESIAN_POINT ( 'NONE',  ( -1.530808498934212300E-016, -1.250000000000032000, -1.475000000000001600 ) ) ;
#1433 = CARTESIAN_POINT ( 'NONE',  ( 0.5529378364870435300, 0.9577164262227548800, 1.187499999999999800 ) ) ;
#1434 = ORIENTED_EDGE ( 'NONE', *, *, #1507, .T. ) ;
#1435 = CARTESIAN_POINT ( 'NONE',  ( 1.471500672974085600, -1.525101449371581600E-014, -2.698437500000000300 ) ) ;
#1436 = CARTESIAN_POINT ( 'NONE',  ( -0.9475944277706829200, -0.5743698688171996500, 0.3952236978744896300 ) ) ;
#1437 = B_SPLINE_CURVE_WITH_KNOTS ( 'NONE', 3,
 ( #288, #3036, #983, #1641, #614, #1938, #3344, #952, #4323, #1655, #1620, #3702, #1324 ),
 .UNSPECIFIED., .F., .F.,
 ( 4, 3, 3, 3, 4 ),
 ( 0.0000000000000000000, 1.305308377651783100E-005, 2.611023456654496900E-005, 3.908286046974998000E-005, 5.313562888874229600E-005 ),
 .UNSPECIFIED. ) ;
#1438 = ORIENTED_EDGE ( 'NONE', *, *, #1653, .T. ) ;
#1439 = CARTESIAN_POINT ( 'NONE',  ( 0.7357503364870423600, -1.274356964481471000, -0.4953124999999992700 ) ) ;
#1440 = CARTESIAN_POINT ( 'NONE',  ( -1.530808498934212300E-016, -1.250000000000032400, -0.5750000000000016200 ) ) ;
#1441 = CARTESIAN_POINT ( 'NONE',  ( 0.1633642228233884700, -1.241144682097084200, 2.420760112478486500 ) ) ;
#1442 = CARTESIAN_POINT ( 'NONE',  ( -0.8294067547305645800, 0.4788582131113702800, -0.4437499999999992600 ) ) ;
#1443 = CARTESIAN_POINT ( 'NONE',  ( 0.0000000000000000000, 8.824749453576962700E-016, 3.049999999999998900 ) ) ;
#1444 = VECTOR ( 'NONE', #442, 1000.000000000000000 ) ;
#1445 = CARTESIAN_POINT ( 'NONE',  ( 0.7357503364870434700, 1.274356964481439900, 0.07656249999999957500 ) ) ;
#1446 = CARTESIAN_POINT ( 'NONE',  ( 0.8294067547305643600, -0.4788582131114012500, 1.074999999999999500 ) ) ;
#1447 = VECTOR ( 'NONE', #2113, 999.9999999999998900 ) ;
#1448 = ADVANCED_FACE ( 'NONE', ( #1067 ), #2886, .T. ) ;
#1449 = CARTESIAN_POINT ( 'NONE',  ( 0.7357503364870434700, 1.274356964481440100, -1.723437500000000600 ) ) ;
#1450 = AXIS2_PLACEMENT_3D ( 'NONE', #180, #3580, #4249 ) ;
#1451 = EDGE_CURVE ( 'NONE', #1862, #1829, #4169, .T. ) ;
#1452 = CARTESIAN_POINT ( 'NONE',  ( 0.7216878364870437100, 1.249999999999999300, -0.8375000000000015800 ) ) ;
#1453 = ORIENTED_EDGE ( 'NONE', *, *, #4054, .T. ) ;
#1454 = CARTESIAN_POINT ( 'NONE',  ( -1.263738710651995300, 0.1886185796330507900, 2.661039267222443000 ) ) ;
#1455 = CARTESIAN_POINT ( 'NONE',  ( -0.1717217005254965100, 1.248666166248825600, 2.500276201254464100 ) ) ;
#1456 = CARTESIAN_POINT ( 'NONE',  ( 0.1550073732554516600, 0.8507067466786053500, 2.341249999999998700 ) ) ;
#1457 = CARTESIAN_POINT ( 'NONE',  ( -1.313705060252002200, 0.1730352898830326800, 2.812633460563339000 ) ) ;
#1458 = FACE_OUTER_BOUND ( 'NONE', #2837, .T. ) ;
#1459 = EDGE_CURVE ( 'NONE', #2114, #1896, #785, .T. ) ;
#1460 = CYLINDRICAL_SURFACE ( 'NONE', #2086, 1.250000000000000200 ) ;
#1461 = CARTESIAN_POINT ( 'NONE',  ( 0.0000000000000000000, 0.9687500000000043300, -3.049999999999999800 ) ) ;
#1462 = CARTESIAN_POINT ( 'NONE',  ( -1.105875672974086000, -1.535213953832429700E-014, 0.8874999999999997300 ) ) ;
#1463 = CALENDAR_DATE ( 2022, 2, 12 ) ;
#1464 = VERTEX_POINT ( 'NONE', #1456 ) ;
#1465 = CARTESIAN_POINT ( 'NONE',  ( 0.8294067547305650200, 0.4788582131113696100, -1.943749999999999400 ) ) ;
#1466 = CARTESIAN_POINT ( 'NONE',  ( -0.8714661178021129200, 0.6429276342636004400, 0.3258657344279569700 ) ) ;
#1467 = EDGE_LOOP ( 'NONE', ( #612, #4070, #2274, #3854 ) ) ;
#1468 = CARTESIAN_POINT ( 'NONE',  ( -1.248810869898247400, -0.1718001011080496600, 2.501022132970170700 ) ) ;
#1469 = LINE ( 'NONE', #477, #3807 ) ;
#1470 = ORIENTED_EDGE ( 'NONE', *, *, #4047, .T. ) ;
#1471 = CARTESIAN_POINT ( 'NONE',  ( 1.455408070052615200E-016, 0.2295000000000022600, 3.049999999999998900 ) ) ;
#1472 = CARTESIAN_POINT ( 'NONE',  ( -1.277206839153282500, -0.1308087032801329200, 2.420759527334532800 ) ) ;
#1473 = ADVANCED_FACE ( 'NONE', ( #2733 ), #2972, .T. ) ;
#1474 = CARTESIAN_POINT ( 'NONE',  ( 0.8507067466786050200, -0.1550073732554549100, 2.341249999999998700 ) ) ;
#1475 = VERTEX_POINT ( 'NONE', #3146 ) ;
#1476 = CARTESIAN_POINT ( 'NONE',  ( 0.7357503364870434700, 1.274356964481439900, 0.5265624999999994900 ) ) ;
#1477 = CARTESIAN_POINT ( 'NONE',  ( 0.8294067547305650200, 0.4788582131113692800, 0.6999999999999997300 ) ) ;
#1478 = ORIENTED_EDGE ( 'NONE', *, *, #2607, .F. ) ;
#1479 = ORIENTED_EDGE ( 'NONE', *, *, #1518, .F. ) ;
#1480 = ORIENTED_EDGE ( 'NONE', *, *, #817, .T. ) ;
#1481 = CARTESIAN_POINT ( 'NONE',  ( -0.5529378364870428700, 0.9577164262227556600, -2.731249999999999300 ) ) ;
#1482 = PLANE ( 'NONE',  #839 ) ;
#1483 = CARTESIAN_POINT ( 'NONE',  ( 0.7216878364870387100, -1.250000000000037300, -0.9875000000000019300 ) ) ;
#1484 = CARTESIAN_POINT ( 'NONE',  ( 3.024877593893958900E-016, 2.469999999999997100, 2.104999999999997300 ) ) ;
#1485 = CARTESIAN_POINT ( 'NONE',  ( -0.6710041598264017100, -0.6833550837980214600, -3.049999999999999400 ) ) ;
#1486 = EDGE_CURVE ( 'NONE', #896, #3491, #1808, .T. ) ;
#1487 = CARTESIAN_POINT ( 'NONE',  ( -0.1646778516159125300, 1.306577459481448500, 2.735015816732009300 ) ) ;
#1488 = DIRECTION ( 'NONE',  ( 0.0000000000000000000, 1.224646799147353000E-016, -1.000000000000000000 ) ) ;
#1489 = CARTESIAN_POINT ( 'NONE',  ( 0.1570016525484351500, -1.300044638993838000, 2.663716656420687600 ) ) ;
#1490 = CARTESIAN_POINT ( 'NONE',  ( -0.1252669885663742200, -1.269248330896098900, 2.341249999999998700 ) ) ;
#1491 = CARTESIAN_POINT ( 'NONE',  ( 1.103625504730563900, -0.6371784822407436900, 0.4140624999999992800 ) ) ;
#1492 = DIRECTION ( 'NONE',  ( -0.0000000000000000000, -1.224646799147353200E-016, 1.000000000000000000 ) ) ;
#1493 = ADVANCED_FACE ( 'NONE', ( #4369 ), #3355, .T. ) ;
#1494 = CARTESIAN_POINT ( 'NONE',  ( 1.105875672974086000, -1.532678951441306000E-014, -1.531249999999999600 ) ) ;
#1495 = CARTESIAN_POINT ( 'NONE',  ( -1.560637177523352200E-016, -1.274356964481471200, -0.5609375000000008700 ) ) ;
#1496 = B_SPLINE_CURVE_WITH_KNOTS ( 'NONE', 3,
 ( #2473, #1155, #1136, #763, #2491, #1472, #3527 ),
 .UNSPECIFIED., .F., .F.,
 ( 4, 3, 4 ),
 ( 0.0000000000000000000, 0.0002351720677594117900, 0.0004761571116962399900 ),
 .UNSPECIFIED. ) ;
#1497 =( GEOMETRIC_REPRESENTATION_CONTEXT ( 3 ) GLOBAL_UNCERTAINTY_ASSIGNED_CONTEXT ( ( #1740 ) ) GLOBAL_UNIT_ASSIGNED_CONTEXT ( ( #1006, #2353, #4082 ) ) REPRESENTATION_CONTEXT ( 'NONE', 'WORKASPACE' ) );
#1498 = CARTESIAN_POINT ( 'NONE',  ( -0.2388190340831451400, -0.7712360881032186400, 2.963638974742666100 ) ) ;
#1499 = CARTESIAN_POINT ( 'NONE',  ( 0.0000000000000000000, 2.602085213965210600E-015, -0.7671030239169828200 ) ) ;
#1500 = CARTESIAN_POINT ( 'NONE',  ( 1.443375672974083600, -1.552656002352396700E-014, -0.4062499999999983900 ) ) ;
#1501 = CARTESIAN_POINT ( 'NONE',  ( -0.4371760101403705000, -0.3063857869185266400, 2.341249999999998700 ) ) ;
#1502 = DIRECTION ( 'NONE',  ( 0.3826834323651014900, 0.9238795325112818500, 0.0000000000000000000 ) ) ;
#1503 = VECTOR ( 'NONE', #575, 1000.000000000000000 ) ;
#1504 = DIRECTION ( 'NONE',  ( 0.0000000000000000000, 0.0000000000000000000, 1.000000000000000000 ) ) ;
#1505 = DIRECTION ( 'NONE',  ( -0.9945218953682734000, 4.090244309579754900E-015, 0.1045284632676538300 ) ) ;
#1506 = CARTESIAN_POINT ( 'NONE',  ( -1.560637177523352200E-016, -1.274356964481471000, -1.010937500000000900 ) ) ;
#1507 = EDGE_CURVE ( 'NONE', #3491, #113, #1660, .T. ) ;
#1508 =( BOUNDED_CURVE ( )  B_SPLINE_CURVE ( 2, ( #1922, #1735, #3106, #746, #1032, #708, #3085, #2108, #1423, #1408, #3782, #2445, #2759, #2404, #76, #1075, #1757, #3425, #2418, #1394, #2743, #4112, #2075, #65, #3450, #2089, #381, #2459, #2777, #4130, #2429, #52, #412, #1063, #3137, #2044, #3798, #1049, #3813, #3439, #395, #1773, #734, #24, #2800 ),
 .UNSPECIFIED., .F., .F. ) 
 B_SPLINE_CURVE_WITH_KNOTS ( ( 3, 2, 2, 2, 2, 2, 2, 2, 2, 2, 2, 2, 2, 2, 2, 2, 2, 2, 2, 2, 2, 2, 3 ),
 ( 0.09429098738830606100, 0.1250000000000000000, 0.1666666666666666600, 0.2083333333333333400, 0.2500000000000000000, 0.2916666666666666900, 0.3333333333333333100, 0.3749999999999999400, 0.4166666666666666900, 0.4583333333333333100, 0.5000000000000000000, 0.5416666666666666300, 0.5833333333333333700, 0.6250000000000000000, 0.6666666666666666300, 0.7083333333333333700, 0.7500000000000000000, 0.7916666666666666300, 0.8333333333333333700, 0.8750000000000000000, 0.9166666666666667400, 0.9583333333333333700, 1.000000000000000000 ),
 .UNSPECIFIED. ) 
 CURVE ( )  GEOMETRIC_REPRESENTATION_ITEM ( )  RATIONAL_B_SPLINE_CURVE ( ( 0.9480652107226128500, 0.9012585384440734400, 1.000000000000000000, 0.8660254037844387100, 1.000000000000000000, 0.8660254037844387100, 1.000000000000000000, 0.8660254037844387100, 1.000000000000000000, 0.8660254037844387100, 1.000000000000000000, 0.8660254037844387100, 1.000000000000000000, 0.8660254037844387100, 1.000000000000000000, 0.8660254037844387100, 1.000000000000000000, 0.8660254037844387100, 1.000000000000000000, 0.8660254037844387100, 1.000000000000000000, 0.8660254037844387100, 1.000000000000000000, 0.8660254037844387100, 1.000000000000000000, 0.8660254037844387100, 1.000000000000000000, 0.8660254037844387100, 1.000000000000000000, 0.8660254037844387100, 1.000000000000000000, 0.8660254037844387100, 1.000000000000000000, 0.8660254037844387100, 1.000000000000000000, 0.8660254037844387100, 1.000000000000000000, 0.8660254037844387100, 1.000000000000000000, 0.8660254037844387100, 1.000000000000000000, 0.8660254037844387100, 1.000000000000000000, 0.8660254037844387100, 1.000000000000000000 ) ) 
 REPRESENTATION_ITEM ( '' )  );
#1509 = CARTESIAN_POINT ( 'NONE',  ( 1.325051771394847500, 2.070106209874711500E-015, 2.812633460563340300 ) ) ;
#1510 = VECTOR ( 'NONE', #1096, 1000.000000000000100 ) ;
#1511 = ORIENTED_EDGE ( 'NONE', *, *, #2518, .F. ) ;
#1512 = CARTESIAN_POINT ( 'NONE',  ( -0.1730352898830063200, -1.313705060252006200, 2.812633460563337200 ) ) ;
#1513 = CARTESIAN_POINT ( 'NONE',  ( 1.248810876472627300, 0.1718001083449547100, 2.501022201824728800 ) ) ;
#1514 = CARTESIAN_POINT ( 'NONE',  ( -1.082531754730562600, 0.6249999999999934500, -1.118749999999998100 ) ) ;
#1515 = CARTESIAN_POINT ( 'NONE',  ( -0.8294067547305645800, 0.4788582131113702200, 0.006250000000000721100 ) ) ;
#1516 = CARTESIAN_POINT ( 'NONE',  ( -1.172864355864558400E-016, -0.9577164262227859700, -1.700000000000000400 ) ) ;
#1517 = ADVANCED_FACE ( 'NONE', ( #2840 ), #3889, .T. ) ;
#1518 = EDGE_CURVE ( 'NONE', #2896, #3907, #2378, .T. ) ;
#1519 = ORIENTED_EDGE ( 'NONE', *, *, #1247, .T. ) ;
#1520 = CIRCLE ( 'NONE', #3769, 1.325051771394847500 ) ;
#1521 = ORIENTED_EDGE ( 'NONE', *, *, #635, .T. ) ;
#1522 = VERTEX_POINT ( 'NONE', #867 ) ;
#1523 = VERTEX_POINT ( 'NONE', #1859 ) ;
#1524 =( BOUNDED_CURVE ( )  B_SPLINE_CURVE ( 2, ( #2255, #264, #1299, #3294, #4010, #218, #585 ),
 .UNSPECIFIED., .F., .F. ) 
 B_SPLINE_CURVE_WITH_KNOTS ( ( 3, 2, 2, 3 ),
 ( 0.1249999999999999900, 0.1666666666666666300, 0.2083333333333334000, 0.2500000000000000600 ),
 .UNSPECIFIED. ) 
 CURVE ( )  GEOMETRIC_REPRESENTATION_ITEM ( )  RATIONAL_B_SPLINE_CURVE ( ( 1.000000000000000200, 0.8660254037844387100, 1.000000000000000000, 0.8660254037844387100, 1.000000000000000000, 0.8660254037844384900, 1.000000000000000200 ) ) 
 REPRESENTATION_ITEM ( '' )  );
#1525 = APPROVAL_DATE_TIME ( #2257, #1977 ) ;
#1526 = CARTESIAN_POINT ( 'NONE',  ( 0.5529378364870427600, -0.9577164262227861900, -1.606249999999999500 ) ) ;
#1527 = CARTESIAN_POINT ( 'NONE',  ( -0.8633221105560766600, 0.2184290902842175000, 2.944667330124167900 ) ) ;
#1528 = CARTESIAN_POINT ( 'NONE',  ( 1.269361737438037000, 0.1219187515627389400, 2.338356735238821000 ) ) ;
#1529 = CARTESIAN_POINT ( 'NONE',  ( 1.269361737517582500, -0.1219187516528639500, 2.338356736074166200 ) ) ;
#1530 = CARTESIAN_POINT ( 'NONE',  ( 0.0000000000000000000, 0.9577164262227554300, -0.06874999999999925600 ) ) ;
#1531 = CARTESIAN_POINT ( 'NONE',  ( 1.082531754730562400, -0.6250000000000240900, -0.8937499999999982700 ) ) ;
#1532 = VERTEX_POINT ( 'NONE', #3575 ) ;
#1533 = ORIENTED_EDGE ( 'NONE', *, *, #4328, .T. ) ;
#1534 = CARTESIAN_POINT ( 'NONE',  ( 1.082531754730563500, 0.6249999999999924500, -1.775000000000001700 ) ) ;
#1535 = EDGE_CURVE ( 'NONE', #1523, #976, #1976, .T. ) ;
#1536 = ADVANCED_FACE ( 'NONE', ( #2788 ), #2678, .T. ) ;
#1537 = CARTESIAN_POINT ( 'NONE',  ( 0.3594804923862297000, -0.4902707156080768300, 3.001276454878518200 ) ) ;
#1538 = CARTESIAN_POINT ( 'NONE',  ( -0.7298308297622219100, 0.9054342763274529900, 0.5430108439293954700 ) ) ;
#1539 = CARTESIAN_POINT ( 'NONE',  ( -1.105875672974086000, -1.491126669063125000E-014, -2.712499999999999900 ) ) ;
#1540 = ORIENTED_EDGE ( 'NONE', *, *, #2632, .T. ) ;
#1541 = CARTESIAN_POINT ( 'NONE',  ( -0.3063857869185263600, -0.4371760101403705000, 2.341249999999998700 ) ) ;
#1542 = EDGE_CURVE ( 'NONE', #842, #3973, #3409, .T. ) ;
#1543 = CARTESIAN_POINT ( 'NONE',  ( -0.8294067547305646900, -0.4788582131114005900, 0.9812500000000004000 ) ) ;
#1544 = ORIENTED_EDGE ( 'NONE', *, *, #3789, .F. ) ;
#1545 = CARTESIAN_POINT ( 'NONE',  ( -0.7216878364870404900, 1.250000000000003800, -1.606249999999998200 ) ) ;
#1546 = AXIS2_PLACEMENT_3D ( 'NONE', #1400, #2399, #715 ) ;
#1547 = CARTESIAN_POINT ( 'NONE',  ( 0.1723466781936536800, -0.4160816879250647800, 2.341249999999998700 ) ) ;
#1548 = AXIS2_PLACEMENT_3D ( 'NONE', #3072, #1021, #437 ) ;
#1549 = CARTESIAN_POINT ( 'NONE',  ( 0.0000000000000000000, 1.116036695352098200, -1.566406249999999600 ) ) ;
#1550 = CARTESIAN_POINT ( 'NONE',  ( 0.0000000000000000000, 1.274356964481440500, -1.235937500000000600 ) ) ;
#1551 = CARTESIAN_POINT ( 'NONE',  ( -1.172864355864558400E-016, -0.9577164262227858500, -2.093749999999999100 ) ) ;
#1552 = FACE_OUTER_BOUND ( 'NONE', #2904, .T. ) ;
#1553 = CARTESIAN_POINT ( 'NONE',  ( 0.0000000000000000000, 0.9577164262227557700, -2.825000000000000200 ) ) ;
#1554 = CARTESIAN_POINT ( 'NONE',  ( 1.082531754730563300, 0.6249999999999923400, -0.8187499999999983100 ) ) ;
#1555 = ADVANCED_FACE ( 'NONE', ( #1966 ), #1276, .F. ) ;
#1556 = VERTEX_POINT ( 'NONE', #3562 ) ;
#1557 = FACE_OUTER_BOUND ( 'NONE', #4184, .T. ) ;
#1558 = DIRECTION ( 'NONE',  ( 0.9238795325112857400, 0.3826834323650922800, -0.0000000000000000000 ) ) ;
#1559 = CARTESIAN_POINT ( 'NONE',  ( 0.7357503364870424700, -1.274356964481471400, -0.07343750000000101600 ) ) ;
#1560 = EDGE_CURVE ( 'NONE', #1677, #2822, #963, .T. ) ;
#1561 = CARTESIAN_POINT ( 'NONE',  ( 0.5529378364870435300, 0.9577164262227554300, -2.412500000000000100 ) ) ;
#1562 = ORIENTED_EDGE ( 'NONE', *, *, #510, .F. ) ;
#1563 = CARTESIAN_POINT ( 'NONE',  ( -0.4902707156080711700, 0.3594804923862358600, 3.001276454878519100 ) ) ;
#1564 = ORIENTED_EDGE ( 'NONE', *, *, #3841, .F. ) ;
#1565 = CIRCLE ( 'NONE', #1987, 1.934874957904746800 ) ;
#1566 = CARTESIAN_POINT ( 'NONE',  ( -1.206977370062896300E-016, -0.9855718162193865000, 0.08391768308708048900 ) ) ;
#1567 = ORIENTED_EDGE ( 'NONE', *, *, #4259, .F. ) ;
#1568 = AXIS2_PLACEMENT_3D ( 'NONE', #2507, #2529, #3844 ) ;
#1569 =( BOUNDED_CURVE ( )  B_SPLINE_CURVE ( 2, ( #3746, #1028, #703, #676, #2737, #3064, #1753 ),
 .UNSPECIFIED., .F., .F. ) 
 B_SPLINE_CURVE_WITH_KNOTS ( ( 3, 2, 2, 3 ),
 ( 0.3749999999999999400, 0.4166666666666666300, 0.4583333333333333100, 0.5000000000000000000 ),
 .UNSPECIFIED. ) 
 CURVE ( )  GEOMETRIC_REPRESENTATION_ITEM ( )  RATIONAL_B_SPLINE_CURVE ( ( 1.000000000000000200, 0.8660254037844384900, 1.000000000000000000, 0.8660254037844387100, 1.000000000000000000, 0.8660254037844387100, 1.000000000000000000 ) ) 
 REPRESENTATION_ITEM ( '' )  );
#1570 = DIRECTION ( 'NONE',  ( -0.0000000000000000000, -1.224646799147353200E-016, 1.000000000000000000 ) ) ;
#1571 = CARTESIAN_POINT ( 'NONE',  ( -1.303250588557389500, 0.1946399972873369100, 2.815344277869460000 ) ) ;
#1572 = CARTESIAN_POINT ( 'NONE',  ( 1.443375672974083900, -1.551967138527876300E-014, -0.4625000000000015800 ) ) ;
#1573 = CARTESIAN_POINT ( 'NONE',  ( -0.8294067547305645800, -0.4788582131114003700, -0.3687499999999995200 ) ) ;
#1574 = VERTEX_POINT ( 'NONE', #487 ) ;
#1575 = CARTESIAN_POINT ( 'NONE',  ( 0.5529378364870427600, -0.9577164262227860800, -2.506249999999999200 ) ) ;
#1576 = VERTEX_POINT ( 'NONE', #3214 ) ;
#1577 = EDGE_LOOP ( 'NONE', ( #4143, #2973, #1781, #2691 ) ) ;
#1578 = ORIENTED_EDGE ( 'NONE', *, *, #3812, .F. ) ;
#1579 = CARTESIAN_POINT ( 'NONE',  ( -1.443375672974083400, -1.497326443483808000E-014, -2.037500000000001000 ) ) ;
#1580 = CARTESIAN_POINT ( 'NONE',  ( 0.7112662302263123000, -0.8981901790546847900, 0.4958928484371525300 ) ) ;
#1581 = CARTESIAN_POINT ( 'NONE',  ( 0.1339623874028375600, -0.9882271392079086100, 0.09121312303940327900 ) ) ;
#1582 = CARTESIAN_POINT ( 'NONE',  ( -1.000475061894133600, 0.6947779703320540200, 0.6990803905426216100 ) ) ;
#1583 = CARTESIAN_POINT ( 'NONE',  ( 1.105875672974086000, -1.565744415018284600E-014, 1.168750000000000800 ) ) ;
#1584 = CARTESIAN_POINT ( 'NONE',  ( 0.5529378364870427600, -0.9577164262227861900, -1.662500000000000300 ) ) ;
#1585 = CARTESIAN_POINT ( 'NONE',  ( 0.1723466781936514000, 0.4160816879250641700, 2.341249999999998700 ) ) ;
#1586 = CARTESIAN_POINT ( 'NONE',  ( 0.7582240929255343900, -0.1734033168550314100, 2.341249999999998700 ) ) ;
#1587 = EDGE_CURVE ( 'NONE', #3283, #493, #898, .T. ) ;
#1588 = DIRECTION ( 'NONE',  ( 0.0000000000000000000, 0.0000000000000000000, 1.000000000000000000 ) ) ;
#1589 = CARTESIAN_POINT ( 'NONE',  ( -1.172864355864558200E-016, -0.9577164262227858500, -0.7437499999999993600 ) ) ;
#1590 = CARTESIAN_POINT ( 'NONE',  ( 1.119601627777751200E-012, -1.116911071037232100, -2.901838928962767700 ) ) ;
#1591 = CARTESIAN_POINT ( 'NONE',  ( 0.8294067547305650200, 0.4788582131113697200, -2.900000000000000400 ) ) ;
#1592 = EDGE_CURVE ( 'NONE', #1141, #1778, #2625, .T. ) ;
#1593 = CARTESIAN_POINT ( 'NONE',  ( -0.1494142179930790200, 1.253358770130406500, 2.341249999999998700 ) ) ;
#1594 = CARTESIAN_POINT ( 'NONE',  ( 1.082531754730562600, -0.6250000000000240900, -1.400000000000001500 ) ) ;
#1595 = CARTESIAN_POINT ( 'NONE',  ( 0.0000000000000000000, 2.602085213965210600E-015, -0.7671030239169828200 ) ) ;
#1596 = CARTESIAN_POINT ( 'NONE',  ( -0.6454870444320980300, -1.103599913274429200, 0.7963452528110242000 ) ) ;
#1597 = CARTESIAN_POINT ( 'NONE',  ( 0.1130009481935868000, 0.04680652530280658700, -0.7799584642923093100 ) ) ;
#1598 = CARTESIAN_POINT ( 'NONE',  ( -0.7357503364870433500, -1.274356964481470500, -2.370312499999998900 ) ) ;
#1599 = VECTOR ( 'NONE', #2732, 1000.000000000000100 ) ;
#1600 = CARTESIAN_POINT ( 'NONE',  ( 0.1222308907553016900, -1.269637219277295300, 2.341249999999998700 ) ) ;
#1601 = AXIS2_PLACEMENT_3D ( 'NONE', #336, #4069, #2029 ) ;
#1602 = CARTESIAN_POINT ( 'NONE',  ( -1.269248330896095600, 0.1252669885663948700, 2.341249999999998700 ) ) ;
#1603 = CARTESIAN_POINT ( 'NONE',  ( -1.172864355864558200E-016, -0.9577164262227857400, -1.643749999999999400 ) ) ;
#1604 = CARTESIAN_POINT ( 'NONE',  ( 0.7357503364870434700, 1.274356964481439900, -0.3453124999999989700 ) ) ;
#1605 = CARTESIAN_POINT ( 'NONE',  ( -1.530808498934212300E-016, -1.250000000000032000, -2.768749999999998500 ) ) ;
#1606 = CARTESIAN_POINT ( 'NONE',  ( 0.5529378364870427600, -0.9577164262227860800, -2.112500000000000300 ) ) ;
#1607 = CARTESIAN_POINT ( 'NONE',  ( -0.1303148325725391700, 1.268158330220140700, 2.341249999999998700 ) ) ;
#1608 = CARTESIAN_POINT ( 'NONE',  ( 0.7216878364870413800, -1.250000000000032000, -1.437500000000001300 ) ) ;
#1609 = ORIENTED_EDGE ( 'NONE', *, *, #1131, .T. ) ;
#1610 = CARTESIAN_POINT ( 'NONE',  ( 1.313705060252006400, 0.1730352898830078700, 2.812633460563340300 ) ) ;
#1611 = CARTESIAN_POINT ( 'NONE',  ( -1.172864355864558400E-016, -0.9577164262227861900, 0.6062500000000004000 ) ) ;
#1612 = VERTEX_POINT ( 'NONE', #3201 ) ;
#1613 = CARTESIAN_POINT ( 'NONE',  ( 0.0000000000000000000, 0.9577164262227556600, -1.925000000000000300 ) ) ;
#1614 = EDGE_CURVE ( 'NONE', #2753, #1296, #3563, .T. ) ;
#1615 = DIRECTION ( 'NONE',  ( -0.0000000000000000000, -1.224646799147353200E-016, 1.000000000000000000 ) ) ;
#1616 = CARTESIAN_POINT ( 'NONE',  ( -1.259408983444586700, 0.1445212860132461800, 2.341249999999998700 ) ) ;
#1617 = ORIENTED_EDGE ( 'NONE', *, *, #4054, .F. ) ;
#1618 = DIRECTION ( 'NONE',  ( 1.224646799147353900E-016, 1.000000000000000000, 0.0000000000000000000 ) ) ;
#1619 = CYLINDRICAL_SURFACE ( 'NONE', #545, 0.2430000000000000200 ) ;
#1620 = CARTESIAN_POINT ( 'NONE',  ( -1.311590164822788300, -0.1822507305810759600, 2.812954681521256700 ) ) ;
#1621 = CARTESIAN_POINT ( 'NONE',  ( 0.5529378364870427600, -0.9577164262227860800, -1.156249999999999300 ) ) ;
#1622 = ORIENTED_EDGE ( 'NONE', *, *, #2512, .T. ) ;
#1623 = ORIENTED_EDGE ( 'NONE', *, *, #1372, .T. ) ;
#1624 = AXIS2_PLACEMENT_3D ( 'NONE', #3553, #3197, #3165 ) ;
#1625 = CARTESIAN_POINT ( 'NONE',  ( -1.103625504730564300, -0.6371784822407426900, 0.2921875000000006600 ) ) ;
#1626 = EDGE_CURVE ( 'NONE', #3907, #2045, #2567, .T. ) ;
#1627 = CARTESIAN_POINT ( 'NONE',  ( -1.172864355864558400E-016, -0.9577164262227858500, -2.149999999999999900 ) ) ;
#1628 = ORIENTED_EDGE ( 'NONE', *, *, #4190, .T. ) ;
#1629 = VECTOR ( 'NONE', #2843, 1000.000000000000000 ) ;
#1630 = DIRECTION ( 'NONE',  ( 0.02078751127481439500, -0.1045058763748859000, 0.9943069954385902500 ) ) ;
#1631 = DIRECTION ( 'NONE',  ( 0.0000000000000000000, -1.000000000000000000, 0.0000000000000000000 ) ) ;
#1632 = AXIS2_PLACEMENT_3D ( 'NONE', #2847, #806, #2863 ) ;
#1633 = CARTESIAN_POINT ( 'NONE',  ( 0.0000000000000000000, 0.9577164262227553200, 0.8312500000000006000 ) ) ;
#1634 = B_SPLINE_CURVE_WITH_KNOTS ( 'NONE', 3,
 ( #3006, #2655, #603, #4380, #959, #3336, #4365, #3677, #296, #1645, #3693, #2369, #2004, #2681, #975, #1664 ),
 .UNSPECIFIED., .F., .F.,
 ( 4, 3, 3, 3, 3, 4 ),
 ( 0.0000000000000000000, 1.219814541772815100E-005, 2.440085787726279200E-005, 3.654123959877669900E-005, 4.866309115787495500E-005, 5.319183929174000800E-005 ),
 .UNSPECIFIED. ) ;
#1635 = CARTESIAN_POINT ( 'NONE',  ( -0.7357503364870433500, -1.274356964481470500, -2.820312499999998700 ) ) ;
#1636 = CARTESIAN_POINT ( 'NONE',  ( 0.8294067547305649100, 0.4788582131113694500, -1.043749999999999500 ) ) ;
#1637 = CARTESIAN_POINT ( 'NONE',  ( -1.082531754730563100, -0.6250000000000233100, -1.100000000000001400 ) ) ;
#1638 = CARTESIAN_POINT ( 'NONE',  ( -1.264311991070233800, 0.1379743053368990000, 2.341249999999998700 ) ) ;
#1639 = CARTESIAN_POINT ( 'NONE',  ( -1.285805685867824600, 0.2049515102569884600, 2.821070966074694200 ) ) ;
#1640 = ORIENTED_EDGE ( 'NONE', *, *, #1223, .T. ) ;
#1641 = CARTESIAN_POINT ( 'NONE',  ( -1.290852450293043900, -0.2030599636941271800, 2.819363495920215200 ) ) ;
#1642 = CARTESIAN_POINT ( 'NONE',  ( -0.1734033168550221900, 0.7582240929255365000, 2.341249999999998700 ) ) ;
#1643 = CARTESIAN_POINT ( 'NONE',  ( -0.7357503364870425800, 1.274356964481440100, 0.6296875000000010700 ) ) ;
#1644 = CARTESIAN_POINT ( 'NONE',  ( 0.1506613682122339100, -1.123542912547060800, 0.4629901547850877000 ) ) ;
#1645 = CARTESIAN_POINT ( 'NONE',  ( 0.1379743053368861800, 1.264311991070235400, 2.341249999999998700 ) ) ;
#1646 = ORIENTED_EDGE ( 'NONE', *, *, #2054, .T. ) ;
#1647 = CARTESIAN_POINT ( 'NONE',  ( 0.0000000000000000000, 1.081333142207661300E-015, 1.426199594949188100 ) ) ;
#1648 = CARTESIAN_POINT ( 'NONE',  ( -0.5529378364870428700, 0.9577164262227554300, 0.4187500000000006800 ) ) ;
#1649 = CARTESIAN_POINT ( 'NONE',  ( 1.471500672974085600, -1.530956791880005000E-014, -2.220312499999999000 ) ) ;
#1650 = CARTESIAN_POINT ( 'NONE',  ( -1.269361737517581900, 0.1219187516528722200, 2.338356736074165700 ) ) ;
#1651 = PLANE ( 'NONE',  #1768 ) ;
#1652 = ORIENTED_EDGE ( 'NONE', *, *, #3412, .F. ) ;
#1653 = EDGE_CURVE ( 'NONE', #1574, #1733, #355, .T. ) ;
#1654 = DIRECTION ( 'NONE',  ( -0.0000000000000000000, -1.224646799147353200E-016, 1.000000000000000000 ) ) ;
#1655 = CARTESIAN_POINT ( 'NONE',  ( -1.309377815923370700, -0.1863148149156896300, 2.813552226188343200 ) ) ;
#1656 = CARTESIAN_POINT ( 'NONE',  ( 0.6591240375685701900, 0.9030776280034917800, 0.4230712954056505800 ) ) ;
#1657 = CARTESIAN_POINT ( 'NONE',  ( -0.7357503364870431300, -1.274356964481470500, -0.1203124999999994300 ) ) ;
#1658 = CARTESIAN_POINT ( 'NONE',  ( -0.8294067547305645800, -0.4788582131114003100, -0.8750000000000001100 ) ) ;
#1659 = CONICAL_SURFACE ( 'NONE', #2554, 1.300799999999997100, 0.3490658503988666700 ) ;
#1660 =( BOUNDED_CURVE ( )  B_SPLINE_CURVE ( 2, ( #2127, #4193, #1764, #4161, #3191, #1146, #4217 ),
 .UNSPECIFIED., .F., .F. ) 
 B_SPLINE_CURVE_WITH_KNOTS ( ( 3, 2, 2, 3 ),
 ( 0.6250000000000002200, 0.6666666666666669600, 0.7083333333333333700, 0.7500000000000001100 ),
 .UNSPECIFIED. ) 
 CURVE ( )  GEOMETRIC_REPRESENTATION_ITEM ( )  RATIONAL_B_SPLINE_CURVE ( ( 0.9999999999999993300, 0.8660254037844393700, 1.000000000000000000, 0.8660254037844387100, 1.000000000000000000, 0.8660254037844383700, 1.000000000000000400 ) ) 
 REPRESENTATION_ITEM ( '' )  );
#1661 = AXIS2_PLACEMENT_3D ( 'NONE', #965, #4356, #1993 ) ;
#1662 = APPROVAL_STATUS ( 'not_yet_approved' ) ;
#1663 = VECTOR ( 'NONE', #528, 1000.000000000000100 ) ;
#1664 = CARTESIAN_POINT ( 'NONE',  ( 0.1222308907553044800, 1.269637219277294900, 2.341249999999998700 ) ) ;
#1665 = CARTESIAN_POINT ( 'NONE',  ( -0.8651502405362132600, 0.4692885409046008100, 3.006709917370681900 ) ) ;
#1666 = ORIENTED_EDGE ( 'NONE', *, *, #197, .F. ) ;
#1667 = CARTESIAN_POINT ( 'NONE',  ( 6.130500067027725100E-016, 0.1698177346798777400, -0.7492544607789050100 ) ) ;
#1668 = DIRECTION ( 'NONE',  ( 0.0000000000000000000, -0.9967800569107643200, -0.08018427617041495900 ) ) ;
#1669 = CARTESIAN_POINT ( 'NONE',  ( 1.103625504730564500, 0.6371784822407116100, 0.5171875000000008000 ) ) ;
#1670 = CARTESIAN_POINT ( 'NONE',  ( 0.5529378364870435300, 0.9577164262227552100, -0.5562499999999994700 ) ) ;
#1671 = VECTOR ( 'NONE', #741, 1000.000000000000000 ) ;
#1672 = AXIS2_PLACEMENT_3D ( 'NONE', #2063, #1722, #324 ) ;
#1673 = CARTESIAN_POINT ( 'NONE',  ( 1.126169326587829000, -0.2750362629689109800, 0.5339283513707009400 ) ) ;
#1674 = ORIENTED_EDGE ( 'NONE', *, *, #3464, .T. ) ;
#1675 = VERTEX_POINT ( 'NONE', #3982 ) ;
#1676 = CARTESIAN_POINT ( 'NONE',  ( 0.8294067547305642400, -0.4788582131114010300, -0.7250000000000002000 ) ) ;
#1677 = VERTEX_POINT ( 'NONE', #220 ) ;
#1678 = EDGE_CURVE ( 'NONE', #3142, #999, #4153, .T. ) ;
#1679 = CARTESIAN_POINT ( 'NONE',  ( -1.105875672974086000, -1.513859175272297600E-014, -0.8562499999999994000 ) ) ;
#1680 = CARTESIAN_POINT ( 'NONE',  ( -1.180721039320006500, 0.09982050582187920700, -2.844079313661848700 ) ) ;
#1681 = VERTEX_POINT ( 'NONE', #2277 ) ;
#1682 = DIRECTION ( 'NONE',  ( -0.9945218953682734000, 1.051151192710961300E-016, 0.1045284632676537100 ) ) ;
#1683 = CARTESIAN_POINT ( 'NONE',  ( -2.107636312096051300E-014, 1.129994060689064800, 0.4807145386344771100 ) ) ;
#1684 = DIRECTION ( 'NONE',  ( 0.0000000000000000000, 0.3420201433256693200, 0.9396926207859082100 ) ) ;
#1685 = AXIS2_PLACEMENT_3D ( 'NONE', #1647, #297, #3352 ) ;
#1686 = CARTESIAN_POINT ( 'NONE',  ( 0.8294067547305649100, 0.4788582131113694500, -1.100000000000000300 ) ) ;
#1687 = CARTESIAN_POINT ( 'NONE',  ( 1.248666166248824100, 0.1717217005255092500, 2.500276201254463700 ) ) ;
#1688 = DIRECTION ( 'NONE',  ( -0.3805870524817616700, 0.9188184237650808300, -0.1045284632676536200 ) ) ;
#1689 = ORIENTED_EDGE ( 'NONE', *, *, #3444, .F. ) ;
#1690 = EDGE_LOOP ( 'NONE', ( #673, #1088, #151, #4390, #2560, #3322, #3822, #637, #3930, #3084 ) ) ;
#1691 = EDGE_LOOP ( 'NONE', ( #3516, #2367, #1646, #3856, #1730, #181, #3630 ) ) ;
#1692 = CARTESIAN_POINT ( 'NONE',  ( 0.2673608254751920800, -0.9637761317819892900, 0.09927718829322035300 ) ) ;
#1693 = AXIS2_PLACEMENT_3D ( 'NONE', #1016, #3778, #390 ) ;
#1694 = B_SPLINE_CURVE_WITH_KNOTS ( 'NONE', 3,
 ( #3997, #2642, #1238, #2597 ),
 .UNSPECIFIED., .F., .F.,
 ( 4, 4 ),
 ( 0.0000000000000000000, 0.0001886769368615541400 ),
 .UNSPECIFIED. ) ;
#1695 = CARTESIAN_POINT ( 'NONE',  ( -0.8294067547305644700, 0.4788582131113702800, -0.9500000000000000700 ) ) ;
#1696 = DIRECTION ( 'NONE',  ( 0.0000000000000000000, 0.3420201433256693200, 0.9396926207859082100 ) ) ;
#1697 = DIRECTION ( 'NONE',  ( -1.000000000000000000, 1.224646799147353200E-016, 1.499759782661857600E-032 ) ) ;
#1698 = CARTESIAN_POINT ( 'NONE',  ( 1.248666166248823000, -0.1717217005255125600, 2.500276201254463700 ) ) ;
#1699 = AXIS2_PLACEMENT_3D ( 'NONE', #3750, #8, #2402 ) ;
#1700 = CARTESIAN_POINT ( 'NONE',  ( 1.105875672974086000, -1.549211683229795000E-014, -0.1812499999999995500 ) ) ;
#1701 = CARTESIAN_POINT ( 'NONE',  ( 1.304614631299511700, 0.1935152916963031900, 2.814911307487916400 ) ) ;
#1702 = CARTESIAN_POINT ( 'NONE',  ( 0.8294067547305642400, -0.4788582131114010300, -0.7250000000000002000 ) ) ;
#1703 = DIRECTION ( 'NONE',  ( 1.000000000000000000, 0.0000000000000000000, -0.0000000000000000000 ) ) ;
#1704 = CARTESIAN_POINT ( 'NONE',  ( 0.5529378364870427600, -0.9577164262227860800, -0.7625000000000001800 ) ) ;
#1705 = CARTESIAN_POINT ( 'NONE',  ( -1.172864355864558200E-016, -0.9577164262227859700, -0.2937499999999995100 ) ) ;
#1706 = CARTESIAN_POINT ( 'NONE',  ( -0.8188650685607302700, -0.1550073732554540200, 2.341249999999998700 ) ) ;
#1707 = CARTESIAN_POINT ( 'NONE',  ( -0.1612180341806153700, -0.7876419676194530400, 2.341249999999998700 ) ) ;
#1708 = EDGE_CURVE ( 'NONE', #896, #2498, #2036, .T. ) ;
#1709 = LINE ( 'NONE', #2771, #801 ) ;
#1710 = CARTESIAN_POINT ( 'NONE',  ( -3.630994636772468600E-014, -1.233674621513579400, 0.7655745383362204700 ) ) ;
#1711 = CARTESIAN_POINT ( 'NONE',  ( 0.1776609910175007700, -1.313095783816282000, 2.812633460563334100 ) ) ;
#1712 =( BOUNDED_CURVE ( )  B_SPLINE_CURVE ( 2, ( #3574, #456, #1874, #1188, #3547, #1545, #2851 ),
 .UNSPECIFIED., .F., .F. ) 
 B_SPLINE_CURVE_WITH_KNOTS ( ( 3, 2, 2, 3 ),
 ( 0.6250000000000000000, 0.6666666666666667400, 0.7083333333333333700, 0.7500000000000001100 ),
 .UNSPECIFIED. ) 
 CURVE ( )  GEOMETRIC_REPRESENTATION_ITEM ( )  RATIONAL_B_SPLINE_CURVE ( ( 1.000000000000000000, 0.8660254037844387100, 1.000000000000000000, 0.8660254037844387100, 1.000000000000000000, 0.8660254037844383700, 1.000000000000000400 ) ) 
 REPRESENTATION_ITEM ( '' )  );
#1713 = CARTESIAN_POINT ( 'NONE',  ( -0.3623022328721942100, 0.4930924560940469500, 3.036353838831116600 ) ) ;
#1714 = CARTESIAN_POINT ( 'NONE',  ( 1.105875672974086000, -1.538189862037468900E-014, -1.081249999999999400 ) ) ;
#1715 = CARTESIAN_POINT ( 'NONE',  ( 1.530808498934191800E-016, 1.250000000000001100, 3.049999999999998900 ) ) ;
#1716 = DATE_TIME_ROLE ( 'creation_date' ) ;
#1717 = ORIENTED_EDGE ( 'NONE', *, *, #1811, .F. ) ;
#1718 = CARTESIAN_POINT ( 'NONE',  ( 0.5529378364870435300, 0.9577164262227552100, -0.1625000000000003100 ) ) ;
#1719 = CARTESIAN_POINT ( 'NONE',  ( 1.443375672974083600, -1.563677823544723400E-014, 0.4937500000000015800 ) ) ;
#1720 = CARTESIAN_POINT ( 'NONE',  ( -0.1971579831030214900, -1.271286872466284200, 2.742286264057519900 ) ) ;
#1721 = B_SPLINE_CURVE_WITH_KNOTS ( 'NONE', 3,
 ( #591, #4389, #2391, #997, #3075, #4033, #283, #2360, #1680, #3374, #1335, #4049, #2019, #3045, #1023, #3342, #2673, #1991 ),
 .UNSPECIFIED., .F., .F.,
 ( 4, 2, 2, 2, 2, 2, 2, 2, 4 ),
 ( 0.003153481746090657200, 0.003615110817871003900, 0.004076739889651350200, 0.004538368961431697400, 0.004999998033212043600, 0.005461627104992389900, 0.005923256176772737100, 0.006384885248553083400, 0.006846514320333429600 ),
 .UNSPECIFIED. ) ;
#1722 = DIRECTION ( 'NONE',  ( 0.9945218953682732900, -4.090244309579754900E-015, -0.1045284632676538200 ) ) ;
#1723 = DIRECTION ( 'NONE',  ( -0.0000000000000000000, -1.224646799147353200E-016, 1.000000000000000000 ) ) ;
#1724 = LINE ( 'NONE', #2308, #3683 ) ;
#1725 = CARTESIAN_POINT ( 'NONE',  ( 0.1917787331708190600, 1.306031452862464100, 2.814488090368564500 ) ) ;
#1726 = DIRECTION ( 'NONE',  ( -0.1045058763748857200, -0.02078751127481467600, -0.9943069954385901400 ) ) ;
#1727 = CARTESIAN_POINT ( 'NONE',  ( 1.105875672974086000, -1.548522819405274600E-014, -0.2375000000000002900 ) ) ;
#1728 = DIRECTION ( 'NONE',  ( 0.0000000000000000000, -1.000000000000000000, 0.0000000000000000000 ) ) ;
#1729 = ORIENTED_EDGE ( 'NONE', *, *, #1392, .F. ) ;
#1730 = ORIENTED_EDGE ( 'NONE', *, *, #714, .F. ) ;
#1731 = CARTESIAN_POINT ( 'NONE',  ( -1.103625504730564500, -0.6371784822407424700, -2.885937500000000300 ) ) ;
#1732 = CARTESIAN_POINT ( 'NONE',  ( 1.105875672974086000, -1.548522819405274600E-014, -0.2375000000000002900 ) ) ;
#1733 = VERTEX_POINT ( 'NONE', #2660 ) ;
#1734 = CARTESIAN_POINT ( 'NONE',  ( -1.443375672974083600, -1.525569860289144100E-014, 0.2687500000000016000 ) ) ;
#1735 = CARTESIAN_POINT ( 'NONE',  ( -0.3915927502278180300, -0.9577164262227855200, -3.020307647468725600 ) ) ;
#1736 = CARTESIAN_POINT ( 'NONE',  ( -1.103625504730564100, 0.6371784822407127200, -1.582812499999999100 ) ) ;
#1737 = EDGE_CURVE ( 'NONE', #3142, #754, #588, .T. ) ;
#1738 = CARTESIAN_POINT ( 'NONE',  ( 0.1542132638072885600, -1.242138479636187400, 2.341249999999998700 ) ) ;
#1739 = ORIENTED_EDGE ( 'NONE', *, *, #873, .T. ) ;
#1740 = UNCERTAINTY_MEASURE_WITH_UNIT (LENGTH_MEASURE( 1.000000000000000100E-005 ), #1006, 'distance_accuracy_value', 'NONE');
#1741 = CARTESIAN_POINT ( 'NONE',  ( -0.2388190340831451400, -0.7712360881032186400, 2.963638974742666100 ) ) ;
#1742 = EDGE_CURVE ( 'NONE', #3247, #2009, #1019, .T. ) ;
#1743 = CARTESIAN_POINT ( 'NONE',  ( -0.8294067547305644700, 0.4788582131113702200, -0.5000000000000002200 ) ) ;
#1744 = ORIENTED_EDGE ( 'NONE', *, *, #3412, .T. ) ;
#1745 = CARTESIAN_POINT ( 'NONE',  ( -1.471500672974085600, -1.502837354079971500E-014, -1.573437500000000700 ) ) ;
#1746 = CARTESIAN_POINT ( 'NONE',  ( -0.8294067547305644700, 0.4788582131113702800, -0.9500000000000000700 ) ) ;
#1747 = CARTESIAN_POINT ( 'NONE',  ( -1.172864355864558400E-016, -0.9577164262227857400, -2.993749999999999500 ) ) ;
#1748 = CARTESIAN_POINT ( 'NONE',  ( 0.1547197054078705300, -1.238129249720998400, 2.341249999999998700 ) ) ;
#1749 = CARTESIAN_POINT ( 'NONE',  ( -0.4930924560940435100, -0.3623022328721999800, 3.036353838831116600 ) ) ;
#1750 = ORIENTED_EDGE ( 'NONE', *, *, #1819, .F. ) ;
#1751 = ORIENTED_EDGE ( 'NONE', *, *, #1107, .F. ) ;
#1752 = CARTESIAN_POINT ( 'NONE',  ( 0.3063857869185264700, 0.4371760101403697200, 2.341249999999998700 ) ) ;
#1753 = CARTESIAN_POINT ( 'NONE',  ( 0.0000000000000000000, 1.250000000000001300, 0.5499999999999988200 ) ) ;
#1754 = CARTESIAN_POINT ( 'NONE',  ( -0.7357503364870426900, 1.274356964481440500, -1.648437500000000400 ) ) ;
#1755 = CARTESIAN_POINT ( 'NONE',  ( -0.5485641171666429900, 0.9235665815158176100, 0.3016314409472641800 ) ) ;
#1756 = EDGE_CURVE ( 'NONE', #2228, #1141, #1055, .T. ) ;
#1757 = CARTESIAN_POINT ( 'NONE',  ( 0.8294067547305643600, -0.4788582131114008700, -2.468749999999999600 ) ) ;
#1758 = CARTESIAN_POINT ( 'NONE',  ( 1.103625504730563900, -0.6371784822407434700, -0.9078124999999991300 ) ) ;
#1759 = CARTESIAN_POINT ( 'NONE',  ( -0.4725142672079953900, 0.8657918773917513400, 3.037400653050898100 ) ) ;
#1760 = FACE_OUTER_BOUND ( 'NONE', #3120, .T. ) ;
#1761 = EDGE_CURVE ( 'NONE', #939, #3268, #3105, .T. ) ;
#1762 = CARTESIAN_POINT ( 'NONE',  ( 1.641994607814422600E-015, 0.1550073732554512800, 2.341249999999998700 ) ) ;
#1763 = CARTESIAN_POINT ( 'NONE',  ( -1.103625504730564100, 0.6371784822407126100, -0.2609375000000004300 ) ) ;
#1764 = CARTESIAN_POINT ( 'NONE',  ( -1.082531754730562800, -0.6250000000000233100, -0.1437499999999984900 ) ) ;
#1765 = VERTEX_POINT ( 'NONE', #1270 ) ;
#1766 = LINE ( 'NONE', #2146, #1510 ) ;
#1767 = ORIENTED_EDGE ( 'NONE', *, *, #3520, .F. ) ;
#1768 = AXIS2_PLACEMENT_3D ( 'NONE', #2685, #2049, #1382 ) ;
#1769 = CARTESIAN_POINT ( 'NONE',  ( -0.4317425188364111300, -0.3843203593736220800, 3.006521471578741600 ) ) ;
#1770 = CARTESIAN_POINT ( 'NONE',  ( 0.0000000000000000000, 9.757819552369539900E-016, 1.765599797474592900 ) ) ;
#1771 = DATE_AND_TIME ( #2950, #3836 ) ;
#1772 = B_SPLINE_CURVE_WITH_KNOTS ( 'NONE', 3,
 ( #2953, #1644, #2938, #2653, #1580, #3955, #1341, #1673, #3719, #972, #2739, #664, #2337, #322, #4377, #308, #1315, #636 ),
 .UNSPECIFIED., .F., .F.,
 ( 4, 2, 2, 2, 2, 2, 2, 2, 4 ),
 ( 0.007864849425118775400, 0.008317594117173329400, 0.008770338809227883400, 0.009223083501282435700, 0.009675828193336989700, 0.01012857288539154400, 0.01058131757744609800, 0.01103406226950065200, 0.01148680696155520600 ),
 .UNSPECIFIED. ) ;
#1773 = CARTESIAN_POINT ( 'NONE',  ( 1.105875672974086000, -1.532678951441305700E-014, -1.531249999999999300 ) ) ;
#1774 = LINE ( 'NONE', #1749, #4168 ) ;
#1775 = CARTESIAN_POINT ( 'NONE',  ( -0.7357503364870425800, 1.274356964481440300, -1.170312499999999000 ) ) ;
#1776 = EDGE_LOOP ( 'NONE', ( #1544, #3379, #4394, #2596 ) ) ;
#1777 = FACE_OUTER_BOUND ( 'NONE', #606, .T. ) ;
#1778 = VERTEX_POINT ( 'NONE', #1586 ) ;
#1779 = EDGE_LOOP ( 'NONE', ( #4162, #3708, #3806, #3124 ) ) ;
#1780 = CONICAL_SURFACE ( 'NONE', #3495, 1.349999999999997600, 0.1047197551196600000 ) ;
#1781 = ORIENTED_EDGE ( 'NONE', *, *, #2607, .T. ) ;
#1782 = CARTESIAN_POINT ( 'NONE',  ( -1.172864355864558400E-016, -0.9577164262227860800, -0.3500000000000002000 ) ) ;
#1783 = CARTESIAN_POINT ( 'NONE',  ( -1.560637177523352200E-016, -1.274356964481471000, -1.460937500000000700 ) ) ;
#1784 = CARTESIAN_POINT ( 'NONE',  ( -0.2259697001486494200, 0.8008042420523399100, 2.958349045320478200 ) ) ;
#1785 = ORIENTED_EDGE ( 'NONE', *, *, #686, .F. ) ;
#1786 = CARTESIAN_POINT ( 'NONE',  ( -0.7216878364870406000, 1.250000000000003600, -0.7625000000000011800 ) ) ;
#1787 = EDGE_CURVE ( 'NONE', #682, #3268, #1721, .T. ) ;
#1788 = CARTESIAN_POINT ( 'NONE',  ( 0.0000000000000000000, 1.250000000000001300, -0.2937499999999981800 ) ) ;
#1789 = CARTESIAN_POINT ( 'NONE',  ( 0.1886185796330378000, 1.263738710651997700, 2.661039267222442100 ) ) ;
#1790 = CARTESIAN_POINT ( 'NONE',  ( 0.5529378364870435300, 0.9577164262227554300, -2.412500000000000100 ) ) ;
#1791 = ORIENTED_EDGE ( 'NONE', *, *, #3784, .T. ) ;
#1792 = ORIENTED_EDGE ( 'NONE', *, *, #3868, .T. ) ;
#1793 = CARTESIAN_POINT ( 'NONE',  ( -0.1547032789631053500, -1.233277472477381400, 2.338356736074166200 ) ) ;
#1794 = CARTESIAN_POINT ( 'NONE',  ( 1.105875672974086000, -1.548522819405274900E-014, -0.2375000000000001600 ) ) ;
#1795 = ORIENTED_EDGE ( 'NONE', *, *, #817, .F. ) ;
#1796 = ADVANCED_FACE ( 'NONE', ( #3454 ), #1659, .T. ) ;
#1797 = CARTESIAN_POINT ( 'NONE',  ( 1.105875672974086000, -1.516146219652816700E-014, -2.881250000000000100 ) ) ;
#1798 = CARTESIAN_POINT ( 'NONE',  ( -0.5451023936774595000, -0.9772250377991070800, 0.4257313104336109000 ) ) ;
#1799 = CARTESIAN_POINT ( 'NONE',  ( 0.0000000000000000000, 1.250000000000001600, -0.8000000000000012700 ) ) ;
#1800 = CARTESIAN_POINT ( 'NONE',  ( -0.1917787331708189500, -1.306031452862463700, 2.814488090368562700 ) ) ;
#1801 = DIRECTION ( 'NONE',  ( -6.306907156265767000E-016, -0.9945218953682734000, 0.1045284632676537100 ) ) ;
#1802 = CARTESIAN_POINT ( 'NONE',  ( -0.7216878364870418200, 1.250000000000002000, -2.506249999999997900 ) ) ;
#1803 = CARTESIAN_POINT ( 'NONE',  ( -1.105875672974086000, -1.519370085868460800E-014, -0.4062499999999993900 ) ) ;
#1804 = CARTESIAN_POINT ( 'NONE',  ( 0.8294067547305650200, 0.4788582131113696700, -2.450000000000000200 ) ) ;
#1805 = CARTESIAN_POINT ( 'NONE',  ( -0.4371760101403705000, -0.3063857869185266400, 2.341249999999998700 ) ) ;
#1806 = CARTESIAN_POINT ( 'NONE',  ( 1.471500672974085400, -1.563677823544723400E-014, 0.4515624999999993700 ) ) ;
#1807 = CARTESIAN_POINT ( 'NONE',  ( -0.8294067547305645800, 0.4788582131113701100, 0.8499999999999998700 ) ) ;
#1808 = LINE ( 'NONE', #769, #2994 ) ;
#1809 = CARTESIAN_POINT ( 'NONE',  ( -1.530808498934212000E-016, -1.250000000000032000, -1.418749999999998400 ) ) ;
#1810 = DIRECTION ( 'NONE',  ( 0.9238795325112882900, 0.3826834323650858400, 0.0000000000000000000 ) ) ;
#1811 = EDGE_CURVE ( 'NONE', #4250, #1033, #667, .T. ) ;
#1812 = CARTESIAN_POINT ( 'NONE',  ( -1.300044638993836000, -0.1570016525484441400, 2.663716656420683100 ) ) ;
#1813 = ORIENTED_EDGE ( 'NONE', *, *, #1219, .T. ) ;
#1814 = DIRECTION ( 'NONE',  ( -4.188538737677001000E-017, -0.3420201433256696000, 0.9396926207859082100 ) ) ;
#1815 = CARTESIAN_POINT ( 'NONE',  ( 0.1800799434774375000, -1.256121980261799800, 2.579799570896085000 ) ) ;
#1816 = CARTESIAN_POINT ( 'NONE',  ( 1.249418676946340200, -0.1516233928923863800, 2.341249999999998700 ) ) ;
#1817 = CARTESIAN_POINT ( 'NONE',  ( 0.0000000000000000000, 2.602085213965210600E-015, -0.7671030239169828200 ) ) ;
#1818 = ADVANCED_FACE ( 'NONE', ( #2297 ), #1906, .T. ) ;
#1819 = EDGE_CURVE ( 'NONE', #3468, #386, #4256, .T. ) ;
#1820 = EDGE_LOOP ( 'NONE', ( #666, #3321, #1147, #3170 ) ) ;
#1821 = CARTESIAN_POINT ( 'NONE',  ( 0.0000000000000000000, 1.274356964481440100, 0.5640624999999996900 ) ) ;
#1822 = CARTESIAN_POINT ( 'NONE',  ( 0.5529378364870427600, -0.9577164262227863000, 0.1374999999999997100 ) ) ;
#1823 = CARTESIAN_POINT ( 'NONE',  ( 0.5529378364870427600, -0.9577164262227860800, -2.056249999999999500 ) ) ;
#1824 = CARTESIAN_POINT ( 'NONE',  ( -1.181446790124328400, -0.1971371486155373000, 0.6389545293447772600 ) ) ;
#1825 = B_SPLINE_CURVE_WITH_KNOTS ( 'NONE', 3,
 ( #1192, #2569, #257, #3312, #631, #3669 ),
 .UNSPECIFIED., .F., .F.,
 ( 4, 2, 4 ),
 ( 1.173843598385804500E-013, 0.0003074471398483389900, 0.0006148942795792936900 ),
 .UNSPECIFIED. ) ;
#1826 = ORIENTED_EDGE ( 'NONE', *, *, #2512, .F. ) ;
#1827 = CARTESIAN_POINT ( 'NONE',  ( -1.284851682401700400, -0.1394679808426168300, 2.501022131542462600 ) ) ;
#1828 = FACE_OUTER_BOUND ( 'NONE', #928, .T. ) ;
#1829 = VERTEX_POINT ( 'NONE', #1349 ) ;
#1830 = B_SPLINE_CURVE_WITH_KNOTS ( 'NONE', 3,
 ( #1135, #452, #1454, #2831, #2845, #2818, #2505 ),
 .UNSPECIFIED., .F., .F.,
 ( 4, 3, 4 ),
 ( 4.370558682921689100E-019, 0.0002461273139033462000, 0.0004870493278964793700 ),
 .UNSPECIFIED. ) ;
#1831 = CARTESIAN_POINT ( 'NONE',  ( -0.2492413902330887200, -0.7733092236386781600, 3.062801069624937700 ) ) ;
#1832 = CARTESIAN_POINT ( 'NONE',  ( -1.082531754730563100, -0.6250000000000230900, -2.393749999999998500 ) ) ;
#1833 = CARTESIAN_POINT ( 'NONE',  ( -0.5529378364870428700, 0.9577164262227556600, -0.4812499999999992900 ) ) ;
#1834 = VERTEX_POINT ( 'NONE', #303 ) ;
#1835 = APPROVAL ( #1662, 'UNSPECIFIED' ) ;
#1836 = CARTESIAN_POINT ( 'NONE',  ( -1.029596576748776700, 0.1321192702176561500, -0.02284642927176919500 ) ) ;
#1837 = ORIENTED_EDGE ( 'NONE', *, *, #3503, .T. ) ;
#1838 = EDGE_CURVE ( 'NONE', #754, #2436, #454, .T. ) ;
#1839 =( BOUNDED_CURVE ( )  B_SPLINE_CURVE ( 3, ( #1037, #688, #1414, #3073 ),
 .UNSPECIFIED., .F., .F. ) 
 B_SPLINE_CURVE_WITH_KNOTS ( ( 4, 4 ),
 ( 2.751161613710444400, 3.532023693469143100 ),
 .UNSPECIFIED. ) 
 CURVE ( )  GEOMETRIC_REPRESENTATION_ITEM ( )  RATIONAL_B_SPLINE_CURVE ( ( 1.000000000000000000, 0.9498300650479267700, 0.9498300650479267700, 1.000000000000000000 ) ) 
 REPRESENTATION_ITEM ( '' )  );
#1840 = ORIENTED_EDGE ( 'NONE', *, *, #1592, .F. ) ;
#1841 = CARTESIAN_POINT ( 'NONE',  ( -0.2057007486122775500, 1.310529449376676100, 2.823565248559660700 ) ) ;
#1842 = CARTESIAN_POINT ( 'NONE',  ( 0.7357503364870424700, -1.274356964481471400, -0.5234375000000008900 ) ) ;
#1843 = CARTESIAN_POINT ( 'NONE',  ( 1.105875672974086000, -1.532678951441306000E-014, -1.531249999999999600 ) ) ;
#1844 = VERTEX_POINT ( 'NONE', #689 ) ;
#1845 = DIRECTION ( 'NONE',  ( -0.3826834323650923900, -0.9238795325112856300, 2.648608937964775400E-014 ) ) ;
#1846 = EDGE_CURVE ( 'NONE', #1301, #1778, #3885, .T. ) ;
#1847 = CARTESIAN_POINT ( 'NONE',  ( -1.172864355864558400E-016, -0.9577164262227861900, 0.6062500000000004000 ) ) ;
#1848 = CARTESIAN_POINT ( 'NONE',  ( 0.5529378364870435300, 0.9577164262227553200, -1.512500000000000600 ) ) ;
#1849 = ORIENTED_EDGE ( 'NONE', *, *, #152, .F. ) ;
#1850 = CARTESIAN_POINT ( 'NONE',  ( 0.8294067547305650200, 0.4788582131113697200, -2.843749999999999600 ) ) ;
#1851 = CARTESIAN_POINT ( 'NONE',  ( 0.8294067547305643600, -0.4788582131114008100, -2.918749999999999300 ) ) ;
#1852 = CARTESIAN_POINT ( 'NONE',  ( -0.8294067547305646900, -0.4788582131114000900, -3.125000000000000000 ) ) ;
#1853 = CARTESIAN_POINT ( 'NONE',  ( -1.266453602835776900, -0.1340062634347052900, 2.341249999999998700 ) ) ;
#1854 = DIRECTION ( 'NONE',  ( -1.000000000000000000, 0.0000000000000000000, 0.0000000000000000000 ) ) ;
#1855 = CARTESIAN_POINT ( 'NONE',  ( -1.172864355864558400E-016, -0.9577164262227861900, 0.1562500000000004700 ) ) ;
#1856 = CARTESIAN_POINT ( 'NONE',  ( -0.8294067547305645800, 0.4788582131113705000, -2.299999999999999800 ) ) ;
#1857 = ADVANCED_FACE ( 'NONE', ( #3996 ), #1651, .T. ) ;
#1858 = VECTOR ( 'NONE', #1430, 999.9999999999998900 ) ;
#1859 = CARTESIAN_POINT ( 'NONE',  ( 0.1550073732554506600, -0.8507067466786060200, 2.341249999999998700 ) ) ;
#1860 = CARTESIAN_POINT ( 'NONE',  ( 0.0000000000000000000, -1.163414459189984400E-016, 0.9499999999999990700 ) ) ;
#1861 = CARTESIAN_POINT ( 'NONE',  ( 0.7357503364870424700, -1.274356964481471200, -0.9734375000000007300 ) ) ;
#1862 = VERTEX_POINT ( 'NONE', #4105 ) ;
#1863 = EDGE_CURVE ( 'NONE', #2644, #189, #724, .T. ) ;
#1864 = CARTESIAN_POINT ( 'NONE',  ( -0.8294067547305645800, 0.4788582131113704500, -1.793749999999999500 ) ) ;
#1865 = FACE_OUTER_BOUND ( 'NONE', #3112, .T. ) ;
#1866 = ORIENTED_EDGE ( 'NONE', *, *, #1989, .F. ) ;
#1867 = PLANE ( 'NONE',  #3407 ) ;
#1868 = CARTESIAN_POINT ( 'NONE',  ( 0.0000000000000000000, 2.602085213965210600E-015, 2.812633460563340300 ) ) ;
#1869 = CARTESIAN_POINT ( 'NONE',  ( -0.8294067547305646900, -0.4788582131114004800, 0.08125000000000060000 ) ) ;
#1870 = DIRECTION ( 'NONE',  ( -1.000000000000000000, 6.341647364063620600E-016, -0.0000000000000000000 ) ) ;
#1871 = CIRCLE ( 'NONE', #1632, 2.469999999999997500 ) ;
#1872 = EDGE_LOOP ( 'NONE', ( #4125, #200, #3467, #3238 ) ) ;
#1873 = FACE_OUTER_BOUND ( 'NONE', #2385, .T. ) ;
#1874 = CARTESIAN_POINT ( 'NONE',  ( -1.082531754730562800, -0.6250000000000232000, -1.493749999999998600 ) ) ;
#1875 = ORIENTED_EDGE ( 'NONE', *, *, #1892, .F. ) ;
#1876 = CARTESIAN_POINT ( 'NONE',  ( 2.302865330352804600E-015, -3.980914989873155900E-016, 2.341249999999998700 ) ) ;
#1877 = ORIENTED_EDGE ( 'NONE', *, *, #4237, .F. ) ;
#1878 = CIRCLE ( 'NONE', #3861, 1.275507373255447400 ) ;
#1879 = DIRECTION ( 'NONE',  ( -0.0000000000000000000, -1.224646799147353200E-016, 1.000000000000000000 ) ) ;
#1880 = CARTESIAN_POINT ( 'NONE',  ( -1.471500672974085600, -1.502837354079971200E-014, -1.573437500000000700 ) ) ;
#1881 = CARTESIAN_POINT ( 'NONE',  ( 0.5529378364870435300, 0.9577164262227554300, -2.356249999999999300 ) ) ;
#1882 = B_SPLINE_CURVE_WITH_KNOTS ( 'NONE', 3,
 ( #1610, #1234, #2288, #3277, #247, #3945, #923 ),
 .UNSPECIFIED., .F., .F.,
 ( 4, 3, 4 ),
 ( 0.0000000000000000000, 0.0002351729850759635300, 0.0004761571116949582400 ),
 .UNSPECIFIED. ) ;
#1883 = CARTESIAN_POINT ( 'NONE',  ( -0.5529378364870433100, -0.9577164262227855200, -3.087499999999999900 ) ) ;
#1884 = DIRECTION ( 'NONE',  ( 0.02078751127481454800, 0.1045058763748856900, 0.9943069954385902500 ) ) ;
#1885 = AXIS2_PLACEMENT_3D ( 'NONE', #1667, #3684, #595 ) ;
#1886 = DIRECTION ( 'NONE',  ( 0.0000000000000000000, -1.000000000000000000, 0.0000000000000000000 ) ) ;
#1887 = VERTEX_POINT ( 'NONE', #2749 ) ;
#1888 = ORIENTED_EDGE ( 'NONE', *, *, #2464, .F. ) ;
#1889 = ORIENTED_EDGE ( 'NONE', *, *, #2684, .F. ) ;
#1890 = DIRECTION ( 'NONE',  ( 0.0000000000000000000, -0.9967800569107643200, -0.08018427617041495900 ) ) ;
#1891 = AXIS2_PLACEMENT_3D ( 'NONE', #2856, #4165, #3123 ) ;
#1892 = EDGE_CURVE ( 'NONE', #1896, #722, #1709, .T. ) ;
#1893 = CARTESIAN_POINT ( 'NONE',  ( 0.9964484659983423600, 0.3636512098514307900, -2.966261362470451200 ) ) ;
#1894 = CARTESIAN_POINT ( 'NONE',  ( -1.105875672974086000, -1.519370085868460800E-014, -0.4062499999999995000 ) ) ;
#1895 = CARTESIAN_POINT ( 'NONE',  ( 0.5529378364870435300, 0.9577164262227554300, -1.906249999999999600 ) ) ;
#1896 = VERTEX_POINT ( 'NONE', #3740 ) ;
#1897 = CARTESIAN_POINT ( 'NONE',  ( 2.328609636871122800E-016, 1.901454066994984400, 1.527499999999999400 ) ) ;
#1898 = EDGE_CURVE ( 'NONE', #1765, #3083, #3616, .T. ) ;
#1899 = CARTESIAN_POINT ( 'NONE',  ( 9.830021000158616700E-017, 0.1550073732554538600, 2.341249999999998700 ) ) ;
#1900 = CARTESIAN_POINT ( 'NONE',  ( -0.7216878364870396000, 1.250000000000005600, -0.3125000000000015500 ) ) ;
#1901 = CARTESIAN_POINT ( 'NONE',  ( -0.2887193720404324600, 1.167177995997480400, 0.6553904687688711900 ) ) ;
#1902 = CARTESIAN_POINT ( 'NONE',  ( 0.2619377084125535400, 1.073534595536508500, -2.921706050352735200 ) ) ;
#1903 = CARTESIAN_POINT ( 'NONE',  ( -0.8294067547305645800, -0.4788582131114002000, -1.718749999999999300 ) ) ;
#1904 = ORIENTED_EDGE ( 'NONE', *, *, #2464, .T. ) ;
#1905 = CARTESIAN_POINT ( 'NONE',  ( -1.172864355864558400E-016, -0.9577164262227859700, -1.700000000000000400 ) ) ;
#1906 = CYLINDRICAL_SURFACE ( 'NONE', #3909, 1.250000000000000200 ) ;
#1907 = CC_DESIGN_PERSON_AND_ORGANIZATION_ASSIGNMENT ( #2109, #694, ( #1013 ) ) ;
#1908 = CARTESIAN_POINT ( 'NONE',  ( 0.0000000000000000000, 1.250000000000001300, 0.6062500000000016200 ) ) ;
#1909 = CARTESIAN_POINT ( 'NONE',  ( 1.241144653201689200, 0.1633641910125749300, 2.420759809818774600 ) ) ;
#1910 = CARTESIAN_POINT ( 'NONE',  ( 1.443375672974083400, -1.524412585547060500E-014, -2.712500000000000800 ) ) ;
#1911 = CARTESIAN_POINT ( 'NONE',  ( 0.0000000000000000000, 1.250000000000001800, -2.543749999999998400 ) ) ;
#1912 = CARTESIAN_POINT ( 'NONE',  ( 0.7712360881032187500, 0.2388190340831463900, 2.963638974742667000 ) ) ;
#1913 = CARTESIAN_POINT ( 'NONE',  ( 0.8294067547305650200, 0.4788582131113692200, 1.206250000000000300 ) ) ;
#1914 = CARTESIAN_POINT ( 'NONE',  ( 0.7357503364870424700, -1.274356964481471000, -3.195312499999999100 ) ) ;
#1915 = CARTESIAN_POINT ( 'NONE',  ( -1.311957822845905000, 0.1811009407320080500, 2.812877604456078800 ) ) ;
#1916 = TOROIDAL_SURFACE ( 'NONE', #3369, 0.5651250420952508300, 1.934874957904746600 ) ;
#1917 = ADVANCED_FACE ( 'NONE', ( #125 ), #2517, .T. ) ;
#1918 = CARTESIAN_POINT ( 'NONE',  ( 1.269637219277294700, 0.1222308907553058300, 2.341249999999998700 ) ) ;
#1919 = CARTESIAN_POINT ( 'NONE',  ( -0.8294067547305645800, -0.4788582131114002500, -1.268749999999999400 ) ) ;
#1920 = EDGE_CURVE ( 'NONE', #2263, #1677, #1009, .T. ) ;
#1921 = CALENDAR_DATE ( 2022, 2, 12 ) ;
#1922 = CARTESIAN_POINT ( 'NONE',  ( -0.6710041598264017100, -0.6833550837980215700, -3.049999999999999400 ) ) ;
#1923 = ORIENTED_EDGE ( 'NONE', *, *, #3784, .F. ) ;
#1924 = CARTESIAN_POINT ( 'NONE',  ( 0.0000000000000000000, 0.9577164262227557700, -3.275000000000000400 ) ) ;
#1925 = DIRECTION ( 'NONE',  ( -0.9238795325112864100, 0.3826834323650903400, 1.324304468982387400E-014 ) ) ;
#1926 = CARTESIAN_POINT ( 'NONE',  ( 1.082531754730563500, 0.6249999999999925600, -2.675000000000001600 ) ) ;
#1927 = VERTEX_POINT ( 'NONE', #1387 ) ;
#1928 = CARTESIAN_POINT ( 'NONE',  ( 0.0000000000000000000, 8.824749453576962700E-016, 3.049999999999998900 ) ) ;
#1929 = CARTESIAN_POINT ( 'NONE',  ( 0.0000000000000000000, -1.901454066994982400, 0.9499999999999988500 ) ) ;
#1930 = VERTEX_POINT ( 'NONE', #347 ) ;
#1931 = AXIS2_PLACEMENT_3D ( 'NONE', #2292, #256, #3270 ) ;
#1932 = CARTESIAN_POINT ( 'NONE',  ( -0.8294067547305646900, -0.4788582131114005900, 0.9812500000000004000 ) ) ;
#1933 = CARTESIAN_POINT ( 'NONE',  ( -0.7357503364870426900, 1.274356964481440500, -2.520312499999998800 ) ) ;
#1934 = ORIENTED_EDGE ( 'NONE', *, *, #692, .F. ) ;
#1935 = CARTESIAN_POINT ( 'NONE',  ( -0.1550073732554516900, -0.8507067466786059100, 2.341249999999998700 ) ) ;
#1936 = CARTESIAN_POINT ( 'NONE',  ( 0.4371760101403689400, -0.3063857869185281400, 2.341249999999998700 ) ) ;
#1937 = CARTESIAN_POINT ( 'NONE',  ( 0.6991427281743896000, -0.7269661445214936600, -3.018725136959850500 ) ) ;
#1938 = CARTESIAN_POINT ( 'NONE',  ( -1.298345463522983000, -0.1991774842672025500, 2.816878256603398100 ) ) ;
#1939 = CARTESIAN_POINT ( 'NONE',  ( -0.5529378364870433100, -0.9577164262227855200, -1.231249999999999100 ) ) ;
#1940 = ORIENTED_EDGE ( 'NONE', *, *, #1863, .F. ) ;
#1941 = CARTESIAN_POINT ( 'NONE',  ( 0.5529378364870435300, 0.9577164262227548800, 1.187499999999999800 ) ) ;
#1942 = EDGE_LOOP ( 'NONE', ( #1368, #2393, #294, #2592 ) ) ;
#1943 = CARTESIAN_POINT ( 'NONE',  ( -0.8294067547305646900, -0.4788582131114002000, -2.225000000000000500 ) ) ;
#1944 = CARTESIAN_POINT ( 'NONE',  ( 0.1222308907553044800, 1.269637219277294900, 2.341249999999998700 ) ) ;
#1945 = CARTESIAN_POINT ( 'NONE',  ( 1.082531754730563500, 0.6249999999999923400, -1.325000000000001700 ) ) ;
#1946 = ORIENTED_EDGE ( 'NONE', *, *, #1953, .T. ) ;
#1947 = AXIS2_PLACEMENT_3D ( 'NONE', #120, #2503, #3204 ) ;
#1948 = CARTESIAN_POINT ( 'NONE',  ( 0.6292694777270389000, -0.7888238765613416700, 0.1242568388183972200 ) ) ;
#1949 = CARTESIAN_POINT ( 'NONE',  ( -0.5618672895657489400, 1.069061617793147600, 0.6702320232481138200 ) ) ;
#1950 = CARTESIAN_POINT ( 'NONE',  ( 0.8294067547305643600, -0.4788582131114012500, 1.131250000000000300 ) ) ;
#1951 = CARTESIAN_POINT ( 'NONE',  ( -0.7357503364870426900, 1.274356964481440500, -2.070312499999999100 ) ) ;
#1952 = CARTESIAN_POINT ( 'NONE',  ( -1.530808498934212300E-016, -1.250000000000032400, -0.1250000000000018000 ) ) ;
#1953 = EDGE_CURVE ( 'NONE', #104, #3026, #22, .T. ) ;
#1954 = CARTESIAN_POINT ( 'NONE',  ( 1.028759533571275100, 0.2332929884025219100, -2.972084257642924100 ) ) ;
#1955 = CARTESIAN_POINT ( 'NONE',  ( 0.1734033168550284400, 0.7582240929255351600, 2.341249999999998700 ) ) ;
#1956 = CARTESIAN_POINT ( 'NONE',  ( 1.105875672974086000, -1.543700772633632100E-014, -0.6312499999999994200 ) ) ;
#1957 = ORIENTED_EDGE ( 'NONE', *, *, #2344, .F. ) ;
#1958 = CARTESIAN_POINT ( 'NONE',  ( -1.103625504730564300, -0.6371784822407428100, 0.7421875000000005600 ) ) ;
#1959 = CARTESIAN_POINT ( 'NONE',  ( -0.1509407066098846000, -1.096142860328745700, -2.922607139671161900 ) ) ;
#1960 = EDGE_CURVE ( 'NONE', #148, #1765, #1569, .T. ) ;
#1961 = CARTESIAN_POINT ( 'NONE',  ( -0.7216878364870427100, -1.250000000000031300, 0.2874999999999984200 ) ) ;
#1962 =( BOUNDED_SURFACE ( )  B_SPLINE_SURFACE ( 3, 2, ( 
 ( #2120, #89, #2158 ),
 ( #1812, #1118, #2513 ),
 ( #1827, #2176, #1468 ),
 ( #758, #3151, #1105 ) ),
 .UNSPECIFIED., .F., .F., .F. ) 
 B_SPLINE_SURFACE_WITH_KNOTS ( ( 4, 4 ),
 ( 3, 3 ),
 ( 0.0008776439526420325300, 0.001370536166511550100 ),
 ( 0.0000000000000000000, 1.000000000000000000 ),
 .UNSPECIFIED. ) 
 GEOMETRIC_REPRESENTATION_ITEM ( )  RATIONAL_B_SPLINE_SURFACE ( (
 ( 1.000000000000000000, 0.7553322469555614500, 1.000000000000000000),
 ( 1.000000000000000000, 0.7515638434570290900, 1.000000000000000000),
 ( 1.000000000000000000, 0.7476184702315499300, 1.000000000000000000),
 ( 1.000000000000000000, 0.7434678481065711800, 1.000000000000000000) ) ) 
 REPRESENTATION_ITEM ( '' )  SURFACE ( )  );
#1963 = DIRECTION ( 'NONE',  ( 0.0000000000000000000, 1.000000000000000000, 1.224646799147353200E-016 ) ) ;
#1964 = CARTESIAN_POINT ( 'NONE',  ( -1.105875672974086000, -1.524880996464624000E-014, 0.04375000000000060800 ) ) ;
#1965 = CARTESIAN_POINT ( 'NONE',  ( -1.471500672974085600, -1.492159964799905600E-014, -2.445312499999999100 ) ) ;
#1966 = FACE_OUTER_BOUND ( 'NONE', #1577, .T. ) ;
#1967 = CARTESIAN_POINT ( 'NONE',  ( -1.241144682097083300, -0.1633642228233931300, 2.420760112478487000 ) ) ;
#1968 = CARTESIAN_POINT ( 'NONE',  ( 0.0000000000000000000, 0.9577164262227557700, -2.768749999999999400 ) ) ;
#1969 = CARTESIAN_POINT ( 'NONE',  ( -1.241742184822692800, 0.1543099699805388100, 2.341249999999998700 ) ) ;
#1970 = CYLINDRICAL_SURFACE ( 'NONE', #3752, 0.2429999999999999900 ) ;
#1971 = ADVANCED_FACE ( 'NONE', ( #700 ), #11, .T. ) ;
#1972 = CARTESIAN_POINT ( 'NONE',  ( -0.1550073732554404500, 1.233553727824350000, 2.341249999999998700 ) ) ;
#1973 = CARTESIAN_POINT ( 'NONE',  ( 0.9455253653372682800, -0.5031871151611352300, 0.2933331277407790800 ) ) ;
#1974 = CARTESIAN_POINT ( 'NONE',  ( -1.172864355864558400E-016, -0.9577164262227863000, 0.9999999999999995600 ) ) ;
#1975 = DIRECTION ( 'NONE',  ( 0.0000000000000000000, 1.000000000000000000, 8.334887549857832900E-017 ) ) ;
#1976 =( BOUNDED_CURVE ( )  B_SPLINE_CURVE ( 3, ( #2555, #2186, #505, #2890 ),
 .UNSPECIFIED., .F., .F. ) 
 B_SPLINE_CURVE_WITH_KNOTS ( ( 4, 4 ),
 ( 2.946332657651817400, 3.336852649527767900 ),
 .UNSPECIFIED. ) 
 CURVE ( )  GEOMETRIC_REPRESENTATION_ITEM ( )  RATIONAL_B_SPLINE_CURVE ( ( 1.000000000000000000, 0.9873315052531760300, 0.9873315052531760300, 1.000000000000000000 ) ) 
 REPRESENTATION_ITEM ( '' )  );
#1977 = APPROVAL ( #1329, 'UNSPECIFIED' ) ;
#1978 = ORIENTED_EDGE ( 'NONE', *, *, #1074, .T. ) ;
#1979 = CARTESIAN_POINT ( 'NONE',  ( -0.1550073732554403900, 1.235081913146781200, 2.341249999999998700 ) ) ;
#1980 = ORIENTED_EDGE ( 'NONE', *, *, #2111, .F. ) ;
#1981 = FACE_OUTER_BOUND ( 'NONE', #3431, .T. ) ;
#1982 = CARTESIAN_POINT ( 'NONE',  ( 0.0000000000000000000, -1.901454066994982400, 0.9499999999999988500 ) ) ;
#1983 = CARTESIAN_POINT ( 'NONE',  ( 0.1547032788753070200, 1.233277472397611900, 2.338356735238821000 ) ) ;
#1984 = ORIENTED_EDGE ( 'NONE', *, *, #2907, .F. ) ;
#1985 = CARTESIAN_POINT ( 'NONE',  ( 0.5529378364870435300, 0.9577164262227549900, 0.7937500000000006200 ) ) ;
#1986 = SHAPE_DEFINITION_REPRESENTATION ( #2924, #946 ) ;
#1987 = AXIS2_PLACEMENT_3D ( 'NONE', #1153, #2527, #3524 ) ;
#1988 = CARTESIAN_POINT ( 'NONE',  ( 1.103625504730564800, 0.6371784822407120500, -2.182812499999998900 ) ) ;
#1989 = EDGE_CURVE ( 'NONE', #3710, #506, #3202, .T. ) ;
#1990 = FACE_OUTER_BOUND ( 'NONE', #2487, .T. ) ;
#1991 = CARTESIAN_POINT ( 'NONE',  ( -1.530808498934212300E-016, -1.250000000000032000, -2.768749999999998500 ) ) ;
#1992 = ORIENTED_EDGE ( 'NONE', *, *, #1518, .T. ) ;
#1993 = DIRECTION ( 'NONE',  ( 0.0000000000000000000, 0.0000000000000000000, 1.000000000000000000 ) ) ;
#1994 = CYLINDRICAL_SURFACE ( 'NONE', #58, 0.2430000000000000800 ) ;
#1995 = CARTESIAN_POINT ( 'NONE',  ( -1.292136892503762400, 0.1479533444429346800, 2.579798662772152500 ) ) ;
#1996 = CARTESIAN_POINT ( 'NONE',  ( 0.2046405386763282300, -1.287010502918507300, 2.820656812240932800 ) ) ;
#1997 = EDGE_LOOP ( 'NONE', ( #1416, #2102, #942, #3477 ) ) ;
#1998 = CARTESIAN_POINT ( 'NONE',  ( 1.103625504730564500, 0.6371784822407117200, -0.3828124999999991100 ) ) ;
#1999 = EDGE_CURVE ( 'NONE', #567, #3118, #1345, .T. ) ;
#2000 = CARTESIAN_POINT ( 'NONE',  ( -0.5529378364870433100, -0.9577164262227856300, -0.3312499999999995400 ) ) ;
#2001 = VERTEX_POINT ( 'NONE', #2067 ) ;
#2002 = CIRCLE ( 'NONE', #2828, 3.813281901587956700 ) ;
#2003 = SECURITY_CLASSIFICATION_LEVEL ( 'unclassified' ) ;
#2004 = CARTESIAN_POINT ( 'NONE',  ( 0.1267577984744884500, 1.268912403754338900, 2.341249999999998700 ) ) ;
#2005 = CARTESIAN_POINT ( 'NONE',  ( 0.0000000000000000000, 1.250000000000001800, -2.600000000000001000 ) ) ;
#2006 = CARTESIAN_POINT ( 'NONE',  ( -0.5529378364870428700, 0.9577164262227556600, -0.9875000000000000400 ) ) ;
#2007 = CARTESIAN_POINT ( 'NONE',  ( 1.293491522076247300, -0.2018479033757407100, 2.818480973344251500 ) ) ;
#2008 = ORIENTED_EDGE ( 'NONE', *, *, #4294, .F. ) ;
#2009 = VERTEX_POINT ( 'NONE', #6 ) ;
#2010 = CARTESIAN_POINT ( 'NONE',  ( -1.264054038521927700, 0.1888999839212884600, 2.663716650179717100 ) ) ;
#2011 = DIRECTION ( 'NONE',  ( 0.0000000000000000000, -2.449293598294706400E-016, 1.000000000000000000 ) ) ;
#2012 = SECURITY_CLASSIFICATION ( '', '', #2003 ) ;
#2013 = CARTESIAN_POINT ( 'NONE',  ( 0.0000000000000000000, 1.274356964481440100, 0.5921875000000008700 ) ) ;
#2014 = CARTESIAN_POINT ( 'NONE',  ( 0.5529378364870435300, 0.9577164262227552100, -1.006249999999999400 ) ) ;
#2015 =( BOUNDED_SURFACE ( )  B_SPLINE_SURFACE ( 3, 2, ( 
 ( #4285, #3207, #2575 ),
 ( #3555, #1168, #3942 ),
 ( #2590, #3882, #1212 ),
 ( #523, #2548, #1529 ) ),
 .UNSPECIFIED., .F., .F., .F. ) 
 B_SPLINE_SURFACE_WITH_KNOTS ( ( 4, 4 ),
 ( 3, 3 ),
 ( 0.0008620654718056887800, 0.001354957742906231300 ),
 ( 0.0000000000000000000, 1.000000000000000000 ),
 .UNSPECIFIED. ) 
 GEOMETRIC_REPRESENTATION_ITEM ( )  RATIONAL_B_SPLINE_SURFACE ( (
 ( 1.000000000000000000, 0.7553322469575573000, 1.000000000000000000),
 ( 1.000000000000000000, 0.7515638432764949500, 1.000000000000000000),
 ( 1.000000000000000000, 0.7476184705345624300, 1.000000000000000000),
 ( 1.000000000000000000, 0.7434678481019414400, 1.000000000000000000) ) ) 
 REPRESENTATION_ITEM ( '' )  SURFACE ( )  );
#2016 = APPROVAL_ROLE ( '' ) ;
#2017 = ORIENTED_EDGE ( 'NONE', *, *, #4391, .F. ) ;
#2018 = CARTESIAN_POINT ( 'NONE',  ( 0.5529378364870427600, -0.9577164262227861900, -0.3125000000000002800 ) ) ;
#2019 = CARTESIAN_POINT ( 'NONE',  ( -0.9378649524435578300, -0.7792810462045540700, -2.809106020316540300 ) ) ;
#2020 = EDGE_CURVE ( 'NONE', #490, #3968, #3400, .T. ) ;
#2021 = DIRECTION ( 'NONE',  ( -0.0000000000000000000, -1.224646799147353200E-016, 1.000000000000000000 ) ) ;
#2022 = CARTESIAN_POINT ( 'NONE',  ( 1.306577459481445700, -0.1646778516159294600, 2.735015816732009300 ) ) ;
#2023 = DIRECTION ( 'NONE',  ( -0.9188184237650768300, -0.3805870524817713300, 0.1045284632676536800 ) ) ;
#2024 = CARTESIAN_POINT ( 'NONE',  ( 0.5529378364870435300, 0.9577164262227552100, -1.062500000000000000 ) ) ;
#2025 = FACE_OUTER_BOUND ( 'NONE', #1872, .T. ) ;
#2026 = EDGE_LOOP ( 'NONE', ( #1215, #516, #2564, #1367 ) ) ;
#2027 = CARTESIAN_POINT ( 'NONE',  ( 1.298345463522983000, 0.1991774842672019200, 2.816878256603398100 ) ) ;
#2028 = CARTESIAN_POINT ( 'NONE',  ( 1.278769920465364900, 0.2056980069268716200, 2.823539163165361000 ) ) ;
#2029 = DIRECTION ( 'NONE',  ( 1.000000000000000000, 0.0000000000000000000, 0.0000000000000000000 ) ) ;
#2030 = B_SPLINE_CURVE_WITH_KNOTS ( 'NONE', 3,
 ( #4121, #2785, #2721, #1325, #3047, #2022, #660 ),
 .UNSPECIFIED., .F., .F.,
 ( 4, 3, 4 ),
 ( 2.830194308966556100E-016, 0.0002409841165497307500, 0.0004761570917995213800 ),
 .UNSPECIFIED. ) ;
#2031 = CARTESIAN_POINT ( 'NONE',  ( -1.471500672974085400, -1.497670875396068500E-014, -1.995312499999998900 ) ) ;
#2032 = CARTESIAN_POINT ( 'NONE',  ( -0.8294067547305645800, -0.4788582131114003100, -0.8187499999999994200 ) ) ;
#2033 = LINE ( 'NONE', #1213, #2252 ) ;
#2034 = CARTESIAN_POINT ( 'NONE',  ( 1.233553727824347600, -0.1550073732554563000, 2.341249999999998700 ) ) ;
#2035 = CARTESIAN_POINT ( 'NONE',  ( -0.2014791645562205300, 1.294694942529018800, 2.818069996182568800 ) ) ;
#2036 =( BOUNDED_CURVE ( )  B_SPLINE_CURVE ( 2, ( #1952, #4339, #207, #2598, #3329, #234, #2307 ),
 .UNSPECIFIED., .F., .F. ) 
 B_SPLINE_CURVE_WITH_KNOTS ( ( 3, 2, 2, 3 ),
 ( 0.8749999999999996700, 0.9166666666666664100, 0.9583333333333332600, 1.000000000000000000 ),
 .UNSPECIFIED. ) 
 CURVE ( )  GEOMETRIC_REPRESENTATION_ITEM ( )  RATIONAL_B_SPLINE_CURVE ( ( 1.000000000000001100, 0.8660254037844376000, 1.000000000000000000, 0.8660254037844387100, 1.000000000000000000, 0.8660254037844387100, 1.000000000000000000 ) ) 
 REPRESENTATION_ITEM ( '' )  );
#2037 = CARTESIAN_POINT ( 'NONE',  ( 0.7876419676194521500, -0.1612180341806184200, 2.341249999999998700 ) ) ;
#2038 = CARTESIAN_POINT ( 'NONE',  ( 0.0000000000000000000, 0.9577164262227555500, -0.9687499999999993300 ) ) ;
#2039 = CARTESIAN_POINT ( 'NONE',  ( 0.3594804923862313100, 0.4902707156080746700, 3.001276454878519100 ) ) ;
#2040 = CIRCLE ( 'NONE', #798, 0.9687500000000026600 ) ;
#2041 = DIRECTION ( 'NONE',  ( -0.3826834323650950000, -0.9238795325112846300, 0.0000000000000000000 ) ) ;
#2042 = LOCAL_TIME ( 11, 32, 4.000000000000000000, #497 ) ;
#2043 = CARTESIAN_POINT ( 'NONE',  ( 1.082531754730563300, 0.6249999999999922300, 0.5312500000000016700 ) ) ;
#2044 = CARTESIAN_POINT ( 'NONE',  ( -1.105875672974086000, -1.502837354079971500E-014, -1.756249999999999600 ) ) ;
#2045 = VERTEX_POINT ( 'NONE', #2769 ) ;
#2046 = ORIENTED_EDGE ( 'NONE', *, *, #893, .T. ) ;
#2047 = EDGE_CURVE ( 'NONE', #764, #3749, #3100, .T. ) ;
#2048 = CARTESIAN_POINT ( 'NONE',  ( -1.256121980261799100, -0.1800799434774422700, 2.579799570896085900 ) ) ;
#2049 = DIRECTION ( 'NONE',  ( -0.3805870524817680000, 0.9188184237650781600, 0.1045284632676538500 ) ) ;
#2050 = ORIENTED_EDGE ( 'NONE', *, *, #3890, .T. ) ;
#2051 = CARTESIAN_POINT ( 'NONE',  ( -1.310529449376670800, 0.2057007486123031700, 2.823565248559660700 ) ) ;
#2052 = CARTESIAN_POINT ( 'NONE',  ( 0.1863148149156851900, -1.309377815923371300, 2.813552226188342300 ) ) ;
#2053 = PLANE ( 'NONE',  #164 ) ;
#2054 = EDGE_CURVE ( 'NONE', #3695, #2001, #2187, .T. ) ;
#2055 = CARTESIAN_POINT ( 'NONE',  ( -1.105875672974086000, -1.502148490255450800E-014, -1.812500000000000000 ) ) ;
#2056 = CARTESIAN_POINT ( 'NONE',  ( 0.8294067547305643600, -0.4788582131114011400, 0.1749999999999997100 ) ) ;
#2057 = CARTESIAN_POINT ( 'NONE',  ( 1.313095783816280900, 0.1776609910175053800, 2.812633460563335400 ) ) ;
#2058 = CARTESIAN_POINT ( 'NONE',  ( 0.0000000000000000000, 0.9577164262227556600, -1.475000000000000100 ) ) ;
#2059 = ORIENTED_EDGE ( 'NONE', *, *, #1426, .T. ) ;
#2060 = CARTESIAN_POINT ( 'NONE',  ( -0.1800798480297687000, -1.256121895119494600, 2.579798662772151600 ) ) ;
#2061 = ORIENTED_EDGE ( 'NONE', *, *, #2750, .F. ) ;
#2062 = B_SPLINE_CURVE_WITH_KNOTS ( 'NONE', 3,
 ( #3392, #968, #1996, #2347, #648, #3361, #1026, #3763, #363, #2052, #4094, #1711, #3742 ),
 .UNSPECIFIED., .F., .F.,
 ( 4, 3, 3, 3, 4 ),
 ( 2.710505431213761100E-020, 1.305308377651721800E-005, 2.611023456654378300E-005, 3.908286046974882800E-005, 5.313562888874197100E-005 ),
 .UNSPECIFIED. ) ;
#2063 = CARTESIAN_POINT ( 'NONE',  ( -0.1698177346798754300, 3.300507265983356300E-015, -0.7492544607789049000 ) ) ;
#2064 = CARTESIAN_POINT ( 'NONE',  ( 0.0000000000000000000, -1.249999999999999300, 3.049999999999998900 ) ) ;
#2065 = CARTESIAN_POINT ( 'NONE',  ( -0.8507067466786051300, -0.1550073732554539100, 2.341249999999998700 ) ) ;
#2066 = CARTESIAN_POINT ( 'NONE',  ( 0.1811009407319857100, 1.311957822845911000, 2.812877604456078400 ) ) ;
#2067 = CARTESIAN_POINT ( 'NONE',  ( 0.0000000000000000000, 1.300799999999996800, 0.9499999999999991800 ) ) ;
#2068 = CARTESIAN_POINT ( 'NONE',  ( 0.5529378364870435300, 0.9577164262227549900, -0.1625000000000003100 ) ) ;
#2069 = CARTESIAN_POINT ( 'NONE',  ( 0.0000000000000000000, 0.9577164262227554300, 0.3250000000000000100 ) ) ;
#2070 = DIRECTION ( 'NONE',  ( 0.1045284632676537100, -2.664535259100376100E-015, 0.9945218953682734000 ) ) ;
#2071 = DIRECTION ( 'NONE',  ( 0.9238795325112894000, 0.3826834323650834500, -2.472413922778277000E-014 ) ) ;
#2072 = AXIS2_PLACEMENT_3D ( 'NONE', #502, #2903, #2876 ) ;
#2073 = EDGE_CURVE ( 'NONE', #1556, #3749, #3781, .T. ) ;
#2074 = CARTESIAN_POINT ( 'NONE',  ( 0.2259697001486546700, -0.8008042420523399100, 2.958349045320476800 ) ) ;
#2075 = CARTESIAN_POINT ( 'NONE',  ( -0.8294067547305645800, 0.4788582131113705000, -2.243749999999999000 ) ) ;
#2076 = CARTESIAN_POINT ( 'NONE',  ( -1.105875672974086000, -1.486304622291481900E-014, -3.106249999999999300 ) ) ;
#2077 = CARTESIAN_POINT ( 'NONE',  ( -1.530808498934212000E-016, -1.250000000000032000, -1.418749999999998400 ) ) ;
#2078 = CARTESIAN_POINT ( 'NONE',  ( -0.1308086706284392300, -1.277206810339305100, 2.420759224679214200 ) ) ;
#2079 = EDGE_CURVE ( 'NONE', #1930, #1862, #2930, .T. ) ;
#2080 = VECTOR ( 'NONE', #319, 1000.000000000000100 ) ;
#2081 = CARTESIAN_POINT ( 'NONE',  ( -0.2184290902842088200, -0.8633221105560793300, 2.944667330124167900 ) ) ;
#2082 = CARTESIAN_POINT ( 'NONE',  ( -0.2057007486122896000, -1.310529449376673500, 2.823565248559659000 ) ) ;
#2083 = CARTESIAN_POINT ( 'NONE',  ( -0.5529378364870433100, -0.9577164262227856300, -0.3875000000000002300 ) ) ;
#2084 = CARTESIAN_POINT ( 'NONE',  ( -0.5529378364870433100, -0.9577164262227859700, 0.06249999999999973600 ) ) ;
#2085 = LINE ( 'NONE', #3455, #1858 ) ;
#2086 = AXIS2_PLACEMENT_3D ( 'NONE', #1381, #2434, #1079 ) ;
#2087 = CARTESIAN_POINT ( 'NONE',  ( -1.103625504730564300, 0.6371784822407129400, -2.510937500000000700 ) ) ;
#2088 = CARTESIAN_POINT ( 'NONE',  ( -0.5529378364870433100, -0.9577164262227856300, -1.287499999999999900 ) ) ;
#2089 = CARTESIAN_POINT ( 'NONE',  ( -0.5529378364870433100, -0.9577164262227856300, -2.131249999999999600 ) ) ;
#2090 = EDGE_LOOP ( 'NONE', ( #3764, #3595, #2017, #3969 ) ) ;
#2091 = CARTESIAN_POINT ( 'NONE',  ( 0.5529378364870427600, -0.9577164262227859700, -2.956249999999999400 ) ) ;
#2092 = VERTEX_POINT ( 'NONE', #3394 ) ;
#2093 = CARTESIAN_POINT ( 'NONE',  ( 0.1550073732554490800, -1.233553727824349400, 2.341249999999998700 ) ) ;
#2094 = CARTESIAN_POINT ( 'NONE',  ( -0.7876419676194529300, -0.1612180341806175300, 2.341249999999998700 ) ) ;
#2095 = CIRCLE ( 'NONE', #765, 3.815121252037127600 ) ;
#2096 = EDGE_LOOP ( 'NONE', ( #282, #3259, #2892, #1470 ) ) ;
#2097 = APPROVAL_DATE_TIME ( #3316, #2398 ) ;
#2098 = VECTOR ( 'NONE', #1630, 999.9999999999998900 ) ;
#2099 = CARTESIAN_POINT ( 'NONE',  ( 1.349999999999997600, 2.070106209874711500E-015, 3.049999999999998900 ) ) ;
#2100 = CARTESIAN_POINT ( 'NONE',  ( -0.1745211440175733500, -1.314971652835830400, 2.826433334171255300 ) ) ;
#2101 = CARTESIAN_POINT ( 'NONE',  ( -1.105875672974086000, -1.529703043236266500E-014, 0.4374999999999998300 ) ) ;
#2102 = ORIENTED_EDGE ( 'NONE', *, *, #2964, .T. ) ;
#2103 = ORIENTED_EDGE ( 'NONE', *, *, #3215, .F. ) ;
#2104 = ORIENTED_EDGE ( 'NONE', *, *, #2745, .F. ) ;
#2105 = CARTESIAN_POINT ( 'NONE',  ( -0.3594804923862310900, -0.4902707156080756100, 3.001276454878519100 ) ) ;
#2106 = CARTESIAN_POINT ( 'NONE',  ( -3.630994636772468600E-014, -1.233674621513579400, 0.7655745383362204700 ) ) ;
#2107 = ORIENTED_EDGE ( 'NONE', *, *, #929, .T. ) ;
#2108 = CARTESIAN_POINT ( 'NONE',  ( 0.5529378364870435300, 0.9577164262227557700, -2.806249999999999500 ) ) ;
#2109 = PERSON_AND_ORGANIZATION ( #3797, #4273 ) ;
#2110 = CARTESIAN_POINT ( 'NONE',  ( 0.0000000000000000000, 1.274356964481440300, -0.7578124999999991100 ) ) ;
#2111 = EDGE_CURVE ( 'NONE', #2092, #2114, #3050, .T. ) ;
#2112 = CARTESIAN_POINT ( 'NONE',  ( 0.0000000000000000000, 1.250000000000001600, -1.700000000000001500 ) ) ;
#2113 = DIRECTION ( 'NONE',  ( 0.1045284632676537100, 0.0000000000000000000, 0.9945218953682734000 ) ) ;
#2114 = VERTEX_POINT ( 'NONE', #1056 ) ;
#2115 = CARTESIAN_POINT ( 'NONE',  ( 0.7216878364870432700, -1.250000000000029500, -2.281249999999998700 ) ) ;
#2116 = DIRECTION ( 'NONE',  ( 0.0000000000000000000, -1.000000000000000000, 0.0000000000000000000 ) ) ;
#2117 = ORIENTED_EDGE ( 'NONE', *, *, #2693, .F. ) ;
#2118 = CARTESIAN_POINT ( 'NONE',  ( -1.471500672974085600, -1.491815532887645400E-014, -2.473437500000000200 ) ) ;
#2119 = PLANE ( 'NONE',  #531 ) ;
#2120 = CARTESIAN_POINT ( 'NONE',  ( -1.314971652827922700, -0.1745211440082938500, 2.826433334085052300 ) ) ;
#2121 = CARTESIAN_POINT ( 'NONE',  ( -1.471500672974085400, -1.503181785992231700E-014, -1.545312499999998800 ) ) ;
#2122 = CARTESIAN_POINT ( 'NONE',  ( 0.1971580149237132100, -1.271286900348618000, 2.742286566811204200 ) ) ;
#2123 = DIRECTION ( 'NONE',  ( 0.0000000000000000000, 1.000000000000000000, 8.334887549857832900E-017 ) ) ;
#2124 = EDGE_LOOP ( 'NONE', ( #2273, #361, #3573, #1158 ) ) ;
#2125 = CARTESIAN_POINT ( 'NONE',  ( 0.0000000000000000000, 1.629509492837581800E-015, -3.050000000000000700 ) ) ;
#2126 = CARTESIAN_POINT ( 'NONE',  ( 0.0000000000000000000, -1.163414459189984400E-016, 0.9499999999999990700 ) ) ;
#2127 = CARTESIAN_POINT ( 'NONE',  ( -1.530808498934212000E-016, -1.250000000000032000, -0.06874999999999863200 ) ) ;
#2128 = CARTESIAN_POINT ( 'NONE',  ( -0.5529378364870433100, -0.9577164262227855200, -3.031249999999999100 ) ) ;
#2129 = DIRECTION ( 'NONE',  ( 0.0000000000000000000, -0.9945218953682732900, 0.1045284632676529300 ) ) ;
#2130 = FACE_OUTER_BOUND ( 'NONE', #1776, .T. ) ;
#2131 = EDGE_CURVE ( 'NONE', #3448, #2915, #728, .T. ) ;
#2132 = CARTESIAN_POINT ( 'NONE',  ( -0.1633641910125622500, 1.241144653201691000, 2.420759809818775000 ) ) ;
#2133 = CARTESIAN_POINT ( 'NONE',  ( 1.269637219277291100, -0.1222308907553369000, 2.341249999999998700 ) ) ;
#2134 = CARTESIAN_POINT ( 'NONE',  ( 0.5529378364870427600, -0.9577164262227860800, -2.562500000000000400 ) ) ;
#2135 = CONICAL_SURFACE ( 'NONE', #3267, 1.349999999999997600, 0.1047197551196600000 ) ;
#2136 = ADVANCED_FACE ( 'NONE', ( #2025 ), #2053, .T. ) ;
#2137 = EDGE_CURVE ( 'NONE', #1778, #1930, #4088, .T. ) ;
#2138 = DIRECTION ( 'NONE',  ( -0.0000000000000000000, -0.0000000000000000000, 1.000000000000000000 ) ) ;
#2139 = CARTESIAN_POINT ( 'NONE',  ( -0.5529378364870433100, -0.9577164262227859700, 0.5124999999999997300 ) ) ;
#2140 = CIRCLE ( 'NONE', #3823, 1.300799999999997100 ) ;
#2141 = AXIS2_PLACEMENT_3D ( 'NONE', #1982, #4042, #1963 ) ;
#2142 = CARTESIAN_POINT ( 'NONE',  ( -0.5529378364870428700, 0.9577164262227556600, -2.281249999999999100 ) ) ;
#2143 = CARTESIAN_POINT ( 'NONE',  ( 0.2008537722821475100, 0.4849039010973549300, 3.049999999999998900 ) ) ;
#2144 = FACE_OUTER_BOUND ( 'NONE', #248, .T. ) ;
#2145 = CARTESIAN_POINT ( 'NONE',  ( -0.1770849166338351900, -1.313171661729043000, 2.812633460563337200 ) ) ;
#2146 = CARTESIAN_POINT ( 'NONE',  ( -0.8651502405362173600, -0.2276197203301041900, 3.032110333944721500 ) ) ;
#2147 = CARTESIAN_POINT ( 'NONE',  ( 0.5529378364870435300, -0.9577164262227845200, -3.012499999999999700 ) ) ;
#2148 = ORIENTED_EDGE ( 'NONE', *, *, #1052, .T. ) ;
#2149 = EDGE_LOOP ( 'NONE', ( #2531, #3601, #1888, #3261 ) ) ;
#2150 = VECTOR ( 'NONE', #967, 1000.000000000000000 ) ;
#2151 = CARTESIAN_POINT ( 'NONE',  ( -0.9234392342871802200, -0.2539305685340585400, 0.007385628061289203700 ) ) ;
#2152 = ORIENTED_EDGE ( 'NONE', *, *, #4320, .F. ) ;
#2153 = CARTESIAN_POINT ( 'NONE',  ( -0.7357503364870431300, -1.274356964481470500, 0.3015624999999992900 ) ) ;
#2154 = CARTESIAN_POINT ( 'NONE',  ( -0.8294067547305646900, -0.4788582131114004800, 0.02499999999999984900 ) ) ;
#2155 = ADVANCED_FACE ( 'NONE', ( #2358 ), #2478, .F. ) ;
#2156 = CARTESIAN_POINT ( 'NONE',  ( -1.105875672974086000, -1.502837354079971500E-014, -1.756249999999999600 ) ) ;
#2157 =( BOUNDED_SURFACE ( )  B_SPLINE_SURFACE ( 1, 2, ( 
 ( #2420, #1034, #4071, #3371, #3385, #38, #2683, #2729, #3723, #3697, #3054, #1020, #2390, #4046, #641, #1332, #3411, #654, #1380, #12, #3401, #2744, #3354, #4385, #337, #2006, #1695, #3712, #3758, #3736, #698, #1704, #1676, #977, #26, #2357, #313, #685, #2703, #4060, #4091, #3087, #2405, #2018, #4402, #2370, #356, #4101, #2716 ),
 ( #668, #1010, #1346, #2031, #3070, #1077, #1051, #67, #3815, #1411, #1064, #3801, #109, #2461, #1736, #2121, #3461, #4154, #3452, #4170, #3828, #2446, #397, #2791, #2801, #1775, #414, #3126, #424, #1425, #77, #735, #1758, #2817, #4145, #3482, #2110, #2471, #373, #1395, #747, #3138, #1095, #1439, #92, #760, #3152, #3440, #3783 ) ),
 .UNSPECIFIED., .F., .F., .F. ) 
 B_SPLINE_SURFACE_WITH_KNOTS ( ( 2, 2 ),
 ( 3, 2, 2, 2, 2, 2, 2, 2, 2, 2, 2, 2, 2, 2, 2, 2, 2, 2, 2, 2, 2, 2, 2, 2, 3 ),
 ( 0.0000000000000000000, 1.000000000000000000 ),
 ( 0.0000000000000000000, 0.04166666666666666400, 0.08333333333333332900, 0.1250000000000000000, 0.1666666666666666600, 0.2083333333333333400, 0.2500000000000000000, 0.2916666666666666900, 0.3333333333333333100, 0.3750000000000000000, 0.4166666666666666900, 0.4583333333333333100, 0.5000000000000000000, 0.5416666666666666300, 0.5833333333333333700, 0.6250000000000000000, 0.6666666666666666300, 0.7083333333333333700, 0.7500000000000000000, 0.7916666666666666300, 0.8333333333333333700, 0.8750000000000000000, 0.9166666666666666300, 0.9583333333333333700, 1.000000000000000000 ),
 .UNSPECIFIED. ) 
 GEOMETRIC_REPRESENTATION_ITEM ( )  RATIONAL_B_SPLINE_SURFACE ( (
 ( 1.000000000000000000, 0.8660254037844387100, 1.000000000000000000, 0.8660254037844387100, 1.000000000000000000, 0.8660254037844387100, 1.000000000000000000, 0.8660254037844387100, 1.000000000000000000, 0.8660254037844387100, 1.000000000000000000, 0.8660254037844387100, 1.000000000000000000, 0.8660254037844387100, 1.000000000000000000, 0.8660254037844387100, 1.000000000000000000, 0.8660254037844387100, 1.000000000000000000, 0.8660254037844387100, 1.000000000000000000, 0.8660254037844387100, 1.000000000000000000, 0.8660254037844387100, 1.000000000000000000, 0.8660254037844387100, 1.000000000000000000, 0.8660254037844387100, 1.000000000000000000, 0.8660254037844387100, 1.000000000000000000, 0.8660254037844387100, 1.000000000000000000, 0.8660254037844387100, 1.000000000000000000, 0.8660254037844387100, 1.000000000000000000, 0.8660254037844387100, 1.000000000000000000, 0.8660254037844387100, 1.000000000000000000, 0.8660254037844387100, 1.000000000000000000, 0.8660254037844387100, 1.000000000000000000, 0.8660254037844387100, 1.000000000000000000, 0.8660254037844387100, 1.000000000000000000),
 ( 1.000000000000000000, 0.8660254037844387100, 1.000000000000000000, 0.8660254037844387100, 1.000000000000000000, 0.8660254037844387100, 1.000000000000000000, 0.8660254037844387100, 1.000000000000000000, 0.8660254037844387100, 1.000000000000000000, 0.8660254037844387100, 1.000000000000000000, 0.8660254037844387100, 1.000000000000000000, 0.8660254037844387100, 1.000000000000000000, 0.8660254037844387100, 1.000000000000000000, 0.8660254037844387100, 1.000000000000000000, 0.8660254037844387100, 1.000000000000000000, 0.8660254037844387100, 1.000000000000000000, 0.8660254037844387100, 1.000000000000000000, 0.8660254037844387100, 1.000000000000000000, 0.8660254037844387100, 1.000000000000000000, 0.8660254037844387100, 1.000000000000000000, 0.8660254037844387100, 1.000000000000000000, 0.8660254037844387100, 1.000000000000000000, 0.8660254037844387100, 1.000000000000000000, 0.8660254037844387100, 1.000000000000000000, 0.8660254037844387100, 1.000000000000000000, 0.8660254037844387100, 1.000000000000000000, 0.8660254037844387100, 1.000000000000000000, 0.8660254037844387100, 1.000000000000000000) ) ) 
 REPRESENTATION_ITEM ( '' )  SURFACE ( )  );
#2158 = CARTESIAN_POINT ( 'NONE',  ( -1.279036433581233000, -0.2060021965481146400, 2.826433334085052300 ) ) ;
#2159 = VERTEX_POINT ( 'NONE', #4191 ) ;
#2160 = ORIENTED_EDGE ( 'NONE', *, *, #2490, .T. ) ;
#2161 = CARTESIAN_POINT ( 'NONE',  ( -1.264748483051132000, -0.1376985440036941100, 2.341249999999998700 ) ) ;
#2162 = CARTESIAN_POINT ( 'NONE',  ( 0.0000000000000000000, 1.084202172485504400E-015, 1.527499999999999200 ) ) ;
#2163 = EDGE_CURVE ( 'NONE', #3247, #345, #3937, .T. ) ;
#2164 = CARTESIAN_POINT ( 'NONE',  ( -0.1222308907552928500, 1.269637219277295800, 2.341249999999998700 ) ) ;
#2165 = DIRECTION ( 'NONE',  ( -0.0000000000000000000, -1.224646799147353200E-016, 1.000000000000000000 ) ) ;
#2166 = CARTESIAN_POINT ( 'NONE',  ( -0.1130009481935851500, 0.04680652530280674000, -0.7799584642923091900 ) ) ;
#2167 = ORIENTED_EDGE ( 'NONE', *, *, #2163, .F. ) ;
#2168 = VERTEX_POINT ( 'NONE', #1112 ) ;
#2169 = CARTESIAN_POINT ( 'NONE',  ( 0.0000000000000000000, 0.9577164262227554300, -0.1250000000000000000 ) ) ;
#2170 = CARTESIAN_POINT ( 'NONE',  ( 1.471500672974085400, -1.569188734140886300E-014, 0.9015624999999993800 ) ) ;
#2171 = CARTESIAN_POINT ( 'NONE',  ( -0.5529378364870428700, 0.9577164262227553200, 0.8124999999999998900 ) ) ;
#2172 =( BOUNDED_CURVE ( )  B_SPLINE_CURVE ( 2, ( #2169, #3876, #3924, #1836, #2151 ),
 .UNSPECIFIED., .F., .F. ) 
 B_SPLINE_CURVE_WITH_KNOTS ( ( 3, 2, 3 ),
 ( 0.2500000000000000000, 0.2916666666666666900, 0.3229953411890411100 ),
 .UNSPECIFIED. ) 
 CURVE ( )  GEOMETRIC_REPRESENTATION_ITEM ( )  RATIONAL_B_SPLINE_CURVE ( ( 1.000000000000000000, 0.8660254037844387100, 1.000000000000000000, 0.8992660835415073900, 0.9500134510234390400 ) ) 
 REPRESENTATION_ITEM ( '' )  );
#2173 = CARTESIAN_POINT ( 'NONE',  ( 0.0000000000000000000, 0.9577164262227557700, -2.318749999999999600 ) ) ;
#2174 = CARTESIAN_POINT ( 'NONE',  ( -0.9410068379124583200, -0.7668050143010501900, 0.6841077175299774500 ) ) ;
#2175 = B_SPLINE_CURVE_WITH_KNOTS ( 'NONE', 3,
 ( #2976, #4297, #1607, #1278, #245, #2634, #3675, #601, #1593, #3975, #918, #1233, #3658, #901, #1979, #3319 ),
 .UNSPECIFIED., .F., .F.,
 ( 4, 3, 3, 3, 3, 4 ),
 ( 0.0000000000000000000, 1.219814803096916200E-005, 2.440086206468109800E-005, 3.654125650771348100E-005, 4.866310158167820700E-005, 5.319183911605365200E-005 ),
 .UNSPECIFIED. ) ;
#2176 = CARTESIAN_POINT ( 'NONE',  ( -1.280964104430331000, -0.1713891984145445000, 2.497112654988985700 ) ) ;
#2177 = B_SPLINE_CURVE_WITH_KNOTS ( 'NONE', 3,
 ( #1485, #229, #960, #781 ),
 .UNSPECIFIED., .F., .F.,
 ( 4, 4 ),
 ( 4.457112801904014900E-018, 0.0007480589644918236600 ),
 .UNSPECIFIED. ) ;
#2178 = CARTESIAN_POINT ( 'NONE',  ( 2.457422524736455800E-017, -2.817140757354596900E-015, 3.049999999999998900 ) ) ;
#2179 = CARTESIAN_POINT ( 'NONE',  ( 1.310529449413397400, 0.2057007486552684400, 2.823565248968563000 ) ) ;
#2180 = CARTESIAN_POINT ( 'NONE',  ( 0.0000000000000000000, 1.250000000000001800, -2.543749999999998400 ) ) ;
#2181 = CARTESIAN_POINT ( 'NONE',  ( -0.4371760101403666700, 0.3063857869185308000, 2.341249999999998700 ) ) ;
#2182 = CARTESIAN_POINT ( 'NONE',  ( 0.2276197203301008100, -0.8651502405362183600, 3.032110333944721500 ) ) ;
#2183 = ADVANCED_FACE ( 'NONE', ( #2130 ), #2135, .F. ) ;
#2184 =( BOUNDED_SURFACE ( )  B_SPLINE_SURFACE ( 3, 2, ( 
 ( #3779, #1841, #2616 ),
 ( #518, #2932, #1229 ),
 ( #194, #3564, #3591 ),
 ( #209, #895, #3285 ) ),
 .UNSPECIFIED., .F., .F., .F. ) 
 B_SPLINE_SURFACE_WITH_KNOTS ( ( 4, 4 ),
 ( 3, 3 ),
 ( 0.0008620654718056839000, 0.001354957742906227200 ),
 ( 0.0000000000000000000, 1.000000000000000000 ),
 .UNSPECIFIED. ) 
 GEOMETRIC_REPRESENTATION_ITEM ( )  RATIONAL_B_SPLINE_SURFACE ( (
 ( 1.000000000000000000, 0.7553322469575581800, 1.000000000000000000),
 ( 1.000000000000000000, 0.7515638432764958400, 1.000000000000000000),
 ( 1.000000000000000000, 0.7476184705345636500, 1.000000000000000000),
 ( 1.000000000000000000, 0.7434678481019426600, 1.000000000000000000) ) ) 
 REPRESENTATION_ITEM ( '' )  SURFACE ( )  );
#2185 = AXIS2_PLACEMENT_3D ( 'NONE', #1860, #561, #547 ) ;
#2186 = CARTESIAN_POINT ( 'NONE',  ( 0.1550073732554508000, -0.8188650685607309400, 2.341249999999998700 ) ) ;
#2187 = LINE ( 'NONE', #2380, #274 ) ;
#2188 = CARTESIAN_POINT ( 'NONE',  ( 0.0000000000000000000, 0.9577164262227556600, -1.868749999999999500 ) ) ;
#2189 = CARTESIAN_POINT ( 'NONE',  ( 1.103625504730564800, 0.6371784822407118300, -0.4109375000000007300 ) ) ;
#2190 = EDGE_CURVE ( 'NONE', #832, #3709, #4057, .T. ) ;
#2191 = CARTESIAN_POINT ( 'NONE',  ( 0.0000000000000000000, 0.9577164262227557700, -3.275000000000000400 ) ) ;
#2192 = FACE_OUTER_BOUND ( 'NONE', #3212, .T. ) ;
#2193 = CARTESIAN_POINT ( 'NONE',  ( -0.2000316359820968600, -1.297061345032948700, 2.817295413065178200 ) ) ;
#2194 = CARTESIAN_POINT ( 'NONE',  ( 0.2259697001486557800, 0.8008042420523383600, 2.958349045320478200 ) ) ;
#2195 = CARTESIAN_POINT ( 'NONE',  ( -0.8294067547305645800, 0.4788582131113701700, 0.4562500000000007100 ) ) ;
#2196 = CARTESIAN_POINT ( 'NONE',  ( 0.09245815527377651600, -0.9643277720896420400, -3.050000000000000700 ) ) ;
#2197 = ORIENTED_EDGE ( 'NONE', *, *, #3730, .T. ) ;
#2198 = EDGE_CURVE ( 'NONE', #3268, #490, #1333, .T. ) ;
#2199 = ORIENTED_EDGE ( 'NONE', *, *, #4328, .F. ) ;
#2200 = CALENDAR_DATE ( 2022, 2, 12 ) ;
#2201 = CIRCLE ( 'NONE', #4301, 3.815121252037128000 ) ;
#2202 = ADVANCED_FACE ( 'NONE', ( #4158 ), #3445, .T. ) ;
#2203 = CARTESIAN_POINT ( 'NONE',  ( 0.1308086706284391200, 1.277206810339305300, 2.420759224679214200 ) ) ;
#2204 = CARTESIAN_POINT ( 'NONE',  ( 0.0000000000000000000, 1.274356964481440300, -0.3359375000000005000 ) ) ;
#2205 = B_SPLINE_CURVE_WITH_KNOTS ( 'NONE', 3,
 ( #1918, #4001, #1289, #4357, #3020, #3360, #4373, #305, #2689, #647, #2967, #4307, #2280, #238, #2628, #913 ),
 .UNSPECIFIED., .F., .F.,
 ( 4, 3, 3, 3, 3, 4 ),
 ( 0.0000000000000000000, 1.219814803096913500E-005, 2.440086206468102300E-005, 3.654125650771352200E-005, 4.866310158167797000E-005, 5.319183911605384900E-005 ),
 .UNSPECIFIED. ) ;
#2206 = ORIENTED_EDGE ( 'NONE', *, *, #4136, .F. ) ;
#2207 = CARTESIAN_POINT ( 'NONE',  ( -0.8294067547305645800, 0.4788582131113705600, -2.693749999999999600 ) ) ;
#2208 = FACE_OUTER_BOUND ( 'NONE', #1779, .T. ) ;
#2209 = ORIENTED_EDGE ( 'NONE', *, *, #1131, .F. ) ;
#2210 = VERTEX_POINT ( 'NONE', #3144 ) ;
#2211 = CARTESIAN_POINT ( 'NONE',  ( -0.1811009407319855200, -1.311957822845910800, 2.812877604456077000 ) ) ;
#2212 = CARTESIAN_POINT ( 'NONE',  ( 1.105875672974086000, -1.565744415018284600E-014, 1.168750000000000800 ) ) ;
#2213 = CARTESIAN_POINT ( 'NONE',  ( -0.5529378364870428700, 0.9577164262227557700, -1.887500000000000200 ) ) ;
#2214 = ORIENTED_EDGE ( 'NONE', *, *, #3136, .F. ) ;
#2215 = CARTESIAN_POINT ( 'NONE',  ( -0.1222308907553046200, -1.269637219277294900, 2.341249999999998700 ) ) ;
#2216 = EDGE_CURVE ( 'NONE', #3923, #1574, #4257, .T. ) ;
#2217 = CARTESIAN_POINT ( 'NONE',  ( -1.269637219277290500, 0.1222308907553451800, 2.341249999999998700 ) ) ;
#2218 = CARTESIAN_POINT ( 'NONE',  ( 1.103625504730564100, -0.6371784822407435800, -0.9359375000000008700 ) ) ;
#2219 = ORIENTED_EDGE ( 'NONE', *, *, #4026, .F. ) ;
#2220 = CARTESIAN_POINT ( 'NONE',  ( -0.5529378364870428700, 0.9577164262227556600, -2.281249999999999100 ) ) ;
#2221 = VERTEX_POINT ( 'NONE', #4159 ) ;
#2222 = EDGE_CURVE ( 'NONE', #1399, #3142, #3288, .T. ) ;
#2223 = DIRECTION ( 'NONE',  ( -0.0000000000000000000, -0.0000000000000000000, -1.000000000000000000 ) ) ;
#2224 = CARTESIAN_POINT ( 'NONE',  ( -0.8294067547305645800, 0.4788582131113702800, -0.5000000000000000000 ) ) ;
#2225 = CARTESIAN_POINT ( 'NONE',  ( 0.7216878364870431600, -1.250000000000029500, -0.9312499999999981300 ) ) ;
#2226 = ADVANCED_FACE ( 'NONE', ( #385 ), #2237, .T. ) ;
#2227 = B_SPLINE_CURVE_WITH_KNOTS ( 'NONE', 3,
 ( #1590, #1959, #580, #273, #938, #1293 ),
 .UNSPECIFIED., .F., .F.,
 ( 4, 2, 4 ),
 ( 0.0009321776561981344200, 0.001392843249735507400, 0.001853508843272880100 ),
 .UNSPECIFIED. ) ;
#2228 = VERTEX_POINT ( 'NONE', #786 ) ;
#2229 = DIRECTION ( 'NONE',  ( 0.0000000000000000000, -1.000000000000000000, 0.0000000000000000000 ) ) ;
#2230 = DIRECTION ( 'NONE',  ( 1.000000000000000000, 0.0000000000000000000, 0.0000000000000000000 ) ) ;
#2231 = CARTESIAN_POINT ( 'NONE',  ( 1.082531754730562600, -0.6250000000000242000, -0.5000000000000017800 ) ) ;
#2232 = CARTESIAN_POINT ( 'NONE',  ( 1.103625504730564800, 0.6371784822407119400, -1.310937500000000800 ) ) ;
#2233 = CARTESIAN_POINT ( 'NONE',  ( -0.8294067547305646900, -0.4788582131114002000, -2.168749999999999700 ) ) ;
#2234 = B_SPLINE_CURVE_WITH_KNOTS ( 'NONE', 3,
 ( #572, #1282, #1901, #1949, #3612, #2978, #1582, #1267, #4287, #3646, #4348, #4333, #2958, #3959, #1596, #2323 ),
 .UNSPECIFIED., .F., .F.,
 ( 4, 2, 2, 2, 2, 2, 2, 4 ),
 ( 0.01148680696155520600, 0.01191914573919348700, 0.01235148451683176600, 0.01278382329447004700, 0.01321616207210832800, 0.01364850084974660700, 0.01408083962738488800, 0.01494551718266145000 ),
 .UNSPECIFIED. ) ;
#2235 = CARTESIAN_POINT ( 'NONE',  ( -0.7216878364870403800, 1.250000000000002900, -2.112500000000001200 ) ) ;
#2236 = CARTESIAN_POINT ( 'NONE',  ( -0.6363594521135647100, -0.7949088379679726300, 0.1339371151236083700 ) ) ;
#2237 = CYLINDRICAL_SURFACE ( 'NONE', #3437, 1.250000000000000200 ) ;
#2238 = CARTESIAN_POINT ( 'NONE',  ( 0.03089323301465926200, -0.9613453591918657000, -3.050000000000000300 ) ) ;
#2239 = VECTOR ( 'NONE', #3156, 999.9999999999998900 ) ;
#2240 = PRODUCT_RELATED_PRODUCT_CATEGORY ( 'detail', '', ( #4166 ) ) ;
#2241 = CARTESIAN_POINT ( 'NONE',  ( -1.082531754730563100, -0.6250000000000234300, -0.2000000000000015700 ) ) ;
#2242 = LINE ( 'NONE', #3629, #536 ) ;
#2243 = CARTESIAN_POINT ( 'NONE',  ( 0.0000000000000000000, 1.250000000000001300, 0.1562500000000018300 ) ) ;
#2244 = CARTESIAN_POINT ( 'NONE',  ( -1.268024089148609600, 0.1307000468108575300, 2.341249999999998700 ) ) ;
#2245 = CARTESIAN_POINT ( 'NONE',  ( -1.300404126893899700, 0.1975687553004111500, 2.816220661838866800 ) ) ;
#2246 = ADVANCED_FACE ( 'NONE', ( #2192 ), #3458, .T. ) ;
#2247 = CARTESIAN_POINT ( 'NONE',  ( 0.0000000000000000000, 8.673617379884035500E-016, 2.083073505400253800 ) ) ;
#2248 = CARTESIAN_POINT ( 'NONE',  ( -0.5529378364870433100, -0.9577164262227856300, -0.3312499999999995400 ) ) ;
#2249 = EDGE_LOOP ( 'NONE', ( #2328, #4017, #4274, #3390 ) ) ;
#2250 = EDGE_CURVE ( 'NONE', #1090, #3479, #4000, .T. ) ;
#2251 = CARTESIAN_POINT ( 'NONE',  ( -1.172864355864558400E-016, -0.9577164262227859700, -1.643749999999999600 ) ) ;
#2252 = VECTOR ( 'NONE', #2635, 999.9999999999998900 ) ;
#2253 = PLANE ( 'NONE',  #3533 ) ;
#2254 = CIRCLE ( 'NONE', #127, 1.250000000000000200 ) ;
#2255 = CARTESIAN_POINT ( 'NONE',  ( -1.530808498934212000E-016, -1.250000000000032000, -0.5187499999999984900 ) ) ;
#2256 = AXIS2_PLACEMENT_3D ( 'NONE', #4292, #3652, #1618 ) ;
#2257 = DATE_AND_TIME ( #1463, #550 ) ;
#2258 = CARTESIAN_POINT ( 'NONE',  ( -0.4692885409045922100, -0.8651502405362182500, 3.006709917370681500 ) ) ;
#2259 = ORIENTED_EDGE ( 'NONE', *, *, #995, .T. ) ;
#2260 = ORIENTED_EDGE ( 'NONE', *, *, #2995, .T. ) ;
#2261 = CARTESIAN_POINT ( 'NONE',  ( -1.280778013935446300, 0.2055793280558061700, 2.822830325031626700 ) ) ;
#2262 = VECTOR ( 'NONE', #709, 1000.000000000000100 ) ;
#2263 = VERTEX_POINT ( 'NONE', #1085 ) ;
#2264 = CARTESIAN_POINT ( 'NONE',  ( 0.8294067547305649100, 0.4788582131113695000, -1.493749999999999500 ) ) ;
#2265 = ADVANCED_FACE ( 'NONE', ( #1552 ), #966, .T. ) ;
#2266 = AXIS2_PLACEMENT_3D ( 'NONE', #2376, #316, #329 ) ;
#2267 = CARTESIAN_POINT ( 'NONE',  ( -1.443375672974083900, -1.519370085868460800E-014, -0.2375000000000015700 ) ) ;
#2268 = CARTESIAN_POINT ( 'NONE',  ( 0.8315053861671561900, 0.2192021081799229400, 2.952022104113612300 ) ) ;
#2269 = ORIENTED_EDGE ( 'NONE', *, *, #68, .F. ) ;
#2270 = ORIENTED_EDGE ( 'NONE', *, *, #1960, .F. ) ;
#2271 = CARTESIAN_POINT ( 'NONE',  ( 0.7357503364870423600, -1.274356964481471200, 1.276562499999998900 ) ) ;
#2272 = CARTESIAN_POINT ( 'NONE',  ( 1.103625504730564100, -0.6371784822407432500, -3.157812499999999000 ) ) ;
#2273 = ORIENTED_EDGE ( 'NONE', *, *, #2782, .T. ) ;
#2274 = ORIENTED_EDGE ( 'NONE', *, *, #3248, .F. ) ;
#2275 = CARTESIAN_POINT ( 'NONE',  ( 0.0000000000000000000, 9.890719739930261100E-016, 2.179569205508502100 ) ) ;
#2276 = ORIENTED_EDGE ( 'NONE', *, *, #3301, .T. ) ;
#2277 = CARTESIAN_POINT ( 'NONE',  ( -0.1730352898830063200, -1.313705060252006200, 2.812633460563337200 ) ) ;
#2278 = EDGE_CURVE ( 'NONE', #1834, #567, #3787, .T. ) ;
#2279 = CARTESIAN_POINT ( 'NONE',  ( 0.09245815527377651600, -0.9643277720896420400, -3.050000000000000700 ) ) ;
#2280 = CARTESIAN_POINT ( 'NONE',  ( 1.238129249720997500, 0.1547197054078745800, 2.341249999999998700 ) ) ;
#2281 = CARTESIAN_POINT ( 'NONE',  ( 0.8294067547305642400, -0.4788582131114010300, -0.2187499999999995600 ) ) ;
#2282 = CARTESIAN_POINT ( 'NONE',  ( 0.5529378364870427600, -0.9577164262227860800, -2.112500000000000300 ) ) ;
#2283 = CARTESIAN_POINT ( 'NONE',  ( 1.105875672974086000, -1.520968266424459500E-014, -2.487500000000000300 ) ) ;
#2284 = EDGE_CURVE ( 'NONE', #113, #1612, #2085, .T. ) ;
#2285 = CARTESIAN_POINT ( 'NONE',  ( -0.8376118198395184900, 0.4643567511321784500, 0.007385628061355903000 ) ) ;
#2286 = CARTESIAN_POINT ( 'NONE',  ( 0.0000000000000000000, 1.250000000000001800, -2.600000000000001000 ) ) ;
#2287 = CARTESIAN_POINT ( 'NONE',  ( 0.8633221105560778800, -0.2184290902842121200, 2.944667330124167500 ) ) ;
#2288 = CARTESIAN_POINT ( 'NONE',  ( 1.299389152772500300, 0.1563172603284876700, 2.657404060349341200 ) ) ;
#2289 = CARTESIAN_POINT ( 'NONE',  ( 0.0000000000000000000, 1.274356964481440100, 1.464062499999999600 ) ) ;
#2290 = CARTESIAN_POINT ( 'NONE',  ( 0.7357503364870424700, -1.274356964481471200, -2.295312499999999200 ) ) ;
#2291 = CARTESIAN_POINT ( 'NONE',  ( 0.1479534423159068500, -1.292136977368363500, 2.579799570896085000 ) ) ;
#2292 = CARTESIAN_POINT ( 'NONE',  ( -1.455408070052615200E-016, -0.2295000000000030100, 3.049999999999998900 ) ) ;
#2293 = CARTESIAN_POINT ( 'NONE',  ( -1.299389152772502600, 0.1563172603285046000, 2.657404060349386500 ) ) ;
#2294 = CARTESIAN_POINT ( 'NONE',  ( -1.172864355864558200E-016, -0.9577164262227858500, -1.193749999999999400 ) ) ;
#2295 = CARTESIAN_POINT ( 'NONE',  ( -1.172864355864558400E-016, -0.9577164262227861900, 0.5499999999999997100 ) ) ;
#2296 = CARTESIAN_POINT ( 'NONE',  ( 0.1550073732554515800, 2.053722841541113600E-015, 2.341249999999998700 ) ) ;
#2297 = FACE_OUTER_BOUND ( 'NONE', #2249, .T. ) ;
#2298 = CC_DESIGN_PERSON_AND_ORGANIZATION_ASSIGNMENT ( #1083, #2366, ( #2709 ) ) ;
#2299 = CARTESIAN_POINT ( 'NONE',  ( -0.5529378364870433100, -0.9577164262227855200, -2.637500000000000200 ) ) ;
#2300 = CARTESIAN_POINT ( 'NONE',  ( -1.443375672974083600, -1.524880996464624000E-014, 0.2124999999999986600 ) ) ;
#2301 = CARTESIAN_POINT ( 'NONE',  ( 1.103625504730564500, 0.6371784822407115000, 0.9390624999999993600 ) ) ;
#2302 = CARTESIAN_POINT ( 'NONE',  ( -0.5529378364870433100, -0.9577164262227859700, 0.5687500000000005300 ) ) ;
#2303 = CARTESIAN_POINT ( 'NONE',  ( -1.103625504730564500, -0.6371784822407424700, -2.407812499999999500 ) ) ;
#2304 = EDGE_CURVE ( 'NONE', #4084, #3272, #1178, .T. ) ;
#2305 = CARTESIAN_POINT ( 'NONE',  ( -0.7216878364870451500, -1.250000000000027300, -1.062500000000001800 ) ) ;
#2306 = VERTEX_POINT ( 'NONE', #3515 ) ;
#2307 = CARTESIAN_POINT ( 'NONE',  ( 0.0000000000000000000, 1.250000000000001600, 0.09999999999999877000 ) ) ;
#2308 = CARTESIAN_POINT ( 'NONE',  ( 0.4160816879250643400, -0.1723466781936519900, 2.341249999999998700 ) ) ;
#2309 = EDGE_LOOP ( 'NONE', ( #1139, #783, #2148 ) ) ;
#2310 = CARTESIAN_POINT ( 'NONE',  ( -1.103625504730564500, -0.6371784822407428100, -0.1859375000000007800 ) ) ;
#2311 = ORIENTED_EDGE ( 'NONE', *, *, #2441, .F. ) ;
#2312 = CARTESIAN_POINT ( 'NONE',  ( -0.7357503364870431300, -1.274356964481470500, 0.7796875000000004200 ) ) ;
#2313 = EDGE_CURVE ( 'NONE', #401, #3283, #54, .T. ) ;
#2314 = DATE_AND_TIME ( #3011, #2042 ) ;
#2315 = CARTESIAN_POINT ( 'NONE',  ( 0.8294067547305650200, 0.4788582131113695600, -1.550000000000000500 ) ) ;
#2316 =( BOUNDED_CURVE ( )  B_SPLINE_CURVE ( 3, ( #1320, #2355, #3370, #2702 ),
 .UNSPECIFIED., .F., .F. ) 
 B_SPLINE_CURVE_WITH_KNOTS ( ( 4, 4 ),
 ( 2.946332657651817000, 3.336852649527772400 ),
 .UNSPECIFIED. ) 
 CURVE ( )  GEOMETRIC_REPRESENTATION_ITEM ( )  RATIONAL_B_SPLINE_CURVE ( ( 1.000000000000000000, 0.9873315052531757000, 0.9873315052531757000, 1.000000000000000000 ) ) 
 REPRESENTATION_ITEM ( '' )  );
#2317 = VECTOR ( 'NONE', #4179, 999.9999999999998900 ) ;
#2318 = CARTESIAN_POINT ( 'NONE',  ( 0.8651502405362161400, -0.4692885409045956000, 3.006709917370681500 ) ) ;
#2319 = VERTEX_POINT ( 'NONE', #126 ) ;
#2320 = FACE_OUTER_BOUND ( 'NONE', #4062, .T. ) ;
#2321 = ADVANCED_FACE ( 'NONE', ( #2888 ), #219, .T. ) ;
#2322 = CARTESIAN_POINT ( 'NONE',  ( 0.6238364124930025900, 0.8421669905106268200, 0.2317738639269541500 ) ) ;
#2323 = CARTESIAN_POINT ( 'NONE',  ( -0.3686223959115673100, -1.194410954919827400, 0.8104281470917972200 ) ) ;
#2324 = EDGE_LOOP ( 'NONE', ( #1652, #2821, #1840, #2107 ) ) ;
#2325 = ORIENTED_EDGE ( 'NONE', *, *, #4361, .T. ) ;
#2326 = CARTESIAN_POINT ( 'NONE',  ( -1.105875672974086000, -1.535902817656950100E-014, 0.9437500000000005300 ) ) ;
#2327 = CARTESIAN_POINT ( 'NONE',  ( -1.103625504730564300, 0.6371784822407129400, -2.032812499999999000 ) ) ;
#2328 = ORIENTED_EDGE ( 'NONE', *, *, #3363, .T. ) ;
#2329 = CARTESIAN_POINT ( 'NONE',  ( -0.8294067547305645800, -0.4788582131114002500, -1.268749999999999400 ) ) ;
#2330 = DIRECTION ( 'NONE',  ( 0.0000000000000000000, -1.000000000000000000, -1.224646799147353200E-016 ) ) ;
#2331 = FACE_OUTER_BOUND ( 'NONE', #2124, .T. ) ;
#2332 = DIRECTION ( 'NONE',  ( 0.0000000000000000000, 1.000000000000000000, 8.334887549857832900E-017 ) ) ;
#2333 = CARTESIAN_POINT ( 'NONE',  ( -1.284705428667533500, 0.1393827559464365100, 2.500275633506742400 ) ) ;
#2334 = DIRECTION ( 'NONE',  ( 0.1045058763748857000, 0.02078751127481468600, 0.9943069954385902500 ) ) ;
#2335 = CARTESIAN_POINT ( 'NONE',  ( -0.7357503364870425800, 1.274356964481440300, -0.7203124999999990200 ) ) ;
#2336 = CARTESIAN_POINT ( 'NONE',  ( 0.0000000000000000000, 0.9577164262227556600, -1.925000000000000300 ) ) ;
#2337 = CARTESIAN_POINT ( 'NONE',  ( 0.9208785214955452800, 0.7357651421527945400, 0.5879590838796203700 ) ) ;
#2338 = ORIENTED_EDGE ( 'NONE', *, *, #600, .T. ) ;
#2339 = ORIENTED_EDGE ( 'NONE', *, *, #2408, .T. ) ;
#2340 = CARTESIAN_POINT ( 'NONE',  ( -0.8294067547305645800, 0.4788582131113702800, -0.4437499999999992600 ) ) ;
#2341 = CARTESIAN_POINT ( 'NONE',  ( -0.7357503364870433500, -1.274356964481470500, -1.920312499999999200 ) ) ;
#2342 = CARTESIAN_POINT ( 'NONE',  ( -1.105875672974086000, -1.519370085868460800E-014, -0.4062499999999995000 ) ) ;
#2343 = CARTESIAN_POINT ( 'NONE',  ( 1.303250588557389300, -0.1946399972873304200, 2.815344277869460000 ) ) ;
#2344 = EDGE_CURVE ( 'NONE', #2630, #2114, #3149, .T. ) ;
#2345 = CARTESIAN_POINT ( 'NONE',  ( 0.0000000000000000000, -1.249999999999999300, 3.049999999999998900 ) ) ;
#2346 = CARTESIAN_POINT ( 'NONE',  ( -0.6710041598264017100, -0.6833550837980214600, -3.049999999999999400 ) ) ;
#2347 = CARTESIAN_POINT ( 'NONE',  ( 0.2030599636941223300, -1.290852450293045000, 2.819363495920214300 ) ) ;
#2348 = ORIENTED_EDGE ( 'NONE', *, *, #964, .T. ) ;
#2349 = CARTESIAN_POINT ( 'NONE',  ( -1.103625504730564300, -0.6371784822407426900, -0.1578124999999993300 ) ) ;
#2350 = CARTESIAN_POINT ( 'NONE',  ( -0.5529378364870428700, 0.9577164262227556600, -1.887500000000000200 ) ) ;
#2351 = VERTEX_POINT ( 'NONE', #1171 ) ;
#2352 = AXIS2_PLACEMENT_3D ( 'NONE', #1817, #4200, #3512 ) ;
#2353 =( NAMED_UNIT ( * ) PLANE_ANGLE_UNIT ( ) SI_UNIT ( $, .RADIAN. ) );
#2354 = CARTESIAN_POINT ( 'NONE',  ( 0.1885057413315486800, 1.295836514678339500, 2.659965682497764200 ) ) ;
#2355 = CARTESIAN_POINT ( 'NONE',  ( -0.7876419676194513800, 0.1612180341806231900, 2.341249999999998700 ) ) ;
#2356 = CYLINDRICAL_SURFACE ( 'NONE', #1218, 1.250000000000000200 ) ;
#2357 = CARTESIAN_POINT ( 'NONE',  ( 0.5529378364870435300, 0.9577164262227552100, -0.6125000000000002700 ) ) ;
#2358 = FACE_OUTER_BOUND ( 'NONE', #2454, .T. ) ;
#2359 = CARTESIAN_POINT ( 'NONE',  ( 1.105875672974086000, -1.538189862037469200E-014, -1.081249999999999400 ) ) ;
#2360 = CARTESIAN_POINT ( 'NONE',  ( -1.151087210548235700, 0.2530661119228995700, -2.850340396283975500 ) ) ;
#2361 = VECTOR ( 'NONE', #909, 1000.000000000000000 ) ;
#2362 = CARTESIAN_POINT ( 'NONE',  ( 0.0000000000000000000, 2.070106209874711500E-015, 2.341249999999998700 ) ) ;
#2363 = CARTESIAN_POINT ( 'NONE',  ( 0.8591051594904756100, 0.7020508557695461800, 0.3993736468017529100 ) ) ;
#2364 = CARTESIAN_POINT ( 'NONE',  ( 0.0000000000000000000, 0.9577164262227555500, -1.475000000000000100 ) ) ;
#2365 = AXIS2_PLACEMENT_3D ( 'NONE', #3839, #3179, #3508 ) ;
#2366 = PERSON_AND_ORGANIZATION_ROLE ( 'design_supplier' ) ;
#2367 = ORIENTED_EDGE ( 'NONE', *, *, #4352, .T. ) ;
#2368 = FACE_OUTER_BOUND ( 'NONE', #684, .T. ) ;
#2369 = CARTESIAN_POINT ( 'NONE',  ( 0.1307000468108447700, 1.268024089148611400, 2.341249999999998700 ) ) ;
#2370 = CARTESIAN_POINT ( 'NONE',  ( 1.105875672974086000, -1.548522819405274600E-014, -0.2375000000000002900 ) ) ;
#2371 = EDGE_CURVE ( 'NONE', #3973, #2045, #1712, .T. ) ;
#2372 = CARTESIAN_POINT ( 'NONE',  ( 0.5529378364870427600, -0.9577164262227860800, -0.7062499999999994900 ) ) ;
#2373 = VECTOR ( 'NONE', #3759, 1000.000000000000000 ) ;
#2374 = CARTESIAN_POINT ( 'NONE',  ( 1.313705060252005300, -0.1730352898830115600, 2.812633460563340300 ) ) ;
#2375 = APPROVAL_PERSON_ORGANIZATION ( #3476, #1977, #2679 ) ;
#2376 = CARTESIAN_POINT ( 'NONE',  ( 0.0000000000000000000, 1.139650773178640400E-015, 0.9499999999999990700 ) ) ;
#2377 = CARTESIAN_POINT ( 'NONE',  ( 0.2815268392807880300, 1.095310319279809000, 0.4589954186215180500 ) ) ;
#2378 =( BOUNDED_CURVE ( )  B_SPLINE_CURVE ( 2, ( #3518, #1217, #4276, #2917, #1534, #2877, #3877 ),
 .UNSPECIFIED., .F., .F. ) 
 B_SPLINE_CURVE_WITH_KNOTS ( ( 3, 2, 2, 3 ),
 ( 0.6250000000000001100, 0.6666666666666667400, 0.7083333333333334800, 0.7500000000000001100 ),
 .UNSPECIFIED. ) 
 CURVE ( )  GEOMETRIC_REPRESENTATION_ITEM ( )  RATIONAL_B_SPLINE_CURVE ( ( 0.9999999999999996700, 0.8660254037844391500, 1.000000000000000000, 0.8660254037844388200, 1.000000000000000000, 0.8660254037844384900, 1.000000000000000400 ) ) 
 REPRESENTATION_ITEM ( '' )  );
#2379 = ORIENTED_EDGE ( 'NONE', *, *, #2547, .F. ) ;
#2380 = CARTESIAN_POINT ( 'NONE',  ( 0.0000000000000000000, 1.300799999999996800, 0.9499999999999991800 ) ) ;
#2381 = EDGE_CURVE ( 'NONE', #493, #1081, #276, .T. ) ;
#2382 = CARTESIAN_POINT ( 'NONE',  ( 0.8294067547305642400, -0.4788582131114010300, -0.6687499999999994000 ) ) ;
#2383 = ORIENTED_EDGE ( 'NONE', *, *, #226, .T. ) ;
#2384 = FACE_OUTER_BOUND ( 'NONE', #103, .T. ) ;
#2385 = EDGE_LOOP ( 'NONE', ( #3698, #1564, #1717, #1478 ) ) ;
#2386 = PERSON_AND_ORGANIZATION_ROLE ( 'design_owner' ) ;
#2387 = CARTESIAN_POINT ( 'NONE',  ( -0.5529378364870428700, 0.9577164262227557700, -0.9875000000000000400 ) ) ;
#2388 = CARTESIAN_POINT ( 'NONE',  ( 0.0000000000000000000, 1.250000000000001300, 0.1562500000000018300 ) ) ;
#2389 = AXIS2_PLACEMENT_3D ( 'NONE', #3568, #1224, #1854 ) ;
#2390 = CARTESIAN_POINT ( 'NONE',  ( 0.0000000000000000000, 0.9577164262227555500, -1.475000000000000100 ) ) ;
#2391 = CARTESIAN_POINT ( 'NONE',  ( -0.3104121262007741900, 1.086531968627928700, -2.899239207222160900 ) ) ;
#2392 = ORIENTED_EDGE ( 'NONE', *, *, #3496, .T. ) ;
#2393 = ORIENTED_EDGE ( 'NONE', *, *, #1271, .F. ) ;
#2394 = ORIENTED_EDGE ( 'NONE', *, *, #736, .T. ) ;
#2395 = ORIENTED_EDGE ( 'NONE', *, *, #1507, .F. ) ;
#2396 = CARTESIAN_POINT ( 'NONE',  ( 0.2294999999999999500, -2.425680116754335100E-017, 3.049999999999998900 ) ) ;
#2397 = ORIENTED_EDGE ( 'NONE', *, *, #1161, .F. ) ;
#2398 = APPROVAL ( #3636, 'UNSPECIFIED' ) ;
#2399 = DIRECTION ( 'NONE',  ( 0.0000000000000000000, 1.224646799147353000E-016, -1.000000000000000000 ) ) ;
#2400 = CARTESIAN_POINT ( 'NONE',  ( 0.5529378364870427600, -0.9577164262227860800, -0.7062499999999992700 ) ) ;
#2401 = CARTESIAN_POINT ( 'NONE',  ( 0.4317425188364111800, 0.3843203593736211900, 3.006521471578742500 ) ) ;
#2402 = DIRECTION ( 'NONE',  ( 1.000000000000000000, 0.0000000000000000000, 0.0000000000000000000 ) ) ;
#2403 = CARTESIAN_POINT ( 'NONE',  ( -1.172864355864558200E-016, -0.9577164262227859700, -0.3500000000000002600 ) ) ;
#2404 = CARTESIAN_POINT ( 'NONE',  ( -0.5529378364870433100, -0.9577164262227856300, -2.581249999999998900 ) ) ;
#2405 = CARTESIAN_POINT ( 'NONE',  ( -1.172864355864558200E-016, -0.9577164262227859700, -0.3500000000000002600 ) ) ;
#2406 = CARTESIAN_POINT ( 'NONE',  ( 0.1411471484357712800, -1.262379981475680600, 2.341249999999998700 ) ) ;
#2407 = CARTESIAN_POINT ( 'NONE',  ( 0.2037166375673544500, 1.289818577089968400, 2.819700781087036500 ) ) ;
#2408 = EDGE_CURVE ( 'NONE', #1612, #2604, #2172, .T. ) ;
#2409 =( BOUNDED_CURVE ( )  B_SPLINE_CURVE ( 3, ( #3918, #3597, #4242, #4253 ),
 .UNSPECIFIED., .F., .T. ) 
 B_SPLINE_CURVE_WITH_KNOTS ( ( 4, 4 ),
 ( 2.946332657651815600, 3.336852649527770200 ),
 .UNSPECIFIED. ) 
 CURVE ( )  GEOMETRIC_REPRESENTATION_ITEM ( )  RATIONAL_B_SPLINE_CURVE ( ( 1.000000000000000000, 0.9873315052531757000, 0.9873315052531757000, 1.000000000000000000 ) ) 
 REPRESENTATION_ITEM ( '' )  );
#2410 = CARTESIAN_POINT ( 'NONE',  ( 0.5948568571663126500, -1.099384063683976500, 0.8104281470847636300 ) ) ;
#2411 = CARTESIAN_POINT ( 'NONE',  ( 1.471500672974085400, -1.569533166053146500E-014, 0.9296875000000007800 ) ) ;
#2412 = CARTESIAN_POINT ( 'NONE',  ( 0.8294067547305649100, 0.4788582131113695000, -1.550000000000000300 ) ) ;
#2413 = CARTESIAN_POINT ( 'NONE',  ( 0.5529378364870427600, -0.9577164262227863000, -0.3125000000000002200 ) ) ;
#2414 = CARTESIAN_POINT ( 'NONE',  ( -0.7357503364870426900, 1.274356964481440800, -2.548437500000000400 ) ) ;
#2415 = CARTESIAN_POINT ( 'NONE',  ( -0.8294067547305645800, -0.4788582131114002500, -1.325000000000000200 ) ) ;
#2416 = VECTOR ( 'NONE', #163, 999.9999999999998900 ) ;
#2417 = DIRECTION ( 'NONE',  ( 1.000000000000000000, 0.0000000000000000000, 0.0000000000000000000 ) ) ;
#2418 = CARTESIAN_POINT ( 'NONE',  ( 0.8294067547305650200, 0.4788582131113696700, -2.393749999999999800 ) ) ;
#2419 = B_SPLINE_CURVE_WITH_KNOTS ( 'NONE', 3,
 ( #2758, #2074, #23, #696 ),
 .UNSPECIFIED., .F., .F.,
 ( 4, 4 ),
 ( 0.0000000000000000000, 9.620555409560749600E-005 ),
 .UNSPECIFIED. ) ;
#2420 = CARTESIAN_POINT ( 'NONE',  ( 0.0000000000000000000, 0.9577164262227556600, -1.925000000000000000 ) ) ;
#2421 = CARTESIAN_POINT ( 'NONE',  ( -0.5529378364870433100, -0.9577164262227858500, -0.3312499999999995400 ) ) ;
#2422 = CARTESIAN_POINT ( 'NONE',  ( 0.0000000000000000000, 1.250000000000001600, -0.8000000000000012700 ) ) ;
#2423 = CARTESIAN_POINT ( 'NONE',  ( 0.0000000000000000000, 8.824749453576962700E-016, 3.049999999999998900 ) ) ;
#2424 = CARTESIAN_POINT ( 'NONE',  ( 0.7357503364870434700, 1.274356964481439900, 1.004687500000000800 ) ) ;
#2425 = CARTESIAN_POINT ( 'NONE',  ( -0.5529378364870428700, 0.9577164262227554300, 0.3624999999999999900 ) ) ;
#2426 = VECTOR ( 'NONE', #645, 1000.000000000000000 ) ;
#2427 = EDGE_LOOP ( 'NONE', ( #3893, #3956, #3545, #2781 ) ) ;
#2428 = CARTESIAN_POINT ( 'NONE',  ( 1.471500672974085600, -1.541634181160070600E-014, -1.348437500000000600 ) ) ;
#2429 = CARTESIAN_POINT ( 'NONE',  ( 0.8294067547305650200, 0.4788582131113696100, -1.943749999999999400 ) ) ;
#2430 = CARTESIAN_POINT ( 'NONE',  ( -0.8294067547305646900, -0.4788582131114000900, -3.068749999999999600 ) ) ;
#2431 = ORIENTED_EDGE ( 'NONE', *, *, #2571, .F. ) ;
#2432 = EDGE_CURVE ( 'NONE', #3468, #924, #2573, .T. ) ;
#2433 = CARTESIAN_POINT ( 'NONE',  ( 1.105875672974086000, -1.549211683229795000E-014, -0.1812499999999995500 ) ) ;
#2434 = DIRECTION ( 'NONE',  ( -0.0000000000000000000, -1.224646799147353200E-016, 1.000000000000000000 ) ) ;
#2435 = LINE ( 'NONE', #553, #501 ) ;
#2436 = VERTEX_POINT ( 'NONE', #1935 ) ;
#2437 = ORIENTED_EDGE ( 'NONE', *, *, #2776, .T. ) ;
#2438 = EDGE_LOOP ( 'NONE', ( #1562, #458, #1957, #2338 ) ) ;
#2439 = CIRCLE ( 'NONE', #1947, 1.325051771394845500 ) ;
#2440 = DIRECTION ( 'NONE',  ( 0.0000000000000000000, 0.0000000000000000000, 1.000000000000000000 ) ) ;
#2441 = EDGE_CURVE ( 'NONE', #3187, #3638, #1694, .T. ) ;
#2442 = CARTESIAN_POINT ( 'NONE',  ( 1.105875672974086000, -1.543011908809111400E-014, -0.6875000000000002200 ) ) ;
#2443 = CARTESIAN_POINT ( 'NONE',  ( 1.103625504730564100, -0.6371784822407435800, -1.385937500000000700 ) ) ;
#2444 = CARTESIAN_POINT ( 'NONE',  ( 0.0000000000000000000, 0.9577164262227555500, -1.025000000000000100 ) ) ;
#2445 = CARTESIAN_POINT ( 'NONE',  ( -1.105875672974086000, -1.491815532887645400E-014, -2.656249999999999100 ) ) ;
#2446 = CARTESIAN_POINT ( 'NONE',  ( 1.471500672974085400, -1.541978613072331100E-014, -1.320312499999999100 ) ) ;
#2447 = CARTESIAN_POINT ( 'NONE',  ( -0.8294067547305645800, -0.4788582131114003700, -0.3687499999999995200 ) ) ;
#2448 = CARTESIAN_POINT ( 'NONE',  ( -0.7582240929255357200, -0.1734033168550302400, 2.341249999999998700 ) ) ;
#2449 = ORIENTED_EDGE ( 'NONE', *, *, #3195, .T. ) ;
#2450 = ORIENTED_EDGE ( 'NONE', *, *, #2408, .F. ) ;
#2451 = CC_DESIGN_APPROVAL ( #1977, ( #1013 ) ) ;
#2452 = CARTESIAN_POINT ( 'NONE',  ( -1.076924189503902900E-016, -0.1698177346798752900, -0.7492544607789046700 ) ) ;
#2453 = CARTESIAN_POINT ( 'NONE',  ( -1.105875672974086000, -1.529703043236266500E-014, 0.4374999999999998300 ) ) ;
#2454 = EDGE_LOOP ( 'NONE', ( #460, #2209, #2766, #1370, #3182 ) ) ;
#2455 = CARTESIAN_POINT ( 'NONE',  ( 0.7357503364870424700, -1.274356964481471000, -2.773437500000000400 ) ) ;
#2456 = CARTESIAN_POINT ( 'NONE',  ( -1.057840985999270600, -0.3115251391101250800, 0.3804856112273321000 ) ) ;
#2457 = AXIS2_PLACEMENT_3D ( 'NONE', #1897, #169, #4284 ) ;
#2458 =( BOUNDED_CURVE ( )  B_SPLINE_CURVE ( 2, ( #4099, #683, #2043, #1719, #3770, #371, #1048 ),
 .UNSPECIFIED., .F., .F. ) 
 B_SPLINE_CURVE_WITH_KNOTS ( ( 3, 2, 2, 3 ),
 ( 0.2500000000000001100, 0.2916666666666667400, 0.3333333333333334800, 0.3750000000000001100 ),
 .UNSPECIFIED. ) 
 CURVE ( )  GEOMETRIC_REPRESENTATION_ITEM ( )  RATIONAL_B_SPLINE_CURVE ( ( 0.9999999999999996700, 0.8660254037844390400, 1.000000000000000000, 0.8660254037844387100, 1.000000000000000000, 0.8660254037844383700, 1.000000000000000400 ) ) 
 REPRESENTATION_ITEM ( '' )  );
#2459 = CARTESIAN_POINT ( 'NONE',  ( 0.5529378364870427600, -0.9577164262227860800, -2.056249999999999500 ) ) ;
#2460 = ORIENTED_EDGE ( 'NONE', *, *, #13, .T. ) ;
#2461 = CARTESIAN_POINT ( 'NONE',  ( -0.7357503364870425800, 1.274356964481440500, -1.620312499999998900 ) ) ;
#2462 = DIRECTION ( 'NONE',  ( -0.1045058763748855800, 0.02078751127481549800, 0.9943069954385901400 ) ) ;
#2463 = CARTESIAN_POINT ( 'NONE',  ( 0.1633641910125736000, 1.241144653201689400, 2.420759809818775000 ) ) ;
#2464 = EDGE_CURVE ( 'NONE', #1356, #2822, #485, .T. ) ;
#2465 = CARTESIAN_POINT ( 'NONE',  ( -0.3312496991555417000, -0.3771492160041142200, 2.341249999999998300 ) ) ;
#2466 = CARTESIAN_POINT ( 'NONE',  ( -1.471500672974085400, -1.519370085868460800E-014, -0.2234375000000005100 ) ) ;
#2467 = VECTOR ( 'NONE', #2334, 999.9999999999998900 ) ;
#2468 = CARTESIAN_POINT ( 'NONE',  ( 1.103625504730564800, 0.6371784822407119400, -1.760937500000000500 ) ) ;
#2469 = CARTESIAN_POINT ( 'NONE',  ( -0.1417778708303521500, -1.118446261806678600, 0.4489872219606784700 ) ) ;
#2470 = DIRECTION ( 'NONE',  ( 0.3805870524817680500, -0.9188184237650782700, -0.1045284632676538500 ) ) ;
#2471 = CARTESIAN_POINT ( 'NONE',  ( -0.7357503364870425800, 1.274356964481440300, -0.7203124999999991300 ) ) ;
#2472 = ORIENTED_EDGE ( 'NONE', *, *, #2861, .F. ) ;
#2473 = CARTESIAN_POINT ( 'NONE',  ( -1.313705060252006200, -0.1730352898830084300, 2.812633460563339000 ) ) ;
#2474 = CARTESIAN_POINT ( 'NONE',  ( 0.1550073732554517200, 1.233553727824348700, 2.341249999999998700 ) ) ;
#2475 = CARTESIAN_POINT ( 'NONE',  ( -0.5529378364870428700, 0.9577164262227557700, -2.787500000000000100 ) ) ;
#2476 = ORIENTED_EDGE ( 'NONE', *, *, #3438, .T. ) ;
#2477 = LINE ( 'NONE', #3276, #3846 ) ;
#2478 = PLANE ( 'NONE',  #624 ) ;
#2479 = VERTEX_POINT ( 'NONE', #232 ) ;
#2480 = ADVANCED_FACE ( 'NONE', ( #3103 ), #3888, .T. ) ;
#2481 = CARTESIAN_POINT ( 'NONE',  ( 0.8294067547305643600, -0.4788582131114009800, -1.568749999999999600 ) ) ;
#2482 = CARTESIAN_POINT ( 'NONE',  ( -0.2856502510737039500, 1.029373832156484700, 0.2852120815809220400 ) ) ;
#2483 = ORIENTED_EDGE ( 'NONE', *, *, #2661, .F. ) ;
#2484 =( BOUNDED_CURVE ( )  B_SPLINE_CURVE ( 2, ( #1788, #4172, #2832, #1500, #779, #3872, #2804 ),
 .UNSPECIFIED., .F., .F. ) 
 B_SPLINE_CURVE_WITH_KNOTS ( ( 3, 2, 2, 3 ),
 ( 0.0000000000000000000, 0.04166666666666662300, 0.08333333333333335600, 0.1249999999999999900 ),
 .UNSPECIFIED. ) 
 CURVE ( )  GEOMETRIC_REPRESENTATION_ITEM ( )  RATIONAL_B_SPLINE_CURVE ( ( 1.000000000000000000, 0.8660254037844387100, 1.000000000000000000, 0.8660254037844387100, 1.000000000000000000, 0.8660254037844387100, 1.000000000000000000 ) ) 
 REPRESENTATION_ITEM ( '' )  );
#2485 = DIRECTION ( 'NONE',  ( 0.9945218953682734000, -1.307172088632008900E-016, 0.1045284632676537100 ) ) ;
#2486 = FACE_OUTER_BOUND ( 'NONE', #920, .T. ) ;
#2487 = EDGE_LOOP ( 'NONE', ( #2483, #2535, #3366, #4035 ) ) ;
#2488 = DIRECTION ( 'NONE',  ( -0.3826834323650980000, 0.9238795325112834100, 2.472413922778277300E-014 ) ) ;
#2489 = DIRECTION ( 'NONE',  ( 0.0000000000000000000, 0.0000000000000000000, 1.000000000000000000 ) ) ;
#2490 = EDGE_CURVE ( 'NONE', #3638, #2228, #1279, .T. ) ;
#2491 = CARTESIAN_POINT ( 'NONE',  ( -1.284705485755387000, -0.1393828212216923200, 2.500276238872052300 ) ) ;
#2492 = CARTESIAN_POINT ( 'NONE',  ( 1.268024089148610500, -0.1307000468108493200, 2.341249999999998700 ) ) ;
#2493 = CARTESIAN_POINT ( 'NONE',  ( 0.1885057458055435000, -1.295836518502520700, 2.659965725065043700 ) ) ;
#2494 = DIRECTION ( 'NONE',  ( -0.0000000000000000000, -1.224646799147353200E-016, 1.000000000000000000 ) ) ;
#2495 = ORIENTED_EDGE ( 'NONE', *, *, #3055, .T. ) ;
#2496 = CARTESIAN_POINT ( 'NONE',  ( -1.443375672974083400, -1.491815532887645100E-014, -2.487500000000000700 ) ) ;
#2497 = CARTESIAN_POINT ( 'NONE',  ( 0.0000000000000000000, 8.824749453576962700E-016, 3.049999999999998900 ) ) ;
#2498 = VERTEX_POINT ( 'NONE', #3963 ) ;
#2499 = ORIENTED_EDGE ( 'NONE', *, *, #1535, .F. ) ;
#2500 = VERTEX_POINT ( 'NONE', #3936 ) ;
#2501 = CARTESIAN_POINT ( 'NONE',  ( 0.8294067547305643600, -0.4788582131114009200, -2.018749999999999800 ) ) ;
#2502 = CARTESIAN_POINT ( 'NONE',  ( 1.443375672974083900, -1.536123270563907700E-014, -1.756249999999998300 ) ) ;
#2503 = DIRECTION ( 'NONE',  ( -0.0000000000000000000, -0.0000000000000000000, -1.000000000000000000 ) ) ;
#2504 = CARTESIAN_POINT ( 'NONE',  ( 2.443623483614654000E-015, -1.349999999999998100, 3.049999999999998500 ) ) ;
#2505 = CARTESIAN_POINT ( 'NONE',  ( -1.233553727824346500, 0.1550073732554643500, 2.341249999999998700 ) ) ;
#2506 = CARTESIAN_POINT ( 'NONE',  ( 0.09245815527377651600, -0.9643277720896420400, -3.050000000000000700 ) ) ;
#2507 = CARTESIAN_POINT ( 'NONE',  ( 2.054624429221097500E-015, 0.2294999999999995900, 3.049999999999998900 ) ) ;
#2508 = ADVANCED_FACE ( 'NONE', ( #3252 ), #1970, .T. ) ;
#2509 = CARTESIAN_POINT ( 'NONE',  ( 0.7357503364870423600, -1.274356964481471200, 0.8265624999999992000 ) ) ;
#2510 =( BOUNDED_CURVE ( )  B_SPLINE_CURVE ( 2, ( #3991, #919, #3976, #1910, #1926, #3320, #2286 ),
 .UNSPECIFIED., .F., .F. ) 
 B_SPLINE_CURVE_WITH_KNOTS ( ( 3, 2, 2, 3 ),
 ( 0.1557090126116943400, 0.1666666666666666900, 0.2083333333333334300, 0.2500000000000001700 ),
 .UNSPECIFIED. ) 
 CURVE ( )  GEOMETRIC_REPRESENTATION_ITEM ( )  RATIONAL_B_SPLINE_CURVE ( ( 0.9480652107226141800, 0.9647668653403667100, 1.000000000000000000, 0.8660254037844388200, 1.000000000000000000, 0.8660254037844382600, 1.000000000000000400 ) ) 
 REPRESENTATION_ITEM ( '' )  );
#2511 = CARTESIAN_POINT ( 'NONE',  ( -0.8294067547305645800, 0.4788582131113705000, -2.243749999999999000 ) ) ;
#2512 = EDGE_CURVE ( 'NONE', #2351, #113, #2242, .T. ) ;
#2513 = CARTESIAN_POINT ( 'NONE',  ( -1.264054039201025800, -0.1888999846963101700, 2.663716657553660400 ) ) ;
#2514 = DIRECTION ( 'NONE',  ( 1.154631945610163000E-014, -0.1045284632676535700, -0.9945218953682734000 ) ) ;
#2515 = CARTESIAN_POINT ( 'NONE',  ( 0.0000000000000000000, 8.673617379884035500E-016, 2.083073505400253800 ) ) ;
#2516 = CARTESIAN_POINT ( 'NONE',  ( 0.0000000000000000000, 8.824749453576962700E-016, 3.049999999999998900 ) ) ;
#2517 = CYLINDRICAL_SURFACE ( 'NONE', #3069, 1.250000000000000200 ) ;
#2518 = EDGE_CURVE ( 'NONE', #2893, #1081, #4113, .T. ) ;
#2519 = CARTESIAN_POINT ( 'NONE',  ( -0.1307000468108448500, -1.268024089148611200, 2.341249999999998700 ) ) ;
#2520 = CARTESIAN_POINT ( 'NONE',  ( -1.471500672974085400, -1.530391907060786900E-014, 0.6765624999999995100 ) ) ;
#2521 = CARTESIAN_POINT ( 'NONE',  ( 0.0000000000000000000, 8.824749453576962700E-016, 3.049999999999998900 ) ) ;
#2522 = ADVANCED_FACE ( 'NONE', ( #1226 ), #2998, .T. ) ;
#2523 = CARTESIAN_POINT ( 'NONE',  ( -0.5529378364870433100, -0.9577164262227855200, -2.131249999999999200 ) ) ;
#2524 = B_SPLINE_CURVE_WITH_KNOTS ( 'NONE', 3,
 ( #3382, #1376, #2726, #3707, #4058, #2027, #3350, #1701, #651, #4098, #1017, #2057, #20 ),
 .UNSPECIFIED., .F., .F.,
 ( 4, 3, 3, 3, 4 ),
 ( 0.0000000000000000000, 1.305308377651755300E-005, 2.611023456654463300E-005, 3.908286046974914700E-005, 5.313562888874181500E-005 ),
 .UNSPECIFIED. ) ;
#2525 = PLANE ( 'NONE',  #3487 ) ;
#2526 = FACE_OUTER_BOUND ( 'NONE', #2149, .T. ) ;
#2527 = DIRECTION ( 'NONE',  ( 1.000000000000000000, -1.224646799147353200E-016, -1.499759782661857600E-032 ) ) ;
#2528 = CARTESIAN_POINT ( 'NONE',  ( 0.5529378364870435300, 0.9577164262227549900, 0.3437500000000006100 ) ) ;
#2529 = DIRECTION ( 'NONE',  ( -1.053498008031483600E-014, -0.9945218953682734000, 0.1045284632676535800 ) ) ;
#2530 = CC_DESIGN_PERSON_AND_ORGANIZATION_ASSIGNMENT ( #861, #3732, ( #2012 ) ) ;
#2531 = ORIENTED_EDGE ( 'NONE', *, *, #1024, .F. ) ;
#2532 = LINE ( 'NONE', #2064, #3905 ) ;
#2533 = CARTESIAN_POINT ( 'NONE',  ( -0.1495962689042530700, -1.253078381409133100, 2.341249999999998700 ) ) ;
#2534 = ORIENTED_EDGE ( 'NONE', *, *, #510, .T. ) ;
#2535 = ORIENTED_EDGE ( 'NONE', *, *, #3136, .T. ) ;
#2536 = DIRECTION ( 'NONE',  ( -0.0000000000000000000, -1.224646799147353200E-016, 1.000000000000000000 ) ) ;
#2537 = AXIS2_PLACEMENT_3D ( 'NONE', #3715, #1351, #1668 ) ;
#2538 = ORIENTED_EDGE ( 'NONE', *, *, #1838, .T. ) ;
#2539 =( BOUNDED_CURVE ( )  B_SPLINE_CURVE ( 2, ( #2717, #3357, #609, #978, #2672 ),
 .UNSPECIFIED., .F., .F. ) 
 B_SPLINE_CURVE_WITH_KNOTS ( ( 3, 2, 3 ),
 ( 0.2500000000000000000, 0.2916666666666666900, 0.2923899009153035400 ),
 .UNSPECIFIED. ) 
 CURVE ( )  GEOMETRIC_REPRESENTATION_ITEM ( )  RATIONAL_B_SPLINE_CURVE ( ( 1.000000000000000000, 0.8660254037844387100, 1.000000000000000000, 0.9976745196056707700, 0.9954297688304957200 ) ) 
 REPRESENTATION_ITEM ( '' )  );
#2540 = EDGE_CURVE ( 'NONE', #4337, #939, #168, .T. ) ;
#2541 = LINE ( 'NONE', #3757, #2809 ) ;
#2542 = CARTESIAN_POINT ( 'NONE',  ( 0.5529378364870427600, -0.9577164262227861900, -1.606249999999999500 ) ) ;
#2543 = CARTESIAN_POINT ( 'NONE',  ( 0.7357503364870434700, 1.274356964481439900, -0.3734375000000005300 ) ) ;
#2544 = CARTESIAN_POINT ( 'NONE',  ( -0.8294067547305645800, 0.4788582131113705000, -2.299999999999999800 ) ) ;
#2545 = CARTESIAN_POINT ( 'NONE',  ( -0.2055793280557930700, -1.280778013935447200, 2.822830325031625800 ) ) ;
#2546 = CARTESIAN_POINT ( 'NONE',  ( 1.295836514678265100, 0.1885057413315626700, 2.659965682497771300 ) ) ;
#2547 = EDGE_CURVE ( 'NONE', #615, #3491, #908, .T. ) ;
#2548 = CARTESIAN_POINT ( 'NONE',  ( 1.265918474677590700, -0.1543792501139769900, 2.335273807509831400 ) ) ;
#2549 = CARTESIAN_POINT ( 'NONE',  ( -0.5529378364870428700, 0.9577164262227553200, 0.8687500000000005800 ) ) ;
#2550 = CARTESIAN_POINT ( 'NONE',  ( 0.7216878364870430400, 1.250000000000000000, -0.7812499999999984500 ) ) ;
#2551 = ADVANCED_FACE ( 'NONE', ( #1337 ), #2356, .T. ) ;
#2552 = ORIENTED_EDGE ( 'NONE', *, *, #2571, .T. ) ;
#2553 = CARTESIAN_POINT ( 'NONE',  ( -0.1529668360597730700, -1.245579989071514700, 2.341249999999998700 ) ) ;
#2554 = AXIS2_PLACEMENT_3D ( 'NONE', #3965, #655, #2332 ) ;
#2555 = CARTESIAN_POINT ( 'NONE',  ( 0.1550073732554506600, -0.8507067466786060200, 2.341249999999998700 ) ) ;
#2556 = DIRECTION ( 'NONE',  ( -0.0000000000000000000, -0.8660254037844397100, 0.4999999999999983300 ) ) ;
#2557 = CARTESIAN_POINT ( 'NONE',  ( 0.0000000000000000000, 1.274356964481440300, -0.7859375000000004000 ) ) ;
#2558 = B_SPLINE_CURVE_WITH_KNOTS ( 'NONE', 3,
 ( #1164, #1784, #108, #2829 ),
 .UNSPECIFIED., .F., .F.,
 ( 4, 4 ),
 ( 0.0000000000000000000, 9.620555409560769900E-005 ),
 .UNSPECIFIED. ) ;
#2559 = CARTESIAN_POINT ( 'NONE',  ( 0.5529378364870427600, -0.9577164262227860800, -2.056249999999999500 ) ) ;
#2560 = ORIENTED_EDGE ( 'NONE', *, *, #757, .F. ) ;
#2561 = CARTESIAN_POINT ( 'NONE',  ( -0.4849039010973531000, 0.2008537722821522000, 3.049999999999998900 ) ) ;
#2562 = CARTESIAN_POINT ( 'NONE',  ( 0.2192021081799213100, 0.8315053861671560800, 2.952022104113612300 ) ) ;
#2563 = CARTESIAN_POINT ( 'NONE',  ( 0.0000000000000000000, 0.9577164262227555500, -0.5749999999999999600 ) ) ;
#2564 = ORIENTED_EDGE ( 'NONE', *, *, #757, .T. ) ;
#2565 = CARTESIAN_POINT ( 'NONE',  ( -0.1237520465791835300, -1.269490774112874900, 2.341249999999998700 ) ) ;
#2566 = DIRECTION ( 'NONE',  ( 1.000000000000000000, 0.0000000000000000000, 0.0000000000000000000 ) ) ;
#2567 = LINE ( 'NONE', #4234, #849 ) ;
#2568 = ADVANCED_FACE ( 'NONE', ( #1760 ), #4055, .T. ) ;
#2569 = CARTESIAN_POINT ( 'NONE',  ( 0.5024083222223684200, -1.146151865181549400, 0.8025640550052650600 ) ) ;
#2570 = CARTESIAN_POINT ( 'NONE',  ( -1.471500672974085600, -1.513859175272297300E-014, -0.6734375000000006900 ) ) ;
#2571 = EDGE_CURVE ( 'NONE', #1296, #3596, #4214, .T. ) ;
#2572 = CARTESIAN_POINT ( 'NONE',  ( -0.5529378364870428700, 0.9577164262227556600, -1.831249999999999600 ) ) ;
#2573 = CIRCLE ( 'NONE', #1160, 2.426396148102944100 ) ;
#2574 = CARTESIAN_POINT ( 'NONE',  ( -1.249734985518728300, -0.1512153416907218400, 2.341249999999998700 ) ) ;
#2575 = CARTESIAN_POINT ( 'NONE',  ( 1.314971652835829500, -0.1745211440175783400, 2.826433334171256200 ) ) ;
#2576 = CARTESIAN_POINT ( 'NONE',  ( -1.105875672974086000, -1.524880996464624000E-014, 0.04375000000000060800 ) ) ;
#2577 = CARTESIAN_POINT ( 'NONE',  ( -1.530808498934212300E-016, -1.250000000000032400, -0.1250000000000018000 ) ) ;
#2578 = AXIS2_PLACEMENT_3D ( 'NONE', #159, #4227, #3206 ) ;
#2579 = ORIENTED_EDGE ( 'NONE', *, *, #2782, .F. ) ;
#2580 = LINE ( 'NONE', #593, #4215 ) ;
#2581 = CARTESIAN_POINT ( 'NONE',  ( 1.082531754730563300, 0.6249999999999922300, 0.08125000000000164000 ) ) ;
#2582 = CIRCLE ( 'NONE', #3934, 3.813281901587955800 ) ;
#2583 = CARTESIAN_POINT ( 'NONE',  ( 3.254155711007527000E-013, -1.120917176081784200, 0.4557760031369775300 ) ) ;
#2584 = CARTESIAN_POINT ( 'NONE',  ( 1.103625504730564100, -0.6371784822407435800, -0.4859375000000009100 ) ) ;
#2585 = B_SPLINE_CURVE_WITH_KNOTS ( 'NONE', 3,
 ( #1036, #3402, #2730, #3774, #3737, #2406, #3785, #357, #726, #2746, #40, #1738, #1748, #2778, #3441, #2093 ),
 .UNSPECIFIED., .F., .F.,
 ( 4, 3, 3, 3, 3, 4 ),
 ( 0.0000000000000000000, 1.219814803096914100E-005, 2.440086206468106700E-005, 3.654125650771345400E-005, 4.866310158167799000E-005, 5.319183911605386900E-005 ),
 .UNSPECIFIED. ) ;
#2586 = ORIENTED_EDGE ( 'NONE', *, *, #1614, .T. ) ;
#2587 = CARTESIAN_POINT ( 'NONE',  ( 0.0000000000000000000, 0.9577164262227556600, -1.418749999999999500 ) ) ;
#2588 = ORIENTED_EDGE ( 'NONE', *, *, #1426, .F. ) ;
#2589 = CARTESIAN_POINT ( 'NONE',  ( -1.246116233604790800, -0.1530139639948819300, 2.341249999999998700 ) ) ;
#2590 = CARTESIAN_POINT ( 'NONE',  ( 1.248810871069900400, -0.1718001023977900300, 2.501022145241205100 ) ) ;
#2591 = DIRECTION ( 'NONE',  ( -0.02078751127481450300, -0.1045058763748859400, 0.9943069954385902500 ) ) ;
#2592 = ORIENTED_EDGE ( 'NONE', *, *, #893, .F. ) ;
#2593 = CIRCLE ( 'NONE', #1450, 2.469999999999996200 ) ;
#2594 = ADVANCED_FACE ( 'NONE', ( #3940 ), #3328, .T. ) ;
#2595 = AXIS2_PLACEMENT_3D ( 'NONE', #721, #421, #2070 ) ;
#2596 = ORIENTED_EDGE ( 'NONE', *, *, #44, .T. ) ;
#2597 = CARTESIAN_POINT ( 'NONE',  ( 0.3594804923862297000, -0.4902707156080768300, 3.001276454878518200 ) ) ;
#2598 = CARTESIAN_POINT ( 'NONE',  ( 1.443375672974083900, -1.557478049124039500E-014, -0.01250000000000161200 ) ) ;
#2599 = AXIS2_PLACEMENT_3D ( 'NONE', #1770, #3853, #1092 ) ;
#2600 = CARTESIAN_POINT ( 'NONE',  ( 0.7216878364870393800, -1.250000000000036400, -0.5375000000000018700 ) ) ;
#2601 = CARTESIAN_POINT ( 'NONE',  ( 1.105875672974086000, -1.538189862037468900E-014, -1.081249999999999400 ) ) ;
#2602 = ORIENTED_EDGE ( 'NONE', *, *, #3980, .F. ) ;
#2603 = CARTESIAN_POINT ( 'NONE',  ( -1.105875672974086000, -1.497326443483808300E-014, -2.206249999999999400 ) ) ;
#2604 = VERTEX_POINT ( 'NONE', #517 ) ;
#2605 = ORIENTED_EDGE ( 'NONE', *, *, #3754, .T. ) ;
#2606 = CARTESIAN_POINT ( 'NONE',  ( -1.242138479636186700, -0.1542132638072931900, 2.341249999999998700 ) ) ;
#2607 = EDGE_CURVE ( 'NONE', #1829, #4250, #2030, .T. ) ;
#2608 = CARTESIAN_POINT ( 'NONE',  ( -0.9735875115421714900, 0.1448516224704907200, 0.03933935563851585800 ) ) ;
#2609 = CARTESIAN_POINT ( 'NONE',  ( -0.2008537722821475100, -0.4849039010973557100, 3.049999999999998900 ) ) ;
#2610 = CARTESIAN_POINT ( 'NONE',  ( 0.4930924560940420600, -0.3623022328722012600, 3.036353838831116600 ) ) ;
#2611 = CARTESIAN_POINT ( 'NONE',  ( 0.8633221105560781000, 0.2184290902842105400, 2.944667330124168400 ) ) ;
#2612 = CARTESIAN_POINT ( 'NONE',  ( -0.5529378364870428700, 0.9577164262227553200, 0.8687500000000005800 ) ) ;
#2613 = DIRECTION ( 'NONE',  ( -0.0000000000000000000, -1.224646799147353200E-016, 1.000000000000000000 ) ) ;
#2614 = DIRECTION ( 'NONE',  ( 0.3826834323650955500, -0.9238795325112843000, -0.0000000000000000000 ) ) ;
#2615 = CARTESIAN_POINT ( 'NONE',  ( 0.8507067466786051300, 0.1550073732554533300, 2.341249999999998700 ) ) ;
#2616 = CARTESIAN_POINT ( 'NONE',  ( -0.2060021965571613400, 1.279036433589172400, 2.826433334171256600 ) ) ;
#2617 = CARTESIAN_POINT ( 'NONE',  ( 0.0000000000000000000, 0.9577164262227554300, -0.5187499999999994900 ) ) ;
#2618 = DIRECTION ( 'NONE',  ( -0.0000000000000000000, -1.224646799147353000E-016, 1.000000000000000000 ) ) ;
#2619 = CARTESIAN_POINT ( 'NONE',  ( -1.530808498934212300E-016, -1.250000000000032000, -1.925000000000001600 ) ) ;
#2620 = CARTESIAN_POINT ( 'NONE',  ( -0.9264888616259030500, 0.3153284562535778000, 0.02242424698691122500 ) ) ;
#2621 = CARTESIAN_POINT ( 'NONE',  ( 0.0000000000000000000, 2.426396148102945500, 2.179569205508502500 ) ) ;
#2622 = CARTESIAN_POINT ( 'NONE',  ( -1.278769920465362000, 0.2056980069268834200, 2.823539163165361500 ) ) ;
#2623 = CARTESIAN_POINT ( 'NONE',  ( -0.5529378364870428700, 0.9577164262227556600, -0.4812499999999992900 ) ) ;
#2624 = CARTESIAN_POINT ( 'NONE',  ( 1.471500672974085600, -1.519934970687678600E-014, -3.120312499999998900 ) ) ;
#2625 = LINE ( 'NONE', #1547, #745 ) ;
#2626 = DIRECTION ( 'NONE',  ( 0.07992773943613237800, -0.07992773943613261400, 0.9935910189495774600 ) ) ;
#2627 = CARTESIAN_POINT ( 'NONE',  ( 0.7216878364870403800, -1.250000000000033500, -2.731249999999998000 ) ) ;
#2628 = CARTESIAN_POINT ( 'NONE',  ( 1.235081913146779600, 0.1550073732554530800, 2.341249999999998700 ) ) ;
#2629 = CARTESIAN_POINT ( 'NONE',  ( 1.103625504730564800, 0.6371784822407117200, 0.03906249999999916700 ) ) ;
#2630 = VERTEX_POINT ( 'NONE', #1642 ) ;
#2631 = CARTESIAN_POINT ( 'NONE',  ( 0.0000000000000000000, 1.274356964481440300, -0.7578124999999988900 ) ) ;
#2632 = EDGE_CURVE ( 'NONE', #45, #1111, #4090, .T. ) ;
#2633 = CARTESIAN_POINT ( 'NONE',  ( -0.8294067547305646900, -0.4788582131114001400, -2.675000000000000300 ) ) ;
#2634 = CARTESIAN_POINT ( 'NONE',  ( -0.1411471484357623700, 1.262379981475681100, 2.341249999999998700 ) ) ;
#2635 = DIRECTION ( 'NONE',  ( -4.188538737677001000E-017, -0.3420201433256696000, 0.9396926207859082100 ) ) ;
#2636 = FACE_OUTER_BOUND ( 'NONE', #175, .T. ) ;
#2637 = ADVANCED_FACE ( 'NONE', ( #3676 ), #530, .F. ) ;
#2638 = CARTESIAN_POINT ( 'NONE',  ( 0.3623022328721993700, 0.4930924560940428400, 3.036353838831116600 ) ) ;
#2639 = CARTESIAN_POINT ( 'NONE',  ( -1.172864355864558400E-016, -0.9577164262227860800, -0.2937499999999994600 ) ) ;
#2640 = B_SPLINE_CURVE_WITH_KNOTS ( 'NONE', 3,
 ( #877, #2238, #215, #2196 ),
 .UNSPECIFIED., .F., .F.,
 ( 4, 4 ),
 ( 0.0000000000000000000, 9.199215145254890300E-005 ),
 .UNSPECIFIED. ) ;
#2641 = CARTESIAN_POINT ( 'NONE',  ( 1.105875672974086000, -1.526479177020622400E-014, -2.037500000000000100 ) ) ;
#2642 = CARTESIAN_POINT ( 'NONE',  ( 0.4317430704595436300, -0.3843201252600500500, 3.006521422144917900 ) ) ;
#2643 = CARTESIAN_POINT ( 'NONE',  ( -1.269490774112870900, 0.1237520465792122500, 2.341249999999998700 ) ) ;
#2644 = VERTEX_POINT ( 'NONE', #4358 ) ;
#2645 = FACE_OUTER_BOUND ( 'NONE', #1060, .T. ) ;
#2646 = CARTESIAN_POINT ( 'NONE',  ( -0.8294067547305645800, -0.4788582131114003100, -0.8187499999999994200 ) ) ;
#2647 = ORIENTED_EDGE ( 'NONE', *, *, #1542, .F. ) ;
#2648 = CARTESIAN_POINT ( 'NONE',  ( 0.8294067547305650200, 0.4788582131113692800, 0.6999999999999997300 ) ) ;
#2649 = CARTESIAN_POINT ( 'NONE',  ( 0.5529378364870435300, 0.9577164262227553200, -1.512500000000000600 ) ) ;
#2650 = ORIENTED_EDGE ( 'NONE', *, *, #600, .F. ) ;
#2651 =( BOUNDED_CURVE ( )  B_SPLINE_CURVE ( 2, ( #1383, #732, #4068, #50, #1062, #2774, #393 ),
 .UNSPECIFIED., .F., .F. ) 
 B_SPLINE_CURVE_WITH_KNOTS ( ( 3, 2, 2, 3 ),
 ( 0.3750000000000001100, 0.4166666666666667400, 0.4583333333333332600, 0.4999999999999998900 ),
 .UNSPECIFIED. ) 
 CURVE ( )  GEOMETRIC_REPRESENTATION_ITEM ( )  RATIONAL_B_SPLINE_CURVE ( ( 0.9999999999999996700, 0.8660254037844391500, 1.000000000000000000, 0.8660254037844388200, 1.000000000000000000, 0.8660254037844391500, 0.9999999999999996700 ) ) 
 REPRESENTATION_ITEM ( '' )  );
#2652 = CARTESIAN_POINT ( 'NONE',  ( -1.172864355864558400E-016, -0.9577164262227858500, -2.600000000000000500 ) ) ;
#2653 = CARTESIAN_POINT ( 'NONE',  ( 0.5834273944698641400, -0.9823684857327066300, 0.4875565211448622000 ) ) ;
#2654 = AXIS2_PLACEMENT_3D ( 'NONE', #2396, #1682, #4064 ) ;
#2655 = CARTESIAN_POINT ( 'NONE',  ( 0.1550073732554517200, 1.237619776296924800, 2.341249999999998700 ) ) ;
#2656 = CARTESIAN_POINT ( 'NONE',  ( 0.0000000000000000000, 1.139650773178640400E-015, 0.9499999999999990700 ) ) ;
#2657 = ORIENTED_EDGE ( 'NONE', *, *, #2907, .T. ) ;
#2658 = CARTESIAN_POINT ( 'NONE',  ( -1.105875672974086000, -1.519370085868460800E-014, -0.4062499999999993900 ) ) ;
#2659 = CARTESIAN_POINT ( 'NONE',  ( -0.7357503364870426900, 1.274356964481440800, -2.970312499999999000 ) ) ;
#2660 = CARTESIAN_POINT ( 'NONE',  ( -1.269637219277290500, 0.1222308907553451800, 2.341249999999998700 ) ) ;
#2661 = EDGE_CURVE ( 'NONE', #3189, #2915, #2680, .T. ) ;
#2662 = ORIENTED_EDGE ( 'NONE', *, *, #374, .T. ) ;
#2663 = ADVANCED_FACE ( 'NONE', ( #3052 ), #750, .T. ) ;
#2664 = CARTESIAN_POINT ( 'NONE',  ( 0.5529378364870427600, -0.9577164262227861900, -0.2562499999999995300 ) ) ;
#2665 = CARTESIAN_POINT ( 'NONE',  ( 0.5529378364870435300, 0.9577164262227549900, 0.7374999999999999300 ) ) ;
#2666 = CARTESIAN_POINT ( 'NONE',  ( 0.8294067547305643600, -0.4788582131114009800, -1.625000000000000400 ) ) ;
#2667 = EDGE_CURVE ( 'NONE', #2009, #1424, #25, .T. ) ;
#2668 = ORIENTED_EDGE ( 'NONE', *, *, #3868, .F. ) ;
#2669 = CARTESIAN_POINT ( 'NONE',  ( 0.0000000000000000000, 1.250000000000001300, -0.2937499999999981800 ) ) ;
#2670 = CARTESIAN_POINT ( 'NONE',  ( 0.0000000000000000000, 0.9577164262227555500, -0.5187499999999992700 ) ) ;
#2671 = CARTESIAN_POINT ( 'NONE',  ( -1.105875672974086000, -1.502148490255451100E-014, -1.812500000000000200 ) ) ;
#2672 = CARTESIAN_POINT ( 'NONE',  ( -0.8376118198395184900, 0.4643567511321784500, 0.007385628061355903000 ) ) ;
#2673 = CARTESIAN_POINT ( 'NONE',  ( -0.1556622892668978500, -1.244872128294498800, -2.773877871705449700 ) ) ;
#2674 = ORIENTED_EDGE ( 'NONE', *, *, #1004, .T. ) ;
#2675 = CARTESIAN_POINT ( 'NONE',  ( 0.1550073732554541600, 1.432595834935958900E-015, 2.341249999999998700 ) ) ;
#2676 = CARTESIAN_POINT ( 'NONE',  ( 1.079454909794268500, -0.1011041122327344900, 0.3294057935263828300 ) ) ;
#2677 = CARTESIAN_POINT ( 'NONE',  ( 0.0000000000000000000, 0.9577164262227553200, 0.7749999999999999100 ) ) ;
#2678 = CYLINDRICAL_SURFACE ( 'NONE', #4275, 1.250000000000000200 ) ;
#2679 = APPROVAL_ROLE ( '' ) ;
#2680 = LINE ( 'NONE', #1339, #850 ) ;
#2681 = CARTESIAN_POINT ( 'NONE',  ( 0.1252669885663741900, 1.269248330896099100, 2.341249999999998700 ) ) ;
#2682 = AXIS2_PLACEMENT_3D ( 'NONE', #3471, #3847, #1069 ) ;
#2683 = CARTESIAN_POINT ( 'NONE',  ( -1.172864355864558200E-016, -0.9577164262227857400, -1.700000000000000200 ) ) ;
#2684 = EDGE_CURVE ( 'NONE', #1464, #2767, #3359, .T. ) ;
#2685 = CARTESIAN_POINT ( 'NONE',  ( 0.2008537722821486000, -0.4849039010973561500, 3.049999999999998900 ) ) ;
#2686 = ORIENTED_EDGE ( 'NONE', *, *, #1486, .F. ) ;
#2687 = CARTESIAN_POINT ( 'NONE',  ( 0.2184290902842077100, -0.8633221105560791000, 2.944667330124167000 ) ) ;
#2688 = CIRCLE ( 'NONE', #320, 0.1249999999999992500 ) ;
#2689 = CARTESIAN_POINT ( 'NONE',  ( 1.253358770130405000, 0.1494142179930919000, 2.341249999999998700 ) ) ;
#2690 = CARTESIAN_POINT ( 'NONE',  ( 6.042316329546212100E-013, -1.026313499864549600, 0.1958545389327314700 ) ) ;
#2691 = ORIENTED_EDGE ( 'NONE', *, *, #4155, .F. ) ;
#2692 = CARTESIAN_POINT ( 'NONE',  ( -1.103625504730564300, -0.6371784822407425800, -0.6078124999999993100 ) ) ;
#2693 = EDGE_CURVE ( 'NONE', #196, #2893, #2062, .T. ) ;
#2694 = CARTESIAN_POINT ( 'NONE',  ( 0.5529378364870427600, -0.9577164262227860800, -1.156249999999999300 ) ) ;
#2695 = LINE ( 'NONE', #2794, #1671 ) ;
#2696 = CARTESIAN_POINT ( 'NONE',  ( 1.263738710651997700, 0.1886185796330391000, 2.661039267222441700 ) ) ;
#2697 = VERTEX_POINT ( 'NONE', #3670 ) ;
#2698 = FACE_OUTER_BOUND ( 'NONE', #868, .T. ) ;
#2699 = CARTESIAN_POINT ( 'NONE',  ( 0.4371760101403689400, -0.3063857869185281400, 2.341249999999998700 ) ) ;
#2700 = CARTESIAN_POINT ( 'NONE',  ( 0.1219187515627376100, 1.269361737438037000, 2.338356735238821000 ) ) ;
#2701 = ORIENTED_EDGE ( 'NONE', *, *, #4266, .T. ) ;
#2702 = CARTESIAN_POINT ( 'NONE',  ( -0.8507067466786042400, 0.1550073732554603000, 2.341249999999998700 ) ) ;
#2703 = CARTESIAN_POINT ( 'NONE',  ( -0.8294067547305644700, 0.4788582131113702200, -0.5000000000000002200 ) ) ;
#2704 = ORIENTED_EDGE ( 'NONE', *, *, #1277, .F. ) ;
#2705 = FACE_OUTER_BOUND ( 'NONE', #2026, .T. ) ;
#2706 = ORIENTED_EDGE ( 'NONE', *, *, #563, .F. ) ;
#2707 = CARTESIAN_POINT ( 'NONE',  ( 0.0000000000000000000, 1.629509492837581800E-015, -3.050000000000000700 ) ) ;
#2708 = CARTESIAN_POINT ( 'NONE',  ( -0.1822507305810622000, 1.311590164822790300, 2.812954681521257600 ) ) ;
#2709 = PRODUCT_DEFINITION_FORMATION_WITH_SPECIFIED_SOURCE ( 'ANY', '', #4166, .NOT_KNOWN. ) ;
#2710 = CARTESIAN_POINT ( 'NONE',  ( -0.8294067547305644700, 0.4788582131113702200, -0.4437499999999994800 ) ) ;
#2711 = CARTESIAN_POINT ( 'NONE',  ( 0.8757865865275681300, -0.8919068644530433500, -2.768750000000000300 ) ) ;
#2712 = VERTEX_POINT ( 'NONE', #31 ) ;
#2713 = ORIENTED_EDGE ( 'NONE', *, *, #2313, .T. ) ;
#2714 = VERTEX_POINT ( 'NONE', #4374 ) ;
#2715 = CARTESIAN_POINT ( 'NONE',  ( 0.1222308907553016900, -1.269637219277295300, 2.341249999999998700 ) ) ;
#2716 = CARTESIAN_POINT ( 'NONE',  ( 0.0000000000000000000, 0.9577164262227554300, -0.1250000000000001100 ) ) ;
#2717 = CARTESIAN_POINT ( 'NONE',  ( 0.0000000000000000000, 0.9577164262227554300, -0.06874999999999925600 ) ) ;
#2718 = CARTESIAN_POINT ( 'NONE',  ( 1.278769920465363300, -0.2056980069268750400, 2.823539163165360600 ) ) ;
#2719 = EDGE_CURVE ( 'NONE', #2210, #3660, #3424, .T. ) ;
#2720 = PLANE ( 'NONE',  #2654 ) ;
#2721 = CARTESIAN_POINT ( 'NONE',  ( 1.284705428667534300, -0.1393827559464280400, 2.500275633506742000 ) ) ;
#2722 = ORIENTED_EDGE ( 'NONE', *, *, #1167, .T. ) ;
#2723 = CARTESIAN_POINT ( 'NONE',  ( -5.595839056054534100E-016, -0.1550073732554518600, 2.341249999999998700 ) ) ;
#2724 = CARTESIAN_POINT ( 'NONE',  ( -1.105875672974086000, -1.513170311447776900E-014, -0.9125000000000000900 ) ) ;
#2725 = CARTESIAN_POINT ( 'NONE',  ( 0.4902707156080755000, 0.3594804923862309800, 3.001276454878520000 ) ) ;
#2726 = CARTESIAN_POINT ( 'NONE',  ( 1.287010502918506200, 0.2046405386763323900, 2.820656812240933700 ) ) ;
#2727 = CARTESIAN_POINT ( 'NONE',  ( -1.172864355864558200E-016, -0.9577164262227858500, -0.8000000000000001600 ) ) ;
#2728 = PLANE ( 'NONE',  #3964 ) ;
#2729 = CARTESIAN_POINT ( 'NONE',  ( 0.5529378364870427600, -0.9577164262227859700, -1.662500000000000100 ) ) ;
#2730 = CARTESIAN_POINT ( 'NONE',  ( 0.1303148325725479500, -1.268158330220140000, 2.341249999999998700 ) ) ;
#2731 = CARTESIAN_POINT ( 'NONE',  ( -1.082531754730562800, -0.6250000000000234300, 0.6999999999999986200 ) ) ;
#2732 = DIRECTION ( 'NONE',  ( -0.02078751127481440200, 0.1045058763748859000, -0.9943069954385901400 ) ) ;
#2733 = FACE_OUTER_BOUND ( 'NONE', #84, .T. ) ;
#2734 = CARTESIAN_POINT ( 'NONE',  ( -1.530808498934212000E-016, -1.250000000000032200, 0.7749999999999983600 ) ) ;
#2735 = DIRECTION ( 'NONE',  ( 0.07992773943613186400, -0.07992773943613296100, -0.9935910189495774600 ) ) ;
#2736 = CARTESIAN_POINT ( 'NONE',  ( -1.105875672974086000, -1.519370085868460800E-014, -0.4062499999999995000 ) ) ;
#2737 = CARTESIAN_POINT ( 'NONE',  ( 1.082531754730563300, 0.6249999999999921200, 0.4749999999999986500 ) ) ;
#2738 = AXIS2_PLACEMENT_3D ( 'NONE', #2707, #2021, #659 ) ;
#2739 = CARTESIAN_POINT ( 'NONE',  ( 1.123506958871554300, 0.3296482355850332600, 0.5663522129502294200 ) ) ;
#2740 = ORIENTED_EDGE ( 'NONE', *, *, #964, .F. ) ;
#2741 = CARTESIAN_POINT ( 'NONE',  ( 0.8294067547305642400, -0.4788582131114010300, -0.2750000000000003000 ) ) ;
#2742 = CARTESIAN_POINT ( 'NONE',  ( -1.082531754730562800, -0.6250000000000233100, 0.3062500000000015200 ) ) ;
#2743 = CARTESIAN_POINT ( 'NONE',  ( 0.0000000000000000000, 0.9577164262227557700, -2.318749999999999600 ) ) ;
#2744 = CARTESIAN_POINT ( 'NONE',  ( 1.105875672974086000, -1.537500998212948500E-014, -1.137500000000000000 ) ) ;
#2745 = EDGE_CURVE ( 'NONE', #3388, #634, #652, .T. ) ;
#2746 = CARTESIAN_POINT ( 'NONE',  ( 0.1512153416907170700, -1.249734985518729000, 2.341249999999998700 ) ) ;
#2747 = CARTESIAN_POINT ( 'NONE',  ( -0.1393827559464131700, -1.284705428667526400, 2.500275633506647800 ) ) ;
#2748 = LINE ( 'NONE', #2182, #3367 ) ;
#2749 = CARTESIAN_POINT ( 'NONE',  ( -1.530808498934212300E-016, -1.250000000000032000, -2.375000000000001800 ) ) ;
#2750 = EDGE_CURVE ( 'NONE', #1887, #3189, #2651, .T. ) ;
#2751 = CARTESIAN_POINT ( 'NONE',  ( -1.105875672974086000, -1.507659400851614300E-014, -1.362500000000000300 ) ) ;
#2752 = CARTESIAN_POINT ( 'NONE',  ( 1.105875672974086000, -1.548522819405274900E-014, -0.2375000000000001600 ) ) ;
#2753 = VERTEX_POINT ( 'NONE', #1042 ) ;
#2754 = VECTOR ( 'NONE', #4185, 1000.000000000000000 ) ;
#2755 = ORIENTED_EDGE ( 'NONE', *, *, #2304, .T. ) ;
#2756 = CARTESIAN_POINT ( 'NONE',  ( 1.103625504730564100, -0.6371784822407434700, -2.285937500000000600 ) ) ;
#2757 = ORIENTED_EDGE ( 'NONE', *, *, #2667, .T. ) ;
#2758 = CARTESIAN_POINT ( 'NONE',  ( 0.2388190340831439500, -0.7712360881032200900, 2.963638974742666100 ) ) ;
#2759 = CARTESIAN_POINT ( 'NONE',  ( -0.8294067547305646900, -0.4788582131114001400, -2.618749999999999500 ) ) ;
#2760 = B_SPLINE_CURVE_WITH_KNOTS ( 'NONE', 3,
 ( #28, #2078, #2747, #1053, #1022, #41, #79 ),
 .UNSPECIFIED., .F., .F.,
 ( 4, 3, 4 ),
 ( 0.0000000000000000000, 0.0002409841165500164100, 0.0004761570917998039300 ),
 .UNSPECIFIED. ) ;
#2761 = B_SPLINE_CURVE_WITH_KNOTS ( 'NONE', 3,
 ( #465, #1117, #2482, #1755, #3825, #1466, #773, #75, #1422, #86, #2456, #1436, #744, #3494, #1798, #3134, #2469, #422 ),
 .UNSPECIFIED., .F., .F.,
 ( 4, 2, 2, 2, 2, 2, 2, 2, 4 ),
 ( 0.004456454600016056300, 0.004882503953153896800, 0.005308553306291736500, 0.005734602659429577000, 0.006160652012567416700, 0.006586701365705256400, 0.007012750718843096900, 0.007438800071980935700, 0.007864849425118775400 ),
 .UNSPECIFIED. ) ;
#2762 = CARTESIAN_POINT ( 'NONE',  ( -0.2388190340831388100, 0.7712360881032200900, 2.963638974742667000 ) ) ;
#2763 = CARTESIAN_POINT ( 'NONE',  ( 0.5529378364870427600, -0.9577164262227861900, -0.2562499999999995300 ) ) ;
#2764 = CARTESIAN_POINT ( 'NONE',  ( -1.530808498934212000E-016, -1.250000000000032200, 0.7749999999999983600 ) ) ;
#2765 = CARTESIAN_POINT ( 'NONE',  ( 0.1847508701701512100, 1.310183160132769100, 2.813338666443586400 ) ) ;
#2766 = ORIENTED_EDGE ( 'NONE', *, *, #2304, .F. ) ;
#2767 = VERTEX_POINT ( 'NONE', #1369 ) ;
#2768 = CC_DESIGN_DATE_AND_TIME_ASSIGNMENT ( #2314, #4205, ( #2012 ) ) ;
#2769 = CARTESIAN_POINT ( 'NONE',  ( 0.0000000000000000000, 1.250000000000001600, -1.643749999999998300 ) ) ;
#2770 = CARTESIAN_POINT ( 'NONE',  ( 0.8294067547305649100, 0.4788582131113693900, -0.6500000000000001300 ) ) ;
#2771 = CARTESIAN_POINT ( 'NONE',  ( -0.1723466781936491800, 0.4160816879250662800, 2.341249999999998700 ) ) ;
#2772 = ORIENTED_EDGE ( 'NONE', *, *, #2079, .T. ) ;
#2773 = CARTESIAN_POINT ( 'NONE',  ( -1.560637177523352200E-016, -1.274356964481470700, -2.810937500000000500 ) ) ;
#2774 = CARTESIAN_POINT ( 'NONE',  ( 0.7216878364870434900, 1.249999999999999300, -2.187500000000000900 ) ) ;
#2775 = AXIS2_PLACEMENT_3D ( 'NONE', #2125, #3174, #3128 ) ;
#2776 = EDGE_CURVE ( 'NONE', #1291, #2604, #1410, .T. ) ;
#2777 = CARTESIAN_POINT ( 'NONE',  ( 0.8294067547305643600, -0.4788582131114009200, -2.018749999999999800 ) ) ;
#2778 = CARTESIAN_POINT ( 'NONE',  ( 0.1549112222113002100, -1.236613112625054100, 2.341249999999998700 ) ) ;
#2779 = DIRECTION ( 'NONE',  ( 0.0000000000000000000, -1.000000000000000000, -1.224646799147353200E-016 ) ) ;
#2780 =( BOUNDED_CURVE ( )  B_SPLINE_CURVE ( 2, ( #4265, #2235, #2937, #1579, #213, #2925, #2619 ),
 .UNSPECIFIED., .F., .T. ) 
 B_SPLINE_CURVE_WITH_KNOTS ( ( 3, 2, 2, 3 ),
 ( 0.4999999999999998900, 0.5416666666666666300, 0.5833333333333333700, 0.6250000000000001100 ),
 .UNSPECIFIED. ) 
 CURVE ( )  GEOMETRIC_REPRESENTATION_ITEM ( )  RATIONAL_B_SPLINE_CURVE ( ( 1.000000000000000400, 0.8660254037844384900, 1.000000000000000000, 0.8660254037844388200, 1.000000000000000000, 0.8660254037844384900, 1.000000000000000400 ) ) 
 REPRESENTATION_ITEM ( '' )  );
#2781 = ORIENTED_EDGE ( 'NONE', *, *, #98, .T. ) ;
#2782 = EDGE_CURVE ( 'NONE', #566, #1612, #3558, .T. ) ;
#2783 = CARTESIAN_POINT ( 'NONE',  ( 0.8188650685607297100, -0.1550073732554548800, 2.341249999999998700 ) ) ;
#2784 = DIRECTION ( 'NONE',  ( -0.0000000000000000000, -1.224646799147353000E-016, 1.000000000000000000 ) ) ;
#2785 = CARTESIAN_POINT ( 'NONE',  ( 1.277206810339322200, -0.1308086706284642400, 2.420759224679403000 ) ) ;
#2786 = CARTESIAN_POINT ( 'NONE',  ( 1.103625504730564800, 0.6371784822407118300, -1.310937500000000800 ) ) ;
#2787 = CARTESIAN_POINT ( 'NONE',  ( -0.04680652530280227800, 0.1130009481935886500, -0.7799584642923090800 ) ) ;
#2788 = FACE_OUTER_BOUND ( 'NONE', #350, .T. ) ;
#2789 =( BOUNDED_CURVE ( )  B_SPLINE_CURVE ( 2, ( #3838, #3460, #1073, #2502, #4142, #2799, #3163 ),
 .UNSPECIFIED., .F., .F. ) 
 B_SPLINE_CURVE_WITH_KNOTS ( ( 3, 2, 2, 3 ),
 ( 0.0000000000000000000, 0.04166666666666660900, 0.08333333333333332900, 0.1249999999999999300 ),
 .UNSPECIFIED. ) 
 CURVE ( )  GEOMETRIC_REPRESENTATION_ITEM ( )  RATIONAL_B_SPLINE_CURVE ( ( 1.000000000000000000, 0.8660254037844387100, 1.000000000000000000, 0.8660254037844387100, 1.000000000000000000, 0.8660254037844389300, 0.9999999999999997800 ) ) 
 REPRESENTATION_ITEM ( '' )  );
#2790 = CARTESIAN_POINT ( 'NONE',  ( -1.206977370062896300E-016, -0.9855718162193865000, 0.08391768308708048900 ) ) ;
#2791 = CARTESIAN_POINT ( 'NONE',  ( 0.7357503364870434700, 1.274356964481440100, -1.245312499999999200 ) ) ;
#2792 = CARTESIAN_POINT ( 'NONE',  ( -1.082531754730562800, 0.6249999999999934500, -1.625000000000001600 ) ) ;
#2793 = FACE_OUTER_BOUND ( 'NONE', #184, .T. ) ;
#2794 = CARTESIAN_POINT ( 'NONE',  ( 0.0000000000000000000, -1.249999999999999300, 3.049999999999998900 ) ) ;
#2795 = CARTESIAN_POINT ( 'NONE',  ( -0.5529378364870428700, 0.9577164262227554300, -0.08749999999999999400 ) ) ;
#2796 = VERTEX_POINT ( 'NONE', #2028 ) ;
#2797 = FACE_OUTER_BOUND ( 'NONE', #3175, .T. ) ;
#2798 = ORIENTED_EDGE ( 'NONE', *, *, #2344, .T. ) ;
#2799 = CARTESIAN_POINT ( 'NONE',  ( 0.7216878364870423800, -1.250000000000031300, -1.831249999999998000 ) ) ;
#2800 = CARTESIAN_POINT ( 'NONE',  ( 0.0000000000000000000, 0.9577164262227555500, -1.418749999999999500 ) ) ;
#2801 = CARTESIAN_POINT ( 'NONE',  ( 0.0000000000000000000, 1.274356964481440300, -1.207812499999999100 ) ) ;
#2802 = ORIENTED_EDGE ( 'NONE', *, *, #4190, .F. ) ;
#2803 = EDGE_CURVE ( 'NONE', #2001, #4247, #4059, .T. ) ;
#2804 = CARTESIAN_POINT ( 'NONE',  ( -1.530808498934212000E-016, -1.250000000000032000, -0.5187499999999984900 ) ) ;
#2805 = CARTESIAN_POINT ( 'NONE',  ( -0.1730352898829944600, 1.313705060252008200, 2.812633460563339800 ) ) ;
#2806 = FACE_OUTER_BOUND ( 'NONE', #1467, .T. ) ;
#2807 = ORIENTED_EDGE ( 'NONE', *, *, #170, .F. ) ;
#2808 = EDGE_LOOP ( 'NONE', ( #310, #2450, #138, #2395, #2379, #1358, #882, #3422, #616, #669, #858, #4290 ) ) ;
#2809 = VECTOR ( 'NONE', #3125, 1000.000000000000100 ) ;
#2810 = DIRECTION ( 'NONE',  ( 0.0000000000000000000, -1.000000000000000000, -1.224646799147353200E-016 ) ) ;
#2811 = AXIS2_PLACEMENT_3D ( 'NONE', #2166, #3186, #1502 ) ;
#2812 = CARTESIAN_POINT ( 'NONE',  ( 0.8294067547305650200, 0.4788582131113692200, 1.149999999999999500 ) ) ;
#2813 = CARTESIAN_POINT ( 'NONE',  ( 0.0000000000000000000, 1.274356964481440800, -3.035937500000000600 ) ) ;
#2814 = CARTESIAN_POINT ( 'NONE',  ( 0.5529378364870435300, 0.9577164262227556600, -2.806249999999999500 ) ) ;
#2815 = CARTESIAN_POINT ( 'NONE',  ( -1.530808498934212300E-016, -1.250000000000032200, -1.868749999999998400 ) ) ;
#2816 = ORIENTED_EDGE ( 'NONE', *, *, #1678, .F. ) ;
#2817 = CARTESIAN_POINT ( 'NONE',  ( 1.471500672974085400, -1.547489523668494000E-014, -0.8703124999999991600 ) ) ;
#2818 = CARTESIAN_POINT ( 'NONE',  ( -1.241144653201687000, 0.1633641910125863700, 2.420759809818775500 ) ) ;
#2819 = CARTESIAN_POINT ( 'NONE',  ( 1.259408983444587600, -0.1445212860132378300, 2.341249999999998700 ) ) ;
#2820 = CARTESIAN_POINT ( 'NONE',  ( -1.172864355864558400E-016, -0.9577164262227858500, -2.600000000000000500 ) ) ;
#2821 = ORIENTED_EDGE ( 'NONE', *, *, #1846, .T. ) ;
#2822 = VERTEX_POINT ( 'NONE', #1359 ) ;
#2823 = ADVANCED_FACE ( 'NONE', ( #3155 ), #3513, .T. ) ;
#2824 = DIRECTION ( 'NONE',  ( 0.0000000000000000000, -0.1045284632676537100, -0.9945218953682734000 ) ) ;
#2825 = CARTESIAN_POINT ( 'NONE',  ( 0.0000000000000000000, 0.9577164262227553200, 1.224999999999999900 ) ) ;
#2826 = EDGE_LOOP ( 'NONE', ( #4359, #784, #1185, #1352 ) ) ;
#2827 = CARTESIAN_POINT ( 'NONE',  ( 0.5529378364870435300, 0.9577164262227554300, -2.356249999999999300 ) ) ;
#2828 = AXIS2_PLACEMENT_3D ( 'NONE', #4248, #4291, #2514 ) ;
#2829 = CARTESIAN_POINT ( 'NONE',  ( -0.2184290902842019600, 0.8633221105560794400, 2.944667330124169300 ) ) ;
#2830 = CARTESIAN_POINT ( 'NONE',  ( -0.2054545788814301500, -1.281777026584839200, 2.822480735425057400 ) ) ;
#2831 = CARTESIAN_POINT ( 'NONE',  ( -1.256121895119492600, 0.1800798480297816100, 2.579798662772152500 ) ) ;
#2832 = CARTESIAN_POINT ( 'NONE',  ( 1.082531754730563300, 0.6249999999999922300, -0.3687499999999984700 ) ) ;
#2833 = CARTESIAN_POINT ( 'NONE',  ( -0.3063857869185215300, 0.4371760101403734900, 2.341249999999998700 ) ) ;
#2834 = CARTESIAN_POINT ( 'NONE',  ( 0.1888999846963049500, -1.264054039201087900, 2.663716657553655900 ) ) ;
#2835 = EDGE_CURVE ( 'NONE', #2436, #567, #328, .T. ) ;
#2836 = DIRECTION ( 'NONE',  ( 0.0000000000000000000, -1.000000000000000000, 0.0000000000000000000 ) ) ;
#2837 = EDGE_LOOP ( 'NONE', ( #1317, #819, #3509, #2807 ) ) ;
#2838 = CARTESIAN_POINT ( 'NONE',  ( -0.1885057450220958800, -1.295836517832782900, 2.659965717610784300 ) ) ;
#2839 = CARTESIAN_POINT ( 'NONE',  ( 0.5529378364870427600, -0.9577164262227863000, -0.3125000000000002200 ) ) ;
#2840 = FACE_OUTER_BOUND ( 'NONE', #3802, .T. ) ;
#2841 =( BOUNDED_CURVE ( )  B_SPLINE_CURVE ( 3, ( #2065, #1706, #2094, #2448 ),
 .UNSPECIFIED., .F., .F. ) 
 B_SPLINE_CURVE_WITH_KNOTS ( ( 4, 4 ),
 ( 2.946332657651817800, 3.336852649527769300 ),
 .UNSPECIFIED. ) 
 CURVE ( )  GEOMETRIC_REPRESENTATION_ITEM ( )  RATIONAL_B_SPLINE_CURVE ( ( 1.000000000000000000, 0.9873315052531760300, 0.9873315052531760300, 1.000000000000000000 ) ) 
 REPRESENTATION_ITEM ( '' )  );
#2842 = ADVANCED_FACE ( 'NONE', ( #2793 ), #2119, .T. ) ;
#2843 = DIRECTION ( 'NONE',  ( 1.000000000000000000, -6.341647364063620600E-016, -0.0000000000000000000 ) ) ;
#2844 = DIRECTION ( 'NONE',  ( -0.9188184237650768300, -0.3805870524817713300, -0.1045284632676537900 ) ) ;
#2845 = CARTESIAN_POINT ( 'NONE',  ( -1.248666166248821900, 0.1717217005255207200, 2.500276201254464600 ) ) ;
#2846 = CARTESIAN_POINT ( 'NONE',  ( 0.1550073732554490800, -1.233553727824349400, 2.341249999999998700 ) ) ;
#2847 = CARTESIAN_POINT ( 'NONE',  ( 0.0000000000000000000, 1.081333142207661300E-015, 1.426199594949188100 ) ) ;
#2848 = CARTESIAN_POINT ( 'NONE',  ( -0.8294067547305645800, 0.4788582131113705600, -2.750000000000000400 ) ) ;
#2849 = FACE_OUTER_BOUND ( 'NONE', #4050, .T. ) ;
#2850 = VECTOR ( 'NONE', #1428, 1000.000000000000100 ) ;
#2851 = CARTESIAN_POINT ( 'NONE',  ( 0.0000000000000000000, 1.250000000000001600, -1.643749999999998300 ) ) ;
#2852 = CARTESIAN_POINT ( 'NONE',  ( -1.103625504730564100, 0.6371784822407125000, 0.6390624999999995300 ) ) ;
#2853 = CARTESIAN_POINT ( 'NONE',  ( -0.5529378364870428700, 0.9577164262227554300, 0.3624999999999999900 ) ) ;
#2854 = ORIENTED_EDGE ( 'NONE', *, *, #122, .T. ) ;
#2855 = CARTESIAN_POINT ( 'NONE',  ( -1.105875672974086000, -1.497326443483808300E-014, -2.206249999999999400 ) ) ;
#2856 = CARTESIAN_POINT ( 'NONE',  ( 0.0000000000000000000, -1.163414459189984400E-016, 0.9499999999999990700 ) ) ;
#2857 = ORIENTED_EDGE ( 'NONE', *, *, #2137, .F. ) ;
#2858 = VECTOR ( 'NONE', #2556, 999.9999999999998900 ) ;
#2859 = ORIENTED_EDGE ( 'NONE', *, *, #900, .T. ) ;
#2860 = CARTESIAN_POINT ( 'NONE',  ( 0.0000000000000000000, -2.469999999999996600, 1.426199594949187900 ) ) ;
#2861 = EDGE_CURVE ( 'NONE', #2896, #3448, #532, .T. ) ;
#2862 = CARTESIAN_POINT ( 'NONE',  ( -0.1971579831030098900, 1.271286872466286700, 2.742286264057520700 ) ) ;
#2863 = DIRECTION ( 'NONE',  ( 0.0000000000000000000, -1.000000000000000000, -8.778964959396806000E-017 ) ) ;
#2864 = ORIENTED_EDGE ( 'NONE', *, *, #2719, .F. ) ;
#2865 = ADVANCED_FACE ( 'NONE', ( #1029 ), #1343, .T. ) ;
#2866 = AXIS2_PLACEMENT_3D ( 'NONE', #1265, #4298, #3644 ) ;
#2867 = EDGE_LOOP ( 'NONE', ( #143, #3552, #4086, #3530 ) ) ;
#2868 = CARTESIAN_POINT ( 'NONE',  ( 0.0000000000000000000, -1.249999999999999300, 3.049999999999998900 ) ) ;
#2869 = ORIENTED_EDGE ( 'NONE', *, *, #3215, .T. ) ;
#2870 = CARTESIAN_POINT ( 'NONE',  ( 0.8294067547305650200, 0.4788582131113695600, -1.493749999999999700 ) ) ;
#2871 = CARTESIAN_POINT ( 'NONE',  ( -1.183194384600333700, 0.1148410287057343400, 0.6139398311730527300 ) ) ;
#2872 = CARTESIAN_POINT ( 'NONE',  ( -1.530808498934212300E-016, -1.250000000000032200, -1.025000000000001900 ) ) ;
#2873 = B_SPLINE_CURVE_WITH_KNOTS ( 'NONE', 3,
 ( #3298, #1228, #1915, #4341, #2965, #613, #1571, #2245, #4306, #3634, #576, #1639, #546, #2261, #3668, #950 ),
 .UNSPECIFIED., .F., .F.,
 ( 4, 3, 3, 3, 3, 4 ),
 ( 5.542171721174504800E-018, 1.225381235565631600E-005, 2.448842148056117600E-005, 3.701309123690880800E-005, 4.990660403614539500E-005, 5.306242189644823900E-005 ),
 .UNSPECIFIED. ) ;
#2874 = CARTESIAN_POINT ( 'NONE',  ( 1.233277472397611900, 0.1547032788753083800, 2.338356735238821000 ) ) ;
#2875 = CARTESIAN_POINT ( 'NONE',  ( -0.8294067547305646900, -0.4788582131114005300, 0.5312500000000005600 ) ) ;
#2876 = DIRECTION ( 'NONE',  ( 0.1045284632676537100, 0.0000000000000000000, -0.9945218953682734000 ) ) ;
#2877 = CARTESIAN_POINT ( 'NONE',  ( 0.7216878364870410500, 1.250000000000002900, -1.737500000000000900 ) ) ;
#2878 = ADVANCED_FACE ( 'NONE', ( #2526 ), #1482, .T. ) ;
#2879 = CARTESIAN_POINT ( 'NONE',  ( -0.8294067547305646900, -0.4788582131114002000, -2.168749999999999700 ) ) ;
#2880 = CARTESIAN_POINT ( 'NONE',  ( -1.103625504730564500, -0.6371784822407426900, -0.6359375000000006000 ) ) ;
#2881 = EDGE_CURVE ( 'NONE', #2045, #3448, #2789, .T. ) ;
#2882 = CARTESIAN_POINT ( 'NONE',  ( 1.105875672974086000, -1.521657130248979900E-014, -2.431249999999999500 ) ) ;
#2883 = DIRECTION ( 'NONE',  ( 0.9188184237650771600, -0.3805870524817707700, -0.1045284632676538500 ) ) ;
#2884 = CARTESIAN_POINT ( 'NONE',  ( -1.105875672974086000, -1.535902817656950100E-014, 0.9437500000000005300 ) ) ;
#2885 = CARTESIAN_POINT ( 'NONE',  ( -1.172864355864558400E-016, -0.9577164262227858500, -2.149999999999999900 ) ) ;
#2886 = CYLINDRICAL_SURFACE ( 'NONE', #409, 1.250000000000000200 ) ;
#2887 = EDGE_CURVE ( 'NONE', #827, #3593, #2761, .T. ) ;
#2888 = FACE_OUTER_BOUND ( 'NONE', #1429, .T. ) ;
#2889 = CARTESIAN_POINT ( 'NONE',  ( -0.1414088078200645700, -1.262171892731056100, 2.341249999999998700 ) ) ;
#2890 = CARTESIAN_POINT ( 'NONE',  ( 0.1734033168550273300, -0.7582240929255367200, 2.341249999999998700 ) ) ;
#2891 = CARTESIAN_POINT ( 'NONE',  ( -0.7357503364870426900, 1.274356964481440500, -1.648437500000000200 ) ) ;
#2892 = ORIENTED_EDGE ( 'NONE', *, *, #3464, .F. ) ;
#2893 = VERTEX_POINT ( 'NONE', #756 ) ;
#2894 = CARTESIAN_POINT ( 'NONE',  ( -1.172864355864558400E-016, -0.9577164262227857400, -3.050000000000000300 ) ) ;
#2895 = ORIENTED_EDGE ( 'NONE', *, *, #1362, .F. ) ;
#2896 = VERTEX_POINT ( 'NONE', #3148 ) ;
#2897 = CARTESIAN_POINT ( 'NONE',  ( -1.172864355864558400E-016, -0.9577164262227857400, -3.050000000000000300 ) ) ;
#2898 = CARTESIAN_POINT ( 'NONE',  ( -0.5529378364870428700, 0.9577164262227554300, -0.03124999999999926800 ) ) ;
#2899 = COORDINATED_UNIVERSAL_TIME_OFFSET ( 6, 0, .BEHIND. ) ;
#2900 = CARTESIAN_POINT ( 'NONE',  ( 0.5529378364870435300, 0.9577164262227554300, -1.962500000000000400 ) ) ;
#2901 = ORIENTED_EDGE ( 'NONE', *, *, #3002, .T. ) ;
#2902 = CYLINDRICAL_SURFACE ( 'NONE', #3180, 0.2429999999999999900 ) ;
#2903 = DIRECTION ( 'NONE',  ( -0.9945218953682732900, 1.307172088632008900E-016, -0.1045284632676536900 ) ) ;
#2904 = EDGE_LOOP ( 'NONE', ( #954, #1980, #2668, #2103 ) ) ;
#2905 = CARTESIAN_POINT ( 'NONE',  ( 0.2295000000000026200, -1.320353048009712500E-015, 3.049999999999998900 ) ) ;
#2906 = ORIENTED_EDGE ( 'NONE', *, *, #479, .F. ) ;
#2907 = EDGE_CURVE ( 'NONE', #3788, #45, #3097, .T. ) ;
#2908 = CARTESIAN_POINT ( 'NONE',  ( 0.7216878364870449300, 1.249999999999997100, -0.3875000000000015700 ) ) ;
#2909 = CARTESIAN_POINT ( 'NONE',  ( -1.103625504730564300, 0.6371784822407128300, -1.160937500000000600 ) ) ;
#2910 = CARTESIAN_POINT ( 'NONE',  ( 0.8294067547305643600, -0.4788582131114009200, -2.018749999999999800 ) ) ;
#2911 = CARTESIAN_POINT ( 'NONE',  ( -0.5529378364870428700, 0.9577164262227557700, -3.237499999999999400 ) ) ;
#2912 = EDGE_CURVE ( 'NONE', #2969, #1522, #2593, .T. ) ;
#2913 =( BOUNDED_CURVE ( )  B_SPLINE_CURVE ( 2, ( #3645, #1900, #191, #2267, #2241, #3977, #2577 ),
 .UNSPECIFIED., .F., .F. ) 
 B_SPLINE_CURVE_WITH_KNOTS ( ( 3, 2, 2, 3 ),
 ( 0.7499999999999997800, 0.7916666666666664100, 0.8333333333333330400, 0.8749999999999996700 ),
 .UNSPECIFIED. ) 
 CURVE ( )  GEOMETRIC_REPRESENTATION_ITEM ( )  RATIONAL_B_SPLINE_CURVE ( ( 1.000000000000000700, 0.8660254037844380400, 1.000000000000000000, 0.8660254037844387100, 1.000000000000000000, 0.8660254037844398200, 0.9999999999999988900 ) ) 
 REPRESENTATION_ITEM ( '' )  );
#2914 = ORIENTED_EDGE ( 'NONE', *, *, #592, .T. ) ;
#2915 = VERTEX_POINT ( 'NONE', #815 ) ;
#2916 = CARTESIAN_POINT ( 'NONE',  ( 0.5855751098471115900, -0.5855751098471153600, 3.010953422257076200 ) ) ;
#2917 = CARTESIAN_POINT ( 'NONE',  ( 1.443375672974083400, -1.535434406739387000E-014, -1.812500000000000900 ) ) ;
#2918 = ADVANCED_FACE ( 'NONE', ( #2384 ), #3415, .T. ) ;
#2919 = CARTESIAN_POINT ( 'NONE',  ( 0.8294067547305649100, 0.4788582131113693400, -0.1437499999999995700 ) ) ;
#2920 = B_SPLINE_CURVE_WITH_KNOTS ( 'NONE', 3,
 ( #1272, #3654, #2999, #2346 ),
 .UNSPECIFIED., .F., .F.,
 ( 4, 4 ),
 ( 0.0004253546958112224600, 0.0005104786171451384600 ),
 .UNSPECIFIED. ) ;
#2921 = CARTESIAN_POINT ( 'NONE',  ( -0.8294067547305645800, 0.4788582131113706100, -3.200000000000000200 ) ) ;
#2922 = ORIENTED_EDGE ( 'NONE', *, *, #4320, .T. ) ;
#2923 = CC_DESIGN_APPROVAL ( #1835, ( #2709 ) ) ;
#2924 = PRODUCT_DEFINITION_SHAPE ( 'NONE', 'NONE',  #1013 ) ;
#2925 = CARTESIAN_POINT ( 'NONE',  ( -0.7216878364870409300, -1.250000000000033100, -1.962500000000000800 ) ) ;
#2926 = CARTESIAN_POINT ( 'NONE',  ( 0.0000000000000000000, 1.250000000000001600, 0.09999999999999877000 ) ) ;
#2927 = DIRECTION ( 'NONE',  ( 0.0000000000000000000, -0.9945218953682731800, -0.1045284632676547100 ) ) ;
#2928 = CARTESIAN_POINT ( 'NONE',  ( 1.082531754730562400, -0.6250000000000242000, 0.006250000000001455800 ) ) ;
#2929 = DIRECTION ( 'NONE',  ( -0.9945218953682732900, 1.106055567667032100E-014, -0.1045284632676538200 ) ) ;
#2930 = LINE ( 'NONE', #2723, #3150 ) ;
#2931 = CARTESIAN_POINT ( 'NONE',  ( 0.0000000000000000000, -1.163414459189984400E-016, 0.9499999999999990700 ) ) ;
#2932 = CARTESIAN_POINT ( 'NONE',  ( -0.1885057450220747100, 1.295836517832731600, 2.659965717610782500 ) ) ;
#2933 = CARTESIAN_POINT ( 'NONE',  ( -0.5529378364870433100, -0.9577164262227855200, -1.681249999999999500 ) ) ;
#2934 = EDGE_CURVE ( 'NONE', #81, #2168, #2002, .T. ) ;
#2935 = CARTESIAN_POINT ( 'NONE',  ( 0.8294067547305643600, -0.4788582131114008700, -2.525000000000000400 ) ) ;
#2936 = VECTOR ( 'NONE', #119, 999.9999999999998900 ) ;
#2937 = CARTESIAN_POINT ( 'NONE',  ( -1.082531754730562800, 0.6249999999999934500, -2.075000000000001500 ) ) ;
#2938 = CARTESIAN_POINT ( 'NONE',  ( 0.3025805924599673200, -1.095591541919467500, 0.4710646900819263100 ) ) ;
#2939 = CARTESIAN_POINT ( 'NONE',  ( 0.0000000000000000000, 0.9577164262227556600, -1.925000000000000300 ) ) ;
#2940 = DIRECTION ( 'NONE',  ( 0.0000000000000000000, 0.0000000000000000000, -1.000000000000000000 ) ) ;
#2941 = CARTESIAN_POINT ( 'NONE',  ( -1.105875672974086000, -1.530391907060786900E-014, 0.4937500000000006300 ) ) ;
#2942 = CYLINDRICAL_SURFACE ( 'NONE', #3040, 1.250000000000000200 ) ;
#2943 = CARTESIAN_POINT ( 'NONE',  ( -1.103625504730564500, -0.6371784822407424700, -3.307812499999998900 ) ) ;
#2944 = CARTESIAN_POINT ( 'NONE',  ( -1.530808498934212000E-016, -1.250000000000032000, -0.06874999999999863200 ) ) ;
#2945 = CARTESIAN_POINT ( 'NONE',  ( 0.3063857869185248600, -0.4371760101403718300, 2.341249999999998700 ) ) ;
#2946 = CARTESIAN_POINT ( 'NONE',  ( 0.8851895949761738900, 0.6032561100702321700, -2.955707603054752700 ) ) ;
#2947 = VECTOR ( 'NONE', #2138, 1000.000000000000000 ) ;
#2948 = CARTESIAN_POINT ( 'NONE',  ( 0.1393827559464130800, 1.284705428667526600, 2.500275633506647800 ) ) ;
#2949 = CARTESIAN_POINT ( 'NONE',  ( 1.105875672974086000, -1.516146219652816700E-014, -2.881250000000000100 ) ) ;
#2950 = CALENDAR_DATE ( 2022, 2, 12 ) ;
#2951 = ORIENTED_EDGE ( 'NONE', *, *, #4266, .F. ) ;
#2952 = CARTESIAN_POINT ( 'NONE',  ( -1.235081913146779600, -0.1550073732554536600, 2.341249999999998700 ) ) ;
#2953 = CARTESIAN_POINT ( 'NONE',  ( 3.254155711007527000E-013, -1.120917176081784200, 0.4557760031369775300 ) ) ;
#2954 = ORIENTED_EDGE ( 'NONE', *, *, #4204, .T. ) ;
#2955 =( BOUNDED_CURVE ( )  B_SPLINE_CURVE ( 2, ( #4252, #4311, #3623, #3941, #3917, #887, #1908 ),
 .UNSPECIFIED., .F., .T. ) 
 B_SPLINE_CURVE_WITH_KNOTS ( ( 3, 2, 2, 3 ),
 ( 0.1370787739819791000, 0.1666666666666666600, 0.2083333333333334300, 0.2500000000000001100 ),
 .UNSPECIFIED. ) 
 CURVE ( )  GEOMETRIC_REPRESENTATION_ITEM ( )  RATIONAL_B_SPLINE_CURVE ( ( 0.9448415789658717300, 0.9048633765927911500, 1.000000000000000000, 0.8660254037844387100, 1.000000000000000000, 0.8660254037844383700, 1.000000000000000400 ) ) 
 REPRESENTATION_ITEM ( '' )  );
#2956 = AXIS2_PLACEMENT_3D ( 'NONE', #3497, #2470, #791 ) ;
#2957 = CARTESIAN_POINT ( 'NONE',  ( -0.8633221105560779900, -0.2184290902842113100, 2.944667330124168400 ) ) ;
#2958 = CARTESIAN_POINT ( 'NONE',  ( -1.113227317988031900, -0.5478194655910787500, 0.7619487939187997700 ) ) ;
#2959 = ORIENTED_EDGE ( 'NONE', *, *, #1161, .T. ) ;
#2960 = CARTESIAN_POINT ( 'NONE',  ( -0.5529378364870428700, 0.9577164262227554300, -0.03124999999999926800 ) ) ;
#2961 = CARTESIAN_POINT ( 'NONE',  ( 0.5529378364870435300, 0.9577164262227554300, -1.962500000000000100 ) ) ;
#2962 = DIRECTION ( 'NONE',  ( 0.9945218953682732900, 0.0000000000000000000, -0.1045284632676529000 ) ) ;
#2963 = CARTESIAN_POINT ( 'NONE',  ( -1.262171892731054600, 0.1414088078200770900, 2.341249999999998700 ) ) ;
#2964 = EDGE_CURVE ( 'NONE', #3118, #754, #1202, .T. ) ;
#2965 = CARTESIAN_POINT ( 'NONE',  ( -1.308410141326693100, 0.1883974186025986800, 2.813799301339762900 ) ) ;
#2966 = ADVANCED_FACE ( 'NONE', ( #556 ), #1780, .F. ) ;
#2967 = CARTESIAN_POINT ( 'NONE',  ( 1.246116233604790600, 0.1530139639948813200, 2.341249999999998700 ) ) ;
#2968 = CARTESIAN_POINT ( 'NONE',  ( -0.7357503364870433500, -1.274356964481471000, -0.1484375000000009700 ) ) ;
#2969 = VERTEX_POINT ( 'NONE', #1484 ) ;
#2970 = CARTESIAN_POINT ( 'NONE',  ( -1.471500672974085400, -1.530736338973047400E-014, 0.7046875000000005800 ) ) ;
#2971 = CARTESIAN_POINT ( 'NONE',  ( 1.105875672974086000, -1.532678951441306000E-014, -1.531249999999999600 ) ) ;
#2972 =( BOUNDED_SURFACE ( )  B_SPLINE_SURFACE ( 1, 2, ( 
 ( #1123, #1833, #1442, #1803, #3485, #123, #1137, #3511, #1098, #4199, #4212, #3543, #1530, #2898, #1515, #2576, #1869, #149, #1855, #3901, #187, #847, #3883, #2528, #3240, #481, #2195, #835, #2875, #822, #1847, #4243, #1199, #3208, #1169, #4229, #160, #2549, #496, #2884, #1543, #3227, #3919, #513, #1182, #2212, #4254, #171, #3556 ),
 ( #2563, #3569, #2224, #354, #3755, #3696, #1782, #2839, #3809, #1794, #1087, #3865, #102, #2795, #444, #419, #2154, #408, #3505, #1822, #800, #432, #788, #3177, #3158, #2853, #3489, #2453, #4180, #2139, #3474, #1126, #3457, #3849, #1477, #1115, #1101, #2171, #1807, #1462, #4203, #742, #3835, #3131, #1446, #3821, #2812, #1433, #2825 ) ),
 .UNSPECIFIED., .F., .F., .F. ) 
 B_SPLINE_SURFACE_WITH_KNOTS ( ( 2, 2 ),
 ( 3, 2, 2, 2, 2, 2, 2, 2, 2, 2, 2, 2, 2, 2, 2, 2, 2, 2, 2, 2, 2, 2, 2, 2, 3 ),
 ( 0.0000000000000000000, 1.000000000000000000 ),
 ( 0.0000000000000000000, 0.04166666666666666400, 0.08333333333333332900, 0.1250000000000000000, 0.1666666666666666600, 0.2083333333333333400, 0.2500000000000000000, 0.2916666666666666900, 0.3333333333333333100, 0.3750000000000000000, 0.4166666666666666900, 0.4583333333333333100, 0.5000000000000000000, 0.5416666666666666300, 0.5833333333333333700, 0.6250000000000000000, 0.6666666666666666300, 0.7083333333333333700, 0.7500000000000000000, 0.7916666666666666300, 0.8333333333333333700, 0.8750000000000000000, 0.9166666666666666300, 0.9583333333333333700, 1.000000000000000000 ),
 .UNSPECIFIED. ) 
 GEOMETRIC_REPRESENTATION_ITEM ( )  RATIONAL_B_SPLINE_SURFACE ( (
 ( 1.000000000000000000, 0.8660254037844387100, 1.000000000000000000, 0.8660254037844387100, 1.000000000000000000, 0.8660254037844387100, 1.000000000000000000, 0.8660254037844387100, 1.000000000000000000, 0.8660254037844387100, 1.000000000000000000, 0.8660254037844387100, 1.000000000000000000, 0.8660254037844387100, 1.000000000000000000, 0.8660254037844387100, 1.000000000000000000, 0.8660254037844387100, 1.000000000000000000, 0.8660254037844387100, 1.000000000000000000, 0.8660254037844387100, 1.000000000000000000, 0.8660254037844387100, 1.000000000000000000, 0.8660254037844387100, 1.000000000000000000, 0.8660254037844387100, 1.000000000000000000, 0.8660254037844387100, 1.000000000000000000, 0.8660254037844387100, 1.000000000000000000, 0.8660254037844387100, 1.000000000000000000, 0.8660254037844387100, 1.000000000000000000, 0.8660254037844387100, 1.000000000000000000, 0.8660254037844387100, 1.000000000000000000, 0.8660254037844387100, 1.000000000000000000, 0.8660254037844387100, 1.000000000000000000, 0.8660254037844387100, 1.000000000000000000, 0.8660254037844387100, 1.000000000000000000),
 ( 1.000000000000000000, 0.8660254037844387100, 1.000000000000000000, 0.8660254037844387100, 1.000000000000000000, 0.8660254037844387100, 1.000000000000000000, 0.8660254037844387100, 1.000000000000000000, 0.8660254037844387100, 1.000000000000000000, 0.8660254037844387100, 1.000000000000000000, 0.8660254037844387100, 1.000000000000000000, 0.8660254037844387100, 1.000000000000000000, 0.8660254037844387100, 1.000000000000000000, 0.8660254037844387100, 1.000000000000000000, 0.8660254037844387100, 1.000000000000000000, 0.8660254037844387100, 1.000000000000000000, 0.8660254037844387100, 1.000000000000000000, 0.8660254037844387100, 1.000000000000000000, 0.8660254037844387100, 1.000000000000000000, 0.8660254037844387100, 1.000000000000000000, 0.8660254037844387100, 1.000000000000000000, 0.8660254037844387100, 1.000000000000000000, 0.8660254037844387100, 1.000000000000000000, 0.8660254037844387100, 1.000000000000000000, 0.8660254037844387100, 1.000000000000000000, 0.8660254037844387100, 1.000000000000000000, 0.8660254037844387100, 1.000000000000000000, 0.8660254037844387100, 1.000000000000000000) ) ) 
 REPRESENTATION_ITEM ( '' )  SURFACE ( )  );
#2973 = ORIENTED_EDGE ( 'NONE', *, *, #3526, .F. ) ;
#2974 = CARTESIAN_POINT ( 'NONE',  ( 0.8294067547305643600, -0.4788582131114008700, -2.525000000000000400 ) ) ;
#2975 = AXIS2_PLACEMENT_3D ( 'NONE', #2656, #3007, #4300 ) ;
#2976 = CARTESIAN_POINT ( 'NONE',  ( -0.1222308907552928500, 1.269637219277295800, 2.341249999999998700 ) ) ;
#2977 = CARTESIAN_POINT ( 'NONE',  ( -1.530808498934212300E-016, -1.250000000000032000, -1.475000000000001600 ) ) ;
#2978 = CARTESIAN_POINT ( 'NONE',  ( -0.9080456021954401700, 0.8082519603133477800, 0.6923374170670751900 ) ) ;
#2979 = CARTESIAN_POINT ( 'NONE',  ( -0.8294067547305646900, -0.4788582131114005300, 0.5312500000000005600 ) ) ;
#2980 = CARTESIAN_POINT ( 'NONE',  ( 0.8294067547305643600, -0.4788582131114009800, -1.625000000000000400 ) ) ;
#2981 = CARTESIAN_POINT ( 'NONE',  ( 0.1646778842149736700, -1.306577487283391500, 2.735016119487653900 ) ) ;
#2982 = CARTESIAN_POINT ( 'NONE',  ( -0.3623022328721992600, -0.4930924560940438400, 3.036353838831116600 ) ) ;
#2983 = CARTESIAN_POINT ( 'NONE',  ( 0.2254397454448588400, -0.9575449623714911200, -3.044059994086628000 ) ) ;
#2984 = CARTESIAN_POINT ( 'NONE',  ( -1.530808498934192100E-016, -1.250000000000000400, 0.8104281470917129600 ) ) ;
#2985 = CARTESIAN_POINT ( 'NONE',  ( -0.5529378364870428700, 0.9577164262227556600, -1.381249999999999200 ) ) ;
#2986 = CARTESIAN_POINT ( 'NONE',  ( 1.103625504730564500, 0.6371784822407116100, 0.06718750000000084400 ) ) ;
#2987 = CARTESIAN_POINT ( 'NONE',  ( 1.105875672974086000, -1.526479177020622400E-014, -2.037500000000000100 ) ) ;
#2988 = CARTESIAN_POINT ( 'NONE',  ( -0.8294067547305645800, 0.4788582131113705600, -2.750000000000000400 ) ) ;
#2989 = CARTESIAN_POINT ( 'NONE',  ( -1.593020556330873700E-016, -1.300799999999997300, 0.9499999999999989600 ) ) ;
#2990 = CARTESIAN_POINT ( 'NONE',  ( -7.495681943138382800E-017, -2.817140757354596900E-015, 2.341249999999998700 ) ) ;
#2991 = DIRECTION ( 'NONE',  ( 0.07992773943613223900, 0.07992773943613258600, 0.9935910189495774600 ) ) ;
#2992 = CARTESIAN_POINT ( 'NONE',  ( -0.8294067547305645800, 0.4788582131113702200, 0.006250000000000721100 ) ) ;
#2993 = CARTESIAN_POINT ( 'NONE',  ( 1.471500672974085600, -1.525445881283842100E-014, -2.670312499999999200 ) ) ;
#2994 = VECTOR ( 'NONE', #4149, 1000.000000000000000 ) ;
#2995 = EDGE_CURVE ( 'NONE', #3118, #999, #3536, .T. ) ;
#2996 = CARTESIAN_POINT ( 'NONE',  ( 0.5529378364870435300, 0.9577164262227552100, -0.5562499999999994700 ) ) ;
#2997 = CARTESIAN_POINT ( 'NONE',  ( 1.443375672974083900, -1.525101449371581600E-014, -2.656249999999998200 ) ) ;
#2998 = CYLINDRICAL_SURFACE ( 'NONE', #926, 0.2430000000000000200 ) ;
#2999 = CARTESIAN_POINT ( 'NONE',  ( -0.6940402203731259600, -0.6659989640389334400, -3.050000000000000700 ) ) ;
#3000 = CARTESIAN_POINT ( 'NONE',  ( -0.1900795373798033200, 1.307328429416013700, 2.814105755506704800 ) ) ;
#3001 = CARTESIAN_POINT ( 'NONE',  ( 0.5529378364870427600, -0.9577164262227863000, 0.5874999999999996900 ) ) ;
#3002 = EDGE_CURVE ( 'NONE', #1681, #1834, #3426, .T. ) ;
#3003 = CARTESIAN_POINT ( 'NONE',  ( 0.8294067547305650200, 0.4788582131113696100, -2.000000000000000000 ) ) ;
#3004 = ORIENTED_EDGE ( 'NONE', *, *, #1486, .T. ) ;
#3005 = VECTOR ( 'NONE', #1654, 1000.000000000000000 ) ;
#3006 = CARTESIAN_POINT ( 'NONE',  ( 0.1550073732554517200, 1.233553727824348700, 2.341249999999998700 ) ) ;
#3007 = DIRECTION ( 'NONE',  ( -0.0000000000000000000, -1.224646799147353200E-016, 1.000000000000000000 ) ) ;
#3008 = VERTEX_POINT ( 'NONE', #3224 ) ;
#3009 = AXIS2_PLACEMENT_3D ( 'NONE', #3403, #1697, #15 ) ;
#3010 = CARTESIAN_POINT ( 'NONE',  ( 0.8294067547305643600, -0.4788582131114011400, 0.2312500000000004600 ) ) ;
#3011 = CALENDAR_DATE ( 2022, 2, 12 ) ;
#3012 = CARTESIAN_POINT ( 'NONE',  ( -0.8294067547305645800, 0.4788582131113704500, -1.850000000000000300 ) ) ;
#3013 = CARTESIAN_POINT ( 'NONE',  ( -1.280964105558763900, 0.1713891996906225200, 2.497112667129958800 ) ) ;
#3014 = CARTESIAN_POINT ( 'NONE',  ( -1.443375672974083900, -1.508348264676134400E-014, -1.137500000000001500 ) ) ;
#3015 = LINE ( 'NONE', #993, #1348 ) ;
#3016 = CARTESIAN_POINT ( 'NONE',  ( 1.297061345032948000, -0.2000316359821016600, 2.817295413065179500 ) ) ;
#3017 = ORIENTED_EDGE ( 'NONE', *, *, #3301, .F. ) ;
#3018 = FACE_OUTER_BOUND ( 'NONE', #2427, .T. ) ;
#3019 = ADVANCED_FACE ( 'NONE', ( #2705 ), #869, .T. ) ;
#3020 = CARTESIAN_POINT ( 'NONE',  ( 1.264748483051132000, 0.1376985440036935200, 2.341249999999998700 ) ) ;
#3021 = CARTESIAN_POINT ( 'NONE',  ( 0.5452744294275713200, -0.9017044721486052700, 0.2453309595151823000 ) ) ;
#3022 = ORIENTED_EDGE ( 'NONE', *, *, #3248, .T. ) ;
#3023 = ORIENTED_EDGE ( 'NONE', *, *, #1898, .F. ) ;
#3024 = CARTESIAN_POINT ( 'NONE',  ( -0.5529378364870428700, 0.9577164262227553200, 0.8124999999999998900 ) ) ;
#3025 = DIRECTION ( 'NONE',  ( -1.112148030946525900E-014, -1.000000000000000000, 0.0000000000000000000 ) ) ;
#3026 = VERTEX_POINT ( 'NONE', #2860 ) ;
#3027 = FACE_OUTER_BOUND ( 'NONE', #1820, .T. ) ;
#3028 = CARTESIAN_POINT ( 'NONE',  ( 0.4849039010973545900, -0.2008537722821496200, 3.049999999999998900 ) ) ;
#3029 = CARTESIAN_POINT ( 'NONE',  ( 0.8651502405362170300, -0.2276197203301051600, 3.032110333944721500 ) ) ;
#3030 = CARTESIAN_POINT ( 'NONE',  ( 0.1570016480148447300, 1.300044635131385900, 2.663716614311222800 ) ) ;
#3031 = CARTESIAN_POINT ( 'NONE',  ( 0.0000000000000000000, 1.300799999999996800, 0.9499999999999991800 ) ) ;
#3032 = CARTESIAN_POINT ( 'NONE',  ( 1.306031452862462600, -0.1917787331708239200, 2.814488090368563600 ) ) ;
#3033 = ORIENTED_EDGE ( 'NONE', *, *, #1024, .T. ) ;
#3034 = EDGE_CURVE ( 'NONE', #976, #1532, #1469, .T. ) ;
#3035 = ORIENTED_EDGE ( 'NONE', *, *, #3034, .F. ) ;
#3036 = CARTESIAN_POINT ( 'NONE',  ( -1.282869001841543600, -0.2055454893361529600, 2.822088055221577000 ) ) ;
#3037 = CARTESIAN_POINT ( 'NONE',  ( 0.0000000000000000000, 0.9577164262227553200, 1.224999999999999900 ) ) ;
#3038 = CARTESIAN_POINT ( 'NONE',  ( -0.8294067547305645800, -0.4788582131114002500, -1.268749999999999400 ) ) ;
#3039 = DIRECTION ( 'NONE',  ( 0.9188184237650768300, 0.3805870524817713300, -0.1045284632676536900 ) ) ;
#3040 = AXIS2_PLACEMENT_3D ( 'NONE', #1443, #3933, #4230 ) ;
#3041 = APPLICATION_CONTEXT ( 'configuration controlled 3d designs of mechanical parts and assemblies' ) ;
#3042 = PLANE ( 'NONE',  #771 ) ;
#3043 = ORIENTED_EDGE ( 'NONE', *, *, #3899, .F. ) ;
#3044 = CARTESIAN_POINT ( 'NONE',  ( 0.0000000000000000000, 1.250000000000001600, -1.700000000000001500 ) ) ;
#3045 = CARTESIAN_POINT ( 'NONE',  ( -0.7211323730256079500, -0.9976580520723863400, -2.797389108257010400 ) ) ;
#3046 = CARTESIAN_POINT ( 'NONE',  ( -1.279036433589167700, 0.2060021965571861800, 2.826433334171257100 ) ) ;
#3047 = CARTESIAN_POINT ( 'NONE',  ( 1.299389152772499200, -0.1563172603284912800, 2.657404060349341200 ) ) ;
#3048 = CARTESIAN_POINT ( 'NONE',  ( -1.443375672974083900, -1.498015307308329000E-014, -1.981249999999998600 ) ) ;
#3049 = CARTESIAN_POINT ( 'NONE',  ( -0.8294067547305644700, 0.4788582131113703300, -1.400000000000000100 ) ) ;
#3050 = LINE ( 'NONE', #1713, #325 ) ;
#3051 = CARTESIAN_POINT ( 'NONE',  ( 1.256121895119494800, 0.1800798480297700300, 2.579798662772151600 ) ) ;
#3052 = FACE_OUTER_BOUND ( 'NONE', #78, .T. ) ;
#3053 = AXIS2_PLACEMENT_3D ( 'NONE', #418, #4137, #4177 ) ;
#3054 = CARTESIAN_POINT ( 'NONE',  ( 0.8294067547305649100, 0.4788582131113695000, -1.550000000000000300 ) ) ;
#3055 = EDGE_CURVE ( 'NONE', #493, #386, #90, .T. ) ;
#3056 = CARTESIAN_POINT ( 'NONE',  ( -0.5529378364870433100, -0.9577164262227856300, -1.231249999999999300 ) ) ;
#3057 = CARTESIAN_POINT ( 'NONE',  ( 1.308410141326696200, -0.1883974186025879900, 2.813799301339762000 ) ) ;
#3058 = VECTOR ( 'NONE', #1870, 1000.000000000000000 ) ;
#3059 = CARTESIAN_POINT ( 'NONE',  ( 1.278769920465363300, -0.2056980069268750400, 2.823539163165360600 ) ) ;
#3060 = CARTESIAN_POINT ( 'NONE',  ( 1.049516368990269100, 0.3214982412388376900, 0.3663754305916894800 ) ) ;
#3061 = DIRECTION ( 'NONE',  ( 1.000000000000000000, -3.610047018107021100E-015, -0.0000000000000000000 ) ) ;
#3062 = EDGE_CURVE ( 'NONE', #3593, #3788, #1094, .T. ) ;
#3063 = CARTESIAN_POINT ( 'NONE',  ( 0.0000000000000000000, 0.9577164262227555500, -1.025000000000000100 ) ) ;
#3064 = CARTESIAN_POINT ( 'NONE',  ( 0.7216878364870424900, 1.250000000000000900, 0.5124999999999986200 ) ) ;
#3065 = LINE ( 'NONE', #3176, #2317 ) ;
#3066 = CARTESIAN_POINT ( 'NONE',  ( -0.8294067547305644700, 0.4788582131113702200, -0.5000000000000002200 ) ) ;
#3067 = CARTESIAN_POINT ( 'NONE',  ( 0.0000000000000000000, 2.070106209874711500E-015, 2.341249999999998700 ) ) ;
#3068 = ORIENTED_EDGE ( 'NONE', *, *, #1107, .T. ) ;
#3069 = AXIS2_PLACEMENT_3D ( 'NONE', #2423, #1402, #1728 ) ;
#3070 = CARTESIAN_POINT ( 'NONE',  ( -1.103625504730564300, -0.6371784822407424700, -1.957812499999999100 ) ) ;
#3071 = ORIENTED_EDGE ( 'NONE', *, *, #2776, .F. ) ;
#3072 = CARTESIAN_POINT ( 'NONE',  ( 0.0000000000000000000, 1.629509492837581800E-015, -3.050000000000000700 ) ) ;
#3073 = CARTESIAN_POINT ( 'NONE',  ( 0.3063857869185264700, 0.4371760101403697200, 2.341249999999998700 ) ) ;
#3074 = CIRCLE ( 'NONE', #368, 2.469999999999996200 ) ;
#3075 = CARTESIAN_POINT ( 'NONE',  ( -0.7295883640085641900, 0.8880485292364725900, -2.879747071493806900 ) ) ;
#3076 = ORIENTED_EDGE ( 'NONE', *, *, #3333, .T. ) ;
#3077 = CARTESIAN_POINT ( 'NONE',  ( 1.241144653201688100, -0.1633641910125782400, 2.420759809818775000 ) ) ;
#3078 = CARTESIAN_POINT ( 'NONE',  ( 0.0000000000000000000, 1.274356964481440100, 1.042187500000000900 ) ) ;
#3079 = CARTESIAN_POINT ( 'NONE',  ( -0.8294067547305644700, 0.4788582131113703900, -1.850000000000000100 ) ) ;
#3080 = CARTESIAN_POINT ( 'NONE',  ( 0.8294067547305650200, 0.4788582131113693900, -0.2000000000000001500 ) ) ;
#3081 = CARTESIAN_POINT ( 'NONE',  ( 0.5529378364870435300, 0.9577164262227552100, -0.6125000000000002700 ) ) ;
#3082 = ORIENTED_EDGE ( 'NONE', *, *, #4077, .F. ) ;
#3083 = VERTEX_POINT ( 'NONE', #3857 ) ;
#3084 = ORIENTED_EDGE ( 'NONE', *, *, #626, .T. ) ;
#3085 = CARTESIAN_POINT ( 'NONE',  ( 0.8294067547305650200, 0.4788582131113697200, -2.843749999999999600 ) ) ;
#3086 = EDGE_LOOP ( 'NONE', ( #717, #1404, #3641, #2383, #2798, #3375, #3647, #1739, #3761, #1438, #1054, #457, #3972, #4089, #2059, #767, #3581, #2538, #2674, #2713, #3691, #1119, #3243, #2605, #3346, #4188, #1415, #4382, #3281, #2772, #3960, #1187, #3430, #3490, #1521, #3540, #1904, #3278, #3451, #1628, #3022, #4282 ) ) ;
#3087 = CARTESIAN_POINT ( 'NONE',  ( -0.5529378364870433100, -0.9577164262227856300, -0.3875000000000002300 ) ) ;
#3088 = CARTESIAN_POINT ( 'NONE',  ( 0.2054545788814303200, 1.281777026584839200, 2.822480735425059200 ) ) ;
#3089 = EDGE_CURVE ( 'NONE', #2500, #2969, #1565, .T. ) ;
#3090 = CARTESIAN_POINT ( 'NONE',  ( -0.8294067547305644700, 0.4788582131113702800, -0.9500000000000000700 ) ) ;
#3091 = CARTESIAN_POINT ( 'NONE',  ( -1.172864355864558400E-016, -0.9577164262227860800, -0.3500000000000002000 ) ) ;
#3092 = AXIS2_PLACEMENT_3D ( 'NONE', #2126, #2784, #388 ) ;
#3093 = CARTESIAN_POINT ( 'NONE',  ( 0.7357503364870424700, -1.274356964481471200, -1.423437500000000800 ) ) ;
#3094 = CARTESIAN_POINT ( 'NONE',  ( -1.105875672974086000, -1.507659400851614000E-014, -1.362499999999999800 ) ) ;
#3095 = CARTESIAN_POINT ( 'NONE',  ( -1.530808498934212000E-016, -1.250000000000032200, 0.3812500000000013700 ) ) ;
#3096 = CARTESIAN_POINT ( 'NONE',  ( -0.1633641910125736300, -1.241144653201689200, 2.420759809818775000 ) ) ;
#3097 = B_SPLINE_CURVE_WITH_KNOTS ( 'NONE', 3,
 ( #2106, #790, #3194, #156, #1193, #2174, #146, #4206, #1824, #2871, #855, #509, #1163, #3565, #3549, #1538, #3246, #3203, #3218, #3234 ),
 .UNSPECIFIED., .F., .F.,
 ( 4, 2, 2, 2, 2, 2, 2, 2, 2, 4 ),
 ( 0.0006148942795792936900, 0.001078333244316204500, 0.001541772209053114900, 0.002005211173790025600, 0.002468650138526935800, 0.002932089103263846800, 0.003163808585632301900, 0.003395528068000757500, 0.003858967032737667200, 0.004322405997474577400 ),
 .UNSPECIFIED. ) ;
#3098 = CARTESIAN_POINT ( 'NONE',  ( 1.186376586674001900E-016, 0.9687500000000043300, -3.050000000000000700 ) ) ;
#3099 = CARTESIAN_POINT ( 'NONE',  ( 0.2000316359820969200, 1.297061345032949100, 2.817295413065180400 ) ) ;
#3100 = LINE ( 'NONE', #3765, #2080 ) ;
#3101 = CARTESIAN_POINT ( 'NONE',  ( 0.5529378364870427600, -0.9577164262227860800, -0.7625000000000001800 ) ) ;
#3102 = CARTESIAN_POINT ( 'NONE',  ( -0.5529378364870433100, -0.9577164262227858500, -0.3875000000000002300 ) ) ;
#3103 = FACE_OUTER_BOUND ( 'NONE', #348, .T. ) ;
#3104 = CARTESIAN_POINT ( 'NONE',  ( -0.9890964597832193600, -0.01516271010918609500, 0.007385628061278719100 ) ) ;
#3105 =( BOUNDED_CURVE ( )  B_SPLINE_CURVE ( 2, ( #3946, #611, #1287, #2997, #949, #2627, #3667 ),
 .UNSPECIFIED., .F., .F. ) 
 B_SPLINE_CURVE_WITH_KNOTS ( ( 3, 2, 2, 3 ),
 ( 0.5000000000000000000, 0.5416666666666667400, 0.5833333333333333700, 0.6250000000000001100 ),
 .UNSPECIFIED. ) 
 CURVE ( )  GEOMETRIC_REPRESENTATION_ITEM ( )  RATIONAL_B_SPLINE_CURVE ( ( 1.000000000000000000, 0.8660254037844387100, 1.000000000000000000, 0.8660254037844387100, 1.000000000000000000, 0.8660254037844383700, 1.000000000000000400 ) ) 
 REPRESENTATION_ITEM ( '' )  );
#3106 = CARTESIAN_POINT ( 'NONE',  ( -1.172864355864558400E-016, -0.9577164262227857400, -2.993749999999999500 ) ) ;
#3107 = ORIENTED_EDGE ( 'NONE', *, *, #197, .T. ) ;
#3108 = CARTESIAN_POINT ( 'NONE',  ( -0.5529378364870433100, -0.9577164262227855200, -3.031249999999999100 ) ) ;
#3109 = EDGE_CURVE ( 'NONE', #2159, #3381, #3772, .T. ) ;
#3110 = CARTESIAN_POINT ( 'NONE',  ( -0.9234392342871802200, -0.2539305685340585400, 0.007385628061289203700 ) ) ;
#3111 = VECTOR ( 'NONE', #2991, 999.9999999999998900 ) ;
#3112 = EDGE_LOOP ( 'NONE', ( #1050, #450, #3488, #2901, #3282, #53, #2260, #1837, #2922, #2348, #3571, #2197, #1674, #3314, #837, #3896, #604, #1792, #2534, #3266, #4272, #2757, #2959, #100 ) ) ;
#3113 = COORDINATED_UNIVERSAL_TIME_OFFSET ( 6, 0, .BEHIND. ) ;
#3114 = LINE ( 'NONE', #3029, #2098 ) ;
#3115 = CARTESIAN_POINT ( 'NONE',  ( 0.0000000000000000000, 8.824749453576962700E-016, 3.049999999999998900 ) ) ;
#3116 = EDGE_CURVE ( 'NONE', #2168, #3388, #382, .T. ) ;
#3117 = CARTESIAN_POINT ( 'NONE',  ( -0.1718001023977868700, -1.248810871069803200, 2.501022145241219400 ) ) ;
#3118 = VERTEX_POINT ( 'NONE', #1498 ) ;
#3119 = LINE ( 'NONE', #3031, #3583 ) ;
#3120 = EDGE_LOOP ( 'NONE', ( #3850, #1791, #1946, #1041 ) ) ;
#3121 = ORIENTED_EDGE ( 'NONE', *, *, #2881, .T. ) ;
#3122 = CARTESIAN_POINT ( 'NONE',  ( 0.0000000000000000000, 0.9577164262227557700, -3.218749999999999600 ) ) ;
#3123 = DIRECTION ( 'NONE',  ( 0.0000000000000000000, 1.000000000000000000, 8.334887549857832900E-017 ) ) ;
#3124 = ORIENTED_EDGE ( 'NONE', *, *, #706, .F. ) ;
#3125 = DIRECTION ( 'NONE',  ( -0.02078751127481453700, -0.1045058763748856900, -0.9943069954385901400 ) ) ;
#3126 = CARTESIAN_POINT ( 'NONE',  ( -1.471500672974085400, -1.508692696588394600E-014, -1.095312499999999000 ) ) ;
#3127 = CARTESIAN_POINT ( 'NONE',  ( 0.0000000000000000000, 9.757819552369539900E-016, 1.765599797474592900 ) ) ;
#3128 = DIRECTION ( 'NONE',  ( 0.0000000000000000000, -1.000000000000000000, 0.0000000000000000000 ) ) ;
#3129 = VERTEX_POINT ( 'NONE', #3289 ) ;
#3130 = CARTESIAN_POINT ( 'NONE',  ( 0.0000000000000000000, 0.9577164262227554300, -0.09687499999999973900 ) ) ;
#3131 = CARTESIAN_POINT ( 'NONE',  ( 0.5529378364870427600, -0.9577164262227864100, 1.037499999999999600 ) ) ;
#3132 = ORIENTED_EDGE ( 'NONE', *, *, #3089, .T. ) ;
#3133 = CARTESIAN_POINT ( 'NONE',  ( -1.103625504730564300, 0.6371784822407129400, -2.060937500000000100 ) ) ;
#3134 = CARTESIAN_POINT ( 'NONE',  ( -0.2844588921733802700, -1.088042123864082700, 0.4413437234972139600 ) ) ;
#3135 = AXIS2_PLACEMENT_3D ( 'NONE', #3230, #1504, #3906 ) ;
#3136 = EDGE_CURVE ( 'NONE', #3189, #2896, #2780, .T. ) ;
#3137 = CARTESIAN_POINT ( 'NONE',  ( -0.8294067547305645800, 0.4788582131113704500, -1.793749999999999500 ) ) ;
#3138 = CARTESIAN_POINT ( 'NONE',  ( -0.7357503364870431300, -1.274356964481470500, -0.5703124999999992200 ) ) ;
#3139 = DIRECTION ( 'NONE',  ( 0.0000000000000000000, -1.000000000000000000, -1.224646799147353200E-016 ) ) ;
#3140 = CARTESIAN_POINT ( 'NONE',  ( -0.1886185796330262500, 1.263738710651999700, 2.661039267222442600 ) ) ;
#3141 = CARTESIAN_POINT ( 'NONE',  ( 1.241742184822693900, -0.1543099699805307000, 2.341249999999998700 ) ) ;
#3142 = VERTEX_POINT ( 'NONE', #1541 ) ;
#3143 = EDGE_CURVE ( 'NONE', #506, #3083, #2955, .T. ) ;
#3144 = CARTESIAN_POINT ( 'NONE',  ( -1.530808498934212000E-016, -1.250000000000032200, 0.7749999999999983600 ) ) ;
#3145 = CARTESIAN_POINT ( 'NONE',  ( 0.7357503364870423600, -1.274356964481471000, -0.07343750000000068300 ) ) ;
#3146 = CARTESIAN_POINT ( 'NONE',  ( 0.0000000000000000000, 1.250000000000001600, -1.193749999999998100 ) ) ;
#3147 = CARTESIAN_POINT ( 'NONE',  ( -0.7357503364870426900, 1.274356964481440500, -2.098437500000000600 ) ) ;
#3148 = CARTESIAN_POINT ( 'NONE',  ( -1.530808498934212300E-016, -1.250000000000032000, -1.925000000000001600 ) ) ;
#3149 = LINE ( 'NONE', #3244, #4152 ) ;
#3150 = VECTOR ( 'NONE', #3061, 1000.000000000000000 ) ;
#3151 = CARTESIAN_POINT ( 'NONE',  ( -1.265918474694467400, -0.1543792501330534300, 2.335273807691358600 ) ) ;
#3152 = CARTESIAN_POINT ( 'NONE',  ( 1.103625504730564500, 0.6371784822407116100, -0.3828124999999992800 ) ) ;
#3153 = CARTESIAN_POINT ( 'NONE',  ( 1.237619776296923700, -0.1550073732554563300, 2.341249999999998700 ) ) ;
#3154 = CARTESIAN_POINT ( 'NONE',  ( 0.1713891984145441400, -1.280964104430335900, 2.497112654988991900 ) ) ;
#3155 = FACE_OUTER_BOUND ( 'NONE', #3235, .T. ) ;
#3156 = DIRECTION ( 'NONE',  ( 0.1045058763748855900, -0.02078751127481550200, -0.9943069954385902500 ) ) ;
#3157 = CARTESIAN_POINT ( 'NONE',  ( 0.0000000000000000000, 1.274356964481440300, 0.1140624999999996400 ) ) ;
#3158 = CARTESIAN_POINT ( 'NONE',  ( 0.0000000000000000000, 0.9577164262227554300, 0.3250000000000000100 ) ) ;
#3159 = ORIENTED_EDGE ( 'NONE', *, *, #426, .F. ) ;
#3160 = VECTOR ( 'NONE', #3557, 999.9999999999998900 ) ;
#3161 =( BOUNDED_CURVE ( )  B_SPLINE_CURVE ( 2, ( #3529, #2147, #4174, #3817, #3874, #124, #96, #2475, #2848, #429, #782, #4213, #2820, #2134, #1110, #3831, #1804, #1790, #3544, #3903, #1856, #4244, #848, #862, #2885, #524, #1183, #3920, #3884, #2900, #2939, #2213, #3263, #836, #3943, #1200, #1516, #539, #3241, #202, #4268, #1848, #4255 ),
 .UNSPECIFIED., .F., .F. ) 
 B_SPLINE_CURVE_WITH_KNOTS ( ( 3, 2, 2, 2, 2, 2, 2, 2, 2, 2, 2, 2, 2, 2, 2, 2, 2, 2, 2, 2, 2, 3 ),
 ( 0.1250000000000001100, 0.1666666666666667700, 0.2083333333333334500, 0.2500000000000001100, 0.2916666666666668000, 0.3333333333333333700, 0.3750000000000001100, 0.4166666666666667400, 0.4583333333333334300, 0.5000000000000000000, 0.5416666666666667400, 0.5833333333333334800, 0.6250000000000000000, 0.6666666666666667400, 0.7083333333333333700, 0.7500000000000000000, 0.7916666666666667400, 0.8333333333333333700, 0.8750000000000000000, 0.9166666666666667400, 0.9583333333333333700, 1.000000000000000000 ),
 .UNSPECIFIED. ) 
 CURVE ( )  GEOMETRIC_REPRESENTATION_ITEM ( )  RATIONAL_B_SPLINE_CURVE ( ( 0.9999999999999996700, 0.8660254037844390400, 1.000000000000000000, 0.8660254037844387100, 1.000000000000000000, 0.8660254037844387100, 1.000000000000000000, 0.8660254037844387100, 1.000000000000000000, 0.8660254037844387100, 1.000000000000000000, 0.8660254037844387100, 1.000000000000000000, 0.8660254037844387100, 1.000000000000000000, 0.8660254037844387100, 1.000000000000000000, 0.8660254037844387100, 1.000000000000000000, 0.8660254037844387100, 1.000000000000000000, 0.8660254037844387100, 1.000000000000000000, 0.8660254037844387100, 1.000000000000000000, 0.8660254037844387100, 1.000000000000000000, 0.8660254037844387100, 1.000000000000000000, 0.8660254037844387100, 1.000000000000000000, 0.8660254037844387100, 1.000000000000000000, 0.8660254037844387100, 1.000000000000000000, 0.8660254037844387100, 1.000000000000000000, 0.8660254037844387100, 1.000000000000000000, 0.8660254037844387100, 1.000000000000000000, 0.8660254037844387100, 1.000000000000000000 ) ) 
 REPRESENTATION_ITEM ( '' )  );
#3162 = CARTESIAN_POINT ( 'NONE',  ( -1.105875672974086000, -1.491815532887645400E-014, -2.656249999999999100 ) ) ;
#3163 = CARTESIAN_POINT ( 'NONE',  ( -1.530808498934212300E-016, -1.250000000000032200, -1.868749999999998400 ) ) ;
#3164 = DIRECTION ( 'NONE',  ( 0.0000000000000000000, 0.0000000000000000000, 1.000000000000000000 ) ) ;
#3165 = DIRECTION ( 'NONE',  ( 0.0000000000000000000, -1.000000000000000000, 0.0000000000000000000 ) ) ;
#3166 = DIRECTION ( 'NONE',  ( -1.000000000000000000, 0.0000000000000000000, 0.0000000000000000000 ) ) ;
#3167 = EDGE_CURVE ( 'NONE', #2221, #2500, #723, .T. ) ;
#3168 = CARTESIAN_POINT ( 'NONE',  ( -0.3686223959115673100, -1.194410954919827400, 0.8104281470917972200 ) ) ;
#3169 = PERSON_AND_ORGANIZATION ( #3797, #4273 ) ;
#3170 = ORIENTED_EDGE ( 'NONE', *, *, #3954, .F. ) ;
#3171 = ADVANCED_FACE ( 'NONE', ( #4398 ), #1867, .T. ) ;
#3172 = ORIENTED_EDGE ( 'NONE', *, *, #2216, .F. ) ;
#3173 = VECTOR ( 'NONE', #792, 999.9999999999998900 ) ;
#3174 = DIRECTION ( 'NONE',  ( -0.0000000000000000000, -1.224646799147353200E-016, 1.000000000000000000 ) ) ;
#3175 = EDGE_LOOP ( 'NONE', ( #1304, #3794, #3172, #2046 ) ) ;
#3176 = CARTESIAN_POINT ( 'NONE',  ( 0.0000000000000000000, -0.9687500000000011100, -3.050000000000000700 ) ) ;
#3177 = CARTESIAN_POINT ( 'NONE',  ( 0.5529378364870435300, 0.9577164262227549900, 0.2874999999999999200 ) ) ;
#3178 = CARTESIAN_POINT ( 'NONE',  ( 1.082531754730563300, 0.6249999999999923400, -1.268749999999998500 ) ) ;
#3179 = DIRECTION ( 'NONE',  ( 1.224646799147353200E-016, 1.224646799147340400E-016, -1.000000000000000000 ) ) ;
#3180 = AXIS2_PLACEMENT_3D ( 'NONE', #227, #4006, #262 ) ;
#3181 = ORIENTED_EDGE ( 'NONE', *, *, #4204, .F. ) ;
#3182 = ORIENTED_EDGE ( 'NONE', *, *, #314, .F. ) ;
#3183 = DIRECTION ( 'NONE',  ( 0.3826834323650991100, -0.9238795325112828500, 3.708620884167415600E-014 ) ) ;
#3184 = CARTESIAN_POINT ( 'NONE',  ( 0.1717217641524142700, -1.248666223511379200, 2.500276806624065700 ) ) ;
#3185 = CARTESIAN_POINT ( 'NONE',  ( 1.233553727824347600, -0.1550073732554563000, 2.341249999999998700 ) ) ;
#3186 = DIRECTION ( 'NONE',  ( -0.9188184237650743900, 0.3805870524817771000, -0.1045284632676537600 ) ) ;
#3187 = VERTEX_POINT ( 'NONE', #1211 ) ;
#3188 = VERTEX_POINT ( 'NONE', #522 ) ;
#3189 = VERTEX_POINT ( 'NONE', #185 ) ;
#3190 = CARTESIAN_POINT ( 'NONE',  ( -1.103625504730564300, -0.6371784822407428100, 0.2640624999999993700 ) ) ;
#3191 = CARTESIAN_POINT ( 'NONE',  ( -1.082531754730562600, 0.6249999999999932300, -0.2187499999999982800 ) ) ;
#3192 = ADVANCED_FACE ( 'NONE', ( #4074 ), #1045, .T. ) ;
#3193 = CARTESIAN_POINT ( 'NONE',  ( -0.8294067547305646900, -0.4788582131114000900, -3.068749999999999600 ) ) ;
#3194 = CARTESIAN_POINT ( 'NONE',  ( -0.3090634580012133800, -1.196068676827264100, 0.7437328878424380700 ) ) ;
#3195 = EDGE_CURVE ( 'NONE', #360, #196, #190, .T. ) ;
#3196 = CARTESIAN_POINT ( 'NONE',  ( -0.7712360881032160900, 0.2388190340831528300, 2.963638974742667000 ) ) ;
#3197 = DIRECTION ( 'NONE',  ( -0.0000000000000000000, -1.224646799147353200E-016, 1.000000000000000000 ) ) ;
#3198 = CARTESIAN_POINT ( 'NONE',  ( -0.1393827559464013700, 1.284705428667527700, 2.500275633506648300 ) ) ;
#3199 = CARTESIAN_POINT ( 'NONE',  ( -0.2184290902842088200, -0.8633221105560793300, 2.944667330124167900 ) ) ;
#3200 = AXIS2_PLACEMENT_3D ( 'NONE', #1597, #3039, #3183 ) ;
#3201 = CARTESIAN_POINT ( 'NONE',  ( 0.0000000000000000000, 0.9577164262227554300, -0.1250000000000000000 ) ) ;
#3202 = CIRCLE ( 'NONE', #1546, 1.250000000000000200 ) ;
#3203 = CARTESIAN_POINT ( 'NONE',  ( -0.3107418860071652400, 1.106224543802013100, 0.5045600388977598000 ) ) ;
#3204 = DIRECTION ( 'NONE',  ( 1.000000000000000000, 7.993605777301128700E-015, 0.0000000000000000000 ) ) ;
#3205 = B_SPLINE_CURVE_WITH_KNOTS ( 'NONE', 3,
 ( #2279, #2983, #3983, #208, #1937, #1288, #3284, #1954, #1893, #2946, #3948, #3603, #236, #1902, #884, #3618 ),
 .UNSPECIFIED., .F., .F.,
 ( 4, 2, 2, 2, 2, 2, 2, 4 ),
 ( 0.0000000000000000000, 0.0003941852182613319900, 0.0007883704365226640900, 0.001576740873045328200, 0.001970926091306660200, 0.002365111309567992400, 0.002759296527829324600, 0.003153481746090657200 ),
 .UNSPECIFIED. ) ;
#3206 = DIRECTION ( 'NONE',  ( 0.0000000000000000000, -0.1045284632676539300, 0.9945218953682732900 ) ) ;
#3207 = CARTESIAN_POINT ( 'NONE',  ( 1.310529449376672200, -0.2057007486122946200, 2.823565248559659400 ) ) ;
#3208 = CARTESIAN_POINT ( 'NONE',  ( 1.105875672974086000, -1.560233504422121400E-014, 0.7187500000000005600 ) ) ;
#3209 = CARTESIAN_POINT ( 'NONE',  ( 0.0000000000000000000, 1.250000000000001600, -0.7437499999999983600 ) ) ;
#3210 = ADVANCED_FACE ( 'NONE', ( #3700 ), #2157, .T. ) ;
#3211 = CONICAL_SURFACE ( 'NONE', #1431, 1.300799999999997100, 0.3490658503988666700 ) ;
#3212 = EDGE_LOOP ( 'NONE', ( #3743, #1609, #57, #1480, #4187 ) ) ;
#3213 = CARTESIAN_POINT ( 'NONE',  ( -0.1267577984744884300, -1.268912403754338700, 2.341249999999998700 ) ) ;
#3214 = CARTESIAN_POINT ( 'NONE',  ( -0.8507067466786051300, -0.1550073732554539100, 2.341249999999998700 ) ) ;
#3215 = EDGE_CURVE ( 'NONE', #1896, #634, #4025, .T. ) ;
#3216 = VECTOR ( 'NONE', #583, 999.9999999999998900 ) ;
#3217 = CARTESIAN_POINT ( 'NONE',  ( 0.7216878364870414900, -1.250000000000032000, -1.381249999999998100 ) ) ;
#3218 = CARTESIAN_POINT ( 'NONE',  ( -0.1543810650697802800, 1.134083131079244700, 0.4919491671977635500 ) ) ;
#3219 = VERTEX_POINT ( 'NONE', #1232 ) ;
#3220 = CARTESIAN_POINT ( 'NONE',  ( -0.5529378364870433100, -0.9577164262227856300, -1.681249999999999700 ) ) ;
#3221 = CYLINDRICAL_SURFACE ( 'NONE', #1321, 1.250000000000000200 ) ;
#3222 = ORIENTED_EDGE ( 'NONE', *, *, #900, .F. ) ;
#3223 = VERTEX_POINT ( 'NONE', #2762 ) ;
#3224 = CARTESIAN_POINT ( 'NONE',  ( 0.8633221105560778800, -0.2184290902842121200, 2.944667330124167500 ) ) ;
#3225 = EDGE_CURVE ( 'NONE', #3272, #682, #1357, .T. ) ;
#3226 = CARTESIAN_POINT ( 'NONE',  ( -1.443375672974083600, -1.509037128500655100E-014, -1.081249999999998300 ) ) ;
#3227 = CARTESIAN_POINT ( 'NONE',  ( -0.5529378364870433100, -0.9577164262227860800, 1.018750000000000500 ) ) ;
#3228 = ORIENTED_EDGE ( 'NONE', *, *, #2518, .T. ) ;
#3229 = VECTOR ( 'NONE', #3025, 1000.000000000000000 ) ;
#3230 = CARTESIAN_POINT ( 'NONE',  ( 2.302865330352804600E-015, -3.980914989873155900E-016, 2.341249999999998700 ) ) ;
#3231 = DIRECTION ( 'NONE',  ( -0.0000000000000000000, -1.224646799147353200E-016, 1.000000000000000000 ) ) ;
#3232 = ADVANCED_FACE ( 'NONE', ( #4131 ), #1375, .T. ) ;
#3233 = CARTESIAN_POINT ( 'NONE',  ( 1.082531754730563500, 0.6249999999999924500, -0.4250000000000014900 ) ) ;
#3234 = CARTESIAN_POINT ( 'NONE',  ( -2.107636312096051300E-014, 1.129994060689064800, 0.4807145386344771100 ) ) ;
#3235 = EDGE_LOOP ( 'NONE', ( #3159, #1239, #140, #1877 ) ) ;
#3236 = CARTESIAN_POINT ( 'NONE',  ( 0.5529378364870427600, -0.9577164262227859700, -3.012499999999999700 ) ) ;
#3237 = ORIENTED_EDGE ( 'NONE', *, *, #1247, .F. ) ;
#3238 = ORIENTED_EDGE ( 'NONE', *, *, #68, .T. ) ;
#3239 = CARTESIAN_POINT ( 'NONE',  ( 6.042316329546212100E-013, -1.026313499864549600, 0.1958545389327314700 ) ) ;
#3240 = CARTESIAN_POINT ( 'NONE',  ( 0.0000000000000000000, 0.9577164262227554300, 0.3812500000000007500 ) ) ;
#3241 = CARTESIAN_POINT ( 'NONE',  ( 0.8294067547305643600, -0.4788582131114009800, -1.625000000000000400 ) ) ;
#3242 =( BOUNDED_SURFACE ( )  B_SPLINE_SURFACE ( 3, 2, ( 
 ( #1124, #3502, #439 ),
 ( #1489, #2493, #2834 ),
 ( #807, #3154, #823 ),
 ( #1099, #795, #3860 ) ),
 .UNSPECIFIED., .F., .F., .F. ) 
 B_SPLINE_SURFACE_WITH_KNOTS ( ( 4, 4 ),
 ( 3, 3 ),
 ( 0.0008776439526420238600, 0.001370536166511539700 ),
 ( 0.0000000000000000000, 1.000000000000000000 ),
 .UNSPECIFIED. ) 
 GEOMETRIC_REPRESENTATION_ITEM ( )  RATIONAL_B_SPLINE_SURFACE ( (
 ( 1.000000000000000000, 0.7553322469555615600, 1.000000000000000000),
 ( 1.000000000000000000, 0.7515638434570312000, 1.000000000000000000),
 ( 1.000000000000000000, 0.7476184702315495900, 1.000000000000000000),
 ( 1.000000000000000000, 0.7434678481065722900, 1.000000000000000000) ) ) 
 REPRESENTATION_ITEM ( '' )  SURFACE ( )  );
#3243 = ORIENTED_EDGE ( 'NONE', *, *, #4026, .T. ) ;
#3244 = CARTESIAN_POINT ( 'NONE',  ( -0.4160816879250613400, 0.1723466781936583100, 2.341249999999998700 ) ) ;
#3245 = CARTESIAN_POINT ( 'NONE',  ( 0.0000000000000000000, 1.250000000000001600, -0.3500000000000013700 ) ) ;
#3246 = CARTESIAN_POINT ( 'NONE',  ( -0.5971029230486127900, 0.9924260117992042000, 0.5299706310182292800 ) ) ;
#3247 = VERTEX_POINT ( 'NONE', #3302 ) ;
#3248 = EDGE_CURVE ( 'NONE', #1464, #2479, #1306, .T. ) ;
#3249 = CARTESIAN_POINT ( 'NONE',  ( 0.5529378364870427600, -0.9577164262227860800, -2.562500000000000400 ) ) ;
#3250 = CARTESIAN_POINT ( 'NONE',  ( 1.105875672974086000, -1.515457355828296000E-014, -2.937499999999999600 ) ) ;
#3251 = CARTESIAN_POINT ( 'NONE',  ( 0.7733092236386779300, 0.2492413902330899700, 3.062801069624937700 ) ) ;
#3252 = FACE_OUTER_BOUND ( 'NONE', #4076, .T. ) ;
#3253 = VECTOR ( 'NONE', #1726, 1000.000000000000100 ) ;
#3254 = ADVANCED_FACE ( 'NONE', ( #4338 ), #46, .T. ) ;
#3255 = DIRECTION ( 'NONE',  ( 0.1045058763748857200, 0.02078751127481468300, 0.9943069954385901400 ) ) ;
#3256 = CARTESIAN_POINT ( 'NONE',  ( 0.1646778516159245200, 1.306577459481447000, 2.735015816732008900 ) ) ;
#3257 = CARTESIAN_POINT ( 'NONE',  ( -0.8294067547305644700, 0.4788582131113703300, -1.343749999999999600 ) ) ;
#3258 = B_SPLINE_CURVE_WITH_KNOTS ( 'NONE', 3,
 ( #1122, #1487, #3484, #3829, #3198, #3858, #2164 ),
 .UNSPECIFIED., .F., .F.,
 ( 4, 3, 4 ),
 ( 0.0000000000000000000, 0.0002351729850759622000, 0.0004761571116949577000 ),
 .UNSPECIFIED. ) ;
#3259 = ORIENTED_EDGE ( 'NONE', *, *, #3672, .T. ) ;
#3260 = CARTESIAN_POINT ( 'NONE',  ( 0.5529378364870435300, 0.9577164262227556600, -2.862500000000000300 ) ) ;
#3261 = ORIENTED_EDGE ( 'NONE', *, *, #4237, .T. ) ;
#3262 = CARTESIAN_POINT ( 'NONE',  ( -0.9315134874235483400, -0.3696973160081207200, 0.08864698353653806300 ) ) ;
#3263 = CARTESIAN_POINT ( 'NONE',  ( -0.8294067547305645800, 0.4788582131113704500, -1.850000000000000300 ) ) ;
#3264 = CIRCLE ( 'NONE', #1601, 1.325051771394845500 ) ;
#3265 = AXIS2_PLACEMENT_3D ( 'NONE', #3619, #1588, #854 ) ;
#3266 = ORIENTED_EDGE ( 'NONE', *, *, #3444, .T. ) ;
#3267 = AXIS2_PLACEMENT_3D ( 'NONE', #752, #2440, #3808 ) ;
#3268 = VERTEX_POINT ( 'NONE', #1605 ) ;
#3269 = EDGE_CURVE ( 'NONE', #3968, #981, #2227, .T. ) ;
#3270 = DIRECTION ( 'NONE',  ( 0.0000000000000000000, -0.1045284632676539600, 0.9945218953682734000 ) ) ;
#3271 = CARTESIAN_POINT ( 'NONE',  ( 0.5529378364870435300, 0.9577164262227552100, -0.5562499999999994700 ) ) ;
#3272 = VERTEX_POINT ( 'NONE', #3673 ) ;
#3273 = CARTESIAN_POINT ( 'NONE',  ( 0.0000000000000000000, 0.9577164262227557700, -2.375000000000000400 ) ) ;
#3274 = EDGE_CURVE ( 'NONE', #3686, #345, #405, .T. ) ;
#3275 = DIRECTION ( 'NONE',  ( -0.3805870524817675000, -0.9188184237650786100, -0.1045284632676539400 ) ) ;
#3276 = CARTESIAN_POINT ( 'NONE',  ( -0.1550073732554515800, 2.090479950543001000E-015, 2.341249999999998700 ) ) ;
#3277 = CARTESIAN_POINT ( 'NONE',  ( 1.292136892503764200, 0.1479533444429225700, 2.579798662772151600 ) ) ;
#3278 = ORIENTED_EDGE ( 'NONE', *, *, #1313, .T. ) ;
#3279 = CARTESIAN_POINT ( 'NONE',  ( 0.7357503364870434700, 1.274356964481439900, 1.426562499999999500 ) ) ;
#3280 = CARTESIAN_POINT ( 'NONE',  ( 1.471500672974085600, -1.536467702476167900E-014, -1.770312499999999300 ) ) ;
#3281 = ORIENTED_EDGE ( 'NONE', *, *, #2137, .T. ) ;
#3282 = ORIENTED_EDGE ( 'NONE', *, *, #2278, .T. ) ;
#3283 = VERTEX_POINT ( 'NONE', #916 ) ;
#3284 = CARTESIAN_POINT ( 'NONE',  ( 1.049538013656345200, -0.1607286372818824400, -2.990006467120449600 ) ) ;
#3285 = CARTESIAN_POINT ( 'NONE',  ( -0.1547032789630939900, 1.233277472477383000, 2.338356736074165700 ) ) ;
#3286 = CARTESIAN_POINT ( 'NONE',  ( 1.103625504730564100, -0.6371784822407436900, -0.03593750000000103100 ) ) ;
#3287 = CARTESIAN_POINT ( 'NONE',  ( -0.5529378364870428700, 0.9577164262227556600, -1.381249999999999200 ) ) ;
#3288 =( BOUNDED_CURVE ( )  B_SPLINE_CURVE ( 3, ( #1805, #431, #2465, #1418 ),
 .UNSPECIFIED., .F., .F. ) 
 B_SPLINE_CURVE_WITH_KNOTS ( ( 4, 4 ),
 ( 2.751161613710445800, 3.532023693469144000 ),
 .UNSPECIFIED. ) 
 CURVE ( )  GEOMETRIC_REPRESENTATION_ITEM ( )  RATIONAL_B_SPLINE_CURVE ( ( 1.000000000000000000, 0.9498300650479267700, 0.9498300650479267700, 1.000000000000000000 ) ) 
 REPRESENTATION_ITEM ( '' )  );
#3289 = CARTESIAN_POINT ( 'NONE',  ( -1.530808498934212300E-016, -1.250000000000032400, -0.5750000000000016200 ) ) ;
#3290 = DIRECTION ( 'NONE',  ( -0.0000000000000000000, -1.224646799147353200E-016, 1.000000000000000000 ) ) ;
#3291 = CARTESIAN_POINT ( 'NONE',  ( -1.278769920465364400, -0.2056980069268723700, 2.823539163165360600 ) ) ;
#3292 = ADVANCED_FACE ( 'NONE', ( #2331 ), #255, .T. ) ;
#3293 = CARTESIAN_POINT ( 'NONE',  ( 0.1734033168550273300, -0.7582240929255367200, 2.341249999999998700 ) ) ;
#3294 = CARTESIAN_POINT ( 'NONE',  ( -1.443375672974083600, -1.514548039096818300E-014, -0.6312499999999984200 ) ) ;
#3295 = CARTESIAN_POINT ( 'NONE',  ( -0.8294067547305645800, 0.4788582131113701100, 0.9062500000000005600 ) ) ;
#3296 = CARTESIAN_POINT ( 'NONE',  ( -1.103625504730564300, 0.6371784822407130500, -2.932812499999999400 ) ) ;
#3297 = CARTESIAN_POINT ( 'NONE',  ( 0.1730352898830033200, -1.313705060252007300, 2.812633460563337200 ) ) ;
#3298 = CARTESIAN_POINT ( 'NONE',  ( -1.313705060252002200, 0.1730352898830326800, 2.812633460563339000 ) ) ;
#3299 = CARTESIAN_POINT ( 'NONE',  ( -0.5529378364870428700, 0.9577164262227556600, -1.831249999999999400 ) ) ;
#3300 = CARTESIAN_POINT ( 'NONE',  ( -0.7357503364870425800, 1.274356964481440100, 0.1796875000000010300 ) ) ;
#3301 = EDGE_CURVE ( 'NONE', #1207, #2753, #1508, .T. ) ;
#3302 = CARTESIAN_POINT ( 'NONE',  ( -0.2184290902842019600, 0.8633221105560794400, 2.944667330124169300 ) ) ;
#3303 = VECTOR ( 'NONE', #2536, 1000.000000000000000 ) ;
#3304 = CARTESIAN_POINT ( 'NONE',  ( -1.105875672974086000, -1.496637579659287900E-014, -2.262500000000000200 ) ) ;
#3305 = CARTESIAN_POINT ( 'NONE',  ( 0.0000000000000000000, 1.250000000000001800, -2.093749999999998200 ) ) ;
#3306 = CARTESIAN_POINT ( 'NONE',  ( 1.103625504730564500, 0.6371784822407113900, 1.389062499999999200 ) ) ;
#3307 = CARTESIAN_POINT ( 'NONE',  ( -1.103625504730564500, -0.6371784822407424700, -2.857812499999999200 ) ) ;
#3308 = CARTESIAN_POINT ( 'NONE',  ( 1.443375672974083600, -1.558166912948560200E-014, 0.04375000000000155200 ) ) ;
#3309 = CARTESIAN_POINT ( 'NONE',  ( 0.3771492160041128300, -0.3312496991555434200, 2.341249999999998300 ) ) ;
#3310 = CARTESIAN_POINT ( 'NONE',  ( 2.443623483614654000E-015, -3.980914989873155900E-016, 3.049999999999998900 ) ) ;
#3311 = FACE_OUTER_BOUND ( 'NONE', #1417, .T. ) ;
#3312 = CARTESIAN_POINT ( 'NONE',  ( 0.2061038371665938100, -1.225868546189065500, 0.7797692105420487300 ) ) ;
#3313 = CARTESIAN_POINT ( 'NONE',  ( 0.5529378364870427600, -0.9577164262227860800, -0.7062499999999992700 ) ) ;
#3314 = ORIENTED_EDGE ( 'NONE', *, *, #402, .T. ) ;
#3315 = CARTESIAN_POINT ( 'NONE',  ( 0.7357503364870423600, -1.274356964481471000, -0.04531249999999945000 ) ) ;
#3316 = DATE_AND_TIME ( #2200, #3796 ) ;
#3317 =( BOUNDED_CURVE ( )  B_SPLINE_CURVE ( 2, ( #3926, #2600, #2231, #1572, #3233, #2908, #3245 ),
 .UNSPECIFIED., .F., .F. ) 
 B_SPLINE_CURVE_WITH_KNOTS ( ( 3, 2, 2, 3 ),
 ( 0.6249999999999997800, 0.6666666666666664100, 0.7083333333333331500, 0.7499999999999997800 ),
 .UNSPECIFIED. ) 
 CURVE ( )  GEOMETRIC_REPRESENTATION_ITEM ( )  RATIONAL_B_SPLINE_CURVE ( ( 1.000000000000000700, 0.8660254037844380400, 1.000000000000000000, 0.8660254037844387100, 1.000000000000000000, 0.8660254037844393700, 0.9999999999999993300 ) ) 
 REPRESENTATION_ITEM ( '' )  );
#3318 = CARTESIAN_POINT ( 'NONE',  ( -0.5529378364870428700, 0.9577164262227556600, -2.787500000000000100 ) ) ;
#3319 = CARTESIAN_POINT ( 'NONE',  ( -0.1550073732554404500, 1.233553727824350000, 2.341249999999998700 ) ) ;
#3320 = CARTESIAN_POINT ( 'NONE',  ( 0.7216878364870407100, 1.250000000000003800, -2.637500000000000600 ) ) ;
#3321 = ORIENTED_EDGE ( 'NONE', *, *, #4047, .F. ) ;
#3322 = ORIENTED_EDGE ( 'NONE', *, *, #2131, .F. ) ;
#3323 = VERTEX_POINT ( 'NONE', #2790 ) ;
#3324 = CARTESIAN_POINT ( 'NONE',  ( 1.105875672974086000, -1.560233504422121400E-014, 0.7187500000000005600 ) ) ;
#3325 = CARTESIAN_POINT ( 'NONE',  ( -0.7357503364870426900, 1.274356964481440800, -3.420312499999998800 ) ) ;
#3326 = ORIENTED_EDGE ( 'NONE', *, *, #1960, .T. ) ;
#3327 = CARTESIAN_POINT ( 'NONE',  ( -0.5529378364870428700, 0.9577164262227554300, -0.4812499999999995100 ) ) ;
#3328 = PLANE ( 'NONE',  #3662 ) ;
#3329 = CARTESIAN_POINT ( 'NONE',  ( 1.082531754730563500, 0.6249999999999923400, 0.02499999999999837800 ) ) ;
#3330 = EDGE_CURVE ( 'NONE', #66, #2319, #2541, .T. ) ;
#3331 = CARTESIAN_POINT ( 'NONE',  ( 0.0000000000000000000, 1.274356964481440100, 0.1421875000000010500 ) ) ;
#3332 = CARTESIAN_POINT ( 'NONE',  ( 0.5529378364870435300, 0.9577164262227554300, -1.962500000000000100 ) ) ;
#3333 = EDGE_CURVE ( 'NONE', #1834, #401, #4223, .T. ) ;
#3334 = ORIENTED_EDGE ( 'NONE', *, *, #2547, .T. ) ;
#3335 = ADVANCED_FACE ( 'NONE', ( #3432 ), #2525, .T. ) ;
#3336 = CARTESIAN_POINT ( 'NONE',  ( 0.1495962689042528700, 1.253078381409133100, 2.341249999999998700 ) ) ;
#3337 = CARTESIAN_POINT ( 'NONE',  ( 0.0000000000000000000, 8.824749453576962700E-016, 3.049999999999998900 ) ) ;
#3338 = CARTESIAN_POINT ( 'NONE',  ( 0.5529378364870427600, -0.9577164262227863000, 0.1937500000000004800 ) ) ;
#3339 = ORIENTED_EDGE ( 'NONE', *, *, #3520, .T. ) ;
#3340 = CARTESIAN_POINT ( 'NONE',  ( -1.560637177523352200E-016, -1.274356964481470700, -2.782812499999999500 ) ) ;
#3341 = CARTESIAN_POINT ( 'NONE',  ( -1.248810871069808900, 0.1718001023977992500, 2.501022145241216200 ) ) ;
#3342 = CARTESIAN_POINT ( 'NONE',  ( -0.3093715383292889300, -1.209708991068012100, -2.779568224140075600 ) ) ;
#3343 = CARTESIAN_POINT ( 'NONE',  ( -1.530808498934212000E-016, -1.250000000000032000, -0.9687499999999982200 ) ) ;
#3344 = CARTESIAN_POINT ( 'NONE',  ( -1.301490767954521800, -0.1963367053918707600, 2.815891418479094200 ) ) ;
#3345 = CARTESIAN_POINT ( 'NONE',  ( 0.6664412120174784100, -0.8222760315223903700, 0.2584085541638941300 ) ) ;
#3346 = ORIENTED_EDGE ( 'NONE', *, *, #1535, .T. ) ;
#3347 = CARTESIAN_POINT ( 'NONE',  ( -0.7357503364870431300, -1.274356964481470500, -0.5703124999999994400 ) ) ;
#3348 = CARTESIAN_POINT ( 'NONE',  ( -0.8294067547305645800, -0.4788582131114002000, -1.718749999999999300 ) ) ;
#3349 = ORIENTED_EDGE ( 'NONE', *, *, #4129, .T. ) ;
#3350 = CARTESIAN_POINT ( 'NONE',  ( 1.301490767954521800, 0.1963367053918701200, 2.815891418479094200 ) ) ;
#3351 = CARTESIAN_POINT ( 'NONE',  ( 0.8932348468494633000, -0.4867408720718924800, 0.1469917669584847900 ) ) ;
#3352 = DIRECTION ( 'NONE',  ( 0.0000000000000000000, -1.000000000000000000, -8.778964959396806000E-017 ) ) ;
#3353 = AXIS2_PLACEMENT_3D ( 'NONE', #632, #2011, #330 ) ;
#3354 = CARTESIAN_POINT ( 'NONE',  ( 0.8294067547305649100, 0.4788582131113694500, -1.100000000000000300 ) ) ;
#3355 = CYLINDRICAL_SURFACE ( 'NONE', #639, 1.250000000000000200 ) ;
#3356 = EDGE_CURVE ( 'NONE', #4277, #2306, #1878, .T. ) ;
#3357 = CARTESIAN_POINT ( 'NONE',  ( -0.5529378364870428700, 0.9577164262227554300, -0.03124999999999926800 ) ) ;
#3358 = CARTESIAN_POINT ( 'NONE',  ( 1.281777026584837600, -0.2054545788814350600, 2.822480735425058700 ) ) ;
#3359 = LINE ( 'NONE', #953, #2467 ) ;
#3360 = CARTESIAN_POINT ( 'NONE',  ( 1.262379981475679800, 0.1411471484357753300, 2.341249999999998700 ) ) ;
#3361 = CARTESIAN_POINT ( 'NONE',  ( 0.1991774842671978900, -1.298345463522983600, 2.816878256603397200 ) ) ;
#3362 = CARTESIAN_POINT ( 'NONE',  ( -1.103625504730564100, 0.6371784822407126100, -0.2328124999999990900 ) ) ;
#3363 = EDGE_CURVE ( 'NONE', #3596, #1256, #4340, .T. ) ;
#3364 = CARTESIAN_POINT ( 'NONE',  ( -0.8294067547305645800, -0.4788582131114003700, -0.3687499999999995200 ) ) ;
#3365 = APPLICATION_PROTOCOL_DEFINITION ( 'international standard', 'config_control_design', 1994, #3041 ) ;
#3366 = ORIENTED_EDGE ( 'NONE', *, *, #2861, .T. ) ;
#3367 = VECTOR ( 'NONE', #1138, 1000.000000000000100 ) ;
#3368 = CARTESIAN_POINT ( 'NONE',  ( 0.0000000000000000000, 1.629509492837581800E-015, -3.050000000000000700 ) ) ;
#3369 = AXIS2_PLACEMENT_3D ( 'NONE', #3127, #3775, #2779 ) ;
#3370 = CARTESIAN_POINT ( 'NONE',  ( -0.8188650685607288300, 0.1550073732554598800, 2.341249999999998700 ) ) ;
#3371 = CARTESIAN_POINT ( 'NONE',  ( -1.105875672974086000, -1.502148490255450800E-014, -1.812500000000000000 ) ) ;
#3372 = CARTESIAN_POINT ( 'NONE',  ( 0.0000000000000000000, 0.9577164262227555500, -1.418749999999999500 ) ) ;
#3373 = LINE ( 'NONE', #2610, #4117 ) ;
#3374 = CARTESIAN_POINT ( 'NONE',  ( -1.178488379038548800, -0.2116470296078729900, -2.831562466399080200 ) ) ;
#3375 = ORIENTED_EDGE ( 'NONE', *, *, #1459, .T. ) ;
#3376 = COORDINATED_UNIVERSAL_TIME_OFFSET ( 6, 0, .BEHIND. ) ;
#3377 = ORIENTED_EDGE ( 'NONE', *, *, #3055, .F. ) ;
#3378 = CARTESIAN_POINT ( 'NONE',  ( -0.5529378364870433100, -0.9577164262227855200, -1.287499999999999900 ) ) ;
#3379 = ORIENTED_EDGE ( 'NONE', *, *, #2250, .T. ) ;
#3380 = CIRCLE ( 'NONE', #3265, 1.275507373255449400 ) ;
#3381 = VERTEX_POINT ( 'NONE', #131 ) ;
#3382 = CARTESIAN_POINT ( 'NONE',  ( 1.278769920465364900, 0.2056980069268716200, 2.823539163165361000 ) ) ;
#3383 = CARTESIAN_POINT ( 'NONE',  ( -0.5529378364870433100, -0.9577164262227856300, -0.8375000000000001300 ) ) ;
#3384 = CARTESIAN_POINT ( 'NONE',  ( 0.9939814213092437200, -0.2407750638233976900, 0.1621875096621874800 ) ) ;
#3385 = CARTESIAN_POINT ( 'NONE',  ( -0.8294067547305645800, -0.4788582131114002000, -1.775000000000000100 ) ) ;
#3386 = DIRECTION ( 'NONE',  ( -0.02078751127481372900, 0.1045058763748858000, 0.9943069954385901400 ) ) ;
#3387 = CARTESIAN_POINT ( 'NONE',  ( 1.289818577089967100, -0.2037166375673592500, 2.819700781087035600 ) ) ;
#3388 = VERTEX_POINT ( 'NONE', #3196 ) ;
#3389 = EDGE_CURVE ( 'NONE', #3381, #1576, #507, .T. ) ;
#3390 = ORIENTED_EDGE ( 'NONE', *, *, #374, .F. ) ;
#3391 = EDGE_LOOP ( 'NONE', ( #1795, #1365, #864 ) ) ;
#3392 = CARTESIAN_POINT ( 'NONE',  ( 0.2056980069268673800, -1.278769920465366200, 2.823539163165360100 ) ) ;
#3393 = ORIENTED_EDGE ( 'NONE', *, *, #1140, .F. ) ;
#3394 = CARTESIAN_POINT ( 'NONE',  ( -0.3594804923862259800, 0.4902707156080788900, 3.001276454878518700 ) ) ;
#3395 = CARTESIAN_POINT ( 'NONE',  ( -0.5529378364870428700, 0.9577164262227554300, -0.4812499999999995100 ) ) ;
#3396 = CARTESIAN_POINT ( 'NONE',  ( -0.5529378364870428700, 0.9577164262227556600, -0.5374999999999999800 ) ) ;
#3397 = APPLICATION_PROTOCOL_DEFINITION ( 'international standard', 'config_control_design', 1994, #678 ) ;
#3398 = CARTESIAN_POINT ( 'NONE',  ( 0.8294067547305650200, 0.4788582131113697200, -2.843749999999999600 ) ) ;
#3399 = CARTESIAN_POINT ( 'NONE',  ( -1.082531754730562600, 0.6249999999999932300, 0.2312500000000017000 ) ) ;
#3400 = B_SPLINE_CURVE_WITH_KNOTS ( 'NONE', 3,
 ( #1043, #3744, #3418, #331, #1003, #4118 ),
 .UNSPECIFIED., .F., .F.,
 ( 4, 2, 4 ),
 ( 2.549330058324229700E-016, 0.0004660888280991947100, 0.0009321776561981344200 ),
 .UNSPECIFIED. ) ;
#3401 = CARTESIAN_POINT ( 'NONE',  ( 0.8294067547305642400, -0.4788582131114009800, -1.175000000000000300 ) ) ;
#3402 = CARTESIAN_POINT ( 'NONE',  ( 0.1262782272822150800, -1.269247572895352700, 2.341249999999998700 ) ) ;
#3403 = CARTESIAN_POINT ( 'NONE',  ( 0.0000000000000000000, 2.602085213965210600E-015, -0.7671030239169828200 ) ) ;
#3404 = CARTESIAN_POINT ( 'NONE',  ( 0.2492413902330887800, 0.7733092236386772700, 3.062801069624937700 ) ) ;
#3405 = CARTESIAN_POINT ( 'NONE',  ( -0.8294067547305645800, -0.4788582131114002000, -1.775000000000000100 ) ) ;
#3406 = CARTESIAN_POINT ( 'NONE',  ( 0.0000000000000000000, 0.9577164262227554300, -0.1250000000000000000 ) ) ;
#3407 = AXIS2_PLACEMENT_3D ( 'NONE', #2561, #859, #899 ) ;
#3408 = CARTESIAN_POINT ( 'NONE',  ( 0.8294067547305649100, 0.4788582131113693400, -0.2000000000000003200 ) ) ;
#3409 = LINE ( 'NONE', #2868, #3303 ) ;
#3410 = CARTESIAN_POINT ( 'NONE',  ( -0.4849039010973552100, -0.2008537722821507900, 3.049999999999998900 ) ) ;
#3411 = CARTESIAN_POINT ( 'NONE',  ( -0.8294067547305645800, -0.4788582131114002500, -1.325000000000000200 ) ) ;
#3412 = EDGE_CURVE ( 'NONE', #1301, #3187, #3912, .T. ) ;
#3413 = CARTESIAN_POINT ( 'NONE',  ( 0.0000000000000000000, 0.9577164262227554300, -0.06874999999999925600 ) ) ;
#3414 = CARTESIAN_POINT ( 'NONE',  ( 0.0000000000000000000, -1.249999999999999300, 3.049999999999998900 ) ) ;
#3415 =( BOUNDED_SURFACE ( )  B_SPLINE_SURFACE ( 1, 2, ( 
 ( #4182, #2891, #3892, #1880, #475, #1149, #4219, #4236, #1206, #3927, #2232, #3867, #1550, #3522, #2909, #4261, #195, #3914, #1506, #1861, #2218, #166, #1175, #3539, #2557, #803, #841, #2570, #2880, #3878, #1495, #1842, #2584, #534, #2189, #2543, #2204, #489, #519, #829, #2310, #2968, #3967, #1559, #3286, #1261, #2629, #4281, #871 ),
 ( #914, #3299, #3620, #1273, #1903, #2933, #1603, #239, #3951, #3637, #3938, #210, #3655, #2985, #3257, #3985, #1919, #1939, #2294, #1621, #4324, #2601, #4002, #3605, #1245, #1221, #885, #258, #2646, #596, #1589, #3313, #548, #1956, #934, #3271, #2617, #4308, #4342, #1894, #1573, #2248, #271, #2664, #2281, #578, #2919, #4293, #3592 ) ),
 .UNSPECIFIED., .F., .F., .T. ) 
 B_SPLINE_SURFACE_WITH_KNOTS ( ( 2, 2 ),
 ( 3, 2, 2, 2, 2, 2, 2, 2, 2, 2, 2, 2, 2, 2, 2, 2, 2, 2, 2, 2, 2, 2, 2, 2, 3 ),
 ( 0.0000000000000000000, 1.000000000000000000 ),
 ( 0.0000000000000000000, 0.04166666666666666400, 0.08333333333333332900, 0.1250000000000000000, 0.1666666666666666600, 0.2083333333333333400, 0.2500000000000000000, 0.2916666666666666900, 0.3333333333333333100, 0.3750000000000000000, 0.4166666666666666900, 0.4583333333333333100, 0.5000000000000000000, 0.5416666666666666300, 0.5833333333333333700, 0.6250000000000000000, 0.6666666666666666300, 0.7083333333333333700, 0.7500000000000000000, 0.7916666666666666300, 0.8333333333333333700, 0.8750000000000000000, 0.9166666666666666300, 0.9583333333333333700, 1.000000000000000000 ),
 .UNSPECIFIED. ) 
 GEOMETRIC_REPRESENTATION_ITEM ( )  RATIONAL_B_SPLINE_SURFACE ( (
 ( 1.000000000000000000, 0.8660254037844387100, 1.000000000000000000, 0.8660254037844387100, 1.000000000000000000, 0.8660254037844387100, 1.000000000000000000, 0.8660254037844387100, 1.000000000000000000, 0.8660254037844387100, 1.000000000000000000, 0.8660254037844387100, 1.000000000000000000, 0.8660254037844387100, 1.000000000000000000, 0.8660254037844387100, 1.000000000000000000, 0.8660254037844387100, 1.000000000000000000, 0.8660254037844387100, 1.000000000000000000, 0.8660254037844387100, 1.000000000000000000, 0.8660254037844387100, 1.000000000000000000, 0.8660254037844387100, 1.000000000000000000, 0.8660254037844387100, 1.000000000000000000, 0.8660254037844387100, 1.000000000000000000, 0.8660254037844387100, 1.000000000000000000, 0.8660254037844387100, 1.000000000000000000, 0.8660254037844387100, 1.000000000000000000, 0.8660254037844387100, 1.000000000000000000, 0.8660254037844387100, 1.000000000000000000, 0.8660254037844387100, 1.000000000000000000, 0.8660254037844387100, 1.000000000000000000, 0.8660254037844387100, 1.000000000000000000, 0.8660254037844387100, 1.000000000000000000),
 ( 1.000000000000000000, 0.8660254037844387100, 1.000000000000000000, 0.8660254037844387100, 1.000000000000000000, 0.8660254037844387100, 1.000000000000000000, 0.8660254037844387100, 1.000000000000000000, 0.8660254037844387100, 1.000000000000000000, 0.8660254037844387100, 1.000000000000000000, 0.8660254037844387100, 1.000000000000000000, 0.8660254037844387100, 1.000000000000000000, 0.8660254037844387100, 1.000000000000000000, 0.8660254037844387100, 1.000000000000000000, 0.8660254037844387100, 1.000000000000000000, 0.8660254037844387100, 1.000000000000000000, 0.8660254037844387100, 1.000000000000000000, 0.8660254037844387100, 1.000000000000000000, 0.8660254037844387100, 1.000000000000000000, 0.8660254037844387100, 1.000000000000000000, 0.8660254037844387100, 1.000000000000000000, 0.8660254037844387100, 1.000000000000000000, 0.8660254037844387100, 1.000000000000000000, 0.8660254037844387100, 1.000000000000000000, 0.8660254037844387100, 1.000000000000000000, 0.8660254037844387100, 1.000000000000000000, 0.8660254037844387100, 1.000000000000000000, 0.8660254037844387100, 1.000000000000000000) ) ) 
 REPRESENTATION_ITEM ( '' )  SURFACE ( )  );
#3416 = CARTESIAN_POINT ( 'NONE',  ( 0.2056606492992345000, 1.279773948623546900, 2.823183729080888800 ) ) ;
#3417 = CARTESIAN_POINT ( 'NONE',  ( 0.3164961757218748800, -1.250000000000032600, 0.7914456237025441200 ) ) ;
#3418 = CARTESIAN_POINT ( 'NONE',  ( 0.6097926675928712100, -1.052109583207770000, -2.812382373120402100 ) ) ;
#3419 = AXIS2_PLACEMENT_3D ( 'NONE', #3337, #904, #1631 ) ;
#3420 = CARTESIAN_POINT ( 'NONE',  ( 0.0000000000000000000, 0.9577164262227556600, -1.925000000000000000 ) ) ;
#3421 = CARTESIAN_POINT ( 'NONE',  ( 0.5529378364870427600, -0.9577164262227863000, 0.1374999999999997100 ) ) ;
#3422 = ORIENTED_EDGE ( 'NONE', *, *, #3143, .F. ) ;
#3423 = CARTESIAN_POINT ( 'NONE',  ( 0.7357503364870424700, -1.274356964481471200, -1.873437500000000300 ) ) ;
#3424 =( BOUNDED_CURVE ( )  B_SPLINE_CURVE ( 2, ( #2734, #3417, #2410 ),
 .UNSPECIFIED., .F., .F. ) 
 B_SPLINE_CURVE_WITH_KNOTS ( ( 3, 3 ),
 ( 0.6249999999999998900, 0.6447592033225482100 ),
 .UNSPECIFIED. ) 
 CURVE ( )  GEOMETRIC_REPRESENTATION_ITEM ( )  RATIONAL_B_SPLINE_CURVE ( ( 1.000000000000000400, 0.9364664491196902400, 0.9331907710224605100 ) ) 
 REPRESENTATION_ITEM ( '' )  );
#3425 = CARTESIAN_POINT ( 'NONE',  ( 1.105875672974086000, -1.521657130248979900E-014, -2.431249999999999500 ) ) ;
#3426 = B_SPLINE_CURVE_WITH_KNOTS ( 'NONE', 3,
 ( #1512, #2145, #2211, #1179, #3870, #1800, #820, #4226, #2193, #451, #4240, #1165, #2830, #2545, #121, #777 ),
 .UNSPECIFIED., .F., .F.,
 ( 4, 3, 3, 3, 3, 4 ),
 ( 0.0000000000000000000, 1.225381235566929600E-005, 2.448842148058762400E-005, 3.701309123694048700E-005, 4.990660403618283400E-005, 5.306242189648431600E-005 ),
 .UNSPECIFIED. ) ;
#3427 = ORIENTED_EDGE ( 'NONE', *, *, #3987, .T. ) ;
#3428 = CARTESIAN_POINT ( 'NONE',  ( -1.206977370062896300E-016, -0.9855718162193865000, 0.08391768308708048900 ) ) ;
#3429 = FACE_OUTER_BOUND ( 'NONE', #4239, .T. ) ;
#3430 = ORIENTED_EDGE ( 'NONE', *, *, #3789, .T. ) ;
#3431 = EDGE_LOOP ( 'NONE', ( #3535, #4224, #2657, #4399 ) ) ;
#3432 = FACE_OUTER_BOUND ( 'NONE', #766, .T. ) ;
#3433 = CARTESIAN_POINT ( 'NONE',  ( -0.8294067547305645800, -0.4788582131114003700, -0.4250000000000002700 ) ) ;
#3434 = DIRECTION ( 'NONE',  ( -0.9238795325112882900, -0.3826834323650858400, 0.0000000000000000000 ) ) ;
#3435 = CARTESIAN_POINT ( 'NONE',  ( 1.103625504730564800, 0.6371784822407119400, -2.210937500000000400 ) ) ;
#3436 = CARTESIAN_POINT ( 'NONE',  ( -0.8376118198395184900, 0.4643567511321784500, 0.007385628061355903000 ) ) ;
#3437 = AXIS2_PLACEMENT_3D ( 'NONE', #3115, #2494, #2836 ) ;
#3438 = EDGE_CURVE ( 'NONE', #4087, #2644, #2439, .T. ) ;
#3439 = CARTESIAN_POINT ( 'NONE',  ( 0.5529378364870427600, -0.9577164262227861900, -1.606249999999999500 ) ) ;
#3440 = CARTESIAN_POINT ( 'NONE',  ( 0.7357503364870434700, 1.274356964481439900, -0.3453124999999992500 ) ) ;
#3441 = CARTESIAN_POINT ( 'NONE',  ( 0.1550073732554490300, -1.235081913146780500, 2.341249999999998700 ) ) ;
#3442 = CARTESIAN_POINT ( 'NONE',  ( 0.7712360881032173100, -0.2388190340831481700, 2.963638974742666600 ) ) ;
#3443 = ORIENTED_EDGE ( 'NONE', *, *, #3928, .F. ) ;
#3444 = EDGE_CURVE ( 'NONE', #3223, #3247, #2558, .T. ) ;
#3445 = PLANE ( 'NONE',  #4350 ) ;
#3446 = CARTESIAN_POINT ( 'NONE',  ( -1.560637177523351900E-016, -1.274356964481470700, -0.1109375000000006900 ) ) ;
#3447 = CARTESIAN_POINT ( 'NONE',  ( -1.172864355864558400E-016, -0.9577164262227861900, 0.09999999999999971400 ) ) ;
#3448 = VERTEX_POINT ( 'NONE', #2815 ) ;
#3449 = CARTESIAN_POINT ( 'NONE',  ( 1.103625504730564100, -0.6371784822407433600, -2.735937500000000400 ) ) ;
#3450 = CARTESIAN_POINT ( 'NONE',  ( -0.8294067547305646900, -0.4788582131114002000, -2.168749999999999700 ) ) ;
#3451 = ORIENTED_EDGE ( 'NONE', *, *, #2047, .T. ) ;
#3452 = CARTESIAN_POINT ( 'NONE',  ( -1.560637177523351900E-016, -1.274356964481470500, -1.432812499999999200 ) ) ;
#3453 = CARTESIAN_POINT ( 'NONE',  ( -0.7216878364870427100, 1.249999999999999300, -1.662500000000001200 ) ) ;
#3454 = FACE_OUTER_BOUND ( 'NONE', #762, .T. ) ;
#3455 = CARTESIAN_POINT ( 'NONE',  ( 0.0000000000000000000, 1.116036695352097900, -0.2164062499999995800 ) ) ;
#3456 = DIRECTION ( 'NONE',  ( -0.0000000000000000000, -1.224646799147353200E-016, 1.000000000000000000 ) ) ;
#3457 = CARTESIAN_POINT ( 'NONE',  ( 0.8294067547305643600, -0.4788582131114012000, 0.6249999999999996700 ) ) ;
#3458 = CONICAL_SURFACE ( 'NONE', #2775, 0.9687500000000026600, 0.7853981633974430600 ) ;
#3459 = CARTESIAN_POINT ( 'NONE',  ( -0.7357503364870426900, 1.274356964481440800, -2.998437500000000100 ) ) ;
#3460 = CARTESIAN_POINT ( 'NONE',  ( 0.7216878364870424900, 1.250000000000001100, -1.681249999999998600 ) ) ;
#3461 = CARTESIAN_POINT ( 'NONE',  ( -1.103625504730564300, -0.6371784822407425800, -1.507812499999999100 ) ) ;
#3462 = ORIENTED_EDGE ( 'NONE', *, *, #4391, .T. ) ;
#3463 = DIRECTION ( 'NONE',  ( 0.0000000000000000000, 1.000000000000000000, 1.136151857251086800E-016 ) ) ;
#3464 = EDGE_CURVE ( 'NONE', #500, #562, #3480, .T. ) ;
#3465 = DIRECTION ( 'NONE',  ( 0.0000000000000000000, -1.000000000000000000, 0.0000000000000000000 ) ) ;
#3466 = CARTESIAN_POINT ( 'NONE',  ( 1.266449120544685900, -0.1345445673886382400, 2.341249999999998700 ) ) ;
#3467 = ORIENTED_EDGE ( 'NONE', *, *, #2047, .F. ) ;
#3468 = VERTEX_POINT ( 'NONE', #1151 ) ;
#3469 = APPROVAL_DATE_TIME ( #4384, #1835 ) ;
#3470 = CYLINDRICAL_SURFACE ( 'NONE', #204, 1.250000000000000200 ) ;
#3471 = CARTESIAN_POINT ( 'NONE',  ( 0.0000000000000000000, 1.595066301611562300E-015, -2.768750000000000300 ) ) ;
#3472 = AXIS2_PLACEMENT_3D ( 'NONE', #2162, #134, #761 ) ;
#3473 = CARTESIAN_POINT ( 'NONE',  ( 1.471500672974085400, -1.558166912948559900E-014, 0.001562499999999448400 ) ) ;
#3474 = CARTESIAN_POINT ( 'NONE',  ( -1.172864355864558400E-016, -0.9577164262227861900, 0.5499999999999997100 ) ) ;
#3475 = ORIENTED_EDGE ( 'NONE', *, *, #657, .F. ) ;
#3476 = PERSON_AND_ORGANIZATION ( #3797, #4273 ) ;
#3477 = ORIENTED_EDGE ( 'NONE', *, *, #1678, .T. ) ;
#3478 = CARTESIAN_POINT ( 'NONE',  ( 0.0000000000000000000, 1.274356964481440800, -2.585937500000000400 ) ) ;
#3479 = VERTEX_POINT ( 'NONE', #1509 ) ;
#3480 = CIRCLE ( 'NONE', #2365, 1.325051771394847300 ) ;
#3481 = ORIENTED_EDGE ( 'NONE', *, *, #3724, .T. ) ;
#3482 = CARTESIAN_POINT ( 'NONE',  ( 0.7357503364870434700, 1.274356964481439900, -0.7953124999999993100 ) ) ;
#3483 = DIRECTION ( 'NONE',  ( -1.000000000000000000, 0.0000000000000000000, -0.0000000000000000000 ) ) ;
#3484 = CARTESIAN_POINT ( 'NONE',  ( -0.1563172603284744600, 1.299389152772501900, 2.657404060349341200 ) ) ;
#3485 = CARTESIAN_POINT ( 'NONE',  ( -0.8294067547305646900, -0.4788582131114004200, -0.3687499999999994100 ) ) ;
#3486 = CARTESIAN_POINT ( 'NONE',  ( 2.443623483614654000E-015, -1.275507373255449600, 2.341249999999998700 ) ) ;
#3487 = AXIS2_PLACEMENT_3D ( 'NONE', #1132, #2485, #449 ) ;
#3488 = ORIENTED_EDGE ( 'NONE', *, *, #3928, .T. ) ;
#3489 = CARTESIAN_POINT ( 'NONE',  ( -0.8294067547305645800, 0.4788582131113701700, 0.3999999999999999700 ) ) ;
#3490 = ORIENTED_EDGE ( 'NONE', *, *, #3762, .T. ) ;
#3491 = VERTEX_POINT ( 'NONE', #3869 ) ;
#3492 = ADVANCED_FACE ( 'NONE', ( #3027 ), #1962, .F. ) ;
#3493 = CARTESIAN_POINT ( 'NONE',  ( -0.8294067547305646900, -0.4788582131114002500, -1.718749999999999600 ) ) ;
#3494 = CARTESIAN_POINT ( 'NONE',  ( -0.6659279400368576200, -0.8956273916407648800, 0.4175911588120626000 ) ) ;
#3495 = AXIS2_PLACEMENT_3D ( 'NONE', #2178, #3840, #435 ) ;
#3496 = EDGE_CURVE ( 'NONE', #189, #2767, #4279, .T. ) ;
#3497 = CARTESIAN_POINT ( 'NONE',  ( 0.04680652530280478300, -0.1130009481935872800, -0.7799584642923096400 ) ) ;
#3498 = DIRECTION ( 'NONE',  ( 0.1045058763748857200, 0.02078751127481493300, -0.9943069954385901400 ) ) ;
#3499 = PLANE ( 'NONE',  #538 ) ;
#3500 = CARTESIAN_POINT ( 'NONE',  ( 1.530808498934191800E-016, 1.250000000000001100, 3.049999999999998900 ) ) ;
#3501 = CARTESIAN_POINT ( 'NONE',  ( 0.1717217005255078900, 1.248666166248824100, 2.500276201254463700 ) ) ;
#3502 = CARTESIAN_POINT ( 'NONE',  ( 0.2057007486032222700, -1.310529449368929200, 2.823565248473417700 ) ) ;
#3503 = EDGE_CURVE ( 'NONE', #999, #988, #466, .T. ) ;
#3504 = DIRECTION ( 'NONE',  ( 6.306907156265766100E-016, 0.9945218953682732900, -0.1045284632676536900 ) ) ;
#3505 = CARTESIAN_POINT ( 'NONE',  ( -1.172864355864558400E-016, -0.9577164262227861900, 0.09999999999999971400 ) ) ;
#3506 = CARTESIAN_POINT ( 'NONE',  ( 0.0000000000000000000, 0.9577164262227557700, -2.768749999999999400 ) ) ;
#3507 = DIRECTION ( 'NONE',  ( 0.3805870524817616100, -0.9188184237650808300, 0.1045284632676536100 ) ) ;
#3508 = DIRECTION ( 'NONE',  ( 1.000000000000000000, 5.329070518200752200E-015, 0.0000000000000000000 ) ) ;
#3509 = ORIENTED_EDGE ( 'NONE', *, *, #2432, .F. ) ;
#3510 = CARTESIAN_POINT ( 'NONE',  ( -1.269637219277294900, -0.1222308907553064200, 2.341249999999998700 ) ) ;
#3511 = CARTESIAN_POINT ( 'NONE',  ( 0.5529378364870427600, -0.9577164262227863000, -0.2562499999999994800 ) ) ;
#3512 = DIRECTION ( 'NONE',  ( 0.0000000000000000000, 1.000000000000000000, 1.136151857251086800E-016 ) ) ;
#3513 = CYLINDRICAL_SURFACE ( 'NONE', #994, 0.2429999999999999900 ) ;
#3514 = ADVANCED_FACE ( 'NONE', ( #989 ), #1176, .T. ) ;
#3515 = CARTESIAN_POINT ( 'NONE',  ( -0.1222308907552928500, 1.269637219277295800, 2.341249999999998700 ) ) ;
#3516 = ORIENTED_EDGE ( 'NONE', *, *, #3062, .F. ) ;
#3517 = CARTESIAN_POINT ( 'NONE',  ( -1.560637177523351900E-016, -1.274356964481470700, 0.3390624999999992700 ) ) ;
#3518 = CARTESIAN_POINT ( 'NONE',  ( -1.530808498934212300E-016, -1.250000000000032000, -1.925000000000001600 ) ) ;
#3519 = AXIS2_PLACEMENT_3D ( 'NONE', #176, #162, #1143 ) ;
#3520 = EDGE_CURVE ( 'NONE', #1475, #3973, #315, .T. ) ;
#3521 = CARTESIAN_POINT ( 'NONE',  ( 0.5529378364870427600, -0.9577164262227859700, -2.956249999999999400 ) ) ;
#3522 = CARTESIAN_POINT ( 'NONE',  ( -0.7357503364870426900, 1.274356964481440500, -1.198437500000000500 ) ) ;
#3523 = FACE_OUTER_BOUND ( 'NONE', #1201, .T. ) ;
#3524 = DIRECTION ( 'NONE',  ( 1.224646799147353200E-016, 1.000000000000000000, 0.0000000000000000000 ) ) ;
#3525 = CARTESIAN_POINT ( 'NONE',  ( -0.1612180341806090100, 0.7876419676194534900, 2.341249999999998700 ) ) ;
#3526 = EDGE_CURVE ( 'NONE', #1829, #1090, #3380, .T. ) ;
#3527 = CARTESIAN_POINT ( 'NONE',  ( -1.269637219277294900, -0.1222308907553064200, 2.341249999999998700 ) ) ;
#3528 = CARTESIAN_POINT ( 'NONE',  ( -0.1723466781936530400, -0.4160816879250640000, 2.341249999999998700 ) ) ;
#3529 = CARTESIAN_POINT ( 'NONE',  ( -1.172864355864558400E-016, -0.9577164262227857400, -3.050000000000000300 ) ) ;
#3530 = ORIENTED_EDGE ( 'NONE', *, *, #2835, .F. ) ;
#3531 = CYLINDRICAL_SURFACE ( 'NONE', #3826, 0.2430000000000000200 ) ;
#3532 = EDGE_LOOP ( 'NONE', ( #1750, #461, #2259, #2476, #1040, #2392, #3650, #398, #199, #3033, #1194, #494, #3462, #158, #3911, #630, #565, #619, #1744, #776, #1246, #3653, #2449, #3681, #1533 ) ) ;
#3533 = AXIS2_PLACEMENT_3D ( 'NONE', #2609, #554, #1170 ) ;
#3534 = CARTESIAN_POINT ( 'NONE',  ( 0.0000000000000000000, 1.116036695352098200, -1.327343750000000000 ) ) ;
#3535 = ORIENTED_EDGE ( 'NONE', *, *, #2887, .T. ) ;
#3536 = CIRCLE ( 'NONE', #250, 3.815121252037128000 ) ;
#3537 = ADVANCED_FACE ( 'NONE', ( #2486 ), #2184, .F. ) ;
#3538 = CARTESIAN_POINT ( 'NONE',  ( -0.8294067547305646900, -0.4788582131114001400, -2.618749999999999500 ) ) ;
#3539 = CARTESIAN_POINT ( 'NONE',  ( 0.7357503364870434700, 1.274356964481440100, -0.8234375000000006000 ) ) ;
#3540 = ORIENTED_EDGE ( 'NONE', *, *, #426, .T. ) ;
#3541 = CARTESIAN_POINT ( 'NONE',  ( -0.1130009481935885400, -0.04680652530280210400, -0.7799584642923095300 ) ) ;
#3542 = CARTESIAN_POINT ( 'NONE',  ( 1.300044635131383500, 0.1570016480148607700, 2.663716614311219600 ) ) ;
#3543 = CARTESIAN_POINT ( 'NONE',  ( 0.5529378364870435300, 0.9577164262227552100, -0.1062499999999993000 ) ) ;
#3544 = CARTESIAN_POINT ( 'NONE',  ( 0.0000000000000000000, 0.9577164262227557700, -2.375000000000000400 ) ) ;
#3545 = ORIENTED_EDGE ( 'NONE', *, *, #826, .T. ) ;
#3546 = EDGE_LOOP ( 'NONE', ( #2276, #2586, #3, #2602, #1479, #2214, #2061, #3222, #1785, #309, #872, #3481 ) ) ;
#3547 = CARTESIAN_POINT ( 'NONE',  ( -1.082531754730562600, 0.6249999999999934500, -1.568749999999998300 ) ) ;
#3548 = CARTESIAN_POINT ( 'NONE',  ( -1.233553727824346500, 0.1550073732554643500, 2.341249999999998700 ) ) ;
#3549 = CARTESIAN_POINT ( 'NONE',  ( -0.8940084514401288600, 0.7420756627897736600, 0.5612269189149372600 ) ) ;
#3550 = EDGE_CURVE ( 'NONE', #1522, #2969, #3074, .T. ) ;
#3551 = CARTESIAN_POINT ( 'NONE',  ( -1.105875672974086000, -1.485615758466961500E-014, -3.162500000000000100 ) ) ;
#3552 = ORIENTED_EDGE ( 'NONE', *, *, #2964, .F. ) ;
#3553 = CARTESIAN_POINT ( 'NONE',  ( 0.0000000000000000000, 8.824749453576962700E-016, 3.049999999999998900 ) ) ;
#3554 = CARTESIAN_POINT ( 'NONE',  ( 1.443375672974083900, -1.530612359967744800E-014, -2.206249999999998500 ) ) ;
#3555 = CARTESIAN_POINT ( 'NONE',  ( 1.264054038521901700, -0.1888999839212804900, 2.663716650179718900 ) ) ;
#3556 = CARTESIAN_POINT ( 'NONE',  ( 0.0000000000000000000, 0.9577164262227553200, 1.281250000000000700 ) ) ;
#3557 = DIRECTION ( 'NONE',  ( -0.1045058763748856100, 0.02078751127481550500, 0.9943069954385902500 ) ) ;
#3558 =( BOUNDED_CURVE ( )  B_SPLINE_CURVE ( 2, ( #2058, #37, #695, #3094, #2415, #2088, #9, #1342, #21, #370, #3780, #4127, #2444, #2387, #1746, #334, #64, #3383, #2727, #1389, #1702, #3768, #1377, #3081, #679, #1031, #3066, #1018, #3733, #4083, #2403, #353, #2741, #1732, #3408, #1718, #3751 ),
 .UNSPECIFIED., .F., .T. ) 
 B_SPLINE_CURVE_WITH_KNOTS ( ( 3, 2, 2, 2, 2, 2, 2, 2, 2, 2, 2, 2, 2, 2, 2, 2, 2, 2, 3 ),
 ( 0.2499999999999999400, 0.2916666666666666300, 0.3333333333333332600, 0.3749999999999999400, 0.4166666666666666300, 0.4583333333333332600, 0.4999999999999999400, 0.5416666666666665200, 0.5833333333333332600, 0.6250000000000000000, 0.6666666666666666300, 0.7083333333333332600, 0.7500000000000000000, 0.7916666666666665200, 0.8333333333333332600, 0.8750000000000000000, 0.9166666666666665200, 0.9583333333333332600, 1.000000000000000000 ),
 .UNSPECIFIED. ) 
 CURVE ( )  GEOMETRIC_REPRESENTATION_ITEM ( )  RATIONAL_B_SPLINE_CURVE ( ( 1.000000000000000200, 0.8660254037844384900, 1.000000000000000000, 0.8660254037844387100, 1.000000000000000000, 0.8660254037844387100, 1.000000000000000000, 0.8660254037844387100, 1.000000000000000000, 0.8660254037844387100, 1.000000000000000000, 0.8660254037844387100, 1.000000000000000000, 0.8660254037844387100, 1.000000000000000000, 0.8660254037844387100, 1.000000000000000000, 0.8660254037844387100, 1.000000000000000000, 0.8660254037844387100, 1.000000000000000000, 0.8660254037844387100, 1.000000000000000000, 0.8660254037844387100, 1.000000000000000000, 0.8660254037844387100, 1.000000000000000000, 0.8660254037844387100, 1.000000000000000000, 0.8660254037844387100, 1.000000000000000000, 0.8660254037844387100, 1.000000000000000000, 0.8660254037844387100, 1.000000000000000000, 0.8660254037844387100, 1.000000000000000000 ) ) 
 REPRESENTATION_ITEM ( '' )  );
#3559 = ADVANCED_FACE ( 'NONE', ( #1828 ), #3692, .T. ) ;
#3560 = EDGE_LOOP ( 'NONE', ( #62, #4043, #233, #2437 ) ) ;
#3561 = CARTESIAN_POINT ( 'NONE',  ( 0.5855751098471130300, 0.5855751098471132500, 3.010953422257076600 ) ) ;
#3562 = CARTESIAN_POINT ( 'NONE',  ( 0.2388190340831452500, 0.7712360881032180900, 2.963638974742667500 ) ) ;
#3563 = LINE ( 'NONE', #3534, #482 ) ;
#3564 = CARTESIAN_POINT ( 'NONE',  ( -0.1713891996905954900, 1.280964105558838100, 2.497112667129957900 ) ) ;
#3565 = CARTESIAN_POINT ( 'NONE',  ( -0.9439818198462144300, 0.6810838113355067700, 0.5671945259968906900 ) ) ;
#3566 = B_SPLINE_CURVE_WITH_KNOTS ( 'NONE', 3,
 ( #1295, #1909, #1687, #3051, #2696, #293, #352 ),
 .UNSPECIFIED., .F., .F.,
 ( 4, 3, 4 ),
 ( 4.370558682921689100E-019, 0.0002409220116069784800, 0.0004870493230726158400 ),
 .UNSPECIFIED. ) ;
#3567 = CARTESIAN_POINT ( 'NONE',  ( 0.8294067547305650200, 0.4788582131113697200, -2.900000000000000400 ) ) ;
#3568 = CARTESIAN_POINT ( 'NONE',  ( 0.0000000000000000000, 2.602085213965210600E-015, 2.812633460563340300 ) ) ;
#3569 = CARTESIAN_POINT ( 'NONE',  ( -0.5529378364870428700, 0.9577164262227556600, -0.5374999999999999800 ) ) ;
#3570 = CARTESIAN_POINT ( 'NONE',  ( -0.2492413902330823700, 0.7733092236386793800, 3.062801069624937700 ) ) ;
#3571 = ORIENTED_EDGE ( 'NONE', *, *, #285, .T. ) ;
#3572 = LINE ( 'NONE', #2638, #3111 ) ;
#3573 = ORIENTED_EDGE ( 'NONE', *, *, #3947, .F. ) ;
#3574 = CARTESIAN_POINT ( 'NONE',  ( -1.530808498934212000E-016, -1.250000000000032000, -1.418749999999998400 ) ) ;
#3575 = CARTESIAN_POINT ( 'NONE',  ( 0.2388190340831439500, -0.7712360881032200900, 2.963638974742666100 ) ) ;
#3576 = EDGE_CURVE ( 'NONE', #2045, #566, #141, .T. ) ;
#3577 = FACE_OUTER_BOUND ( 'NONE', #91, .T. ) ;
#3578 = ADVANCED_FACE ( 'NONE', ( #1197 ), #4331, .T. ) ;
#3579 = CARTESIAN_POINT ( 'NONE',  ( 0.0000000000000000000, 8.824749453576962700E-016, 3.049999999999998900 ) ) ;
#3580 = DIRECTION ( 'NONE',  ( -0.0000000000000000000, -1.224646799147353200E-016, 1.000000000000000000 ) ) ;
#3581 = ORIENTED_EDGE ( 'NONE', *, *, #1737, .T. ) ;
#3582 = CARTESIAN_POINT ( 'NONE',  ( 0.8294067547305650200, 0.4788582131113696700, -2.450000000000000200 ) ) ;
#3583 = VECTOR ( 'NONE', #1696, 1000.000000000000100 ) ;
#3584 = ORIENTED_EDGE ( 'NONE', *, *, #1708, .T. ) ;
#3585 = CARTESIAN_POINT ( 'NONE',  ( -1.233553727824348500, -0.1550073732554536600, 2.341249999999998700 ) ) ;
#3586 = CARTESIAN_POINT ( 'NONE',  ( 0.2388190340831452500, 0.7712360881032180900, 2.963638974742667500 ) ) ;
#3587 = ORIENTED_EDGE ( 'NONE', *, *, #2284, .T. ) ;
#3588 = DIRECTION ( 'NONE',  ( -1.314372357933819700E-016, -1.000000000000000000, 0.0000000000000000000 ) ) ;
#3589 = ORIENTED_EDGE ( 'NONE', *, *, #2803, .F. ) ;
#3590 = DIRECTION ( 'NONE',  ( 0.0000000000000000000, -1.000000000000000000, 0.0000000000000000000 ) ) ;
#3591 = CARTESIAN_POINT ( 'NONE',  ( -0.1718001023977748200, 1.248810871069865800, 2.501022145241214500 ) ) ;
#3592 = CARTESIAN_POINT ( 'NONE',  ( 0.0000000000000000000, 0.9577164262227554300, -0.06874999999999936700 ) ) ;
#3593 = VERTEX_POINT ( 'NONE', #2583 ) ;
#3594 = CARTESIAN_POINT ( 'NONE',  ( -1.172864355864558400E-016, -0.9577164262227858500, -2.600000000000000500 ) ) ;
#3595 = ORIENTED_EDGE ( 'NONE', *, *, #44, .F. ) ;
#3596 = VERTEX_POINT ( 'NONE', #4280 ) ;
#3597 = CARTESIAN_POINT ( 'NONE',  ( 0.1612180341806153100, 0.7876419676194526000, 2.341249999999998700 ) ) ;
#3598 = CARTESIAN_POINT ( 'NONE',  ( -0.8657918773917474600, -0.4725142672080048200, 3.037400653050897700 ) ) ;
#3599 = ADVANCED_FACE ( 'NONE', ( #2208 ), #237, .T. ) ;
#3600 = CARTESIAN_POINT ( 'NONE',  ( 0.8008042420523375800, -0.2259697001486588600, 2.958349045320477300 ) ) ;
#3601 = ORIENTED_EDGE ( 'NONE', *, *, #1560, .T. ) ;
#3602 = CARTESIAN_POINT ( 'NONE',  ( -1.249418676946339100, 0.1516233928923945700, 2.341249999999998700 ) ) ;
#3603 = CARTESIAN_POINT ( 'NONE',  ( 0.6165133555418612600, 0.8964334704059012700, -2.938911184500255600 ) ) ;
#3604 = DIRECTION ( 'NONE',  ( 0.0000000000000000000, -1.000000000000000000, -1.224646799147353200E-016 ) ) ;
#3605 = CARTESIAN_POINT ( 'NONE',  ( 0.5529378364870435300, 0.9577164262227552100, -1.006249999999999400 ) ) ;
#3606 = EDGE_CURVE ( 'NONE', #4277, #2644, #804, .T. ) ;
#3607 = CARTESIAN_POINT ( 'NONE',  ( -0.5529378364870433100, -0.9577164262227855200, -2.581249999999998900 ) ) ;
#3608 =( BOUNDED_CURVE ( )  B_SPLINE_CURVE ( 3, ( #2615, #1259, #894, #269 ),
 .UNSPECIFIED., .F., .F. ) 
 B_SPLINE_CURVE_WITH_KNOTS ( ( 4, 4 ),
 ( 2.946332657651817000, 3.336852649527768800 ),
 .UNSPECIFIED. ) 
 CURVE ( )  GEOMETRIC_REPRESENTATION_ITEM ( )  RATIONAL_B_SPLINE_CURVE ( ( 1.000000000000000000, 0.9873315052531760300, 0.9873315052531760300, 1.000000000000000000 ) ) 
 REPRESENTATION_ITEM ( '' )  );
#3609 = CARTESIAN_POINT ( 'NONE',  ( -1.105875672974086000, -1.485615758466961500E-014, -3.162500000000000100 ) ) ;
#3610 = DIRECTION ( 'NONE',  ( 0.02078751127481439200, -0.1045058763748859000, 0.9943069954385901400 ) ) ;
#3611 = DIRECTION ( 'NONE',  ( -8.881784197001252300E-016, -1.000000000000000000, -8.673617379884034200E-017 ) ) ;
#3612 = CARTESIAN_POINT ( 'NONE',  ( -0.6878297813840265100, 0.9959507668412018700, 0.6777483478307537700 ) ) ;
#3613 = ORIENTED_EDGE ( 'NONE', *, *, #845, .F. ) ;
#3614 = CARTESIAN_POINT ( 'NONE',  ( 0.5529378364870427600, -0.9577164262227864100, 1.093750000000000200 ) ) ;
#3615 = CARTESIAN_POINT ( 'NONE',  ( 0.7357503364870434700, 1.274356964481440100, -1.695312499999999300 ) ) ;
#3616 = LINE ( 'NONE', #1715, #4310 ) ;
#3617 = CARTESIAN_POINT ( 'NONE',  ( -0.4160816879250652200, -0.1723466781936526800, 2.341249999999998700 ) ) ;
#3618 = CARTESIAN_POINT ( 'NONE',  ( -3.688235436565901200E-014, 1.107355715851503900, -2.911394284148500300 ) ) ;
#3619 = CARTESIAN_POINT ( 'NONE',  ( 0.0000000000000000000, 2.070106209874711500E-015, 2.341249999999998700 ) ) ;
#3620 = CARTESIAN_POINT ( 'NONE',  ( -0.8294067547305644700, 0.4788582131113703900, -1.793749999999999300 ) ) ;
#3621 = EDGE_LOOP ( 'NONE', ( #4140, #935, #1767, #3181, #3475, #730, #3082, #3587, #2579 ) ) ;
#3622 = CARTESIAN_POINT ( 'NONE',  ( -0.8294067547305645800, 0.4788582131113704500, -1.850000000000000300 ) ) ;
#3623 = CARTESIAN_POINT ( 'NONE',  ( -1.082531754730562800, -0.6250000000000234300, 0.7562500000000013100 ) ) ;
#3624 = DIRECTION ( 'NONE',  ( 9.148237722911291200E-014, -1.000000000000000000, -3.272935279635732700E-016 ) ) ;
#3625 = CARTESIAN_POINT ( 'NONE',  ( 0.7216878364870422700, 1.250000000000001100, -1.287500000000001400 ) ) ;
#3626 = CIRCLE ( 'NONE', #2811, 3.815121252037127600 ) ;
#3627 = PERSON_AND_ORGANIZATION ( #3797, #4273 ) ;
#3628 = CARTESIAN_POINT ( 'NONE',  ( -1.103625504730564300, 0.6371784822407130500, -2.482812499999998800 ) ) ;
#3629 = CARTESIAN_POINT ( 'NONE',  ( 1.530808498934191800E-016, 1.250000000000001100, 3.049999999999998900 ) ) ;
#3630 = ORIENTED_EDGE ( 'NONE', *, *, #3664, .T. ) ;
#3631 = CARTESIAN_POINT ( 'NONE',  ( 0.1698177346798754300, 7.134606215249804900E-016, -0.7492544607789049000 ) ) ;
#3632 = ORIENTED_EDGE ( 'NONE', *, *, #3633, .T. ) ;
#3633 = EDGE_CURVE ( 'NONE', #3129, #2351, #3317, .T. ) ;
#3634 = CARTESIAN_POINT ( 'NONE',  ( -1.293491522076247700, 0.2018479033757480400, 2.818480973344250600 ) ) ;
#3635 = LINE ( 'NONE', #3500, #2754 ) ;
#3636 = APPROVAL_STATUS ( 'not_yet_approved' ) ;
#3637 = CARTESIAN_POINT ( 'NONE',  ( 1.105875672974086000, -1.532678951441306000E-014, -1.531249999999999600 ) ) ;
#3638 = VERTEX_POINT ( 'NONE', #1537 ) ;
#3639 = CARTESIAN_POINT ( 'NONE',  ( -1.560637177523351900E-016, -1.274356964481470700, -0.5328124999999994700 ) ) ;
#3640 = CARTESIAN_POINT ( 'NONE',  ( -1.105875672974086000, -1.508348264676134700E-014, -1.306249999999999200 ) ) ;
#3641 = ORIENTED_EDGE ( 'NONE', *, *, #3274, .T. ) ;
#3642 = CARTESIAN_POINT ( 'NONE',  ( -1.172864355864558400E-016, -0.9577164262227858500, -2.149999999999999900 ) ) ;
#3643 = CARTESIAN_POINT ( 'NONE',  ( -0.7216878364870412700, 1.250000000000002400, 0.1374999999999987600 ) ) ;
#3644 = DIRECTION ( 'NONE',  ( 0.0000000000000000000, -1.000000000000000000, -1.787345686866801400E-016 ) ) ;
#3645 = CARTESIAN_POINT ( 'NONE',  ( 0.0000000000000000000, 1.250000000000001600, -0.3500000000000013700 ) ) ;
#3646 = CARTESIAN_POINT ( 'NONE',  ( -1.230423412398489600, 0.01802759775931986700, 0.7337711873187968700 ) ) ;
#3647 = ORIENTED_EDGE ( 'NONE', *, *, #1892, .T. ) ;
#3648 = CARTESIAN_POINT ( 'NONE',  ( 0.0000000000000000000, 0.9577164262227554300, 0.3812500000000007500 ) ) ;
#3649 = CARTESIAN_POINT ( 'NONE',  ( 1.103625504730564100, -0.6371784822407433600, -2.707812499999999300 ) ) ;
#3650 = ORIENTED_EDGE ( 'NONE', *, *, #4183, .T. ) ;
#3651 = CARTESIAN_POINT ( 'NONE',  ( -1.269637219277290500, 0.1222308907553451800, 2.341249999999998700 ) ) ;
#3652 = DIRECTION ( 'NONE',  ( 1.000000000000000000, -1.224646799147353200E-016, -1.499759782661857600E-032 ) ) ;
#3653 = ORIENTED_EDGE ( 'NONE', *, *, #1195, .T. ) ;
#3654 = CARTESIAN_POINT ( 'NONE',  ( -0.7161672018555862400, -0.6476327087687731000, -3.050000000000000700 ) ) ;
#3655 = CARTESIAN_POINT ( 'NONE',  ( 0.0000000000000000000, 0.9577164262227555500, -1.418749999999999500 ) ) ;
#3656 = CARTESIAN_POINT ( 'NONE',  ( 0.0000000000000000000, 1.274356964481440300, -0.3078124999999989300 ) ) ;
#3657 = CARTESIAN_POINT ( 'NONE',  ( 0.0000000000000000000, 0.9577164262227555500, -1.418749999999999500 ) ) ;
#3658 = CARTESIAN_POINT ( 'NONE',  ( -0.1547197054078619200, 1.238129249720998800, 2.341249999999998700 ) ) ;
#3659 = CARTESIAN_POINT ( 'NONE',  ( 1.275507373255449400, 2.070106209874711500E-015, 2.341249999999998700 ) ) ;
#3660 = VERTEX_POINT ( 'NONE', #3950 ) ;
#3661 = CARTESIAN_POINT ( 'NONE',  ( 0.8294067547305643600, -0.4788582131114010900, -0.2187499999999995000 ) ) ;
#3662 = AXIS2_PLACEMENT_3D ( 'NONE', #628, #4016, #4355 ) ;
#3663 = CARTESIAN_POINT ( 'NONE',  ( -1.471500672974085600, -1.486649054203742700E-014, -2.895312499999998800 ) ) ;
#3664 = EDGE_CURVE ( 'NONE', #3660, #3788, #1825, .T. ) ;
#3665 = CARTESIAN_POINT ( 'NONE',  ( -1.172864355864558200E-016, -0.9577164262227858500, -0.7437499999999993600 ) ) ;
#3666 = CARTESIAN_POINT ( 'NONE',  ( -1.082531754730562800, 0.6249999999999934500, -1.175000000000001200 ) ) ;
#3667 = CARTESIAN_POINT ( 'NONE',  ( -1.530808498934212300E-016, -1.250000000000032000, -2.768749999999998500 ) ) ;
#3668 = CARTESIAN_POINT ( 'NONE',  ( -1.279773948623544900, 0.2056606492992475200, 2.823183729080887900 ) ) ;
#3669 = CARTESIAN_POINT ( 'NONE',  ( -3.630994636772468600E-014, -1.233674621513579400, 0.7655745383362204700 ) ) ;
#3670 = CARTESIAN_POINT ( 'NONE',  ( -0.8633221105560779900, -0.2184290902842113100, 2.944667330124168400 ) ) ;
#3671 = CARTESIAN_POINT ( 'NONE',  ( -1.560637177523351900E-016, -1.274356964481471000, 0.3671875000000005600 ) ) ;
#3672 = EDGE_CURVE ( 'NONE', #1733, #562, #3879, .T. ) ;
#3673 = CARTESIAN_POINT ( 'NONE',  ( 1.359625838540878500E-016, 0.9687500000000043300, -3.050000000000000700 ) ) ;
#3674 = VECTOR ( 'NONE', #3859, 1000.000000000000100 ) ;
#3675 = CARTESIAN_POINT ( 'NONE',  ( -0.1440619839387760300, 1.259543768636260900, 2.341249999999998700 ) ) ;
#3676 = FACE_OUTER_BOUND ( 'NONE', #1078, .T. ) ;
#3677 = CARTESIAN_POINT ( 'NONE',  ( 0.1445212860132332700, 1.259408983444588300, 2.341249999999998700 ) ) ;
#3678 = CARTESIAN_POINT ( 'NONE',  ( 0.8633221105560781000, 0.2184290902842105400, 2.944667330124168400 ) ) ;
#3679 = CARTESIAN_POINT ( 'NONE',  ( 0.5529378364870435300, 0.9577164262227552100, -0.1062499999999993000 ) ) ;
#3680 = CARTESIAN_POINT ( 'NONE',  ( 0.0000000000000000000, 1.274356964481440500, -2.557812499999999400 ) ) ;
#3681 = ORIENTED_EDGE ( 'NONE', *, *, #2693, .T. ) ;
#3682 = DIRECTION ( 'NONE',  ( 0.0000000000000000000, -1.000000000000000000, -3.212450881438537200E-016 ) ) ;
#3683 = VECTOR ( 'NONE', #222, 1000.000000000000200 ) ;
#3684 = DIRECTION ( 'NONE',  ( -3.590270802816378300E-015, -0.9945218953682732900, -0.1045284632676538200 ) ) ;
#3685 = CARTESIAN_POINT ( 'NONE',  ( -0.2055454893361390900, 1.282869001841545600, 2.822088055221576600 ) ) ;
#3686 = VERTEX_POINT ( 'NONE', #1972 ) ;
#3687 = CARTESIAN_POINT ( 'NONE',  ( -1.471500672974085400, -1.519714517780721300E-014, -0.1953124999999992200 ) ) ;
#3688 = CARTESIAN_POINT ( 'NONE',  ( 0.5529378364870427600, -0.9577164262227859700, -1.606249999999999300 ) ) ;
#3689 = CIRCLE ( 'NONE', #1113, 3.817103023916980800 ) ;
#3690 = PLANE ( 'NONE',  #114 ) ;
#3691 = ORIENTED_EDGE ( 'NONE', *, *, #1587, .T. ) ;
#3692 = CONICAL_SURFACE ( 'NONE', #2185, 1.300799999999997100, 0.3490658503988666700 ) ;
#3693 = CARTESIAN_POINT ( 'NONE',  ( 0.1345445673886335200, 1.266449120544686600, 2.341249999999998700 ) ) ;
#3694 = CARTESIAN_POINT ( 'NONE',  ( 0.1394679882712005500, 1.284851688959571100, 2.501022200396050700 ) ) ;
#3695 = VERTEX_POINT ( 'NONE', #1310 ) ;
#3696 = CARTESIAN_POINT ( 'NONE',  ( -0.5529378364870433100, -0.9577164262227858500, -0.3875000000000002300 ) ) ;
#3697 = CARTESIAN_POINT ( 'NONE',  ( 1.105875672974086000, -1.531990087616785300E-014, -1.587500000000000100 ) ) ;
#3698 = ORIENTED_EDGE ( 'NONE', *, *, #1451, .F. ) ;
#3699 =( BOUNDED_SURFACE ( )  B_SPLINE_SURFACE ( 1, 2, ( 
 ( #1086, #1070, #1763, #2466, #768, #753, #3446, #3145, #1419, #3473, #3790, #1445, #3157, #1114, #1145, #3848, #3190, #2153, #3517, #799, #1491, #1806, #3864, #1476, #1821, #144, #2852, #2520, #4202, #128, #4192, #2509, #459, #2170, #2301, #902, #961, #1283, #278, #605, #230, #249, #266, #2271, #4335, #573, #3306, #3279, #2289 ),
 ( #2670, #2623, #2340, #2658, #3961, #4349, #2639, #4012, #3661, #4029, #558, #3679, #623, #2960, #2992, #1964, #944, #925, #3978, #3338, #3010, #4316, #586, #1302, #3648, #1648, #906, #2941, #2979, #2302, #1611, #3993, #1268, #3324, #4367, #1985, #1633, #2612, #3295, #2326, #1932, #891, #1235, #3614, #1950, #1583, #1913, #4302, #1254 ) ),
 .UNSPECIFIED., .F., .F., .F. ) 
 B_SPLINE_SURFACE_WITH_KNOTS ( ( 2, 2 ),
 ( 3, 2, 2, 2, 2, 2, 2, 2, 2, 2, 2, 2, 2, 2, 2, 2, 2, 2, 2, 2, 2, 2, 2, 2, 3 ),
 ( 0.0000000000000000000, 1.000000000000000000 ),
 ( 0.0000000000000000000, 0.04166666666666666400, 0.08333333333333332900, 0.1250000000000000000, 0.1666666666666666600, 0.2083333333333333400, 0.2500000000000000000, 0.2916666666666666900, 0.3333333333333333100, 0.3750000000000000000, 0.4166666666666666900, 0.4583333333333333100, 0.5000000000000000000, 0.5416666666666666300, 0.5833333333333333700, 0.6250000000000000000, 0.6666666666666666300, 0.7083333333333333700, 0.7500000000000000000, 0.7916666666666666300, 0.8333333333333333700, 0.8750000000000000000, 0.9166666666666666300, 0.9583333333333333700, 1.000000000000000000 ),
 .UNSPECIFIED. ) 
 GEOMETRIC_REPRESENTATION_ITEM ( )  RATIONAL_B_SPLINE_SURFACE ( (
 ( 1.000000000000000000, 0.8660254037844387100, 1.000000000000000000, 0.8660254037844387100, 1.000000000000000000, 0.8660254037844387100, 1.000000000000000000, 0.8660254037844387100, 1.000000000000000000, 0.8660254037844387100, 1.000000000000000000, 0.8660254037844387100, 1.000000000000000000, 0.8660254037844387100, 1.000000000000000000, 0.8660254037844387100, 1.000000000000000000, 0.8660254037844387100, 1.000000000000000000, 0.8660254037844387100, 1.000000000000000000, 0.8660254037844387100, 1.000000000000000000, 0.8660254037844387100, 1.000000000000000000, 0.8660254037844387100, 1.000000000000000000, 0.8660254037844387100, 1.000000000000000000, 0.8660254037844387100, 1.000000000000000000, 0.8660254037844387100, 1.000000000000000000, 0.8660254037844387100, 1.000000000000000000, 0.8660254037844387100, 1.000000000000000000, 0.8660254037844387100, 1.000000000000000000, 0.8660254037844387100, 1.000000000000000000, 0.8660254037844387100, 1.000000000000000000, 0.8660254037844387100, 1.000000000000000000, 0.8660254037844387100, 1.000000000000000000, 0.8660254037844387100, 1.000000000000000000),
 ( 1.000000000000000000, 0.8660254037844387100, 1.000000000000000000, 0.8660254037844387100, 1.000000000000000000, 0.8660254037844387100, 1.000000000000000000, 0.8660254037844387100, 1.000000000000000000, 0.8660254037844387100, 1.000000000000000000, 0.8660254037844387100, 1.000000000000000000, 0.8660254037844387100, 1.000000000000000000, 0.8660254037844387100, 1.000000000000000000, 0.8660254037844387100, 1.000000000000000000, 0.8660254037844387100, 1.000000000000000000, 0.8660254037844387100, 1.000000000000000000, 0.8660254037844387100, 1.000000000000000000, 0.8660254037844387100, 1.000000000000000000, 0.8660254037844387100, 1.000000000000000000, 0.8660254037844387100, 1.000000000000000000, 0.8660254037844387100, 1.000000000000000000, 0.8660254037844387100, 1.000000000000000000, 0.8660254037844387100, 1.000000000000000000, 0.8660254037844387100, 1.000000000000000000, 0.8660254037844387100, 1.000000000000000000, 0.8660254037844387100, 1.000000000000000000, 0.8660254037844387100, 1.000000000000000000, 0.8660254037844387100, 1.000000000000000000, 0.8660254037844387100, 1.000000000000000000) ) ) 
 REPRESENTATION_ITEM ( '' )  SURFACE ( )  );
#3700 = FACE_OUTER_BOUND ( 'NONE', #3621, .T. ) ;
#3701 = EDGE_CURVE ( 'NONE', #1033, #3008, #3957, .T. ) ;
#3702 = CARTESIAN_POINT ( 'NONE',  ( -1.313095783816280900, -0.1776609910175057400, 2.812633460563335000 ) ) ;
#3703 = CARTESIAN_POINT ( 'NONE',  ( 0.2835475146606530900, -1.005323377093991600, 0.2198020039970617300 ) ) ;
#3704 = CARTESIAN_POINT ( 'NONE',  ( 1.103625504730563900, -0.6371784822407435800, 0.4421875000000006200 ) ) ;
#3705 = CARTESIAN_POINT ( 'NONE',  ( 0.8294067547305642400, -0.4788582131114009800, -1.118749999999999500 ) ) ;
#3706 = AXIS2_PLACEMENT_3D ( 'NONE', #3310, #4278, #3682 ) ;
#3707 = CARTESIAN_POINT ( 'NONE',  ( 1.290852450293043900, 0.2030599636941264600, 2.819363495920215200 ) ) ;
#3708 = ORIENTED_EDGE ( 'NONE', *, *, #2912, .T. ) ;
#3709 = VERTEX_POINT ( 'NONE', #4037 ) ;
#3710 = VERTEX_POINT ( 'NONE', #2984 ) ;
#3711 = DIRECTION ( 'NONE',  ( 0.0000000000000000000, -1.000000000000000000, 0.0000000000000000000 ) ) ;
#3712 = CARTESIAN_POINT ( 'NONE',  ( -1.105875672974086000, -1.513170311447776900E-014, -0.9125000000000000900 ) ) ;
#3713 = CARTESIAN_POINT ( 'NONE',  ( 0.5529378364870435300, 0.9577164262227552100, -1.006249999999999400 ) ) ;
#3714 = CARTESIAN_POINT ( 'NONE',  ( 1.300404126893899300, -0.1975687553004043800, 2.816220661838866800 ) ) ;
#3715 = CARTESIAN_POINT ( 'NONE',  ( -0.5855751098471130300, -0.5855751098471141400, 3.010953422257076600 ) ) ;
#3716 = ORIENTED_EDGE ( 'NONE', *, *, #2079, .F. ) ;
#3717 = CARTESIAN_POINT ( 'NONE',  ( 0.8294067547305642400, -0.4788582131114009800, -1.175000000000000300 ) ) ;
#3718 = AXIS2_PLACEMENT_3D ( 'NONE', #3579, #165, #870 ) ;
#3719 = CARTESIAN_POINT ( 'NONE',  ( 1.155568310436919000, -0.1233692863583185400, 0.5421260217139205500 ) ) ;
#3720 = CARTESIAN_POINT ( 'NONE',  ( -0.9576776161538873600, 0.2477807459254095000, 0.007385628061266999300 ) ) ;
#3721 = CARTESIAN_POINT ( 'NONE',  ( 0.9921789089058713500, 0.2929082590863416000, 0.1945973299589121600 ) ) ;
#3722 = AXIS2_PLACEMENT_3D ( 'NONE', #3561, #471, #811 ) ;
#3723 = CARTESIAN_POINT ( 'NONE',  ( 0.8294067547305642400, -0.4788582131114009200, -1.625000000000000200 ) ) ;
#3724 = EDGE_CURVE ( 'NONE', #981, #1207, #2920, .T. ) ;
#3725 = DIRECTION ( 'NONE',  ( 0.0000000000000000000, -0.9945218953682732900, 0.1045284632676529200 ) ) ;
#3726 = CARTESIAN_POINT ( 'NONE',  ( -0.1734033168550284700, -0.7582240929255355000, 2.341249999999998700 ) ) ;
#3727 = CARTESIAN_POINT ( 'NONE',  ( 1.263738710651996400, -0.1886185796330425200, 2.661039267222441700 ) ) ;
#3728 = CARTESIAN_POINT ( 'NONE',  ( -0.2056980069268585800, 1.278769920465367100, 2.823539163165361500 ) ) ;
#3729 = CARTESIAN_POINT ( 'NONE',  ( 0.7582240929255343900, -0.1734033168550314100, 2.341249999999998700 ) ) ;
#3730 = EDGE_CURVE ( 'NONE', #740, #500, #1437, .T. ) ;
#3731 = CARTESIAN_POINT ( 'NONE',  ( 0.5529378364870427600, -0.9577164262227861900, -0.2562499999999995300 ) ) ;
#3732 = PERSON_AND_ORGANIZATION_ROLE ( 'classification_officer' ) ;
#3733 = CARTESIAN_POINT ( 'NONE',  ( -0.8294067547305645800, -0.4788582131114003700, -0.4250000000000002700 ) ) ;
#3734 = CYLINDRICAL_SURFACE ( 'NONE', #265, 0.2430000000000000200 ) ;
#3735 = DIRECTION ( 'NONE',  ( 0.0000000000000000000, 0.0000000000000000000, 1.000000000000000000 ) ) ;
#3736 = CARTESIAN_POINT ( 'NONE',  ( -0.5529378364870433100, -0.9577164262227855200, -0.8375000000000001300 ) ) ;
#3737 = CARTESIAN_POINT ( 'NONE',  ( 0.1376985440036893300, -1.264748483051132400, 2.341249999999998700 ) ) ;
#3738 = CARTESIAN_POINT ( 'NONE',  ( 0.0000000000000000000, 1.250000000000001600, -1.250000000000001300 ) ) ;
#3739 = FACE_OUTER_BOUND ( 'NONE', #1184, .T. ) ;
#3740 = CARTESIAN_POINT ( 'NONE',  ( -0.4371760101403666700, 0.3063857869185308000, 2.341249999999998700 ) ) ;
#3741 = CARTESIAN_POINT ( 'NONE',  ( -0.3594804923862259800, 0.4902707156080788900, 3.001276454878518700 ) ) ;
#3742 = CARTESIAN_POINT ( 'NONE',  ( 0.1730352898830033200, -1.313705060252007300, 2.812633460563337200 ) ) ;
#3743 = ORIENTED_EDGE ( 'NONE', *, *, #3225, .F. ) ;
#3744 = CARTESIAN_POINT ( 'NONE',  ( 0.7505026400426326700, -0.9851242161258285700, -2.790014643196529100 ) ) ;
#3745 = CARTESIAN_POINT ( 'NONE',  ( 1.105875672974086000, -1.531990087616785300E-014, -1.587500000000000100 ) ) ;
#3746 = CARTESIAN_POINT ( 'NONE',  ( -1.530808498934212000E-016, -1.250000000000032000, 0.3249999999999984600 ) ) ;
#3747 = ORIENTED_EDGE ( 'NONE', *, *, #3389, .F. ) ;
#3748 = CIRCLE ( 'NONE', #990, 1.275507373255449400 ) ;
#3749 = VERTEX_POINT ( 'NONE', #1955 ) ;
#3750 = CARTESIAN_POINT ( 'NONE',  ( 0.0000000000000000000, 0.0000000000000000000, 0.0000000000000000000 ) ) ;
#3751 = CARTESIAN_POINT ( 'NONE',  ( 0.0000000000000000000, 0.9577164262227554300, -0.1250000000000000000 ) ) ;
#3752 = AXIS2_PLACEMENT_3D ( 'NONE', #2916, #2626, #1890 ) ;
#3753 = ORIENTED_EDGE ( 'NONE', *, *, #533, .T. ) ;
#3754 = EDGE_CURVE ( 'NONE', #1675, #1523, #1038, .T. ) ;
#3755 = CARTESIAN_POINT ( 'NONE',  ( -0.8294067547305646900, -0.4788582131114004200, -0.4250000000000001600 ) ) ;
#3756 =( BOUNDED_CURVE ( )  B_SPLINE_CURVE ( 2, ( #738, #4134, #70, #339, #2731, #3803, #2764 ),
 .UNSPECIFIED., .F., .F. ) 
 B_SPLINE_CURVE_WITH_KNOTS ( ( 3, 2, 2, 3 ),
 ( 0.5000000000000000000, 0.5416666666666666300, 0.5833333333333332600, 0.6249999999999998900 ),
 .UNSPECIFIED. ) 
 CURVE ( )  GEOMETRIC_REPRESENTATION_ITEM ( )  RATIONAL_B_SPLINE_CURVE ( ( 1.000000000000000000, 0.8660254037844387100, 1.000000000000000000, 0.8660254037844387100, 1.000000000000000000, 0.8660254037844390400, 0.9999999999999996700 ) ) 
 REPRESENTATION_ITEM ( '' )  );
#3757 = CARTESIAN_POINT ( 'NONE',  ( 0.8651502405362171400, 0.2276197203301034700, 3.032110333944721500 ) ) ;
#3758 = CARTESIAN_POINT ( 'NONE',  ( -0.8294067547305645800, -0.4788582131114003100, -0.8750000000000001100 ) ) ;
#3759 = DIRECTION ( 'NONE',  ( -0.0000000000000000000, -1.224646799147353200E-016, 1.000000000000000000 ) ) ;
#3760 = CARTESIAN_POINT ( 'NONE',  ( 0.1770849166338353500, 1.313171661729043200, 2.812633460563339800 ) ) ;
#3761 = ORIENTED_EDGE ( 'NONE', *, *, #2216, .T. ) ;
#3762 = EDGE_CURVE ( 'NONE', #4225, #3219, #2205, .T. ) ;
#3763 = CARTESIAN_POINT ( 'NONE',  ( 0.1935152916962991900, -1.304614631299512600, 2.814911307487915500 ) ) ;
#3764 = ORIENTED_EDGE ( 'NONE', *, *, #3762, .F. ) ;
#3765 = CARTESIAN_POINT ( 'NONE',  ( 0.4160816879250636100, 0.1723466781936561200, 2.341249999999998700 ) ) ;
#3766 = CARTESIAN_POINT ( 'NONE',  ( 0.8294067547305642400, -0.4788582131114010300, -0.2750000000000003000 ) ) ;
#3767 = CARTESIAN_POINT ( 'NONE',  ( -0.7357503364870433500, -1.274356964481470500, -2.398437500000000400 ) ) ;
#3768 = CARTESIAN_POINT ( 'NONE',  ( 1.105875672974086000, -1.543011908809111400E-014, -0.6875000000000002200 ) ) ;
#3769 = AXIS2_PLACEMENT_3D ( 'NONE', #1868, #2223, #186 ) ;
#3770 = CARTESIAN_POINT ( 'NONE',  ( 1.082531754730562400, -0.6250000000000242000, 0.4562500000000014300 ) ) ;
#3771 = CARTESIAN_POINT ( 'NONE',  ( -0.1550073732554517500, -1.233553727824348500, 2.341249999999998700 ) ) ;
#3772 = B_SPLINE_CURVE_WITH_KNOTS ( 'NONE', 3,
 ( #3510, #4197, #833, #1853, #2161, #1120, #4208, #133, #225, #2574, #2589, #2606, #552, #875, #2952, #3585 ),
 .UNSPECIFIED., .F., .F.,
 ( 4, 3, 3, 3, 3, 4 ),
 ( 2.710505431213760800E-020, 1.219814803096910900E-005, 2.440086206468108100E-005, 3.654125650771332600E-005, 4.866310158167797000E-005, 5.319183911605384900E-005 ),
 .UNSPECIFIED. ) ;
#3773 = CARTESIAN_POINT ( 'NONE',  ( 0.0000000000000000000, 0.9577164262227557700, -3.218749999999999600 ) ) ;
#3774 = CARTESIAN_POINT ( 'NONE',  ( 0.1340062634347005400, -1.266453602835777300, 2.341249999999998700 ) ) ;
#3775 = DIRECTION ( 'NONE',  ( -0.0000000000000000000, -1.224646799147353200E-016, 1.000000000000000000 ) ) ;
#3776 = DIRECTION ( 'NONE',  ( 0.0000000000000000000, -1.000000000000000000, 0.0000000000000000000 ) ) ;
#3777 = CARTESIAN_POINT ( 'NONE',  ( -1.105875672974086000, -1.518681222043940100E-014, -0.4625000000000002400 ) ) ;
#3778 = DIRECTION ( 'NONE',  ( -1.000000000000000000, 0.0000000000000000000, -0.0000000000000000000 ) ) ;
#3779 = CARTESIAN_POINT ( 'NONE',  ( -0.1745211440175613300, 1.314971652835832600, 2.826433334171256600 ) ) ;
#3780 = CARTESIAN_POINT ( 'NONE',  ( 0.8294067547305649100, 0.4788582131113694500, -1.100000000000000300 ) ) ;
#3781 = LINE ( 'NONE', #3404, #3253 ) ;
#3782 = CARTESIAN_POINT ( 'NONE',  ( -0.8294067547305645800, 0.4788582131113705600, -2.693749999999999600 ) ) ;
#3783 = CARTESIAN_POINT ( 'NONE',  ( 0.0000000000000000000, 1.274356964481440300, -0.3078124999999990500 ) ) ;
#3784 = EDGE_CURVE ( 'NONE', #2221, #104, #718, .T. ) ;
#3785 = CARTESIAN_POINT ( 'NONE',  ( 0.1440619839387849400, -1.259543768636260500, 2.341249999999998700 ) ) ;
#3786 = CARTESIAN_POINT ( 'NONE',  ( 0.1971579831030215400, 1.271286872466284500, 2.742286264057520700 ) ) ;
#3787 = CIRCLE ( 'NONE', #2072, 3.813281901587955800 ) ;
#3788 = VERTEX_POINT ( 'NONE', #1710 ) ;
#3789 = EDGE_CURVE ( 'NONE', #1090, #4225, #3748, .T. ) ;
#3790 = CARTESIAN_POINT ( 'NONE',  ( 1.103625504730564500, 0.6371784822407116100, 0.03906249999999949300 ) ) ;
#3791 = CARTESIAN_POINT ( 'NONE',  ( -0.5529378364870428700, 0.9577164262227554300, -0.08749999999999999400 ) ) ;
#3792 = ORIENTED_EDGE ( 'NONE', *, *, #260, .F. ) ;
#3793 = CYLINDRICAL_SURFACE ( 'NONE', #3419, 1.250000000000000200 ) ;
#3794 = ORIENTED_EDGE ( 'NONE', *, *, #152, .T. ) ;
#3795 = CARTESIAN_POINT ( 'NONE',  ( 0.0000000000000000000, 1.274356964481440500, -1.685937500000000500 ) ) ;
#3796 = LOCAL_TIME ( 11, 32, 4.000000000000000000, #3113 ) ;
#3797 = PERSON ( 'UNSPECIFIED', 'UNSPECIFIED', 'UNSPECIFIED', ('UNSPECIFIED'), ('UNSPECIFIED'), ('UNSPECIFIED') ) ;
#3798 = CARTESIAN_POINT ( 'NONE',  ( -0.8294067547305646900, -0.4788582131114002500, -1.718749999999999600 ) ) ;
#3799 = CIRCLE ( 'NONE', #351, 1.275507373255449400 ) ;
#3800 = B_SPLINE_CURVE_WITH_KNOTS ( 'NONE', 3,
 ( #1066, #3786, #1789, #749, #3501, #2463, #2474 ),
 .UNSPECIFIED., .F., .F.,
 ( 4, 3, 4 ),
 ( 8.711650476514994500E-019, 0.0002461273139033466300, 0.0004870493278964788800 ),
 .UNSPECIFIED. ) ;
#3801 = CARTESIAN_POINT ( 'NONE',  ( 0.7357503364870434700, 1.274356964481440100, -1.695312499999998900 ) ) ;
#3802 = EDGE_LOOP ( 'NONE', ( #3814, #527, #557, #4334 ) ) ;
#3803 = CARTESIAN_POINT ( 'NONE',  ( -0.7216878364870434900, -1.250000000000030400, 0.7374999999999982700 ) ) ;
#3804 = VECTOR ( 'NONE', #1884, 999.9999999999998900 ) ;
#3805 = ORIENTED_EDGE ( 'NONE', *, *, #1989, .T. ) ;
#3806 = ORIENTED_EDGE ( 'NONE', *, *, #170, .T. ) ;
#3807 = VECTOR ( 'NONE', #3880, 1000.000000000000100 ) ;
#3808 = DIRECTION ( 'NONE',  ( 1.000000000000000000, 0.0000000000000000000, 0.0000000000000000000 ) ) ;
#3809 = CARTESIAN_POINT ( 'NONE',  ( 0.8294067547305643600, -0.4788582131114010900, -0.2750000000000002400 ) ) ;
#3810 = CARTESIAN_POINT ( 'NONE',  ( 1.103625504730564800, 0.6371784822407120500, -2.660937500000000600 ) ) ;
#3811 = DIRECTION ( 'NONE',  ( 0.02078751127481454100, 0.1045058763748856800, 0.9943069954385902500 ) ) ;
#3812 = EDGE_CURVE ( 'NONE', #1152, #2498, #183, .T. ) ;
#3813 = CARTESIAN_POINT ( 'NONE',  ( -1.172864355864558400E-016, -0.9577164262227859700, -1.643749999999999600 ) ) ;
#3814 = ORIENTED_EDGE ( 'NONE', *, *, #3754, .F. ) ;
#3815 = CARTESIAN_POINT ( 'NONE',  ( 1.103625504730563900, -0.6371784822407433600, -1.807812499999999200 ) ) ;
#3816 = CARTESIAN_POINT ( 'NONE',  ( 0.2056980069268703700, 1.278769920465365100, 2.823539163165362400 ) ) ;
#3817 = CARTESIAN_POINT ( 'NONE',  ( 1.105875672974086000, -1.515457355828296000E-014, -2.937500000000000000 ) ) ;
#3818 = ORIENTED_EDGE ( 'NONE', *, *, #3330, .T. ) ;
#3819 = DIRECTION ( 'NONE',  ( 0.1045284632676538300, 0.0000000000000000000, -0.9945218953682734000 ) ) ;
#3820 = CARTESIAN_POINT ( 'NONE',  ( -0.1543792501139721600, -1.265918474677591300, 2.335273807509831400 ) ) ;
#3821 = CARTESIAN_POINT ( 'NONE',  ( 1.105875672974086000, -1.565055551193763900E-014, 1.112499999999999800 ) ) ;
#3822 = ORIENTED_EDGE ( 'NONE', *, *, #2881, .F. ) ;
#3823 = AXIS2_PLACEMENT_3D ( 'NONE', #3843, #1488, #2123 ) ;
#3824 = CARTESIAN_POINT ( 'NONE',  ( -0.7357503364870433500, -1.274356964481470500, -1.498437500000000500 ) ) ;
#3825 = CARTESIAN_POINT ( 'NONE',  ( -0.6704626491886747100, 0.8432019693330628000, 0.3100861513398138200 ) ) ;
#3826 = AXIS2_PLACEMENT_3D ( 'NONE', #1665, #3386, #3725 ) ;
#3827 = B_SPLINE_CURVE_WITH_KNOTS ( 'NONE', 3,
 ( #3239, #860, #4267, #2236, #876, #3262, #3990, #2608, #2620, #2285 ),
 .UNSPECIFIED., .F., .F.,
 ( 4, 2, 2, 2, 4 ),
 ( 0.007702867326282464100, 0.008216899582940253100, 0.008730931839598041200, 0.009244964096255831000, 0.009758996352913620900 ),
 .UNSPECIFIED. ) ;
#3828 = CARTESIAN_POINT ( 'NONE',  ( 1.103625504730563900, -0.6371784822407434700, -1.357812499999999200 ) ) ;
#3829 = CARTESIAN_POINT ( 'NONE',  ( -0.1479533444429095000, 1.292136892503765700, 2.579798662772152500 ) ) ;
#3830 = CARTESIAN_POINT ( 'NONE',  ( 1.256251593563930500, -0.1470524354260221700, 2.341249999999998700 ) ) ;
#3831 = CARTESIAN_POINT ( 'NONE',  ( 1.105875672974086000, -1.520968266424459500E-014, -2.487500000000000300 ) ) ;
#3832 = ADVANCED_FACE ( 'NONE', ( #2806 ), #2720, .T. ) ;
#3833 = VECTOR ( 'NONE', #406, 999.9999999999998900 ) ;
#3834 = DIRECTION ( 'NONE',  ( 0.9945218953682734000, -1.106055567667032200E-014, 0.1045284632676538300 ) ) ;
#3835 = CARTESIAN_POINT ( 'NONE',  ( -1.172864355864558400E-016, -0.9577164262227863000, 0.9999999999999995600 ) ) ;
#3836 = LOCAL_TIME ( 11, 32, 4.000000000000000000, #4106 ) ;
#3837 = CARTESIAN_POINT ( 'NONE',  ( -1.172864355864558400E-016, -0.9577164262227859700, -1.643749999999999600 ) ) ;
#3838 = CARTESIAN_POINT ( 'NONE',  ( 0.0000000000000000000, 1.250000000000001600, -1.643749999999998300 ) ) ;
#3839 = CARTESIAN_POINT ( 'NONE',  ( 5.364324252194350000E-017, -2.788071740080018100E-015, 2.812633460563339000 ) ) ;
#3840 = DIRECTION ( 'NONE',  ( -1.224646799147353200E-016, -1.224646799147340400E-016, 1.000000000000000000 ) ) ;
#3841 = EDGE_CURVE ( 'NONE', #1033, #1862, #1150, .T. ) ;
#3842 = CARTESIAN_POINT ( 'NONE',  ( -0.7216878364870406000, -1.250000000000034600, -2.356249999999998000 ) ) ;
#3843 = CARTESIAN_POINT ( 'NONE',  ( 0.0000000000000000000, -1.163414459189984400E-016, 0.9499999999999990700 ) ) ;
#3844 = DIRECTION ( 'NONE',  ( 0.0000000000000000000, -0.1045284632676535800, -0.9945218953682734000 ) ) ;
#3845 = CIRCLE ( 'NONE', #2866, 2.426396148102944100 ) ;
#3846 = VECTOR ( 'NONE', #3588, 1000.000000000000000 ) ;
#3847 = DIRECTION ( 'NONE',  ( -0.0000000000000000000, -1.224646799147353200E-016, 1.000000000000000000 ) ) ;
#3848 = CARTESIAN_POINT ( 'NONE',  ( -1.471500672974085400, -1.524880996464624000E-014, 0.2265624999999994400 ) ) ;
#3849 = CARTESIAN_POINT ( 'NONE',  ( 1.105875672974086000, -1.559544640597601000E-014, 0.6624999999999997600 ) ) ;
#3850 = ORIENTED_EDGE ( 'NONE', *, *, #3167, .F. ) ;
#3851 = ADVANCED_FACE ( 'NONE', ( #4123 ), #982, .T. ) ;
#3852 = CARTESIAN_POINT ( 'NONE',  ( 1.082531754730562400, -0.6250000000000240900, -1.343749999999998400 ) ) ;
#3853 = DIRECTION ( 'NONE',  ( -0.0000000000000000000, -1.224646799147353200E-016, 1.000000000000000000 ) ) ;
#3854 = ORIENTED_EDGE ( 'NONE', *, *, #2684, .T. ) ;
#3855 = CONICAL_SURFACE ( 'NONE', #1548, 0.9687500000000026600, 0.7853981633974430600 ) ;
#3856 = ORIENTED_EDGE ( 'NONE', *, *, #2803, .T. ) ;
#3857 = CARTESIAN_POINT ( 'NONE',  ( 0.0000000000000000000, 1.250000000000001300, 0.6062500000000016200 ) ) ;
#3858 = CARTESIAN_POINT ( 'NONE',  ( -0.1308086706284274600, 1.277206810339306400, 2.420759224679214200 ) ) ;
#3859 = DIRECTION ( 'NONE',  ( 0.9238795325112859600, -0.3826834323650916100, -0.0000000000000000000 ) ) ;
#3860 = CARTESIAN_POINT ( 'NONE',  ( 0.1547032789821729500, -1.233277472494708600, 2.338356736255607200 ) ) ;
#3861 = AXIS2_PLACEMENT_3D ( 'NONE', #476, #3164, #4167 ) ;
#3862 = ORIENTED_EDGE ( 'NONE', *, *, #1920, .F. ) ;
#3863 = ORIENTED_EDGE ( 'NONE', *, *, #226, .F. ) ;
#3864 = CARTESIAN_POINT ( 'NONE',  ( 1.103625504730564500, 0.6371784822407115000, 0.4890624999999994600 ) ) ;
#3865 = CARTESIAN_POINT ( 'NONE',  ( 0.5529378364870435300, 0.9577164262227552100, -0.1625000000000000300 ) ) ;
#3866 = EDGE_LOOP ( 'NONE', ( #3863, #2167, #1689, #2650 ) ) ;
#3867 = CARTESIAN_POINT ( 'NONE',  ( 0.7357503364870434700, 1.274356964481440100, -1.273437500000000400 ) ) ;
#3868 = EDGE_CURVE ( 'NONE', #634, #2092, #775, .T. ) ;
#3869 = CARTESIAN_POINT ( 'NONE',  ( -1.530808498934212000E-016, -1.250000000000032000, -0.06874999999999863200 ) ) ;
#3870 = CARTESIAN_POINT ( 'NONE',  ( -0.1883974186025829700, -1.308410141326697100, 2.813799301339761100 ) ) ;
#3871 = CARTESIAN_POINT ( 'NONE',  ( -1.082531754730563100, -0.6250000000000233100, -0.6500000000000014700 ) ) ;
#3872 = CARTESIAN_POINT ( 'NONE',  ( 0.7216878364870416000, -1.250000000000031800, -0.4812499999999984600 ) ) ;
#3873 = CARTESIAN_POINT ( 'NONE',  ( 1.264311991070234700, -0.1379743053368909200, 2.341249999999998700 ) ) ;
#3874 = CARTESIAN_POINT ( 'NONE',  ( 0.8294067547305650200, 0.4788582131113697200, -2.900000000000000400 ) ) ;
#3875 = ADVANCED_FACE ( 'NONE', ( #3429 ), #4386, .F. ) ;
#3876 = CARTESIAN_POINT ( 'NONE',  ( -0.5529378364870428700, 0.9577164262227554300, -0.08749999999999999400 ) ) ;
#3877 = CARTESIAN_POINT ( 'NONE',  ( 0.0000000000000000000, 1.250000000000001600, -1.700000000000001500 ) ) ;
#3878 = CARTESIAN_POINT ( 'NONE',  ( -0.7357503364870433500, -1.274356964481471000, -0.5984375000000009500 ) ) ;
#3879 = B_SPLINE_CURVE_WITH_KNOTS ( 'NONE', 3,
 ( #2217, #270, #2333, #1995, #2293, #3984, #577 ),
 .UNSPECIFIED., .F., .F.,
 ( 4, 3, 4 ),
 ( 2.830194308966556100E-016, 0.0002409841165497315900, 0.0004761570917995213300 ),
 .UNSPECIFIED. ) ;
#3880 = DIRECTION ( 'NONE',  ( 0.1045058763748857400, -0.02078751127481496400, 0.9943069954385901400 ) ) ;
#3881 = CARTESIAN_POINT ( 'NONE',  ( 1.265918474599895700, 0.1543792500261337000, 2.335273806674090600 ) ) ;
#3882 = CARTESIAN_POINT ( 'NONE',  ( 1.280964105558802600, -0.1713891996906189700, 2.497112667129958800 ) ) ;
#3883 = CARTESIAN_POINT ( 'NONE',  ( 0.8294067547305650200, 0.4788582131113693400, 0.3062500000000005200 ) ) ;
#3884 = CARTESIAN_POINT ( 'NONE',  ( 0.8294067547305650200, 0.4788582131113696100, -2.000000000000000000 ) ) ;
#3885 = LINE ( 'NONE', #340, #1599 ) ;
#3886 =( BOUNDED_CURVE ( )  B_SPLINE_CURVE ( 2, ( #478, #1786, #805, #1106, #3871, #1121, #1440 ),
 .UNSPECIFIED., .F., .F. ) 
 B_SPLINE_CURVE_WITH_KNOTS ( ( 3, 2, 2, 3 ),
 ( 0.4999999999999998900, 0.5416666666666665200, 0.5833333333333331500, 0.6249999999999997800 ),
 .UNSPECIFIED. ) 
 CURVE ( )  GEOMETRIC_REPRESENTATION_ITEM ( )  RATIONAL_B_SPLINE_CURVE ( ( 1.000000000000000400, 0.8660254037844383700, 1.000000000000000000, 0.8660254037844387100, 1.000000000000000000, 0.8660254037844393700, 0.9999999999999993300 ) ) 
 REPRESENTATION_ITEM ( '' )  );
#3887 = CC_DESIGN_PERSON_AND_ORGANIZATION_ASSIGNMENT ( #3627, #4041, ( #2709 ) ) ;
#3888 = CYLINDRICAL_SURFACE ( 'NONE', #4258, 0.2430000000000000500 ) ;
#3889 = PLANE ( 'NONE',  #323 ) ;
#3890 = EDGE_CURVE ( 'NONE', #827, #45, #3119, .T. ) ;
#3891 = CARTESIAN_POINT ( 'NONE',  ( -1.172864355864558400E-016, -0.9577164262227858500, -2.543749999999999700 ) ) ;
#3892 = CARTESIAN_POINT ( 'NONE',  ( -1.103625504730564300, 0.6371784822407129400, -1.610937500000000400 ) ) ;
#3893 = ORIENTED_EDGE ( 'NONE', *, *, #4107, .F. ) ;
#3894 = CARTESIAN_POINT ( 'NONE',  ( 0.0000000000000000000, 0.9577164262227557700, -2.318749999999999600 ) ) ;
#3895 = CIRCLE ( 'NONE', #1661, 1.934874957904746400 ) ;
#3896 = ORIENTED_EDGE ( 'NONE', *, *, #3116, .T. ) ;
#3897 = CARTESIAN_POINT ( 'NONE',  ( -0.8315053861671543000, 0.2192021081799296100, 2.952022104113611900 ) ) ;
#3898 = CARTESIAN_POINT ( 'NONE',  ( 1.264054035322604900, 0.1888999802705094400, 2.663716615444985200 ) ) ;
#3899 = EDGE_CURVE ( 'NONE', #1152, #1291, #2539, .T. ) ;
#3900 = CARTESIAN_POINT ( 'NONE',  ( 1.313705060252005300, -0.1730352898830115600, 2.812633460563340300 ) ) ;
#3901 = CARTESIAN_POINT ( 'NONE',  ( 0.5529378364870427600, -0.9577164262227863000, 0.1937500000000004800 ) ) ;
#3902 = APPROVAL_PERSON_ORGANIZATION ( #1189, #1835, #2016 ) ;
#3903 = CARTESIAN_POINT ( 'NONE',  ( -0.5529378364870428700, 0.9577164262227557700, -2.337500000000000400 ) ) ;
#3904 = ORIENTED_EDGE ( 'NONE', *, *, #1223, .F. ) ;
#3905 = VECTOR ( 'NONE', #1723, 1000.000000000000000 ) ;
#3906 = DIRECTION ( 'NONE',  ( 1.000000000000000000, 0.0000000000000000000, 0.0000000000000000000 ) ) ;
#3907 = VERTEX_POINT ( 'NONE', #3044 ) ;
#3908 = ORIENTED_EDGE ( 'NONE', *, *, #3333, .F. ) ;
#3909 = AXIS2_PLACEMENT_3D ( 'NONE', #1, #672, #1364 ) ;
#3910 = DIRECTION ( 'NONE',  ( 0.1045284632676538300, 0.0000000000000000000, 0.9945218953682734000 ) ) ;
#3911 = ORIENTED_EDGE ( 'NONE', *, *, #4155, .T. ) ;
#3912 = CIRCLE ( 'NONE', #2956, 3.815121252037128000 ) ;
#3913 = CARTESIAN_POINT ( 'NONE',  ( 0.1222308907553044800, 1.269637219277294900, 2.341249999999998700 ) ) ;
#3914 = CARTESIAN_POINT ( 'NONE',  ( -0.7357503364870433500, -1.274356964481470500, -1.048437500000000800 ) ) ;
#3915 = CARTESIAN_POINT ( 'NONE',  ( -0.5529378364870433100, -0.9577164262227855200, -2.131249999999999200 ) ) ;
#3916 = B_SPLINE_CURVE_WITH_KNOTS ( 'NONE', 3,
 ( #1912, #4315, #2268, #3678 ),
 .UNSPECIFIED., .F., .F.,
 ( 4, 4 ),
 ( 0.0000000000000000000, 9.620555409560767200E-005 ),
 .UNSPECIFIED. ) ;
#3917 = CARTESIAN_POINT ( 'NONE',  ( -1.082531754730562600, 0.6249999999999931200, 0.6812500000000015800 ) ) ;
#3918 = CARTESIAN_POINT ( 'NONE',  ( 0.1734033168550284400, 0.7582240929255351600, 2.341249999999998700 ) ) ;
#3919 = CARTESIAN_POINT ( 'NONE',  ( -1.172864355864558400E-016, -0.9577164262227863000, 1.056250000000000400 ) ) ;
#3920 = CARTESIAN_POINT ( 'NONE',  ( 1.105875672974086000, -1.526479177020622400E-014, -2.037500000000000100 ) ) ;
#3921 = ADVANCED_FACE ( 'NONE', ( #1297 ), #3531, .T. ) ;
#3922 = ORIENTED_EDGE ( 'NONE', *, *, #2278, .F. ) ;
#3923 = VERTEX_POINT ( 'NONE', #4353 ) ;
#3924 = CARTESIAN_POINT ( 'NONE',  ( -0.8294067547305645800, 0.4788582131113702200, -0.05000000000000002400 ) ) ;
#3925 = DIRECTION ( 'NONE',  ( 0.0000000000000000000, 0.0000000000000000000, 1.000000000000000000 ) ) ;
#3926 = CARTESIAN_POINT ( 'NONE',  ( -1.530808498934212300E-016, -1.250000000000032400, -0.5750000000000016200 ) ) ;
#3927 = CARTESIAN_POINT ( 'NONE',  ( 1.471500672974085600, -1.541634181160070600E-014, -1.348437500000000600 ) ) ;
#3928 = EDGE_CURVE ( 'NONE', #386, #1681, #1243, .T. ) ;
#3929 = CARTESIAN_POINT ( 'NONE',  ( 1.105875672974086000, -1.515457355828296000E-014, -2.937499999999999600 ) ) ;
#3930 = ORIENTED_EDGE ( 'NONE', *, *, #592, .F. ) ;
#3931 = CARTESIAN_POINT ( 'NONE',  ( -0.8008042420523364700, 0.2259697001486636300, 2.958349045320477700 ) ) ;
#3932 = CARTESIAN_POINT ( 'NONE',  ( 0.2184290902842090400, 0.8633221105560786600, 2.944667330124169300 ) ) ;
#3933 = DIRECTION ( 'NONE',  ( -0.0000000000000000000, -1.224646799147353200E-016, 1.000000000000000000 ) ) ;
#3934 = AXIS2_PLACEMENT_3D ( 'NONE', #2452, #3504, #2824 ) ;
#3935 = B_SPLINE_CURVE_WITH_KNOTS ( 'NONE', 3,
 ( #1566, #1581, #1692, #665, #1948, #1318, #3351, #3384, #992, #4347, #3721, #653, #1007, #2322, #1298, #1344, #4332, #1281 ),
 .UNSPECIFIED., .F., .F.,
 ( 4, 2, 2, 2, 2, 2, 2, 2, 4 ),
 ( 0.001262448161667338600, 0.001661698966460928100, 0.002060949771254518000, 0.002460200576048107700, 0.002859451380841697000, 0.003258702185635286300, 0.003657952990428876400, 0.004057203795222466500, 0.004456454600016056300 ),
 .UNSPECIFIED. ) ;
#3936 = CARTESIAN_POINT ( 'NONE',  ( 3.024877593893959400E-016, 2.469999999999998400, 1.426199594949188400 ) ) ;
#3937 = LINE ( 'NONE', #4147, #2239 ) ;
#3938 = CARTESIAN_POINT ( 'NONE',  ( 0.8294067547305649100, 0.4788582131113695000, -1.493749999999999500 ) ) ;
#3939 = CARTESIAN_POINT ( 'NONE',  ( 0.8294067547305643600, -0.4788582131114008700, -2.468749999999999600 ) ) ;
#3940 = FACE_OUTER_BOUND ( 'NONE', #957, .T. ) ;
#3941 = CARTESIAN_POINT ( 'NONE',  ( -1.443375672974083600, -1.531080770885307600E-014, 0.7187500000000015500 ) ) ;
#3942 = CARTESIAN_POINT ( 'NONE',  ( 1.300044638317455100, -0.1570016517545319800, 2.663716649046606200 ) ) ;
#3943 = CARTESIAN_POINT ( 'NONE',  ( -0.8294067547305646900, -0.4788582131114002500, -1.775000000000000400 ) ) ;
#3944 = CARTESIAN_POINT ( 'NONE',  ( 0.0000000000000000000, -9.924882362747868500E-017, 0.8104281470917130700 ) ) ;
#3945 = CARTESIAN_POINT ( 'NONE',  ( 1.277206810339305100, 0.1308086706284404800, 2.420759224679214200 ) ) ;
#3946 = CARTESIAN_POINT ( 'NONE',  ( 0.0000000000000000000, 1.250000000000001800, -2.543749999999998400 ) ) ;
#3947 = EDGE_CURVE ( 'NONE', #2753, #1152, #808, .T. ) ;
#3948 = CARTESIAN_POINT ( 'NONE',  ( 0.8076800085882115400, 0.7117519683753186200, -2.950429802777447400 ) ) ;
#3949 = FACE_OUTER_BOUND ( 'NONE', #243, .T. ) ;
#3950 = CARTESIAN_POINT ( 'NONE',  ( 0.5948568571663126500, -1.099384063683976500, 0.8104281470847636300 ) ) ;
#3951 = CARTESIAN_POINT ( 'NONE',  ( 0.8294067547305642400, -0.4788582131114009200, -1.568749999999999400 ) ) ;
#3952 = CARTESIAN_POINT ( 'NONE',  ( 0.8294067547305642400, -0.4788582131114009200, -1.568749999999999400 ) ) ;
#3953 = ORIENTED_EDGE ( 'NONE', *, *, #2054, .F. ) ;
#3954 = EDGE_CURVE ( 'NONE', #3381, #740, #130, .T. ) ;
#3955 = CARTESIAN_POINT ( 'NONE',  ( 0.9271703748952863100, -0.6828046292765795900, 0.5118476719639197800 ) ) ;
#3956 = ORIENTED_EDGE ( 'NONE', *, *, #221, .T. ) ;
#3957 = CIRCLE ( 'NONE', #1885, 3.813281901587955800 ) ;
#3958 = CARTESIAN_POINT ( 'NONE',  ( -1.082531754730563100, -0.6250000000000230900, -2.450000000000001500 ) ) ;
#3959 = CARTESIAN_POINT ( 'NONE',  ( -0.8850364620042436800, -0.9140441190145949200, 0.7812205276564959700 ) ) ;
#3960 = ORIENTED_EDGE ( 'NONE', *, *, #1451, .T. ) ;
#3961 = CARTESIAN_POINT ( 'NONE',  ( -0.8294067547305646900, -0.4788582131114004200, -0.3687499999999994100 ) ) ;
#3962 = CARTESIAN_POINT ( 'NONE',  ( 1.105875672974086000, -1.531990087616785300E-014, -1.587500000000000600 ) ) ;
#3963 = CARTESIAN_POINT ( 'NONE',  ( 0.0000000000000000000, 1.250000000000001600, 0.09999999999999877000 ) ) ;
#3964 = AXIS2_PLACEMENT_3D ( 'NONE', #3410, #10, #1360 ) ;
#3965 = CARTESIAN_POINT ( 'NONE',  ( 0.0000000000000000000, -1.163414459189984400E-016, 0.9499999999999990700 ) ) ;
#3966 = CARTESIAN_POINT ( 'NONE',  ( 1.313705060252006400, 0.1730352898830078700, 2.812633460563340300 ) ) ;
#3967 = CARTESIAN_POINT ( 'NONE',  ( -1.560637177523352200E-016, -1.274356964481471200, -0.1109375000000010100 ) ) ;
#3968 = VERTEX_POINT ( 'NONE', #4115 ) ;
#3969 = ORIENTED_EDGE ( 'NONE', *, *, #4361, .F. ) ;
#3970 = CARTESIAN_POINT ( 'NONE',  ( 0.5529378364870427600, -0.9577164262227861900, -1.662500000000000300 ) ) ;
#3971 = ORIENTED_EDGE ( 'NONE', *, *, #3225, .T. ) ;
#3972 = ORIENTED_EDGE ( 'NONE', *, *, #3389, .T. ) ;
#3973 = VERTEX_POINT ( 'NONE', #2077 ) ;
#3974 = CARTESIAN_POINT ( 'NONE',  ( 0.5529378364870435300, 0.9577164262227556600, -2.862500000000000300 ) ) ;
#3975 = CARTESIAN_POINT ( 'NONE',  ( -0.1512153416907084100, 1.249734985518729400, 2.341249999999998700 ) ) ;
#3976 = CARTESIAN_POINT ( 'NONE',  ( 1.082531754730562600, -0.6250000000000238700, -2.750000000000001800 ) ) ;
#3977 = CARTESIAN_POINT ( 'NONE',  ( -0.7216878364870457100, -1.250000000000025800, -0.1625000000000020900 ) ) ;
#3978 = CARTESIAN_POINT ( 'NONE',  ( -1.172864355864558400E-016, -0.9577164262227861900, 0.1562500000000004700 ) ) ;
#3979 = CARTESIAN_POINT ( 'NONE',  ( 0.0000000000000000000, 1.274356964481440800, -3.457812499999999300 ) ) ;
#3980 = EDGE_CURVE ( 'NONE', #3907, #842, #483, .T. ) ;
#3981 = DIRECTION ( 'NONE',  ( -0.0000000000000000000, -1.224646799147353200E-016, 1.000000000000000000 ) ) ;
#3982 = CARTESIAN_POINT ( 'NONE',  ( 0.1550073732554490800, -1.233553727824349400, 2.341249999999998700 ) ) ;
#3983 = CARTESIAN_POINT ( 'NONE',  ( 0.3546433360974337600, -0.9241217154538066100, -3.037732669036760800 ) ) ;
#3984 = CARTESIAN_POINT ( 'NONE',  ( -1.306577459481452800, 0.1646778516159476100, 2.735015816732099000 ) ) ;
#3985 = CARTESIAN_POINT ( 'NONE',  ( -1.105875672974086000, -1.508348264676134700E-014, -1.306249999999999200 ) ) ;
#3986 = CARTESIAN_POINT ( 'NONE',  ( 1.103625504730563900, -0.6371784822407435800, -0.007812499999999356400 ) ) ;
#3987 = EDGE_CURVE ( 'NONE', #148, #3188, #2532, .T. ) ;
#3988 = CARTESIAN_POINT ( 'NONE',  ( 0.0000000000000000000, 0.9577164262227556600, -1.868749999999999200 ) ) ;
#3989 = CARTESIAN_POINT ( 'NONE',  ( -1.105875672974086000, -1.491126669063125000E-014, -2.712499999999999900 ) ) ;
#3990 = CARTESIAN_POINT ( 'NONE',  ( -0.9765115534974281300, -0.1972376268348393400, 0.07260939361674290100 ) ) ;
#3991 = CARTESIAN_POINT ( 'NONE',  ( 0.8757865865275681300, -0.8919068644530433500, -2.768750000000000300 ) ) ;
#3992 = DIRECTION ( 'NONE',  ( 1.000000000000000000, 0.0000000000000000000, 0.0000000000000000000 ) ) ;
#3993 = CARTESIAN_POINT ( 'NONE',  ( 0.5529378364870427600, -0.9577164262227863000, 0.6437500000000003800 ) ) ;
#3994 = B_SPLINE_CURVE_WITH_KNOTS ( 'NONE', 3,
 ( #4299, #526, #863, #2957 ),
 .UNSPECIFIED., .F., .F.,
 ( 4, 4 ),
 ( 0.0000000000000000000, 9.620555409560746800E-005 ),
 .UNSPECIFIED. ) ;
#3995 = CARTESIAN_POINT ( 'NONE',  ( 0.7357503364870434700, 1.274356964481440300, -2.595312499999999000 ) ) ;
#3996 = FACE_OUTER_BOUND ( 'NONE', #2324, .T. ) ;
#3997 = CARTESIAN_POINT ( 'NONE',  ( 0.4902707156080737800, -0.3594804923862330300, 3.001276454878518200 ) ) ;
#3998 = CARTESIAN_POINT ( 'NONE',  ( -1.253078381409131500, 0.1495962689042658600, 2.341249999999998700 ) ) ;
#3999 = DIRECTION ( 'NONE',  ( -0.0000000000000000000, -1.224646799147353000E-016, 1.000000000000000000 ) ) ;
#4000 = LINE ( 'NONE', #2099, #1447 ) ;
#4001 = CARTESIAN_POINT ( 'NONE',  ( 1.269247572895351800, 0.1262782272822192400, 2.341249999999998700 ) ) ;
#4002 = CARTESIAN_POINT ( 'NONE',  ( 0.8294067547305649100, 0.4788582131113694500, -1.043749999999999500 ) ) ;
#4003 = CARTESIAN_POINT ( 'NONE',  ( -0.7357503364870431300, -1.274356964481470500, 0.3296875000000005800 ) ) ;
#4004 = CARTESIAN_POINT ( 'NONE',  ( 0.8294067547305643600, -0.4788582131114009200, -2.075000000000000600 ) ) ;
#4005 = ORIENTED_EDGE ( 'NONE', *, *, #1004, .F. ) ;
#4006 = DIRECTION ( 'NONE',  ( 0.1045058763748857400, -0.02078751127481495700, 0.9943069954385902500 ) ) ;
#4007 = CONICAL_SURFACE ( 'NONE', #3706, 1.349999999999997600, 0.1047197551196600000 ) ;
#4008 = ADVANCED_FACE ( 'NONE', ( #1142 ), #1619, .T. ) ;
#4009 = PLANE ( 'NONE',  #2141 ) ;
#4010 = CARTESIAN_POINT ( 'NONE',  ( -1.082531754730562600, 0.6249999999999932300, -0.6687499999999984000 ) ) ;
#4011 = ORIENTED_EDGE ( 'NONE', *, *, #1271, .T. ) ;
#4012 = CARTESIAN_POINT ( 'NONE',  ( 0.5529378364870427600, -0.9577164262227863000, -0.2562499999999994800 ) ) ;
#4013 = APPROVAL_PERSON_ORGANIZATION ( #607, #2398, #933 ) ;
#4014 = CARTESIAN_POINT ( 'NONE',  ( 1.103625504730564800, 0.6371784822407120500, -2.632812499999999100 ) ) ;
#4015 = CARTESIAN_POINT ( 'NONE',  ( -1.300044638317453500, 0.1570016517545432300, 2.663716649046605800 ) ) ;
#4016 = DIRECTION ( 'NONE',  ( 3.590270802816379100E-015, 0.9945218953682734000, 0.1045284632676538300 ) ) ;
#4017 = ORIENTED_EDGE ( 'NONE', *, *, #4107, .T. ) ;
#4018 = EDGE_CURVE ( 'NONE', #2604, #3323, #491, .T. ) ;
#4019 = VECTOR ( 'NONE', #1338, 999.9999999999998900 ) ;
#4020 = CARTESIAN_POINT ( 'NONE',  ( 0.5405782062637718400, 0.9835938334759406500, 0.4352999227927230000 ) ) ;
#4021 = ORIENTED_EDGE ( 'NONE', *, *, #341, .T. ) ;
#4022 = ORIENTED_EDGE ( 'NONE', *, *, #2540, .F. ) ;
#4023 = CARTESIAN_POINT ( 'NONE',  ( -1.560637177523351900E-016, -1.274356964481471000, 0.8171875000000004000 ) ) ;
#4024 = ORIENTED_EDGE ( 'NONE', *, *, #3841, .T. ) ;
#4025 = LINE ( 'NONE', #725, #2262 ) ;
#4026 = EDGE_CURVE ( 'NONE', #1081, #1675, #2585, .T. ) ;
#4027 = CARTESIAN_POINT ( 'NONE',  ( 2.443623483614654000E-015, -3.399534644381573400E-016, 2.812633460563337600 ) ) ;
#4028 = CARTESIAN_POINT ( 'NONE',  ( 0.1713892055747358000, 1.280964110762819100, 2.497112723113745300 ) ) ;
#4029 = CARTESIAN_POINT ( 'NONE',  ( 1.105875672974086000, -1.549211683229795300E-014, -0.1812499999999993800 ) ) ;
#4030 = CARTESIAN_POINT ( 'NONE',  ( 0.0000000000000000000, 0.9577164262227556600, -1.475000000000000100 ) ) ;
#4031 = CARTESIAN_POINT ( 'NONE',  ( -0.5529378364870433100, -0.9577164262227856300, -0.7812499999999995600 ) ) ;
#4032 =( BOUNDED_SURFACE ( )  B_SPLINE_SURFACE ( 3, 2, ( 
 ( #4198, #2179, #1166 ),
 ( #3542, #2546, #3898 ),
 ( #1180, #495, #1513 ),
 ( #1528, #3881, #2874 ) ),
 .UNSPECIFIED., .F., .F., .F. ) 
 B_SPLINE_SURFACE_WITH_KNOTS ( ( 4, 4 ),
 ( 3, 3 ),
 ( 0.0007894987160804798700, 0.001282391242430667500 ),
 ( 0.0000000000000000000, 1.000000000000000000 ),
 .UNSPECIFIED. ) 
 GEOMETRIC_REPRESENTATION_ITEM ( )  RATIONAL_B_SPLINE_SURFACE ( (
 ( 1.000000000000000000, 0.7553322469670232800, 1.000000000000000000),
 ( 1.000000000000000000, 0.7515638424267038200, 1.000000000000000000),
 ( 1.000000000000000000, 0.7476184719314444800, 1.000000000000000000),
 ( 1.000000000000000000, 0.7434678480806258300, 1.000000000000000000) ) ) 
 REPRESENTATION_ITEM ( '' )  SURFACE ( )  );
#4033 = CARTESIAN_POINT ( 'NONE',  ( -0.9477273009224572700, 0.6713207626447955700, -2.867551970449183400 ) ) ;
#4034 = ORIENTED_EDGE ( 'NONE', *, *, #3633, .F. ) ;
#4035 = ORIENTED_EDGE ( 'NONE', *, *, #2131, .T. ) ;
#4036 = ADVANCED_FACE ( 'NONE', ( #2645 ), #3855, .T. ) ;
#4037 = CARTESIAN_POINT ( 'NONE',  ( -0.7712360881032186400, -0.2388190340831471400, 2.963638974742666100 ) ) ;
#4038 = CARTESIAN_POINT ( 'NONE',  ( -0.1776609910174918600, 1.313095783816282900, 2.812633460563336300 ) ) ;
#4039 = CARTESIAN_POINT ( 'NONE',  ( 1.471500672974085400, -1.558511344860820400E-014, 0.02968750000000074100 ) ) ;
#4040 = CARTESIAN_POINT ( 'NONE',  ( -0.5529378364870433100, -0.9577164262227855200, -0.8375000000000001300 ) ) ;
#4041 = PERSON_AND_ORGANIZATION_ROLE ( 'creator' ) ;
#4042 = DIRECTION ( 'NONE',  ( 0.0000000000000000000, 1.224646799147353200E-016, -1.000000000000000000 ) ) ;
#4043 = ORIENTED_EDGE ( 'NONE', *, *, #692, .T. ) ;
#4044 = CARTESIAN_POINT ( 'NONE',  ( 0.1745211440615815900, 1.314971652873326800, 2.826433334579993700 ) ) ;
#4045 = DIRECTION ( 'NONE',  ( -0.02078751127481372900, 0.1045058763748858100, 0.9943069954385902500 ) ) ;
#4046 = CARTESIAN_POINT ( 'NONE',  ( -0.5529378364870428700, 0.9577164262227556600, -1.437500000000000000 ) ) ;
#4047 = EDGE_CURVE ( 'NONE', #500, #2159, #1496, .T. ) ;
#4048 = CARTESIAN_POINT ( 'NONE',  ( -1.105875672974086000, -1.508348264676134400E-014, -1.306249999999999000 ) ) ;
#4049 = CARTESIAN_POINT ( 'NONE',  ( -1.026166377993024600, -0.6490389771963552800, -2.814421823701368700 ) ) ;
#4050 = EDGE_LOOP ( 'NONE', ( #2152, #1640, #2588, #4175 ) ) ;
#4051 = CARTESIAN_POINT ( 'NONE',  ( -1.314971652835828400, 0.1745211440175869800, 2.826433334171257100 ) ) ;
#4052 = CARTESIAN_POINT ( 'NONE',  ( -0.1991774842671889300, 1.298345463522985000, 2.816878256603399000 ) ) ;
#4053 = CARTESIAN_POINT ( 'NONE',  ( 0.7357503364870434700, 1.274356964481439900, 0.5546875000000008900 ) ) ;
#4054 = EDGE_CURVE ( 'NONE', #3686, #2009, #830, .T. ) ;
#4055 = TOROIDAL_SURFACE ( 'NONE', #705, 1.901454066994983300, 0.5775000000000000100 ) ;
#4056 = CARTESIAN_POINT ( 'NONE',  ( -0.8294067547305645800, -0.4788582131114003100, -0.8187499999999994200 ) ) ;
#4057 = LINE ( 'NONE', #387, #3833 ) ;
#4058 = CARTESIAN_POINT ( 'NONE',  ( 1.294694942529016800, 0.2014791645562335200, 2.818069996182568400 ) ) ;
#4059 = CIRCLE ( 'NONE', #1891, 1.300799999999997100 ) ;
#4060 = CARTESIAN_POINT ( 'NONE',  ( -1.105875672974086000, -1.518681222043940100E-014, -0.4625000000000002400 ) ) ;
#4061 = CARTESIAN_POINT ( 'NONE',  ( -1.265918474677589600, 0.1543792501139851500, 2.335273807509830900 ) ) ;
#4062 = EDGE_LOOP ( 'NONE', ( #2499, #2706, #205, #3035 ) ) ;
#4063 = FACE_OUTER_BOUND ( 'NONE', #680, .T. ) ;
#4064 = DIRECTION ( 'NONE',  ( 0.1045284632676537100, 0.0000000000000000000, 0.9945218953682734000 ) ) ;
#4065 = CARTESIAN_POINT ( 'NONE',  ( 0.9389350331049636200, 0.5840910404712331700, 0.3889034580805923500 ) ) ;
#4066 = CARTESIAN_POINT ( 'NONE',  ( -0.5529378364870433100, -0.9577164262227855200, -0.7812499999999994400 ) ) ;
#4067 = CYLINDRICAL_SURFACE ( 'NONE', #1172, 1.250000000000000200 ) ;
#4068 = CARTESIAN_POINT ( 'NONE',  ( 1.082531754730562600, -0.6250000000000239800, -2.300000000000001200 ) ) ;
#4069 = DIRECTION ( 'NONE',  ( -0.0000000000000000000, -0.0000000000000000000, -1.000000000000000000 ) ) ;
#4070 = ORIENTED_EDGE ( 'NONE', *, *, #1398, .T. ) ;
#4071 = CARTESIAN_POINT ( 'NONE',  ( -0.8294067547305644700, 0.4788582131113703900, -1.850000000000000100 ) ) ;
#4072 = ORIENTED_EDGE ( 'NONE', *, *, #3167, .T. ) ;
#4073 = DIRECTION ( 'NONE',  ( -1.776356839400250500E-015, -1.000000000000000000, -3.272935279635732700E-016 ) ) ;
#4074 = FACE_OUTER_BOUND ( 'NONE', #1690, .T. ) ;
#4075 = CARTESIAN_POINT ( 'NONE',  ( -0.1550073732554516900, -0.8507067466786059100, 2.341249999999998700 ) ) ;
#4076 = EDGE_LOOP ( 'NONE', ( #1102, #1286, #2311, #1300 ) ) ;
#4077 = EDGE_CURVE ( 'NONE', #113, #1927, #2484, .T. ) ;
#4078 = CARTESIAN_POINT ( 'NONE',  ( -0.4902707156080711700, 0.3594804923862358600, 3.001276454878519100 ) ) ;
#4079 = CARTESIAN_POINT ( 'NONE',  ( -0.2030599636941135000, 1.290852450293046100, 2.819363495920216100 ) ) ;
#4080 = CARTESIAN_POINT ( 'NONE',  ( -1.530808498934212300E-016, -1.250000000000032200, -1.868749999999998400 ) ) ;
#4081 = CARTESIAN_POINT ( 'NONE',  ( -1.172864355864558200E-016, -0.9577164262227858500, -0.7437499999999993600 ) ) ;
#4082 =( NAMED_UNIT ( * ) SI_UNIT ( $, .STERADIAN. ) SOLID_ANGLE_UNIT ( ) );
#4083 = CARTESIAN_POINT ( 'NONE',  ( -0.5529378364870433100, -0.9577164262227858500, -0.3875000000000002300 ) ) ;
#4084 = VERTEX_POINT ( 'NONE', #2506 ) ;
#4085 = ORIENTED_EDGE ( 'NONE', *, *, #2371, .T. ) ;
#4086 = ORIENTED_EDGE ( 'NONE', *, *, #1999, .F. ) ;
#4087 = VERTEX_POINT ( 'NONE', #415 ) ;
#4088 =( BOUNDED_CURVE ( )  B_SPLINE_CURVE ( 3, ( #3729, #2037, #2783, #1474 ),
 .UNSPECIFIED., .F., .F. ) 
 B_SPLINE_CURVE_WITH_KNOTS ( ( 4, 4 ),
 ( 2.946332657651815200, 3.336852649527771900 ),
 .UNSPECIFIED. ) 
 CURVE ( )  GEOMETRIC_REPRESENTATION_ITEM ( )  RATIONAL_B_SPLINE_CURVE ( ( 1.000000000000000000, 0.9873315052531757000, 0.9873315052531757000, 1.000000000000000000 ) ) 
 REPRESENTATION_ITEM ( '' )  );
#4089 = ORIENTED_EDGE ( 'NONE', *, *, #1362, .T. ) ;
#4090 = B_SPLINE_CURVE_WITH_KNOTS ( 'NONE', 3,
 ( #1683, #674, #2377, #4020, #1656, #2363, #4065, #3060, #1002, #2676, #1311, #1973, #5, #3345, #3021, #3703, #1290, #2690 ),
 .UNSPECIFIED., .F., .F.,
 ( 4, 2, 2, 2, 2, 2, 2, 2, 4 ),
 ( 0.004322405997474577400, 0.004744963663575563000, 0.005167521329676549500, 0.005590078995777535100, 0.006012636661878520800, 0.006435194327979506400, 0.006857751994080492000, 0.007280309660181478500, 0.007702867326282464100 ),
 .UNSPECIFIED. ) ;
#4091 = CARTESIAN_POINT ( 'NONE',  ( -0.8294067547305645800, -0.4788582131114003700, -0.4250000000000002700 ) ) ;
#4092 = CARTESIAN_POINT ( 'NONE',  ( 0.8294067547305649100, 0.4788582131113693400, -0.1437499999999995700 ) ) ;
#4093 = CARTESIAN_POINT ( 'NONE',  ( 1.279773948623545500, -0.2056606492992392500, 2.823183729080887900 ) ) ;
#4094 = CARTESIAN_POINT ( 'NONE',  ( 0.1822507305810713000, -1.311590164822789200, 2.812954681521255800 ) ) ;
#4095 = CARTESIAN_POINT ( 'NONE',  ( -1.082531754730563100, -0.6250000000000232000, -1.943749999999998800 ) ) ;
#4096 = CARTESIAN_POINT ( 'NONE',  ( -1.105875672974086000, -1.513859175272297300E-014, -0.8562499999999994000 ) ) ;
#4097 = CARTESIAN_POINT ( 'NONE',  ( -0.8294067547305646900, -0.4788582131114004800, 0.02499999999999984900 ) ) ;
#4098 = CARTESIAN_POINT ( 'NONE',  ( 1.309377815923370400, 0.1863148149156894400, 2.813552226188343200 ) ) ;
#4099 = CARTESIAN_POINT ( 'NONE',  ( 0.0000000000000000000, 1.250000000000001300, 0.6062500000000016200 ) ) ;
#4100 = CARTESIAN_POINT ( 'NONE',  ( -0.1886185796330377700, -1.263738710651997500, 2.661039267222441700 ) ) ;
#4101 = CARTESIAN_POINT ( 'NONE',  ( 0.5529378364870435300, 0.9577164262227549900, -0.1625000000000003100 ) ) ;
#4102 = EDGE_CURVE ( 'NONE', #1424, #2306, #3258, .T. ) ;
#4103 = CARTESIAN_POINT ( 'NONE',  ( -0.8716381077471415700, -0.4605504615294525600, 0.02067356958669906700 ) ) ;
#4104 = DIRECTION ( 'NONE',  ( 0.07992773943613225300, 0.07992773943613280800, -0.9935910189495773500 ) ) ;
#4105 = CARTESIAN_POINT ( 'NONE',  ( 1.233553727824347600, -0.1550073732554563000, 2.341249999999998700 ) ) ;
#4106 = COORDINATED_UNIVERSAL_TIME_OFFSET ( 6, 0, .BEHIND. ) ;
#4107 = EDGE_CURVE ( 'NONE', #1256, #2712, #3635, .T. ) ;
#4108 = CARTESIAN_POINT ( 'NONE',  ( 0.8294067547305649100, 0.4788582131113693400, -0.2000000000000003200 ) ) ;
#4109 = CARTESIAN_POINT ( 'NONE',  ( 0.5529378364870435300, 0.9577164262227549900, 0.2874999999999999200 ) ) ;
#4110 = CARTESIAN_POINT ( 'NONE',  ( 0.0000000000000000000, 1.274356964481440500, -1.235937500000000600 ) ) ;
#4111 = CARTESIAN_POINT ( 'NONE',  ( -0.7216878364870418200, 1.250000000000001100, 0.1937500000000018400 ) ) ;
#4112 = CARTESIAN_POINT ( 'NONE',  ( -0.5529378364870428700, 0.9577164262227557700, -2.281249999999999600 ) ) ;
#4113 = B_SPLINE_CURVE_WITH_KNOTS ( 'NONE', 3,
 ( #3297, #2981, #560, #2291, #192, #865, #1600 ),
 .UNSPECIFIED., .F., .F.,
 ( 4, 3, 4 ),
 ( 0.0000000000000000000, 0.0002351720677594109200, 0.0004761571116962383600 ),
 .UNSPECIFIED. ) ;
#4114 = CARTESIAN_POINT ( 'NONE',  ( -0.5529378364870428700, 0.9577164262227557700, -3.181249999999999500 ) ) ;
#4115 = CARTESIAN_POINT ( 'NONE',  ( 1.119601627777751200E-012, -1.116911071037232100, -2.901838928962767700 ) ) ;
#4116 = ORIENTED_EDGE ( 'NONE', *, *, #3606, .F. ) ;
#4117 = VECTOR ( 'NONE', #1266, 1000.000000000000000 ) ;
#4118 = CARTESIAN_POINT ( 'NONE',  ( 1.119601627777751200E-012, -1.116911071037232100, -2.901838928962767700 ) ) ;
#4119 = CARTESIAN_POINT ( 'NONE',  ( -0.1394679821665319200, -1.284851683570421100, 2.501022143813322900 ) ) ;
#4120 = CARTESIAN_POINT ( 'NONE',  ( -1.172864355864558200E-016, -0.9577164262227859700, -0.3500000000000002600 ) ) ;
#4121 = CARTESIAN_POINT ( 'NONE',  ( 1.269637219277291100, -0.1222308907553369000, 2.341249999999998700 ) ) ;
#4122 = EDGE_LOOP ( 'NONE', ( #2895, #1666, #2740, #4241 ) ) ;
#4123 = FACE_OUTER_BOUND ( 'NONE', #3391, .T. ) ;
#4124 = ORIENTED_EDGE ( 'NONE', *, *, #635, .F. ) ;
#4125 = ORIENTED_EDGE ( 'NONE', *, *, #147, .F. ) ;
#4126 = CARTESIAN_POINT ( 'NONE',  ( -1.103625504730564500, -0.6371784822407425800, -1.985937500000000800 ) ) ;
#4127 = CARTESIAN_POINT ( 'NONE',  ( 0.5529378364870435300, 0.9577164262227552100, -1.062500000000000000 ) ) ;
#4128 = ORIENTED_EDGE ( 'NONE', *, *, #1708, .F. ) ;
#4129 = EDGE_CURVE ( 'NONE', #1844, #939, #115, .T. ) ;
#4130 = CARTESIAN_POINT ( 'NONE',  ( 1.105875672974086000, -1.527168040845142800E-014, -1.981249999999999500 ) ) ;
#4131 = FACE_OUTER_BOUND ( 'NONE', #681, .T. ) ;
#4132 = CARTESIAN_POINT ( 'NONE',  ( -0.8294067547305645800, 0.4788582131113706100, -3.143749999999999400 ) ) ;
#4133 = CARTESIAN_POINT ( 'NONE',  ( -0.4184345495702337900, -0.9074553339247268800, 0.05879534471887055300 ) ) ;
#4134 = CARTESIAN_POINT ( 'NONE',  ( -0.7216878364870418200, 1.250000000000001300, 0.5874999999999988000 ) ) ;
#4135 = DESIGN_CONTEXT ( 'detailed design', #678, 'design' ) ;
#4136 = EDGE_CURVE ( 'NONE', #1675, #196, #4144, .T. ) ;
#4137 = DIRECTION ( 'NONE',  ( -0.07992773943613183700, 0.07992773943613293300, 0.9935910189495774600 ) ) ;
#4138 = CARTESIAN_POINT ( 'NONE',  ( -0.2060021965571729700, -1.279036433589170200, 2.826433334171255300 ) ) ;
#4139 = DIRECTION ( 'NONE',  ( -0.0000000000000000000, -1.224646799147353200E-016, 1.000000000000000000 ) ) ;
#4140 = ORIENTED_EDGE ( 'NONE', *, *, #3576, .F. ) ;
#4141 = CARTESIAN_POINT ( 'NONE',  ( -0.5529378364870428700, 0.9577164262227557700, -3.181249999999999500 ) ) ;
#4142 = CARTESIAN_POINT ( 'NONE',  ( 1.082531754730562600, -0.6250000000000240900, -1.793749999999998400 ) ) ;
#4143 = ORIENTED_EDGE ( 'NONE', *, *, #2250, .F. ) ;
#4144 = B_SPLINE_CURVE_WITH_KNOTS ( 'NONE', 3,
 ( #2846, #1441, #3184, #1815, #135, #2122, #94 ),
 .UNSPECIFIED., .F., .F.,
 ( 4, 3, 4 ),
 ( 4.370558682921689100E-019, 0.0002409229286936470200, 0.0004870493230713324100 ),
 .UNSPECIFIED. ) ;
#4145 = CARTESIAN_POINT ( 'NONE',  ( 1.103625504730564500, 0.6371784822407117200, -0.8328124999999991800 ) ) ;
#4146 = ORIENTED_EDGE ( 'NONE', *, *, #3701, .F. ) ;
#4147 = CARTESIAN_POINT ( 'NONE',  ( -0.2276197203300947500, 0.8651502405362185800, 3.032110333944722000 ) ) ;
#4148 = EDGE_LOOP ( 'NONE', ( #1992, #985, #3121, #2472 ) ) ;
#4149 = DIRECTION ( 'NONE',  ( -0.0000000000000000000, -1.224646799147353200E-016, 1.000000000000000000 ) ) ;
#4150 = CARTESIAN_POINT ( 'NONE',  ( -0.4902707156080752800, -0.3594804923862318100, 3.001276454878519100 ) ) ;
#4151 = CARTESIAN_POINT ( 'NONE',  ( 0.8657918773917474600, 0.4725142672080039900, 3.037400653050898100 ) ) ;
#4152 = VECTOR ( 'NONE', #1204, 1000.000000000000200 ) ;
#4153 = LINE ( 'NONE', #2982, #1503 ) ;
#4154 = CARTESIAN_POINT ( 'NONE',  ( -0.7357503364870431300, -1.274356964481470300, -1.470312499999999000 ) ) ;
#4155 = EDGE_CURVE ( 'NONE', #3479, #4250, #4222, .T. ) ;
#4156 = CARTESIAN_POINT ( 'NONE',  ( -1.530808498934212300E-016, -1.250000000000032200, -2.318749999999998300 ) ) ;
#4157 = CARTESIAN_POINT ( 'NONE',  ( -0.3312496991555374200, 0.3771492160041175500, 2.341249999999998300 ) ) ;
#4158 = FACE_OUTER_BOUND ( 'NONE', #4231, .T. ) ;
#4159 = CARTESIAN_POINT ( 'NONE',  ( 2.676743615382540900E-016, 1.901454066994984600, 0.9499999999999992900 ) ) ;
#4160 = CARTESIAN_POINT ( 'NONE',  ( -1.530808498934212300E-016, -1.250000000000032200, -2.318749999999998300 ) ) ;
#4161 = CARTESIAN_POINT ( 'NONE',  ( -1.443375672974083600, -1.520058949692981500E-014, -0.1812499999999984700 ) ) ;
#4162 = ORIENTED_EDGE ( 'NONE', *, *, #473, .F. ) ;
#4163 = LINE ( 'NONE', #2345, #2426 ) ;
#4164 = ADVANCED_FACE ( 'NONE', ( #3018 ), #3221, .T. ) ;
#4165 = DIRECTION ( 'NONE',  ( 0.0000000000000000000, 1.224646799147353000E-016, -1.000000000000000000 ) ) ;
#4166 = PRODUCT ( '92000A102_Passivated 18-8 Stainless Steel Pan Head Phillips Screws', '92000A102_Passivated 18-8 Stainless Steel Pan Head Phillips Screws', '', ( #4400 ) ) ;
#4167 = DIRECTION ( 'NONE',  ( 1.000000000000000000, 0.0000000000000000000, 0.0000000000000000000 ) ) ;
#4168 = VECTOR ( 'NONE', #4104, 1000.000000000000000 ) ;
#4169 = B_SPLINE_CURVE_WITH_KNOTS ( 'NONE', 3,
 ( #3185, #3153, #3141, #469, #1816, #136, #3830, #2819, #4173, #3873, #3466, #2492, #95, #438, #111, #2133 ),
 .UNSPECIFIED., .F., .F.,
 ( 4, 3, 3, 3, 3, 4 ),
 ( 0.0000000000000000000, 1.219814541772836500E-005, 2.440085787726337100E-005, 3.654123959877687600E-005, 4.866309115787522600E-005, 5.319183929171251000E-005 ),
 .UNSPECIFIED. ) ;
#4170 = CARTESIAN_POINT ( 'NONE',  ( 0.7357503364870423600, -1.274356964481470500, -1.395312499999998800 ) ) ;
#4171 = CARTESIAN_POINT ( 'NONE',  ( -0.1550073732554451700, 0.8188650685607307100, 2.341249999999998700 ) ) ;
#4172 = CARTESIAN_POINT ( 'NONE',  ( 0.7216878364870424900, 1.250000000000000900, -0.3312499999999984900 ) ) ;
#4173 = CARTESIAN_POINT ( 'NONE',  ( 1.262171892731055500, -0.1414088078200689000, 2.341249999999998700 ) ) ;
#4174 = CARTESIAN_POINT ( 'NONE',  ( 0.8294067547305643600, -0.4788582131114008100, -2.975000000000000100 ) ) ;
#4175 = ORIENTED_EDGE ( 'NONE', *, *, #2190, .T. ) ;
#4176 = ORIENTED_EDGE ( 'NONE', *, *, #2073, .F. ) ;
#4177 = DIRECTION ( 'NONE',  ( 0.0000000000000000000, -0.9967800569107643200, 0.08018427617041495900 ) ) ;
#4178 = ORIENTED_EDGE ( 'NONE', *, *, #2222, .F. ) ;
#4179 = DIRECTION ( 'NONE',  ( 0.0000000000000000000, -0.7071067811865440200, 0.7071067811865511300 ) ) ;
#4180 = CARTESIAN_POINT ( 'NONE',  ( -0.8294067547305646900, -0.4788582131114005300, 0.4749999999999998100 ) ) ;
#4181 = CARTESIAN_POINT ( 'NONE',  ( -1.172864355864558400E-016, -0.9577164262227857400, -2.993749999999999500 ) ) ;
#4182 = CARTESIAN_POINT ( 'NONE',  ( 0.0000000000000000000, 1.274356964481440500, -1.685937500000000300 ) ) ;
#4183 = EDGE_CURVE ( 'NONE', #2767, #1556, #1208, .T. ) ;
#4184 = EDGE_LOOP ( 'NONE', ( #4124, #2325, #521, #3818 ) ) ;
#4185 = DIRECTION ( 'NONE',  ( -0.0000000000000000000, -1.224646799147353200E-016, 1.000000000000000000 ) ) ;
#4186 = CARTESIAN_POINT ( 'NONE',  ( -1.313705060252006200, -0.1730352898830084300, 2.812633460563339000 ) ) ;
#4187 = ORIENTED_EDGE ( 'NONE', *, *, #1787, .F. ) ;
#4188 = ORIENTED_EDGE ( 'NONE', *, *, #479, .T. ) ;
#4189 = ORIENTED_EDGE ( 'NONE', *, *, #1560, .F. ) ;
#4190 = EDGE_CURVE ( 'NONE', #3749, #1464, #2409, .T. ) ;
#4191 = CARTESIAN_POINT ( 'NONE',  ( -1.269637219277294900, -0.1222308907553064200, 2.341249999999998700 ) ) ;
#4192 = CARTESIAN_POINT ( 'NONE',  ( -1.560637177523351900E-016, -1.274356964481471000, 0.7890624999999992200 ) ) ;
#4193 = CARTESIAN_POINT ( 'NONE',  ( -0.7216878364870443800, -1.250000000000028000, -0.1062499999999988700 ) ) ;
#4194 = AXIS2_PLACEMENT_3D ( 'NONE', #640, #3735, #2417 ) ;
#4195 = CARTESIAN_POINT ( 'NONE',  ( -1.172864355864558400E-016, -0.9577164262227858500, -2.093749999999999100 ) ) ;
#4196 = DIRECTION ( 'NONE',  ( 0.9238795325112859600, -0.3826834323650916100, 0.0000000000000000000 ) ) ;
#4197 = CARTESIAN_POINT ( 'NONE',  ( -1.269247572895351800, -0.1262782272822198000, 2.341249999999998700 ) ) ;
#4198 = CARTESIAN_POINT ( 'NONE',  ( 1.314971652873326600, 0.1745211440615827000, 2.826433334579991900 ) ) ;
#4199 = CARTESIAN_POINT ( 'NONE',  ( 1.105875672974086000, -1.549211683229795300E-014, -0.1812499999999993800 ) ) ;
#4200 = DIRECTION ( 'NONE',  ( -1.000000000000000000, 0.0000000000000000000, 0.0000000000000000000 ) ) ;
#4201 = CARTESIAN_POINT ( 'NONE',  ( -0.1516233928923818600, -1.249418676946340700, 2.341249999999998700 ) ) ;
#4202 = CARTESIAN_POINT ( 'NONE',  ( -1.103625504730564300, -0.6371784822407428100, 0.7140624999999993800 ) ) ;
#4203 = CARTESIAN_POINT ( 'NONE',  ( -0.8294067547305646900, -0.4788582131114005900, 0.9249999999999997100 ) ) ;
#4204 = EDGE_CURVE ( 'NONE', #318, #1475, #1084, .T. ) ;
#4205 = DATE_TIME_ROLE ( 'classification_date' ) ;
#4206 = CARTESIAN_POINT ( 'NONE',  ( -1.149825099354322400, -0.3504297143475364500, 0.6510975175669666500 ) ) ;
#4207 = CARTESIAN_POINT ( 'NONE',  ( 1.443375672974083900, -1.546456227931713400E-014, -0.9125000000000015300 ) ) ;
#4208 = CARTESIAN_POINT ( 'NONE',  ( -1.259543768636259600, -0.1440619839387896100, 2.341249999999998700 ) ) ;
#4209 = CARTESIAN_POINT ( 'NONE',  ( 0.0000000000000000000, -2.346938109739170800, 2.083073505400253400 ) ) ;
#4210 = EDGE_CURVE ( 'NONE', #447, #3479, #1520, .T. ) ;
#4211 = CARTESIAN_POINT ( 'NONE',  ( -1.082531754730562800, 0.6249999999999935600, -2.468749999999997800 ) ) ;
#4212 = CARTESIAN_POINT ( 'NONE',  ( 0.8294067547305650200, 0.4788582131113693900, -0.1437499999999994100 ) ) ;
#4213 = CARTESIAN_POINT ( 'NONE',  ( -0.5529378364870433100, -0.9577164262227856300, -2.637500000000000200 ) ) ;
#4214 =( BOUNDED_CURVE ( )  B_SPLINE_CURVE ( 2, ( #610, #948, #3666, #3014, #1637, #2305, #281 ),
 .UNSPECIFIED., .F., .F. ) 
 B_SPLINE_CURVE_WITH_KNOTS ( ( 3, 2, 2, 3 ),
 ( 0.2499999999999998100, 0.2916666666666664600, 0.3333333333333330400, 0.3749999999999997200 ),
 .UNSPECIFIED. ) 
 CURVE ( )  GEOMETRIC_REPRESENTATION_ITEM ( )  RATIONAL_B_SPLINE_CURVE ( ( 1.000000000000000700, 0.8660254037844380400, 1.000000000000000000, 0.8660254037844387100, 1.000000000000000000, 0.8660254037844396000, 0.9999999999999991100 ) ) 
 REPRESENTATION_ITEM ( '' )  );
#4215 = VECTOR ( 'NONE', #4321, 1000.000000000000000 ) ;
#4216 = CARTESIAN_POINT ( 'NONE',  ( -0.1379743053368865700, -1.264311991070235400, 2.341249999999998700 ) ) ;
#4217 = CARTESIAN_POINT ( 'NONE',  ( 0.0000000000000000000, 1.250000000000001300, -0.2937499999999981800 ) ) ;
#4218 = CARTESIAN_POINT ( 'NONE',  ( 1.105875672974086000, -1.521657130248979900E-014, -2.431249999999999500 ) ) ;
#4219 = CARTESIAN_POINT ( 'NONE',  ( -1.560637177523352200E-016, -1.274356964481471000, -1.460937500000000900 ) ) ;
#4220 = ORIENTED_EDGE ( 'NONE', *, *, #3002, .F. ) ;
#4221 = CARTESIAN_POINT ( 'NONE',  ( 0.8294067547305650200, 0.4788582131113695600, -1.493749999999999700 ) ) ;
#4222 = CIRCLE ( 'NONE', #2389, 1.325051771394847500 ) ;
#4223 = B_SPLINE_CURVE_WITH_KNOTS ( 'NONE', 3,
 ( #697, #1720, #4100, #2060, #372, #3096, #3771 ),
 .UNSPECIFIED., .F., .F.,
 ( 4, 3, 4 ),
 ( 0.0000000000000000000, 0.0002461273139033453300, 0.0004870493278964775800 ),
 .UNSPECIFIED. ) ;
#4224 = ORIENTED_EDGE ( 'NONE', *, *, #3062, .T. ) ;
#4225 = VERTEX_POINT ( 'NONE', #201 ) ;
#4226 = CARTESIAN_POINT ( 'NONE',  ( -0.1975687553003995200, -1.300404126893900400, 2.816220661838865900 ) ) ;
#4227 = DIRECTION ( 'NONE',  ( -6.306907156265766100E-016, -0.9945218953682732900, -0.1045284632676539400 ) ) ;
#4228 = CARTESIAN_POINT ( 'NONE',  ( -1.593020556330873700E-016, -1.300799999999997300, 0.9499999999999989600 ) ) ;
#4229 = CARTESIAN_POINT ( 'NONE',  ( 0.5529378364870435300, 0.9577164262227549900, 0.7937500000000006200 ) ) ;
#4230 = DIRECTION ( 'NONE',  ( 0.0000000000000000000, -1.000000000000000000, 0.0000000000000000000 ) ) ;
#4231 = EDGE_LOOP ( 'NONE', ( #364, #1453, #4397, #4330 ) ) ;
#4232 = ADVANCED_FACE ( 'NONE', ( #1873 ), #2015, .F. ) ;
#4233 = CARTESIAN_POINT ( 'NONE',  ( -0.1345445673886338200, -1.266449120544686600, 2.341249999999998700 ) ) ;
#4234 = CARTESIAN_POINT ( 'NONE',  ( 1.530808498934191800E-016, 1.250000000000001100, 3.049999999999998900 ) ) ;
#4235 = DIRECTION ( 'NONE',  ( -0.0000000000000000000, -1.224646799147353200E-016, 1.000000000000000000 ) ) ;
#4236 = CARTESIAN_POINT ( 'NONE',  ( 0.7357503364870424700, -1.274356964481471200, -1.423437500000001000 ) ) ;
#4237 = EDGE_CURVE ( 'NONE', #1356, #2714, #349, .T. ) ;
#4238 = CARTESIAN_POINT ( 'NONE',  ( -0.8294067547305646900, -0.4788582131114001400, -2.618749999999999500 ) ) ;
#4239 = EDGE_LOOP ( 'NONE', ( #856, #1849, #4289, #4 ) ) ;
#4240 = CARTESIAN_POINT ( 'NONE',  ( -0.2037166375673543400, -1.289818577089968200, 2.819700781087034300 ) ) ;
#4241 = ORIENTED_EDGE ( 'NONE', *, *, #2190, .F. ) ;
#4242 = CARTESIAN_POINT ( 'NONE',  ( 0.1550073732554517200, 0.8188650685607301600, 2.341249999999998700 ) ) ;
#4243 = CARTESIAN_POINT ( 'NONE',  ( 0.5529378364870427600, -0.9577164262227863000, 0.6437500000000003800 ) ) ;
#4244 = CARTESIAN_POINT ( 'NONE',  ( -1.105875672974086000, -1.496637579659287900E-014, -2.262500000000000200 ) ) ;
#4245 = EDGE_CURVE ( 'NONE', #1111, #1291, #3827, .T. ) ;
#4246 = B_SPLINE_CURVE_WITH_KNOTS ( 'NONE', 3,
 ( #2287, #1225, #3600, #263 ),
 .UNSPECIFIED., .F., .F.,
 ( 4, 4 ),
 ( 0.0000000000000000000, 9.620555409560893200E-005 ),
 .UNSPECIFIED. ) ;
#4247 = VERTEX_POINT ( 'NONE', #4228 ) ;
#4248 = CARTESIAN_POINT ( 'NONE',  ( -1.798880909981620700E-015, -0.1698177346798774300, -0.7492544607789044500 ) ) ;
#4249 = DIRECTION ( 'NONE',  ( 0.0000000000000000000, -1.000000000000000000, -1.755792991879362200E-016 ) ) ;
#4250 = VERTEX_POINT ( 'NONE', #3900 ) ;
#4251 = CARTESIAN_POINT ( 'NONE',  ( -0.8294067547305646900, -0.4788582131114002500, -1.718749999999999600 ) ) ;
#4252 = CARTESIAN_POINT ( 'NONE',  ( -0.3686223959115673100, -1.194410954919827400, 0.8104281470917972200 ) ) ;
#4253 = CARTESIAN_POINT ( 'NONE',  ( 0.1550073732554516600, 0.8507067466786053500, 2.341249999999998700 ) ) ;
#4254 = CARTESIAN_POINT ( 'NONE',  ( 0.8294067547305650200, 0.4788582131113692200, 1.206250000000000300 ) ) ;
#4255 = CARTESIAN_POINT ( 'NONE',  ( 0.0000000000000000000, 0.9577164262227556600, -1.475000000000000100 ) ) ;
#4256 = CIRCLE ( 'NONE', #3009, 3.817103023916980800 ) ;
#4257 = LINE ( 'NONE', #1762, #1444 ) ;
#4258 = AXIS2_PLACEMENT_3D ( 'NONE', #543, #3255, #2962 ) ;
#4259 = EDGE_CURVE ( 'NONE', #2306, #3686, #2175, .T. ) ;
#4260 = CARTESIAN_POINT ( 'NONE',  ( 0.1563172603284863600, 1.299389152772500600, 2.657404060349340700 ) ) ;
#4261 = CARTESIAN_POINT ( 'NONE',  ( -1.471500672974085600, -1.508348264676134700E-014, -1.123437500000000800 ) ) ;
#4262 = ORIENTED_EDGE ( 'NONE', *, *, #341, .F. ) ;
#4263 = CARTESIAN_POINT ( 'NONE',  ( -0.5529378364870433100, -0.9577164262227855200, -2.637500000000000200 ) ) ;
#4264 = VECTOR ( 'NONE', #470, 1000.000000000000000 ) ;
#4265 = CARTESIAN_POINT ( 'NONE',  ( 0.0000000000000000000, 1.250000000000001600, -2.150000000000001700 ) ) ;
#4266 = EDGE_CURVE ( 'NONE', #2498, #148, #751, .T. ) ;
#4267 = CARTESIAN_POINT ( 'NONE',  ( -0.3428190376944972900, -0.9710579649185012700, 0.1661093452557263500 ) ) ;
#4268 = CARTESIAN_POINT ( 'NONE',  ( 0.8294067547305650200, 0.4788582131113695600, -1.550000000000000500 ) ) ;
#4269 = FACE_OUTER_BOUND ( 'NONE', #2309, .T. ) ;
#4270 = ADVANCED_FACE ( 'NONE', ( #2320 ), #2902, .T. ) ;
#4271 = CARTESIAN_POINT ( 'NONE',  ( 0.04680652530280247200, 0.1130009481935871100, -0.7799584642923089700 ) ) ;
#4272 = ORIENTED_EDGE ( 'NONE', *, *, #1742, .T. ) ;
#4273 = ORGANIZATION ( 'UNSPECIFIED', 'UNSPECIFIED', '' ) ;
#4274 = ORIENTED_EDGE ( 'NONE', *, *, #657, .T. ) ;
#4275 = AXIS2_PLACEMENT_3D ( 'NONE', #2521, #472, #3590 ) ;
#4276 = CARTESIAN_POINT ( 'NONE',  ( 1.082531754730562600, -0.6250000000000239800, -1.850000000000001600 ) ) ;
#4277 = VERTEX_POINT ( 'NONE', #1944 ) ;
#4278 = DIRECTION ( 'NONE',  ( 0.0000000000000000000, -2.449293598294706400E-016, 1.000000000000000000 ) ) ;
#4279 = CIRCLE ( 'NONE', #2595, 3.813281901587955800 ) ;
#4280 = CARTESIAN_POINT ( 'NONE',  ( -1.530808498934212300E-016, -1.250000000000032200, -1.025000000000001900 ) ) ;
#4281 = CARTESIAN_POINT ( 'NONE',  ( 0.7357503364870434700, 1.274356964481439900, 0.07656249999999938100 ) ) ;
#4282 = ORIENTED_EDGE ( 'NONE', *, *, #1140, .T. ) ;
#4283 = CARTESIAN_POINT ( 'NONE',  ( 0.8294067547305650200, 0.4788582131113696100, -1.943749999999999400 ) ) ;
#4284 = DIRECTION ( 'NONE',  ( 1.224646799147352700E-016, 1.000000000000000000, 0.0000000000000000000 ) ) ;
#4285 = CARTESIAN_POINT ( 'NONE',  ( 1.279036433589169100, -0.2060021965571778300, 2.826433334171256200 ) ) ;
#4286 = CARTESIAN_POINT ( 'NONE',  ( -1.530808498934212300E-016, -1.250000000000032000, -2.375000000000001800 ) ) ;
#4287 = CARTESIAN_POINT ( 'NONE',  ( -1.187291547563132300, 0.3028596476194368400, 0.7192598841530507500 ) ) ;
#4288 = ORIENTED_EDGE ( 'NONE', *, *, #1392, .T. ) ;
#4289 = ORIENTED_EDGE ( 'NONE', *, *, #402, .F. ) ;
#4290 = ORIENTED_EDGE ( 'NONE', *, *, #1074, .F. ) ;
#4291 = DIRECTION ( 'NONE',  ( 1.053498008031483700E-014, 0.9945218953682735100, -0.1045284632676536000 ) ) ;
#4292 = CARTESIAN_POINT ( 'NONE',  ( 2.874170243889015900E-016, 2.346938109739172600, 2.083073505400254300 ) ) ;
#4293 = CARTESIAN_POINT ( 'NONE',  ( 0.5529378364870435300, 0.9577164262227549900, -0.1062499999999995800 ) ) ;
#4294 = EDGE_CURVE ( 'NONE', #2498, #615, #2435, .T. ) ;
#4295 = CARTESIAN_POINT ( 'NONE',  ( -0.8294067547305646900, -0.4788582131114002000, -2.225000000000000500 ) ) ;
#4296 = CARTESIAN_POINT ( 'NONE',  ( -0.8294067547305646900, -0.4788582131114000900, -3.125000000000000000 ) ) ;
#4297 = CARTESIAN_POINT ( 'NONE',  ( -0.1262782272822062800, 1.269247572895353200, 2.341249999999998700 ) ) ;
#4298 = DIRECTION ( 'NONE',  ( -0.0000000000000000000, -1.224646799147353200E-016, 1.000000000000000000 ) ) ;
#4299 = CARTESIAN_POINT ( 'NONE',  ( -0.7712360881032186400, -0.2388190340831471400, 2.963638974742666100 ) ) ;
#4300 = DIRECTION ( 'NONE',  ( 0.0000000000000000000, -1.000000000000000000, -1.140392703988851800E-016 ) ) ;
#4301 = AXIS2_PLACEMENT_3D ( 'NONE', #4271, #203, #246 ) ;
#4302 = CARTESIAN_POINT ( 'NONE',  ( 0.5529378364870435300, 0.9577164262227548800, 1.243750000000000600 ) ) ;
#4303 = CARTESIAN_POINT ( 'NONE',  ( -0.5529378364870428700, 0.9577164262227556600, -1.887500000000000400 ) ) ;
#4304 = DIRECTION ( 'NONE',  ( 0.0000000000000000000, -1.000000000000000000, -1.787345686866801400E-016 ) ) ;
#4305 = CARTESIAN_POINT ( 'NONE',  ( -1.268912403754337100, 0.1267577984745012500, 2.341249999999998700 ) ) ;
#4306 = CARTESIAN_POINT ( 'NONE',  ( -1.297061345032948500, 0.2000316359821088000, 2.817295413065178600 ) ) ;
#4307 = CARTESIAN_POINT ( 'NONE',  ( 1.242138479636186500, 0.1542132638072926400, 2.341249999999998700 ) ) ;
#4308 = CARTESIAN_POINT ( 'NONE',  ( -0.5529378364870428700, 0.9577164262227554300, -0.4812499999999995100 ) ) ;
#4309 = CARTESIAN_POINT ( 'NONE',  ( -0.5529378364870433100, -0.9577164262227855200, -1.681249999999999500 ) ) ;
#4310 = VECTOR ( 'NONE', #4139, 1000.000000000000000 ) ;
#4311 = CARTESIAN_POINT ( 'NONE',  ( -0.8372912014320688100, -1.049769098389318200, 0.7817361459033586000 ) ) ;
#4312 = CARTESIAN_POINT ( 'NONE',  ( -1.082531754730562600, 0.6249999999999932300, 0.1749999999999987700 ) ) ;
#4313 = ADVANCED_FACE ( 'NONE', ( #2698 ), #1994, .T. ) ;
#4314 = CARTESIAN_POINT ( 'NONE',  ( -0.3594804923862310900, -0.4902707156080756100, 3.001276454878519100 ) ) ;
#4315 = CARTESIAN_POINT ( 'NONE',  ( 0.8008042420523386900, 0.2259697001486572800, 2.958349045320477700 ) ) ;
#4316 = CARTESIAN_POINT ( 'NONE',  ( 1.105875672974086000, -1.554722593825958500E-014, 0.2687500000000005400 ) ) ;
#4317 = CARTESIAN_POINT ( 'NONE',  ( -0.7357503364870433500, -1.274356964481470500, -3.270312499999999300 ) ) ;
#4318 = CARTESIAN_POINT ( 'NONE',  ( 0.3623022328721978700, -0.4930924560940450100, 3.036353838831116600 ) ) ;
#4319 = CARTESIAN_POINT ( 'NONE',  ( -1.245579989071512900, 0.1529668360597857800, 2.341249999999998700 ) ) ;
#4320 = EDGE_CURVE ( 'NONE', #988, #3709, #1089, .T. ) ;
#4321 = DIRECTION ( 'NONE',  ( -0.0000000000000000000, -1.224646799147353200E-016, 1.000000000000000000 ) ) ;
#4322 = FACE_OUTER_BOUND ( 'NONE', #4122, .T. ) ;
#4323 = CARTESIAN_POINT ( 'NONE',  ( -1.307328429416011900, -0.1900795373798169500, 2.814105755506703900 ) ) ;
#4324 = CARTESIAN_POINT ( 'NONE',  ( 0.8294067547305642400, -0.4788582131114009800, -1.118749999999999500 ) ) ;
#4325 = CARTESIAN_POINT ( 'NONE',  ( 1.471500672974085400, -1.564022255456983600E-014, 0.4796875000000007700 ) ) ;
#4326 = CARTESIAN_POINT ( 'NONE',  ( -0.5529378364870433100, -0.9577164262227856300, -1.737500000000000500 ) ) ;
#4327 = CARTESIAN_POINT ( 'NONE',  ( 0.8294067547305643600, -0.4788582131114009200, -2.075000000000000600 ) ) ;
#4328 = EDGE_CURVE ( 'NONE', #2893, #386, #295, .T. ) ;
#4329 = CARTESIAN_POINT ( 'NONE',  ( 0.0000000000000000000, 1.250000000000001600, -1.250000000000001300 ) ) ;
#4330 = ORIENTED_EDGE ( 'NONE', *, *, #2163, .T. ) ;
#4331 = CYLINDRICAL_SURFACE ( 'NONE', #3718, 1.250000000000000200 ) ;
#4332 = CARTESIAN_POINT ( 'NONE',  ( 0.1332869024190109500, 1.050772310796556800, 0.2630545696751102100 ) ) ;
#4333 = CARTESIAN_POINT ( 'NONE',  ( -1.168177307462592100, -0.4109475863853279100, 0.7553916754497126400 ) ) ;
#4334 = ORIENTED_EDGE ( 'NONE', *, *, #563, .T. ) ;
#4335 = CARTESIAN_POINT ( 'NONE',  ( 1.103625504730563900, -0.6371784822407438000, 1.314062499999999200 ) ) ;
#4336 = CARTESIAN_POINT ( 'NONE',  ( -1.560637177523352200E-016, -1.274356964481471000, -1.882812499999999300 ) ) ;
#4337 = VERTEX_POINT ( 'NONE', #1250 ) ;
#4338 = FACE_OUTER_BOUND ( 'NONE', #1691, .T. ) ;
#4339 = CARTESIAN_POINT ( 'NONE',  ( 0.7216878364870381600, -1.250000000000038200, -0.08750000000000215900 ) ) ;
#4340 =( BOUNDED_CURVE ( )  B_SPLINE_CURVE ( 2, ( #2872, #1483, #467, #4207, #423, #1452, #1799 ),
 .UNSPECIFIED., .F., .F. ) 
 B_SPLINE_CURVE_WITH_KNOTS ( ( 3, 2, 2, 3 ),
 ( 0.3749999999999997200, 0.4166666666666664600, 0.4583333333333331500, 0.4999999999999998900 ),
 .UNSPECIFIED. ) 
 CURVE ( )  GEOMETRIC_REPRESENTATION_ITEM ( )  RATIONAL_B_SPLINE_CURVE ( ( 1.000000000000000900, 0.8660254037844378200, 1.000000000000000000, 0.8660254037844387100, 1.000000000000000000, 0.8660254037844390400, 0.9999999999999996700 ) ) 
 REPRESENTATION_ITEM ( '' )  );
#4341 = CARTESIAN_POINT ( 'NONE',  ( -1.310183160132764500, 0.1847508701701694700, 2.813338666443586400 ) ) ;
#4342 = CARTESIAN_POINT ( 'NONE',  ( -0.8294067547305644700, 0.4788582131113702200, -0.4437499999999994800 ) ) ;
#4343 = CARTESIAN_POINT ( 'NONE',  ( -1.103625504730564100, 0.6371784822407126100, 0.2171875000000009200 ) ) ;
#4344 = CARTESIAN_POINT ( 'NONE',  ( 1.105875672974086000, -1.531990087616785300E-014, -1.587500000000000600 ) ) ;
#4345 = CARTESIAN_POINT ( 'NONE',  ( -1.530808498934212000E-016, -1.250000000000032000, 0.3249999999999984600 ) ) ;
#4346 = EDGE_LOOP ( 'NONE', ( #4288, #3132, #739, #4262 ) ) ;
#4347 = CARTESIAN_POINT ( 'NONE',  ( 1.019144855120087000, 0.1593769565447471500, 0.1865616388985648600 ) ) ;
#4348 = CARTESIAN_POINT ( 'NONE',  ( -1.226447399788069400, -0.1291549810108431100, 0.7412200094887946300 ) ) ;
#4349 = CARTESIAN_POINT ( 'NONE',  ( -0.5529378364870433100, -0.9577164262227858500, -0.3312499999999995400 ) ) ;
#4350 = AXIS2_PLACEMENT_3D ( 'NONE', #116, #3834, #3819 ) ;
#4351 = CARTESIAN_POINT ( 'NONE',  ( -1.560637177523352200E-016, -1.274356964481471000, -2.332812499999998800 ) ) ;
#4352 = EDGE_CURVE ( 'NONE', #3593, #3695, #1772, .T. ) ;
#4353 = CARTESIAN_POINT ( 'NONE',  ( -0.8507067466786042400, 0.1550073732554603000, 2.341249999999998700 ) ) ;
#4354 =( BOUNDED_CURVE ( )  B_SPLINE_CURVE ( 3, ( #778, #4171, #3525, #93 ),
 .UNSPECIFIED., .F., .F. ) 
 B_SPLINE_CURVE_WITH_KNOTS ( ( 4, 4 ),
 ( 2.946332657651818700, 3.336852649527770200 ),
 .UNSPECIFIED. ) 
 CURVE ( )  GEOMETRIC_REPRESENTATION_ITEM ( )  RATIONAL_B_SPLINE_CURVE ( ( 1.000000000000000000, 0.9873315052531760300, 0.9873315052531760300, 1.000000000000000000 ) ) 
 REPRESENTATION_ITEM ( '' )  );
#4355 = DIRECTION ( 'NONE',  ( 0.0000000000000000000, -0.1045284632676538300, 0.9945218953682734000 ) ) ;
#4356 = DIRECTION ( 'NONE',  ( -1.000000000000000000, 0.0000000000000000000, -0.0000000000000000000 ) ) ;
#4357 = CARTESIAN_POINT ( 'NONE',  ( 1.266453602835776900, 0.1340062634347047300, 2.341249999999998700 ) ) ;
#4358 = CARTESIAN_POINT ( 'NONE',  ( 0.1730352898830065400, 1.313705060252006400, 2.812633460563339800 ) ) ;
#4359 = ORIENTED_EDGE ( 'NONE', *, *, #686, .T. ) ;
#4360 = CARTESIAN_POINT ( 'NONE',  ( 0.5529378364870427600, -0.9577164262227864100, 1.037499999999999600 ) ) ;
#4361 = EDGE_CURVE ( 'NONE', #3219, #2796, #3566, .T. ) ;
#4362 = CARTESIAN_POINT ( 'NONE',  ( 0.0000000000000000000, 0.9577164262227556600, -1.475000000000000100 ) ) ;
#4363 = ORIENTED_EDGE ( 'NONE', *, *, #2381, .F. ) ;
#4364 = ADVANCED_FACE ( 'NONE', ( #1777 ), #3690, .T. ) ;
#4365 = CARTESIAN_POINT ( 'NONE',  ( 0.1470524354260176500, 1.256251593563930900, 2.341249999999998700 ) ) ;
#4366 = CARTESIAN_POINT ( 'NONE',  ( 0.1543792500261323700, 1.265918474599895900, 2.335273806674091000 ) ) ;
#4367 = CARTESIAN_POINT ( 'NONE',  ( 0.8294067547305650200, 0.4788582131113692800, 0.7562500000000005300 ) ) ;
#4368 = CARTESIAN_POINT ( 'NONE',  ( -1.103625504730564500, -0.6371784822407425800, -1.957812499999999500 ) ) ;
#4369 = FACE_OUTER_BOUND ( 'NONE', #2826, .T. ) ;
#4370 = CARTESIAN_POINT ( 'NONE',  ( 0.8294067547305649100, 0.4788582131113693900, -0.5937499999999994400 ) ) ;
#4371 = CARTESIAN_POINT ( 'NONE',  ( 1.313171661729042100, -0.1770849166338403800, 2.812633460563340300 ) ) ;
#4372 = CARTESIAN_POINT ( 'NONE',  ( -0.1550073732554517500, -1.233553727824348500, 2.341249999999998700 ) ) ;
#4373 = CARTESIAN_POINT ( 'NONE',  ( 1.259543768636259600, 0.1440619839387889700, 2.341249999999998700 ) ) ;
#4374 = CARTESIAN_POINT ( 'NONE',  ( 0.7712360881032187500, 0.2388190340831463900, 2.963638974742667000 ) ) ;
#4375 = CARTESIAN_POINT ( 'NONE',  ( -1.103625504730564100, 0.6371784822407127200, -0.6828124999999990500 ) ) ;
#4376 = CARTESIAN_POINT ( 'NONE',  ( -1.172864355864558200E-016, -0.9577164262227857400, -1.700000000000000200 ) ) ;
#4377 = CARTESIAN_POINT ( 'NONE',  ( 0.5804983358692525900, 1.035717430575044500, 0.6115325239847476700 ) ) ;
#4378 = ORIENTED_EDGE ( 'NONE', *, *, #2313, .F. ) ;
#4379 = FACE_OUTER_BOUND ( 'NONE', #2090, .T. ) ;
#4380 = CARTESIAN_POINT ( 'NONE',  ( 0.1529668360597730700, 1.245579989071514900, 2.341249999999998700 ) ) ;
#4381 = CARTESIAN_POINT ( 'NONE',  ( 0.2057007486552672500, 1.310529449413397400, 2.823565248968564800 ) ) ;
#4382 = ORIENTED_EDGE ( 'NONE', *, *, #1592, .T. ) ;
#4383 = CARTESIAN_POINT ( 'NONE',  ( -1.530808498934212300E-016, -1.250000000000032400, -0.1250000000000018000 ) ) ;
#4384 = DATE_AND_TIME ( #1921, #342 ) ;
#4385 = CARTESIAN_POINT ( 'NONE',  ( 0.5529378364870435300, 0.9577164262227552100, -1.062500000000000000 ) ) ;
#4386 =( BOUNDED_SURFACE ( )  B_SPLINE_SURFACE ( 3, 2, ( 
 ( #3046, #2051, #4051 ),
 ( #2010, #4392, #4015 ),
 ( #3341, #3013, #1322 ),
 ( #301, #4061, #1650 ) ),
 .UNSPECIFIED., .F., .F., .F. ) 
 B_SPLINE_SURFACE_WITH_KNOTS ( ( 4, 4 ),
 ( 3, 3 ),
 ( 0.0008620654718056917000, 0.001354957742906235000 ),
 ( 0.0000000000000000000, 1.000000000000000000 ),
 .UNSPECIFIED. ) 
 GEOMETRIC_REPRESENTATION_ITEM ( )  RATIONAL_B_SPLINE_SURFACE ( (
 ( 1.000000000000000000, 0.7553322469575577400, 1.000000000000000000),
 ( 1.000000000000000000, 0.7515638432764939500, 1.000000000000000000),
 ( 1.000000000000000000, 0.7476184705345634300, 1.000000000000000000),
 ( 1.000000000000000000, 0.7434678481019416600, 1.000000000000000000) ) ) 
 REPRESENTATION_ITEM ( '' )  SURFACE ( )  );
#4387 = CARTESIAN_POINT ( 'NONE',  ( 0.8294067547305642400, -0.4788582131114009800, -1.118749999999999500 ) ) ;
#4388 = FACE_OUTER_BOUND ( 'NONE', #253, .T. ) ;
#4389 = CARTESIAN_POINT ( 'NONE',  ( -0.1548063073804807600, 1.113112305211243300, -2.905637694788756800 ) ) ;
#4390 = ORIENTED_EDGE ( 'NONE', *, *, #4129, .F. ) ;
#4391 = EDGE_CURVE ( 'NONE', #2796, #447, #2524, .T. ) ;
#4392 = CARTESIAN_POINT ( 'NONE',  ( -1.295836517832878600, 0.1885057450220929400, 2.659965717610775800 ) ) ;
#4393 = CARTESIAN_POINT ( 'NONE',  ( -0.1935152916962901100, 1.304614631299513900, 2.814911307487917300 ) ) ;
#4394 = ORIENTED_EDGE ( 'NONE', *, *, #4210, .F. ) ;
#4395 = CARTESIAN_POINT ( 'NONE',  ( 0.7357503364870423600, -1.274356964481471200, 0.4046875000000005300 ) ) ;
#4396 = CARTESIAN_POINT ( 'NONE',  ( 0.8294067547305642400, -0.4788582131114010300, -0.2187499999999995600 ) ) ;
#4397 = ORIENTED_EDGE ( 'NONE', *, *, #1742, .F. ) ;
#4398 = FACE_OUTER_BOUND ( 'NONE', #2438, .T. ) ;
#4399 = ORIENTED_EDGE ( 'NONE', *, *, #3890, .F. ) ;
#4400 = MECHANICAL_CONTEXT ( 'NONE', #3041, 'mechanical' ) ;
#4401 = CARTESIAN_POINT ( 'NONE',  ( 6.042316329546212100E-013, -1.026313499864549600, 0.1958545389327314700 ) ) ;
#4402 = CARTESIAN_POINT ( 'NONE',  ( 0.8294067547305642400, -0.4788582131114010300, -0.2750000000000003000 ) ) ;
#4403 = CARTESIAN_POINT ( 'NONE',  ( 2.443623483614654000E-015, -3.399534644381573400E-016, 2.812633460563337600 ) ) ;
ENDSEC;
END-ISO-10303-21;
