ISO-10303-21;
HEADER;
FILE_DESCRIPTION (( 'STEP AP203' ),
    '1' );
FILE_NAME ('98952A103_Aluminum Male-Female Threaded Hex Standoff.STEP',
    '2021-07-10T01:27:45',
    ( 'Administrator' ),
    ( 'Managed by Terraform' ),
    'SwSTEP 2.0',
    'SolidWorks 2017',
    '' );
FILE_SCHEMA (( 'CONFIG_CONTROL_DESIGN' ));
ENDSEC;

DATA;
#1 = ORIENTED_EDGE ( 'NONE', *, *, #984, .T. ) ;
#2 = CARTESIAN_POINT ( 'NONE',  ( -4.087500000000000400, 1.249999999999999300, -0.7216878364870328300 ) ) ;
#3 = CARTESIAN_POINT ( 'NONE',  ( 3.806249999999999900, 0.9577164262227499900, 0.5529378364870317600 ) ) ;
#4 = CARTESIAN_POINT ( 'NONE',  ( -3.431249999999999500, -2.031460654743908500E-016, -1.105875672974058200 ) ) ;
#5 = CARTESIAN_POINT ( 'NONE',  ( 3.487499999999999800, -2.031460654743916600E-016, 1.105875672974062600 ) ) ;
#6 = CARTESIAN_POINT ( 'NONE',  ( 4.256250000000000500, 0.9577164262227499900, 0.5529378364870317600 ) ) ;
#7 = CARTESIAN_POINT ( 'NONE',  ( -4.443750000000001400, 1.250000000000000000, 0.0000000000000000000 ) ) ;
#8 = CARTESIAN_POINT ( 'NONE',  ( -4.749038105676659100, 2.598076211353316500, -9.245224333810884500E-017 ) ) ;
#9 = CARTESIAN_POINT ( 'NONE',  ( -3.974999999999999200, -0.4788582131113736700, -0.8294067547305433700 ) ) ;
#10 = ORIENTED_EDGE ( 'NONE', *, *, #3438, .T. ) ;
#11 = CARTESIAN_POINT ( 'NONE',  ( -2.868749999999999500, 0.9577164262227466600, 0.0000000000000000000 ) ) ;
#12 = CARTESIAN_POINT ( 'NONE',  ( 4.862127497258535800, 2.823924734453857000E-011, 1.000372502741464500 ) ) ;
#13 = AXIS2_PLACEMENT_3D ( 'NONE', #250, #3635, #1494 ) ;
#14 = CARTESIAN_POINT ( 'NONE',  ( 4.200000000000000200, -0.6250000000000005600, 1.082531754730548200 ) ) ;
#15 = EDGE_LOOP ( 'NONE', ( #2156, #1466, #1941, #3142, #1160, #609 ) ) ;
#16 = CARTESIAN_POINT ( 'NONE',  ( 1.050000000000000500, 0.0000000000000000000, 0.0000000000000000000 ) ) ;
#17 = EDGE_CURVE ( 'NONE', #3258, #1980, #3923, .T. ) ;
#18 =( BOUNDED_CURVE ( )  B_SPLINE_CURVE ( 2, ( #1472, #854, #3003, #2367, #3291, #2975, #1760, #1751, #1148 ),
 .UNSPECIFIED., .F., .F. ) 
 B_SPLINE_CURVE_WITH_KNOTS ( ( 3, 2, 2, 2, 3 ),
 ( 0.07500000000000021900, 0.08333333333333332900, 0.1000000000000000100, 0.1166666666666666700, 0.1250000000000000000 ),
 .UNSPECIFIED. ) 
 CURVE ( )  GEOMETRIC_REPRESENTATION_ITEM ( )  RATIONAL_B_SPLINE_CURVE ( ( 0.9330127018922194100, 0.9330127018922211900, 1.000000000000000000, 0.8660254037844387100, 1.000000000000000000, 0.8660254037844387100, 1.000000000000000000, 0.9330127018922194100, 0.9330127018922194100 ) ) 
 REPRESENTATION_ITEM ( '' )  );
#19 = CARTESIAN_POINT ( 'NONE',  ( 4.293750000000000200, 0.4788582131113745000, 0.8294067547305473700 ) ) ;
#20 = CARTESIAN_POINT ( 'NONE',  ( -3.281249999999999600, 0.9577164262227466600, 0.5529378364870291000 ) ) ;
#21 = VECTOR ( 'NONE', #1147, 1000.000000000000000 ) ;
#22 = CARTESIAN_POINT ( 'NONE',  ( 3.412500000000000100, 0.9577164262227499900, 0.5529378364870317600 ) ) ;
#23 = ORIENTED_EDGE ( 'NONE', *, *, #3248, .F. ) ;
#24 = ADVANCED_FACE ( 'NONE', ( #3393 ), #3926, .T. ) ;
#25 = CARTESIAN_POINT ( 'NONE',  ( 4.031250000000000000, -0.9577164262227502200, -0.5529378364870316500 ) ) ;
#26 = VECTOR ( 'NONE', #789, 1000.000000000000000 ) ;
#27 = CARTESIAN_POINT ( 'NONE',  ( -3.918750000000001100, 0.6250000000000001100, 1.082531754730548400 ) ) ;
#28 = SHAPE_DEFINITION_REPRESENTATION ( #3303, #2020 ) ;
#29 = CARTESIAN_POINT ( 'NONE',  ( -4.537499999999998800, -0.9577164262227463300, 0.5529378364870293200 ) ) ;
#30 = CARTESIAN_POINT ( 'NONE',  ( -3.431249999999999500, -2.031460654743908500E-016, -1.105875672974058200 ) ) ;
#31 = CARTESIAN_POINT ( 'NONE',  ( 2.774999999999999900, -0.4788582131113750000, -0.8294067547305470400 ) ) ;
#32 = DIRECTION ( 'NONE',  ( 0.0000000000000000000, 0.0000000000000000000, -1.000000000000000000 ) ) ;
#33 = CARTESIAN_POINT ( 'NONE',  ( 4.218749999999998200, -1.250000000000000000, -1.530808498934191600E-016 ) ) ;
#34 = CARTESIAN_POINT ( 'NONE',  ( -2.493749999999999500, 0.4788582131113726700, -0.8294067547305441500 ) ) ;
#35 = CARTESIAN_POINT ( 'NONE',  ( 1.987500000000000000, 0.9577164262227504400, -0.5529378364870312100 ) ) ;
#36 = EDGE_CURVE ( 'NONE', #927, #3674, #170, .T. ) ;
#37 = CARTESIAN_POINT ( 'NONE',  ( 0.8250000000000010700, 0.6250000000000001100, -1.082531754730548400 ) ) ;
#38 = CARTESIAN_POINT ( 'NONE',  ( -4.218750000000000900, -1.250000000000000000, 1.530808498934191600E-016 ) ) ;
#39 = CARTESIAN_POINT ( 'NONE',  ( 4.719483213111460400, 2.054581628127450800E-012, -1.143016786888539000 ) ) ;
#40 = CARTESIAN_POINT ( 'NONE',  ( -4.312499999999999100, 0.9577164262227462200, -0.5529378364870295400 ) ) ;
#41 = AXIS2_PLACEMENT_3D ( 'NONE', #2632, #2913, #738 ) ;
#42 = CARTESIAN_POINT ( 'NONE',  ( -3.881249999999999200, -2.031460654743908500E-016, -1.105875672974058200 ) ) ;
#43 =( BOUNDED_CURVE ( )  B_SPLINE_CURVE ( 2, ( #996, #2202, #2833, #3470, #3740, #3133, #1631, #3780, #1932, #1605, #3756, #1906, #103, #2226, #2884, #1687, #480, #423, #452, #1643, #3513, #3797, #144, #205, #3860, #513, #3914, #2050, #2695, #2075, #2352, #2338, #2656, #1421, #2672, #1458, #2369, #3571, #3879, #818, #1149, #3292, #2963, #855, #2951, #3596, #831, #3238, #1134, #3270, #2391, #3582, #2682, #843, #2063, #2377, #548, #1533, #31, #2153, #383, #3444, #1688, #453, #110, #3129, #2550, #3218, #3491, #1953, #2289, #430, #1650, #3549, #2903, #473, #1349, #1088, #3841, #781, #1695, #1996, #2914, #1387, #1664 ),
 .UNSPECIFIED., .F., .F. ) 
 B_SPLINE_CURVE_WITH_KNOTS ( ( 3, 2, 2, 2, 2, 2, 2, 2, 2, 2, 2, 2, 2, 2, 2, 2, 2, 2, 2, 2, 2, 2, 2, 2, 2, 2, 2, 2, 2, 2, 2, 2, 2, 2, 2, 2, 2, 2, 2, 2, 2, 2, 3 ),
 ( 0.05993748394790989600, 0.06666666666666666600, 0.08333333333333332900, 0.1000000000000000100, 0.1166666666666666700, 0.1333333333333333300, 0.1499999999999999900, 0.1666666666666666600, 0.1833333333333332900, 0.2000000000000000100, 0.2166666666666666700, 0.2333333333333333400, 0.2500000000000000000, 0.2666666666666666600, 0.2833333333333333300, 0.2999999999999999900, 0.3166666666666666500, 0.3333333333333333100, 0.3499999999999999800, 0.3666666666666666400, 0.3833333333333333600, 0.4000000000000000200, 0.4166666666666666900, 0.4333333333333333500, 0.4500000000000000700, 0.4666666666666666700, 0.4833333333333333400, 0.5000000000000000000, 0.5166666666666668300, 0.5333333333333333300, 0.5500000000000001600, 0.5666666666666666500, 0.5833333333333333700, 0.5999999999999999800, 0.6166666666666667000, 0.6333333333333333000, 0.6500000000000000200, 0.6666666666666666300, 0.6833333333333333500, 0.6999999999999999600, 0.7166666666666666700, 0.7333333333333332800, 0.7411398817380112600 ),
 .UNSPECIFIED. ) 
 CURVE ( )  GEOMETRIC_REPRESENTATION_ITEM ( )  RATIONAL_B_SPLINE_CURVE ( ( 0.9354949502797544900, 0.9459076277436298000, 1.000000000000000000, 0.8660254037844387100, 1.000000000000000000, 0.8660254037844387100, 1.000000000000000000, 0.8660254037844387100, 1.000000000000000000, 0.8660254037844387100, 1.000000000000000000, 0.8660254037844387100, 1.000000000000000000, 0.8660254037844387100, 1.000000000000000000, 0.8660254037844387100, 1.000000000000000000, 0.8660254037844387100, 1.000000000000000000, 0.8660254037844387100, 1.000000000000000000, 0.8660254037844387100, 1.000000000000000000, 0.8660254037844387100, 1.000000000000000000, 0.8660254037844387100, 1.000000000000000000, 0.8660254037844387100, 1.000000000000000000, 0.8660254037844387100, 1.000000000000000000, 0.8660254037844387100, 1.000000000000000000, 0.8660254037844387100, 1.000000000000000000, 0.8660254037844387100, 1.000000000000000000, 0.8660254037844387100, 1.000000000000000000, 0.8660254037844387100, 1.000000000000000000, 0.8660254037844387100, 1.000000000000000000, 0.8660254037844387100, 1.000000000000000000, 0.8660254037844387100, 1.000000000000000000, 0.8660254037844387100, 1.000000000000000000, 0.8660254037844387100, 1.000000000000000000, 0.8660254037844387100, 1.000000000000000000, 0.8660254037844387100, 1.000000000000000000, 0.8660254037844387100, 1.000000000000000000, 0.8660254037844387100, 1.000000000000000000, 0.8660254037844387100, 1.000000000000000000, 0.8660254037844387100, 1.000000000000000000, 0.8660254037844387100, 1.000000000000000000, 0.8660254037844387100, 1.000000000000000000, 0.8660254037844387100, 1.000000000000000000, 0.8660254037844387100, 1.000000000000000000, 0.8660254037844387100, 1.000000000000000000, 0.8660254037844387100, 1.000000000000000000, 0.8660254037844387100, 1.000000000000000000, 0.8660254037844387100, 1.000000000000000000, 0.8660254037844387100, 1.000000000000000000, 0.8660254037844387100, 1.000000000000000000, 0.9372472497787621700, 0.9332803854129754200 ) ) 
 REPRESENTATION_ITEM ( '' )  );
#44 = ADVANCED_FACE ( 'NONE', ( #3108 ), #1522, .F. ) ;
#45 = EDGE_LOOP ( 'NONE', ( #541, #566, #3279 ) ) ;
#46 = DIRECTION ( 'NONE',  ( 0.0000000000000000000, 0.0000000000000000000, 1.000000000000000000 ) ) ;
#47 = CARTESIAN_POINT ( 'NONE',  ( 2.268749999999998900, 0.6249999999999991100, 1.082531754730548900 ) ) ;
#48 = CARTESIAN_POINT ( 'NONE',  ( -2.418749999999999300, 0.9577164262227466600, 0.0000000000000000000 ) ) ;
#49 = CARTESIAN_POINT ( 'NONE',  ( 1.912500000000000300, 6.771535515813055000E-017, -1.105875672974062600 ) ) ;
#50 = ORIENTED_EDGE ( 'NONE', *, *, #2842, .T. ) ;
#51 = CARTESIAN_POINT ( 'NONE',  ( 0.9000000000000005800, 1.250000000000000000, 0.0000000000000000000 ) ) ;
#52 = ORIENTED_EDGE ( 'NONE', *, *, #506, .F. ) ;
#53 = CARTESIAN_POINT ( 'NONE',  ( -4.893750000000001600, 1.250000000000000000, 0.0000000000000000000 ) ) ;
#54 = CARTESIAN_POINT ( 'NONE',  ( -4.912499999999998800, -0.9577164262227466600, -0.5529378364870287700 ) ) ;
#55 = CARTESIAN_POINT ( 'NONE',  ( -2.117403810567665800, -0.3349364905389045600, 1.249999999999999100 ) ) ;
#56 = CONICAL_SURFACE ( 'NONE', #3483, 2.250000000000000000, 1.047197551196600100 ) ;
#57 = CARTESIAN_POINT ( 'NONE',  ( 2.250000000000000900, 1.250000000000000000, 0.0000000000000000000 ) ) ;
#58 = CARTESIAN_POINT ( 'NONE',  ( 3.112500000000000700, 1.250000000000000000, -0.7216878364870320500 ) ) ;
#59 = CARTESIAN_POINT ( 'NONE',  ( 4.031249999999999100, 1.249999999999999800, 0.7216878364870329400 ) ) ;
#60 = CARTESIAN_POINT ( 'NONE',  ( -3.412500000000000100, -1.249999999999999800, 0.7216878364870323900 ) ) ;
#61 = VERTEX_POINT ( 'NONE', #3246 ) ;
#62 = CARTESIAN_POINT ( 'NONE',  ( 2.550000000000000300, 0.4788582131113745000, 0.8294067547305473700 ) ) ;
#63 = ADVANCED_FACE ( 'NONE', ( #2296 ), #1718, .T. ) ;
#64 = CARTESIAN_POINT ( 'NONE',  ( 2.493750000000000400, 0.4788582131113745000, 0.8294067547305473700 ) ) ;
#65 = AXIS2_PLACEMENT_3D ( 'NONE', #3352, #976, #3102 ) ;
#66 = ORIENTED_EDGE ( 'NONE', *, *, #3046, .T. ) ;
#67 = CARTESIAN_POINT ( 'NONE',  ( -3.468750000000001300, 0.6250000000000001100, 1.082531754730548400 ) ) ;
#68 = CARTESIAN_POINT ( 'NONE',  ( 3.206249999999998500, 1.714015469642402100E-015, 1.250000000000000000 ) ) ;
#69 = CARTESIAN_POINT ( 'NONE',  ( -3.899999999999999000, 0.4788582131113725500, -0.8294067547305440400 ) ) ;
#70 = ORIENTED_EDGE ( 'NONE', *, *, #1460, .F. ) ;
#71 = CARTESIAN_POINT ( 'NONE',  ( 4.837500000000001200, 8.838126989374223500E-017, -1.443375672974064300 ) ) ;
#72 = FACE_OUTER_BOUND ( 'NONE', #45, .T. ) ;
#73 = PERSON_AND_ORGANIZATION ( #1999, #687 ) ;
#74 = CARTESIAN_POINT ( 'NONE',  ( -4.443750000000001400, 1.250000000000000000, 0.0000000000000000000 ) ) ;
#75 = CARTESIAN_POINT ( 'NONE',  ( 3.281249999999998700, -1.250000000000000200, 0.7216878364870317200 ) ) ;
#76 = CARTESIAN_POINT ( 'NONE',  ( -4.012499999999999300, 1.250000000000000000, 0.7216878364870319400 ) ) ;
#77 = CARTESIAN_POINT ( 'NONE',  ( 0.9750000000000002000, -0.4788582131113750000, -0.8294067547305470400 ) ) ;
#78 = LINE ( 'NONE', #2322, #642 ) ;
#79 = CARTESIAN_POINT ( 'NONE',  ( 3.506250000000000100, -0.9577164262227506600, 0.5529378364870309900 ) ) ;
#80 = CARTESIAN_POINT ( 'NONE',  ( -4.087499999999998600, -0.9577164262227463300, 0.5529378364870293200 ) ) ;
#81 = CARTESIAN_POINT ( 'NONE',  ( 3.017403810567666200, -0.3349364905389042300, -1.249999999999999600 ) ) ;
#82 = CARTESIAN_POINT ( 'NONE',  ( -4.406249999999999100, -0.9577164262227470000, -0.5529378364870288800 ) ) ;
#83 = DIRECTION ( 'NONE',  ( 1.000000000000000000, 0.0000000000000000000, -0.0000000000000000000 ) ) ;
#84 = ADVANCED_FACE ( 'NONE', ( #3156 ), #1477, .F. ) ;
#85 = CARTESIAN_POINT ( 'NONE',  ( -4.349999999999998800, 0.4788582131113725500, -0.8294067547305440400 ) ) ;
#86 = CARTESIAN_POINT ( 'NONE',  ( 2.718749999999999100, 0.6249999999999991100, 1.082531754730548900 ) ) ;
#87 = CARTESIAN_POINT ( 'NONE',  ( -3.187499999999999600, 1.249999999999999600, -0.7216878364870328300 ) ) ;
#88 = CARTESIAN_POINT ( 'NONE',  ( 1.350000000000000100, -0.9577164262227504400, -1.172864355864533500E-016 ) ) ;
#89 = EDGE_CURVE ( 'NONE', #1859, #1232, #3887, .T. ) ;
#90 = CARTESIAN_POINT ( 'NONE',  ( 2.681249999999999900, -0.9577164262227502200, -0.5529378364870316500 ) ) ;
#91 = ORIENTED_EDGE ( 'NONE', *, *, #3077, .F. ) ;
#92 = CARTESIAN_POINT ( 'NONE',  ( -3.637499999999999300, -0.9577164262227463300, 0.5529378364870293200 ) ) ;
#93 = CARTESIAN_POINT ( 'NONE',  ( -4.706249999999998900, 0.9577164262227464400, -0.5529378364870296500 ) ) ;
#94 =( BOUNDED_CURVE ( )  B_SPLINE_CURVE ( 2, ( #793, #899, #1173, #2115, #1185, #262, #590, #886, #3322 ),
 .UNSPECIFIED., .F., .F. ) 
 B_SPLINE_CURVE_WITH_KNOTS ( ( 3, 2, 2, 2, 3 ),
 ( 0.1749999999999999900, 0.1833333333333333200, 0.2000000000000000100, 0.2166666666666666700, 0.2250000000000000100 ),
 .UNSPECIFIED. ) 
 CURVE ( )  GEOMETRIC_REPRESENTATION_ITEM ( )  RATIONAL_B_SPLINE_CURVE ( ( 0.9330127018922194100, 0.9330127018922194100, 1.000000000000000000, 0.8660254037844387100, 1.000000000000000000, 0.8660254037844387100, 1.000000000000000000, 0.9330127018922194100, 0.9330127018922194100 ) ) 
 REPRESENTATION_ITEM ( '' )  );
#95 = ORIENTED_EDGE ( 'NONE', *, *, #2279, .T. ) ;
#96 = CARTESIAN_POINT ( 'NONE',  ( -4.950000000000000200, 0.0000000000000000000, 0.0000000000000000000 ) ) ;
#97 = EDGE_CURVE ( 'NONE', #3261, #2047, #2199, .T. ) ;
#98 = ORIENTED_EDGE ( 'NONE', *, *, #838, .T. ) ;
#99 = CARTESIAN_POINT ( 'NONE',  ( -3.487499999999999400, -2.031460654743908000E-016, -1.105875672974058000 ) ) ;
#100 = CARTESIAN_POINT ( 'NONE',  ( 1.593749999999998900, -0.6249999999999996700, -1.082531754730548400 ) ) ;
#101 = DIRECTION ( 'NONE',  ( 1.000000000000000000, 0.0000000000000000000, 0.0000000000000000000 ) ) ;
#102 = DIRECTION ( 'NONE',  ( -1.000000000000000000, 0.0000000000000000000, 0.0000000000000000000 ) ) ;
#104 = ORIENTED_EDGE ( 'NONE', *, *, #649, .T. ) ;
#103 = CARTESIAN_POINT ( 'NONE',  ( 4.500000000000000000, -0.9577164262227504400, -1.172864355864533500E-016 ) ) ;
#105 = ADVANCED_FACE ( 'NONE', ( #2094 ), #967, .T. ) ;
#106 = CARTESIAN_POINT ( 'NONE',  ( 3.356250000000000600, 0.9577164262227499900, 0.5529378364870317600 ) ) ;
#107 = CARTESIAN_POINT ( 'NONE',  ( -2.493750000000001700, -0.6249999999999996700, 1.082531754730548400 ) ) ;
#108 =( NAMED_UNIT ( * ) SI_UNIT ( $, .STERADIAN. ) SOLID_ANGLE_UNIT ( ) );
#109 = CARTESIAN_POINT ( 'NONE',  ( -4.556250000000000400, 6.771535515813027900E-017, 1.105875672974058200 ) ) ;
#110 = CARTESIAN_POINT ( 'NONE',  ( 2.550000000000000300, 0.4788582131113745000, 0.8294067547305473700 ) ) ;
#111 = FACE_OUTER_BOUND ( 'NONE', #2578, .T. ) ;
#112 = CARTESIAN_POINT ( 'NONE',  ( 0.8490381056766607100, -2.598076211353313800, -9.463550297850322100E-016 ) ) ;
#113 = ORIENTED_EDGE ( 'NONE', *, *, #1014, .F. ) ;
#114 = EDGE_CURVE ( 'NONE', #908, #2874, #461, .T. ) ;
#115 = CARTESIAN_POINT ( 'NONE',  ( -2.774999999999999500, 0.6249999999999990000, -1.082531754730548600 ) ) ;
#116 = CARTESIAN_POINT ( 'NONE',  ( 1.518749999999998900, -1.250000000000000000, -1.530808498934191600E-016 ) ) ;
#117 = CARTESIAN_POINT ( 'NONE',  ( -2.100000000000000100, -0.6249999999999995600, 1.082531754730548400 ) ) ;
#118 = CARTESIAN_POINT ( 'NONE',  ( -4.950000000000000200, -1.948557158514986800, -1.125000000000000000 ) ) ;
#119 = VERTEX_POINT ( 'NONE', #3680 ) ;
#120 = CARTESIAN_POINT ( 'NONE',  ( 3.656250000000000400, 6.771535515813055000E-017, -1.105875672974062600 ) ) ;
#121 = CARTESIAN_POINT ( 'NONE',  ( -2.756250000000001400, -2.651438096812267400E-016, -1.443375672974064300 ) ) ;
#122 = ORIENTED_EDGE ( 'NONE', *, *, #2183, .T. ) ;
#123 = CARTESIAN_POINT ( 'NONE',  ( -4.968749999999999100, -0.4788582131113731700, 0.8294067547305438200 ) ) ;
#124 = CARTESIAN_POINT ( 'NONE',  ( 2.175000000000000300, -0.4788582131113756100, 0.8294067547305467000 ) ) ;
#125 = CIRCLE ( 'NONE', #2120, 1.300800000000000000 ) ;
#126 = CARTESIAN_POINT ( 'NONE',  ( 3.487500000000000300, -2.033577675846917700E-015, -1.249999999999999800 ) ) ;
#127 = PERSON_AND_ORGANIZATION ( #1999, #687 ) ;
#128 = CARTESIAN_POINT ( 'NONE',  ( -3.974999999999999200, -0.4788582131113736700, -0.8294067547305433700 ) ) ;
#129 = CARTESIAN_POINT ( 'NONE',  ( 1.931249999999998800, -1.250000000000000200, 0.7216878364870317200 ) ) ;
#130 = CARTESIAN_POINT ( 'NONE',  ( -2.887500000000000200, -1.250000000000000000, -0.7216878364870315000 ) ) ;
#131 = CARTESIAN_POINT ( 'NONE',  ( -3.318750000000001400, -1.250000000000000000, 1.530808498934191600E-016 ) ) ;
#132 = CARTESIAN_POINT ( 'NONE',  ( 4.612500000000000700, -0.8919068644530457900, 0.8757865865275265000 ) ) ;
#133 = CARTESIAN_POINT ( 'NONE',  ( -4.424999999999998900, -0.4788582131113736700, -0.8294067547305433700 ) ) ;
#134 = CARTESIAN_POINT ( 'NONE',  ( -3.506249999999999600, -0.9577164262227470000, -0.5529378364870288800 ) ) ;
#135 = CARTESIAN_POINT ( 'NONE',  ( 4.743749999999998600, -0.6249999999999996700, -1.082531754730548400 ) ) ;
#136 = DIRECTION ( 'NONE',  ( 0.0000000000000000000, 0.0000000000000000000, 1.000000000000000000 ) ) ;
#137 = CARTESIAN_POINT ( 'NONE',  ( 4.893749999999999800, -0.9577164262227504400, -1.172864355864533500E-016 ) ) ;
#138 = ORIENTED_EDGE ( 'NONE', *, *, #2648, .F. ) ;
#139 = CARTESIAN_POINT ( 'NONE',  ( -2.792407680370429600, 0.3348719938261692200, -1.250037237194458600 ) ) ;
#140 = CARTESIAN_POINT ( 'NONE',  ( 2.006249999999998800, -1.250000000000000000, -0.7216878364870325000 ) ) ;
#141 = CARTESIAN_POINT ( 'NONE',  ( -2.624999999999999600, 0.6250000000000000000, 1.082531754730548200 ) ) ;
#142 = DIRECTION ( 'NONE',  ( 0.0000000000000000000, 0.0000000000000000000, 1.000000000000000000 ) ) ;
#143 = ORIENTED_EDGE ( 'NONE', *, *, #1039, .F. ) ;
#144 = CARTESIAN_POINT ( 'NONE',  ( 4.125000000000000000, -0.4788582131113750000, -0.8294067547305470400 ) ) ;
#145 =( BOUNDED_CURVE ( )  B_SPLINE_CURVE ( 2, ( #1324, #450, #1042, #1655, #755 ),
 .UNSPECIFIED., .F., .F. ) 
 B_SPLINE_CURVE_WITH_KNOTS ( ( 3, 2, 3 ),
 ( 0.01782054248767117600, 0.02558438290194311300, 0.03837719907877681900 ),
 .UNSPECIFIED. ) 
 CURVE ( )  GEOMETRIC_REPRESENTATION_ITEM ( )  RATIONAL_B_SPLINE_CURVE ( ( 0.9433630209543388800, 0.9593440502915104900, 1.000000000000000000, 0.9330094304670124600, 0.9330127020519842800 ) ) 
 REPRESENTATION_ITEM ( '' )  );
#146 = CARTESIAN_POINT ( 'NONE',  ( 0.9187500000000002900, -0.4788582131113750000, -0.8294067547305470400 ) ) ;
#147 = ORIENTED_EDGE ( 'NONE', *, *, #1981, .F. ) ;
#148 = CARTESIAN_POINT ( 'NONE',  ( -3.449999999999999300, 0.4788582131113725500, -0.8294067547305440400 ) ) ;
#149 = DIRECTION ( 'NONE',  ( 0.0000000000000000000, 0.0000000000000000000, -1.000000000000000000 ) ) ;
#150 = CARTESIAN_POINT ( 'NONE',  ( 4.702935296630384300, -0.5937183623083680500, 1.008781948021410000 ) ) ;
#151 = CARTESIAN_POINT ( 'NONE',  ( 4.593749999999999100, -0.6250000000000005600, 1.082531754730548200 ) ) ;
#152 = DIRECTION ( 'NONE',  ( 0.0000000000000000000, 0.0000000000000000000, -1.000000000000000000 ) ) ;
#153 = CARTESIAN_POINT ( 'NONE',  ( 4.068750000000000500, -0.4788582131113750000, -0.8294067547305470400 ) ) ;
#154 = VERTEX_POINT ( 'NONE', #2497 ) ;
#155 = EDGE_CURVE ( 'NONE', #255, #2874, #3687, .T. ) ;
#156 = CARTESIAN_POINT ( 'NONE',  ( 4.125000000000000000, -0.4788582131113750000, -0.8294067547305470400 ) ) ;
#157 = CARTESIAN_POINT ( 'NONE',  ( 3.318750000000000100, 0.9577164262227504400, 0.0000000000000000000 ) ) ;
#158 = VECTOR ( 'NONE', #2556, 1000.000000000000100 ) ;
#159 = CARTESIAN_POINT ( 'NONE',  ( 4.719483213111460400, 2.054581628127450800E-012, -1.143016786888539000 ) ) ;
#160 = CARTESIAN_POINT ( 'NONE',  ( -3.337499999999999500, 0.9577164262227465500, 0.5529378364870289900 ) ) ;
#161 = CARTESIAN_POINT ( 'NONE',  ( -3.637499999999999700, 1.249999999999999300, -0.7216878364870328300 ) ) ;
#162 = CARTESIAN_POINT ( 'NONE',  ( -3.168749999999999300, -0.4788582131113731700, 0.8294067547305438200 ) ) ;
#163 = CARTESIAN_POINT ( 'NONE',  ( 0.9750000000000002000, -0.4788582131113750000, -0.8294067547305470400 ) ) ;
#164 = ORIENTED_EDGE ( 'NONE', *, *, #1323, .T. ) ;
#165 = CARTESIAN_POINT ( 'NONE',  ( 1.050000000000000300, 0.0000000000000000000, 0.0000000000000000000 ) ) ;
#166 = CARTESIAN_POINT ( 'NONE',  ( 3.918750000000000200, -0.4788582131113756100, 0.8294067547305467000 ) ) ;
#167 = EDGE_CURVE ( 'NONE', #1980, #2976, #482, .T. ) ;
#168 = VERTEX_POINT ( 'NONE', #689 ) ;
#169 = CARTESIAN_POINT ( 'NONE',  ( -2.287499999999999200, -0.9577164262227463300, 0.5529378364870293200 ) ) ;
#170 = B_SPLINE_CURVE_WITH_KNOTS ( 'NONE', 3,
 ( #792, #459, #2010, #1100, #762, #1977 ),
 .UNSPECIFIED., .F., .F.,
 ( 4, 2, 4 ),
 ( 0.001314652396222795800, 0.001969405109320634600, 0.002624157822418473800 ),
 .UNSPECIFIED. ) ;
#171 = CARTESIAN_POINT ( 'NONE',  ( -3.917403823890979600, -0.3349362684836645300, 1.250000128203651700 ) ) ;
#172 = CYLINDRICAL_SURFACE ( 'NONE', #907, 1.250000000000000000 ) ;
#173 = PERSON_AND_ORGANIZATION ( #1999, #687 ) ;
#174 = CARTESIAN_POINT ( 'NONE',  ( 0.8062500000000005800, -0.9577164262227506600, 0.5529378364870309900 ) ) ;
#175 = AXIS2_PLACEMENT_3D ( 'NONE', #1156, #900, #1199 ) ;
#176 = DIRECTION ( 'NONE',  ( 0.0000000000000000000, 0.0000000000000000000, -1.000000000000000000 ) ) ;
#177 = CARTESIAN_POINT ( 'NONE',  ( -3.487498467955583200, -2.662303713027030300E-005, 1.249999999716485500 ) ) ;
#178 = FACE_OUTER_BOUND ( 'NONE', #1934, .T. ) ;
#179 = CARTESIAN_POINT ( 'NONE',  ( -2.190913067600483100, -0.9577164262227466600, -0.04183059368662137700 ) ) ;
#180 = CARTESIAN_POINT ( 'NONE',  ( 5.231249999999999300, 8.838126989374223500E-017, -1.443375672974064300 ) ) ;
#181 = CARTESIAN_POINT ( 'NONE',  ( 3.843750000000000000, 0.4788582131113745000, 0.8294067547305473700 ) ) ;
#182 = CARTESIAN_POINT ( 'NONE',  ( -4.950000000000000200, 1.299038105676657800, 2.250000000000000000 ) ) ;
#183 = CARTESIAN_POINT ( 'NONE',  ( -3.881250000000001400, -1.394453263437886600E-015, 1.250000000000000000 ) ) ;
#184 = CARTESIAN_POINT ( 'NONE',  ( -3.487498467955583200, -2.662303713027030300E-005, 1.249999999716485500 ) ) ;
#185 = CARTESIAN_POINT ( 'NONE',  ( -2.549999999999999400, 0.4788582131113725500, -0.8294067547305440400 ) ) ;
#186 = CARTESIAN_POINT ( 'NONE',  ( -2.906250000000000000, 0.9577164262227464400, -0.5529378364870296500 ) ) ;
#187 = CARTESIAN_POINT ( 'NONE',  ( 1.800000000000000700, 1.250000000000000000, 0.0000000000000000000 ) ) ;
#188 = ORIENTED_EDGE ( 'NONE', *, *, #984, .F. ) ;
#189 = DIRECTION ( 'NONE',  ( 0.0000000000000000000, 0.0000000000000000000, 1.000000000000000000 ) ) ;
#190 = DIRECTION ( 'NONE',  ( 1.000000000000000000, 0.0000000000000000000, 0.0000000000000000000 ) ) ;
#191 = VERTEX_POINT ( 'NONE', #1225 ) ;
#192 = CARTESIAN_POINT ( 'NONE',  ( -2.247163508590341000, -0.9577164262227465500, -0.04182409128721664000 ) ) ;
#193 = CARTESIAN_POINT ( 'NONE',  ( 2.756250000000000500, 6.771535515813055000E-017, -1.105875672974062600 ) ) ;
#194 = DIRECTION ( 'NONE',  ( 1.000000000000000000, 0.0000000000000000000, 0.0000000000000000000 ) ) ;
#195 = ORIENTED_EDGE ( 'NONE', *, *, #1562, .T. ) ;
#196 = CARTESIAN_POINT ( 'NONE',  ( 1.050000000000002700, -2.169875997175798600, 0.7416645267673315200 ) ) ;
#197 = CARTESIAN_POINT ( 'NONE',  ( 4.658623822619145600, -0.3156812988487847100, 1.172695774324108000 ) ) ;
#198 = CARTESIAN_POINT ( 'NONE',  ( 2.962500000000000800, -1.250000000000000000, -0.7216878364870325000 ) ) ;
#199 = DIRECTION ( 'NONE',  ( -1.000000000000000000, -0.0000000000000000000, -0.0000000000000000000 ) ) ;
#200 = CARTESIAN_POINT ( 'NONE',  ( 3.056250000000000800, -0.9577164262227506600, 0.5529378364870309900 ) ) ;
#201 = CYLINDRICAL_SURFACE ( 'NONE', #2045, 1.250000000000000000 ) ;
#202 = CARTESIAN_POINT ( 'NONE',  ( 5.137500000000000200, 0.9577164262227504400, -0.5529378364870312100 ) ) ;
#203 = CARTESIAN_POINT ( 'NONE',  ( -2.049999999999998900, 0.0000000000000000000, 0.0000000000000000000 ) ) ;
#204 = CARTESIAN_POINT ( 'NONE',  ( -3.282598993281750300, -0.3349832213625040200, -1.249973019946415000 ) ) ;
#205 = CARTESIAN_POINT ( 'NONE',  ( 4.087500000000000400, -0.9577164262227502200, -0.5529378364870316500 ) ) ;
#206 = ORIENTED_EDGE ( 'NONE', *, *, #2114, .F. ) ;
#207 = CARTESIAN_POINT ( 'NONE',  ( 2.075303424059358200, -1.189910833870572600, -0.3147668891894298500 ) ) ;
#208 = CARTESIAN_POINT ( 'NONE',  ( -4.897883922836349800, 0.9280125081986995200, 0.8363329511672180600 ) ) ;
#209 = CARTESIAN_POINT ( 'NONE',  ( -3.149999999999999500, 1.249999999999999800, 0.0000000000000000000 ) ) ;
#210 = ORIENTED_EDGE ( 'NONE', *, *, #1580, .F. ) ;
#211 = CARTESIAN_POINT ( 'NONE',  ( 1.668750000000000600, -0.4788582131113756100, 0.8294067547305467000 ) ) ;
#212 = CARTESIAN_POINT ( 'NONE',  ( 2.400000000000000800, -0.6250000000000005600, 1.082531754730548200 ) ) ;
#213 = DIRECTION ( 'NONE',  ( 0.0000000000000000000, 0.0000000000000000000, 1.000000000000000000 ) ) ;
#214 = CYLINDRICAL_SURFACE ( 'NONE', #3105, 1.250000000000000000 ) ;
#215 = CARTESIAN_POINT ( 'NONE',  ( 3.206249999999999800, 6.771535515813055000E-017, -1.105875672974062600 ) ) ;
#216 = VERTEX_POINT ( 'NONE', #1912 ) ;
#217 = CARTESIAN_POINT ( 'NONE',  ( 2.662499999999999600, -0.9577164262227506600, 0.5529378364870309900 ) ) ;
#218 = CYLINDRICAL_SURFACE ( 'NONE', #3848, 1.250000000000000000 ) ;
#219 = FACE_OUTER_BOUND ( 'NONE', #1018, .T. ) ;
#220 = CARTESIAN_POINT ( 'NONE',  ( 2.132323573777249200, -0.08627377037917929900, -1.247019180503876600 ) ) ;
#221 = CARTESIAN_POINT ( 'NONE',  ( -3.750000000000000000, -0.6250000000000004400, -1.082531754730548000 ) ) ;
#222 = CARTESIAN_POINT ( 'NONE',  ( -2.412945053565398000, -1.245241263051537000, -0.1089687881634587200 ) ) ;
#223 = CARTESIAN_POINT ( 'NONE',  ( 2.095401817343214300, 0.5714422847365008300, -1.079662092869007900 ) ) ;
#224 = MANIFOLD_SOLID_BREP ( 'Extrude8', #296 ) ;
#225 = CARTESIAN_POINT ( 'NONE',  ( -2.756250000000001000, 2.643650978600993500E-015, -1.250000000000000200 ) ) ;
#226 = CARTESIAN_POINT ( 'NONE',  ( 3.168750000000000200, -0.4788582131113750000, -0.8294067547305470400 ) ) ;
#227 = CARTESIAN_POINT ( 'NONE',  ( 2.512500000000000600, -1.250000000000000000, -0.7216878364870325000 ) ) ;
#228 = EDGE_CURVE ( 'NONE', #2976, #119, #624, .T. ) ;
#229 = CARTESIAN_POINT ( 'NONE',  ( 2.850000000000000100, 0.4788582131113753300, -0.8294067547305469200 ) ) ;
#230 = CARTESIAN_POINT ( 'NONE',  ( 1.050000000000000300, 2.598076211353316500, 3.138207370297775700E-016 ) ) ;
#231 = CARTESIAN_POINT ( 'NONE',  ( 0.9611890124890233300, -0.8712733266714738400, 2.249999999999999600 ) ) ;
#232 = VERTEX_POINT ( 'NONE', #382 ) ;
#233 = DIRECTION ( 'NONE',  ( 1.000000000000000000, 0.0000000000000000000, 0.0000000000000000000 ) ) ;
#234 = VERTEX_POINT ( 'NONE', #1010 ) ;
#235 = DIRECTION ( 'NONE',  ( 0.0000000000000000000, 0.4999999999999996700, 0.8660254037844388200 ) ) ;
#236 = CARTESIAN_POINT ( 'NONE',  ( 2.081250000000000300, -2.031460654743916600E-016, 1.105875672974062600 ) ) ;
#237 = VERTEX_POINT ( 'NONE', #2544 ) ;
#238 = EDGE_CURVE ( 'NONE', #3621, #1746, #1983, .T. ) ;
#239 = CARTESIAN_POINT ( 'NONE',  ( 3.825000000000000200, 0.9577164262227504400, 0.0000000000000000000 ) ) ;
#240 = ORIENTED_EDGE ( 'NONE', *, *, #2553, .F. ) ;
#241 = CARTESIAN_POINT ( 'NONE',  ( -4.950000000000000200, -1.299038105676656500, -2.249999999999999600 ) ) ;
#242 = CARTESIAN_POINT ( 'NONE',  ( -3.693750000000001900, -0.6250000000000005600, -1.082531754730548200 ) ) ;
#243 = DIRECTION ( 'NONE',  ( 0.7071067811865455700, 8.659560562354956300E-017, 0.7071067811865493500 ) ) ;
#244 = CARTESIAN_POINT ( 'NONE',  ( -2.363264322440660400, -4.727900197186512100E-005, -1.249999998338097800 ) ) ;
#245 = EDGE_CURVE ( 'NONE', #3621, #487, #43, .T. ) ;
#246 = VECTOR ( 'NONE', #3359, 1000.000000000000000 ) ;
#247 = CARTESIAN_POINT ( 'NONE',  ( -3.242406614477601100, 0.3348897587066406200, -1.250026980635936100 ) ) ;
#248 = CARTESIAN_POINT ( 'NONE',  ( 2.306249999999999900, 6.771535515813055000E-017, -1.105875672974062600 ) ) ;
#249 = VERTEX_POINT ( 'NONE', #1681 ) ;
#250 = CARTESIAN_POINT ( 'NONE',  ( 0.0000000000000000000, 0.0000000000000000000, 0.0000000000000000000 ) ) ;
#251 = ORIENTED_EDGE ( 'NONE', *, *, #2201, .F. ) ;
#252 = DIRECTION ( 'NONE',  ( -1.000000000000000000, 0.0000000000000000000, 0.0000000000000000000 ) ) ;
#253 = CARTESIAN_POINT ( 'NONE',  ( -2.050000000011896500, -1.192086005355455400, -0.1043294788251146900 ) ) ;
#254 = CARTESIAN_POINT ( 'NONE',  ( -4.810229930904659700, 1.405025455977997800, 2.066424524318478500 ) ) ;
#255 = VERTEX_POINT ( 'NONE', #1705 ) ;
#256 = CARTESIAN_POINT ( 'NONE',  ( -2.643750000000001600, 1.250000000000000000, 0.0000000000000000000 ) ) ;
#257 = DIRECTION ( 'NONE',  ( 0.0000000000000000000, 0.0000000000000000000, -1.000000000000000000 ) ) ;
#258 = CYLINDRICAL_SURFACE ( 'NONE', #3152, 1.250000000000000000 ) ;
#259 = CARTESIAN_POINT ( 'NONE',  ( 2.381250000000000100, 0.9577164262227504400, -0.5529378364870312100 ) ) ;
#260 = DATE_AND_TIME ( #2461, #1682 ) ;
#261 =( BOUNDED_CURVE ( )  B_SPLINE_CURVE ( 2, ( #3682, #1448, #2800, #1268, #3422, #338, #3411, #2196, #363 ),
 .UNSPECIFIED., .F., .F. ) 
 B_SPLINE_CURVE_WITH_KNOTS ( ( 3, 2, 2, 2, 3 ),
 ( 0.5357142857142858100, 0.5476190476190476700, 0.5714285714285714000, 0.5952380952380952300, 0.6071428571428572100 ),
 .UNSPECIFIED. ) 
 CURVE ( )  GEOMETRIC_REPRESENTATION_ITEM ( )  RATIONAL_B_SPLINE_CURVE ( ( 0.9330127018922193000, 0.9330127018922196300, 1.000000000000000000, 0.8660254037844387100, 1.000000000000000000, 0.8660254037844387100, 1.000000000000000000, 0.9330127018922189700, 0.9330127018922193000 ) ) 
 REPRESENTATION_ITEM ( '' )  );
#262 = CARTESIAN_POINT ( 'NONE',  ( 4.012500000000000200, 1.250000000000000000, -0.7216878364870320500 ) ) ;
#263 = EDGE_CURVE ( 'NONE', #1746, #154, #3285, .T. ) ;
#264 = CARTESIAN_POINT ( 'NONE',  ( 0.9097107383696836400, 1.088861940770092100, 2.250000000000000000 ) ) ;
#265 = CARTESIAN_POINT ( 'NONE',  ( -4.749038105676660000, 1.299038105676657800, 2.250000000000000000 ) ) ;
#266 = DIRECTION ( 'NONE',  ( 1.000000000000000000, 0.0000000000000000000, 0.0000000000000000000 ) ) ;
#267 = CARTESIAN_POINT ( 'NONE',  ( 4.518749999999999800, -0.4788582131113750000, -0.8294067547305470400 ) ) ;
#268 = CARTESIAN_POINT ( 'NONE',  ( -2.681249999999999500, -0.9577164262227465500, 0.5529378364870294300 ) ) ;
#269 = CARTESIAN_POINT ( 'NONE',  ( 4.649999999999999500, 0.4788582131113753300, -0.8294067547305469200 ) ) ;
#270 = DIRECTION ( 'NONE',  ( 0.0000000000000000000, 0.0000000000000000000, -1.000000000000000000 ) ) ;
#271 = EDGE_LOOP ( 'NONE', ( #3354, #164, #3306, #3669 ) ) ;
#272 = CARTESIAN_POINT ( 'NONE',  ( 0.8490381056766594900, 1.299038105676657800, 2.250000000000000000 ) ) ;
#273 = CARTESIAN_POINT ( 'NONE',  ( 4.818709749206906400, 0.8628604546491224200, 0.6038236335553774900 ) ) ;
#274 = ORIENTED_EDGE ( 'NONE', *, *, #1865, .F. ) ;
#275 = CARTESIAN_POINT ( 'NONE',  ( 4.818750000000000500, -0.4788582131113756100, 0.8294067547305467000 ) ) ;
#276 = CARTESIAN_POINT ( 'NONE',  ( -3.918749999999999300, -0.4788582131113737800, -0.8294067547305435900 ) ) ;
#277 = CARTESIAN_POINT ( 'NONE',  ( 3.225000000000000100, -0.4788582131113750000, -0.8294067547305470400 ) ) ;
#278 = ORIENTED_EDGE ( 'NONE', *, *, #802, .T. ) ;
#279 = CARTESIAN_POINT ( 'NONE',  ( 3.525000000000000400, 0.6250000000000001100, -1.082531754730548400 ) ) ;
#280 = EDGE_LOOP ( 'NONE', ( #656, #1287 ) ) ;
#281 = CARTESIAN_POINT ( 'NONE',  ( 4.897103329955286600, -0.6907533428888768000, 0.6921252796246562000 ) ) ;
#282 = CARTESIAN_POINT ( 'NONE',  ( 4.181249999999999500, -1.250000000000000200, 0.7216878364870317200 ) ) ;
#283 = B_SPLINE_CURVE_WITH_KNOTS ( 'NONE', 3,
 ( #2325, #2886, #2393, #2380, #2342, #2709 ),
 .UNSPECIFIED., .F., .F.,
 ( 4, 2, 4 ),
 ( 0.001314652396222794100, 0.001969405109320622500, 0.002624157822418451300 ),
 .UNSPECIFIED. ) ;
#284 = DIRECTION ( 'NONE',  ( 0.0000000000000000000, 0.0000000000000000000, -1.000000000000000000 ) ) ;
#285 = CARTESIAN_POINT ( 'NONE',  ( 3.487500000000000300, -2.033577675846917700E-015, -1.249999999999999800 ) ) ;
#286 = CARTESIAN_POINT ( 'NONE',  ( 3.543749999999998800, 1.250000000000000000, 0.0000000000000000000 ) ) ;
#287 = EDGE_CURVE ( 'NONE', #903, #3008, #2589, .T. ) ;
#288 = CARTESIAN_POINT ( 'NONE',  ( 4.368750000000000400, -0.4788582131113756100, 0.8294067547305467000 ) ) ;
#289 = CARTESIAN_POINT ( 'NONE',  ( -4.706249999999998900, 0.9577164262227464400, -0.5529378364870296500 ) ) ;
#290 = ORIENTED_EDGE ( 'NONE', *, *, #432, .F. ) ;
#291 = CARTESIAN_POINT ( 'NONE',  ( 4.949999999999999300, -0.9577164262227504400, -1.172864355864533500E-016 ) ) ;
#292 = CARTESIAN_POINT ( 'NONE',  ( 1.462500000000000600, -2.651438096812267400E-016, 1.443375672974064300 ) ) ;
#293 = EDGE_LOOP ( 'NONE', ( #3769, #2683, #2677, #726 ) ) ;
#294 = CARTESIAN_POINT ( 'NONE',  ( 4.904783573777243600, -0.7757375938702711900, 0.5616510825354467100 ) ) ;
#295 = CIRCLE ( 'NONE', #2158, 0.9125000000000000900 ) ;
#296 = CLOSED_SHELL ( 'NONE', ( #410, #961, #942, #3395, #2820, #1606, #520, #3373, #84, #3440, #1365, #2234, #2466, #1289, #1004, #1589, #3742, #3415, #2486, #3255, #1843, #3155, #986, #1922, #2841, #2217, #2320, #1076, #2510, #3461, #2195, #3540, #3074, #1228, #2154, #695, #1624, #1546, #2649, #1313, #105, #1024, #677, #392, #497, #1666, #3134, #633, #1899, #3479, #331, #24, #712, #1567, #63, #370, #1408, #2278, #3096, #44, #2528, #654, #2175, #3118, #1866, #2799 ) ) ;
#297 = CARTESIAN_POINT ( 'NONE',  ( -2.681249999999999500, -0.9577164262227465500, 0.5529378364870294300 ) ) ;
#298 = CARTESIAN_POINT ( 'NONE',  ( 3.562500000000000400, 1.250000000000000000, -0.7216878364870320500 ) ) ;
#299 = CARTESIAN_POINT ( 'NONE',  ( -4.950000000000000200, 1.299038105676659800, -2.249999999999999600 ) ) ;
#300 = CONICAL_SURFACE ( 'NONE', #1481, 2.250000000000000000, 1.047197551196600100 ) ;
#301 = FACE_OUTER_BOUND ( 'NONE', #2136, .T. ) ;
#302 = CARTESIAN_POINT ( 'NONE',  ( 3.618749999999998600, 0.6249999999999991100, 1.082531754730548900 ) ) ;
#303 =( BOUNDED_CURVE ( )  B_SPLINE_CURVE ( 2, ( #3532, #3503, #1101, #2902, #1637, #1493, #3548 ),
 .UNSPECIFIED., .F., .F. ) 
 B_SPLINE_CURVE_WITH_KNOTS ( ( 3, 2, 2, 3 ),
 ( 0.1409235622889281600, 0.1428571428571428500, 0.1666666666666666600, 0.1785714285714285800 ),
 .UNSPECIFIED. ) 
 CURVE ( )  GEOMETRIC_REPRESENTATION_ITEM ( )  RATIONAL_B_SPLINE_CURVE ( ( 0.9800069020319368600, 0.9891198716131736100, 1.000000000000000000, 0.8660254037844387100, 1.000000000000000000, 0.9330127018922193000, 0.9330127018922194100 ) ) 
 REPRESENTATION_ITEM ( '' )  );
#304 = CARTESIAN_POINT ( 'NONE',  ( 3.768750000000000300, 0.9577164262227504400, 0.0000000000000000000 ) ) ;
#305 = CARTESIAN_POINT ( 'NONE',  ( -4.443749999999998800, -0.9577164262227466600, 1.172864355864529100E-016 ) ) ;
#306 = CARTESIAN_POINT ( 'NONE',  ( 5.174999999999999800, 0.9577164262227504400, 0.0000000000000000000 ) ) ;
#307 = EDGE_CURVE ( 'NONE', #234, #927, #2440, .T. ) ;
#308 = CARTESIAN_POINT ( 'NONE',  ( 4.593750000000000000, 0.4788582131113753300, -0.8294067547305469200 ) ) ;
#309 = CARTESIAN_POINT ( 'NONE',  ( -5.231250000000001100, 8.838126989374223500E-017, 1.443375672974064300 ) ) ;
#310 = CARTESIAN_POINT ( 'NONE',  ( -3.262499999999998800, 6.771535515813026700E-017, 1.105875672974058200 ) ) ;
#311 = CARTESIAN_POINT ( 'NONE',  ( -2.456249999999999400, 0.9577164262227464400, -0.5529378364870296500 ) ) ;
#312 = CARTESIAN_POINT ( 'NONE',  ( 3.600000000000001000, 1.250000000000000000, 0.0000000000000000000 ) ) ;
#313 = DIRECTION ( 'NONE',  ( 1.000000000000000000, 0.0000000000000000000, -0.0000000000000000000 ) ) ;
#314 = CARTESIAN_POINT ( 'NONE',  ( 3.187500000000000400, 1.249999999999999600, 0.7216878364870329400 ) ) ;
#315 = CARTESIAN_POINT ( 'NONE',  ( 3.581250000000000300, -0.9577164262227502200, -0.5529378364870316500 ) ) ;
#316 = CARTESIAN_POINT ( 'NONE',  ( -3.168749999999999300, -0.4788582131113731700, 0.8294067547305438200 ) ) ;
#317 = CARTESIAN_POINT ( 'NONE',  ( 4.237499999999999800, 0.9577164262227504400, -0.5529378364870312100 ) ) ;
#318 = CARTESIAN_POINT ( 'NONE',  ( 3.956249999999999800, -0.9577164262227506600, 0.5529378364870309900 ) ) ;
#319 = ORIENTED_EDGE ( 'NONE', *, *, #1460, .T. ) ;
#320 = CARTESIAN_POINT ( 'NONE',  ( -5.118750000000001200, -1.250000000000000000, 1.530808498934191600E-016 ) ) ;
#321 = CARTESIAN_POINT ( 'NONE',  ( 2.850000000000000500, -0.6250000000000005600, 1.082531754730548200 ) ) ;
#322 = CARTESIAN_POINT ( 'NONE',  ( -4.874999999999999100, -0.4788582131113736700, -0.8294067547305433700 ) ) ;
#323 = ORIENTED_EDGE ( 'NONE', *, *, #3589, .F. ) ;
#324 = DIRECTION ( 'NONE',  ( -1.000000000000000000, -0.0000000000000000000, -0.0000000000000000000 ) ) ;
#325 = CARTESIAN_POINT ( 'NONE',  ( -3.806250000000001200, -1.250000000000000000, 0.7216878364870327200 ) ) ;
#326 = EDGE_LOOP ( 'NONE', ( #1648, #1372, #1701 ) ) ;
#327 = ORIENTED_EDGE ( 'NONE', *, *, #341, .T. ) ;
#328 = CARTESIAN_POINT ( 'NONE',  ( 4.106249999999998400, -2.651438096812267400E-016, 1.443375672974064300 ) ) ;
#329 = CARTESIAN_POINT ( 'NONE',  ( -3.600000000000000100, 1.249999999999999800, 0.0000000000000000000 ) ) ;
#330 = CARTESIAN_POINT ( 'NONE',  ( 2.250000000000000400, -0.9577164262227504400, -1.172864355864533500E-016 ) ) ;
#331 = ADVANCED_FACE ( 'NONE', ( #1240 ), #3597, .T. ) ;
#332 = CARTESIAN_POINT ( 'NONE',  ( 4.068750000000000500, -0.4788582131113750000, -0.8294067547305470400 ) ) ;
#333 = CARTESIAN_POINT ( 'NONE',  ( -3.243750000000001200, -0.6250000000000005600, -1.082531754730548200 ) ) ;
#334 = CARTESIAN_POINT ( 'NONE',  ( -4.218750000000000900, -1.250000000000000000, 1.530808498934191600E-016 ) ) ;
#335 = CARTESIAN_POINT ( 'NONE',  ( -4.124999999999999100, -0.4788582131113730500, 0.8294067547305437000 ) ) ;
#336 = CYLINDRICAL_SURFACE ( 'NONE', #1707, 1.250000000000000000 ) ;
#337 = CARTESIAN_POINT ( 'NONE',  ( -3.843749999999999100, 0.4788582131113726700, -0.8294067547305441500 ) ) ;
#338 = CARTESIAN_POINT ( 'NONE',  ( -3.506250000000001000, 1.250000000000000000, 0.7216878364870320500 ) ) ;
#339 = ORIENTED_EDGE ( 'NONE', *, *, #1639, .T. ) ;
#340 = CARTESIAN_POINT ( 'NONE',  ( -4.518750000000000700, 0.6249999999999991100, -1.082531754730548900 ) ) ;
#341 = EDGE_CURVE ( 'NONE', #1997, #3618, #3782, .T. ) ;
#342 = CARTESIAN_POINT ( 'NONE',  ( 2.943749999999998800, -0.6249999999999996700, -1.082531754730548400 ) ) ;
#343 = CARTESIAN_POINT ( 'NONE',  ( -3.037499999999999200, 8.838126989374222200E-017, 1.443375672974064100 ) ) ;
#344 = CARTESIAN_POINT ( 'NONE',  ( 2.737499999999999800, -0.9577164262227502200, -0.5529378364870316500 ) ) ;
#345 = VERTEX_POINT ( 'NONE', #3856 ) ;
#346 = CARTESIAN_POINT ( 'NONE',  ( 4.443749999999999600, -0.9577164262227504400, -1.172864355864533500E-016 ) ) ;
#347 = CARTESIAN_POINT ( 'NONE',  ( -4.331250000000001600, 8.838126989374223500E-017, 1.443375672974064300 ) ) ;
#348 = CARTESIAN_POINT ( 'NONE',  ( 3.000000000000000400, -0.6249999999999996700, -1.082531754730548400 ) ) ;
#349 = CARTESIAN_POINT ( 'NONE',  ( -4.612499999999998900, 6.771535515813026700E-017, 1.105875672974058200 ) ) ;
#350 = B_SPLINE_CURVE_WITH_KNOTS ( 'NONE', 3,
 ( #1449, #2093, #231, #3316, #558, #2962 ),
 .UNSPECIFIED., .F., .F.,
 ( 4, 2, 4 ),
 ( 0.002468869311585804700, 0.003126657615063711000, 0.003784445918541617300 ),
 .UNSPECIFIED. ) ;
#351 = CARTESIAN_POINT ( 'NONE',  ( -3.356249999999999300, 0.9577164262227464400, -0.5529378364870296500 ) ) ;
#352 = CARTESIAN_POINT ( 'NONE',  ( -2.493750000000001700, -0.6249999999999996700, 1.082531754730548400 ) ) ;
#353 = DIRECTION ( 'NONE',  ( -1.000000000000000000, 0.0000000000000000000, 0.0000000000000000000 ) ) ;
#354 = CARTESIAN_POINT ( 'NONE',  ( 2.231249999999998800, 1.249999999999999800, 0.7216878364870329400 ) ) ;
#355 = CARTESIAN_POINT ( 'NONE',  ( -2.306249999999999000, 6.771535515813027900E-017, 1.105875672974058200 ) ) ;
#356 = CARTESIAN_POINT ( 'NONE',  ( 1.012500000000000400, 6.771535515813055000E-017, -1.105875672974062600 ) ) ;
#357 = EDGE_CURVE ( 'NONE', #1246, #2859, #1857, .T. ) ;
#358 = CARTESIAN_POINT ( 'NONE',  ( 2.306249999999999900, 6.771535515813055000E-017, -1.105875672974062600 ) ) ;
#359 = CARTESIAN_POINT ( 'NONE',  ( -3.356250000000001500, -1.250000000000000000, 0.7216878364870325000 ) ) ;
#360 = CARTESIAN_POINT ( 'NONE',  ( -3.637499999999999300, -0.9577164262227463300, 0.5529378364870293200 ) ) ;
#361 = AXIS2_PLACEMENT_3D ( 'NONE', #500, #2597, #149 ) ;
#362 = CARTESIAN_POINT ( 'NONE',  ( 4.687500000000000000, -1.250000000000000200, 0.7216878364870317200 ) ) ;
#363 = CARTESIAN_POINT ( 'NONE',  ( -3.431250000000001200, -2.963213184805509200E-015, 1.250000000000000200 ) ) ;
#364 = ORIENTED_EDGE ( 'NONE', *, *, #1508, .F. ) ;
#365 = CARTESIAN_POINT ( 'NONE',  ( 2.568749999999999200, 0.6250000000000001100, -1.082531754730548400 ) ) ;
#366 = CARTESIAN_POINT ( 'NONE',  ( 3.131249999999999200, 1.249999999999999800, 0.7216878364870329400 ) ) ;
#367 = CARTESIAN_POINT ( 'NONE',  ( -4.312499999999999100, -1.249999999999999800, 0.7216878364870323900 ) ) ;
#368 = CARTESIAN_POINT ( 'NONE',  ( 1.650000000000000400, 0.4788582131113745000, 0.8294067547305473700 ) ) ;
#369 = ORIENTED_EDGE ( 'NONE', *, *, #2070, .F. ) ;
#370 = ADVANCED_FACE ( 'NONE', ( #2968 ), #523, .T. ) ;
#371 = CARTESIAN_POINT ( 'NONE',  ( 1.593750000000000400, 0.4788582131113745000, 0.8294067547305473700 ) ) ;
#372 = ORIENTED_EDGE ( 'NONE', *, *, #3818, .F. ) ;
#373 = ORIENTED_EDGE ( 'NONE', *, *, #2969, .F. ) ;
#374 = CARTESIAN_POINT ( 'NONE',  ( -3.974999999999999200, -0.4788582131113736700, -0.8294067547305433700 ) ) ;
#375 = CARTESIAN_POINT ( 'NONE',  ( -4.068749999999999600, -0.4788582131113731700, 0.8294067547305438200 ) ) ;
#376 =( BOUNDED_CURVE ( )  B_SPLINE_CURVE ( 2, ( #2703, #2713, #2422, #3936, #3337, #3013, #1802, #2116, #1769 ),
 .UNSPECIFIED., .F., .F. ) 
 B_SPLINE_CURVE_WITH_KNOTS ( ( 3, 2, 2, 2, 3 ),
 ( 0.3250000000000000100, 0.3333333333333333100, 0.3499999999999999800, 0.3666666666666666400, 0.3750000000000000000 ),
 .UNSPECIFIED. ) 
 CURVE ( )  GEOMETRIC_REPRESENTATION_ITEM ( )  RATIONAL_B_SPLINE_CURVE ( ( 0.9330127018922194100, 0.9330127018922196300, 1.000000000000000000, 0.8660254037844387100, 1.000000000000000000, 0.8660254037844387100, 1.000000000000000000, 0.9330127018922194100, 0.9330127018922194100 ) ) 
 REPRESENTATION_ITEM ( '' )  );
#377 = CARTESIAN_POINT ( 'NONE',  ( -4.163441508725433900, -5.850857628369144400E-005, -1.249999997479445800 ) ) ;
#378 = CARTESIAN_POINT ( 'NONE',  ( -3.862499999999999400, 0.9577164262227462200, -0.5529378364870295400 ) ) ;
#379 = CARTESIAN_POINT ( 'NONE',  ( 2.531249999999998700, 8.838126989374223500E-017, -1.443375672974064300 ) ) ;
#380 = CARTESIAN_POINT ( 'NONE',  ( -3.899999999999999900, -0.6249999999999995600, 1.082531754730548400 ) ) ;
#381 = CONICAL_SURFACE ( 'NONE', #3767, 2.250000000000000000, 1.047197551196600100 ) ;
#382 = CARTESIAN_POINT ( 'NONE',  ( 0.8490381056766591600, 2.598076211353316500, -4.575965886349452400E-017 ) ) ;
#383 = CARTESIAN_POINT ( 'NONE',  ( 2.700000000000000200, -0.9577164262227504400, -1.172864355864533500E-016 ) ) ;
#384 = CARTESIAN_POINT ( 'NONE',  ( 2.343750000000000400, 0.4788582131113753300, -0.8294067547305469200 ) ) ;
#385 = ORIENTED_EDGE ( 'NONE', *, *, #2648, .T. ) ;
#386 = CARTESIAN_POINT ( 'NONE',  ( -4.237499999999998900, 0.9577164262227465500, 0.5529378364870289900 ) ) ;
#387 = DIRECTION ( 'NONE',  ( 0.0000000000000000000, 0.0000000000000000000, 1.000000000000000000 ) ) ;
#388 = CARTESIAN_POINT ( 'NONE',  ( -4.031249999999999100, -0.9577164262227465500, 0.5529378364870294300 ) ) ;
#389 = CARTESIAN_POINT ( 'NONE',  ( -2.049999999999998900, 0.0000000000000000000, 1.250000000000000000 ) ) ;
#390 = ORIENTED_EDGE ( 'NONE', *, *, #287, .F. ) ;
#391 = DIRECTION ( 'NONE',  ( 1.000000000000000000, 0.0000000000000000000, 0.0000000000000000000 ) ) ;
#392 = ADVANCED_FACE ( 'NONE', ( #1435 ), #3202, .T. ) ;
#393 = ORIENTED_EDGE ( 'NONE', *, *, #1524, .F. ) ;
#394 = CARTESIAN_POINT ( 'NONE',  ( -3.449999999999999300, 0.4788582131113725500, -0.8294067547305440400 ) ) ;
#395 = CARTESIAN_POINT ( 'NONE',  ( 1.106249999999998800, -1.250000000000000000, -0.7216878364870325000 ) ) ;
#396 = CARTESIAN_POINT ( 'NONE',  ( -2.022163067600477600, -1.250000000000000200, -0.05459678948457458900 ) ) ;
#397 = CARTESIAN_POINT ( 'NONE',  ( -2.049999999999998900, 0.0000000000000000000, 0.0000000000000000000 ) ) ;
#398 = VECTOR ( 'NONE', #3022, 1000.000000000000000 ) ;
#399 = VECTOR ( 'NONE', #1835, 1000.000000000000000 ) ;
#400 = CARTESIAN_POINT ( 'NONE',  ( 1.893750000000000500, 0.4788582131113753300, -0.8294067547305469200 ) ) ;
#401 = CARTESIAN_POINT ( 'NONE',  ( -2.981250000000001500, 8.838126989374223500E-017, 1.443375672974064300 ) ) ;
#402 = APPROVAL_STATUS ( 'not_yet_approved' ) ;
#403 = CARTESIAN_POINT ( 'NONE',  ( -5.081249999999998000, 0.9577164262227466600, 0.5529378364870291000 ) ) ;
#404 = CARTESIAN_POINT ( 'NONE',  ( -3.187500000000000000, -0.9577164262227463300, 0.5529378364870293200 ) ) ;
#405 = CARTESIAN_POINT ( 'NONE',  ( 4.351346189432332400, 0.3349364905389034500, -1.250000000000000000 ) ) ;
#406 = CARTESIAN_POINT ( 'NONE',  ( -4.950000000000000200, 2.598076211353316500, 3.138207370297775700E-016 ) ) ;
#407 = DIRECTION ( 'NONE',  ( -1.000000000000000000, -0.0000000000000000000, -0.0000000000000000000 ) ) ;
#408 = AXIS2_PLACEMENT_3D ( 'NONE', #2851, #1309, #3450 ) ;
#409 = CARTESIAN_POINT ( 'NONE',  ( 4.904783573777243600, -0.7757375938702711900, 0.5616510825354467100 ) ) ;
#410 = ADVANCED_FACE ( 'NONE', ( #2058 ), #336, .F. ) ;
#411 = CARTESIAN_POINT ( 'NONE',  ( 3.168750000000000200, -0.4788582131113750000, -0.8294067547305470400 ) ) ;
#412 = CARTESIAN_POINT ( 'NONE',  ( -5.062499999999999100, 6.771535515813026700E-017, 1.105875672974058200 ) ) ;
#413 = APPROVAL_STATUS ( 'not_yet_approved' ) ;
#414 = CARTESIAN_POINT ( 'NONE',  ( -4.631249999999998800, 0.9577164262227466600, 0.5529378364870291000 ) ) ;
#415 = CARTESIAN_POINT ( 'NONE',  ( 0.8625000000000003800, -0.9577164262227506600, 0.5529378364870309900 ) ) ;
#416 = ORIENTED_EDGE ( 'NONE', *, *, #2956, .T. ) ;
#417 = DIRECTION ( 'NONE',  ( 0.0000000000000000000, 0.9961924196717779600, 0.08718178128765190200 ) ) ;
#418 = EDGE_CURVE ( 'NONE', #2333, #706, #2784, .T. ) ;
#419 = EDGE_LOOP ( 'NONE', ( #3732, #2105, #3497, #1581, #1910, #1931, #390, #3734, #575, #3094, #147, #2970, #3722, #424, #1416, #3136, #2634 ) ) ;
#420 = CARTESIAN_POINT ( 'NONE',  ( -2.662500000000000100, 1.250000000000000000, 0.7216878364870319400 ) ) ;
#421 = CARTESIAN_POINT ( 'NONE',  ( 4.481249999999999300, 1.249999999999999600, 0.7216878364870329400 ) ) ;
#422 = DIRECTION ( 'NONE',  ( 1.000000000000000000, 0.0000000000000000000, 0.0000000000000000000 ) ) ;
#424 = ORIENTED_EDGE ( 'NONE', *, *, #1780, .F. ) ;
#423 = CARTESIAN_POINT ( 'NONE',  ( 4.312500000000000000, 0.9577164262227502200, 0.5529378364870318800 ) ) ;
#425 =( BOUNDED_CURVE ( )  B_SPLINE_CURVE ( 2, ( #2872, #3179, #1345, #3487, #2274, #1057, #3191, #1356, #3501 ),
 .UNSPECIFIED., .F., .F. ) 
 B_SPLINE_CURVE_WITH_KNOTS ( ( 3, 2, 2, 2, 3 ),
 ( 0.03837719907877681900, 0.05116876580388623300, 0.07675314870582934700, 0.1023375316077724500, 0.1151297247067718100 ),
 .UNSPECIFIED. ) 
 CURVE ( )  GEOMETRIC_REPRESENTATION_ITEM ( )  RATIONAL_B_SPLINE_CURVE ( ( 0.9330127020519842800, 0.9330159733174261400, 1.000000000000000000, 0.8660254037844387100, 1.000000000000000000, 0.8660254037844387100, 1.000000000000000000, 0.9330126932621944900, 0.9330127018922204100 ) ) 
 REPRESENTATION_ITEM ( '' )  );
#426 = CARTESIAN_POINT ( 'NONE',  ( -4.274999999999999500, 0.9577164262227465500, 0.0000000000000000000 ) ) ;
#427 = CARTESIAN_POINT ( 'NONE',  ( -3.468749999999999600, -0.4788582131113737800, -0.8294067547305435900 ) ) ;
#428 = CARTESIAN_POINT ( 'NONE',  ( 1.050000000000000500, 0.4788582131113753300, -0.8294067547305469200 ) ) ;
#429 = CONICAL_SURFACE ( 'NONE', #2439, 2.250000000000000000, 1.047197551196600100 ) ;
#430 = CARTESIAN_POINT ( 'NONE',  ( 2.287500000000000100, -0.9577164262227502200, -0.5529378364870316500 ) ) ;
#431 = VECTOR ( 'NONE', #3625, 1000.000000000000000 ) ;
#432 = EDGE_CURVE ( 'NONE', #216, #757, #3468, .T. ) ;
#433 = CARTESIAN_POINT ( 'NONE',  ( -4.124999999999999100, -0.4788582131113730500, 0.8294067547305437000 ) ) ;
#434 = CARTESIAN_POINT ( 'NONE',  ( 2.343749999999999100, -0.6250000000000005600, 1.082531754730548200 ) ) ;
#435 = CARTESIAN_POINT ( 'NONE',  ( 3.037499999999999600, -2.033577675846917700E-015, -1.249999999999999800 ) ) ;
#436 = EDGE_LOOP ( 'NONE', ( #3166, #2130, #2303 ) ) ;
#437 = CARTESIAN_POINT ( 'NONE',  ( 1.106250000000000400, 0.9577164262227499900, 0.5529378364870317600 ) ) ;
#438 = AXIS2_PLACEMENT_3D ( 'NONE', #2404, #1561, #46 ) ;
#439 = CARTESIAN_POINT ( 'NONE',  ( -3.562499999999999600, -0.9577164262227466600, -0.5529378364870287700 ) ) ;
#440 = CARTESIAN_POINT ( 'NONE',  ( 3.186153810567665000, 0.3349364905389038400, 1.249999999999999800 ) ) ;
#441 = ORIENTED_EDGE ( 'NONE', *, *, #1332, .T. ) ;
#442 = CARTESIAN_POINT ( 'NONE',  ( -2.381249999999999200, 0.9577164262227466600, 0.5529378364870291000 ) ) ;
#443 = CARTESIAN_POINT ( 'NONE',  ( 4.556249999999998600, -2.651438096812267400E-016, 1.443375672974064300 ) ) ;
#444 = EDGE_CURVE ( 'NONE', #191, #908, #1503, .T. ) ;
#445 = DIRECTION ( 'NONE',  ( -0.0000000000000000000, 0.8660254037844384900, 0.5000000000000003300 ) ) ;
#446 = CARTESIAN_POINT ( 'NONE',  ( 3.881250000000000100, -2.031460654743916600E-016, 1.105875672974062600 ) ) ;
#447 = CALENDAR_DATE ( 2021, 9, 7 ) ;
#448 = AXIS2_PLACEMENT_3D ( 'NONE', #3892, #3904, #3341 ) ;
#449 = CARTESIAN_POINT ( 'NONE',  ( 2.456249999999999400, -1.250000000000000000, -0.7216878364870327200 ) ) ;
#450 = CARTESIAN_POINT ( 'NONE',  ( -4.885272807892632400, 0.7962134648772185600, 0.9836816146947974200 ) ) ;
#451 = CARTESIAN_POINT ( 'NONE',  ( -3.431250000000001200, -2.963213184805509200E-015, 1.250000000000000200 ) ) ;
#452 = CARTESIAN_POINT ( 'NONE',  ( 4.275000000000000400, 0.9577164262227504400, 0.0000000000000000000 ) ) ;
#453 = CARTESIAN_POINT ( 'NONE',  ( 2.587499999999999900, -2.031460654743916600E-016, 1.105875672974062600 ) ) ;
#454 = CARTESIAN_POINT ( 'NONE',  ( 1.368750000000000100, -0.4788582131113750000, -0.8294067547305470400 ) ) ;
#455 = CARTESIAN_POINT ( 'NONE',  ( -3.487499999999999400, -2.031460654743907800E-016, -1.105875672974058200 ) ) ;
#456 = CARTESIAN_POINT ( 'NONE',  ( -3.507595448182452700, 0.3349241363742050400, 1.250007132680314200 ) ) ;
#457 = CARTESIAN_POINT ( 'NONE',  ( -2.681249999999999500, -0.9577164262227465500, 0.5529378364870294300 ) ) ;
#458 = CARTESIAN_POINT ( 'NONE',  ( 1.912500000000000300, 6.771535515813055000E-017, -1.105875672974062600 ) ) ;
#459 = CARTESIAN_POINT ( 'NONE',  ( -4.950000000000000200, 2.058803302138242600, -0.9340480779059861000 ) ) ;
#460 = CARTESIAN_POINT ( 'NONE',  ( 1.050000000000000300, 0.0000000000000000000, 0.0000000000000000000 ) ) ;
#461 = B_SPLINE_CURVE_WITH_KNOTS ( 'NONE', 3,
 ( #3718, #2135, #2455, #3058 ),
 .UNSPECIFIED., .F., .F.,
 ( 4, 4 ),
 ( 2.380746839937837400E-007, 0.001314652396222795600 ),
 .UNSPECIFIED. ) ;
#462 = CARTESIAN_POINT ( 'NONE',  ( -3.824999999999999300, -1.249999999999999800, 1.530808498934191300E-016 ) ) ;
#463 = DIRECTION ( 'NONE',  ( 0.0000000000000000000, 0.0000000000000000000, 1.000000000000000000 ) ) ;
#464 = CARTESIAN_POINT ( 'NONE',  ( -3.206250000000001200, 2.643650978600993500E-015, -1.250000000000000200 ) ) ;
#465 = ORIENTED_EDGE ( 'NONE', *, *, #1312, .T. ) ;
#466 = AXIS2_PLACEMENT_3D ( 'NONE', #203, #2001, #2607 ) ;
#467 = CARTESIAN_POINT ( 'NONE',  ( 4.673854363283405500, -1.023205526085109000, -0.6481756901792631300 ) ) ;
#468 = ORIENTED_EDGE ( 'NONE', *, *, #1312, .F. ) ;
#469 = CARTESIAN_POINT ( 'NONE',  ( -2.887499999999999300, 0.9577164262227465500, 0.5529378364870289900 ) ) ;
#470 = CARTESIAN_POINT ( 'NONE',  ( -2.049999999999998900, 0.0000000000000000000, 1.250000000000000000 ) ) ;
#471 = CARTESIAN_POINT ( 'NONE',  ( 2.362500000000000300, 6.771535515813055000E-017, -1.105875672974062600 ) ) ;
#472 = CARTESIAN_POINT ( 'NONE',  ( -4.950000000000000200, 0.0000000000000000000, 0.0000000000000000000 ) ) ;
#473 = CARTESIAN_POINT ( 'NONE',  ( 2.137500000000000200, -2.031460654743916600E-016, 1.105875672974062600 ) ) ;
#474 = ORIENTED_EDGE ( 'NONE', *, *, #1052, .T. ) ;
#475 = CARTESIAN_POINT ( 'NONE',  ( 1.850316728204654200, -6.783434104432219600E-015, -0.9679931544274043000 ) ) ;
#476 = CARTESIAN_POINT ( 'NONE',  ( 1.840040000000000800, -0.2069944435876043300, -0.9350797042930272300 ) ) ;
#477 = DIRECTION ( 'NONE',  ( 0.0000000000000000000, 0.0000000000000000000, -1.000000000000000000 ) ) ;
#478 = CARTESIAN_POINT ( 'NONE',  ( 1.050000000000002500, -1.727238319854172800, -1.508335473232666100 ) ) ;
#479 = CARTESIAN_POINT ( 'NONE',  ( -3.056250000000001700, 1.250000000000000000, 0.7216878364870320500 ) ) ;
#480 = CARTESIAN_POINT ( 'NONE',  ( 4.349999999999999600, 0.4788582131113745000, 0.8294067547305473700 ) ) ;
#481 = CARTESIAN_POINT ( 'NONE',  ( 4.655643539359890500, -1.193755557603701600, -0.2121491926505049100 ) ) ;
#482 = CIRCLE ( 'NONE', #408, 1.250000000000000000 ) ;
#483 = CARTESIAN_POINT ( 'NONE',  ( -2.474999999999999200, 0.9577164262227465500, 0.0000000000000000000 ) ) ;
#484 = CARTESIAN_POINT ( 'NONE',  ( 2.132323573777249200, -0.08627377037917929900, -1.247019180503876600 ) ) ;
#485 = CARTESIAN_POINT ( 'NONE',  ( -3.018749999999999400, -0.4788582131113737800, -0.8294067547305435900 ) ) ;
#486 = CARTESIAN_POINT ( 'NONE',  ( 2.550000000000000700, -0.6249999999999996700, -1.082531754730548400 ) ) ;
#487 = VERTEX_POINT ( 'NONE', #889 ) ;
#488 = CARTESIAN_POINT ( 'NONE',  ( 4.631249999999999600, 0.9577164262227504400, -0.5529378364870312100 ) ) ;
#489 = AXIS2_PLACEMENT_3D ( 'NONE', #1495, #324, #632 ) ;
#490 = ORIENTED_EDGE ( 'NONE', *, *, #1981, .T. ) ;
#491 = CARTESIAN_POINT ( 'NONE',  ( 5.062500000000000000, 6.771535515813055000E-017, -1.105875672974062600 ) ) ;
#492 = CARTESIAN_POINT ( 'NONE',  ( -4.699517761122422100, 0.4074446530192476500, -0.9892399818408365000 ) ) ;
#493 = CARTESIAN_POINT ( 'NONE',  ( 1.893818115678296500, 0.8372341061889363400, -0.5837434714177610600 ) ) ;
#494 = CARTESIAN_POINT ( 'NONE',  ( -4.810229930904682800, -1.405025455978038600, -2.066424524318404700 ) ) ;
#495 = LINE ( 'NONE', #3613, #1120 ) ;
#496 = ORIENTED_EDGE ( 'NONE', *, *, #1172, .F. ) ;
#497 = ADVANCED_FACE ( 'NONE', ( #2870 ), #2689, .T. ) ;
#498 = CARTESIAN_POINT ( 'NONE',  ( 2.035061308019527000, -0.9337489790480106900, 0.6924963480641037600 ) ) ;
#499 = CARTESIAN_POINT ( 'NONE',  ( -2.924999999999999400, 0.9577164262227465500, 0.0000000000000000000 ) ) ;
#500 = CARTESIAN_POINT ( 'NONE',  ( 1.050000000000000300, 0.0000000000000000000, 0.0000000000000000000 ) ) ;
#501 = LINE ( 'NONE', #858, #1587 ) ;
#502 = CARTESIAN_POINT ( 'NONE',  ( 4.612499999999999800, 1.740161468331862700E-014, 1.250000000000000000 ) ) ;
#503 = CYLINDRICAL_SURFACE ( 'NONE', #2446, 1.250000000000000000 ) ;
#504 = CARTESIAN_POINT ( 'NONE',  ( 2.437500000000000400, -1.250000000000000200, 0.7216878364870317200 ) ) ;
#505 = CARTESIAN_POINT ( 'NONE',  ( -2.512499999999999300, -1.249999999999999600, 0.7216878364870325000 ) ) ;
#506 = EDGE_CURVE ( 'NONE', #1793, #2044, #3297, .T. ) ;
#507 = CARTESIAN_POINT ( 'NONE',  ( 2.906250000000000400, 0.9577164262227502200, 0.5529378364870318800 ) ) ;
#508 = PRODUCT_RELATED_PRODUCT_CATEGORY ( 'detail', '', ( #1724 ) ) ;
#509 = CARTESIAN_POINT ( 'NONE',  ( -2.549999999999999400, 0.4788582131113725500, -0.8294067547305440400 ) ) ;
#510 = CARTESIAN_POINT ( 'NONE',  ( 1.840039999999999900, -0.7449740885300040200, -0.6153284150366403700 ) ) ;
#511 = CARTESIAN_POINT ( 'NONE',  ( 0.8490381056766591600, 2.598076211353316500, -4.575965886349452400E-017 ) ) ;
#512 = CARTESIAN_POINT ( 'NONE',  ( -2.049999999999998900, 0.0000000000000000000, 0.0000000000000000000 ) ) ;
#513 = CARTESIAN_POINT ( 'NONE',  ( 4.012500000000000200, -0.9577164262227506600, 0.5529378364870309900 ) ) ;
#514 = CARTESIAN_POINT ( 'NONE',  ( 1.050000000000000500, 0.0000000000000000000, -1.250000000000000000 ) ) ;
#515 = CARTESIAN_POINT ( 'NONE',  ( 2.643750000000000300, -0.9577164262227504400, -1.172864355864533500E-016 ) ) ;
#516 = CARTESIAN_POINT ( 'NONE',  ( 2.475000000000000500, -1.250000000000000000, -1.530808498934191600E-016 ) ) ;
#517 = DIRECTION ( 'NONE',  ( -1.000000000000000000, -0.0000000000000000000, -0.0000000000000000000 ) ) ;
#518 = CARTESIAN_POINT ( 'NONE',  ( 2.981250000000000200, -2.031460654743916600E-016, 1.105875672974062600 ) ) ;
#519 = EDGE_CURVE ( 'NONE', #1699, #3281, #2169, .T. ) ;
#520 = ADVANCED_FACE ( 'NONE', ( #1155 ), #1663, .F. ) ;
#521 = ORIENTED_EDGE ( 'NONE', *, *, #519, .T. ) ;
#522 = CARTESIAN_POINT ( 'NONE',  ( 3.637500000000000600, -0.9577164262227502200, -0.5529378364870316500 ) ) ;
#523 = PLANE ( 'NONE',  #1103 ) ;
#524 = CARTESIAN_POINT ( 'NONE',  ( -4.626985303483249500, 0.9083737707813617200, 0.4164048461601048700 ) ) ;
#525 = ORIENTED_EDGE ( 'NONE', *, *, #1662, .T. ) ;
#526 = CARTESIAN_POINT ( 'NONE',  ( 3.692403810567666000, 0.3349364905389038400, 1.249999999999999800 ) ) ;
#527 = AXIS2_PLACEMENT_3D ( 'NONE', #3490, #2614, #3520 ) ;
#528 = ORIENTED_EDGE ( 'NONE', *, *, #2553, .T. ) ;
#529 = DIRECTION ( 'NONE',  ( 0.0000000000000000000, 0.0000000000000000000, -1.000000000000000000 ) ) ;
#530 = CARTESIAN_POINT ( 'NONE',  ( 3.412500000000000500, -1.250000000000000000, -0.7216878364870327200 ) ) ;
#531 = CARTESIAN_POINT ( 'NONE',  ( -5.006249999999999600, 6.771535515813027900E-017, 1.105875672974058200 ) ) ;
#532 = CARTESIAN_POINT ( 'NONE',  ( 2.531250000000000000, -2.031460654743916600E-016, 1.105875672974062600 ) ) ;
#533 = ORIENTED_EDGE ( 'NONE', *, *, #767, .T. ) ;
#534 = LINE ( 'NONE', #1712, #1429 ) ;
#535 =( BOUNDED_CURVE ( )  B_SPLINE_CURVE ( 2, ( #909, #1169, #3342, #3019, #256, #3030, #881, #3317, #3627 ),
 .UNSPECIFIED., .F., .F. ) 
 B_SPLINE_CURVE_WITH_KNOTS ( ( 3, 2, 2, 2, 3 ),
 ( 0.8214285714285715100, 0.8333333333333333700, 0.8571428571428571000, 0.8809523809523809300, 0.8928571428571429000 ),
 .UNSPECIFIED. ) 
 CURVE ( )  GEOMETRIC_REPRESENTATION_ITEM ( )  RATIONAL_B_SPLINE_CURVE ( ( 0.9330127018922193000, 0.9330127018922196300, 1.000000000000000000, 0.8660254037844387100, 1.000000000000000000, 0.8660254037844387100, 1.000000000000000000, 0.9330127018922189700, 0.9330127018922193000 ) ) 
 REPRESENTATION_ITEM ( '' )  );
#536 = CARTESIAN_POINT ( 'NONE',  ( 2.475000000000000100, 0.9577164262227504400, 0.0000000000000000000 ) ) ;
#537 = DIRECTION ( 'NONE',  ( 1.000000000000000000, 0.0000000000000000000, 0.0000000000000000000 ) ) ;
#538 = ORIENTED_EDGE ( 'NONE', *, *, #3712, .F. ) ;
#539 = DIRECTION ( 'NONE',  ( 1.000000000000000000, 0.0000000000000000000, 0.0000000000000000000 ) ) ;
#540 = CARTESIAN_POINT ( 'NONE',  ( -4.387499999999994000, -1.519558014836185700E-016, 1.249999999999999800 ) ) ;
#541 = ORIENTED_EDGE ( 'NONE', *, *, #2688, .F. ) ;
#542 = CARTESIAN_POINT ( 'NONE',  ( 2.906250000000000400, 0.9577164262227499900, 0.5529378364870317600 ) ) ;
#543 = VECTOR ( 'NONE', #3496, 1000.000000000000000 ) ;
#544 = VERTEX_POINT ( 'NONE', #647 ) ;
#545 = CARTESIAN_POINT ( 'NONE',  ( 3.750000000000000000, 0.4788582131113753300, -0.8294067547305469200 ) ) ;
#546 = CARTESIAN_POINT ( 'NONE',  ( -4.950000000000000200, 0.0000000000000000000, 0.0000000000000000000 ) ) ;
#547 = DIRECTION ( 'NONE',  ( -1.000000000000000000, -0.0000000000000000000, -0.0000000000000000000 ) ) ;
#548 = CARTESIAN_POINT ( 'NONE',  ( 2.850000000000000100, 0.4788582131113753300, -0.8294067547305469200 ) ) ;
#549 = VECTOR ( 'NONE', #3903, 1000.000000000000000 ) ;
#550 = CARTESIAN_POINT ( 'NONE',  ( -4.950000000000000200, 0.0000000000000000000, -2.250000000000000000 ) ) ;
#551 = CARTESIAN_POINT ( 'NONE',  ( 0.8490381056766599400, -1.299038105676656500, -2.249999999999999600 ) ) ;
#552 = CARTESIAN_POINT ( 'NONE',  ( 1.631250000000000300, -2.031460654743916600E-016, 1.105875672974062600 ) ) ;
#553 = EDGE_CURVE ( 'NONE', #2235, #1242, #2146, .T. ) ;
#554 = CARTESIAN_POINT ( 'NONE',  ( -4.832251231117224300, -0.6965972679460074000, 0.9678071659218060500 ) ) ;
#555 = CARTESIAN_POINT ( 'NONE',  ( -3.993750000000001700, 1.250000000000000000, 0.0000000000000000000 ) ) ;
#556 = CARTESIAN_POINT ( 'NONE',  ( -4.106249999999998400, 6.771535515813027900E-017, 1.105875672974058200 ) ) ;
#557 = CARTESIAN_POINT ( 'NONE',  ( 2.587500000000001200, 1.743066579297358300E-016, -1.250000000000000000 ) ) ;
#558 = CARTESIAN_POINT ( 'NONE',  ( 1.050000000000000300, -0.2199930545031210400, 2.249999999999999600 ) ) ;
#559 = DIRECTION ( 'NONE',  ( 0.0000000000000000000, 0.0000000000000000000, -1.000000000000000000 ) ) ;
#560 = ORIENTED_EDGE ( 'NONE', *, *, #2279, .F. ) ;
#561 = CARTESIAN_POINT ( 'NONE',  ( 3.282596189432335400, -0.3349364905389037900, 1.249999999999999800 ) ) ;
#562 = CARTESIAN_POINT ( 'NONE',  ( 1.968750000000000400, 0.9577164262227504400, 0.0000000000000000000 ) ) ;
#563 = ORIENTED_EDGE ( 'NONE', *, *, #1454, .T. ) ;
#564 = EDGE_CURVE ( 'NONE', #920, #2181, #3014, .T. ) ;
#565 = CARTESIAN_POINT ( 'NONE',  ( -4.801902329772343800, -1.136707772803374300, 0.3556225198485313800 ) ) ;
#566 = ORIENTED_EDGE ( 'NONE', *, *, #2616, .T. ) ;
#567 = CARTESIAN_POINT ( 'NONE',  ( -2.906250000000001300, -1.250000000000000000, 0.7216878364870327200 ) ) ;
#568 = PLANE ( 'NONE',  #569 ) ;
#569 = AXIS2_PLACEMENT_3D ( 'NONE', #2715, #878, #1484 ) ;
#570 = EDGE_CURVE ( 'NONE', #119, #1980, #621, .T. ) ;
#571 = CARTESIAN_POINT ( 'NONE',  ( 4.443749999999999600, -0.9577164262227504400, -1.172864355864533500E-016 ) ) ;
#572 = CARTESIAN_POINT ( 'NONE',  ( -3.806249999999999000, 0.9577164262227464400, -0.5529378364870296500 ) ) ;
#573 = CARTESIAN_POINT ( 'NONE',  ( 4.762500000000000200, 0.9577164262227499900, 0.5529378364870317600 ) ) ;
#574 = SECURITY_CLASSIFICATION ( '', '', #3784 ) ;
#575 = ORIENTED_EDGE ( 'NONE', *, *, #3871, .F. ) ;
#576 = CARTESIAN_POINT ( 'NONE',  ( 3.112500000000000700, 1.250000000000000000, -0.7216878364870320500 ) ) ;
#577 = DIRECTION ( 'NONE',  ( -1.000000000000000000, -0.0000000000000000000, -0.0000000000000000000 ) ) ;
#578 = CARTESIAN_POINT ( 'NONE',  ( -5.174999999999998900, 0.9577164262227465500, 0.0000000000000000000 ) ) ;
#579 = ORIENTED_EDGE ( 'NONE', *, *, #1039, .T. ) ;
#580 = CARTESIAN_POINT ( 'NONE',  ( -2.776346189432335800, -0.3349364905389023400, -1.250000000000000900 ) ) ;
#581 = CARTESIAN_POINT ( 'NONE',  ( -4.674328768026410500, 0.3100792068355185900, 0.9889337738653182200 ) ) ;
#582 = ORIENTED_EDGE ( 'NONE', *, *, #1865, .T. ) ;
#583 = CARTESIAN_POINT ( 'NONE',  ( -2.049999999999998900, 0.0000000000000000000, 0.0000000000000000000 ) ) ;
#584 = CARTESIAN_POINT ( 'NONE',  ( 4.856250000000000200, -0.9577164262227506600, 0.5529378364870309900 ) ) ;
#585 = CARTESIAN_POINT ( 'NONE',  ( -3.656249999999999100, 6.771535515813027900E-017, 1.105875672974058200 ) ) ;
#586 = FACE_OUTER_BOUND ( 'NONE', #1951, .T. ) ;
#587 = CARTESIAN_POINT ( 'NONE',  ( 3.787500000000000100, 0.9577164262227504400, -0.5529378364870312100 ) ) ;
#588 = CARTESIAN_POINT ( 'NONE',  ( 3.862500000000000700, -1.250000000000000000, -0.7216878364870325000 ) ) ;
#589 = LINE ( 'NONE', #2025, #2706 ) ;
#590 = CARTESIAN_POINT ( 'NONE',  ( 3.975000000000000100, 0.6250000000000001100, -1.082531754730548400 ) ) ;
#591 = CARTESIAN_POINT ( 'NONE',  ( -4.897883922836349800, 0.9280125081986995200, 0.8363329511672180600 ) ) ;
#592 = CARTESIAN_POINT ( 'NONE',  ( 2.164420627188758900, 1.250000000000000000, -0.5644440429244127500 ) ) ;
#593 = B_SPLINE_CURVE_WITH_KNOTS ( 'NONE', 3,
 ( #208, #1730, #2717, #2087, #1777, #2405 ),
 .UNSPECIFIED., .F., .F.,
 ( 4, 2, 4 ),
 ( 3.911355230628935600E-005, 0.0005537177717775127900, 0.001068321991248736200 ),
 .UNSPECIFIED. ) ;
#594 = CARTESIAN_POINT ( 'NONE',  ( -4.815230097854907000, 1.070346096795872200, 0.4872683675951633400 ) ) ;
#595 = CARTESIAN_POINT ( 'NONE',  ( -4.387499999999994000, -1.519558014836185700E-016, 1.249999999999999800 ) ) ;
#596 = CARTESIAN_POINT ( 'NONE',  ( 4.256250000000000500, 0.9577164262227499900, 0.5529378364870317600 ) ) ;
#597 = CARTESIAN_POINT ( 'NONE',  ( -2.568749999999999200, -0.4788582131113737800, -0.8294067547305435900 ) ) ;
#598 = CARTESIAN_POINT ( 'NONE',  ( 4.049999999999999800, -0.9577164262227504400, -1.172864355864533500E-016 ) ) ;
#599 = CARTESIAN_POINT ( 'NONE',  ( 4.556250000000001200, 6.771535515813055000E-017, -1.105875672974062600 ) ) ;
#600 = CARTESIAN_POINT ( 'NONE',  ( 3.750000000000000900, -0.6250000000000005600, 1.082531754730548200 ) ) ;
#601 = CARTESIAN_POINT ( 'NONE',  ( 1.050000000000000300, -1.948557158514987700, 1.124999999999998900 ) ) ;
#602 = CARTESIAN_POINT ( 'NONE',  ( 2.132323573777248800, 0.0000000000000000000, 0.0000000000000000000 ) ) ;
#603 = CARTESIAN_POINT ( 'NONE',  ( -2.187944132307189100, -0.9540692781648267800, -0.08350188931345338400 ) ) ;
#604 = CARTESIAN_POINT ( 'NONE',  ( -4.647817457663261800, 0.1515065535960392600, 0.9986174576635351600 ) ) ;
#605 = ORIENTED_EDGE ( 'NONE', *, *, #2819, .T. ) ;
#606 = CARTESIAN_POINT ( 'NONE',  ( 4.331249999999999800, -2.031460654743916600E-016, 1.105875672974062600 ) ) ;
#607 = CARTESIAN_POINT ( 'NONE',  ( -2.831249999999999800, 0.9577164262227466600, 0.5529378364870291000 ) ) ;
#608 = CARTESIAN_POINT ( 'NONE',  ( 4.462500000000000400, -0.9577164262227506600, 0.5529378364870309900 ) ) ;
#609 = ORIENTED_EDGE ( 'NONE', *, *, #3454, .F. ) ;
#610 = CARTESIAN_POINT ( 'NONE',  ( 1.575000000000000800, -1.250000000000000000, -1.530808498934191600E-016 ) ) ;
#611 = VERTEX_POINT ( 'NONE', #126 ) ;
#612 = CARTESIAN_POINT ( 'NONE',  ( -5.343750000000000900, 1.250000000000000000, 0.0000000000000000000 ) ) ;
#613 = CARTESIAN_POINT ( 'NONE',  ( -4.500000000000000000, 1.249999999999999800, 0.0000000000000000000 ) ) ;
#614 = CARTESIAN_POINT ( 'NONE',  ( -4.087499999999998600, -0.9577164262227463300, 0.5529378364870293200 ) ) ;
#615 = CARTESIAN_POINT ( 'NONE',  ( -4.031249999999999100, -0.9577164262227465500, 0.5529378364870294300 ) ) ;
#616 = AXIS2_PLACEMENT_3D ( 'NONE', #3913, #842, #1774 ) ;
#617 = LINE ( 'NONE', #3368, #2965 ) ;
#618 = CARTESIAN_POINT ( 'NONE',  ( 4.367403810567666700, -0.3349364905389031800, -1.250000000000000000 ) ) ;
#619 = CARTESIAN_POINT ( 'NONE',  ( 3.037499999999999600, -2.033577675846917700E-015, -1.249999999999999800 ) ) ;
#620 = EDGE_CURVE ( 'NONE', #3873, #1997, #904, .T. ) ;
#621 =( BOUNDED_CURVE ( )  B_SPLINE_CURVE ( 2, ( #959, #55, #2221, #1334, #2194 ),
 .UNSPECIFIED., .F., .F. ) 
 B_SPLINE_CURVE_WITH_KNOTS ( ( 3, 2, 3 ),
 ( 0.9594143588228668500, 0.9722065502738384000, 0.9890051463872681100 ),
 .UNSPECIFIED. ) 
 CURVE ( )  GEOMETRIC_REPRESENTATION_ITEM ( )  RATIONAL_B_SPLINE_CURVE ( ( 0.9330127018922193000, 0.9330127018922196300, 1.000000000000000000, 0.9120328545773088700, 0.9395834101576694400 ) ) 
 REPRESENTATION_ITEM ( '' )  );
#622 = CARTESIAN_POINT ( 'NONE',  ( 3.693750000000000100, 0.4788582131113753300, -0.8294067547305469200 ) ) ;
#623 = CARTESIAN_POINT ( 'NONE',  ( -2.906250000000000000, 0.9577164262227464400, -0.5529378364870296500 ) ) ;
#624 = LINE ( 'NONE', #389, #3631 ) ;
#625 = CARTESIAN_POINT ( 'NONE',  ( 2.774999999999999900, -0.4788582131113750000, -0.8294067547305470400 ) ) ;
#626 = CARTESIAN_POINT ( 'NONE',  ( 1.275000000000000600, 0.6250000000000001100, -1.082531754730548400 ) ) ;
#627 = ORIENTED_EDGE ( 'NONE', *, *, #97, .F. ) ;
#628 = CARTESIAN_POINT ( 'NONE',  ( -5.268750000000000700, 0.6250000000000001100, 1.082531754730548400 ) ) ;
#629 = CARTESIAN_POINT ( 'NONE',  ( 2.925000000000000700, -1.250000000000000000, -1.530808498934191600E-016 ) ) ;
#630 = CARTESIAN_POINT ( 'NONE',  ( -4.387499999999999300, -2.031460654743907800E-016, -1.105875672974058200 ) ) ;
#631 = ORIENTED_EDGE ( 'NONE', *, *, #2701, .T. ) ;
#632 = DIRECTION ( 'NONE',  ( 0.0000000000000000000, 0.0000000000000000000, 1.000000000000000000 ) ) ;
#633 = ADVANCED_FACE ( 'NONE', ( #3053 ), #3199, .T. ) ;
#634 = CARTESIAN_POINT ( 'NONE',  ( -2.244194592936298500, -0.9540698439763482000, -0.08349542400452598900 ) ) ;
#635 = CYLINDRICAL_SURFACE ( 'NONE', #1785, 1.250000000000000000 ) ;
#636 = DATE_AND_TIME ( #1535, #1772 ) ;
#637 = CARTESIAN_POINT ( 'NONE',  ( -4.331250000000001600, -1.394453263437886600E-015, 1.250000000000000000 ) ) ;
#638 = CARTESIAN_POINT ( 'NONE',  ( 4.368749999999998600, 0.6250000000000001100, -1.082531754730548400 ) ) ;
#639 = CARTESIAN_POINT ( 'NONE',  ( -4.687500000000000000, -1.250000000000000000, -0.7216878364870315000 ) ) ;
#640 = CARTESIAN_POINT ( 'NONE',  ( 2.175000000000000300, -0.4788582131113756100, 0.8294067547305467000 ) ) ;
#641 = EDGE_CURVE ( 'NONE', #1900, #2480, #3542, .T. ) ;
#642 = VECTOR ( 'NONE', #2973, 1000.000000000000000 ) ;
#643 = CARTESIAN_POINT ( 'NONE',  ( 4.818750000000000500, -0.4788582131113756100, 0.8294067547305467000 ) ) ;
#644 = CARTESIAN_POINT ( 'NONE',  ( -4.668750000000001100, -1.250000000000000000, 1.530808498934191600E-016 ) ) ;
#645 = CARTESIAN_POINT ( 'NONE',  ( -4.126346189432335400, -0.3349364905389037900, -1.249999999999999800 ) ) ;
#646 = CARTESIAN_POINT ( 'NONE',  ( -4.012499999999998400, -0.9577164262227466600, -0.5529378364870287700 ) ) ;
#647 = CARTESIAN_POINT ( 'NONE',  ( -3.881250000000001400, -1.394453263437886600E-015, 1.250000000000000000 ) ) ;
#648 = ORIENTED_EDGE ( 'NONE', *, *, #2956, .F. ) ;
#649 = EDGE_CURVE ( 'NONE', #3000, #3369, #1713, .T. ) ;
#650 = CARTESIAN_POINT ( 'NONE',  ( -2.531250000000001300, -2.963213184805509200E-015, 1.250000000000000200 ) ) ;
#651 = CARTESIAN_POINT ( 'NONE',  ( 3.393749999999998900, -0.6249999999999996700, -1.082531754730548400 ) ) ;
#652 = CARTESIAN_POINT ( 'NONE',  ( -2.999999999999999600, -0.6249999999999995600, 1.082531754730548400 ) ) ;
#653 = CARTESIAN_POINT ( 'NONE',  ( 2.812500000000000400, 6.771535515813055000E-017, -1.105875672974062600 ) ) ;
#654 = ADVANCED_FACE ( 'NONE', ( #1566 ), #2527, .T. ) ;
#655 = CARTESIAN_POINT ( 'NONE',  ( 1.312500000000000700, 1.250000000000000000, -0.7216878364870320500 ) ) ;
#656 = ORIENTED_EDGE ( 'NONE', *, *, #2756, .F. ) ;
#657 = CARTESIAN_POINT ( 'NONE',  ( -4.256250000000001400, -1.250000000000000000, 0.7216878364870325000 ) ) ;
#658 = CARTESIAN_POINT ( 'NONE',  ( -4.724999999999998800, 0.9577164262227465500, 0.0000000000000000000 ) ) ;
#659 = B_SPLINE_CURVE_WITH_KNOTS ( 'NONE', 3,
 ( #3940, #604, #581, #3340, #3356, #2119, #1517, #2458, #594, #3666, #2726, #1189 ),
 .UNSPECIFIED., .F., .F.,
 ( 4, 2, 2, 2, 2, 4 ),
 ( 7.359282866871617500E-005, 0.0005410024056818768300, 0.0007747071941884572200, 0.001008411982695037600, 0.001475821559708197700, 0.001943231136721357900 ),
 .UNSPECIFIED. ) ;
#660 = DIRECTION ( 'NONE',  ( -1.000000000000000000, -0.0000000000000000000, -0.0000000000000000000 ) ) ;
#661 = ORIENTED_EDGE ( 'NONE', *, *, #2210, .F. ) ;
#662 = CARTESIAN_POINT ( 'NONE',  ( -2.793749999999999300, 0.4788582131113734400, 0.8294067547305438200 ) ) ;
#663 = CARTESIAN_POINT ( 'NONE',  ( 2.212500000000000400, 1.250000000000000000, -0.7216878364870320500 ) ) ;
#664 = ORIENTED_EDGE ( 'NONE', *, *, #3712, .T. ) ;
#665 = CARTESIAN_POINT ( 'NONE',  ( 3.431249999999997700, -2.033577675846917700E-015, -1.249999999999999800 ) ) ;
#666 = CARTESIAN_POINT ( 'NONE',  ( 2.081249999999998900, 8.838126989374223500E-017, -1.443375672974064300 ) ) ;
#667 = CARTESIAN_POINT ( 'NONE',  ( -2.193749999999999600, -0.9577164262227466600, 1.172864355864529100E-016 ) ) ;
#668 = CARTESIAN_POINT ( 'NONE',  ( 1.462500000000000400, 6.771535515813055000E-017, -1.105875672974062600 ) ) ;
#669 = VERTEX_POINT ( 'NONE', #1030 ) ;
#670 = CARTESIAN_POINT ( 'NONE',  ( 2.043750000000000600, 0.4788582131113745000, 0.8294067547305473700 ) ) ;
#671 = CARTESIAN_POINT ( 'NONE',  ( -4.706250000000001600, -1.250000000000000000, 0.7216878364870325000 ) ) ;
#672 = CARTESIAN_POINT ( 'NONE',  ( 2.812500000000000400, 1.714015469642402100E-015, 1.250000000000000000 ) ) ;
#673 = CARTESIAN_POINT ( 'NONE',  ( -3.224999999999999200, -0.4788582131113730500, 0.8294067547305437000 ) ) ;
#674 =( BOUNDED_CURVE ( )  B_SPLINE_CURVE ( 2, ( #1803, #1175, #2714, #3314, #1480, #592, #2080 ),
 .UNSPECIFIED., .F., .F. ) 
 B_SPLINE_CURVE_WITH_KNOTS ( ( 3, 2, 2, 3 ),
 ( 0.6750000000000000400, 0.6833333333333333500, 0.6999999999999999600, 0.7134272288873712000 ),
 .UNSPECIFIED. ) 
 CURVE ( )  GEOMETRIC_REPRESENTATION_ITEM ( )  RATIONAL_B_SPLINE_CURVE ( ( 0.9330127018922194100, 0.9330127018922198500, 1.000000000000000000, 0.8660254037844387100, 1.000000000000000000, 0.8920655458912313300, 0.9580423662006907200 ) ) 
 REPRESENTATION_ITEM ( '' )  );
#675 = ORIENTED_EDGE ( 'NONE', *, *, #3077, .T. ) ;
#676 = CARTESIAN_POINT ( 'NONE',  ( 4.650000000000000400, -0.6250000000000005600, 1.082531754730548200 ) ) ;
#677 = ADVANCED_FACE ( 'NONE', ( #3388 ), #381, .T. ) ;
#678 = VERTEX_POINT ( 'NONE', #377 ) ;
#679 = CARTESIAN_POINT ( 'NONE',  ( 2.531249999999998700, 1.743066579297358300E-016, -1.250000000000000000 ) ) ;
#680 = CARTESIAN_POINT ( 'NONE',  ( 3.618749999999998600, 0.6249999999999991100, 1.082531754730548900 ) ) ;
#681 = CARTESIAN_POINT ( 'NONE',  ( -3.974999999999999200, 0.6250000000000000000, 1.082531754730548200 ) ) ;
#682 = CARTESIAN_POINT ( 'NONE',  ( 1.050000000000000500, 0.4788582131113753300, -0.8294067547305469200 ) ) ;
#683 = ORIENTED_EDGE ( 'NONE', *, *, #1231, .F. ) ;
#684 = CARTESIAN_POINT ( 'NONE',  ( 4.904783573777249800, -0.9450302765529287100, -0.1553657924228235800 ) ) ;
#685 = CARTESIAN_POINT ( 'NONE',  ( 2.906250000000000400, 0.9577164262227499900, 0.5529378364870317600 ) ) ;
#686 = CARTESIAN_POINT ( 'NONE',  ( -3.056250000000001700, 1.250000000000000000, 0.7216878364870320500 ) ) ;
#687 = ORGANIZATION ( 'UNSPECIFIED', 'UNSPECIFIED', '' ) ;
#688 = CARTESIAN_POINT ( 'NONE',  ( -4.368749999999999500, -0.4788582131113737800, -0.8294067547305435900 ) ) ;
#689 = CARTESIAN_POINT ( 'NONE',  ( -2.531250000000001300, -2.963213184805509200E-015, 1.250000000000000200 ) ) ;
#690 = LINE ( 'NONE', #2692, #549 ) ;
#691 = CARTESIAN_POINT ( 'NONE',  ( -2.216069592936286800, -1.245240524561120200, -0.1089772266071842900 ) ) ;
#692 = CARTESIAN_POINT ( 'NONE',  ( -2.607597969081221700, 0.3349661513536875100, 1.249982875320599700 ) ) ;
#693 = CARTESIAN_POINT ( 'NONE',  ( 3.993749999999999000, 1.250000000000000000, 0.0000000000000000000 ) ) ;
#694 = CARTESIAN_POINT ( 'NONE',  ( -4.612499999999998900, -2.651438096812266900E-016, -1.443375672974064100 ) ) ;
#695 = ADVANCED_FACE ( 'NONE', ( #2248 ), #3894, .T. ) ;
#696 = CARTESIAN_POINT ( 'NONE',  ( 2.118750000000000400, -0.4788582131113756100, 0.8294067547305467000 ) ) ;
#697 = CARTESIAN_POINT ( 'NONE',  ( -4.799999999999998900, 0.4788582131113725500, -0.8294067547305440400 ) ) ;
#698 = CARTESIAN_POINT ( 'NONE',  ( -4.893749999999998900, -0.9577164262227466600, 1.172864355864529100E-016 ) ) ;
#699 = CARTESIAN_POINT ( 'NONE',  ( 4.724999999999999600, -1.250000000000000000, -1.530808498934191600E-016 ) ) ;
#700 = EDGE_CURVE ( 'NONE', #2333, #3920, #1806, .T. ) ;
#701 = CARTESIAN_POINT ( 'NONE',  ( -3.899999999999999000, 0.4788582131113725500, -0.8294067547305440400 ) ) ;
#702 = CARTESIAN_POINT ( 'NONE',  ( 3.881249999999998300, -2.033577675846917700E-015, -1.249999999999999800 ) ) ;
#703 = DIRECTION ( 'NONE',  ( -1.000000000000000000, 0.0000000000000000000, 0.0000000000000000000 ) ) ;
#704 = ORIENTED_EDGE ( 'NONE', *, *, #620, .T. ) ;
#705 = CARTESIAN_POINT ( 'NONE',  ( 3.281250000000000400, 0.9577164262227504400, -0.5529378364870312100 ) ) ;
#706 = VERTEX_POINT ( 'NONE', #2310 ) ;
#707 = CARTESIAN_POINT ( 'NONE',  ( -4.312499999999999100, 0.9577164262227462200, -0.5529378364870295400 ) ) ;
#708 = CARTESIAN_POINT ( 'NONE',  ( 2.011482200758373000, 9.836705729168091600E-013, -1.129158626981124500 ) ) ;
#709 = CARTESIAN_POINT ( 'NONE',  ( -2.244194132307189000, -0.9540692781648264500, -0.08350188931345337000 ) ) ;
#710 = DIRECTION ( 'NONE',  ( 1.000000000000000000, 0.0000000000000000000, 0.0000000000000000000 ) ) ;
#711 = ORIENTED_EDGE ( 'NONE', *, *, #2771, .F. ) ;
#712 = ADVANCED_FACE ( 'NONE', ( #2443 ), #56, .T. ) ;
#713 = EDGE_CURVE ( 'NONE', #3258, #1455, #2493, .T. ) ;
#714 = CARTESIAN_POINT ( 'NONE',  ( -4.274999999999999500, 0.9577164262227465500, 0.0000000000000000000 ) ) ;
#715 = CARTESIAN_POINT ( 'NONE',  ( 4.331249999999998000, 1.743066579297358300E-016, -1.250000000000000000 ) ) ;
#716 = CARTESIAN_POINT ( 'NONE',  ( -2.174999999999999800, 0.6250000000000000000, 1.082531754730548200 ) ) ;
#717 = VECTOR ( 'NONE', #3170, 1000.000000000000000 ) ;
#718 = DIRECTION ( 'NONE',  ( 1.000000000000000000, 0.0000000000000000000, -0.0000000000000000000 ) ) ;
#719 = CARTESIAN_POINT ( 'NONE',  ( 4.200000000000000200, -0.6250000000000005600, 1.082531754730548200 ) ) ;
#720 =( BOUNDED_CURVE ( )  B_SPLINE_CURVE ( 2, ( #464, #770, #2950, #1080, #1986, #479, #2920, #3538, #2003 ),
 .UNSPECIFIED., .F., .F. ) 
 B_SPLINE_CURVE_WITH_KNOTS ( ( 3, 2, 2, 2, 3 ),
 ( 0.6785714285714286000, 0.6904761904761904700, 0.7142857142857143000, 0.7380952380952381400, 0.7500000000000000000 ),
 .UNSPECIFIED. ) 
 CURVE ( )  GEOMETRIC_REPRESENTATION_ITEM ( )  RATIONAL_B_SPLINE_CURVE ( ( 0.9330127018922193000, 0.9330127018922196300, 1.000000000000000000, 0.8660254037844387100, 1.000000000000000000, 0.8660254037844387100, 1.000000000000000000, 0.9330127018922194100, 0.9330127018922194100 ) ) 
 REPRESENTATION_ITEM ( '' )  );
#721 = CARTESIAN_POINT ( 'NONE',  ( 2.643750000000000300, -0.9577164262227504400, -1.172864355864533500E-016 ) ) ;
#722 = CARTESIAN_POINT ( 'NONE',  ( -5.099999999999998800, 0.4788582131113733300, 0.8294067547305435900 ) ) ;
#723 = CARTESIAN_POINT ( 'NONE',  ( -3.731249999999999300, 0.9577164262227466600, 0.5529378364870291000 ) ) ;
#724 = CARTESIAN_POINT ( 'NONE',  ( 1.875000000000000400, -0.4788582131113750000, -0.8294067547305470400 ) ) ;
#725 = EDGE_CURVE ( 'NONE', #3062, #706, #1190, .T. ) ;
#726 = ORIENTED_EDGE ( 'NONE', *, *, #3021, .F. ) ;
#727 = CARTESIAN_POINT ( 'NONE',  ( 1.050000000000000300, -1.948557158514986800, -1.125000000000000000 ) ) ;
#728 = VERTEX_POINT ( 'NONE', #758 ) ;
#729 = CARTESIAN_POINT ( 'NONE',  ( 3.281250000000000400, 0.9577164262227504400, -0.5529378364870312100 ) ) ;
#730 = CARTESIAN_POINT ( 'NONE',  ( 1.781249999999998900, 1.249999999999999800, 0.7216878364870329400 ) ) ;
#731 = CARTESIAN_POINT ( 'NONE',  ( -2.362499999999999800, -2.651438096812266900E-016, -1.443375672974064100 ) ) ;
#732 = CARTESIAN_POINT ( 'NONE',  ( -3.431250000000001200, -2.963213184805509200E-015, 1.250000000000000200 ) ) ;
#733 = LINE ( 'NONE', #1795, #1348 ) ;
#734 = CARTESIAN_POINT ( 'NONE',  ( 4.950000000000000200, 1.324149351578076500E-016, -0.9125000000000000900 ) ) ;
#735 = CARTESIAN_POINT ( 'NONE',  ( -4.124999999999999100, -0.4788582131113730500, 0.8294067547305437000 ) ) ;
#736 = CARTESIAN_POINT ( 'NONE',  ( -3.843749999999999100, 0.4788582131113726700, -0.8294067547305441500 ) ) ;
#737 = CARTESIAN_POINT ( 'NONE',  ( 1.237499999999999800, -2.031460654743916600E-016, 1.105875672974062600 ) ) ;
#738 = DIRECTION ( 'NONE',  ( 0.0000000000000000000, 0.0000000000000000000, 1.000000000000000000 ) ) ;
#739 = CARTESIAN_POINT ( 'NONE',  ( 4.899053545773630200, -0.9577164262227505500, -0.07820083002082829600 ) ) ;
#740 = CARTESIAN_POINT ( 'NONE',  ( -3.487498467955582700, -2.662303713027030000E-005, 1.249999999716485500 ) ) ;
#741 = CARTESIAN_POINT ( 'NONE',  ( 1.256249999999998800, 1.250000000000000000, -0.7216878364870320500 ) ) ;
#742 = DIRECTION ( 'NONE',  ( 0.0000000000000000000, 0.0000000000000000000, -1.000000000000000000 ) ) ;
#743 = CARTESIAN_POINT ( 'NONE',  ( -2.049999999999998900, 0.0000000000000000000, 0.0000000000000000000 ) ) ;
#744 = AXIS2_PLACEMENT_3D ( 'NONE', #1414, #2943, #3867 ) ;
#745 = CARTESIAN_POINT ( 'NONE',  ( 2.132323573777248800, 0.8265807605201471700, -0.9376909119416353400 ) ) ;
#746 = CARTESIAN_POINT ( 'NONE',  ( -2.943749999999999200, 0.4788582131113726700, -0.8294067547305441500 ) ) ;
#747 = CARTESIAN_POINT ( 'NONE',  ( 1.687500000000000200, -2.031460654743916600E-016, 1.105875672974062600 ) ) ;
#748 = VERTEX_POINT ( 'NONE', #734 ) ;
#749 = DIRECTION ( 'NONE',  ( 0.0000000000000000000, -0.5000000000000003300, 0.8660254037844384900 ) ) ;
#750 = CARTESIAN_POINT ( 'NONE',  ( 3.731249999999999700, 0.9577164262227504400, -0.5529378364870312100 ) ) ;
#751 = EDGE_CURVE ( 'NONE', #3042, #3862, #2471, .T. ) ;
#752 = VERTEX_POINT ( 'NONE', #2271 ) ;
#753 = CARTESIAN_POINT ( 'NONE',  ( 4.312500000000000000, 0.9577164262227499900, 0.5529378364870317600 ) ) ;
#754 = CARTESIAN_POINT ( 'NONE',  ( 2.812500000000000400, 1.714015469642402100E-015, 1.250000000000000000 ) ) ;
#755 = CARTESIAN_POINT ( 'NONE',  ( -4.837498037145268300, -3.271425208583198500E-005, 1.249999999571910900 ) ) ;
#756 = ORIENTED_EDGE ( 'NONE', *, *, #2123, .T. ) ;
#757 = VERTEX_POINT ( 'NONE', #225 ) ;
#758 = CARTESIAN_POINT ( 'NONE',  ( 1.050000000000000300, 1.169753752994699200E-016, -0.9551764262227504500 ) ) ;
#759 = DIRECTION ( 'NONE',  ( 0.0000000000000000000, 0.0000000000000000000, 1.000000000000000000 ) ) ;
#760 = CARTESIAN_POINT ( 'NONE',  ( -3.243749999999999000, 0.4788582131113734400, 0.8294067547305438200 ) ) ;
#761 = CARTESIAN_POINT ( 'NONE',  ( 0.9375000000000000000, -0.9577164262227502200, -0.5529378364870316500 ) ) ;
#762 = CARTESIAN_POINT ( 'NONE',  ( -4.810229930904659700, 2.492088861051975800, -0.1835754756815217700 ) ) ;
#763 = FACE_OUTER_BOUND ( 'NONE', #1507, .T. ) ;
#764 = DIRECTION ( 'NONE',  ( 1.000000000000000000, 0.0000000000000000000, -0.0000000000000000000 ) ) ;
#765 = CARTESIAN_POINT ( 'NONE',  ( 4.518749999999999800, -0.4788582131113750000, -0.8294067547305470400 ) ) ;
#766 = ORIENTED_EDGE ( 'NONE', *, *, #1927, .F. ) ;
#767 = EDGE_CURVE ( 'NONE', #1232, #119, #3833, .T. ) ;
#768 = CARTESIAN_POINT ( 'NONE',  ( 4.987499999999999800, -0.9577164262227502200, -0.5529378364870316500 ) ) ;
#769 = CARTESIAN_POINT ( 'NONE',  ( -2.187944132307189100, -0.9540692781648267800, -0.08350188931345338400 ) ) ;
#770 = CARTESIAN_POINT ( 'NONE',  ( -3.186153810567667700, 0.3349364905389042900, -1.249999999999999600 ) ) ;
#771 = ORIENTED_EDGE ( 'NONE', *, *, #1059, .T. ) ;
#772 = CARTESIAN_POINT ( 'NONE',  ( -3.017404756876938400, -0.3349207187176848600, 1.250009105865225800 ) ) ;
#773 = AXIS2_PLACEMENT_3D ( 'NONE', #397, #703, #1021 ) ;
#774 = CARTESIAN_POINT ( 'NONE',  ( -2.249999999999999600, -0.9577164262227465500, 1.172864355864528600E-016 ) ) ;
#775 = CARTESIAN_POINT ( 'NONE',  ( -4.761153810567667400, -0.3349364905389034500, 1.250000000000000000 ) ) ;
#776 = ORIENTED_EDGE ( 'NONE', *, *, #2145, .F. ) ;
#777 = CARTESIAN_POINT ( 'NONE',  ( 4.890914556646107400, -0.9716933301609077500, -0.07867704892896781900 ) ) ;
#778 = CARTESIAN_POINT ( 'NONE',  ( 5.306249999999997700, 1.250000000000000000, -0.7216878364870320500 ) ) ;
#779 = EDGE_CURVE ( 'NONE', #3239, #3873, #2091, .T. ) ;
#780 = CARTESIAN_POINT ( 'NONE',  ( 4.612500000000000700, -0.8919068644530457900, 0.8757865865275265000 ) ) ;
#781 = CARTESIAN_POINT ( 'NONE',  ( 1.987500000000000000, 0.9577164262227504400, -0.5529378364870312100 ) ) ;
#782 = PERSON_AND_ORGANIZATION ( #1999, #687 ) ;
#783 = CARTESIAN_POINT ( 'NONE',  ( 4.612499999999999800, 6.771535515813055000E-017, -1.105875672974062600 ) ) ;
#784 = CIRCLE ( 'NONE', #1278, 2.249999999999999600 ) ;
#785 = CARTESIAN_POINT ( 'NONE',  ( -3.937500027472561600, 4.785302309148770300E-007, 1.249999999999908300 ) ) ;
#786 = DIRECTION ( 'NONE',  ( -1.000000000000000000, -0.0000000000000000000, -0.0000000000000000000 ) ) ;
#787 = CARTESIAN_POINT ( 'NONE',  ( 1.293750000000000200, -0.9577164262227504400, -1.172864355864533500E-016 ) ) ;
#788 = CARTESIAN_POINT ( 'NONE',  ( -2.512499999999998800, 0.9577164262227462200, -0.5529378364870295400 ) ) ;
#789 = DIRECTION ( 'NONE',  ( -1.000000000000000000, -0.0000000000000000000, -0.0000000000000000000 ) ) ;
#790 = CARTESIAN_POINT ( 'NONE',  ( 4.761065602825215000, -0.8545912716269803400, 0.6994349169017238800 ) ) ;
#791 = CARTESIAN_POINT ( 'NONE',  ( 3.637500000000000600, 1.249999999999999800, 0.7216878364870329400 ) ) ;
#792 = CARTESIAN_POINT ( 'NONE',  ( -4.950000000000000200, 1.948557158514987200, -1.124999999999999100 ) ) ;
#793 = CARTESIAN_POINT ( 'NONE',  ( 4.162500000000000500, -4.938688641342514700E-016, 1.250000000000000000 ) ) ;
#794 =( BOUNDED_CURVE ( )  B_SPLINE_CURVE ( 2, ( #540, #835, #3882, #1437, #3294, #1714, #3898, #2684, #3573 ),
 .UNSPECIFIED., .F., .F. ) 
 B_SPLINE_CURVE_WITH_KNOTS ( ( 3, 2, 2, 2, 3 ),
 ( 0.1918828717645733600, 0.2046750632155449100, 0.2302594461174880300, 0.2558438290194311500, 0.2686338786743910400 ),
 .UNSPECIFIED. ) 
 CURVE ( )  GEOMETRIC_REPRESENTATION_ITEM ( )  RATIONAL_B_SPLINE_CURVE ( ( 0.9330127018922194100, 0.9330127018922194100, 1.000000000000000000, 0.8660254037844387100, 1.000000000000000000, 0.8660254037844387100, 1.000000000000000000, 0.9330239175723842300, 0.9330127037700601800 ) ) 
 REPRESENTATION_ITEM ( '' )  );
#795 = CARTESIAN_POINT ( 'NONE',  ( 4.837500000000000400, -2.031460654743916600E-016, 1.105875672974062600 ) ) ;
#796 = CARTESIAN_POINT ( 'NONE',  ( 2.268750000000000300, -0.4788582131113750000, -0.8294067547305470400 ) ) ;
#797 = CARTESIAN_POINT ( 'NONE',  ( -4.673118391101830600, 0.8685211656693873100, -0.5794947653160018600 ) ) ;
#798 = CARTESIAN_POINT ( 'NONE',  ( 0.9717276928458750100, -1.511542704210574700, -1.881931238497226400 ) ) ;
#799 = CARTESIAN_POINT ( 'NONE',  ( 3.918749999999998400, 0.6250000000000001100, -1.082531754730548400 ) ) ;
#800 = ORIENTED_EDGE ( 'NONE', *, *, #17, .T. ) ;
#801 = CARTESIAN_POINT ( 'NONE',  ( 2.053578513015006400, -1.144724897035520400, 0.2900614830002591900 ) ) ;
#802 = EDGE_CURVE ( 'NONE', #3674, #232, #2640, .T. ) ;
#803 = ORIENTED_EDGE ( 'NONE', *, *, #155, .T. ) ;
#804 = CARTESIAN_POINT ( 'NONE',  ( -2.324999999999999300, -0.4788582131113730500, 0.8294067547305437000 ) ) ;
#805 = CARTESIAN_POINT ( 'NONE',  ( 3.093749999999998700, 1.250000000000000000, 0.0000000000000000000 ) ) ;
#806 = CARTESIAN_POINT ( 'NONE',  ( 1.181250000000000100, -2.031460654743916600E-016, 1.105875672974062600 ) ) ;
#807 = CARTESIAN_POINT ( 'NONE',  ( 3.300000000000000700, -0.6250000000000005600, 1.082531754730548200 ) ) ;
#808 = DIRECTION ( 'NONE',  ( 0.0000000000000000000, 0.0000000000000000000, 1.000000000000000000 ) ) ;
#809 = ORIENTED_EDGE ( 'NONE', *, *, #2396, .T. ) ;
#810 = AXIS2_PLACEMENT_3D ( 'NONE', #1377, #786, #2780 ) ;
#811 = CARTESIAN_POINT ( 'NONE',  ( 3.131250000000000100, -0.9577164262227502200, -0.5529378364870316500 ) ) ;
#812 = EDGE_LOOP ( 'NONE', ( #1756, #3534, #3714, #2815 ) ) ;
#813 = CARTESIAN_POINT ( 'NONE',  ( -2.849999999999999200, 0.4788582131113733300, 0.8294067547305435900 ) ) ;
#814 = ORIENTED_EDGE ( 'NONE', *, *, #1231, .T. ) ;
#815 = CARTESIAN_POINT ( 'NONE',  ( 2.512500000000000600, -1.250000000000000000, -0.7216878364870327200 ) ) ;
#816 = CARTESIAN_POINT ( 'NONE',  ( 1.840039999999999000, -0.6565632889428135700, -0.7087156434662877900 ) ) ;
#817 = CARTESIAN_POINT ( 'NONE',  ( 2.132323573777248800, 0.8265807605201471700, -0.9376909119416353400 ) ) ;
#818 = CARTESIAN_POINT ( 'NONE',  ( 3.487499999999999800, -2.031460654743916600E-016, 1.105875672974062600 ) ) ;
#819 = LINE ( 'NONE', #1576, #3681 ) ;
#820 = CARTESIAN_POINT ( 'NONE',  ( 2.756250000000000100, 6.771535515813055000E-017, -1.105875672974062600 ) ) ;
#821 = CARTESIAN_POINT ( 'NONE',  ( 3.825000000000000200, -1.250000000000000000, -1.530808498934191600E-016 ) ) ;
#822 = EDGE_LOOP ( 'NONE', ( #3209, #2290, #1552 ) ) ;
#823 = CARTESIAN_POINT ( 'NONE',  ( 3.018750000000000300, -0.4788582131113756100, 0.8294067547305467000 ) ) ;
#824 = EDGE_CURVE ( 'NONE', #1672, #3915, #534, .T. ) ;
#825 = ORIENTED_EDGE ( 'NONE', *, *, #2604, .T. ) ;
#826 = CARTESIAN_POINT ( 'NONE',  ( 3.525000000000000400, -0.4788582131113756100, 0.8294067547305467000 ) ) ;
#827 = CARTESIAN_POINT ( 'NONE',  ( -4.950000000000000200, -1.299038105676657100, 2.249999999999999600 ) ) ;
#828 = CARTESIAN_POINT ( 'NONE',  ( 2.625000000000000400, 0.6250000000000001100, -1.082531754730548400 ) ) ;
#829 = DIRECTION ( 'NONE',  ( 1.000000000000000000, 0.0000000000000000000, 0.0000000000000000000 ) ) ;
#830 = CARTESIAN_POINT ( 'NONE',  ( -3.711426243607918200, 6.564856486586361600E-005, -1.249999996725117600 ) ) ;
#831 = CARTESIAN_POINT ( 'NONE',  ( 3.225000000000000100, -0.4788582131113750000, -0.8294067547305470400 ) ) ;
#832 = FACE_OUTER_BOUND ( 'NONE', #1623, .T. ) ;
#833 = VERTEX_POINT ( 'NONE', #2353 ) ;
#834 = CARTESIAN_POINT ( 'NONE',  ( 1.050000000000000500, 1.530808498934191600E-016, 1.250000000000000000 ) ) ;
#835 = CARTESIAN_POINT ( 'NONE',  ( -4.367403810567665800, -0.3349364905389034000, 1.249999999999999800 ) ) ;
#836 = CYLINDRICAL_SURFACE ( 'NONE', #1862, 1.250000000000000000 ) ;
#837 = CARTESIAN_POINT ( 'NONE',  ( 2.268750000000000300, -0.4788582131113750000, -0.8294067547305470400 ) ) ;
#838 = EDGE_CURVE ( 'NONE', #1242, #1277, #1897, .T. ) ;
#839 = CARTESIAN_POINT ( 'NONE',  ( 3.712499999999999900, 6.771535515813055000E-017, -1.105875672974062600 ) ) ;
#840 = CARTESIAN_POINT ( 'NONE',  ( 2.118750000000000400, -0.4788582131113756100, 0.8294067547305467000 ) ) ;
#841 = CARTESIAN_POINT ( 'NONE',  ( -2.187944132307189100, -0.9540692781648267800, -0.08350188931345338400 ) ) ;
#842 = DIRECTION ( 'NONE',  ( -1.000000000000000000, 0.0000000000000000000, 0.0000000000000000000 ) ) ;
#843 = CARTESIAN_POINT ( 'NONE',  ( 2.962500000000000800, 0.9577164262227502200, 0.5529378364870318800 ) ) ;
#844 = CARTESIAN_POINT ( 'NONE',  ( 1.992961012353157100, -2.823767858461719900E-014, 1.110637438575907700 ) ) ;
#845 = CARTESIAN_POINT ( 'NONE',  ( -3.224999999999999600, 0.6249999999999990000, -1.082531754730548600 ) ) ;
#846 = CARTESIAN_POINT ( 'NONE',  ( 2.043750000000000600, 0.4788582131113745000, 0.8294067547305473700 ) ) ;
#847 =( BOUNDED_SURFACE ( )  B_SPLINE_SURFACE ( 1, 2, ( 
 ( #1731, #2978, #2355, #531, #3586, #1140, #3051, #2758, #1218, #1488, #3943, #289, #2406, #3629, #1538, #1797, #3332, #2097, #305, #2729, #3023, #3344, #3371, #3319, #1787, #912, #3686, #3362, #1510, #1814, #894, #3929, #276, #2768, #2743, #572, #2417, #1521, #1234, #585, #923, #1827, #1192, #1499, #2143, #4, #2126, #3672, #3064, #20, #3657, #3643, #316, #2448, #2088, #3956, #2464, #3032, #1209, #623, #3007, #607, #940, #2430, #883, #268, #2111, #1180, #597, #2718, #34, #2521, #48, #2830, #3737, #355, #2532, #1854, #667, #2490, #1273 ),
 ( #1891, #1602, #1564, #1260, #2173, #1549, #950, #639, #1244, #694, #2805, #3426, #1008, #966, #3079, #982, #3413, #367, #1871, #2783, #3132, #2214, #3400, #1880, #2793, #76, #681, #3107, #380, #2507, #1578, #1300, #3123, #3386, #3443, #2817, #329, #994, #3700, #3710, #1840, #60, #3725, #3092, #2198, #1286, #1592, #87, #2185, #2160, #2477, #343, #652, #1316, #3764, #130, #2225, #3457, #1362, #1627, #3160, #1920, #141, #2559, #2853, #3174, #3198, #3145, #1617, #731, #3511, #2881, #1338, #1641, #716, #3755, #117, #2594, #2570, #396, #2240 ) ),
 .UNSPECIFIED., .F., .F., .F. ) 
 B_SPLINE_SURFACE_WITH_KNOTS ( ( 2, 2 ),
 ( 3, 2, 2, 2, 2, 2, 2, 2, 2, 2, 2, 2, 2, 2, 2, 2, 2, 2, 2, 2, 2, 2, 2, 2, 2, 2, 2, 2, 2, 2, 2, 2, 2, 2, 2, 2, 2, 2, 2, 2, 3 ),
 ( 0.0000000000000000000, 1.000000000000000000 ),
 ( 0.0000000000000000000, 0.02380952380952380800, 0.04761904761904761600, 0.07142857142857142500, 0.09523809523809523300, 0.1190476190476190400, 0.1428571428571428500, 0.1666666666666666600, 0.1904761904761904700, 0.2142857142857142700, 0.2380952380952380800, 0.2619047619047619200, 0.2857142857142857000, 0.3095238095238095300, 0.3333333333333333100, 0.3571428571428571500, 0.3809523809523809300, 0.4047619047619047700, 0.4285714285714285500, 0.4523809523809523800, 0.4761904761904761600, 0.5000000000000000000, 0.5238095238095238400, 0.5476190476190476700, 0.5714285714285714000, 0.5952380952380952300, 0.6190476190476190700, 0.6428571428571429000, 0.6666666666666666300, 0.6904761904761904700, 0.7142857142857143000, 0.7380952380952381400, 0.7619047619047618600, 0.7857142857142857000, 0.8095238095238095300, 0.8333333333333333700, 0.8571428571428571000, 0.8809523809523809300, 0.9047619047619047700, 0.9285714285714286000, 0.9306272463470476300 ),
 .UNSPECIFIED. ) 
 GEOMETRIC_REPRESENTATION_ITEM ( )  RATIONAL_B_SPLINE_SURFACE ( (
 ( 1.000000000000000000, 0.8660254037844387100, 1.000000000000000000, 0.8660254037844387100, 1.000000000000000000, 0.8660254037844387100, 1.000000000000000000, 0.8660254037844387100, 1.000000000000000000, 0.8660254037844387100, 1.000000000000000000, 0.8660254037844387100, 1.000000000000000000, 0.8660254037844387100, 1.000000000000000000, 0.8660254037844387100, 1.000000000000000000, 0.8660254037844387100, 1.000000000000000000, 0.8660254037844387100, 1.000000000000000000, 0.8660254037844387100, 1.000000000000000000, 0.8660254037844387100, 1.000000000000000000, 0.8660254037844387100, 1.000000000000000000, 0.8660254037844387100, 1.000000000000000000, 0.8660254037844387100, 1.000000000000000000, 0.8660254037844387100, 1.000000000000000000, 0.8660254037844387100, 1.000000000000000000, 0.8660254037844387100, 1.000000000000000000, 0.8660254037844387100, 1.000000000000000000, 0.8660254037844387100, 1.000000000000000000, 0.8660254037844387100, 1.000000000000000000, 0.8660254037844387100, 1.000000000000000000, 0.8660254037844387100, 1.000000000000000000, 0.8660254037844387100, 1.000000000000000000, 0.8660254037844387100, 1.000000000000000000, 0.8660254037844387100, 1.000000000000000000, 0.8660254037844387100, 1.000000000000000000, 0.8660254037844387100, 1.000000000000000000, 0.8660254037844387100, 1.000000000000000000, 0.8660254037844387100, 1.000000000000000000, 0.8660254037844387100, 1.000000000000000000, 0.8660254037844387100, 1.000000000000000000, 0.8660254037844387100, 1.000000000000000000, 0.8660254037844387100, 1.000000000000000000, 0.8660254037844387100, 1.000000000000000000, 0.8660254037844387100, 1.000000000000000000, 0.8660254037844387100, 1.000000000000000000, 0.8660254037844387100, 1.000000000000000000, 0.8660254037844387100, 1.000000000000000000, 0.9884320510319839500, 0.9788617560537036200),
 ( 1.000000000000000000, 0.8660254037844387100, 1.000000000000000000, 0.8660254037844387100, 1.000000000000000000, 0.8660254037844387100, 1.000000000000000000, 0.8660254037844387100, 1.000000000000000000, 0.8660254037844387100, 1.000000000000000000, 0.8660254037844387100, 1.000000000000000000, 0.8660254037844387100, 1.000000000000000000, 0.8660254037844387100, 1.000000000000000000, 0.8660254037844387100, 1.000000000000000000, 0.8660254037844387100, 1.000000000000000000, 0.8660254037844387100, 1.000000000000000000, 0.8660254037844387100, 1.000000000000000000, 0.8660254037844387100, 1.000000000000000000, 0.8660254037844387100, 1.000000000000000000, 0.8660254037844387100, 1.000000000000000000, 0.8660254037844387100, 1.000000000000000000, 0.8660254037844387100, 1.000000000000000000, 0.8660254037844387100, 1.000000000000000000, 0.8660254037844387100, 1.000000000000000000, 0.8660254037844387100, 1.000000000000000000, 0.8660254037844387100, 1.000000000000000000, 0.8660254037844387100, 1.000000000000000000, 0.8660254037844387100, 1.000000000000000000, 0.8660254037844387100, 1.000000000000000000, 0.8660254037844387100, 1.000000000000000000, 0.8660254037844387100, 1.000000000000000000, 0.8660254037844387100, 1.000000000000000000, 0.8660254037844387100, 1.000000000000000000, 0.8660254037844387100, 1.000000000000000000, 0.8660254037844387100, 1.000000000000000000, 0.8660254037844387100, 1.000000000000000000, 0.8660254037844387100, 1.000000000000000000, 0.8660254037844387100, 1.000000000000000000, 0.8660254037844387100, 1.000000000000000000, 0.8660254037844387100, 1.000000000000000000, 0.8660254037844387100, 1.000000000000000000, 0.8660254037844387100, 1.000000000000000000, 0.8660254037844387100, 1.000000000000000000, 0.8660254037844387100, 1.000000000000000000, 0.9884320510319839500, 0.9788617560537036200) ) ) 
 REPRESENTATION_ITEM ( '' )  SURFACE ( )  );
#848 = EDGE_CURVE ( 'NONE', #1793, #1277, #3664, .T. ) ;
#849 = ORIENTED_EDGE ( 'NONE', *, *, #1662, .F. ) ;
#850 = CARTESIAN_POINT ( 'NONE',  ( 3.299999999999999800, 0.4788582131113753300, -0.8294067547305469200 ) ) ;
#851 = CARTESIAN_POINT ( 'NONE',  ( -4.331249999999998900, -2.031460654743908500E-016, -1.105875672974058200 ) ) ;
#852 = PLANE ( 'NONE',  #2368 ) ;
#853 = DIRECTION ( 'NONE',  ( 0.0000000000000000000, 0.0000000000000000000, 1.000000000000000000 ) ) ;
#854 = CARTESIAN_POINT ( 'NONE',  ( 4.592403810567666300, 0.3349364905389111100, 1.249999999999995600 ) ) ;
#855 = CARTESIAN_POINT ( 'NONE',  ( 3.337500000000000400, 0.9577164262227504400, -0.5529378364870312100 ) ) ;
#856 = ORIENTED_EDGE ( 'NONE', *, *, #2024, .T. ) ;
#857 = EDGE_CURVE ( 'NONE', #3137, #2859, #1201, .T. ) ;
#858 = CARTESIAN_POINT ( 'NONE',  ( -2.049999999999998900, 1.530808498934191300E-016, -1.250000000000000000 ) ) ;
#859 = CARTESIAN_POINT ( 'NONE',  ( -3.263345217786869100, -5.192633894624658900E-005, -1.249999997970225400 ) ) ;
#860 = CARTESIAN_POINT ( 'NONE',  ( 1.368750000000000100, -0.4788582131113750000, -0.8294067547305470400 ) ) ;
#861 = ORIENTED_EDGE ( 'NONE', *, *, #2756, .T. ) ;
#862 = CARTESIAN_POINT ( 'NONE',  ( 3.917403810567666500, -0.3349364905389031800, -1.250000000000000000 ) ) ;
#863 = CARTESIAN_POINT ( 'NONE',  ( 3.206249999999998500, 1.714015469642402100E-015, 1.250000000000000000 ) ) ;
#864 = CARTESIAN_POINT ( 'NONE',  ( 4.904783573777249800, -0.9450302765529287100, -0.1553657924228235800 ) ) ;
#865 = VECTOR ( 'NONE', #3201, 1000.000000000000000 ) ;
#866 = CARTESIAN_POINT ( 'NONE',  ( -4.068749999999999600, -0.4788582131113731700, 0.8294067547305438200 ) ) ;
#867 = CARTESIAN_POINT ( 'NONE',  ( -2.049999999999998900, 0.0000000000000000000, 1.250000000000000000 ) ) ;
#868 = EDGE_LOOP ( 'NONE', ( #2786, #2770, #1279, #1182, #3896, #1367 ) ) ;
#869 = CARTESIAN_POINT ( 'NONE',  ( 3.467403810567666300, -0.3349364905389042300, -1.249999999999999600 ) ) ;
#870 = CARTESIAN_POINT ( 'NONE',  ( 4.556249999999998600, -4.938688641342514700E-016, 1.250000000000000000 ) ) ;
#871 = ORIENTED_EDGE ( 'NONE', *, *, #3659, .F. ) ;
#872 = CARTESIAN_POINT ( 'NONE',  ( 4.312500000000000000, 0.9577164262227499900, 0.5529378364870317600 ) ) ;
#873 = EDGE_LOOP ( 'NONE', ( #1111, #1574, #3787 ) ) ;
#874 = CARTESIAN_POINT ( 'NONE',  ( 4.876866423836764500, -0.3064558150286469900, 0.9492383797375179000 ) ) ;
#875 = CARTESIAN_POINT ( 'NONE',  ( 4.293749999999999300, -0.6249999999999996700, -1.082531754730548400 ) ) ;
#876 = CYLINDRICAL_SURFACE ( 'NONE', #3305, 1.250000000000000000 ) ;
#877 = CALENDAR_DATE ( 2021, 9, 7 ) ;
#878 = DIRECTION ( 'NONE',  ( -1.000000000000000000, 0.0000000000000000000, 0.0000000000000000000 ) ) ;
#879 = FACE_OUTER_BOUND ( 'NONE', #1729, .T. ) ;
#880 = B_SPLINE_CURVE_WITH_KNOTS ( 'NONE', 3,
 ( #511, #2937, #1406, #3857 ),
 .UNSPECIFIED., .F., .F.,
 ( 4, 4 ),
 ( 2.380746839934095700E-007, 0.001314652396222795200 ),
 .UNSPECIFIED. ) ;
#881 = CARTESIAN_POINT ( 'NONE',  ( -2.568750000000001400, 0.6250000000000001100, 1.082531754730548400 ) ) ;
#882 = CARTESIAN_POINT ( 'NONE',  ( 1.837500000000000600, 1.169753752994699200E-016, -0.9551764262227504500 ) ) ;
#883 = CARTESIAN_POINT ( 'NONE',  ( -2.718749999999999600, -0.4788582131113731700, 0.8294067547305438200 ) ) ;
#884 = CARTESIAN_POINT ( 'NONE',  ( 3.449999999999999700, 0.4788582131113745000, 0.8294067547305473700 ) ) ;
#885 = CARTESIAN_POINT ( 'NONE',  ( 2.887500000000001100, -1.250000000000000200, 0.7216878364870317200 ) ) ;
#886 = CARTESIAN_POINT ( 'NONE',  ( 3.957596189432334400, 0.3349364905389034500, -1.250000000000000000 ) ) ;
#887 = CARTESIAN_POINT ( 'NONE',  ( -4.848322879055877400, -0.2972419308630843100, 1.171203295906288100 ) ) ;
#888 = DIRECTION ( 'NONE',  ( 0.0000000000000000000, 0.0000000000000000000, 1.000000000000000000 ) ) ;
#889 = CARTESIAN_POINT ( 'NONE',  ( 1.840039999999999900, -0.8127136422835428100, -0.5066727629378690000 ) ) ;
#890 = CARTESIAN_POINT ( 'NONE',  ( 3.675000000000000300, 0.6249999999999991100, 1.082531754730548900 ) ) ;
#891 = CARTESIAN_POINT ( 'NONE',  ( -4.749038105676660800, -2.598076211353313800, -8.457562650646586300E-016 ) ) ;
#892 =( BOUNDED_CURVE ( )  B_SPLINE_CURVE ( 2, ( #3299, #1467, #2646, #2988, #3612, #1768, #3336, #3001, #1263 ),
 .UNSPECIFIED., .F., .F. ) 
 B_SPLINE_CURVE_WITH_KNOTS ( ( 3, 2, 2, 2, 3 ),
 ( 0.5250000000000000200, 0.5333333333333333300, 0.5500000000000000400, 0.5666666666666666500, 0.5750000000000000700 ),
 .UNSPECIFIED. ) 
 CURVE ( )  GEOMETRIC_REPRESENTATION_ITEM ( )  RATIONAL_B_SPLINE_CURVE ( ( 0.9330127018922194100, 0.9330127018922194100, 1.000000000000000000, 0.8660254037844387100, 1.000000000000000000, 0.8660254037844387100, 1.000000000000000000, 0.9330127018922189700, 0.9330127018922194100 ) ) 
 REPRESENTATION_ITEM ( '' )  );
#893 = ORIENTED_EDGE ( 'NONE', *, *, #2177, .F. ) ;
#894 = CARTESIAN_POINT ( 'NONE',  ( -3.993749999999999000, -0.9577164262227466600, 1.172864355864529100E-016 ) ) ;
#895 = CARTESIAN_POINT ( 'NONE',  ( 4.875000000000000000, -0.4788582131113756100, 0.8294067547305467000 ) ) ;
#896 = CARTESIAN_POINT ( 'NONE',  ( 3.450000000000000600, -0.6249999999999996700, -1.082531754730548400 ) ) ;
#897 = ORIENTED_EDGE ( 'NONE', *, *, #3698, .T. ) ;
#898 = AXIS2_PLACEMENT_3D ( 'NONE', #3749, #1294, #3435 ) ;
#899 = CARTESIAN_POINT ( 'NONE',  ( 4.142403810567666200, 0.3349364905389027300, 1.250000000000000000 ) ) ;
#900 = DIRECTION ( 'NONE',  ( -1.000000000000000000, -0.0000000000000000000, -0.0000000000000000000 ) ) ;
#901 = UNCERTAINTY_MEASURE_WITH_UNIT (LENGTH_MEASURE( 1.000000000000000100E-005 ), #1610, 'distance_accuracy_value', 'NONE');
#902 = ORIENTED_EDGE ( 'NONE', *, *, #1736, .T. ) ;
#903 = VERTEX_POINT ( 'NONE', #2038 ) ;
#904 = B_SPLINE_CURVE_WITH_KNOTS ( 'NONE', 3,
 ( #2519, #1588, #1638, #1016, #2552, #3421 ),
 .UNSPECIFIED., .F., .F.,
 ( 4, 2, 4 ),
 ( 0.01050317062565018000, 0.01116014996014632100, 0.01181712929464246200 ),
 .UNSPECIFIED. ) ;
#905 = CARTESIAN_POINT ( 'NONE',  ( 0.9601718489707986600, 0.8761050724297401200, 2.250000000000000000 ) ) ;
#906 = CARTESIAN_POINT ( 'NONE',  ( 4.831241772677490300, 0.6638480894608572700, 0.8015187474576832600 ) ) ;
#907 = AXIS2_PLACEMENT_3D ( 'NONE', #3925, #3893, #2681 ) ;
#908 = VERTEX_POINT ( 'NONE', #2673 ) ;
#909 = CARTESIAN_POINT ( 'NONE',  ( -2.756250000000001000, 2.643650978600993500E-015, -1.250000000000000200 ) ) ;
#910 = EDGE_CURVE ( 'NONE', #3624, #3888, #2731, .T. ) ;
#911 = CARTESIAN_POINT ( 'NONE',  ( 4.143749999999999800, 0.4788582131113753300, -0.8294067547305469200 ) ) ;
#912 = CARTESIAN_POINT ( 'NONE',  ( -4.181249999999998600, 0.9577164262227466600, 0.5529378364870291000 ) ) ;
#913 = CARTESIAN_POINT ( 'NONE',  ( 4.349999999999999600, 0.4788582131113745000, 0.8294067547305473700 ) ) ;
#914 = CARTESIAN_POINT ( 'NONE',  ( 4.406250000000000000, -0.9577164262227506600, 0.5529378364870309900 ) ) ;
#915 = DIRECTION ( 'NONE',  ( 1.000000000000000000, 0.0000000000000000000, 0.0000000000000000000 ) ) ;
#916 = CARTESIAN_POINT ( 'NONE',  ( -4.950000000000000200, 0.0000000000000000000, 0.0000000000000000000 ) ) ;
#917 = ORIENTED_EDGE ( 'NONE', *, *, #3465, .T. ) ;
#918 = CARTESIAN_POINT ( 'NONE',  ( -2.193749999999999600, -0.9577164262227466600, 1.172864355864529100E-016 ) ) ;
#919 = CARTESIAN_POINT ( 'NONE',  ( 4.777027395018613700, 1.041346784038286600, -0.3368219920271118300 ) ) ;
#920 = VERTEX_POINT ( 'NONE', #1207 ) ;
#921 = CARTESIAN_POINT ( 'NONE',  ( 0.9607449899684473700, 2.385217236779677100, 0.3686825588085549900 ) ) ;
#922 = CARTESIAN_POINT ( 'NONE',  ( 3.618750000000000400, -0.4788582131113750000, -0.8294067547305470400 ) ) ;
#923 = CARTESIAN_POINT ( 'NONE',  ( -3.618749999999999500, -0.4788582131113731700, 0.8294067547305438200 ) ) ;
#924 = LINE ( 'NONE', #514, #3790 ) ;
#925 = CARTESIAN_POINT ( 'NONE',  ( 4.087500000000000400, -0.9577164262227502200, -0.5529378364870316500 ) ) ;
#926 = EDGE_CURVE ( 'NONE', #2908, #678, #1518, .T. ) ;
#927 = VERTEX_POINT ( 'NONE', #1486 ) ;
#928 = CARTESIAN_POINT ( 'NONE',  ( 1.500000000000000900, -0.6250000000000005600, 1.082531754730548200 ) ) ;
#929 = FACE_OUTER_BOUND ( 'NONE', #1426, .T. ) ;
#930 = CARTESIAN_POINT ( 'NONE',  ( -3.956250000000001600, 1.250000000000000000, 0.7216878364870320500 ) ) ;
#931 = CARTESIAN_POINT ( 'NONE',  ( -4.331250000000001600, -1.394453263437886600E-015, 1.250000000000000000 ) ) ;
#932 = APPROVAL_DATE_TIME ( #2211, #1258 ) ;
#933 = CARTESIAN_POINT ( 'NONE',  ( -4.649999999999998600, 0.4788582131113733300, 0.8294067547305435900 ) ) ;
#934 = CARTESIAN_POINT ( 'NONE',  ( -2.381249999999999200, 0.9577164262227465500, 0.5529378364870289900 ) ) ;
#935 = EDGE_CURVE ( 'NONE', #3624, #1060, #1178, .T. ) ;
#936 = CARTESIAN_POINT ( 'NONE',  ( 4.312500000000000000, -1.250000000000000000, -0.7216878364870327200 ) ) ;
#937 = DIRECTION ( 'NONE',  ( 1.000000000000000000, 0.0000000000000000000, 0.0000000000000000000 ) ) ;
#938 = AXIS2_PLACEMENT_3D ( 'NONE', #546, #2139, #853 ) ;
#939 = CARTESIAN_POINT ( 'NONE',  ( 2.493749999999999000, -0.6249999999999996700, -1.082531754730548400 ) ) ;
#940 = CARTESIAN_POINT ( 'NONE',  ( -2.793749999999999300, 0.4788582131113734400, 0.8294067547305438200 ) ) ;
#941 = CARTESIAN_POINT ( 'NONE',  ( 1.950000000000000400, 0.4788582131113753300, -0.8294067547305469200 ) ) ;
#942 = ADVANCED_FACE ( 'NONE', ( #1799 ), #2349, .F. ) ;
#943 = CARTESIAN_POINT ( 'NONE',  ( 4.743749999999999500, 0.4788582131113745000, 0.8294067547305473700 ) ) ;
#944 = CARTESIAN_POINT ( 'NONE',  ( -3.881250000000001900, 8.838126989374223500E-017, 1.443375672974064300 ) ) ;
#945 = CARTESIAN_POINT ( 'NONE',  ( -4.424999999999998900, 0.6250000000000000000, 1.082531754730548200 ) ) ;
#946 = CARTESIAN_POINT ( 'NONE',  ( -3.093749999999999100, -0.9577164262227466600, 1.172864355864529100E-016 ) ) ;
#947 = VERTEX_POINT ( 'NONE', #2727 ) ;
#948 = CARTESIAN_POINT ( 'NONE',  ( 3.057596189432334000, 0.3349364905389024500, -1.250000000000000200 ) ) ;
#949 = CARTESIAN_POINT ( 'NONE',  ( 4.331249999999998000, 8.838126989374223500E-017, -1.443375672974064300 ) ) ;
#950 = CARTESIAN_POINT ( 'NONE',  ( -4.724999999999998800, -1.249999999999999800, 1.530808498934191300E-016 ) ) ;
#951 = CARTESIAN_POINT ( 'NONE',  ( 1.162500000000000300, 0.9577164262227499900, 0.5529378364870317600 ) ) ;
#952 = ORIENTED_EDGE ( 'NONE', *, *, #3641, .T. ) ;
#953 = CARTESIAN_POINT ( 'NONE',  ( 1.162500000000000800, -1.250000000000000000, -0.7216878364870325000 ) ) ;
#954 = AXIS2_PLACEMENT_3D ( 'NONE', #96, #83, #1612 ) ;
#955 = ORIENTED_EDGE ( 'NONE', *, *, #2892, .T. ) ;
#956 = CARTESIAN_POINT ( 'NONE',  ( -4.031250000000001800, 1.249999999999999800, -0.7216878364870329400 ) ) ;
#957 = CARTESIAN_POINT ( 'NONE',  ( 3.318749999999998800, -1.250000000000000000, -1.530808498934191600E-016 ) ) ;
#958 = CARTESIAN_POINT ( 'NONE',  ( -3.787499999999999200, 0.9577164262227465500, 0.5529378364870289900 ) ) ;
#959 = CARTESIAN_POINT ( 'NONE',  ( -2.137499999999995700, -5.776470478697175800E-016, 1.249999999999999800 ) ) ;
#960 = LINE ( 'NONE', #2568, #158 ) ;
#961 = ADVANCED_FACE ( 'NONE', ( #2542 ), #201, .F. ) ;
#962 = CARTESIAN_POINT ( 'NONE',  ( 1.843465241461131000, -0.1387433442545132300, -0.9536963080561905400 ) ) ;
#963 = CARTESIAN_POINT ( 'NONE',  ( -4.351346189432336000, 0.3349364905389028400, 1.250000000000000200 ) ) ;
#964 = EDGE_CURVE ( 'NONE', #678, #1322, #2292, .T. ) ;
#965 = CARTESIAN_POINT ( 'NONE',  ( 2.868749999999999000, -1.250000000000000000, -1.530808498934191600E-016 ) ) ;
#966 = CARTESIAN_POINT ( 'NONE',  ( -4.462499999999999500, 1.250000000000000000, 0.7216878364870319400 ) ) ;
#967 = CONICAL_SURFACE ( 'NONE', #65, 2.250000000000000000, 1.047197551196600100 ) ;
#968 = CARTESIAN_POINT ( 'NONE',  ( 1.687500000000000200, -2.031460654743916600E-016, 1.105875672974062600 ) ) ;
#969 = CARTESIAN_POINT ( 'NONE',  ( 0.7500000000000006700, -0.6249999999999996700, -1.082531754730548400 ) ) ;
#970 = VERTEX_POINT ( 'NONE', #3916 ) ;
#971 = CARTESIAN_POINT ( 'NONE',  ( -4.293750000000002000, -0.6249999999999996700, 1.082531754730548400 ) ) ;
#972 = CARTESIAN_POINT ( 'NONE',  ( -4.612499275441576800, 4.702761941901257800E-008, -1.249999999999998400 ) ) ;
#973 = CARTESIAN_POINT ( 'NONE',  ( -3.487499999999999400, -2.031460654743907800E-016, -1.105875672974058200 ) ) ;
#974 = B_SPLINE_CURVE_WITH_KNOTS ( 'NONE', 3,
 ( #864, #777, #2628, #2008, #2911, #1948, #1085, #1692, #790, #3225, #150, #197, #2327, #502 ),
 .UNSPECIFIED., .F., .F.,
 ( 4, 2, 2, 2, 2, 2, 4 ),
 ( 3.946555478945571400E-019, 0.0002437127155802444100, 0.0004874254311604883800, 0.0007311381467407325100, 0.0009748508623209766500, 0.001462276293481464800, 0.001949701724641953300 ),
 .UNSPECIFIED. ) ;
#975 =( BOUNDED_CURVE ( )  B_SPLINE_CURVE ( 2, ( #650, #2791, #352, #3104, #2502, #3721, #1851 ),
 .UNSPECIFIED., .F., .F. ) 
 B_SPLINE_CURVE_WITH_KNOTS ( ( 3, 2, 2, 3 ),
 ( 0.8928571428571429000, 0.9047619047619047700, 0.9285714285714286000, 0.9306269304745375900 ),
 .UNSPECIFIED. ) 
 CURVE ( )  GEOMETRIC_REPRESENTATION_ITEM ( )  RATIONAL_B_SPLINE_CURVE ( ( 0.9330127018922193000, 0.9330127018922196300, 1.000000000000000000, 0.8660254037844387100, 1.000000000000000000, 0.9884338284254474700, 0.9788646970162818700 ) ) 
 REPRESENTATION_ITEM ( '' )  );
#976 = DIRECTION ( 'NONE',  ( -1.000000000000000000, 0.0000000000000000000, 0.0000000000000000000 ) ) ;
#977 = VERTEX_POINT ( 'NONE', #595 ) ;
#978 = CARTESIAN_POINT ( 'NONE',  ( -3.618749999999999500, -0.4788582131113731700, 0.8294067547305438200 ) ) ;
#979 = DIRECTION ( 'NONE',  ( -0.0000000000000000000, 0.0000000000000000000, -1.000000000000000000 ) ) ;
#980 = FACE_OUTER_BOUND ( 'NONE', #812, .T. ) ;
#981 = CARTESIAN_POINT ( 'NONE',  ( 4.143749999999998900, -0.6250000000000005600, 1.082531754730548200 ) ) ;
#982 = CARTESIAN_POINT ( 'NONE',  ( -4.387500000000000200, 8.838126989374222200E-017, 1.443375672974064100 ) ) ;
#983 = CARTESIAN_POINT ( 'NONE',  ( 1.800000000000000500, -0.9577164262227504400, -1.172864355864533500E-016 ) ) ;
#984 = EDGE_CURVE ( 'NONE', #2874, #232, #2725, .T. ) ;
#985 = VECTOR ( 'NONE', #3193, 1000.000000000000000 ) ;
#986 = ADVANCED_FACE ( 'NONE', ( #111 ), #3249, .T. ) ;
#987 = CARTESIAN_POINT ( 'NONE',  ( 1.931250000000000400, 0.9577164262227504400, -0.5529378364870312100 ) ) ;
#988 = CARTESIAN_POINT ( 'NONE',  ( 3.393749999999998900, -0.6249999999999996700, -1.082531754730548400 ) ) ;
#989 = CARTESIAN_POINT ( 'NONE',  ( -3.693749999999999200, 0.4788582131113734400, 0.8294067547305438200 ) ) ;
#990 = VERTEX_POINT ( 'NONE', #2707 ) ;
#991 = EDGE_CURVE ( 'NONE', #757, #168, #535, .T. ) ;
#992 = CARTESIAN_POINT ( 'NONE',  ( 1.840040000000000800, -0.2069944435876043300, -0.9350797042930272300 ) ) ;
#993 = CARTESIAN_POINT ( 'NONE',  ( 3.768749999999998500, -1.250000000000000000, -1.530808498934191600E-016 ) ) ;
#994 = CARTESIAN_POINT ( 'NONE',  ( -3.562500000000000400, 1.250000000000000000, 0.7216878364870319400 ) ) ;
#995 = CARTESIAN_POINT ( 'NONE',  ( 1.425000000000000000, -0.4788582131113750000, -0.8294067547305470400 ) ) ;
#996 = CARTESIAN_POINT ( 'NONE',  ( 4.904783573777243600, -0.7757375938702711900, 0.5616510825354467100 ) ) ;
#997 = CARTESIAN_POINT ( 'NONE',  ( 3.243749999999999900, 0.4788582131113753300, -0.8294067547305469200 ) ) ;
#998 = EDGE_LOOP ( 'NONE', ( #23, #2746, #2007, #490 ) ) ;
#999 = CARTESIAN_POINT ( 'NONE',  ( -3.899999999999999000, 0.4788582131113725500, -0.8294067547305440400 ) ) ;
#1000 = APPROVAL_ROLE ( '' ) ;
#1001 = CARTESIAN_POINT ( 'NONE',  ( -4.181249999999998600, 0.9577164262227466600, 0.5529378364870291000 ) ) ;
#1002 = VERTEX_POINT ( 'NONE', #891 ) ;
#1003 = CARTESIAN_POINT ( 'NONE',  ( 4.875000000000000000, 0.6250000000000001100, -1.082531754730548400 ) ) ;
#1004 = ADVANCED_FACE ( 'NONE', ( #1015 ), #2867, .F. ) ;
#1005 = ORIENTED_EDGE ( 'NONE', *, *, #2819, .F. ) ;
#1006 = CARTESIAN_POINT ( 'NONE',  ( -3.712499999999999000, 6.771535515813026700E-017, 1.105875672974058000 ) ) ;
#1007 = CARTESIAN_POINT ( 'NONE',  ( 1.556249999999999000, -1.250000000000000000, -0.7216878364870325000 ) ) ;
#1008 = CARTESIAN_POINT ( 'NONE',  ( -4.500000000000000000, 1.249999999999999800, 0.0000000000000000000 ) ) ;
#1009 = CARTESIAN_POINT ( 'NONE',  ( 4.950000000000000200, 1.117490204221959900E-016, -0.9125000000000000900 ) ) ;
#1010 = CARTESIAN_POINT ( 'NONE',  ( -4.749038105676659100, 1.299038105676659800, -2.249999999999999600 ) ) ;
#1011 = CARTESIAN_POINT ( 'NONE',  ( 2.156250000000000000, -0.9577164262227506600, 0.5529378364870309900 ) ) ;
#1012 = CARTESIAN_POINT ( 'NONE',  ( -2.456250000000001200, -1.250000000000000000, 0.7216878364870325000 ) ) ;
#1013 = CARTESIAN_POINT ( 'NONE',  ( -3.431249999999999500, -2.031460654743908500E-016, -1.105875672974058200 ) ) ;
#1014 = EDGE_CURVE ( 'NONE', #1514, #1270, #1305, .T. ) ;
#1015 = FACE_OUTER_BOUND ( 'NONE', #1512, .T. ) ;
#1016 = CARTESIAN_POINT ( 'NONE',  ( -4.861112545118563100, -0.8716891052088371300, 2.249999999999999600 ) ) ;
#1017 = AXIS2_PLACEMENT_3D ( 'NONE', #230, #3396, #979 ) ;
#1018 = EDGE_LOOP ( 'NONE', ( #2534, #3868, #1064, #3195 ) ) ;
#1019 = CARTESIAN_POINT ( 'NONE',  ( 2.493749999999999000, -0.6249999999999996700, -1.082531754730548400 ) ) ;
#1020 = CARTESIAN_POINT ( 'NONE',  ( 1.050000000000000500, 0.0000000000000000000, 0.0000000000000000000 ) ) ;
#1021 = DIRECTION ( 'NONE',  ( 0.0000000000000000000, 0.0000000000000000000, 1.000000000000000000 ) ) ;
#1022 = VERTEX_POINT ( 'NONE', #1878 ) ;
#1023 =( BOUNDED_SURFACE ( )  B_SPLINE_SURFACE ( 1, 2, ( 
 ( #2267, #202, #2651, #491, #3828, #768, #2635, #2293, #1982, #795, #2016, #2617, #1669, #3182, #2893, #783, #3855, #2280, #2916, #3493, #2335, #3196, #1956, #753, #1065, #1653, #3803, #1360, #156, #3814, #3210, #1375, #3522, #1683, #3288, #1443, #239, #2374, #545, #839, #2060, #522, #2981, #2690, #826, #1144, #1431, #3590, #1128, #1748, #850, #3578, #3902, #1158, #1119, #2032, #3250, #3262, #1737, #1417, #2046, #3889, #229, #2362, #3566, #1723, #2678, #217, #3872, #2350, #2666, #2959, #536, #2971, #3275, #471, #2873, #3192, #2590, #1357, #124, #3217, #1049, #3206, #2600, #3502, #1037, #458, #724, #3809, #1331, #2862, #1678, #747, #3168, #2247, #3180, #2889, #1661, #2298, #1058, #1647, #2275, #3824, #1976, #737, #2288, #3475, #1964, #2613, #428, #1383, #163, #761, #2899, #415, #2260 ),
 ( #2564, #778, #1074, #180, #1636, #3786, #1086, #3530, #2912, #1693, #1370, #3519, #1346, #1926, #3488, #1937, #135, #2577, #3801, #1949, #151, #443, #2826, #3452, #1537, #2184, #638, #949, #3685, #2476, #33, #3370, #981, #328, #2816, #59, #693, #3106, #3063, #1272, #2531, #3724, #993, #1285, #3122, #2804, #680, #1243, #2213, #3425, #3699, #3412, #651, #1879, #2172, #75, #1591, #2792, #2520, #366, #2197, #2782, #3736, #1853, #342, #1890, #965, #2489, #3091, #1259, #86, #1577, #3399, #1839, #1233, #379, #939, #2159, #1563, #3078, #3709, #3385, #47, #354, #1870, #2506, #1548, #666, #1919, #140, #3481, #129, #1902, #1337, #1601, #730, #2224, #3754, #2582, #1626, #100, #1007, #116, #3469, #2252, #3183, #3778, #2558, #3159, #741, #2880, #1616, #3173, #395, #2865, #1352, #1315 ) ),
 .UNSPECIFIED., .F., .F., .F. ) 
 B_SPLINE_SURFACE_WITH_KNOTS ( ( 2, 2 ),
 ( 3, 2, 2, 2, 2, 2, 2, 2, 2, 2, 2, 2, 2, 2, 2, 2, 2, 2, 2, 2, 2, 2, 2, 2, 2, 2, 2, 2, 2, 2, 2, 2, 2, 2, 2, 2, 2, 2, 2, 2, 2, 2, 2, 2, 2, 2, 2, 2, 2, 2, 2, 2, 2, 2, 2, 2, 2, 2, 3 ),
 ( 0.0000000000000000000, 1.000000000000000000 ),
 ( 0.0000000000000000000, 0.01666666666666666600, 0.03333333333333333300, 0.05000000000000000300, 0.06666666666666666600, 0.08333333333333332900, 0.1000000000000000100, 0.1166666666666666700, 0.1333333333333333300, 0.1499999999999999900, 0.1666666666666666600, 0.1833333333333333200, 0.2000000000000000100, 0.2166666666666666700, 0.2333333333333333400, 0.2500000000000000000, 0.2666666666666666600, 0.2833333333333333300, 0.2999999999999999900, 0.3166666666666666500, 0.3333333333333333100, 0.3499999999999999800, 0.3666666666666666400, 0.3833333333333333600, 0.4000000000000000200, 0.4166666666666666900, 0.4333333333333333500, 0.4500000000000000100, 0.4666666666666666700, 0.4833333333333333400, 0.5000000000000000000, 0.5166666666666667200, 0.5333333333333333300, 0.5500000000000000400, 0.5666666666666666500, 0.5833333333333333700, 0.5999999999999999800, 0.6166666666666667000, 0.6333333333333333000, 0.6500000000000000200, 0.6666666666666666300, 0.6833333333333333500, 0.6999999999999999600, 0.7166666666666666700, 0.7333333333333332800, 0.7500000000000000000, 0.7666666666666667200, 0.7833333333333333300, 0.8000000000000000400, 0.8166666666666666500, 0.8333333333333333700, 0.8499999999999999800, 0.8666666666666667000, 0.8833333333333333000, 0.9000000000000000200, 0.9166666666666666300, 0.9333333333333333500, 0.9499999999999999600, 0.9666666666666666700 ),
 .UNSPECIFIED. ) 
 GEOMETRIC_REPRESENTATION_ITEM ( )  RATIONAL_B_SPLINE_SURFACE ( (
 ( 1.000000000000000000, 0.8660254037844387100, 1.000000000000000000, 0.8660254037844387100, 1.000000000000000000, 0.8660254037844387100, 1.000000000000000000, 0.8660254037844387100, 1.000000000000000000, 0.8660254037844387100, 1.000000000000000000, 0.8660254037844387100, 1.000000000000000000, 0.8660254037844387100, 1.000000000000000000, 0.8660254037844387100, 1.000000000000000000, 0.8660254037844387100, 1.000000000000000000, 0.8660254037844387100, 1.000000000000000000, 0.8660254037844387100, 1.000000000000000000, 0.8660254037844387100, 1.000000000000000000, 0.8660254037844387100, 1.000000000000000000, 0.8660254037844387100, 1.000000000000000000, 0.8660254037844387100, 1.000000000000000000, 0.8660254037844387100, 1.000000000000000000, 0.8660254037844387100, 1.000000000000000000, 0.8660254037844387100, 1.000000000000000000, 0.8660254037844387100, 1.000000000000000000, 0.8660254037844387100, 1.000000000000000000, 0.8660254037844387100, 1.000000000000000000, 0.8660254037844387100, 1.000000000000000000, 0.8660254037844387100, 1.000000000000000000, 0.8660254037844387100, 1.000000000000000000, 0.8660254037844387100, 1.000000000000000000, 0.8660254037844387100, 1.000000000000000000, 0.8660254037844387100, 1.000000000000000000, 0.8660254037844387100, 1.000000000000000000, 0.8660254037844387100, 1.000000000000000000, 0.8660254037844387100, 1.000000000000000000, 0.8660254037844387100, 1.000000000000000000, 0.8660254037844387100, 1.000000000000000000, 0.8660254037844387100, 1.000000000000000000, 0.8660254037844387100, 1.000000000000000000, 0.8660254037844387100, 1.000000000000000000, 0.8660254037844387100, 1.000000000000000000, 0.8660254037844387100, 1.000000000000000000, 0.8660254037844387100, 1.000000000000000000, 0.8660254037844387100, 1.000000000000000000, 0.8660254037844387100, 1.000000000000000000, 0.8660254037844387100, 1.000000000000000000, 0.8660254037844387100, 1.000000000000000000, 0.8660254037844387100, 1.000000000000000000, 0.8660254037844387100, 1.000000000000000000, 0.8660254037844387100, 1.000000000000000000, 0.8660254037844387100, 1.000000000000000000, 0.8660254037844387100, 1.000000000000000000, 0.8660254037844387100, 1.000000000000000000, 0.8660254037844387100, 1.000000000000000000, 0.8660254037844387100, 1.000000000000000000, 0.8660254037844387100, 1.000000000000000000, 0.8660254037844387100, 1.000000000000000000, 0.8660254037844387100, 1.000000000000000000, 0.8660254037844387100, 1.000000000000000000, 0.8660254037844387100, 1.000000000000000000, 0.8660254037844387100, 1.000000000000000000, 0.8660254037844387100, 1.000000000000000000, 0.8660254037844387100, 1.000000000000000000),
 ( 1.000000000000000000, 0.8660254037844387100, 1.000000000000000000, 0.8660254037844387100, 1.000000000000000000, 0.8660254037844387100, 1.000000000000000000, 0.8660254037844387100, 1.000000000000000000, 0.8660254037844387100, 1.000000000000000000, 0.8660254037844387100, 1.000000000000000000, 0.8660254037844387100, 1.000000000000000000, 0.8660254037844387100, 1.000000000000000000, 0.8660254037844387100, 1.000000000000000000, 0.8660254037844387100, 1.000000000000000000, 0.8660254037844387100, 1.000000000000000000, 0.8660254037844387100, 1.000000000000000000, 0.8660254037844387100, 1.000000000000000000, 0.8660254037844387100, 1.000000000000000000, 0.8660254037844387100, 1.000000000000000000, 0.8660254037844387100, 1.000000000000000000, 0.8660254037844387100, 1.000000000000000000, 0.8660254037844387100, 1.000000000000000000, 0.8660254037844387100, 1.000000000000000000, 0.8660254037844387100, 1.000000000000000000, 0.8660254037844387100, 1.000000000000000000, 0.8660254037844387100, 1.000000000000000000, 0.8660254037844387100, 1.000000000000000000, 0.8660254037844387100, 1.000000000000000000, 0.8660254037844387100, 1.000000000000000000, 0.8660254037844387100, 1.000000000000000000, 0.8660254037844387100, 1.000000000000000000, 0.8660254037844387100, 1.000000000000000000, 0.8660254037844387100, 1.000000000000000000, 0.8660254037844387100, 1.000000000000000000, 0.8660254037844387100, 1.000000000000000000, 0.8660254037844387100, 1.000000000000000000, 0.8660254037844387100, 1.000000000000000000, 0.8660254037844387100, 1.000000000000000000, 0.8660254037844387100, 1.000000000000000000, 0.8660254037844387100, 1.000000000000000000, 0.8660254037844387100, 1.000000000000000000, 0.8660254037844387100, 1.000000000000000000, 0.8660254037844387100, 1.000000000000000000, 0.8660254037844387100, 1.000000000000000000, 0.8660254037844387100, 1.000000000000000000, 0.8660254037844387100, 1.000000000000000000, 0.8660254037844387100, 1.000000000000000000, 0.8660254037844387100, 1.000000000000000000, 0.8660254037844387100, 1.000000000000000000, 0.8660254037844387100, 1.000000000000000000, 0.8660254037844387100, 1.000000000000000000, 0.8660254037844387100, 1.000000000000000000, 0.8660254037844387100, 1.000000000000000000, 0.8660254037844387100, 1.000000000000000000, 0.8660254037844387100, 1.000000000000000000, 0.8660254037844387100, 1.000000000000000000, 0.8660254037844387100, 1.000000000000000000, 0.8660254037844387100, 1.000000000000000000, 0.8660254037844387100, 1.000000000000000000, 0.8660254037844387100, 1.000000000000000000, 0.8660254037844387100, 1.000000000000000000, 0.8660254037844387100, 1.000000000000000000) ) ) 
 REPRESENTATION_ITEM ( '' )  SURFACE ( )  );
#1024 = ADVANCED_FACE ( 'NONE', ( #2053 ), #429, .T. ) ;
#1025 = CARTESIAN_POINT ( 'NONE',  ( 3.018750000000000300, -0.4788582131113756100, 0.8294067547305467000 ) ) ;
#1026 = CARTESIAN_POINT ( 'NONE',  ( -4.199999999999999300, 0.4788582131113733300, 0.8294067547305435900 ) ) ;
#1027 = ORIENTED_EDGE ( 'NONE', *, *, #2688, .T. ) ;
#1028 = CARTESIAN_POINT ( 'NONE',  ( -2.624999999999999100, -0.4788582131113736700, -0.8294067547305433700 ) ) ;
#1029 = FACE_OUTER_BOUND ( 'NONE', #3600, .T. ) ;
#1030 = CARTESIAN_POINT ( 'NONE',  ( 3.262500000000000600, -4.938688641342514700E-016, 1.250000000000000000 ) ) ;
#1031 = FACE_BOUND ( 'NONE', #280, .T. ) ;
#1032 = DIRECTION ( 'NONE',  ( 1.000000000000000000, 0.0000000000000000000, -0.0000000000000000000 ) ) ;
#1033 = AXIS2_PLACEMENT_3D ( 'NONE', #1126, #517, #213 ) ;
#1034 = CARTESIAN_POINT ( 'NONE',  ( 3.468750000000000400, -0.4788582131113756100, 0.8294067547305467000 ) ) ;
#1035 = CARTESIAN_POINT ( 'NONE',  ( -4.462499999999999500, -0.9577164262227466600, -0.5529378364870287700 ) ) ;
#1036 = CARTESIAN_POINT ( 'NONE',  ( -3.918749999999999300, -0.4788582131113737800, -0.8294067547305435900 ) ) ;
#1037 = CARTESIAN_POINT ( 'NONE',  ( 1.950000000000000400, 0.4788582131113753300, -0.8294067547305469200 ) ) ;
#1038 = CARTESIAN_POINT ( 'NONE',  ( 1.050000000000000300, 0.0000000000000000000, 0.0000000000000000000 ) ) ;
#1039 = EDGE_CURVE ( 'NONE', #947, #2904, #617, .T. ) ;
#1040 = CARTESIAN_POINT ( 'NONE',  ( -4.237499999999998900, 0.9577164262227465500, 0.5529378364870288800 ) ) ;
#1041 = CARTESIAN_POINT ( 'NONE',  ( 2.306249999999998600, 3.921899803419055800E-015, 1.250000000000000000 ) ) ;
#1042 = CARTESIAN_POINT ( 'NONE',  ( -4.874999999999999100, 0.6250000000000000000, 1.082531754730548200 ) ) ;
#1043 = DIRECTION ( 'NONE',  ( 1.000000000000000000, 0.0000000000000000000, 0.0000000000000000000 ) ) ;
#1044 = ORIENTED_EDGE ( 'NONE', *, *, #2265, .F. ) ;
#1045 = CARTESIAN_POINT ( 'NONE',  ( -4.950000000000000200, 0.0000000000000000000, 0.0000000000000000000 ) ) ;
#1046 = EDGE_LOOP ( 'NONE', ( #2503, #631 ) ) ;
#1047 = CARTESIAN_POINT ( 'NONE',  ( -2.943750000000001400, -0.6249999999999996700, 1.082531754730548400 ) ) ;
#1048 = CARTESIAN_POINT ( 'NONE',  ( -2.456249999999999400, 0.9577164262227464400, -0.5529378364870296500 ) ) ;
#1049 = CARTESIAN_POINT ( 'NONE',  ( 2.100000000000000100, 0.4788582131113745000, 0.8294067547305473700 ) ) ;
#1050 = CARTESIAN_POINT ( 'NONE',  ( 4.218750000000000000, 0.9577164262227504400, 0.0000000000000000000 ) ) ;
#1051 = ORIENTED_EDGE ( 'NONE', *, *, #3599, .F. ) ;
#1052 = EDGE_CURVE ( 'NONE', #2716, #2254, #819, .T. ) ;
#1053 = CARTESIAN_POINT ( 'NONE',  ( -4.049999999999998900, -0.9577164262227465500, 1.172864355864528600E-016 ) ) ;
#1054 = DIRECTION ( 'NONE',  ( -0.0000000000000000000, 0.0000000000000000000, -1.000000000000000000 ) ) ;
#1055 = DIRECTION ( 'NONE',  ( 0.0000000000000000000, 0.0000000000000000000, -1.000000000000000000 ) ) ;
#1056 = CARTESIAN_POINT ( 'NONE',  ( -3.037501979251957100, 3.398680230415907200E-005, 1.249999999537958700 ) ) ;
#1057 = CARTESIAN_POINT ( 'NONE',  ( -4.687500000000000000, -1.250000000000000000, -0.7216878364870316100 ) ) ;
#1058 = CARTESIAN_POINT ( 'NONE',  ( 1.425000000000000000, -0.4788582131113750000, -0.8294067547305470400 ) ) ;
#1059 = EDGE_CURVE ( 'NONE', #3000, #833, #3932, .T. ) ;
#1060 = VERTEX_POINT ( 'NONE', #665 ) ;
#1061 = CARTESIAN_POINT ( 'NONE',  ( -4.930556613359310200, 0.4426578913696294100, -2.249999999999999600 ) ) ;
#1062 = CARTESIAN_POINT ( 'NONE',  ( 4.368750000000000400, -0.4788582131113756100, 0.8294067547305467000 ) ) ;
#1063 = AXIS2_PLACEMENT_3D ( 'NONE', #3746, #387, #2548 ) ;
#1064 = ORIENTED_EDGE ( 'NONE', *, *, #3492, .T. ) ;
#1065 = CARTESIAN_POINT ( 'NONE',  ( 4.275000000000000400, 0.9577164262227504400, 0.0000000000000000000 ) ) ;
#1066 = CARTESIAN_POINT ( 'NONE',  ( 4.162500000000000500, -4.938688641342514700E-016, 1.250000000000000000 ) ) ;
#1067 = DIRECTION ( 'NONE',  ( 1.000000000000000000, 0.0000000000000000000, 0.0000000000000000000 ) ) ;
#1068 = CARTESIAN_POINT ( 'NONE',  ( -3.467403069322013900, -0.3349488446331072000, 1.249992867360386000 ) ) ;
#1069 = LINE ( 'NONE', #3544, #1444 ) ;
#1070 = APPROVAL_PERSON_ORGANIZATION ( #3842, #3494, #1000 ) ;
#1071 = CARTESIAN_POINT ( 'NONE',  ( -2.247163508590341000, -0.9577164262227464400, -0.04182409128721664000 ) ) ;
#1072 = CONICAL_SURFACE ( 'NONE', #3595, 0.9551764262227504500, 0.7853981633974510500 ) ;
#1073 = CARTESIAN_POINT ( 'NONE',  ( -2.718749999999999600, -0.4788582131113731700, 0.8294067547305438200 ) ) ;
#1074 = CARTESIAN_POINT ( 'NONE',  ( 5.268749999999998000, 0.6250000000000001100, -1.082531754730548400 ) ) ;
#1075 = CARTESIAN_POINT ( 'NONE',  ( 4.031250000000000000, -0.9577164262227502200, -0.5529378364870316500 ) ) ;
#1076 = ADVANCED_FACE ( 'NONE', ( #1151 ), #1850, .T. ) ;
#1077 = CARTESIAN_POINT ( 'NONE',  ( -2.244194592936298500, -0.9540698439763482000, -0.08349542400452598900 ) ) ;
#1078 = DIRECTION ( 'NONE',  ( 0.0000000000000000000, -0.8660254037844386000, -0.5000000000000001100 ) ) ;
#1079 = CARTESIAN_POINT ( 'NONE',  ( 4.950000000000000200, 0.0000000000000000000, 0.0000000000000000000 ) ) ;
#1080 = CARTESIAN_POINT ( 'NONE',  ( -3.131250000000001900, 1.249999999999999600, -0.7216878364870329400 ) ) ;
#1081 = AXIS2_PLACEMENT_3D ( 'NONE', #2261, #1649, #189 ) ;
#1082 = CARTESIAN_POINT ( 'NONE',  ( -2.887500000000000200, -1.250000000000000000, -0.7216878364870316100 ) ) ;
#1083 = CARTESIAN_POINT ( 'NONE',  ( -2.812499999999999600, 6.771535515813026700E-017, 1.105875672974058200 ) ) ;
#1084 = CARTESIAN_POINT ( 'NONE',  ( -3.600000000000000100, 1.249999999999999800, 0.0000000000000000000 ) ) ;
#1085 = CARTESIAN_POINT ( 'NONE',  ( 4.799883691761908500, -0.9515387853642534000, 0.4795861824694340200 ) ) ;
#1086 = CARTESIAN_POINT ( 'NONE',  ( 5.118749999999998600, -1.250000000000000000, -1.530808498934191600E-016 ) ) ;
#1087 = EDGE_LOOP ( 'NONE', ( #2339, #2702, #1572, #538, #1752 ) ) ;
#1088 = CARTESIAN_POINT ( 'NONE',  ( 2.062500000000000000, 0.9577164262227502200, 0.5529378364870318800 ) ) ;
#1089 =( BOUNDED_CURVE ( )  B_SPLINE_CURVE ( 2, ( #2627, #440, #1097, #2642, #805, #2940, #1991, #3849, #1691 ),
 .UNSPECIFIED., .F., .F. ) 
 B_SPLINE_CURVE_WITH_KNOTS ( ( 3, 2, 2, 2, 3 ),
 ( 0.4750000000000000300, 0.4833333333333333400, 0.5000000000000000000, 0.5166666666666667200, 0.5250000000000000200 ),
 .UNSPECIFIED. ) 
 CURVE ( )  GEOMETRIC_REPRESENTATION_ITEM ( )  RATIONAL_B_SPLINE_CURVE ( ( 0.9330127018922194100, 0.9330127018922196300, 1.000000000000000000, 0.8660254037844387100, 1.000000000000000000, 0.8660254037844387100, 1.000000000000000000, 0.9330127018922194100, 0.9330127018922194100 ) ) 
 REPRESENTATION_ITEM ( '' )  );
#1090 = EDGE_LOOP ( 'NONE', ( #138, #955, #1575, #1658, #1651 ) ) ;
#1091 = CARTESIAN_POINT ( 'NONE',  ( -2.662499999999999200, -0.9577164262227465500, -0.5529378364870287700 ) ) ;
#1092 = CARTESIAN_POINT ( 'NONE',  ( 2.437500000000000400, -1.250000000000000200, 0.7216878364870317200 ) ) ;
#1093 = CARTESIAN_POINT ( 'NONE',  ( -2.170981684521798200, -1.245240524589711800, -0.1089772266096873100 ) ) ;
#1094 = CARTESIAN_POINT ( 'NONE',  ( -3.412500000000000100, -1.249999999999999600, 0.7216878364870325000 ) ) ;
#1095 = ORIENTED_EDGE ( 'NONE', *, *, #1968, .T. ) ;
#1096 = CARTESIAN_POINT ( 'NONE',  ( -3.187499999999999600, -0.9577164262227463300, 0.5529378364870293200 ) ) ;
#1097 = CARTESIAN_POINT ( 'NONE',  ( 3.168749999999998800, 0.6249999999999991100, 1.082531754730548900 ) ) ;
#1098 = CARTESIAN_POINT ( 'NONE',  ( -2.868749999999999500, 0.9577164262227466600, 0.0000000000000000000 ) ) ;
#1099 = CARTESIAN_POINT ( 'NONE',  ( 3.675000000000000300, 0.6249999999999991100, 1.082531754730548900 ) ) ;
#1100 = CARTESIAN_POINT ( 'NONE',  ( -4.860744989968448100, 2.385217236779676700, -0.3686825588085547700 ) ) ;
#1101 = CARTESIAN_POINT ( 'NONE',  ( -4.893750000000001600, 1.250000000000000000, 0.0000000000000000000 ) ) ;
#1102 = VECTOR ( 'NONE', #233, 1000.000000000000000 ) ;
#1103 = AXIS2_PLACEMENT_3D ( 'NONE', #3233, #3029, #3315 ) ;
#1104 = CARTESIAN_POINT ( 'NONE',  ( -3.074999999999999300, -0.4788582131113736700, -0.8294067547305433700 ) ) ;
#1105 = DIRECTION ( 'NONE',  ( 0.0000000000000000000, 0.0000000000000000000, 1.000000000000000000 ) ) ;
#1106 = DIRECTION ( 'NONE',  ( 0.0000000000000000000, 0.0000000000000000000, 1.000000000000000000 ) ) ;
#1107 = CARTESIAN_POINT ( 'NONE',  ( 1.050000000000000300, -1.948557158514986800, -1.125000000000000000 ) ) ;
#1108 = CARTESIAN_POINT ( 'NONE',  ( -4.930756665990569900, -1.728209346468586100, -1.506653605801001600 ) ) ;
#1109 = ORIENTED_EDGE ( 'NONE', *, *, #1166, .T. ) ;
#1110 = CARTESIAN_POINT ( 'NONE',  ( 1.050000000000000300, 0.0000000000000000000, 0.9551764262227504500 ) ) ;
#1111 = ORIENTED_EDGE ( 'NONE', *, *, #2877, .F. ) ;
#1112 = CARTESIAN_POINT ( 'NONE',  ( 1.106250000000000400, 0.9577164262227499900, 0.5529378364870317600 ) ) ;
#1113 = CARTESIAN_POINT ( 'NONE',  ( 2.662500000000000500, 1.250000000000000000, -0.7216878364870320500 ) ) ;
#1114 = CARTESIAN_POINT ( 'NONE',  ( -2.549999999999999800, -0.6249999999999995600, 1.082531754730548400 ) ) ;
#1115 = EDGE_CURVE ( 'NONE', #669, #2254, #2803, .T. ) ;
#1116 = FACE_OUTER_BOUND ( 'NONE', #3831, .T. ) ;
#1117 = CARTESIAN_POINT ( 'NONE',  ( 2.868750000000000400, 0.9577164262227504400, 0.0000000000000000000 ) ) ;
#1118 = ORIENTED_EDGE ( 'NONE', *, *, #2442, .F. ) ;
#1119 = CARTESIAN_POINT ( 'NONE',  ( 3.149999999999999900, -0.9577164262227504400, -1.172864355864533500E-016 ) ) ;
#1120 = VECTOR ( 'NONE', #1198, 1000.000000000000000 ) ;
#1121 = CARTESIAN_POINT ( 'NONE',  ( 2.418750000000000200, 0.9577164262227504400, 0.0000000000000000000 ) ) ;
#1122 = CARTESIAN_POINT ( 'NONE',  ( 2.110963936840223500, -0.6753402573851835500, -1.070178961251307500 ) ) ;
#1123 = DIRECTION ( 'NONE',  ( -1.000000000000000000, -0.0000000000000000000, -0.0000000000000000000 ) ) ;
#1124 = CARTESIAN_POINT ( 'NONE',  ( 2.493750000000000400, 0.4788582131113745000, 0.8294067547305473700 ) ) ;
#1125 = CARTESIAN_POINT ( 'NONE',  ( 2.100000000000000500, -0.6249999999999996700, -1.082531754730548400 ) ) ;
#1126 = CARTESIAN_POINT ( 'NONE',  ( -2.049999999999998900, 0.0000000000000000000, 0.0000000000000000000 ) ) ;
#1127 = EDGE_CURVE ( 'NONE', #216, #3042, #3489, .T. ) ;
#1128 = CARTESIAN_POINT ( 'NONE',  ( 3.375000000000000000, 0.9577164262227504400, 0.0000000000000000000 ) ) ;
#1129 = CARTESIAN_POINT ( 'NONE',  ( 2.493750000000000400, 0.4788582131113745000, 0.8294067547305473700 ) ) ;
#1130 = DIRECTION ( 'NONE',  ( -1.000000000000000000, -0.0000000000000000000, -0.0000000000000000000 ) ) ;
#1131 = CARTESIAN_POINT ( 'NONE',  ( -2.291963369043598300, -1.245240524589711800, -0.1089772266096873100 ) ) ;
#1132 = CARTESIAN_POINT ( 'NONE',  ( 4.742277838308196700, 0.5376849756892334600, -0.9928269691239354200 ) ) ;
#1133 = AXIS2_PLACEMENT_3D ( 'NONE', #2331, #2774, #2626 ) ;
#1134 = CARTESIAN_POINT ( 'NONE',  ( 3.149999999999999900, -0.9577164262227504400, -1.172864355864533500E-016 ) ) ;
#1135 = ORIENTED_EDGE ( 'NONE', *, *, #991, .T. ) ;
#1136 = CARTESIAN_POINT ( 'NONE',  ( -2.287499999999999600, 1.249999999999999300, -0.7216878364870328300 ) ) ;
#1137 = EDGE_CURVE ( 'NONE', #2151, #1226, #2779, .T. ) ;
#1138 = VERTEX_POINT ( 'NONE', #2540 ) ;
#1139 = CARTESIAN_POINT ( 'NONE',  ( -4.950000000000000200, -1.948557158514987700, 1.124999999999998900 ) ) ;
#1140 = CARTESIAN_POINT ( 'NONE',  ( -4.931249999999998600, -0.9577164262227465500, 0.5529378364870294300 ) ) ;
#1141 = CARTESIAN_POINT ( 'NONE',  ( 2.718750000000000400, -0.4788582131113750000, -0.8294067547305470400 ) ) ;
#1142 =( BOUNDED_CURVE ( )  B_SPLINE_CURVE ( 2, ( #1929, #3495, #2844, #421, #3763, #2569, #2239, #405, #715 ),
 .UNSPECIFIED., .F., .F. ) 
 B_SPLINE_CURVE_WITH_KNOTS ( ( 3, 2, 2, 2, 3 ),
 ( 0.1749999999999999900, 0.1833333333333333200, 0.2000000000000000100, 0.2166666666666666700, 0.2250000000000000100 ),
 .UNSPECIFIED. ) 
 CURVE ( )  GEOMETRIC_REPRESENTATION_ITEM ( )  RATIONAL_B_SPLINE_CURVE ( ( 0.9330127018922194100, 0.9330127018922194100, 1.000000000000000000, 0.8660254037844387100, 1.000000000000000000, 0.8660254037844387100, 1.000000000000000000, 0.9330127018922194100, 0.9330127018922194100 ) ) 
 REPRESENTATION_ITEM ( '' )  );
#1143 = ORIENTED_EDGE ( 'NONE', *, *, #2114, .T. ) ;
#1144 = CARTESIAN_POINT ( 'NONE',  ( 3.487499999999999800, -2.031460654743916600E-016, 1.105875672974062600 ) ) ;
#1145 = ORIENTED_EDGE ( 'NONE', *, *, #3181, .T. ) ;
#1146 = CARTESIAN_POINT ( 'NONE',  ( 2.343750000000000400, 0.4788582131113753300, -0.8294067547305469200 ) ) ;
#1147 = DIRECTION ( 'NONE',  ( 1.000000000000000000, 0.0000000000000000000, 0.0000000000000000000 ) ) ;
#1148 = CARTESIAN_POINT ( 'NONE',  ( 4.387500000000000200, 1.743066579297358300E-016, -1.250000000000000000 ) ) ;
#1149 = CARTESIAN_POINT ( 'NONE',  ( 3.449999999999999700, 0.4788582131113745000, 0.8294067547305473700 ) ) ;
#1150 = CARTESIAN_POINT ( 'NONE',  ( 2.005849932539281300, -0.3038401461461337500, 1.092111535963868000 ) ) ;
#1151 = FACE_OUTER_BOUND ( 'NONE', #2863, .T. ) ;
#1152 = DIRECTION ( 'NONE',  ( 0.0000000000000000000, 0.0000000000000000000, -1.000000000000000000 ) ) ;
#1153 = CARTESIAN_POINT ( 'NONE',  ( 0.8490381056766599400, -1.299038105676656500, -2.249999999999999600 ) ) ;
#1154 = CARTESIAN_POINT ( 'NONE',  ( 2.456249999999999800, 0.9577164262227499900, 0.5529378364870317600 ) ) ;
#1155 = FACE_OUTER_BOUND ( 'NONE', #3423, .T. ) ;
#1156 = CARTESIAN_POINT ( 'NONE',  ( 2.132323573777248800, 0.0000000000000000000, 0.0000000000000000000 ) ) ;
#1157 = ORIENTED_EDGE ( 'NONE', *, *, #2475, .F. ) ;
#1158 = CARTESIAN_POINT ( 'NONE',  ( 3.187500000000000000, -0.9577164262227502200, -0.5529378364870316500 ) ) ;
#1159 = CARTESIAN_POINT ( 'NONE',  ( -4.950000000000000200, 1.948557158514986300, 1.125000000000000400 ) ) ;
#1160 = ORIENTED_EDGE ( 'NONE', *, *, #2210, .T. ) ;
#1161 = DIRECTION ( 'NONE',  ( -0.7071067811865487900, 0.0000000000000000000, 0.7071067811865463500 ) ) ;
#1162 = DIRECTION ( 'NONE',  ( 1.000000000000000000, 0.0000000000000000000, -0.0000000000000000000 ) ) ;
#1163 = CARTESIAN_POINT ( 'NONE',  ( -4.593750000000001800, -0.6250000000000005600, -1.082531754730548200 ) ) ;
#1164 = VECTOR ( 'NONE', #3295, 1000.000000000000000 ) ;
#1165 = CARTESIAN_POINT ( 'NONE',  ( 2.343750000000000400, 0.4788582131113753300, -0.8294067547305469200 ) ) ;
#1166 = EDGE_CURVE ( 'NONE', #3964, #2808, #960, .T. ) ;
#1167 = CARTESIAN_POINT ( 'NONE',  ( 1.050000000000000300, 0.0000000000000000000, 0.0000000000000000000 ) ) ;
#1168 = CARTESIAN_POINT ( 'NONE',  ( -4.106250000000001100, -4.938688641342514700E-016, -1.250000000000000000 ) ) ;
#1169 = CARTESIAN_POINT ( 'NONE',  ( -2.736153810567667500, 0.3349364905389042900, -1.249999999999999600 ) ) ;
#1170 = CARTESIAN_POINT ( 'NONE',  ( 3.468750000000000400, -0.4788582131113756100, 0.8294067547305467000 ) ) ;
#1171 = CARTESIAN_POINT ( 'NONE',  ( 4.575000000000000200, -0.4788582131113750000, -0.8294067547305470400 ) ) ;
#1172 = EDGE_CURVE ( 'NONE', #3862, #1859, #1954, .T. ) ;
#1173 = CARTESIAN_POINT ( 'NONE',  ( 4.125000000000000000, 0.6249999999999991100, 1.082531754730548900 ) ) ;
#1174 = CARTESIAN_POINT ( 'NONE',  ( 2.175000000000000700, 0.6250000000000001100, -1.082531754730548400 ) ) ;
#1175 = CARTESIAN_POINT ( 'NONE',  ( 2.286153810567664200, 0.3349364905389047900, 1.249999999999998900 ) ) ;
#1176 = ORIENTED_EDGE ( 'NONE', *, *, #1137, .T. ) ;
#1177 = VERTEX_POINT ( 'NONE', #740 ) ;
#1178 =( BOUNDED_CURVE ( )  B_SPLINE_CURVE ( 2, ( #3617, #3005, #302, #1191, #286, #2740, #2996, #1473, #3941 ),
 .UNSPECIFIED., .F., .F. ) 
 B_SPLINE_CURVE_WITH_KNOTS ( ( 3, 2, 2, 2, 3 ),
 ( 0.3750000000000000000, 0.3833333333333333600, 0.4000000000000000200, 0.4166666666666666900, 0.4250000000000000400 ),
 .UNSPECIFIED. ) 
 CURVE ( )  GEOMETRIC_REPRESENTATION_ITEM ( )  RATIONAL_B_SPLINE_CURVE ( ( 0.9330127018922194100, 0.9330127018922194100, 1.000000000000000000, 0.8660254037844387100, 1.000000000000000000, 0.8660254037844387100, 1.000000000000000000, 0.9330127018922191900, 0.9330127018922194100 ) ) 
 REPRESENTATION_ITEM ( '' )  );
#1179 = CARTESIAN_POINT ( 'NONE',  ( 4.593750000000000000, 0.4788582131113753300, -0.8294067547305469200 ) ) ;
#1180 = CARTESIAN_POINT ( 'NONE',  ( -2.606249999999999300, -0.9577164262227470000, -0.5529378364870288800 ) ) ;
#1181 = CARTESIAN_POINT ( 'NONE',  ( 5.062500000000000000, 6.771535515813055000E-017, -1.105875672974062600 ) ) ;
#1182 = ORIENTED_EDGE ( 'NONE', *, *, #1354, .F. ) ;
#1183 = CC_DESIGN_PERSON_AND_ORGANIZATION_ASSIGNMENT ( #3747, #2245, ( #574 ) ) ;
#1184 = CARTESIAN_POINT ( 'NONE',  ( 3.000000000000000400, -0.6249999999999996700, -1.082531754730548400 ) ) ;
#1185 = CARTESIAN_POINT ( 'NONE',  ( 4.050000000000000700, 1.250000000000000000, 0.0000000000000000000 ) ) ;
#1186 = CARTESIAN_POINT ( 'NONE',  ( -4.767174778784614400, -1.001085082350523700, -0.5195294854709462400 ) ) ;
#1187 = CARTESIAN_POINT ( 'NONE',  ( -5.137499999999999300, 0.9577164262227465500, 0.5529378364870289900 ) ) ;
#1188 = CARTESIAN_POINT ( 'NONE',  ( -4.606916426222745100, 0.6291744576416378200, 0.7220528061770957700 ) ) ;
#1189 = CARTESIAN_POINT ( 'NONE',  ( -4.899200000000001300, 1.245793954082218500, -0.1024569371599207400 ) ) ;
#1190 = LINE ( 'NONE', #3832, #865 ) ;
#1191 = CARTESIAN_POINT ( 'NONE',  ( 3.581249999999998900, 1.249999999999999600, 0.7216878364870329400 ) ) ;
#1192 = CARTESIAN_POINT ( 'NONE',  ( -3.543749999999999300, -0.9577164262227466600, 1.172864355864529100E-016 ) ) ;
#1193 = ORIENTED_EDGE ( 'NONE', *, *, #848, .F. ) ;
#1194 = CARTESIAN_POINT ( 'NONE',  ( 3.937500000000000400, -2.031460654743916600E-016, 1.105875672974062600 ) ) ;
#1195 = CARTESIAN_POINT ( 'NONE',  ( 2.625000000000000400, 0.6250000000000001100, -1.082531754730548400 ) ) ;
#1196 = ORIENTED_EDGE ( 'NONE', *, *, #2231, .F. ) ;
#1197 = DIRECTION ( 'NONE',  ( 0.0000000000000000000, 0.0000000000000000000, 1.000000000000000000 ) ) ;
#1198 = DIRECTION ( 'NONE',  ( -1.000000000000000000, -0.0000000000000000000, -0.0000000000000000000 ) ) ;
#1199 = DIRECTION ( 'NONE',  ( 0.0000000000000000000, 0.0000000000000000000, 1.000000000000000000 ) ) ;
#1200 = CONICAL_SURFACE ( 'NONE', #2030, 0.9551764262227504500, 0.7853981633974510500 ) ;
#1201 = B_SPLINE_CURVE_WITH_KNOTS ( 'NONE', 3,
 ( #844, #2696, #1150, #3584, #2324, #498, #2639, #801, #3240, #207, #1423, #1122, #3572, #2052 ),
 .UNSPECIFIED., .F., .F.,
 ( 4, 2, 2, 2, 2, 2, 4 ),
 ( 0.003466405624431271500, 0.003919050460591325800, 0.004371695296751380500, 0.004824340132911435200, 0.005276984969071489900, 0.006182274641391599300, 0.007087564313711707800 ),
 .UNSPECIFIED. ) ;
#1202 = ORIENTED_EDGE ( 'NONE', *, *, #1127, .T. ) ;
#1203 = DIRECTION ( 'NONE',  ( -1.000000000000000000, 0.0000000000000000000, 0.0000000000000000000 ) ) ;
#1204 = EDGE_CURVE ( 'NONE', #3577, #345, #3514, .T. ) ;
#1205 = FACE_OUTER_BOUND ( 'NONE', #873, .T. ) ;
#1206 = CYLINDRICAL_SURFACE ( 'NONE', #1745, 1.250000000000000000 ) ;
#1207 = CARTESIAN_POINT ( 'NONE',  ( 1.050000000000000300, -1.948557158514986800, -1.125000000000000000 ) ) ;
#1208 = CARTESIAN_POINT ( 'NONE',  ( 4.031250000000000000, -0.9577164262227502200, -0.5529378364870316500 ) ) ;
#1209 = CARTESIAN_POINT ( 'NONE',  ( -2.943749999999999200, 0.4788582131113726700, -0.8294067547305441500 ) ) ;
#1210 = CARTESIAN_POINT ( 'NONE',  ( 3.825000000000000200, 0.9577164262227504400, 0.0000000000000000000 ) ) ;
#1211 = CARTESIAN_POINT ( 'NONE',  ( 1.087500000000000800, -1.250000000000000200, 0.7216878364870317200 ) ) ;
#1212 = CARTESIAN_POINT ( 'NONE',  ( 3.732596189432334300, -0.3349364905389028400, 1.250000000000000200 ) ) ;
#1213 = DIRECTION ( 'NONE',  ( 1.000000000000000000, 0.0000000000000000000, -0.0000000000000000000 ) ) ;
#1214 = CARTESIAN_POINT ( 'NONE',  ( -4.162499999999999600, 6.771535515813026700E-017, 1.105875672974058200 ) ) ;
#1215 = CARTESIAN_POINT ( 'NONE',  ( -3.581249999999999400, -0.9577164262227465500, 0.5529378364870294300 ) ) ;
#1216 = CARTESIAN_POINT ( 'NONE',  ( 3.525000000000000400, 0.6250000000000001100, -1.082531754730548400 ) ) ;
#1217 = DIRECTION ( 'NONE',  ( 0.0000000000000000000, 0.0000000000000000000, 1.000000000000000000 ) ) ;
#1218 = CARTESIAN_POINT ( 'NONE',  ( -4.818749999999999600, -0.4788582131113737800, -0.8294067547305435900 ) ) ;
#1219 = CARTESIAN_POINT ( 'NONE',  ( 4.912499999999999600, -0.9577164262227506600, 0.5529378364870309900 ) ) ;
#1220 = CARTESIAN_POINT ( 'NONE',  ( 0.9375000000000008900, 1.249999999999999800, 0.7216878364870329400 ) ) ;
#1221 = ORIENTED_EDGE ( 'NONE', *, *, #2771, .T. ) ;
#1222 = CARTESIAN_POINT ( 'NONE',  ( -3.393750000000001200, -0.6249999999999996700, 1.082531754730548400 ) ) ;
#1223 = CARTESIAN_POINT ( 'NONE',  ( 3.431249999999997700, -2.033577675846917700E-015, -1.249999999999999800 ) ) ;
#1224 = CARTESIAN_POINT ( 'NONE',  ( -3.337499999999999500, 0.9577164262227465500, 0.5529378364870289900 ) ) ;
#1225 = CARTESIAN_POINT ( 'NONE',  ( 1.050000000000000300, -3.755786496842900500E-016, 2.250000000000000000 ) ) ;
#1226 = VERTEX_POINT ( 'NONE', #475 ) ;
#1227 = CARTESIAN_POINT ( 'NONE',  ( -3.131249999999999600, -0.9577164262227465500, 0.5529378364870294300 ) ) ;
#1228 = ADVANCED_FACE ( 'NONE', ( #2295 ), #1023, .T. ) ;
#1229 = CARTESIAN_POINT ( 'NONE',  ( -4.950000000000000200, 0.0000000000000000000, 1.300800000000000000 ) ) ;
#1230 = EDGE_LOOP ( 'NONE', ( #2551, #2657, #2059 ) ) ;
#1231 = EDGE_CURVE ( 'NONE', #3062, #3859, #1142, .T. ) ;
#1232 = VERTEX_POINT ( 'NONE', #1654 ) ;
#1233 = CARTESIAN_POINT ( 'NONE',  ( 2.568749999999999200, 0.6250000000000001100, -1.082531754730548400 ) ) ;
#1234 = CARTESIAN_POINT ( 'NONE',  ( -3.693749999999999200, 0.4788582131113734400, 0.8294067547305438200 ) ) ;
#1235 = CARTESIAN_POINT ( 'NONE',  ( 1.087500000000000100, 0.9577164262227504400, -0.5529378364870312100 ) ) ;
#1236 = CARTESIAN_POINT ( 'NONE',  ( 4.368750000000000400, -0.4788582131113756100, 0.8294067547305467000 ) ) ;
#1237 = CARTESIAN_POINT ( 'NONE',  ( -3.993750000000001700, 1.250000000000000000, 0.0000000000000000000 ) ) ;
#1238 = CARTESIAN_POINT ( 'NONE',  ( -4.311153810567667200, -0.3349364905389039000, 1.249999999999999300 ) ) ;
#1239 = CARTESIAN_POINT ( 'NONE',  ( -4.762499999999999300, 0.9577164262227462200, -0.5529378364870295400 ) ) ;
#1240 = FACE_OUTER_BOUND ( 'NONE', #3719, .T. ) ;
#1241 = CARTESIAN_POINT ( 'NONE',  ( -2.981250000000000200, -2.031460654743908500E-016, -1.105875672974058200 ) ) ;
#1242 = VERTEX_POINT ( 'NONE', #3804 ) ;
#1243 = CARTESIAN_POINT ( 'NONE',  ( 3.581249999999998900, 1.249999999999999800, 0.7216878364870329400 ) ) ;
#1244 = CARTESIAN_POINT ( 'NONE',  ( -4.649999999999999500, -0.6250000000000004400, -1.082531754730548000 ) ) ;
#1245 = EDGE_CURVE ( 'NONE', #833, #2361, #2134, .T. ) ;
#1246 = VERTEX_POINT ( 'NONE', #3442 ) ;
#1247 = CARTESIAN_POINT ( 'NONE',  ( 0.7125000000000004700, -1.250000000000000000, -0.7216878364870325000 ) ) ;
#1248 = FACE_OUTER_BOUND ( 'NONE', #998, .T. ) ;
#1249 = CARTESIAN_POINT ( 'NONE',  ( -4.593750000000001800, -0.6250000000000005600, -1.082531754730548200 ) ) ;
#1250 = CARTESIAN_POINT ( 'NONE',  ( 0.8490381056766590500, 1.299038105676659800, -2.249999999999999600 ) ) ;
#1251 = CARTESIAN_POINT ( 'NONE',  ( -3.712499999999999500, 6.771535515813026700E-017, 1.105875672974058200 ) ) ;
#1252 =( BOUNDED_CURVE ( )  B_SPLINE_CURVE ( 2, ( #2659, #869, #3272, #530, #3257, #1451, #2066, #561, #1462 ),
 .UNSPECIFIED., .F., .F. ) 
 B_SPLINE_CURVE_WITH_KNOTS ( ( 3, 2, 2, 2, 3 ),
 ( 0.3250000000000000100, 0.3333333333333333100, 0.3499999999999999800, 0.3666666666666666400, 0.3750000000000000000 ),
 .UNSPECIFIED. ) 
 CURVE ( )  GEOMETRIC_REPRESENTATION_ITEM ( )  RATIONAL_B_SPLINE_CURVE ( ( 0.9330127018922194100, 0.9330127018922196300, 1.000000000000000000, 0.8660254037844387100, 1.000000000000000000, 0.8660254037844387100, 1.000000000000000000, 0.9330127018922194100, 0.9330127018922194100 ) ) 
 REPRESENTATION_ITEM ( '' )  );
#1253 = CARTESIAN_POINT ( 'NONE',  ( 0.0000000000000000000, 0.0000000000000000000, 0.9551764262227504500 ) ) ;
#1254 = VECTOR ( 'NONE', #1123, 1000.000000000000000 ) ;
#1255 = CARTESIAN_POINT ( 'NONE',  ( -3.656249999999999100, 6.771535515813027900E-017, 1.105875672974058200 ) ) ;
#1256 = CARTESIAN_POINT ( 'NONE',  ( -4.606916426222749500, -0.07129973764662719800, 0.9550586895413241100 ) ) ;
#1257 = CARTESIAN_POINT ( 'NONE',  ( 3.075000000000000600, 0.6250000000000001100, -1.082531754730548400 ) ) ;
#1258 = APPROVAL ( #1634, 'UNSPECIFIED' ) ;
#1259 = CARTESIAN_POINT ( 'NONE',  ( 2.756249999999998800, -2.651438096812267400E-016, 1.443375672974064300 ) ) ;
#1260 = CARTESIAN_POINT ( 'NONE',  ( -4.837500000000000400, 8.838126989374222200E-017, 1.443375672974064100 ) ) ;
#1261 = CARTESIAN_POINT ( 'NONE',  ( 2.587499999999999900, -2.031460654743916600E-016, 1.105875672974062600 ) ) ;
#1262 = CARTESIAN_POINT ( 'NONE',  ( 5.081249999999998900, 0.9577164262227504400, -0.5529378364870312100 ) ) ;
#1263 = CARTESIAN_POINT ( 'NONE',  ( 2.756249999999998800, 3.921899803419055800E-015, 1.250000000000000000 ) ) ;
#1264 = CARTESIAN_POINT ( 'NONE',  ( -4.106250000000001100, -4.938688641342514700E-016, -1.250000000000000000 ) ) ;
#1265 = CARTESIAN_POINT ( 'NONE',  ( -4.574999999999999300, -0.4788582131113730500, 0.8294067547305437000 ) ) ;
#1266 = B_SPLINE_CURVE_WITH_KNOTS ( 'NONE', 3,
 ( #1411, #3204, #1397, #2924, #1368, #3224 ),
 .UNSPECIFIED., .F., .F.,
 ( 4, 2, 4 ),
 ( 0.001314652396222795200, 0.001969405109320634200, 0.002624157822418473400 ),
 .UNSPECIFIED. ) ;
#1267 = CARTESIAN_POINT ( 'NONE',  ( -3.768749999999999400, 0.9577164262227466600, 0.0000000000000000000 ) ) ;
#1268 = CARTESIAN_POINT ( 'NONE',  ( -3.581250000000001600, 1.249999999999999600, -0.7216878364870329400 ) ) ;
#1269 = ORIENTED_EDGE ( 'NONE', *, *, #2802, .T. ) ;
#1270 = VERTEX_POINT ( 'NONE', #3234 ) ;
#1271 = CARTESIAN_POINT ( 'NONE',  ( -4.536153810567667800, 0.3349364905389027300, -1.250000000000000000 ) ) ;
#1272 = CARTESIAN_POINT ( 'NONE',  ( 3.881249999999998800, 8.838126989374223500E-017, -1.443375672974064300 ) ) ;
#1273 = CARTESIAN_POINT ( 'NONE',  ( -2.187944132307174400, -0.9540692781648092400, -0.08350188931365337700 ) ) ;
#1274 = CARTESIAN_POINT ( 'NONE',  ( 2.362500000000000300, 6.771535515813055000E-017, -1.105875672974062600 ) ) ;
#1275 = ORIENTED_EDGE ( 'NONE', *, *, #1524, .T. ) ;
#1276 = CARTESIAN_POINT ( 'NONE',  ( 1.818750000000000500, -0.4788582131113750000, -0.8294067547305470400 ) ) ;
#1277 = VERTEX_POINT ( 'NONE', #3510 ) ;
#1278 = AXIS2_PLACEMENT_3D ( 'NONE', #165, #764, #3788 ) ;
#1279 = ORIENTED_EDGE ( 'NONE', *, *, #564, .T. ) ;
#1280 = CARTESIAN_POINT ( 'NONE',  ( -4.349999999999998800, 0.4788582131113725500, -0.8294067547305440400 ) ) ;
#1281 = CARTESIAN_POINT ( 'NONE',  ( 4.331249999999998000, 1.743066579297358300E-016, -1.250000000000000000 ) ) ;
#1282 = CARTESIAN_POINT ( 'NONE',  ( -2.249999999999999600, -0.9577164262227465500, 1.172864355864528600E-016 ) ) ;
#1283 = CARTESIAN_POINT ( 'NONE',  ( 1.050000000000000500, 1.530808498934191600E-016, 1.250000000000000000 ) ) ;
#1284 = CARTESIAN_POINT ( 'NONE',  ( 2.325000000000000600, 0.6249999999999991100, 1.082531754730548900 ) ) ;
#1285 = CARTESIAN_POINT ( 'NONE',  ( 3.731249999999998800, -1.250000000000000200, 0.7216878364870317200 ) ) ;
#1286 = CARTESIAN_POINT ( 'NONE',  ( -3.262499999999999300, -2.651438096812266900E-016, -1.443375672974064100 ) ) ;
#1287 = ORIENTED_EDGE ( 'NONE', *, *, #1652, .F. ) ;
#1288 = CARTESIAN_POINT ( 'NONE',  ( 2.850000000000000100, 0.4788582131113753300, -0.8294067547305469200 ) ) ;
#1289 = ADVANCED_FACE ( 'NONE', ( #763 ), #3647, .F. ) ;
#1290 = CARTESIAN_POINT ( 'NONE',  ( 2.756250000000000100, 6.771535515813055000E-017, -1.105875672974062600 ) ) ;
#1291 = ORIENTED_EDGE ( 'NONE', *, *, #2708, .T. ) ;
#1292 = CARTESIAN_POINT ( 'NONE',  ( -3.824999999999999300, 0.9577164262227465500, 0.0000000000000000000 ) ) ;
#1293 = CARTESIAN_POINT ( 'NONE',  ( -2.324999999999999300, -0.4788582131113730500, 0.8294067547305437000 ) ) ;
#1294 = DIRECTION ( 'NONE',  ( 1.000000000000000000, 0.0000000000000000000, -0.0000000000000000000 ) ) ;
#1295 = EDGE_LOOP ( 'NONE', ( #3819, #2015, #1005, #2901 ) ) ;
#1296 = CARTESIAN_POINT ( 'NONE',  ( 4.800000000000000700, -0.6249999999999996700, -1.082531754730548400 ) ) ;
#1297 = ORIENTED_EDGE ( 'NONE', *, *, #964, .T. ) ;
#1298 = CARTESIAN_POINT ( 'NONE',  ( -4.162499999999999600, 6.771535515813026700E-017, 1.105875672974058000 ) ) ;
#1299 = CARTESIAN_POINT ( 'NONE',  ( 2.381249999999998300, -1.250000000000000200, 0.7216878364870317200 ) ) ;
#1300 = CARTESIAN_POINT ( 'NONE',  ( -3.787499999999999600, -1.250000000000000000, -0.7216878364870315000 ) ) ;
#1301 = CARTESIAN_POINT ( 'NONE',  ( -4.950000000000000200, 0.0000000000000000000, 0.0000000000000000000 ) ) ;
#1302 = AXIS2_PLACEMENT_3D ( 'NONE', #1807, #3016, #284 ) ;
#1303 = CYLINDRICAL_SURFACE ( 'NONE', #466, 1.250000000000000000 ) ;
#1304 = FACE_OUTER_BOUND ( 'NONE', #15, .T. ) ;
#1305 =( BOUNDED_CURVE ( )  B_SPLINE_CURVE ( 2, ( #2182, #1271, #340, #3076, #74, #3089, #2157, #963, #637 ),
 .UNSPECIFIED., .F., .F. ) 
 B_SPLINE_CURVE_WITH_KNOTS ( ( 3, 2, 2, 2, 3 ),
 ( 0.2500000000000000000, 0.2619047619047619200, 0.2857142857142857000, 0.3095238095238095300, 0.3214285714285714500 ),
 .UNSPECIFIED. ) 
 CURVE ( )  GEOMETRIC_REPRESENTATION_ITEM ( )  RATIONAL_B_SPLINE_CURVE ( ( 0.9330127018922194100, 0.9330127018922194100, 1.000000000000000000, 0.8660254037844387100, 1.000000000000000000, 0.8660254037844387100, 1.000000000000000000, 0.9330127018922191900, 0.9330127018922194100 ) ) 
 REPRESENTATION_ITEM ( '' )  );
#1306 = CARTESIAN_POINT ( 'NONE',  ( 1.856250000000000000, 6.771535515813055000E-017, -1.105875672974062600 ) ) ;
#1307 = CARTESIAN_POINT ( 'NONE',  ( -5.174999999999998900, 0.9577164262227465500, 0.0000000000000000000 ) ) ;
#1308 = CARTESIAN_POINT ( 'NONE',  ( -2.287499999999999200, -0.9577164262227463300, 0.5529378364870293200 ) ) ;
#1309 = DIRECTION ( 'NONE',  ( -1.000000000000000000, 0.0000000000000000000, 0.0000000000000000000 ) ) ;
#1310 = AXIS2_PLACEMENT_3D ( 'NONE', #1947, #3807, #176 ) ;
#1311 = CARTESIAN_POINT ( 'NONE',  ( -4.950000000000000200, 0.0000000000000000000, 0.0000000000000000000 ) ) ;
#1312 = EDGE_CURVE ( 'NONE', #3577, #3690, #3043, .T. ) ;
#1313 = ADVANCED_FACE ( 'NONE', ( #2748 ), #1072, .T. ) ;
#1314 = CARTESIAN_POINT ( 'NONE',  ( -3.224999999999999200, -0.4788582131113730500, 0.8294067547305437000 ) ) ;
#1315 = CARTESIAN_POINT ( 'NONE',  ( 0.9937499999999990200, -0.6250000000000005600, 1.082531754730548200 ) ) ;
#1316 = CARTESIAN_POINT ( 'NONE',  ( -2.962499999999999500, -1.249999999999999800, 0.7216878364870323900 ) ) ;
#1317 = DIRECTION ( 'NONE',  ( -1.000000000000000000, 0.0000000000000000000, -0.0000000000000000000 ) ) ;
#1318 = CARTESIAN_POINT ( 'NONE',  ( 3.093750000000000000, -0.9577164262227504400, -1.172864355864533500E-016 ) ) ;
#1319 = CARTESIAN_POINT ( 'NONE',  ( -3.093750000000001300, 1.250000000000000000, 0.0000000000000000000 ) ) ;
#1320 = CARTESIAN_POINT ( 'NONE',  ( -2.699999999999999300, -0.9577164262227465500, 1.172864355864528600E-016 ) ) ;
#1321 = ORIENTED_EDGE ( 'NONE', *, *, #1580, .T. ) ;
#1322 = VERTEX_POINT ( 'NONE', #785 ) ;
#1323 = EDGE_CURVE ( 'NONE', #487, #154, #2117, .T. ) ;
#1324 = CARTESIAN_POINT ( 'NONE',  ( -4.897883922836349800, 0.9280125081986995200, 0.8363329511672180600 ) ) ;
#1325 = ORIENTED_EDGE ( 'NONE', *, *, #245, .F. ) ;
#1326 = CARTESIAN_POINT ( 'NONE',  ( 3.768750000000000300, 0.9577164262227504400, 0.0000000000000000000 ) ) ;
#1327 = AXIS2_PLACEMENT_3D ( 'NONE', #1762, #266, #559 ) ;
#1328 = CARTESIAN_POINT ( 'NONE',  ( -2.718750000000001300, 0.6249999999999991100, -1.082531754730548900 ) ) ;
#1329 = APPLICATION_PROTOCOL_DEFINITION ( 'international standard', 'config_control_design', 1994, #3771 ) ;
#1330 = CARTESIAN_POINT ( 'NONE',  ( -2.587499999999999000, -2.031460654743907800E-016, -1.105875672974058200 ) ) ;
#1331 = CARTESIAN_POINT ( 'NONE',  ( 1.800000000000000500, -0.9577164262227504400, -1.172864355864533500E-016 ) ) ;
#1332 = EDGE_CURVE ( 'NONE', #1322, #2480, #2438, .T. ) ;
#1333 = VECTOR ( 'NONE', #1632, 1000.000000000000200 ) ;
#1334 = CARTESIAN_POINT ( 'NONE',  ( -2.076619733435915500, -1.014671109401406900, 0.8575550348222258400 ) ) ;
#1335 = EDGE_LOOP ( 'NONE', ( #3886, #393, #3140 ) ) ;
#1336 = CARTESIAN_POINT ( 'NONE',  ( -4.424999999999998900, -0.4788582131113736700, -0.8294067547305433700 ) ) ;
#1337 = CARTESIAN_POINT ( 'NONE',  ( 1.856249999999999100, -2.651438096812267400E-016, 1.443375672974064300 ) ) ;
#1338 = CARTESIAN_POINT ( 'NONE',  ( -2.250000000000000000, 1.249999999999999800, 0.0000000000000000000 ) ) ;
#1339 = DIRECTION ( 'NONE',  ( 0.0000000000000000000, 0.0000000000000000000, 1.000000000000000000 ) ) ;
#1340 = EDGE_LOOP ( 'NONE', ( #1905, #2995, #1044 ) ) ;
#1341 = CARTESIAN_POINT ( 'NONE',  ( -2.849999999999999600, -0.6250000000000004400, -1.082531754730548000 ) ) ;
#1342 = CYLINDRICAL_SURFACE ( 'NONE', #2078, 1.250000000000000000 ) ;
#1343 = CARTESIAN_POINT ( 'NONE',  ( -3.524999999999999500, -0.4788582131113736700, -0.8294067547305433700 ) ) ;
#1344 = VERTEX_POINT ( 'NONE', #1066 ) ;
#1345 = CARTESIAN_POINT ( 'NONE',  ( -4.799999999999999800, -0.6249999999999995600, 1.082531754730548400 ) ) ;
#1346 = CARTESIAN_POINT ( 'NONE',  ( 4.893749999999998900, 1.250000000000000000, 0.0000000000000000000 ) ) ;
#1347 = DIRECTION ( 'NONE',  ( 0.0000000000000000000, 0.0000000000000000000, -1.000000000000000000 ) ) ;
#1348 = VECTOR ( 'NONE', #3952, 1000.000000000000000 ) ;
#1349 = CARTESIAN_POINT ( 'NONE',  ( 2.100000000000000100, 0.4788582131113745000, 0.8294067547305473700 ) ) ;
#1350 = CARTESIAN_POINT ( 'NONE',  ( -2.924999999999999400, 0.9577164262227465500, 0.0000000000000000000 ) ) ;
#1351 = LINE ( 'NONE', #3609, #1254 ) ;
#1352 = CARTESIAN_POINT ( 'NONE',  ( 1.031249999999999100, -1.250000000000000200, 0.7216878364870317200 ) ) ;
#1353 = CARTESIAN_POINT ( 'NONE',  ( -4.950000000000002800, -2.169875997175798200, -0.7416645267673331900 ) ) ;
#1354 = EDGE_CURVE ( 'NONE', #1002, #2181, #2017, .T. ) ;
#1355 = CARTESIAN_POINT ( 'NONE',  ( 1.256250000000000500, -0.9577164262227506600, 0.5529378364870309900 ) ) ;
#1356 = CARTESIAN_POINT ( 'NONE',  ( -4.632596187029209400, -0.3349364504868190300, -1.250000023124082000 ) ) ;
#1357 = CARTESIAN_POINT ( 'NONE',  ( 2.212499999999999900, -0.9577164262227506600, 0.5529378364870309900 ) ) ;
#1358 = CARTESIAN_POINT ( 'NONE',  ( 3.693750000000000100, 0.4788582131113753300, -0.8294067547305469200 ) ) ;
#1359 = EDGE_CURVE ( 'NONE', #3239, #908, #2108, .T. ) ;
#1360 = CARTESIAN_POINT ( 'NONE',  ( 4.162499999999999600, 6.771535515813055000E-017, -1.105875672974062600 ) ) ;
#1361 = PLANE ( 'NONE',  #2308 ) ;
#1362 = CARTESIAN_POINT ( 'NONE',  ( -2.774999999999999500, 0.6249999999999990000, -1.082531754730548600 ) ) ;
#1363 = DIRECTION ( 'NONE',  ( -1.000000000000000000, -0.0000000000000000000, -0.0000000000000000000 ) ) ;
#1364 = ORIENTED_EDGE ( 'NONE', *, *, #3921, .T. ) ;
#1365 = ADVANCED_FACE ( 'NONE', ( #1914 ), #1303, .F. ) ;
#1366 = CARTESIAN_POINT ( 'NONE',  ( 4.660151899426309400, -1.162666820842589200, -0.3277156156352908900 ) ) ;
#1367 = ORIENTED_EDGE ( 'NONE', *, *, #2347, .T. ) ;
#1368 = CARTESIAN_POINT ( 'NONE',  ( 0.9102299309046603100, 1.405025455978000000, -2.066424524318477600 ) ) ;
#1369 = CARTESIAN_POINT ( 'NONE',  ( -2.606249999999999300, -0.9577164262227470000, -0.5529378364870288800 ) ) ;
#1370 = CARTESIAN_POINT ( 'NONE',  ( 4.968749999999998200, 0.6249999999999991100, 1.082531754730548900 ) ) ;
#1371 = CARTESIAN_POINT ( 'NONE',  ( 4.481250000000000200, -0.9577164262227502200, -0.5529378364870316500 ) ) ;
#1372 = ORIENTED_EDGE ( 'NONE', *, *, #1916, .F. ) ;
#1373 =( BOUNDED_CURVE ( )  B_SPLINE_CURVE ( 2, ( #2415, #2426, #875, #2104, #2400, #282, #3338, #3002, #2735 ),
 .UNSPECIFIED., .F., .F. ) 
 B_SPLINE_CURVE_WITH_KNOTS ( ( 3, 2, 2, 2, 3 ),
 ( 0.2250000000000000100, 0.2333333333333333400, 0.2500000000000000000, 0.2666666666666666600, 0.2750000000000000200 ),
 .UNSPECIFIED. ) 
 CURVE ( )  GEOMETRIC_REPRESENTATION_ITEM ( )  RATIONAL_B_SPLINE_CURVE ( ( 0.9330127018922194100, 0.9330127018922194100, 1.000000000000000000, 0.8660254037844387100, 1.000000000000000000, 0.8660254037844387100, 1.000000000000000000, 0.9330127018922191900, 0.9330127018922194100 ) ) 
 REPRESENTATION_ITEM ( '' )  );
#1374 = EDGE_CURVE ( 'NONE', #947, #1699, #2753, .T. ) ;
#1375 = CARTESIAN_POINT ( 'NONE',  ( 4.012500000000000200, -0.9577164262227506600, 0.5529378364870309900 ) ) ;
#1376 = CARTESIAN_POINT ( 'NONE',  ( -3.862499999999999800, -1.249999999999999600, 0.7216878364870325000 ) ) ;
#1377 = CARTESIAN_POINT ( 'NONE',  ( -2.049999999999998900, 0.0000000000000000000, 0.0000000000000000000 ) ) ;
#1378 = CARTESIAN_POINT ( 'NONE',  ( -4.860744989968462300, -1.511897080250330000, -1.881317441191385300 ) ) ;
#1379 = CARTESIAN_POINT ( 'NONE',  ( 1.181250000000000100, -2.031460654743916600E-016, 1.105875672974062600 ) ) ;
#1380 = ORIENTED_EDGE ( 'NONE', *, *, #3871, .T. ) ;
#1381 = CARTESIAN_POINT ( 'NONE',  ( -4.706250000000002500, -1.250000000000000000, 0.7216878364870327200 ) ) ;
#1382 = CARTESIAN_POINT ( 'NONE',  ( -2.187944132307188600, -0.9540692781648267800, -0.08350188931345339800 ) ) ;
#1383 = CARTESIAN_POINT ( 'NONE',  ( 1.012500000000000400, 6.771535515813055000E-017, -1.105875672974062600 ) ) ;
#1384 = CARTESIAN_POINT ( 'NONE',  ( -2.050000000011896500, -1.192086005355455400, -0.1043294788251146900 ) ) ;
#1385 = ORIENTED_EDGE ( 'NONE', *, *, #751, .T. ) ;
#1386 = CARTESIAN_POINT ( 'NONE',  ( -4.950000000000000200, 2.598076211353316500, -4.575965886349452400E-017 ) ) ;
#1387 = CARTESIAN_POINT ( 'NONE',  ( 1.858770018230707900, -0.6861078149480063200, -0.7097511413207252500 ) ) ;
#1388 = ORIENTED_EDGE ( 'NONE', *, *, #89, .T. ) ;
#1389 = CARTESIAN_POINT ( 'NONE',  ( -2.887499999999999300, 0.9577164262227465500, 0.5529378364870288800 ) ) ;
#1390 = CARTESIAN_POINT ( 'NONE',  ( 2.081250000000000300, -2.031460654743916600E-016, 1.105875672974062600 ) ) ;
#1391 = CARTESIAN_POINT ( 'NONE',  ( -3.937500027472561600, 4.785302309148770300E-007, 1.249999999999908100 ) ) ;
#1392 = CARTESIAN_POINT ( 'NONE',  ( 1.900321595773265500, 0.9141585651208845600, -0.4679833590897867800 ) ) ;
#1393 = DIRECTION ( 'NONE',  ( 0.0000000000000000000, 0.0000000000000000000, -1.000000000000000000 ) ) ;
#1394 = VECTOR ( 'NONE', #243, 1000.000000000000100 ) ;
#1395 = CARTESIAN_POINT ( 'NONE',  ( -2.049999999999998900, 1.064207185994708800E-014, -1.216028298561868600E-013 ) ) ;
#1396 = CARTESIAN_POINT ( 'NONE',  ( -3.656250000000001300, 2.643650978600993500E-015, -1.250000000000000200 ) ) ;
#1397 = CARTESIAN_POINT ( 'NONE',  ( 1.030756665990564500, 1.728209346468571300, -1.506653605801031100 ) ) ;
#1398 = FACE_OUTER_BOUND ( 'NONE', #2650, .T. ) ;
#1399 = CARTESIAN_POINT ( 'NONE',  ( -2.756249999999999200, 6.771535515813027900E-017, 1.105875672974058200 ) ) ;
#1400 = CARTESIAN_POINT ( 'NONE',  ( 3.487500000000000300, 8.838126989374223500E-017, -1.443375672974064300 ) ) ;
#1401 = CARTESIAN_POINT ( 'NONE',  ( 3.712499999999999500, 1.714015469642402100E-015, 1.250000000000000000 ) ) ;
#1402 = CARTESIAN_POINT ( 'NONE',  ( 4.181250000000000400, 0.9577164262227504400, -0.5529378364870312100 ) ) ;
#1403 = CARTESIAN_POINT ( 'NONE',  ( -2.699999999999999300, -0.9577164262227465500, 1.172864355864528600E-016 ) ) ;
#1404 = CARTESIAN_POINT ( 'NONE',  ( 2.456250000000000300, 0.9577164262227502200, 0.5529378364870318800 ) ) ;
#1405 = DIRECTION ( 'NONE',  ( 1.000000000000000000, 0.0000000000000000000, 0.0000000000000000000 ) ) ;
#1406 = CARTESIAN_POINT ( 'NONE',  ( 1.050000000000001200, 2.169875997175800800, -0.7416645267673331900 ) ) ;
#1407 = CARTESIAN_POINT ( 'NONE',  ( 3.901346189432333100, 0.3349364905389024500, -1.250000000000000200 ) ) ;
#1408 = ADVANCED_FACE ( 'NONE', ( #1873 ), #1361, .T. ) ;
#1409 = CARTESIAN_POINT ( 'NONE',  ( -2.137499999999995700, -5.776470478697175800E-016, 1.249999999999999800 ) ) ;
#1410 = CARTESIAN_POINT ( 'NONE',  ( -4.950000000000000200, 0.0000000000000000000, 0.0000000000000000000 ) ) ;
#1411 = CARTESIAN_POINT ( 'NONE',  ( 1.050000000000000300, 1.948557158514987200, -1.124999999999999100 ) ) ;
#1412 = CARTESIAN_POINT ( 'NONE',  ( 2.681249999999999900, -0.9577164262227502200, -0.5529378364870316500 ) ) ;
#1413 = CARTESIAN_POINT ( 'NONE',  ( 3.562500000000000400, 1.250000000000000000, -0.7216878364870320500 ) ) ;
#1414 = CARTESIAN_POINT ( 'NONE',  ( -4.950000000000000200, 1.299038105676657800, 2.250000000000000000 ) ) ;
#1415 = CARTESIAN_POINT ( 'NONE',  ( 3.281250000000000900, 0.9577164262227504400, -0.5529378364870312100 ) ) ;
#1416 = ORIENTED_EDGE ( 'NONE', *, *, #3438, .F. ) ;
#1417 = CARTESIAN_POINT ( 'NONE',  ( 2.962499999999999900, 0.9577164262227499900, 0.5529378364870317600 ) ) ;
#1418 = CARTESIAN_POINT ( 'NONE',  ( 2.306250000000000400, 6.771535515813055000E-017, -1.105875672974062600 ) ) ;
#1419 = CARTESIAN_POINT ( 'NONE',  ( -3.899999999999999900, -0.6249999999999995600, 1.082531754730548400 ) ) ;
#1420 = CARTESIAN_POINT ( 'NONE',  ( 1.863575555550787400, 0.2728617428865093300, -0.9524048185842495200 ) ) ;
#1421 = CARTESIAN_POINT ( 'NONE',  ( 3.712499999999999900, 6.771535515813055000E-017, -1.105875672974062600 ) ) ;
#1422 = ORIENTED_EDGE ( 'NONE', *, *, #1441, .F. ) ;
#1423 = CARTESIAN_POINT ( 'NONE',  ( 2.087982786773384400, -1.078924666717666400, -0.6175322113324346300 ) ) ;
#1424 = DIRECTION ( 'NONE',  ( 0.0000000000000000000, 0.8660254037844388200, -0.4999999999999996700 ) ) ;
#1425 = CARTESIAN_POINT ( 'NONE',  ( 1.556250000000000400, 0.9577164262227499900, 0.5529378364870317600 ) ) ;
#1426 = EDGE_LOOP ( 'NONE', ( #871, #521, #917, #2813, #3375 ) ) ;
#1427 = CARTESIAN_POINT ( 'NONE',  ( 1.987500000000000500, -1.250000000000000200, 0.7216878364870317200 ) ) ;
#1428 =( BOUNDED_CURVE ( )  B_SPLINE_CURVE ( 2, ( #184, #1068, #1711, #1094, #3858, #2622, #3570, #204, #2337 ),
 .UNSPECIFIED., .F., .F. ) 
 B_SPLINE_CURVE_WITH_KNOTS ( ( 3, 2, 2, 2, 3 ),
 ( 0.4988959749246984500, 0.5116876580388622900, 0.5372720409408053800, 0.5628564238427485900, 0.5756466924343108800 ),
 .UNSPECIFIED. ) 
 CURVE ( )  GEOMETRIC_REPRESENTATION_ITEM ( )  RATIONAL_B_SPLINE_CURVE ( ( 0.9330127019979999000, 0.9330153638371573300, 1.000000000000000000, 0.8660254037844387100, 1.000000000000000000, 0.8660254037844387100, 1.000000000000000000, 0.9330227710939633700, 0.9330127034057722500 ) ) 
 REPRESENTATION_ITEM ( '' )  );
#1429 = VECTOR ( 'NONE', #1161, 999.9999999999998900 ) ;
#1430 = AXIS2_PLACEMENT_3D ( 'NONE', #1758, #252, #1483 ) ;
#1431 = CARTESIAN_POINT ( 'NONE',  ( 3.449999999999999700, 0.4788582131113745000, 0.8294067547305473700 ) ) ;
#1432 = CARTESIAN_POINT ( 'NONE',  ( 1.868503313311778800, 0.1564693257912574100, -1.015538065608561100 ) ) ;
#1433 = CARTESIAN_POINT ( 'NONE',  ( -2.049999999999998900, 0.0000000000000000000, 0.0000000000000000000 ) ) ;
#1434 = CARTESIAN_POINT ( 'NONE',  ( 4.758748680138342700, 0.8534189163221102000, -0.7139290594387045500 ) ) ;
#1435 = FACE_OUTER_BOUND ( 'NONE', #1230, .T. ) ;
#1436 = CARTESIAN_POINT ( 'NONE',  ( -4.860166025077800700, 0.8761635925115015500, 2.250000000000000000 ) ) ;
#1437 = CARTESIAN_POINT ( 'NONE',  ( -4.312499999999999100, -1.249999999999999600, 0.7216878364870325000 ) ) ;
#1438 = DIRECTION ( 'NONE',  ( 1.000000000000000000, 0.0000000000000000000, -0.0000000000000000000 ) ) ;
#1439 = ORIENTED_EDGE ( 'NONE', *, *, #307, .T. ) ;
#1440 = CARTESIAN_POINT ( 'NONE',  ( 3.056249999999999900, -0.9577164262227506600, 0.5529378364870309900 ) ) ;
#1441 = EDGE_CURVE ( 'NONE', #757, #3862, #78, .T. ) ;
#1442 = ORIENTED_EDGE ( 'NONE', *, *, #3852, .T. ) ;
#1443 = CARTESIAN_POINT ( 'NONE',  ( 3.862500000000000300, 0.9577164262227499900, 0.5529378364870317600 ) ) ;
#1444 = VECTOR ( 'NONE', #3190, 1000.000000000000000 ) ;
#1445 = CALENDAR_DATE ( 2021, 9, 7 ) ;
#1446 = CARTESIAN_POINT ( 'NONE',  ( 2.718750000000000400, -0.4788582131113750000, -0.8294067547305470400 ) ) ;
#1447 = CARTESIAN_POINT ( 'NONE',  ( 1.837500000000000600, 0.0000000000000000000, 0.0000000000000000000 ) ) ;
#1448 = CARTESIAN_POINT ( 'NONE',  ( -3.636153810567667800, 0.3349364905389042900, -1.249999999999999600 ) ) ;
#1449 = CARTESIAN_POINT ( 'NONE',  ( 0.8490381056766852500, -1.299038105676696000, 2.249999999999999600 ) ) ;
#1450 = CARTESIAN_POINT ( 'NONE',  ( -2.174999999999999800, 0.6250000000000000000, 1.082531754730548200 ) ) ;
#1451 = CARTESIAN_POINT ( 'NONE',  ( 3.337500000000000400, -1.250000000000000200, 0.7216878364870317200 ) ) ;
#1452 = CARTESIAN_POINT ( 'NONE',  ( 2.362500000000000300, 3.921899803419055800E-015, 1.250000000000000000 ) ) ;
#1453 = CARTESIAN_POINT ( 'NONE',  ( 1.406250000000000400, 6.771535515813055000E-017, -1.105875672974062600 ) ) ;
#1454 = EDGE_CURVE ( 'NONE', #3369, #903, #2389, .T. ) ;
#1455 = VERTEX_POINT ( 'NONE', #1759 ) ;
#1456 = CARTESIAN_POINT ( 'NONE',  ( 1.050000000000000500, 0.2201909781973953900, 2.249999999999999600 ) ) ;
#1457 = CARTESIAN_POINT ( 'NONE',  ( -4.612499275441576800, 4.702761941901257800E-008, -1.249999999999998400 ) ) ;
#1458 = CARTESIAN_POINT ( 'NONE',  ( 3.637500000000000600, -0.9577164262227502200, -0.5529378364870316500 ) ) ;
#1459 = DIRECTION ( 'NONE',  ( 0.0000000000000000000, 0.0000000000000000000, 1.000000000000000000 ) ) ;
#1460 = EDGE_CURVE ( 'NONE', #3258, #3281, #3733, .T. ) ;
#1461 = ORIENTED_EDGE ( 'NONE', *, *, #341, .F. ) ;
#1462 = CARTESIAN_POINT ( 'NONE',  ( 3.262500000000000600, -4.938688641342514700E-016, 1.250000000000000000 ) ) ;
#1463 = CARTESIAN_POINT ( 'NONE',  ( -3.057597135734713600, 0.3349522622452297300, 1.249990894201106700 ) ) ;
#1464 = CARTESIAN_POINT ( 'NONE',  ( 2.231250000000000200, -0.9577164262227502200, -0.5529378364870316500 ) ) ;
#1465 = CC_DESIGN_APPROVAL ( #1258, ( #3384 ) ) ;
#1466 = ORIENTED_EDGE ( 'NONE', *, *, #838, .F. ) ;
#1467 = CARTESIAN_POINT ( 'NONE',  ( 2.961153810567664900, -0.3349364905389031800, -1.250000000000000000 ) ) ;
#1468 = CARTESIAN_POINT ( 'NONE',  ( -4.854249740646051400, -0.1485722688473593000, 1.205049740642548000 ) ) ;
#1469 = CARTESIAN_POINT ( 'NONE',  ( -3.918750000000001100, 0.6250000000000001100, 1.082531754730548400 ) ) ;
#1470 = ORIENTED_EDGE ( 'NONE', *, *, #3035, .F. ) ;
#1471 = DIRECTION ( 'NONE',  ( 0.0000000000000000000, 0.0000000000000000000, 1.000000000000000000 ) ) ;
#1472 = CARTESIAN_POINT ( 'NONE',  ( 4.612499999999999800, 1.740161468331863000E-014, 1.250000000000000000 ) ) ;
#1473 = CARTESIAN_POINT ( 'NONE',  ( 3.451346189432333000, 0.3349364905389024500, -1.250000000000000200 ) ) ;
#1474 = CARTESIAN_POINT ( 'NONE',  ( 3.393750000000000300, 0.4788582131113745000, 0.8294067547305473700 ) ) ;
#1475 = CARTESIAN_POINT ( 'NONE',  ( -3.112499999999999800, 1.250000000000000000, 0.7216878364870319400 ) ) ;
#1476 = CARTESIAN_POINT ( 'NONE',  ( 4.687500000000000000, 0.9577164262227504400, -0.5529378364870312100 ) ) ;
#1477 = CYLINDRICAL_SURFACE ( 'NONE', #1033, 1.250000000000000000 ) ;
#1478 = CARTESIAN_POINT ( 'NONE',  ( 4.869463457050407000, -0.1543425136060771200, 0.9930365429539497200 ) ) ;
#1479 = CARTESIAN_POINT ( 'NONE',  ( 2.157596189432334600, 0.3349364905389034500, -1.250000000000000000 ) ) ;
#1480 = CARTESIAN_POINT ( 'NONE',  ( 2.193749999999999200, 1.250000000000000000, 0.0000000000000000000 ) ) ;
#1481 = AXIS2_PLACEMENT_3D ( 'NONE', #460, #1939, #152 ) ;
#1482 = ORIENTED_EDGE ( 'NONE', *, *, #1741, .F. ) ;
#1483 = DIRECTION ( 'NONE',  ( 0.0000000000000000000, 0.0000000000000000000, -1.000000000000000000 ) ) ;
#1484 = DIRECTION ( 'NONE',  ( 0.0000000000000000000, 0.0000000000000000000, 1.000000000000000000 ) ) ;
#1485 = ORIENTED_EDGE ( 'NONE', *, *, #2631, .F. ) ;
#1486 = CARTESIAN_POINT ( 'NONE',  ( -4.950000000000000200, 1.948557158514987200, -1.124999999999999100 ) ) ;
#1487 = CARTESIAN_POINT ( 'NONE',  ( 4.218750000000000000, 0.9577164262227504400, 0.0000000000000000000 ) ) ;
#1488 = CARTESIAN_POINT ( 'NONE',  ( -4.781249999999999100, -2.031460654743908500E-016, -1.105875672974058200 ) ) ;
#1489 = FACE_OUTER_BOUND ( 'NONE', #1557, .T. ) ;
#1490 = CARTESIAN_POINT ( 'NONE',  ( 2.887500000000000600, 0.9577164262227504400, -0.5529378364870312100 ) ) ;
#1491 = CARTESIAN_POINT ( 'NONE',  ( 3.787500000000000500, -1.250000000000000200, 0.7216878364870317200 ) ) ;
#1492 = FACE_OUTER_BOUND ( 'NONE', #1090, .T. ) ;
#1493 = CARTESIAN_POINT ( 'NONE',  ( -4.801346189432336200, 0.3349364905389031800, 1.250000000000000000 ) ) ;
#1494 = DIRECTION ( 'NONE',  ( 0.0000000000000000000, 0.0000000000000000000, 1.000000000000000000 ) ) ;
#1495 = CARTESIAN_POINT ( 'NONE',  ( -2.049999999999998900, 0.0000000000000000000, 0.0000000000000000000 ) ) ;
#1496 = CARTESIAN_POINT ( 'NONE',  ( 4.794120274736704000, 1.074241008828757100, 0.08336064525331526900 ) ) ;
#1497 = CARTESIAN_POINT ( 'NONE',  ( 1.030756665990564900, 2.168904970561404500, 0.7433463941989684200 ) ) ;
#1498 = CARTESIAN_POINT ( 'NONE',  ( 5.081249999999998900, 0.9577164262227504400, -0.5529378364870312100 ) ) ;
#1499 = CARTESIAN_POINT ( 'NONE',  ( -3.506249999999999600, -0.9577164262227470000, -0.5529378364870288800 ) ) ;
#1500 = CARTESIAN_POINT ( 'NONE',  ( 3.899999999999999900, 0.4788582131113745000, 0.8294067547305473700 ) ) ;
#1501 = CARTESIAN_POINT ( 'NONE',  ( 3.150000000000000400, 1.250000000000000000, 0.0000000000000000000 ) ) ;
#1502 = ORIENTED_EDGE ( 'NONE', *, *, #2701, .F. ) ;
#1503 = B_SPLINE_CURVE_WITH_KNOTS ( 'NONE', 3,
 ( #2738, #1456, #3651, #905, #264, #272 ),
 .UNSPECIFIED., .F., .F.,
 ( 4, 2, 4 ),
 ( 0.003784445918541617300, 0.004442826022025980400, 0.005101206125510343900 ),
 .UNSPECIFIED. ) ;
#1504 = CARTESIAN_POINT ( 'NONE',  ( 4.848879644629446900, 0.2816525894803843000, 0.9838918042860687100 ) ) ;
#1505 = AXIS2_PLACEMENT_3D ( 'NONE', #1301, #102, #1603 ) ;
#1506 = CARTESIAN_POINT ( 'NONE',  ( -4.950000000000000200, 0.0000000000000000000, 0.0000000000000000000 ) ) ;
#1507 = EDGE_LOOP ( 'NONE', ( #897, #579, #2546, #2386 ) ) ;
#1508 = EDGE_CURVE ( 'NONE', #2424, #1177, #2170, .T. ) ;
#1509 = CARTESIAN_POINT ( 'NONE',  ( 4.106250000000000200, 6.771535515813055000E-017, -1.105875672974062600 ) ) ;
#1510 = CARTESIAN_POINT ( 'NONE',  ( -4.068749999999999600, -0.4788582131113731700, 0.8294067547305438200 ) ) ;
#1511 = CARTESIAN_POINT ( 'NONE',  ( 4.200000000000000200, 0.4788582131113753300, -0.8294067547305469200 ) ) ;
#1512 = EDGE_LOOP ( 'NONE', ( #143, #3188, #2124, #1321, #825, #766, #664, #1143, #1978, #861 ) ) ;
#1513 = CARTESIAN_POINT ( 'NONE',  ( 4.518749999999999800, -0.4788582131113750000, -0.8294067547305470400 ) ) ;
#1514 = VERTEX_POINT ( 'NONE', #3580 ) ;
#1515 = CARTESIAN_POINT ( 'NONE',  ( -3.074999999999999300, -0.4788582131113736700, -0.8294067547305433700 ) ) ;
#1516 = CARTESIAN_POINT ( 'NONE',  ( -2.756249999999999200, 6.771535515813027900E-017, 1.105875672974058200 ) ) ;
#1517 = CARTESIAN_POINT ( 'NONE',  ( -4.755368987055537600, 0.8007161885370760500, 0.7670645261278544700 ) ) ;
#1518 = LINE ( 'NONE', #3880, #3153 ) ;
#1519 = CARTESIAN_POINT ( 'NONE',  ( 2.606249999999998800, 1.250000000000000000, -0.7216878364870320500 ) ) ;
#1520 = DIRECTION ( 'NONE',  ( 1.000000000000000000, 0.0000000000000000000, -0.0000000000000000000 ) ) ;
#1521 = CARTESIAN_POINT ( 'NONE',  ( -3.731249999999999300, 0.9577164262227466600, 0.5529378364870291000 ) ) ;
#1522 = CONICAL_SURFACE ( 'NONE', #1553, 1.300800000000000000, 0.7853981633974500600 ) ;
#1523 = CARTESIAN_POINT ( 'NONE',  ( 5.137500000000000200, 0.9577164262227504400, -0.5529378364870312100 ) ) ;
#1524 = EDGE_CURVE ( 'NONE', #3674, #61, #3950, .T. ) ;
#1525 = CARTESIAN_POINT ( 'NONE',  ( 1.687500000000000700, 8.838126989374223500E-017, -1.443375672974064300 ) ) ;
#1526 = ORIENTED_EDGE ( 'NONE', *, *, #1719, .T. ) ;
#1527 = CARTESIAN_POINT ( 'NONE',  ( -3.281250000000001300, -1.250000000000000200, -0.7216878364870317200 ) ) ;
#1528 = CARTESIAN_POINT ( 'NONE',  ( 1.030526474280212900, 0.4428661505148327500, -2.249999999999999600 ) ) ;
#1529 = CARTESIAN_POINT ( 'NONE',  ( -2.849999999999999200, 0.4788582131113733300, 0.8294067547305435900 ) ) ;
#1530 = CYLINDRICAL_SURFACE ( 'NONE', #2095, 0.9551764262227504500 ) ;
#1531 = ORIENTED_EDGE ( 'NONE', *, *, #1938, .F. ) ;
#1532 = CARTESIAN_POINT ( 'NONE',  ( -2.343749999999999600, 0.4788582131113734400, 0.8294067547305438200 ) ) ;
#1533 = CARTESIAN_POINT ( 'NONE',  ( 2.812500000000000400, 6.771535515813055000E-017, -1.105875672974062600 ) ) ;
#1534 = CIRCLE ( 'NONE', #1505, 2.250000000000000000 ) ;
#1535 = CALENDAR_DATE ( 2021, 9, 7 ) ;
#1536 = DIRECTION ( 'NONE',  ( 1.000000000000000000, 0.0000000000000000000, 0.0000000000000000000 ) ) ;
#1537 = CARTESIAN_POINT ( 'NONE',  ( 4.443749999999998800, 1.250000000000000000, 0.0000000000000000000 ) ) ;
#1538 = CARTESIAN_POINT ( 'NONE',  ( -4.593749999999999100, 0.4788582131113734400, 0.8294067547305438200 ) ) ;
#1539 = CARTESIAN_POINT ( 'NONE',  ( 1.875000000000000400, -0.4788582131113750000, -0.8294067547305470400 ) ) ;
#1540 = CARTESIAN_POINT ( 'NONE',  ( 1.612500000000000500, -1.250000000000000000, -0.7216878364870325000 ) ) ;
#1541 = CARTESIAN_POINT ( 'NONE',  ( -3.431250000000001200, 8.838126989374223500E-017, 1.443375672974064300 ) ) ;
#1542 = CARTESIAN_POINT ( 'NONE',  ( -4.293750000000002000, -0.6249999999999996700, 1.082531754730548400 ) ) ;
#1543 = CARTESIAN_POINT ( 'NONE',  ( -4.424999999999998900, -0.4788582131113736700, -0.8294067547305433700 ) ) ;
#1544 = B_SPLINE_CURVE_WITH_KNOTS ( 'NONE', 3,
 ( #2253, #2882, #1353, #118 ),
 .UNSPECIFIED., .F., .F.,
 ( 4, 4 ),
 ( 2.380746839933278300E-007, 0.001314652396222794100 ),
 .UNSPECIFIED. ) ;
#1545 = CARTESIAN_POINT ( 'NONE',  ( -3.243749999999999000, 0.4788582131113734400, 0.8294067547305438200 ) ) ;
#1546 = ADVANCED_FACE ( 'NONE', ( #1684 ), #852, .T. ) ;
#1547 = CARTESIAN_POINT ( 'NONE',  ( 1.846891302134194600, -0.06973547535386062600, -0.9645677283569441500 ) ) ;
#1548 = CARTESIAN_POINT ( 'NONE',  ( 2.118749999999999000, 0.6250000000000001100, -1.082531754730548400 ) ) ;
#1549 = CARTESIAN_POINT ( 'NONE',  ( -4.762499999999999300, -1.249999999999999800, 0.7216878364870323900 ) ) ;
#1550 = CARTESIAN_POINT ( 'NONE',  ( 2.662499999999999600, -0.9577164262227506600, 0.5529378364870309900 ) ) ;
#1551 = CARTESIAN_POINT ( 'NONE',  ( 1.762500000000001100, 1.250000000000000000, -0.7216878364870320500 ) ) ;
#1552 = ORIENTED_EDGE ( 'NONE', *, *, #418, .T. ) ;
#1553 = AXIS2_PLACEMENT_3D ( 'NONE', #472, #2900, #808 ) ;
#1554 = CARTESIAN_POINT ( 'NONE',  ( -3.506250000000001000, 1.250000000000000000, 0.7216878364870320500 ) ) ;
#1555 = CARTESIAN_POINT ( 'NONE',  ( 0.9097107383696835200, 1.088861940770093000, -2.250000000000000000 ) ) ;
#1556 = CARTESIAN_POINT ( 'NONE',  ( -3.824999999999999300, 0.9577164262227465500, 0.0000000000000000000 ) ) ;
#1557 = EDGE_LOOP ( 'NONE', ( #2790, #800, #3244, #2189, #3324 ) ) ;
#1558 = CARTESIAN_POINT ( 'NONE',  ( -3.056249999999999500, -0.9577164262227467800, -0.5529378364870287700 ) ) ;
#1559 = CARTESIAN_POINT ( 'NONE',  ( 2.287500000000000500, 1.249999999999999600, 0.7216878364870329400 ) ) ;
#1560 = ORIENTED_EDGE ( 'NONE', *, *, #3298, .T. ) ;
#1561 = DIRECTION ( 'NONE',  ( -1.000000000000000000, -0.0000000000000000000, -0.0000000000000000000 ) ) ;
#1562 = EDGE_CURVE ( 'NONE', #2960, #1232, #690, .T. ) ;
#1563 = CARTESIAN_POINT ( 'NONE',  ( 2.418749999999998800, -1.250000000000000000, -1.530808498934191600E-016 ) ) ;
#1564 = CARTESIAN_POINT ( 'NONE',  ( -4.874999999999999100, 0.6250000000000000000, 1.082531754730548200 ) ) ;
#1565 = CARTESIAN_POINT ( 'NONE',  ( 0.8625000000000003800, -0.9577164262227506600, 0.5529378364870309900 ) ) ;
#1566 = FACE_OUTER_BOUND ( 'NONE', #3526, .T. ) ;
#1567 = ADVANCED_FACE ( 'NONE', ( #3702 ), #2875, .T. ) ;
#1568 = CARTESIAN_POINT ( 'NONE',  ( 1.387500000000000600, 1.249999999999999800, 0.7216878364870329400 ) ) ;
#1569 = CARTESIAN_POINT ( 'NONE',  ( -4.406250000000001800, 1.250000000000000000, 0.7216878364870320500 ) ) ;
#1570 = CARTESIAN_POINT ( 'NONE',  ( 3.243749999999999000, -0.6250000000000005600, 1.082531754730548200 ) ) ;
#1571 = CARTESIAN_POINT ( 'NONE',  ( -4.462499999999999500, -0.9577164262227466600, -0.5529378364870287700 ) ) ;
#1572 = ORIENTED_EDGE ( 'NONE', *, *, #3171, .F. ) ;
#1573 = CARTESIAN_POINT ( 'NONE',  ( -3.281249999999999600, 0.9577164262227465500, 0.5529378364870289900 ) ) ;
#1574 = ORIENTED_EDGE ( 'NONE', *, *, #3852, .F. ) ;
#1575 = ORIENTED_EDGE ( 'NONE', *, *, #3615, .T. ) ;
#1576 = CARTESIAN_POINT ( 'NONE',  ( 1.050000000000000500, 0.0000000000000000000, -1.250000000000000000 ) ) ;
#1577 = CARTESIAN_POINT ( 'NONE',  ( 2.681249999999999000, 1.249999999999999800, 0.7216878364870329400 ) ) ;
#1578 = CARTESIAN_POINT ( 'NONE',  ( -3.824999999999999300, -1.249999999999999800, 1.530808498934191300E-016 ) ) ;
#1579 = CARTESIAN_POINT ( 'NONE',  ( 1.275000000000000100, -0.4788582131113756100, 0.8294067547305467000 ) ) ;
#1580 = EDGE_CURVE ( 'NONE', #990, #3690, #3311, .T. ) ;
#1581 = ORIENTED_EDGE ( 'NONE', *, *, #857, .T. ) ;
#1582 = CARTESIAN_POINT ( 'NONE',  ( 1.743750000000000600, -0.9577164262227504400, -1.172864355864533500E-016 ) ) ;
#1583 = FACE_OUTER_BOUND ( 'NONE', #3957, .T. ) ;
#1584 = CARTESIAN_POINT ( 'NONE',  ( -4.537499999999998800, -0.9577164262227463300, 0.5529378364870293200 ) ) ;
#1585 = COORDINATED_UNIVERSAL_TIME_OFFSET ( 6, 0, .BEHIND. ) ;
#1586 = CARTESIAN_POINT ( 'NONE',  ( -4.293749999999999300, 0.4788582131113726700, -0.8294067547305441500 ) ) ;
#1587 = VECTOR ( 'NONE', #3863, 1000.000000000000000 ) ;
#1588 = CARTESIAN_POINT ( 'NONE',  ( -4.950000000000000200, -0.2198835176872584200, 2.250000000000000000 ) ) ;
#1589 = ADVANCED_FACE ( 'NONE', ( #2410 ), #3409, .T. ) ;
#1590 = CARTESIAN_POINT ( 'NONE',  ( -4.462499999999999500, -0.9577164262227465500, -0.5529378364870287700 ) ) ;
#1591 = CARTESIAN_POINT ( 'NONE',  ( 3.243749999999999000, -0.6250000000000005600, 1.082531754730548200 ) ) ;
#1592 = CARTESIAN_POINT ( 'NONE',  ( -3.224999999999999600, 0.6249999999999990000, -1.082531754730548600 ) ) ;
#1593 = CARTESIAN_POINT ( 'NONE',  ( 4.275000000000000400, -1.250000000000000000, -1.530808498934191600E-016 ) ) ;
#1594 = CARTESIAN_POINT ( 'NONE',  ( 3.131250000000000100, -0.9577164262227502200, -0.5529378364870316500 ) ) ;
#1595 = CARTESIAN_POINT ( 'NONE',  ( -3.749999999999999100, 0.4788582131113733300, 0.8294067547305435900 ) ) ;
#1596 = PERSON_AND_ORGANIZATION_ROLE ( 'design_supplier' ) ;
#1597 = CARTESIAN_POINT ( 'NONE',  ( -4.818749999999999600, -0.4788582131113737800, -0.8294067547305435900 ) ) ;
#1598 = DIRECTION ( 'NONE',  ( -1.799403179088364300E-017, 0.08718178128765191600, -0.9961924196717780700 ) ) ;
#1599 = ORIENTED_EDGE ( 'NONE', *, *, #1508, .T. ) ;
#1600 = CARTESIAN_POINT ( 'NONE',  ( -4.537499999999998800, -0.9577164262227463300, 0.5529378364870293200 ) ) ;
#1601 = CARTESIAN_POINT ( 'NONE',  ( 1.818749999999999200, 0.6249999999999991100, 1.082531754730548900 ) ) ;
#1602 = CARTESIAN_POINT ( 'NONE',  ( -4.912499999999998800, 1.250000000000000000, 0.7216878364870319400 ) ) ;
#1603 = DIRECTION ( 'NONE',  ( 0.0000000000000000000, 0.0000000000000000000, 1.000000000000000000 ) ) ;
#1604 = ORIENTED_EDGE ( 'NONE', *, *, #1938, .T. ) ;
#1605 = CARTESIAN_POINT ( 'NONE',  ( 4.612500000000000700, 6.771535515813055000E-017, -1.105875672974062600 ) ) ;
#1606 = ADVANCED_FACE ( 'NONE', ( #3459 ), #3125, .F. ) ;
#1607 = CARTESIAN_POINT ( 'NONE',  ( 3.581250000000000300, -0.9577164262227502200, -0.5529378364870316500 ) ) ;
#1608 = EDGE_LOOP ( 'NONE', ( #369, #2739, #1202, #91 ) ) ;
#1609 = CARTESIAN_POINT ( 'NONE',  ( -2.531250000000001300, 8.838126989374223500E-017, 1.443375672974064300 ) ) ;
#1610 =( LENGTH_UNIT ( ) NAMED_UNIT ( * ) SI_UNIT ( .MILLI., .METRE. ) );
#1611 = CARTESIAN_POINT ( 'NONE',  ( -3.393749999999999400, 0.4788582131113726700, -0.8294067547305441500 ) ) ;
#1612 = DIRECTION ( 'NONE',  ( 0.0000000000000000000, 0.0000000000000000000, -1.000000000000000000 ) ) ;
#1613 = VERTEX_POINT ( 'NONE', #2928 ) ;
#1614 =( GEOMETRIC_REPRESENTATION_CONTEXT ( 3 ) GLOBAL_UNCERTAINTY_ASSIGNED_CONTEXT ( ( #901 ) ) GLOBAL_UNIT_ASSIGNED_CONTEXT ( ( #1610, #3178, #108 ) ) REPRESENTATION_CONTEXT ( 'NONE', 'WORKASPACE' ) );
#1615 = CARTESIAN_POINT ( 'NONE',  ( -4.499999999999999100, -0.9577164262227465500, 1.172864355864528600E-016 ) ) ;
#1616 = CARTESIAN_POINT ( 'NONE',  ( 1.181249999999999000, 8.838126989374223500E-017, -1.443375672974064300 ) ) ;
#1617 = CARTESIAN_POINT ( 'NONE',  ( -2.399999999999999900, -0.6250000000000004400, -1.082531754730548000 ) ) ;
#1618 = CARTESIAN_POINT ( 'NONE',  ( 4.904783573777248900, -0.9031866828125493200, 0.3425710391031667200 ) ) ;
#1619 = CARTESIAN_POINT ( 'NONE',  ( 2.943750000000000100, 0.4788582131113745000, 0.8294067547305473700 ) ) ;
#1620 = CARTESIAN_POINT ( 'NONE',  ( -2.831250000000001200, -1.250000000000000200, -0.7216878364870317200 ) ) ;
#1621 = PERSON_AND_ORGANIZATION_ROLE ( 'design_owner' ) ;
#1622 = CARTESIAN_POINT ( 'NONE',  ( -4.743749999999998600, 0.4788582131113726700, -0.8294067547305441500 ) ) ;
#1623 = EDGE_LOOP ( 'NONE', ( #278, #2064, #50, #3116, #1439, #3761 ) ) ;
#1624 = ADVANCED_FACE ( 'NONE', ( #1398 ), #2313, .T. ) ;
#1625 = ORIENTED_EDGE ( 'NONE', *, *, #1959, .T. ) ;
#1626 = CARTESIAN_POINT ( 'NONE',  ( 1.631249999999999000, 8.838126989374223500E-017, -1.443375672974064300 ) ) ;
#1627 = CARTESIAN_POINT ( 'NONE',  ( -2.737499999999999800, 1.249999999999999600, -0.7216878364870328300 ) ) ;
#1628 = CARTESIAN_POINT ( 'NONE',  ( 1.050000000000000500, 0.0000000000000000000, 0.0000000000000000000 ) ) ;
#1629 = AXIS2_PLACEMENT_3D ( 'NONE', #2023, #2378, #529 ) ;
#1630 = LINE ( 'NONE', #470, #26 ) ;
#1631 = CARTESIAN_POINT ( 'NONE',  ( 4.724999999999999600, 0.9577164262227504400, 0.0000000000000000000 ) ) ;
#1632 = DIRECTION ( 'NONE',  ( 0.0000000000000000000, -0.9961924196717779600, -0.08718178128765190200 ) ) ;
#1633 = CARTESIAN_POINT ( 'NONE',  ( -2.681250000000001700, 1.249999999999999800, -0.7216878364870329400 ) ) ;
#1634 = APPROVAL_STATUS ( 'not_yet_approved' ) ;
#1635 = CARTESIAN_POINT ( 'NONE',  ( -3.581249999999999400, -0.9577164262227465500, 0.5529378364870294300 ) ) ;
#1636 = CARTESIAN_POINT ( 'NONE',  ( 5.193749999999998800, -0.6249999999999996700, -1.082531754730548400 ) ) ;
#1637 = CARTESIAN_POINT ( 'NONE',  ( -4.818750000000001400, 0.6250000000000001100, 1.082531754730548400 ) ) ;
#1638 = CARTESIAN_POINT ( 'NONE',  ( -4.931072655435218400, -0.4380965593092926400, 2.249999999999999600 ) ) ;
#1639 = EDGE_CURVE ( 'NONE', #728, #2047, #2071, .T. ) ;
#1640 = CARTESIAN_POINT ( 'NONE',  ( -3.599999999999999200, -0.9577164262227465500, 1.172864355864528600E-016 ) ) ;
#1641 = CARTESIAN_POINT ( 'NONE',  ( -2.212499999999999500, 1.250000000000000000, 0.7216878364870319400 ) ) ;
#1642 = CARTESIAN_POINT ( 'NONE',  ( -3.243750000000001200, -0.6250000000000005600, -1.082531754730548200 ) ) ;
#1643 = CARTESIAN_POINT ( 'NONE',  ( 4.237499999999999800, 0.9577164262227504400, -0.5529378364870312100 ) ) ;
#1644 = CARTESIAN_POINT ( 'NONE',  ( 4.709670993628442700, -0.2358776235425591700, -1.152829006371980800 ) ) ;
#1645 = CARTESIAN_POINT ( 'NONE',  ( -2.774999999999999500, -0.4788582131113730500, 0.8294067547305437000 ) ) ;
#1646 = CARTESIAN_POINT ( 'NONE',  ( -2.231249999999999300, -0.9577164262227465500, 0.5529378364870294300 ) ) ;
#1647 = CARTESIAN_POINT ( 'NONE',  ( 1.387500000000000000, -0.9577164262227502200, -0.5529378364870316500 ) ) ;
#1648 = ORIENTED_EDGE ( 'NONE', *, *, #3641, .F. ) ;
#1649 = DIRECTION ( 'NONE',  ( -1.000000000000000000, -0.0000000000000000000, -0.0000000000000000000 ) ) ;
#1650 = CARTESIAN_POINT ( 'NONE',  ( 2.250000000000000400, -0.9577164262227504400, -1.172864355864533500E-016 ) ) ;
#1651 = ORIENTED_EDGE ( 'NONE', *, *, #2708, .F. ) ;
#1652 = EDGE_CURVE ( 'NONE', #2904, #3254, #2794, .T. ) ;
#1653 = CARTESIAN_POINT ( 'NONE',  ( 4.237499999999999800, 0.9577164262227504400, -0.5529378364870312100 ) ) ;
#1654 = CARTESIAN_POINT ( 'NONE',  ( -2.363264322440660400, -4.727900197186512100E-005, -1.249999998338097800 ) ) ;
#1655 = CARTESIAN_POINT ( 'NONE',  ( -4.857595278464907000, 0.3349213077484450900, 1.250008765788158000 ) ) ;
#1656 = CARTESIAN_POINT ( 'NONE',  ( -3.393750000000001200, -0.6249999999999996700, 1.082531754730548400 ) ) ;
#1657 = B_SPLINE_CURVE_WITH_KNOTS ( 'NONE', 3,
 ( #1710, #1131, #1093, #3222 ),
 .UNSPECIFIED., .F., .F.,
 ( 4, 4 ),
 ( 0.0000000000000000000, 1.000000000000000000 ),
 .UNSPECIFIED. ) ;
#1658 = ORIENTED_EDGE ( 'NONE', *, *, #2616, .F. ) ;
#1659 = CARTESIAN_POINT ( 'NONE',  ( -2.962499999999999900, -1.249999999999999600, 0.7216878364870325000 ) ) ;
#1660 = CARTESIAN_POINT ( 'NONE',  ( -2.962499999999999000, 0.9577164262227462200, -0.5529378364870295400 ) ) ;
#1661 = CARTESIAN_POINT ( 'NONE',  ( 1.500000000000000000, 0.4788582131113753300, -0.8294067547305469200 ) ) ;
#1662 = EDGE_CURVE ( 'NONE', #920, #2401, #784, .T. ) ;
#1663 = CYLINDRICAL_SURFACE ( 'NONE', #489, 1.250000000000000000 ) ;
#1664 = CARTESIAN_POINT ( 'NONE',  ( 1.840039999999999900, -0.8127136422835428100, -0.5066727629378690000 ) ) ;
#1665 =( BOUNDED_CURVE ( )  B_SPLINE_CURVE ( 1, ( #841, #634 ),
 .UNSPECIFIED., .F., .F. ) 
 B_SPLINE_CURVE_WITH_KNOTS ( ( 2, 2 ),
 ( 0.0000000000000000000, 1.000000000000000000 ),
 .UNSPECIFIED. ) 
 CURVE ( )  GEOMETRIC_REPRESENTATION_ITEM ( )  RATIONAL_B_SPLINE_CURVE ( ( 0.9788617560537491400, 0.9788617560537491400 ) ) 
 REPRESENTATION_ITEM ( '' )  );
#1666 = ADVANCED_FACE ( 'NONE', ( #1205 ), #300, .T. ) ;
#1667 = CC_DESIGN_PERSON_AND_ORGANIZATION_ASSIGNMENT ( #173, #2229, ( #3384 ) ) ;
#1668 = VERTEX_POINT ( 'NONE', #3825 ) ;
#1669 = CARTESIAN_POINT ( 'NONE',  ( 4.724999999999999600, 0.9577164262227504400, 0.0000000000000000000 ) ) ;
#1670 = CARTESIAN_POINT ( 'NONE',  ( -4.606916426222749500, -0.07129973764662719800, 0.9550586895413241100 ) ) ;
#1671 = DIRECTION ( 'NONE',  ( -1.000000000000000000, -0.0000000000000000000, -0.0000000000000000000 ) ) ;
#1672 = VERTEX_POINT ( 'NONE', #1679 ) ;
#1673 = CARTESIAN_POINT ( 'NONE',  ( 0.9937500000000006900, 0.4788582131113753300, -0.8294067547305469200 ) ) ;
#1674 = CARTESIAN_POINT ( 'NONE',  ( -2.699999999999999300, -0.9577164262227465500, 1.172864355864528600E-016 ) ) ;
#1675 = CARTESIAN_POINT ( 'NONE',  ( -2.049999999999998900, 0.0000000000000000000, 1.250000000000000000 ) ) ;
#1676 = EDGE_LOOP ( 'NONE', ( #3378, #1442, #3207, #52, #3550, #902 ) ) ;
#1677 = CARTESIAN_POINT ( 'NONE',  ( -2.418749999999999300, 0.9577164262227466600, 0.0000000000000000000 ) ) ;
#1678 = CARTESIAN_POINT ( 'NONE',  ( 1.725000000000000300, -0.4788582131113756100, 0.8294067547305467000 ) ) ;
#1679 = CARTESIAN_POINT ( 'NONE',  ( 4.950000000000000200, 0.0000000000000000000, 0.9125000000000000900 ) ) ;
#1680 = CIRCLE ( 'NONE', #773, 1.250000000000000000 ) ;
#1681 = CARTESIAN_POINT ( 'NONE',  ( -4.781250000000002700, -5.810221930991195700E-016, 1.250000000000000000 ) ) ;
#1682 = LOCAL_TIME ( 20, 27, 44.00000000000000000, #2264 ) ;
#1683 = CARTESIAN_POINT ( 'NONE',  ( 3.937500000000000400, -2.031460654743916600E-016, 1.105875672974062600 ) ) ;
#1684 = FACE_OUTER_BOUND ( 'NONE', #1046, .T. ) ;
#1685 = CARTESIAN_POINT ( 'NONE',  ( 0.8490381056766599400, -1.299038105676656500, -2.249999999999999600 ) ) ;
#1686 = CARTESIAN_POINT ( 'NONE',  ( 4.612500000000000700, -0.8919068644530457900, 0.8757865865275265000 ) ) ;
#1687 = CARTESIAN_POINT ( 'NONE',  ( 4.387500000000000200, -2.031460654743916600E-016, 1.105875672974062600 ) ) ;
#1688 = CARTESIAN_POINT ( 'NONE',  ( 2.625000000000000000, -0.4788582131113756100, 0.8294067547305467000 ) ) ;
#1689 = DIRECTION ( 'NONE',  ( 0.0000000000000000000, 0.0000000000000000000, 1.000000000000000000 ) ) ;
#1690 = CARTESIAN_POINT ( 'NONE',  ( -3.412499999999999600, 0.9577164262227462200, -0.5529378364870295400 ) ) ;
#1691 = CARTESIAN_POINT ( 'NONE',  ( 2.981249999999999300, 1.743066579297358300E-016, -1.250000000000000000 ) ) ;
#1692 = CARTESIAN_POINT ( 'NONE',  ( 4.773750975642649100, -0.8923063171963738800, 0.6288397429115463200 ) ) ;
#1693 = CARTESIAN_POINT ( 'NONE',  ( 5.006249999999998800, -2.651438096812267400E-016, 1.443375672974064300 ) ) ;
#1694 = CARTESIAN_POINT ( 'NONE',  ( 4.904783573777249800, -0.9450302765529287100, -0.1553657924228235800 ) ) ;
#1695 = CARTESIAN_POINT ( 'NONE',  ( 1.950000000000000400, 0.4788582131113753300, -0.8294067547305469200 ) ) ;
#1696 = CARTESIAN_POINT ( 'NONE',  ( -2.324999999999999300, -0.4788582131113730500, 0.8294067547305437000 ) ) ;
#1697 = CARTESIAN_POINT ( 'NONE',  ( 1.970984910727940000, 0.5392661737914474800, 0.9842111779789547400 ) ) ;
#1698 = CARTESIAN_POINT ( 'NONE',  ( 2.055525062138319600, 0.2889437086594561200, -1.146111233724205600 ) ) ;
#1699 = VERTEX_POINT ( 'NONE', #1966 ) ;
#1700 = CARTESIAN_POINT ( 'NONE',  ( -4.809846451659785400, -1.088391816142665300, -2.250000000000000000 ) ) ;
#1701 = ORIENTED_EDGE ( 'NONE', *, *, #564, .F. ) ;
#1702 = CARTESIAN_POINT ( 'NONE',  ( 0.8490381056766607100, -2.598076211353313800, -9.463550297850322100E-016 ) ) ;
#1703 = CARTESIAN_POINT ( 'NONE',  ( 3.075000000000000600, 0.6250000000000001100, -1.082531754730548400 ) ) ;
#1704 = DIRECTION ( 'NONE',  ( 1.000000000000000000, 0.0000000000000000000, 0.0000000000000000000 ) ) ;
#1705 = CARTESIAN_POINT ( 'NONE',  ( 1.050000000000000300, 1.948557158514987200, -1.124999999999999100 ) ) ;
#1706 = ORIENTED_EDGE ( 'NONE', *, *, #287, .T. ) ;
#1707 = AXIS2_PLACEMENT_3D ( 'NONE', #2106, #3304, #1471 ) ;
#1708 = CARTESIAN_POINT ( 'NONE',  ( -2.512499999999999300, 0.9577164262227462200, -0.5529378364870295400 ) ) ;
#1709 = CARTESIAN_POINT ( 'NONE',  ( 2.137500000000000600, 1.743066579297358300E-016, -1.250000000000000000 ) ) ;
#1710 = CARTESIAN_POINT ( 'NONE',  ( -2.412945053565398000, -1.245241263051537000, -0.1089687881634587200 ) ) ;
#1711 = CARTESIAN_POINT ( 'NONE',  ( -3.449999999999999700, -0.6249999999999995600, 1.082531754730548400 ) ) ;
#1712 = CARTESIAN_POINT ( 'NONE',  ( 4.950000000000000200, 0.0000000000000000000, 0.9125000000000000900 ) ) ;
#1713 = LINE ( 'NONE', #1283, #3779 ) ;
#1714 = CARTESIAN_POINT ( 'NONE',  ( -4.237499999999999800, -1.250000000000000000, -0.7216878364870316100 ) ) ;
#1715 = DIRECTION ( 'NONE',  ( 0.0000000000000000000, 0.0000000000000000000, -1.000000000000000000 ) ) ;
#1716 = CARTESIAN_POINT ( 'NONE',  ( 1.031250000000000000, 0.9577164262227504400, -0.5529378364870312100 ) ) ;
#1717 = CARTESIAN_POINT ( 'NONE',  ( 3.375000000000000400, -1.250000000000000000, -1.530808498934191600E-016 ) ) ;
#1718 = PLANE ( 'NONE',  #744 ) ;
#1719 = EDGE_CURVE ( 'NONE', #2333, #3062, #2974, .T. ) ;
#1720 = ORIENTED_EDGE ( 'NONE', *, *, #432, .T. ) ;
#1721 = CARTESIAN_POINT ( 'NONE',  ( 3.431250000000001200, -2.031460654743916600E-016, 1.105875672974062600 ) ) ;
#1722 = ORIENTED_EDGE ( 'NONE', *, *, #3021, .T. ) ;
#1723 = CARTESIAN_POINT ( 'NONE',  ( 2.737499999999999800, -0.9577164262227502200, -0.5529378364870316500 ) ) ;
#1724 = PRODUCT ( '98952A103_Aluminum Male-Female Threaded Hex Standoff', '98952A103_Aluminum Male-Female Threaded Hex Standoff', '', ( #3433 ) ) ;
#1725 = CARTESIAN_POINT ( 'NONE',  ( -4.950000000000000200, 1.948557158514987200, -1.124999999999999100 ) ) ;
#1726 = CARTESIAN_POINT ( 'NONE',  ( 1.850316728204654200, -6.783434104432219600E-015, -0.9679931544274043000 ) ) ;
#1727 = CARTESIAN_POINT ( 'NONE',  ( -4.749038105676774500, -1.299038105676829000, -2.249999999999999600 ) ) ;
#1728 = LINE ( 'NONE', #2541, #543 ) ;
#1729 = EDGE_LOOP ( 'NONE', ( #2284, #2487, #2724, #3446 ) ) ;
#1730 = CARTESIAN_POINT ( 'NONE',  ( -4.891300271467880400, 0.8072176432981871300, 0.9596811503967985800 ) ) ;
#1731 = CARTESIAN_POINT ( 'NONE',  ( -5.118749999999999500, 0.9577164262227466600, 0.0000000000000000000 ) ) ;
#1732 = CIRCLE ( 'NONE', #175, 1.250000000000000000 ) ;
#1733 = CARTESIAN_POINT ( 'NONE',  ( 2.006250000000000100, 0.9577164262227499900, 0.5529378364870317600 ) ) ;
#1734 = LOCAL_TIME ( 20, 27, 44.00000000000000000, #3901 ) ;
#1735 = CARTESIAN_POINT ( 'NONE',  ( 1.912500000000000500, -2.651438096812267400E-016, 1.443375672974064300 ) ) ;
#1736 = EDGE_CURVE ( 'NONE', #1277, #234, #3326, .T. ) ;
#1737 = CARTESIAN_POINT ( 'NONE',  ( 3.000000000000000000, 0.4788582131113745000, 0.8294067547305473700 ) ) ;
#1738 = CARTESIAN_POINT ( 'NONE',  ( 2.381250000000000100, 0.9577164262227504400, -0.5529378364870312100 ) ) ;
#1739 = CARTESIAN_POINT ( 'NONE',  ( -4.950000000000000200, 0.0000000000000000000, 1.300800000000000000 ) ) ;
#1740 = CARTESIAN_POINT ( 'NONE',  ( -4.749038105676774500, -1.299038105676829000, -2.249999999999999600 ) ) ;
#1741 = EDGE_CURVE ( 'NONE', #1138, #249, #303, .T. ) ;
#1742 = CARTESIAN_POINT ( 'NONE',  ( -2.050000060776843400, -1.171567791086341600, 0.4358083407518277800 ) ) ;
#1743 = CARTESIAN_POINT ( 'NONE',  ( 1.031057749522826400, -0.4381307464742625300, -2.249999999999999600 ) ) ;
#1744 = CARTESIAN_POINT ( 'NONE',  ( 0.9937500000000006900, 0.4788582131113753300, -0.8294067547305469200 ) ) ;
#1745 = AXIS2_PLACEMENT_3D ( 'NONE', #1433, #1671, #463 ) ;
#1746 = VERTEX_POINT ( 'NONE', #1694 ) ;
#1747 = ORIENTED_EDGE ( 'NONE', *, *, #649, .F. ) ;
#1748 = CARTESIAN_POINT ( 'NONE',  ( 3.337499999999999900, 0.9577164262227504400, -0.5529378364870312100 ) ) ;
#1749 = CARTESIAN_POINT ( 'NONE',  ( 2.643750000000000300, -0.9577164262227504400, -1.172864355864533500E-016 ) ) ;
#1750 = CARTESIAN_POINT ( 'NONE',  ( 2.737500000000000700, 1.249999999999999600, 0.7216878364870329400 ) ) ;
#1751 = CARTESIAN_POINT ( 'NONE',  ( 4.407596189432334600, 0.3349364905389034500, -1.250000000000000000 ) ) ;
#1752 = ORIENTED_EDGE ( 'NONE', *, *, #1927, .T. ) ;
#1753 = DIRECTION ( 'NONE',  ( -1.000000000000000000, -0.0000000000000000000, -0.0000000000000000000 ) ) ;
#1754 = CARTESIAN_POINT ( 'NONE',  ( -4.749038105676774500, -1.299038105676829400, 2.249999999999999600 ) ) ;
#1755 = CARTESIAN_POINT ( 'NONE',  ( 2.418750000000000200, 0.9577164262227504400, 0.0000000000000000000 ) ) ;
#1756 = ORIENTED_EDGE ( 'NONE', *, *, #2024, .F. ) ;
#1757 = VECTOR ( 'NONE', #1868, 1000.000000000000100 ) ;
#1758 = CARTESIAN_POINT ( 'NONE',  ( 1.050000000000000300, 0.0000000000000000000, 0.0000000000000000000 ) ) ;
#1759 = CARTESIAN_POINT ( 'NONE',  ( -2.049999999999998900, -1.245240893806328600, -0.1089730073853214900 ) ) ;
#1760 = CARTESIAN_POINT ( 'NONE',  ( 4.424999999999999800, 0.6250000000000001100, -1.082531754730548400 ) ) ;
#1761 = ORIENTED_EDGE ( 'NONE', *, *, #802, .F. ) ;
#1762 = CARTESIAN_POINT ( 'NONE',  ( 1.050000000000000500, 0.0000000000000000000, 0.0000000000000000000 ) ) ;
#1763 = CARTESIAN_POINT ( 'NONE',  ( 1.840039999999999900, -0.8127136422835428100, -0.5066727629378690000 ) ) ;
#1764 = EDGE_LOOP ( 'NONE', ( #1422, #1135, #2484, #496 ) ) ;
#1765 = CARTESIAN_POINT ( 'NONE',  ( 1.893750000000000500, 0.4788582131113753300, -0.8294067547305469200 ) ) ;
#1766 = EDGE_CURVE ( 'NONE', #3261, #2151, #3750, .T. ) ;
#1767 = ORIENTED_EDGE ( 'NONE', *, *, #2969, .T. ) ;
#1768 = CARTESIAN_POINT ( 'NONE',  ( 2.831249999999998000, -1.250000000000000200, 0.7216878364870317200 ) ) ;
#1769 = CARTESIAN_POINT ( 'NONE',  ( 3.656249999999999100, -4.938688641342514700E-016, 1.250000000000000000 ) ) ;
#1770 = CARTESIAN_POINT ( 'NONE',  ( -3.881250000000001400, -1.394453263437886600E-015, 1.250000000000000000 ) ) ;
#1771 = VECTOR ( 'NONE', #547, 1000.000000000000000 ) ;
#1772 = LOCAL_TIME ( 20, 27, 44.00000000000000000, #2363 ) ;
#1773 = CARTESIAN_POINT ( 'NONE',  ( 4.612499999999999800, 0.0000000000000000000, 0.0000000000000000000 ) ) ;
#1774 = DIRECTION ( 'NONE',  ( 0.0000000000000000000, 0.0000000000000000000, 1.000000000000000000 ) ) ;
#1775 = CONICAL_SURFACE ( 'NONE', #1133, 2.250000000000000000, 1.047197551196600100 ) ;
#1776 = CARTESIAN_POINT ( 'NONE',  ( -3.957596202755646200, 0.3349367125941192200, 1.249999871796361200 ) ) ;
#1777 = CARTESIAN_POINT ( 'NONE',  ( -4.866799203310018000, 0.1710186783870748000, 1.217599203314040600 ) ) ;
#1778 = DIRECTION ( 'NONE',  ( 1.000000000000000000, 0.0000000000000000000, 0.0000000000000000000 ) ) ;
#1779 = CARTESIAN_POINT ( 'NONE',  ( 4.612499999999999800, 6.771535515813055000E-017, -1.105875672974062600 ) ) ;
#1780 = EDGE_CURVE ( 'NONE', #1344, #2991, #94, .T. ) ;
#1781 = CARTESIAN_POINT ( 'NONE',  ( -4.717439483264996600, -1.162044386198238900E-015, -1.068239483264996000 ) ) ;
#1782 = CARTESIAN_POINT ( 'NONE',  ( -2.363264322440660400, -4.727900197186512100E-005, -1.249999998338097800 ) ) ;
#1783 = B_SPLINE_CURVE_WITH_KNOTS ( 'NONE', 3,
 ( #1702, #2641, #196, #2939 ),
 .UNSPECIFIED., .F., .F.,
 ( 4, 4 ),
 ( 2.380746839933476800E-007, 0.001314652396222794100 ),
 .UNSPECIFIED. ) ;
#1784 = CARTESIAN_POINT ( 'NONE',  ( -4.481249999999999300, -0.9577164262227465500, 0.5529378364870294300 ) ) ;
#1785 = AXIS2_PLACEMENT_3D ( 'NONE', #2273, #2312, #1715 ) ;
#1786 = ORIENTED_EDGE ( 'NONE', *, *, #2070, .T. ) ;
#1787 = CARTESIAN_POINT ( 'NONE',  ( -4.218749999999999100, 0.9577164262227466600, 0.0000000000000000000 ) ) ;
#1788 = CARTESIAN_POINT ( 'NONE',  ( 3.075000000000000200, -0.4788582131113756100, 0.8294067547305467000 ) ) ;
#1789 = CARTESIAN_POINT ( 'NONE',  ( 1.875000000000000900, 0.6249999999999991100, 1.082531754730548900 ) ) ;
#1790 = ORIENTED_EDGE ( 'NONE', *, *, #3360, .F. ) ;
#1791 = CARTESIAN_POINT ( 'NONE',  ( 1.837500000000000600, 0.0000000000000000000, 0.0000000000000000000 ) ) ;
#1792 = CARTESIAN_POINT ( 'NONE',  ( 2.137500000000000600, 1.743066579297358300E-016, -1.250000000000000000 ) ) ;
#1793 = VERTEX_POINT ( 'NONE', #2102 ) ;
#1794 = CARTESIAN_POINT ( 'NONE',  ( -4.556249999999999500, 6.771535515813027900E-017, 1.105875672974058200 ) ) ;
#1795 = CARTESIAN_POINT ( 'NONE',  ( 1.050000000000000500, 0.0000000000000000000, -1.250000000000000000 ) ) ;
#1796 = CARTESIAN_POINT ( 'NONE',  ( -4.012499999999999300, 1.250000000000000000, 0.7216878364870319400 ) ) ;
#1797 = CARTESIAN_POINT ( 'NONE',  ( -4.556250000000000400, 6.771535515813027900E-017, 1.105875672974058200 ) ) ;
#1798 = CARTESIAN_POINT ( 'NONE',  ( 5.099999999999999600, 0.4788582131113753300, -0.8294067547305469200 ) ) ;
#1799 = FACE_OUTER_BOUND ( 'NONE', #1805, .T. ) ;
#1800 = CARTESIAN_POINT ( 'NONE',  ( 5.006250000000000500, 6.771535515813055000E-017, -1.105875672974062600 ) ) ;
#1801 = DIRECTION ( 'NONE',  ( 0.0000000000000000000, 0.0000000000000000000, -1.000000000000000000 ) ) ;
#1802 = CARTESIAN_POINT ( 'NONE',  ( 3.693749999999999200, -0.6250000000000005600, 1.082531754730548200 ) ) ;
#1803 = CARTESIAN_POINT ( 'NONE',  ( 2.306249999999998600, 3.921899803419055800E-015, 1.250000000000000000 ) ) ;
#1804 = AXIS2_PLACEMENT_3D ( 'NONE', #2285, #2596, #759 ) ;
#1805 = EDGE_LOOP ( 'NONE', ( #3382, #1786, #2004, #364 ) ) ;
#1806 = B_SPLINE_CURVE_WITH_KNOTS ( 'NONE', 3,
 ( #132, #3820, #2283, #1945, #3187, #481, #1366, #467, #2909, #3176, #1644, #159 ),
 .UNSPECIFIED., .F., .F.,
 ( 4, 2, 2, 2, 2, 4 ),
 ( 3.263808719362495500E-017, 0.0007009616656029596300, 0.001051442498404423300, 0.001401923331205886700, 0.002102884996808813600, 0.002803846662411740500 ),
 .UNSPECIFIED. ) ;
#1807 = CARTESIAN_POINT ( 'NONE',  ( 1.050000000000000300, 0.0000000000000000000, 0.0000000000000000000 ) ) ;
#1808 = CARTESIAN_POINT ( 'NONE',  ( 4.783099131312385800, 1.070574895075087700, -0.1961711860374394700 ) ) ;
#1809 = EDGE_CURVE ( 'NONE', #2151, #3261, #2661, .T. ) ;
#1810 = DIRECTION ( 'NONE',  ( 1.000000000000000000, 0.0000000000000000000, 0.0000000000000000000 ) ) ;
#1811 = ORIENTED_EDGE ( 'NONE', *, *, #1332, .F. ) ;
#1812 = CARTESIAN_POINT ( 'NONE',  ( -4.124999999999999100, 0.6249999999999990000, -1.082531754730548600 ) ) ;
#1813 = CARTESIAN_POINT ( 'NONE',  ( 3.843750000000000000, 0.4788582131113745000, 0.8294067547305473700 ) ) ;
#1814 = CARTESIAN_POINT ( 'NONE',  ( -4.031249999999999100, -0.9577164262227465500, 0.5529378364870294300 ) ) ;
#1815 = CARTESIAN_POINT ( 'NONE',  ( 3.675000000000000300, -0.4788582131113750000, -0.8294067547305470400 ) ) ;
#1816 = ORIENTED_EDGE ( 'NONE', *, *, #444, .T. ) ;
#1817 = CARTESIAN_POINT ( 'NONE',  ( 5.118750000000000400, 0.9577164262227504400, 0.0000000000000000000 ) ) ;
#1818 = CARTESIAN_POINT ( 'NONE',  ( -4.556250000000001200, -2.651438096812267400E-016, -1.443375672974064300 ) ) ;
#1819 = CARTESIAN_POINT ( 'NONE',  ( -4.785246812949577800, -1.142005426663362800, -0.09427770554285384900 ) ) ;
#1820 = FACE_OUTER_BOUND ( 'NONE', #1340, .T. ) ;
#1821 = CARTESIAN_POINT ( 'NONE',  ( -3.937499999999999100, -2.031460654743907800E-016, -1.105875672974058200 ) ) ;
#1822 = CARTESIAN_POINT ( 'NONE',  ( -3.468749999999999600, -0.4788582131113737800, -0.8294067547305435900 ) ) ;
#1823 = CARTESIAN_POINT ( 'NONE',  ( 3.507596189432334200, 0.3349364905389024500, -1.250000000000000200 ) ) ;
#1824 = CARTESIAN_POINT ( 'NONE',  ( 4.387500000000000200, 1.743066579297358300E-016, -1.250000000000000000 ) ) ;
#1825 = CARTESIAN_POINT ( 'NONE',  ( 2.643749999999998900, 1.250000000000000000, 0.0000000000000000000 ) ) ;
#1826 = CARTESIAN_POINT ( 'NONE',  ( 4.406250000000000000, -0.9577164262227506600, 0.5529378364870309900 ) ) ;
#1827 = CARTESIAN_POINT ( 'NONE',  ( -3.581249999999999400, -0.9577164262227465500, 0.5529378364870294300 ) ) ;
#1828 = CARTESIAN_POINT ( 'NONE',  ( 3.525000000000000400, -0.4788582131113756100, 0.8294067547305467000 ) ) ;
#1829 = CARTESIAN_POINT ( 'NONE',  ( 4.106250000000000200, 6.771535515813055000E-017, -1.105875672974062600 ) ) ;
#1830 = CARTESIAN_POINT ( 'NONE',  ( -4.743750000000001200, -0.6249999999999996700, 1.082531754730548400 ) ) ;
#1831 = CARTESIAN_POINT ( 'NONE',  ( -2.813666609718423800, -7.292747344040713300E-005, -1.249999996128038400 ) ) ;
#1832 = CARTESIAN_POINT ( 'NONE',  ( -2.774999999999999500, -0.4788582131113730500, 0.8294067547305437000 ) ) ;
#1833 =( BOUNDED_SURFACE ( )  B_SPLINE_SURFACE ( 1, 2, ( 
 ( #578, #1187, #3377, #1848, #2776, #3391, #3072, #54, #322, #2180, #3101, #1239, #658, #3717, #933, #349, #1265, #29, #2470, #1571, #1543, #630, #3693, #40, #2496, #2150, #2168, #1214, #335, #614, #2483, #646, #9, #1821, #69, #2788, #1556, #958, #3084, #1251, #3351, #360, #3706, #2797, #1861, #973, #3408, #2762, #3057, #1224, #1876, #310, #673, #2192, #2133, #3039, #1515, #2454, #2516, #2811, #3663, #3366, #1529, #3679, #1832, #3748, #1320, #1885, #1028, #1330, #3434, #2259, #2230, #3464, #2850, #3419, #1293, #1308, #1282, #2861, #709 ),
 ( #3449, #403, #3114, #2576, #123, #2549, #698, #2206, #1597, #2220, #1622, #93, #3760, #414, #3785, #109, #1896, #2526, #2246, #82, #688, #3139, #1586, #3151, #2823, #1001, #3731, #3128, #375, #388, #3772, #2538, #1036, #1925, #736, #2563, #2838, #723, #989, #3167, #3474, #1635, #1936, #134, #427, #1013, #1611, #1911, #2599, #3216, #760, #3837, #162, #1992, #2926, #2898, #485, #3545, #746, #186, #1098, #3808, #2287, #1399, #1073, #457, #3205, #1369, #2314, #1963, #3518, #1048, #1677, #442, #3823, #1975, #3800, #1646, #3850, #179, #1382 ) ),
 .UNSPECIFIED., .F., .F., .F. ) 
 B_SPLINE_SURFACE_WITH_KNOTS ( ( 2, 2 ),
 ( 3, 2, 2, 2, 2, 2, 2, 2, 2, 2, 2, 2, 2, 2, 2, 2, 2, 2, 2, 2, 2, 2, 2, 2, 2, 2, 2, 2, 2, 2, 2, 2, 2, 2, 2, 2, 2, 2, 2, 2, 3 ),
 ( 0.0000000000000000000, 1.000000000000000000 ),
 ( 0.0000000000000000000, 0.02380952380952380800, 0.04761904761904761600, 0.07142857142857142500, 0.09523809523809523300, 0.1190476190476190400, 0.1428571428571428500, 0.1666666666666666600, 0.1904761904761904700, 0.2142857142857142700, 0.2380952380952380800, 0.2619047619047619200, 0.2857142857142857000, 0.3095238095238095300, 0.3333333333333333100, 0.3571428571428571500, 0.3809523809523809300, 0.4047619047619047700, 0.4285714285714285500, 0.4523809523809523800, 0.4761904761904761600, 0.5000000000000000000, 0.5238095238095238400, 0.5476190476190476700, 0.5714285714285714000, 0.5952380952380952300, 0.6190476190476190700, 0.6428571428571429000, 0.6666666666666666300, 0.6904761904761904700, 0.7142857142857143000, 0.7380952380952381400, 0.7619047619047618600, 0.7857142857142857000, 0.8095238095238095300, 0.8333333333333333700, 0.8571428571428571000, 0.8809523809523809300, 0.9047619047619047700, 0.9285714285714286000, 0.9306272463470427500 ),
 .UNSPECIFIED. ) 
 GEOMETRIC_REPRESENTATION_ITEM ( )  RATIONAL_B_SPLINE_SURFACE ( (
 ( 1.000000000000000000, 0.8660254037844387100, 1.000000000000000000, 0.8660254037844387100, 1.000000000000000000, 0.8660254037844387100, 1.000000000000000000, 0.8660254037844387100, 1.000000000000000000, 0.8660254037844387100, 1.000000000000000000, 0.8660254037844387100, 1.000000000000000000, 0.8660254037844387100, 1.000000000000000000, 0.8660254037844387100, 1.000000000000000000, 0.8660254037844387100, 1.000000000000000000, 0.8660254037844387100, 1.000000000000000000, 0.8660254037844387100, 1.000000000000000000, 0.8660254037844387100, 1.000000000000000000, 0.8660254037844387100, 1.000000000000000000, 0.8660254037844387100, 1.000000000000000000, 0.8660254037844387100, 1.000000000000000000, 0.8660254037844387100, 1.000000000000000000, 0.8660254037844387100, 1.000000000000000000, 0.8660254037844387100, 1.000000000000000000, 0.8660254037844387100, 1.000000000000000000, 0.8660254037844387100, 1.000000000000000000, 0.8660254037844387100, 1.000000000000000000, 0.8660254037844387100, 1.000000000000000000, 0.8660254037844387100, 1.000000000000000000, 0.8660254037844387100, 1.000000000000000000, 0.8660254037844387100, 1.000000000000000000, 0.8660254037844387100, 1.000000000000000000, 0.8660254037844387100, 1.000000000000000000, 0.8660254037844387100, 1.000000000000000000, 0.8660254037844387100, 1.000000000000000000, 0.8660254037844387100, 1.000000000000000000, 0.8660254037844387100, 1.000000000000000000, 0.8660254037844387100, 1.000000000000000000, 0.8660254037844387100, 1.000000000000000000, 0.8660254037844387100, 1.000000000000000000, 0.8660254037844387100, 1.000000000000000000, 0.8660254037844387100, 1.000000000000000000, 0.8660254037844387100, 1.000000000000000000, 0.8660254037844387100, 1.000000000000000000, 0.8660254037844387100, 1.000000000000000000, 0.9884320510320114800, 0.9788617560537491400),
 ( 1.000000000000000000, 0.8660254037844387100, 1.000000000000000000, 0.8660254037844387100, 1.000000000000000000, 0.8660254037844387100, 1.000000000000000000, 0.8660254037844387100, 1.000000000000000000, 0.8660254037844387100, 1.000000000000000000, 0.8660254037844387100, 1.000000000000000000, 0.8660254037844387100, 1.000000000000000000, 0.8660254037844387100, 1.000000000000000000, 0.8660254037844387100, 1.000000000000000000, 0.8660254037844387100, 1.000000000000000000, 0.8660254037844387100, 1.000000000000000000, 0.8660254037844387100, 1.000000000000000000, 0.8660254037844387100, 1.000000000000000000, 0.8660254037844387100, 1.000000000000000000, 0.8660254037844387100, 1.000000000000000000, 0.8660254037844387100, 1.000000000000000000, 0.8660254037844387100, 1.000000000000000000, 0.8660254037844387100, 1.000000000000000000, 0.8660254037844387100, 1.000000000000000000, 0.8660254037844387100, 1.000000000000000000, 0.8660254037844387100, 1.000000000000000000, 0.8660254037844387100, 1.000000000000000000, 0.8660254037844387100, 1.000000000000000000, 0.8660254037844387100, 1.000000000000000000, 0.8660254037844387100, 1.000000000000000000, 0.8660254037844387100, 1.000000000000000000, 0.8660254037844387100, 1.000000000000000000, 0.8660254037844387100, 1.000000000000000000, 0.8660254037844387100, 1.000000000000000000, 0.8660254037844387100, 1.000000000000000000, 0.8660254037844387100, 1.000000000000000000, 0.8660254037844387100, 1.000000000000000000, 0.8660254037844387100, 1.000000000000000000, 0.8660254037844387100, 1.000000000000000000, 0.8660254037844387100, 1.000000000000000000, 0.8660254037844387100, 1.000000000000000000, 0.8660254037844387100, 1.000000000000000000, 0.8660254037844387100, 1.000000000000000000, 0.8660254037844387100, 1.000000000000000000, 0.9884320510320114800, 0.9788617560537491400) ) ) 
 REPRESENTATION_ITEM ( '' )  SURFACE ( )  );
#1834 = AXIS2_PLACEMENT_3D ( 'NONE', #2752, #3287, #3948 ) ;
#1835 = DIRECTION ( 'NONE',  ( -0.7071067811865463500, 0.0000000000000000000, 0.7071067811865487900 ) ) ;
#1836 = ORIENTED_EDGE ( 'NONE', *, *, #2892, .F. ) ;
#1837 = CARTESIAN_POINT ( 'NONE',  ( 3.262500000000000600, -4.938688641342514700E-016, 1.250000000000000000 ) ) ;
#1838 = EDGE_CURVE ( 'NONE', #3915, #3621, #3353, .T. ) ;
#1839 = CARTESIAN_POINT ( 'NONE',  ( 2.606249999999998800, 1.250000000000000000, -0.7216878364870320500 ) ) ;
#1840 = CARTESIAN_POINT ( 'NONE',  ( -3.449999999999999700, -0.6249999999999995600, 1.082531754730548400 ) ) ;
#1841 = CARTESIAN_POINT ( 'NONE',  ( 2.100000000000000100, 0.4788582131113745000, 0.8294067547305473700 ) ) ;
#1842 = ORIENTED_EDGE ( 'NONE', *, *, #2409, .T. ) ;
#1843 = ADVANCED_FACE ( 'NONE', ( #1492 ), #3018, .T. ) ;
#1844 = CARTESIAN_POINT ( 'NONE',  ( 0.6750000000000011500, -1.250000000000000000, -1.530808498934191600E-016 ) ) ;
#1845 = ORIENTED_EDGE ( 'NONE', *, *, #3791, .T. ) ;
#1846 = CARTESIAN_POINT ( 'NONE',  ( -4.481250000000002000, 1.249999999999999800, -0.7216878364870329400 ) ) ;
#1847 = CARTESIAN_POINT ( 'NONE',  ( 3.712499999999999500, 1.714015469642402100E-015, 1.250000000000000000 ) ) ;
#1848 = CARTESIAN_POINT ( 'NONE',  ( -5.062499999999999100, 6.771535515813026700E-017, 1.105875672974058200 ) ) ;
#1849 = CARTESIAN_POINT ( 'NONE',  ( -3.318749999999999200, 0.9577164262227466600, 0.0000000000000000000 ) ) ;
#1850 = CYLINDRICAL_SURFACE ( 'NONE', #3177, 1.250000000000000000 ) ;
#1851 = CARTESIAN_POINT ( 'NONE',  ( -2.412945053565398000, -1.245241263051537000, -0.1089687881634587200 ) ) ;
#1852 = CARTESIAN_POINT ( 'NONE',  ( 2.756249999999998800, 3.921899803419055800E-015, 1.250000000000000000 ) ) ;
#1853 = CARTESIAN_POINT ( 'NONE',  ( 2.981249999999999300, 8.838126989374223500E-017, -1.443375672974064300 ) ) ;
#1854 = CARTESIAN_POINT ( 'NONE',  ( -2.231249999999999300, -0.9577164262227465500, 0.5529378364870294300 ) ) ;
#1855 = CARTESIAN_POINT ( 'NONE',  ( 2.325000000000000200, -0.4788582131113750000, -0.8294067547305470400 ) ) ;
#1856 = EDGE_CURVE ( 'NONE', #2991, #3888, #2316, .T. ) ;
#1857 =( BOUNDED_CURVE ( )  B_SPLINE_CURVE ( 2, ( #1709, #2019, #220 ),
 .UNSPECIFIED., .F., .F. ) 
 B_SPLINE_CURVE_WITH_KNOTS ( ( 3, 3 ),
 ( 0.6250000000000000000, 0.6260745415204441700 ),
 .UNSPECIFIED. ) 
 CURVE ( )  GEOMETRIC_REPRESENTATION_ITEM ( )  RATIONAL_B_SPLINE_CURVE ( ( 0.9330127018922194100, 0.9330127018922194100, 0.9341264868697820600 ) ) 
 REPRESENTATION_ITEM ( '' )  );
#1858 = CARTESIAN_POINT ( 'NONE',  ( 1.012500000000000400, -2.651438096812267400E-016, 1.443375672974064300 ) ) ;
#1859 = VERTEX_POINT ( 'NONE', #3946 ) ;
#1860 = CARTESIAN_POINT ( 'NONE',  ( -5.193750000000001400, -0.6249999999999996700, 1.082531754730548400 ) ) ;
#1861 = CARTESIAN_POINT ( 'NONE',  ( -3.524999999999999500, -0.4788582131113736700, -0.8294067547305433700 ) ) ;
#1862 = AXIS2_PLACEMENT_3D ( 'NONE', #3738, #3711, #2162 ) ;
#1863 = ORIENTED_EDGE ( 'NONE', *, *, #3171, .T. ) ;
#1864 = CARTESIAN_POINT ( 'NONE',  ( -2.493749999999999500, 0.4788582131113726700, -0.8294067547305441500 ) ) ;
#1865 = EDGE_CURVE ( 'NONE', #2716, #3000, #892, .T. ) ;
#1866 = ADVANCED_FACE ( 'NONE', ( #178 ), #3439, .T. ) ;
#1867 = CARTESIAN_POINT ( 'NONE',  ( 0.8490381056766852500, -1.299038105676696000, 2.249999999999999600 ) ) ;
#1868 = DIRECTION ( 'NONE',  ( 0.7071067811865455700, 0.0000000000000000000, -0.7071067811865493500 ) ) ;
#1869 = CC_DESIGN_DATE_AND_TIME_ASSIGNMENT ( #636, #2849, ( #3384 ) ) ;
#1870 = CARTESIAN_POINT ( 'NONE',  ( 2.193749999999999200, 1.250000000000000000, 0.0000000000000000000 ) ) ;
#1871 = CARTESIAN_POINT ( 'NONE',  ( -4.274999999999999500, -1.249999999999999800, 1.530808498934191300E-016 ) ) ;
#1872 = CARTESIAN_POINT ( 'NONE',  ( 2.625000000000000000, -0.4788582131113756100, 0.8294067547305467000 ) ) ;
#1873 = FACE_OUTER_BOUND ( 'NONE', #868, .T. ) ;
#1874 = CARTESIAN_POINT ( 'NONE',  ( 3.843750000000000000, 0.4788582131113745000, 0.8294067547305473700 ) ) ;
#1875 = CARTESIAN_POINT ( 'NONE',  ( -3.731250000000001500, -1.250000000000000200, -0.7216878364870317200 ) ) ;
#1876 = CARTESIAN_POINT ( 'NONE',  ( -3.299999999999998900, 0.4788582131113733300, 0.8294067547305435900 ) ) ;
#1877 = CARTESIAN_POINT ( 'NONE',  ( -3.543749999999999300, -0.9577164262227466600, 1.172864355864529100E-016 ) ) ;
#1878 = CARTESIAN_POINT ( 'NONE',  ( -3.263345217786869100, -5.192633894624658900E-005, -1.249999997970225400 ) ) ;
#1879 = CARTESIAN_POINT ( 'NONE',  ( 3.356249999999998800, -1.250000000000000000, -0.7216878364870325000 ) ) ;
#1880 = CARTESIAN_POINT ( 'NONE',  ( -4.087500000000000400, 1.249999999999999600, -0.7216878364870328300 ) ) ;
#1881 = CARTESIAN_POINT ( 'NONE',  ( 2.400000000000000400, 0.4788582131113753300, -0.8294067547305469200 ) ) ;
#1882 = CARTESIAN_POINT ( 'NONE',  ( 1.668750000000000600, -0.4788582131113756100, 0.8294067547305467000 ) ) ;
#1883 = ORIENTED_EDGE ( 'NONE', *, *, #2416, .F. ) ;
#1884 = CARTESIAN_POINT ( 'NONE',  ( -4.574999999999999300, -0.4788582131113730500, 0.8294067547305437000 ) ) ;
#1885 = CARTESIAN_POINT ( 'NONE',  ( -2.662499999999998800, -0.9577164262227466600, -0.5529378364870287700 ) ) ;
#1886 = EDGE_LOOP ( 'NONE', ( #1836, #3455, #66, #1706 ) ) ;
#1887 = CARTESIAN_POINT ( 'NONE',  ( -2.049999999999998900, 1.530808498934191300E-016, -1.250000000000000000 ) ) ;
#1888 = ORIENTED_EDGE ( 'NONE', *, *, #3380, .T. ) ;
#1889 = CARTESIAN_POINT ( 'NONE',  ( -4.574999999999999300, -0.4788582131113730500, 0.8294067547305437000 ) ) ;
#1890 = CARTESIAN_POINT ( 'NONE',  ( 2.906249999999998700, -1.250000000000000000, -0.7216878364870325000 ) ) ;
#1891 = CARTESIAN_POINT ( 'NONE',  ( -4.949999999999999300, 1.249999999999999800, 0.0000000000000000000 ) ) ;
#1892 = CARTESIAN_POINT ( 'NONE',  ( 2.475000000000000100, 0.9577164262227504400, 0.0000000000000000000 ) ) ;
#1893 = CARTESIAN_POINT ( 'NONE',  ( 2.718750000000000400, -0.4788582131113750000, -0.8294067547305470400 ) ) ;
#1894 = CARTESIAN_POINT ( 'NONE',  ( -3.674999999999999400, -0.4788582131113730500, 0.8294067547305437000 ) ) ;
#1895 = APPROVAL_ROLE ( '' ) ;
#1896 = CARTESIAN_POINT ( 'NONE',  ( -4.518749999999998900, -0.4788582131113731700, 0.8294067547305438200 ) ) ;
#1897 = CIRCLE ( 'NONE', #1629, 2.249999999999999600 ) ;
#1898 = CARTESIAN_POINT ( 'NONE',  ( 4.424999999999999800, 0.6250000000000001100, -1.082531754730548400 ) ) ;
#1899 = ADVANCED_FACE ( 'NONE', ( #1029 ), #1775, .T. ) ;
#1900 = VERTEX_POINT ( 'NONE', #1396 ) ;
#1901 = CARTESIAN_POINT ( 'NONE',  ( -3.824999999999999300, 0.9577164262227465500, 0.0000000000000000000 ) ) ;
#1902 = CARTESIAN_POINT ( 'NONE',  ( 1.893749999999999200, -0.6250000000000005600, 1.082531754730548200 ) ) ;
#1903 = DIRECTION ( 'NONE',  ( -1.000000000000000000, 0.0000000000000000000, 0.0000000000000000000 ) ) ;
#1904 = DIRECTION ( 'NONE',  ( 1.000000000000000000, 0.0000000000000000000, 0.0000000000000000000 ) ) ;
#1905 = ORIENTED_EDGE ( 'NONE', *, *, #1959, .F. ) ;
#1906 = CARTESIAN_POINT ( 'NONE',  ( 4.537499999999999600, -0.9577164262227502200, -0.5529378364870316500 ) ) ;
#1907 = CARTESIAN_POINT ( 'NONE',  ( 3.806249999999999900, 0.9577164262227499900, 0.5529378364870317600 ) ) ;
#1908 = FACE_OUTER_BOUND ( 'NONE', #2081, .T. ) ;
#1909 = CARTESIAN_POINT ( 'NONE',  ( -4.724999999999998800, 0.9577164262227465500, 0.0000000000000000000 ) ) ;
#1910 = ORIENTED_EDGE ( 'NONE', *, *, #357, .F. ) ;
#1911 = CARTESIAN_POINT ( 'NONE',  ( -3.356249999999999300, 0.9577164262227464400, -0.5529378364870296500 ) ) ;
#1912 = CARTESIAN_POINT ( 'NONE',  ( -2.981250000000001100, 1.743066579297358300E-016, 1.250000000000000000 ) ) ;
#1913 = AXIS2_PLACEMENT_3D ( 'NONE', #602, #2423, #2723 ) ;
#1914 = FACE_OUTER_BOUND ( 'NONE', #3348, .T. ) ;
#1915 = DIRECTION ( 'NONE',  ( 0.0000000000000000000, 0.0000000000000000000, 1.000000000000000000 ) ) ;
#1916 = EDGE_CURVE ( 'NONE', #2181, #3639, #1783, .T. ) ;
#1917 = CARTESIAN_POINT ( 'NONE',  ( -3.937499999999999100, -2.031460654743908000E-016, -1.105875672974058000 ) ) ;
#1918 = CC_DESIGN_PERSON_AND_ORGANIZATION_ASSIGNMENT ( #2980, #2575, ( #2712 ) ) ;
#1919 = CARTESIAN_POINT ( 'NONE',  ( 2.043749999999999300, -0.6249999999999996700, -1.082531754730548400 ) ) ;
#1920 = CARTESIAN_POINT ( 'NONE',  ( -2.662499999999999600, 1.250000000000000000, 0.7216878364870319400 ) ) ;
#1921 = CARTESIAN_POINT ( 'NONE',  ( -4.950000000000000200, 0.0000000000000000000, 0.0000000000000000000 ) ) ;
#1922 = ADVANCED_FACE ( 'NONE', ( #879 ), #3844, .T. ) ;
#1923 = CARTESIAN_POINT ( 'NONE',  ( 3.618750000000000400, -0.4788582131113750000, -0.8294067547305470400 ) ) ;
#1924 = CARTESIAN_POINT ( 'NONE',  ( -4.649999999999998600, 0.4788582131113733300, 0.8294067547305435900 ) ) ;
#1925 = CARTESIAN_POINT ( 'NONE',  ( -3.881249999999999200, -2.031460654743908500E-016, -1.105875672974058200 ) ) ;
#1926 = CARTESIAN_POINT ( 'NONE',  ( 4.856249999999998400, 1.250000000000000000, -0.7216878364870320500 ) ) ;
#1927 = EDGE_CURVE ( 'NONE', #3334, #1138, #2518, .T. ) ;
#1928 = CARTESIAN_POINT ( 'NONE',  ( -4.387499999999999300, -2.031460654743908000E-016, -1.105875672974058000 ) ) ;
#1929 = CARTESIAN_POINT ( 'NONE',  ( 4.556249999999998600, -4.938688641342514700E-016, 1.250000000000000000 ) ) ;
#1930 = CARTESIAN_POINT ( 'NONE',  ( 1.050000000000000500, 0.0000000000000000000, 0.0000000000000000000 ) ) ;
#1931 = ORIENTED_EDGE ( 'NONE', *, *, #3615, .F. ) ;
#1932 = CARTESIAN_POINT ( 'NONE',  ( 4.649999999999999500, 0.4788582131113753300, -0.8294067547305469200 ) ) ;
#1933 = CARTESIAN_POINT ( 'NONE',  ( -2.999999999999999600, -0.6249999999999995600, 1.082531754730548400 ) ) ;
#1934 = EDGE_LOOP ( 'NONE', ( #468, #2699, #2432, #3739, #3588, #290, #1883, #251, #323, #2379, #711, #372, #113, #2598, #1482, #2773 ) ) ;
#1935 = CARTESIAN_POINT ( 'NONE',  ( -4.874999999999999100, -0.4788582131113736700, -0.8294067547305433700 ) ) ;
#1936 = CARTESIAN_POINT ( 'NONE',  ( -3.543749999999999300, -0.9577164262227466600, 1.172864355864529100E-016 ) ) ;
#1937 = CARTESIAN_POINT ( 'NONE',  ( 4.781249999999999100, 8.838126989374223500E-017, -1.443375672974064300 ) ) ;
#1938 = EDGE_CURVE ( 'NONE', #3964, #487, #2412, .T. ) ;
#1939 = DIRECTION ( 'NONE',  ( -1.000000000000000000, 0.0000000000000000000, 0.0000000000000000000 ) ) ;
#1940 = CARTESIAN_POINT ( 'NONE',  ( 4.706249999999999800, 0.9577164262227502200, 0.5529378364870318800 ) ) ;
#1941 = ORIENTED_EDGE ( 'NONE', *, *, #553, .F. ) ;
#1942 = CARTESIAN_POINT ( 'NONE',  ( -4.312499999999999100, 0.9577164262227462200, -0.5529378364870295400 ) ) ;
#1943 = CARTESIAN_POINT ( 'NONE',  ( 2.418749999999998800, -1.250000000000000000, -1.530808498934191600E-016 ) ) ;
#1944 = PLANE ( 'NONE',  #3017 ) ;
#1945 = CARTESIAN_POINT ( 'NONE',  ( 4.643432167217762100, -1.216827991556983700, 0.1382527587315448800 ) ) ;
#1946 = VECTOR ( 'NONE', #2679, 1000.000000000000000 ) ;
#1947 = CARTESIAN_POINT ( 'NONE',  ( 1.050000000000000500, 0.0000000000000000000, 0.0000000000000000000 ) ) ;
#1948 = CARTESIAN_POINT ( 'NONE',  ( 4.813357242151519200, -0.9728130104448602400, 0.4007262382190677800 ) ) ;
#1949 = CARTESIAN_POINT ( 'NONE',  ( 4.631249999999998800, -1.250000000000000200, 0.7216878364870317200 ) ) ;
#1950 = CARTESIAN_POINT ( 'NONE',  ( -2.050000000000000700, -1.225784664759851200, 0.07537147454513669400 ) ) ;
#1951 = EDGE_LOOP ( 'NONE', ( #1118, #3040, #1722, #2832 ) ) ;
#1952 = CARTESIAN_POINT ( 'NONE',  ( 4.602602549156388000, -0.7725424859398174500, 0.9973480607562879000 ) ) ;
#1953 = CARTESIAN_POINT ( 'NONE',  ( 2.362499999999999800, 6.771535515813055000E-017, -1.105875672974062600 ) ) ;
#1954 =( BOUNDED_CURVE ( )  B_SPLINE_CURVE ( 2, ( #3131, #139, #115, #3735, #2829, #420, #2581, #692, #2251 ),
 .UNSPECIFIED., .F., .F. ) 
 B_SPLINE_CURVE_WITH_KNOTS ( ( 3, 2, 2, 2, 3 ),
 ( 0.7291522588911336600, 0.7419471041563503500, 0.7675314870582934400, 0.7931158699602365300, 0.8059068409458372000 ),
 .UNSPECIFIED. ) 
 CURVE ( )  GEOMETRIC_REPRESENTATION_ITEM ( )  RATIONAL_B_SPLINE_CURVE ( ( 0.9330127047752124800, 0.9329988049890469700, 1.000000000000000000, 0.8660254037844387100, 1.000000000000000000, 0.8660254037844387100, 1.000000000000000000, 0.9330190929533557200, 0.9330127025019716600 ) ) 
 REPRESENTATION_ITEM ( '' )  );
#1955 = EDGE_LOOP ( 'NONE', ( #2536, #339 ) ) ;
#1956 = CARTESIAN_POINT ( 'NONE',  ( 4.349999999999999600, 0.4788582131113745000, 0.8294067547305473700 ) ) ;
#1957 = CARTESIAN_POINT ( 'NONE',  ( 2.531249999999998700, 1.743066579297358300E-016, -1.250000000000000000 ) ) ;
#1958 = B_SPLINE_CURVE_WITH_KNOTS ( 'NONE', 3,
 ( #992, #962, #1547, #3119 ),
 .UNSPECIFIED., .F., .F.,
 ( 4, 4 ),
 ( 0.0000000000000000000, 0.0002094663732685284200 ),
 .UNSPECIFIED. ) ;
#1959 = EDGE_CURVE ( 'NONE', #2235, #1002, #3637, .T. ) ;
#1960 = CARTESIAN_POINT ( 'NONE',  ( 1.218750000000000200, -0.4788582131113756100, 0.8294067547305467000 ) ) ;
#1961 = CARTESIAN_POINT ( 'NONE',  ( -3.149999999999999000, -0.9577164262227465500, 1.172864355864528600E-016 ) ) ;
#1962 = CARTESIAN_POINT ( 'NONE',  ( -3.674999999999999400, 0.6249999999999990000, -1.082531754730548600 ) ) ;
#1963 = CARTESIAN_POINT ( 'NONE',  ( -2.531249999999998700, -2.031460654743908500E-016, -1.105875672974058200 ) ) ;
#1964 = CARTESIAN_POINT ( 'NONE',  ( 1.125000000000000200, 0.9577164262227504400, 0.0000000000000000000 ) ) ;
#1965 = CARTESIAN_POINT ( 'NONE',  ( -2.050000060776843400, -1.171567791086341600, 0.4358083407518277800 ) ) ;
#1966 = CARTESIAN_POINT ( 'NONE',  ( -4.606916426222745100, 0.6291744576416378200, 0.7220528061770957700 ) ) ;
#1967 = CARTESIAN_POINT ( 'NONE',  ( 4.743749999999999500, 0.4788582131113745000, 0.8294067547305473700 ) ) ;
#1968 = EDGE_CURVE ( 'NONE', #3639, #3618, #283, .T. ) ;
#1969 = CARTESIAN_POINT ( 'NONE',  ( -2.474999999999999200, 0.9577164262227465500, 0.0000000000000000000 ) ) ;
#1970 = CARTESIAN_POINT ( 'NONE',  ( 1.840040000000000800, -0.2069944435876043300, -0.9350797042930272300 ) ) ;
#1971 = DIRECTION ( 'NONE',  ( 0.0000000000000000000, 0.0000000000000000000, -1.000000000000000000 ) ) ;
#1972 = CARTESIAN_POINT ( 'NONE',  ( 4.086153810567664900, 0.3349364905389038400, 1.249999999999999800 ) ) ;
#1973 = CARTESIAN_POINT ( 'NONE',  ( 1.068750000000000300, 0.9577164262227504400, 0.0000000000000000000 ) ) ;
#1974 = CARTESIAN_POINT ( 'NONE',  ( -3.599999999999999200, -0.9577164262227465500, 1.172864355864528600E-016 ) ) ;
#1975 = CARTESIAN_POINT ( 'NONE',  ( -2.306249999999999000, 6.771535515813027900E-017, 1.105875672974058200 ) ) ;
#1976 = CARTESIAN_POINT ( 'NONE',  ( 1.275000000000000100, -0.4788582131113756100, 0.8294067547305467000 ) ) ;
#1977 = CARTESIAN_POINT ( 'NONE',  ( -4.749038105676659100, 2.598076211353316500, -9.245224333810884500E-017 ) ) ;
#1978 = ORIENTED_EDGE ( 'NONE', *, *, #3507, .T. ) ;
#1979 = CARTESIAN_POINT ( 'NONE',  ( 3.956249999999999800, -0.9577164262227506600, 0.5529378364870309900 ) ) ;
#1980 = VERTEX_POINT ( 'NONE', #1742 ) ;
#1981 = EDGE_CURVE ( 'NONE', #611, #669, #1252, .T. ) ;
#1982 = CARTESIAN_POINT ( 'NONE',  ( 4.875000000000000000, -0.4788582131113756100, 0.8294067547305467000 ) ) ;
#1983 = B_SPLINE_CURVE_WITH_KNOTS ( 'NONE', 3,
 ( #409, #3727, #1618, #2523, #2856, #684 ),
 .UNSPECIFIED., .F., .F.,
 ( 4, 2, 4 ),
 ( 6.517651398406151900E-017, 0.0003805775212854616800, 0.0007611550425708582000 ),
 .UNSPECIFIED. ) ;
#1984 = CARTESIAN_POINT ( 'NONE',  ( -4.950000000000000200, -2.598076211353313800, -8.300896132079771400E-016 ) ) ;
#1985 = CARTESIAN_POINT ( 'NONE',  ( -4.899770093867678300, 0.9545211887403556300, 0.8070869204329258500 ) ) ;
#1986 = CARTESIAN_POINT ( 'NONE',  ( -3.093750000000001300, 1.250000000000000000, 0.0000000000000000000 ) ) ;
#1987 = EDGE_LOOP ( 'NONE', ( #1720, #2763, #3480, #2449 ) ) ;
#1988 = CARTESIAN_POINT ( 'NONE',  ( 0.9562500000000004900, 6.771535515813055000E-017, -1.105875672974062600 ) ) ;
#1989 = AXIS2_PLACEMENT_3D ( 'NONE', #2584, #407, #142 ) ;
#1990 = CARTESIAN_POINT ( 'NONE',  ( -2.849999999999999200, 0.4788582131113733300, 0.8294067547305435900 ) ) ;
#1991 = CARTESIAN_POINT ( 'NONE',  ( 3.018749999999998900, 0.6250000000000001100, -1.082531754730548400 ) ) ;
#1992 = CARTESIAN_POINT ( 'NONE',  ( -3.131249999999999600, -0.9577164262227465500, 0.5529378364870294300 ) ) ;
#1993 = CARTESIAN_POINT ( 'NONE',  ( 2.025000000000000800, -1.250000000000000000, -1.530808498934191600E-016 ) ) ;
#1994 = EDGE_CURVE ( 'NONE', #3873, #2235, #3215, .T. ) ;
#1995 = CARTESIAN_POINT ( 'NONE',  ( 4.950000000000000200, 0.0000000000000000000, 0.0000000000000000000 ) ) ;
#1996 = CARTESIAN_POINT ( 'NONE',  ( 1.912499999999999900, 6.771535515813055000E-017, -1.105875672974062600 ) ) ;
#1997 = VERTEX_POINT ( 'NONE', #2354 ) ;
#1998 = CARTESIAN_POINT ( 'NONE',  ( -2.812499999999999600, 6.771535515813026700E-017, 1.105875672974058000 ) ) ;
#1999 = PERSON ( 'UNSPECIFIED', 'UNSPECIFIED', 'UNSPECIFIED', ('UNSPECIFIED'), ('UNSPECIFIED'), ('UNSPECIFIED') ) ;
#2000 = CARTESIAN_POINT ( 'NONE',  ( 2.193750000000000500, -0.9577164262227504400, -1.172864355864533500E-016 ) ) ;
#2001 = DIRECTION ( 'NONE',  ( -1.000000000000000000, -0.0000000000000000000, -0.0000000000000000000 ) ) ;
#2002 = CARTESIAN_POINT ( 'NONE',  ( 1.881226030497608100, 0.6434793476429862000, -0.7761034904522471400 ) ) ;
#2003 = CARTESIAN_POINT ( 'NONE',  ( -2.981250000000001100, 1.743066579297358300E-016, 1.250000000000000000 ) ) ;
#2004 = ORIENTED_EDGE ( 'NONE', *, *, #2409, .F. ) ;
#2005 = CARTESIAN_POINT ( 'NONE',  ( -2.212499999999999500, 1.250000000000000000, 0.7216878364870319400 ) ) ;
#2006 = CARTESIAN_POINT ( 'NONE',  ( -4.950000000000000200, 1.593020556330876900E-016, -1.300800000000000000 ) ) ;
#2007 = ORIENTED_EDGE ( 'NONE', *, *, #3200, .T. ) ;
#2008 = CARTESIAN_POINT ( 'NONE',  ( 4.853179531218196500, -0.9995984707103846600, 0.1607889819679337300 ) ) ;
#2009 = CARTESIAN_POINT ( 'NONE',  ( 4.050000000000000700, 1.250000000000000000, 0.0000000000000000000 ) ) ;
#2010 = CARTESIAN_POINT ( 'NONE',  ( -4.930756665990563700, 2.168904970561405900, -0.7433463941989678600 ) ) ;
#2011 =( BOUNDED_CURVE ( )  B_SPLINE_CURVE ( 2, ( #732, #3482, #1656, #3795, #131, #2543, #1642, #2868, #2533 ),
 .UNSPECIFIED., .F., .F. ) 
 B_SPLINE_CURVE_WITH_KNOTS ( ( 3, 2, 2, 2, 3 ),
 ( 0.6071428571428572100, 0.6190476190476190700, 0.6428571428571429000, 0.6666666666666666300, 0.6785714285714286000 ),
 .UNSPECIFIED. ) 
 CURVE ( )  GEOMETRIC_REPRESENTATION_ITEM ( )  RATIONAL_B_SPLINE_CURVE ( ( 0.9330127018922193000, 0.9330127018922196300, 1.000000000000000000, 0.8660254037844387100, 1.000000000000000000, 0.8660254037844387100, 1.000000000000000000, 0.9330127018922189700, 0.9330127018922193000 ) ) 
 REPRESENTATION_ITEM ( '' )  );
#2012 = FACE_OUTER_BOUND ( 'NONE', #822, .T. ) ;
#2013 = CARTESIAN_POINT ( 'NONE',  ( 3.543750000000000200, -0.9577164262227504400, -1.172864355864533500E-016 ) ) ;
#2014 = EDGE_CURVE ( 'NONE', #977, #678, #794, .T. ) ;
#2015 = ORIENTED_EDGE ( 'NONE', *, *, #2442, .T. ) ;
#2016 = CARTESIAN_POINT ( 'NONE',  ( 4.799999999999999800, 0.4788582131113745000, 0.8294067547305473700 ) ) ;
#2017 = LINE ( 'NONE', #1984, #2888 ) ;
#2018 = CIRCLE ( 'NONE', #2505, 2.249999999999999600 ) ;
#2019 = CARTESIAN_POINT ( 'NONE',  ( 2.134908697206270300, -0.04318837989550897100, -1.250000000000000000 ) ) ;
#2020 = ADVANCED_BREP_SHAPE_REPRESENTATION ( '98952A103_Aluminum Male-Female Threaded Hex Standoff', ( #224, #1063 ), #1614 ) ;
#2021 = CARTESIAN_POINT ( 'NONE',  ( 1.912697888677607600, 1.016429038570492600, -0.2166046447749445900 ) ) ;
#2022 = CARTESIAN_POINT ( 'NONE',  ( -4.606916426222747800, -1.372432522319430100E-011, 0.9577164262227465500 ) ) ;
#2023 = CARTESIAN_POINT ( 'NONE',  ( -4.950000000000000200, 0.0000000000000000000, 0.0000000000000000000 ) ) ;
#2024 = EDGE_CURVE ( 'NONE', #2151, #728, #1351, .T. ) ;
#2025 = CARTESIAN_POINT ( 'NONE',  ( -2.049999999999998900, 0.0000000000000000000, 1.250000000000000000 ) ) ;
#2026 = CARTESIAN_POINT ( 'NONE',  ( -4.556250000000000400, -4.938688641342514700E-016, -1.250000000000000000 ) ) ;
#2027 = CARTESIAN_POINT ( 'NONE',  ( 0.8437500000000007800, -0.9577164262227504400, -1.172864355864533500E-016 ) ) ;
#2028 = CARTESIAN_POINT ( 'NONE',  ( 2.587500000000001200, 8.838126989374223500E-017, -1.443375672974064300 ) ) ;
#2029 = CARTESIAN_POINT ( 'NONE',  ( -2.587503834633450700, 6.391061151592461200E-005, 1.249999998366173600 ) ) ;
#2030 = AXIS2_PLACEMENT_3D ( 'NONE', #3922, #3648, #2384 ) ;
#2031 = CARTESIAN_POINT ( 'NONE',  ( 3.468750000000000400, -0.4788582131113756100, 0.8294067547305467000 ) ) ;
#2032 = CARTESIAN_POINT ( 'NONE',  ( 3.112500000000000300, -0.9577164262227506600, 0.5529378364870309900 ) ) ;
#2033 = CARTESIAN_POINT ( 'NONE',  ( 4.350000000000000500, -0.6249999999999996700, -1.082531754730548400 ) ) ;
#2034 = CARTESIAN_POINT ( 'NONE',  ( -4.606916426222745100, 0.6291744576416378200, 0.7220528061770957700 ) ) ;
#2035 = CARTESIAN_POINT ( 'NONE',  ( 1.837500000000000600, 0.0000000000000000000, 0.9551764262227504500 ) ) ;
#2036 = CARTESIAN_POINT ( 'NONE',  ( 4.068749999999998800, 0.6249999999999991100, 1.082531754730548900 ) ) ;
#2037 = ORIENTED_EDGE ( 'NONE', *, *, #2360, .F. ) ;
#2038 = CARTESIAN_POINT ( 'NONE',  ( 2.587500000000000800, 1.743066579297358300E-016, -1.250000000000000000 ) ) ;
#2039 = ORIENTED_EDGE ( 'NONE', *, *, #2014, .T. ) ;
#2040 = CARTESIAN_POINT ( 'NONE',  ( -4.749038105676660800, -2.598076211353313800, -8.457562650646586300E-016 ) ) ;
#2041 = CARTESIAN_POINT ( 'NONE',  ( -4.631250000000001400, -1.250000000000000200, -0.7216878364870317200 ) ) ;
#2042 = CARTESIAN_POINT ( 'NONE',  ( 0.8812500000000000900, -0.9577164262227502200, -0.5529378364870316500 ) ) ;
#2043 = CARTESIAN_POINT ( 'NONE',  ( 3.262500000000000600, -2.651438096812267400E-016, 1.443375672974064300 ) ) ;
#2044 = VERTEX_POINT ( 'NONE', #551 ) ;
#2045 = AXIS2_PLACEMENT_3D ( 'NONE', #583, #3927, #1459 ) ;
#2046 = CARTESIAN_POINT ( 'NONE',  ( 2.925000000000000300, 0.9577164262227504400, 0.0000000000000000000 ) ) ;
#2047 = VERTEX_POINT ( 'NONE', #1110 ) ;
#2048 = CARTESIAN_POINT ( 'NONE',  ( 2.831250000000000300, 0.9577164262227504400, -0.5529378364870312100 ) ) ;
#2049 = CARTESIAN_POINT ( 'NONE',  ( 2.607596189432335200, 0.3349364905389034500, -1.250000000000000000 ) ) ;
#2050 = CARTESIAN_POINT ( 'NONE',  ( 3.937500000000000000, -2.031460654743916600E-016, 1.105875672974062600 ) ) ;
#2051 = B_SPLINE_CURVE_WITH_KNOTS ( 'NONE', 3,
 ( #2411, #3300, #3350, #2750 ),
 .UNSPECIFIED., .F., .F.,
 ( 4, 4 ),
 ( 0.0000000000000000000, 0.0006890969221853938500 ),
 .UNSPECIFIED. ) ;
#2052 = CARTESIAN_POINT ( 'NONE',  ( 2.132323573777249200, -0.08627377037917929900, -1.247019180503876600 ) ) ;
#2053 = FACE_OUTER_BOUND ( 'NONE', #326, .T. ) ;
#2054 = CARTESIAN_POINT ( 'NONE',  ( -4.930756665990565500, -2.168904970561402700, 0.7433463941989668600 ) ) ;
#2055 = CARTESIAN_POINT ( 'NONE',  ( 0.9101523968494907900, -1.087331990916863700, -2.249999999999999600 ) ) ;
#2056 = CARTESIAN_POINT ( 'NONE',  ( 0.9562500000000004900, 6.771535515813055000E-017, -1.105875672974062600 ) ) ;
#2057 = EDGE_CURVE ( 'NONE', #544, #1322, #589, .T. ) ;
#2058 = FACE_OUTER_BOUND ( 'NONE', #3870, .T. ) ;
#2059 = ORIENTED_EDGE ( 'NONE', *, *, #444, .F. ) ;
#2060 = CARTESIAN_POINT ( 'NONE',  ( 3.675000000000000300, -0.4788582131113750000, -0.8294067547305470400 ) ) ;
#2061 = CARTESIAN_POINT ( 'NONE',  ( 2.006250000000000100, 0.9577164262227502200, 0.5529378364870318800 ) ) ;
#2062 = CARTESIAN_POINT ( 'NONE',  ( -4.749038105676659100, 2.598076211353316500, -9.245224333810884500E-017 ) ) ;
#2063 = CARTESIAN_POINT ( 'NONE',  ( 2.925000000000000300, 0.9577164262227504400, 0.0000000000000000000 ) ) ;
#2064 = ORIENTED_EDGE ( 'NONE', *, *, #3283, .T. ) ;
#2065 = CARTESIAN_POINT ( 'NONE',  ( -4.950000000000000200, 2.598076211353316500, -4.575965886349452400E-017 ) ) ;
#2066 = CARTESIAN_POINT ( 'NONE',  ( 3.300000000000000700, -0.6250000000000005600, 1.082531754730548200 ) ) ;
#2067 = CARTESIAN_POINT ( 'NONE',  ( -4.576346189432334700, -0.3349364905389037900, -1.249999999999999800 ) ) ;
#2068 = CIRCLE ( 'NONE', #1834, 0.9125000000000000900 ) ;
#2069 = CARTESIAN_POINT ( 'NONE',  ( 2.831250000000000300, 0.9577164262227504400, -0.5529378364870312100 ) ) ;
#2070 = EDGE_CURVE ( 'NONE', #1668, #1022, #501, .T. ) ;
#2071 = CIRCLE ( 'NONE', #1081, 0.9551764262227504500 ) ;
#2072 = CARTESIAN_POINT ( 'NONE',  ( -4.143749999999998900, 0.4788582131113734400, 0.8294067547305438200 ) ) ;
#2073 = CARTESIAN_POINT ( 'NONE',  ( -2.187944132307189100, -0.9540692781648267800, -0.08350188931345338400 ) ) ;
#2074 = CARTESIAN_POINT ( 'NONE',  ( -4.930756665990563700, 1.728209346468569500, 1.506653605801032700 ) ) ;
#2075 = CARTESIAN_POINT ( 'NONE',  ( 3.862500000000000300, 0.9577164262227502200, 0.5529378364870318800 ) ) ;
#2076 = CARTESIAN_POINT ( 'NONE',  ( 1.871918502864661700, -0.7358840057689566300, -0.6674189217852751800 ) ) ;
#2077 = CARTESIAN_POINT ( 'NONE',  ( 1.706250000000000300, -0.9577164262227506600, 0.5529378364870309900 ) ) ;
#2078 = AXIS2_PLACEMENT_3D ( 'NONE', #2394, #2685, #2381 ) ;
#2079 = CARTESIAN_POINT ( 'NONE',  ( 3.825000000000000200, -1.250000000000000000, -1.530808498934191600E-016 ) ) ;
#2080 = CARTESIAN_POINT ( 'NONE',  ( 2.132323573777248800, 0.8265807605201471700, -0.9376909119416353400 ) ) ;
#2081 = EDGE_LOOP ( 'NONE', ( #683, #2187, #2127, #2921 ) ) ;
#2082 = CARTESIAN_POINT ( 'NONE',  ( -4.593749999999999100, 0.4788582131113734400, 0.8294067547305438200 ) ) ;
#2083 =( BOUNDED_CURVE ( )  B_SPLINE_CURVE ( 2, ( #3087, #3696, #1284, #1559, #57, #663, #1174, #1479, #1792 ),
 .UNSPECIFIED., .F., .F. ) 
 B_SPLINE_CURVE_WITH_KNOTS ( ( 3, 2, 2, 2, 3 ),
 ( 0.5750000000000000700, 0.5833333333333333700, 0.5999999999999999800, 0.6166666666666667000, 0.6250000000000000000 ),
 .UNSPECIFIED. ) 
 CURVE ( )  GEOMETRIC_REPRESENTATION_ITEM ( )  RATIONAL_B_SPLINE_CURVE ( ( 0.9330127018922194100, 0.9330127018922198500, 1.000000000000000000, 0.8660254037844387100, 1.000000000000000000, 0.8660254037844387100, 1.000000000000000000, 0.9330127018922194100, 0.9330127018922194100 ) ) 
 REPRESENTATION_ITEM ( '' )  );
#2084 = CARTESIAN_POINT ( 'NONE',  ( 4.719483213111460400, 2.054581628127450800E-012, -1.143016786888539000 ) ) ;
#2085 = ORIENTED_EDGE ( 'NONE', *, *, #2501, .T. ) ;
#2086 = CARTESIAN_POINT ( 'NONE',  ( 0.9102299309046607600, 2.492088861051976200, 0.1835754756815218500 ) ) ;
#2087 = CARTESIAN_POINT ( 'NONE',  ( -4.873507786750511900, 0.3448897443277985600, 1.187077247078452100 ) ) ;
#2088 = CARTESIAN_POINT ( 'NONE',  ( -3.093749999999999100, -0.9577164262227466600, 1.172864355864529100E-016 ) ) ;
#2089 = CARTESIAN_POINT ( 'NONE',  ( 4.500000000000000000, -0.9577164262227504400, -1.172864355864533500E-016 ) ) ;
#2090 = ORIENTED_EDGE ( 'NONE', *, *, #3283, .F. ) ;
#2091 = B_SPLINE_CURVE_WITH_KNOTS ( 'NONE', 3,
 ( #3906, #3598, #1436, #3280, #3861, #2985 ),
 .UNSPECIFIED., .F., .F.,
 ( 4, 2, 4 ),
 ( 0.009188890526616156800, 0.009846030576133167600, 0.01050317062565018000 ),
 .UNSPECIFIED. ) ;
#2092 = CARTESIAN_POINT ( 'NONE',  ( -4.443749999999998800, -0.9577164262227466600, 1.172864355864529100E-016 ) ) ;
#2093 = CARTESIAN_POINT ( 'NONE',  ( 0.9101523968494857900, -1.087331990916884800, 2.250000000000000000 ) ) ;
#2094 = FACE_OUTER_BOUND ( 'NONE', #3954, .T. ) ;
#2095 = AXIS2_PLACEMENT_3D ( 'NONE', #3381, #2765, #1217 ) ;
#2096 = DIRECTION ( 'NONE',  ( 0.0000000000000000000, 0.0000000000000000000, -1.000000000000000000 ) ) ;
#2097 = CARTESIAN_POINT ( 'NONE',  ( -4.481249999999999300, -0.9577164262227465500, 0.5529378364870294300 ) ) ;
#2098 = EDGE_LOOP ( 'NONE', ( #560, #1145, #2427, #2101 ) ) ;
#2099 = CARTESIAN_POINT ( 'NONE',  ( 3.337499999999999900, 0.9577164262227504400, -0.5529378364870312100 ) ) ;
#2100 = CARTESIAN_POINT ( 'NONE',  ( 2.700000000000000600, 1.250000000000000000, 0.0000000000000000000 ) ) ;
#2101 = ORIENTED_EDGE ( 'NONE', *, *, #3492, .F. ) ;
#2102 = CARTESIAN_POINT ( 'NONE',  ( -4.749038105676774500, -1.299038105676829000, -2.249999999999999600 ) ) ;
#2103 = CARTESIAN_POINT ( 'NONE',  ( -4.898709195808087300, 0.9456759813179814700, 0.8167882813220156400 ) ) ;
#2104 = CARTESIAN_POINT ( 'NONE',  ( 4.256249999999998800, -1.250000000000000000, -0.7216878364870327200 ) ) ;
#2105 = ORIENTED_EDGE ( 'NONE', *, *, #3599, .T. ) ;
#2106 = CARTESIAN_POINT ( 'NONE',  ( -2.049999999999998900, 0.0000000000000000000, 0.0000000000000000000 ) ) ;
#2107 = DIRECTION ( 'NONE',  ( 0.0000000000000000000, 0.0000000000000000000, 1.000000000000000000 ) ) ;
#2108 = LINE ( 'NONE', #182, #3560 ) ;
#2109 = VECTOR ( 'NONE', #2845, 1000.000000000000000 ) ;
#2110 = CARTESIAN_POINT ( 'NONE',  ( 4.631249999999999600, 0.9577164262227504400, -0.5529378364870312100 ) ) ;
#2111 = CARTESIAN_POINT ( 'NONE',  ( -2.643749999999999400, -0.9577164262227466600, 1.172864355864529100E-016 ) ) ;
#2112 = CARTESIAN_POINT ( 'NONE',  ( 4.424999999999999800, -0.4788582131113756100, 0.8294067547305467000 ) ) ;
#2113 = CARTESIAN_POINT ( 'NONE',  ( 4.668750000000000200, 0.9577164262227504400, 0.0000000000000000000 ) ) ;
#2114 = EDGE_CURVE ( 'NONE', #237, #970, #593, .T. ) ;
#2115 = CARTESIAN_POINT ( 'NONE',  ( 4.087500000000001200, 1.249999999999999600, 0.7216878364870329400 ) ) ;
#2116 = CARTESIAN_POINT ( 'NONE',  ( 3.676346189432333900, -0.3349364905389037900, 1.249999999999999800 ) ) ;
#2117 = B_SPLINE_CURVE_WITH_KNOTS ( 'NONE', 3,
 ( #3221, #510, #816, #3829, #3553, #1970 ),
 .UNSPECIFIED., .F., .F.,
 ( 4, 2, 4 ),
 ( 0.0000000000000000000, 0.0003834599243708791600, 0.0007669198487417583200 ),
 .UNSPECIFIED. ) ;
#2118 = CARTESIAN_POINT ( 'NONE',  ( -2.906250000000000000, 0.9577164262227464400, -0.5529378364870296500 ) ) ;
#2119 = CARTESIAN_POINT ( 'NONE',  ( -4.743473738875087200, 0.7375529633159880700, 0.8119694926138728600 ) ) ;
#2120 = AXIS2_PLACEMENT_3D ( 'NONE', #916, #2990, #888 ) ;
#2121 = CARTESIAN_POINT ( 'NONE',  ( -3.843750000000001800, -0.6249999999999996700, 1.082531754730548400 ) ) ;
#2122 = CARTESIAN_POINT ( 'NONE',  ( -4.049999999999999800, 1.249999999999999800, 0.0000000000000000000 ) ) ;
#2123 = EDGE_CURVE ( 'NONE', #3859, #752, #2933, .T. ) ;
#2124 = ORIENTED_EDGE ( 'NONE', *, *, #3659, .T. ) ;
#2125 = CARTESIAN_POINT ( 'NONE',  ( 5.118750000000000400, 0.9577164262227504400, 0.0000000000000000000 ) ) ;
#2126 = CARTESIAN_POINT ( 'NONE',  ( -3.393749999999999400, 0.4788582131113726700, -0.8294067547305441500 ) ) ;
#2127 = ORIENTED_EDGE ( 'NONE', *, *, #2433, .T. ) ;
#2128 = CARTESIAN_POINT ( 'NONE',  ( 0.8062500000000005800, -0.9577164262227506600, 0.5529378364870309900 ) ) ;
#2129 = CARTESIAN_POINT ( 'NONE',  ( 4.218750000000000000, 0.9577164262227504400, 0.0000000000000000000 ) ) ;
#2130 = ORIENTED_EDGE ( 'NONE', *, *, #167, .F. ) ;
#2131 = CARTESIAN_POINT ( 'NONE',  ( -4.143750000000001600, -0.6250000000000005600, -1.082531754730548200 ) ) ;
#2132 = CARTESIAN_POINT ( 'NONE',  ( -4.899770093867678300, 0.9545211887403556300, 0.8070869204329258500 ) ) ;
#2133 = CARTESIAN_POINT ( 'NONE',  ( -3.149999999999999000, -0.9577164262227465500, 1.172864355864528600E-016 ) ) ;
#2134 =( BOUNDED_CURVE ( )  B_SPLINE_CURVE ( 2, ( #1957, #2268, #1019, #449, #1943, #1299, #434, #3144, #1041 ),
 .UNSPECIFIED., .F., .F. ) 
 B_SPLINE_CURVE_WITH_KNOTS ( ( 3, 2, 2, 2, 3 ),
 ( 0.6250000000000000000, 0.6333333333333333000, 0.6500000000000000200, 0.6666666666666666300, 0.6750000000000000400 ),
 .UNSPECIFIED. ) 
 CURVE ( )  GEOMETRIC_REPRESENTATION_ITEM ( )  RATIONAL_B_SPLINE_CURVE ( ( 0.9330127018922194100, 0.9330127018922194100, 1.000000000000000000, 0.8660254037844387100, 1.000000000000000000, 0.8660254037844387100, 1.000000000000000000, 0.9330127018922189700, 0.9330127018922194100 ) ) 
 REPRESENTATION_ITEM ( '' )  );
#2135 = CARTESIAN_POINT ( 'NONE',  ( 0.9717276928458742400, 1.511542704210576000, 1.881931238497226700 ) ) ;
#2136 = EDGE_LOOP ( 'NONE', ( #2232, #104, #563, #2585 ) ) ;
#2137 = CARTESIAN_POINT ( 'NONE',  ( -2.268749999999999400, -0.4788582131113731700, 0.8294067547305438200 ) ) ;
#2138 = CARTESIAN_POINT ( 'NONE',  ( 4.764871602482934100, 0.9327930241848954000, -0.5952198550475245000 ) ) ;
#2139 = DIRECTION ( 'NONE',  ( 1.000000000000000000, 0.0000000000000000000, 0.0000000000000000000 ) ) ;
#2140 = ORIENTED_EDGE ( 'NONE', *, *, #3256, .F. ) ;
#2141 = CARTESIAN_POINT ( 'NONE',  ( 3.225000000000000500, 0.6249999999999991100, 1.082531754730548900 ) ) ;
#2142 = CARTESIAN_POINT ( 'NONE',  ( 3.993749999999999900, -0.9577164262227504400, -1.172864355864533500E-016 ) ) ;
#2143 = CARTESIAN_POINT ( 'NONE',  ( -3.468749999999999600, -0.4788582131113737800, -0.8294067547305435900 ) ) ;
#2144 = CARTESIAN_POINT ( 'NONE',  ( 3.299999999999999800, 0.4788582131113753300, -0.8294067547305469200 ) ) ;
#2145 = EDGE_CURVE ( 'NONE', #191, #3639, #3509, .T. ) ;
#2146 = CIRCLE ( 'NONE', #954, 2.249999999999999600 ) ;
#2147 = CARTESIAN_POINT ( 'NONE',  ( 3.993749999999999900, -0.9577164262227504400, -1.172864355864533500E-016 ) ) ;
#2148 = CARTESIAN_POINT ( 'NONE',  ( -4.931250000000002100, 1.249999999999999800, -0.7216878364870329400 ) ) ;
#2149 = CARTESIAN_POINT ( 'NONE',  ( 4.106249999999997500, 1.714015469642402100E-015, 1.250000000000000000 ) ) ;
#2150 = CARTESIAN_POINT ( 'NONE',  ( -4.237499999999998900, 0.9577164262227465500, 0.5529378364870289900 ) ) ;
#2151 = VERTEX_POINT ( 'NONE', #882 ) ;
#2152 = B_SPLINE_CURVE_WITH_KNOTS ( 'NONE', 3,
 ( #3313, #1468, #887, #3662, #554, #3027, #565, #1819, #2437, #1186, #3038, #2399, #3323, #3623, #3947, #1781 ),
 .UNSPECIFIED., .F., .F.,
 ( 4, 2, 2, 2, 2, 2, 2, 4 ),
 ( 0.001068321991248736200, 0.001515383780866844400, 0.001962445570484952800, 0.002856569149721168400, 0.003303630939339276600, 0.003750692728957384000, 0.004197754518575492200, 0.004644816308193600400 ),
 .UNSPECIFIED. ) ;
#2153 = CARTESIAN_POINT ( 'NONE',  ( 2.737499999999999800, -0.9577164262227502200, -0.5529378364870316500 ) ) ;
#2154 = ADVANCED_FACE ( 'NONE', ( #3169 ), #2736, .T. ) ;
#2155 = PLANE ( 'NONE',  #1017 ) ;
#2156 = ORIENTED_EDGE ( 'NONE', *, *, #2222, .F. ) ;
#2157 = CARTESIAN_POINT ( 'NONE',  ( -4.368750000000001200, 0.6250000000000001100, 1.082531754730548400 ) ) ;
#2158 = AXIS2_PLACEMENT_3D ( 'NONE', #1079, #829, #1971 ) ;
#2159 = CARTESIAN_POINT ( 'NONE',  ( 2.456249999999999400, -1.250000000000000000, -0.7216878364870325000 ) ) ;
#2160 = CARTESIAN_POINT ( 'NONE',  ( -3.112499999999999800, 1.250000000000000000, 0.7216878364870319400 ) ) ;
#2161 = CIRCLE ( 'NONE', #2291, 2.249999999999999600 ) ;
#2162 = DIRECTION ( 'NONE',  ( 0.0000000000000000000, 0.0000000000000000000, 1.000000000000000000 ) ) ;
#2163 = ORIENTED_EDGE ( 'NONE', *, *, #779, .T. ) ;
#2164 = CARTESIAN_POINT ( 'NONE',  ( 4.481250000000000200, -0.9577164262227502200, -0.5529378364870316500 ) ) ;
#2165 = CYLINDRICAL_SURFACE ( 'NONE', #2341, 1.250000000000000000 ) ;
#2166 = CARTESIAN_POINT ( 'NONE',  ( -3.768750000000001200, -1.250000000000000000, 1.530808498934191600E-016 ) ) ;
#2167 = CARTESIAN_POINT ( 'NONE',  ( 2.832596189432334400, -0.3349364905389028400, 1.250000000000000200 ) ) ;
#2168 = CARTESIAN_POINT ( 'NONE',  ( -4.199999999999999300, 0.4788582131113733300, 0.8294067547305435900 ) ) ;
#2169 =( BOUNDED_CURVE ( )  B_SPLINE_CURVE ( 2, ( #1188, #3638, #2082, #1794, #2387, #1784, #2092, #2691, #2414, #851, #2982, #3606, #3616, #3912, #2072, #556, #866, #615, #3410, #3379, #2485, #42, #337, #3086, #1267, #3394, #3695, #1255, #978, #1215, #1877, #3103, #1822, #30, #3355, #351, #1849, #1573, #1545, #2472, #3044, #1227, #946, #1558, #3720, #1241, #2764, #2118, #11, #2171, #662, #1516, #3073, #297, #2441, #3707, #2500, #3665, #1864, #311, #2798, #934, #1532, #2457, #2137, #3060, #918, #3367, #603 ),
 .UNSPECIFIED., .F., .F. ) 
 B_SPLINE_CURVE_WITH_KNOTS ( ( 3, 2, 2, 2, 2, 2, 2, 2, 2, 2, 2, 2, 2, 2, 2, 2, 2, 2, 2, 2, 2, 2, 2, 2, 2, 2, 2, 2, 2, 2, 2, 2, 2, 2, 3 ),
 ( 0.1621697442117403000, 0.1666666666666666600, 0.1904761904761904700, 0.2142857142857142700, 0.2380952380952380800, 0.2619047619047619200, 0.2857142857142857000, 0.3095238095238095300, 0.3333333333333333100, 0.3571428571428571500, 0.3809523809523809300, 0.4047619047619047700, 0.4285714285714285500, 0.4523809523809523800, 0.4761904761904761600, 0.4999999999999999400, 0.5238095238095239500, 0.5476190476190476700, 0.5714285714285714000, 0.5952380952380952300, 0.6190476190476190700, 0.6428571428571429000, 0.6666666666666665200, 0.6904761904761904700, 0.7142857142857141900, 0.7380952380952381400, 0.7619047619047618600, 0.7857142857142855900, 0.8095238095238095300, 0.8333333333333332600, 0.8571428571428569800, 0.8809523809523809300, 0.9047619047619046600, 0.9285714285714286000, 0.9306272463470426400 ),
 .UNSPECIFIED. ) 
 CURVE ( )  GEOMETRIC_REPRESENTATION_ITEM ( )  RATIONAL_B_SPLINE_CURVE ( ( 0.9589505627323042800, 0.9746961184553191200, 1.000000000000000000, 0.8660254037844387100, 1.000000000000000000, 0.8660254037844387100, 1.000000000000000000, 0.8660254037844387100, 1.000000000000000000, 0.8660254037844387100, 1.000000000000000000, 0.8660254037844387100, 1.000000000000000000, 0.8660254037844387100, 1.000000000000000000, 0.8660254037844387100, 1.000000000000000000, 0.8660254037844387100, 1.000000000000000000, 0.8660254037844387100, 1.000000000000000000, 0.8660254037844387100, 1.000000000000000000, 0.8660254037844387100, 1.000000000000000000, 0.8660254037844387100, 1.000000000000000000, 0.8660254037844387100, 1.000000000000000000, 0.8660254037844387100, 1.000000000000000000, 0.8660254037844387100, 1.000000000000000000, 0.8660254037844387100, 1.000000000000000000, 0.8660254037844387100, 1.000000000000000000, 0.8660254037844387100, 1.000000000000000000, 0.8660254037844387100, 1.000000000000000000, 0.8660254037844387100, 1.000000000000000000, 0.8660254037844387100, 1.000000000000000000, 0.8660254037844387100, 1.000000000000000000, 0.8660254037844387100, 1.000000000000000000, 0.8660254037844387100, 1.000000000000000000, 0.8660254037844387100, 1.000000000000000000, 0.8660254037844387100, 1.000000000000000000, 0.8660254037844387100, 1.000000000000000000, 0.8660254037844387100, 1.000000000000000000, 0.8660254037844387100, 1.000000000000000000, 0.8660254037844387100, 1.000000000000000000, 0.8660254037844387100, 1.000000000000000000, 0.8660254037844387100, 1.000000000000000000, 0.9884320510320114800, 0.9788617560537491400 ) ) 
 REPRESENTATION_ITEM ( '' )  );
#2170 = LINE ( 'NONE', #867, #2606 ) ;
#2171 = CARTESIAN_POINT ( 'NONE',  ( -2.831249999999999800, 0.9577164262227465500, 0.5529378364870289900 ) ) ;
#2172 = CARTESIAN_POINT ( 'NONE',  ( 3.318749999999998800, -1.250000000000000000, -1.530808498934191600E-016 ) ) ;
#2173 = CARTESIAN_POINT ( 'NONE',  ( -4.799999999999999800, -0.6249999999999995600, 1.082531754730548400 ) ) ;
#2174 = CARTESIAN_POINT ( 'NONE',  ( 1.762500000000000200, -0.9577164262227506600, 0.5529378364870309900 ) ) ;
#2175 = ADVANCED_FACE ( 'NONE', ( #2216 ), #836, .F. ) ;
#2176 = CARTESIAN_POINT ( 'NONE',  ( 4.706249999999999800, 0.9577164262227499900, 0.5529378364870317600 ) ) ;
#2177 = EDGE_CURVE ( 'NONE', #2047, #728, #2512, .T. ) ;
#2178 = CARTESIAN_POINT ( 'NONE',  ( -4.631250000000001400, -1.250000000000000200, -0.7216878364870317200 ) ) ;
#2179 = CARTESIAN_POINT ( 'NONE',  ( 1.050000000000000300, 0.2201909781973963300, -2.249999999999999600 ) ) ;
#2180 = CARTESIAN_POINT ( 'NONE',  ( -4.837499999999998600, -2.031460654743907800E-016, -1.105875672974058200 ) ) ;
#2181 = VERTEX_POINT ( 'NONE', #2854 ) ;
#2182 = CARTESIAN_POINT ( 'NONE',  ( -4.556250000000000400, -4.938688641342514700E-016, -1.250000000000000000 ) ) ;
#2183 = EDGE_CURVE ( 'NONE', #748, #3920, #3840, .T. ) ;
#2184 = CARTESIAN_POINT ( 'NONE',  ( 4.406249999999999100, 1.250000000000000000, -0.7216878364870320500 ) ) ;
#2185 = CARTESIAN_POINT ( 'NONE',  ( -3.149999999999999500, 1.249999999999999800, 0.0000000000000000000 ) ) ;
#2186 = CARTESIAN_POINT ( 'NONE',  ( 1.312500000000000200, -0.9577164262227506600, 0.5529378364870309900 ) ) ;
#2187 = ORIENTED_EDGE ( 'NONE', *, *, #725, .T. ) ;
#2188 = CARTESIAN_POINT ( 'NONE',  ( 2.531250000000000000, -2.031460654743916600E-016, 1.105875672974062600 ) ) ;
#2189 = ORIENTED_EDGE ( 'NONE', *, *, #3154, .T. ) ;
#2190 = CARTESIAN_POINT ( 'NONE',  ( -3.693750000000001900, -0.6250000000000005600, -1.082531754730548200 ) ) ;
#2191 = CARTESIAN_POINT ( 'NONE',  ( -4.574999999999999300, 0.6249999999999990000, -1.082531754730548600 ) ) ;
#2192 = CARTESIAN_POINT ( 'NONE',  ( -3.187499999999999600, -0.9577164262227463300, 0.5529378364870293200 ) ) ;
#2193 = B_SPLINE_CURVE_WITH_KNOTS ( 'NONE', 3,
 ( #2084, #3626, #2671, #1132, #3269, #1434, #2138, #919, #1808, #1496, #2754, #3965, #273, #906, #3045, #1504, #3652, #12 ),
 .UNSPECIFIED., .F., .F.,
 ( 4, 2, 2, 2, 2, 2, 2, 2, 4 ),
 ( 0.002803846662411740500, 0.003223604441381004400, 0.003643362220350268200, 0.004063119999319532100, 0.004482877778288796000, 0.004902635557258059800, 0.005322393336227322800, 0.005742151115196586700, 0.006161908894165850500 ),
 .UNSPECIFIED. ) ;
#2194 = CARTESIAN_POINT ( 'NONE',  ( -2.050000060776843400, -1.171567791086341600, 0.4358083407518277800 ) ) ;
#2195 = ADVANCED_FACE ( 'NONE', ( #3697 ), #876, .T. ) ;
#2196 = CARTESIAN_POINT ( 'NONE',  ( -3.451346189432335600, 0.3349364905389020700, 1.250000000000001100 ) ) ;
#2197 = CARTESIAN_POINT ( 'NONE',  ( 3.093749999999998700, 1.250000000000000000, 0.0000000000000000000 ) ) ;
#2198 = CARTESIAN_POINT ( 'NONE',  ( -3.299999999999999800, -0.6250000000000004400, -1.082531754730548000 ) ) ;
#2199 = LINE ( 'NONE', #1253, #2397 ) ;
#2200 = CARTESIAN_POINT ( 'NONE',  ( 0.9375000000000000000, -0.9577164262227502200, -0.5529378364870316500 ) ) ;
#2201 = EDGE_CURVE ( 'NONE', #2424, #1668, #2011, .T. ) ;
#2202 = CARTESIAN_POINT ( 'NONE',  ( 4.888862027087006900, -0.6558700936709945800, 0.7272088978396887800 ) ) ;
#2203 = CARTESIAN_POINT ( 'NONE',  ( 1.631250000000000300, -2.031460654743916600E-016, 1.105875672974062600 ) ) ;
#2204 = ORIENTED_EDGE ( 'NONE', *, *, #926, .F. ) ;
#2205 = CARTESIAN_POINT ( 'NONE',  ( -4.049999999999998900, -0.9577164262227465500, 1.172864355864528600E-016 ) ) ;
#2206 = CARTESIAN_POINT ( 'NONE',  ( -4.856249999999999300, -0.9577164262227470000, -0.5529378364870288800 ) ) ;
#2207 = AXIS2_PLACEMENT_3D ( 'NONE', #2694, #3594, #3905 ) ;
#2208 = EDGE_LOOP ( 'NONE', ( #2529, #1485, #756, #10 ) ) ;
#2209 = CARTESIAN_POINT ( 'NONE',  ( 1.050000000000002500, -2.058803302138240400, -0.9340480779059861000 ) ) ;
#2210 = EDGE_CURVE ( 'NONE', #3873, #61, #1534, .T. ) ;
#2211 = DATE_AND_TIME ( #447, #1734 ) ;
#2212 = CARTESIAN_POINT ( 'NONE',  ( -4.199999999999999300, 0.4788582131113733300, 0.8294067547305435900 ) ) ;
#2213 = CARTESIAN_POINT ( 'NONE',  ( 3.543749999999998800, 1.250000000000000000, 0.0000000000000000000 ) ) ;
#2214 = CARTESIAN_POINT ( 'NONE',  ( -4.162499999999999600, -2.651438096812266900E-016, -1.443375672974064100 ) ) ;
#2215 = CARTESIAN_POINT ( 'NONE',  ( 2.062500000000000000, 0.9577164262227499900, 0.5529378364870317600 ) ) ;
#2216 = FACE_OUTER_BOUND ( 'NONE', #436, .T. ) ;
#2217 = ADVANCED_FACE ( 'NONE', ( #72 ), #258, .T. ) ;
#2218 = CARTESIAN_POINT ( 'NONE',  ( 2.568750000000000100, -0.4788582131113756100, 0.8294067547305467000 ) ) ;
#2219 = CARTESIAN_POINT ( 'NONE',  ( -4.949999999999998400, -0.9577164262227465500, 1.172864355864528600E-016 ) ) ;
#2220 = CARTESIAN_POINT ( 'NONE',  ( -4.781249999999999100, -2.031460654743908500E-016, -1.105875672974058200 ) ) ;
#2221 = CARTESIAN_POINT ( 'NONE',  ( -2.100000000000000100, -0.6249999999999995600, 1.082531754730548400 ) ) ;
#2222 = EDGE_CURVE ( 'NONE', #1277, #927, #3308, .T. ) ;
#2223 = CARTESIAN_POINT ( 'NONE',  ( -3.374999999999999100, 0.9577164262227465500, 0.0000000000000000000 ) ) ;
#2224 = CARTESIAN_POINT ( 'NONE',  ( 1.743749999999998800, 1.250000000000000000, 0.0000000000000000000 ) ) ;
#2225 = CARTESIAN_POINT ( 'NONE',  ( -2.849999999999999600, -0.6250000000000004400, -1.082531754730548000 ) ) ;
#2226 = CARTESIAN_POINT ( 'NONE',  ( 4.462500000000000400, -0.9577164262227506600, 0.5529378364870309900 ) ) ;
#2227 = CARTESIAN_POINT ( 'NONE',  ( 2.606250000000000200, -0.9577164262227506600, 0.5529378364870309900 ) ) ;
#2228 = CARTESIAN_POINT ( 'NONE',  ( -4.612499999999998900, 6.771535515813026700E-017, 1.105875672974058200 ) ) ;
#2229 = PERSON_AND_ORGANIZATION_ROLE ( 'creator' ) ;
#2230 = CARTESIAN_POINT ( 'NONE',  ( -2.474999999999999200, 0.9577164262227465500, 0.0000000000000000000 ) ) ;
#2231 = EDGE_CURVE ( 'NONE', #2960, #1455, #1680, .T. ) ;
#2232 = ORIENTED_EDGE ( 'NONE', *, *, #1059, .F. ) ;
#2233 = CARTESIAN_POINT ( 'NONE',  ( 4.950000000000000200, 1.250000000000000000, 0.0000000000000000000 ) ) ;
#2234 = ADVANCED_FACE ( 'NONE', ( #586 ), #2165, .F. ) ;
#2235 = VERTEX_POINT ( 'NONE', #2270 ) ;
#2236 = AXIS2_PLACEMENT_3D ( 'NONE', #2966, #1424, #235 ) ;
#2237 = ORIENTED_EDGE ( 'NONE', *, *, #1374, .F. ) ;
#2238 = CARTESIAN_POINT ( 'NONE',  ( -3.637499999999999300, -0.9577164262227463300, 0.5529378364870293200 ) ) ;
#2239 = CARTESIAN_POINT ( 'NONE',  ( 4.368749999999998600, 0.6250000000000001100, -1.082531754730548400 ) ) ;
#2240 = CARTESIAN_POINT ( 'NONE',  ( -2.019194132307175100, -1.245239786070703400, -0.1089856650509098600 ) ) ;
#2242 = ORIENTED_EDGE ( 'NONE', *, *, #2492, .F. ) ;
#2241 = CARTESIAN_POINT ( 'NONE',  ( 4.237500000000000700, -1.250000000000000200, 0.7216878364870317200 ) ) ;
#2243 = CARTESIAN_POINT ( 'NONE',  ( 3.431250000000001200, -2.031460654743916600E-016, 1.105875672974062600 ) ) ;
#2244 = CARTESIAN_POINT ( 'NONE',  ( -2.412945053565410900, -1.245241263051558100, -0.1089687881632155200 ) ) ;
#2245 = PERSON_AND_ORGANIZATION_ROLE ( 'classification_officer' ) ;
#2246 = CARTESIAN_POINT ( 'NONE',  ( -4.443749999999998800, -0.9577164262227466600, 1.172864355864529100E-016 ) ) ;
#2247 = CARTESIAN_POINT ( 'NONE',  ( 1.612500000000000300, 0.9577164262227499900, 0.5529378364870317600 ) ) ;
#2248 = FACE_OUTER_BOUND ( 'NONE', #419, .T. ) ;
#2249 = CARTESIAN_POINT ( 'NONE',  ( 4.575000000000000200, 0.6249999999999991100, 1.082531754730548900 ) ) ;
#2250 = ORIENTED_EDGE ( 'NONE', *, *, #713, .T. ) ;
#2251 = CARTESIAN_POINT ( 'NONE',  ( -2.587503834633450700, 6.391061151592461200E-005, 1.249999998366173600 ) ) ;
#2252 = CARTESIAN_POINT ( 'NONE',  ( 1.443749999999998800, -0.6250000000000005600, 1.082531754730548200 ) ) ;
#2253 = CARTESIAN_POINT ( 'NONE',  ( -4.749038105676660800, -2.598076211353313800, -8.457562650646586300E-016 ) ) ;
#2254 = VERTEX_POINT ( 'NONE', #435 ) ;
#2255 = CARTESIAN_POINT ( 'NONE',  ( -2.924999999999999800, -1.249999999999999800, 1.530808498934191300E-016 ) ) ;
#2256 = FACE_OUTER_BOUND ( 'NONE', #2300, .T. ) ;
#2257 = CARTESIAN_POINT ( 'NONE',  ( -4.499999999999999100, -0.9577164262227465500, 1.172864355864528600E-016 ) ) ;
#2258 = EDGE_LOOP ( 'NONE', ( #188, #3228, #2090 ) ) ;
#2259 = CARTESIAN_POINT ( 'NONE',  ( -2.512499999999998800, 0.9577164262227462200, -0.5529378364870295400 ) ) ;
#2260 = CARTESIAN_POINT ( 'NONE',  ( 0.8250000000000001800, -0.4788582131113756100, 0.8294067547305467000 ) ) ;
#2261 = CARTESIAN_POINT ( 'NONE',  ( 1.050000000000000300, 0.0000000000000000000, 0.0000000000000000000 ) ) ;
#2262 = FACE_OUTER_BOUND ( 'NONE', #1886, .T. ) ;
#2263 = CARTESIAN_POINT ( 'NONE',  ( 4.443749999999999600, -0.9577164262227504400, -1.172864355864533500E-016 ) ) ;
#2264 = COORDINATED_UNIVERSAL_TIME_OFFSET ( 6, 0, .BEHIND. ) ;
#2265 = EDGE_CURVE ( 'NONE', #1002, #1242, #1544, .T. ) ;
#2266 =( BOUNDED_CURVE ( )  B_SPLINE_CURVE ( 2, ( #859, #247, #845, #2986, #209, #1475, #3273, #1463, #3610 ),
 .UNSPECIFIED., .F., .F. ) 
 B_SPLINE_CURVE_WITH_KNOTS ( ( 3, 2, 2, 2, 3 ),
 ( 0.5756466924343108800, 0.5884408067446916800, 0.6140251896466347700, 0.6396095725485778600, 0.6524011150369430900 ),
 .UNSPECIFIED. ) 
 CURVE ( )  GEOMETRIC_REPRESENTATION_ITEM ( )  RATIONAL_B_SPLINE_CURVE ( ( 0.9330127034057722500, 0.9330026326904752300, 1.000000000000000000, 0.8660254037844387100, 1.000000000000000000, 0.8660254037844387100, 1.000000000000000000, 0.9330161002350083600, 0.9330127020646211700 ) ) 
 REPRESENTATION_ITEM ( '' )  );
#2267 = CARTESIAN_POINT ( 'NONE',  ( 5.174999999999999800, 0.9577164262227504400, 0.0000000000000000000 ) ) ;
#2268 = CARTESIAN_POINT ( 'NONE',  ( 2.511153810567664700, -0.3349364905389031800, -1.250000000000000000 ) ) ;
#2269 = CARTESIAN_POINT ( 'NONE',  ( -2.049999999999998900, 0.0000000000000000000, 0.0000000000000000000 ) ) ;
#2270 = CARTESIAN_POINT ( 'NONE',  ( -4.950000000000000200, -1.948557158514987700, 1.124999999999998900 ) ) ;
#2271 = CARTESIAN_POINT ( 'NONE',  ( 4.387500000000000200, 1.743066579297358300E-016, -1.250000000000000000 ) ) ;
#2272 = CARTESIAN_POINT ( 'NONE',  ( -3.074999999999999300, -0.4788582131113736700, -0.8294067547305433700 ) ) ;
#2273 = CARTESIAN_POINT ( 'NONE',  ( 1.050000000000000500, 0.0000000000000000000, 0.0000000000000000000 ) ) ;
#2274 = CARTESIAN_POINT ( 'NONE',  ( -4.724999999999998800, -1.249999999999999800, 1.530808498934191300E-016 ) ) ;
#2275 = CARTESIAN_POINT ( 'NONE',  ( 1.350000000000000100, -0.9577164262227504400, -1.172864355864533500E-016 ) ) ;
#2276 = CARTESIAN_POINT ( 'NONE',  ( 4.593749999999999100, -0.6250000000000005600, 1.082531754730548200 ) ) ;
#2277 = CARTESIAN_POINT ( 'NONE',  ( 3.993749999999999900, -0.9577164262227504400, -1.172864355864533500E-016 ) ) ;
#2278 = ADVANCED_FACE ( 'NONE', ( #3212 ), #1944, .T. ) ;
#2279 = EDGE_CURVE ( 'NONE', #3930, #3186, #3569, .T. ) ;
#2280 = CARTESIAN_POINT ( 'NONE',  ( 4.537500000000000500, -0.9577164262227502200, -0.5529378364870316500 ) ) ;
#2281 = CARTESIAN_POINT ( 'NONE',  ( 1.050000000000000500, 1.530808498934191600E-016, 1.250000000000000000 ) ) ;
#2282 = ORIENTED_EDGE ( 'NONE', *, *, #238, .T. ) ;
#2283 = CARTESIAN_POINT ( 'NONE',  ( 4.630475784996629200, -1.156861088608964500, 0.4839290336956149100 ) ) ;
#2284 = ORIENTED_EDGE ( 'NONE', *, *, #935, .F. ) ;
#2285 = CARTESIAN_POINT ( 'NONE',  ( -4.899200000000000400, 0.0000000000000000000, 0.0000000000000000000 ) ) ;
#2286 = CARTESIAN_POINT ( 'NONE',  ( -3.524999999999999500, 0.6250000000000000000, 1.082531754730548200 ) ) ;
#2287 = CARTESIAN_POINT ( 'NONE',  ( -2.793749999999999300, 0.4788582131113734400, 0.8294067547305438200 ) ) ;
#2288 = CARTESIAN_POINT ( 'NONE',  ( 1.200000000000000600, 0.4788582131113745000, 0.8294067547305473700 ) ) ;
#2289 = CARTESIAN_POINT ( 'NONE',  ( 2.325000000000000200, -0.4788582131113750000, -0.8294067547305470400 ) ) ;
#2290 = ORIENTED_EDGE ( 'NONE', *, *, #1719, .F. ) ;
#2291 = AXIS2_PLACEMENT_3D ( 'NONE', #1167, #1213, #270 ) ;
#2292 =( BOUNDED_CURVE ( )  B_SPLINE_CURVE ( 2, ( #3049, #2428, #1812, #2, #2122, #1796, #2445, #1776, #2755 ),
 .UNSPECIFIED., .F., .F. ) 
 B_SPLINE_CURVE_WITH_KNOTS ( ( 3, 2, 2, 2, 3 ),
 ( 0.2686338786743910400, 0.2814282119213742900, 0.3070125948233173900, 0.3325969777252605300, 0.3453891600392997000 ),
 .UNSPECIFIED. ) 
 CURVE ( )  GEOMETRIC_REPRESENTATION_ITEM ( )  RATIONAL_B_SPLINE_CURVE ( ( 0.9330127037700601800, 0.9330014862120545900, 1.000000000000000000, 0.8660254037844387100, 1.000000000000000000, 0.8660254037844387100, 1.000000000000000000, 0.9330127497384711500, 0.9330127018922536000 ) ) 
 REPRESENTATION_ITEM ( '' )  );
#2293 = CARTESIAN_POINT ( 'NONE',  ( 4.912499999999999600, -0.9577164262227506600, 0.5529378364870309900 ) ) ;
#2294 = CARTESIAN_POINT ( 'NONE',  ( -4.611364953461159800, -0.04762200562093540900, 0.9612872530373350900 ) ) ;
#2295 = FACE_OUTER_BOUND ( 'NONE', #2915, .T. ) ;
#2296 = FACE_OUTER_BOUND ( 'NONE', #3654, .T. ) ;
#2297 = CARTESIAN_POINT ( 'NONE',  ( -4.106250000000001100, -4.938688641342514700E-016, -1.250000000000000000 ) ) ;
#2298 = CARTESIAN_POINT ( 'NONE',  ( 1.462500000000000400, 6.771535515813055000E-017, -1.105875672974062600 ) ) ;
#2299 = CARTESIAN_POINT ( 'NONE',  ( -2.049999999999999400, -1.217462244189892100, 0.2590221823776243100 ) ) ;
#2300 = EDGE_LOOP ( 'NONE', ( #1888, #2625, #1811, #3792 ) ) ;
#2301 = CARTESIAN_POINT ( 'NONE',  ( 4.576346189432332100, -0.3349364905389037900, 1.249999999999999800 ) ) ;
#2302 = CARTESIAN_POINT ( 'NONE',  ( 3.618750000000000400, -0.4788582131113750000, -0.8294067547305470400 ) ) ;
#2303 = ORIENTED_EDGE ( 'NONE', *, *, #570, .F. ) ;
#2304 = CARTESIAN_POINT ( 'NONE',  ( -3.037499999999998800, -2.031460654743908000E-016, -1.105875672974058000 ) ) ;
#2305 = CARTESIAN_POINT ( 'NONE',  ( 2.231250000000000200, -0.9577164262227502200, -0.5529378364870316500 ) ) ;
#2306 = CARTESIAN_POINT ( 'NONE',  ( -2.244194592936298500, -0.9540698439763482000, -0.08349542400452598900 ) ) ;
#2307 = CARTESIAN_POINT ( 'NONE',  ( 4.031249999999998200, 1.249999999999999600, 0.7216878364870329400 ) ) ;
#2308 = AXIS2_PLACEMENT_3D ( 'NONE', #2906, #1078, #3211 ) ;
#2309 = CIRCLE ( 'NONE', #1913, 1.250000000000000000 ) ;
#2310 = CARTESIAN_POINT ( 'NONE',  ( 4.612499999999999800, 1.740161468331862700E-014, 1.250000000000000000 ) ) ;
#2311 = CARTESIAN_POINT ( 'NONE',  ( -2.287499999999999200, -0.9577164262227463300, 0.5529378364870293200 ) ) ;
#2312 = DIRECTION ( 'NONE',  ( 1.000000000000000000, 0.0000000000000000000, 0.0000000000000000000 ) ) ;
#2313 = CONICAL_SURFACE ( 'NONE', #2777, 0.9125000000000000900, 0.7853981633974466100 ) ;
#2314 = CARTESIAN_POINT ( 'NONE',  ( -2.568749999999999200, -0.4788582131113737800, -0.8294067547305435900 ) ) ;
#2315 = CARTESIAN_POINT ( 'NONE',  ( 2.850000000000000500, -0.6250000000000005600, 1.082531754730548200 ) ) ;
#2316 =( BOUNDED_CURVE ( )  B_SPLINE_CURVE ( 2, ( #2749, #862, #3026, #2436, #2079, #3312, #600, #1212, #1401 ),
 .UNSPECIFIED., .F., .F. ) 
 B_SPLINE_CURVE_WITH_KNOTS ( ( 3, 2, 2, 2, 3 ),
 ( 0.2250000000000000100, 0.2333333333333333400, 0.2500000000000000000, 0.2666666666666666600, 0.2750000000000000200 ),
 .UNSPECIFIED. ) 
 CURVE ( )  GEOMETRIC_REPRESENTATION_ITEM ( )  RATIONAL_B_SPLINE_CURVE ( ( 0.9330127018922194100, 0.9330127018922194100, 1.000000000000000000, 0.8660254037844387100, 1.000000000000000000, 0.8660254037844387100, 1.000000000000000000, 0.9330127018922191900, 0.9330127018922194100 ) ) 
 REPRESENTATION_ITEM ( '' )  );
#2317 = AXIS2_PLACEMENT_3D ( 'NONE', #406, #1032, #1054 ) ;
#2318 = CARTESIAN_POINT ( 'NONE',  ( -4.860166025077799800, 0.8761635925115040000, -2.249999999999999600 ) ) ;
#2319 = CARTESIAN_POINT ( 'NONE',  ( 4.331249999999999800, -2.031460654743916600E-016, 1.105875672974062600 ) ) ;
#2320 = ADVANCED_FACE ( 'NONE', ( #2262 ), #218, .T. ) ;
#2321 = CARTESIAN_POINT ( 'NONE',  ( -4.749038105676659100, 1.299038105676659800, -2.249999999999999600 ) ) ;
#2322 = CARTESIAN_POINT ( 'NONE',  ( -2.049999999999998900, 1.530808498934191300E-016, -1.250000000000000000 ) ) ;
#2323 = CARTESIAN_POINT ( 'NONE',  ( 2.011482200758373000, 9.836705729168091600E-013, -1.129158626981124500 ) ) ;
#2324 = CARTESIAN_POINT ( 'NONE',  ( 2.022955069469569300, -0.7160320824091202000, 0.9005400212847070000 ) ) ;
#2325 = CARTESIAN_POINT ( 'NONE',  ( 1.050000000000000300, -1.948557158514987700, 1.124999999999998900 ) ) ;
#2326 = CARTESIAN_POINT ( 'NONE',  ( -3.711426243607918200, 6.564856486586361600E-005, -1.249999996725117900 ) ) ;
#2327 = CARTESIAN_POINT ( 'NONE',  ( 4.635349389820783400, -0.1609548076155651000, 1.227150610179220700 ) ) ;
#2328 = CARTESIAN_POINT ( 'NONE',  ( 2.775000000000000400, 0.6249999999999991100, 1.082531754730548900 ) ) ;
#2329 = CARTESIAN_POINT ( 'NONE',  ( -2.567405590240933800, -0.3349068293177678800, 1.250017124914006800 ) ) ;
#2330 = EDGE_LOOP ( 'NONE', ( #2592, #3328, #2931, #3676 ) ) ;
#2331 = CARTESIAN_POINT ( 'NONE',  ( -4.950000000000000200, 0.0000000000000000000, 0.0000000000000000000 ) ) ;
#2332 = CARTESIAN_POINT ( 'NONE',  ( 3.506250000000000100, -0.9577164262227506600, 0.5529378364870309900 ) ) ;
#2333 = VERTEX_POINT ( 'NONE', #1686 ) ;
#2334 = AXIS2_PLACEMENT_3D ( 'NONE', #3531, #1704, #2630 ) ;
#2335 = CARTESIAN_POINT ( 'NONE',  ( 4.424999999999999800, -0.4788582131113756100, 0.8294067547305467000 ) ) ;
#2336 = CARTESIAN_POINT ( 'NONE',  ( -4.654134453536439500, 1.006859764873309300, -0.1945790235139666600 ) ) ;
#2337 = CARTESIAN_POINT ( 'NONE',  ( -3.263345217786869100, -5.192633894624658900E-005, -1.249999997970225400 ) ) ;
#2338 = CARTESIAN_POINT ( 'NONE',  ( 3.787500000000000100, 0.9577164262227504400, -0.5529378364870312100 ) ) ;
#2339 = ORIENTED_EDGE ( 'NONE', *, *, #1741, .T. ) ;
#2340 = CARTESIAN_POINT ( 'NONE',  ( -2.324999999999999700, 0.6249999999999990000, -1.082531754730548600 ) ) ;
#2341 = AXIS2_PLACEMENT_3D ( 'NONE', #743, #2571, #1339 ) ;
#2342 = CARTESIAN_POINT ( 'NONE',  ( 0.9102299309046663100, -1.405025455978007100, 2.066424524318460700 ) ) ;
#2343 = PLANE ( 'NONE',  #2236 ) ;
#2344 = CARTESIAN_POINT ( 'NONE',  ( 2.793750000000000200, 0.4788582131113753300, -0.8294067547305469200 ) ) ;
#2345 = VERTEX_POINT ( 'NONE', #3512 ) ;
#2346 = CARTESIAN_POINT ( 'NONE',  ( 2.175000000000000700, 0.6250000000000001100, -1.082531754730548400 ) ) ;
#2347 = EDGE_CURVE ( 'NONE', #1242, #1793, #2789, .T. ) ;
#2348 = CARTESIAN_POINT ( 'NONE',  ( 3.393750000000000300, 0.4788582131113745000, 0.8294067547305473700 ) ) ;
#2349 = CYLINDRICAL_SURFACE ( 'NONE', #2992, 1.250000000000000000 ) ;
#2350 = CARTESIAN_POINT ( 'NONE',  ( 2.587499999999999900, -2.031460654743916600E-016, 1.105875672974062600 ) ) ;
#2351 = DIRECTION ( 'NONE',  ( 1.000000000000000000, 0.0000000000000000000, 0.0000000000000000000 ) ) ;
#2352 = CARTESIAN_POINT ( 'NONE',  ( 3.825000000000000200, 0.9577164262227504400, 0.0000000000000000000 ) ) ;
#2353 = CARTESIAN_POINT ( 'NONE',  ( 2.531249999999998700, 1.743066579297358300E-016, -1.250000000000000000 ) ) ;
#2354 = CARTESIAN_POINT ( 'NONE',  ( -4.749038105676774500, -1.299038105676829400, 2.249999999999999600 ) ) ;
#2355 = CARTESIAN_POINT ( 'NONE',  ( -5.043749999999998400, 0.4788582131113734400, 0.8294067547305438200 ) ) ;
#2356 = ORIENTED_EDGE ( 'NONE', *, *, #3011, .F. ) ;
#2357 = CARTESIAN_POINT ( 'NONE',  ( 2.981250000000000200, -2.031460654743916600E-016, 1.105875672974062600 ) ) ;
#2358 = CARTESIAN_POINT ( 'NONE',  ( 3.225000000000000500, 0.6249999999999991100, 1.082531754730548900 ) ) ;
#2359 = CIRCLE ( 'NONE', #3467, 2.249999999999999600 ) ;
#2360 = EDGE_CURVE ( 'NONE', #2837, #3964, #3085, .T. ) ;
#2361 = VERTEX_POINT ( 'NONE', #3847 ) ;
#2362 = CARTESIAN_POINT ( 'NONE',  ( 2.812500000000000400, 6.771535515813055000E-017, -1.105875672974062600 ) ) ;
#2363 = COORDINATED_UNIVERSAL_TIME_OFFSET ( 6, 0, .BEHIND. ) ;
#2364 = CARTESIAN_POINT ( 'NONE',  ( -4.950000000000001100, 1.727238319854175900, -1.508335473232666100 ) ) ;
#2365 = CARTESIAN_POINT ( 'NONE',  ( 2.792403810567666500, 0.3349364905389038400, 1.249999999999999800 ) ) ;
#2366 = CARTESIAN_POINT ( 'NONE',  ( 4.182596189432334900, -0.3349364905389037900, 1.249999999999999800 ) ) ;
#2367 = CARTESIAN_POINT ( 'NONE',  ( 4.537499999999999600, 1.249999999999999600, 0.7216878364870329400 ) ) ;
#2368 = AXIS2_PLACEMENT_3D ( 'NONE', #3266, #2375, #3592 ) ;
#2369 = CARTESIAN_POINT ( 'NONE',  ( 3.600000000000000100, -0.9577164262227504400, -1.172864355864533500E-016 ) ) ;
#2370 = CARTESIAN_POINT ( 'NONE',  ( -4.949999999999999300, -0.2198835176872580000, -2.249999999999999600 ) ) ;
#2371 = CARTESIAN_POINT ( 'NONE',  ( -4.860744989968448900, -2.385217236779674500, 0.3686825588085538300 ) ) ;
#2372 = CARTESIAN_POINT ( 'NONE',  ( -4.871727692845887200, -1.511542704210608700, 1.881931238497168000 ) ) ;
#2373 = CARTESIAN_POINT ( 'NONE',  ( 1.256250000000000500, -0.9577164262227506600, 0.5529378364870309900 ) ) ;
#2374 = CARTESIAN_POINT ( 'NONE',  ( 3.787500000000000100, 0.9577164262227504400, -0.5529378364870312100 ) ) ;
#2375 = DIRECTION ( 'NONE',  ( 1.000000000000000000, 0.0000000000000000000, 0.0000000000000000000 ) ) ;
#2376 = CARTESIAN_POINT ( 'NONE',  ( 4.237500000000000700, -1.250000000000000200, 0.7216878364870317200 ) ) ;
#2377 = CARTESIAN_POINT ( 'NONE',  ( 2.887500000000000200, 0.9577164262227504400, -0.5529378364870312100 ) ) ;
#2378 = DIRECTION ( 'NONE',  ( 1.000000000000000000, 0.0000000000000000000, -0.0000000000000000000 ) ) ;
#2379 = ORIENTED_EDGE ( 'NONE', *, *, #3380, .F. ) ;
#2380 = CARTESIAN_POINT ( 'NONE',  ( 0.9607449899684514800, -1.511897080250304000, 1.881317441191430400 ) ) ;
#2381 = DIRECTION ( 'NONE',  ( 0.0000000000000000000, 0.0000000000000000000, -1.000000000000000000 ) ) ;
#2382 = CARTESIAN_POINT ( 'NONE',  ( 1.743750000000000600, -0.9577164262227504400, -1.172864355864533500E-016 ) ) ;
#2383 = ORIENTED_EDGE ( 'NONE', *, *, #570, .T. ) ;
#2384 = DIRECTION ( 'NONE',  ( 0.0000000000000000000, 0.0000000000000000000, -1.000000000000000000 ) ) ;
#2385 = CARTESIAN_POINT ( 'NONE',  ( -4.068750000000001400, 0.6249999999999991100, -1.082531754730548900 ) ) ;
#2386 = ORIENTED_EDGE ( 'NONE', *, *, #3507, .F. ) ;
#2387 = CARTESIAN_POINT ( 'NONE',  ( -4.518749999999998900, -0.4788582131113731700, 0.8294067547305438200 ) ) ;
#2388 = CARTESIAN_POINT ( 'NONE',  ( -4.950000000000001100, 2.169875997175799900, 0.7416645267673335200 ) ) ;
#2389 =( BOUNDED_CURVE ( )  B_SPLINE_CURVE ( 2, ( #754, #2365, #2680, #1750, #2669, #3891, #828, #2049, #557 ),
 .UNSPECIFIED., .F., .F. ) 
 B_SPLINE_CURVE_WITH_KNOTS ( ( 3, 2, 2, 2, 3 ),
 ( 0.4750000000000000300, 0.4833333333333333400, 0.5000000000000000000, 0.5166666666666667200, 0.5250000000000000200 ),
 .UNSPECIFIED. ) 
 CURVE ( )  GEOMETRIC_REPRESENTATION_ITEM ( )  RATIONAL_B_SPLINE_CURVE ( ( 0.9330127018922194100, 0.9330127018922196300, 1.000000000000000000, 0.8660254037844387100, 1.000000000000000000, 0.8660254037844387100, 1.000000000000000000, 0.9330127018922194100, 0.9330127018922194100 ) ) 
 REPRESENTATION_ITEM ( '' )  );
#2390 = CARTESIAN_POINT ( 'NONE',  ( 3.712499999999999500, 1.714015469642402100E-015, 1.250000000000000000 ) ) ;
#2391 = CARTESIAN_POINT ( 'NONE',  ( 3.075000000000000200, -0.4788582131113756100, 0.8294067547305467000 ) ) ;
#2392 = CARTESIAN_POINT ( 'NONE',  ( 1.050000000000001600, 2.058803302138242100, 0.9340480779059869800 ) ) ;
#2393 = CARTESIAN_POINT ( 'NONE',  ( 1.030756665990566900, -1.728209346468573300, 1.506653605801023100 ) ) ;
#2394 = CARTESIAN_POINT ( 'NONE',  ( 1.050000000000000500, 0.0000000000000000000, 0.0000000000000000000 ) ) ;
#2395 = CARTESIAN_POINT ( 'NONE',  ( 2.606250000000000200, -0.9577164262227506600, 0.5529378364870309900 ) ) ;
#2396 = EDGE_CURVE ( 'NONE', #990, #3577, #3650, .T. ) ;
#2397 = VECTOR ( 'NONE', #660, 1000.000000000000000 ) ;
#2398 = CARTESIAN_POINT ( 'NONE',  ( 1.837500000000000600, 0.0000000000000000000, 0.0000000000000000000 ) ) ;
#2399 = CARTESIAN_POINT ( 'NONE',  ( -4.748197503620690300, -0.7049827987165548900, -0.8560761040711374300 ) ) ;
#2400 = CARTESIAN_POINT ( 'NONE',  ( 4.218749999999998200, -1.250000000000000000, -1.530808498934191600E-016 ) ) ;
#2401 = VERTEX_POINT ( 'NONE', #3237 ) ;
#2402 = CARTESIAN_POINT ( 'NONE',  ( -2.981250000000001100, 1.743066579297358300E-016, 1.250000000000000000 ) ) ;
#2403 = EDGE_LOOP ( 'NONE', ( #3397, #3088, #1, #1761, #1275, #3917 ) ) ;
#2404 = CARTESIAN_POINT ( 'NONE',  ( -4.950000000000000200, 0.0000000000000000000, 0.0000000000000000000 ) ) ;
#2405 = CARTESIAN_POINT ( 'NONE',  ( -4.860083767412380200, -2.851041040205793000E-011, 1.210883767412379100 ) ) ;
#2406 = CARTESIAN_POINT ( 'NONE',  ( -4.668749999999999300, 0.9577164262227466600, 0.0000000000000000000 ) ) ;
#2407 = LINE ( 'NONE', #3278, #1771 ) ;
#2408 = CARTESIAN_POINT ( 'NONE',  ( 4.987499999999999800, -0.9577164262227502200, -0.5529378364870316500 ) ) ;
#2409 = EDGE_CURVE ( 'NONE', #1177, #1022, #1428, .T. ) ;
#2410 = FACE_OUTER_BOUND ( 'NONE', #2330, .T. ) ;
#2411 = CARTESIAN_POINT ( 'NONE',  ( -4.606916426222745100, 0.6291744576416378200, 0.7220528061770957700 ) ) ;
#2412 = B_SPLINE_CURVE_WITH_KNOTS ( 'NONE', 3,
 ( #3189, #3203, #3585, #3558, #3241, #2076, #2697, #1763 ),
 .UNSPECIFIED., .F., .F.,
 ( 4, 2, 2, 4 ),
 ( 0.0008748994814422139500, 0.001416116117278864000, 0.001686724435197189000, 0.001957332753115514000 ),
 .UNSPECIFIED. ) ;
#2413 = DESIGN_CONTEXT ( 'detailed design', #3771, 'design' ) ;
#2414 = CARTESIAN_POINT ( 'NONE',  ( -4.368749999999999500, -0.4788582131113737800, -0.8294067547305435900 ) ) ;
#2415 = CARTESIAN_POINT ( 'NONE',  ( 4.331249999999998000, 1.743066579297358300E-016, -1.250000000000000000 ) ) ;
#2416 = EDGE_CURVE ( 'NONE', #1668, #216, #720, .T. ) ;
#2417 = CARTESIAN_POINT ( 'NONE',  ( -3.768749999999999400, 0.9577164262227466600, 0.0000000000000000000 ) ) ;
#2418 = CARTESIAN_POINT ( 'NONE',  ( 3.862500000000000300, 0.9577164262227499900, 0.5529378364870317600 ) ) ;
#2419 = APPROVAL ( #413, 'UNSPECIFIED' ) ;
#2420 = CARTESIAN_POINT ( 'NONE',  ( 3.412500000000000500, -1.250000000000000000, -0.7216878364870325000 ) ) ;
#2421 = CARTESIAN_POINT ( 'NONE',  ( 4.904783573777243600, -0.7757375938702711900, 0.5616510825354467100 ) ) ;
#2422 = CARTESIAN_POINT ( 'NONE',  ( 3.843749999999999100, -0.6249999999999996700, -1.082531754730548400 ) ) ;
#2423 = DIRECTION ( 'NONE',  ( -1.000000000000000000, -0.0000000000000000000, -0.0000000000000000000 ) ) ;
#2424 = VERTEX_POINT ( 'NONE', #451 ) ;
#2425 = CARTESIAN_POINT ( 'NONE',  ( -2.831250000000001200, -1.250000000000000200, -0.7216878364870317200 ) ) ;
#2426 = CARTESIAN_POINT ( 'NONE',  ( 4.311153810567663700, -0.3349364905389031800, -1.250000000000000000 ) ) ;
#2427 = ORIENTED_EDGE ( 'NONE', *, *, #1780, .T. ) ;
#2428 = CARTESIAN_POINT ( 'NONE',  ( -4.142406933734375400, 0.3348844377603862300, -1.250030052685688500 ) ) ;
#2429 = CARTESIAN_POINT ( 'NONE',  ( 4.893749999999999800, -0.9577164262227504400, -1.172864355864533500E-016 ) ) ;
#2430 = CARTESIAN_POINT ( 'NONE',  ( -2.756249999999999200, 6.771535515813027900E-017, 1.105875672974058200 ) ) ;
#2431 = CARTESIAN_POINT ( 'NONE',  ( 3.975000000000000100, -0.4788582131113756100, 0.8294067547305467000 ) ) ;
#2432 = ORIENTED_EDGE ( 'NONE', *, *, #3372, .T. ) ;
#2433 = EDGE_CURVE ( 'NONE', #706, #752, #18, .T. ) ;
#2434 = CARTESIAN_POINT ( 'NONE',  ( 1.237500000000000900, 8.838126989374223500E-017, -1.443375672974064300 ) ) ;
#2435 = VERTEX_POINT ( 'NONE', #1457 ) ;
#2436 = CARTESIAN_POINT ( 'NONE',  ( 3.862500000000000300, -1.250000000000000000, -0.7216878364870327200 ) ) ;
#2437 = CARTESIAN_POINT ( 'NONE',  ( -4.779584858249439300, -1.113900450003890900, -0.2433317439642578600 ) ) ;
#2438 =( BOUNDED_CURVE ( )  B_SPLINE_CURVE ( 2, ( #1391, #171, #1419, #1376, #462, #2918, #221, #2894, #3536 ),
 .UNSPECIFIED., .F., .F. ) 
 B_SPLINE_CURVE_WITH_KNOTS ( ( 3, 2, 2, 2, 3 ),
 ( 0.3453891600392997000, 0.3581813606272036300, 0.3837657435291467700, 0.4093501264310898100, 0.4221447606592820300 ),
 .UNSPECIFIED. ) 
 CURVE ( )  GEOMETRIC_REPRESENTATION_ITEM ( )  RATIONAL_B_SPLINE_CURVE ( ( 0.9330127018922536000, 0.9330126540459676700, 1.000000000000000000, 0.8660254037844387100, 1.000000000000000000, 0.8660254037844387100, 1.000000000000000000, 0.9329999101007178100, 0.9330127043349202300 ) ) 
 REPRESENTATION_ITEM ( '' )  );
#2439 = AXIS2_PLACEMENT_3D ( 'NONE', #2781, #353, #2474 ) ;
#2440 = B_SPLINE_CURVE_WITH_KNOTS ( 'NONE', 3,
 ( #2321, #2935, #2364, #1725 ),
 .UNSPECIFIED., .F., .F.,
 ( 4, 4 ),
 ( 2.380746839933657300E-007, 0.001314652396222795800 ),
 .UNSPECIFIED. ) ;
#2441 = CARTESIAN_POINT ( 'NONE',  ( -2.643749999999999400, -0.9577164262227466600, 1.172864355864529100E-016 ) ) ;
#2442 = EDGE_CURVE ( 'NONE', #1514, #2435, #2407, .T. ) ;
#2443 = FACE_OUTER_BOUND ( 'NONE', #1335, .T. ) ;
#2444 = CARTESIAN_POINT ( 'NONE',  ( -3.731250000000001100, -1.250000000000000200, -0.7216878364870317200 ) ) ;
#2445 = CARTESIAN_POINT ( 'NONE',  ( -3.974999999999999200, 0.6250000000000000000, 1.082531754730548200 ) ) ;
#2446 = AXIS2_PLACEMENT_3D ( 'NONE', #1020, #101, #742 ) ;
#2447 = CARTESIAN_POINT ( 'NONE',  ( 3.731250000000000600, 0.9577164262227504400, -0.5529378364870312100 ) ) ;
#2448 = CARTESIAN_POINT ( 'NONE',  ( -3.131249999999999600, -0.9577164262227465500, 0.5529378364870294300 ) ) ;
#2449 = ORIENTED_EDGE ( 'NONE', *, *, #1127, .F. ) ;
#2450 = CARTESIAN_POINT ( 'NONE',  ( 4.012500000000000200, -0.9577164262227506600, 0.5529378364870309900 ) ) ;
#2451 = CARTESIAN_POINT ( 'NONE',  ( 0.9750000000000010900, 0.6249999999999991100, 1.082531754730548900 ) ) ;
#2452 = ORIENTED_EDGE ( 'NONE', *, *, #700, .T. ) ;
#2453 = CARTESIAN_POINT ( 'NONE',  ( 2.962500000000000800, -1.250000000000000000, -0.7216878364870327200 ) ) ;
#2454 = CARTESIAN_POINT ( 'NONE',  ( -3.037499999999999200, -2.031460654743907800E-016, -1.105875672974058200 ) ) ;
#2455 = CARTESIAN_POINT ( 'NONE',  ( 1.050000000000001600, 1.727238319854174100, 1.508335473232666600 ) ) ;
#2456 = EDGE_LOOP ( 'NONE', ( #1157, #2580, #1176, #1051, #3813, #1531, #1109, #1027, #2509 ) ) ;
#2457 = CARTESIAN_POINT ( 'NONE',  ( -2.306249999999999500, 6.771535515813027900E-017, 1.105875672974058200 ) ) ;
#2458 = CARTESIAN_POINT ( 'NONE',  ( -4.791479852977298400, 0.9762425898731854600, 0.6127413515162888300 ) ) ;
#2459 = CARTESIAN_POINT ( 'NONE',  ( 1.050000000000000500, 0.0000000000000000000, 0.0000000000000000000 ) ) ;
#2460 = LINE ( 'NONE', #3899, #1164 ) ;
#2461 = CALENDAR_DATE ( 2021, 9, 7 ) ;
#2462 = CARTESIAN_POINT ( 'NONE',  ( 3.150000000000000400, 1.250000000000000000, 0.0000000000000000000 ) ) ;
#2463 = CARTESIAN_POINT ( 'NONE',  ( 3.543750000000000200, -0.9577164262227504400, -1.172864355864533500E-016 ) ) ;
#2464 = CARTESIAN_POINT ( 'NONE',  ( -3.018749999999999400, -0.4788582131113737800, -0.8294067547305435900 ) ) ;
#2465 = CARTESIAN_POINT ( 'NONE',  ( 4.387500000000000200, -2.031460654743916600E-016, 1.105875672974062600 ) ) ;
#2466 = ADVANCED_FACE ( 'NONE', ( #2883 ), #172, .F. ) ;
#2467 = CARTESIAN_POINT ( 'NONE',  ( 4.893749999999999800, -0.9577164262227504400, -1.172864355864533500E-016 ) ) ;
#2468 = CARTESIAN_POINT ( 'NONE',  ( -3.806250000000001200, -1.250000000000000000, 0.7216878364870325000 ) ) ;
#2469 = CARTESIAN_POINT ( 'NONE',  ( -4.407596189432333700, 0.3349364905389031200, 1.249999999999999800 ) ) ;
#2470 = CARTESIAN_POINT ( 'NONE',  ( -4.499999999999999100, -0.9577164262227465500, 1.172864355864528600E-016 ) ) ;
#2471 =( BOUNDED_CURVE ( )  B_SPLINE_CURVE ( 2, ( #1056, #772, #1933, #1659, #2255, #1082, #1341, #3485, #2586 ),
 .UNSPECIFIED., .F., .F. ) 
 B_SPLINE_CURVE_WITH_KNOTS ( ( 3, 2, 2, 2, 3 ),
 ( 0.6524011150369430900, 0.6651939554505210700, 0.6907783383524641600, 0.7163627212544071400, 0.7291522588911336600 ),
 .UNSPECIFIED. ) 
 CURVE ( )  GEOMETRIC_REPRESENTATION_ITEM ( )  RATIONAL_B_SPLINE_CURVE ( ( 0.9330127020646211700, 0.9330093035494302400, 1.000000000000000000, 0.8660254037844387100, 1.000000000000000000, 0.8660254037844387100, 1.000000000000000000, 0.9330265987953917400, 0.9330127047752124800 ) ) 
 REPRESENTATION_ITEM ( '' )  );
#2472 = CARTESIAN_POINT ( 'NONE',  ( -3.206249999999998900, 6.771535515813027900E-017, 1.105875672974058200 ) ) ;
#2473 = CARTESIAN_POINT ( 'NONE',  ( 4.162500000000000500, -4.938688641342514700E-016, 1.250000000000000000 ) ) ;
#2474 = DIRECTION ( 'NONE',  ( 0.0000000000000000000, 0.0000000000000000000, -1.000000000000000000 ) ) ;
#2475 = EDGE_CURVE ( 'NONE', #3261, #3137, #3937, .T. ) ;
#2476 = CARTESIAN_POINT ( 'NONE',  ( 4.256249999999998800, -1.250000000000000000, -0.7216878364870325000 ) ) ;
#2477 = CARTESIAN_POINT ( 'NONE',  ( -3.074999999999999700, 0.6250000000000000000, 1.082531754730548200 ) ) ;
#2478 = CARTESIAN_POINT ( 'NONE',  ( 2.212499999999999900, -0.9577164262227506600, 0.5529378364870309900 ) ) ;
#2479 = CARTESIAN_POINT ( 'NONE',  ( 4.931250000000000400, -0.9577164262227502200, -0.5529378364870316500 ) ) ;
#2480 = VERTEX_POINT ( 'NONE', #830 ) ;
#2481 = CARTESIAN_POINT ( 'NONE',  ( -3.656250000000001300, -2.651438096812267400E-016, -1.443375672974064300 ) ) ;
#2482 = CARTESIAN_POINT ( 'NONE',  ( -4.143750000000001600, -0.6250000000000005600, -1.082531754730548200 ) ) ;
#2483 = CARTESIAN_POINT ( 'NONE',  ( -4.049999999999998900, -0.9577164262227465500, 1.172864355864528600E-016 ) ) ;
#2484 = ORIENTED_EDGE ( 'NONE', *, *, #2827, .T. ) ;
#2485 = CARTESIAN_POINT ( 'NONE',  ( -3.918749999999999300, -0.4788582131113737800, -0.8294067547305435900 ) ) ;
#2486 = ADVANCED_FACE ( 'NONE', ( #1583 ), #3120, .T. ) ;
#2487 = ORIENTED_EDGE ( 'NONE', *, *, #910, .T. ) ;
#2488 = CARTESIAN_POINT ( 'NONE',  ( 2.681249999999998600, 1.249999999999999600, 0.7216878364870329400 ) ) ;
#2489 = CARTESIAN_POINT ( 'NONE',  ( 2.831249999999998900, -1.250000000000000200, 0.7216878364870317200 ) ) ;
#2490 = CARTESIAN_POINT ( 'NONE',  ( -2.190913067600476400, -0.9577164262227466600, -0.04183059368672194200 ) ) ;
#2491 = CARTESIAN_POINT ( 'NONE',  ( 1.725000000000000300, -0.4788582131113756100, 0.8294067547305467000 ) ) ;
#2492 = EDGE_CURVE ( 'NONE', #61, #3239, #3392, .T. ) ;
#2493 = LINE ( 'NONE', #1395, #1333 ) ;
#2494 = CARTESIAN_POINT ( 'NONE',  ( 1.650000000000000800, -0.6249999999999996700, -1.082531754730548400 ) ) ;
#2495 = CARTESIAN_POINT ( 'NONE',  ( -4.068750000000001400, 0.6249999999999991100, -1.082531754730548900 ) ) ;
#2496 = CARTESIAN_POINT ( 'NONE',  ( -4.274999999999999500, 0.9577164262227465500, 0.0000000000000000000 ) ) ;
#2497 = CARTESIAN_POINT ( 'NONE',  ( 1.840040000000000800, -0.2069944435876043300, -0.9350797042930272300 ) ) ;
#2498 = AXIS2_PLACEMENT_3D ( 'NONE', #512, #1363, #2107 ) ;
#2499 = ORIENTED_EDGE ( 'NONE', *, *, #2360, .T. ) ;
#2500 = CARTESIAN_POINT ( 'NONE',  ( -2.568749999999999200, -0.4788582131113737800, -0.8294067547305435900 ) ) ;
#2501 = EDGE_CURVE ( 'NONE', #3618, #191, #350, .T. ) ;
#2502 = CARTESIAN_POINT ( 'NONE',  ( -2.418750000000001500, -1.250000000000000000, 1.530808498934191600E-016 ) ) ;
#2503 = ORIENTED_EDGE ( 'NONE', *, *, #3360, .T. ) ;
#2504 = CARTESIAN_POINT ( 'NONE',  ( 2.736153810567664400, 0.3349364905389047900, 1.249999999999998900 ) ) ;
#2505 = AXIS2_PLACEMENT_3D ( 'NONE', #2674, #1438, #257 ) ;
#2506 = CARTESIAN_POINT ( 'NONE',  ( 2.156249999999998700, 1.250000000000000000, -0.7216878364870320500 ) ) ;
#2507 = CARTESIAN_POINT ( 'NONE',  ( -3.862499999999999800, -1.249999999999999800, 0.7216878364870323900 ) ) ;
#2508 = CARTESIAN_POINT ( 'NONE',  ( 1.237499999999999800, -2.031460654743916600E-016, 1.105875672974062600 ) ) ;
#2509 = ORIENTED_EDGE ( 'NONE', *, *, #857, .F. ) ;
#2510 = ADVANCED_FACE ( 'NONE', ( #1248 ), #2704, .T. ) ;
#2511 = CARTESIAN_POINT ( 'NONE',  ( 2.231250000000000200, -0.9577164262227502200, -0.5529378364870316500 ) ) ;
#2512 = CIRCLE ( 'NONE', #1989, 0.9551764262227504500 ) ;
#2513 = CARTESIAN_POINT ( 'NONE',  ( -3.206250000000001600, -2.651438096812267400E-016, -1.443375672974064300 ) ) ;
#2514 = CARTESIAN_POINT ( 'NONE',  ( 3.411153810567664200, -0.3349364905389042300, -1.249999999999999600 ) ) ;
#2515 = APPROVAL_DATE_TIME ( #3938, #2419 ) ;
#2516 = CARTESIAN_POINT ( 'NONE',  ( -2.999999999999999100, 0.4788582131113725500, -0.8294067547305440400 ) ) ;
#2517 = B_SPLINE_CURVE_WITH_KNOTS ( 'NONE', 3,
 ( #2698, #3883, #1743, #2998, #2055, #1153 ),
 .UNSPECIFIED., .F., .F.,
 ( 4, 2, 4 ),
 ( 0.01021508654226282500, 0.01087166728928238900, 0.01152824803630195400 ),
 .UNSPECIFIED. ) ;
#2518 = CIRCLE ( 'NONE', #1804, 1.250000000000000000 ) ;
#2519 = CARTESIAN_POINT ( 'NONE',  ( -4.950000000000000200, -3.755786496842900500E-016, 2.250000000000000000 ) ) ;
#2520 = CARTESIAN_POINT ( 'NONE',  ( 3.168749999999998800, 0.6249999999999991100, 1.082531754730548900 ) ) ;
#2521 = CARTESIAN_POINT ( 'NONE',  ( -2.456249999999999400, 0.9577164262227464400, -0.5529378364870296500 ) ) ;
#2522 = CARTESIAN_POINT ( 'NONE',  ( 1.612500000000000300, 0.9577164262227499900, 0.5529378364870317600 ) ) ;
#2523 = CARTESIAN_POINT ( 'NONE',  ( 4.904783573777248100, -0.9610615824945881700, 0.09727145262180984800 ) ) ;
#2524 = CARTESIAN_POINT ( 'NONE',  ( 3.393750000000000300, 0.4788582131113745000, 0.8294067547305473700 ) ) ;
#2525 = CARTESIAN_POINT ( 'NONE',  ( -3.937499999999999100, -2.031460654743907800E-016, -1.105875672974058200 ) ) ;
#2526 = CARTESIAN_POINT ( 'NONE',  ( -4.481249999999999300, -0.9577164262227465500, 0.5529378364870294300 ) ) ;
#2527 = PLANE ( 'NONE',  #3147 ) ;
#2528 = ADVANCED_FACE ( 'NONE', ( #1489 ), #568, .T. ) ;
#2529 = ORIENTED_EDGE ( 'NONE', *, *, #3181, .F. ) ;
#2530 = CARTESIAN_POINT ( 'NONE',  ( -3.787499999999999200, 0.9577164262227465500, 0.5529378364870288800 ) ) ;
#2531 = CARTESIAN_POINT ( 'NONE',  ( 3.843749999999999100, -0.6249999999999996700, -1.082531754730548400 ) ) ;
#2532 = CARTESIAN_POINT ( 'NONE',  ( -2.268749999999999400, -0.4788582131113731700, 0.8294067547305438200 ) ) ;
#2533 = CARTESIAN_POINT ( 'NONE',  ( -3.206250000000001200, 2.643650978600993500E-015, -1.250000000000000200 ) ) ;
#2534 = ORIENTED_EDGE ( 'NONE', *, *, #910, .F. ) ;
#2535 = CARTESIAN_POINT ( 'NONE',  ( 2.268750000000000300, -0.4788582131113750000, -0.8294067547305470400 ) ) ;
#2536 = ORIENTED_EDGE ( 'NONE', *, *, #2177, .T. ) ;
#2537 = CARTESIAN_POINT ( 'NONE',  ( -4.912499999999998800, -0.9577164262227466600, -0.5529378364870287700 ) ) ;
#2538 = CARTESIAN_POINT ( 'NONE',  ( -3.956249999999999800, -0.9577164262227470000, -0.5529378364870288800 ) ) ;
#2539 = CARTESIAN_POINT ( 'NONE',  ( 4.912499999999999600, 1.250000000000000000, -0.7216878364870320500 ) ) ;
#2540 = CARTESIAN_POINT ( 'NONE',  ( -4.899200000000001300, 1.245793954082218500, -0.1024569371599207400 ) ) ;
#2541 = CARTESIAN_POINT ( 'NONE',  ( 1.050000000000000500, 1.530808498934191600E-016, 1.250000000000000000 ) ) ;
#2542 = FACE_OUTER_BOUND ( 'NONE', #1987, .T. ) ;
#2543 = CARTESIAN_POINT ( 'NONE',  ( -3.281250000000001800, -1.250000000000000200, -0.7216878364870317200 ) ) ;
#2544 = CARTESIAN_POINT ( 'NONE',  ( -4.897883922836349800, 0.9280125081986995200, 0.8363329511672180600 ) ) ;
#2545 = CARTESIAN_POINT ( 'NONE',  ( 3.731250000000000600, 0.9577164262227504400, -0.5529378364870312100 ) ) ;
#2546 = ORIENTED_EDGE ( 'NONE', *, *, #1652, .T. ) ;
#2547 = CARTESIAN_POINT ( 'NONE',  ( -4.387499999999999300, -2.031460654743907800E-016, -1.105875672974058200 ) ) ;
#2548 = DIRECTION ( 'NONE',  ( 1.000000000000000000, 0.0000000000000000000, 0.0000000000000000000 ) ) ;
#2549 = CARTESIAN_POINT ( 'NONE',  ( -4.931249999999998600, -0.9577164262227465500, 0.5529378364870294300 ) ) ;
#2550 = CARTESIAN_POINT ( 'NONE',  ( 2.475000000000000100, 0.9577164262227504400, 0.0000000000000000000 ) ) ;
#2551 = ORIENTED_EDGE ( 'NONE', *, *, #3095, .F. ) ;
#2552 = CARTESIAN_POINT ( 'NONE',  ( -4.809846451659786300, -1.088391816142665600, 2.249999999999999600 ) ) ;
#2553 = EDGE_CURVE ( 'NONE', #3920, #3915, #2193, .T. ) ;
#2554 = LINE ( 'NONE', #299, #2934 ) ;
#2555 = ORIENTED_EDGE ( 'NONE', *, *, #3909, .T. ) ;
#2556 = DIRECTION ( 'NONE',  ( 0.7071067811865455700, 0.0000000000000000000, -0.7071067811865493500 ) ) ;
#2557 = B_SPLINE_CURVE_WITH_KNOTS ( 'NONE', 3,
 ( #2132, #2103, #2734, #591 ),
 .UNSPECIFIED., .F., .F.,
 ( 4, 4 ),
 ( 0.0000000000000000000, 1.000000000000000000 ),
 .UNSPECIFIED. ) ;
#2558 = CARTESIAN_POINT ( 'NONE',  ( 1.331249999999999400, 1.249999999999999800, 0.7216878364870329400 ) ) ;
#2559 = CARTESIAN_POINT ( 'NONE',  ( -2.587499999999999900, 8.838126989374222200E-017, 1.443375672974064100 ) ) ;
#2560 = CYLINDRICAL_SURFACE ( 'NONE', #13, 0.9551764262227504500 ) ;
#2561 = CARTESIAN_POINT ( 'NONE',  ( 2.831250000000000300, 0.9577164262227504400, -0.5529378364870312100 ) ) ;
#2562 = CARTESIAN_POINT ( 'NONE',  ( -4.687499999999999100, 0.9577164262227465500, 0.5529378364870289900 ) ) ;
#2563 = CARTESIAN_POINT ( 'NONE',  ( -3.806249999999999000, 0.9577164262227464400, -0.5529378364870296500 ) ) ;
#2564 = CARTESIAN_POINT ( 'NONE',  ( 5.343749999999999100, 1.250000000000000000, 0.0000000000000000000 ) ) ;
#2565 = CARTESIAN_POINT ( 'NONE',  ( 4.387500000000001100, 8.838126989374223500E-017, -1.443375672974064300 ) ) ;
#2566 =( BOUNDED_CURVE ( )  B_SPLINE_CURVE ( 2, ( #1168, #3962, #2385, #3603, #555, #3301, #1469, #3614, #1770 ),
 .UNSPECIFIED., .F., .F. ) 
 B_SPLINE_CURVE_WITH_KNOTS ( ( 3, 2, 2, 2, 3 ),
 ( 0.3928571428571428500, 0.4047619047619047700, 0.4285714285714285500, 0.4523809523809523800, 0.4642857142857143000 ),
 .UNSPECIFIED. ) 
 CURVE ( )  GEOMETRIC_REPRESENTATION_ITEM ( )  RATIONAL_B_SPLINE_CURVE ( ( 0.9330127018922194100, 0.9330127018922194100, 1.000000000000000000, 0.8660254037844387100, 1.000000000000000000, 0.8660254037844387100, 1.000000000000000000, 0.9330127018922191900, 0.9330127018922194100 ) ) 
 REPRESENTATION_ITEM ( '' )  );
#2567 = EDGE_CURVE ( 'NONE', #3888, #611, #3268, .T. ) ;
#2568 = CARTESIAN_POINT ( 'NONE',  ( 1.837500000000000600, 0.0000000000000000000, -0.9551764262227504500 ) ) ;
#2569 = CARTESIAN_POINT ( 'NONE',  ( 4.406249999999999100, 1.250000000000000000, -0.7216878364870320500 ) ) ;
#2570 = CARTESIAN_POINT ( 'NONE',  ( -2.024999999999999900, -1.249999999999999800, 1.530808498934191300E-016 ) ) ;
#2571 = DIRECTION ( 'NONE',  ( -1.000000000000000000, -0.0000000000000000000, -0.0000000000000000000 ) ) ;
#2572 = CARTESIAN_POINT ( 'NONE',  ( 1.031250000000000000, 0.9577164262227504400, -0.5529378364870312100 ) ) ;
#2573 = ORIENTED_EDGE ( 'NONE', *, *, #3576, .T. ) ;
#2574 = CARTESIAN_POINT ( 'NONE',  ( -4.162499999999999600, 6.771535515813026700E-017, 1.105875672974058200 ) ) ;
#2575 = PERSON_AND_ORGANIZATION_ROLE ( 'creator' ) ;
#2576 = CARTESIAN_POINT ( 'NONE',  ( -5.006249999999999600, 6.771535515813027900E-017, 1.105875672974058200 ) ) ;
#2577 = CARTESIAN_POINT ( 'NONE',  ( 4.706249999999998900, -1.250000000000000000, -0.7216878364870325000 ) ) ;
#2578 = EDGE_LOOP ( 'NONE', ( #648, #2828, #3645, #3402 ) ) ;
#2579 = CARTESIAN_POINT ( 'NONE',  ( -4.950000000000000200, 0.0000000000000000000, -2.250000000000000000 ) ) ;
#2580 = ORIENTED_EDGE ( 'NONE', *, *, #1809, .F. ) ;
#2581 = CARTESIAN_POINT ( 'NONE',  ( -2.624999999999999600, 0.6250000000000000000, 1.082531754730548200 ) ) ;
#2582 = CARTESIAN_POINT ( 'NONE',  ( 1.668749999999998800, 0.6250000000000001100, -1.082531754730548400 ) ) ;
#2583 = DIRECTION ( 'NONE',  ( 0.0000000000000000000, 0.0000000000000000000, 1.000000000000000000 ) ) ;
#2584 = CARTESIAN_POINT ( 'NONE',  ( 1.050000000000000300, 0.0000000000000000000, 0.0000000000000000000 ) ) ;
#2585 = ORIENTED_EDGE ( 'NONE', *, *, #3046, .F. ) ;
#2586 = CARTESIAN_POINT ( 'NONE',  ( -2.813666609718423800, -7.292747344040713300E-005, -1.249999996128038400 ) ) ;
#2587 = CARTESIAN_POINT ( 'NONE',  ( -2.244195053565408900, -0.9540704097878698300, -0.08348895869559860800 ) ) ;
#2588 = CARTESIAN_POINT ( 'NONE',  ( -3.692400248601842800, 0.3349958566359455000, -1.249965724967891500 ) ) ;
#2589 =( BOUNDED_CURVE ( )  B_SPLINE_CURVE ( 2, ( #2652, #3579, #2668, #815, #2917, #1092, #3220, #3890, #2972 ),
 .UNSPECIFIED., .F., .F. ) 
 B_SPLINE_CURVE_WITH_KNOTS ( ( 3, 2, 2, 2, 3 ),
 ( 0.5250000000000000200, 0.5333333333333333300, 0.5500000000000000400, 0.5666666666666666500, 0.5750000000000000700 ),
 .UNSPECIFIED. ) 
 CURVE ( )  GEOMETRIC_REPRESENTATION_ITEM ( )  RATIONAL_B_SPLINE_CURVE ( ( 0.9330127018922194100, 0.9330127018922194100, 1.000000000000000000, 0.8660254037844387100, 1.000000000000000000, 0.8660254037844387100, 1.000000000000000000, 0.9330127018922189700, 0.9330127018922194100 ) ) 
 REPRESENTATION_ITEM ( '' )  );
#2590 = CARTESIAN_POINT ( 'NONE',  ( 2.250000000000000400, -0.9577164262227504400, -1.172864355864533500E-016 ) ) ;
#2591 = CARTESIAN_POINT ( 'NONE',  ( 3.768750000000000300, 0.9577164262227504400, 0.0000000000000000000 ) ) ;
#2592 = ORIENTED_EDGE ( 'NONE', *, *, #1766, .F. ) ;
#2593 = CARTESIAN_POINT ( 'NONE',  ( -3.112499999999998900, -0.9577164262227465500, -0.5529378364870287700 ) ) ;
#2594 = CARTESIAN_POINT ( 'NONE',  ( -2.062499999999999600, -1.249999999999999800, 0.7216878364870323900 ) ) ;
#2595 = ORIENTED_EDGE ( 'NONE', *, *, #2057, .T. ) ;
#2596 = DIRECTION ( 'NONE',  ( -1.000000000000000000, -0.0000000000000000000, -0.0000000000000000000 ) ) ;
#2597 = DIRECTION ( 'NONE',  ( 1.000000000000000000, 0.0000000000000000000, 0.0000000000000000000 ) ) ;
#2598 = ORIENTED_EDGE ( 'NONE', *, *, #2977, .F. ) ;
#2599 = CARTESIAN_POINT ( 'NONE',  ( -3.318749999999999200, 0.9577164262227466600, 0.0000000000000000000 ) ) ;
#2600 = CARTESIAN_POINT ( 'NONE',  ( 2.025000000000000400, 0.9577164262227504400, 0.0000000000000000000 ) ) ;
#2601 = CARTESIAN_POINT ( 'NONE',  ( -4.809691379130744500, 1.088929003140973500, -2.249999999999999600 ) ) ;
#2602 = CARTESIAN_POINT ( 'NONE',  ( 4.904783573777249800, -0.9450302765529287100, -0.1553657924228235800 ) ) ;
#2603 = DATE_AND_TIME ( #1445, #3358 ) ;
#2604 = EDGE_CURVE ( 'NONE', #3690, #1138, #659, .T. ) ;
#2605 = CARTESIAN_POINT ( 'NONE',  ( -2.362499999999998900, 6.771535515813026700E-017, 1.105875672974058000 ) ) ;
#2606 = VECTOR ( 'NONE', #1130, 1000.000000000000000 ) ;
#2607 = DIRECTION ( 'NONE',  ( 0.0000000000000000000, 0.0000000000000000000, 1.000000000000000000 ) ) ;
#2608 = CARTESIAN_POINT ( 'NONE',  ( 2.812500000000000400, 1.714015469642402100E-015, 1.250000000000000000 ) ) ;
#2609 = CARTESIAN_POINT ( 'NONE',  ( 3.956249999999998500, 1.250000000000000000, -0.7216878364870320500 ) ) ;
#2610 = DIRECTION ( 'NONE',  ( 1.000000000000000000, 0.0000000000000000000, 0.0000000000000000000 ) ) ;
#2611 = CARTESIAN_POINT ( 'NONE',  ( -2.399999999999999500, 0.4788582131113733300, 0.8294067547305435900 ) ) ;
#2612 = ORIENTED_EDGE ( 'NONE', *, *, #779, .F. ) ;
#2613 = CARTESIAN_POINT ( 'NONE',  ( 1.087500000000000100, 0.9577164262227504400, -0.5529378364870312100 ) ) ;
#2614 = DIRECTION ( 'NONE',  ( -1.000000000000000000, -0.0000000000000000000, -0.0000000000000000000 ) ) ;
#2615 = CARTESIAN_POINT ( 'NONE',  ( 4.293750000000000200, 0.4788582131113745000, 0.8294067547305473700 ) ) ;
#2616 = EDGE_CURVE ( 'NONE', #2808, #1246, #733, .T. ) ;
#2617 = CARTESIAN_POINT ( 'NONE',  ( 4.762500000000000200, 0.9577164262227499900, 0.5529378364870317600 ) ) ;
#2618 = CARTESIAN_POINT ( 'NONE',  ( 2.793750000000000200, 0.4788582131113753300, -0.8294067547305469200 ) ) ;
#2619 =( BOUNDED_CURVE ( )  B_SPLINE_CURVE ( 2, ( #931, #1238, #1542, #2810, #334, #3692, #2482, #645, #1264 ),
 .UNSPECIFIED., .F., .F. ) 
 B_SPLINE_CURVE_WITH_KNOTS ( ( 3, 2, 2, 2, 3 ),
 ( 0.3214285714285714500, 0.3333333333333333100, 0.3571428571428571500, 0.3809523809523809300, 0.3928571428571428500 ),
 .UNSPECIFIED. ) 
 CURVE ( )  GEOMETRIC_REPRESENTATION_ITEM ( )  RATIONAL_B_SPLINE_CURVE ( ( 0.9330127018922194100, 0.9330127018922195200, 1.000000000000000000, 0.8660254037844387100, 1.000000000000000000, 0.8660254037844387100, 1.000000000000000000, 0.9330127018922194100, 0.9330127018922194100 ) ) 
 REPRESENTATION_ITEM ( '' )  );
#2620 = CARTESIAN_POINT ( 'NONE',  ( -4.708323195763657800, 0.2048111140489973800, -1.059123195763657300 ) ) ;
#2621 = CARTESIAN_POINT ( 'NONE',  ( -3.861153810567667000, -0.3349364905389039000, 1.249999999999999300 ) ) ;
#2622 = CARTESIAN_POINT ( 'NONE',  ( -3.337499999999999500, -1.250000000000000000, -0.7216878364870316100 ) ) ;
#2623 = EDGE_LOOP ( 'NONE', ( #2676, #2037, #1291 ) ) ;
#2624 = AXIS2_PLACEMENT_3D ( 'NONE', #2728, #1520, #2096 ) ;
#2625 = ORIENTED_EDGE ( 'NONE', *, *, #641, .T. ) ;
#2626 = DIRECTION ( 'NONE',  ( 0.0000000000000000000, 0.0000000000000000000, 1.000000000000000000 ) ) ;
#2627 = CARTESIAN_POINT ( 'NONE',  ( 3.206249999999998500, 1.714015469642402100E-015, 1.250000000000000000 ) ) ;
#2628 = CARTESIAN_POINT ( 'NONE',  ( 4.878767278149342500, -0.9869409367266130900, 0.0002147552249611305200 ) ) ;
#2629 = CARTESIAN_POINT ( 'NONE',  ( 3.937500000000000400, 8.838126989374223500E-017, -1.443375672974064300 ) ) ;
#2630 = DIRECTION ( 'NONE',  ( 0.0000000000000000000, 0.0000000000000000000, 1.000000000000000000 ) ) ;
#2631 = EDGE_CURVE ( 'NONE', #3859, #3930, #1373, .T. ) ;
#2632 = CARTESIAN_POINT ( 'NONE',  ( -4.950000000000000200, 0.0000000000000000000, 0.0000000000000000000 ) ) ;
#2633 = CARTESIAN_POINT ( 'NONE',  ( 4.781250000000000000, -2.031460654743916600E-016, 1.105875672974062600 ) ) ;
#2634 = ORIENTED_EDGE ( 'NONE', *, *, #2802, .F. ) ;
#2635 = CARTESIAN_POINT ( 'NONE',  ( 4.949999999999999300, -0.9577164262227504400, -1.172864355864533500E-016 ) ) ;
#2636 = CARTESIAN_POINT ( 'NONE',  ( 1.931250000000000100, 0.9577164262227504400, -0.5529378364870312100 ) ) ;
#2637 = CARTESIAN_POINT ( 'NONE',  ( -4.682912898986352000, 0.7383882091152906800, -0.7515215883708851200 ) ) ;
#2638 = CARTESIAN_POINT ( 'NONE',  ( -4.950000000000000200, -1.948557158514986800, -1.125000000000000000 ) ) ;
#2639 = CARTESIAN_POINT ( 'NONE',  ( 2.041417445726088500, -1.022760222019121400, 0.5658204250194569500 ) ) ;
#2640 = LINE ( 'NONE', #2065, #3881 ) ;
#2641 = CARTESIAN_POINT ( 'NONE',  ( 0.9717276928458752300, -2.385571612819395800, 0.3680687615027719000 ) ) ;
#2642 = CARTESIAN_POINT ( 'NONE',  ( 3.131249999999999200, 1.249999999999999600, 0.7216878364870329400 ) ) ;
#2643 = CARTESIAN_POINT ( 'NONE',  ( 2.212500000000000400, 1.250000000000000000, -0.7216878364870320500 ) ) ;
#2644 = CARTESIAN_POINT ( 'NONE',  ( -2.474999999999999600, -1.249999999999999800, 1.530808498934191300E-016 ) ) ;
#2645 = ORIENTED_EDGE ( 'NONE', *, *, #89, .F. ) ;
#2646 = CARTESIAN_POINT ( 'NONE',  ( 2.943749999999998800, -0.6249999999999996700, -1.082531754730548400 ) ) ;
#2647 = CARTESIAN_POINT ( 'NONE',  ( 3.356250000000000200, 0.9577164262227502200, 0.5529378364870318800 ) ) ;
#2648 = EDGE_CURVE ( 'NONE', #2361, #2837, #674, .T. ) ;
#2649 = ADVANCED_FACE ( 'NONE', ( #980 ), #2560, .T. ) ;
#2650 = EDGE_LOOP ( 'NONE', ( #3476, #1790, #3500, #3810, #2282, #1269, #3557, #2452 ) ) ;
#2651 = CARTESIAN_POINT ( 'NONE',  ( 5.099999999999999600, 0.4788582131113753300, -0.8294067547305469200 ) ) ;
#2652 = CARTESIAN_POINT ( 'NONE',  ( 2.587500000000001200, 1.743066579297358300E-016, -1.250000000000000000 ) ) ;
#2653 = CARTESIAN_POINT ( 'NONE',  ( -4.950000000000000200, 0.0000000000000000000, 0.0000000000000000000 ) ) ;
#2654 = CARTESIAN_POINT ( 'NONE',  ( 1.929415631740040800, 1.038237833497703800, 0.1919005401875863400 ) ) ;
#2655 = AXIS2_PLACEMENT_3D ( 'NONE', #1447, #3477, #1347 ) ;
#2656 = CARTESIAN_POINT ( 'NONE',  ( 3.750000000000000000, 0.4788582131113753300, -0.8294067547305469200 ) ) ;
#2657 = ORIENTED_EDGE ( 'NONE', *, *, #114, .F. ) ;
#2658 = CARTESIAN_POINT ( 'NONE',  ( -2.250000000000000000, 1.249999999999999800, 0.0000000000000000000 ) ) ;
#2659 = CARTESIAN_POINT ( 'NONE',  ( 3.487500000000000300, -2.033577675846917700E-015, -1.249999999999999800 ) ) ;
#2660 = CARTESIAN_POINT ( 'NONE',  ( -2.412945053565398000, -1.245241263051537000, -0.1089687881634587200 ) ) ;
#2661 = CIRCLE ( 'NONE', #3878, 0.9551764262227504500 ) ;
#2662 = CARTESIAN_POINT ( 'NONE',  ( 1.931250000000000400, 0.9577164262227504400, -0.5529378364870312100 ) ) ;
#2663 = LINE ( 'NONE', #3184, #3556 ) ;
#2664 = CARTESIAN_POINT ( 'NONE',  ( 2.737500000000000700, 1.249999999999999800, 0.7216878364870329400 ) ) ;
#2665 = CARTESIAN_POINT ( 'NONE',  ( 3.318750000000000100, 0.9577164262227504400, 0.0000000000000000000 ) ) ;
#2666 = CARTESIAN_POINT ( 'NONE',  ( 2.550000000000000300, 0.4788582131113745000, 0.8294067547305473700 ) ) ;
#2667 = B_SPLINE_CURVE_WITH_KNOTS ( 'NONE', 3,
 ( #1250, #1555, #3418, #1528, #2179, #3083 ),
 .UNSPECIFIED., .F., .F.,
 ( 4, 2, 4 ),
 ( 0.008900743621043309700, 0.009557915081653066400, 0.01021508654226282500 ),
 .UNSPECIFIED. ) ;
#2668 = CARTESIAN_POINT ( 'NONE',  ( 2.550000000000000700, -0.6249999999999996700, -1.082531754730548400 ) ) ;
#2669 = CARTESIAN_POINT ( 'NONE',  ( 2.700000000000000600, 1.250000000000000000, 0.0000000000000000000 ) ) ;
#2670 = CARTESIAN_POINT ( 'NONE',  ( 1.992961012353157100, -2.823767858461719900E-014, 1.110637438575907700 ) ) ;
#2671 = CARTESIAN_POINT ( 'NONE',  ( 4.731168952028749400, 0.2786923676627719400, -1.105510441590918900 ) ) ;
#2672 = CARTESIAN_POINT ( 'NONE',  ( 3.675000000000000300, -0.4788582131113750000, -0.8294067547305470400 ) ) ;
#2673 = CARTESIAN_POINT ( 'NONE',  ( 0.8490381056766594900, 1.299038105676657800, 2.250000000000000000 ) ) ;
#2674 = CARTESIAN_POINT ( 'NONE',  ( 1.050000000000000300, 0.0000000000000000000, 0.0000000000000000000 ) ) ;
#2675 = CARTESIAN_POINT ( 'NONE',  ( 2.568750000000000100, -0.4788582131113756100, 0.8294067547305467000 ) ) ;
#2676 = ORIENTED_EDGE ( 'NONE', *, *, #1166, .F. ) ;
#2677 = ORIENTED_EDGE ( 'NONE', *, *, #2014, .F. ) ;
#2678 = CARTESIAN_POINT ( 'NONE',  ( 2.700000000000000200, -0.9577164262227504400, -1.172864355864533500E-016 ) ) ;
#2679 = DIRECTION ( 'NONE',  ( 1.000000000000000000, 0.0000000000000000000, 0.0000000000000000000 ) ) ;
#2680 = CARTESIAN_POINT ( 'NONE',  ( 2.775000000000000400, 0.6249999999999991100, 1.082531754730548900 ) ) ;
#2681 = DIRECTION ( 'NONE',  ( 0.0000000000000000000, 0.0000000000000000000, 1.000000000000000000 ) ) ;
#2682 = CARTESIAN_POINT ( 'NONE',  ( 3.000000000000000000, 0.4788582131113745000, 0.8294067547305473700 ) ) ;
#2683 = ORIENTED_EDGE ( 'NONE', *, *, #926, .T. ) ;
#2684 = CARTESIAN_POINT ( 'NONE',  ( -4.182599312523959300, -0.3349885420659896600, -1.249969948036824900 ) ) ;
#2685 = DIRECTION ( 'NONE',  ( 1.000000000000000000, 0.0000000000000000000, 0.0000000000000000000 ) ) ;
#2686 = CARTESIAN_POINT ( 'NONE',  ( 2.193750000000000500, -0.9577164262227504400, -1.172864355864533500E-016 ) ) ;
#2687 = ORIENTED_EDGE ( 'NONE', *, *, #2501, .F. ) ;
#2688 = EDGE_CURVE ( 'NONE', #2808, #2859, #2309, .T. ) ;
#2689 = CONICAL_SURFACE ( 'NONE', #1430, 2.250000000000000000, 1.047197551196600100 ) ;
#2690 = CARTESIAN_POINT ( 'NONE',  ( 3.562500000000000400, -0.9577164262227506600, 0.5529378364870309900 ) ) ;
#2691 = CARTESIAN_POINT ( 'NONE',  ( -4.406250000000000000, -0.9577164262227467800, -0.5529378364870287700 ) ) ;
#2692 = CARTESIAN_POINT ( 'NONE',  ( -2.049999999999998900, 1.530808498934191300E-016, -1.250000000000000000 ) ) ;
#2693 =( BOUNDED_CURVE ( )  B_SPLINE_CURVE ( 2, ( #183, #2621, #2121, #325, #3593, #2444, #242, #3047, #2983 ),
 .UNSPECIFIED., .F., .F. ) 
 B_SPLINE_CURVE_WITH_KNOTS ( ( 3, 2, 2, 2, 3 ),
 ( 0.4642857142857143000, 0.4761904761904761600, 0.5000000000000000000, 0.5238095238095238400, 0.5357142857142858100 ),
 .UNSPECIFIED. ) 
 CURVE ( )  GEOMETRIC_REPRESENTATION_ITEM ( )  RATIONAL_B_SPLINE_CURVE ( ( 0.9330127018922194100, 0.9330127018922195200, 1.000000000000000000, 0.8660254037844387100, 1.000000000000000000, 0.8660254037844387100, 1.000000000000000000, 0.9330127018922189700, 0.9330127018922193000 ) ) 
 REPRESENTATION_ITEM ( '' )  );
#2694 = CARTESIAN_POINT ( 'NONE',  ( 1.050000000000000500, 0.0000000000000000000, 0.0000000000000000000 ) ) ;
#2695 = CARTESIAN_POINT ( 'NONE',  ( 3.899999999999999900, 0.4788582131113745000, 0.8294067547305473700 ) ) ;
#2696 = CARTESIAN_POINT ( 'NONE',  ( 1.999455662563596600, -0.1517032746996074500, 1.117132088786342700 ) ) ;
#2697 = CARTESIAN_POINT ( 'NONE',  ( 1.856439681959726600, -0.7797779700409369600, -0.5905010601226764500 ) ) ;
#2698 = CARTESIAN_POINT ( 'NONE',  ( 1.050000000000000300, 0.0000000000000000000, -2.250000000000000000 ) ) ;
#2699 = ORIENTED_EDGE ( 'NONE', *, *, #1204, .T. ) ;
#2700 = CARTESIAN_POINT ( 'NONE',  ( 1.593750000000000400, 0.4788582131113745000, 0.8294067547305473700 ) ) ;
#2701 = EDGE_CURVE ( 'NONE', #748, #1672, #2068, .T. ) ;
#2702 = ORIENTED_EDGE ( 'NONE', *, *, #3775, .T. ) ;
#2703 = CARTESIAN_POINT ( 'NONE',  ( 3.881249999999998300, -2.033577675846917700E-015, -1.249999999999999800 ) ) ;
#2704 = CYLINDRICAL_SURFACE ( 'NONE', #2207, 1.250000000000000000 ) ;
#2705 = APPROVAL_PERSON_ORGANIZATION ( #3506, #1258, #1895 ) ;
#2706 = VECTOR ( 'NONE', #1753, 1000.000000000000000 ) ;
#2707 = CARTESIAN_POINT ( 'NONE',  ( -4.606916426222747800, -1.372432522319430100E-011, 0.9577164262227465500 ) ) ;
#2708 = EDGE_CURVE ( 'NONE', #2837, #2808, #1732, .T. ) ;
#2709 = CARTESIAN_POINT ( 'NONE',  ( 0.8490381056766852500, -1.299038105676696000, 2.249999999999999600 ) ) ;
#2710 = CARTESIAN_POINT ( 'NONE',  ( -4.950000000000000200, -1.948557158514987700, 1.124999999999998900 ) ) ;
#2711 = CARTESIAN_POINT ( 'NONE',  ( 5.025000000000000400, -0.4788582131113750000, -0.8294067547305470400 ) ) ;
#2712 = PRODUCT_DEFINITION_FORMATION_WITH_SPECIFIED_SOURCE ( 'ANY', '', #1724, .NOT_KNOWN. ) ;
#2713 = CARTESIAN_POINT ( 'NONE',  ( 3.861153810567664800, -0.3349364905389042300, -1.249999999999999600 ) ) ;
#2714 = CARTESIAN_POINT ( 'NONE',  ( 2.268749999999998900, 0.6249999999999991100, 1.082531754730548900 ) ) ;
#2715 = CARTESIAN_POINT ( 'NONE',  ( -2.049999999999998900, 0.0000000000000000000, 0.0000000000000000000 ) ) ;
#2716 = VERTEX_POINT ( 'NONE', #3028 ) ;
#2717 = CARTESIAN_POINT ( 'NONE',  ( -4.885554557916477400, 0.6615332737514666400, 1.058356315319386700 ) ) ;
#2718 = CARTESIAN_POINT ( 'NONE',  ( -2.531249999999998700, -2.031460654743908500E-016, -1.105875672974058200 ) ) ;
#2719 = CARTESIAN_POINT ( 'NONE',  ( 4.724999999999999600, 0.9577164262227504400, 0.0000000000000000000 ) ) ;
#2720 = CARTESIAN_POINT ( 'NONE',  ( 2.812500000000000900, -2.651438096812267400E-016, 1.443375672974064300 ) ) ;
#2721 = ORIENTED_EDGE ( 'NONE', *, *, #3698, .F. ) ;
#2722 = CARTESIAN_POINT ( 'NONE',  ( -4.620127303623306100, -1.764288414900303300E-012, 0.9709273036233039300 ) ) ;
#2723 = DIRECTION ( 'NONE',  ( 0.0000000000000000000, 0.0000000000000000000, 1.000000000000000000 ) ) ;
#2724 = ORIENTED_EDGE ( 'NONE', *, *, #2567, .T. ) ;
#2725 = B_SPLINE_CURVE_WITH_KNOTS ( 'NONE', 3,
 ( #3953, #2392, #1497, #921, #2086, #3608 ),
 .UNSPECIFIED., .F., .F.,
 ( 4, 2, 4 ),
 ( 0.001314652396222795600, 0.001969405109320635500, 0.002624157822418475100 ),
 .UNSPECIFIED. ) ;
#2726 = CARTESIAN_POINT ( 'NONE',  ( -4.879267800787883600, 1.238658057310897600, 0.05395406247270058400 ) ) ;
#2727 = CARTESIAN_POINT ( 'NONE',  ( -4.717439483264996600, -1.162044386198238900E-015, -1.068239483264996000 ) ) ;
#2728 = CARTESIAN_POINT ( 'NONE',  ( 1.050000000000000300, 0.0000000000000000000, 0.0000000000000000000 ) ) ;
#2729 = CARTESIAN_POINT ( 'NONE',  ( -4.406249999999999100, -0.9577164262227470000, -0.5529378364870288800 ) ) ;
#2730 = CARTESIAN_POINT ( 'NONE',  ( 3.600000000000000100, -0.9577164262227504400, -1.172864355864533500E-016 ) ) ;
#2731 = LINE ( 'NONE', #834, #1102 ) ;
#2732 = CARTESIAN_POINT ( 'NONE',  ( 3.750000000000000900, -0.6250000000000005600, 1.082531754730548200 ) ) ;
#2733 = CARTESIAN_POINT ( 'NONE',  ( 1.050000000000000500, 0.0000000000000000000, 0.0000000000000000000 ) ) ;
#2734 = CARTESIAN_POINT ( 'NONE',  ( -4.898218391620017300, 0.9366622789836146500, 0.8263674959232021300 ) ) ;
#2735 = CARTESIAN_POINT ( 'NONE',  ( 4.106249999999997500, 1.714015469642402100E-015, 1.250000000000000000 ) ) ;
#2736 =( BOUNDED_SURFACE ( )  B_SPLINE_SURFACE ( 1, 2, ( 
 ( #2125, #1498, #3671, #3006, #3955, #3628, #2429, #584, #275, #3331, #3050, #2767, #3642, #2110, #1179, #3318, #267, #3928, #571, #1826, #288, #606, #19, #596, #1487, #2742, #911, #1509, #3031, #1208, #2142, #3361, #3343, #3656, #1813, #3, #304, #2447, #622, #2757, #922, #315, #2463, #2997, #1170, #3307, #1474, #3619, #157, #729, #3172, #3900, #226, #3243, #2979, #1440, #2954, #2357, #3611, #542, #3601, #2069, #2344, #820, #1141, #1412, #515, #2395, #2675, #532, #1124, #1154, #1755, #259, #1165, #248, #837, #1464, #2686, #3574, #3908, #236, #846, #1733, #562, #2662, #1765, #3587, #3561, #3259, #2382, #2077, #211, #552, #2700, #1425, #2967, #2987, #3282, #1453, #860, #3919, #3296, #2373, #3884, #806, #2941, #1112, #3274, #1716, #1744, #2056, #3865, #2042, #2027, #2128, #3024 ),
 ( #306, #1523, #1798, #1181, #2711, #2408, #291, #1219, #895, #3309, #3958, #573, #2719, #1476, #269, #1779, #1171, #2745, #2089, #608, #2112, #2465, #913, #872, #3034, #317, #1511, #2759, #3052, #925, #598, #2450, #2431, #1194, #1500, #2418, #1210, #587, #3658, #3944, #1815, #3363, #2730, #3673, #1828, #5, #884, #22, #3630, #2099, #2144, #3333, #277, #3644, #3346, #2999, #1788, #3620, #3931, #3009, #3320, #1490, #1288, #653, #625, #344, #3124, #1550, #1872, #1261, #62, #2769, #1892, #3701, #1881, #1274, #1855, #3726, #330, #2478, #640, #3427, #1841, #2215, #3401, #35, #941, #49, #1539, #3109, #983, #2174, #2491, #968, #368, #2522, #3387, #3414, #3688, #668, #995, #3080, #88, #2186, #1579, #2508, #3066, #951, #3093, #1235, #682, #356, #77, #2200, #2818, #1565, #2806 ) ),
 .UNSPECIFIED., .F., .F., .F. ) 
 B_SPLINE_SURFACE_WITH_KNOTS ( ( 2, 2 ),
 ( 3, 2, 2, 2, 2, 2, 2, 2, 2, 2, 2, 2, 2, 2, 2, 2, 2, 2, 2, 2, 2, 2, 2, 2, 2, 2, 2, 2, 2, 2, 2, 2, 2, 2, 2, 2, 2, 2, 2, 2, 2, 2, 2, 2, 2, 2, 2, 2, 2, 2, 2, 2, 2, 2, 2, 2, 2, 2, 3 ),
 ( 0.0000000000000000000, 1.000000000000000000 ),
 ( 0.0000000000000000000, 0.01666666666666666600, 0.03333333333333333300, 0.05000000000000000300, 0.06666666666666666600, 0.08333333333333332900, 0.1000000000000000100, 0.1166666666666666700, 0.1333333333333333300, 0.1499999999999999900, 0.1666666666666666600, 0.1833333333333333200, 0.2000000000000000100, 0.2166666666666666700, 0.2333333333333333400, 0.2500000000000000000, 0.2666666666666666600, 0.2833333333333333300, 0.2999999999999999900, 0.3166666666666666500, 0.3333333333333333100, 0.3499999999999999800, 0.3666666666666666400, 0.3833333333333333600, 0.4000000000000000200, 0.4166666666666666900, 0.4333333333333333500, 0.4500000000000000100, 0.4666666666666666700, 0.4833333333333333400, 0.5000000000000000000, 0.5166666666666667200, 0.5333333333333333300, 0.5500000000000000400, 0.5666666666666666500, 0.5833333333333333700, 0.5999999999999999800, 0.6166666666666667000, 0.6333333333333333000, 0.6500000000000000200, 0.6666666666666666300, 0.6833333333333333500, 0.6999999999999999600, 0.7166666666666666700, 0.7333333333333332800, 0.7500000000000000000, 0.7666666666666667200, 0.7833333333333333300, 0.8000000000000000400, 0.8166666666666666500, 0.8333333333333333700, 0.8499999999999999800, 0.8666666666666667000, 0.8833333333333333000, 0.9000000000000000200, 0.9166666666666666300, 0.9333333333333333500, 0.9499999999999999600, 0.9666666666666666700 ),
 .UNSPECIFIED. ) 
 GEOMETRIC_REPRESENTATION_ITEM ( )  RATIONAL_B_SPLINE_SURFACE ( (
 ( 1.000000000000000000, 0.8660254037844387100, 1.000000000000000000, 0.8660254037844387100, 1.000000000000000000, 0.8660254037844387100, 1.000000000000000000, 0.8660254037844387100, 1.000000000000000000, 0.8660254037844387100, 1.000000000000000000, 0.8660254037844387100, 1.000000000000000000, 0.8660254037844387100, 1.000000000000000000, 0.8660254037844387100, 1.000000000000000000, 0.8660254037844387100, 1.000000000000000000, 0.8660254037844387100, 1.000000000000000000, 0.8660254037844387100, 1.000000000000000000, 0.8660254037844387100, 1.000000000000000000, 0.8660254037844387100, 1.000000000000000000, 0.8660254037844387100, 1.000000000000000000, 0.8660254037844387100, 1.000000000000000000, 0.8660254037844387100, 1.000000000000000000, 0.8660254037844387100, 1.000000000000000000, 0.8660254037844387100, 1.000000000000000000, 0.8660254037844387100, 1.000000000000000000, 0.8660254037844387100, 1.000000000000000000, 0.8660254037844387100, 1.000000000000000000, 0.8660254037844387100, 1.000000000000000000, 0.8660254037844387100, 1.000000000000000000, 0.8660254037844387100, 1.000000000000000000, 0.8660254037844387100, 1.000000000000000000, 0.8660254037844387100, 1.000000000000000000, 0.8660254037844387100, 1.000000000000000000, 0.8660254037844387100, 1.000000000000000000, 0.8660254037844387100, 1.000000000000000000, 0.8660254037844387100, 1.000000000000000000, 0.8660254037844387100, 1.000000000000000000, 0.8660254037844387100, 1.000000000000000000, 0.8660254037844387100, 1.000000000000000000, 0.8660254037844387100, 1.000000000000000000, 0.8660254037844387100, 1.000000000000000000, 0.8660254037844387100, 1.000000000000000000, 0.8660254037844387100, 1.000000000000000000, 0.8660254037844387100, 1.000000000000000000, 0.8660254037844387100, 1.000000000000000000, 0.8660254037844387100, 1.000000000000000000, 0.8660254037844387100, 1.000000000000000000, 0.8660254037844387100, 1.000000000000000000, 0.8660254037844387100, 1.000000000000000000, 0.8660254037844387100, 1.000000000000000000, 0.8660254037844387100, 1.000000000000000000, 0.8660254037844387100, 1.000000000000000000, 0.8660254037844387100, 1.000000000000000000, 0.8660254037844387100, 1.000000000000000000, 0.8660254037844387100, 1.000000000000000000, 0.8660254037844387100, 1.000000000000000000, 0.8660254037844387100, 1.000000000000000000, 0.8660254037844387100, 1.000000000000000000, 0.8660254037844387100, 1.000000000000000000, 0.8660254037844387100, 1.000000000000000000, 0.8660254037844387100, 1.000000000000000000, 0.8660254037844387100, 1.000000000000000000, 0.8660254037844387100, 1.000000000000000000, 0.8660254037844387100, 1.000000000000000000),
 ( 1.000000000000000000, 0.8660254037844387100, 1.000000000000000000, 0.8660254037844387100, 1.000000000000000000, 0.8660254037844387100, 1.000000000000000000, 0.8660254037844387100, 1.000000000000000000, 0.8660254037844387100, 1.000000000000000000, 0.8660254037844387100, 1.000000000000000000, 0.8660254037844387100, 1.000000000000000000, 0.8660254037844387100, 1.000000000000000000, 0.8660254037844387100, 1.000000000000000000, 0.8660254037844387100, 1.000000000000000000, 0.8660254037844387100, 1.000000000000000000, 0.8660254037844387100, 1.000000000000000000, 0.8660254037844387100, 1.000000000000000000, 0.8660254037844387100, 1.000000000000000000, 0.8660254037844387100, 1.000000000000000000, 0.8660254037844387100, 1.000000000000000000, 0.8660254037844387100, 1.000000000000000000, 0.8660254037844387100, 1.000000000000000000, 0.8660254037844387100, 1.000000000000000000, 0.8660254037844387100, 1.000000000000000000, 0.8660254037844387100, 1.000000000000000000, 0.8660254037844387100, 1.000000000000000000, 0.8660254037844387100, 1.000000000000000000, 0.8660254037844387100, 1.000000000000000000, 0.8660254037844387100, 1.000000000000000000, 0.8660254037844387100, 1.000000000000000000, 0.8660254037844387100, 1.000000000000000000, 0.8660254037844387100, 1.000000000000000000, 0.8660254037844387100, 1.000000000000000000, 0.8660254037844387100, 1.000000000000000000, 0.8660254037844387100, 1.000000000000000000, 0.8660254037844387100, 1.000000000000000000, 0.8660254037844387100, 1.000000000000000000, 0.8660254037844387100, 1.000000000000000000, 0.8660254037844387100, 1.000000000000000000, 0.8660254037844387100, 1.000000000000000000, 0.8660254037844387100, 1.000000000000000000, 0.8660254037844387100, 1.000000000000000000, 0.8660254037844387100, 1.000000000000000000, 0.8660254037844387100, 1.000000000000000000, 0.8660254037844387100, 1.000000000000000000, 0.8660254037844387100, 1.000000000000000000, 0.8660254037844387100, 1.000000000000000000, 0.8660254037844387100, 1.000000000000000000, 0.8660254037844387100, 1.000000000000000000, 0.8660254037844387100, 1.000000000000000000, 0.8660254037844387100, 1.000000000000000000, 0.8660254037844387100, 1.000000000000000000, 0.8660254037844387100, 1.000000000000000000, 0.8660254037844387100, 1.000000000000000000, 0.8660254037844387100, 1.000000000000000000, 0.8660254037844387100, 1.000000000000000000, 0.8660254037844387100, 1.000000000000000000, 0.8660254037844387100, 1.000000000000000000, 0.8660254037844387100, 1.000000000000000000, 0.8660254037844387100, 1.000000000000000000, 0.8660254037844387100, 1.000000000000000000, 0.8660254037844387100, 1.000000000000000000) ) ) 
 REPRESENTATION_ITEM ( '' )  SURFACE ( )  );
#2737 = ORIENTED_EDGE ( 'NONE', *, *, #228, .T. ) ;
#2738 = CARTESIAN_POINT ( 'NONE',  ( 1.050000000000000300, -3.755786496842900500E-016, 2.250000000000000000 ) ) ;
#2739 = ORIENTED_EDGE ( 'NONE', *, *, #2416, .T. ) ;
#2740 = CARTESIAN_POINT ( 'NONE',  ( 3.506249999999998800, 1.250000000000000000, -0.7216878364870320500 ) ) ;
#2741 =( BOUNDED_CURVE ( )  B_SPLINE_CURVE ( 2, ( #972, #3100, #2191, #3730, #613, #3056, #945, #2469, #2775 ),
 .UNSPECIFIED., .F., .F. ) 
 B_SPLINE_CURVE_WITH_KNOTS ( ( 3, 2, 2, 2, 3 ),
 ( 0.1151297247067718100, 0.1279219145097155700, 0.1535062974116586700, 0.1790906803136018100, 0.1918828717645733600 ),
 .UNSPECIFIED. ) 
 CURVE ( )  GEOMETRIC_REPRESENTATION_ITEM ( )  RATIONAL_B_SPLINE_CURVE ( ( 0.9330127018922204100, 0.9330127105222441000, 1.000000000000000000, 0.8660254037844387100, 1.000000000000000000, 0.8660254037844387100, 1.000000000000000000, 0.9330127018922193000, 0.9330127018922194100 ) ) 
 REPRESENTATION_ITEM ( '' )  );
#2742 = CARTESIAN_POINT ( 'NONE',  ( 4.181250000000000400, 0.9577164262227504400, -0.5529378364870312100 ) ) ;
#2743 = CARTESIAN_POINT ( 'NONE',  ( -3.843749999999999100, 0.4788582131113726700, -0.8294067547305441500 ) ) ;
#2744 = FACE_OUTER_BOUND ( 'NONE', #3774, .T. ) ;
#2745 = CARTESIAN_POINT ( 'NONE',  ( 4.537500000000000500, -0.9577164262227502200, -0.5529378364870316500 ) ) ;
#2746 = ORIENTED_EDGE ( 'NONE', *, *, #3909, .F. ) ;
#2747 = CARTESIAN_POINT ( 'NONE',  ( 4.331249999999999800, -2.031460654743916600E-016, 1.105875672974062600 ) ) ;
#2748 = FACE_OUTER_BOUND ( 'NONE', #2623, .T. ) ;
#2749 = CARTESIAN_POINT ( 'NONE',  ( 3.937500000000000000, 1.743066579297358300E-016, -1.250000000000000000 ) ) ;
#2750 = CARTESIAN_POINT ( 'NONE',  ( -4.606916426222747800, -1.372432522319430100E-011, 0.9577164262227465500 ) ) ;
#2751 = FACE_OUTER_BOUND ( 'NONE', #2456, .T. ) ;
#2752 = CARTESIAN_POINT ( 'NONE',  ( 4.950000000000000200, 0.0000000000000000000, 0.0000000000000000000 ) ) ;
#2753 = B_SPLINE_CURVE_WITH_KNOTS ( 'NONE', 3,
 ( #3845, #2620, #492, #2637, #797, #2336, #3567, #524, #3875, #2034 ),
 .UNSPECIFIED., .F., .F.,
 ( 4, 2, 2, 2, 4 ),
 ( 0.004644816308193600400, 0.005257505507815994100, 0.005870194707438388700, 0.006482883907060783300, 0.007095573106683177900 ),
 .UNSPECIFIED. ) ;
#2754 = CARTESIAN_POINT ( 'NONE',  ( 4.799823364430578100, 1.047896730665515600, 0.2251218007757916100 ) ) ;
#2755 = CARTESIAN_POINT ( 'NONE',  ( -3.937500027472561600, 4.785302309148770300E-007, 1.249999999999908100 ) ) ;
#2756 = EDGE_CURVE ( 'NONE', #3254, #2904, #125, .T. ) ;
#2757 = CARTESIAN_POINT ( 'NONE',  ( 3.656250000000000400, 6.771535515813055000E-017, -1.105875672974062600 ) ) ;
#2758 = CARTESIAN_POINT ( 'NONE',  ( -4.856249999999999300, -0.9577164262227470000, -0.5529378364870288800 ) ) ;
#2759 = CARTESIAN_POINT ( 'NONE',  ( 4.162499999999999600, 6.771535515813055000E-017, -1.105875672974062600 ) ) ;
#2760 = CARTESIAN_POINT ( 'NONE',  ( 4.181250000000000400, 0.9577164262227504400, -0.5529378364870312100 ) ) ;
#2761 = CARTESIAN_POINT ( 'NONE',  ( -4.856250000000001100, 1.250000000000000000, 0.7216878364870320500 ) ) ;
#2762 = CARTESIAN_POINT ( 'NONE',  ( -3.412499999999999600, 0.9577164262227462200, -0.5529378364870295400 ) ) ;
#2763 = ORIENTED_EDGE ( 'NONE', *, *, #1441, .T. ) ;
#2764 = CARTESIAN_POINT ( 'NONE',  ( -2.943749999999999200, 0.4788582131113726700, -0.8294067547305441500 ) ) ;
#2765 = DIRECTION ( 'NONE',  ( -1.000000000000000000, -0.0000000000000000000, -0.0000000000000000000 ) ) ;
#2766 = ORIENTED_EDGE ( 'NONE', *, *, #620, .F. ) ;
#2767 = CARTESIAN_POINT ( 'NONE',  ( 4.706249999999999800, 0.9577164262227499900, 0.5529378364870317600 ) ) ;
#2768 = CARTESIAN_POINT ( 'NONE',  ( -3.881249999999999200, -2.031460654743908500E-016, -1.105875672974058200 ) ) ;
#2769 = CARTESIAN_POINT ( 'NONE',  ( 2.512500000000000200, 0.9577164262227499900, 0.5529378364870317600 ) ) ;
#2770 = ORIENTED_EDGE ( 'NONE', *, *, #3256, .T. ) ;
#2771 = EDGE_CURVE ( 'NONE', #2908, #544, #2566, .T. ) ;
#2772 = CARTESIAN_POINT ( 'NONE',  ( 1.725000000000000800, 0.6250000000000001100, -1.082531754730548400 ) ) ;
#2773 = ORIENTED_EDGE ( 'NONE', *, *, #2604, .F. ) ;
#2774 = DIRECTION ( 'NONE',  ( 1.000000000000000000, 0.0000000000000000000, 0.0000000000000000000 ) ) ;
#2775 = CARTESIAN_POINT ( 'NONE',  ( -4.387499999999994000, -1.519558014836185700E-016, 1.249999999999999800 ) ) ;
#2776 = CARTESIAN_POINT ( 'NONE',  ( -5.024999999999999500, -0.4788582131113730500, 0.8294067547305437000 ) ) ;
#2777 = AXIS2_PLACEMENT_3D ( 'NONE', #1995, #3811, #136 ) ;
#2778 = CARTESIAN_POINT ( 'NONE',  ( 4.312500000000000000, -1.250000000000000000, -0.7216878364870325000 ) ) ;
#2779 = LINE ( 'NONE', #3668, #1757 ) ;
#2780 = DIRECTION ( 'NONE',  ( 0.0000000000000000000, 0.0000000000000000000, 1.000000000000000000 ) ) ;
#2781 = CARTESIAN_POINT ( 'NONE',  ( 1.050000000000000300, 0.0000000000000000000, 0.0000000000000000000 ) ) ;
#2782 = CARTESIAN_POINT ( 'NONE',  ( 3.056249999999999000, 1.250000000000000000, -0.7216878364870320500 ) ) ;
#2783 = CARTESIAN_POINT ( 'NONE',  ( -4.237499999999999800, -1.250000000000000000, -0.7216878364870315000 ) ) ;
#2784 = CIRCLE ( 'NONE', #3633, 1.250000000000000000 ) ;
#2785 = CARTESIAN_POINT ( 'NONE',  ( 1.050000000000000500, -0.6250000000000005600, 1.082531754730548200 ) ) ;
#2786 = ORIENTED_EDGE ( 'NONE', *, *, #506, .T. ) ;
#2787 = CARTESIAN_POINT ( 'NONE',  ( -4.181250000000001200, -1.250000000000000200, -0.7216878364870317200 ) ) ;
#2788 = CARTESIAN_POINT ( 'NONE',  ( -3.862499999999999400, 0.9577164262227462200, -0.5529378364870295400 ) ) ;
#2789 = B_SPLINE_CURVE_WITH_KNOTS ( 'NONE', 3,
 ( #2638, #2938, #1108, #1378, #494, #1727 ),
 .UNSPECIFIED., .F., .F.,
 ( 4, 2, 4 ),
 ( 0.001314652396222794100, 0.001969405109320582100, 0.002624157822418370200 ),
 .UNSPECIFIED. ) ;
#2790 = ORIENTED_EDGE ( 'NONE', *, *, #713, .F. ) ;
#2791 = CARTESIAN_POINT ( 'NONE',  ( -2.511153810567667400, -0.3349364905389046700, 1.249999999999999600 ) ) ;
#2792 = CARTESIAN_POINT ( 'NONE',  ( 3.206249999999999400, -2.651438096812267400E-016, 1.443375672974064300 ) ) ;
#2793 = CARTESIAN_POINT ( 'NONE',  ( -4.049999999999999800, 1.249999999999999800, 0.0000000000000000000 ) ) ;
#2794 = CIRCLE ( 'NONE', #41, 1.300800000000000000 ) ;
#2795 = CARTESIAN_POINT ( 'NONE',  ( 0.6000000000000007500, -0.6250000000000005600, 1.082531754730548200 ) ) ;
#2796 = CARTESIAN_POINT ( 'NONE',  ( -3.843750000000001800, -0.6249999999999996700, 1.082531754730548400 ) ) ;
#2797 = CARTESIAN_POINT ( 'NONE',  ( -3.562499999999999600, -0.9577164262227466600, -0.5529378364870287700 ) ) ;
#2798 = CARTESIAN_POINT ( 'NONE',  ( -2.418749999999999300, 0.9577164262227466600, 0.0000000000000000000 ) ) ;
#2799 = ADVANCED_FACE ( 'NONE', ( #929 ), #1833, .T. ) ;
#2800 = CARTESIAN_POINT ( 'NONE',  ( -3.618750000000001200, 0.6249999999999991100, -1.082531754730548900 ) ) ;
#2801 = DIRECTION ( 'NONE',  ( 0.0000000000000000000, 0.0000000000000000000, -1.000000000000000000 ) ) ;
#2802 = EDGE_CURVE ( 'NONE', #1746, #706, #974, .T. ) ;
#2803 =( BOUNDED_CURVE ( )  B_SPLINE_CURVE ( 2, ( #1837, #3121, #2141, #314, #2462, #58, #1257, #948, #619 ),
 .UNSPECIFIED., .F., .F. ) 
 B_SPLINE_CURVE_WITH_KNOTS ( ( 3, 2, 2, 2, 3 ),
 ( 0.3750000000000000000, 0.3833333333333333600, 0.4000000000000000200, 0.4166666666666666900, 0.4250000000000000400 ),
 .UNSPECIFIED. ) 
 CURVE ( )  GEOMETRIC_REPRESENTATION_ITEM ( )  RATIONAL_B_SPLINE_CURVE ( ( 0.9330127018922194100, 0.9330127018922194100, 1.000000000000000000, 0.8660254037844387100, 1.000000000000000000, 0.8660254037844387100, 1.000000000000000000, 0.9330127018922191900, 0.9330127018922194100 ) ) 
 REPRESENTATION_ITEM ( '' )  );
#2804 = CARTESIAN_POINT ( 'NONE',  ( 3.656249999999998700, -2.651438096812267400E-016, 1.443375672974064300 ) ) ;
#2805 = CARTESIAN_POINT ( 'NONE',  ( -4.574999999999999300, 0.6249999999999990000, -1.082531754730548600 ) ) ;
#2806 = CARTESIAN_POINT ( 'NONE',  ( 0.8250000000000001800, -0.4788582131113756100, 0.8294067547305467000 ) ) ;
#2807 = CARTESIAN_POINT ( 'NONE',  ( 2.006250000000000100, 0.9577164262227499900, 0.5529378364870317600 ) ) ;
#2808 = VERTEX_POINT ( 'NONE', #3910 ) ;
#2809 = CARTESIAN_POINT ( 'NONE',  ( -3.168750000000001500, 0.6249999999999991100, -1.082531754730548900 ) ) ;
#2810 = CARTESIAN_POINT ( 'NONE',  ( -4.256250000000001400, -1.250000000000000000, 0.7216878364870327200 ) ) ;
#2811 = CARTESIAN_POINT ( 'NONE',  ( -2.962499999999999000, 0.9577164262227462200, -0.5529378364870295400 ) ) ;
#2812 = B_SPLINE_CURVE_WITH_KNOTS ( 'NONE', 3,
 ( #1754, #2372, #2953, #2710 ),
 .UNSPECIFIED., .F., .F.,
 ( 4, 4 ),
 ( 2.380746840949772600E-007, 0.001314652396222797100 ),
 .UNSPECIFIED. ) ;
#2813 = ORIENTED_EDGE ( 'NONE', *, *, #1204, .F. ) ;
#2814 = CARTESIAN_POINT ( 'NONE',  ( 4.537500000000000500, 1.249999999999999800, 0.7216878364870329400 ) ) ;
#2815 = ORIENTED_EDGE ( 'NONE', *, *, #1639, .F. ) ;
#2816 = CARTESIAN_POINT ( 'NONE',  ( 4.068749999999998800, 0.6249999999999991100, 1.082531754730548900 ) ) ;
#2817 = CARTESIAN_POINT ( 'NONE',  ( -3.637499999999999700, 1.249999999999999600, -0.7216878364870328300 ) ) ;
#2818 = CARTESIAN_POINT ( 'NONE',  ( 0.9000000000000005800, -0.9577164262227504400, -1.172864355864533500E-016 ) ) ;
#2819 = EDGE_CURVE ( 'NONE', #1613, #2435, #425, .T. ) ;
#2820 = ADVANCED_FACE ( 'NONE', ( #3263 ), #3069, .F. ) ;
#2821 = CARTESIAN_POINT ( 'NONE',  ( 2.193750000000000500, -0.9577164262227504400, -1.172864355864533500E-016 ) ) ;
#2822 = CARTESIAN_POINT ( 'NONE',  ( -5.024999999999999500, -0.4788582131113730500, 0.8294067547305437000 ) ) ;
#2823 = CARTESIAN_POINT ( 'NONE',  ( -4.218749999999999100, 0.9577164262227466600, 0.0000000000000000000 ) ) ;
#2824 = AXIS2_PLACEMENT_3D ( 'NONE', #1921, #718, #2831 ) ;
#2825 = ORIENTED_EDGE ( 'NONE', *, *, #519, .F. ) ;
#2826 = CARTESIAN_POINT ( 'NONE',  ( 4.518749999999998000, 0.6249999999999991100, 1.082531754730548900 ) ) ;
#2827 = EDGE_CURVE ( 'NONE', #168, #1859, #1630, .T. ) ;
#2828 = ORIENTED_EDGE ( 'NONE', *, *, #3248, .T. ) ;
#2829 = CARTESIAN_POINT ( 'NONE',  ( -2.699999999999999700, 1.249999999999999800, 0.0000000000000000000 ) ) ;
#2830 = CARTESIAN_POINT ( 'NONE',  ( -2.381249999999999200, 0.9577164262227466600, 0.5529378364870291000 ) ) ;
#2831 = DIRECTION ( 'NONE',  ( 0.0000000000000000000, 0.0000000000000000000, -1.000000000000000000 ) ) ;
#2832 = ORIENTED_EDGE ( 'NONE', *, *, #3921, .F. ) ;
#2833 = CARTESIAN_POINT ( 'NONE',  ( 4.875000000000000000, -0.4788582131113756100, 0.8294067547305467000 ) ) ;
#2834 = CARTESIAN_POINT ( 'NONE',  ( 1.968750000000000400, 0.9577164262227504400, 0.0000000000000000000 ) ) ;
#2835 = FACE_OUTER_BOUND ( 'NONE', #1764, .T. ) ;
#2836 = CARTESIAN_POINT ( 'NONE',  ( -4.012499999999998400, -0.9577164262227466600, -0.5529378364870287700 ) ) ;
#2837 = VERTEX_POINT ( 'NONE', #745 ) ;
#2838 = CARTESIAN_POINT ( 'NONE',  ( -3.768749999999999400, 0.9577164262227466600, 0.0000000000000000000 ) ) ;
#2839 = CARTESIAN_POINT ( 'NONE',  ( 4.612499999999999800, -2.651438096812267400E-016, 1.443375672974064300 ) ) ;
#2840 = FACE_BOUND ( 'NONE', #1955, .T. ) ;
#2841 = ADVANCED_FACE ( 'NONE', ( #3504 ), #635, .T. ) ;
#2842 = EDGE_CURVE ( 'NONE', #255, #2345, #1266, .T. ) ;
#2843 = CARTESIAN_POINT ( 'NONE',  ( -3.337499999999999500, 0.9577164262227465500, 0.5529378364870288800 ) ) ;
#2844 = CARTESIAN_POINT ( 'NONE',  ( 4.518749999999998000, 0.6249999999999991100, 1.082531754730548900 ) ) ;
#2845 = DIRECTION ( 'NONE',  ( 1.000000000000000000, 0.0000000000000000000, 0.0000000000000000000 ) ) ;
#2846 = CARTESIAN_POINT ( 'NONE',  ( 3.206250000000000300, 6.771535515813055000E-017, -1.105875672974062600 ) ) ;
#2847 = AXIS2_PLACEMENT_3D ( 'NONE', #2653, #3523, #1106 ) ;
#2848 = CARTESIAN_POINT ( 'NONE',  ( -2.568750000000001400, 0.6250000000000001100, 1.082531754730548400 ) ) ;
#2849 = DATE_TIME_ROLE ( 'creation_date' ) ;
#2850 = CARTESIAN_POINT ( 'NONE',  ( -2.399999999999999500, 0.4788582131113733300, 0.8294067547305435900 ) ) ;
#2851 = CARTESIAN_POINT ( 'NONE',  ( -2.049999999999998900, 0.0000000000000000000, 0.0000000000000000000 ) ) ;
#2852 = CARTESIAN_POINT ( 'NONE',  ( -3.299999999999998900, 0.4788582131113733300, 0.8294067547305435900 ) ) ;
#2853 = CARTESIAN_POINT ( 'NONE',  ( -2.549999999999999800, -0.6249999999999995600, 1.082531754730548400 ) ) ;
#2854 = CARTESIAN_POINT ( 'NONE',  ( 0.8490381056766607100, -2.598076211353313800, -9.463550297850322100E-016 ) ) ;
#2855 = ORIENTED_EDGE ( 'NONE', *, *, #2877, .T. ) ;
#2856 = CARTESIAN_POINT ( 'NONE',  ( 4.904783573777249800, -0.9656457507091615900, -0.02996980312993059000 ) ) ;
#2857 = CARTESIAN_POINT ( 'NONE',  ( 2.456249999999999800, 0.9577164262227499900, 0.5529378364870317600 ) ) ;
#2858 = ORIENTED_EDGE ( 'NONE', *, *, #3298, .F. ) ;
#2859 = VERTEX_POINT ( 'NONE', #484 ) ;
#2860 = CARTESIAN_POINT ( 'NONE',  ( -5.137499999999999300, 0.9577164262227465500, 0.5529378364870289900 ) ) ;
#2861 = CARTESIAN_POINT ( 'NONE',  ( -2.247163067600483500, -0.9577164262227464400, -0.04183059368662136300 ) ) ;
#2862 = CARTESIAN_POINT ( 'NONE',  ( 1.762500000000000200, -0.9577164262227506600, 0.5529378364870309900 ) ) ;
#2863 = EDGE_LOOP ( 'NONE', ( #1747, #274, #474, #1380 ) ) ;
#2864 = CARTESIAN_POINT ( 'NONE',  ( -3.524999999999999500, -0.4788582131113736700, -0.8294067547305433700 ) ) ;
#2865 = CARTESIAN_POINT ( 'NONE',  ( 1.068749999999999400, -1.250000000000000000, -1.530808498934191600E-016 ) ) ;
#2866 = PLANE ( 'NONE',  #2317 ) ;
#2867 = CONICAL_SURFACE ( 'NONE', #438, 1.300800000000000000, 0.7853981633974500600 ) ;
#2868 = CARTESIAN_POINT ( 'NONE',  ( -3.226346189432336000, -0.3349364905389023400, -1.250000000000000900 ) ) ;
#2869 = CARTESIAN_POINT ( 'NONE',  ( 1.518750000000000000, 0.9577164262227504400, 0.0000000000000000000 ) ) ;
#2870 = FACE_OUTER_BOUND ( 'NONE', #2258, .T. ) ;
#2871 = CARTESIAN_POINT ( 'NONE',  ( -2.793750000000001500, -0.6250000000000005600, -1.082531754730548200 ) ) ;
#2872 = CARTESIAN_POINT ( 'NONE',  ( -4.837498037145268300, -3.271425208583198500E-005, 1.249999999571910900 ) ) ;
#2873 = CARTESIAN_POINT ( 'NONE',  ( 2.325000000000000200, -0.4788582131113750000, -0.8294067547305470400 ) ) ;
#2874 = VERTEX_POINT ( 'NONE', #3864 ) ;
#2875 = PLANE ( 'NONE',  #3325 ) ;
#2876 = CARTESIAN_POINT ( 'NONE',  ( 4.143749999999999800, 0.4788582131113753300, -0.8294067547305469200 ) ) ;
#2877 = EDGE_CURVE ( 'NONE', #2401, #255, #3796, .T. ) ;
#2878 = ORIENTED_EDGE ( 'NONE', *, *, #700, .F. ) ;
#2879 = CARTESIAN_POINT ( 'NONE',  ( -4.087499999999999500, -0.9577164262227463300, 0.5529378364870293200 ) ) ;
#2880 = CARTESIAN_POINT ( 'NONE',  ( 1.218749999999999300, 0.6250000000000001100, -1.082531754730548400 ) ) ;
#2881 = CARTESIAN_POINT ( 'NONE',  ( -2.287499999999999600, 1.249999999999999600, -0.7216878364870328300 ) ) ;
#2882 = CARTESIAN_POINT ( 'NONE',  ( -4.871727692845875700, -2.385571612819395300, -0.3680687615027735700 ) ) ;
#2883 = FACE_OUTER_BOUND ( 'NONE', #1087, .T. ) ;
#2884 = CARTESIAN_POINT ( 'NONE',  ( 4.424999999999999800, -0.4788582131113756100, 0.8294067547305467000 ) ) ;
#2885 = CARTESIAN_POINT ( 'NONE',  ( 1.443750000000000100, 0.4788582131113753300, -0.8294067547305469200 ) ) ;
#2886 = CARTESIAN_POINT ( 'NONE',  ( 1.050000000000002700, -1.838311014891733000, 1.315951922094007900 ) ) ;
#2887 = CARTESIAN_POINT ( 'NONE',  ( -2.049999999999998900, 1.530808498934191300E-016, -1.250000000000000000 ) ) ;
#2888 = VECTOR ( 'NONE', #2948, 1000.000000000000000 ) ;
#2889 = CARTESIAN_POINT ( 'NONE',  ( 1.537500000000000300, 0.9577164262227504400, -0.5529378364870312100 ) ) ;
#2890 = CARTESIAN_POINT ( 'NONE',  ( 4.556249999999998600, -4.938688641342514700E-016, 1.250000000000000000 ) ) ;
#2891 = CARTESIAN_POINT ( 'NONE',  ( 4.593750000000000000, 0.4788582131113753300, -0.8294067547305469200 ) ) ;
#2892 = EDGE_CURVE ( 'NONE', #2361, #3008, #1069, .T. ) ;
#2893 = CARTESIAN_POINT ( 'NONE',  ( 4.649999999999999500, 0.4788582131113753300, -0.8294067547305469200 ) ) ;
#2894 = CARTESIAN_POINT ( 'NONE',  ( -3.732592627368839000, -0.3348771228139964000, -1.250034275971955800 ) ) ;
#2895 = CARTESIAN_POINT ( 'NONE',  ( 4.106249999999997500, 1.714015469642402100E-015, 1.250000000000000000 ) ) ;
#2896 = CARTESIAN_POINT ( 'NONE',  ( 0.8437500000000007800, -0.9577164262227504400, -1.172864355864533500E-016 ) ) ;
#2897 = CARTESIAN_POINT ( 'NONE',  ( -3.299999999999998900, 0.4788582131113733300, 0.8294067547305435900 ) ) ;
#2898 = CARTESIAN_POINT ( 'NONE',  ( -3.056249999999999500, -0.9577164262227470000, -0.5529378364870288800 ) ) ;
#2899 = CARTESIAN_POINT ( 'NONE',  ( 0.9000000000000005800, -0.9577164262227504400, -1.172864355864533500E-016 ) ) ;
#2900 = DIRECTION ( 'NONE',  ( -1.000000000000000000, -0.0000000000000000000, -0.0000000000000000000 ) ) ;
#2901 = ORIENTED_EDGE ( 'NONE', *, *, #3775, .F. ) ;
#2902 = CARTESIAN_POINT ( 'NONE',  ( -4.856250000000001100, 1.250000000000000000, 0.7216878364870320500 ) ) ;
#2903 = CARTESIAN_POINT ( 'NONE',  ( 2.175000000000000300, -0.4788582131113756100, 0.8294067547305467000 ) ) ;
#2904 = VERTEX_POINT ( 'NONE', #2006 ) ;
#2905 = CARTESIAN_POINT ( 'NONE',  ( -2.399999999999999500, 0.4788582131113733300, 0.8294067547305435900 ) ) ;
#2906 = CARTESIAN_POINT ( 'NONE',  ( -4.950000000000000200, -2.598076211353313800, -8.300896132079771400E-016 ) ) ;
#2907 = CARTESIAN_POINT ( 'NONE',  ( 2.112838305733188500, 0.7050551802127489300, -1.018841449468443200 ) ) ;
#2908 = VERTEX_POINT ( 'NONE', #2297 ) ;
#2909 = CARTESIAN_POINT ( 'NONE',  ( 4.683620422159929600, -0.8642120240481910900, -0.8352885457708823000 ) ) ;
#2910 = CARTESIAN_POINT ( 'NONE',  ( -2.587499999999999000, -2.031460654743907800E-016, -1.105875672974058200 ) ) ;
#2911 = CARTESIAN_POINT ( 'NONE',  ( 4.839850374870551700, -0.9966826850013267300, 0.2422437329179614700 ) ) ;
#2912 = CARTESIAN_POINT ( 'NONE',  ( 5.043749999999998400, -0.6250000000000005600, 1.082531754730548200 ) ) ;
#2913 = DIRECTION ( 'NONE',  ( -1.000000000000000000, 0.0000000000000000000, 0.0000000000000000000 ) ) ;
#2914 = CARTESIAN_POINT ( 'NONE',  ( 1.875000000000000400, -0.4788582131113750000, -0.8294067547305470400 ) ) ;
#2915 = EDGE_LOOP ( 'NONE', ( #1526, #814, #3451, #95, #1845, #3284, #2555, #416, #582, #771, #3583, #385, #2499, #1604, #1325, #3431, #240, #2878 ) ) ;
#2916 = CARTESIAN_POINT ( 'NONE',  ( 4.500000000000000000, -0.9577164262227504400, -1.172864355864533500E-016 ) ) ;
#2917 = CARTESIAN_POINT ( 'NONE',  ( 2.475000000000000500, -1.250000000000000000, -1.530808498934191600E-016 ) ) ;
#2918 = CARTESIAN_POINT ( 'NONE',  ( -3.787499999999999600, -1.250000000000000000, -0.7216878364870316100 ) ) ;
#2919 = CARTESIAN_POINT ( 'NONE',  ( 1.935486443587580700, 1.009854182432119700, 0.3282655212878960400 ) ) ;
#2920 = CARTESIAN_POINT ( 'NONE',  ( -3.018750000000001600, 0.6250000000000001100, 1.082531754730548400 ) ) ;
#2921 = ORIENTED_EDGE ( 'NONE', *, *, #2123, .F. ) ;
#2922 = CARTESIAN_POINT ( 'NONE',  ( 0.8812500000000000900, -0.9577164262227502200, -0.5529378364870316500 ) ) ;
#2923 = CARTESIAN_POINT ( 'NONE',  ( -3.224999999999999200, -0.4788582131113730500, 0.8294067547305437000 ) ) ;
#2924 = CARTESIAN_POINT ( 'NONE',  ( 0.9607449899684472600, 1.511897080250299100, -1.881317441191444200 ) ) ;
#2925 = EDGE_LOOP ( 'NONE', ( #3059, #3436, #3148 ) ) ;
#2926 = CARTESIAN_POINT ( 'NONE',  ( -3.093749999999999100, -0.9577164262227466600, 1.172864355864529100E-016 ) ) ;
#2927 = CARTESIAN_POINT ( 'NONE',  ( 3.975000000000000100, 0.6250000000000001100, -1.082531754730548400 ) ) ;
#2928 = CARTESIAN_POINT ( 'NONE',  ( -4.837498037145268300, -3.271425208583199100E-005, 1.249999999571910900 ) ) ;
#2929 = CIRCLE ( 'NONE', #3130, 1.250000000000000000 ) ;
#2930 = CARTESIAN_POINT ( 'NONE',  ( 4.856250000000000200, -0.9577164262227506600, 0.5529378364870309900 ) ) ;
#2931 = ORIENTED_EDGE ( 'NONE', *, *, #3227, .F. ) ;
#2932 = CARTESIAN_POINT ( 'NONE',  ( -2.624999999999999100, -0.4788582131113736700, -0.8294067547305433700 ) ) ;
#2933 = LINE ( 'NONE', #3942, #398 ) ;
#2934 = VECTOR ( 'NONE', #537, 1000.000000000000000 ) ;
#2935 = CARTESIAN_POINT ( 'NONE',  ( -4.871727692845873900, 1.511542704210578000, -1.881931238497226400 ) ) ;
#2936 = CARTESIAN_POINT ( 'NONE',  ( 1.837500000000000600, 0.0000000000000000000, 0.0000000000000000000 ) ) ;
#2937 = CARTESIAN_POINT ( 'NONE',  ( 0.9717276928458736800, 2.385571612819398400, -0.3680687615027732300 ) ) ;
#2938 = CARTESIAN_POINT ( 'NONE',  ( -4.950000000000002800, -1.838311014891739000, -1.315951922093997700 ) ) ;
#2939 = CARTESIAN_POINT ( 'NONE',  ( 1.050000000000000300, -1.948557158514987700, 1.124999999999998900 ) ) ;
#2940 = CARTESIAN_POINT ( 'NONE',  ( 3.056249999999999000, 1.250000000000000000, -0.7216878364870320500 ) ) ;
#2941 = CARTESIAN_POINT ( 'NONE',  ( 1.143750000000000700, 0.4788582131113745000, 0.8294067547305473700 ) ) ;
#2942 = CARTESIAN_POINT ( 'NONE',  ( 3.712499999999999900, -2.651438096812267400E-016, 1.443375672974064300 ) ) ;
#2943 = DIRECTION ( 'NONE',  ( 0.0000000000000000000, -1.669238443041289200E-016, 1.000000000000000000 ) ) ;
#2944 = CARTESIAN_POINT ( 'NONE',  ( 2.943750000000000100, 0.4788582131113745000, 0.8294067547305473700 ) ) ;
#2945 = AXIS2_PLACEMENT_3D ( 'NONE', #1311, #710, #1915 ) ;
#2946 = CARTESIAN_POINT ( 'NONE',  ( -2.999999999999999100, 0.4788582131113725500, -0.8294067547305440400 ) ) ;
#2947 = CARTESIAN_POINT ( 'NONE',  ( 2.568750000000000100, -0.4788582131113756100, 0.8294067547305467000 ) ) ;
#2948 = DIRECTION ( 'NONE',  ( 1.000000000000000000, 0.0000000000000000000, 0.0000000000000000000 ) ) ;
#2949 = CARTESIAN_POINT ( 'NONE',  ( 1.947628315504591300, 0.9046413460377985500, 0.5787140223638997900 ) ) ;
#2950 = CARTESIAN_POINT ( 'NONE',  ( -3.168750000000001500, 0.6249999999999991100, -1.082531754730548900 ) ) ;
#2951 = CARTESIAN_POINT ( 'NONE',  ( 3.299999999999999800, 0.4788582131113753300, -0.8294067547305469200 ) ) ;
#2952 = ORIENTED_EDGE ( 'NONE', *, *, #2145, .T. ) ;
#2953 = CARTESIAN_POINT ( 'NONE',  ( -4.950000000000002800, -1.727238319854190300, 1.508335473232635900 ) ) ;
#2954 = CARTESIAN_POINT ( 'NONE',  ( 3.018750000000000300, -0.4788582131113756100, 0.8294067547305467000 ) ) ;
#2955 = CARTESIAN_POINT ( 'NONE',  ( 2.137500000000000600, 8.838126989374223500E-017, -1.443375672974064300 ) ) ;
#2956 = EDGE_CURVE ( 'NONE', #3766, #2716, #1089, .T. ) ;
#2957 = ORIENTED_EDGE ( 'NONE', *, *, #1766, .T. ) ;
#2958 = CC_DESIGN_APPROVAL ( #2419, ( #574 ) ) ;
#2959 = CARTESIAN_POINT ( 'NONE',  ( 2.512500000000000200, 0.9577164262227499900, 0.5529378364870317600 ) ) ;
#2960 = VERTEX_POINT ( 'NONE', #2887 ) ;
#2961 = CARTESIAN_POINT ( 'NONE',  ( 2.606250000000000200, -0.9577164262227506600, 0.5529378364870309900 ) ) ;
#2962 = CARTESIAN_POINT ( 'NONE',  ( 1.050000000000000300, -3.755786496842900500E-016, 2.250000000000000000 ) ) ;
#2963 = CARTESIAN_POINT ( 'NONE',  ( 3.375000000000000000, 0.9577164262227504400, 0.0000000000000000000 ) ) ;
#2964 = DIRECTION ( 'NONE',  ( -1.000000000000000000, -0.0000000000000000000, -0.0000000000000000000 ) ) ;
#2965 = VECTOR ( 'NONE', #3683, 1000.000000000000000 ) ;
#2966 = CARTESIAN_POINT ( 'NONE',  ( -4.950000000000000200, 1.299038105676659800, -2.249999999999999600 ) ) ;
#2967 = CARTESIAN_POINT ( 'NONE',  ( 1.518750000000000000, 0.9577164262227504400, 0.0000000000000000000 ) ) ;
#2968 = FACE_OUTER_BOUND ( 'NONE', #3037, .T. ) ;
#2969 = EDGE_CURVE ( 'NONE', #2480, #1177, #3805, .T. ) ;
#2970 = ORIENTED_EDGE ( 'NONE', *, *, #2567, .F. ) ;
#2971 = CARTESIAN_POINT ( 'NONE',  ( 2.437500000000000000, 0.9577164262227504400, -0.5529378364870312100 ) ) ;
#2972 = CARTESIAN_POINT ( 'NONE',  ( 2.362500000000000300, 3.921899803419055800E-015, 1.250000000000000000 ) ) ;
#2973 = DIRECTION ( 'NONE',  ( -1.000000000000000000, -0.0000000000000000000, -0.0000000000000000000 ) ) ;
#2974 =( BOUNDED_CURVE ( )  B_SPLINE_CURVE ( 2, ( #780, #1952, #2276, #2301, #2890 ),
 .UNSPECIFIED., .F., .F. ) 
 B_SPLINE_CURVE_WITH_KNOTS ( ( 3, 2, 3 ),
 ( 0.1622836050446073700, 0.1666666666666666600, 0.1749999999999999900 ),
 .UNSPECIFIED. ) 
 CURVE ( )  GEOMETRIC_REPRESENTATION_ITEM ( )  RATIONAL_B_SPLINE_CURVE ( ( 0.9480652107220779400, 0.9647668653398010500, 1.000000000000000000, 0.9330127018922194100, 0.9330127018922194100 ) ) 
 REPRESENTATION_ITEM ( '' )  );
#2975 = CARTESIAN_POINT ( 'NONE',  ( 4.462500000000000400, 1.250000000000000000, -0.7216878364870320500 ) ) ;
#2976 = VERTEX_POINT ( 'NONE', #1675 ) ;
#2977 = EDGE_CURVE ( 'NONE', #249, #1514, #3684, .T. ) ;
#2978 = CARTESIAN_POINT ( 'NONE',  ( -5.081249999999998000, 0.9577164262227466600, 0.5529378364870291000 ) ) ;
#2979 = CARTESIAN_POINT ( 'NONE',  ( 3.093750000000000000, -0.9577164262227504400, -1.172864355864533500E-016 ) ) ;
#2980 = PERSON_AND_ORGANIZATION ( #1999, #687 ) ;
#2981 = CARTESIAN_POINT ( 'NONE',  ( 3.600000000000000100, -0.9577164262227504400, -1.172864355864533500E-016 ) ) ;
#2982 = CARTESIAN_POINT ( 'NONE',  ( -4.293749999999999300, 0.4788582131113726700, -0.8294067547305441500 ) ) ;
#2983 = CARTESIAN_POINT ( 'NONE',  ( -3.656250000000000900, 2.643650978600993500E-015, -1.250000000000000200 ) ) ;
#2984 = CARTESIAN_POINT ( 'NONE',  ( -4.950000000000000200, 1.948557158514986300, 1.125000000000000400 ) ) ;
#2985 = CARTESIAN_POINT ( 'NONE',  ( -4.950000000000000200, -3.755786496842900500E-016, 2.250000000000000000 ) ) ;
#2986 = CARTESIAN_POINT ( 'NONE',  ( -3.187500000000000000, 1.249999999999999300, -0.7216878364870328300 ) ) ;
#2987 = CARTESIAN_POINT ( 'NONE',  ( 1.481250000000000400, 0.9577164262227504400, -0.5529378364870312100 ) ) ;
#2988 = CARTESIAN_POINT ( 'NONE',  ( 2.906249999999998700, -1.250000000000000000, -0.7216878364870327200 ) ) ;
#2989 = CARTESIAN_POINT ( 'NONE',  ( 3.037499999999999600, -2.033577675846917700E-015, -1.249999999999999800 ) ) ;
#2990 = DIRECTION ( 'NONE',  ( -1.000000000000000000, 0.0000000000000000000, 0.0000000000000000000 ) ) ;
#2991 = VERTEX_POINT ( 'NONE', #3242 ) ;
#2992 = AXIS2_PLACEMENT_3D ( 'NONE', #3655, #3329, #3640 ) ;
#2993 = CARTESIAN_POINT ( 'NONE',  ( -2.793750000000001500, -0.6250000000000005600, -1.082531754730548200 ) ) ;
#2994 = CARTESIAN_POINT ( 'NONE',  ( -4.860744989968448100, 1.511897080250296500, 1.881317441191445100 ) ) ;
#2995 = ORIENTED_EDGE ( 'NONE', *, *, #553, .T. ) ;
#2996 = CARTESIAN_POINT ( 'NONE',  ( 3.468749999999998700, 0.6250000000000001100, -1.082531754730548400 ) ) ;
#2997 = CARTESIAN_POINT ( 'NONE',  ( 3.506250000000000100, -0.9577164262227506600, 0.5529378364870309900 ) ) ;
#2998 = CARTESIAN_POINT ( 'NONE',  ( 0.9611890124890265500, -0.8712733266714564100, -2.249999999999999600 ) ) ;
#2999 = CARTESIAN_POINT ( 'NONE',  ( 3.112500000000000300, -0.9577164262227506600, 0.5529378364870309900 ) ) ;
#3000 = VERTEX_POINT ( 'NONE', #3517 ) ;
#3001 = CARTESIAN_POINT ( 'NONE',  ( 2.776346189432333100, -0.3349364905389017300, 1.250000000000001100 ) ) ;
#3002 = CARTESIAN_POINT ( 'NONE',  ( 4.126346189432332800, -0.3349364905389028400, 1.250000000000000200 ) ) ;
#3003 = CARTESIAN_POINT ( 'NONE',  ( 4.575000000000000200, 0.6249999999999991100, 1.082531754730548900 ) ) ;
#3004 = ORIENTED_EDGE ( 'NONE', *, *, #767, .F. ) ;
#3005 = CARTESIAN_POINT ( 'NONE',  ( 3.636153810567664700, 0.3349364905389027300, 1.250000000000000000 ) ) ;
#3006 = CARTESIAN_POINT ( 'NONE',  ( 5.006250000000000500, 6.771535515813055000E-017, -1.105875672974062600 ) ) ;
#3007 = CARTESIAN_POINT ( 'NONE',  ( -2.868749999999999500, 0.9577164262227466600, 0.0000000000000000000 ) ) ;
#3008 = VERTEX_POINT ( 'NONE', #1452 ) ;
#3009 = CARTESIAN_POINT ( 'NONE',  ( 2.962499999999999900, 0.9577164262227499900, 0.5529378364870317600 ) ) ;
#3010 = CARTESIAN_POINT ( 'NONE',  ( 2.287500000000000500, 1.249999999999999800, 0.7216878364870329400 ) ) ;
#3011 = EDGE_CURVE ( 'NONE', #2401, #2044, #2517, .T. ) ;
#3012 = ORIENTED_EDGE ( 'NONE', *, *, #1994, .T. ) ;
#3013 = CARTESIAN_POINT ( 'NONE',  ( 3.731249999999998800, -1.250000000000000200, 0.7216878364870317200 ) ) ;
#3014 = B_SPLINE_CURVE_WITH_KNOTS ( 'NONE', 3,
 ( #727, #2209, #3117, #3141, #3789, #112 ),
 .UNSPECIFIED., .F., .F.,
 ( 4, 2, 4 ),
 ( 0.001314652396222796200, 0.001969405109320635000, 0.002624157822418473800 ),
 .UNSPECIFIED. ) ;
#3015 = COORDINATED_UNIVERSAL_TIME_OFFSET ( 6, 0, .BEHIND. ) ;
#3016 = DIRECTION ( 'NONE',  ( -1.000000000000000000, 0.0000000000000000000, 0.0000000000000000000 ) ) ;
#3017 = AXIS2_PLACEMENT_3D ( 'NONE', #3146, #1055, #1317 ) ;
#3018 = CYLINDRICAL_SURFACE ( 'NONE', #3949, 1.250000000000000000 ) ;
#3019 = CARTESIAN_POINT ( 'NONE',  ( -2.681250000000001200, 1.249999999999999600, -0.7216878364870329400 ) ) ;
#3020 =( BOUNDED_CURVE ( )  B_SPLINE_CURVE ( 2, ( #1223, #2514, #988, #3407, #957, #3113, #1570, #3716, #68 ),
 .UNSPECIFIED., .F., .F. ) 
 B_SPLINE_CURVE_WITH_KNOTS ( ( 3, 2, 2, 2, 3 ),
 ( 0.4250000000000000400, 0.4333333333333333500, 0.4500000000000000100, 0.4666666666666666700, 0.4750000000000000300 ),
 .UNSPECIFIED. ) 
 CURVE ( )  GEOMETRIC_REPRESENTATION_ITEM ( )  RATIONAL_B_SPLINE_CURVE ( ( 0.9330127018922194100, 0.9330127018922196300, 1.000000000000000000, 0.8660254037844387100, 1.000000000000000000, 0.8660254037844387100, 1.000000000000000000, 0.9330127018922191900, 0.9330127018922194100 ) ) 
 REPRESENTATION_ITEM ( '' )  );
#3021 = EDGE_CURVE ( 'NONE', #1270, #977, #2460, .T. ) ;
#3022 = DIRECTION ( 'NONE',  ( 1.000000000000000000, 0.0000000000000000000, 0.0000000000000000000 ) ) ;
#3023 = CARTESIAN_POINT ( 'NONE',  ( -4.368749999999999500, -0.4788582131113737800, -0.8294067547305435900 ) ) ;
#3024 = CARTESIAN_POINT ( 'NONE',  ( 0.7687500000000003800, -0.4788582131113756100, 0.8294067547305467000 ) ) ;
#3025 = CARTESIAN_POINT ( 'NONE',  ( 3.037500000000000100, 8.838126989374223500E-017, -1.443375672974064300 ) ) ;
#3026 = CARTESIAN_POINT ( 'NONE',  ( 3.900000000000000800, -0.6249999999999996700, -1.082531754730548400 ) ) ;
#3027 = CARTESIAN_POINT ( 'NONE',  ( -4.814958600153487600, -1.012707647215038000, 0.6500533284199366800 ) ) ;
#3028 = CARTESIAN_POINT ( 'NONE',  ( 2.981249999999999300, 1.743066579297358300E-016, -1.250000000000000000 ) ) ;
#3029 = DIRECTION ( 'NONE',  ( 0.0000000000000000000, -0.8660254037844389300, 0.4999999999999996100 ) ) ;
#3030 = CARTESIAN_POINT ( 'NONE',  ( -2.606250000000001500, 1.250000000000000000, 0.7216878364870320500 ) ) ;
#3031 = CARTESIAN_POINT ( 'NONE',  ( 4.068750000000000500, -0.4788582131113750000, -0.8294067547305470400 ) ) ;
#3032 = CARTESIAN_POINT ( 'NONE',  ( -2.981249999999999300, -2.031460654743908500E-016, -1.105875672974058200 ) ) ;
#3033 = ORIENTED_EDGE ( 'NONE', *, *, #2827, .F. ) ;
#3034 = CARTESIAN_POINT ( 'NONE',  ( 4.275000000000000400, 0.9577164262227504400, 0.0000000000000000000 ) ) ;
#3035 = EDGE_CURVE ( 'NONE', #1997, #2235, #2812, .T. ) ;
#3036 = CARTESIAN_POINT ( 'NONE',  ( 4.293750000000000200, 0.4788582131113745000, 0.8294067547305473700 ) ) ;
#3037 = EDGE_LOOP ( 'NONE', ( #3827, #3345, #1095, #1461, #3934, #1625 ) ) ;
#3038 = CARTESIAN_POINT ( 'NONE',  ( -4.760661200660826400, -0.9161185620753804500, -0.6466407892166080600 ) ) ;
#3039 = CARTESIAN_POINT ( 'NONE',  ( -3.112499999999999400, -0.9577164262227466600, -0.5529378364870287700 ) ) ;
#3040 = ORIENTED_EDGE ( 'NONE', *, *, #1014, .T. ) ;
#3041 = AXIS2_PLACEMENT_3D ( 'NONE', #1791, #3935, #3853 ) ;
#3042 = VERTEX_POINT ( 'NONE', #3822 ) ;
#3043 = B_SPLINE_CURVE_WITH_KNOTS ( 'NONE', 3,
 ( #1670, #2294, #3815, #3197 ),
 .UNSPECIFIED., .F., .F.,
 ( 4, 4 ),
 ( 0.0000000000000000000, 7.359282866871617500E-005 ),
 .UNSPECIFIED. ) ;
#3044 = CARTESIAN_POINT ( 'NONE',  ( -3.168749999999999300, -0.4788582131113731700, 0.8294067547305438200 ) ) ;
#3045 = CARTESIAN_POINT ( 'NONE',  ( 4.836838201279044300, 0.5447540194663774700, 0.8804375176646573900 ) ) ;
#3046 = EDGE_CURVE ( 'NONE', #833, #903, #924, .T. ) ;
#3047 = CARTESIAN_POINT ( 'NONE',  ( -3.676346189432336200, -0.3349364905389023400, -1.250000000000000900 ) ) ;
#3048 = EDGE_LOOP ( 'NONE', ( #210, #809, #465 ) ) ;
#3049 = CARTESIAN_POINT ( 'NONE',  ( -4.163441508725433900, -5.850857628369144400E-005, -1.249999997479445800 ) ) ;
#3050 = CARTESIAN_POINT ( 'NONE',  ( 4.743749999999999500, 0.4788582131113745000, 0.8294067547305473700 ) ) ;
#3051 = CARTESIAN_POINT ( 'NONE',  ( -4.893749999999998900, -0.9577164262227466600, 1.172864355864529100E-016 ) ) ;
#3052 = CARTESIAN_POINT ( 'NONE',  ( 4.125000000000000000, -0.4788582131113750000, -0.8294067547305470400 ) ) ;
#3053 = FACE_OUTER_BOUND ( 'NONE', #2925, .T. ) ;
#3054 = CARTESIAN_POINT ( 'NONE',  ( 4.856250000000000200, -0.9577164262227506600, 0.5529378364870309900 ) ) ;
#3055 = CARTESIAN_POINT ( 'NONE',  ( -3.543750000000001500, 1.250000000000000000, 0.0000000000000000000 ) ) ;
#3056 = CARTESIAN_POINT ( 'NONE',  ( -4.462499999999999500, 1.250000000000000000, 0.7216878364870319400 ) ) ;
#3057 = CARTESIAN_POINT ( 'NONE',  ( -3.374999999999999100, 0.9577164262227465500, 0.0000000000000000000 ) ) ;
#3058 = CARTESIAN_POINT ( 'NONE',  ( 1.050000000000000300, 1.948557158514986300, 1.125000000000000400 ) ) ;
#3059 = ORIENTED_EDGE ( 'NONE', *, *, #2222, .T. ) ;
#3060 = CARTESIAN_POINT ( 'NONE',  ( -2.231249999999999300, -0.9577164262227465500, 0.5529378364870294300 ) ) ;
#3061 = CARTESIAN_POINT ( 'NONE',  ( 1.050000000000000500, 0.0000000000000000000, -1.250000000000000000 ) ) ;
#3062 = VERTEX_POINT ( 'NONE', #870 ) ;
#3063 = CARTESIAN_POINT ( 'NONE',  ( 3.918749999999998400, 0.6250000000000001100, -1.082531754730548400 ) ) ;
#3064 = CARTESIAN_POINT ( 'NONE',  ( -3.318749999999999200, 0.9577164262227466600, 0.0000000000000000000 ) ) ;
#3065 = FACE_OUTER_BOUND ( 'NONE', #3289, .T. ) ;
#3066 = CARTESIAN_POINT ( 'NONE',  ( 1.200000000000000600, 0.4788582131113745000, 0.8294067547305473700 ) ) ;
#3067 = ORIENTED_EDGE ( 'NONE', *, *, #17, .F. ) ;
#3068 = CARTESIAN_POINT ( 'NONE',  ( 4.631249999999999600, 0.9577164262227504400, -0.5529378364870312100 ) ) ;
#3069 = CYLINDRICAL_SURFACE ( 'NONE', #2498, 1.250000000000000000 ) ;
#3070 = CARTESIAN_POINT ( 'NONE',  ( -5.081250000000001600, -1.250000000000000200, -0.7216878364870317200 ) ) ;
#3071 = CARTESIAN_POINT ( 'NONE',  ( 2.887500000000000600, -1.250000000000000200, 0.7216878364870317200 ) ) ;
#3072 = CARTESIAN_POINT ( 'NONE',  ( -4.949999999999998400, -0.9577164262227465500, 1.172864355864528600E-016 ) ) ;
#3073 = CARTESIAN_POINT ( 'NONE',  ( -2.718749999999999600, -0.4788582131113731700, 0.8294067547305438200 ) ) ;
#3074 = ADVANCED_FACE ( 'NONE', ( #2012 ), #1342, .T. ) ;
#3075 = CARTESIAN_POINT ( 'NONE',  ( 4.350000000000000500, -0.6249999999999996700, -1.082531754730548400 ) ) ;
#3076 = CARTESIAN_POINT ( 'NONE',  ( -4.481250000000002000, 1.249999999999999600, -0.7216878364870329400 ) ) ;
#3077 = EDGE_CURVE ( 'NONE', #1022, #3042, #2266, .T. ) ;
#3078 = CARTESIAN_POINT ( 'NONE',  ( 2.381249999999998800, -1.250000000000000200, 0.7216878364870317200 ) ) ;
#3079 = CARTESIAN_POINT ( 'NONE',  ( -4.424999999999998900, 0.6250000000000000000, 1.082531754730548200 ) ) ;
#3080 = CARTESIAN_POINT ( 'NONE',  ( 1.387500000000000000, -0.9577164262227502200, -0.5529378364870316500 ) ) ;
#3081 = CARTESIAN_POINT ( 'NONE',  ( 0.7875000000000008700, 8.838126989374223500E-017, -1.443375672974064300 ) ) ;
#3082 = CARTESIAN_POINT ( 'NONE',  ( -4.368750000000001200, 0.6250000000000001100, 1.082531754730548400 ) ) ;
#3083 = CARTESIAN_POINT ( 'NONE',  ( 1.050000000000000300, 0.0000000000000000000, -2.250000000000000000 ) ) ;
#3084 = CARTESIAN_POINT ( 'NONE',  ( -3.749999999999999100, 0.4788582131113733300, 0.8294067547305435900 ) ) ;
#3085 = B_SPLINE_CURVE_WITH_KNOTS ( 'NONE', 3,
 ( #817, #2907, #223, #1698, #3555, #2323 ),
 .UNSPECIFIED., .F., .F.,
 ( 4, 2, 4 ),
 ( 0.0000000000000000000, 0.0004374497407211069700, 0.0008748994814422139500 ),
 .UNSPECIFIED. ) ;
#3086 = CARTESIAN_POINT ( 'NONE',  ( -3.806249999999999500, 0.9577164262227464400, -0.5529378364870296500 ) ) ;
#3087 = CARTESIAN_POINT ( 'NONE',  ( 2.362500000000000300, 3.921899803419055800E-015, 1.250000000000000000 ) ) ;
#3088 = ORIENTED_EDGE ( 'NONE', *, *, #114, .T. ) ;
#3089 = CARTESIAN_POINT ( 'NONE',  ( -4.406250000000000900, 1.250000000000000000, 0.7216878364870320500 ) ) ;
#3090 =( BOUNDED_CURVE ( )  B_SPLINE_CURVE ( 2, ( #1824, #618, #3075, #936, #3357, #2376, #14, #2366, #2473 ),
 .UNSPECIFIED., .F., .F. ) 
 B_SPLINE_CURVE_WITH_KNOTS ( ( 3, 2, 2, 2, 3 ),
 ( 0.1250000000000000000, 0.1333333333333333300, 0.1499999999999999900, 0.1666666666666666600, 0.1749999999999999900 ),
 .UNSPECIFIED. ) 
 CURVE ( )  GEOMETRIC_REPRESENTATION_ITEM ( )  RATIONAL_B_SPLINE_CURVE ( ( 0.9330127018922194100, 0.9330127018922194100, 1.000000000000000000, 0.8660254037844387100, 1.000000000000000000, 0.8660254037844387100, 1.000000000000000000, 0.9330127018922194100, 0.9330127018922194100 ) ) 
 REPRESENTATION_ITEM ( '' )  );
#3091 = CARTESIAN_POINT ( 'NONE',  ( 2.793749999999998800, -0.6250000000000005600, 1.082531754730548200 ) ) ;
#3092 = CARTESIAN_POINT ( 'NONE',  ( -3.337499999999999500, -1.250000000000000000, -0.7216878364870315000 ) ) ;
#3093 = CARTESIAN_POINT ( 'NONE',  ( 1.125000000000000200, 0.9577164262227504400, 0.0000000000000000000 ) ) ;
#3094 = ORIENTED_EDGE ( 'NONE', *, *, #1115, .F. ) ;
#3095 = EDGE_CURVE ( 'NONE', #2874, #191, #2018, .T. ) ;
#3096 = ADVANCED_FACE ( 'NONE', ( #832 ), #2343, .T. ) ;
#3097 = CARTESIAN_POINT ( 'NONE',  ( 1.125000000000000700, -1.250000000000000000, -1.530808498934191600E-016 ) ) ;
#3098 = ORIENTED_EDGE ( 'NONE', *, *, #3465, .F. ) ;
#3099 = CARTESIAN_POINT ( 'NONE',  ( -5.006250000000001400, -2.651438096812267400E-016, -1.443375672974064300 ) ) ;
#3100 = CARTESIAN_POINT ( 'NONE',  ( -4.592403808164539700, 0.3349365305909867700, -1.249999976875918900 ) ) ;
#3101 = CARTESIAN_POINT ( 'NONE',  ( -4.799999999999998900, 0.4788582131113725500, -0.8294067547305440400 ) ) ;
#3102 = DIRECTION ( 'NONE',  ( 0.0000000000000000000, 0.0000000000000000000, -1.000000000000000000 ) ) ;
#3103 = CARTESIAN_POINT ( 'NONE',  ( -3.506249999999999200, -0.9577164262227467800, -0.5529378364870287700 ) ) ;
#3104 = CARTESIAN_POINT ( 'NONE',  ( -2.456250000000002000, -1.250000000000000000, 0.7216878364870327200 ) ) ;
#3105 = AXIS2_PLACEMENT_3D ( 'NONE', #3846, #194, #3568 ) ;
#3106 = CARTESIAN_POINT ( 'NONE',  ( 3.956249999999998500, 1.250000000000000000, -0.7216878364870320500 ) ) ;
#3107 = CARTESIAN_POINT ( 'NONE',  ( -3.937500000000000400, 8.838126989374222200E-017, 1.443375672974064100 ) ) ;
#3108 = FACE_OUTER_BOUND ( 'NONE', #3048, .T. ) ;
#3109 = CARTESIAN_POINT ( 'NONE',  ( 1.837500000000000100, -0.9577164262227502200, -0.5529378364870316500 ) ) ;
#3110 = CARTESIAN_POINT ( 'NONE',  ( 2.981250000000000200, -2.031460654743916600E-016, 1.105875672974062600 ) ) ;
#3111 = VERTEX_POINT ( 'NONE', #2660 ) ;
#3112 = CARTESIAN_POINT ( 'NONE',  ( -4.106250000000001100, -2.651438096812267400E-016, -1.443375672974064300 ) ) ;
#3113 = CARTESIAN_POINT ( 'NONE',  ( 3.281249999999999600, -1.250000000000000200, 0.7216878364870317200 ) ) ;
#3114 = CARTESIAN_POINT ( 'NONE',  ( -5.043749999999998400, 0.4788582131113734400, 0.8294067547305438200 ) ) ;
#3115 = B_SPLINE_CURVE_WITH_KNOTS ( 'NONE', 3,
 ( #1726, #3554, #1420, #3235, #2002, #493, #1392, #2021, #3537, #2654, #2919, #2949, #3876, #1697, #3252, #2670 ),
 .UNSPECIFIED., .F., .F.,
 ( 4, 2, 2, 2, 2, 2, 2, 4 ),
 ( 0.0002094663732685284200, 0.0006165837796638714200, 0.001023701186059214400, 0.001430818592454557600, 0.001837935998849900500, 0.002245053405245243100, 0.002652170811640586500, 0.003466405624431271500 ),
 .UNSPECIFIED. ) ;
#3116 = ORIENTED_EDGE ( 'NONE', *, *, #3404, .F. ) ;
#3117 = CARTESIAN_POINT ( 'NONE',  ( 1.030756665990566500, -2.168904970561402700, -0.7433463941989676400 ) ) ;
#3118 = ADVANCED_FACE ( 'NONE', ( #2744 ), #847, .T. ) ;
#3119 = CARTESIAN_POINT ( 'NONE',  ( 1.850316728204654200, -6.783434104432219600E-015, -0.9679931544274043000 ) ) ;
#3120 = CONICAL_SURFACE ( 'NONE', #616, 0.9125000000000000900, 0.7853981633974466100 ) ;
#3121 = CARTESIAN_POINT ( 'NONE',  ( 3.242403810567666200, 0.3349364905389027300, 1.250000000000000000 ) ) ;
#3122 = CARTESIAN_POINT ( 'NONE',  ( 3.693749999999999200, -0.6250000000000005600, 1.082531754730548200 ) ) ;
#3123 = CARTESIAN_POINT ( 'NONE',  ( -3.750000000000000000, -0.6250000000000004400, -1.082531754730548000 ) ) ;
#3124 = CARTESIAN_POINT ( 'NONE',  ( 2.700000000000000200, -0.9577164262227504400, -1.172864355864533500E-016 ) ) ;
#3125 = CYLINDRICAL_SURFACE ( 'NONE', #527, 1.250000000000000000 ) ;
#3126 = CARTESIAN_POINT ( 'NONE',  ( 2.868750000000000400, 0.9577164262227504400, 0.0000000000000000000 ) ) ;
#3127 = CARTESIAN_POINT ( 'NONE',  ( -3.862499999999999400, 0.9577164262227462200, -0.5529378364870295400 ) ) ;
#3128 = CARTESIAN_POINT ( 'NONE',  ( -4.106249999999998400, 6.771535515813027900E-017, 1.105875672974058200 ) ) ;
#3129 = CARTESIAN_POINT ( 'NONE',  ( 2.512500000000000200, 0.9577164262227502200, 0.5529378364870318800 ) ) ;
#3130 = AXIS2_PLACEMENT_3D ( 'NONE', #2269, #1903, #2583 ) ;
#3131 = CARTESIAN_POINT ( 'NONE',  ( -2.813666609718423800, -7.292747344040713300E-005, -1.249999996128038400 ) ) ;
#3132 = CARTESIAN_POINT ( 'NONE',  ( -4.200000000000000200, -0.6250000000000004400, -1.082531754730548000 ) ) ;
#3133 = CARTESIAN_POINT ( 'NONE',  ( 4.762500000000000200, 0.9577164262227502200, 0.5529378364870318800 ) ) ;
#3134 = ADVANCED_FACE ( 'NONE', ( #1031, #1304 ), #2866, .F. ) ;
#3135 = CARTESIAN_POINT ( 'NONE',  ( 2.081250000000000300, -2.031460654743916600E-016, 1.105875672974062600 ) ) ;
#3136 = ORIENTED_EDGE ( 'NONE', *, *, #2433, .F. ) ;
#3137 = VERTEX_POINT ( 'NONE', #3794 ) ;
#3138 = CARTESIAN_POINT ( 'NONE',  ( -2.415913508590342500, -1.250000000000000000, -0.05458830263068021500 ) ) ;
#3139 = CARTESIAN_POINT ( 'NONE',  ( -4.331249999999998900, -2.031460654743908500E-016, -1.105875672974058200 ) ) ;
#3140 = ORIENTED_EDGE ( 'NONE', *, *, #36, .F. ) ;
#3141 = CARTESIAN_POINT ( 'NONE',  ( 0.9607449899684487000, -2.385217236779674500, -0.3686825588085549900 ) ) ;
#3142 = ORIENTED_EDGE ( 'NONE', *, *, #1994, .F. ) ;
#3143 = CARTESIAN_POINT ( 'NONE',  ( -3.262499999999998800, 6.771535515813026700E-017, 1.105875672974058000 ) ) ;
#3144 = CARTESIAN_POINT ( 'NONE',  ( 2.326346189432332500, -0.3349364905389017300, 1.250000000000001100 ) ) ;
#3145 = CARTESIAN_POINT ( 'NONE',  ( -2.437499999999999600, -1.250000000000000000, -0.7216878364870315000 ) ) ;
#3146 = CARTESIAN_POINT ( 'NONE',  ( -4.950000000000000200, -1.299038105676656500, -2.249999999999999600 ) ) ;
#3147 = AXIS2_PLACEMENT_3D ( 'NONE', #691, #1598, #417 ) ;
#3148 = ORIENTED_EDGE ( 'NONE', *, *, #1736, .F. ) ;
#3149 = CARTESIAN_POINT ( 'NONE',  ( 3.056249999999999900, -0.9577164262227506600, 0.5529378364870309900 ) ) ;
#3150 = CARTESIAN_POINT ( 'NONE',  ( -2.606250000000001500, 1.250000000000000000, 0.7216878364870320500 ) ) ;
#3151 = CARTESIAN_POINT ( 'NONE',  ( -4.256249999999999600, 0.9577164262227464400, -0.5529378364870296500 ) ) ;
#3152 = AXIS2_PLACEMENT_3D ( 'NONE', #3765, #1043, #3175 ) ;
#3153 = VECTOR ( 'NONE', #2964, 1000.000000000000000 ) ;
#3154 = EDGE_CURVE ( 'NONE', #2976, #2960, #2929, .T. ) ;
#3155 = ADVANCED_FACE ( 'NONE', ( #301 ), #503, .T. ) ;
#3156 = FACE_OUTER_BOUND ( 'NONE', #1608, .T. ) ;
#3157 = CARTESIAN_POINT ( 'NONE',  ( -4.589834526261625100, -0.2894279534314713700, 0.9387743661493954700 ) ) ;
#3158 = CC_DESIGN_APPROVAL ( #3494, ( #2712 ) ) ;
#3159 = CARTESIAN_POINT ( 'NONE',  ( 1.293749999999998800, 1.250000000000000000, 0.0000000000000000000 ) ) ;
#3160 = CARTESIAN_POINT ( 'NONE',  ( -2.699999999999999700, 1.249999999999999800, 0.0000000000000000000 ) ) ;
#3161 = ORIENTED_EDGE ( 'NONE', *, *, #1968, .F. ) ;
#3162 = CARTESIAN_POINT ( 'NONE',  ( 2.418750000000000200, 0.9577164262227504400, 0.0000000000000000000 ) ) ;
#3163 = LINE ( 'NONE', #1229, #399 ) ;
#3164 = CARTESIAN_POINT ( 'NONE',  ( -3.018750000000001600, 0.6250000000000001100, 1.082531754730548400 ) ) ;
#3165 = APPROVAL_ROLE ( '' ) ;
#3166 = ORIENTED_EDGE ( 'NONE', *, *, #228, .F. ) ;
#3167 = CARTESIAN_POINT ( 'NONE',  ( -3.656249999999999100, 6.771535515813027900E-017, 1.105875672974058200 ) ) ;
#3168 = CARTESIAN_POINT ( 'NONE',  ( 1.650000000000000400, 0.4788582131113745000, 0.8294067547305473700 ) ) ;
#3169 = FACE_OUTER_BOUND ( 'NONE', #271, .T. ) ;
#3170 = DIRECTION ( 'NONE',  ( -1.000000000000000000, -0.0000000000000000000, -0.0000000000000000000 ) ) ;
#3171 = EDGE_CURVE ( 'NONE', #237, #1613, #145, .T. ) ;
#3172 = CARTESIAN_POINT ( 'NONE',  ( 3.243749999999999900, 0.4788582131113753300, -0.8294067547305469200 ) ) ;
#3173 = CARTESIAN_POINT ( 'NONE',  ( 1.143749999999998900, -0.6249999999999996700, -1.082531754730548400 ) ) ;
#3174 = CARTESIAN_POINT ( 'NONE',  ( -2.512499999999999300, -1.249999999999999800, 0.7216878364870323900 ) ) ;
#3175 = DIRECTION ( 'NONE',  ( 0.0000000000000000000, 0.0000000000000000000, -1.000000000000000000 ) ) ;
#3176 = CARTESIAN_POINT ( 'NONE',  ( 4.700826178001933400, -0.4696431222849931600, -1.087995277822070500 ) ) ;
#3177 = AXIS2_PLACEMENT_3D ( 'NONE', #16, #937, #2801 ) ;
#3178 =( NAMED_UNIT ( * ) PLANE_ANGLE_UNIT ( ) SI_UNIT ( $, .RADIAN. ) );
#3179 = CARTESIAN_POINT ( 'NONE',  ( -4.817402899606626000, -0.3349516732228909300, 1.249991234273312400 ) ) ;
#3180 = CARTESIAN_POINT ( 'NONE',  ( 1.575000000000000000, 0.9577164262227504400, 0.0000000000000000000 ) ) ;
#3181 = EDGE_CURVE ( 'NONE', #3930, #1344, #1728, .T. ) ;
#3182 = CARTESIAN_POINT ( 'NONE',  ( 4.687500000000000000, 0.9577164262227504400, -0.5529378364870312100 ) ) ;
#3183 = CARTESIAN_POINT ( 'NONE',  ( 1.406249999999998700, -2.651438096812267400E-016, 1.443375672974064300 ) ) ;
#3184 = CARTESIAN_POINT ( 'NONE',  ( 1.050000000000000500, 0.0000000000000000000, -1.250000000000000000 ) ) ;
#3185 = DIRECTION ( 'NONE',  ( -0.7071067811865487900, 8.659560562354919300E-017, -0.7071067811865463500 ) ) ;
#3186 = VERTEX_POINT ( 'NONE', #702 ) ;
#3187 = CARTESIAN_POINT ( 'NONE',  ( 4.647386284014421800, -1.220526532847259000, 0.01932407967641957400 ) ) ;
#3188 = ORIENTED_EDGE ( 'NONE', *, *, #1374, .T. ) ;
#3189 = CARTESIAN_POINT ( 'NONE',  ( 2.011482200758373000, 9.836705729168091600E-013, -1.129158626981124500 ) ) ;
#3190 = DIRECTION ( 'NONE',  ( 1.000000000000000000, 0.0000000000000000000, 0.0000000000000000000 ) ) ;
#3191 = CARTESIAN_POINT ( 'NONE',  ( -4.649999999999999500, -0.6250000000000004400, -1.082531754730548000 ) ) ;
#3192 = CARTESIAN_POINT ( 'NONE',  ( 2.287500000000000100, -0.9577164262227502200, -0.5529378364870316500 ) ) ;
#3193 = DIRECTION ( 'NONE',  ( -0.7071067811865463500, 0.0000000000000000000, 0.7071067811865487900 ) ) ;
#3194 = CARTESIAN_POINT ( 'NONE',  ( 3.806250000000000400, 0.9577164262227502200, 0.5529378364870318800 ) ) ;
#3195 = ORIENTED_EDGE ( 'NONE', *, *, #1856, .T. ) ;
#3196 = CARTESIAN_POINT ( 'NONE',  ( 4.387500000000000200, -2.031460654743916600E-016, 1.105875672974062600 ) ) ;
#3197 = CARTESIAN_POINT ( 'NONE',  ( -4.620127303623306100, -1.764288414900303300E-012, 0.9709273036233039300 ) ) ;
#3198 = CARTESIAN_POINT ( 'NONE',  ( -2.474999999999999600, -1.249999999999999800, 1.530808498934191300E-016 ) ) ;
#3199 = CONICAL_SURFACE ( 'NONE', #2945, 2.250000000000000000, 1.047197551196600100 ) ;
#3200 = EDGE_CURVE ( 'NONE', #1060, #611, #2663, .T. ) ;
#3201 = DIRECTION ( 'NONE',  ( 1.000000000000000000, 0.0000000000000000000, 0.0000000000000000000 ) ) ;
#3202 = CONICAL_SURFACE ( 'NONE', #1302, 2.250000000000000000, 1.047197551196600100 ) ;
#3203 = CARTESIAN_POINT ( 'NONE',  ( 1.983693916357423900, -0.1768218887815246600, -1.101370342580328300 ) ) ;
#3204 = CARTESIAN_POINT ( 'NONE',  ( 1.050000000000001200, 1.838311014891733000, -1.315951922094012800 ) ) ;
#3205 = CARTESIAN_POINT ( 'NONE',  ( -2.643749999999999400, -0.9577164262227466600, 1.172864355864529100E-016 ) ) ;
#3206 = CARTESIAN_POINT ( 'NONE',  ( 2.062500000000000000, 0.9577164262227499900, 0.5529378364870317600 ) ) ;
#3207 = ORIENTED_EDGE ( 'NONE', *, *, #3011, .T. ) ;
#3208 = CARTESIAN_POINT ( 'NONE',  ( 4.556250000000000400, 6.771535515813055000E-017, -1.105875672974062600 ) ) ;
#3209 = ORIENTED_EDGE ( 'NONE', *, *, #725, .F. ) ;
#3210 = CARTESIAN_POINT ( 'NONE',  ( 4.049999999999999800, -0.9577164262227504400, -1.172864355864533500E-016 ) ) ;
#3211 = DIRECTION ( 'NONE',  ( 0.0000000000000000000, 0.5000000000000001100, -0.8660254037844386000 ) ) ;
#3212 = FACE_OUTER_BOUND ( 'NONE', #1676, .T. ) ;
#3213 = CARTESIAN_POINT ( 'NONE',  ( -3.037499999999999200, -2.031460654743907800E-016, -1.105875672974058200 ) ) ;
#3214 = CARTESIAN_POINT ( 'NONE',  ( -4.743750000000001200, -0.6249999999999996700, 1.082531754730548400 ) ) ;
#3215 = CIRCLE ( 'NONE', #3539, 2.249999999999999600 ) ;
#3216 = CARTESIAN_POINT ( 'NONE',  ( -3.281249999999999600, 0.9577164262227466600, 0.5529378364870291000 ) ) ;
#3217 = CARTESIAN_POINT ( 'NONE',  ( 2.137500000000000200, -2.031460654743916600E-016, 1.105875672974062600 ) ) ;
#3218 = CARTESIAN_POINT ( 'NONE',  ( 2.437500000000000000, 0.9577164262227504400, -0.5529378364870312100 ) ) ;
#3219 = CARTESIAN_POINT ( 'NONE',  ( -2.962499999999999500, 0.9577164262227462200, -0.5529378364870295400 ) ) ;
#3220 = CARTESIAN_POINT ( 'NONE',  ( 2.400000000000000800, -0.6250000000000005600, 1.082531754730548200 ) ) ;
#3221 = CARTESIAN_POINT ( 'NONE',  ( 1.840039999999999900, -0.8127136422835428100, -0.5066727629378690000 ) ) ;
#3222 = CARTESIAN_POINT ( 'NONE',  ( -2.049999999999998900, -1.245240893806328600, -0.1089730073853214900 ) ) ;
#3223 = CARTESIAN_POINT ( 'NONE',  ( -2.624999999999999100, -0.4788582131113736700, -0.8294067547305433700 ) ) ;
#3224 = CARTESIAN_POINT ( 'NONE',  ( 0.8490381056766590500, 1.299038105676659800, -2.249999999999999600 ) ) ;
#3225 = CARTESIAN_POINT ( 'NONE',  ( 4.723941643233267500, -0.7167927722212634700, 0.8989071734194406000 ) ) ;
#3226 = CARTESIAN_POINT ( 'NONE',  ( 3.900000000000000800, -0.6249999999999996700, -1.082531754730548400 ) ) ;
#3227 = EDGE_CURVE ( 'NONE', #1226, #3137, #3115, .T. ) ;
#3228 = ORIENTED_EDGE ( 'NONE', *, *, #155, .F. ) ;
#3229 = CARTESIAN_POINT ( 'NONE',  ( -4.749038105676659100, 1.299038105676659800, -2.249999999999999600 ) ) ;
#3230 = CARTESIAN_POINT ( 'NONE',  ( 4.406250000000000000, -0.9577164262227506600, 0.5529378364870309900 ) ) ;
#3231 = ORIENTED_EDGE ( 'NONE', *, *, #1172, .T. ) ;
#3232 = CARTESIAN_POINT ( 'NONE',  ( -2.774999999999999500, -0.4788582131113730500, 0.8294067547305437000 ) ) ;
#3233 = CARTESIAN_POINT ( 'NONE',  ( -4.950000000000000200, -1.299038105676657100, 2.249999999999999600 ) ) ;
#3234 = CARTESIAN_POINT ( 'NONE',  ( -4.331250000000001600, -1.394453263437886600E-015, 1.250000000000000000 ) ) ;
#3235 = CARTESIAN_POINT ( 'NONE',  ( 1.875607947532404800, 0.5275748373728174100, -0.8526145996734300100 ) ) ;
#3236 = ORIENTED_EDGE ( 'NONE', *, *, #964, .F. ) ;
#3237 = CARTESIAN_POINT ( 'NONE',  ( 1.050000000000000300, 0.0000000000000000000, -2.250000000000000000 ) ) ;
#3238 = CARTESIAN_POINT ( 'NONE',  ( 3.187500000000000400, -0.9577164262227502200, -0.5529378364870316500 ) ) ;
#3239 = VERTEX_POINT ( 'NONE', #3816 ) ;
#3240 = CARTESIAN_POINT ( 'NONE',  ( 2.059388542016115800, -1.178511914573585200, 0.1397600538123267300 ) ) ;
#3241 = CARTESIAN_POINT ( 'NONE',  ( 1.901480445448818100, -0.6272463453701354600, -0.8080333623825526300 ) ) ;
#3242 = CARTESIAN_POINT ( 'NONE',  ( 3.937500000000000000, 1.743066579297358300E-016, -1.250000000000000000 ) ) ;
#3243 = CARTESIAN_POINT ( 'NONE',  ( 3.131250000000000100, -0.9577164262227502200, -0.5529378364870316500 ) ) ;
#3244 = ORIENTED_EDGE ( 'NONE', *, *, #167, .T. ) ;
#3245 = CARTESIAN_POINT ( 'NONE',  ( 4.087500000000001200, 1.249999999999999800, 0.7216878364870329400 ) ) ;
#3246 = CARTESIAN_POINT ( 'NONE',  ( -4.950000000000000200, 1.948557158514986300, 1.125000000000000400 ) ) ;
#3247 = CARTESIAN_POINT ( 'NONE',  ( 3.581250000000000300, -0.9577164262227502200, -0.5529378364870316500 ) ) ;
#3248 = EDGE_CURVE ( 'NONE', #3766, #669, #3460, .T. ) ;
#3249 = CYLINDRICAL_SURFACE ( 'NONE', #1327, 1.250000000000000000 ) ;
#3250 = CARTESIAN_POINT ( 'NONE',  ( 3.075000000000000200, -0.4788582131113756100, 0.8294067547305467000 ) ) ;
#3251 = CARTESIAN_POINT ( 'NONE',  ( 2.043750000000000600, 0.4788582131113745000, 0.8294067547305473700 ) ) ;
#3252 = CARTESIAN_POINT ( 'NONE',  ( 1.981278187595674200, 0.2728896424017879800, 1.098954613818430700 ) ) ;
#3253 = CARTESIAN_POINT ( 'NONE',  ( -4.606916426222747800, -0.02375733102163780200, 0.9577164262224060500 ) ) ;
#3254 = VERTEX_POINT ( 'NONE', #3524 ) ;
#3255 = ADVANCED_FACE ( 'NONE', ( #1908 ), #214, .T. ) ;
#3256 = EDGE_CURVE ( 'NONE', #2044, #920, #3420, .T. ) ;
#3257 = CARTESIAN_POINT ( 'NONE',  ( 3.375000000000000400, -1.250000000000000000, -1.530808498934191600E-016 ) ) ;
#3258 = VERTEX_POINT ( 'NONE', #3267 ) ;
#3259 = CARTESIAN_POINT ( 'NONE',  ( 1.781250000000000200, -0.9577164262227502200, -0.5529378364870316500 ) ) ;
#3260 = CARTESIAN_POINT ( 'NONE',  ( 2.062500000000000400, -1.250000000000000000, -0.7216878364870325000 ) ) ;
#3261 = VERTEX_POINT ( 'NONE', #2035 ) ;
#3262 = CARTESIAN_POINT ( 'NONE',  ( 3.037500000000000100, -2.031460654743916600E-016, 1.105875672974062600 ) ) ;
#3263 = FACE_OUTER_BOUND ( 'NONE', #293, .T. ) ;
#3264 = LOCAL_TIME ( 20, 27, 44.00000000000000000, #3015 ) ;
#3265 = CARTESIAN_POINT ( 'NONE',  ( 1.893750000000000500, 0.4788582131113753300, -0.8294067547305469200 ) ) ;
#3266 = CARTESIAN_POINT ( 'NONE',  ( 4.950000000000000200, 0.0000000000000000000, 0.0000000000000000000 ) ) ;
#3267 = CARTESIAN_POINT ( 'NONE',  ( -2.050000000011896500, -1.192086005355455400, -0.1043294788251146900 ) ) ;
#3268 =( BOUNDED_CURVE ( )  B_SPLINE_CURVE ( 2, ( #2390, #526, #890, #3327, #312, #298, #1216, #1823, #285 ),
 .UNSPECIFIED., .F., .F. ) 
 B_SPLINE_CURVE_WITH_KNOTS ( ( 3, 2, 2, 2, 3 ),
 ( 0.2750000000000000200, 0.2833333333333333300, 0.2999999999999999900, 0.3166666666666666500, 0.3250000000000000100 ),
 .UNSPECIFIED. ) 
 CURVE ( )  GEOMETRIC_REPRESENTATION_ITEM ( )  RATIONAL_B_SPLINE_CURVE ( ( 0.9330127018922194100, 0.9330127018922196300, 1.000000000000000000, 0.8660254037844387100, 1.000000000000000000, 0.8660254037844387100, 1.000000000000000000, 0.9330127018922191900, 0.9330127018922194100 ) ) 
 REPRESENTATION_ITEM ( '' )  );
#3269 = CARTESIAN_POINT ( 'NONE',  ( 4.747239796930794700, 0.6551035642419799100, -0.9134529069516990100 ) ) ;
#3270 = CARTESIAN_POINT ( 'NONE',  ( 3.112500000000000300, -0.9577164262227506600, 0.5529378364870309900 ) ) ;
#3271 = CARTESIAN_POINT ( 'NONE',  ( -2.342406347108472600, 0.3348942148587864000, -1.250024407875295600 ) ) ;
#3272 = CARTESIAN_POINT ( 'NONE',  ( 3.450000000000000600, -0.6249999999999996700, -1.082531754730548400 ) ) ;
#3273 = CARTESIAN_POINT ( 'NONE',  ( -3.074999999999999700, 0.6250000000000000000, 1.082531754730548200 ) ) ;
#3274 = CARTESIAN_POINT ( 'NONE',  ( 1.068750000000000300, 0.9577164262227504400, 0.0000000000000000000 ) ) ;
#3275 = CARTESIAN_POINT ( 'NONE',  ( 2.400000000000000400, 0.4788582131113753300, -0.8294067547305469200 ) ) ;
#3276 = CARTESIAN_POINT ( 'NONE',  ( 2.681249999999999900, -0.9577164262227502200, -0.5529378364870316500 ) ) ;
#3277 = CARTESIAN_POINT ( 'NONE',  ( -4.871727692845873900, 2.385571612819397600, 0.3680687615027732300 ) ) ;
#3278 = CARTESIAN_POINT ( 'NONE',  ( -2.049999999999998900, 1.530808498934191300E-016, -1.250000000000000000 ) ) ;
#3279 = ORIENTED_EDGE ( 'NONE', *, *, #357, .T. ) ;
#3280 = CARTESIAN_POINT ( 'NONE',  ( -4.930556613359309300, 0.4426578913696276300, 2.250000000000000000 ) ) ;
#3281 = VERTEX_POINT ( 'NONE', #769 ) ;
#3282 = CARTESIAN_POINT ( 'NONE',  ( 1.443750000000000100, 0.4788582131113753300, -0.8294067547305469200 ) ) ;
#3283 = EDGE_CURVE ( 'NONE', #232, #255, #880, .T. ) ;
#3284 = ORIENTED_EDGE ( 'NONE', *, *, #935, .T. ) ;
#3285 =( BOUNDED_CURVE ( )  B_SPLINE_CURVE ( 2, ( #2602, #739, #137, #2930, #3533, #2633, #1967, #1940, #3812, #488, #2891, #3208, #765, #1371, #2263, #3230, #1062, #2319, #2615, #3826, #1050, #1402, #2876, #3802, #153, #1075, #2277, #1979, #166, #446, #181, #3194, #2591, #750, #1358, #3505, #2302, #3247, #2013, #2332, #2031, #1721, #2348, #2647, #2665, #1415, #3869, #215, #3854, #811, #3565, #200, #823, #518, #2944, #507, #1117, #2048, #2618, #193, #1446, #3276, #1749, #2961, #2947, #3552, #1129, #1404, #1121, #1738, #1146, #1418, #796, #2305, #2000, #3874, #840, #1390, #3251, #2061, #3591, #2636, #3265, #1432, #476 ),
 .UNSPECIFIED., .F., .F. ) 
 B_SPLINE_CURVE_WITH_KNOTS ( ( 3, 2, 2, 2, 2, 2, 2, 2, 2, 2, 2, 2, 2, 2, 2, 2, 2, 2, 2, 2, 2, 2, 2, 2, 2, 2, 2, 2, 2, 2, 2, 2, 2, 2, 2, 2, 2, 2, 2, 2, 2, 2, 3 ),
 ( 0.04733649381272526200, 0.05000000000000000300, 0.06666666666666666600, 0.08333333333333332900, 0.1000000000000000100, 0.1166666666666666700, 0.1333333333333333300, 0.1499999999999999900, 0.1666666666666666600, 0.1833333333333333200, 0.2000000000000000100, 0.2166666666666666700, 0.2333333333333333100, 0.2500000000000000000, 0.2666666666666666600, 0.2833333333333333300, 0.2999999999999999900, 0.3166666666666666500, 0.3333333333333333100, 0.3499999999999999800, 0.3666666666666666400, 0.3833333333333333600, 0.4000000000000000200, 0.4166666666666666900, 0.4333333333333334000, 0.4500000000000000100, 0.4666666666666666700, 0.4833333333333333400, 0.5000000000000000000, 0.5166666666666667200, 0.5333333333333333300, 0.5500000000000000400, 0.5666666666666666500, 0.5833333333333333700, 0.5999999999999999800, 0.6166666666666667000, 0.6333333333333333000, 0.6500000000000000200, 0.6666666666666666300, 0.6833333333333333500, 0.6999999999999999600, 0.7166666666666666700, 0.7284011136923256300 ),
 .UNSPECIFIED. ) 
 CURVE ( )  GEOMETRIC_REPRESENTATION_ITEM ( )  RATIONAL_B_SPLINE_CURVE ( ( 0.9640221895668115200, 0.9785894700425330500, 1.000000000000000000, 0.8660254037844387100, 1.000000000000000000, 0.8660254037844387100, 1.000000000000000000, 0.8660254037844387100, 1.000000000000000000, 0.8660254037844387100, 1.000000000000000000, 0.8660254037844387100, 1.000000000000000000, 0.8660254037844387100, 1.000000000000000000, 0.8660254037844387100, 1.000000000000000000, 0.8660254037844387100, 1.000000000000000000, 0.8660254037844387100, 1.000000000000000000, 0.8660254037844387100, 1.000000000000000000, 0.8660254037844387100, 1.000000000000000000, 0.8660254037844387100, 1.000000000000000000, 0.8660254037844387100, 1.000000000000000000, 0.8660254037844387100, 1.000000000000000000, 0.8660254037844387100, 1.000000000000000000, 0.8660254037844387100, 1.000000000000000000, 0.8660254037844387100, 1.000000000000000000, 0.8660254037844387100, 1.000000000000000000, 0.8660254037844387100, 1.000000000000000000, 0.8660254037844387100, 1.000000000000000000, 0.8660254037844387100, 1.000000000000000000, 0.8660254037844387100, 1.000000000000000000, 0.8660254037844387100, 1.000000000000000000, 0.8660254037844387100, 1.000000000000000000, 0.8660254037844387100, 1.000000000000000000, 0.8660254037844387100, 1.000000000000000000, 0.8660254037844387100, 1.000000000000000000, 0.8660254037844387100, 1.000000000000000000, 0.8660254037844387100, 1.000000000000000000, 0.8660254037844387100, 1.000000000000000000, 0.8660254037844387100, 1.000000000000000000, 0.8660254037844387100, 1.000000000000000000, 0.8660254037844387100, 1.000000000000000000, 0.8660254037844387100, 1.000000000000000000, 0.8660254037844387100, 1.000000000000000000, 0.8660254037844387100, 1.000000000000000000, 0.8660254037844387100, 1.000000000000000000, 0.8660254037844387100, 1.000000000000000000, 0.8660254037844387100, 1.000000000000000000, 0.8660254037844387100, 1.000000000000000000, 0.9056729318754664900, 0.9441709818301009500 ) ) 
 REPRESENTATION_ITEM ( '' )  );
#3286 = CC_DESIGN_SECURITY_CLASSIFICATION ( #574, ( #2712 ) ) ;
#3287 = DIRECTION ( 'NONE',  ( 1.000000000000000000, 0.0000000000000000000, 0.0000000000000000000 ) ) ;
#3288 = CARTESIAN_POINT ( 'NONE',  ( 3.899999999999999900, 0.4788582131113745000, 0.8294067547305473700 ) ) ;
#3289 = EDGE_LOOP ( 'NONE', ( #525, #2855, #803, #3694, #2952, #952 ) ) ;
#3290 = CARTESIAN_POINT ( 'NONE',  ( -2.756250000000001000, 2.643650978600993500E-015, -1.250000000000000200 ) ) ;
#3291 = CARTESIAN_POINT ( 'NONE',  ( 4.500000000000000900, 1.250000000000000000, 0.0000000000000000000 ) ) ;
#3292 = CARTESIAN_POINT ( 'NONE',  ( 3.412500000000000100, 0.9577164262227502200, 0.5529378364870318800 ) ) ;
#3293 = CARTESIAN_POINT ( 'NONE',  ( -2.157596189432333700, 0.3349364905389020100, 1.250000000000000700 ) ) ;
#3294 = CARTESIAN_POINT ( 'NONE',  ( -4.274999999999999500, -1.249999999999999800, 1.530808498934191300E-016 ) ) ;
#3295 = DIRECTION ( 'NONE',  ( -1.000000000000000000, -0.0000000000000000000, -0.0000000000000000000 ) ) ;
#3296 = CARTESIAN_POINT ( 'NONE',  ( 1.293750000000000200, -0.9577164262227504400, -1.172864355864533500E-016 ) ) ;
#3297 = LINE ( 'NONE', #241, #431 ) ;
#3298 = EDGE_CURVE ( 'NONE', #3111, #1455, #1657, .T. ) ;
#3299 = CARTESIAN_POINT ( 'NONE',  ( 2.981249999999999300, 1.743066579297358300E-016, -1.250000000000000000 ) ) ;
#3300 = CARTESIAN_POINT ( 'NONE',  ( -4.606916426222746900, 0.4556965958071376700, 0.8732160434068542100 ) ) ;
#3301 = CARTESIAN_POINT ( 'NONE',  ( -3.956250000000001600, 1.250000000000000000, 0.7216878364870320500 ) ) ;
#3302 = ORIENTED_EDGE ( 'NONE', *, *, #3372, .F. ) ;
#3303 = PRODUCT_DEFINITION_SHAPE ( 'NONE', 'NONE',  #3384 ) ;
#3304 = DIRECTION ( 'NONE',  ( -1.000000000000000000, -0.0000000000000000000, -0.0000000000000000000 ) ) ;
#3305 = AXIS2_PLACEMENT_3D ( 'NONE', #1930, #422, #3458 ) ;
#3306 = ORIENTED_EDGE ( 'NONE', *, *, #263, .F. ) ;
#3307 = CARTESIAN_POINT ( 'NONE',  ( 3.431250000000001200, -2.031460654743916600E-016, 1.105875672974062600 ) ) ;
#3308 = CIRCLE ( 'NONE', #2824, 2.249999999999999600 ) ;
#3309 = CARTESIAN_POINT ( 'NONE',  ( 4.837500000000000400, -2.031460654743916600E-016, 1.105875672974062600 ) ) ;
#3310 = APPROVAL_DATE_TIME ( #260, #3494 ) ;
#3311 = LINE ( 'NONE', #1739, #985 ) ;
#3312 = CARTESIAN_POINT ( 'NONE',  ( 3.787500000000001000, -1.250000000000000200, 0.7216878364870317200 ) ) ;
#3313 = CARTESIAN_POINT ( 'NONE',  ( -4.860083767412380200, -2.851041040205793000E-011, 1.210883767412379100 ) ) ;
#3314 = CARTESIAN_POINT ( 'NONE',  ( 2.231249999999998800, 1.249999999999999600, 0.7216878364870329400 ) ) ;
#3315 = DIRECTION ( 'NONE',  ( 0.0000000000000000000, -0.4999999999999995600, -0.8660254037844388200 ) ) ;
#3316 = CARTESIAN_POINT ( 'NONE',  ( 1.031057749522825700, -0.4381307464742714700, 2.249999999999999600 ) ) ;
#3317 = CARTESIAN_POINT ( 'NONE',  ( -2.551346189432336200, 0.3349364905389020700, 1.250000000000001100 ) ) ;
#3318 = CARTESIAN_POINT ( 'NONE',  ( 4.556250000000001200, 6.771535515813055000E-017, -1.105875672974062600 ) ) ;
#3319 = CARTESIAN_POINT ( 'NONE',  ( -4.256249999999999600, 0.9577164262227464400, -0.5529378364870296500 ) ) ;
#3320 = CARTESIAN_POINT ( 'NONE',  ( 2.925000000000000300, 0.9577164262227504400, 0.0000000000000000000 ) ) ;
#3321 = CARTESIAN_POINT ( 'NONE',  ( 2.250000000000000900, 1.250000000000000000, 0.0000000000000000000 ) ) ;
#3322 = CARTESIAN_POINT ( 'NONE',  ( 3.937500000000000000, 1.743066579297358300E-016, -1.250000000000000000 ) ) ;
#3323 = CARTESIAN_POINT ( 'NONE',  ( -4.742562570092707700, -0.5769592326012457100, -0.9405474473972607100 ) ) ;
#3324 = ORIENTED_EDGE ( 'NONE', *, *, #2231, .T. ) ;
#3325 = AXIS2_PLACEMENT_3D ( 'NONE', #1386, #445, #749 ) ;
#3326 = B_SPLINE_CURVE_WITH_KNOTS ( 'NONE', 3,
 ( #2579, #3839, #1061, #2318, #2601, #3229 ),
 .UNSPECIFIED., .F., .F.,
 ( 4, 2, 4 ),
 ( 0.01430365832768003600, 0.01494902234832595800, 0.01559438636897187700 ),
 .UNSPECIFIED. ) ;
#3327 = CARTESIAN_POINT ( 'NONE',  ( 3.637500000000000600, 1.249999999999999600, 0.7216878364870329400 ) ) ;
#3328 = ORIENTED_EDGE ( 'NONE', *, *, #2475, .T. ) ;
#3329 = DIRECTION ( 'NONE',  ( -1.000000000000000000, -0.0000000000000000000, -0.0000000000000000000 ) ) ;
#3330 = AXIS2_PLACEMENT_3D ( 'NONE', #2459, #1810, #32 ) ;
#3331 = CARTESIAN_POINT ( 'NONE',  ( 4.781250000000000000, -2.031460654743916600E-016, 1.105875672974062600 ) ) ;
#3332 = CARTESIAN_POINT ( 'NONE',  ( -4.518749999999998900, -0.4788582131113731700, 0.8294067547305438200 ) ) ;
#3333 = CARTESIAN_POINT ( 'NONE',  ( 3.262499999999999300, 6.771535515813055000E-017, -1.105875672974062600 ) ) ;
#3334 = VERTEX_POINT ( 'NONE', #1985 ) ;
#3335 = CARTESIAN_POINT ( 'NONE',  ( 2.362500000000000700, -2.651438096812267400E-016, 1.443375672974064300 ) ) ;
#3336 = CARTESIAN_POINT ( 'NONE',  ( 2.793749999999998800, -0.6250000000000005600, 1.082531754730548200 ) ) ;
#3337 = CARTESIAN_POINT ( 'NONE',  ( 3.768749999999998500, -1.250000000000000000, -1.530808498934191600E-016 ) ) ;
#3338 = CARTESIAN_POINT ( 'NONE',  ( 4.143749999999998900, -0.6250000000000005600, 1.082531754730548200 ) ) ;
#3339 = CARTESIAN_POINT ( 'NONE',  ( -2.961153810567667600, -0.3349364905389031800, 1.250000000000000000 ) ) ;
#3340 = CARTESIAN_POINT ( 'NONE',  ( -4.709164128936083500, 0.5310791520560249600, 0.9204843409992206100 ) ) ;
#3341 = DIRECTION ( 'NONE',  ( 0.0000000000000000000, 0.0000000000000000000, 1.000000000000000000 ) ) ;
#3342 = CARTESIAN_POINT ( 'NONE',  ( -2.718750000000001300, 0.6249999999999991100, -1.082531754730548900 ) ) ;
#3343 = CARTESIAN_POINT ( 'NONE',  ( 3.918750000000000200, -0.4788582131113756100, 0.8294067547305467000 ) ) ;
#3344 = CARTESIAN_POINT ( 'NONE',  ( -4.331249999999998900, -2.031460654743908500E-016, -1.105875672974058200 ) ) ;
#3345 = ORIENTED_EDGE ( 'NONE', *, *, #1916, .T. ) ;
#3346 = CARTESIAN_POINT ( 'NONE',  ( 3.149999999999999900, -0.9577164262227504400, -1.172864355864533500E-016 ) ) ;
#3347 = CARTESIAN_POINT ( 'NONE',  ( 1.200000000000000600, -0.6249999999999996700, -1.082531754730548400 ) ) ;
#3348 = EDGE_LOOP ( 'NONE', ( #2204, #1221, #2595, #3236 ) ) ;
#3349 = CARTESIAN_POINT ( 'NONE',  ( -3.581250000000001200, 1.249999999999999800, -0.7216878364870329400 ) ) ;
#3350 = CARTESIAN_POINT ( 'NONE',  ( -4.606916426222747800, 0.2292802083655066900, 0.9577164262260322600 ) ) ;
#3351 = CARTESIAN_POINT ( 'NONE',  ( -3.674999999999999400, -0.4788582131113730500, 0.8294067547305437000 ) ) ;
#3352 = CARTESIAN_POINT ( 'NONE',  ( 1.050000000000000300, 0.0000000000000000000, 0.0000000000000000000 ) ) ;
#3353 = B_SPLINE_CURVE_WITH_KNOTS ( 'NONE', 3,
 ( #3961, #1478, #874, #3622, #281, #2421 ),
 .UNSPECIFIED., .F., .F.,
 ( 4, 2, 4 ),
 ( 0.006161908894165850500, 0.006622301760165450300, 0.007082694626165049100 ),
 .UNSPECIFIED. ) ;
#3354 = ORIENTED_EDGE ( 'NONE', *, *, #245, .T. ) ;
#3355 = CARTESIAN_POINT ( 'NONE',  ( -3.393749999999999400, 0.4788582131113726700, -0.8294067547305441500 ) ) ;
#3356 = CARTESIAN_POINT ( 'NONE',  ( -4.720197309083616200, 0.6030815610117242800, 0.8883533541739869800 ) ) ;
#3357 = CARTESIAN_POINT ( 'NONE',  ( 4.275000000000000400, -1.250000000000000000, -1.530808498934191600E-016 ) ) ;
#3358 = LOCAL_TIME ( 20, 27, 44.00000000000000000, #1585 ) ;
#3359 = DIRECTION ( 'NONE',  ( -1.000000000000000000, -0.0000000000000000000, -0.0000000000000000000 ) ) ;
#3360 = EDGE_CURVE ( 'NONE', #1672, #748, #295, .T. ) ;
#3361 = CARTESIAN_POINT ( 'NONE',  ( 3.956249999999999800, -0.9577164262227506600, 0.5529378364870309900 ) ) ;
#3362 = CARTESIAN_POINT ( 'NONE',  ( -4.106249999999998400, 6.771535515813027900E-017, 1.105875672974058200 ) ) ;
#3363 = CARTESIAN_POINT ( 'NONE',  ( 3.637500000000000600, -0.9577164262227502200, -0.5529378364870316500 ) ) ;
#3364 = CARTESIAN_POINT ( 'NONE',  ( 4.781250000000000000, -2.031460654743916600E-016, 1.105875672974062600 ) ) ;
#3365 = CARTESIAN_POINT ( 'NONE',  ( -3.318750000000001400, -1.250000000000000000, 1.530808498934191600E-016 ) ) ;
#3366 = CARTESIAN_POINT ( 'NONE',  ( -2.887499999999999300, 0.9577164262227465500, 0.5529378364870289900 ) ) ;
#3367 = CARTESIAN_POINT ( 'NONE',  ( -2.190913067600483500, -0.9577164262227466600, -0.04183059368662137700 ) ) ;
#3368 = CARTESIAN_POINT ( 'NONE',  ( -4.950000000000000200, 1.593020556330876900E-016, -1.300800000000000000 ) ) ;
#3369 = VERTEX_POINT ( 'NONE', #2608 ) ;
#3370 = CARTESIAN_POINT ( 'NONE',  ( 4.181249999999998600, -1.250000000000000200, 0.7216878364870317200 ) ) ;
#3371 = CARTESIAN_POINT ( 'NONE',  ( -4.293749999999999300, 0.4788582131113726700, -0.8294067547305441500 ) ) ;
#3372 = EDGE_CURVE ( 'NONE', #345, #3111, #3383, .T. ) ;
#3373 = ADVANCED_FACE ( 'NONE', ( #2835 ), #1206, .F. ) ;
#3374 = CARTESIAN_POINT ( 'NONE',  ( 1.537500000000000500, -1.250000000000000200, 0.7216878364870317200 ) ) ;
#3375 = ORIENTED_EDGE ( 'NONE', *, *, #2396, .F. ) ;
#3376 = CARTESIAN_POINT ( 'NONE',  ( -3.618750000000001200, 0.6249999999999991100, -1.082531754730548900 ) ) ;
#3377 = CARTESIAN_POINT ( 'NONE',  ( -5.099999999999998800, 0.4788582131113733300, 0.8294067547305435900 ) ) ;
#3378 = ORIENTED_EDGE ( 'NONE', *, *, #3404, .T. ) ;
#3379 = CARTESIAN_POINT ( 'NONE',  ( -3.956249999999999800, -0.9577164262227467800, -0.5529378364870287700 ) ) ;
#3380 = EDGE_CURVE ( 'NONE', #544, #1900, #2693, .T. ) ;
#3381 = CARTESIAN_POINT ( 'NONE',  ( 0.0000000000000000000, 0.0000000000000000000, 0.0000000000000000000 ) ) ;
#3382 = ORIENTED_EDGE ( 'NONE', *, *, #2201, .T. ) ;
#3383 =( BOUNDED_CURVE ( )  B_SPLINE_CURVE ( 1, ( #2306, #222 ),
 .UNSPECIFIED., .F., .F. ) 
 B_SPLINE_CURVE_WITH_KNOTS ( ( 2, 2 ),
 ( 0.0000000000000000000, 1.000000000000000000 ),
 .UNSPECIFIED. ) 
 CURVE ( )  GEOMETRIC_REPRESENTATION_ITEM ( )  RATIONAL_B_SPLINE_CURVE ( ( 0.9788646970163241700, 0.9788646970163241700 ) ) 
 REPRESENTATION_ITEM ( '' )  );
#3384 = PRODUCT_DEFINITION ( 'UNKNOWN', '', #2712, #2413 ) ;
#3385 = CARTESIAN_POINT ( 'NONE',  ( 2.306249999999998600, -2.651438096812267400E-016, 1.443375672974064300 ) ) ;
#3386 = CARTESIAN_POINT ( 'NONE',  ( -3.712499999999999500, -2.651438096812266900E-016, -1.443375672974064100 ) ) ;
#3387 = CARTESIAN_POINT ( 'NONE',  ( 1.575000000000000000, 0.9577164262227504400, 0.0000000000000000000 ) ) ;
#3388 = FACE_OUTER_BOUND ( 'NONE', #3428, .T. ) ;
#3389 = CARTESIAN_POINT ( 'NONE',  ( 0.6375000000000008400, -1.250000000000000200, 0.7216878364870317200 ) ) ;
#3390 = CARTESIAN_POINT ( 'NONE',  ( -4.818750000000001400, 0.6250000000000001100, 1.082531754730548400 ) ) ;
#3391 = CARTESIAN_POINT ( 'NONE',  ( -4.987499999999998900, -0.9577164262227463300, 0.5529378364870293200 ) ) ;
#3392 = B_SPLINE_CURVE_WITH_KNOTS ( 'NONE', 3,
 ( #2984, #3607, #2074, #2994, #254, #265 ),
 .UNSPECIFIED., .F., .F.,
 ( 4, 2, 4 ),
 ( 0.001314652396222796700, 0.001969405109320636300, 0.002624157822418475600 ),
 .UNSPECIFIED. ) ;
#3393 = FACE_OUTER_BOUND ( 'NONE', #3636, .T. ) ;
#3394 = CARTESIAN_POINT ( 'NONE',  ( -3.731249999999999300, 0.9577164262227465500, 0.5529378364870289900 ) ) ;
#3395 = ADVANCED_FACE ( 'NONE', ( #2256 ), #3562, .F. ) ;
#3396 = DIRECTION ( 'NONE',  ( 1.000000000000000000, 0.0000000000000000000, -0.0000000000000000000 ) ) ;
#3397 = ORIENTED_EDGE ( 'NONE', *, *, #1359, .T. ) ;
#3398 = CARTESIAN_POINT ( 'NONE',  ( -2.049999999999998900, 0.0000000000000000000, 1.250000000000000000 ) ) ;
#3399 = CARTESIAN_POINT ( 'NONE',  ( 2.643749999999998900, 1.250000000000000000, 0.0000000000000000000 ) ) ;
#3400 = CARTESIAN_POINT ( 'NONE',  ( -4.124999999999999100, 0.6249999999999990000, -1.082531754730548600 ) ) ;
#3401 = CARTESIAN_POINT ( 'NONE',  ( 2.025000000000000400, 0.9577164262227504400, 0.0000000000000000000 ) ) ;
#3402 = ORIENTED_EDGE ( 'NONE', *, *, #1052, .F. ) ;
#3403 = CARTESIAN_POINT ( 'NONE',  ( 5.043749999999999300, 0.4788582131113753300, -0.8294067547305469200 ) ) ;
#3404 = EDGE_CURVE ( 'NONE', #234, #2345, #2554, .T. ) ;
#3405 = VECTOR ( 'NONE', #3185, 999.9999999999998900 ) ;
#3406 = CARTESIAN_POINT ( 'NONE',  ( -4.968750000000000900, 0.6249999999999991100, -1.082531754730548900 ) ) ;
#3407 = CARTESIAN_POINT ( 'NONE',  ( 3.356249999999998800, -1.250000000000000000, -0.7216878364870327200 ) ) ;
#3408 = CARTESIAN_POINT ( 'NONE',  ( -3.449999999999999300, 0.4788582131113725500, -0.8294067547305440400 ) ) ;
#3409 = CONICAL_SURFACE ( 'NONE', #2655, 0.9551764262227504500, 0.7853981633974510500 ) ;
#3410 = CARTESIAN_POINT ( 'NONE',  ( -3.993749999999999000, -0.9577164262227466600, 1.172864355864529100E-016 ) ) ;
#3411 = CARTESIAN_POINT ( 'NONE',  ( -3.468750000000001300, 0.6250000000000001100, 1.082531754730548400 ) ) ;
#3412 = CARTESIAN_POINT ( 'NONE',  ( 3.431249999999998600, 8.838126989374223500E-017, -1.443375672974064300 ) ) ;
#3413 = CARTESIAN_POINT ( 'NONE',  ( -4.349999999999999600, -0.6249999999999995600, 1.082531754730548400 ) ) ;
#3414 = CARTESIAN_POINT ( 'NONE',  ( 1.537500000000000300, 0.9577164262227504400, -0.5529378364870312100 ) ) ;
#3415 = ADVANCED_FACE ( 'NONE', ( #1116 ), #1530, .T. ) ;
#3416 = CARTESIAN_POINT ( 'NONE',  ( 1.781250000000000200, -0.9577164262227502200, -0.5529378364870316500 ) ) ;
#3417 = CARTESIAN_POINT ( 'NONE',  ( -2.868750000000001700, -1.250000000000000000, 1.530808498934191600E-016 ) ) ;
#3418 = CARTESIAN_POINT ( 'NONE',  ( 0.9601718489707987700, 0.8761050724297424500, -2.249999999999999600 ) ) ;
#3419 = CARTESIAN_POINT ( 'NONE',  ( -2.362499999999999400, 6.771535515813026700E-017, 1.105875672974058200 ) ) ;
#3420 = B_SPLINE_CURVE_WITH_KNOTS ( 'NONE', 3,
 ( #1685, #798, #478, #1107 ),
 .UNSPECIFIED., .F., .F.,
 ( 4, 4 ),
 ( 2.380746839934120000E-007, 0.001314652396222796200 ),
 .UNSPECIFIED. ) ;
#3421 = CARTESIAN_POINT ( 'NONE',  ( -4.749038105676774500, -1.299038105676829400, 2.249999999999999600 ) ) ;
#3422 = CARTESIAN_POINT ( 'NONE',  ( -3.543750000000001500, 1.250000000000000000, 0.0000000000000000000 ) ) ;
#3423 = EDGE_LOOP ( 'NONE', ( #3528, #3602, #2737, #3004 ) ) ;
#3424 = CARTESIAN_POINT ( 'NONE',  ( -4.012499999999998400, -0.9577164262227465500, -0.5529378364870287700 ) ) ;
#3425 = CARTESIAN_POINT ( 'NONE',  ( 3.506249999999999200, 1.250000000000000000, -0.7216878364870320500 ) ) ;
#3426 = CARTESIAN_POINT ( 'NONE',  ( -4.537500000000000500, 1.249999999999999600, -0.7216878364870328300 ) ) ;
#3427 = CARTESIAN_POINT ( 'NONE',  ( 2.137500000000000200, -2.031460654743916600E-016, 1.105875672974062600 ) ) ;
#3428 = EDGE_LOOP ( 'NONE', ( #776, #2687, #3161 ) ) ;
#3429 = AXIS2_PLACEMENT_3D ( 'NONE', #3521, #190, #1105 ) ;
#3430 = CARTESIAN_POINT ( 'NONE',  ( 3.318750000000000100, 0.9577164262227504400, 0.0000000000000000000 ) ) ;
#3431 = ORIENTED_EDGE ( 'NONE', *, *, #1838, .F. ) ;
#3432 = CARTESIAN_POINT ( 'NONE',  ( -3.787499999999999200, 0.9577164262227465500, 0.5529378364870289900 ) ) ;
#3433 = MECHANICAL_CONTEXT ( 'NONE', #3473, 'mechanical' ) ;
#3434 = CARTESIAN_POINT ( 'NONE',  ( -2.549999999999999400, 0.4788582131113725500, -0.8294067547305440400 ) ) ;
#3435 = DIRECTION ( 'NONE',  ( 0.0000000000000000000, 0.0000000000000000000, -1.000000000000000000 ) ) ;
#3436 = ORIENTED_EDGE ( 'NONE', *, *, #307, .F. ) ;
#3437 = CARTESIAN_POINT ( 'NONE',  ( 4.762500000000000200, -1.250000000000000000, -0.7216878364870325000 ) ) ;
#3438 = EDGE_CURVE ( 'NONE', #752, #1344, #3090, .T. ) ;
#3439 =( BOUNDED_SURFACE ( )  B_SPLINE_SURFACE ( 1, 2, ( 
 ( #612, #3661, #628, #309, #1860, #3704, #320, #3070, #3691, #3099, #3406, #2148, #53, #2761, #3390, #3715, #1830, #671, #644, #2178, #1249, #1818, #3677, #1846, #7, #1569, #3082, #347, #971, #657, #38, #2787, #2131, #3112, #2495, #956, #1237, #930, #27, #944, #2796, #2468, #2166, #1875, #2190, #2481, #3376, #3349, #3055, #1554, #67, #1541, #1222, #359, #3365, #1527, #333, #2513, #2809, #3729, #1319, #686, #3164, #401, #1047, #3463, #3417, #1620, #2871, #121, #1328, #1633, #3472, #3150, #2848, #1609, #107, #1012, #3770, #3138, #2244 ),
 ( #1307, #2860, #722, #412, #2822, #3783, #2219, #2537, #1935, #3447, #697, #3758, #1909, #2562, #1924, #2228, #1884, #1584, #2257, #1035, #133, #2547, #1280, #707, #426, #386, #1026, #2574, #735, #80, #2205, #2836, #374, #2525, #999, #3127, #1292, #3432, #1595, #3745, #1894, #92, #1974, #439, #1343, #455, #148, #1690, #3529, #160, #2897, #3516, #2923, #1096, #1961, #3834, #2272, #3213, #3543, #1660, #499, #469, #1990, #1083, #1645, #3498, #1674, #3486, #3223, #2910, #185, #788, #483, #3821, #2611, #3799, #804, #2311, #774, #1071, #2587 ) ),
 .UNSPECIFIED., .F., .F., .F. ) 
 B_SPLINE_SURFACE_WITH_KNOTS ( ( 2, 2 ),
 ( 3, 2, 2, 2, 2, 2, 2, 2, 2, 2, 2, 2, 2, 2, 2, 2, 2, 2, 2, 2, 2, 2, 2, 2, 2, 2, 2, 2, 2, 2, 2, 2, 2, 2, 2, 2, 2, 2, 2, 2, 3 ),
 ( 0.0000000000000000000, 1.000000000000000000 ),
 ( 0.0000000000000000000, 0.02380952380952380800, 0.04761904761904761600, 0.07142857142857142500, 0.09523809523809523300, 0.1190476190476190400, 0.1428571428571428500, 0.1666666666666666600, 0.1904761904761904700, 0.2142857142857142700, 0.2380952380952380800, 0.2619047619047619200, 0.2857142857142857000, 0.3095238095238095300, 0.3333333333333333100, 0.3571428571428571500, 0.3809523809523809300, 0.4047619047619047700, 0.4285714285714285500, 0.4523809523809523800, 0.4761904761904761600, 0.5000000000000000000, 0.5238095238095238400, 0.5476190476190476700, 0.5714285714285714000, 0.5952380952380952300, 0.6190476190476190700, 0.6428571428571429000, 0.6666666666666666300, 0.6904761904761904700, 0.7142857142857143000, 0.7380952380952381400, 0.7619047619047618600, 0.7857142857142857000, 0.8095238095238095300, 0.8333333333333333700, 0.8571428571428571000, 0.8809523809523809300, 0.9047619047619047700, 0.9285714285714286000, 0.9306269304745330400 ),
 .UNSPECIFIED. ) 
 GEOMETRIC_REPRESENTATION_ITEM ( )  RATIONAL_B_SPLINE_SURFACE ( (
 ( 1.000000000000000000, 0.8660254037844387100, 1.000000000000000000, 0.8660254037844387100, 1.000000000000000000, 0.8660254037844387100, 1.000000000000000000, 0.8660254037844387100, 1.000000000000000000, 0.8660254037844387100, 1.000000000000000000, 0.8660254037844387100, 1.000000000000000000, 0.8660254037844387100, 1.000000000000000000, 0.8660254037844387100, 1.000000000000000000, 0.8660254037844387100, 1.000000000000000000, 0.8660254037844387100, 1.000000000000000000, 0.8660254037844387100, 1.000000000000000000, 0.8660254037844387100, 1.000000000000000000, 0.8660254037844387100, 1.000000000000000000, 0.8660254037844387100, 1.000000000000000000, 0.8660254037844387100, 1.000000000000000000, 0.8660254037844387100, 1.000000000000000000, 0.8660254037844387100, 1.000000000000000000, 0.8660254037844387100, 1.000000000000000000, 0.8660254037844387100, 1.000000000000000000, 0.8660254037844387100, 1.000000000000000000, 0.8660254037844387100, 1.000000000000000000, 0.8660254037844387100, 1.000000000000000000, 0.8660254037844387100, 1.000000000000000000, 0.8660254037844387100, 1.000000000000000000, 0.8660254037844387100, 1.000000000000000000, 0.8660254037844387100, 1.000000000000000000, 0.8660254037844387100, 1.000000000000000000, 0.8660254037844387100, 1.000000000000000000, 0.8660254037844387100, 1.000000000000000000, 0.8660254037844387100, 1.000000000000000000, 0.8660254037844387100, 1.000000000000000000, 0.8660254037844387100, 1.000000000000000000, 0.8660254037844387100, 1.000000000000000000, 0.8660254037844387100, 1.000000000000000000, 0.8660254037844387100, 1.000000000000000000, 0.8660254037844387100, 1.000000000000000000, 0.8660254037844387100, 1.000000000000000000, 0.8660254037844387100, 1.000000000000000000, 0.8660254037844387100, 1.000000000000000000, 0.9884338284254730000, 0.9788646970163241700),
 ( 1.000000000000000000, 0.8660254037844387100, 1.000000000000000000, 0.8660254037844387100, 1.000000000000000000, 0.8660254037844387100, 1.000000000000000000, 0.8660254037844387100, 1.000000000000000000, 0.8660254037844387100, 1.000000000000000000, 0.8660254037844387100, 1.000000000000000000, 0.8660254037844387100, 1.000000000000000000, 0.8660254037844387100, 1.000000000000000000, 0.8660254037844387100, 1.000000000000000000, 0.8660254037844387100, 1.000000000000000000, 0.8660254037844387100, 1.000000000000000000, 0.8660254037844387100, 1.000000000000000000, 0.8660254037844387100, 1.000000000000000000, 0.8660254037844387100, 1.000000000000000000, 0.8660254037844387100, 1.000000000000000000, 0.8660254037844387100, 1.000000000000000000, 0.8660254037844387100, 1.000000000000000000, 0.8660254037844387100, 1.000000000000000000, 0.8660254037844387100, 1.000000000000000000, 0.8660254037844387100, 1.000000000000000000, 0.8660254037844387100, 1.000000000000000000, 0.8660254037844387100, 1.000000000000000000, 0.8660254037844387100, 1.000000000000000000, 0.8660254037844387100, 1.000000000000000000, 0.8660254037844387100, 1.000000000000000000, 0.8660254037844387100, 1.000000000000000000, 0.8660254037844387100, 1.000000000000000000, 0.8660254037844387100, 1.000000000000000000, 0.8660254037844387100, 1.000000000000000000, 0.8660254037844387100, 1.000000000000000000, 0.8660254037844387100, 1.000000000000000000, 0.8660254037844387100, 1.000000000000000000, 0.8660254037844387100, 1.000000000000000000, 0.8660254037844387100, 1.000000000000000000, 0.8660254037844387100, 1.000000000000000000, 0.8660254037844387100, 1.000000000000000000, 0.8660254037844387100, 1.000000000000000000, 0.8660254037844387100, 1.000000000000000000, 0.8660254037844387100, 1.000000000000000000, 0.9884338284254730000, 0.9788646970163241700) ) ) 
 REPRESENTATION_ITEM ( '' )  SURFACE ( )  );
#3440 = ADVANCED_FACE ( 'NONE', ( #3453 ), #3895, .F. ) ;
#3441 = CARTESIAN_POINT ( 'NONE',  ( -3.674999999999999400, -0.4788582131113730500, 0.8294067547305437000 ) ) ;
#3442 = CARTESIAN_POINT ( 'NONE',  ( 2.137500000000000600, 1.743066579297358300E-016, -1.250000000000000000 ) ) ;
#3443 = CARTESIAN_POINT ( 'NONE',  ( -3.674999999999999400, 0.6249999999999990000, -1.082531754730548600 ) ) ;
#3444 = CARTESIAN_POINT ( 'NONE',  ( 2.662500000000000100, -0.9577164262227506600, 0.5529378364870309900 ) ) ;
#3445 = CARTESIAN_POINT ( 'NONE',  ( 1.556250000000000400, 0.9577164262227499900, 0.5529378364870317600 ) ) ;
#3446 = ORIENTED_EDGE ( 'NONE', *, *, #3200, .F. ) ;
#3447 = CARTESIAN_POINT ( 'NONE',  ( -4.837499999999998600, -2.031460654743907800E-016, -1.105875672974058200 ) ) ;
#3448 = APPLICATION_PROTOCOL_DEFINITION ( 'international standard', 'config_control_design', 1994, #3473 ) ;
#3449 = CARTESIAN_POINT ( 'NONE',  ( -5.118749999999999500, 0.9577164262227466600, 0.0000000000000000000 ) ) ;
#3450 = DIRECTION ( 'NONE',  ( 0.0000000000000000000, 0.0000000000000000000, 1.000000000000000000 ) ) ;
#3451 = ORIENTED_EDGE ( 'NONE', *, *, #2631, .T. ) ;
#3452 = CARTESIAN_POINT ( 'NONE',  ( 4.481249999999999300, 1.249999999999999800, 0.7216878364870329400 ) ) ;
#3453 = FACE_OUTER_BOUND ( 'NONE', #3836, .T. ) ;
#3454 = EDGE_CURVE ( 'NONE', #927, #61, #2359, .T. ) ;
#3455 = ORIENTED_EDGE ( 'NONE', *, *, #1245, .F. ) ;
#3456 = CARTESIAN_POINT ( 'NONE',  ( -3.749999999999999100, 0.4788582131113733300, 0.8294067547305435900 ) ) ;
#3457 = CARTESIAN_POINT ( 'NONE',  ( -2.812500000000000000, -2.651438096812266900E-016, -1.443375672974064100 ) ) ;
#3458 = DIRECTION ( 'NONE',  ( 0.0000000000000000000, 0.0000000000000000000, -1.000000000000000000 ) ) ;
#3459 = FACE_OUTER_BOUND ( 'NONE', #1295, .T. ) ;
#3460 = LINE ( 'NONE', #2281, #2109 ) ;
#3461 = ADVANCED_FACE ( 'NONE', ( #219 ), #3649, .T. ) ;
#3462 = CARTESIAN_POINT ( 'NONE',  ( 3.543750000000000200, -0.9577164262227504400, -1.172864355864533500E-016 ) ) ;
#3463 = CARTESIAN_POINT ( 'NONE',  ( -2.906250000000001300, -1.250000000000000000, 0.7216878364870325000 ) ) ;
#3464 = CARTESIAN_POINT ( 'NONE',  ( -2.437499999999998700, 0.9577164262227465500, 0.5529378364870289900 ) ) ;
#3465 = EDGE_CURVE ( 'NONE', #3281, #345, #1665, .T. ) ;
#3466 = CARTESIAN_POINT ( 'NONE',  ( 4.500000000000000900, 1.250000000000000000, 0.0000000000000000000 ) ) ;
#3467 = AXIS2_PLACEMENT_3D ( 'NONE', #1506, #313, #3653 ) ;
#3468 =( BOUNDED_CURVE ( )  B_SPLINE_CURVE ( 2, ( #2402, #3339, #3924, #567, #3951, #2425, #2993, #580, #3290 ),
 .UNSPECIFIED., .F., .F. ) 
 B_SPLINE_CURVE_WITH_KNOTS ( ( 3, 2, 2, 2, 3 ),
 ( 0.7500000000000000000, 0.7619047619047618600, 0.7857142857142857000, 0.8095238095238095300, 0.8214285714285715100 ),
 .UNSPECIFIED. ) 
 CURVE ( )  GEOMETRIC_REPRESENTATION_ITEM ( )  RATIONAL_B_SPLINE_CURVE ( ( 0.9330127018922194100, 0.9330127018922194100, 1.000000000000000000, 0.8660254037844387100, 1.000000000000000000, 0.8660254037844387100, 1.000000000000000000, 0.9330127018922189700, 0.9330127018922193000 ) ) 
 REPRESENTATION_ITEM ( '' )  );
#3469 = CARTESIAN_POINT ( 'NONE',  ( 1.481249999999999100, -1.250000000000000200, 0.7216878364870317200 ) ) ;
#3470 = CARTESIAN_POINT ( 'NONE',  ( 4.837499999999998600, -2.031460654743916600E-016, 1.105875672974062600 ) ) ;
#3471 = CARTESIAN_POINT ( 'NONE',  ( 3.918750000000000200, -0.4788582131113756100, 0.8294067547305467000 ) ) ;
#3472 = CARTESIAN_POINT ( 'NONE',  ( -2.643750000000001600, 1.250000000000000000, 0.0000000000000000000 ) ) ;
#3473 = APPLICATION_CONTEXT ( 'configuration controlled 3d designs of mechanical parts and assemblies' ) ;
#3474 = CARTESIAN_POINT ( 'NONE',  ( -3.618749999999999500, -0.4788582131113731700, 0.8294067547305438200 ) ) ;
#3475 = CARTESIAN_POINT ( 'NONE',  ( 1.162500000000000300, 0.9577164262227499900, 0.5529378364870317600 ) ) ;
#3476 = ORIENTED_EDGE ( 'NONE', *, *, #2183, .F. ) ;
#3477 = DIRECTION ( 'NONE',  ( 1.000000000000000000, 0.0000000000000000000, 0.0000000000000000000 ) ) ;
#3478 = DIRECTION ( 'NONE',  ( 0.0000000000000000000, 0.0000000000000000000, -1.000000000000000000 ) ) ;
#3479 = ADVANCED_FACE ( 'NONE', ( #1820 ), #3744, .T. ) ;
#3480 = ORIENTED_EDGE ( 'NONE', *, *, #751, .F. ) ;
#3481 = CARTESIAN_POINT ( 'NONE',  ( 1.968749999999999100, -1.250000000000000000, -1.530808498934191600E-016 ) ) ;
#3482 = CARTESIAN_POINT ( 'NONE',  ( -3.411153810567667300, -0.3349364905389046700, 1.249999999999999600 ) ) ;
#3483 = AXIS2_PLACEMENT_3D ( 'NONE', #1045, #2610, #1689 ) ;
#3484 = ORIENTED_EDGE ( 'NONE', *, *, #641, .F. ) ;
#3485 = CARTESIAN_POINT ( 'NONE',  ( -2.832600059119821300, -0.3350009853303531600, -1.249962763914795200 ) ) ;
#3486 = CARTESIAN_POINT ( 'NONE',  ( -2.662499999999998800, -0.9577164262227466600, -0.5529378364870287700 ) ) ;
#3487 = CARTESIAN_POINT ( 'NONE',  ( -4.762499999999999300, -1.249999999999999600, 0.7216878364870325000 ) ) ;
#3488 = CARTESIAN_POINT ( 'NONE',  ( 4.818749999999998800, 0.6250000000000001100, -1.082531754730548400 ) ) ;
#3489 = LINE ( 'NONE', #3398, #246 ) ;
#3490 = CARTESIAN_POINT ( 'NONE',  ( -2.049999999999998900, 0.0000000000000000000, 0.0000000000000000000 ) ) ;
#3491 = CARTESIAN_POINT ( 'NONE',  ( 2.400000000000000400, 0.4788582131113753300, -0.8294067547305469200 ) ) ;
#3492 = EDGE_CURVE ( 'NONE', #3186, #2991, #3752, .T. ) ;
#3493 = CARTESIAN_POINT ( 'NONE',  ( 4.462500000000000400, -0.9577164262227506600, 0.5529378364870309900 ) ) ;
#3494 = APPROVAL ( #402, 'UNSPECIFIED' ) ;
#3495 = CARTESIAN_POINT ( 'NONE',  ( 4.536153810567664200, 0.3349364905389027300, 1.250000000000000000 ) ) ;
#3496 = DIRECTION ( 'NONE',  ( 1.000000000000000000, 0.0000000000000000000, 0.0000000000000000000 ) ) ;
#3497 = ORIENTED_EDGE ( 'NONE', *, *, #3227, .T. ) ;
#3498 = CARTESIAN_POINT ( 'NONE',  ( -2.737499999999998900, -0.9577164262227463300, 0.5529378364870293200 ) ) ;
#3499 = CARTESIAN_POINT ( 'NONE',  ( -3.562500000000000400, 1.250000000000000000, 0.7216878364870319400 ) ) ;
#3500 = ORIENTED_EDGE ( 'NONE', *, *, #824, .T. ) ;
#3501 = CARTESIAN_POINT ( 'NONE',  ( -4.612499275441576800, 4.702761941901257800E-008, -1.249999999999998400 ) ) ;
#3502 = CARTESIAN_POINT ( 'NONE',  ( 1.987500000000000000, 0.9577164262227504400, -0.5529378364870312100 ) ) ;
#3503 = CARTESIAN_POINT ( 'NONE',  ( -4.896416395303668300, 1.250000000000000200, -0.05131480154458521000 ) ) ;
#3504 = FACE_OUTER_BOUND ( 'NONE', #2098, .T. ) ;
#3505 = CARTESIAN_POINT ( 'NONE',  ( 3.656250000000000000, 6.771535515813055000E-017, -1.105875672974062600 ) ) ;
#3506 = PERSON_AND_ORGANIZATION ( #1999, #687 ) ;
#3507 = EDGE_CURVE ( 'NONE', #970, #3254, #3163, .T. ) ;
#3508 = CARTESIAN_POINT ( 'NONE',  ( -2.587499999999999000, -2.031460654743908000E-016, -1.105875672974058000 ) ) ;
#3509 = CIRCLE ( 'NONE', #2624, 2.249999999999999600 ) ;
#3510 = CARTESIAN_POINT ( 'NONE',  ( -4.950000000000000200, 0.0000000000000000000, -2.250000000000000000 ) ) ;
#3511 = CARTESIAN_POINT ( 'NONE',  ( -2.324999999999999700, 0.6249999999999990000, -1.082531754730548600 ) ) ;
#3512 = CARTESIAN_POINT ( 'NONE',  ( 0.8490381056766590500, 1.299038105676659800, -2.249999999999999600 ) ) ;
#3513 = CARTESIAN_POINT ( 'NONE',  ( 4.200000000000000200, 0.4788582131113753300, -0.8294067547305469200 ) ) ;
#3514 =( BOUNDED_CURVE ( )  B_SPLINE_CURVE ( 2, ( #3776, #3157, #1889, #1600, #1615, #1590, #1336, #1928, #85, #1942, #714, #1040, #2212, #1298, #433, #2879, #1053, #3424, #128, #1917, #701, #378, #1901, #2530, #3456, #1006, #3441, #2238, #1640, #3753, #2864, #99, #394, #3762, #2223, #2843, #2852, #3143, #1314, #404, #3793, #2593, #1104, #2304, #2946, #3219, #1350, #1389, #813, #1998, #3232, #3551, #1403, #1091, #2932, #3508, #509, #1708, #1969, #3535, #2905, #2605, #1696, #169, #3843, #192, #1077 ),
 .UNSPECIFIED., .F., .F. ) 
 B_SPLINE_CURVE_WITH_KNOTS ( ( 3, 2, 2, 2, 2, 2, 2, 2, 2, 2, 2, 2, 2, 2, 2, 2, 2, 2, 2, 2, 2, 2, 2, 2, 2, 2, 2, 2, 2, 2, 2, 2, 2, 3 ),
 ( 0.1936625134016147800, 0.2046751326861655500, 0.2302595242719356600, 0.2558439158577057700, 0.2814283074434758600, 0.3070126990292459400, 0.3325970906150160800, 0.3581814822007861600, 0.3837658737865562400, 0.4093502653723263300, 0.4349346569580964700, 0.4605190485438665500, 0.4861034401296366300, 0.5116878317154067700, 0.5372722233011768500, 0.5628566148869469400, 0.5884410064727170200, 0.6140253980584871000, 0.6396097896442571900, 0.6651941812300273800, 0.6907785728157975800, 0.7163629644015675500, 0.7419473559873377400, 0.7675317475731077100, 0.7931161391588779100, 0.8187005307446478800, 0.8442849223304179600, 0.8698693139161881600, 0.8954537055019581300, 0.9210380970877282100, 0.9466224886734984100, 0.9722068802592684900, 0.9977912718450386900, 1.000000000000000000 ),
 .UNSPECIFIED. ) 
 CURVE ( )  GEOMETRIC_REPRESENTATION_ITEM ( )  RATIONAL_B_SPLINE_CURVE ( ( 0.9343090916568122000, 0.9423315885008573000, 1.000000000000000000, 0.8660254037844387100, 1.000000000000000000, 0.8660254037844387100, 1.000000000000000000, 0.8660254037844387100, 1.000000000000000000, 0.8660254037844387100, 1.000000000000000000, 0.8660254037844387100, 1.000000000000000000, 0.8660254037844387100, 1.000000000000000000, 0.8660254037844387100, 1.000000000000000000, 0.8660254037844387100, 1.000000000000000000, 0.8660254037844387100, 1.000000000000000000, 0.8660254037844387100, 1.000000000000000000, 0.8660254037844387100, 1.000000000000000000, 0.8660254037844387100, 1.000000000000000000, 0.8660254037844387100, 1.000000000000000000, 0.8660254037844387100, 1.000000000000000000, 0.8660254037844387100, 1.000000000000000000, 0.8660254037844387100, 1.000000000000000000, 0.8660254037844387100, 1.000000000000000000, 0.8660254037844387100, 1.000000000000000000, 0.8660254037844387100, 1.000000000000000000, 0.8660254037844387100, 1.000000000000000000, 0.8660254037844387100, 1.000000000000000000, 0.8660254037844387100, 1.000000000000000000, 0.8660254037844387100, 1.000000000000000000, 0.8660254037844387100, 1.000000000000000000, 0.8660254037844387100, 1.000000000000000000, 0.8660254037844387100, 1.000000000000000000, 0.8660254037844387100, 1.000000000000000000, 0.8660254037844387100, 1.000000000000000000, 0.8660254037844387100, 1.000000000000000000, 0.8660254037844387100, 1.000000000000000000, 0.8660254037844387100, 1.000000000000000000, 0.9884338284254730000, 0.9788646970163241700 ) ) 
 REPRESENTATION_ITEM ( '' )  );
#3515 = CARTESIAN_POINT ( 'NONE',  ( 0.7687500000000003800, -0.4788582131113756100, 0.8294067547305467000 ) ) ;
#3516 = CARTESIAN_POINT ( 'NONE',  ( -3.262499999999998800, 6.771535515813026700E-017, 1.105875672974058200 ) ) ;
#3517 = CARTESIAN_POINT ( 'NONE',  ( 2.756249999999998800, 3.921899803419055800E-015, 1.250000000000000000 ) ) ;
#3518 = CARTESIAN_POINT ( 'NONE',  ( -2.493749999999999500, 0.4788582131113726700, -0.8294067547305441500 ) ) ;
#3519 = CARTESIAN_POINT ( 'NONE',  ( 4.931249999999998600, 1.249999999999999800, 0.7216878364870329400 ) ) ;
#3520 = DIRECTION ( 'NONE',  ( 0.0000000000000000000, 0.0000000000000000000, 1.000000000000000000 ) ) ;
#3521 = CARTESIAN_POINT ( 'NONE',  ( -4.950000000000000200, 0.0000000000000000000, 0.0000000000000000000 ) ) ;
#3522 = CARTESIAN_POINT ( 'NONE',  ( 3.975000000000000100, -0.4788582131113756100, 0.8294067547305467000 ) ) ;
#3523 = DIRECTION ( 'NONE',  ( -1.000000000000000000, -0.0000000000000000000, -0.0000000000000000000 ) ) ;
#3524 = CARTESIAN_POINT ( 'NONE',  ( -4.950000000000000200, 0.0000000000000000000, 1.300800000000000000 ) ) ;
#3525 = CARTESIAN_POINT ( 'NONE',  ( -4.606916426222749500, -0.04752387726356203200, 0.9568336721954786600 ) ) ;
#3526 = EDGE_LOOP ( 'NONE', ( #70, #2250, #2858, #3302, #3098 ) ) ;
#3527 = CARTESIAN_POINT ( 'NONE',  ( 1.143750000000000700, 0.4788582131113745000, 0.8294067547305473700 ) ) ;
#3528 = ORIENTED_EDGE ( 'NONE', *, *, #1562, .F. ) ;
#3529 = CARTESIAN_POINT ( 'NONE',  ( -3.374999999999999100, 0.9577164262227465500, 0.0000000000000000000 ) ) ;
#3530 = CARTESIAN_POINT ( 'NONE',  ( 5.081249999999998000, -1.250000000000000200, 0.7216878364870317200 ) ) ;
#3531 = CARTESIAN_POINT ( 'NONE',  ( -4.950000000000000200, 0.0000000000000000000, 0.0000000000000000000 ) ) ;
#3532 = CARTESIAN_POINT ( 'NONE',  ( -4.899200000000001300, 1.245793954082218700, -0.1024569371599207400 ) ) ;
#3533 = CARTESIAN_POINT ( 'NONE',  ( 4.818750000000000500, -0.4788582131113756100, 0.8294067547305467000 ) ) ;
#3534 = ORIENTED_EDGE ( 'NONE', *, *, #1809, .T. ) ;
#3535 = CARTESIAN_POINT ( 'NONE',  ( -2.437499999999998700, 0.9577164262227465500, 0.5529378364870288800 ) ) ;
#3536 = CARTESIAN_POINT ( 'NONE',  ( -3.711426243607918200, 6.564856486586361600E-005, -1.249999996725117900 ) ) ;
#3537 = CARTESIAN_POINT ( 'NONE',  ( 1.918382729840870000, 1.041868571852496900, -0.07931136255823395500 ) ) ;
#3538 = CARTESIAN_POINT ( 'NONE',  ( -3.001346189432335900, 0.3349364905389034500, 1.250000000000000000 ) ) ;
#3539 = AXIS2_PLACEMENT_3D ( 'NONE', #1410, #1162, #1152 ) ;
#3540 = ADVANCED_FACE ( 'NONE', ( #2840, #3065 ), #2155, .T. ) ;
#3541 = CARTESIAN_POINT ( 'NONE',  ( -4.931072655435217600, -0.4380965593092924200, -2.249999999999999600 ) ) ;
#3542 = LINE ( 'NONE', #1887, #717 ) ;
#3543 = CARTESIAN_POINT ( 'NONE',  ( -2.999999999999999100, 0.4788582131113725500, -0.8294067547305440400 ) ) ;
#3544 = CARTESIAN_POINT ( 'NONE',  ( 1.050000000000000500, 1.530808498934191600E-016, 1.250000000000000000 ) ) ;
#3545 = CARTESIAN_POINT ( 'NONE',  ( -2.981249999999999300, -2.031460654743908500E-016, -1.105875672974058200 ) ) ;
#3546 = CARTESIAN_POINT ( 'NONE',  ( 4.012500000000000200, 1.250000000000000000, -0.7216878364870320500 ) ) ;
#3547 = ORIENTED_EDGE ( 'NONE', *, *, #3589, .T. ) ;
#3548 = CARTESIAN_POINT ( 'NONE',  ( -4.781250000000002700, -5.810221930991195700E-016, 1.250000000000000000 ) ) ;
#3549 = CARTESIAN_POINT ( 'NONE',  ( 2.212499999999999900, -0.9577164262227506600, 0.5529378364870309900 ) ) ;
#3550 = ORIENTED_EDGE ( 'NONE', *, *, #848, .T. ) ;
#3551 = CARTESIAN_POINT ( 'NONE',  ( -2.737499999999998900, -0.9577164262227463300, 0.5529378364870293200 ) ) ;
#3552 = CARTESIAN_POINT ( 'NONE',  ( 2.531250000000000000, -2.031460654743916600E-016, 1.105875672974062600 ) ) ;
#3553 = CARTESIAN_POINT ( 'NONE',  ( 1.840040000000000300, -0.3320098115452683200, -0.9074056071957513600 ) ) ;
#3554 = CARTESIAN_POINT ( 'NONE',  ( 1.856974362820864400, 0.1355373915955963800, -0.9746507890436151300 ) ) ;
#3555 = CARTESIAN_POINT ( 'NONE',  ( 2.033942666681576700, 0.1429200144276479800, -1.151619092904202900 ) ) ;
#3556 = VECTOR ( 'NONE', #1067, 1000.000000000000000 ) ;
#3557 = ORIENTED_EDGE ( 'NONE', *, *, #418, .F. ) ;
#3558 = CARTESIAN_POINT ( 'NONE',  ( 1.915222574571842300, -0.5612831221887294400, -0.8715490428524472800 ) ) ;
#3559 = CARTESIAN_POINT ( 'NONE',  ( -4.781250000000002700, -5.810221930991195700E-016, 1.250000000000000000 ) ) ;
#3560 = VECTOR ( 'NONE', #2351, 1000.000000000000000 ) ;
#3561 = CARTESIAN_POINT ( 'NONE',  ( 1.818750000000000500, -0.4788582131113750000, -0.8294067547305470400 ) ) ;
#3562 = CYLINDRICAL_SURFACE ( 'NONE', #810, 1.250000000000000000 ) ;
#3563 = CARTESIAN_POINT ( 'NONE',  ( 4.125000000000000000, 0.6249999999999991100, 1.082531754730548900 ) ) ;
#3564 = CARTESIAN_POINT ( 'NONE',  ( -2.437499999999999600, -1.250000000000000000, -0.7216878364870316100 ) ) ;
#3565 = CARTESIAN_POINT ( 'NONE',  ( 3.093750000000000000, -0.9577164262227504400, -1.172864355864533500E-016 ) ) ;
#3566 = CARTESIAN_POINT ( 'NONE',  ( 2.774999999999999900, -0.4788582131113750000, -0.8294067547305470400 ) ) ;
#3567 = CARTESIAN_POINT ( 'NONE',  ( -4.645940763313805500, 1.017654452958918400, 0.01853017176428459500 ) ) ;
#3568 = DIRECTION ( 'NONE',  ( 0.0000000000000000000, 0.0000000000000000000, -1.000000000000000000 ) ) ;
#3569 =( BOUNDED_CURVE ( )  B_SPLINE_CURVE ( 2, ( #2895, #1972, #2036, #2307, #3830, #2609, #799, #1407, #3877 ),
 .UNSPECIFIED., .F., .F. ) 
 B_SPLINE_CURVE_WITH_KNOTS ( ( 3, 2, 2, 2, 3 ),
 ( 0.2750000000000000200, 0.2833333333333333300, 0.2999999999999999900, 0.3166666666666666500, 0.3250000000000000100 ),
 .UNSPECIFIED. ) 
 CURVE ( )  GEOMETRIC_REPRESENTATION_ITEM ( )  RATIONAL_B_SPLINE_CURVE ( ( 0.9330127018922194100, 0.9330127018922196300, 1.000000000000000000, 0.8660254037844387100, 1.000000000000000000, 0.8660254037844387100, 1.000000000000000000, 0.9330127018922191900, 0.9330127018922194100 ) ) 
 REPRESENTATION_ITEM ( '' )  );
#3570 = CARTESIAN_POINT ( 'NONE',  ( -3.299999999999999800, -0.6250000000000004400, -1.082531754730548000 ) ) ;
#3571 = CARTESIAN_POINT ( 'NONE',  ( 3.562500000000000400, -0.9577164262227506600, 0.5529378364870309900 ) ) ;
#3572 = CARTESIAN_POINT ( 'NONE',  ( 2.120753277141796300, -0.3896487084294021900, -1.214432536149096200 ) ) ;
#3573 = CARTESIAN_POINT ( 'NONE',  ( -4.163441508725433900, -5.850857628369144400E-005, -1.249999997479445800 ) ) ;
#3574 = CARTESIAN_POINT ( 'NONE',  ( 2.156250000000000000, -0.9577164262227506600, 0.5529378364870309900 ) ) ;
#3575 = CARTESIAN_POINT ( 'NONE',  ( 2.325000000000000600, 0.6249999999999991100, 1.082531754730548900 ) ) ;
#3576 = EDGE_CURVE ( 'NONE', #168, #3111, #975, .T. ) ;
#3577 = VERTEX_POINT ( 'NONE', #1256 ) ;
#3578 = CARTESIAN_POINT ( 'NONE',  ( 3.262499999999999300, 6.771535515813055000E-017, -1.105875672974062600 ) ) ;
#3579 = CARTESIAN_POINT ( 'NONE',  ( 2.567403810567666400, -0.3349364905389031800, -1.250000000000000000 ) ) ;
#3580 = CARTESIAN_POINT ( 'NONE',  ( -4.556250000000000400, -4.938688641342514700E-016, -1.250000000000000000 ) ) ;
#3581 = CARTESIAN_POINT ( 'NONE',  ( 1.837500000000000600, 1.169753752994699200E-016, 0.9551764262227504500 ) ) ;
#3582 = CARTESIAN_POINT ( 'NONE',  ( 3.037500000000000100, -2.031460654743916600E-016, 1.105875672974062600 ) ) ;
#3583 = ORIENTED_EDGE ( 'NONE', *, *, #1245, .T. ) ;
#3584 = CARTESIAN_POINT ( 'NONE',  ( 2.017515525978082800, -0.5855137814848323500, 0.9841490449089842500 ) ) ;
#3585 = CARTESIAN_POINT ( 'NONE',  ( 1.954827998209635300, -0.3463419213384181800, -1.030212376155806600 ) ) ;
#3586 = CARTESIAN_POINT ( 'NONE',  ( -4.968749999999999100, -0.4788582131113731700, 0.8294067547305438200 ) ) ;
#3587 = CARTESIAN_POINT ( 'NONE',  ( 1.856250000000000000, 6.771535515813055000E-017, -1.105875672974062600 ) ) ;
#3588 = ORIENTED_EDGE ( 'NONE', *, *, #991, .F. ) ;
#3589 = EDGE_CURVE ( 'NONE', #1900, #2424, #261, .T. ) ;
#3590 = CARTESIAN_POINT ( 'NONE',  ( 3.412500000000000100, 0.9577164262227499900, 0.5529378364870317600 ) ) ;
#3591 = CARTESIAN_POINT ( 'NONE',  ( 1.968750000000000400, 0.9577164262227504400, 0.0000000000000000000 ) ) ;
#3592 = DIRECTION ( 'NONE',  ( 0.0000000000000000000, 0.0000000000000000000, -1.000000000000000000 ) ) ;
#3593 = CARTESIAN_POINT ( 'NONE',  ( -3.768750000000001200, -1.250000000000000000, 1.530808498934191600E-016 ) ) ;
#3594 = DIRECTION ( 'NONE',  ( 1.000000000000000000, 0.0000000000000000000, 0.0000000000000000000 ) ) ;
#3595 = AXIS2_PLACEMENT_3D ( 'NONE', #2936, #1405, #477 ) ;
#3596 = CARTESIAN_POINT ( 'NONE',  ( 3.262499999999999300, 6.771535515813055000E-017, -1.105875672974062600 ) ) ;
#3597 = CONICAL_SURFACE ( 'NONE', #3429, 2.250000000000000000, 1.047197551196600100 ) ;
#3598 = CARTESIAN_POINT ( 'NONE',  ( -4.809691379130743600, 1.088929003140970600, 2.250000000000000400 ) ) ;
#3599 = EDGE_CURVE ( 'NONE', #154, #1226, #1958, .T. ) ;
#3600 = EDGE_LOOP ( 'NONE', ( #98, #1193, #3911 ) ) ;
#3601 = CARTESIAN_POINT ( 'NONE',  ( 2.868750000000000400, 0.9577164262227504400, 0.0000000000000000000 ) ) ;
#3602 = ORIENTED_EDGE ( 'NONE', *, *, #3154, .F. ) ;
#3603 = CARTESIAN_POINT ( 'NONE',  ( -4.031250000000001800, 1.249999999999999600, -0.7216878364870329400 ) ) ;
#3604 = CARTESIAN_POINT ( 'NONE',  ( -2.382598725923612500, -0.3349787653935485900, -1.249975592601290800 ) ) ;
#3605 = APPROVAL_PERSON_ORGANIZATION ( #127, #2419, #3165 ) ;
#3606 = CARTESIAN_POINT ( 'NONE',  ( -4.256249999999999600, 0.9577164262227464400, -0.5529378364870296500 ) ) ;
#3607 = CARTESIAN_POINT ( 'NONE',  ( -4.950000000000000200, 1.838311014891731400, 1.315951922094013500 ) ) ;
#3608 = CARTESIAN_POINT ( 'NONE',  ( 0.8490381056766591600, 2.598076211353316500, -4.575965886349452400E-017 ) ) ;
#3609 = CARTESIAN_POINT ( 'NONE',  ( 0.0000000000000000000, 1.169753752994699200E-016, -0.9551764262227504500 ) ) ;
#3610 = CARTESIAN_POINT ( 'NONE',  ( -3.037501979251957100, 3.398680230415907200E-005, 1.249999999537958700 ) ) ;
#3611 = CARTESIAN_POINT ( 'NONE',  ( 2.943750000000000100, 0.4788582131113745000, 0.8294067547305473700 ) ) ;
#3612 = CARTESIAN_POINT ( 'NONE',  ( 2.868749999999999000, -1.250000000000000000, -1.530808498934191600E-016 ) ) ;
#3613 = CARTESIAN_POINT ( 'NONE',  ( -2.049999999999998900, 0.0000000000000000000, 1.250000000000000000 ) ) ;
#3614 = CARTESIAN_POINT ( 'NONE',  ( -3.901346189432335800, 0.3349364905389028400, 1.250000000000000200 ) ) ;
#3615 = EDGE_CURVE ( 'NONE', #3008, #1246, #2083, .T. ) ;
#3616 = CARTESIAN_POINT ( 'NONE',  ( -4.218749999999999100, 0.9577164262227466600, 0.0000000000000000000 ) ) ;
#3617 = CARTESIAN_POINT ( 'NONE',  ( 3.656249999999999100, -4.938688641342514700E-016, 1.250000000000000000 ) ) ;
#3618 = VERTEX_POINT ( 'NONE', #1867 ) ;
#3619 = CARTESIAN_POINT ( 'NONE',  ( 3.356250000000000600, 0.9577164262227499900, 0.5529378364870317600 ) ) ;
#3620 = CARTESIAN_POINT ( 'NONE',  ( 3.037500000000000100, -2.031460654743916600E-016, 1.105875672974062600 ) ) ;
#3621 = VERTEX_POINT ( 'NONE', #294 ) ;
#3622 = CARTESIAN_POINT ( 'NONE',  ( 4.890164424956767100, -0.5742714105815121000, 0.7994647829358272300 ) ) ;
#3623 = CARTESIAN_POINT ( 'NONE',  ( -4.730674669762867000, -0.3002893909576601100, -1.049515836100897800 ) ) ;
#3624 = VERTEX_POINT ( 'NONE', #3634 ) ;
#3625 = DIRECTION ( 'NONE',  ( 1.000000000000000000, 0.0000000000000000000, 0.0000000000000000000 ) ) ;
#3626 = CARTESIAN_POINT ( 'NONE',  ( 4.725359077169458500, 0.1412509017649505600, -1.137140922830286700 ) ) ;
#3627 = CARTESIAN_POINT ( 'NONE',  ( -2.531250000000001300, -2.963213184805509200E-015, 1.250000000000000200 ) ) ;
#3628 = CARTESIAN_POINT ( 'NONE',  ( 4.931250000000000400, -0.9577164262227502200, -0.5529378364870316500 ) ) ;
#3629 = CARTESIAN_POINT ( 'NONE',  ( -4.631249999999998800, 0.9577164262227466600, 0.5529378364870291000 ) ) ;
#3630 = CARTESIAN_POINT ( 'NONE',  ( 3.375000000000000000, 0.9577164262227504400, 0.0000000000000000000 ) ) ;
#3631 = VECTOR ( 'NONE', #199, 1000.000000000000000 ) ;
#3632 = CARTESIAN_POINT ( 'NONE',  ( 1.950000000000000800, -0.6250000000000005600, 1.082531754730548200 ) ) ;
#3633 = AXIS2_PLACEMENT_3D ( 'NONE', #1773, #1203, #3939 ) ;
#3634 = CARTESIAN_POINT ( 'NONE',  ( 3.656249999999999100, -4.938688641342514700E-016, 1.250000000000000000 ) ) ;
#3635 = DIRECTION ( 'NONE',  ( -1.000000000000000000, -0.0000000000000000000, -0.0000000000000000000 ) ) ;
#3636 = EDGE_LOOP ( 'NONE', ( #2242, #661, #2612 ) ) ;
#3637 = B_SPLINE_CURVE_WITH_KNOTS ( 'NONE', 3,
 ( #1139, #3907, #2054, #2371, #3918, #2040 ),
 .UNSPECIFIED., .F., .F.,
 ( 4, 2, 4 ),
 ( 0.001314652396222797100, 0.001969405109320635900, 0.002624157822418474700 ),
 .UNSPECIFIED. ) ;
#3638 = CARTESIAN_POINT ( 'NONE',  ( -4.600042994495867200, 0.5592169357623384400, 0.7830116245762747100 ) ) ;
#3639 = VERTEX_POINT ( 'NONE', #601 ) ;
#3640 = DIRECTION ( 'NONE',  ( 0.0000000000000000000, 0.0000000000000000000, 1.000000000000000000 ) ) ;
#3641 = EDGE_CURVE ( 'NONE', #3639, #920, #2161, .T. ) ;
#3642 = CARTESIAN_POINT ( 'NONE',  ( 4.668750000000000200, 0.9577164262227504400, 0.0000000000000000000 ) ) ;
#3643 = CARTESIAN_POINT ( 'NONE',  ( -3.206249999999999400, 6.771535515813027900E-017, 1.105875672974058200 ) ) ;
#3644 = CARTESIAN_POINT ( 'NONE',  ( 3.187500000000000000, -0.9577164262227502200, -0.5529378364870316500 ) ) ;
#3645 = ORIENTED_EDGE ( 'NONE', *, *, #1115, .T. ) ;
#3646 = CARTESIAN_POINT ( 'NONE',  ( 4.162500000000000500, -2.651438096812267400E-016, 1.443375672974064300 ) ) ;
#3647 = CONICAL_SURFACE ( 'NONE', #2847, 1.300800000000000000, 0.7853981633974500600 ) ;
#3648 = DIRECTION ( 'NONE',  ( 1.000000000000000000, 0.0000000000000000000, 0.0000000000000000000 ) ) ;
#3649 = CYLINDRICAL_SURFACE ( 'NONE', #3330, 1.250000000000000000 ) ;
#3650 = B_SPLINE_CURVE_WITH_KNOTS ( 'NONE', 3,
 ( #2022, #3253, #3525, #3817 ),
 .UNSPECIFIED., .F., .F.,
 ( 4, 4 ),
 ( 0.0006890969221853938500, 0.0007604990889603597900 ),
 .UNSPECIFIED. ) ;
#3651 = CARTESIAN_POINT ( 'NONE',  ( 1.030526474280213400, 0.4428661505148308600, 2.249999999999999600 ) ) ;
#3652 = CARTESIAN_POINT ( 'NONE',  ( 4.855439022227200100, 0.1407199709665585800, 1.007060977768830200 ) ) ;
#3653 = DIRECTION ( 'NONE',  ( 0.0000000000000000000, 0.0000000000000000000, -1.000000000000000000 ) ) ;
#3654 = EDGE_LOOP ( 'NONE', ( #327, #2085, #1816, #3667, #2163, #704 ) ) ;
#3655 = CARTESIAN_POINT ( 'NONE',  ( -2.049999999999998900, 0.0000000000000000000, 0.0000000000000000000 ) ) ;
#3656 = CARTESIAN_POINT ( 'NONE',  ( 3.881250000000000100, -2.031460654743916600E-016, 1.105875672974062600 ) ) ;
#3657 = CARTESIAN_POINT ( 'NONE',  ( -3.243749999999999000, 0.4788582131113734400, 0.8294067547305438200 ) ) ;
#3658 = CARTESIAN_POINT ( 'NONE',  ( 3.750000000000000000, 0.4788582131113753300, -0.8294067547305469200 ) ) ;
#3659 = EDGE_CURVE ( 'NONE', #1699, #990, #2051, .T. ) ;
#3660 = CARTESIAN_POINT ( 'NONE',  ( 1.350000000000000500, 1.250000000000000000, 0.0000000000000000000 ) ) ;
#3661 = CARTESIAN_POINT ( 'NONE',  ( -5.306250000000001200, 1.250000000000000000, 0.7216878364870320500 ) ) ;
#3662 = CARTESIAN_POINT ( 'NONE',  ( -4.837270788819788300, -0.5706636787399904700, 1.052629760050289400 ) ) ;
#3663 = CARTESIAN_POINT ( 'NONE',  ( -2.924999999999999400, 0.9577164262227465500, 0.0000000000000000000 ) ) ;
#3664 = B_SPLINE_CURVE_WITH_KNOTS ( 'NONE', 3,
 ( #1740, #1700, #3897, #3541, #2370, #550 ),
 .UNSPECIFIED., .F., .F.,
 ( 4, 2, 4 ),
 ( 0.01301324595636485900, 0.01365845214202244700, 0.01430365832768003600 ),
 .UNSPECIFIED. ) ;
#3665 = CARTESIAN_POINT ( 'NONE',  ( -2.531249999999998700, -2.031460654743908500E-016, -1.105875672974058200 ) ) ;
#3666 = CARTESIAN_POINT ( 'NONE',  ( -4.859787909239503100, 1.202472428561302700, 0.2074323610921001400 ) ) ;
#3667 = ORIENTED_EDGE ( 'NONE', *, *, #1359, .F. ) ;
#3668 = CARTESIAN_POINT ( 'NONE',  ( 1.837500000000000600, 0.0000000000000000000, -0.9551764262227504500 ) ) ;
#3669 = ORIENTED_EDGE ( 'NONE', *, *, #238, .F. ) ;
#3670 = CC_DESIGN_PERSON_AND_ORGANIZATION_ASSIGNMENT ( #73, #1621, ( #1724 ) ) ;
#3671 = CARTESIAN_POINT ( 'NONE',  ( 5.043749999999999300, 0.4788582131113753300, -0.8294067547305469200 ) ) ;
#3672 = CARTESIAN_POINT ( 'NONE',  ( -3.356249999999999300, 0.9577164262227464400, -0.5529378364870296500 ) ) ;
#3673 = CARTESIAN_POINT ( 'NONE',  ( 3.562500000000000400, -0.9577164262227506600, 0.5529378364870309900 ) ) ;
#3674 = VERTEX_POINT ( 'NONE', #8 ) ;
#3675 = CARTESIAN_POINT ( 'NONE',  ( 4.143749999999999800, 0.4788582131113753300, -0.8294067547305469200 ) ) ;
#3676 = ORIENTED_EDGE ( 'NONE', *, *, #1137, .F. ) ;
#3677 = CARTESIAN_POINT ( 'NONE',  ( -4.518750000000000700, 0.6249999999999991100, -1.082531754730548900 ) ) ;
#3678 = CARTESIAN_POINT ( 'NONE',  ( 4.862127497258535800, 2.823924734453857000E-011, 1.000372502741464500 ) ) ;
#3679 = CARTESIAN_POINT ( 'NONE',  ( -2.812499999999999600, 6.771535515813026700E-017, 1.105875672974058200 ) ) ;
#3680 = CARTESIAN_POINT ( 'NONE',  ( -2.137499999999995700, -5.776470478697175800E-016, 1.249999999999999800 ) ) ;
#3681 = VECTOR ( 'NONE', #1536, 1000.000000000000000 ) ;
#3682 = CARTESIAN_POINT ( 'NONE',  ( -3.656250000000000900, 2.643650978600993500E-015, -1.250000000000000200 ) ) ;
#3683 = DIRECTION ( 'NONE',  ( -0.7071067811865463500, 8.659560562354948900E-017, -0.7071067811865487900 ) ) ;
#3684 =( BOUNDED_CURVE ( )  B_SPLINE_CURVE ( 2, ( #3559, #775, #3214, #1381, #3835, #2041, #1163, #2067, #2026 ),
 .UNSPECIFIED., .F., .F. ) 
 B_SPLINE_CURVE_WITH_KNOTS ( ( 3, 2, 2, 2, 3 ),
 ( 0.1785714285714285800, 0.1904761904761904700, 0.2142857142857142700, 0.2380952380952380800, 0.2500000000000000000 ),
 .UNSPECIFIED. ) 
 CURVE ( )  GEOMETRIC_REPRESENTATION_ITEM ( )  RATIONAL_B_SPLINE_CURVE ( ( 0.9330127018922194100, 0.9330127018922194100, 1.000000000000000000, 0.8660254037844387100, 1.000000000000000000, 0.8660254037844387100, 1.000000000000000000, 0.9330127018922194100, 0.9330127018922194100 ) ) 
 REPRESENTATION_ITEM ( '' )  );
#3685 = CARTESIAN_POINT ( 'NONE',  ( 4.293749999999999300, -0.6249999999999996700, -1.082531754730548400 ) ) ;
#3686 = CARTESIAN_POINT ( 'NONE',  ( -4.143749999999998900, 0.4788582131113734400, 0.8294067547305438200 ) ) ;
#3687 = CIRCLE ( 'NONE', #898, 2.249999999999999600 ) ;
#3688 = CARTESIAN_POINT ( 'NONE',  ( 1.500000000000000000, 0.4788582131113753300, -0.8294067547305469200 ) ) ;
#3689 = CARTESIAN_POINT ( 'NONE',  ( 0.8625000000000003800, 1.250000000000000000, -0.7216878364870320500 ) ) ;
#3690 = VERTEX_POINT ( 'NONE', #2722 ) ;
#3691 = CARTESIAN_POINT ( 'NONE',  ( -5.043750000000001100, -0.6250000000000005600, -1.082531754730548200 ) ) ;
#3692 = CARTESIAN_POINT ( 'NONE',  ( -4.181250000000001200, -1.250000000000000200, -0.7216878364870317200 ) ) ;
#3693 = CARTESIAN_POINT ( 'NONE',  ( -4.349999999999998800, 0.4788582131113725500, -0.8294067547305440400 ) ) ;
#3694 = ORIENTED_EDGE ( 'NONE', *, *, #3095, .T. ) ;
#3695 = CARTESIAN_POINT ( 'NONE',  ( -3.693749999999999200, 0.4788582131113734400, 0.8294067547305438200 ) ) ;
#3696 = CARTESIAN_POINT ( 'NONE',  ( 2.342403810567666300, 0.3349364905389047900, 1.249999999999998900 ) ) ;
#3697 = FACE_OUTER_BOUND ( 'NONE', #2208, .T. ) ;
#3698 = EDGE_CURVE ( 'NONE', #970, #947, #2152, .T. ) ;
#3699 = CARTESIAN_POINT ( 'NONE',  ( 3.468749999999998700, 0.6250000000000001100, -1.082531754730548400 ) ) ;
#3700 = CARTESIAN_POINT ( 'NONE',  ( -3.524999999999999500, 0.6250000000000000000, 1.082531754730548200 ) ) ;
#3701 = CARTESIAN_POINT ( 'NONE',  ( 2.437500000000000000, 0.9577164262227504400, -0.5529378364870312100 ) ) ;
#3702 = FACE_OUTER_BOUND ( 'NONE', #2403, .T. ) ;
#3703 = CARTESIAN_POINT ( 'NONE',  ( 1.425000000000000900, 0.6249999999999991100, 1.082531754730548900 ) ) ;
#3704 = CARTESIAN_POINT ( 'NONE',  ( -5.156250000000001800, -1.250000000000000000, 0.7216878364870325000 ) ) ;
#3705 = CARTESIAN_POINT ( 'NONE',  ( -4.950000000000000200, -3.755786496842900500E-016, 2.250000000000000000 ) ) ;
#3706 = CARTESIAN_POINT ( 'NONE',  ( -3.599999999999999200, -0.9577164262227465500, 1.172864355864528600E-016 ) ) ;
#3707 = CARTESIAN_POINT ( 'NONE',  ( -2.606249999999999300, -0.9577164262227467800, -0.5529378364870287700 ) ) ;
#3708 = CARTESIAN_POINT ( 'NONE',  ( 2.718749999999999100, 0.6249999999999991100, 1.082531754730548900 ) ) ;
#3709 = CARTESIAN_POINT ( 'NONE',  ( 2.343749999999999100, -0.6250000000000005600, 1.082531754730548200 ) ) ;
#3710 = CARTESIAN_POINT ( 'NONE',  ( -3.487499999999999800, 8.838126989374222200E-017, 1.443375672974064100 ) ) ;
#3711 = DIRECTION ( 'NONE',  ( -1.000000000000000000, -0.0000000000000000000, -0.0000000000000000000 ) ) ;
#3712 = EDGE_CURVE ( 'NONE', #3334, #237, #2557, .T. ) ;
#3713 = CARTESIAN_POINT ( 'NONE',  ( 2.381250000000000100, 0.9577164262227504400, -0.5529378364870312100 ) ) ;
#3714 = ORIENTED_EDGE ( 'NONE', *, *, #97, .T. ) ;
#3715 = CARTESIAN_POINT ( 'NONE',  ( -4.781250000000001800, 8.838126989374223500E-017, 1.443375672974064300 ) ) ;
#3716 = CARTESIAN_POINT ( 'NONE',  ( 3.226346189432332900, -0.3349364905389028400, 1.250000000000000200 ) ) ;
#3717 = CARTESIAN_POINT ( 'NONE',  ( -4.687499999999999100, 0.9577164262227465500, 0.5529378364870289900 ) ) ;
#3718 = CARTESIAN_POINT ( 'NONE',  ( 0.8490381056766594900, 1.299038105676657800, 2.250000000000000000 ) ) ;
#3719 = EDGE_LOOP ( 'NONE', ( #2766, #3012, #1470 ) ) ;
#3720 = CARTESIAN_POINT ( 'NONE',  ( -3.018749999999999400, -0.4788582131113737800, -0.8294067547305435900 ) ) ;
#3721 = CARTESIAN_POINT ( 'NONE',  ( -2.415913508590336700, -1.249999999999999800, -0.05458830263080251300 ) ) ;
#3722 = ORIENTED_EDGE ( 'NONE', *, *, #1856, .F. ) ;
#3723 = CARTESIAN_POINT ( 'NONE',  ( 2.551346189432333000, 0.3349364905389034500, -1.250000000000000000 ) ) ;
#3724 = CARTESIAN_POINT ( 'NONE',  ( 3.806249999999998600, -1.250000000000000000, -0.7216878364870325000 ) ) ;
#3725 = CARTESIAN_POINT ( 'NONE',  ( -3.374999999999999600, -1.249999999999999800, 1.530808498934191300E-016 ) ) ;
#3726 = CARTESIAN_POINT ( 'NONE',  ( 2.287500000000000100, -0.9577164262227502200, -0.5529378364870316500 ) ) ;
#3727 = CARTESIAN_POINT ( 'NONE',  ( 4.904783573777248900, -0.8502630295937512200, 0.4587185253163030800 ) ) ;
#3728 = CARTESIAN_POINT ( 'NONE',  ( 1.706250000000000300, -0.9577164262227506600, 0.5529378364870309900 ) ) ;
#3729 = CARTESIAN_POINT ( 'NONE',  ( -3.131250000000001900, 1.249999999999999800, -0.7216878364870329400 ) ) ;
#3730 = CARTESIAN_POINT ( 'NONE',  ( -4.537499999999999600, 1.249999999999999300, -0.7216878364870328300 ) ) ;
#3731 = CARTESIAN_POINT ( 'NONE',  ( -4.143749999999998900, 0.4788582131113734400, 0.8294067547305438200 ) ) ;
#3732 = ORIENTED_EDGE ( 'NONE', *, *, #263, .T. ) ;
#3733 =( BOUNDED_CURVE ( )  B_SPLINE_CURVE ( 1, ( #253, #2073 ),
 .UNSPECIFIED., .F., .F. ) 
 B_SPLINE_CURVE_WITH_KNOTS ( ( 2, 2 ),
 ( 0.1825532901020500700, 1.000000000000000000 ),
 .UNSPECIFIED. ) 
 CURVE ( )  GEOMETRIC_REPRESENTATION_ITEM ( )  RATIONAL_B_SPLINE_CURVE ( ( 0.9788617560537036200, 0.9788617560537036200 ) ) 
 REPRESENTATION_ITEM ( '' )  );
#3734 = ORIENTED_EDGE ( 'NONE', *, *, #1454, .F. ) ;
#3735 = CARTESIAN_POINT ( 'NONE',  ( -2.737499999999999800, 1.249999999999999300, -0.7216878364870328300 ) ) ;
#3736 = CARTESIAN_POINT ( 'NONE',  ( 3.018749999999998900, 0.6250000000000001100, -1.082531754730548400 ) ) ;
#3737 = CARTESIAN_POINT ( 'NONE',  ( -2.343749999999999600, 0.4788582131113734400, 0.8294067547305438200 ) ) ;
#3738 = CARTESIAN_POINT ( 'NONE',  ( -2.049999999999998900, 0.0000000000000000000, 0.0000000000000000000 ) ) ;
#3739 = ORIENTED_EDGE ( 'NONE', *, *, #3576, .F. ) ;
#3740 = CARTESIAN_POINT ( 'NONE',  ( 4.799999999999999800, 0.4788582131113745000, 0.8294067547305473700 ) ) ;
#3741 =( BOUNDED_CURVE ( )  B_SPLINE_CURVE ( 2, ( #2989, #81, #348, #2453, #629, #3071, #321, #2167, #672 ),
 .UNSPECIFIED., .F., .F. ) 
 B_SPLINE_CURVE_WITH_KNOTS ( ( 3, 2, 2, 2, 3 ),
 ( 0.4250000000000000400, 0.4333333333333333500, 0.4500000000000000100, 0.4666666666666666700, 0.4750000000000000300 ),
 .UNSPECIFIED. ) 
 CURVE ( )  GEOMETRIC_REPRESENTATION_ITEM ( )  RATIONAL_B_SPLINE_CURVE ( ( 0.9330127018922194100, 0.9330127018922196300, 1.000000000000000000, 0.8660254037844387100, 1.000000000000000000, 0.8660254037844387100, 1.000000000000000000, 0.9330127018922191900, 0.9330127018922194100 ) ) 
 REPRESENTATION_ITEM ( '' )  );
#3742 = ADVANCED_FACE ( 'NONE', ( #2751 ), #1200, .T. ) ;
#3743 = CARTESIAN_POINT ( 'NONE',  ( 2.793750000000000200, 0.4788582131113753300, -0.8294067547305469200 ) ) ;
#3744 = CONICAL_SURFACE ( 'NONE', #938, 2.250000000000000000, 1.047197551196600100 ) ;
#3745 = CARTESIAN_POINT ( 'NONE',  ( -3.712499999999999500, 6.771535515813026700E-017, 1.105875672974058200 ) ) ;
#3746 = CARTESIAN_POINT ( 'NONE',  ( 0.0000000000000000000, 0.0000000000000000000, 0.0000000000000000000 ) ) ;
#3747 = PERSON_AND_ORGANIZATION ( #1999, #687 ) ;
#3748 = CARTESIAN_POINT ( 'NONE',  ( -2.737499999999998900, -0.9577164262227463300, 0.5529378364870293200 ) ) ;
#3749 = CARTESIAN_POINT ( 'NONE',  ( 1.050000000000000300, 0.0000000000000000000, 0.0000000000000000000 ) ) ;
#3750 = CIRCLE ( 'NONE', #3041, 0.9551764262227504500 ) ;
#3751 = CARTESIAN_POINT ( 'NONE',  ( 4.462500000000000400, 1.250000000000000000, -0.7216878364870320500 ) ) ;
#3752 = LINE ( 'NONE', #3061, #21 ) ;
#3753 = CARTESIAN_POINT ( 'NONE',  ( -3.562499999999999600, -0.9577164262227465500, -0.5529378364870287700 ) ) ;
#3754 = CARTESIAN_POINT ( 'NONE',  ( 1.706249999999999200, 1.250000000000000000, -0.7216878364870320500 ) ) ;
#3755 = CARTESIAN_POINT ( 'NONE',  ( -2.137499999999999700, 8.838126989374222200E-017, 1.443375672974064100 ) ) ;
#3756 = CARTESIAN_POINT ( 'NONE',  ( 4.575000000000000200, -0.4788582131113750000, -0.8294067547305470400 ) ) ;
#3757 = CARTESIAN_POINT ( 'NONE',  ( 3.881250000000000100, -2.031460654743916600E-016, 1.105875672974062600 ) ) ;
#3758 = CARTESIAN_POINT ( 'NONE',  ( -4.762499999999999300, 0.9577164262227462200, -0.5529378364870295400 ) ) ;
#3759 = DATE_TIME_ROLE ( 'classification_date' ) ;
#3760 = CARTESIAN_POINT ( 'NONE',  ( -4.668749999999999300, 0.9577164262227466600, 0.0000000000000000000 ) ) ;
#3761 = ORIENTED_EDGE ( 'NONE', *, *, #36, .T. ) ;
#3762 = CARTESIAN_POINT ( 'NONE',  ( -3.412499999999999200, 0.9577164262227462200, -0.5529378364870295400 ) ) ;
#3763 = CARTESIAN_POINT ( 'NONE',  ( 4.443749999999998800, 1.250000000000000000, 0.0000000000000000000 ) ) ;
#3764 = CARTESIAN_POINT ( 'NONE',  ( -2.924999999999999800, -1.249999999999999800, 1.530808498934191300E-016 ) ) ;
#3765 = CARTESIAN_POINT ( 'NONE',  ( 1.050000000000000500, 0.0000000000000000000, 0.0000000000000000000 ) ) ;
#3766 = VERTEX_POINT ( 'NONE', #863 ) ;
#3767 = AXIS2_PLACEMENT_3D ( 'NONE', #1038, #3773, #3478 ) ;
#3768 = CARTESIAN_POINT ( 'NONE',  ( 3.693750000000000100, 0.4788582131113753300, -0.8294067547305469200 ) ) ;
#3769 = ORIENTED_EDGE ( 'NONE', *, *, #3818, .T. ) ;
#3770 = CARTESIAN_POINT ( 'NONE',  ( -2.418750000000001500, -1.250000000000000000, 1.530808498934191600E-016 ) ) ;
#3771 = APPLICATION_CONTEXT ( 'configuration controlled 3d designs of mechanical parts and assemblies' ) ;
#3772 = CARTESIAN_POINT ( 'NONE',  ( -3.993749999999999000, -0.9577164262227466600, 1.172864355864529100E-016 ) ) ;
#3773 = DIRECTION ( 'NONE',  ( -1.000000000000000000, 0.0000000000000000000, 0.0000000000000000000 ) ) ;
#3774 = EDGE_LOOP ( 'NONE', ( #206, #1863, #605, #1364, #2039, #1297, #441, #1767, #1842, #675, #1385, #3231, #1388, #533, #2383, #3067, #319, #2825, #2237, #2721 ) ) ;
#3775 = EDGE_CURVE ( 'NONE', #249, #1613, #495, .T. ) ;
#3776 = CARTESIAN_POINT ( 'NONE',  ( -4.606916426222749500, -0.07129973764662719800, 0.9550586895413241100 ) ) ;
#3777 = CC_DESIGN_DATE_AND_TIME_ASSIGNMENT ( #2603, #3759, ( #574 ) ) ;
#3778 = CARTESIAN_POINT ( 'NONE',  ( 1.368749999999999200, 0.6249999999999991100, 1.082531754730548900 ) ) ;
#3779 = VECTOR ( 'NONE', #391, 1000.000000000000000 ) ;
#3780 = CARTESIAN_POINT ( 'NONE',  ( 4.687500000000000000, 0.9577164262227504400, -0.5529378364870312100 ) ) ;
#3781 = CARTESIAN_POINT ( 'NONE',  ( 1.481250000000000400, 0.9577164262227504400, -0.5529378364870312100 ) ) ;
#3782 = LINE ( 'NONE', #827, #1946 ) ;
#3783 = CARTESIAN_POINT ( 'NONE',  ( -4.987499999999998900, -0.9577164262227463300, 0.5529378364870293200 ) ) ;
#3784 = SECURITY_CLASSIFICATION_LEVEL ( 'unclassified' ) ;
#3785 = CARTESIAN_POINT ( 'NONE',  ( -4.593749999999999100, 0.4788582131113734400, 0.8294067547305438200 ) ) ;
#3786 = CARTESIAN_POINT ( 'NONE',  ( 5.156249999999999100, -1.250000000000000000, -0.7216878364870325000 ) ) ;
#3787 = ORIENTED_EDGE ( 'NONE', *, *, #2842, .F. ) ;
#3788 = DIRECTION ( 'NONE',  ( 0.0000000000000000000, 0.0000000000000000000, -1.000000000000000000 ) ) ;
#3789 = CARTESIAN_POINT ( 'NONE',  ( 0.9102299309046619800, -2.492088861051973600, -0.1835754756815222200 ) ) ;
#3790 = VECTOR ( 'NONE', #1778, 1000.000000000000000 ) ;
#3791 = EDGE_CURVE ( 'NONE', #3186, #3624, #376, .T. ) ;
#3792 = ORIENTED_EDGE ( 'NONE', *, *, #2057, .F. ) ;
#3793 = CARTESIAN_POINT ( 'NONE',  ( -3.149999999999999000, -0.9577164262227465500, 1.172864355864528600E-016 ) ) ;
#3794 = CARTESIAN_POINT ( 'NONE',  ( 1.992961012353157100, -2.823767858461719900E-014, 1.110637438575907700 ) ) ;
#3795 = CARTESIAN_POINT ( 'NONE',  ( -3.356250000000001500, -1.250000000000000000, 0.7216878364870327200 ) ) ;
#3796 = CIRCLE ( 'NONE', #361, 2.250000000000000000 ) ;
#3797 = CARTESIAN_POINT ( 'NONE',  ( 4.162499999999999600, 6.771535515813055000E-017, -1.105875672974062600 ) ) ;
#3798 = CARTESIAN_POINT ( 'NONE',  ( 1.406250000000000400, 6.771535515813055000E-017, -1.105875672974062600 ) ) ;
#3799 = CARTESIAN_POINT ( 'NONE',  ( -2.362499999999999400, 6.771535515813026700E-017, 1.105875672974058200 ) ) ;
#3800 = CARTESIAN_POINT ( 'NONE',  ( -2.268749999999999400, -0.4788582131113731700, 0.8294067547305438200 ) ) ;
#3801 = CARTESIAN_POINT ( 'NONE',  ( 4.668749999999998400, -1.250000000000000000, -1.530808498934191600E-016 ) ) ;
#3802 = CARTESIAN_POINT ( 'NONE',  ( 4.106250000000000200, 6.771535515813055000E-017, -1.105875672974062600 ) ) ;
#3803 = CARTESIAN_POINT ( 'NONE',  ( 4.200000000000000200, 0.4788582131113753300, -0.8294067547305469200 ) ) ;
#3804 = CARTESIAN_POINT ( 'NONE',  ( -4.950000000000000200, -1.948557158514986800, -1.125000000000000000 ) ) ;
#3805 =( BOUNDED_CURVE ( )  B_SPLINE_CURVE ( 2, ( #2326, #2588, #1962, #161, #1084, #3499, #2286, #456, #177 ),
 .UNSPECIFIED., .F., .F. ) 
 B_SPLINE_CURVE_WITH_KNOTS ( ( 3, 2, 2, 2, 3 ),
 ( 0.4221447606592820300, 0.4349345093330329600, 0.4605188922349760500, 0.4861032751369192000, 0.4988959749246984500 ),
 .UNSPECIFIED. ) 
 CURVE ( )  GEOMETRIC_REPRESENTATION_ITEM ( )  RATIONAL_B_SPLINE_CURVE ( ( 0.9330127043349202300, 0.9330254936837209000, 1.000000000000000000, 0.8660254037844387100, 1.000000000000000000, 0.8660254037844387100, 1.000000000000000000, 0.9330100399472813800, 0.9330127019979999000 ) ) 
 REPRESENTATION_ITEM ( '' )  );
#3806 = CARTESIAN_POINT ( 'NONE',  ( 1.331250000000000300, -0.9577164262227502200, -0.5529378364870316500 ) ) ;
#3807 = DIRECTION ( 'NONE',  ( 1.000000000000000000, 0.0000000000000000000, 0.0000000000000000000 ) ) ;
#3808 = CARTESIAN_POINT ( 'NONE',  ( -2.831249999999999800, 0.9577164262227466600, 0.5529378364870291000 ) ) ;
#3809 = CARTESIAN_POINT ( 'NONE',  ( 1.837500000000000100, -0.9577164262227502200, -0.5529378364870316500 ) ) ;
#3810 = ORIENTED_EDGE ( 'NONE', *, *, #1838, .T. ) ;
#3811 = DIRECTION ( 'NONE',  ( -1.000000000000000000, 0.0000000000000000000, 0.0000000000000000000 ) ) ;
#3812 = CARTESIAN_POINT ( 'NONE',  ( 4.668750000000000200, 0.9577164262227504400, 0.0000000000000000000 ) ) ;
#3813 = ORIENTED_EDGE ( 'NONE', *, *, #1323, .F. ) ;
#3814 = CARTESIAN_POINT ( 'NONE',  ( 4.087500000000000400, -0.9577164262227502200, -0.5529378364870316500 ) ) ;
#3815 = CARTESIAN_POINT ( 'NONE',  ( -4.615767536810025700, -0.02385444456055359200, 0.9665675368099817500 ) ) ;
#3816 = CARTESIAN_POINT ( 'NONE',  ( -4.749038105676660000, 1.299038105676657800, 2.250000000000000000 ) ) ;
#3817 = CARTESIAN_POINT ( 'NONE',  ( -4.606916426222749500, -0.07129973764662719800, 0.9550586895413241100 ) ) ;
#3818 = EDGE_CURVE ( 'NONE', #1270, #2908, #2619, .T. ) ;
#3819 = ORIENTED_EDGE ( 'NONE', *, *, #2977, .T. ) ;
#3820 = CARTESIAN_POINT ( 'NONE',  ( 4.621197873300052300, -1.051160553565841500, 0.7011872006879618100 ) ) ;
#3821 = CARTESIAN_POINT ( 'NONE',  ( -2.437499999999998700, 0.9577164262227465500, 0.5529378364870289900 ) ) ;
#3822 = CARTESIAN_POINT ( 'NONE',  ( -3.037501979251957100, 3.398680230415907200E-005, 1.249999999537958700 ) ) ;
#3823 = CARTESIAN_POINT ( 'NONE',  ( -2.343749999999999600, 0.4788582131113734400, 0.8294067547305438200 ) ) ;
#3824 = CARTESIAN_POINT ( 'NONE',  ( 1.312500000000000200, -0.9577164262227506600, 0.5529378364870309900 ) ) ;
#3825 = CARTESIAN_POINT ( 'NONE',  ( -3.206250000000001200, 2.643650978600993500E-015, -1.250000000000000200 ) ) ;
#3826 = CARTESIAN_POINT ( 'NONE',  ( 4.256250000000000500, 0.9577164262227502200, 0.5529378364870318800 ) ) ;
#3827 = ORIENTED_EDGE ( 'NONE', *, *, #1354, .T. ) ;
#3828 = CARTESIAN_POINT ( 'NONE',  ( 5.025000000000000400, -0.4788582131113750000, -0.8294067547305470400 ) ) ;
#3829 = CARTESIAN_POINT ( 'NONE',  ( 1.840039999999999500, -0.4491341882761318300, -0.8553547197524420400 ) ) ;
#3830 = CARTESIAN_POINT ( 'NONE',  ( 3.993749999999999000, 1.250000000000000000, 0.0000000000000000000 ) ) ;
#3831 = EDGE_LOOP ( 'NONE', ( #2957, #856, #893, #627 ) ) ;
#3832 = CARTESIAN_POINT ( 'NONE',  ( 1.050000000000000500, 1.530808498934191600E-016, 1.250000000000000000 ) ) ;
#3833 =( BOUNDED_CURVE ( )  B_SPLINE_CURVE ( 2, ( #244, #3271, #2340, #1136, #2658, #2005, #1450, #3293, #1409 ),
 .UNSPECIFIED., .F., .F. ) 
 B_SPLINE_CURVE_WITH_KNOTS ( ( 3, 2, 2, 2, 3 ),
 ( 0.8826594706116721600, 0.8954534015680090100, 0.9210377844699521000, 0.9466221673718952000, 0.9594143588228668500 ),
 .UNSPECIFIED. ) 
 CURVE ( )  GEOMETRIC_REPRESENTATION_ITEM ( )  RATIONAL_B_SPLINE_CURVE ( ( 0.9330127031308851300, 0.9330035928380817600, 1.000000000000000000, 0.8660254037844387100, 1.000000000000000000, 0.8660254037844387100, 1.000000000000000000, 0.9330127018922189700, 0.9330127018922193000 ) ) 
 REPRESENTATION_ITEM ( '' )  );
#3834 = CARTESIAN_POINT ( 'NONE',  ( -3.112499999999999400, -0.9577164262227466600, -0.5529378364870287700 ) ) ;
#3835 = CARTESIAN_POINT ( 'NONE',  ( -4.668750000000001100, -1.250000000000000000, 1.530808498934191600E-016 ) ) ;
#3836 = EDGE_LOOP ( 'NONE', ( #3484, #3547, #1599, #373 ) ) ;
#3837 = CARTESIAN_POINT ( 'NONE',  ( -3.206249999999999400, 6.771535515813027900E-017, 1.105875672974058200 ) ) ;
#3838 = CARTESIAN_POINT ( 'NONE',  ( 2.925000000000000700, -1.250000000000000000, -1.530808498934191600E-016 ) ) ;
#3839 = CARTESIAN_POINT ( 'NONE',  ( -4.950000000000000200, 0.2199373071784630200, -2.250000000000000000 ) ) ;
#3840 = LINE ( 'NONE', #1009, #3405 ) ;
#3841 = CARTESIAN_POINT ( 'NONE',  ( 2.025000000000000400, 0.9577164262227504400, 0.0000000000000000000 ) ) ;
#3842 = PERSON_AND_ORGANIZATION ( #1999, #687 ) ;
#3843 = CARTESIAN_POINT ( 'NONE',  ( -2.249999999999999600, -0.9577164262227465500, 1.172864355864528600E-016 ) ) ;
#3844 = CYLINDRICAL_SURFACE ( 'NONE', #1310, 1.250000000000000000 ) ;
#3845 = CARTESIAN_POINT ( 'NONE',  ( -4.717439483264996600, -1.162044386198238900E-015, -1.068239483264996000 ) ) ;
#3846 = CARTESIAN_POINT ( 'NONE',  ( 1.050000000000000500, 0.0000000000000000000, 0.0000000000000000000 ) ) ;
#3847 = CARTESIAN_POINT ( 'NONE',  ( 2.306249999999998600, 3.921899803419055800E-015, 1.250000000000000000 ) ) ;
#3848 = AXIS2_PLACEMENT_3D ( 'NONE', #1628, #1904, #1393 ) ;
#3849 = CARTESIAN_POINT ( 'NONE',  ( 3.001346189432333200, 0.3349364905389034500, -1.250000000000000000 ) ) ;
#3850 = CARTESIAN_POINT ( 'NONE',  ( -2.193749999999999600, -0.9577164262227466600, 1.172864355864529100E-016 ) ) ;
#3851 = CARTESIAN_POINT ( 'NONE',  ( 3.600000000000001000, 1.250000000000000000, 0.0000000000000000000 ) ) ;
#3852 = EDGE_CURVE ( 'NONE', #2345, #2401, #2667, .T. ) ;
#3853 = DIRECTION ( 'NONE',  ( 0.0000000000000000000, 0.0000000000000000000, 1.000000000000000000 ) ) ;
#3854 = CARTESIAN_POINT ( 'NONE',  ( 3.168750000000000200, -0.4788582131113750000, -0.8294067547305470400 ) ) ;
#3855 = CARTESIAN_POINT ( 'NONE',  ( 4.575000000000000200, -0.4788582131113750000, -0.8294067547305470400 ) ) ;
#3856 = CARTESIAN_POINT ( 'NONE',  ( -2.244194592936298500, -0.9540698439763482000, -0.08349542400452598900 ) ) ;
#3857 = CARTESIAN_POINT ( 'NONE',  ( 1.050000000000000300, 1.948557158514987200, -1.124999999999999100 ) ) ;
#3858 = CARTESIAN_POINT ( 'NONE',  ( -3.374999999999999600, -1.249999999999999800, 1.530808498934191300E-016 ) ) ;
#3859 = VERTEX_POINT ( 'NONE', #1281 ) ;
#3860 = CARTESIAN_POINT ( 'NONE',  ( 4.049999999999999800, -0.9577164262227504400, -1.172864355864533500E-016 ) ) ;
#3861 = CARTESIAN_POINT ( 'NONE',  ( -4.950000000000000200, 0.2199373071784621600, 2.250000000000000000 ) ) ;
#3862 = VERTEX_POINT ( 'NONE', #1831 ) ;
#3863 = DIRECTION ( 'NONE',  ( -1.000000000000000000, -0.0000000000000000000, -0.0000000000000000000 ) ) ;
#3864 = CARTESIAN_POINT ( 'NONE',  ( 1.050000000000000300, 1.948557158514986300, 1.125000000000000400 ) ) ;
#3865 = CARTESIAN_POINT ( 'NONE',  ( 0.9187500000000002900, -0.4788582131113750000, -0.8294067547305470400 ) ) ;
#3866 = CARTESIAN_POINT ( 'NONE',  ( 3.187500000000000400, 1.249999999999999800, 0.7216878364870329400 ) ) ;
#3867 = DIRECTION ( 'NONE',  ( 0.0000000000000000000, -1.000000000000000000, -1.669238443041289200E-016 ) ) ;
#3868 = ORIENTED_EDGE ( 'NONE', *, *, #3791, .F. ) ;
#3869 = CARTESIAN_POINT ( 'NONE',  ( 3.243749999999999900, 0.4788582131113753300, -0.8294067547305469200 ) ) ;
#3870 = EDGE_LOOP ( 'NONE', ( #1196, #195, #2645, #3033, #2573, #1560 ) ) ;
#3871 = EDGE_CURVE ( 'NONE', #2254, #3369, #3741, .T. ) ;
#3872 = CARTESIAN_POINT ( 'NONE',  ( 2.625000000000000000, -0.4788582131113756100, 0.8294067547305467000 ) ) ;
#3873 = VERTEX_POINT ( 'NONE', #3705 ) ;
#3874 = CARTESIAN_POINT ( 'NONE',  ( 2.156250000000000000, -0.9577164262227506600, 0.5529378364870309900 ) ) ;
#3875 = CARTESIAN_POINT ( 'NONE',  ( -4.616626828245785900, 0.7914465658370135600, 0.5935335990670018700 ) ) ;
#3876 = CARTESIAN_POINT ( 'NONE',  ( 1.953746543859216100, 0.8276703429973287800, 0.6938897749374366400 ) ) ;
#3877 = CARTESIAN_POINT ( 'NONE',  ( 3.881249999999998300, -2.033577675846917700E-015, -1.249999999999999800 ) ) ;
#3878 = AXIS2_PLACEMENT_3D ( 'NONE', #2398, #577, #1197 ) ;
#3879 = CARTESIAN_POINT ( 'NONE',  ( 3.525000000000000400, -0.4788582131113756100, 0.8294067547305467000 ) ) ;
#3880 = CARTESIAN_POINT ( 'NONE',  ( -2.049999999999998900, 1.530808498934191300E-016, -1.250000000000000000 ) ) ;
#3881 = VECTOR ( 'NONE', #539, 1000.000000000000000 ) ;
#3882 = CARTESIAN_POINT ( 'NONE',  ( -4.349999999999999600, -0.6249999999999995600, 1.082531754730548400 ) ) ;
#3883 = CARTESIAN_POINT ( 'NONE',  ( 1.050000000000000300, -0.2199930545031159300, -2.250000000000000000 ) ) ;
#3884 = CARTESIAN_POINT ( 'NONE',  ( 1.218750000000000200, -0.4788582131113756100, 0.8294067547305467000 ) ) ;
#3885 = CARTESIAN_POINT ( 'NONE',  ( 3.337500000000000400, -1.250000000000000200, 0.7216878364870317200 ) ) ;
#3886 = ORIENTED_EDGE ( 'NONE', *, *, #3454, .T. ) ;
#3887 =( BOUNDED_CURVE ( )  B_SPLINE_CURVE ( 2, ( #2029, #2329, #1114, #505, #2644, #3564, #3963, #3604, #1782 ),
 .UNSPECIFIED., .F., .F. ) 
 B_SPLINE_CURVE_WITH_KNOTS ( ( 3, 2, 2, 2, 3 ),
 ( 0.8059068409458372000, 0.8187002528621796200, 0.8442846357641227200, 0.8698690186660659200, 0.8826594706116721600 ),
 .UNSPECIFIED. ) 
 CURVE ( )  GEOMETRIC_REPRESENTATION_ITEM ( )  RATIONAL_B_SPLINE_CURVE ( ( 0.9330127025019716600, 0.9330063108310829900, 1.000000000000000000, 0.8660254037844387100, 1.000000000000000000, 0.8660254037844387100, 1.000000000000000000, 0.9330218109463570600, 0.9330127031308851300 ) ) 
 REPRESENTATION_ITEM ( '' )  );
#3888 = VERTEX_POINT ( 'NONE', #1847 ) ;
#3889 = CARTESIAN_POINT ( 'NONE',  ( 2.887500000000000600, 0.9577164262227504400, -0.5529378364870312100 ) ) ;
#3890 = CARTESIAN_POINT ( 'NONE',  ( 2.382596189432334600, -0.3349364905389017300, 1.250000000000001100 ) ) ;
#3891 = CARTESIAN_POINT ( 'NONE',  ( 2.662500000000001400, 1.250000000000000000, -0.7216878364870320500 ) ) ;
#3892 = CARTESIAN_POINT ( 'NONE',  ( -2.049999999999998900, 0.0000000000000000000, 0.0000000000000000000 ) ) ;
#3893 = DIRECTION ( 'NONE',  ( -1.000000000000000000, -0.0000000000000000000, -0.0000000000000000000 ) ) ;
#3894 =( BOUNDED_SURFACE ( )  B_SPLINE_SURFACE ( 1, 2, ( 
 ( #2233, #2539, #1003, #71, #1296, #3437, #699, #362, #676, #2839, #2249, #2814, #3466, #3751, #1898, #2565, #2033, #2778, #1593, #2241, #719, #3646, #3563, #3245, #2009, #3546, #2927, #2629, #3226, #588, #821, #1491, #2732, #2942, #1099, #791, #3851, #1413, #279, #1400, #896, #2420, #1717, #3885, #807, #2043, #2358, #3866, #1501, #576, #1703, #3025, #1184, #198, #3838, #885, #2315, #2720, #2328, #2664, #2100, #1113, #1195, #2028, #486, #227, #516, #504, #212, #3335, #3575, #3010, #3321, #2643, #2346, #2955, #1125, #3260, #1993, #1427, #3632, #1735, #1789, #3945, #187, #1551, #2772, #1525, #2494, #1540, #610, #3374, #928, #292, #3703, #1568, #3660, #655, #626, #2434, #3347, #953, #3097, #1211, #2785, #1858, #2451, #1220, #51, #3689, #37, #3081, #969, #1247, #1844, #3389, #2795 ),
 ( #1817, #1262, #3403, #1800, #3959, #2479, #2467, #3054, #643, #3364, #943, #2176, #2113, #3068, #308, #599, #1513, #2164, #346, #914, #1236, #2747, #3036, #6, #2129, #2760, #3675, #1829, #332, #25, #2147, #318, #3471, #3757, #1874, #1907, #1326, #2545, #3768, #120, #1923, #1607, #3462, #79, #1034, #2243, #2524, #106, #3430, #705, #997, #2846, #411, #1594, #1318, #3149, #1025, #3110, #1619, #685, #3126, #2561, #3743, #1290, #1893, #90, #721, #2227, #2218, #2188, #64, #2857, #3162, #3713, #384, #358, #2535, #2511, #2821, #1011, #696, #3135, #670, #2807, #2834, #987, #400, #1306, #1276, #3416, #1582, #3728, #1882, #2203, #371, #3445, #2869, #3781, #2885, #3798, #454, #3806, #787, #1355, #1960, #1379, #3527, #437, #1973, #2572, #1673, #1988, #146, #2922, #2896, #174, #3515 ) ),
 .UNSPECIFIED., .F., .F., .F. ) 
 B_SPLINE_SURFACE_WITH_KNOTS ( ( 2, 2 ),
 ( 3, 2, 2, 2, 2, 2, 2, 2, 2, 2, 2, 2, 2, 2, 2, 2, 2, 2, 2, 2, 2, 2, 2, 2, 2, 2, 2, 2, 2, 2, 2, 2, 2, 2, 2, 2, 2, 2, 2, 2, 2, 2, 2, 2, 2, 2, 2, 2, 2, 2, 2, 2, 2, 2, 2, 2, 2, 2, 3 ),
 ( 0.0000000000000000000, 1.000000000000000000 ),
 ( 0.0000000000000000000, 0.01666666666666666600, 0.03333333333333333300, 0.05000000000000000300, 0.06666666666666666600, 0.08333333333333332900, 0.1000000000000000100, 0.1166666666666666700, 0.1333333333333333300, 0.1499999999999999900, 0.1666666666666666600, 0.1833333333333333200, 0.2000000000000000100, 0.2166666666666666700, 0.2333333333333333400, 0.2500000000000000000, 0.2666666666666666600, 0.2833333333333333300, 0.2999999999999999900, 0.3166666666666666500, 0.3333333333333333100, 0.3499999999999999800, 0.3666666666666666400, 0.3833333333333333600, 0.4000000000000000200, 0.4166666666666666900, 0.4333333333333333500, 0.4500000000000000100, 0.4666666666666666700, 0.4833333333333333400, 0.5000000000000000000, 0.5166666666666667200, 0.5333333333333333300, 0.5500000000000000400, 0.5666666666666666500, 0.5833333333333333700, 0.5999999999999999800, 0.6166666666666667000, 0.6333333333333333000, 0.6500000000000000200, 0.6666666666666666300, 0.6833333333333333500, 0.6999999999999999600, 0.7166666666666666700, 0.7333333333333332800, 0.7500000000000000000, 0.7666666666666667200, 0.7833333333333333300, 0.8000000000000000400, 0.8166666666666666500, 0.8333333333333333700, 0.8499999999999999800, 0.8666666666666667000, 0.8833333333333333000, 0.9000000000000000200, 0.9166666666666666300, 0.9333333333333333500, 0.9499999999999999600, 0.9666666666666666700 ),
 .UNSPECIFIED. ) 
 GEOMETRIC_REPRESENTATION_ITEM ( )  RATIONAL_B_SPLINE_SURFACE ( (
 ( 1.000000000000000000, 0.8660254037844387100, 1.000000000000000000, 0.8660254037844387100, 1.000000000000000000, 0.8660254037844387100, 1.000000000000000000, 0.8660254037844387100, 1.000000000000000000, 0.8660254037844387100, 1.000000000000000000, 0.8660254037844387100, 1.000000000000000000, 0.8660254037844387100, 1.000000000000000000, 0.8660254037844387100, 1.000000000000000000, 0.8660254037844387100, 1.000000000000000000, 0.8660254037844387100, 1.000000000000000000, 0.8660254037844387100, 1.000000000000000000, 0.8660254037844387100, 1.000000000000000000, 0.8660254037844387100, 1.000000000000000000, 0.8660254037844387100, 1.000000000000000000, 0.8660254037844387100, 1.000000000000000000, 0.8660254037844387100, 1.000000000000000000, 0.8660254037844387100, 1.000000000000000000, 0.8660254037844387100, 1.000000000000000000, 0.8660254037844387100, 1.000000000000000000, 0.8660254037844387100, 1.000000000000000000, 0.8660254037844387100, 1.000000000000000000, 0.8660254037844387100, 1.000000000000000000, 0.8660254037844387100, 1.000000000000000000, 0.8660254037844387100, 1.000000000000000000, 0.8660254037844387100, 1.000000000000000000, 0.8660254037844387100, 1.000000000000000000, 0.8660254037844387100, 1.000000000000000000, 0.8660254037844387100, 1.000000000000000000, 0.8660254037844387100, 1.000000000000000000, 0.8660254037844387100, 1.000000000000000000, 0.8660254037844387100, 1.000000000000000000, 0.8660254037844387100, 1.000000000000000000, 0.8660254037844387100, 1.000000000000000000, 0.8660254037844387100, 1.000000000000000000, 0.8660254037844387100, 1.000000000000000000, 0.8660254037844387100, 1.000000000000000000, 0.8660254037844387100, 1.000000000000000000, 0.8660254037844387100, 1.000000000000000000, 0.8660254037844387100, 1.000000000000000000, 0.8660254037844387100, 1.000000000000000000, 0.8660254037844387100, 1.000000000000000000, 0.8660254037844387100, 1.000000000000000000, 0.8660254037844387100, 1.000000000000000000, 0.8660254037844387100, 1.000000000000000000, 0.8660254037844387100, 1.000000000000000000, 0.8660254037844387100, 1.000000000000000000, 0.8660254037844387100, 1.000000000000000000, 0.8660254037844387100, 1.000000000000000000, 0.8660254037844387100, 1.000000000000000000, 0.8660254037844387100, 1.000000000000000000, 0.8660254037844387100, 1.000000000000000000, 0.8660254037844387100, 1.000000000000000000, 0.8660254037844387100, 1.000000000000000000, 0.8660254037844387100, 1.000000000000000000, 0.8660254037844387100, 1.000000000000000000, 0.8660254037844387100, 1.000000000000000000, 0.8660254037844387100, 1.000000000000000000, 0.8660254037844387100, 1.000000000000000000),
 ( 1.000000000000000000, 0.8660254037844387100, 1.000000000000000000, 0.8660254037844387100, 1.000000000000000000, 0.8660254037844387100, 1.000000000000000000, 0.8660254037844387100, 1.000000000000000000, 0.8660254037844387100, 1.000000000000000000, 0.8660254037844387100, 1.000000000000000000, 0.8660254037844387100, 1.000000000000000000, 0.8660254037844387100, 1.000000000000000000, 0.8660254037844387100, 1.000000000000000000, 0.8660254037844387100, 1.000000000000000000, 0.8660254037844387100, 1.000000000000000000, 0.8660254037844387100, 1.000000000000000000, 0.8660254037844387100, 1.000000000000000000, 0.8660254037844387100, 1.000000000000000000, 0.8660254037844387100, 1.000000000000000000, 0.8660254037844387100, 1.000000000000000000, 0.8660254037844387100, 1.000000000000000000, 0.8660254037844387100, 1.000000000000000000, 0.8660254037844387100, 1.000000000000000000, 0.8660254037844387100, 1.000000000000000000, 0.8660254037844387100, 1.000000000000000000, 0.8660254037844387100, 1.000000000000000000, 0.8660254037844387100, 1.000000000000000000, 0.8660254037844387100, 1.000000000000000000, 0.8660254037844387100, 1.000000000000000000, 0.8660254037844387100, 1.000000000000000000, 0.8660254037844387100, 1.000000000000000000, 0.8660254037844387100, 1.000000000000000000, 0.8660254037844387100, 1.000000000000000000, 0.8660254037844387100, 1.000000000000000000, 0.8660254037844387100, 1.000000000000000000, 0.8660254037844387100, 1.000000000000000000, 0.8660254037844387100, 1.000000000000000000, 0.8660254037844387100, 1.000000000000000000, 0.8660254037844387100, 1.000000000000000000, 0.8660254037844387100, 1.000000000000000000, 0.8660254037844387100, 1.000000000000000000, 0.8660254037844387100, 1.000000000000000000, 0.8660254037844387100, 1.000000000000000000, 0.8660254037844387100, 1.000000000000000000, 0.8660254037844387100, 1.000000000000000000, 0.8660254037844387100, 1.000000000000000000, 0.8660254037844387100, 1.000000000000000000, 0.8660254037844387100, 1.000000000000000000, 0.8660254037844387100, 1.000000000000000000, 0.8660254037844387100, 1.000000000000000000, 0.8660254037844387100, 1.000000000000000000, 0.8660254037844387100, 1.000000000000000000, 0.8660254037844387100, 1.000000000000000000, 0.8660254037844387100, 1.000000000000000000, 0.8660254037844387100, 1.000000000000000000, 0.8660254037844387100, 1.000000000000000000, 0.8660254037844387100, 1.000000000000000000, 0.8660254037844387100, 1.000000000000000000, 0.8660254037844387100, 1.000000000000000000, 0.8660254037844387100, 1.000000000000000000, 0.8660254037844387100, 1.000000000000000000, 0.8660254037844387100, 1.000000000000000000) ) ) 
 REPRESENTATION_ITEM ( '' )  SURFACE ( )  );
#3895 = CYLINDRICAL_SURFACE ( 'NONE', #448, 1.250000000000000000 ) ;
#3896 = ORIENTED_EDGE ( 'NONE', *, *, #2265, .T. ) ;
#3897 = CARTESIAN_POINT ( 'NONE',  ( -4.861112545118564800, -0.8716891052088373600, -2.249999999999999600 ) ) ;
#3898 = CARTESIAN_POINT ( 'NONE',  ( -4.200000000000000200, -0.6250000000000004400, -1.082531754730548000 ) ) ;
#3899 = CARTESIAN_POINT ( 'NONE',  ( -2.049999999999998900, 0.0000000000000000000, 1.250000000000000000 ) ) ;
#3900 = CARTESIAN_POINT ( 'NONE',  ( 3.206250000000000300, 6.771535515813055000E-017, -1.105875672974062600 ) ) ;
#3901 = COORDINATED_UNIVERSAL_TIME_OFFSET ( 6, 0, .BEHIND. ) ;
#3902 = CARTESIAN_POINT ( 'NONE',  ( 3.225000000000000100, -0.4788582131113750000, -0.8294067547305470400 ) ) ;
#3903 = DIRECTION ( 'NONE',  ( -1.000000000000000000, -0.0000000000000000000, -0.0000000000000000000 ) ) ;
#3904 = DIRECTION ( 'NONE',  ( -1.000000000000000000, -0.0000000000000000000, -0.0000000000000000000 ) ) ;
#3905 = DIRECTION ( 'NONE',  ( 0.0000000000000000000, 0.0000000000000000000, -1.000000000000000000 ) ) ;
#3906 = CARTESIAN_POINT ( 'NONE',  ( -4.749038105676660000, 1.299038105676657800, 2.250000000000000000 ) ) ;
#3907 = CARTESIAN_POINT ( 'NONE',  ( -4.950000000000002800, -2.058803302138240400, 0.9340480779059851000 ) ) ;
#3908 = CARTESIAN_POINT ( 'NONE',  ( 2.118750000000000400, -0.4788582131113756100, 0.8294067547305467000 ) ) ;
#3909 = EDGE_CURVE ( 'NONE', #1060, #3766, #3020, .T. ) ;
#3910 = CARTESIAN_POINT ( 'NONE',  ( 2.132323573777248800, 0.0000000000000000000, -1.250000000000000000 ) ) ;
#3911 = ORIENTED_EDGE ( 'NONE', *, *, #2347, .F. ) ;
#3912 = CARTESIAN_POINT ( 'NONE',  ( -4.181249999999999500, 0.9577164262227465500, 0.5529378364870289900 ) ) ;
#3913 = CARTESIAN_POINT ( 'NONE',  ( 4.950000000000000200, 0.0000000000000000000, 0.0000000000000000000 ) ) ;
#3914 = CARTESIAN_POINT ( 'NONE',  ( 3.975000000000000100, -0.4788582131113756100, 0.8294067547305467000 ) ) ;
#3915 = VERTEX_POINT ( 'NONE', #3678 ) ;
#3916 = CARTESIAN_POINT ( 'NONE',  ( -4.860083767412380200, -2.851041040205793000E-011, 1.210883767412379100 ) ) ;
#3917 = ORIENTED_EDGE ( 'NONE', *, *, #2492, .T. ) ;
#3918 = CARTESIAN_POINT ( 'NONE',  ( -4.810229930904661400, -2.492088861051973600, 0.1835754756815208300 ) ) ;
#3919 = CARTESIAN_POINT ( 'NONE',  ( 1.331250000000000300, -0.9577164262227502200, -0.5529378364870316500 ) ) ;
#3920 = VERTEX_POINT ( 'NONE', #39 ) ;
#3921 = EDGE_CURVE ( 'NONE', #2435, #977, #2741, .T. ) ;
#3922 = CARTESIAN_POINT ( 'NONE',  ( 1.837500000000000600, 0.0000000000000000000, 0.0000000000000000000 ) ) ;
#3923 = B_SPLINE_CURVE_WITH_KNOTS ( 'NONE', 3,
 ( #1384, #1950, #2299, #1965 ),
 .UNSPECIFIED., .F., .F.,
 ( 4, 4 ),
 ( -0.0005294779501710702800, 1.844618858643464200E-005 ),
 .UNSPECIFIED. ) ;
#3924 = CARTESIAN_POINT ( 'NONE',  ( -2.943750000000001400, -0.6249999999999996700, 1.082531754730548400 ) ) ;
#3925 = CARTESIAN_POINT ( 'NONE',  ( -2.049999999999998900, 0.0000000000000000000, 0.0000000000000000000 ) ) ;
#3926 = CONICAL_SURFACE ( 'NONE', #2334, 2.250000000000000000, 1.047197551196600100 ) ;
#3927 = DIRECTION ( 'NONE',  ( -1.000000000000000000, -0.0000000000000000000, -0.0000000000000000000 ) ) ;
#3928 = CARTESIAN_POINT ( 'NONE',  ( 4.481250000000000200, -0.9577164262227502200, -0.5529378364870316500 ) ) ;
#3929 = CARTESIAN_POINT ( 'NONE',  ( -3.956249999999999800, -0.9577164262227470000, -0.5529378364870288800 ) ) ;
#3930 = VERTEX_POINT ( 'NONE', #2149 ) ;
#3931 = CARTESIAN_POINT ( 'NONE',  ( 3.000000000000000000, 0.4788582131113745000, 0.8294067547305473700 ) ) ;
#3932 =( BOUNDED_CURVE ( )  B_SPLINE_CURVE ( 2, ( #1852, #2504, #3708, #2488, #1825, #1519, #365, #3723, #679 ),
 .UNSPECIFIED., .F., .F. ) 
 B_SPLINE_CURVE_WITH_KNOTS ( ( 3, 2, 2, 2, 3 ),
 ( 0.5750000000000000700, 0.5833333333333333700, 0.5999999999999999800, 0.6166666666666667000, 0.6250000000000000000 ),
 .UNSPECIFIED. ) 
 CURVE ( )  GEOMETRIC_REPRESENTATION_ITEM ( )  RATIONAL_B_SPLINE_CURVE ( ( 0.9330127018922194100, 0.9330127018922198500, 1.000000000000000000, 0.8660254037844387100, 1.000000000000000000, 0.8660254037844387100, 1.000000000000000000, 0.9330127018922194100, 0.9330127018922194100 ) ) 
 REPRESENTATION_ITEM ( '' )  );
#3933 = CC_DESIGN_PERSON_AND_ORGANIZATION_ASSIGNMENT ( #782, #1596, ( #2712 ) ) ;
#3934 = ORIENTED_EDGE ( 'NONE', *, *, #3035, .T. ) ;
#3935 = DIRECTION ( 'NONE',  ( -1.000000000000000000, -0.0000000000000000000, -0.0000000000000000000 ) ) ;
#3936 = CARTESIAN_POINT ( 'NONE',  ( 3.806249999999999000, -1.250000000000000000, -0.7216878364870327200 ) ) ;
#3937 = LINE ( 'NONE', #3581, #1394 ) ;
#3938 = DATE_AND_TIME ( #877, #3264 ) ;
#3939 = DIRECTION ( 'NONE',  ( 0.0000000000000000000, 1.776356839400250500E-015, -1.000000000000000000 ) ) ;
#3940 = CARTESIAN_POINT ( 'NONE',  ( -4.620127303623306100, -1.764288414900303300E-012, 0.9709273036233039300 ) ) ;
#3941 = CARTESIAN_POINT ( 'NONE',  ( 3.431249999999997700, -2.033577675846917700E-015, -1.249999999999999800 ) ) ;
#3942 = CARTESIAN_POINT ( 'NONE',  ( 1.050000000000000500, 0.0000000000000000000, -1.250000000000000000 ) ) ;
#3943 = CARTESIAN_POINT ( 'NONE',  ( -4.743749999999998600, 0.4788582131113726700, -0.8294067547305441500 ) ) ;
#3944 = CARTESIAN_POINT ( 'NONE',  ( 3.712499999999999900, 6.771535515813055000E-017, -1.105875672974062600 ) ) ;
#3945 = CARTESIAN_POINT ( 'NONE',  ( 1.837500000000000600, 1.249999999999999800, 0.7216878364870329400 ) ) ;
#3946 = CARTESIAN_POINT ( 'NONE',  ( -2.587503834633450700, 6.391061151592461200E-005, 1.249999998366173600 ) ) ;
#3947 = CARTESIAN_POINT ( 'NONE',  ( -4.724091377581942200, -0.1494448135153306500, -1.074891377581941100 ) ) ;
#3948 = DIRECTION ( 'NONE',  ( 0.0000000000000000000, 0.0000000000000000000, -1.000000000000000000 ) ) ;
#3949 = AXIS2_PLACEMENT_3D ( 'NONE', #2733, #915, #1801 ) ;
#3950 = B_SPLINE_CURVE_WITH_KNOTS ( 'NONE', 3,
 ( #2062, #3277, #2388, #1159 ),
 .UNSPECIFIED., .F., .F.,
 ( 4, 4 ),
 ( 2.380746839933081600E-007, 0.001314652396222796700 ),
 .UNSPECIFIED. ) ;
#3951 = CARTESIAN_POINT ( 'NONE',  ( -2.868750000000001700, -1.250000000000000000, 1.530808498934191600E-016 ) ) ;
#3952 = DIRECTION ( 'NONE',  ( 1.000000000000000000, 0.0000000000000000000, 0.0000000000000000000 ) ) ;
#3953 = CARTESIAN_POINT ( 'NONE',  ( 1.050000000000000300, 1.948557158514986300, 1.125000000000000400 ) ) ;
#3954 = EDGE_LOOP ( 'NONE', ( #849, #2140, #2356 ) ) ;
#3955 = CARTESIAN_POINT ( 'NONE',  ( 4.968750000000000000, -0.4788582131113750000, -0.8294067547305470400 ) ) ;
#3956 = CARTESIAN_POINT ( 'NONE',  ( -3.056249999999999500, -0.9577164262227470000, -0.5529378364870288800 ) ) ;
#3957 = EDGE_LOOP ( 'NONE', ( #1502, #122, #528, #3960 ) ) ;
#3958 = CARTESIAN_POINT ( 'NONE',  ( 4.799999999999999800, 0.4788582131113745000, 0.8294067547305473700 ) ) ;
#3959 = CARTESIAN_POINT ( 'NONE',  ( 4.968750000000000000, -0.4788582131113750000, -0.8294067547305470400 ) ) ;
#3960 = ORIENTED_EDGE ( 'NONE', *, *, #824, .F. ) ;
#3961 = CARTESIAN_POINT ( 'NONE',  ( 4.862127497258535800, 2.823924734453857000E-011, 1.000372502741464500 ) ) ;
#3962 = CARTESIAN_POINT ( 'NONE',  ( -4.086153810567667600, 0.3349364905389027300, -1.250000000000000000 ) ) ;
#3963 = CARTESIAN_POINT ( 'NONE',  ( -2.399999999999999900, -0.6250000000000004400, -1.082531754730548000 ) ) ;
#3964 = VERTEX_POINT ( 'NONE', #708 ) ;
#3965 = CARTESIAN_POINT ( 'NONE',  ( 4.812181999227188800, 0.9425652511443986000, 0.4839673559459947100 ) ) ;
ENDSEC;
END-ISO-10303-21;
