ISO-10303-21;
HEADER;
FILE_DESCRIPTION (( 'STEP AP203' ),
    '1' );
FILE_NAME ('98952A113_Aluminum Male-Female Threaded Hex Standoff.STEP',
    '2021-07-10T01:27:25',
    ( 'Administrator' ),
    ( 'Managed by Terraform' ),
    'SwSTEP 2.0',
    'SolidWorks 2017',
    '' );
FILE_SCHEMA (( 'CONFIG_CONTROL_DESIGN' ));
ENDSEC;

DATA;
#1 = AXIS2_PLACEMENT_3D ( 'NONE', #509, #3740, #491 ) ;
#2 = PLANE ( 'NONE',  #2960 ) ;
#3 = ORIENTED_EDGE ( 'NONE', *, *, #1602, .F. ) ;
#4 = CARTESIAN_POINT ( 'NONE',  ( 8.525000000000000400, -0.4788582131113757200, 0.8294067547305469200 ) ) ;
#5 = FACE_OUTER_BOUND ( 'NONE', #1774, .T. ) ;
#6 = CARTESIAN_POINT ( 'NONE',  ( -8.656250000000001800, 1.888322127572138500E-015, -1.249999999999999800 ) ) ;
#7 = VECTOR ( 'NONE', #1630, 1000.000000000000000 ) ;
#8 = CARTESIAN_POINT ( 'NONE',  ( -9.199999999999999300, 0.4788582131113751100, 0.8294067547305464800 ) ) ;
#9 = EDGE_CURVE ( 'NONE', #4333, #664, #2669, .T. ) ;
#10 = CARTESIAN_POINT ( 'NONE',  ( 8.000000000000000000, -0.6249999999999996700, -1.082531754730548400 ) ) ;
#11 = ADVANCED_FACE ( 'NONE', ( #3822 ), #3422, .T. ) ;
#12 =( NAMED_UNIT ( * ) PLANE_ANGLE_UNIT ( ) SI_UNIT ( $, .RADIAN. ) );
#13 = CARTESIAN_POINT ( 'NONE',  ( 7.362500000000000700, 3.921899803419055800E-015, 1.250000000000000000 ) ) ;
#14 = CONICAL_SURFACE ( 'NONE', #3355, 2.250000000000000000, 1.047197551196600100 ) ;
#15 = CARTESIAN_POINT ( 'NONE',  ( 9.853179531218193800, -0.9995984707103857700, 0.1607889819678993100 ) ) ;
#16 = CARTESIAN_POINT ( 'NONE',  ( -6.537499999999999600, 0.9577164262227498800, 0.5529378364870308800 ) ) ;
#17 = EDGE_CURVE ( 'NONE', #3707, #289, #860, .T. ) ;
#18 = CARTESIAN_POINT ( 'NONE',  ( 8.599999999999999600, -0.9577164262227506600, -1.172864355864533800E-016 ) ) ;
#19 = FACE_OUTER_BOUND ( 'NONE', #1279, .T. ) ;
#20 = PRODUCT_DEFINITION_SHAPE ( 'NONE', 'NONE',  #4487 ) ;
#21 = DIRECTION ( 'NONE',  ( 0.0000000000000000000, 0.0000000000000000000, -1.000000000000000000 ) ) ;
#22 = CARTESIAN_POINT ( 'NONE',  ( -9.699517761122455900, 0.4074446530185644700, -0.9892399818412366300 ) ) ;
#23 = CARTESIAN_POINT ( 'NONE',  ( 8.732596189432335600, -0.3349364905389028400, 1.250000000000000200 ) ) ;
#24 = CARTESIAN_POINT ( 'NONE',  ( -8.543750000000001100, 1.249999999999999800, 0.0000000000000000000 ) ) ;
#25 = CARTESIAN_POINT ( 'NONE',  ( -7.100000000000000500, -0.6249999999999995600, 1.082531754730548400 ) ) ;
#26 = AXIS2_PLACEMENT_3D ( 'NONE', #1166, #1512, #2252 ) ;
#27 = CARTESIAN_POINT ( 'NONE',  ( -9.125000000000000000, -0.4788582131113747800, 0.8294067547305465900 ) ) ;
#28 = CARTESIAN_POINT ( 'NONE',  ( 9.725000000000001400, -1.250000000000000000, -1.530808498934191600E-016 ) ) ;
#29 = CARTESIAN_POINT ( 'NONE',  ( -9.930756665990566400, -1.728209346468581500, -1.506653605801014700 ) ) ;
#30 = EDGE_LOOP ( 'NONE', ( #2559, #1760, #3005 ) ) ;
#31 = EDGE_LOOP ( 'NONE', ( #3216, #837, #4210, #934, #2134, #1664, #710, #3849, #4660, #2466, #3160, #901, #2552, #1484, #3860, #601, #2014, #3622, #2075, #4146, #1317, #3798, #1293, #2277, #1325, #1358, #357 ) ) ;
#32 = CARTESIAN_POINT ( 'NONE',  ( 8.487500000000000700, -2.033577675846917700E-015, -1.249999999999999800 ) ) ;
#33 = CARTESIAN_POINT ( 'NONE',  ( -8.150000000000000400, -0.9577164262227499900, 1.172864355864533000E-016 ) ) ;
#34 = VERTEX_POINT ( 'NONE', #1673 ) ;
#35 = CARTESIAN_POINT ( 'NONE',  ( 6.087500000000000400, 0.9577164262227506600, -0.5529378364870313200 ) ) ;
#36 = CARTESIAN_POINT ( 'NONE',  ( -6.518749999999998900, 0.9577164262227499900, 0.0000000000000000000 ) ) ;
#37 = ADVANCED_FACE ( 'NONE', ( #2442 ), #4033, .T. ) ;
#38 = CARTESIAN_POINT ( 'NONE',  ( -7.342403810567667200, 0.3349364905389027300, -1.250000000000000000 ) ) ;
#39 = ORIENTED_EDGE ( 'NONE', *, *, #3479, .T. ) ;
#40 = CARTESIAN_POINT ( 'NONE',  ( 7.832596189432332600, -0.3349364905389028400, 1.250000000000000200 ) ) ;
#41 = DIRECTION ( 'NONE',  ( 1.000000000000000000, 0.0000000000000000000, 0.0000000000000000000 ) ) ;
#42 = ORIENTED_EDGE ( 'NONE', *, *, #105, .F. ) ;
#43 = CARTESIAN_POINT ( 'NONE',  ( -9.350000000000001400, 0.4788582131113742800, -0.8294067547305469200 ) ) ;
#44 = CARTESIAN_POINT ( 'NONE',  ( 7.475000000000000500, -1.250000000000000000, -1.530808498934191600E-016 ) ) ;
#45 = DATE_TIME_ROLE ( 'classification_date' ) ;
#46 = CARTESIAN_POINT ( 'NONE',  ( 8.037499999999999600, -2.033577675846917700E-015, -1.249999999999999800 ) ) ;
#47 = CARTESIAN_POINT ( 'NONE',  ( -9.331250000000000700, 8.838126989374222200E-017, 1.443375672974064100 ) ) ;
#48 = EDGE_CURVE ( 'NONE', #3212, #3618, #964, .T. ) ;
#49 = CARTESIAN_POINT ( 'NONE',  ( -6.200000000000001100, 0.4788582131113742800, -0.8294067547305469200 ) ) ;
#50 = CARTESIAN_POINT ( 'NONE',  ( 9.518749999999998900, 0.6249999999999991100, 1.082531754730548900 ) ) ;
#51 = ORIENTED_EDGE ( 'NONE', *, *, #766, .F. ) ;
#52 = CARTESIAN_POINT ( 'NONE',  ( -6.443749999999999600, 0.4788582131113751100, 0.8294067547305464800 ) ) ;
#53 = ORIENTED_EDGE ( 'NONE', *, *, #2427, .T. ) ;
#54 = CARTESIAN_POINT ( 'NONE',  ( -5.543750000000000200, 0.4788582131113751100, 0.8294067547305464800 ) ) ;
#55 = DIRECTION ( 'NONE',  ( 0.0000000000000000000, 0.0000000000000000000, -1.000000000000000000 ) ) ;
#56 = DIRECTION ( 'NONE',  ( 0.0000000000000000000, -0.5000000000000002200, 0.8660254037844384900 ) ) ;
#57 = ORIENTED_EDGE ( 'NONE', *, *, #740, .T. ) ;
#58 = CARTESIAN_POINT ( 'NONE',  ( -8.450000000000001100, 0.4788582131113742800, -0.8294067547305469200 ) ) ;
#59 = CARTESIAN_POINT ( 'NONE',  ( 9.856249999999999300, -0.9577164262227507700, 0.5529378364870311000 ) ) ;
#60 = CARTESIAN_POINT ( 'NONE',  ( -5.975000000000001400, 0.6249999999999990000, -1.082531754730548600 ) ) ;
#61 = CARTESIAN_POINT ( 'NONE',  ( -9.781250000000001800, 8.838126989374222200E-017, 1.443375672974064100 ) ) ;
#62 = CARTESIAN_POINT ( 'NONE',  ( 9.723941643233265700, -0.7167927722212788000, 0.8989071734194289400 ) ) ;
#63 = CARTESIAN_POINT ( 'NONE',  ( -8.375000000000000000, 0.9577164262227499900, 0.0000000000000000000 ) ) ;
#64 = CARTESIAN_POINT ( 'NONE',  ( 6.575000000000000200, 0.9577164262227506600, 0.0000000000000000000 ) ) ;
#65 = CARTESIAN_POINT ( 'NONE',  ( -5.393749999999999800, -0.9577164262227499900, 1.172864355864533000E-016 ) ) ;
#66 = CARTESIAN_POINT ( 'NONE',  ( -5.150000000000001200, 1.530808498934191600E-016, -1.250000000000000000 ) ) ;
#67 = LINE ( 'NONE', #1724, #1309 ) ;
#68 = CARTESIAN_POINT ( 'NONE',  ( -9.556249999999998600, -4.938688641342514700E-016, -1.249999999999999800 ) ) ;
#69 = CARTESIAN_POINT ( 'NONE',  ( 7.812500000000000000, 1.714015469642402100E-015, 1.250000000000000000 ) ) ;
#70 = CARTESIAN_POINT ( 'NONE',  ( -9.749038105676728300, -1.299038105676762800, -2.250000000000001300 ) ) ;
#71 = CARTESIAN_POINT ( 'NONE',  ( -9.883319447724272100, 0.6028836786319250500, 1.080486302639276800 ) ) ;
#72 = CARTESIAN_POINT ( 'NONE',  ( -7.887499999999999300, 0.9577164262227498800, 0.5529378364870308800 ) ) ;
#73 = CYLINDRICAL_SURFACE ( 'NONE', #243, 1.250000000000000000 ) ;
#74 = EDGE_CURVE ( 'NONE', #3599, #2719, #3189, .T. ) ;
#75 = CARTESIAN_POINT ( 'NONE',  ( 6.462500000000001200, -2.651438096812267400E-016, 1.443375672974064300 ) ) ;
#76 = PLANE ( 'NONE',  #26 ) ;
#77 = CARTESIAN_POINT ( 'NONE',  ( -9.068749999999999600, 0.6249999999999990000, -1.082531754730548600 ) ) ;
#78 = CARTESIAN_POINT ( 'NONE',  ( -7.887500000000000200, 0.9577164262227498800, 0.5529378364870308800 ) ) ;
#79 = AXIS2_PLACEMENT_3D ( 'NONE', #2777, #3168, #3538 ) ;
#80 = CARTESIAN_POINT ( 'NONE',  ( 9.031249999999998200, 1.249999999999999800, 0.7216878364870329400 ) ) ;
#81 = DIRECTION ( 'NONE',  ( 0.0000000000000000000, 0.0000000000000000000, 1.000000000000000000 ) ) ;
#82 = ORIENTED_EDGE ( 'NONE', *, *, #3909, .F. ) ;
#83 = CARTESIAN_POINT ( 'NONE',  ( -5.956250000000000700, -4.938688641342514700E-016, -1.249999999999999800 ) ) ;
#84 = CARTESIAN_POINT ( 'NONE',  ( 9.862127497258535800, 2.823831770902962200E-011, 1.000372502741466300 ) ) ;
#85 = CARTESIAN_POINT ( 'NONE',  ( -5.750000000000000900, -0.6249999999999995600, 1.082531754730548400 ) ) ;
#86 = CARTESIAN_POINT ( 'NONE',  ( -5.150000000000001200, 1.530808498934191600E-016, -1.250000000000000000 ) ) ;
#87 = CARTESIAN_POINT ( 'NONE',  ( -8.075000000000001100, 0.6250000000000000000, 1.082531754730548200 ) ) ;
#88 = CARTESIAN_POINT ( 'NONE',  ( -6.724999999999999600, -0.4788582131113754400, -0.8294067547305463700 ) ) ;
#89 = ORIENTED_EDGE ( 'NONE', *, *, #235, .T. ) ;
#90 = DATE_AND_TIME ( #423, #1043 ) ;
#91 = CARTESIAN_POINT ( 'NONE',  ( 6.312500000000000900, 1.250000000000000000, -0.7216878364870320500 ) ) ;
#92 = CARTESIAN_POINT ( 'NONE',  ( 6.049999999999999800, 0.0000000000000000000, -2.250000000000000000 ) ) ;
#93 = CARTESIAN_POINT ( 'NONE',  ( -10.23125000000000100, 8.838126989374222200E-017, 1.443375672974064100 ) ) ;
#94 = ORIENTED_EDGE ( 'NONE', *, *, #3119, .F. ) ;
#95 = CARTESIAN_POINT ( 'NONE',  ( 6.970984910727941600, 0.5392661737914478100, 0.9842111779789538600 ) ) ;
#96 = VERTEX_POINT ( 'NONE', #4304 ) ;
#97 = DIRECTION ( 'NONE',  ( -1.000000000000000000, -0.0000000000000000000, -0.0000000000000000000 ) ) ;
#98 = CARTESIAN_POINT ( 'NONE',  ( 6.049999999999999800, 0.0000000000000000000, -2.250000000000000000 ) ) ;
#99 = CARTESIAN_POINT ( 'NONE',  ( 10.30625000000000000, 1.250000000000000000, -0.7216878364870320500 ) ) ;
#100 = ORIENTED_EDGE ( 'NONE', *, *, #3959, .F. ) ;
#101 = CARTESIAN_POINT ( 'NONE',  ( 9.125000000000000000, -0.4788582131113751100, -0.8294067547305472600 ) ) ;
#102 = CARTESIAN_POINT ( 'NONE',  ( -8.937500000000003600, -9.877377282685031300E-016, 1.249999999999999800 ) ) ;
#103 = CARTESIAN_POINT ( 'NONE',  ( -5.693749999999999600, 0.4788582131113742800, -0.8294067547305469200 ) ) ;
#104 = DIRECTION ( 'NONE',  ( -1.000000000000000000, -0.0000000000000000000, -0.0000000000000000000 ) ) ;
#105 = EDGE_CURVE ( 'NONE', #1172, #119, #3356, .T. ) ;
#106 = CARTESIAN_POINT ( 'NONE',  ( -8.150000000000000400, 1.249999999999999800, 0.0000000000000000000 ) ) ;
#107 = CARTESIAN_POINT ( 'NONE',  ( -8.337500000000000400, 0.9577164262227498800, 0.5529378364870308800 ) ) ;
#108 = VERTEX_POINT ( 'NONE', #1411 ) ;
#109 = CARTESIAN_POINT ( 'NONE',  ( 9.893749999999998900, -0.9577164262227506600, -1.172864355864533800E-016 ) ) ;
#110 = DIRECTION ( 'NONE',  ( 0.0000000000000000000, 0.0000000000000000000, 1.000000000000000000 ) ) ;
#111 = CARTESIAN_POINT ( 'NONE',  ( -8.806250000000002100, -1.249999999999999800, 0.7216878364870323900 ) ) ;
#112 = EDGE_CURVE ( 'NONE', #1123, #2880, #3894, .T. ) ;
#113 = CARTESIAN_POINT ( 'NONE',  ( 6.947628315504591300, 0.9046413460377982200, 0.5787140223638989100 ) ) ;
#114 = CARTESIAN_POINT ( 'NONE',  ( -8.861153810567664400, -0.3349364905389030600, 1.249999999999999800 ) ) ;
#115 = ORIENTED_EDGE ( 'NONE', *, *, #261, .F. ) ;
#116 = CARTESIAN_POINT ( 'NONE',  ( -5.712500000000000400, 0.9577164262227496600, -0.5529378364870315400 ) ) ;
#117 = CARTESIAN_POINT ( 'NONE',  ( 8.731249999999999300, -1.250000000000000200, 0.7216878364870317200 ) ) ;
#118 = CARTESIAN_POINT ( 'NONE',  ( 9.387499999999999300, -2.031460654743916600E-016, 1.105875672974062900 ) ) ;
#119 = VERTEX_POINT ( 'NONE', #3633 ) ;
#120 = DIRECTION ( 'NONE',  ( 0.0000000000000000000, 1.776356839400250500E-015, -1.000000000000000000 ) ) ;
#121 = AXIS2_PLACEMENT_3D ( 'NONE', #1562, #2485, #3975 ) ;
#122 = CARTESIAN_POINT ( 'NONE',  ( 9.655643539359891400, -1.193755557603692200, -0.2121491926505385300 ) ) ;
#123 = CARTESIAN_POINT ( 'NONE',  ( -8.093750000000000000, -0.9577164262227499900, 1.172864355864533000E-016 ) ) ;
#124 = CARTESIAN_POINT ( 'NONE',  ( -7.362500000000001600, -2.651438096812266900E-016, -1.443375672974064100 ) ) ;
#125 = VECTOR ( 'NONE', #3114, 1000.000000000000000 ) ;
#126 = CARTESIAN_POINT ( 'NONE',  ( -7.475000000000000500, 0.9577164262227499900, 0.0000000000000000000 ) ) ;
#127 = CARTESIAN_POINT ( 'NONE',  ( 7.643749999999999800, -0.9577164262227506600, -1.172864355864533800E-016 ) ) ;
#128 = APPROVAL ( #722, 'UNSPECIFIED' ) ;
#129 = CARTESIAN_POINT ( 'NONE',  ( -5.993750000000001200, -0.6250000000000004400, -1.082531754730548000 ) ) ;
#130 = CARTESIAN_POINT ( 'NONE',  ( 6.881226030497606900, 0.6434793476429860900, -0.7761034904522470200 ) ) ;
#131 = CARTESIAN_POINT ( 'NONE',  ( -8.806250000000002100, -1.249999999999999600, 0.7216878364870325000 ) ) ;
#132 = CARTESIAN_POINT ( 'NONE',  ( 7.681249999999998600, 1.249999999999999800, 0.7216878364870329400 ) ) ;
#133 = CARTESIAN_POINT ( 'NONE',  ( -9.275000000000000400, -1.249999999999999800, 1.530808498934191300E-016 ) ) ;
#134 = CARTESIAN_POINT ( 'NONE',  ( -9.632596189432334200, -0.3349364905389034000, -1.249999999999999800 ) ) ;
#135 = CARTESIAN_POINT ( 'NONE',  ( -6.181249999999999500, -2.031460654743915200E-016, -1.105875672974062000 ) ) ;
#136 = CYLINDRICAL_SURFACE ( 'NONE', #4288, 1.250000000000000000 ) ;
#137 = CARTESIAN_POINT ( 'NONE',  ( -5.600000000000000500, -0.6250000000000004400, -1.082531754730548000 ) ) ;
#138 = CARTESIAN_POINT ( 'NONE',  ( -9.256249999999999600, 0.9577164262227496600, -0.5529378364870315400 ) ) ;
#139 = CARTESIAN_POINT ( 'NONE',  ( -8.450000000000001100, -0.6249999999999995600, 1.082531754730548400 ) ) ;
#140 = CARTESIAN_POINT ( 'NONE',  ( -6.500000000000000900, 0.4788582131113751100, 0.8294067547305464800 ) ) ;
#141 = EDGE_CURVE ( 'NONE', #3707, #2235, #540, .T. ) ;
#142 = CARTESIAN_POINT ( 'NONE',  ( 8.768749999999998900, 0.9577164262227506600, 0.0000000000000000000 ) ) ;
#143 = CARTESIAN_POINT ( 'NONE',  ( -5.318749999999999600, -0.4788582131113754400, -0.8294067547305463700 ) ) ;
#144 = CARTESIAN_POINT ( 'NONE',  ( -5.843750000000000900, 1.249999999999999800, 0.0000000000000000000 ) ) ;
#145 = CARTESIAN_POINT ( 'NONE',  ( -5.600000000000000500, 0.4788582131113751100, 0.8294067547305464800 ) ) ;
#146 = CARTESIAN_POINT ( 'NONE',  ( 8.131249999999999600, 1.249999999999999800, 0.7216878364870329400 ) ) ;
#147 = CARTESIAN_POINT ( 'NONE',  ( 9.500000000000000000, -0.9577164262227506600, -1.172864355864533800E-016 ) ) ;
#148 = CARTESIAN_POINT ( 'NONE',  ( 9.706249999999998900, 0.9577164262227503300, 0.5529378364870319900 ) ) ;
#149 = VERTEX_POINT ( 'NONE', #1804 ) ;
#150 = CARTESIAN_POINT ( 'NONE',  ( 7.793749999999998400, -0.6250000000000005600, 1.082531754730548200 ) ) ;
#151 = DIRECTION ( 'NONE',  ( -1.000000000000000000, -0.0000000000000000000, -0.0000000000000000000 ) ) ;
#152 = CARTESIAN_POINT ( 'NONE',  ( -9.181249999999998600, 0.9577164262227498800, 0.5529378364870308800 ) ) ;
#153 = CARTESIAN_POINT ( 'NONE',  ( -9.425000000000000700, 0.6250000000000000000, 1.082531754730548200 ) ) ;
#154 = AXIS2_PLACEMENT_3D ( 'NONE', #4653, #3883, #4250 ) ;
#155 = CARTESIAN_POINT ( 'NONE',  ( -8.993750000000000400, -0.9577164262227499900, 1.172864355864533000E-016 ) ) ;
#156 = ORIENTED_EDGE ( 'NONE', *, *, #2862, .F. ) ;
#157 = CARTESIAN_POINT ( 'NONE',  ( 7.831249999999999800, 0.9577164262227506600, -0.5529378364870313200 ) ) ;
#158 = CARTESIAN_POINT ( 'NONE',  ( -7.418750000000001100, -1.249999999999999800, 1.530808498934191300E-016 ) ) ;
#159 = CARTESIAN_POINT ( 'NONE',  ( 8.506249999999999600, -0.9577164262227507700, 0.5529378364870311000 ) ) ;
#160 = CARTESIAN_POINT ( 'NONE',  ( 7.081249999999999800, 8.838126989374223500E-017, -1.443375672974064300 ) ) ;
#161 = CARTESIAN_POINT ( 'NONE',  ( 8.037499999999999600, -2.031460654743916600E-016, 1.105875672974062900 ) ) ;
#162 = DIRECTION ( 'NONE',  ( -1.000000000000000000, -0.0000000000000000000, -0.0000000000000000000 ) ) ;
#163 = CARTESIAN_POINT ( 'NONE',  ( 6.049999999999999800, 1.530808498934191600E-016, 1.250000000000000000 ) ) ;
#164 = CARTESIAN_POINT ( 'NONE',  ( -5.150000000000001200, 0.0000000000000000000, 0.0000000000000000000 ) ) ;
#165 = CARTESIAN_POINT ( 'NONE',  ( -10.11874999999999900, 0.9577164262227499900, 0.0000000000000000000 ) ) ;
#166 = CARTESIAN_POINT ( 'NONE',  ( -9.218750000000000000, 0.9577164262227499900, 0.0000000000000000000 ) ) ;
#167 = EDGE_CURVE ( 'NONE', #1052, #3228, #2844, .T. ) ;
#168 = CARTESIAN_POINT ( 'NONE',  ( -6.125000000000000000, -1.249999999999999800, 1.530808498934191300E-016 ) ) ;
#169 = ORIENTED_EDGE ( 'NONE', *, *, #791, .F. ) ;
#170 = CARTESIAN_POINT ( 'NONE',  ( -9.931249999999998600, -0.9577164262227497700, 0.5529378364870313200 ) ) ;
#171 = CARTESIAN_POINT ( 'NONE',  ( 7.268749999999998900, -0.4788582131113751100, -0.8294067547305472600 ) ) ;
#172 = ORIENTED_EDGE ( 'NONE', *, *, #4164, .F. ) ;
#173 = CARTESIAN_POINT ( 'NONE',  ( -6.406250000000000000, -2.651438096812266900E-016, -1.443375672974064100 ) ) ;
#174 =( BOUNDED_CURVE ( )  B_SPLINE_CURVE ( 2, ( #1161, #3729, #2576, #2964, #788, #4413, #2562, #4383, #3711 ),
 .UNSPECIFIED., .F., .F. ) 
 B_SPLINE_CURVE_WITH_KNOTS ( ( 3, 2, 2, 2, 3 ),
 ( 0.4772727272727272900, 0.4848484848484848600, 0.5000000000000000000, 0.5151515151515151400, 0.5227272727272727100 ),
 .UNSPECIFIED. ) 
 CURVE ( )  GEOMETRIC_REPRESENTATION_ITEM ( )  RATIONAL_B_SPLINE_CURVE ( ( 0.9330127018922194100, 0.9330127018922194100, 1.000000000000000000, 0.8660254037844387100, 1.000000000000000000, 0.8660254037844387100, 1.000000000000000000, 0.9330127018922194100, 0.9330127018922194100 ) ) 
 REPRESENTATION_ITEM ( '' )  );
#175 = CARTESIAN_POINT ( 'NONE',  ( 6.856249999999998400, 6.771535515813057500E-017, -1.105875672974062900 ) ) ;
#176 = CYLINDRICAL_SURFACE ( 'NONE', #3464, 1.250000000000000000 ) ;
#177 = CARTESIAN_POINT ( 'NONE',  ( 7.587499999999999500, 1.743066579297358300E-016, -1.250000000000000000 ) ) ;
#178 = CARTESIAN_POINT ( 'NONE',  ( 6.706249999999999800, 1.250000000000000000, -0.7216878364870320500 ) ) ;
#179 = CARTESIAN_POINT ( 'NONE',  ( -9.950000000000001100, 0.0000000000000000000, 0.0000000000000000000 ) ) ;
#180 = CARTESIAN_POINT ( 'NONE',  ( 7.175000000000000700, -0.4788582131113757200, 0.8294067547305469200 ) ) ;
#181 = CARTESIAN_POINT ( 'NONE',  ( 9.668749999999999300, 0.9577164262227506600, 0.0000000000000000000 ) ) ;
#182 = LINE ( 'NONE', #3432, #4357 ) ;
#183 = CARTESIAN_POINT ( 'NONE',  ( -7.718750000000000900, 0.6249999999999990000, -1.082531754730548600 ) ) ;
#184 = CARTESIAN_POINT ( 'NONE',  ( -5.711153810567665800, -0.3349364905389052800, 1.249999999999998200 ) ) ;
#185 = CARTESIAN_POINT ( 'NONE',  ( -6.312500000000000900, 1.250000000000000000, 0.7216878364870319400 ) ) ;
#186 = CARTESIAN_POINT ( 'NONE',  ( -9.218750000000000000, 0.9577164262227499900, 0.0000000000000000000 ) ) ;
#187 = FACE_OUTER_BOUND ( 'NONE', #3725, .T. ) ;
#188 = CARTESIAN_POINT ( 'NONE',  ( 8.243749999999998600, 0.4788582131113754400, -0.8294067547305471500 ) ) ;
#189 = CARTESIAN_POINT ( 'NONE',  ( -6.201346189432335600, 0.3349364905389034000, 1.249999999999999600 ) ) ;
#190 = CARTESIAN_POINT ( 'NONE',  ( -6.856250000000001100, -2.651438096812266900E-016, -1.443375672974064100 ) ) ;
#191 = CARTESIAN_POINT ( 'NONE',  ( 7.006249999999998800, 0.9577164262227503300, 0.5529378364870319900 ) ) ;
#192 = CARTESIAN_POINT ( 'NONE',  ( -9.950000000000001100, -1.948557158514987200, 1.124999999999998900 ) ) ;
#193 = CARTESIAN_POINT ( 'NONE',  ( 6.143749999999998900, -0.6249999999999996700, -1.082531754730548400 ) ) ;
#194 = DIRECTION ( 'NONE',  ( 0.0000000000000000000, 0.0000000000000000000, 1.000000000000000000 ) ) ;
#195 = LINE ( 'NONE', #3389, #749 ) ;
#196 = CARTESIAN_POINT ( 'NONE',  ( 7.137500000000001100, -2.031460654743916600E-016, 1.105875672974062900 ) ) ;
#197 = CARTESIAN_POINT ( 'NONE',  ( 9.818749999999999600, -0.4788582131113757200, 0.8294067547305469200 ) ) ;
#198 = CARTESIAN_POINT ( 'NONE',  ( -9.837499999999998600, 1.743066579297358300E-016, 1.249999999999999600 ) ) ;
#199 = DIRECTION ( 'NONE',  ( -1.000000000000000000, -0.0000000000000000000, -0.0000000000000000000 ) ) ;
#200 = CARTESIAN_POINT ( 'NONE',  ( -9.950000000000001100, 0.0000000000000000000, 0.0000000000000000000 ) ) ;
#201 = CARTESIAN_POINT ( 'NONE',  ( -7.156250000000000000, -0.9577164262227502200, -0.5529378364870306500 ) ) ;
#202 = CARTESIAN_POINT ( 'NONE',  ( -5.412500000000000500, -0.9577164262227502200, -0.5529378364870306500 ) ) ;
#203 = ORIENTED_EDGE ( 'NONE', *, *, #1393, .T. ) ;
#204 =( BOUNDED_CURVE ( )  B_SPLINE_CURVE ( 2, ( #1308, #3852, #3821, #4538, #2763 ),
 .UNSPECIFIED., .F., .F. ) 
 B_SPLINE_CURVE_WITH_KNOTS ( ( 3, 2, 3 ),
 ( 0.1622836050446069800, 0.1666666666666666600, 0.1749999999999999900 ),
 .UNSPECIFIED. ) 
 CURVE ( )  GEOMETRIC_REPRESENTATION_ITEM ( )  RATIONAL_B_SPLINE_CURVE ( ( 0.9480652107220748400, 0.9647668653397978300, 1.000000000000000000, 0.9330127018922194100, 0.9330127018922194100 ) ) 
 REPRESENTATION_ITEM ( '' )  );
#205 = EDGE_CURVE ( 'NONE', #1231, #1967, #3112, .T. ) ;
#206 = CARTESIAN_POINT ( 'NONE',  ( 5.849038105676782200, -1.299038105676844100, 2.250000000000000900 ) ) ;
#207 = CARTESIAN_POINT ( 'NONE',  ( -9.871727692845874800, 1.511542704210576900, -1.881931238497227500 ) ) ;
#208 = CARTESIAN_POINT ( 'NONE',  ( -9.350000000000001400, 0.4788582131113742800, -0.8294067547305469200 ) ) ;
#209 = ORIENTED_EDGE ( 'NONE', *, *, #539, .F. ) ;
#210 = PERSON_AND_ORGANIZATION ( #2017, #1691 ) ;
#211 = CARTESIAN_POINT ( 'NONE',  ( 8.018750000000000700, -0.4788582131113757200, 0.8294067547305469200 ) ) ;
#212 = CARTESIAN_POINT ( 'NONE',  ( 6.443749999999998800, -0.6250000000000005600, 1.082531754730548200 ) ) ;
#213 = CARTESIAN_POINT ( 'NONE',  ( 9.536153810567665100, 0.3349364905389027300, 1.250000000000000000 ) ) ;
#214 = ORIENTED_EDGE ( 'NONE', *, *, #1811, .F. ) ;
#215 = ORIENTED_EDGE ( 'NONE', *, *, #1417, .T. ) ;
#216 = B_SPLINE_CURVE_WITH_KNOTS ( 'NONE', 3,
 ( #881, #4540, #3836, #612 ),
 .UNSPECIFIED., .F., .F.,
 ( 4, 4 ),
 ( 2.516051395293434900E-017, 7.359282866868179300E-005 ),
 .UNSPECIFIED. ) ;
#217 = CARTESIAN_POINT ( 'NONE',  ( 9.556249999999998600, 6.771535515813057500E-017, -1.105875672974062900 ) ) ;
#218 = CARTESIAN_POINT ( 'NONE',  ( 5.849038105676782200, -1.299038105676844100, 2.250000000000000900 ) ) ;
#219 = ORIENTED_EDGE ( 'NONE', *, *, #4463, .T. ) ;
#220 = CARTESIAN_POINT ( 'NONE',  ( -9.950000000000001100, 0.0000000000000000000, 0.0000000000000000000 ) ) ;
#221 = CARTESIAN_POINT ( 'NONE',  ( -6.631249999999999600, -2.031460654743915200E-016, -1.105875672974062000 ) ) ;
#222 = CARTESIAN_POINT ( 'NONE',  ( -6.350000000000000500, 1.249999999999999800, 0.0000000000000000000 ) ) ;
#223 = CARTESIAN_POINT ( 'NONE',  ( -7.756249999999999600, 6.771535515813051300E-017, 1.105875672974062000 ) ) ;
#224 = CARTESIAN_POINT ( 'NONE',  ( 6.443749999999999600, 0.4788582131113754400, -0.8294067547305471500 ) ) ;
#225 = CARTESIAN_POINT ( 'NONE',  ( 7.756249999999997900, 3.921899803419055800E-015, 1.250000000000000000 ) ) ;
#226 = CARTESIAN_POINT ( 'NONE',  ( -8.675000000000000700, -0.4788582131113747800, 0.8294067547305465900 ) ) ;
#227 = CARTESIAN_POINT ( 'NONE',  ( 7.343750000000000000, 0.4788582131113754400, -0.8294067547305471500 ) ) ;
#228 = ORIENTED_EDGE ( 'NONE', *, *, #3904, .T. ) ;
#229 = CARTESIAN_POINT ( 'NONE',  ( -9.860083767412380200, -2.849800557823526300E-011, 1.210883767412380500 ) ) ;
#230 = CARTESIAN_POINT ( 'NONE',  ( -9.368750000000000400, 0.6250000000000000000, 1.082531754730548200 ) ) ;
#231 = ORIENTED_EDGE ( 'NONE', *, *, #3051, .F. ) ;
#232 = CARTESIAN_POINT ( 'NONE',  ( -7.231250000000001100, 1.249999999999999300, -0.7216878364870328300 ) ) ;
#233 = CARTESIAN_POINT ( 'NONE',  ( -8.956249999999998900, -0.9577164262227502200, -0.5529378364870306500 ) ) ;
#234 = CARTESIAN_POINT ( 'NONE',  ( -7.231250000000001100, -0.9577164262227497700, 0.5529378364870313200 ) ) ;
#235 = EDGE_CURVE ( 'NONE', #3225, #4554, #2081, .T. ) ;
#236 = CARTESIAN_POINT ( 'NONE',  ( -5.787500000000000500, 8.838126989374222200E-017, 1.443375672974064100 ) ) ;
#237 = ORIENTED_EDGE ( 'NONE', *, *, #1728, .T. ) ;
#238 = CARTESIAN_POINT ( 'NONE',  ( -7.643749999999999800, -0.9577164262227499900, 1.172864355864533000E-016 ) ) ;
#239 =( BOUNDED_CURVE ( )  B_SPLINE_CURVE ( 2, ( #4528, #2685, #3065, #1937, #3748, #3033, #4499, #1924, #835, #3792, #4482, #138, #166, #152, #1263, #3764, #2665, #1617, #1199, #2701, #3408, #889, #1601, #4160, #3427, #2629, #516, #3017, #4126, #1955, #1247, #4098, #1551, #853, #2646, #4143, #1971, #4513, #3376, #4462, #3393, #2327, #123, #478, #2279, #1212, #586, #3826, #936, #3842, #2393, #4207, #251, #2358, #949, #2037, #3132, #4545, #1298, #1668, #4577, #2378, #3462, #1281, #2345, #234, #3498, #201, #599, #1314, #3115, #569, #2020, #3858, #2721, #3101, #1650, #4174, #923, #1635, #2004, #221, #2733, #3478, #4190, #2753, #4560, #3350, #2729, #1806, #3920, #2123, #1406, #135, #515, #3406, #460, #442, #476, #3391, #1564, #817, #3375, #4083, #4480, #1159, #103, #3047, #1227, #4111, #4444, #3000, #1936, #4065, #1535, #2592, #3761 ),
 .UNSPECIFIED., .F., .F. ) 
 B_SPLINE_CURVE_WITH_KNOTS ( ( 3, 2, 2, 2, 2, 2, 2, 2, 2, 2, 2, 2, 2, 2, 2, 2, 2, 2, 2, 2, 2, 2, 2, 2, 2, 2, 2, 2, 2, 2, 2, 2, 2, 2, 2, 2, 2, 2, 2, 2, 2, 2, 2, 2, 2, 2, 2, 2, 2, 2, 2, 2, 2, 2, 2, 2, 2, 2, 3 ),
 ( 0.1031989281347432100, 0.1060606060606060600, 0.1212121212121212200, 0.1363636363636363500, 0.1515151515151515200, 0.1666666666666666600, 0.1818181818181818200, 0.1969696969696969600, 0.2121212121212121300, 0.2272727272727272700, 0.2424242424242424300, 0.2575757575757575700, 0.2727272727272727100, 0.2878787878787879000, 0.3030303030303030400, 0.3181818181818181800, 0.3333333333333333100, 0.3484848484848485100, 0.3636363636363636500, 0.3787878787878787800, 0.3939393939393939200, 0.4090909090909090600, 0.4242424242424242000, 0.4393939393939393400, 0.4545454545454545900, 0.4696969696969698300, 0.4848484848484848600, 0.5000000000000000000, 0.5151515151515151400, 0.5303030303030303900, 0.5454545454545454100, 0.5606060606060605500, 0.5757575757575758000, 0.5909090909090909400, 0.6060606060606060800, 0.6212121212121212200, 0.6363636363636363500, 0.6515151515151514900, 0.6666666666666666300, 0.6818181818181817700, 0.6969696969696970200, 0.7121212121212121500, 0.7272727272727272900, 0.7424242424242424300, 0.7575757575757575700, 0.7727272727272726000, 0.7878787878787878500, 0.8030303030303029800, 0.8181818181818182300, 0.8333333333333333700, 0.8484848484848485100, 0.8636363636363636500, 0.8787878787878787800, 0.8939393939393939200, 0.9090909090909090600, 0.9242424242424243100, 0.9393939393939394500, 0.9545454545454545900, 0.9696969696969697200 ),
 .UNSPECIFIED. ) 
 CURVE ( )  GEOMETRIC_REPRESENTATION_ITEM ( )  RATIONAL_B_SPLINE_CURVE ( ( 0.9589505627322974000, 0.9746961184553135600, 1.000000000000000000, 0.8660254037844387100, 1.000000000000000000, 0.8660254037844387100, 1.000000000000000000, 0.8660254037844387100, 1.000000000000000000, 0.8660254037844387100, 1.000000000000000000, 0.8660254037844387100, 1.000000000000000000, 0.8660254037844387100, 1.000000000000000000, 0.8660254037844387100, 1.000000000000000000, 0.8660254037844387100, 1.000000000000000000, 0.8660254037844387100, 1.000000000000000000, 0.8660254037844387100, 1.000000000000000000, 0.8660254037844387100, 1.000000000000000000, 0.8660254037844387100, 1.000000000000000000, 0.8660254037844387100, 1.000000000000000000, 0.8660254037844387100, 1.000000000000000000, 0.8660254037844387100, 1.000000000000000000, 0.8660254037844387100, 1.000000000000000000, 0.8660254037844387100, 1.000000000000000000, 0.8660254037844387100, 1.000000000000000000, 0.8660254037844387100, 1.000000000000000000, 0.8660254037844387100, 1.000000000000000000, 0.8660254037844387100, 1.000000000000000000, 0.8660254037844387100, 1.000000000000000000, 0.8660254037844387100, 1.000000000000000000, 0.8660254037844387100, 1.000000000000000000, 0.8660254037844387100, 1.000000000000000000, 0.8660254037844387100, 1.000000000000000000, 0.8660254037844387100, 1.000000000000000000, 0.8660254037844387100, 1.000000000000000000, 0.8660254037844387100, 1.000000000000000000, 0.8660254037844387100, 1.000000000000000000, 0.8660254037844387100, 1.000000000000000000, 0.8660254037844387100, 1.000000000000000000, 0.8660254037844387100, 1.000000000000000000, 0.8660254037844387100, 1.000000000000000000, 0.8660254037844387100, 1.000000000000000000, 0.8660254037844387100, 1.000000000000000000, 0.8660254037844387100, 1.000000000000000000, 0.8660254037844387100, 1.000000000000000000, 0.8660254037844387100, 1.000000000000000000, 0.8660254037844387100, 1.000000000000000000, 0.8660254037844387100, 1.000000000000000000, 0.8660254037844387100, 1.000000000000000000, 0.8660254037844387100, 1.000000000000000000, 0.8660254037844387100, 1.000000000000000000, 0.8660254037844387100, 1.000000000000000000, 0.8660254037844387100, 1.000000000000000000, 0.8660254037844387100, 1.000000000000000000, 0.8660254037844387100, 1.000000000000000000, 0.8660254037844387100, 1.000000000000000000, 0.8660254037844387100, 1.000000000000000000, 0.8660254037844387100, 1.000000000000000000, 0.8660254037844387100, 1.000000000000000000, 0.8660254037844387100, 1.000000000000000000, 0.8660254037844387100, 1.000000000000000000, 0.8660254037844387100, 1.000000000000000000, 0.8660254037844387100, 1.000000000000000000, 0.8660254037844387100, 1.000000000000000000 ) ) 
 REPRESENTATION_ITEM ( '' )  );
#240 = DIRECTION ( 'NONE',  ( 1.000000000000000000, 0.0000000000000000000, 0.0000000000000000000 ) ) ;
#241 = CARTESIAN_POINT ( 'NONE',  ( -9.930544698292783000, 0.4427412963961619400, -2.250000000000001800 ) ) ;
#242 = CARTESIAN_POINT ( 'NONE',  ( -5.693750000000000500, -0.6249999999999995600, 1.082531754730548400 ) ) ;
#243 = AXIS2_PLACEMENT_3D ( 'NONE', #723, #779, #3270 ) ;
#244 = CARTESIAN_POINT ( 'NONE',  ( 9.462500000000000400, -0.9577164262227507700, 0.5529378364870311000 ) ) ;
#245 = CARTESIAN_POINT ( 'NONE',  ( -6.893750000000000700, -0.6250000000000004400, -1.082531754730548000 ) ) ;
#246 = VECTOR ( 'NONE', #2273, 1000.000000000000000 ) ;
#247 = B_SPLINE_CURVE_WITH_KNOTS ( 'NONE', 1,
 ( #2599, #143 ),
 .UNSPECIFIED., .F., .F.,
 ( 2, 2 ),
 ( 0.0000000000000000000, 1.000000000000000000 ),
 .UNSPECIFIED. ) ;
#248 = CARTESIAN_POINT ( 'NONE',  ( 7.568749999999998800, -0.4788582131113757200, 0.8294067547305469200 ) ) ;
#249 = LINE ( 'NONE', #4581, #1700 ) ;
#250 = CARTESIAN_POINT ( 'NONE',  ( -8.468749999999998200, -0.4788582131113754400, -0.8294067547305463700 ) ) ;
#251 = CARTESIAN_POINT ( 'NONE',  ( -7.718750000000000000, -0.4788582131113747800, 0.8294067547305465900 ) ) ;
#252 = CARTESIAN_POINT ( 'NONE',  ( 9.237500000000000700, 0.9577164262227506600, -0.5529378364870313200 ) ) ;
#253 = CARTESIAN_POINT ( 'NONE',  ( -6.706249999999999800, -0.9577164262227502200, -0.5529378364870306500 ) ) ;
#254 = CIRCLE ( 'NONE', #1517, 1.250000000000000000 ) ;
#255 = CARTESIAN_POINT ( 'NONE',  ( 6.181249999999999500, -2.031460654743916600E-016, 1.105875672974062900 ) ) ;
#256 = CARTESIAN_POINT ( 'NONE',  ( -5.150000000000001200, 0.0000000000000000000, 0.0000000000000000000 ) ) ;
#257 = CARTESIAN_POINT ( 'NONE',  ( -9.275000000000000400, 0.9577164262227499900, 0.0000000000000000000 ) ) ;
#258 = CARTESIAN_POINT ( 'NONE',  ( 8.224999999999999600, -0.4788582131113751100, -0.8294067547305472600 ) ) ;
#259 = CARTESIAN_POINT ( 'NONE',  ( -5.412500000000000500, 1.250000000000000000, 0.7216878364870319400 ) ) ;
#260 = CARTESIAN_POINT ( 'NONE',  ( -7.831250000000001600, -1.250000000000000000, -0.7216878364870316100 ) ) ;
#261 = EDGE_CURVE ( 'NONE', #3496, #4469, #1697, .T. ) ;
#262 = CARTESIAN_POINT ( 'NONE',  ( 7.006249999999998800, 0.9577164262227503300, 0.5529378364870319900 ) ) ;
#263 = ORIENTED_EDGE ( 'NONE', *, *, #1508, .T. ) ;
#264 =( BOUNDED_CURVE ( )  B_SPLINE_CURVE ( 2, ( #2818, #2501, #2849, #3208, #355, #4275, #2114, #1014, #3252 ),
 .UNSPECIFIED., .F., .F. ) 
 B_SPLINE_CURVE_WITH_KNOTS ( ( 3, 2, 2, 2, 3 ),
 ( 0.7500000000000000000, 0.7575757575757575700, 0.7727272727272727100, 0.7878787878787878500, 0.7954545454545454100 ),
 .UNSPECIFIED. ) 
 CURVE ( )  GEOMETRIC_REPRESENTATION_ITEM ( )  RATIONAL_B_SPLINE_CURVE ( ( 0.9330127018922194100, 0.9330127018922194100, 1.000000000000000000, 0.8660254037844387100, 1.000000000000000000, 0.8660254037844387100, 1.000000000000000000, 0.9330127018922194100, 0.9330127018922194100 ) ) 
 REPRESENTATION_ITEM ( '' )  );
#265 = CARTESIAN_POINT ( 'NONE',  ( -8.018750000000000700, -0.4788582131113754400, -0.8294067547305463700 ) ) ;
#266 = CARTESIAN_POINT ( 'NONE',  ( 9.199999999999999300, 0.4788582131113754400, -0.8294067547305471500 ) ) ;
#267 = CARTESIAN_POINT ( 'NONE',  ( -8.618750000000000400, -0.4788582131113747800, 0.8294067547305465900 ) ) ;
#268 = ORIENTED_EDGE ( 'NONE', *, *, #4502, .T. ) ;
#269 = EDGE_CURVE ( 'NONE', #1235, #96, #3046, .T. ) ;
#270 = CARTESIAN_POINT ( 'NONE',  ( 8.768749999999998900, -1.250000000000000000, -1.530808498934191600E-016 ) ) ;
#271 = CARTESIAN_POINT ( 'NONE',  ( 8.581249999999998900, 1.249999999999999600, 0.7216878364870329400 ) ) ;
#272 = CARTESIAN_POINT ( 'NONE',  ( 9.106249999999999300, 1.714015469642402100E-015, 1.250000000000000000 ) ) ;
#273 = CARTESIAN_POINT ( 'NONE',  ( -9.612499999999998900, 6.771535515813051300E-017, 1.105875672974062000 ) ) ;
#274 = CARTESIAN_POINT ( 'NONE',  ( 9.762500000000001100, 0.9577164262227503300, 0.5529378364870319900 ) ) ;
#275 = ORIENTED_EDGE ( 'NONE', *, *, #2005, .F. ) ;
#276 = CARTESIAN_POINT ( 'NONE',  ( -7.850000000000001400, -0.6250000000000004400, -1.082531754730548000 ) ) ;
#277 = CARTESIAN_POINT ( 'NONE',  ( -7.961153810567667600, -0.3349364905389030600, 1.249999999999999800 ) ) ;
#278 = B_SPLINE_CURVE_WITH_KNOTS ( 'NONE', 3,
 ( #2838, #3914, #4218, #3182, #1373, #626, #2418, #4612, #3198, #4598, #4249, #3901, #655, #3929 ),
 .UNSPECIFIED., .F., .F.,
 ( 4, 2, 2, 2, 2, 2, 4 ),
 ( 0.003466405624431252000, 0.003919050460591306700, 0.004371695296751361400, 0.004824340132911417000, 0.005276984969071471700, 0.006182274641391582000, 0.007087564313711690500 ),
 .UNSPECIFIED. ) ;
#279 = CARTESIAN_POINT ( 'NONE',  ( -7.306250000000001200, -4.938688641342514700E-016, -1.249999999999999800 ) ) ;
#280 = CARTESIAN_POINT ( 'NONE',  ( -8.056249999999998600, -0.9577164262227502200, -0.5529378364870306500 ) ) ;
#281 = CARTESIAN_POINT ( 'NONE',  ( 9.812181999227192400, 0.9425652511443992600, 0.4839673559459958800 ) ) ;
#282 = CARTESIAN_POINT ( 'NONE',  ( -8.206250000000000700, 6.771535515813051300E-017, 1.105875672974062000 ) ) ;
#283 = CARTESIAN_POINT ( 'NONE',  ( -8.937500000000003600, -9.877377282685031300E-016, 1.249999999999999800 ) ) ;
#284 = CARTESIAN_POINT ( 'NONE',  ( 8.543749999999999300, 1.250000000000000000, 0.0000000000000000000 ) ) ;
#285 = ORIENTED_EDGE ( 'NONE', *, *, #3283, .F. ) ;
#286 = CARTESIAN_POINT ( 'NONE',  ( -8.037499999999999600, -2.031460654743915200E-016, -1.105875672974062000 ) ) ;
#287 = ORIENTED_EDGE ( 'NONE', *, *, #1010, .T. ) ;
#288 = CARTESIAN_POINT ( 'NONE',  ( 8.675000000000000700, -0.4788582131113751100, -0.8294067547305472600 ) ) ;
#289 = VERTEX_POINT ( 'NONE', #2469 ) ;
#290 = CARTESIAN_POINT ( 'NONE',  ( -5.936153810567668100, 0.3349364905389027300, -1.250000000000000000 ) ) ;
#291 = CARTESIAN_POINT ( 'NONE',  ( -9.950000000000001100, -1.299038105676657800, 2.250000000000000900 ) ) ;
#292 = CARTESIAN_POINT ( 'NONE',  ( 7.025000000000000400, 0.9577164262227506600, 0.0000000000000000000 ) ) ;
#293 = CARTESIAN_POINT ( 'NONE',  ( 7.118750000000000400, -0.4788582131113757200, 0.8294067547305469200 ) ) ;
#294 = CARTESIAN_POINT ( 'NONE',  ( -9.068749999999997900, -0.4788582131113747800, 0.8294067547305465900 ) ) ;
#295 = EDGE_CURVE ( 'NONE', #4469, #2930, #195, .T. ) ;
#296 = DIRECTION ( 'NONE',  ( -1.000000000000000000, -0.0000000000000000000, -0.0000000000000000000 ) ) ;
#297 = CIRCLE ( 'NONE', #3396, 2.249999999999999600 ) ;
#298 = CARTESIAN_POINT ( 'NONE',  ( -7.117403810567665800, -0.3349364905389052800, 1.249999999999998200 ) ) ;
#299 = DIRECTION ( 'NONE',  ( -1.000000000000000000, -0.0000000000000000000, -0.0000000000000000000 ) ) ;
#300 = CARTESIAN_POINT ( 'NONE',  ( -7.625000000000000000, -0.4788582131113754400, -0.8294067547305463700 ) ) ;
#301 = AXIS2_PLACEMENT_3D ( 'NONE', #1143, #2215, #2928 ) ;
#302 = CIRCLE ( 'NONE', #3289, 0.9551764262227505600 ) ;
#303 = CARTESIAN_POINT ( 'NONE',  ( 5.881249999999999600, -0.9577164262227504400, -0.5529378364870317600 ) ) ;
#304 = DIRECTION ( 'NONE',  ( -1.000000000000000000, 0.0000000000000000000, 0.0000000000000000000 ) ) ;
#305 = CARTESIAN_POINT ( 'NONE',  ( -5.731250000000000200, -4.706279764102867600E-015, 1.249999999999999600 ) ) ;
#306 = DIRECTION ( 'NONE',  ( 1.000000000000000000, 0.0000000000000000000, 0.0000000000000000000 ) ) ;
#307 = CARTESIAN_POINT ( 'NONE',  ( 6.049999999999999800, 0.0000000000000000000, -1.250000000000000000 ) ) ;
#308 = CARTESIAN_POINT ( 'NONE',  ( -8.637499999999999300, -0.9577164262227497700, 0.5529378364870313200 ) ) ;
#309 = AXIS2_PLACEMENT_3D ( 'NONE', #4481, #1228, #3825 ) ;
#310 = CARTESIAN_POINT ( 'NONE',  ( -5.618749999999999500, 0.9577164262227499900, 0.0000000000000000000 ) ) ;
#311 = CARTESIAN_POINT ( 'NONE',  ( 9.799999999999998900, 0.4788582131113746100, 0.8294067547305475900 ) ) ;
#312 = ORIENTED_EDGE ( 'NONE', *, *, #631, .F. ) ;
#313 = CARTESIAN_POINT ( 'NONE',  ( -7.137500000000000200, -4.706279764102867600E-015, 1.249999999999999600 ) ) ;
#314 = DIRECTION ( 'NONE',  ( 1.000000000000000000, 0.0000000000000000000, 0.0000000000000000000 ) ) ;
#315 = CARTESIAN_POINT ( 'NONE',  ( -9.950000000000001100, 2.598076211353316500, 1.154513300659503200E-015 ) ) ;
#316 = CARTESIAN_POINT ( 'NONE',  ( -7.212500000000000400, -0.9577164262227502200, -0.5529378364870306500 ) ) ;
#317 = ORIENTED_EDGE ( 'NONE', *, *, #376, .T. ) ;
#318 = CARTESIAN_POINT ( 'NONE',  ( 7.849999999999999600, 0.4788582131113754400, -0.8294067547305471500 ) ) ;
#319 = CARTESIAN_POINT ( 'NONE',  ( -5.450000000000001100, 1.249999999999999800, 0.0000000000000000000 ) ) ;
#320 = ORIENTED_EDGE ( 'NONE', *, *, #2234, .T. ) ;
#321 =( BOUNDED_CURVE ( )  B_SPLINE_CURVE ( 2, ( #3539, #4233, #2794, #1348, #3510, #2062, #4280, #1709, #2433 ),
 .UNSPECIFIED., .F., .F. ) 
 B_SPLINE_CURVE_WITH_KNOTS ( ( 3, 2, 2, 2, 3 ),
 ( 0.3863636363636363500, 0.3939393939393939200, 0.4090909090909091200, 0.4242424242424242500, 0.4318181818181818200 ),
 .UNSPECIFIED. ) 
 CURVE ( )  GEOMETRIC_REPRESENTATION_ITEM ( )  RATIONAL_B_SPLINE_CURVE ( ( 0.9330127018922194100, 0.9330127018922194100, 1.000000000000000000, 0.8660254037844387100, 1.000000000000000000, 0.8660254037844387100, 1.000000000000000000, 0.9330127018922194100, 0.9330127018922194100 ) ) 
 REPRESENTATION_ITEM ( '' )  );
#322 = EDGE_CURVE ( 'NONE', #1267, #4614, #3600, .T. ) ;
#323 = CARTESIAN_POINT ( 'NONE',  ( 9.904783573777255200, -0.9610615824945935000, 0.09727145262176761800 ) ) ;
#324 = CARTESIAN_POINT ( 'NONE',  ( -9.574999999999999300, -0.4788582131113747800, 0.8294067547305465900 ) ) ;
#325 = EDGE_LOOP ( 'NONE', ( #1093, #219, #2167, #2947 ) ) ;
#326 = CARTESIAN_POINT ( 'NONE',  ( -7.118750000000000400, -0.4788582131113754400, -0.8294067547305463700 ) ) ;
#327 = CARTESIAN_POINT ( 'NONE',  ( 8.337500000000000400, 0.9577164262227506600, -0.5529378364870313200 ) ) ;
#328 = ORIENTED_EDGE ( 'NONE', *, *, #4403, .F. ) ;
#329 = CARTESIAN_POINT ( 'NONE',  ( 5.849038105676658700, 1.299038105676658400, -2.250000000000001300 ) ) ;
#330 = CARTESIAN_POINT ( 'NONE',  ( 9.425000000000000700, 0.6250000000000001100, -1.082531754730548400 ) ) ;
#331 = CARTESIAN_POINT ( 'NONE',  ( -6.162499999999999600, 0.9577164262227496600, -0.5529378364870315400 ) ) ;
#332 = CARTESIAN_POINT ( 'NONE',  ( 7.550000000000000700, 0.4788582131113746100, 0.8294067547305475900 ) ) ;
#333 = CARTESIAN_POINT ( 'NONE',  ( 8.187500000000001800, 1.249999999999999800, 0.7216878364870329400 ) ) ;
#334 = AXIS2_PLACEMENT_3D ( 'NONE', #179, #3439, #2340 ) ;
#335 = EDGE_LOOP ( 'NONE', ( #3831, #3742, #4521, #3968, #1113 ) ) ;
#336 = CARTESIAN_POINT ( 'NONE',  ( 6.837499999999999500, -0.9577164262227504400, -0.5529378364870317600 ) ) ;
#337 = CARTESIAN_POINT ( 'NONE',  ( -9.387499999999999300, -2.031460654743915200E-016, -1.105875672974062000 ) ) ;
#338 = CARTESIAN_POINT ( 'NONE',  ( 7.400000000000000400, 0.4788582131113754400, -0.8294067547305471500 ) ) ;
#339 = ORIENTED_EDGE ( 'NONE', *, *, #4529, .T. ) ;
#340 = CARTESIAN_POINT ( 'NONE',  ( 6.049999999999999800, 1.530808498934191600E-016, 1.250000000000000000 ) ) ;
#341 = CARTESIAN_POINT ( 'NONE',  ( -7.550000000000000700, 0.4788582131113742800, -0.8294067547305469200 ) ) ;
#342 = ORIENTED_EDGE ( 'NONE', *, *, #4671, .F. ) ;
#343 = CARTESIAN_POINT ( 'NONE',  ( 8.375000000000000000, -1.250000000000000000, -1.530808498934191600E-016 ) ) ;
#344 = VECTOR ( 'NONE', #4381, 1000.000000000000000 ) ;
#345 = CARTESIAN_POINT ( 'NONE',  ( 6.954827998209633900, -0.3463419213384197300, -1.030212376155809100 ) ) ;
#346 = ORIENTED_EDGE ( 'NONE', *, *, #2953, .T. ) ;
#347 = CARTESIAN_POINT ( 'NONE',  ( 6.950000000000000200, 0.4788582131113754400, -0.8294067547305471500 ) ) ;
#348 = CARTESIAN_POINT ( 'NONE',  ( -8.956250000000000700, 1.250000000000000000, 0.7216878364870319400 ) ) ;
#349 = CYLINDRICAL_SURFACE ( 'NONE', #4624, 1.250000000000000000 ) ;
#350 = EDGE_CURVE ( 'NONE', #289, #731, #672, .T. ) ;
#351 = CARTESIAN_POINT ( 'NONE',  ( 8.562500000000001800, -0.9577164262227507700, 0.5529378364870311000 ) ) ;
#352 = CARTESIAN_POINT ( 'NONE',  ( -6.031249999999999100, 0.9577164262227498800, 0.5529378364870308800 ) ) ;
#353 = LINE ( 'NONE', #4571, #2784 ) ;
#354 = CARTESIAN_POINT ( 'NONE',  ( 7.343750000000000000, -0.6250000000000005600, 1.082531754730548200 ) ) ;
#355 = CARTESIAN_POINT ( 'NONE',  ( -6.125000000000000000, -1.249999999999999800, 1.530808498934191300E-016 ) ) ;
#356 = CARTESIAN_POINT ( 'NONE',  ( -9.087500000000000400, -0.9577164262227497700, 0.5529378364870313200 ) ) ;
#357 = ORIENTED_EDGE ( 'NONE', *, *, #1571, .F. ) ;
#358 = CARTESIAN_POINT ( 'NONE',  ( 7.775000000000000400, 0.6249999999999991100, 1.082531754730548900 ) ) ;
#359 = PERSON_AND_ORGANIZATION_ROLE ( 'design_supplier' ) ;
#360 = CARTESIAN_POINT ( 'NONE',  ( -9.950000000000001100, -1.948557158514986600, -1.125000000000000000 ) ) ;
#361 = CARTESIAN_POINT ( 'NONE',  ( 9.839850374870559700, -0.9966826850013293900, 0.2422437329179274700 ) ) ;
#362 = CARTESIAN_POINT ( 'NONE',  ( -6.950000000000000200, 0.4788582131113751100, 0.8294067547305464800 ) ) ;
#363 = CC_DESIGN_PERSON_AND_ORGANIZATION_ASSIGNMENT ( #1946, #1464, ( #1468 ) ) ;
#364 = CARTESIAN_POINT ( 'NONE',  ( 7.325000000000000200, -0.4788582131113751100, -0.8294067547305472600 ) ) ;
#365 = ADVANCED_FACE ( 'NONE', ( #800 ), #2492, .T. ) ;
#366 = ORIENTED_EDGE ( 'NONE', *, *, #4315, .F. ) ;
#367 = CARTESIAN_POINT ( 'NONE',  ( -9.950000000000001100, 0.0000000000000000000, 0.0000000000000000000 ) ) ;
#368 = CARTESIAN_POINT ( 'NONE',  ( -5.543750000000001100, -0.6250000000000004400, -1.082531754730548000 ) ) ;
#369 = CARTESIAN_POINT ( 'NONE',  ( -9.815230097854838600, 1.070346096795640200, 0.4872683675955032400 ) ) ;
#370 = CARTESIAN_POINT ( 'NONE',  ( -9.162499999999999600, 6.771535515813051300E-017, 1.105875672974062000 ) ) ;
#371 = ORIENTED_EDGE ( 'NONE', *, *, #570, .F. ) ;
#372 =( BOUNDED_CURVE ( )  B_SPLINE_CURVE ( 2, ( #4136, #3489, #3850, #594, #3091, #1239, #3785 ),
 .UNSPECIFIED., .F., .F. ) 
 B_SPLINE_CURVE_WITH_KNOTS ( ( 3, 2, 2, 3 ),
 ( 0.08967863054936590900, 0.09090909090909091200, 0.1060606060606060600, 0.1136363636363636500 ),
 .UNSPECIFIED. ) 
 CURVE ( )  GEOMETRIC_REPRESENTATION_ITEM ( )  RATIONAL_B_SPLINE_CURVE ( ( 0.9800069020595791900, 0.9891198716296748500, 1.000000000000000000, 0.8660254037844387100, 1.000000000000000000, 0.9330127018922193000, 0.9330127018922194100 ) ) 
 REPRESENTATION_ITEM ( '' )  );
#373 = CARTESIAN_POINT ( 'NONE',  ( 9.687499999999998200, -1.250000000000000200, 0.7216878364870317200 ) ) ;
#374 = DIRECTION ( 'NONE',  ( 1.000000000000000000, 0.0000000000000000000, 0.0000000000000000000 ) ) ;
#375 = ORIENTED_EDGE ( 'NONE', *, *, #1445, .F. ) ;
#376 = EDGE_CURVE ( 'NONE', #3996, #4188, #3937, .T. ) ;
#377 = CARTESIAN_POINT ( 'NONE',  ( 5.849038105676658700, 2.598076211353316500, 9.161973734447515100E-016 ) ) ;
#378 = CARTESIAN_POINT ( 'NONE',  ( -8.300000000000000700, 0.4788582131113751100, 0.8294067547305464800 ) ) ;
#379 = CARTESIAN_POINT ( 'NONE',  ( 7.512500000000001100, 0.9577164262227503300, 0.5529378364870319900 ) ) ;
#380 = CARTESIAN_POINT ( 'NONE',  ( -5.956249999999999800, 6.771535515813051300E-017, 1.105875672974062000 ) ) ;
#381 = AXIS2_PLACEMENT_3D ( 'NONE', #3348, #1151, #4473 ) ;
#382 = CARTESIAN_POINT ( 'NONE',  ( -9.755368987055488700, 0.8007161885368463400, 0.7670645261280212300 ) ) ;
#383 = CARTESIAN_POINT ( 'NONE',  ( -6.892403810567666200, 0.3349364905389027300, -1.250000000000000000 ) ) ;
#384 = CARTESIAN_POINT ( 'NONE',  ( -9.050000000000000700, -0.9577164262227499900, 1.172864355864533000E-016 ) ) ;
#385 = ORIENTED_EDGE ( 'NONE', *, *, #3448, .T. ) ;
#386 = CARTESIAN_POINT ( 'NONE',  ( 9.612500000000000700, -2.651438096812267400E-016, 1.443375672974064300 ) ) ;
#387 = ADVANCED_FACE ( 'NONE', ( #1708 ), #2321, .T. ) ;
#388 =( NAMED_UNIT ( * ) SI_UNIT ( $, .STERADIAN. ) SOLID_ANGLE_UNIT ( ) );
#389 = CARTESIAN_POINT ( 'NONE',  ( -9.810229930904672100, -1.405025455978024400, -2.066424524318435800 ) ) ;
#390 = CARTESIAN_POINT ( 'NONE',  ( -7.924999999999999800, 0.9577164262227499900, 0.0000000000000000000 ) ) ;
#391 = VERTEX_POINT ( 'NONE', #3373 ) ;
#392 = CARTESIAN_POINT ( 'NONE',  ( 9.931249999999998600, 1.249999999999999800, 0.7216878364870329400 ) ) ;
#393 = CARTESIAN_POINT ( 'NONE',  ( -7.268749999999998900, -0.4788582131113747800, 0.8294067547305465900 ) ) ;
#394 = CYLINDRICAL_SURFACE ( 'NONE', #702, 1.250000000000000000 ) ;
#395 =( BOUNDED_CURVE ( )  B_SPLINE_CURVE ( 2, ( #4382, #2943, #1442, #4320, #3306, #2146, #4003, #3253, #4336 ),
 .UNSPECIFIED., .F., .F. ) 
 B_SPLINE_CURVE_WITH_KNOTS ( ( 3, 2, 2, 2, 3 ),
 ( 0.7045454545454545900, 0.7121212121212121500, 0.7272727272727272900, 0.7424242424242424300, 0.7500000000000000000 ),
 .UNSPECIFIED. ) 
 CURVE ( )  GEOMETRIC_REPRESENTATION_ITEM ( )  RATIONAL_B_SPLINE_CURVE ( ( 0.9330127018922194100, 0.9330127018922194100, 1.000000000000000000, 0.8660254037844387100, 1.000000000000000000, 0.8660254037844387100, 1.000000000000000000, 0.9330127018922194100, 0.9330127018922194100 ) ) 
 REPRESENTATION_ITEM ( '' )  );
#396 = CARTESIAN_POINT ( 'NONE',  ( -6.031250000000000000, -1.250000000000000000, -0.7216878364870316100 ) ) ;
#397 = CARTESIAN_POINT ( 'NONE',  ( -9.668750000000001100, -1.249999999999999800, 1.530808498934191300E-016 ) ) ;
#398 = CARTESIAN_POINT ( 'NONE',  ( -9.709164128936050600, 0.5310791520558600900, 0.9204843409992831100 ) ) ;
#399 = CARTESIAN_POINT ( 'NONE',  ( 6.049999999999999800, 0.0000000000000000000, 0.0000000000000000000 ) ) ;
#400 = FACE_OUTER_BOUND ( 'NONE', #481, .T. ) ;
#401 = DIRECTION ( 'NONE',  ( 1.000000000000000000, 0.0000000000000000000, 0.0000000000000000000 ) ) ;
#402 = EDGE_CURVE ( 'NONE', #4406, #4664, #2747, .T. ) ;
#403 = CARTESIAN_POINT ( 'NONE',  ( 7.437500000000000000, -1.250000000000000200, 0.7216878364870317200 ) ) ;
#404 = CARTESIAN_POINT ( 'NONE',  ( -9.606916426222747800, -0.02368343920621176400, 0.9577164262227884100 ) ) ;
#405 = CARTESIAN_POINT ( 'NONE',  ( -8.881249999999999600, 8.838126989374222200E-017, 1.443375672974064100 ) ) ;
#406 = LINE ( 'NONE', #86, #2198 ) ;
#407 = CARTESIAN_POINT ( 'NONE',  ( 9.813357242151523600, -0.9728130104448674500, 0.4007262382190384100 ) ) ;
#408 = CARTESIAN_POINT ( 'NONE',  ( -6.275000000000000400, -0.4788582131113754400, -0.8294067547305463700 ) ) ;
#409 = CARTESIAN_POINT ( 'NONE',  ( 9.481249999999999300, 1.249999999999999800, 0.7216878364870329400 ) ) ;
#410 = CARTESIAN_POINT ( 'NONE',  ( -5.506249999999999600, 6.771535515813051300E-017, 1.105875672974062000 ) ) ;
#411 = ADVANCED_FACE ( 'NONE', ( #3593 ), #1529, .F. ) ;
#412 = DIRECTION ( 'NONE',  ( -1.000000000000000000, -0.0000000000000000000, -0.0000000000000000000 ) ) ;
#413 = CARTESIAN_POINT ( 'NONE',  ( -5.525000000000000400, -0.4788582131113747800, 0.8294067547305465900 ) ) ;
#414 = DIRECTION ( 'NONE',  ( 0.0000000000000000000, 0.0000000000000000000, -1.000000000000000000 ) ) ;
#415 = AXIS2_PLACEMENT_3D ( 'NONE', #2508, #1433, #1478 ) ;
#416 = CARTESIAN_POINT ( 'NONE',  ( -7.625000000000000000, -0.4788582131113754400, -0.8294067547305463700 ) ) ;
#417 = CARTESIAN_POINT ( 'NONE',  ( 7.175000000000000700, 0.6250000000000001100, -1.082531754730548400 ) ) ;
#418 = CARTESIAN_POINT ( 'NONE',  ( -5.150000000000001200, 0.0000000000000000000, 1.250000000000000000 ) ) ;
#419 = CARTESIAN_POINT ( 'NONE',  ( -8.843750000000001800, -0.6249999999999995600, 1.082531754730548400 ) ) ;
#420 = DIRECTION ( 'NONE',  ( -1.000000000000000000, -0.0000000000000000000, -0.0000000000000000000 ) ) ;
#421 = CARTESIAN_POINT ( 'NONE',  ( -7.512500000000001100, 0.9577164262227496600, -0.5529378364870315400 ) ) ;
#422 = VERTEX_POINT ( 'NONE', #3554 ) ;
#423 = CALENDAR_DATE ( 2021, 9, 7 ) ;
#424 = CARTESIAN_POINT ( 'NONE',  ( 6.162499999999999600, 0.9577164262227503300, 0.5529378364870319900 ) ) ;
#425 = CARTESIAN_POINT ( 'NONE',  ( -5.956249999999999800, 6.771535515813051300E-017, 1.105875672974062000 ) ) ;
#426 = DIRECTION ( 'NONE',  ( 0.0000000000000000000, 0.0000000000000000000, -1.000000000000000000 ) ) ;
#427 = ORIENTED_EDGE ( 'NONE', *, *, #1070, .F. ) ;
#428 = CARTESIAN_POINT ( 'NONE',  ( -9.720197309083587800, 0.6030815610115398700, 0.8883533541740703500 ) ) ;
#429 = CARTESIAN_POINT ( 'NONE',  ( -9.861122627067691900, -0.8716272804762503800, -2.250000000000001800 ) ) ;
#430 = CARTESIAN_POINT ( 'NONE',  ( -9.860083767412380200, -2.849800557823526300E-011, 1.210883767412380500 ) ) ;
#431 = CARTESIAN_POINT ( 'NONE',  ( -7.512500000000001100, 0.9577164262227496600, -0.5529378364870315400 ) ) ;
#432 = ORIENTED_EDGE ( 'NONE', *, *, #235, .F. ) ;
#433 = CARTESIAN_POINT ( 'NONE',  ( 6.275000000000001200, 0.6250000000000001100, -1.082531754730548400 ) ) ;
#434 = ADVANCED_FACE ( 'NONE', ( #3197 ), #3250, .T. ) ;
#435 = CARTESIAN_POINT ( 'NONE',  ( -8.993750000000000400, 1.249999999999999800, 0.0000000000000000000 ) ) ;
#436 = CARTESIAN_POINT ( 'NONE',  ( 7.362500000000000700, 3.921899803419055800E-015, 1.250000000000000000 ) ) ;
#437 = CARTESIAN_POINT ( 'NONE',  ( -9.857596189432333800, 0.3349364905389034000, 1.249999999999999600 ) ) ;
#438 = CARTESIAN_POINT ( 'NONE',  ( 9.068749999999997900, 0.6249999999999991100, 1.082531754730548900 ) ) ;
#439 = ORIENTED_EDGE ( 'NONE', *, *, #3985, .T. ) ;
#440 = CARTESIAN_POINT ( 'NONE',  ( 9.462500000000000400, -0.9577164262227508800, 0.5529378364870311000 ) ) ;
#441 = CARTESIAN_POINT ( 'NONE',  ( 6.050000000000000700, 0.0000000000000000000, 0.9551764262227505600 ) ) ;
#442 = CARTESIAN_POINT ( 'NONE',  ( -6.031249999999999100, 0.9577164262227498800, 0.5529378364870308800 ) ) ;
#443 = CARTESIAN_POINT ( 'NONE',  ( -9.809883143657234700, -1.088264711335029200, 2.250000000000001300 ) ) ;
#444 = CARTESIAN_POINT ( 'NONE',  ( -7.962500000000001200, -1.249999999999999800, 0.7216878364870323900 ) ) ;
#445 = ORIENTED_EDGE ( 'NONE', *, *, #4565, .T. ) ;
#446 = CARTESIAN_POINT ( 'NONE',  ( -6.687500000000000900, -2.031460654743915200E-016, -1.105875672974062000 ) ) ;
#447 = CARTESIAN_POINT ( 'NONE',  ( 7.287499999999999600, 1.249999999999999800, 0.7216878364870329400 ) ) ;
#448 = ORIENTED_EDGE ( 'NONE', *, *, #3594, .T. ) ;
#449 = CARTESIAN_POINT ( 'NONE',  ( 6.850316728204654200, -6.797959659259696400E-015, -0.9679931544274037500 ) ) ;
#450 = CARTESIAN_POINT ( 'NONE',  ( -9.256249999999999600, -1.249999999999999800, 0.7216878364870323900 ) ) ;
#451 = CARTESIAN_POINT ( 'NONE',  ( -8.693749999999999600, -0.6250000000000004400, -1.082531754730548000 ) ) ;
#452 = FACE_OUTER_BOUND ( 'NONE', #3625, .T. ) ;
#453 = CARTESIAN_POINT ( 'NONE',  ( 7.306249999999998600, 3.921899803419055800E-015, 1.250000000000000000 ) ) ;
#454 =( BOUNDED_CURVE ( )  B_SPLINE_CURVE ( 2, ( #2199, #772, #1441, #1141, #4347, #2168, #3676, #23, #3031 ),
 .UNSPECIFIED., .F., .F. ) 
 B_SPLINE_CURVE_WITH_KNOTS ( ( 3, 2, 2, 2, 3 ),
 ( 0.2250000000000000100, 0.2333333333333333400, 0.2500000000000000000, 0.2666666666666666600, 0.2750000000000000200 ),
 .UNSPECIFIED. ) 
 CURVE ( )  GEOMETRIC_REPRESENTATION_ITEM ( )  RATIONAL_B_SPLINE_CURVE ( ( 0.9330127018922194100, 0.9330127018922194100, 1.000000000000000000, 0.8660254037844387100, 1.000000000000000000, 0.8660254037844387100, 1.000000000000000000, 0.9330127018922191900, 0.9330127018922194100 ) ) 
 REPRESENTATION_ITEM ( '' )  );
#455 = CARTESIAN_POINT ( 'NONE',  ( 6.462500000000001200, 6.771535515813057500E-017, -1.105875672974062900 ) ) ;
#456 = CARTESIAN_POINT ( 'NONE',  ( 8.712500000000000400, 6.771535515813057500E-017, -1.105875672974062900 ) ) ;
#457 = ADVANCED_FACE ( 'NONE', ( #926 ), #4580, .T. ) ;
#458 = CARTESIAN_POINT ( 'NONE',  ( 7.812500000000000000, 1.714015469642402100E-015, 1.250000000000000000 ) ) ;
#459 = CYLINDRICAL_SURFACE ( 'NONE', #1295, 1.250000000000000000 ) ;
#460 = CARTESIAN_POINT ( 'NONE',  ( -6.068749999999999600, 0.9577164262227499900, 0.0000000000000000000 ) ) ;
#461 = CARTESIAN_POINT ( 'NONE',  ( 9.647386284014420000, -1.220526532847255700, 0.01932407967637980400 ) ) ;
#462 = CARTESIAN_POINT ( 'NONE',  ( -5.150000000000001200, 0.0000000000000000000, 0.0000000000000000000 ) ) ;
#463 = CARTESIAN_POINT ( 'NONE',  ( -7.475000000000000500, -1.249999999999999800, 1.530808498934191300E-016 ) ) ;
#464 = CARTESIAN_POINT ( 'NONE',  ( -8.487500000000000700, -2.031460654743915200E-016, -1.105875672974062000 ) ) ;
#465 = CIRCLE ( 'NONE', #2073, 0.9125000000000009800 ) ;
#466 = EDGE_CURVE ( 'NONE', #2937, #4378, #4203, .T. ) ;
#467 = CARTESIAN_POINT ( 'NONE',  ( 8.393750000000000700, 0.4788582131113746100, 0.8294067547305475900 ) ) ;
#468 = CARTESIAN_POINT ( 'NONE',  ( 7.132323573777249200, 0.8265807605201402900, -0.9376909119416410000 ) ) ;
#469 = CARTESIAN_POINT ( 'NONE',  ( -9.593750000000000000, -0.6250000000000004400, -1.082531754730548000 ) ) ;
#470 = CARTESIAN_POINT ( 'NONE',  ( 6.981278187595674600, 0.2728896424017889800, 1.098954613818430700 ) ) ;
#471 = CARTESIAN_POINT ( 'NONE',  ( -8.768750000000000700, -1.249999999999999800, 1.530808498934191300E-016 ) ) ;
#472 = DIRECTION ( 'NONE',  ( 0.0000000000000000000, 0.0000000000000000000, -1.000000000000000000 ) ) ;
#473 = AXIS2_PLACEMENT_3D ( 'NONE', #3007, #4453, #2654 ) ;
#474 = CARTESIAN_POINT ( 'NONE',  ( 7.493749999999998600, -0.6249999999999996700, -1.082531754730548400 ) ) ;
#475 = VERTEX_POINT ( 'NONE', #1007 ) ;
#476 = CARTESIAN_POINT ( 'NONE',  ( -5.993750000000000400, 0.4788582131113751100, 0.8294067547305464800 ) ) ;
#477 = CARTESIAN_POINT ( 'NONE',  ( 6.837500000000000400, 1.169753752994699600E-016, 0.9551764262227507900 ) ) ;
#478 = CARTESIAN_POINT ( 'NONE',  ( -8.056249999999998600, -0.9577164262227502200, -0.5529378364870306500 ) ) ;
#479 = CARTESIAN_POINT ( 'NONE',  ( -7.550000000000000700, -0.6249999999999995600, 1.082531754730548400 ) ) ;
#480 = CARTESIAN_POINT ( 'NONE',  ( -8.075000000000001100, -0.4788582131113754400, -0.8294067547305463700 ) ) ;
#481 = EDGE_LOOP ( 'NONE', ( #816, #215, #1434, #2504, #2107, #3714, #115, #4179, #3490, #2972, #2472, #4650, #506, #1479, #3653, #2522, #3546, #2412, #2225, #3720, #4510, #2079, #3, #1837 ) ) ;
#482 = CARTESIAN_POINT ( 'NONE',  ( 8.843750000000000000, 0.4788582131113746100, 0.8294067547305475900 ) ) ;
#483 = CARTESIAN_POINT ( 'NONE',  ( -6.368750000000001200, 0.6249999999999990000, -1.082531754730548600 ) ) ;
#484 = CARTESIAN_POINT ( 'NONE',  ( 6.049999999999999800, 0.0000000000000000000, 0.0000000000000000000 ) ) ;
#485 = CARTESIAN_POINT ( 'NONE',  ( -8.018750000000000700, 0.6250000000000000000, 1.082531754730548200 ) ) ;
#486 = ORIENTED_EDGE ( 'NONE', *, *, #984, .F. ) ;
#487 = CARTESIAN_POINT ( 'NONE',  ( 6.912697888677608500, 1.016429038570491500, -0.2166046447749441800 ) ) ;
#488 = DIRECTION ( 'NONE',  ( 0.0000000000000000000, 0.0000000000000000000, 1.000000000000000000 ) ) ;
#489 = CARTESIAN_POINT ( 'NONE',  ( 8.675000000000000700, 0.6249999999999991100, 1.082531754730548900 ) ) ;
#490 = CARTESIAN_POINT ( 'NONE',  ( 8.393749999999998900, -0.6249999999999996700, -1.082531754730548400 ) ) ;
#491 = DIRECTION ( 'NONE',  ( 0.0000000000000000000, 0.0000000000000000000, -1.000000000000000000 ) ) ;
#492 = ORIENTED_EDGE ( 'NONE', *, *, #2666, .F. ) ;
#493 = CARTESIAN_POINT ( 'NONE',  ( 9.888862027087007800, -0.6558700936710029100, 0.7272088978396840100 ) ) ;
#494 = CARTESIAN_POINT ( 'NONE',  ( 8.431249999999998600, -2.033577675846917700E-015, -1.249999999999999800 ) ) ;
#495 = DIRECTION ( 'NONE',  ( -1.000000000000000000, -0.0000000000000000000, -0.0000000000000000000 ) ) ;
#496 = CARTESIAN_POINT ( 'NONE',  ( 9.709670993628446200, -0.2358776235425516800, -1.152829006371983700 ) ) ;
#497 = CARTESIAN_POINT ( 'NONE',  ( 6.049999999999999800, 1.948557158514986300, 1.125000000000000400 ) ) ;
#498 = EDGE_CURVE ( 'NONE', #3257, #2616, #3219, .T. ) ;
#499 = CARTESIAN_POINT ( 'NONE',  ( -9.125000000000001800, 0.6249999999999990000, -1.082531754730548600 ) ) ;
#500 = CARTESIAN_POINT ( 'NONE',  ( -5.900000000000000400, -0.9577164262227499900, 1.172864355864533000E-016 ) ) ;
#501 = CARTESIAN_POINT ( 'NONE',  ( 8.656249999999998200, 6.771535515813057500E-017, -1.105875672974062900 ) ) ;
#502 = CARTESIAN_POINT ( 'NONE',  ( 7.033942666681576300, 0.1429200144276419600, -1.151619092904201800 ) ) ;
#503 = CARTESIAN_POINT ( 'NONE',  ( -7.606250000000001100, 1.250000000000000000, 0.7216878364870319400 ) ) ;
#504 = EDGE_CURVE ( 'NONE', #2571, #2986, #1470, .T. ) ;
#505 = CARTESIAN_POINT ( 'NONE',  ( 6.850316728204654200, -6.797959659259696400E-015, -0.9679931544274037500 ) ) ;
#506 = ORIENTED_EDGE ( 'NONE', *, *, #2459, .F. ) ;
#507 = VERTEX_POINT ( 'NONE', #1449 ) ;
#508 = CARTESIAN_POINT ( 'NONE',  ( 7.268749999999998900, 0.6249999999999991100, 1.082531754730548900 ) ) ;
#509 = CARTESIAN_POINT ( 'NONE',  ( 6.049999999999999800, 0.0000000000000000000, 0.0000000000000000000 ) ) ;
#510 = CARTESIAN_POINT ( 'NONE',  ( 9.050000000000000700, -0.9577164262227506600, -1.172864355864533800E-016 ) ) ;
#511 = ORIENTED_EDGE ( 'NONE', *, *, #2206, .F. ) ;
#512 = CARTESIAN_POINT ( 'NONE',  ( 8.881249999999997900, -2.033577675846917700E-015, -1.249999999999999800 ) ) ;
#513 = CARTESIAN_POINT ( 'NONE',  ( 8.318749999999999600, -1.250000000000000000, -1.530808498934191600E-016 ) ) ;
#514 = AXIS2_PLACEMENT_3D ( 'NONE', #3127, #2388, #976 ) ;
#515 = CARTESIAN_POINT ( 'NONE',  ( -6.143749999999999800, 0.4788582131113742800, -0.8294067547305469200 ) ) ;
#516 = CARTESIAN_POINT ( 'NONE',  ( -8.693749999999999600, 0.4788582131113751100, 0.8294067547305464800 ) ) ;
#517 = CARTESIAN_POINT ( 'NONE',  ( -8.862500000000000700, -1.249999999999999800, 0.7216878364870323900 ) ) ;
#518 = LINE ( 'NONE', #4224, #2300 ) ;
#519 = CARTESIAN_POINT ( 'NONE',  ( -8.918749999999999300, -0.4788582131113754400, -0.8294067547305463700 ) ) ;
#520 = CARTESIAN_POINT ( 'NONE',  ( 8.806250000000000400, 0.9577164262227503300, 0.5529378364870319900 ) ) ;
#521 = CARTESIAN_POINT ( 'NONE',  ( -6.293750000000001100, 1.249999999999999800, 0.0000000000000000000 ) ) ;
#522 = CARTESIAN_POINT ( 'NONE',  ( -9.950000000000001100, -1.948557158514987200, 1.124999999999998900 ) ) ;
#523 = CARTESIAN_POINT ( 'NONE',  ( -8.168750000000001100, 0.6249999999999990000, -1.082531754730548600 ) ) ;
#524 = LINE ( 'NONE', #2268, #3130 ) ;
#525 =( BOUNDED_CURVE ( )  B_SPLINE_CURVE ( 2, ( #2511, #2876, #324, #1726, #4656, #2858, #4674, #337, #2496, #701, #1787, #3598, #4329, #2155, #1008, #4285, #1039, #3200, #3233, #1054, #3961, #1773, #4314, #659, #3188, #3560, #4269, #308, #4641, #2468, #1023, #3573, #3933, #4356, #63, #1436, #378, #780, #3687, #4391, #33, #3318, #1467, #1120, #4405, #2568, #390, #78, #3984, #3997, #2176, #2905, #724, #768, #3284, #1831, #1799, #421, #2226, #2539, #2955, #1104, #4342, #2920, #738, #2555, #750, #1134, #1813, #3655, #4042, #3640, #362, #2890, #4012, #1497, #3258, #1864, #2936, #1082, #3629, #4374, #2163, #16, #1450, #2520, #3271, #1092, #1483, #2209, #408, #2191, #49, #3301, #3672, #4026, #1847, #1152, #4001, #4682, #3650, #4107, #2224, #4119, #527, #116, #2655, #1948, #145, #2257, #4455, #4492, #2301, #3057, #2623 ),
 .UNSPECIFIED., .F., .F. ) 
 B_SPLINE_CURVE_WITH_KNOTS ( ( 3, 2, 2, 2, 2, 2, 2, 2, 2, 2, 2, 2, 2, 2, 2, 2, 2, 2, 2, 2, 2, 2, 2, 2, 2, 2, 2, 2, 2, 2, 2, 2, 2, 2, 2, 2, 2, 2, 2, 2, 2, 2, 2, 2, 2, 2, 2, 2, 2, 2, 2, 2, 2, 2, 2, 2, 2, 3 ),
 ( 0.1146902593422107300, 0.1212121212121212200, 0.1363636363636363500, 0.1515151515151515200, 0.1666666666666666600, 0.1818181818181818200, 0.1969696969696969600, 0.2121212121212121300, 0.2272727272727272700, 0.2424242424242424300, 0.2575757575757575700, 0.2727272727272727100, 0.2878787878787879000, 0.3030303030303030400, 0.3181818181818181800, 0.3333333333333333100, 0.3484848484848485100, 0.3636363636363636500, 0.3787878787878787800, 0.3939393939393939200, 0.4090909090909091200, 0.4242424242424242500, 0.4393939393939393900, 0.4545454545454545300, 0.4696969696969697200, 0.4848484848484848600, 0.4999999999999999400, 0.5151515151515151400, 0.5303030303030302800, 0.5454545454545454100, 0.5606060606060605500, 0.5757575757575758000, 0.5909090909090909400, 0.6060606060606061900, 0.6212121212121212200, 0.6363636363636363500, 0.6515151515151514900, 0.6666666666666666300, 0.6818181818181817700, 0.6969696969696970200, 0.7121212121212121500, 0.7272727272727274000, 0.7424242424242424300, 0.7575757575757575700, 0.7727272727272727100, 0.7878787878787878500, 0.8030303030303029800, 0.8181818181818182300, 0.8333333333333333700, 0.8484848484848485100, 0.8636363636363636500, 0.8787878787878787800, 0.8939393939393939200, 0.9090909090909089500, 0.9242424242424242000, 0.9393939393939394500, 0.9545454545454545900, 0.9696969696969697200 ),
 .UNSPECIFIED. ) 
 CURVE ( )  GEOMETRIC_REPRESENTATION_ITEM ( )  RATIONAL_B_SPLINE_CURVE ( ( 0.9343090916567780000, 0.9423315885007350600, 1.000000000000000000, 0.8660254037844387100, 1.000000000000000000, 0.8660254037844387100, 1.000000000000000000, 0.8660254037844387100, 1.000000000000000000, 0.8660254037844387100, 1.000000000000000000, 0.8660254037844387100, 1.000000000000000000, 0.8660254037844387100, 1.000000000000000000, 0.8660254037844387100, 1.000000000000000000, 0.8660254037844387100, 1.000000000000000000, 0.8660254037844387100, 1.000000000000000000, 0.8660254037844387100, 1.000000000000000000, 0.8660254037844387100, 1.000000000000000000, 0.8660254037844387100, 1.000000000000000000, 0.8660254037844387100, 1.000000000000000000, 0.8660254037844387100, 1.000000000000000000, 0.8660254037844387100, 1.000000000000000000, 0.8660254037844387100, 1.000000000000000000, 0.8660254037844387100, 1.000000000000000000, 0.8660254037844387100, 1.000000000000000000, 0.8660254037844387100, 1.000000000000000000, 0.8660254037844387100, 1.000000000000000000, 0.8660254037844387100, 1.000000000000000000, 0.8660254037844387100, 1.000000000000000000, 0.8660254037844387100, 1.000000000000000000, 0.8660254037844387100, 1.000000000000000000, 0.8660254037844387100, 1.000000000000000000, 0.8660254037844387100, 1.000000000000000000, 0.8660254037844387100, 1.000000000000000000, 0.8660254037844387100, 1.000000000000000000, 0.8660254037844387100, 1.000000000000000000, 0.8660254037844387100, 1.000000000000000000, 0.8660254037844387100, 1.000000000000000000, 0.8660254037844387100, 1.000000000000000000, 0.8660254037844387100, 1.000000000000000000, 0.8660254037844387100, 1.000000000000000000, 0.8660254037844387100, 1.000000000000000000, 0.8660254037844387100, 1.000000000000000000, 0.8660254037844387100, 1.000000000000000000, 0.8660254037844387100, 1.000000000000000000, 0.8660254037844387100, 1.000000000000000000, 0.8660254037844387100, 1.000000000000000000, 0.8660254037844387100, 1.000000000000000000, 0.8660254037844387100, 1.000000000000000000, 0.8660254037844387100, 1.000000000000000000, 0.8660254037844387100, 1.000000000000000000, 0.8660254037844387100, 1.000000000000000000, 0.8660254037844387100, 1.000000000000000000, 0.8660254037844387100, 1.000000000000000000, 0.8660254037844387100, 1.000000000000000000, 0.8660254037844387100, 1.000000000000000000, 0.8660254037844387100, 1.000000000000000000, 0.8660254037844387100, 1.000000000000000000, 0.8660254037844387100, 1.000000000000000000, 0.8660254037844387100, 1.000000000000000000, 0.8660254037844387100, 1.000000000000000000, 0.8660254037844387100, 1.000000000000000000, 0.8660254037844387100, 1.000000000000000000 ) ) 
 REPRESENTATION_ITEM ( '' )  );
#526 = CARTESIAN_POINT ( 'NONE',  ( 7.043749999999999300, 0.4788582131113746100, 0.8294067547305475900 ) ) ;
#527 = CARTESIAN_POINT ( 'NONE',  ( -5.750000000000000900, 0.4788582131113742800, -0.8294067547305469200 ) ) ;
#528 = CARTESIAN_POINT ( 'NONE',  ( 6.968749999999999100, -1.250000000000000000, -1.530808498934191600E-016 ) ) ;
#529 = CIRCLE ( 'NONE', #3851, 2.249999999999999600 ) ;
#530 = CARTESIAN_POINT ( 'NONE',  ( 9.904783573777253400, -0.9450302765529220400, -0.1553657924228656900 ) ) ;
#531 = CARTESIAN_POINT ( 'NONE',  ( 8.150000000000000400, -0.9577164262227506600, -1.172864355864533800E-016 ) ) ;
#532 = CARTESIAN_POINT ( 'NONE',  ( 9.068749999999997900, 0.6249999999999991100, 1.082531754730548900 ) ) ;
#533 = CARTESIAN_POINT ( 'NONE',  ( 8.393749999999998900, -0.6249999999999996700, -1.082531754730548400 ) ) ;
#534 = CARTESIAN_POINT ( 'NONE',  ( -7.756250000000000500, -4.938688641342514700E-016, -1.249999999999999800 ) ) ;
#535 = CYLINDRICAL_SURFACE ( 'NONE', #1609, 1.250000000000000000 ) ;
#536 = CARTESIAN_POINT ( 'NONE',  ( -7.493750000000000400, -0.6249999999999995600, 1.082531754730548400 ) ) ;
#537 = CARTESIAN_POINT ( 'NONE',  ( -7.175000000000000700, 0.6250000000000000000, 1.082531754730548200 ) ) ;
#538 = CARTESIAN_POINT ( 'NONE',  ( -5.825000000000000200, -0.4788582131113754400, -0.8294067547305463700 ) ) ;
#539 = EDGE_CURVE ( 'NONE', #2616, #4188, #3495, .T. ) ;
#540 = LINE ( 'NONE', #340, #1258 ) ;
#541 = CARTESIAN_POINT ( 'NONE',  ( 7.943749999999999600, 0.4788582131113746100, 0.8294067547305475900 ) ) ;
#542 = CARTESIAN_POINT ( 'NONE',  ( 7.095401817343209800, 0.5714422847364707400, -1.079662092869018800 ) ) ;
#543 = CARTESIAN_POINT ( 'NONE',  ( -6.256250000000000500, 1.250000000000000000, 0.7216878364870319400 ) ) ;
#544 = CARTESIAN_POINT ( 'NONE',  ( 7.606249999999999300, -0.9577164262227507700, 0.5529378364870311000 ) ) ;
#545 = CARTESIAN_POINT ( 'NONE',  ( -9.742562570092770700, -0.5769592326026309300, -0.9405474473965944600 ) ) ;
#546 = ORIENTED_EDGE ( 'NONE', *, *, #4074, .F. ) ;
#547 = AXIS2_PLACEMENT_3D ( 'NONE', #3169, #2076, #1002 ) ;
#548 = CARTESIAN_POINT ( 'NONE',  ( 6.668749999999999300, 0.6250000000000001100, -1.082531754730548400 ) ) ;
#549 = CARTESIAN_POINT ( 'NONE',  ( -9.162499999999999600, -4.938688641342514700E-016, -1.249999999999999800 ) ) ;
#550 = CARTESIAN_POINT ( 'NONE',  ( 7.887500000000000200, 0.9577164262227506600, -0.5529378364870313200 ) ) ;
#551 = CARTESIAN_POINT ( 'NONE',  ( 9.142403810567667900, 0.3349364905389027300, 1.250000000000000000 ) ) ;
#552 = CARTESIAN_POINT ( 'NONE',  ( 6.049999999999999800, 0.0000000000000000000, 0.0000000000000000000 ) ) ;
#553 = VERTEX_POINT ( 'NONE', #2904 ) ;
#554 = CARTESIAN_POINT ( 'NONE',  ( 7.981249999999998400, 1.743066579297358300E-016, -1.250000000000000000 ) ) ;
#555 = CARTESIAN_POINT ( 'NONE',  ( -5.543750000000001100, -0.6250000000000004400, -1.082531754730548000 ) ) ;
#556 = CARTESIAN_POINT ( 'NONE',  ( -6.837500000000000400, 1.249999999999999600, -0.7216878364870328300 ) ) ;
#557 = CARTESIAN_POINT ( 'NONE',  ( -9.668749999999999300, 0.9577164262227499900, 0.0000000000000000000 ) ) ;
#558 =( BOUNDED_CURVE ( )  B_SPLINE_CURVE ( 2, ( #4230, #2805, #4214, #2413, #986, #3897, #3178, #2447, #1705 ),
 .UNSPECIFIED., .F., .F. ) 
 B_SPLINE_CURVE_WITH_KNOTS ( ( 3, 2, 2, 2, 3 ),
 ( 0.7045454545454545900, 0.7121212121212121500, 0.7272727272727272900, 0.7424242424242424300, 0.7500000000000000000 ),
 .UNSPECIFIED. ) 
 CURVE ( )  GEOMETRIC_REPRESENTATION_ITEM ( )  RATIONAL_B_SPLINE_CURVE ( ( 0.9330127018922194100, 0.9330127018922194100, 1.000000000000000000, 0.8660254037844387100, 1.000000000000000000, 0.8660254037844387100, 1.000000000000000000, 0.9330127018922194100, 0.9330127018922194100 ) ) 
 REPRESENTATION_ITEM ( '' )  );
#559 = ORIENTED_EDGE ( 'NONE', *, *, #1316, .T. ) ;
#560 = VERTEX_POINT ( 'NONE', #1772 ) ;
#561 = CARTESIAN_POINT ( 'NONE',  ( -5.317403810567666900, -0.3349364905389052800, 1.249999999999998200 ) ) ;
#562 = CARTESIAN_POINT ( 'NONE',  ( -8.131250000000001400, 1.249999999999999600, -0.7216878364870328300 ) ) ;
#563 = CARTESIAN_POINT ( 'NONE',  ( 6.931250000000000400, 0.9577164262227506600, -0.5529378364870313200 ) ) ;
#564 = DIRECTION ( 'NONE',  ( -1.000000000000000000, -0.0000000000000000000, -0.0000000000000000000 ) ) ;
#565 = CARTESIAN_POINT ( 'NONE',  ( -9.182596189432331400, -0.3349364905389037300, -1.249999999999999600 ) ) ;
#566 = CARTESIAN_POINT ( 'NONE',  ( 8.075000000000001100, -0.4788582131113757200, 0.8294067547305469200 ) ) ;
#567 = CARTESIAN_POINT ( 'NONE',  ( 9.368749999999998600, -0.4788582131113757200, 0.8294067547305469200 ) ) ;
#568 = CARTESIAN_POINT ( 'NONE',  ( -7.511153810567664700, -0.3349364905389052800, 1.249999999999998200 ) ) ;
#569 = CARTESIAN_POINT ( 'NONE',  ( -7.006249999999998800, 0.9577164262227496600, -0.5529378364870315400 ) ) ;
#570 = EDGE_CURVE ( 'NONE', #803, #2620, #3642, .T. ) ;
#571 = CARTESIAN_POINT ( 'NONE',  ( -5.712500000000000400, -1.249999999999999800, 0.7216878364870323900 ) ) ;
#572 = ORIENTED_EDGE ( 'NONE', *, *, #3570, .F. ) ;
#573 = CARTESIAN_POINT ( 'NONE',  ( -9.893749999999998900, -0.9577164262227499900, 1.172864355864533000E-016 ) ) ;
#574 = CARTESIAN_POINT ( 'NONE',  ( 9.631249999999997900, 0.9577164262227506600, -0.5529378364870313200 ) ) ;
#575 = CARTESIAN_POINT ( 'NONE',  ( 6.668749999999999300, -0.4788582131113757200, 0.8294067547305469200 ) ) ;
#576 = ORIENTED_EDGE ( 'NONE', *, *, #1939, .T. ) ;
#577 = CARTESIAN_POINT ( 'NONE',  ( -8.525000000000000400, -0.4788582131113754400, -0.8294067547305463700 ) ) ;
#578 = CARTESIAN_POINT ( 'NONE',  ( 8.393750000000000700, 0.4788582131113746100, 0.8294067547305475900 ) ) ;
#579 = FACE_OUTER_BOUND ( 'NONE', #988, .T. ) ;
#580 = CARTESIAN_POINT ( 'NONE',  ( -9.814958600153353500, -1.012707647217611100, 0.6500533284173439800 ) ) ;
#581 = CARTESIAN_POINT ( 'NONE',  ( 6.049999999999999800, 1.948557158514986300, 1.125000000000000400 ) ) ;
#582 = CARTESIAN_POINT ( 'NONE',  ( 8.262500000000001100, -4.938688641342514700E-016, 1.250000000000000000 ) ) ;
#583 = CARTESIAN_POINT ( 'NONE',  ( 8.543749999999999300, -0.9577164262227506600, -1.172864355864533800E-016 ) ) ;
#584 = CONICAL_SURFACE ( 'NONE', #903, 2.250000000000000000, 1.047197551196600100 ) ;
#585 = ORIENTED_EDGE ( 'NONE', *, *, #2772, .T. ) ;
#586 = CARTESIAN_POINT ( 'NONE',  ( -7.943749999999999600, 0.4788582131113742800, -0.8294067547305469200 ) ) ;
#587 = CARTESIAN_POINT ( 'NONE',  ( -6.387500000000001100, 1.249999999999999600, -0.7216878364870328300 ) ) ;
#588 = CARTESIAN_POINT ( 'NONE',  ( -7.531250000000000000, -2.031460654743915200E-016, -1.105875672974062000 ) ) ;
#589 =( BOUNDED_CURVE ( )  B_SPLINE_CURVE ( 2, ( #1277, #2715, #532, #850, #2731, #4542, #3442, #2660, #512 ),
 .UNSPECIFIED., .F., .F. ) 
 B_SPLINE_CURVE_WITH_KNOTS ( ( 3, 2, 2, 2, 3 ),
 ( 0.2750000000000000200, 0.2833333333333333300, 0.2999999999999999900, 0.3166666666666666500, 0.3250000000000000100 ),
 .UNSPECIFIED. ) 
 CURVE ( )  GEOMETRIC_REPRESENTATION_ITEM ( )  RATIONAL_B_SPLINE_CURVE ( ( 0.9330127018922194100, 0.9330127018922196300, 1.000000000000000000, 0.8660254037844387100, 1.000000000000000000, 0.8660254037844387100, 1.000000000000000000, 0.9330127018922191900, 0.9330127018922194100 ) ) 
 REPRESENTATION_ITEM ( '' )  );
#590 = CARTESIAN_POINT ( 'NONE',  ( 5.918749999999999300, -0.4788582131113751100, -0.8294067547305472600 ) ) ;
#591 = CARTESIAN_POINT ( 'NONE',  ( -9.162499999999999600, 6.771535515813051300E-017, 1.105875672974062000 ) ) ;
#592 = FACE_OUTER_BOUND ( 'NONE', #30, .T. ) ;
#593 = CARTESIAN_POINT ( 'NONE',  ( 6.293749999999999300, -0.9577164262227506600, -1.172864355864533800E-016 ) ) ;
#594 = CARTESIAN_POINT ( 'NONE',  ( -9.856250000000001100, 1.250000000000000000, 0.7216878364870319400 ) ) ;
#595 = CARTESIAN_POINT ( 'NONE',  ( 6.049999999999998900, 1.838311014891732800, -1.315951922094012800 ) ) ;
#596 = VERTEX_POINT ( 'NONE', #377 ) ;
#597 = CARTESIAN_POINT ( 'NONE',  ( 8.131249999999999600, -0.9577164262227504400, -0.5529378364870317600 ) ) ;
#598 = CARTESIAN_POINT ( 'NONE',  ( -7.681249999999998600, -0.9577164262227497700, 0.5529378364870313200 ) ) ;
#599 = CARTESIAN_POINT ( 'NONE',  ( -7.118750000000000400, -0.4788582131113754400, -0.8294067547305463700 ) ) ;
#600 = CARTESIAN_POINT ( 'NONE',  ( -7.381249999999998800, 0.9577164262227498800, 0.5529378364870308800 ) ) ;
#601 = ORIENTED_EDGE ( 'NONE', *, *, #2033, .T. ) ;
#602 = CARTESIAN_POINT ( 'NONE',  ( 9.743749999999998600, 0.4788582131113746100, 0.8294067547305475900 ) ) ;
#603 = EDGE_CURVE ( 'NONE', #1731, #3952, #2957, .T. ) ;
#604 = CARTESIAN_POINT ( 'NONE',  ( 6.049999999999999800, 0.0000000000000000000, 0.0000000000000000000 ) ) ;
#605 = CARTESIAN_POINT ( 'NONE',  ( 8.451346189432333800, 0.3349364905389024500, -1.250000000000000200 ) ) ;
#606 = CARTESIAN_POINT ( 'NONE',  ( 9.126346189432334600, -0.3349364905389028400, 1.250000000000000200 ) ) ;
#607 = CARTESIAN_POINT ( 'NONE',  ( -8.562500000000001800, -0.9577164262227502200, -0.5529378364870306500 ) ) ;
#608 = VERTEX_POINT ( 'NONE', #32 ) ;
#609 = CARTESIAN_POINT ( 'NONE',  ( 6.143749999999999800, 0.4788582131113746100, 0.8294067547305475900 ) ) ;
#610 = AXIS2_PLACEMENT_3D ( 'NONE', #1475, #773, #2231 ) ;
#611 = CARTESIAN_POINT ( 'NONE',  ( -6.876346189432335400, -0.3349364905389037300, -1.249999999999999600 ) ) ;
#612 = CARTESIAN_POINT ( 'NONE',  ( -9.620127303623304400, -1.764666079325818100E-012, 0.9709273036233030400 ) ) ;
#613 = ORIENTED_EDGE ( 'NONE', *, *, #2666, .T. ) ;
#614 = B_SPLINE_CURVE_WITH_KNOTS ( 'NONE', 3,
 ( #1689, #2773, #241, #1656, #970, #3506 ),
 .UNSPECIFIED., .F., .F.,
 ( 4, 2, 4 ),
 ( 0.01435741337518779700, 0.01500318408670420200, 0.01564895479822060700 ),
 .UNSPECIFIED. ) ;
#615 = CARTESIAN_POINT ( 'NONE',  ( 7.831249999999999800, 0.9577164262227506600, -0.5529378364870313200 ) ) ;
#616 = VERTEX_POINT ( 'NONE', #4404 ) ;
#617 = CARTESIAN_POINT ( 'NONE',  ( -8.431249999999998600, -2.031460654743915200E-016, -1.105875672974062000 ) ) ;
#618 = CARTESIAN_POINT ( 'NONE',  ( 9.799823364430579900, 1.047896730665516000, 0.2251218007757930800 ) ) ;
#619 = CC_DESIGN_PERSON_AND_ORGANIZATION_ASSIGNMENT ( #4044, #3281, ( #2192 ) ) ;
#620 = CARTESIAN_POINT ( 'NONE',  ( -6.631249999999999600, -2.031460654743915200E-016, -1.105875672974062000 ) ) ;
#621 = ADVANCED_FACE ( 'NONE', ( #3818 ), #3762, .T. ) ;
#622 = CARTESIAN_POINT ( 'NONE',  ( 8.861153810567664400, -0.3349364905389042300, -1.249999999999999600 ) ) ;
#623 = CARTESIAN_POINT ( 'NONE',  ( 8.506249999999997900, 1.250000000000000000, -0.7216878364870320500 ) ) ;
#624 = CARTESIAN_POINT ( 'NONE',  ( -8.487500000000000700, -2.031460654743915200E-016, -1.105875672974062000 ) ) ;
#625 = CARTESIAN_POINT ( 'NONE',  ( 9.387500000000001100, -2.031460654743916600E-016, 1.105875672974062900 ) ) ;
#626 = CARTESIAN_POINT ( 'NONE',  ( 7.035061308019530600, -0.9337489790480163500, 0.6924963480640967700 ) ) ;
#627 = CARTESIAN_POINT ( 'NONE',  ( 9.443749999999999600, 1.250000000000000000, 0.0000000000000000000 ) ) ;
#628 = VERTEX_POINT ( 'NONE', #2889 ) ;
#629 = CARTESIAN_POINT ( 'NONE',  ( 6.968749999999999100, 0.9577164262227506600, 0.0000000000000000000 ) ) ;
#630 = CARTESIAN_POINT ( 'NONE',  ( -8.618750000000000400, -0.4788582131113747800, 0.8294067547305465900 ) ) ;
#631 = EDGE_CURVE ( 'NONE', #2874, #1307, #2375, .T. ) ;
#632 = CARTESIAN_POINT ( 'NONE',  ( 9.731168952028751200, 0.2786923676627705600, -1.105510441590918000 ) ) ;
#633 = ORIENTED_EDGE ( 'NONE', *, *, #74, .T. ) ;
#634 = CARTESIAN_POINT ( 'NONE',  ( -8.506249999999999600, -0.9577164262227502200, -0.5529378364870306500 ) ) ;
#635 = CARTESIAN_POINT ( 'NONE',  ( -6.932596189432334900, -0.3349364905389037300, -1.249999999999999600 ) ) ;
#636 = CARTESIAN_POINT ( 'NONE',  ( 9.218750000000000000, -1.250000000000000000, -1.530808498934191600E-016 ) ) ;
#637 = CARTESIAN_POINT ( 'NONE',  ( -8.150000000000000400, -0.9577164262227499900, 1.172864355864533000E-016 ) ) ;
#638 = CONICAL_SURFACE ( 'NONE', #154, 0.9551764262227507900, 0.7853981633974512800 ) ;
#639 = CARTESIAN_POINT ( 'NONE',  ( 9.312500000000001800, 0.9577164262227503300, 0.5529378364870319900 ) ) ;
#640 = CARTESIAN_POINT ( 'NONE',  ( 6.049999999999999800, -1.727238319854175600, -1.508335473232667700 ) ) ;
#641 = ADVANCED_FACE ( 'NONE', ( #3979 ), #535, .F. ) ;
#642 = CYLINDRICAL_SURFACE ( 'NONE', #2750, 1.250000000000000000 ) ;
#643 = B_SPLINE_CURVE_WITH_KNOTS ( 'NONE', 3,
 ( #4125, #4460, #1211, #2290, #2627, #3015 ),
 .UNSPECIFIED., .F., .F.,
 ( 4, 2, 4 ),
 ( 0.01429524938849461100, 0.01494054893318106700, 0.01558584847786752100 ),
 .UNSPECIFIED. ) ;
#644 = CARTESIAN_POINT ( 'NONE',  ( -7.286153810567666000, 0.3349364905389027300, -1.250000000000000000 ) ) ;
#645 = AXIS2_PLACEMENT_3D ( 'NONE', #3484, #3550, #4196 ) ;
#646 = CYLINDRICAL_SURFACE ( 'NONE', #2302, 1.250000000000000000 ) ;
#647 = CARTESIAN_POINT ( 'NONE',  ( -8.243749999999998600, 0.4788582131113751100, 0.8294067547305464800 ) ) ;
#648 = CARTESIAN_POINT ( 'NONE',  ( 9.719483213111463000, 2.053622941508838700E-012, -1.143016786888541200 ) ) ;
#649 = CARTESIAN_POINT ( 'NONE',  ( -8.093750000000000000, -0.9577164262227499900, 1.172864355864533000E-016 ) ) ;
#650 = FACE_OUTER_BOUND ( 'NONE', #2766, .T. ) ;
#651 = CARTESIAN_POINT ( 'NONE',  ( -7.025000000000001200, -1.249999999999999800, 1.530808498934191300E-016 ) ) ;
#652 = CARTESIAN_POINT ( 'NONE',  ( -6.312500000000000900, -0.9577164262227502200, -0.5529378364870306500 ) ) ;
#653 = CARTESIAN_POINT ( 'NONE',  ( 8.637499999999999300, -0.9577164262227504400, -0.5529378364870317600 ) ) ;
#654 = ORIENTED_EDGE ( 'NONE', *, *, #3260, .T. ) ;
#655 = CARTESIAN_POINT ( 'NONE',  ( 7.120753277141819400, -0.3896487084287713100, -1.214432536149324000 ) ) ;
#656 = CARTESIAN_POINT ( 'NONE',  ( -8.037500000000001400, 1.743066579297358300E-016, 1.249999999999999600 ) ) ;
#657 = EDGE_CURVE ( 'NONE', #2719, #628, #1084, .T. ) ;
#658 = CARTESIAN_POINT ( 'NONE',  ( 6.800000000000000700, -0.9577164262227506600, -1.172864355864533800E-016 ) ) ;
#659 = CARTESIAN_POINT ( 'NONE',  ( -8.787499999999999600, 0.9577164262227498800, 0.5529378364870308800 ) ) ;
#660 = CARTESIAN_POINT ( 'NONE',  ( -8.637500000000001100, 1.249999999999999300, -0.7216878364870328300 ) ) ;
#661 = CARTESIAN_POINT ( 'NONE',  ( -8.731249999999999300, 0.9577164262227498800, 0.5529378364870308800 ) ) ;
#662 = CARTESIAN_POINT ( 'NONE',  ( 6.049999999999999800, 0.0000000000000000000, 0.0000000000000000000 ) ) ;
#663 = ADVANCED_FACE ( 'NONE', ( #650 ), #73, .F. ) ;
#664 = VERTEX_POINT ( 'NONE', #1103 ) ;
#665 = PERSON_AND_ORGANIZATION ( #2017, #1691 ) ;
#666 = CARTESIAN_POINT ( 'NONE',  ( 8.656249999999998200, -4.938688641342514700E-016, 1.250000000000000000 ) ) ;
#667 = CARTESIAN_POINT ( 'NONE',  ( -7.812500000000000000, 6.771535515813051300E-017, 1.105875672974062000 ) ) ;
#668 = CARTESIAN_POINT ( 'NONE',  ( 8.562500000000001800, -0.9577164262227507700, 0.5529378364870311000 ) ) ;
#669 = ORIENTED_EDGE ( 'NONE', *, *, #74, .F. ) ;
#670 = CARTESIAN_POINT ( 'NONE',  ( 9.912500000000001400, 1.250000000000000000, -0.7216878364870320500 ) ) ;
#671 = DIRECTION ( 'NONE',  ( -1.000000000000000000, -0.0000000000000000000, -0.0000000000000000000 ) ) ;
#672 =( BOUNDED_CURVE ( )  B_SPLINE_CURVE ( 2, ( #494, #1563, #533, #4124, #513, #2680, #3097, #3425, #1244 ),
 .UNSPECIFIED., .F., .F. ) 
 B_SPLINE_CURVE_WITH_KNOTS ( ( 3, 2, 2, 2, 3 ),
 ( 0.4250000000000000400, 0.4333333333333333500, 0.4500000000000000100, 0.4666666666666666700, 0.4750000000000000300 ),
 .UNSPECIFIED. ) 
 CURVE ( )  GEOMETRIC_REPRESENTATION_ITEM ( )  RATIONAL_B_SPLINE_CURVE ( ( 0.9330127018922194100, 0.9330127018922196300, 1.000000000000000000, 0.8660254037844387100, 1.000000000000000000, 0.8660254037844387100, 1.000000000000000000, 0.9330127018922191900, 0.9330127018922194100 ) ) 
 REPRESENTATION_ITEM ( '' )  );
#673 = CARTESIAN_POINT ( 'NONE',  ( 9.904783573777253400, -0.9450302765529220400, -0.1553657924228656900 ) ) ;
#674 = CARTESIAN_POINT ( 'NONE',  ( -9.086153810567665800, 0.3349364905389027300, -1.250000000000000000 ) ) ;
#675 = CARTESIAN_POINT ( 'NONE',  ( -9.912500000000001400, 1.250000000000000000, 0.7216878364870319400 ) ) ;
#676 = CARTESIAN_POINT ( 'NONE',  ( 9.500000000000000000, -0.9577164262227506600, -1.172864355864533800E-016 ) ) ;
#677 = CARTESIAN_POINT ( 'NONE',  ( -9.616626828245785000, 0.7914465658370654100, 0.5935335990670070900 ) ) ;
#678 = ORIENTED_EDGE ( 'NONE', *, *, #350, .T. ) ;
#679 = CARTESIAN_POINT ( 'NONE',  ( -5.150000000000001200, 1.530808498934191600E-016, -1.250000000000000000 ) ) ;
#680 = CARTESIAN_POINT ( 'NONE',  ( -6.575000000000000200, 0.9577164262227499900, 0.0000000000000000000 ) ) ;
#681 = ORIENTED_EDGE ( 'NONE', *, *, #4191, .T. ) ;
#682 = CARTESIAN_POINT ( 'NONE',  ( 7.662499999999999600, -0.9577164262227507700, 0.5529378364870311000 ) ) ;
#683 = EDGE_LOOP ( 'NONE', ( #3780, #1216, #3382, #3002 ) ) ;
#684 = CARTESIAN_POINT ( 'NONE',  ( 8.787500000000001400, -1.250000000000000200, 0.7216878364870317200 ) ) ;
#685 = ADVANCED_FACE ( 'NONE', ( #2157 ), #136, .T. ) ;
#686 = CARTESIAN_POINT ( 'NONE',  ( -8.000000000000000000, -0.6249999999999995600, 1.082531754730548400 ) ) ;
#687 = CARTESIAN_POINT ( 'NONE',  ( -8.901346189432334900, 0.3349364905389034000, 1.249999999999999600 ) ) ;
#688 = CARTESIAN_POINT ( 'NONE',  ( -5.918749999999999300, -0.4788582131113747800, 0.8294067547305465900 ) ) ;
#689 = EDGE_CURVE ( 'NONE', #2001, #108, #1094, .T. ) ;
#690 = CARTESIAN_POINT ( 'NONE',  ( 7.737500000000000700, -0.9577164262227504400, -0.5529378364870317600 ) ) ;
#691 = DATE_AND_TIME ( #1862, #2147 ) ;
#692 = CARTESIAN_POINT ( 'NONE',  ( -8.206250000000002500, -4.938688641342514700E-016, -1.249999999999999800 ) ) ;
#693 = CARTESIAN_POINT ( 'NONE',  ( -6.125000000000000000, 0.9577164262227499900, 0.0000000000000000000 ) ) ;
#694 = FACE_OUTER_BOUND ( 'NONE', #3309, .T. ) ;
#695 = CARTESIAN_POINT ( 'NONE',  ( 7.962500000000001200, 0.9577164262227503300, 0.5529378364870319900 ) ) ;
#696 = CARTESIAN_POINT ( 'NONE',  ( 9.462500000000000400, 1.250000000000000000, -0.7216878364870320500 ) ) ;
#697 = CARTESIAN_POINT ( 'NONE',  ( -5.768750000000001600, 0.6250000000000000000, 1.082531754730548200 ) ) ;
#698 = DIRECTION ( 'NONE',  ( 0.0000000000000000000, 0.0000000000000000000, -1.000000000000000000 ) ) ;
#699 = LINE ( 'NONE', #1516, #3190 ) ;
#700 = CARTESIAN_POINT ( 'NONE',  ( 9.950000000000001100, 1.117490204221961100E-016, -0.9125000000000009800 ) ) ;
#701 = CARTESIAN_POINT ( 'NONE',  ( -9.312500000000001800, 0.9577164262227496600, -0.5529378364870315400 ) ) ;
#702 = AXIS2_PLACEMENT_3D ( 'NONE', #3677, #3032, #3338 ) ;
#703 = CARTESIAN_POINT ( 'NONE',  ( 7.625000000000000000, -0.4788582131113757200, 0.8294067547305469200 ) ) ;
#704 = ORIENTED_EDGE ( 'NONE', *, *, #4011, .T. ) ;
#705 = CARTESIAN_POINT ( 'NONE',  ( 7.531249999999998200, 1.743066579297358300E-016, -1.250000000000000000 ) ) ;
#706 = CARTESIAN_POINT ( 'NONE',  ( -5.975000000000000500, -0.4788582131113747800, 0.8294067547305465900 ) ) ;
#707 = ORIENTED_EDGE ( 'NONE', *, *, #1602, .T. ) ;
#708 = CARTESIAN_POINT ( 'NONE',  ( 9.650000000000000400, -0.6250000000000005600, 1.082531754730548200 ) ) ;
#709 = DIRECTION ( 'NONE',  ( 0.0000000000000000000, 0.0000000000000000000, -1.000000000000000000 ) ) ;
#710 = ORIENTED_EDGE ( 'NONE', *, *, #1910, .T. ) ;
#711 = EDGE_CURVE ( 'NONE', #4006, #3496, #2523, .T. ) ;
#712 = CARTESIAN_POINT ( 'NONE',  ( 6.875000000000000900, -0.4788582131113751100, -0.8294067547305472600 ) ) ;
#713 = EDGE_LOOP ( 'NONE', ( #3552, #2140, #2625, #3660 ) ) ;
#714 = CARTESIAN_POINT ( 'NONE',  ( 8.075000000000001100, -0.4788582131113757200, 0.8294067547305469200 ) ) ;
#715 = ORIENTED_EDGE ( 'NONE', *, *, #1339, .F. ) ;
#716 = CARTESIAN_POINT ( 'NONE',  ( -5.431250000000000400, -0.9577164262227497700, 0.5529378364870313200 ) ) ;
#717 = ORIENTED_EDGE ( 'NONE', *, *, #890, .F. ) ;
#718 = CARTESIAN_POINT ( 'NONE',  ( -8.974999999999999600, -0.4788582131113754400, -0.8294067547305463700 ) ) ;
#719 =( BOUNDED_CURVE ( )  B_SPLINE_CURVE ( 2, ( #2840, #1403, #1754, #1769, #4668, #1350, #4626, #4252, #656 ),
 .UNSPECIFIED., .F., .F. ) 
 B_SPLINE_CURVE_WITH_KNOTS ( ( 3, 2, 2, 2, 3 ),
 ( 0.3409090909090909400, 0.3484848484848485100, 0.3636363636363636500, 0.3787878787878787800, 0.3863636363636363500 ),
 .UNSPECIFIED. ) 
 CURVE ( )  GEOMETRIC_REPRESENTATION_ITEM ( )  RATIONAL_B_SPLINE_CURVE ( ( 0.9330127018922194100, 0.9330127018922196300, 1.000000000000000000, 0.8660254037844387100, 1.000000000000000000, 0.8660254037844387100, 1.000000000000000000, 0.9330127018922194100, 0.9330127018922194100 ) ) 
 REPRESENTATION_ITEM ( '' )  );
#720 = CARTESIAN_POINT ( 'NONE',  ( 7.962500000000001200, -1.250000000000000000, -0.7216878364870325000 ) ) ;
#721 = ADVANCED_FACE ( 'NONE', ( #2789 ), #3697, .F. ) ;
#722 = APPROVAL_STATUS ( 'not_yet_approved' ) ;
#723 = CARTESIAN_POINT ( 'NONE',  ( -5.150000000000001200, 0.0000000000000000000, 0.0000000000000000000 ) ) ;
#724 = CARTESIAN_POINT ( 'NONE',  ( -7.700000000000000200, -0.9577164262227499900, 1.172864355864533000E-016 ) ) ;
#725 = CARTESIAN_POINT ( 'NONE',  ( 9.050000000000000700, -0.9577164262227506600, -1.172864355864533800E-016 ) ) ;
#726 = ORIENTED_EDGE ( 'NONE', *, *, #3311, .T. ) ;
#727 = CARTESIAN_POINT ( 'NONE',  ( -5.656250000000000000, 0.9577164262227496600, -0.5529378364870315400 ) ) ;
#728 = CARTESIAN_POINT ( 'NONE',  ( 7.511153810567663800, -0.3349364905389031800, -1.250000000000000000 ) ) ;
#729 = CARTESIAN_POINT ( 'NONE',  ( -9.859787909239429400, 1.202472428561144100, 0.2074323610925712100 ) ) ;
#730 = CARTESIAN_POINT ( 'NONE',  ( -5.600000000000000500, 0.4788582131113751100, 0.8294067547305464800 ) ) ;
#731 = VERTEX_POINT ( 'NONE', #2992 ) ;
#732 = DIRECTION ( 'NONE',  ( 0.0000000000000000000, 0.0000000000000000000, 1.000000000000000000 ) ) ;
#733 = EDGE_CURVE ( 'NONE', #4548, #3273, #1583, .T. ) ;
#734 = CARTESIAN_POINT ( 'NONE',  ( 9.237500000000000700, -1.250000000000000200, 0.7216878364870317200 ) ) ;
#735 = DATE_TIME_ROLE ( 'creation_date' ) ;
#736 = CIRCLE ( 'NONE', #1431, 2.249999999999999600 ) ;
#737 = CARTESIAN_POINT ( 'NONE',  ( -5.318749999999999600, -0.4788582131113754400, -0.8294067547305463700 ) ) ;
#738 = CARTESIAN_POINT ( 'NONE',  ( -7.250000000000000000, -0.9577164262227499900, 1.172864355864533000E-016 ) ) ;
#739 = FACE_OUTER_BOUND ( 'NONE', #765, .T. ) ;
#740 = EDGE_CURVE ( 'NONE', #4101, #931, #4601, .T. ) ;
#741 = CARTESIAN_POINT ( 'NONE',  ( 7.250000000000000000, -0.9577164262227506600, -1.172864355864533800E-016 ) ) ;
#742 =( BOUNDED_CURVE ( )  B_SPLINE_CURVE ( 2, ( #1935, #1426, #4019, #2200, #3292, #3266, #1793, #1112, #2883 ),
 .UNSPECIFIED., .F., .T. ) 
 B_SPLINE_CURVE_WITH_KNOTS ( ( 3, 2, 2, 2, 3 ),
 ( 0.6590909090909090600, 0.6666666666666666300, 0.6818181818181817700, 0.6969696969696970200, 0.7045454545454545900 ),
 .UNSPECIFIED. ) 
 CURVE ( )  GEOMETRIC_REPRESENTATION_ITEM ( )  RATIONAL_B_SPLINE_CURVE ( ( 0.9330127018922194100, 0.9330127018922194100, 1.000000000000000000, 0.8660254037844387100, 1.000000000000000000, 0.8660254037844387100, 1.000000000000000000, 0.9330127018922194100, 0.9330127018922194100 ) ) 
 REPRESENTATION_ITEM ( '' )  );
#743 = CARTESIAN_POINT ( 'NONE',  ( -6.443749999999999600, 0.4788582131113751100, 0.8294067547305464800 ) ) ;
#744 = CONICAL_SURFACE ( 'NONE', #3455, 2.250000000000000000, 1.047197551196600100 ) ;
#745 = CARTESIAN_POINT ( 'NONE',  ( -8.917403810567668300, -0.3349364905389036800, 1.249999999999999600 ) ) ;
#746 = CARTESIAN_POINT ( 'NONE',  ( -9.424999999999998900, -0.4788582131113754400, -0.8294067547305463700 ) ) ;
#747 = CARTESIAN_POINT ( 'NONE',  ( 7.137500000000001100, 8.838126989374223500E-017, -1.443375672974064300 ) ) ;
#748 = CARTESIAN_POINT ( 'NONE',  ( -5.937500000000000900, 1.249999999999999300, -0.7216878364870328300 ) ) ;
#749 = VECTOR ( 'NONE', #886, 1000.000000000000000 ) ;
#750 = CARTESIAN_POINT ( 'NONE',  ( -7.175000000000000700, -0.4788582131113754400, -0.8294067547305463700 ) ) ;
#751 = VERTEX_POINT ( 'NONE', #436 ) ;
#752 = CARTESIAN_POINT ( 'NONE',  ( 6.650000000000000400, 0.4788582131113746100, 0.8294067547305475900 ) ) ;
#753 = CARTESIAN_POINT ( 'NONE',  ( -7.043749999999999300, 0.4788582131113742800, -0.8294067547305469200 ) ) ;
#754 = CARTESIAN_POINT ( 'NONE',  ( -6.181249999999999500, -2.031460654743915200E-016, -1.105875672974062000 ) ) ;
#755 = DIRECTION ( 'NONE',  ( 0.0000000000000000000, 0.0000000000000000000, 1.000000000000000000 ) ) ;
#756 = CARTESIAN_POINT ( 'NONE',  ( -5.637500000000001100, 0.9577164262227498800, 0.5529378364870308800 ) ) ;
#757 = CARTESIAN_POINT ( 'NONE',  ( -9.892571587176199400, 0.8271837177922675100, 0.9325636734328263100 ) ) ;
#758 = CARTESIAN_POINT ( 'NONE',  ( -10.17500000000000100, 0.9577164262227499900, 0.0000000000000000000 ) ) ;
#759 = EDGE_LOOP ( 'NONE', ( #1420, #4449, #263, #4043, #681, #448 ) ) ;
#760 = CALENDAR_DATE ( 2021, 9, 7 ) ;
#761 = CARTESIAN_POINT ( 'NONE',  ( 9.931249999999998600, -0.9577164262227504400, -0.5529378364870317600 ) ) ;
#762 = ADVANCED_FACE ( 'NONE', ( #4489 ), #3365, .T. ) ;
#763 = CARTESIAN_POINT ( 'NONE',  ( -5.862500000000000700, 1.250000000000000000, 0.7216878364870319400 ) ) ;
#764 = CARTESIAN_POINT ( 'NONE',  ( -8.243750000000000400, -0.6250000000000004400, -1.082531754730548000 ) ) ;
#765 = EDGE_LOOP ( 'NONE', ( #2179, #4176, #2354, #3854 ) ) ;
#766 = EDGE_CURVE ( 'NONE', #1271, #4664, #3417, .T. ) ;
#767 = CARTESIAN_POINT ( 'NONE',  ( -9.950000000000001100, -1.948557158514986600, -1.125000000000000000 ) ) ;
#768 = CARTESIAN_POINT ( 'NONE',  ( -7.662499999999999600, -0.9577164262227502200, -0.5529378364870306500 ) ) ;
#769 = CARTESIAN_POINT ( 'NONE',  ( 9.443749999999999600, 1.250000000000000000, 0.0000000000000000000 ) ) ;
#770 = CARTESIAN_POINT ( 'NONE',  ( -6.256249999999999600, -0.9577164262227502200, -0.5529378364870306500 ) ) ;
#771 = AXIS2_PLACEMENT_3D ( 'NONE', #3339, #1906, #3322 ) ;
#772 = CARTESIAN_POINT ( 'NONE',  ( 8.917403810567666500, -0.3349364905389031800, -1.250000000000000000 ) ) ;
#773 = DIRECTION ( 'NONE',  ( -1.000000000000000000, 0.0000000000000000000, 0.0000000000000000000 ) ) ;
#774 = CARTESIAN_POINT ( 'NONE',  ( -7.400000000000000400, 0.4788582131113751100, 0.8294067547305464800 ) ) ;
#775 = VERTEX_POINT ( 'NONE', #1898 ) ;
#776 = CARTESIAN_POINT ( 'NONE',  ( 5.900000000000000400, 1.250000000000000000, 0.0000000000000000000 ) ) ;
#777 = DIRECTION ( 'NONE',  ( -1.000000000000000000, -0.0000000000000000000, -0.0000000000000000000 ) ) ;
#778 = CARTESIAN_POINT ( 'NONE',  ( -9.143750000000000700, -0.6250000000000004400, -1.082531754730548000 ) ) ;
#779 = DIRECTION ( 'NONE',  ( -1.000000000000000000, -0.0000000000000000000, -0.0000000000000000000 ) ) ;
#780 = CARTESIAN_POINT ( 'NONE',  ( -8.262500000000001100, 6.771535515813051300E-017, 1.105875672974062000 ) ) ;
#781 = VERTEX_POINT ( 'NONE', #3736 ) ;
#782 = CARTESIAN_POINT ( 'NONE',  ( 6.237499999999999800, -2.031460654743916600E-016, 1.105875672974062900 ) ) ;
#783 = CARTESIAN_POINT ( 'NONE',  ( -8.262500000000001100, 1.888322127572138500E-015, -1.249999999999999800 ) ) ;
#784 = FACE_OUTER_BOUND ( 'NONE', #1823, .T. ) ;
#785 = CARTESIAN_POINT ( 'NONE',  ( -5.993750000000001200, -0.6250000000000004400, -1.082531754730548000 ) ) ;
#786 = CARTESIAN_POINT ( 'NONE',  ( -8.131250000000001400, 1.249999999999999300, -0.7216878364870328300 ) ) ;
#787 = CARTESIAN_POINT ( 'NONE',  ( -9.950000000000001100, -0.2199459771158375500, -2.250000000000001300 ) ) ;
#788 = CARTESIAN_POINT ( 'NONE',  ( -7.475000000000000500, -1.249999999999999800, 1.530808498934191300E-016 ) ) ;
#789 = LINE ( 'NONE', #3256, #4302 ) ;
#790 = CARTESIAN_POINT ( 'NONE',  ( -7.250000000000000000, -0.9577164262227499900, 1.172864355864533000E-016 ) ) ;
#791 = EDGE_CURVE ( 'NONE', #475, #1045, #2861, .T. ) ;
#792 = CARTESIAN_POINT ( 'NONE',  ( 5.937500000000000900, 1.249999999999999800, 0.7216878364870329400 ) ) ;
#793 = VECTOR ( 'NONE', #1922, 1000.000000000000000 ) ;
#794 = CARTESIAN_POINT ( 'NONE',  ( 6.918382729840868900, 1.041868571852496700, -0.07931136255823374700 ) ) ;
#795 = CARTESIAN_POINT ( 'NONE',  ( -8.676346189432333500, -0.3349364905389026200, -1.249999999999999800 ) ) ;
#796 =( BOUNDED_CURVE ( )  B_SPLINE_CURVE ( 2, ( #3064, #1969, #183, #2356, #3080, #3099, #920, #3824, #887 ),
 .UNSPECIFIED., .F., .T. ) 
 B_SPLINE_CURVE_WITH_KNOTS ( ( 3, 2, 2, 2, 3 ),
 ( 0.5227272727272727100, 0.5303030303030302800, 0.5454545454545454100, 0.5606060606060605500, 0.5681818181818182300 ),
 .UNSPECIFIED. ) 
 CURVE ( )  GEOMETRIC_REPRESENTATION_ITEM ( )  RATIONAL_B_SPLINE_CURVE ( ( 0.9330127018922194100, 0.9330127018922194100, 1.000000000000000000, 0.8660254037844387100, 1.000000000000000000, 0.8660254037844387100, 1.000000000000000000, 0.9330127018922188500, 0.9330127018922194100 ) ) 
 REPRESENTATION_ITEM ( '' )  );
#797 = CARTESIAN_POINT ( 'NONE',  ( 8.956249999999998900, 1.250000000000000000, -0.7216878364870320500 ) ) ;
#798 = PERSON_AND_ORGANIZATION ( #2017, #1691 ) ;
#799 = CARTESIAN_POINT ( 'NONE',  ( -7.587499999999999500, 1.743066579297358300E-016, 1.249999999999999600 ) ) ;
#800 = FACE_OUTER_BOUND ( 'NONE', #2391, .T. ) ;
#801 = CARTESIAN_POINT ( 'NONE',  ( -9.087500000000000400, 1.249999999999999600, -0.7216878364870328300 ) ) ;
#802 = CARTESIAN_POINT ( 'NONE',  ( -6.612500000000000700, 0.9577164262227496600, -0.5529378364870315400 ) ) ;
#803 = VERTEX_POINT ( 'NONE', #1915 ) ;
#804 = CARTESIAN_POINT ( 'NONE',  ( 9.818749999999999600, -0.4788582131113757200, 0.8294067547305469200 ) ) ;
#805 = ADVANCED_FACE ( 'NONE', ( #4645 ), #1190, .T. ) ;
#806 = CARTESIAN_POINT ( 'NONE',  ( -9.950000000000001100, 1.948557158514986300, 1.125000000000000400 ) ) ;
#807 = ORIENTED_EDGE ( 'NONE', *, *, #3685, .F. ) ;
#808 = CARTESIAN_POINT ( 'NONE',  ( -9.218750000000001800, -1.249999999999999800, 1.530808498934191300E-016 ) ) ;
#809 = CARTESIAN_POINT ( 'NONE',  ( -9.950000000000001100, 0.0000000000000000000, 0.0000000000000000000 ) ) ;
#810 = CARTESIAN_POINT ( 'NONE',  ( -9.606916426222740700, 0.6291744576415432300, 0.7220528061771792600 ) ) ;
#811 = CARTESIAN_POINT ( 'NONE',  ( 7.286153810567663300, 0.3349364905389047900, 1.249999999999998900 ) ) ;
#812 = ORIENTED_EDGE ( 'NONE', *, *, #3873, .T. ) ;
#813 = CARTESIAN_POINT ( 'NONE',  ( 10.15624999999999800, -1.250000000000000000, -0.7216878364870325000 ) ) ;
#814 = CARTESIAN_POINT ( 'NONE',  ( 9.537499999999999600, -0.9577164262227504400, -0.5529378364870317600 ) ) ;
#815 = CARTESIAN_POINT ( 'NONE',  ( 7.775000000000000400, 0.6249999999999991100, 1.082531754730548900 ) ) ;
#816 = ORIENTED_EDGE ( 'NONE', *, *, #2632, .F. ) ;
#817 = CARTESIAN_POINT ( 'NONE',  ( -5.881249999999999600, -0.9577164262227497700, 0.5529378364870313200 ) ) ;
#818 = CARTESIAN_POINT ( 'NONE',  ( -9.950000000000001100, 0.0000000000000000000, 2.250000000000000000 ) ) ;
#819 = DIRECTION ( 'NONE',  ( -0.0000000000000000000, 0.8660254037844386000, 0.5000000000000003300 ) ) ;
#820 = CARTESIAN_POINT ( 'NONE',  ( -7.737500000000001600, 1.249999999999999600, -0.7216878364870328300 ) ) ;
#821 = CARTESIAN_POINT ( 'NONE',  ( -8.375000000000000000, 0.9577164262227499900, 0.0000000000000000000 ) ) ;
#822 = EDGE_LOOP ( 'NONE', ( #613, #445, #3523, #3458, #1879, #1951 ) ) ;
#823 = CARTESIAN_POINT ( 'NONE',  ( 7.718750000000000000, -0.4788582131113751100, -0.8294067547305472600 ) ) ;
#824 = CARTESIAN_POINT ( 'NONE',  ( -5.150000000000001200, 0.0000000000000000000, 0.0000000000000000000 ) ) ;
#825 =( BOUNDED_SURFACE ( )  B_SPLINE_SURFACE ( 1, 2, ( 
 ( #2423, #2830, #2038, #1340, #4240, #4632, #1026, #1729, #4271, #3908, #311, #2441, #3174, #2097, #3514, #997, #1327, #3874, #676, #3204, #1383, #4257, #1670, #2083, #2395, #252, #266, #2786, #4316, #2513, #725, #2156, #2906, #3261, #3272, #3976, #1408, #3631, #2893, #4300, #1801, #2165, #18, #351, #4, #1095, #1789, #1041, #3641, #327, #2863, #1055, #4287, #4644, #1744, #2499, #714, #2846, #3986, #3936, #4659, #2524, #4675, #3602, #1394, #690, #2141, #2125, #703, #3962, #1083, #379, #2487, #4343, #338, #4331, #364, #1437, #741, #2109, #3950, #2471, #3222, #3587, #1421, #1759, #3235, #1775, #2877, #3249, #1071, #3615, #3689, #2178, #752, #4014, #64, #1469, #2938, #455, #1453, #1486, #2242, #3286, #2570, #782, #4027, #424, #2557, #35, #3705, #4425, #1154, #3673, #3999, #1174, #2996 ),
 ( #2956, #99, #3334, #3302, #1814, #813, #3319, #2227, #4376, #4358, #2540, #392, #2922, #4045, #3351, #3658, #1518, #1105, #1880, #2194, #1832, #2605, #50, #409, #769, #1122, #1136, #1849, #1498, #4392, #4407, #2210, #1865, #2588, #438, #80, #2974, #797, #4060, #4456, #2287, #3029, #3420, #117, #3739, #4137, #2319, #3059, #3385, #1918, #880, #3010, #490, #1532, #2676, #1545, #1934, #899, #4120, #146, #4095, #3075, #2656, #2695, #1578, #847, #2624, #2272, #863, #4493, #1949, #132, #1207, #2641, #1224, #3758, #474, #2303, #4475, #4077, #830, #3786, #508, #1900, #1593, #3724, #1965, #160, #3041, #1559, #528, #4108, #3403, #4509, #3369, #1240, #3773, #178, #548, #3438, #4440, #2258, #1191, #3155, #212, #2370, #4185, #3803, #975, #3473, #1274, #1645, #193, #4555, #4201, #2387, #2730 ) ),
 .UNSPECIFIED., .F., .F., .F. ) 
 B_SPLINE_SURFACE_WITH_KNOTS ( ( 2, 2 ),
 ( 3, 2, 2, 2, 2, 2, 2, 2, 2, 2, 2, 2, 2, 2, 2, 2, 2, 2, 2, 2, 2, 2, 2, 2, 2, 2, 2, 2, 2, 2, 2, 2, 2, 2, 2, 2, 2, 2, 2, 2, 2, 2, 2, 2, 2, 2, 2, 2, 2, 2, 2, 2, 2, 2, 2, 2, 2, 2, 3 ),
 ( 0.0000000000000000000, 1.000000000000000000 ),
 ( 0.0000000000000000000, 0.01666666666666666600, 0.03333333333333333300, 0.05000000000000000300, 0.06666666666666666600, 0.08333333333333332900, 0.1000000000000000100, 0.1166666666666666700, 0.1333333333333333300, 0.1499999999999999900, 0.1666666666666666600, 0.1833333333333333200, 0.2000000000000000100, 0.2166666666666666700, 0.2333333333333333400, 0.2500000000000000000, 0.2666666666666666600, 0.2833333333333333300, 0.2999999999999999900, 0.3166666666666666500, 0.3333333333333333100, 0.3499999999999999800, 0.3666666666666666400, 0.3833333333333333600, 0.4000000000000000200, 0.4166666666666666900, 0.4333333333333333500, 0.4500000000000000100, 0.4666666666666666700, 0.4833333333333333400, 0.5000000000000000000, 0.5166666666666667200, 0.5333333333333333300, 0.5500000000000000400, 0.5666666666666666500, 0.5833333333333333700, 0.5999999999999999800, 0.6166666666666667000, 0.6333333333333333000, 0.6500000000000000200, 0.6666666666666666300, 0.6833333333333333500, 0.6999999999999999600, 0.7166666666666666700, 0.7333333333333332800, 0.7500000000000000000, 0.7666666666666667200, 0.7833333333333333300, 0.8000000000000000400, 0.8166666666666666500, 0.8333333333333333700, 0.8499999999999999800, 0.8666666666666667000, 0.8833333333333333000, 0.9000000000000000200, 0.9166666666666666300, 0.9333333333333333500, 0.9499999999999999600, 0.9666666666666666700 ),
 .UNSPECIFIED. ) 
 GEOMETRIC_REPRESENTATION_ITEM ( )  RATIONAL_B_SPLINE_SURFACE ( (
 ( 1.000000000000000000, 0.8660254037844387100, 1.000000000000000000, 0.8660254037844387100, 1.000000000000000000, 0.8660254037844387100, 1.000000000000000000, 0.8660254037844387100, 1.000000000000000000, 0.8660254037844387100, 1.000000000000000000, 0.8660254037844387100, 1.000000000000000000, 0.8660254037844387100, 1.000000000000000000, 0.8660254037844387100, 1.000000000000000000, 0.8660254037844387100, 1.000000000000000000, 0.8660254037844387100, 1.000000000000000000, 0.8660254037844387100, 1.000000000000000000, 0.8660254037844387100, 1.000000000000000000, 0.8660254037844387100, 1.000000000000000000, 0.8660254037844387100, 1.000000000000000000, 0.8660254037844387100, 1.000000000000000000, 0.8660254037844387100, 1.000000000000000000, 0.8660254037844387100, 1.000000000000000000, 0.8660254037844387100, 1.000000000000000000, 0.8660254037844387100, 1.000000000000000000, 0.8660254037844387100, 1.000000000000000000, 0.8660254037844387100, 1.000000000000000000, 0.8660254037844387100, 1.000000000000000000, 0.8660254037844387100, 1.000000000000000000, 0.8660254037844387100, 1.000000000000000000, 0.8660254037844387100, 1.000000000000000000, 0.8660254037844387100, 1.000000000000000000, 0.8660254037844387100, 1.000000000000000000, 0.8660254037844387100, 1.000000000000000000, 0.8660254037844387100, 1.000000000000000000, 0.8660254037844387100, 1.000000000000000000, 0.8660254037844387100, 1.000000000000000000, 0.8660254037844387100, 1.000000000000000000, 0.8660254037844387100, 1.000000000000000000, 0.8660254037844387100, 1.000000000000000000, 0.8660254037844387100, 1.000000000000000000, 0.8660254037844387100, 1.000000000000000000, 0.8660254037844387100, 1.000000000000000000, 0.8660254037844387100, 1.000000000000000000, 0.8660254037844387100, 1.000000000000000000, 0.8660254037844387100, 1.000000000000000000, 0.8660254037844387100, 1.000000000000000000, 0.8660254037844387100, 1.000000000000000000, 0.8660254037844387100, 1.000000000000000000, 0.8660254037844387100, 1.000000000000000000, 0.8660254037844387100, 1.000000000000000000, 0.8660254037844387100, 1.000000000000000000, 0.8660254037844387100, 1.000000000000000000, 0.8660254037844387100, 1.000000000000000000, 0.8660254037844387100, 1.000000000000000000, 0.8660254037844387100, 1.000000000000000000, 0.8660254037844387100, 1.000000000000000000, 0.8660254037844387100, 1.000000000000000000, 0.8660254037844387100, 1.000000000000000000, 0.8660254037844387100, 1.000000000000000000, 0.8660254037844387100, 1.000000000000000000, 0.8660254037844387100, 1.000000000000000000, 0.8660254037844387100, 1.000000000000000000, 0.8660254037844387100, 1.000000000000000000),
 ( 1.000000000000000000, 0.8660254037844387100, 1.000000000000000000, 0.8660254037844387100, 1.000000000000000000, 0.8660254037844387100, 1.000000000000000000, 0.8660254037844387100, 1.000000000000000000, 0.8660254037844387100, 1.000000000000000000, 0.8660254037844387100, 1.000000000000000000, 0.8660254037844387100, 1.000000000000000000, 0.8660254037844387100, 1.000000000000000000, 0.8660254037844387100, 1.000000000000000000, 0.8660254037844387100, 1.000000000000000000, 0.8660254037844387100, 1.000000000000000000, 0.8660254037844387100, 1.000000000000000000, 0.8660254037844387100, 1.000000000000000000, 0.8660254037844387100, 1.000000000000000000, 0.8660254037844387100, 1.000000000000000000, 0.8660254037844387100, 1.000000000000000000, 0.8660254037844387100, 1.000000000000000000, 0.8660254037844387100, 1.000000000000000000, 0.8660254037844387100, 1.000000000000000000, 0.8660254037844387100, 1.000000000000000000, 0.8660254037844387100, 1.000000000000000000, 0.8660254037844387100, 1.000000000000000000, 0.8660254037844387100, 1.000000000000000000, 0.8660254037844387100, 1.000000000000000000, 0.8660254037844387100, 1.000000000000000000, 0.8660254037844387100, 1.000000000000000000, 0.8660254037844387100, 1.000000000000000000, 0.8660254037844387100, 1.000000000000000000, 0.8660254037844387100, 1.000000000000000000, 0.8660254037844387100, 1.000000000000000000, 0.8660254037844387100, 1.000000000000000000, 0.8660254037844387100, 1.000000000000000000, 0.8660254037844387100, 1.000000000000000000, 0.8660254037844387100, 1.000000000000000000, 0.8660254037844387100, 1.000000000000000000, 0.8660254037844387100, 1.000000000000000000, 0.8660254037844387100, 1.000000000000000000, 0.8660254037844387100, 1.000000000000000000, 0.8660254037844387100, 1.000000000000000000, 0.8660254037844387100, 1.000000000000000000, 0.8660254037844387100, 1.000000000000000000, 0.8660254037844387100, 1.000000000000000000, 0.8660254037844387100, 1.000000000000000000, 0.8660254037844387100, 1.000000000000000000, 0.8660254037844387100, 1.000000000000000000, 0.8660254037844387100, 1.000000000000000000, 0.8660254037844387100, 1.000000000000000000, 0.8660254037844387100, 1.000000000000000000, 0.8660254037844387100, 1.000000000000000000, 0.8660254037844387100, 1.000000000000000000, 0.8660254037844387100, 1.000000000000000000, 0.8660254037844387100, 1.000000000000000000, 0.8660254037844387100, 1.000000000000000000, 0.8660254037844387100, 1.000000000000000000, 0.8660254037844387100, 1.000000000000000000, 0.8660254037844387100, 1.000000000000000000, 0.8660254037844387100, 1.000000000000000000, 0.8660254037844387100, 1.000000000000000000) ) ) 
 REPRESENTATION_ITEM ( '' )  SURFACE ( )  );
#826 = CARTESIAN_POINT ( 'NONE',  ( -10.30625000000000200, 1.250000000000000000, 0.7216878364870319400 ) ) ;
#827 = EDGE_CURVE ( 'NONE', #731, #1384, #2436, .T. ) ;
#828 = CARTESIAN_POINT ( 'NONE',  ( 6.992961012353156900, -2.820862747496224700E-014, 1.110637438575908400 ) ) ;
#829 = CARTESIAN_POINT ( 'NONE',  ( 7.164420627188759400, 1.249999999999999600, -0.5644440429244181900 ) ) ;
#830 = CARTESIAN_POINT ( 'NONE',  ( 7.343750000000000000, -0.6250000000000005600, 1.082531754730548200 ) ) ;
#831 = ORIENTED_EDGE ( 'NONE', *, *, #504, .F. ) ;
#832 = CARTESIAN_POINT ( 'NONE',  ( 9.875000000000000000, -0.4788582131113757200, 0.8294067547305469200 ) ) ;
#833 = CARTESIAN_POINT ( 'NONE',  ( -8.974999999999999600, 0.6250000000000000000, 1.082531754730548200 ) ) ;
#834 = CARTESIAN_POINT ( 'NONE',  ( 6.049999999999999800, 1.530808498934191600E-016, 1.250000000000000000 ) ) ;
#835 = CARTESIAN_POINT ( 'NONE',  ( -9.368749999999998600, -0.4788582131113754400, -0.8294067547305463700 ) ) ;
#836 = CARTESIAN_POINT ( 'NONE',  ( -7.325000000000001100, 0.6249999999999990000, -1.082531754730548600 ) ) ;
#837 = ORIENTED_EDGE ( 'NONE', *, *, #977, .T. ) ;
#838 = ORIENTED_EDGE ( 'NONE', *, *, #141, .F. ) ;
#839 = CARTESIAN_POINT ( 'NONE',  ( -7.962500000000001200, 0.9577164262227496600, -0.5529378364870315400 ) ) ;
#840 = CARTESIAN_POINT ( 'NONE',  ( 7.568749999999998800, -0.4788582131113757200, 0.8294067547305469200 ) ) ;
#841 = APPROVAL ( #1826, 'UNSPECIFIED' ) ;
#842 = ORIENTED_EDGE ( 'NONE', *, *, #4643, .F. ) ;
#843 = CARTESIAN_POINT ( 'NONE',  ( -9.950000000000002800, -1.727238319854184700, 1.508335473232648400 ) ) ;
#844 = CARTESIAN_POINT ( 'NONE',  ( -6.293750000000001100, 1.249999999999999800, 0.0000000000000000000 ) ) ;
#845 = CARTESIAN_POINT ( 'NONE',  ( 6.049999999999999800, 1.530808498934191600E-016, 1.250000000000000000 ) ) ;
#846 = CARTESIAN_POINT ( 'NONE',  ( 8.599999999999999600, 1.250000000000000000, 0.0000000000000000000 ) ) ;
#847 = CARTESIAN_POINT ( 'NONE',  ( 7.906249999999998200, -1.250000000000000000, -0.7216878364870325000 ) ) ;
#848 = CARTESIAN_POINT ( 'NONE',  ( -9.749038105676659100, 2.598076211353316500, 1.069665190136675600E-015 ) ) ;
#849 = CARTESIAN_POINT ( 'NONE',  ( 8.750000000000000000, 0.4788582131113754400, -0.8294067547305471500 ) ) ;
#850 = CARTESIAN_POINT ( 'NONE',  ( 9.031250000000000000, 1.249999999999999600, 0.7216878364870329400 ) ) ;
#851 = CYLINDRICAL_SURFACE ( 'NONE', #1050, 1.250000000000000000 ) ;
#852 = CARTESIAN_POINT ( 'NONE',  ( 6.049999999999999800, 1.530808498934191600E-016, 1.250000000000000000 ) ) ;
#853 = CARTESIAN_POINT ( 'NONE',  ( -8.431250000000000400, -2.031460654743915200E-016, -1.105875672974062000 ) ) ;
#854 = CARTESIAN_POINT ( 'NONE',  ( -9.350000000000001400, -0.6249999999999995600, 1.082531754730548400 ) ) ;
#855 = CARTESIAN_POINT ( 'NONE',  ( -9.031249999999998200, -0.9577164262227497700, 0.5529378364870313200 ) ) ;
#856 = EDGE_CURVE ( 'NONE', #1231, #1267, #1866, .T. ) ;
#857 = CARTESIAN_POINT ( 'NONE',  ( 7.493749999999999500, 0.4788582131113746100, 0.8294067547305475900 ) ) ;
#858 = CARTESIAN_POINT ( 'NONE',  ( 7.643749999999999800, 1.250000000000000000, 0.0000000000000000000 ) ) ;
#859 = CARTESIAN_POINT ( 'NONE',  ( -8.056250000000000400, 1.250000000000000000, 0.7216878364870319400 ) ) ;
#860 =( BOUNDED_CURVE ( )  B_SPLINE_CURVE ( 2, ( #1319, #4213, #2411, #271, #284, #623, #3549, #605, #2399 ),
 .UNSPECIFIED., .F., .F. ) 
 B_SPLINE_CURVE_WITH_KNOTS ( ( 3, 2, 2, 2, 3 ),
 ( 0.3750000000000000000, 0.3833333333333333600, 0.4000000000000000200, 0.4166666666666666900, 0.4250000000000000400 ),
 .UNSPECIFIED. ) 
 CURVE ( )  GEOMETRIC_REPRESENTATION_ITEM ( )  RATIONAL_B_SPLINE_CURVE ( ( 0.9330127018922194100, 0.9330127018922194100, 1.000000000000000000, 0.8660254037844387100, 1.000000000000000000, 0.8660254037844387100, 1.000000000000000000, 0.9330127018922191900, 0.9330127018922194100 ) ) 
 REPRESENTATION_ITEM ( '' )  );
#861 = CYLINDRICAL_SURFACE ( 'NONE', #3487, 1.250000000000000000 ) ;
#862 = CARTESIAN_POINT ( 'NONE',  ( 8.562500000000000000, 1.250000000000000000, -0.7216878364870320500 ) ) ;
#863 = CARTESIAN_POINT ( 'NONE',  ( 7.793749999999998400, -0.6250000000000005600, 1.082531754730548200 ) ) ;
#864 = CARTESIAN_POINT ( 'NONE',  ( 8.112500000000000700, -0.9577164262227508800, 0.5529378364870311000 ) ) ;
#865 = CARTESIAN_POINT ( 'NONE',  ( 9.218750000000000000, 0.9577164262227506600, 0.0000000000000000000 ) ) ;
#866 = CARTESIAN_POINT ( 'NONE',  ( 7.943749999999999600, -0.6249999999999996700, -1.082531754730548400 ) ) ;
#867 = CARTESIAN_POINT ( 'NONE',  ( -5.618750000000001200, -1.249999999999999800, 1.530808498934191300E-016 ) ) ;
#868 = CARTESIAN_POINT ( 'NONE',  ( -8.675000000000000700, 0.6249999999999990000, -1.082531754730548600 ) ) ;
#869 = AXIS2_PLACEMENT_3D ( 'NONE', #200, #2720, #922 ) ;
#870 = CARTESIAN_POINT ( 'NONE',  ( -5.525000000000000400, -0.4788582131113747800, 0.8294067547305465900 ) ) ;
#871 = VERTEX_POINT ( 'NONE', #3384 ) ;
#872 = CARTESIAN_POINT ( 'NONE',  ( 9.406250000000001800, -0.9577164262227507700, 0.5529378364870311000 ) ) ;
#873 = CARTESIAN_POINT ( 'NONE',  ( -6.218750000000000900, 0.6250000000000000000, 1.082531754730548200 ) ) ;
#874 = CARTESIAN_POINT ( 'NONE',  ( -9.650000000000000400, -0.6250000000000004400, -1.082531754730548000 ) ) ;
#875 = CARTESIAN_POINT ( 'NONE',  ( -6.893750000000000700, -0.6250000000000004400, -1.082531754730548000 ) ) ;
#876 = ORIENTED_EDGE ( 'NONE', *, *, #48, .T. ) ;
#877 = COORDINATED_UNIVERSAL_TIME_OFFSET ( 6, 0, .BEHIND. ) ;
#878 = CARTESIAN_POINT ( 'NONE',  ( 8.206250000000000700, 6.771535515813057500E-017, -1.105875672974062900 ) ) ;
#879 = CARTESIAN_POINT ( 'NONE',  ( 7.400000000000000400, -0.6250000000000005600, 1.082531754730548200 ) ) ;
#880 = CARTESIAN_POINT ( 'NONE',  ( 8.468749999999998200, 0.6250000000000001100, -1.082531754730548400 ) ) ;
#881 = CARTESIAN_POINT ( 'NONE',  ( -9.606916426222751300, -0.07129973764664798700, 0.9550586895413256700 ) ) ;
#882 = EDGE_LOOP ( 'NONE', ( #3098, #3105, #1858, #156 ) ) ;
#883 = CARTESIAN_POINT ( 'NONE',  ( 7.587500000000000400, -2.031460654743916600E-016, 1.105875672974062900 ) ) ;
#884 = ORIENTED_EDGE ( 'NONE', *, *, #2041, .F. ) ;
#885 = CARTESIAN_POINT ( 'NONE',  ( 9.256249999999999600, 0.9577164262227503300, 0.5529378364870319900 ) ) ;
#886 = DIRECTION ( 'NONE',  ( -1.000000000000000000, -0.0000000000000000000, -0.0000000000000000000 ) ) ;
#887 = CARTESIAN_POINT ( 'NONE',  ( -7.531249999999999100, -4.706279764102867600E-015, 1.249999999999999600 ) ) ;
#888 = CARTESIAN_POINT ( 'NONE',  ( -7.306250000000001200, -4.938688641342514700E-016, -1.249999999999999800 ) ) ;
#889 = CARTESIAN_POINT ( 'NONE',  ( -8.881249999999999600, -2.031460654743915200E-016, -1.105875672974062000 ) ) ;
#890 = EDGE_CURVE ( 'NONE', #913, #1275, #2597, .T. ) ;
#891 = CARTESIAN_POINT ( 'NONE',  ( -6.537500000000000500, -1.250000000000000000, -0.7216878364870315000 ) ) ;
#892 = CARTESIAN_POINT ( 'NONE',  ( -6.312500000000000900, -0.9577164262227502200, -0.5529378364870306500 ) ) ;
#893 = CARTESIAN_POINT ( 'NONE',  ( 8.731249999999999300, 0.9577164262227506600, -0.5529378364870313200 ) ) ;
#894 = CARTESIAN_POINT ( 'NONE',  ( -9.293749999999999300, -0.6249999999999995600, 1.082531754730548400 ) ) ;
#895 = CARTESIAN_POINT ( 'NONE',  ( -6.218750000000000900, 0.6250000000000000000, 1.082531754730548200 ) ) ;
#896 = CARTESIAN_POINT ( 'NONE',  ( 7.231249999999999300, -0.9577164262227504400, -0.5529378364870317600 ) ) ;
#897 = ORIENTED_EDGE ( 'NONE', *, *, #17, .T. ) ;
#898 = CARTESIAN_POINT ( 'NONE',  ( -9.724091377582023900, -0.1494448135171083900, -1.074891377582020600 ) ) ;
#899 = CARTESIAN_POINT ( 'NONE',  ( 8.206249999999998900, -2.651438096812267400E-016, 1.443375672974064300 ) ) ;
#900 = CARTESIAN_POINT ( 'NONE',  ( 7.062500000000000000, 0.9577164262227503300, 0.5529378364870319900 ) ) ;
#901 = ORIENTED_EDGE ( 'NONE', *, *, #3570, .T. ) ;
#902 = CARTESIAN_POINT ( 'NONE',  ( -8.487500000000000700, 1.743066579297358300E-016, 1.249999999999999600 ) ) ;
#903 = AXIS2_PLACEMENT_3D ( 'NONE', #484, #1187, #1495 ) ;
#904 = CARTESIAN_POINT ( 'NONE',  ( -9.799999999999998900, -0.6249999999999995600, 1.082531754730548400 ) ) ;
#905 = CARTESIAN_POINT ( 'NONE',  ( -5.975000000000001400, 0.6249999999999990000, -1.082531754730548600 ) ) ;
#906 = CARTESIAN_POINT ( 'NONE',  ( -6.050000000000000700, 0.4788582131113751100, 0.8294067547305464800 ) ) ;
#907 = CARTESIAN_POINT ( 'NONE',  ( 6.631249999999999600, -2.031460654743916600E-016, 1.105875672974062900 ) ) ;
#908 = PRODUCT_RELATED_PRODUCT_CATEGORY ( 'detail', '', ( #4171 ) ) ;
#909 = CARTESIAN_POINT ( 'NONE',  ( -5.225000000000001400, -1.249999999999999800, 1.530808498934191300E-016 ) ) ;
#910 = CARTESIAN_POINT ( 'NONE',  ( -6.106250000000001100, -1.249999999999999800, 0.7216878364870323900 ) ) ;
#911 = APPROVAL_DATE_TIME ( #691, #128 ) ;
#912 = CARTESIAN_POINT ( 'NONE',  ( 6.781249999999999100, -0.9577164262227504400, -0.5529378364870317600 ) ) ;
#913 = VERTEX_POINT ( 'NONE', #3703 ) ;
#914 = CARTESIAN_POINT ( 'NONE',  ( 7.512500000000001100, -1.250000000000000000, -0.7216878364870327200 ) ) ;
#915 = CARTESIAN_POINT ( 'NONE',  ( -9.331250000000000700, -9.877377282685031300E-016, 1.249999999999999800 ) ) ;
#916 = LINE ( 'NONE', #1178, #1407 ) ;
#917 = CARTESIAN_POINT ( 'NONE',  ( -5.787500000000000500, 1.743066579297358300E-016, 1.249999999999999600 ) ) ;
#918 = CARTESIAN_POINT ( 'NONE',  ( 8.337499999999998600, 0.9577164262227506600, -0.5529378364870313200 ) ) ;
#919 = CARTESIAN_POINT ( 'NONE',  ( 8.262500000000001100, -4.938688641342514700E-016, 1.250000000000000000 ) ) ;
#920 = CARTESIAN_POINT ( 'NONE',  ( -7.568750000000000500, 0.6250000000000000000, 1.082531754730548200 ) ) ;
#921 = VECTOR ( 'NONE', #1482, 1000.000000000000000 ) ;
#922 = DIRECTION ( 'NONE',  ( 0.0000000000000000000, 0.0000000000000000000, 1.000000000000000000 ) ) ;
#923 = CARTESIAN_POINT ( 'NONE',  ( -6.743749999999999500, -0.9577164262227499900, 1.172864355864533000E-016 ) ) ;
#924 = CARTESIAN_POINT ( 'NONE',  ( -7.268749999999998900, -0.4788582131113747800, 0.8294067547305465900 ) ) ;
#925 = EDGE_CURVE ( 'NONE', #871, #3732, #2892, .T. ) ;
#926 = FACE_OUTER_BOUND ( 'NONE', #2577, .T. ) ;
#927 = CARTESIAN_POINT ( 'NONE',  ( 6.406249999999999100, 6.771535515813057500E-017, -1.105875672974062900 ) ) ;
#928 = CARTESIAN_POINT ( 'NONE',  ( -8.599999999999999600, -0.9577164262227499900, 1.172864355864533000E-016 ) ) ;
#929 = CARTESIAN_POINT ( 'NONE',  ( 6.668749999999999300, -0.4788582131113757200, 0.8294067547305469200 ) ) ;
#930 = CARTESIAN_POINT ( 'NONE',  ( -5.150000000000001200, 0.0000000000000000000, 0.0000000000000000000 ) ) ;
#931 = VERTEX_POINT ( 'NONE', #3349 ) ;
#932 = CARTESIAN_POINT ( 'NONE',  ( -7.006250000000000500, -1.249999999999999600, 0.7216878364870325000 ) ) ;
#933 = CARTESIAN_POINT ( 'NONE',  ( 7.718750000000000000, -0.4788582131113751100, -0.8294067547305472600 ) ) ;
#934 = ORIENTED_EDGE ( 'NONE', *, *, #4615, .T. ) ;
#935 = CARTESIAN_POINT ( 'NONE',  ( -9.368749999999998600, -0.4788582131113754400, -0.8294067547305463700 ) ) ;
#936 = CARTESIAN_POINT ( 'NONE',  ( -7.868749999999998600, 0.9577164262227499900, 0.0000000000000000000 ) ) ;
#937 = CARTESIAN_POINT ( 'NONE',  ( -6.237500000000000700, 8.838126989374222200E-017, 1.443375672974064100 ) ) ;
#938 = CARTESIAN_POINT ( 'NONE',  ( -7.943749999999999600, 0.4788582131113742800, -0.8294067547305469200 ) ) ;
#939 = ORIENTED_EDGE ( 'NONE', *, *, #890, .T. ) ;
#940 = EDGE_LOOP ( 'NONE', ( #1335, #3453, #1499, #231 ) ) ;
#941 = CARTESIAN_POINT ( 'NONE',  ( -5.581250000000000700, -1.250000000000000000, -0.7216878364870315000 ) ) ;
#942 = CARTESIAN_POINT ( 'NONE',  ( 6.218749999999999100, -0.4788582131113757200, 0.8294067547305469200 ) ) ;
#943 = ORIENTED_EDGE ( 'NONE', *, *, #4502, .F. ) ;
#944 = CARTESIAN_POINT ( 'NONE',  ( -9.779584858249400300, -1.113900450003478400, -0.2433317439651024300 ) ) ;
#945 = CARTESIAN_POINT ( 'NONE',  ( 6.030756665990566000, 1.728209346468570800, -1.506653605801031400 ) ) ;
#946 = CARTESIAN_POINT ( 'NONE',  ( -5.150000000000001200, 1.530808498934191600E-016, -1.250000000000000000 ) ) ;
#947 = CARTESIAN_POINT ( 'NONE',  ( 8.168749999999999300, -0.4788582131113751100, -0.8294067547305472600 ) ) ;
#948 = CARTESIAN_POINT ( 'NONE',  ( -9.518749999999998900, -0.4788582131113747800, 0.8294067547305465900 ) ) ;
#949 = CARTESIAN_POINT ( 'NONE',  ( -7.643749999999999800, -0.9577164262227499900, 1.172864355864533000E-016 ) ) ;
#950 = EDGE_CURVE ( 'NONE', #3618, #3571, #3614, .T. ) ;
#951 = CARTESIAN_POINT ( 'NONE',  ( -6.687500000000000900, 8.838126989374222200E-017, 1.443375672974064100 ) ) ;
#952 = ORIENTED_EDGE ( 'NONE', *, *, #2793, .F. ) ;
#953 = CARTESIAN_POINT ( 'NONE',  ( -8.131249999999999600, -0.9577164262227497700, 0.5529378364870313200 ) ) ;
#954 = DIRECTION ( 'NONE',  ( 0.0000000000000000000, 0.0000000000000000000, -1.000000000000000000 ) ) ;
#955 = EDGE_LOOP ( 'NONE', ( #3259, #2675, #1841, #4564 ) ) ;
#956 = CARTESIAN_POINT ( 'NONE',  ( -9.462500000000000400, -0.9577164262227502200, -0.5529378364870306500 ) ) ;
#957 = AXIS2_PLACEMENT_3D ( 'NONE', #809, #4075, #1530 ) ;
#958 = CARTESIAN_POINT ( 'NONE',  ( 10.02499999999999900, -0.4788582131113751100, -0.8294067547305472600 ) ) ;
#959 = ORIENTED_EDGE ( 'NONE', *, *, #3170, .T. ) ;
#960 = DIRECTION ( 'NONE',  ( 0.0000000000000000000, 0.0000000000000000000, -1.000000000000000000 ) ) ;
#961 = B_SPLINE_CURVE_WITH_KNOTS ( 'NONE', 3,
 ( #1180, #4085, #757, #4035, #71, #2944, #2982, #430 ),
 .UNSPECIFIED., .F., .F.,
 ( 4, 2, 2, 4 ),
 ( 1.299380773703158300E-013, 0.0002670804979418569600, 0.0005341609957537760900, 0.001068321991377614200 ),
 .UNSPECIFIED. ) ;
#962 = CARTESIAN_POINT ( 'NONE',  ( 7.606249999999999300, -0.9577164262227508800, 0.5529378364870311000 ) ) ;
#963 = AXIS2_PLACEMENT_3D ( 'NONE', #4567, #3863, #1674 ) ;
#964 = B_SPLINE_CURVE_WITH_KNOTS ( 'NONE', 3,
 ( #4334, #2866, #22, #4319, #2144, #3617, #1057, #2528, #677, #3207 ),
 .UNSPECIFIED., .F., .F.,
 ( 4, 2, 2, 2, 4 ),
 ( 0.004644816308313349200, 0.005257505507934218100, 0.005870194707555087000, 0.006482883907175955900, 0.007095573106796824800 ),
 .UNSPECIFIED. ) ;
#965 = CARTESIAN_POINT ( 'NONE',  ( -9.406250000000001800, -0.9577164262227502200, -0.5529378364870306500 ) ) ;
#966 = DIRECTION ( 'NONE',  ( -1.000000000000000000, -0.0000000000000000000, -0.0000000000000000000 ) ) ;
#967 = CARTESIAN_POINT ( 'NONE',  ( -6.556249999999999500, 0.9577164262227496600, -0.5529378364870315400 ) ) ;
#968 = CIRCLE ( 'NONE', #1767, 1.250000000000000000 ) ;
#969 = CARTESIAN_POINT ( 'NONE',  ( 5.956249999999999800, 6.771535515813057500E-017, -1.105875672974062900 ) ) ;
#970 = CARTESIAN_POINT ( 'NONE',  ( -9.809697796362673500, 1.088906773197472400, -2.250000000000001300 ) ) ;
#971 = CARTESIAN_POINT ( 'NONE',  ( -5.618750000000001200, -1.249999999999999800, 1.530808498934191300E-016 ) ) ;
#972 = CONICAL_SURFACE ( 'NONE', #121, 2.250000000000000000, 1.047197551196600100 ) ;
#973 = CARTESIAN_POINT ( 'NONE',  ( 8.974999999999999600, -0.4788582131113757200, 0.8294067547305469200 ) ) ;
#974 = DIRECTION ( 'NONE',  ( 1.000000000000000000, 0.0000000000000000000, -0.0000000000000000000 ) ) ;
#975 = CARTESIAN_POINT ( 'NONE',  ( 6.293749999999999300, 1.250000000000000000, 0.0000000000000000000 ) ) ;
#976 = DIRECTION ( 'NONE',  ( 0.0000000000000000000, 0.0000000000000000000, 1.000000000000000000 ) ) ;
#977 = EDGE_CURVE ( 'NONE', #3504, #1267, #1296, .T. ) ;
#978 = CARTESIAN_POINT ( 'NONE',  ( 6.931250000000000400, 0.9577164262227506600, -0.5529378364870313200 ) ) ;
#979 = CARTESIAN_POINT ( 'NONE',  ( -7.718750000000000000, -0.4788582131113747800, 0.8294067547305465900 ) ) ;
#980 = DIRECTION ( 'NONE',  ( 1.000000000000000000, 0.0000000000000000000, 0.0000000000000000000 ) ) ;
#981 = CARTESIAN_POINT ( 'NONE',  ( -7.718750000000000000, -0.4788582131113747800, 0.8294067547305465900 ) ) ;
#982 = ADVANCED_FACE ( 'NONE', ( #3295 ), #2317, .F. ) ;
#983 = CARTESIAN_POINT ( 'NONE',  ( 9.781250000000001800, -2.031460654743916600E-016, 1.105875672974062900 ) ) ;
#984 = EDGE_CURVE ( 'NONE', #2688, #1271, #1931, .T. ) ;
#985 = CARTESIAN_POINT ( 'NONE',  ( -8.712500000000000400, -4.938688641342514700E-016, -1.249999999999999800 ) ) ;
#986 = CARTESIAN_POINT ( 'NONE',  ( -6.350000000000000500, 1.249999999999999800, 0.0000000000000000000 ) ) ;
#987 = CARTESIAN_POINT ( 'NONE',  ( -9.987499999999998900, -0.9577164262227497700, 0.5529378364870313200 ) ) ;
#988 = EDGE_LOOP ( 'NONE', ( #4610, #943, #2381 ) ) ;
#989 = CARTESIAN_POINT ( 'NONE',  ( 8.787500000000001400, 0.9577164262227506600, -0.5529378364870313200 ) ) ;
#990 = CARTESIAN_POINT ( 'NONE',  ( 7.134908697206269900, -0.04318837989550451700, -1.250000000000000000 ) ) ;
#991 = DIRECTION ( 'NONE',  ( 0.0000000000000000000, 0.0000000000000000000, -1.000000000000000000 ) ) ;
#992 = ORIENTED_EDGE ( 'NONE', *, *, #1115, .F. ) ;
#993 = B_SPLINE_CURVE_WITH_KNOTS ( 'NONE', 3,
 ( #70, #2610, #429, #3357, #787, #1198 ),
 .UNSPECIFIED., .F., .F.,
 ( 4, 2, 4 ),
 ( 0.01306634083629167600, 0.01371187710573973700, 0.01435741337518779700 ),
 .UNSPECIFIED. ) ;
#994 = CARTESIAN_POINT ( 'NONE',  ( 8.506249999999999600, -0.9577164262227508800, 0.5529378364870311000 ) ) ;
#995 = EDGE_LOOP ( 'NONE', ( #3039, #1506, #53, #275, #4443, #1605 ) ) ;
#996 = CARTESIAN_POINT ( 'NONE',  ( -7.943749999999999600, 0.4788582131113742800, -0.8294067547305469200 ) ) ;
#997 = CARTESIAN_POINT ( 'NONE',  ( 9.612499999999998900, 6.771535515813057500E-017, -1.105875672974062900 ) ) ;
#998 = CARTESIAN_POINT ( 'NONE',  ( -6.687500000000000900, 1.743066579297358300E-016, 1.249999999999999600 ) ) ;
#999 = CARTESIAN_POINT ( 'NONE',  ( -7.775000000000000400, 0.6249999999999990000, -1.082531754730548600 ) ) ;
#1000 = CARTESIAN_POINT ( 'NONE',  ( -5.787499999999999600, -2.031460654743915200E-016, -1.105875672974062000 ) ) ;
#1001 = CARTESIAN_POINT ( 'NONE',  ( 9.987499999999998900, -0.9577164262227504400, -0.5529378364870317600 ) ) ;
#1002 = DIRECTION ( 'NONE',  ( 0.0000000000000000000, 0.0000000000000000000, 1.000000000000000000 ) ) ;
#1003 = DIRECTION ( 'NONE',  ( 1.000000000000000000, 0.0000000000000000000, 0.0000000000000000000 ) ) ;
#1004 =( BOUNDED_CURVE ( )  B_SPLINE_CURVE ( 2, ( #1851, #4047, #3337, #4080, #1177, #2245, #833, #3709, #102 ),
 .UNSPECIFIED., .F., .F. ) 
 B_SPLINE_CURVE_WITH_KNOTS ( ( 3, 2, 2, 2, 3 ),
 ( 0.1590909090909090900, 0.1666666666666666600, 0.1818181818181818200, 0.1969696969696969600, 0.2045454545454545600 ),
 .UNSPECIFIED. ) 
 CURVE ( )  GEOMETRIC_REPRESENTATION_ITEM ( )  RATIONAL_B_SPLINE_CURVE ( ( 0.9330127018922194100, 0.9330127018922194100, 1.000000000000000000, 0.8660254037844387100, 1.000000000000000000, 0.8660254037844387100, 1.000000000000000000, 0.9330127018922191900, 0.9330127018922193000 ) ) 
 REPRESENTATION_ITEM ( '' )  );
#1005 = CARTESIAN_POINT ( 'NONE',  ( 9.143749999999998900, 0.4788582131113754400, -0.8294067547305471500 ) ) ;
#1006 = ORIENTED_EDGE ( 'NONE', *, *, #205, .T. ) ;
#1007 = CARTESIAN_POINT ( 'NONE',  ( 6.850316728204654200, -6.797959659259696400E-015, -0.9679931544274037500 ) ) ;
#1008 = CARTESIAN_POINT ( 'NONE',  ( -9.125000000000000000, -0.4788582131113747800, 0.8294067547305465900 ) ) ;
#1009 = CARTESIAN_POINT ( 'NONE',  ( -5.806249999999999500, -0.9577164262227502200, -0.5529378364870306500 ) ) ;
#1010 = EDGE_CURVE ( 'NONE', #608, #1384, #3248, .T. ) ;
#1011 = CARTESIAN_POINT ( 'NONE',  ( 9.848879644629443300, 0.2816525894803842400, 0.9838918042860648200 ) ) ;
#1012 = ORIENTED_EDGE ( 'NONE', *, *, #2512, .T. ) ;
#1013 = CARTESIAN_POINT ( 'NONE',  ( 8.843750000000000000, -0.6249999999999996700, -1.082531754730548400 ) ) ;
#1014 = CARTESIAN_POINT ( 'NONE',  ( -6.032596189432334600, -0.3349364905389037300, -1.249999999999999600 ) ) ;
#1015 = CARTESIAN_POINT ( 'NONE',  ( -7.700000000000000200, -0.9577164262227499900, 1.172864355864533000E-016 ) ) ;
#1016 = CYLINDRICAL_SURFACE ( 'NONE', #2407, 1.250000000000000000 ) ;
#1017 = AXIS2_PLACEMENT_3D ( 'NONE', #930, #3472, #1290 ) ;
#1018 = CARTESIAN_POINT ( 'NONE',  ( 8.412499999999999600, 0.9577164262227503300, 0.5529378364870319900 ) ) ;
#1019 = DIRECTION ( 'NONE',  ( 1.000000000000000000, 0.0000000000000000000, 0.0000000000000000000 ) ) ;
#1020 = CARTESIAN_POINT ( 'NONE',  ( -8.037500000000001400, 1.743066579297358300E-016, 1.249999999999999600 ) ) ;
#1021 = FACE_OUTER_BOUND ( 'NONE', #1887, .T. ) ;
#1022 = CARTESIAN_POINT ( 'NONE',  ( 7.100000000000000500, 0.4788582131113746100, 0.8294067547305475900 ) ) ;
#1023 = CARTESIAN_POINT ( 'NONE',  ( -8.525000000000000400, -0.4788582131113754400, -0.8294067547305463700 ) ) ;
#1024 = LINE ( 'NONE', #4588, #7 ) ;
#1025 = CARTESIAN_POINT ( 'NONE',  ( -7.081249999999999800, -2.031460654743915200E-016, -1.105875672974062000 ) ) ;
#1026 = CARTESIAN_POINT ( 'NONE',  ( 9.950000000000001100, -0.9577164262227506600, -1.172864355864533800E-016 ) ) ;
#1027 = ADVANCED_FACE ( 'NONE', ( #1808 ), #1075, .T. ) ;
#1028 = CARTESIAN_POINT ( 'NONE',  ( 6.050000000000001600, -2.169875997175799900, 0.7416645267673315200 ) ) ;
#1029 = CARTESIAN_POINT ( 'NONE',  ( -5.150000000000001200, -0.6250000000000004400, -1.082531754730548000 ) ) ;
#1030 = CARTESIAN_POINT ( 'NONE',  ( 9.387499999999997500, 1.743066579297358300E-016, -1.250000000000000000 ) ) ;
#1031 = CARTESIAN_POINT ( 'NONE',  ( -6.349999999999999600, -0.9577164262227499900, 1.172864355864533000E-016 ) ) ;
#1032 = CARTESIAN_POINT ( 'NONE',  ( 7.587500000000000400, -2.031460654743916600E-016, 1.105875672974062900 ) ) ;
#1033 = VECTOR ( 'NONE', #314, 1000.000000000000000 ) ;
#1034 = CARTESIAN_POINT ( 'NONE',  ( 9.425000000000000700, 0.6250000000000001100, -1.082531754730548400 ) ) ;
#1035 = CARTESIAN_POINT ( 'NONE',  ( -7.832596189432335300, -0.3349364905389037300, -1.249999999999999600 ) ) ;
#1036 = DIRECTION ( 'NONE',  ( 0.7071067811865454600, 0.0000000000000000000, -0.7071067811865496800 ) ) ;
#1037 = EDGE_CURVE ( 'NONE', #1908, #3775, #3664, .T. ) ;
#1038 = CARTESIAN_POINT ( 'NONE',  ( 6.349999999999999600, -0.9577164262227506600, -1.172864355864533800E-016 ) ) ;
#1039 = CARTESIAN_POINT ( 'NONE',  ( -9.050000000000000700, -0.9577164262227499900, 1.172864355864533000E-016 ) ) ;
#1040 = ORIENTED_EDGE ( 'NONE', *, *, #1782, .T. ) ;
#1041 = CARTESIAN_POINT ( 'NONE',  ( 8.412499999999999600, 0.9577164262227503300, 0.5529378364870319900 ) ) ;
#1042 = ORIENTED_EDGE ( 'NONE', *, *, #4127, .F. ) ;
#1043 = LOCAL_TIME ( 20, 27, 25.00000000000000000, #3310 ) ;
#1044 = CARTESIAN_POINT ( 'NONE',  ( -6.012499999999999300, 6.771535515813051300E-017, 1.105875672974062000 ) ) ;
#1045 = VERTEX_POINT ( 'NONE', #4663 ) ;
#1046 = CARTESIAN_POINT ( 'NONE',  ( -9.950000000000001100, 0.0000000000000000000, 0.0000000000000000000 ) ) ;
#1047 = ORIENTED_EDGE ( 'NONE', *, *, #4472, .T. ) ;
#1048 = CARTESIAN_POINT ( 'NONE',  ( 8.900000000000000400, -0.6249999999999996700, -1.082531754730548400 ) ) ;
#1049 = ADVANCED_FACE ( 'NONE', ( #4543 ), #1897, .T. ) ;
#1050 = AXIS2_PLACEMENT_3D ( 'NONE', #1599, #3443, #3042 ) ;
#1051 = DIRECTION ( 'NONE',  ( 0.0000000000000000000, 0.0000000000000000000, 1.000000000000000000 ) ) ;
#1052 = VERTEX_POINT ( 'NONE', #3241 ) ;
#1053 = CARTESIAN_POINT ( 'NONE',  ( 6.575000000000000200, 0.9577164262227506600, 0.0000000000000000000 ) ) ;
#1054 = CARTESIAN_POINT ( 'NONE',  ( -8.937500000000001800, -2.031460654743915200E-016, -1.105875672974062000 ) ) ;
#1055 = CARTESIAN_POINT ( 'NONE',  ( 8.262500000000001100, 6.771535515813057500E-017, -1.105875672974062900 ) ) ;
#1056 = CARTESIAN_POINT ( 'NONE',  ( -5.618749999999999500, 0.9577164262227499900, 0.0000000000000000000 ) ) ;
#1057 = CARTESIAN_POINT ( 'NONE',  ( -9.645940763313568300, 1.017654452957922600, 0.01853017176941292400 ) ) ;
#1058 = ORIENTED_EDGE ( 'NONE', *, *, #3685, .T. ) ;
#1059 = CARTESIAN_POINT ( 'NONE',  ( -9.950000000000001100, 0.2200258558031230900, 2.250000000000001300 ) ) ;
#1060 = CARTESIAN_POINT ( 'NONE',  ( -6.462500000000001200, 6.771535515813051300E-017, 1.105875672974062000 ) ) ;
#1061 = CARTESIAN_POINT ( 'NONE',  ( -10.10000000000000000, 0.4788582131113751100, 0.8294067547305464800 ) ) ;
#1062 = EDGE_CURVE ( 'NONE', #2968, #1210, #4082, .T. ) ;
#1063 = VERTEX_POINT ( 'NONE', #2527 ) ;
#1064 = CARTESIAN_POINT ( 'NONE',  ( 8.937500000000001800, 8.838126989374223500E-017, -1.443375672974064300 ) ) ;
#1065 = APPROVAL_ROLE ( '' ) ;
#1066 = CARTESIAN_POINT ( 'NONE',  ( 7.342403810567665400, 0.3349364905389047900, 1.249999999999998900 ) ) ;
#1067 = CARTESIAN_POINT ( 'NONE',  ( 9.904783573777255200, -0.9031866828125657600, 0.3425710391031255900 ) ) ;
#1068 = DIRECTION ( 'NONE',  ( 0.0000000000000000000, 0.0000000000000000000, -1.000000000000000000 ) ) ;
#1069 = VERTEX_POINT ( 'NONE', #2159 ) ;
#1070 = EDGE_CURVE ( 'NONE', #3317, #3273, #2541, .T. ) ;
#1071 = CARTESIAN_POINT ( 'NONE',  ( 6.800000000000000700, -0.9577164262227506600, -1.172864355864533800E-016 ) ) ;
#1072 = CYLINDRICAL_SURFACE ( 'NONE', #3323, 1.250000000000000000 ) ;
#1073 = CARTESIAN_POINT ( 'NONE',  ( -6.331250000000000700, -0.9577164262227497700, 0.5529378364870313200 ) ) ;
#1074 = DIRECTION ( 'NONE',  ( 0.0000000000000000000, 0.0000000000000000000, 1.000000000000000000 ) ) ;
#1075 = PLANE ( 'NONE',  #3723 ) ;
#1076 = CARTESIAN_POINT ( 'NONE',  ( 10.08124999999999900, 0.9577164262227506600, -0.5529378364870313200 ) ) ;
#1077 = CARTESIAN_POINT ( 'NONE',  ( 9.387500000000001100, 8.838126989374223500E-017, -1.443375672974064300 ) ) ;
#1078 = APPROVAL_ROLE ( '' ) ;
#1079 = CARTESIAN_POINT ( 'NONE',  ( -5.807596189432334900, 0.3349364905389034000, 1.249999999999999600 ) ) ;
#1080 = FACE_OUTER_BOUND ( 'NONE', #1369, .T. ) ;
#1081 = CARTESIAN_POINT ( 'NONE',  ( 9.904783573777253400, -0.9450302765529220400, -0.1553657924228656900 ) ) ;
#1082 = CARTESIAN_POINT ( 'NONE',  ( -6.687500000000000900, -2.031460654743915200E-016, -1.105875672974062000 ) ) ;
#1083 = CARTESIAN_POINT ( 'NONE',  ( 7.550000000000000700, 0.4788582131113746100, 0.8294067547305475900 ) ) ;
#1084 = CIRCLE ( 'NONE', #3152, 1.250000000000000000 ) ;
#1085 = CARTESIAN_POINT ( 'NONE',  ( -6.106249999999999300, 0.9577164262227496600, -0.5529378364870315400 ) ) ;
#1086 = CARTESIAN_POINT ( 'NONE',  ( -5.375000000000000000, -0.4788582131113754400, -0.8294067547305463700 ) ) ;
#1087 = CARTESIAN_POINT ( 'NONE',  ( -9.387500000000001100, -2.031460654743915200E-016, -1.105875672974062000 ) ) ;
#1088 = CARTESIAN_POINT ( 'NONE',  ( 8.712500000000000400, -2.651438096812267400E-016, 1.443375672974064300 ) ) ;
#1089 = CARTESIAN_POINT ( 'NONE',  ( -5.900000000000000400, 1.249999999999999800, 0.0000000000000000000 ) ) ;
#1090 = ORIENTED_EDGE ( 'NONE', *, *, #1282, .F. ) ;
#1091 = EDGE_CURVE ( 'NONE', #4469, #1069, #1135, .T. ) ;
#1092 = CARTESIAN_POINT ( 'NONE',  ( -6.387500000000001100, -0.9577164262227497700, 0.5529378364870313200 ) ) ;
#1093 = ORIENTED_EDGE ( 'NONE', *, *, #2772, .F. ) ;
#1094 = B_SPLINE_CURVE_WITH_KNOTS ( 'NONE', 3,
 ( #2510, #2935, #4341, #767 ),
 .UNSPECIFIED., .F., .F.,
 ( 4, 4 ),
 ( 2.380746839937879800E-007, 0.001314652396222794100 ),
 .UNSPECIFIED. ) ;
#1095 = CARTESIAN_POINT ( 'NONE',  ( 8.487500000000000700, -2.031460654743916600E-016, 1.105875672974062900 ) ) ;
#1096 = CARTESIAN_POINT ( 'NONE',  ( -5.731249999999999300, -2.031460654743915200E-016, -1.105875672974062000 ) ) ;
#1097 = VERTEX_POINT ( 'NONE', #4428 ) ;
#1098 = CARTESIAN_POINT ( 'NONE',  ( -9.899200000000000400, 1.245793954082214500, -0.1024569371599630500 ) ) ;
#1099 = CARTESIAN_POINT ( 'NONE',  ( -9.950000000000002800, 2.169875997175800400, 0.7416645267673337400 ) ) ;
#1100 = CARTESIAN_POINT ( 'NONE',  ( -9.012499999999999300, -0.9577164262227502200, -0.5529378364870306500 ) ) ;
#1101 = CARTESIAN_POINT ( 'NONE',  ( 6.650000000000001200, -0.6249999999999996700, -1.082531754730548400 ) ) ;
#1102 = AXIS2_PLACEMENT_3D ( 'NONE', #315, #4290, #2834 ) ;
#1103 = CARTESIAN_POINT ( 'NONE',  ( 7.812500000000000000, 1.714015469642402100E-015, 1.250000000000000000 ) ) ;
#1104 = CARTESIAN_POINT ( 'NONE',  ( -7.362499999999999800, 6.771535515813051300E-017, 1.105875672974062000 ) ) ;
#1105 = CARTESIAN_POINT ( 'NONE',  ( 9.706250000000000700, -1.250000000000000000, -0.7216878364870325000 ) ) ;
#1106 = CARTESIAN_POINT ( 'NONE',  ( 8.806250000000000400, 0.9577164262227503300, 0.5529378364870319900 ) ) ;
#1107 = ORIENTED_EDGE ( 'NONE', *, *, #657, .T. ) ;
#1108 = CARTESIAN_POINT ( 'NONE',  ( -7.418750000000000200, 0.9577164262227499900, 0.0000000000000000000 ) ) ;
#1109 = ADVANCED_FACE ( 'NONE', ( #2841 ), #861, .F. ) ;
#1110 = CARTESIAN_POINT ( 'NONE',  ( -5.918749999999999300, -0.4788582131113747800, 0.8294067547305465900 ) ) ;
#1111 = CARTESIAN_POINT ( 'NONE',  ( -7.981250000000000200, 1.743066579297358300E-016, 1.249999999999999600 ) ) ;
#1112 = CARTESIAN_POINT ( 'NONE',  ( -6.482596189432334700, -0.3349364905389037300, -1.249999999999999600 ) ) ;
#1113 = ORIENTED_EDGE ( 'NONE', *, *, #3170, .F. ) ;
#1114 = CARTESIAN_POINT ( 'NONE',  ( -7.137499999999999300, -2.031460654743915200E-016, -1.105875672974062000 ) ) ;
#1115 = EDGE_CURVE ( 'NONE', #3212, #931, #1364, .T. ) ;
#1116 = CARTESIAN_POINT ( 'NONE',  ( 5.637500000000002000, -1.250000000000000200, 0.7216878364870317200 ) ) ;
#1117 = CARTESIAN_POINT ( 'NONE',  ( -9.950000000000001100, 1.948557158514986300, 1.125000000000000400 ) ) ;
#1118 = CARTESIAN_POINT ( 'NONE',  ( -8.581250000000000700, 1.249999999999999600, -0.7216878364870328300 ) ) ;
#1119 = CARTESIAN_POINT ( 'NONE',  ( -6.593750000000000900, -0.6249999999999995600, 1.082531754730548400 ) ) ;
#1120 = CARTESIAN_POINT ( 'NONE',  ( -8.037499999999999600, -2.031460654743915200E-016, -1.105875672974062000 ) ) ;
#1121 = LINE ( 'NONE', #4436, #2426 ) ;
#1122 = CARTESIAN_POINT ( 'NONE',  ( 9.406249999999998200, 1.250000000000000000, -0.7216878364870320500 ) ) ;
#1123 = VERTEX_POINT ( 'NONE', #3743 ) ;
#1124 = CARTESIAN_POINT ( 'NONE',  ( -6.668749999999999300, -0.4788582131113754400, -0.8294067547305463700 ) ) ;
#1125 = DIRECTION ( 'NONE',  ( -1.000000000000000000, -0.0000000000000000000, -0.0000000000000000000 ) ) ;
#1126 = FACE_OUTER_BOUND ( 'NONE', #3910, .T. ) ;
#1127 = CARTESIAN_POINT ( 'NONE',  ( 8.037499999999999600, -2.033577675846917700E-015, -1.249999999999999800 ) ) ;
#1128 = DIRECTION ( 'NONE',  ( 1.000000000000000000, 0.0000000000000000000, 0.0000000000000000000 ) ) ;
#1129 = CARTESIAN_POINT ( 'NONE',  ( -7.812500000000000000, 6.771535515813051300E-017, 1.105875672974062000 ) ) ;
#1130 = VECTOR ( 'NONE', #3040, 1000.000000000000000 ) ;
#1131 = CARTESIAN_POINT ( 'NONE',  ( 9.781250000000001800, -2.031460654743916600E-016, 1.105875672974062900 ) ) ;
#1132 = CARTESIAN_POINT ( 'NONE',  ( -8.543750000000001100, 1.249999999999999800, 0.0000000000000000000 ) ) ;
#1133 = DIRECTION ( 'NONE',  ( -1.000000000000000000, 0.0000000000000000000, 0.0000000000000000000 ) ) ;
#1134 = CARTESIAN_POINT ( 'NONE',  ( -7.137500000000001100, -2.031460654743915200E-016, -1.105875672974062000 ) ) ;
#1135 =( BOUNDED_CURVE ( )  B_SPLINE_CURVE ( 2, ( #2929, #1791, #1818, #4360, #1409, #396, #785, #1157, #83 ),
 .UNSPECIFIED., .F., .F. ) 
 B_SPLINE_CURVE_WITH_KNOTS ( ( 3, 2, 2, 2, 3 ),
 ( 0.8409090909090909400, 0.8484848484848485100, 0.8636363636363636500, 0.8787878787878787800, 0.8863636363636363500 ),
 .UNSPECIFIED. ) 
 CURVE ( )  GEOMETRIC_REPRESENTATION_ITEM ( )  RATIONAL_B_SPLINE_CURVE ( ( 0.9330127018922194100, 0.9330127018922194100, 1.000000000000000000, 0.8660254037844387100, 1.000000000000000000, 0.8660254037844387100, 1.000000000000000000, 0.9330127018922194100, 0.9330127018922194100 ) ) 
 REPRESENTATION_ITEM ( '' )  );
#1136 = CARTESIAN_POINT ( 'NONE',  ( 9.368749999999998600, 0.6250000000000001100, -1.082531754730548400 ) ) ;
#1137 = ORIENTED_EDGE ( 'NONE', *, *, #4529, .F. ) ;
#1138 = CARTESIAN_POINT ( 'NONE',  ( 9.012499999999999300, -0.9577164262227508800, 0.5529378364870311000 ) ) ;
#1139 = ORIENTED_EDGE ( 'NONE', *, *, #2295, .T. ) ;
#1140 = CARTESIAN_POINT ( 'NONE',  ( 7.737500000000001600, 1.249999999999999600, 0.7216878364870329400 ) ) ;
#1141 = CARTESIAN_POINT ( 'NONE',  ( 8.862500000000000700, -1.250000000000000000, -0.7216878364870327200 ) ) ;
#1142 = CARTESIAN_POINT ( 'NONE',  ( -9.861122627067690200, -0.8716272804762492700, 2.250000000000000900 ) ) ;
#1143 = CARTESIAN_POINT ( 'NONE',  ( 9.950000000000001100, 0.0000000000000000000, 0.0000000000000000000 ) ) ;
#1144 = CARTESIAN_POINT ( 'NONE',  ( -8.000000000000000000, 0.4788582131113742800, -0.8294067547305469200 ) ) ;
#1145 = EDGE_LOOP ( 'NONE', ( #2008, #4072, #3374, #287 ) ) ;
#1146 = CARTESIAN_POINT ( 'NONE',  ( 6.762500000000002000, 1.250000000000000000, -0.7216878364870320500 ) ) ;
#1147 = CARTESIAN_POINT ( 'NONE',  ( -9.717439483264996600, 5.810221930991196600E-017, -1.068239483264997700 ) ) ;
#1148 = CARTESIAN_POINT ( 'NONE',  ( -9.443750000000001400, 1.249999999999999800, 0.0000000000000000000 ) ) ;
#1149 = ORIENTED_EDGE ( 'NONE', *, *, #3380, .F. ) ;
#1150 = EDGE_CURVE ( 'NONE', #4006, #1577, #2202, .T. ) ;
#1151 = DIRECTION ( 'NONE',  ( -1.000000000000000000, -0.0000000000000000000, -0.0000000000000000000 ) ) ;
#1152 = CARTESIAN_POINT ( 'NONE',  ( -6.012499999999999300, 6.771535515813051300E-017, 1.105875672974062000 ) ) ;
#1153 = CARTESIAN_POINT ( 'NONE',  ( -9.950000000000001100, 0.0000000000000000000, 0.0000000000000000000 ) ) ;
#1154 = CARTESIAN_POINT ( 'NONE',  ( 5.975000000000000500, -0.4788582131113751100, -0.8294067547305472600 ) ) ;
#1155 = ORIENTED_EDGE ( 'NONE', *, *, #3084, .T. ) ;
#1156 = CARTESIAN_POINT ( 'NONE',  ( 9.687500000000001800, 0.9577164262227506600, -0.5529378364870313200 ) ) ;
#1157 = CARTESIAN_POINT ( 'NONE',  ( -5.976346189432335100, -0.3349364905389037300, -1.249999999999999600 ) ) ;
#1158 = AXIS2_PLACEMENT_3D ( 'NONE', #3293, #1838, #3678 ) ;
#1159 = CARTESIAN_POINT ( 'NONE',  ( -5.731249999999999300, -2.031460654743915200E-016, -1.105875672974062000 ) ) ;
#1160 = CARTESIAN_POINT ( 'NONE',  ( 9.630475784996633600, -1.156861088608982700, 0.4839290336955650600 ) ) ;
#1161 = CARTESIAN_POINT ( 'NONE',  ( -7.587499999999999500, 1.743066579297358300E-016, 1.249999999999999600 ) ) ;
#1162 = CARTESIAN_POINT ( 'NONE',  ( -7.812500000000000000, -2.651438096812266900E-016, -1.443375672974064100 ) ) ;
#1163 = CARTESIAN_POINT ( 'NONE',  ( -6.537499999999999600, 0.9577164262227498800, 0.5529378364870308800 ) ) ;
#1164 = ORIENTED_EDGE ( 'NONE', *, *, #3749, .T. ) ;
#1165 = CARTESIAN_POINT ( 'NONE',  ( 7.250000000000000900, 1.250000000000000000, 0.0000000000000000000 ) ) ;
#1166 = CARTESIAN_POINT ( 'NONE',  ( -5.150000000000001200, 0.0000000000000000000, 0.0000000000000000000 ) ) ;
#1167 =( BOUNDED_CURVE ( )  B_SPLINE_CURVE ( 2, ( #225, #3468, #2011, #1607, #858, #1573, #4149, #1943, #2332 ),
 .UNSPECIFIED., .F., .T. ) 
 B_SPLINE_CURVE_WITH_KNOTS ( ( 3, 2, 2, 2, 3 ),
 ( 0.5750000000000000700, 0.5833333333333333700, 0.5999999999999999800, 0.6166666666666667000, 0.6250000000000000000 ),
 .UNSPECIFIED. ) 
 CURVE ( )  GEOMETRIC_REPRESENTATION_ITEM ( )  RATIONAL_B_SPLINE_CURVE ( ( 0.9330127018922194100, 0.9330127018922198500, 1.000000000000000000, 0.8660254037844387100, 1.000000000000000000, 0.8660254037844387100, 1.000000000000000000, 0.9330127018922194100, 0.9330127018922194100 ) ) 
 REPRESENTATION_ITEM ( '' )  );
#1168 = CARTESIAN_POINT ( 'NONE',  ( -8.618750000000002100, 0.6249999999999990000, -1.082531754730548600 ) ) ;
#1169 = CARTESIAN_POINT ( 'NONE',  ( 9.256249999999997900, 0.9577164262227503300, 0.5529378364870319900 ) ) ;
#1170 = CARTESIAN_POINT ( 'NONE',  ( 6.856974362820863300, 0.1355373915955960500, -0.9746507890436153500 ) ) ;
#1171 = CARTESIAN_POINT ( 'NONE',  ( -5.150000000000001200, 1.530808498934191600E-016, -1.250000000000000000 ) ) ;
#1172 = VERTEX_POINT ( 'NONE', #441 ) ;
#1173 = CARTESIAN_POINT ( 'NONE',  ( 5.909840643572659100, -1.088411935946648900, -2.250000000000001300 ) ) ;
#1174 = CARTESIAN_POINT ( 'NONE',  ( 5.862500000000000700, -0.9577164262227507700, 0.5529378364870311000 ) ) ;
#1175 = CARTESIAN_POINT ( 'NONE',  ( 8.487500000000000700, -2.031460654743916600E-016, 1.105875672974062900 ) ) ;
#1176 = VERTEX_POINT ( 'NONE', #799 ) ;
#1177 = CARTESIAN_POINT ( 'NONE',  ( -9.050000000000000700, 1.249999999999999800, 0.0000000000000000000 ) ) ;
#1178 = CARTESIAN_POINT ( 'NONE',  ( 6.049999999999999800, 0.0000000000000000000, -1.250000000000000000 ) ) ;
#1179 = CARTESIAN_POINT ( 'NONE',  ( 9.890164424956768800, -0.5742714105815220900, 0.7994647829358221300 ) ) ;
#1180 = CARTESIAN_POINT ( 'NONE',  ( -9.899199999992202200, 0.9545412094848148000, 0.8070632437394648100 ) ) ;
#1181 = CARTESIAN_POINT ( 'NONE',  ( -9.500000000000000000, 1.249999999999999800, 0.0000000000000000000 ) ) ;
#1182 = FACE_OUTER_BOUND ( 'NONE', #2643, .T. ) ;
#1183 = CARTESIAN_POINT ( 'NONE',  ( -8.037499999999999600, -2.031460654743915200E-016, -1.105875672974062000 ) ) ;
#1184 = ORIENTED_EDGE ( 'NONE', *, *, #2153, .T. ) ;
#1185 = EDGE_CURVE ( 'NONE', #560, #1451, #1004, .T. ) ;
#1186 = CARTESIAN_POINT ( 'NONE',  ( 9.631249999999997900, 0.9577164262227506600, -0.5529378364870313200 ) ) ;
#1187 = DIRECTION ( 'NONE',  ( -1.000000000000000000, 0.0000000000000000000, 0.0000000000000000000 ) ) ;
#1188 = CARTESIAN_POINT ( 'NONE',  ( -9.968750000000000000, 0.6249999999999990000, -1.082531754730548600 ) ) ;
#1189 = FACE_OUTER_BOUND ( 'NONE', #2228, .T. ) ;
#1190 = PLANE ( 'NONE',  #2241 ) ;
#1191 = CARTESIAN_POINT ( 'NONE',  ( 6.518749999999998900, -1.250000000000000000, -1.530808498934191600E-016 ) ) ;
#1192 = FACE_OUTER_BOUND ( 'NONE', #1883, .T. ) ;
#1193 = CARTESIAN_POINT ( 'NONE',  ( 9.237500000000000700, -1.250000000000000200, 0.7216878364870317200 ) ) ;
#1194 = CARTESIAN_POINT ( 'NONE',  ( 6.049999999999999800, 0.0000000000000000000, 0.0000000000000000000 ) ) ;
#1195 = CARTESIAN_POINT ( 'NONE',  ( -9.781250000000000000, -4.067155351693835700E-016, 1.249999999999999600 ) ) ;
#1196 = CARTESIAN_POINT ( 'NONE',  ( -9.799999999999998900, -0.6249999999999995600, 1.082531754730548400 ) ) ;
#1197 = PERSON_AND_ORGANIZATION ( #2017, #1691 ) ;
#1198 = CARTESIAN_POINT ( 'NONE',  ( -9.950000000000001100, 0.0000000000000000000, -2.250000000000000000 ) ) ;
#1199 = CARTESIAN_POINT ( 'NONE',  ( -8.993750000000000400, -0.9577164262227499900, 1.172864355864533000E-016 ) ) ;
#1200 = CARTESIAN_POINT ( 'NONE',  ( -7.287499999999999600, 1.249999999999999600, -0.7216878364870328300 ) ) ;
#1201 = CARTESIAN_POINT ( 'NONE',  ( -5.487500000000000700, -0.9577164262227497700, 0.5529378364870313200 ) ) ;
#1202 = CARTESIAN_POINT ( 'NONE',  ( 8.918749999999999300, -0.4788582131113757200, 0.8294067547305469200 ) ) ;
#1203 = CARTESIAN_POINT ( 'NONE',  ( -5.918750000000001100, 0.6249999999999990000, -1.082531754730548600 ) ) ;
#1204 =( BOUNDED_CURVE ( )  B_SPLINE_CURVE ( 2, ( #4388, #2933, #60, #748, #1089, #763, #4370, #1079, #3298 ),
 .UNSPECIFIED., .F., .F. ) 
 B_SPLINE_CURVE_WITH_KNOTS ( ( 3, 2, 2, 2, 3 ),
 ( 0.7954545454545454100, 0.8030303030303029800, 0.8181818181818182300, 0.8333333333333333700, 0.8409090909090909400 ),
 .UNSPECIFIED. ) 
 CURVE ( )  GEOMETRIC_REPRESENTATION_ITEM ( )  RATIONAL_B_SPLINE_CURVE ( ( 0.9330127018922194100, 0.9330127018922194100, 1.000000000000000000, 0.8660254037844387100, 1.000000000000000000, 0.8660254037844387100, 1.000000000000000000, 0.9330127018922194100, 0.9330127018922194100 ) ) 
 REPRESENTATION_ITEM ( '' )  );
#1205 = CARTESIAN_POINT ( 'NONE',  ( 6.893818115678296700, 0.8372341061889363400, -0.5837434714177609500 ) ) ;
#1206 = CARTESIAN_POINT ( 'NONE',  ( 8.507596189432334200, 0.3349364905389024500, -1.250000000000000200 ) ) ;
#1207 = CARTESIAN_POINT ( 'NONE',  ( 7.643749999999999800, 1.250000000000000000, 0.0000000000000000000 ) ) ;
#1208 = CARTESIAN_POINT ( 'NONE',  ( -9.930756665990566400, 2.168904970561405000, -0.7433463941989677500 ) ) ;
#1209 = CARTESIAN_POINT ( 'NONE',  ( 8.974999999999999600, 0.6250000000000001100, -1.082531754730548400 ) ) ;
#1210 = VERTEX_POINT ( 'NONE', #3013 ) ;
#1211 = CARTESIAN_POINT ( 'NONE',  ( 6.030558591341268500, 0.4426439450768445700, 2.250000000000001300 ) ) ;
#1212 = CARTESIAN_POINT ( 'NONE',  ( -7.981249999999998400, -2.031460654743915200E-016, -1.105875672974062000 ) ) ;
#1213 = EDGE_CURVE ( 'NONE', #1097, #4188, #254, .T. ) ;
#1214 = CARTESIAN_POINT ( 'NONE',  ( -8.900000000000000400, -0.6249999999999995600, 1.082531754730548400 ) ) ;
#1215 = CARTESIAN_POINT ( 'NONE',  ( -6.200000000000001100, 0.4788582131113742800, -0.8294067547305469200 ) ) ;
#1216 = ORIENTED_EDGE ( 'NONE', *, *, #4591, .T. ) ;
#1217 = CARTESIAN_POINT ( 'NONE',  ( 9.218750000000000000, 0.9577164262227506600, 0.0000000000000000000 ) ) ;
#1218 = CARTESIAN_POINT ( 'NONE',  ( -6.331250000000001600, 1.249999999999999300, -0.7216878364870328300 ) ) ;
#1219 = CARTESIAN_POINT ( 'NONE',  ( -9.950000000000001100, 1.948557158514987000, -1.124999999999999100 ) ) ;
#1220 = CARTESIAN_POINT ( 'NONE',  ( -7.681250000000000400, 1.249999999999999600, -0.7216878364870328300 ) ) ;
#1221 = EDGE_CURVE ( 'NONE', #664, #553, #1401, .T. ) ;
#1222 = DIRECTION ( 'NONE',  ( 0.0000000000000000000, 0.5000000000000003300, 0.8660254037844383700 ) ) ;
#1223 = CARTESIAN_POINT ( 'NONE',  ( -9.950000000000001100, 0.0000000000000000000, 0.0000000000000000000 ) ) ;
#1224 = CARTESIAN_POINT ( 'NONE',  ( 7.568749999999998800, 0.6250000000000001100, -1.082531754730548400 ) ) ;
#1225 = CARTESIAN_POINT ( 'NONE',  ( -5.150000000000001200, 0.0000000000000000000, 0.0000000000000000000 ) ) ;
#1226 = CARTESIAN_POINT ( 'NONE',  ( 7.962500000000001200, 0.9577164262227503300, 0.5529378364870319900 ) ) ;
#1227 = CARTESIAN_POINT ( 'NONE',  ( -5.618749999999999500, 0.9577164262227499900, 0.0000000000000000000 ) ) ;
#1228 = DIRECTION ( 'NONE',  ( -1.000000000000000000, -0.0000000000000000000, -0.0000000000000000000 ) ) ;
#1229 = CARTESIAN_POINT ( 'NONE',  ( -5.656250000000000900, -1.249999999999999600, 0.7216878364870325000 ) ) ;
#1230 = CARTESIAN_POINT ( 'NONE',  ( -9.387500000000001100, 8.838126989374222200E-017, 1.443375672974064100 ) ) ;
#1231 = VERTEX_POINT ( 'NONE', #1195 ) ;
#1232 = CARTESIAN_POINT ( 'NONE',  ( -5.975000000000000500, -0.4788582131113747800, 0.8294067547305465900 ) ) ;
#1233 = ORIENTED_EDGE ( 'NONE', *, *, #2914, .F. ) ;
#1234 = CARTESIAN_POINT ( 'NONE',  ( 8.206250000000000700, 6.771535515813057500E-017, -1.105875672974062900 ) ) ;
#1235 = VERTEX_POINT ( 'NONE', #2213 ) ;
#1236 = CARTESIAN_POINT ( 'NONE',  ( -5.262500000000001100, -1.249999999999999600, 0.7216878364870325000 ) ) ;
#1237 = CARTESIAN_POINT ( 'NONE',  ( -6.556250000000001200, -1.249999999999999800, 0.7216878364870323900 ) ) ;
#1238 = CARTESIAN_POINT ( 'NONE',  ( 7.268749999999998900, -0.4788582131113751100, -0.8294067547305472600 ) ) ;
#1239 = CARTESIAN_POINT ( 'NONE',  ( -9.801346189432333500, 0.3349364905389031800, 1.249999999999999800 ) ) ;
#1240 = CARTESIAN_POINT ( 'NONE',  ( 6.781249999999999100, 1.249999999999999800, 0.7216878364870329400 ) ) ;
#1241 = CARTESIAN_POINT ( 'NONE',  ( -5.150000000000001200, 1.530808498934191600E-016, -1.250000000000000000 ) ) ;
#1242 = CARTESIAN_POINT ( 'NONE',  ( 7.437499999999999100, 0.9577164262227506600, -0.5529378364870313200 ) ) ;
#1243 = CARTESIAN_POINT ( 'NONE',  ( 8.957596189432335300, 0.3349364905389034500, -1.250000000000000000 ) ) ;
#1244 = CARTESIAN_POINT ( 'NONE',  ( 8.206249999999998900, 1.714015469642402100E-015, 1.250000000000000000 ) ) ;
#1245 = CIRCLE ( 'NONE', #3991, 0.9125000000000009800 ) ;
#1246 = CARTESIAN_POINT ( 'NONE',  ( -10.04374999999999900, 0.4788582131113751100, 0.8294067547305464800 ) ) ;
#1247 = CARTESIAN_POINT ( 'NONE',  ( -8.543749999999999300, -0.9577164262227499900, 1.172864355864533000E-016 ) ) ;
#1248 = CARTESIAN_POINT ( 'NONE',  ( -5.750000000000000900, -0.6249999999999995600, 1.082531754730548400 ) ) ;
#1249 = CARTESIAN_POINT ( 'NONE',  ( -9.443749999999999600, -0.9577164262227499900, 1.172864355864533000E-016 ) ) ;
#1250 = APPROVAL_PERSON_ORGANIZATION ( #1197, #128, #1065 ) ;
#1251 = EDGE_CURVE ( 'NONE', #4548, #1588, #3026, .T. ) ;
#1252 = CARTESIAN_POINT ( 'NONE',  ( 9.031249999999998200, -0.9577164262227504400, -0.5529378364870317600 ) ) ;
#1253 = CARTESIAN_POINT ( 'NONE',  ( -9.899199999992202200, 0.9545412094848148000, 0.8070632437394648100 ) ) ;
#1254 = CARTESIAN_POINT ( 'NONE',  ( -6.143750000000000700, -0.6249999999999995600, 1.082531754730548400 ) ) ;
#1255 = CARTESIAN_POINT ( 'NONE',  ( 7.456249999999999800, 0.9577164262227503300, 0.5529378364870319900 ) ) ;
#1256 = CARTESIAN_POINT ( 'NONE',  ( -9.832251231117297200, -0.6965972679447386400, 0.9678071659230834700 ) ) ;
#1257 = CARTESIAN_POINT ( 'NONE',  ( 9.387499999999997500, 1.743066579297358300E-016, -1.250000000000000000 ) ) ;
#1258 = VECTOR ( 'NONE', #2474, 1000.000000000000000 ) ;
#1259 = CARTESIAN_POINT ( 'NONE',  ( 7.025000000000000400, 0.9577164262227506600, 0.0000000000000000000 ) ) ;
#1260 = CARTESIAN_POINT ( 'NONE',  ( 9.518749999999998900, -0.4788582131113751100, -0.8294067547305472600 ) ) ;
#1261 = DIRECTION ( 'NONE',  ( 1.000000000000000000, 0.0000000000000000000, 0.0000000000000000000 ) ) ;
#1262 = CARTESIAN_POINT ( 'NONE',  ( -8.467403810567667200, -0.3349364905389030600, 1.249999999999999800 ) ) ;
#1263 = CARTESIAN_POINT ( 'NONE',  ( -9.143749999999998900, 0.4788582131113751100, 0.8294067547305464800 ) ) ;
#1264 = ORIENTED_EDGE ( 'NONE', *, *, #3018, .F. ) ;
#1265 = CARTESIAN_POINT ( 'NONE',  ( -7.025000000000001200, -1.249999999999999800, 1.530808498934191300E-016 ) ) ;
#1266 = CARTESIAN_POINT ( 'NONE',  ( -5.787499999999999600, -2.031460654743915200E-016, -1.105875672974062000 ) ) ;
#1267 = VERTEX_POINT ( 'NONE', #2959 ) ;
#1268 = CARTESIAN_POINT ( 'NONE',  ( 6.706249999999999800, -0.9577164262227507700, 0.5529378364870311000 ) ) ;
#1269 = CARTESIAN_POINT ( 'NONE',  ( -5.150000000000001200, -0.6250000000000004400, -1.082531754730548000 ) ) ;
#1270 = CARTESIAN_POINT ( 'NONE',  ( -6.443750000000000500, -0.6250000000000004400, -1.082531754730548000 ) ) ;
#1271 = VERTEX_POINT ( 'NONE', #4409 ) ;
#1272 = CARTESIAN_POINT ( 'NONE',  ( 7.943749999999999600, 0.4788582131113746100, 0.8294067547305475900 ) ) ;
#1273 = CARTESIAN_POINT ( 'NONE',  ( -9.801902329772174100, -1.136707772803447600, 0.3556225198439969000 ) ) ;
#1274 = CARTESIAN_POINT ( 'NONE',  ( 6.218749999999999100, 0.6250000000000001100, -1.082531754730548400 ) ) ;
#1275 = VERTEX_POINT ( 'NONE', #1501 ) ;
#1276 = EDGE_LOOP ( 'NONE', ( #3332, #3576, #42, #4039 ) ) ;
#1277 = CARTESIAN_POINT ( 'NONE',  ( 9.106249999999999300, 1.714015469642402100E-015, 1.250000000000000000 ) ) ;
#1278 = CARTESIAN_POINT ( 'NONE',  ( -8.487500000000000700, 1.743066579297358300E-016, 1.249999999999999600 ) ) ;
#1279 = EDGE_LOOP ( 'NONE', ( #3343, #812, #2207, #2010 ) ) ;
#1280 = DIRECTION ( 'NONE',  ( 0.0000000000000000000, 0.0000000000000000000, -1.000000000000000000 ) ) ;
#1281 = CARTESIAN_POINT ( 'NONE',  ( -7.306249999999999500, 6.771535515813051300E-017, 1.105875672974062000 ) ) ;
#1282 = EDGE_CURVE ( 'NONE', #149, #616, #4028, .T. ) ;
#1283 = CARTESIAN_POINT ( 'NONE',  ( 9.725359077169459400, 0.1412509017649483100, -1.137140922830290400 ) ) ;
#1284 = CARTESIAN_POINT ( 'NONE',  ( -8.881249999999999600, -2.031460654743915200E-016, -1.105875672974062000 ) ) ;
#1285 = CARTESIAN_POINT ( 'NONE',  ( 6.068749999999999600, 0.9577164262227506600, 0.0000000000000000000 ) ) ;
#1286 = CARTESIAN_POINT ( 'NONE',  ( -9.950000000000001100, -0.9577164262227499900, 1.172864355864533000E-016 ) ) ;
#1287 = AXIS2_PLACEMENT_3D ( 'NONE', #1916, #4454, #488 ) ;
#1288 = CARTESIAN_POINT ( 'NONE',  ( 6.406249999999999100, 6.771535515813057500E-017, -1.105875672974062900 ) ) ;
#1289 = ORIENTED_EDGE ( 'NONE', *, *, #4133, .F. ) ;
#1290 = DIRECTION ( 'NONE',  ( 0.0000000000000000000, 0.0000000000000000000, 1.000000000000000000 ) ) ;
#1291 = CARTESIAN_POINT ( 'NONE',  ( -9.536153810567665100, 0.3349364905389027300, -1.250000000000000000 ) ) ;
#1292 = CARTESIAN_POINT ( 'NONE',  ( 5.849038105676658700, 1.299038105676657600, 2.250000000000000900 ) ) ;
#1293 = ORIENTED_EDGE ( 'NONE', *, *, #3516, .T. ) ;
#1294 = CARTESIAN_POINT ( 'NONE',  ( 7.981249999999998400, -2.031460654743916600E-016, 1.105875672974062900 ) ) ;
#1295 = AXIS2_PLACEMENT_3D ( 'NONE', #4297, #3931, #1051 ) ;
#1296 =( BOUNDED_CURVE ( )  B_SPLINE_CURVE ( 2, ( #1899, #4439, #2622, #437, #3008 ),
 .UNSPECIFIED., .F., .F. ) 
 B_SPLINE_CURVE_WITH_KNOTS ( ( 3, 2, 3 ),
 ( 0.01010266486099547500, 0.01515151515151515200, 0.02272727272727272800 ),
 .UNSPECIFIED. ) 
 CURVE ( )  GEOMETRIC_REPRESENTATION_ITEM ( )  RATIONAL_B_SPLINE_CURVE ( ( 0.9404654928265707700, 0.9553564331843372700, 1.000000000000000000, 0.9330127018922194100, 0.9330127018922194100 ) ) 
 REPRESENTATION_ITEM ( '' )  );
#1297 = CARTESIAN_POINT ( 'NONE',  ( -9.893749999999998900, -0.9577164262227499900, 1.172864355864533000E-016 ) ) ;
#1298 = CARTESIAN_POINT ( 'NONE',  ( -7.493749999999999500, 0.4788582131113742800, -0.8294067547305469200 ) ) ;
#1299 = CARTESIAN_POINT ( 'NONE',  ( -6.987500000000000700, -1.250000000000000000, -0.7216878364870315000 ) ) ;
#1300 = ORIENTED_EDGE ( 'NONE', *, *, #1311, .F. ) ;
#1301 = CARTESIAN_POINT ( 'NONE',  ( -8.431249999999998600, -2.031460654743915200E-016, -1.105875672974062000 ) ) ;
#1302 = CARTESIAN_POINT ( 'NONE',  ( 6.743749999999999500, -0.9577164262227506600, -1.172864355864533800E-016 ) ) ;
#1303 = CARTESIAN_POINT ( 'NONE',  ( -9.387499999999999300, -4.067155351693835700E-016, 1.249999999999999600 ) ) ;
#1304 = CARTESIAN_POINT ( 'NONE',  ( -10.17500000000000100, 0.9577164262227499900, 0.0000000000000000000 ) ) ;
#1305 = CYLINDRICAL_SURFACE ( 'NONE', #2221, 1.250000000000000000 ) ;
#1306 = CARTESIAN_POINT ( 'NONE',  ( 7.118750000000000400, -0.4788582131113757200, 0.8294067547305469200 ) ) ;
#1307 = VERTEX_POINT ( 'NONE', #3789 ) ;
#1308 = CARTESIAN_POINT ( 'NONE',  ( 9.612500000000002500, -0.8919068644530674400, 0.8757865865275046300 ) ) ;
#1309 = VECTOR ( 'NONE', #2452, 1000.000000000000000 ) ;
#1310 = CARTESIAN_POINT ( 'NONE',  ( 8.187500000000000000, 1.249999999999999600, 0.7216878364870329400 ) ) ;
#1311 = EDGE_CURVE ( 'NONE', #1646, #2864, #589, .T. ) ;
#1312 = CARTESIAN_POINT ( 'NONE',  ( 6.893749999999999800, 0.4788582131113754400, -0.8294067547305471500 ) ) ;
#1313 = CARTESIAN_POINT ( 'NONE',  ( -8.168749999999999300, -0.4788582131113747800, 0.8294067547305465900 ) ) ;
#1314 = CARTESIAN_POINT ( 'NONE',  ( -7.081249999999999800, -2.031460654743915200E-016, -1.105875672974062000 ) ) ;
#1315 = CARTESIAN_POINT ( 'NONE',  ( -8.843750000000000000, 0.4788582131113742800, -0.8294067547305469200 ) ) ;
#1316 = EDGE_CURVE ( 'NONE', #2065, #4237, #3390, .T. ) ;
#1317 = ORIENTED_EDGE ( 'NONE', *, *, #4220, .T. ) ;
#1318 = CARTESIAN_POINT ( 'NONE',  ( 5.993750000000000400, 0.4788582131113754400, -0.8294067547305471500 ) ) ;
#1319 = CARTESIAN_POINT ( 'NONE',  ( 8.656249999999998200, -4.938688641342514700E-016, 1.250000000000000000 ) ) ;
#1320 = CARTESIAN_POINT ( 'NONE',  ( -8.300000000000000700, 0.4788582131113751100, 0.8294067547305464800 ) ) ;
#1321 = CARTESIAN_POINT ( 'NONE',  ( 8.937500000000001800, -2.031460654743916600E-016, 1.105875672974062900 ) ) ;
#1322 = CARTESIAN_POINT ( 'NONE',  ( 9.331249999999997200, 1.743066579297358300E-016, -1.250000000000000000 ) ) ;
#1323 = B_SPLINE_CURVE_WITH_KNOTS ( 'NONE', 3,
 ( #3238, #2099, #4635, #1792, #1059, #2145 ),
 .UNSPECIFIED., .F., .F.,
 ( 4, 2, 4 ),
 ( 0.009082541061240404600, 0.009739691295364940800, 0.01039684152948947700 ),
 .UNSPECIFIED. ) ;
#1324 = CARTESIAN_POINT ( 'NONE',  ( 8.618750000000000400, -0.4788582131113751100, -0.8294067547305472600 ) ) ;
#1325 = ORIENTED_EDGE ( 'NONE', *, *, #2270, .F. ) ;
#1326 = CARTESIAN_POINT ( 'NONE',  ( -8.281249999999998200, 0.9577164262227498800, 0.5529378364870308800 ) ) ;
#1327 = CARTESIAN_POINT ( 'NONE',  ( 9.574999999999999300, -0.4788582131113751100, -0.8294067547305472600 ) ) ;
#1328 = CARTESIAN_POINT ( 'NONE',  ( -7.868749999999998600, 0.9577164262227499900, 0.0000000000000000000 ) ) ;
#1329 = ORIENTED_EDGE ( 'NONE', *, *, #3657, .F. ) ;
#1330 = CARTESIAN_POINT ( 'NONE',  ( 7.006249999999998800, 0.9577164262227503300, 0.5529378364870319900 ) ) ;
#1331 = CARTESIAN_POINT ( 'NONE',  ( 0.0000000000000000000, 0.0000000000000000000, 0.0000000000000000000 ) ) ;
#1332 = CARTESIAN_POINT ( 'NONE',  ( -7.607596189432334700, 0.3349364905389034000, 1.249999999999999600 ) ) ;
#1333 = CARTESIAN_POINT ( 'NONE',  ( -9.912499999999999600, -0.9577164262227502200, -0.5529378364870306500 ) ) ;
#1334 = CARTESIAN_POINT ( 'NONE',  ( 9.350000000000001400, 0.4788582131113746100, 0.8294067547305475900 ) ) ;
#1335 = ORIENTED_EDGE ( 'NONE', *, *, #3416, .T. ) ;
#1336 = ADVANCED_FACE ( 'NONE', ( #19 ), #2098, .F. ) ;
#1337 = CARTESIAN_POINT ( 'NONE',  ( -9.537499999999999600, 1.249999999999999300, -0.7216878364870328300 ) ) ;
#1338 = CARTESIAN_POINT ( 'NONE',  ( -7.643749999999999800, -0.9577164262227499900, 1.172864355864533000E-016 ) ) ;
#1339 = EDGE_CURVE ( 'NONE', #2616, #4554, #4654, .T. ) ;
#1340 = CARTESIAN_POINT ( 'NONE',  ( 10.06249999999999800, 6.771535515813057500E-017, -1.105875672974062900 ) ) ;
#1341 = CARTESIAN_POINT ( 'NONE',  ( -7.606249999999999300, -0.9577164262227502200, -0.5529378364870306500 ) ) ;
#1342 = CARTESIAN_POINT ( 'NONE',  ( 9.668749999999999300, 0.9577164262227506600, 0.0000000000000000000 ) ) ;
#1343 = EDGE_LOOP ( 'NONE', ( #4122, #317, #3561, #3430 ) ) ;
#1344 = CARTESIAN_POINT ( 'NONE',  ( -7.587499999999999500, 1.743066579297358300E-016, 1.249999999999999600 ) ) ;
#1345 = CARTESIAN_POINT ( 'NONE',  ( -7.325000000000000200, -0.4788582131113747800, 0.8294067547305465900 ) ) ;
#1346 = CARTESIAN_POINT ( 'NONE',  ( 9.837500000000000400, -2.031460654743916600E-016, 1.105875672974062900 ) ) ;
#1347 = ORIENTED_EDGE ( 'NONE', *, *, #3380, .T. ) ;
#1348 = CARTESIAN_POINT ( 'NONE',  ( -8.356250000000001100, -1.249999999999999600, 0.7216878364870325000 ) ) ;
#1349 = CARTESIAN_POINT ( 'NONE',  ( -7.925000000000001600, -1.249999999999999800, 1.530808498934191300E-016 ) ) ;
#1350 = CARTESIAN_POINT ( 'NONE',  ( -8.112500000000000700, 1.250000000000000000, 0.7216878364870319400 ) ) ;
#1351 =( BOUNDED_CURVE ( )  B_SPLINE_CURVE ( 2, ( #453, #811, #2240, #3738, #3722, #829, #3367 ),
 .UNSPECIFIED., .F., .F. ) 
 B_SPLINE_CURVE_WITH_KNOTS ( ( 3, 2, 2, 3 ),
 ( 0.6750000000000000400, 0.6833333333333333500, 0.6999999999999999600, 0.7134272288873713100 ),
 .UNSPECIFIED. ) 
 CURVE ( )  GEOMETRIC_REPRESENTATION_ITEM ( )  RATIONAL_B_SPLINE_CURVE ( ( 0.9330127018922194100, 0.9330127018922198500, 1.000000000000000000, 0.8660254037844387100, 1.000000000000000000, 0.8920655458912304400, 0.9580423662006918300 ) ) 
 REPRESENTATION_ITEM ( '' )  );
#1352 = B_SPLINE_CURVE_WITH_KNOTS ( 'NONE', 3,
 ( #3066, #1283, #632, #2801, #4605, #4208, #3575, #3889, #1685, #2068, #618, #281, #4619, #2816, #3162, #1011, #2460, #3192 ),
 .UNSPECIFIED., .F., .F.,
 ( 4, 2, 2, 2, 2, 2, 2, 2, 4 ),
 ( 0.002803846662411665000, 0.003223604441380930200, 0.003643362220350195400, 0.004063119999319461000, 0.004482877778288725700, 0.004902635557257990400, 0.005322393336227256000, 0.005742151115196521600, 0.006161908894165786300 ),
 .UNSPECIFIED. ) ;
#1353 = CARTESIAN_POINT ( 'NONE',  ( 7.456249999999999800, 0.9577164262227503300, 0.5529378364870319900 ) ) ;
#1354 = CONICAL_SURFACE ( 'NONE', #869, 1.300800000000000000, 0.7853981633974500600 ) ;
#1355 = CARTESIAN_POINT ( 'NONE',  ( -9.143749999999998900, 0.4788582131113751100, 0.8294067547305464800 ) ) ;
#1356 = DIRECTION ( 'NONE',  ( 0.0000000000000000000, 0.0000000000000000000, -1.000000000000000000 ) ) ;
#1357 = CARTESIAN_POINT ( 'NONE',  ( 9.481250000000001100, -0.9577164262227504400, -0.5529378364870317600 ) ) ;
#1358 = ORIENTED_EDGE ( 'NONE', *, *, #48, .F. ) ;
#1359 = CARTESIAN_POINT ( 'NONE',  ( 5.849038105676658700, 2.598076211353316500, 9.161973734447515100E-016 ) ) ;
#1360 = CARTESIAN_POINT ( 'NONE',  ( -7.849999999999999600, 0.4788582131113751100, 0.8294067547305464800 ) ) ;
#1361 = VECTOR ( 'NONE', #3548, 1000.000000000000000 ) ;
#1362 = CARTESIAN_POINT ( 'NONE',  ( 8.824999999999999300, 0.9577164262227506600, 0.0000000000000000000 ) ) ;
#1363 = CARTESIAN_POINT ( 'NONE',  ( 6.983693916357424300, -0.1768218887815255800, -1.101370342580328100 ) ) ;
#1364 = LINE ( 'NONE', #2590, #3193 ) ;
#1365 = EDGE_CURVE ( 'NONE', #1869, #3109, #4365, .T. ) ;
#1366 = CARTESIAN_POINT ( 'NONE',  ( 6.687500000000000900, -2.031460654743916600E-016, 1.105875672974062900 ) ) ;
#1367 = CARTESIAN_POINT ( 'NONE',  ( -8.599999999999999600, 1.249999999999999800, 0.0000000000000000000 ) ) ;
#1368 = CARTESIAN_POINT ( 'NONE',  ( -6.706249999999999800, -0.9577164262227502200, -0.5529378364870306500 ) ) ;
#1369 = EDGE_LOOP ( 'NONE', ( #1137, #1264, #4299 ) ) ;
#1370 = CARTESIAN_POINT ( 'NONE',  ( -6.912500000000000500, -4.938688641342514700E-016, -1.249999999999999800 ) ) ;
#1371 = CARTESIAN_POINT ( 'NONE',  ( -7.175000000000000700, -0.4788582131113754400, -0.8294067547305463700 ) ) ;
#1372 = CARTESIAN_POINT ( 'NONE',  ( 9.912499999999999600, -0.9577164262227507700, 0.5529378364870311000 ) ) ;
#1373 = CARTESIAN_POINT ( 'NONE',  ( 7.022955069469571000, -0.7160320824091265200, 0.9005400212847024500 ) ) ;
#1374 = ADVANCED_FACE ( 'NONE', ( #1704 ), #2, .T. ) ;
#1375 = CARTESIAN_POINT ( 'NONE',  ( 0.0000000000000000000, 0.0000000000000000000, 0.0000000000000000000 ) ) ;
#1376 = DIRECTION ( 'NONE',  ( -1.000000000000000000, 0.0000000000000000000, 0.0000000000000000000 ) ) ;
#1377 = ORIENTED_EDGE ( 'NONE', *, *, #4309, .F. ) ;
#1378 = DATE_AND_TIME ( #4157, #3895 ) ;
#1379 = CARTESIAN_POINT ( 'NONE',  ( 7.212500000000000400, -0.9577164262227507700, 0.5529378364870311000 ) ) ;
#1380 = DIRECTION ( 'NONE',  ( -1.000000000000000000, 0.0000000000000000000, -0.0000000000000000000 ) ) ;
#1381 = ORIENTED_EDGE ( 'NONE', *, *, #1638, .F. ) ;
#1382 = CARTESIAN_POINT ( 'NONE',  ( -7.306250000000000400, 6.771535515813051300E-017, 1.105875672974062000 ) ) ;
#1383 = CARTESIAN_POINT ( 'NONE',  ( 9.424999999999998900, -0.4788582131113757200, 0.8294067547305469200 ) ) ;
#1384 = VERTEX_POINT ( 'NONE', #919 ) ;
#1385 = CARTESIAN_POINT ( 'NONE',  ( 6.049999999999999800, 0.0000000000000000000, 2.250000000000000000 ) ) ;
#1386 = CARTESIAN_POINT ( 'NONE',  ( -6.724999999999999600, -0.4788582131113754400, -0.8294067547305463700 ) ) ;
#1387 = CARTESIAN_POINT ( 'NONE',  ( 7.887499999999999300, 0.9577164262227506600, -0.5529378364870313200 ) ) ;
#1388 = CARTESIAN_POINT ( 'NONE',  ( 8.337500000000000400, -1.250000000000000200, 0.7216878364870317200 ) ) ;
#1389 = CARTESIAN_POINT ( 'NONE',  ( 5.960744989968446800, 2.385217236779676200, 0.3686825588085556600 ) ) ;
#1390 = PLANE ( 'NONE',  #4384 ) ;
#1391 = ORIENTED_EDGE ( 'NONE', *, *, #4565, .F. ) ;
#1392 = CARTESIAN_POINT ( 'NONE',  ( 6.125000000000000000, 0.9577164262227506600, 0.0000000000000000000 ) ) ;
#1393 = EDGE_CURVE ( 'NONE', #2918, #871, #2324, .T. ) ;
#1394 = CARTESIAN_POINT ( 'NONE',  ( 7.775000000000000400, -0.4788582131113751100, -0.8294067547305472600 ) ) ;
#1395 = ORIENTED_EDGE ( 'NONE', *, *, #2206, .T. ) ;
#1396 = ADVANCED_FACE ( 'NONE', ( #1755 ), #972, .T. ) ;
#1397 = CARTESIAN_POINT ( 'NONE',  ( -8.186153810567667200, 0.3349364905389027300, -1.250000000000000000 ) ) ;
#1398 = CARTESIAN_POINT ( 'NONE',  ( -7.475000000000000500, 0.9577164262227499900, 0.0000000000000000000 ) ) ;
#1399 = ORIENTED_EDGE ( 'NONE', *, *, #2328, .T. ) ;
#1400 = CARTESIAN_POINT ( 'NONE',  ( -9.950000000000001100, 1.299038105676657800, 2.250000000000000900 ) ) ;
#1401 =( BOUNDED_CURVE ( )  B_SPLINE_CURVE ( 2, ( #458, #2999, #815, #1140, #4030, #1903, #3727, #1534, #4442 ),
 .UNSPECIFIED., .F., .F. ) 
 B_SPLINE_CURVE_WITH_KNOTS ( ( 3, 2, 2, 2, 3 ),
 ( 0.4750000000000000300, 0.4833333333333333400, 0.5000000000000000000, 0.5166666666666667200, 0.5250000000000000200 ),
 .UNSPECIFIED. ) 
 CURVE ( )  GEOMETRIC_REPRESENTATION_ITEM ( )  RATIONAL_B_SPLINE_CURVE ( ( 0.9330127018922194100, 0.9330127018922196300, 1.000000000000000000, 0.8660254037844387100, 1.000000000000000000, 0.8660254037844387100, 1.000000000000000000, 0.9330127018922194100, 0.9330127018922194100 ) ) 
 REPRESENTATION_ITEM ( '' )  );
#1402 = CARTESIAN_POINT ( 'NONE',  ( 8.150000000000000400, 1.250000000000000000, 0.0000000000000000000 ) ) ;
#1403 = CARTESIAN_POINT ( 'NONE',  ( -8.242403810567667600, 0.3349364905389038400, -1.249999999999999600 ) ) ;
#1404 = ORIENTED_EDGE ( 'NONE', *, *, #3601, .F. ) ;
#1405 = CARTESIAN_POINT ( 'NONE',  ( 9.106250000000001100, 6.771535515813057500E-017, -1.105875672974062900 ) ) ;
#1406 = CARTESIAN_POINT ( 'NONE',  ( -6.218749999999999100, -0.4788582131113754400, -0.8294067547305463700 ) ) ;
#1407 = VECTOR ( 'NONE', #1885, 1000.000000000000000 ) ;
#1408 = CARTESIAN_POINT ( 'NONE',  ( 8.824999999999999300, 0.9577164262227506600, 0.0000000000000000000 ) ) ;
#1409 = CARTESIAN_POINT ( 'NONE',  ( -6.068750000000001400, -1.249999999999999800, 1.530808498934191300E-016 ) ) ;
#1410 = FACE_OUTER_BOUND ( 'NONE', #1794, .T. ) ;
#1411 = CARTESIAN_POINT ( 'NONE',  ( -9.950000000000001100, -1.948557158514986600, -1.125000000000000000 ) ) ;
#1412 = CARTESIAN_POINT ( 'NONE',  ( -6.631250000000000500, 1.743066579297358300E-016, 1.249999999999999600 ) ) ;
#1413 = CARTESIAN_POINT ( 'NONE',  ( -10.02499999999999900, -0.4788582131113747800, 0.8294067547305465900 ) ) ;
#1414 = CARTESIAN_POINT ( 'NONE',  ( 8.075000000000001100, 0.6250000000000001100, -1.082531754730548400 ) ) ;
#1415 = DIRECTION ( 'NONE',  ( 1.000000000000000000, 0.0000000000000000000, 0.0000000000000000000 ) ) ;
#1416 = CARTESIAN_POINT ( 'NONE',  ( 7.157596189432333700, 0.3349364905389034500, -1.250000000000000000 ) ) ;
#1417 = EDGE_CURVE ( 'NONE', #422, #1307, #525, .T. ) ;
#1418 = CARTESIAN_POINT ( 'NONE',  ( 7.137499999999999300, -2.031460654743916600E-016, 1.105875672974062900 ) ) ;
#1419 = CARTESIAN_POINT ( 'NONE',  ( -7.101346189432335100, 0.3349364905389034000, 1.249999999999999600 ) ) ;
#1420 = ORIENTED_EDGE ( 'NONE', *, *, #3254, .T. ) ;
#1421 = CARTESIAN_POINT ( 'NONE',  ( 7.025000000000000400, 0.9577164262227506600, 0.0000000000000000000 ) ) ;
#1422 = CARTESIAN_POINT ( 'NONE',  ( -7.175000000000000700, 0.6250000000000000000, 1.082531754730548200 ) ) ;
#1423 = AXIS2_PLACEMENT_3D ( 'NONE', #2275, #1488, #426 ) ;
#1424 = CARTESIAN_POINT ( 'NONE',  ( 7.306249999999998600, 3.921899803419055800E-015, 1.250000000000000000 ) ) ;
#1425 = CARTESIAN_POINT ( 'NONE',  ( 5.849038105676658700, -2.598076211353316500, -2.766540139518408500E-015 ) ) ;
#1426 = CARTESIAN_POINT ( 'NONE',  ( -6.667403810567666500, -0.3349364905389030600, 1.249999999999999800 ) ) ;
#1427 = CARTESIAN_POINT ( 'NONE',  ( -9.875000000000000000, -0.4788582131113754400, -0.8294067547305463700 ) ) ;
#1428 = ORIENTED_EDGE ( 'NONE', *, *, #4403, .T. ) ;
#1429 = CARTESIAN_POINT ( 'NONE',  ( 10.04374999999999900, 0.4788582131113754400, -0.8294067547305471500 ) ) ;
#1430 = CARTESIAN_POINT ( 'NONE',  ( 9.762500000000001100, -1.250000000000000000, -0.7216878364870325000 ) ) ;
#1431 = AXIS2_PLACEMENT_3D ( 'NONE', #1600, #3791, #1280 ) ;
#1432 = DIRECTION ( 'NONE',  ( 0.0000000000000000000, 0.0000000000000000000, 1.000000000000000000 ) ) ;
#1433 = DIRECTION ( 'NONE',  ( 1.000000000000000000, 0.0000000000000000000, -0.0000000000000000000 ) ) ;
#1434 = ORIENTED_EDGE ( 'NONE', *, *, #2041, .T. ) ;
#1435 = CARTESIAN_POINT ( 'NONE',  ( -5.150000000000001200, 0.0000000000000000000, 1.250000000000000000 ) ) ;
#1436 = CARTESIAN_POINT ( 'NONE',  ( -8.337499999999998600, 0.9577164262227498800, 0.5529378364870308800 ) ) ;
#1437 = CARTESIAN_POINT ( 'NONE',  ( 7.287499999999999600, -0.9577164262227504400, -0.5529378364870317600 ) ) ;
#1438 = ADVANCED_FACE ( 'NONE', ( #4596 ), #1927, .T. ) ;
#1439 = CARTESIAN_POINT ( 'NONE',  ( -5.318749999999999600, -0.4788582131113754400, -0.8294067547305463700 ) ) ;
#1440 = CARTESIAN_POINT ( 'NONE',  ( -6.181250000000001200, 1.743066579297358300E-016, 1.249999999999999600 ) ) ;
#1441 = CARTESIAN_POINT ( 'NONE',  ( 8.900000000000000400, -0.6249999999999996700, -1.082531754730548400 ) ) ;
#1442 = CARTESIAN_POINT ( 'NONE',  ( -6.818750000000001400, 0.6249999999999990000, -1.082531754730548600 ) ) ;
#1443 = CARTESIAN_POINT ( 'NONE',  ( -6.725000000000000500, 0.6250000000000000000, 1.082531754730548200 ) ) ;
#1444 = CARTESIAN_POINT ( 'NONE',  ( 8.300000000000000700, -0.6250000000000005600, 1.082531754730548200 ) ) ;
#1445 = EDGE_CURVE ( 'NONE', #2235, #608, #3681, .T. ) ;
#1446 = EDGE_LOOP ( 'NONE', ( #1040, #1843, #3277, #2997 ) ) ;
#1447 = CARTESIAN_POINT ( 'NONE',  ( 9.837500000000000400, 8.838126989374223500E-017, -1.443375672974064300 ) ) ;
#1448 = CARTESIAN_POINT ( 'NONE',  ( 7.325000000000001100, 0.6249999999999991100, 1.082531754730548900 ) ) ;
#1449 = CARTESIAN_POINT ( 'NONE',  ( -8.037500000000001400, 1.743066579297358300E-016, 1.249999999999999600 ) ) ;
#1450 = CARTESIAN_POINT ( 'NONE',  ( -6.500000000000000900, 0.4788582131113751100, 0.8294067547305464800 ) ) ;
#1451 = VERTEX_POINT ( 'NONE', #1558 ) ;
#1452 = EDGE_CURVE ( 'NONE', #2880, #2688, #1351, .T. ) ;
#1453 = CARTESIAN_POINT ( 'NONE',  ( 6.424999999999999800, -0.4788582131113751100, -0.8294067547305472600 ) ) ;
#1454 = CARTESIAN_POINT ( 'NONE',  ( -6.893749999999999800, 0.4788582131113751100, 0.8294067547305464800 ) ) ;
#1455 = VECTOR ( 'NONE', #151, 1000.000000000000000 ) ;
#1456 = CARTESIAN_POINT ( 'NONE',  ( -5.150000000000001200, 0.0000000000000000000, 0.0000000000000000000 ) ) ;
#1457 = CARTESIAN_POINT ( 'NONE',  ( -9.950000000000001100, 0.0000000000000000000, -2.250000000000000000 ) ) ;
#1458 = CARTESIAN_POINT ( 'NONE',  ( -9.950000000000001100, 1.948557158514986300, 1.125000000000000400 ) ) ;
#1459 = CARTESIAN_POINT ( 'NONE',  ( 5.971727692845874500, -2.385571612819398000, 0.3680687615027709600 ) ) ;
#1460 = CONICAL_SURFACE ( 'NONE', #2248, 1.300800000000000000, 0.7853981633974500600 ) ;
#1461 = CARTESIAN_POINT ( 'NONE',  ( 8.412499999999999600, -1.250000000000000000, -0.7216878364870327200 ) ) ;
#1462 = CARTESIAN_POINT ( 'NONE',  ( 7.325000000000001100, 0.6249999999999991100, 1.082531754730548900 ) ) ;
#1463 = ADVANCED_FACE ( 'NONE', ( #3352 ), #4254, .T. ) ;
#1464 = PERSON_AND_ORGANIZATION_ROLE ( 'classification_officer' ) ;
#1465 = FACE_OUTER_BOUND ( 'NONE', #2847, .T. ) ;
#1466 = CARTESIAN_POINT ( 'NONE',  ( 9.773750975642654400, -0.8923063171963899800, 0.6288397429115245600 ) ) ;
#1467 = CARTESIAN_POINT ( 'NONE',  ( -8.075000000000001100, -0.4788582131113754400, -0.8294067547305463700 ) ) ;
#1468 = SECURITY_CLASSIFICATION ( '', '', #1768 ) ;
#1469 = CARTESIAN_POINT ( 'NONE',  ( 6.537499999999999600, 0.9577164262227506600, -0.5529378364870313200 ) ) ;
#1470 = LINE ( 'NONE', #307, #2900 ) ;
#1471 = CARTESIAN_POINT ( 'NONE',  ( -6.556249999999999500, 0.9577164262227496600, -0.5529378364870315400 ) ) ;
#1472 = CARTESIAN_POINT ( 'NONE',  ( -5.731249999999999300, -2.031460654743915200E-016, -1.105875672974062000 ) ) ;
#1473 = CARTESIAN_POINT ( 'NONE',  ( 6.840039999999999200, -0.6565632889428106900, -0.7087156434662911200 ) ) ;
#1474 = CARTESIAN_POINT ( 'NONE',  ( -8.468750000000000000, 0.6250000000000000000, 1.082531754730548200 ) ) ;
#1475 = CARTESIAN_POINT ( 'NONE',  ( -9.950000000000001100, 0.0000000000000000000, 0.0000000000000000000 ) ) ;
#1476 = CARTESIAN_POINT ( 'NONE',  ( -8.750000000000000000, 0.4788582131113751100, 0.8294067547305464800 ) ) ;
#1477 = CARTESIAN_POINT ( 'NONE',  ( 7.400000000000000400, -0.6250000000000005600, 1.082531754730548200 ) ) ;
#1478 = DIRECTION ( 'NONE',  ( 0.0000000000000000000, 0.0000000000000000000, -1.000000000000000000 ) ) ;
#1479 = ORIENTED_EDGE ( 'NONE', *, *, #2673, .F. ) ;
#1480 = CARTESIAN_POINT ( 'NONE',  ( -9.931250000000000400, 1.249999999999999600, -0.7216878364870328300 ) ) ;
#1481 = EDGE_CURVE ( 'NONE', #2001, #4110, #699, .T. ) ;
#1482 = DIRECTION ( 'NONE',  ( -1.000000000000000000, -0.0000000000000000000, -0.0000000000000000000 ) ) ;
#1483 = CARTESIAN_POINT ( 'NONE',  ( -6.349999999999999600, -0.9577164262227499900, 1.172864355864533000E-016 ) ) ;
#1484 = ORIENTED_EDGE ( 'NONE', *, *, #1062, .T. ) ;
#1485 = DATE_AND_TIME ( #4506, #2335 ) ;
#1486 = CARTESIAN_POINT ( 'NONE',  ( 6.387500000000001100, -0.9577164262227504400, -0.5529378364870317600 ) ) ;
#1487 = CARTESIAN_POINT ( 'NONE',  ( -6.331250000000000700, -0.9577164262227497700, 0.5529378364870313200 ) ) ;
#1488 = DIRECTION ( 'NONE',  ( 1.000000000000000000, 0.0000000000000000000, -0.0000000000000000000 ) ) ;
#1489 = ORIENTED_EDGE ( 'NONE', *, *, #2825, .F. ) ;
#1490 = DIRECTION ( 'NONE',  ( 0.0000000000000000000, 0.0000000000000000000, -1.000000000000000000 ) ) ;
#1491 = CARTESIAN_POINT ( 'NONE',  ( 9.673854363283405500, -1.023205526085092700, -0.6481756901792852200 ) ) ;
#1492 = CARTESIAN_POINT ( 'NONE',  ( 9.162499999999999600, -4.938688641342514700E-016, 1.250000000000000000 ) ) ;
#1493 = CARTESIAN_POINT ( 'NONE',  ( -8.787500000000001400, 0.9577164262227498800, 0.5529378364870308800 ) ) ;
#1494 = CARTESIAN_POINT ( 'NONE',  ( 10.08124999999999900, 0.9577164262227506600, -0.5529378364870313200 ) ) ;
#1495 = DIRECTION ( 'NONE',  ( 0.0000000000000000000, 0.0000000000000000000, -1.000000000000000000 ) ) ;
#1496 = CARTESIAN_POINT ( 'NONE',  ( -10.15625000000000200, -1.249999999999999800, 0.7216878364870323900 ) ) ;
#1497 = CARTESIAN_POINT ( 'NONE',  ( -6.837499999999999500, -0.9577164262227497700, 0.5529378364870313200 ) ) ;
#1498 = CARTESIAN_POINT ( 'NONE',  ( 9.293749999999997500, -0.6249999999999996700, -1.082531754730548400 ) ) ;
#1499 = ORIENTED_EDGE ( 'NONE', *, *, #2537, .F. ) ;
#1500 = CARTESIAN_POINT ( 'NONE',  ( 9.837499999999998600, -2.031460654743916600E-016, 1.105875672974062900 ) ) ;
#1501 = CARTESIAN_POINT ( 'NONE',  ( -5.562500000000000000, -4.938688641342514700E-016, -1.249999999999999800 ) ) ;
#1502 = CARTESIAN_POINT ( 'NONE',  ( 8.656249999999998200, 6.771535515813057500E-017, -1.105875672974062900 ) ) ;
#1503 = CARTESIAN_POINT ( 'NONE',  ( 7.962500000000001200, -1.250000000000000000, -0.7216878364870327200 ) ) ;
#1504 = DIRECTION ( 'NONE',  ( 1.000000000000000000, 0.0000000000000000000, 0.0000000000000000000 ) ) ;
#1505 = DIRECTION ( 'NONE',  ( -1.000000000000000000, -0.0000000000000000000, -0.0000000000000000000 ) ) ;
#1506 = ORIENTED_EDGE ( 'NONE', *, *, #1947, .T. ) ;
#1507 = CARTESIAN_POINT ( 'NONE',  ( -8.712499999999998600, 6.771535515813051300E-017, 1.105875672974062000 ) ) ;
#1508 = EDGE_CURVE ( 'NONE', #3228, #4678, #1962, .T. ) ;
#1509 = CARTESIAN_POINT ( 'NONE',  ( 6.725000000000000500, 0.6250000000000001100, -1.082531754730548400 ) ) ;
#1510 = ADVANCED_FACE ( 'NONE', ( #592 ), #14, .T. ) ;
#1511 = CYLINDRICAL_SURFACE ( 'NONE', #3886, 1.250000000000000000 ) ;
#1512 = DIRECTION ( 'NONE',  ( -1.000000000000000000, 0.0000000000000000000, 0.0000000000000000000 ) ) ;
#1513 =( BOUNDED_CURVE ( )  B_SPLINE_CURVE ( 2, ( #3582, #290, #4625, #4265, #3569, #3944, #697, #2434, #305 ),
 .UNSPECIFIED., .F., .F. ) 
 B_SPLINE_CURVE_WITH_KNOTS ( ( 3, 2, 2, 2, 3 ),
 ( 0.8863636363636363500, 0.8939393939393939200, 0.9090909090909090600, 0.9242424242424242000, 0.9318181818181818800 ),
 .UNSPECIFIED. ) 
 CURVE ( )  GEOMETRIC_REPRESENTATION_ITEM ( )  RATIONAL_B_SPLINE_CURVE ( ( 0.9330127018922194100, 0.9330127018922194100, 1.000000000000000000, 0.8660254037844387100, 1.000000000000000000, 0.8660254037844387100, 1.000000000000000000, 0.9330127018922188500, 0.9330127018922194100 ) ) 
 REPRESENTATION_ITEM ( '' )  );
#1514 = CARTESIAN_POINT ( 'NONE',  ( -8.393750000000000700, -0.6249999999999995600, 1.082531754730548400 ) ) ;
#1515 = CARTESIAN_POINT ( 'NONE',  ( 6.935486443587581800, 1.009854182432119000, 0.3282655212878962100 ) ) ;
#1516 = CARTESIAN_POINT ( 'NONE',  ( -9.950000000000001100, -2.598076211353316500, -2.695659680428813900E-015 ) ) ;
#1517 = AXIS2_PLACEMENT_3D ( 'NONE', #4064, #2608, #120 ) ;
#1518 = CARTESIAN_POINT ( 'NONE',  ( 9.743749999999998600, -0.6249999999999996700, -1.082531754730548400 ) ) ;
#1519 = CARTESIAN_POINT ( 'NONE',  ( 8.637499999999999300, -0.9577164262227504400, -0.5529378364870317600 ) ) ;
#1520 = CARTESIAN_POINT ( 'NONE',  ( 7.981249999999998400, 1.743066579297358300E-016, -1.250000000000000000 ) ) ;
#1521 = CARTESIAN_POINT ( 'NONE',  ( 9.612500000000000700, 1.507752591092214600E-014, 1.250000000000000000 ) ) ;
#1522 = CARTESIAN_POINT ( 'NONE',  ( -7.775000000000000400, 0.6249999999999990000, -1.082531754730548600 ) ) ;
#1523 = AXIS2_PLACEMENT_3D ( 'NONE', #1225, #2304, #1919 ) ;
#1524 = CARTESIAN_POINT ( 'NONE',  ( -7.737500000000000700, -0.9577164262227497700, 0.5529378364870313200 ) ) ;
#1525 = FACE_OUTER_BOUND ( 'NONE', #2239, .T. ) ;
#1526 = CARTESIAN_POINT ( 'NONE',  ( 6.162500000000000500, -1.250000000000000000, -0.7216878364870325000 ) ) ;
#1527 = CARTESIAN_POINT ( 'NONE',  ( 9.950000000000001100, 0.0000000000000000000, 0.0000000000000000000 ) ) ;
#1528 = CARTESIAN_POINT ( 'NONE',  ( -9.893749999999998900, 1.249999999999999800, 0.0000000000000000000 ) ) ;
#1529 = CYLINDRICAL_SURFACE ( 'NONE', #79, 1.250000000000000000 ) ;
#1530 = DIRECTION ( 'NONE',  ( 0.0000000000000000000, 0.0000000000000000000, 1.000000000000000000 ) ) ;
#1531 = CARTESIAN_POINT ( 'NONE',  ( -9.606916426222751300, 1.522772014783827200E-012, 0.9577164262227498800 ) ) ;
#1532 = CARTESIAN_POINT ( 'NONE',  ( 8.356249999999999300, -1.250000000000000000, -0.7216878364870325000 ) ) ;
#1533 = CARTESIAN_POINT ( 'NONE',  ( -9.950000000000001100, 1.948557158514987000, -1.124999999999999100 ) ) ;
#1534 = CARTESIAN_POINT ( 'NONE',  ( 7.607596189432334700, 0.3349364905389034500, -1.250000000000000000 ) ) ;
#1535 = CARTESIAN_POINT ( 'NONE',  ( -5.393749999999999800, -0.9577164262227499900, 1.172864355864533000E-016 ) ) ;
#1536 = EDGE_CURVE ( 'NONE', #553, #751, #4429, .T. ) ;
#1537 = CARTESIAN_POINT ( 'NONE',  ( -9.050000000000000700, 1.249999999999999800, 0.0000000000000000000 ) ) ;
#1538 = CARTESIAN_POINT ( 'NONE',  ( -8.862500000000000700, 0.9577164262227496600, -0.5529378364870315400 ) ) ;
#1539 = ORIENTED_EDGE ( 'NONE', *, *, #1282, .T. ) ;
#1540 = CARTESIAN_POINT ( 'NONE',  ( 9.331249999999998900, -2.031460654743916600E-016, 1.105875672974062900 ) ) ;
#1541 = CARTESIAN_POINT ( 'NONE',  ( -7.306250000000000400, -2.651438096812266900E-016, -1.443375672974064100 ) ) ;
#1542 = ORIENTED_EDGE ( 'NONE', *, *, #1703, .T. ) ;
#1543 =( BOUNDED_CURVE ( )  B_SPLINE_CURVE ( 2, ( #2781, #213, #2745, #3457, #627, #3474, #1662, #4170, #1322 ),
 .UNSPECIFIED., .F., .F. ) 
 B_SPLINE_CURVE_WITH_KNOTS ( ( 3, 2, 2, 2, 3 ),
 ( 0.1749999999999999900, 0.1833333333333333200, 0.2000000000000000100, 0.2166666666666666700, 0.2250000000000000100 ),
 .UNSPECIFIED. ) 
 CURVE ( )  GEOMETRIC_REPRESENTATION_ITEM ( )  RATIONAL_B_SPLINE_CURVE ( ( 0.9330127018922194100, 0.9330127018922194100, 1.000000000000000000, 0.8660254037844387100, 1.000000000000000000, 0.8660254037844387100, 1.000000000000000000, 0.9330127018922194100, 0.9330127018922194100 ) ) 
 REPRESENTATION_ITEM ( '' )  );
#1544 = EDGE_CURVE ( 'NONE', #119, #1172, #302, .T. ) ;
#1545 = CARTESIAN_POINT ( 'NONE',  ( 8.281249999999998200, -1.250000000000000200, 0.7216878364870317200 ) ) ;
#1546 = CARTESIAN_POINT ( 'NONE',  ( 9.275000000000000400, -1.250000000000000000, -1.530808498934191600E-016 ) ) ;
#1547 = ORIENTED_EDGE ( 'NONE', *, *, #2800, .T. ) ;
#1548 = DIRECTION ( 'NONE',  ( 0.0000000000000000000, 0.0000000000000000000, -1.000000000000000000 ) ) ;
#1549 = CARTESIAN_POINT ( 'NONE',  ( -9.725000000000001400, -1.249999999999999800, 1.530808498934191300E-016 ) ) ;
#1550 = CARTESIAN_POINT ( 'NONE',  ( 7.831249999999998000, -1.250000000000000200, 0.7216878364870317200 ) ) ;
#1551 = CARTESIAN_POINT ( 'NONE',  ( -8.468749999999998200, -0.4788582131113754400, -0.8294067547305463700 ) ) ;
#1552 = CARTESIAN_POINT ( 'NONE',  ( -9.275000000000000400, -1.249999999999999800, 1.530808498934191300E-016 ) ) ;
#1553 = CARTESIAN_POINT ( 'NONE',  ( -9.106250000000001100, 6.771535515813051300E-017, 1.105875672974062000 ) ) ;
#1554 = CARTESIAN_POINT ( 'NONE',  ( 7.531250000000000000, -2.031460654743916600E-016, 1.105875672974062900 ) ) ;
#1555 = CARTESIAN_POINT ( 'NONE',  ( -7.831250000000001600, -1.250000000000000000, -0.7216878364870315000 ) ) ;
#1556 = CARTESIAN_POINT ( 'NONE',  ( -5.150000000000001200, 0.0000000000000000000, 1.250000000000000000 ) ) ;
#1557 = ORIENTED_EDGE ( 'NONE', *, *, #1910, .F. ) ;
#1558 = CARTESIAN_POINT ( 'NONE',  ( -8.937500000000003600, -9.877377282685031300E-016, 1.249999999999999800 ) ) ;
#1559 = CARTESIAN_POINT ( 'NONE',  ( 7.006249999999998800, -1.250000000000000000, -0.7216878364870325000 ) ) ;
#1560 = CARTESIAN_POINT ( 'NONE',  ( 6.049999999999999800, 0.0000000000000000000, 0.0000000000000000000 ) ) ;
#1561 = ORIENTED_EDGE ( 'NONE', *, *, #3025, .F. ) ;
#1562 = CARTESIAN_POINT ( 'NONE',  ( -9.950000000000001100, 0.0000000000000000000, 0.0000000000000000000 ) ) ;
#1563 = CARTESIAN_POINT ( 'NONE',  ( 8.411153810567665100, -0.3349364905389042300, -1.249999999999999600 ) ) ;
#1564 = CARTESIAN_POINT ( 'NONE',  ( -5.918749999999999300, -0.4788582131113747800, 0.8294067547305465900 ) ) ;
#1565 = CARTESIAN_POINT ( 'NONE',  ( 8.186153810567665400, 0.3349364905389038400, 1.249999999999999800 ) ) ;
#1566 = CARTESIAN_POINT ( 'NONE',  ( -5.693750000000000500, -0.6249999999999995600, 1.082531754730548400 ) ) ;
#1567 = CARTESIAN_POINT ( 'NONE',  ( -8.787500000000001400, -1.250000000000000000, -0.7216878364870315000 ) ) ;
#1568 = LINE ( 'NONE', #3524, #4531 ) ;
#1569 = CARTESIAN_POINT ( 'NONE',  ( -10.08124999999999900, 0.9577164262227498800, 0.5529378364870308800 ) ) ;
#1570 =( BOUNDED_CURVE ( )  B_SPLINE_CURVE ( 2, ( #1920, #493, #832, #1500, #2589, #3335, #4079, #1156, #2243, #4477, #3320, #814, #147, #440, #2259, #118, #3353, #2626, #1881, #4046, #3030, #2274, #101, #3372, #510, #1138, #3691, #2606, #4408, #3741, #4096, #2229, #849, #456, #3706, #1519, #3387, #4062, #2998, #1175, #3726, #3044, #3078, #918, #4495, #1985, #3404, #2342, #531, #864, #566, #161, #2305, #1226, #4121, #550, #3774, #3441, #1580, #4524, #1952, #2678, #2322, #883, #3805, #3061, #3423, #1242, #3788, #1595, #4139, #1966, #2714, #4511, #180, #196, #2697, #900, #1259, #1613, #4154, #3095, #2991, #1845, #2222 ),
 .UNSPECIFIED., .F., .F. ) 
 B_SPLINE_CURVE_WITH_KNOTS ( ( 3, 2, 2, 2, 2, 2, 2, 2, 2, 2, 2, 2, 2, 2, 2, 2, 2, 2, 2, 2, 2, 2, 2, 2, 2, 2, 2, 2, 2, 2, 2, 2, 2, 2, 2, 2, 2, 2, 2, 2, 2, 2, 3 ),
 ( 0.05993748394790959800, 0.06666666666666666600, 0.08333333333333332900, 0.1000000000000000100, 0.1166666666666666700, 0.1333333333333333300, 0.1499999999999999900, 0.1666666666666666600, 0.1833333333333332900, 0.2000000000000000100, 0.2166666666666666700, 0.2333333333333333400, 0.2500000000000000000, 0.2666666666666666600, 0.2833333333333333300, 0.3000000000000000400, 0.3166666666666666500, 0.3333333333333333100, 0.3499999999999999800, 0.3666666666666666400, 0.3833333333333333600, 0.4000000000000000200, 0.4166666666666666900, 0.4333333333333333500, 0.4500000000000000700, 0.4666666666666666700, 0.4833333333333333400, 0.4999999999999999400, 0.5166666666666667200, 0.5333333333333333300, 0.5500000000000000400, 0.5666666666666666500, 0.5833333333333334800, 0.6000000000000000900, 0.6166666666666667000, 0.6333333333333333000, 0.6500000000000001300, 0.6666666666666667400, 0.6833333333333333500, 0.6999999999999999600, 0.7166666666666667900, 0.7333333333333333900, 0.7411398817380112600 ),
 .UNSPECIFIED. ) 
 CURVE ( )  GEOMETRIC_REPRESENTATION_ITEM ( )  RATIONAL_B_SPLINE_CURVE ( ( 0.9354949502797536000, 0.9459076277436273500, 1.000000000000000000, 0.8660254037844387100, 1.000000000000000000, 0.8660254037844387100, 1.000000000000000000, 0.8660254037844387100, 1.000000000000000000, 0.8660254037844387100, 1.000000000000000000, 0.8660254037844387100, 1.000000000000000000, 0.8660254037844387100, 1.000000000000000000, 0.8660254037844387100, 1.000000000000000000, 0.8660254037844387100, 1.000000000000000000, 0.8660254037844387100, 1.000000000000000000, 0.8660254037844387100, 1.000000000000000000, 0.8660254037844387100, 1.000000000000000000, 0.8660254037844387100, 1.000000000000000000, 0.8660254037844387100, 1.000000000000000000, 0.8660254037844387100, 1.000000000000000000, 0.8660254037844387100, 1.000000000000000000, 0.8660254037844387100, 1.000000000000000000, 0.8660254037844387100, 1.000000000000000000, 0.8660254037844387100, 1.000000000000000000, 0.8660254037844387100, 1.000000000000000000, 0.8660254037844387100, 1.000000000000000000, 0.8660254037844387100, 1.000000000000000000, 0.8660254037844387100, 1.000000000000000000, 0.8660254037844387100, 1.000000000000000000, 0.8660254037844387100, 1.000000000000000000, 0.8660254037844387100, 1.000000000000000000, 0.8660254037844387100, 1.000000000000000000, 0.8660254037844387100, 1.000000000000000000, 0.8660254037844387100, 1.000000000000000000, 0.8660254037844387100, 1.000000000000000000, 0.8660254037844387100, 1.000000000000000000, 0.8660254037844387100, 1.000000000000000000, 0.8660254037844387100, 1.000000000000000000, 0.8660254037844387100, 1.000000000000000000, 0.8660254037844387100, 1.000000000000000000, 0.8660254037844387100, 1.000000000000000000, 0.8660254037844387100, 1.000000000000000000, 0.8660254037844387100, 1.000000000000000000, 0.8660254037844387100, 1.000000000000000000, 0.8660254037844387100, 1.000000000000000000, 0.8660254037844387100, 1.000000000000000000, 0.9372472497787621700, 0.9332803854129754200 ) ) 
 REPRESENTATION_ITEM ( '' )  );
#1571 = EDGE_CURVE ( 'NONE', #391, #3212, #1647, .T. ) ;
#1572 = CARTESIAN_POINT ( 'NONE',  ( 9.368749999999998600, -0.4788582131113757200, 0.8294067547305469200 ) ) ;
#1573 = CARTESIAN_POINT ( 'NONE',  ( 7.606249999999998400, 1.250000000000000000, -0.7216878364870320500 ) ) ;
#1574 = CARTESIAN_POINT ( 'NONE',  ( -7.156250000000000900, 1.250000000000000000, 0.7216878364870319400 ) ) ;
#1575 = CIRCLE ( 'NONE', #4234, 2.249999999999999600 ) ;
#1576 = DIRECTION ( 'NONE',  ( -1.000000000000000000, 0.0000000000000000000, 0.0000000000000000000 ) ) ;
#1577 = VERTEX_POINT ( 'NONE', #4152 ) ;
#1578 = CARTESIAN_POINT ( 'NONE',  ( 7.943749999999999600, -0.6249999999999996700, -1.082531754730548400 ) ) ;
#1579 = CARTESIAN_POINT ( 'NONE',  ( 7.981249999999998400, 1.743066579297358300E-016, -1.250000000000000000 ) ) ;
#1580 = CARTESIAN_POINT ( 'NONE',  ( 7.775000000000000400, -0.4788582131113751100, -0.8294067547305472600 ) ) ;
#1581 = CARTESIAN_POINT ( 'NONE',  ( -5.150000000000001200, 0.0000000000000000000, 0.0000000000000000000 ) ) ;
#1582 = CARTESIAN_POINT ( 'NONE',  ( 6.049999999999999800, -1.948557158514987200, 1.124999999999998900 ) ) ;
#1583 = CIRCLE ( 'NONE', #2336, 2.250000000000000000 ) ;
#1584 = CARTESIAN_POINT ( 'NONE',  ( 8.001346189432332800, 0.3349364905389034500, -1.250000000000000000 ) ) ;
#1585 = CARTESIAN_POINT ( 'NONE',  ( -5.731250000000000200, -4.706279764102867600E-015, 1.249999999999999600 ) ) ;
#1586 = CARTESIAN_POINT ( 'NONE',  ( -8.187500000000001800, 1.249999999999999600, -0.7216878364870328300 ) ) ;
#1587 = CARTESIAN_POINT ( 'NONE',  ( -10.11874999999999900, 0.9577164262227499900, 0.0000000000000000000 ) ) ;
#1588 = VERTEX_POINT ( 'NONE', #192 ) ;
#1589 = CARTESIAN_POINT ( 'NONE',  ( 7.793749999999999300, 0.4788582131113754400, -0.8294067547305471500 ) ) ;
#1590 = CARTESIAN_POINT ( 'NONE',  ( -6.706250000000000700, 1.250000000000000000, 0.7216878364870319400 ) ) ;
#1591 = CARTESIAN_POINT ( 'NONE',  ( 7.681249999999998600, -0.9577164262227504400, -0.5529378364870317600 ) ) ;
#1592 = CARTESIAN_POINT ( 'NONE',  ( -9.848322879055922700, -0.2972419308619577100, 1.171203295906759500 ) ) ;
#1593 = CARTESIAN_POINT ( 'NONE',  ( 7.193749999999998800, 1.250000000000000000, 0.0000000000000000000 ) ) ;
#1594 = CARTESIAN_POINT ( 'NONE',  ( -5.150000000000001200, 0.0000000000000000000, 0.0000000000000000000 ) ) ;
#1595 = CARTESIAN_POINT ( 'NONE',  ( 7.362499999999999800, 6.771535515813057500E-017, -1.105875672974062900 ) ) ;
#1596 = CARTESIAN_POINT ( 'NONE',  ( 9.593750000000000000, 0.4788582131113754400, -0.8294067547305471500 ) ) ;
#1597 = CARTESIAN_POINT ( 'NONE',  ( -9.817403810567663300, -0.3349364905389030600, 1.249999999999999800 ) ) ;
#1598 = ORIENTED_EDGE ( 'NONE', *, *, #2362, .T. ) ;
#1599 = CARTESIAN_POINT ( 'NONE',  ( 6.049999999999999800, 0.0000000000000000000, 0.0000000000000000000 ) ) ;
#1600 = CARTESIAN_POINT ( 'NONE',  ( 6.049999999999999800, 0.0000000000000000000, 0.0000000000000000000 ) ) ;
#1601 = CARTESIAN_POINT ( 'NONE',  ( -8.843750000000000000, 0.4788582131113742800, -0.8294067547305469200 ) ) ;
#1602 = EDGE_CURVE ( 'NONE', #2798, #1231, #372, .T. ) ;
#1603 = CARTESIAN_POINT ( 'NONE',  ( -7.212500000000000400, 1.250000000000000000, 0.7216878364870319400 ) ) ;
#1604 = CARTESIAN_POINT ( 'NONE',  ( -9.368749999999998600, -0.4788582131113754400, -0.8294067547305463700 ) ) ;
#1605 = ORIENTED_EDGE ( 'NONE', *, *, #3409, .T. ) ;
#1606 = CARTESIAN_POINT ( 'NONE',  ( 7.756249999999999600, 6.771535515813057500E-017, -1.105875672974062900 ) ) ;
#1607 = CARTESIAN_POINT ( 'NONE',  ( 7.681249999999998600, 1.249999999999999600, 0.7216878364870329400 ) ) ;
#1608 = CARTESIAN_POINT ( 'NONE',  ( -7.456250000000000700, -1.249999999999999800, 0.7216878364870323900 ) ) ;
#1609 = AXIS2_PLACEMENT_3D ( 'NONE', #2190, #420, #1863 ) ;
#1610 = CARTESIAN_POINT ( 'NONE',  ( 8.131249999999999600, -0.9577164262227504400, -0.5529378364870317600 ) ) ;
#1611 = DIRECTION ( 'NONE',  ( 0.0000000000000000000, 0.0000000000000000000, 1.000000000000000000 ) ) ;
#1612 = CARTESIAN_POINT ( 'NONE',  ( -9.481249999999999300, 1.249999999999999300, -0.7216878364870328300 ) ) ;
#1613 = CARTESIAN_POINT ( 'NONE',  ( 6.987500000000000700, 0.9577164262227506600, -0.5529378364870313200 ) ) ;
#1614 = CARTESIAN_POINT ( 'NONE',  ( 8.937500000000001800, 1.743066579297358300E-016, -1.250000000000000000 ) ) ;
#1615 = DIRECTION ( 'NONE',  ( 1.000000000000000000, 0.0000000000000000000, 0.0000000000000000000 ) ) ;
#1616 = CARTESIAN_POINT ( 'NONE',  ( -8.450000000000001100, -0.6249999999999995600, 1.082531754730548400 ) ) ;
#1617 = CARTESIAN_POINT ( 'NONE',  ( -9.031250000000000000, -0.9577164262227497700, 0.5529378364870313200 ) ) ;
#1618 = CARTESIAN_POINT ( 'NONE',  ( -5.375000000000000900, 0.6250000000000000000, 1.082531754730548200 ) ) ;
#1619 = ORIENTED_EDGE ( 'NONE', *, *, #1939, .F. ) ;
#1620 = ORIENTED_EDGE ( 'NONE', *, *, #2734, .T. ) ;
#1621 = CARTESIAN_POINT ( 'NONE',  ( -5.600000000000000500, 0.4788582131113751100, 0.8294067547305464800 ) ) ;
#1622 = DIRECTION ( 'NONE',  ( -1.000000000000000000, -0.0000000000000000000, -0.0000000000000000000 ) ) ;
#1623 = ORIENTED_EDGE ( 'NONE', *, *, #3959, .T. ) ;
#1624 = CARTESIAN_POINT ( 'NONE',  ( -9.749038105676659100, 1.299038105676658400, -2.250000000000001300 ) ) ;
#1625 = CARTESIAN_POINT ( 'NONE',  ( -9.500000000000000000, -0.9577164262227499900, 1.172864355864533000E-016 ) ) ;
#1626 = ORIENTED_EDGE ( 'NONE', *, *, #4228, .T. ) ;
#1627 = CARTESIAN_POINT ( 'NONE',  ( 6.556249999999999500, 0.9577164262227503300, 0.5529378364870319900 ) ) ;
#1628 = FACE_OUTER_BOUND ( 'NONE', #31, .T. ) ;
#1629 = CARTESIAN_POINT ( 'NONE',  ( 7.475000000000000500, -1.250000000000000000, -1.530808498934191600E-016 ) ) ;
#1630 = DIRECTION ( 'NONE',  ( 1.000000000000000000, 0.0000000000000000000, 0.0000000000000000000 ) ) ;
#1631 = CARTESIAN_POINT ( 'NONE',  ( 9.050000000000000700, 1.250000000000000000, 0.0000000000000000000 ) ) ;
#1632 =( BOUNDED_CURVE ( )  B_SPLINE_CURVE ( 2, ( #1520, #2644, #866, #2609, #1904, #1550, #150, #2261, #3746 ),
 .UNSPECIFIED., .F., .T. ) 
 B_SPLINE_CURVE_WITH_KNOTS ( ( 3, 2, 2, 2, 3 ),
 ( 0.5250000000000000200, 0.5333333333333333300, 0.5500000000000000400, 0.5666666666666666500, 0.5750000000000000700 ),
 .UNSPECIFIED. ) 
 CURVE ( )  GEOMETRIC_REPRESENTATION_ITEM ( )  RATIONAL_B_SPLINE_CURVE ( ( 0.9330127018922194100, 0.9330127018922194100, 1.000000000000000000, 0.8660254037844387100, 1.000000000000000000, 0.8660254037844387100, 1.000000000000000000, 0.9330127018922189700, 0.9330127018922194100 ) ) 
 REPRESENTATION_ITEM ( '' )  );
#1633 = CARTESIAN_POINT ( 'NONE',  ( -8.300000000000000700, -0.6250000000000004400, -1.082531754730548000 ) ) ;
#1634 = CARTESIAN_POINT ( 'NONE',  ( -7.531249999999999100, -4.706279764102867600E-015, 1.249999999999999600 ) ) ;
#1635 = CARTESIAN_POINT ( 'NONE',  ( -6.706249999999999800, -0.9577164262227502200, -0.5529378364870306500 ) ) ;
#1636 = CARTESIAN_POINT ( 'NONE',  ( -6.462500000000001200, -2.651438096812266900E-016, -1.443375672974064100 ) ) ;
#1637 = CARTESIAN_POINT ( 'NONE',  ( -6.893749999999999800, 0.4788582131113751100, 0.8294067547305464800 ) ) ;
#1638 = EDGE_CURVE ( 'NONE', #913, #2719, #3021, .T. ) ;
#1639 = CARTESIAN_POINT ( 'NONE',  ( 7.081249999999999800, -2.031460654743916600E-016, 1.105875672974062900 ) ) ;
#1640 = CARTESIAN_POINT ( 'NONE',  ( -5.300000000000000700, -0.6249999999999995600, 1.082531754730548400 ) ) ;
#1641 = CARTESIAN_POINT ( 'NONE',  ( -8.862500000000000700, 0.9577164262227496600, -0.5529378364870315400 ) ) ;
#1642 = COORDINATED_UNIVERSAL_TIME_OFFSET ( 6, 0, .BEHIND. ) ;
#1643 = CARTESIAN_POINT ( 'NONE',  ( 6.368749999999999500, -0.4788582131113751100, -0.8294067547305472600 ) ) ;
#1644 = CARTESIAN_POINT ( 'NONE',  ( 5.971727692845872700, -1.511542704210577600, -1.881931238497228000 ) ) ;
#1645 = CARTESIAN_POINT ( 'NONE',  ( 6.181249999999999500, 8.838126989374223500E-017, -1.443375672974064300 ) ) ;
#1646 = VERTEX_POINT ( 'NONE', #2015 ) ;
#1647 = B_SPLINE_CURVE_WITH_KNOTS ( 'NONE', 3,
 ( #229, #3110, #1592, #2694, #1256, #580, #1273, #4169, #944, #3419, #3820, #4200, #545, #3834, #898, #3802 ),
 .UNSPECIFIED., .F., .F.,
 ( 4, 2, 2, 2, 2, 2, 2, 4 ),
 ( 0.001068321991377614200, 0.001515383780994581000, 0.001962445570611547800, 0.002856569149845481300, 0.003303630939462448500, 0.003750692729079415700, 0.004197754518696382400, 0.004644816308313349200 ),
 .UNSPECIFIED. ) ;
#1648 = CARTESIAN_POINT ( 'NONE',  ( 6.840040000000001900, -0.2069944435875912500, -0.9350797042930305600 ) ) ;
#1649 = CARTESIAN_POINT ( 'NONE',  ( -9.181249999999998600, 0.9577164262227498800, 0.5529378364870308800 ) ) ;
#1650 = CARTESIAN_POINT ( 'NONE',  ( -6.818750000000000500, -0.4788582131113747800, 0.8294067547305465900 ) ) ;
#1651 = CARTESIAN_POINT ( 'NONE',  ( -5.487500000000001600, 1.249999999999999600, -0.7216878364870328300 ) ) ;
#1652 = CC_DESIGN_APPROVAL ( #1714, ( #2192 ) ) ;
#1653 = CARTESIAN_POINT ( 'NONE',  ( -7.456249999999999800, 0.9577164262227496600, -0.5529378364870315400 ) ) ;
#1654 = ORIENTED_EDGE ( 'NONE', *, *, #4375, .F. ) ;
#1655 = CARTESIAN_POINT ( 'NONE',  ( 6.556249999999999500, 0.9577164262227503300, 0.5529378364870319900 ) ) ;
#1656 = CARTESIAN_POINT ( 'NONE',  ( -9.860167181272952800, 0.8761464452660389100, -2.250000000000000900 ) ) ;
#1657 = CARTESIAN_POINT ( 'NONE',  ( -9.199999999999999300, 0.4788582131113751100, 0.8294067547305464800 ) ) ;
#1658 = ORIENTED_EDGE ( 'NONE', *, *, #3781, .T. ) ;
#1659 = CARTESIAN_POINT ( 'NONE',  ( 7.831249999999999800, 0.9577164262227506600, -0.5529378364870313200 ) ) ;
#1660 = CARTESIAN_POINT ( 'NONE',  ( 7.362500000000000700, 3.921899803419055800E-015, 1.250000000000000000 ) ) ;
#1661 =( BOUNDED_CURVE ( )  B_SPLINE_CURVE ( 2, ( #1634, #568, #536, #3763, #2732, #1970, #4159, #3407, #888 ),
 .UNSPECIFIED., .F., .F. ) 
 B_SPLINE_CURVE_WITH_KNOTS ( ( 3, 2, 2, 2, 3 ),
 ( 0.5681818181818182300, 0.5757575757575758000, 0.5909090909090909400, 0.6060606060606060800, 0.6136363636363636500 ),
 .UNSPECIFIED. ) 
 CURVE ( )  GEOMETRIC_REPRESENTATION_ITEM ( )  RATIONAL_B_SPLINE_CURVE ( ( 0.9330127018922194100, 0.9330127018922198500, 1.000000000000000000, 0.8660254037844387100, 1.000000000000000000, 0.8660254037844387100, 1.000000000000000000, 0.9330127018922194100, 0.9330127018922194100 ) ) 
 REPRESENTATION_ITEM ( '' )  );
#1662 = CARTESIAN_POINT ( 'NONE',  ( 9.368749999999998600, 0.6250000000000001100, -1.082531754730548400 ) ) ;
#1663 = ORIENTED_EDGE ( 'NONE', *, *, #3119, .T. ) ;
#1664 = ORIENTED_EDGE ( 'NONE', *, *, #1185, .T. ) ;
#1665 = CARTESIAN_POINT ( 'NONE',  ( 8.243749999999998600, 0.4788582131113754400, -0.8294067547305471500 ) ) ;
#1666 = ORIENTED_EDGE ( 'NONE', *, *, #2005, .T. ) ;
#1667 = CARTESIAN_POINT ( 'NONE',  ( -9.106250000000001100, 6.771535515813051300E-017, 1.105875672974062000 ) ) ;
#1668 = CARTESIAN_POINT ( 'NONE',  ( -7.456249999999999800, 0.9577164262227496600, -0.5529378364870315400 ) ) ;
#1669 = EDGE_CURVE ( 'NONE', #3109, #1210, #353, .T. ) ;
#1670 = CARTESIAN_POINT ( 'NONE',  ( 9.350000000000001400, 0.4788582131113746100, 0.8294067547305475900 ) ) ;
#1671 = CARTESIAN_POINT ( 'NONE',  ( -6.856249999999998400, 6.771535515813051300E-017, 1.105875672974062000 ) ) ;
#1672 = CARTESIAN_POINT ( 'NONE',  ( -7.306250000000000400, -4.938688641342514700E-016, -1.249999999999999800 ) ) ;
#1673 = CARTESIAN_POINT ( 'NONE',  ( 6.049999999999999800, -1.948557158514987200, 1.124999999999998900 ) ) ;
#1674 = DIRECTION ( 'NONE',  ( 0.0000000000000000000, 0.0000000000000000000, 1.000000000000000000 ) ) ;
#1675 = CARTESIAN_POINT ( 'NONE',  ( -10.02499999999999900, -0.4788582131113747800, 0.8294067547305465900 ) ) ;
#1676 = AXIS2_PLACEMENT_3D ( 'NONE', #4308, #2133, #732 ) ;
#1677 = CARTESIAN_POINT ( 'NONE',  ( 8.300000000000000700, 0.4788582131113754400, -0.8294067547305471500 ) ) ;
#1678 = ORIENTED_EDGE ( 'NONE', *, *, #112, .F. ) ;
#1679 = CARTESIAN_POINT ( 'NONE',  ( 6.049999999999999800, -1.948557158514986600, -1.125000000000000000 ) ) ;
#1680 = CARTESIAN_POINT ( 'NONE',  ( 6.049999999999999800, 0.0000000000000000000, 0.0000000000000000000 ) ) ;
#1681 = ORIENTED_EDGE ( 'NONE', *, *, #1251, .T. ) ;
#1682 = B_SPLINE_CURVE_WITH_KNOTS ( 'NONE', 3,
 ( #1533, #3012, #1208, #2659, #4427, #4441 ),
 .UNSPECIFIED., .F., .F.,
 ( 4, 2, 4 ),
 ( 0.001314652396222797500, 0.001969405109320637200, 0.002624157822418477300 ),
 .UNSPECIFIED. ) ;
#1683 = CARTESIAN_POINT ( 'NONE',  ( 7.493749999999999500, 0.4788582131113746100, 0.8294067547305475900 ) ) ;
#1684 = CARTESIAN_POINT ( 'NONE',  ( -9.856249999999999300, -0.9577164262227502200, -0.5529378364870306500 ) ) ;
#1685 = CARTESIAN_POINT ( 'NONE',  ( 9.783099131312383200, 1.070574895075088000, -0.1961711860374388500 ) ) ;
#1686 = ORIENTED_EDGE ( 'NONE', *, *, #2427, .F. ) ;
#1687 = CARTESIAN_POINT ( 'NONE',  ( -8.243749999999998600, 0.4788582131113751100, 0.8294067547305464800 ) ) ;
#1688 = DIRECTION ( 'NONE',  ( -1.000000000000000000, -0.0000000000000000000, -0.0000000000000000000 ) ) ;
#1689 = CARTESIAN_POINT ( 'NONE',  ( -9.950000000000001100, 0.0000000000000000000, -2.250000000000000000 ) ) ;
#1690 = CARTESIAN_POINT ( 'NONE',  ( -8.075000000000001100, -0.4788582131113754400, -0.8294067547305463700 ) ) ;
#1691 = ORGANIZATION ( 'UNSPECIFIED', 'UNSPECIFIED', '' ) ;
#1692 = CARTESIAN_POINT ( 'NONE',  ( 9.162499999999999600, 6.771535515813057500E-017, -1.105875672974062900 ) ) ;
#1693 = CARTESIAN_POINT ( 'NONE',  ( -5.357596189432336500, 0.3349364905389011800, 1.250000000000000900 ) ) ;
#1694 = CARTESIAN_POINT ( 'NONE',  ( -9.612500000000000700, 8.715332896486791300E-017, -1.249999999999999600 ) ) ;
#1695 = LINE ( 'NONE', #3230, #2254 ) ;
#1696 = CARTESIAN_POINT ( 'NONE',  ( -7.943750000000001400, -0.6249999999999995600, 1.082531754730548400 ) ) ;
#1697 =( BOUNDED_CURVE ( )  B_SPLINE_CURVE ( 2, ( #4089, #1894, #483, #1218, #521, #2026, #873, #189, #1440 ),
 .UNSPECIFIED., .F., .F. ) 
 B_SPLINE_CURVE_WITH_KNOTS ( ( 3, 2, 2, 2, 3 ),
 ( 0.7954545454545454100, 0.8030303030303029800, 0.8181818181818182300, 0.8333333333333333700, 0.8409090909090909400 ),
 .UNSPECIFIED. ) 
 CURVE ( )  GEOMETRIC_REPRESENTATION_ITEM ( )  RATIONAL_B_SPLINE_CURVE ( ( 0.9330127018922194100, 0.9330127018922194100, 1.000000000000000000, 0.8660254037844387100, 1.000000000000000000, 0.8660254037844387100, 1.000000000000000000, 0.9330127018922194100, 0.9330127018922194100 ) ) 
 REPRESENTATION_ITEM ( '' )  );
#1698 = EDGE_CURVE ( 'NONE', #1275, #2977, #2985, .T. ) ;
#1699 = CARTESIAN_POINT ( 'NONE',  ( 8.093750000000000000, -0.9577164262227506600, -1.172864355864533800E-016 ) ) ;
#1700 = VECTOR ( 'NONE', #240, 1000.000000000000000 ) ;
#1701 = CARTESIAN_POINT ( 'NONE',  ( -9.556249999999998600, 6.771535515813051300E-017, 1.105875672974062000 ) ) ;
#1702 = CARTESIAN_POINT ( 'NONE',  ( -8.318749999999999600, 0.9577164262227499900, 0.0000000000000000000 ) ) ;
#1703 = EDGE_CURVE ( 'NONE', #4678, #775, #4541, .T. ) ;
#1704 = FACE_OUTER_BOUND ( 'NONE', #759, .T. ) ;
#1705 = CARTESIAN_POINT ( 'NONE',  ( -6.237500000000000700, 1.743066579297358300E-016, 1.249999999999999600 ) ) ;
#1706 = CARTESIAN_POINT ( 'NONE',  ( -5.937500000000000000, -0.9577164262227497700, 0.5529378364870313200 ) ) ;
#1707 = CARTESIAN_POINT ( 'NONE',  ( 9.125000000000000000, -0.4788582131113751100, -0.8294067547305472600 ) ) ;
#1708 = FACE_OUTER_BOUND ( 'NONE', #2760, .T. ) ;
#1709 = CARTESIAN_POINT ( 'NONE',  ( -8.226346189432336000, -0.3349364905389037300, -1.249999999999999600 ) ) ;
#1710 = CARTESIAN_POINT ( 'NONE',  ( 6.856439681959725100, -0.7797779700409373000, -0.5905010601226765600 ) ) ;
#1711 = CARTESIAN_POINT ( 'NONE',  ( 7.193749999999999600, -0.9577164262227506600, -1.172864355864533800E-016 ) ) ;
#1712 = CARTESIAN_POINT ( 'NONE',  ( -9.031249999999998200, -0.9577164262227497700, 0.5529378364870313200 ) ) ;
#1713 = CARTESIAN_POINT ( 'NONE',  ( -9.331250000000000700, -9.877377282685031300E-016, 1.249999999999999800 ) ) ;
#1714 = APPROVAL ( #2518, 'UNSPECIFIED' ) ;
#1715 = ORIENTED_EDGE ( 'NONE', *, *, #1481, .F. ) ;
#1716 = CARTESIAN_POINT ( 'NONE',  ( -5.543750000000001100, -0.6250000000000004400, -1.082531754730548000 ) ) ;
#1717 = CARTESIAN_POINT ( 'NONE',  ( 6.050000000000000700, 2.169875997175800400, -0.7416645267673326300 ) ) ;
#1718 = CARTESIAN_POINT ( 'NONE',  ( -7.062500000000000000, 0.9577164262227496600, -0.5529378364870315400 ) ) ;
#1719 =( BOUNDED_CURVE ( )  B_SPLINE_CURVE ( 2, ( #2315, #1977, #4594, #3535, #636, #2757, #2043, #606, #272 ),
 .UNSPECIFIED., .F., .F. ) 
 B_SPLINE_CURVE_WITH_KNOTS ( ( 3, 2, 2, 2, 3 ),
 ( 0.2250000000000000100, 0.2333333333333333400, 0.2500000000000000000, 0.2666666666666666600, 0.2750000000000000200 ),
 .UNSPECIFIED. ) 
 CURVE ( )  GEOMETRIC_REPRESENTATION_ITEM ( )  RATIONAL_B_SPLINE_CURVE ( ( 0.9330127018922194100, 0.9330127018922194100, 1.000000000000000000, 0.8660254037844387100, 1.000000000000000000, 0.8660254037844387100, 1.000000000000000000, 0.9330127018922191900, 0.9330127018922194100 ) ) 
 REPRESENTATION_ITEM ( '' )  );
#1720 = CARTESIAN_POINT ( 'NONE',  ( 5.843750000000000000, -0.9577164262227506600, -1.172864355864533800E-016 ) ) ;
#1721 = ORIENTED_EDGE ( 'NONE', *, *, #4366, .F. ) ;
#1722 = ORIENTED_EDGE ( 'NONE', *, *, #4643, .T. ) ;
#1723 = CARTESIAN_POINT ( 'NONE',  ( -8.206250000000002500, -4.938688641342514700E-016, -1.249999999999999800 ) ) ;
#1724 = CARTESIAN_POINT ( 'NONE',  ( 6.049999999999999800, 0.0000000000000000000, -1.250000000000000000 ) ) ;
#1725 = CARTESIAN_POINT ( 'NONE',  ( 9.904783573777253400, -0.9656457507091631400, -0.02996980312990643300 ) ) ;
#1726 = CARTESIAN_POINT ( 'NONE',  ( -9.537499999999999600, -0.9577164262227497700, 0.5529378364870313200 ) ) ;
#1727 = CARTESIAN_POINT ( 'NONE',  ( -5.318749999999999600, -0.4788582131113754400, -0.8294067547305463700 ) ) ;
#1728 = EDGE_CURVE ( 'NONE', #1045, #4664, #278, .T. ) ;
#1729 = CARTESIAN_POINT ( 'NONE',  ( 9.912499999999999600, -0.9577164262227507700, 0.5529378364870311000 ) ) ;
#1730 = ADVANCED_FACE ( 'NONE', ( #1410 ), #4485, .T. ) ;
#1731 = VERTEX_POINT ( 'NONE', #1723 ) ;
#1732 = CARTESIAN_POINT ( 'NONE',  ( -5.150000000000001200, 0.0000000000000000000, 0.0000000000000000000 ) ) ;
#1733 = CARTESIAN_POINT ( 'NONE',  ( -6.424999999999999800, -0.4788582131113747800, 0.8294067547305465900 ) ) ;
#1734 = AXIS2_PLACEMENT_3D ( 'NONE', #3882, #304, #2025 ) ;
#1735 = CARTESIAN_POINT ( 'NONE',  ( 9.650000000000000400, 0.4788582131113754400, -0.8294067547305471500 ) ) ;
#1736 = CARTESIAN_POINT ( 'NONE',  ( 9.331249999999998900, -2.031460654743916600E-016, 1.105875672974062900 ) ) ;
#1737 = ORIENTED_EDGE ( 'NONE', *, *, #3651, .T. ) ;
#1738 = DIRECTION ( 'NONE',  ( 0.0000000000000000000, 0.0000000000000000000, -1.000000000000000000 ) ) ;
#1739 = CARTESIAN_POINT ( 'NONE',  ( -8.017403810567666200, -0.3349364905389030600, 1.249999999999999800 ) ) ;
#1740 = CARTESIAN_POINT ( 'NONE',  ( 7.306249999999998600, 3.921899803419055800E-015, 1.250000000000000000 ) ) ;
#1741 = CARTESIAN_POINT ( 'NONE',  ( 6.612500000000000700, 0.9577164262227503300, 0.5529378364870319900 ) ) ;
#1742 = VECTOR ( 'NONE', #296, 1000.000000000000000 ) ;
#1743 = CARTESIAN_POINT ( 'NONE',  ( -9.875000000000000000, 0.6250000000000000000, 1.082531754730548200 ) ) ;
#1744 = CARTESIAN_POINT ( 'NONE',  ( 8.150000000000000400, -0.9577164262227506600, -1.172864355864533800E-016 ) ) ;
#1745 = CONICAL_SURFACE ( 'NONE', #4353, 2.250000000000000000, 1.047197551196600100 ) ;
#1746 = CARTESIAN_POINT ( 'NONE',  ( 9.462500000000000400, 1.250000000000000000, -0.7216878364870320500 ) ) ;
#1747 = CARTESIAN_POINT ( 'NONE',  ( -7.250000000000000000, -0.9577164262227499900, 1.172864355864533000E-016 ) ) ;
#1748 = LINE ( 'NONE', #4476, #4539 ) ;
#1749 = CARTESIAN_POINT ( 'NONE',  ( 7.924999999999999800, 0.9577164262227506600, 0.0000000000000000000 ) ) ;
#1750 = MANIFOLD_SOLID_BREP ( 'Extrude8', #3371 ) ;
#1751 = CARTESIAN_POINT ( 'NONE',  ( 9.574999999999999300, 0.6249999999999991100, 1.082531754730548900 ) ) ;
#1752 = ADVANCED_FACE ( 'NONE', ( #1803 ), #2896, .F. ) ;
#1753 = CARTESIAN_POINT ( 'NONE',  ( 5.910229930904661100, 2.492088861051976700, 0.1835754756815220500 ) ) ;
#1754 = CARTESIAN_POINT ( 'NONE',  ( -8.225000000000001400, 0.6249999999999990000, -1.082531754730548600 ) ) ;
#1755 = FACE_OUTER_BOUND ( 'NONE', #4372, .T. ) ;
#1756 = EDGE_CURVE ( 'NONE', #3775, #34, #529, .T. ) ;
#1757 = CARTESIAN_POINT ( 'NONE',  ( 5.862500000000000700, -0.9577164262227507700, 0.5529378364870311000 ) ) ;
#1758 = CARTESIAN_POINT ( 'NONE',  ( -9.068749999999999600, 0.6249999999999990000, -1.082531754730548600 ) ) ;
#1759 = CARTESIAN_POINT ( 'NONE',  ( 6.987500000000000700, 0.9577164262227506600, -0.5529378364870313200 ) ) ;
#1760 = ORIENTED_EDGE ( 'NONE', *, *, #3448, .F. ) ;
#1761 = DIRECTION ( 'NONE',  ( -1.000000000000000000, -0.0000000000000000000, -0.0000000000000000000 ) ) ;
#1762 = CARTESIAN_POINT ( 'NONE',  ( -7.662499999999999600, -0.9577164262227502200, -0.5529378364870306500 ) ) ;
#1763 = EDGE_LOOP ( 'NONE', ( #2217, #2102, #654, #2334, #4465, #4216, #3794, #3611 ) ) ;
#1764 = CARTESIAN_POINT ( 'NONE',  ( 8.282596189432334600, -0.3349364905389037900, 1.249999999999999800 ) ) ;
#1765 = CARTESIAN_POINT ( 'NONE',  ( 10.00625000000000000, 6.771535515813057500E-017, -1.105875672974062900 ) ) ;
#1766 = CARTESIAN_POINT ( 'NONE',  ( 8.112499999999998900, 1.250000000000000000, -0.7216878364870320500 ) ) ;
#1767 = AXIS2_PLACEMENT_3D ( 'NONE', #3060, #1984, #2696 ) ;
#1768 = SECURITY_CLASSIFICATION_LEVEL ( 'unclassified' ) ;
#1769 = CARTESIAN_POINT ( 'NONE',  ( -8.187500000000000000, 1.249999999999999300, -0.7216878364870328300 ) ) ;
#1770 = ORIENTED_EDGE ( 'NONE', *, *, #1669, .T. ) ;
#1771 = CARTESIAN_POINT ( 'NONE',  ( 9.068749999999997900, -0.4788582131113751100, -0.8294067547305472600 ) ) ;
#1772 = CARTESIAN_POINT ( 'NONE',  ( -9.162499999999999600, -4.938688641342514700E-016, -1.249999999999999800 ) ) ;
#1773 = CARTESIAN_POINT ( 'NONE',  ( -8.862500000000000700, 0.9577164262227496600, -0.5529378364870315400 ) ) ;
#1774 = EDGE_LOOP ( 'NONE', ( #172, #2027, #2751, #2851, #432, #2282, #1347, #2865, #2907 ) ) ;
#1775 = CARTESIAN_POINT ( 'NONE',  ( 6.912500000000000500, 6.771535515813057500E-017, -1.105875672974062900 ) ) ;
#1776 = CARTESIAN_POINT ( 'NONE',  ( -5.993750000000000400, 0.4788582131113751100, 0.8294067547305464800 ) ) ;
#1777 = VERTEX_POINT ( 'NONE', #3555 ) ;
#1778 = CARTESIAN_POINT ( 'NONE',  ( 7.418749999999999300, -1.250000000000000000, -1.530808498934191600E-016 ) ) ;
#1779 = CARTESIAN_POINT ( 'NONE',  ( 9.574999999999999300, 0.6249999999999991100, 1.082531754730548900 ) ) ;
#1780 = CARTESIAN_POINT ( 'NONE',  ( -8.506249999999999600, 1.250000000000000000, 0.7216878364870319400 ) ) ;
#1781 = CARTESIAN_POINT ( 'NONE',  ( -9.912499999999999600, -0.9577164262227502200, -0.5529378364870306500 ) ) ;
#1782 = EDGE_CURVE ( 'NONE', #4092, #1731, #321, .T. ) ;
#1783 = CARTESIAN_POINT ( 'NONE',  ( 9.799999999999998900, -0.6249999999999996700, -1.082531754730548400 ) ) ;
#1784 = CARTESIAN_POINT ( 'NONE',  ( -9.860744989968447200, 1.511897080250296900, 1.881317441191445500 ) ) ;
#1785 = ORIENTED_EDGE ( 'NONE', *, *, #3838, .F. ) ;
#1786 = CARTESIAN_POINT ( 'NONE',  ( 7.062500000000000000, 0.9577164262227503300, 0.5529378364870319900 ) ) ;
#1787 = CARTESIAN_POINT ( 'NONE',  ( -9.275000000000000400, 0.9577164262227499900, 0.0000000000000000000 ) ) ;
#1788 = EDGE_CURVE ( 'NONE', #2937, #4013, #465, .T. ) ;
#1789 = CARTESIAN_POINT ( 'NONE',  ( 8.450000000000001100, 0.4788582131113746100, 0.8294067547305475900 ) ) ;
#1790 = ORIENTED_EDGE ( 'NONE', *, *, #3025, .T. ) ;
#1791 = CARTESIAN_POINT ( 'NONE',  ( -6.161153810567666900, -0.3349364905389030600, 1.249999999999999800 ) ) ;
#1792 = CARTESIAN_POINT ( 'NONE',  ( -9.930544698292783000, 0.4427412963961606100, 2.250000000000000900 ) ) ;
#1793 = CARTESIAN_POINT ( 'NONE',  ( -6.500000000000000900, -0.6250000000000004400, -1.082531754730548000 ) ) ;
#1794 = EDGE_LOOP ( 'NONE', ( #2386, #3557, #4350 ) ) ;
#1795 = CARTESIAN_POINT ( 'NONE',  ( -9.275000000000000400, 0.9577164262227499900, 0.0000000000000000000 ) ) ;
#1796 = CARTESIAN_POINT ( 'NONE',  ( 8.037500000000001400, 8.838126989374223500E-017, -1.443375672974064300 ) ) ;
#1797 = ADVANCED_FACE ( 'NONE', ( #3076 ), #4519, .T. ) ;
#1798 = FACE_OUTER_BOUND ( 'NONE', #2545, .T. ) ;
#1799 = CARTESIAN_POINT ( 'NONE',  ( -7.550000000000000700, 0.4788582131113742800, -0.8294067547305469200 ) ) ;
#1800 = LINE ( 'NONE', #3556, #3927 ) ;
#1801 = CARTESIAN_POINT ( 'NONE',  ( 8.675000000000000700, -0.4788582131113751100, -0.8294067547305472600 ) ) ;
#1802 = CARTESIAN_POINT ( 'NONE',  ( -7.287500000000000500, 1.249999999999999300, -0.7216878364870328300 ) ) ;
#1803 = FACE_OUTER_BOUND ( 'NONE', #3992, .T. ) ;
#1804 = CARTESIAN_POINT ( 'NONE',  ( -6.856250000000001100, -4.938688641342514700E-016, -1.249999999999999800 ) ) ;
#1805 = CARTESIAN_POINT ( 'NONE',  ( 9.950000000000001100, 0.0000000000000000000, 0.9125000000000009800 ) ) ;
#1806 = CARTESIAN_POINT ( 'NONE',  ( -6.331249999999999800, -0.9577164262227497700, 0.5529378364870313200 ) ) ;
#1807 = CARTESIAN_POINT ( 'NONE',  ( -10.13750000000000300, 0.9577164262227498800, 0.5529378364870308800 ) ) ;
#1808 = FACE_OUTER_BOUND ( 'NONE', #3509, .T. ) ;
#1809 = CARTESIAN_POINT ( 'NONE',  ( 7.512500000000001100, -1.250000000000000000, -0.7216878364870325000 ) ) ;
#1810 = APPLICATION_CONTEXT ( 'configuration controlled 3d designs of mechanical parts and assemblies' ) ;
#1811 = EDGE_CURVE ( 'NONE', #871, #1451, #3871, .T. ) ;
#1812 = CARTESIAN_POINT ( 'NONE',  ( 9.878767278149339900, -0.9869409367266068800, 0.0002147552249230008400 ) ) ;
#1813 = CARTESIAN_POINT ( 'NONE',  ( -7.100000000000000500, 0.4788582131113742800, -0.8294067547305469200 ) ) ;
#1814 = CARTESIAN_POINT ( 'NONE',  ( 10.19374999999999800, -0.6249999999999996700, -1.082531754730548400 ) ) ;
#1815 = CARTESIAN_POINT ( 'NONE',  ( -6.743749999999999500, -0.9577164262227499900, 1.172864355864533000E-016 ) ) ;
#1816 = ADVANCED_FACE ( 'NONE', ( #2657 ), #3139, .T. ) ;
#1817 = ORIENTED_EDGE ( 'NONE', *, *, #269, .F. ) ;
#1818 = CARTESIAN_POINT ( 'NONE',  ( -6.143750000000000700, -0.6249999999999995600, 1.082531754730548400 ) ) ;
#1819 = CARTESIAN_POINT ( 'NONE',  ( -9.761153810567664700, -0.3349364905389033400, 1.249999999999999600 ) ) ;
#1820 = CARTESIAN_POINT ( 'NONE',  ( -9.950000000000001100, 0.0000000000000000000, 0.0000000000000000000 ) ) ;
#1821 = CARTESIAN_POINT ( 'NONE',  ( -9.556249999999998600, -4.938688641342514700E-016, -1.249999999999999800 ) ) ;
#1822 = CARTESIAN_POINT ( 'NONE',  ( 6.031074065313645400, -0.4380882898101652900, 2.250000000000000900 ) ) ;
#1823 = EDGE_LOOP ( 'NONE', ( #1654, #1184, #39, #3201 ) ) ;
#1824 = APPROVAL_DATE_TIME ( #2218, #1714 ) ;
#1825 = CARTESIAN_POINT ( 'NONE',  ( 5.750000000000000900, -0.6249999999999996700, -1.082531754730548400 ) ) ;
#1826 = APPROVAL_STATUS ( 'not_yet_approved' ) ;
#1827 = CARTESIAN_POINT ( 'NONE',  ( -9.481250000000001100, 1.249999999999999600, -0.7216878364870328300 ) ) ;
#1828 = ORIENTED_EDGE ( 'NONE', *, *, #1365, .T. ) ;
#1829 = CARTESIAN_POINT ( 'NONE',  ( 6.049999999999999800, 0.0000000000000000000, 0.0000000000000000000 ) ) ;
#1830 = ORIENTED_EDGE ( 'NONE', *, *, #466, .T. ) ;
#1831 = CARTESIAN_POINT ( 'NONE',  ( -7.587500000000000400, -2.031460654743915200E-016, -1.105875672974062000 ) ) ;
#1832 = CARTESIAN_POINT ( 'NONE',  ( 9.593749999999998200, -0.6250000000000005600, 1.082531754730548200 ) ) ;
#1833 = CARTESIAN_POINT ( 'NONE',  ( -6.931250000000000400, 0.9577164262227498800, 0.5529378364870308800 ) ) ;
#1834 = CARTESIAN_POINT ( 'NONE',  ( -7.250000000000000900, 1.249999999999999800, 0.0000000000000000000 ) ) ;
#1835 = CARTESIAN_POINT ( 'NONE',  ( 6.840039999999998300, -0.3320098115452704300, -0.9074056071957509200 ) ) ;
#1836 = CARTESIAN_POINT ( 'NONE',  ( -8.431250000000000400, 1.743066579297358300E-016, 1.249999999999999600 ) ) ;
#1837 = ORIENTED_EDGE ( 'NONE', *, *, #3845, .F. ) ;
#1838 = DIRECTION ( 'NONE',  ( -1.000000000000000000, -0.0000000000000000000, -0.0000000000000000000 ) ) ;
#1839 = CARTESIAN_POINT ( 'NONE',  ( -6.837499999999999500, -0.9577164262227497700, 0.5529378364870313200 ) ) ;
#1840 = EDGE_CURVE ( 'NONE', #1271, #4406, #249, .T. ) ;
#1841 = ORIENTED_EDGE ( 'NONE', *, *, #1445, .T. ) ;
#1842 = CARTESIAN_POINT ( 'NONE',  ( 6.800000000000000700, 1.250000000000000000, 0.0000000000000000000 ) ) ;
#1843 = ORIENTED_EDGE ( 'NONE', *, *, #603, .T. ) ;
#1844 = CARTESIAN_POINT ( 'NONE',  ( -9.930756665990566400, 1.728209346468570400, 1.506653605801032700 ) ) ;
#1845 = CARTESIAN_POINT ( 'NONE',  ( 6.858770018230708300, -0.6861078149480064300, -0.7097511413207254800 ) ) ;
#1846 = CARTESIAN_POINT ( 'NONE',  ( -6.518749999999999800, -1.249999999999999800, 1.530808498934191300E-016 ) ) ;
#1847 = CARTESIAN_POINT ( 'NONE',  ( -6.050000000000000700, 0.4788582131113751100, 0.8294067547305464800 ) ) ;
#1848 = ORIENTED_EDGE ( 'NONE', *, *, #3810, .F. ) ;
#1849 = CARTESIAN_POINT ( 'NONE',  ( 9.331249999999998900, 8.838126989374223500E-017, -1.443375672974064300 ) ) ;
#1850 = CARTESIAN_POINT ( 'NONE',  ( -5.993750000000000400, 0.4788582131113751100, 0.8294067547305464800 ) ) ;
#1851 = CARTESIAN_POINT ( 'NONE',  ( -9.162499999999999600, -4.938688641342514700E-016, -1.249999999999999800 ) ) ;
#1852 = CARTESIAN_POINT ( 'NONE',  ( -9.706249999999998900, -1.249999999999999600, 0.7216878364870325000 ) ) ;
#1853 = CARTESIAN_POINT ( 'NONE',  ( 7.925000000000001600, -1.250000000000000000, -1.530808498934191600E-016 ) ) ;
#1854 = CARTESIAN_POINT ( 'NONE',  ( 9.876866423836768000, -0.3064558150286544300, 0.9492383797375177900 ) ) ;
#1855 = AXIS2_PLACEMENT_3D ( 'NONE', #1594, #2320, #194 ) ;
#1856 = FACE_OUTER_BOUND ( 'NONE', #1343, .T. ) ;
#1857 = CARTESIAN_POINT ( 'NONE',  ( -7.325000000000000200, -0.4788582131113747800, 0.8294067547305465900 ) ) ;
#1858 = ORIENTED_EDGE ( 'NONE', *, *, #2177, .T. ) ;
#1859 = CARTESIAN_POINT ( 'NONE',  ( 5.825000000000001100, 0.6250000000000001100, -1.082531754730548400 ) ) ;
#1860 = CARTESIAN_POINT ( 'NONE',  ( -9.950000000000001100, -1.948557158514987200, 1.124999999999998900 ) ) ;
#1861 = CARTESIAN_POINT ( 'NONE',  ( -9.181250000000000400, -1.250000000000000000, -0.7216878364870315000 ) ) ;
#1862 = CALENDAR_DATE ( 2021, 9, 7 ) ;
#1863 = DIRECTION ( 'NONE',  ( 0.0000000000000000000, 0.0000000000000000000, 1.000000000000000000 ) ) ;
#1864 = CARTESIAN_POINT ( 'NONE',  ( -6.762500000000001100, -0.9577164262227502200, -0.5529378364870306500 ) ) ;
#1865 = CARTESIAN_POINT ( 'NONE',  ( 9.143749999999998900, -0.6250000000000005600, 1.082531754730548200 ) ) ;
#1866 = LINE ( 'NONE', #1556, #1130 ) ;
#1867 = ADVANCED_FACE ( 'NONE', ( #4198 ), #3245, .F. ) ;
#1868 = CARTESIAN_POINT ( 'NONE',  ( -9.781250000000000000, -4.067155351693835700E-016, 1.249999999999999600 ) ) ;
#1869 = VERTEX_POINT ( 'NONE', #1672 ) ;
#1870 = CARTESIAN_POINT ( 'NONE',  ( 5.849038105676658700, -2.598076211353316500, -2.766540139518408500E-015 ) ) ;
#1871 = CARTESIAN_POINT ( 'NONE',  ( 8.712500000000000400, 1.714015469642402100E-015, 1.250000000000000000 ) ) ;
#1872 = CARTESIAN_POINT ( 'NONE',  ( -8.112499999999998900, 1.250000000000000000, 0.7216878364870319400 ) ) ;
#1873 = CARTESIAN_POINT ( 'NONE',  ( -6.950000000000000200, 0.4788582131113751100, 0.8294067547305464800 ) ) ;
#1874 = CARTESIAN_POINT ( 'NONE',  ( 5.787500000000000500, 8.838126989374223500E-017, -1.443375672974064300 ) ) ;
#1875 = ORIENTED_EDGE ( 'NONE', *, *, #3254, .F. ) ;
#1876 = AXIS2_PLACEMENT_3D ( 'NONE', #4245, #2071, #2085 ) ;
#1877 = CARTESIAN_POINT ( 'NONE',  ( -6.406250000000000000, -4.938688641342514700E-016, -1.249999999999999800 ) ) ;
#1878 = CARTESIAN_POINT ( 'NONE',  ( 8.637500000000001100, 1.249999999999999600, 0.7216878364870329400 ) ) ;
#1879 = ORIENTED_EDGE ( 'NONE', *, *, #1756, .T. ) ;
#1880 = CARTESIAN_POINT ( 'NONE',  ( 9.668749999999999300, -1.250000000000000000, -1.530808498934191600E-016 ) ) ;
#1881 = CARTESIAN_POINT ( 'NONE',  ( 9.275000000000000400, 0.9577164262227506600, 0.0000000000000000000 ) ) ;
#1882 = CARTESIAN_POINT ( 'NONE',  ( -5.150000000000001200, 0.0000000000000000000, 1.250000000000000000 ) ) ;
#1883 = EDGE_LOOP ( 'NONE', ( #546, #1992, #3772, #1012 ) ) ;
#1884 = CARTESIAN_POINT ( 'NONE',  ( 6.840039999999999200, -0.7449740885300033500, -0.6153284150366424800 ) ) ;
#1885 = DIRECTION ( 'NONE',  ( 1.000000000000000000, 0.0000000000000000000, 0.0000000000000000000 ) ) ;
#1886 = CARTESIAN_POINT ( 'NONE',  ( -5.582596189432335300, -0.3349364905389037300, -1.249999999999999600 ) ) ;
#1887 = EDGE_LOOP ( 'NONE', ( #1381, #939, #4386, #371, #320, #633 ) ) ;
#1888 = CARTESIAN_POINT ( 'NONE',  ( -7.662500000000000500, 1.250000000000000000, 0.7216878364870319400 ) ) ;
#1889 = CARTESIAN_POINT ( 'NONE',  ( -8.112499999999998900, -0.9577164262227502200, -0.5529378364870306500 ) ) ;
#1890 = ORIENTED_EDGE ( 'NONE', *, *, #9, .T. ) ;
#1891 = CARTESIAN_POINT ( 'NONE',  ( 5.675000000000001600, -1.250000000000000000, -1.530808498934191600E-016 ) ) ;
#1892 = ADVANCED_FACE ( 'NONE', ( #1080 ), #744, .T. ) ;
#1893 = CC_DESIGN_DATE_AND_TIME_ASSIGNMENT ( #1485, #45, ( #1468 ) ) ;
#1894 = CARTESIAN_POINT ( 'NONE',  ( -6.386153810567666500, 0.3349364905389027300, -1.250000000000000000 ) ) ;
#1895 = CARTESIAN_POINT ( 'NONE',  ( -9.950000000000001100, 0.0000000000000000000, 0.0000000000000000000 ) ) ;
#1896 = CARTESIAN_POINT ( 'NONE',  ( -8.468750000000000000, 0.6250000000000000000, 1.082531754730548200 ) ) ;
#1897 =( BOUNDED_SURFACE ( )  B_SPLINE_SURFACE ( 1, 2, ( 
 ( #758, #1807, #1061, #3607, #1413, #3267, #3620, #1781, #1427, #2870, #2503, #2515, #4323, #3649, #3978, #2148, #2899, #4351, #2911, #2160, #746, #1087, #43, #2171, #1795, #4681, #8, #370, #27, #356, #384, #1100, #718, #2547, #3360, #1538, #4448, #1493, #1476, #1507, #4433, #2613, #4070, #2250, #2201, #464, #58, #3324, #821, #107, #4036, #3731, #4087, #1909, #2233, #1889, #480, #1183, #1144, #839, #2563, #72, #2965, #1129, #4021, #1524, #4052, #2596, #416, #2266, #3020, #431, #126, #2946, #774, #3666, #1857, #4398, #790, #3696, #2579, #1114, #3308, #2631, #2216, #3680, #1873, #3713, #3003, #1839, #4385, #4416, #88, #446, #2984, #802, #3342, #1163, #140, #3766, #3397, #4515, #2705, #892, #4100, #2649, #1215, #2312, #3411, #4130, #906, #3378, #1232, #4162, #500, #1926, #538, #1266, #3779, #4484, #4467, #3447, #1621, #3086, #870, #1201, #3103, #202, #3796 ),
 ( #1587, #1569, #3050, #3752, #2294, #170, #573, #3812, #1957, #2281, #2687, #3429, #557, #4501, #1991, #3069, #4532, #4145, #1249, #4114, #1604, #1974, #2330, #1941, #186, #2347, #2723, #1553, #3035, #855, #155, #2668, #519, #1284, #1315, #4226, #2409, #3875, #2056, #2007, #267, #4547, #3134, #634, #4592, #1301, #3531, #3890, #1702, #2039, #1687, #282, #3163, #953, #649, #2361, #4562, #2755, #938, #3827, #1328, #3861, #2396, #223, #981, #2802, #238, #1341, #2736, #588, #3466, #1653, #3844, #600, #3500, #2380, #924, #3118, #4242, #4193, #3481, #2023, #3515, #2788, #2424, #2069, #1637, #1671, #4177, #4209, #4579, #253, #2771, #620, #3147, #967, #4606, #2544, #743, #3964, #2500, #1073, #2166, #3263, #3988, #754, #3237, #1085, #4017, #352, #1776, #380, #1110, #3632, #4332, #4318, #3288, #1472, #2925, #727, #1056, #2941, #54, #3645, #2881, #716, #3616, #2908, #1439 ) ),
 .UNSPECIFIED., .F., .F., .F. ) 
 B_SPLINE_SURFACE_WITH_KNOTS ( ( 2, 2 ),
 ( 3, 2, 2, 2, 2, 2, 2, 2, 2, 2, 2, 2, 2, 2, 2, 2, 2, 2, 2, 2, 2, 2, 2, 2, 2, 2, 2, 2, 2, 2, 2, 2, 2, 2, 2, 2, 2, 2, 2, 2, 2, 2, 2, 2, 2, 2, 2, 2, 2, 2, 2, 2, 2, 2, 2, 2, 2, 2, 2, 2, 2, 2, 2, 2, 3 ),
 ( 0.0000000000000000000, 1.000000000000000000 ),
 ( 0.0000000000000000000, 0.01515151515151515200, 0.03030303030303030400, 0.04545454545454545600, 0.06060606060606060800, 0.07575757575757576000, 0.09090909090909091200, 0.1060606060606060600, 0.1212121212121212200, 0.1363636363636363500, 0.1515151515151515200, 0.1666666666666666600, 0.1818181818181818200, 0.1969696969696969600, 0.2121212121212121300, 0.2272727272727272700, 0.2424242424242424300, 0.2575757575757575700, 0.2727272727272727100, 0.2878787878787879000, 0.3030303030303030400, 0.3181818181818181800, 0.3333333333333333100, 0.3484848484848485100, 0.3636363636363636500, 0.3787878787878787800, 0.3939393939393939200, 0.4090909090909091200, 0.4242424242424242500, 0.4393939393939393900, 0.4545454545454545300, 0.4696969696969697200, 0.4848484848484848600, 0.5000000000000000000, 0.5151515151515151400, 0.5303030303030302800, 0.5454545454545454100, 0.5606060606060605500, 0.5757575757575758000, 0.5909090909090909400, 0.6060606060606060800, 0.6212121212121212200, 0.6363636363636363500, 0.6515151515151514900, 0.6666666666666666300, 0.6818181818181817700, 0.6969696969696970200, 0.7121212121212121500, 0.7272727272727272900, 0.7424242424242424300, 0.7575757575757575700, 0.7727272727272727100, 0.7878787878787878500, 0.8030303030303029800, 0.8181818181818182300, 0.8333333333333333700, 0.8484848484848485100, 0.8636363636363636500, 0.8787878787878787800, 0.8939393939393939200, 0.9090909090909090600, 0.9242424242424242000, 0.9393939393939394500, 0.9545454545454545900, 0.9696969696969697200 ),
 .UNSPECIFIED. ) 
 GEOMETRIC_REPRESENTATION_ITEM ( )  RATIONAL_B_SPLINE_SURFACE ( (
 ( 1.000000000000000000, 0.8660254037844387100, 1.000000000000000000, 0.8660254037844387100, 1.000000000000000000, 0.8660254037844387100, 1.000000000000000000, 0.8660254037844387100, 1.000000000000000000, 0.8660254037844387100, 1.000000000000000000, 0.8660254037844387100, 1.000000000000000000, 0.8660254037844387100, 1.000000000000000000, 0.8660254037844387100, 1.000000000000000000, 0.8660254037844387100, 1.000000000000000000, 0.8660254037844387100, 1.000000000000000000, 0.8660254037844387100, 1.000000000000000000, 0.8660254037844387100, 1.000000000000000000, 0.8660254037844387100, 1.000000000000000000, 0.8660254037844387100, 1.000000000000000000, 0.8660254037844387100, 1.000000000000000000, 0.8660254037844387100, 1.000000000000000000, 0.8660254037844387100, 1.000000000000000000, 0.8660254037844387100, 1.000000000000000000, 0.8660254037844387100, 1.000000000000000000, 0.8660254037844387100, 1.000000000000000000, 0.8660254037844387100, 1.000000000000000000, 0.8660254037844387100, 1.000000000000000000, 0.8660254037844387100, 1.000000000000000000, 0.8660254037844387100, 1.000000000000000000, 0.8660254037844387100, 1.000000000000000000, 0.8660254037844387100, 1.000000000000000000, 0.8660254037844387100, 1.000000000000000000, 0.8660254037844387100, 1.000000000000000000, 0.8660254037844387100, 1.000000000000000000, 0.8660254037844387100, 1.000000000000000000, 0.8660254037844387100, 1.000000000000000000, 0.8660254037844387100, 1.000000000000000000, 0.8660254037844387100, 1.000000000000000000, 0.8660254037844387100, 1.000000000000000000, 0.8660254037844387100, 1.000000000000000000, 0.8660254037844387100, 1.000000000000000000, 0.8660254037844387100, 1.000000000000000000, 0.8660254037844387100, 1.000000000000000000, 0.8660254037844387100, 1.000000000000000000, 0.8660254037844387100, 1.000000000000000000, 0.8660254037844387100, 1.000000000000000000, 0.8660254037844387100, 1.000000000000000000, 0.8660254037844387100, 1.000000000000000000, 0.8660254037844387100, 1.000000000000000000, 0.8660254037844387100, 1.000000000000000000, 0.8660254037844387100, 1.000000000000000000, 0.8660254037844387100, 1.000000000000000000, 0.8660254037844387100, 1.000000000000000000, 0.8660254037844387100, 1.000000000000000000, 0.8660254037844387100, 1.000000000000000000, 0.8660254037844387100, 1.000000000000000000, 0.8660254037844387100, 1.000000000000000000, 0.8660254037844387100, 1.000000000000000000, 0.8660254037844387100, 1.000000000000000000, 0.8660254037844387100, 1.000000000000000000, 0.8660254037844387100, 1.000000000000000000, 0.8660254037844387100, 1.000000000000000000, 0.8660254037844387100, 1.000000000000000000, 0.8660254037844387100, 1.000000000000000000, 0.8660254037844387100, 1.000000000000000000, 0.8660254037844387100, 1.000000000000000000, 0.8660254037844387100, 1.000000000000000000, 0.8660254037844387100, 1.000000000000000000, 0.8660254037844387100, 1.000000000000000000),
 ( 1.000000000000000000, 0.8660254037844387100, 1.000000000000000000, 0.8660254037844387100, 1.000000000000000000, 0.8660254037844387100, 1.000000000000000000, 0.8660254037844387100, 1.000000000000000000, 0.8660254037844387100, 1.000000000000000000, 0.8660254037844387100, 1.000000000000000000, 0.8660254037844387100, 1.000000000000000000, 0.8660254037844387100, 1.000000000000000000, 0.8660254037844387100, 1.000000000000000000, 0.8660254037844387100, 1.000000000000000000, 0.8660254037844387100, 1.000000000000000000, 0.8660254037844387100, 1.000000000000000000, 0.8660254037844387100, 1.000000000000000000, 0.8660254037844387100, 1.000000000000000000, 0.8660254037844387100, 1.000000000000000000, 0.8660254037844387100, 1.000000000000000000, 0.8660254037844387100, 1.000000000000000000, 0.8660254037844387100, 1.000000000000000000, 0.8660254037844387100, 1.000000000000000000, 0.8660254037844387100, 1.000000000000000000, 0.8660254037844387100, 1.000000000000000000, 0.8660254037844387100, 1.000000000000000000, 0.8660254037844387100, 1.000000000000000000, 0.8660254037844387100, 1.000000000000000000, 0.8660254037844387100, 1.000000000000000000, 0.8660254037844387100, 1.000000000000000000, 0.8660254037844387100, 1.000000000000000000, 0.8660254037844387100, 1.000000000000000000, 0.8660254037844387100, 1.000000000000000000, 0.8660254037844387100, 1.000000000000000000, 0.8660254037844387100, 1.000000000000000000, 0.8660254037844387100, 1.000000000000000000, 0.8660254037844387100, 1.000000000000000000, 0.8660254037844387100, 1.000000000000000000, 0.8660254037844387100, 1.000000000000000000, 0.8660254037844387100, 1.000000000000000000, 0.8660254037844387100, 1.000000000000000000, 0.8660254037844387100, 1.000000000000000000, 0.8660254037844387100, 1.000000000000000000, 0.8660254037844387100, 1.000000000000000000, 0.8660254037844387100, 1.000000000000000000, 0.8660254037844387100, 1.000000000000000000, 0.8660254037844387100, 1.000000000000000000, 0.8660254037844387100, 1.000000000000000000, 0.8660254037844387100, 1.000000000000000000, 0.8660254037844387100, 1.000000000000000000, 0.8660254037844387100, 1.000000000000000000, 0.8660254037844387100, 1.000000000000000000, 0.8660254037844387100, 1.000000000000000000, 0.8660254037844387100, 1.000000000000000000, 0.8660254037844387100, 1.000000000000000000, 0.8660254037844387100, 1.000000000000000000, 0.8660254037844387100, 1.000000000000000000, 0.8660254037844387100, 1.000000000000000000, 0.8660254037844387100, 1.000000000000000000, 0.8660254037844387100, 1.000000000000000000, 0.8660254037844387100, 1.000000000000000000, 0.8660254037844387100, 1.000000000000000000, 0.8660254037844387100, 1.000000000000000000, 0.8660254037844387100, 1.000000000000000000, 0.8660254037844387100, 1.000000000000000000, 0.8660254037844387100, 1.000000000000000000, 0.8660254037844387100, 1.000000000000000000, 0.8660254037844387100, 1.000000000000000000) ) ) 
 REPRESENTATION_ITEM ( '' )  SURFACE ( )  );
#1898 = CARTESIAN_POINT ( 'NONE',  ( 6.049999999999999800, -1.948557158514986600, -1.125000000000000000 ) ) ;
#1899 = CARTESIAN_POINT ( 'NONE',  ( -9.899199999992202200, 0.9545412094848148000, 0.8070632437394648100 ) ) ;
#1900 = CARTESIAN_POINT ( 'NONE',  ( 7.231249999999998400, 1.249999999999999800, 0.7216878364870329400 ) ) ;
#1901 = ORIENTED_EDGE ( 'NONE', *, *, #740, .F. ) ;
#1902 = DIRECTION ( 'NONE',  ( -1.000000000000000000, 0.0000000000000000000, 0.0000000000000000000 ) ) ;
#1903 = CARTESIAN_POINT ( 'NONE',  ( 7.662500000000000500, 1.250000000000000000, -0.7216878364870320500 ) ) ;
#1904 = CARTESIAN_POINT ( 'NONE',  ( 7.868749999999998600, -1.250000000000000000, -1.530808498934191600E-016 ) ) ;
#1905 = CARTESIAN_POINT ( 'NONE',  ( 9.869463457050406100, -0.1543425136060817800, 0.9930365429539490500 ) ) ;
#1906 = DIRECTION ( 'NONE',  ( -1.000000000000000000, -0.0000000000000000000, -0.0000000000000000000 ) ) ;
#1907 = CARTESIAN_POINT ( 'NONE',  ( -7.700000000000000200, 1.249999999999999800, 0.0000000000000000000 ) ) ;
#1908 = VERTEX_POINT ( 'NONE', #206 ) ;
#1909 = CARTESIAN_POINT ( 'NONE',  ( -8.187500000000001800, -0.9577164262227497700, 0.5529378364870313200 ) ) ;
#1910 = EDGE_CURVE ( 'NONE', #1451, #1235, #3325, .T. ) ;
#1911 = CARTESIAN_POINT ( 'NONE',  ( 8.993750000000000400, -0.9577164262227506600, -1.172864355864533800E-016 ) ) ;
#1912 = ORIENTED_EDGE ( 'NONE', *, *, #3511, .F. ) ;
#1913 = CARTESIAN_POINT ( 'NONE',  ( 6.846891302134194400, -0.06973547535385600500, -0.9645677283569451500 ) ) ;
#1914 = CARTESIAN_POINT ( 'NONE',  ( -6.068750000000001400, -1.249999999999999800, 1.530808498934191300E-016 ) ) ;
#1915 = CARTESIAN_POINT ( 'NONE',  ( -5.731250000000000200, -4.706279764102867600E-015, 1.249999999999999600 ) ) ;
#1916 = CARTESIAN_POINT ( 'NONE',  ( -5.150000000000001200, 0.0000000000000000000, 0.0000000000000000000 ) ) ;
#1917 = DIRECTION ( 'NONE',  ( 1.000000000000000000, 0.0000000000000000000, 0.0000000000000000000 ) ) ;
#1918 = CARTESIAN_POINT ( 'NONE',  ( 8.506249999999997900, 1.250000000000000000, -0.7216878364870320500 ) ) ;
#1919 = DIRECTION ( 'NONE',  ( 0.0000000000000000000, 0.0000000000000000000, 1.000000000000000000 ) ) ;
#1920 = CARTESIAN_POINT ( 'NONE',  ( 9.904783573777244500, -0.7757375938702821800, 0.5616510825354318300 ) ) ;
#1921 = VECTOR ( 'NONE', #495, 1000.000000000000000 ) ;
#1922 = DIRECTION ( 'NONE',  ( 1.000000000000000000, 0.0000000000000000000, 0.0000000000000000000 ) ) ;
#1923 = CARTESIAN_POINT ( 'NONE',  ( 8.937500000000001800, 1.743066579297358300E-016, -1.250000000000000000 ) ) ;
#1924 = CARTESIAN_POINT ( 'NONE',  ( -9.406250000000001800, -0.9577164262227502200, -0.5529378364870306500 ) ) ;
#1925 = CARTESIAN_POINT ( 'NONE',  ( -8.750000000000000000, -0.6250000000000004400, -1.082531754730548000 ) ) ;
#1926 = CARTESIAN_POINT ( 'NONE',  ( -5.862500000000000700, -0.9577164262227502200, -0.5529378364870306500 ) ) ;
#1927 = CONICAL_SURFACE ( 'NONE', #2869, 0.9551764262227507900, 0.7853981633974512800 ) ;
#1928 = CARTESIAN_POINT ( 'NONE',  ( 7.906250000000000000, 0.9577164262227503300, 0.5529378364870319900 ) ) ;
#1929 = DIRECTION ( 'NONE',  ( 0.0000000000000000000, 0.0000000000000000000, -1.000000000000000000 ) ) ;
#1930 = CARTESIAN_POINT ( 'NONE',  ( -7.043750000000001100, -0.6249999999999995600, 1.082531754730548400 ) ) ;
#1931 = CIRCLE ( 'NONE', #1676, 1.250000000000000000 ) ;
#1932 = DIRECTION ( 'NONE',  ( 0.0000000000000000000, 0.0000000000000000000, 1.000000000000000000 ) ) ;
#1933 = CARTESIAN_POINT ( 'NONE',  ( 5.961110639853296300, -0.8717004449691213600, -2.250000000000000900 ) ) ;
#1934 = CARTESIAN_POINT ( 'NONE',  ( 8.243749999999998600, -0.6250000000000005600, 1.082531754730548200 ) ) ;
#1935 = CARTESIAN_POINT ( 'NONE',  ( -6.687500000000000900, 1.743066579297358300E-016, 1.249999999999999600 ) ) ;
#1936 = CARTESIAN_POINT ( 'NONE',  ( -5.468750000000000000, -0.4788582131113747800, 0.8294067547305465900 ) ) ;
#1937 = CARTESIAN_POINT ( 'NONE',  ( -9.556249999999998600, 6.771535515813051300E-017, 1.105875672974062000 ) ) ;
#1938 = ORIENTED_EDGE ( 'NONE', *, *, #1150, .T. ) ;
#1939 = EDGE_CURVE ( 'NONE', #2864, #3707, #3547, .T. ) ;
#1940 = CARTESIAN_POINT ( 'NONE',  ( -8.375000000000000000, -1.249999999999999800, 1.530808498934191300E-016 ) ) ;
#1941 = CARTESIAN_POINT ( 'NONE',  ( -9.256249999999997900, 0.9577164262227496600, -0.5529378364870315400 ) ) ;
#1942 = CARTESIAN_POINT ( 'NONE',  ( 7.981249999999998400, -2.031460654743916600E-016, 1.105875672974062900 ) ) ;
#1943 = CARTESIAN_POINT ( 'NONE',  ( 7.551346189432333500, 0.3349364905389034500, -1.250000000000000000 ) ) ;
#1944 = CARTESIAN_POINT ( 'NONE',  ( -6.593750000000000900, -0.6249999999999995600, 1.082531754730548400 ) ) ;
#1945 = ORIENTED_EDGE ( 'NONE', *, *, #261, .T. ) ;
#1946 = PERSON_AND_ORGANIZATION ( #2017, #1691 ) ;
#1947 = EDGE_CURVE ( 'NONE', #4110, #34, #2052, .T. ) ;
#1948 = CARTESIAN_POINT ( 'NONE',  ( -5.637499999999999300, 0.9577164262227498800, 0.5529378364870308800 ) ) ;
#1949 = CARTESIAN_POINT ( 'NONE',  ( 7.718749999999999100, 0.6249999999999991100, 1.082531754730548900 ) ) ;
#1950 = CARTESIAN_POINT ( 'NONE',  ( -9.367403810567665800, -0.3349364905389033400, 1.249999999999999600 ) ) ;
#1951 = ORIENTED_EDGE ( 'NONE', *, *, #4340, .T. ) ;
#1952 = CARTESIAN_POINT ( 'NONE',  ( 7.700000000000000200, -0.9577164262227506600, -1.172864355864533800E-016 ) ) ;
#1953 = CARTESIAN_POINT ( 'NONE',  ( 9.068749999999997900, -0.4788582131113751100, -0.8294067547305472600 ) ) ;
#1954 = CARTESIAN_POINT ( 'NONE',  ( -8.507596189432336000, 0.3349364905389034000, 1.249999999999999600 ) ) ;
#1955 = CARTESIAN_POINT ( 'NONE',  ( -8.581249999999998900, -0.9577164262227497700, 0.5529378364870313200 ) ) ;
#1956 = CARTESIAN_POINT ( 'NONE',  ( -5.862500000000000700, 1.250000000000000000, 0.7216878364870319400 ) ) ;
#1957 = CARTESIAN_POINT ( 'NONE',  ( -9.818749999999999600, -0.4788582131113754400, -0.8294067547305463700 ) ) ;
#1958 = CARTESIAN_POINT ( 'NONE',  ( 7.418750000000000200, 0.9577164262227506600, 0.0000000000000000000 ) ) ;
#1959 = CC_DESIGN_DATE_AND_TIME_ASSIGNMENT ( #90, #735, ( #4487 ) ) ;
#1960 = CARTESIAN_POINT ( 'NONE',  ( -5.187500000000000900, -1.250000000000000000, -0.7216878364870316100 ) ) ;
#1961 = CARTESIAN_POINT ( 'NONE',  ( -7.868750000000000400, -1.249999999999999800, 1.530808498934191300E-016 ) ) ;
#1962 = B_SPLINE_CURVE_WITH_KNOTS ( 'NONE', 3,
 ( #98, #2604, #2639, #1933, #1173, #2994 ),
 .UNSPECIFIED., .F., .F.,
 ( 4, 2, 4 ),
 ( 0.01052012348866606700, 0.01117711374436856600, 0.01183410400007106600 ),
 .UNSPECIFIED. ) ;
#1963 = CARTESIAN_POINT ( 'NONE',  ( 6.968749999999999100, 0.9577164262227506600, 0.0000000000000000000 ) ) ;
#1964 = ORIENTED_EDGE ( 'NONE', *, *, #2459, .T. ) ;
#1965 = CARTESIAN_POINT ( 'NONE',  ( 7.118749999999999500, 0.6250000000000001100, -1.082531754730548400 ) ) ;
#1966 = CARTESIAN_POINT ( 'NONE',  ( 7.287500000000000500, -0.9577164262227504400, -0.5529378364870317600 ) ) ;
#1967 = VERTEX_POINT ( 'NONE', #1821 ) ;
#1968 = CARTESIAN_POINT ( 'NONE',  ( 9.162499999999999600, -4.938688641342514700E-016, 1.250000000000000000 ) ) ;
#1969 = CARTESIAN_POINT ( 'NONE',  ( -7.736153810567667000, 0.3349364905389027300, -1.250000000000000000 ) ) ;
#1970 = CARTESIAN_POINT ( 'NONE',  ( -7.381250000000000500, -1.250000000000000000, -0.7216878364870316100 ) ) ;
#1971 = CARTESIAN_POINT ( 'NONE',  ( -8.318749999999999600, 0.9577164262227499900, 0.0000000000000000000 ) ) ;
#1972 = CARTESIAN_POINT ( 'NONE',  ( -6.275000000000001200, 0.6250000000000000000, 1.082531754730548200 ) ) ;
#1973 = FACE_OUTER_BOUND ( 'NONE', #683, .T. ) ;
#1974 = CARTESIAN_POINT ( 'NONE',  ( -9.331249999999998900, -2.031460654743915200E-016, -1.105875672974062000 ) ) ;
#1975 = EDGE_CURVE ( 'NONE', #1210, #616, #2682, .T. ) ;
#1976 = CARTESIAN_POINT ( 'NONE',  ( 7.306250000000000400, 6.771535515813057500E-017, -1.105875672974062900 ) ) ;
#1977 = CARTESIAN_POINT ( 'NONE',  ( 9.311153810567665400, -0.3349364905389031800, -1.250000000000000000 ) ) ;
#1978 = CARTESIAN_POINT ( 'NONE',  ( -7.643750000000001600, 1.249999999999999800, 0.0000000000000000000 ) ) ;
#1979 = FACE_OUTER_BOUND ( 'NONE', #882, .T. ) ;
#1980 = CARTESIAN_POINT ( 'NONE',  ( 8.431249999999998600, -2.031460654743916600E-016, 1.105875672974062900 ) ) ;
#1981 = ORIENTED_EDGE ( 'NONE', *, *, #2094, .T. ) ;
#1982 = CARTESIAN_POINT ( 'NONE',  ( -9.443750000000001400, 1.249999999999999800, 0.0000000000000000000 ) ) ;
#1983 = LINE ( 'NONE', #2049, #2591 ) ;
#1984 = DIRECTION ( 'NONE',  ( -1.000000000000000000, 0.0000000000000000000, 0.0000000000000000000 ) ) ;
#1985 = CARTESIAN_POINT ( 'NONE',  ( 8.262500000000001100, 6.771535515813057500E-017, -1.105875672974062900 ) ) ;
#1986 = CARTESIAN_POINT ( 'NONE',  ( 9.293749999999999300, 0.4788582131113746100, 0.8294067547305475900 ) ) ;
#1987 = CARTESIAN_POINT ( 'NONE',  ( 8.731249999999999300, 0.9577164262227506600, -0.5529378364870313200 ) ) ;
#1988 = CARTESIAN_POINT ( 'NONE',  ( 5.910229930904683300, -1.405025455978043500, 2.066424524318399800 ) ) ;
#1989 = CARTESIAN_POINT ( 'NONE',  ( -5.637500000000002000, -1.250000000000000000, -0.7216878364870315000 ) ) ;
#1990 = AXIS2_PLACEMENT_3D ( 'NONE', #3954, #299, #2129 ) ;
#1991 = CARTESIAN_POINT ( 'NONE',  ( -9.593750000000000000, 0.4788582131113751100, 0.8294067547305464800 ) ) ;
#1992 = ORIENTED_EDGE ( 'NONE', *, *, #3544, .F. ) ;
#1993 = CARTESIAN_POINT ( 'NONE',  ( 5.849038105676658700, -2.598076211353316500, -2.766540139518408500E-015 ) ) ;
#1994 = CARTESIAN_POINT ( 'NONE',  ( -9.218750000000001800, -1.249999999999999800, 1.530808498934191300E-016 ) ) ;
#1995 = CARTESIAN_POINT ( 'NONE',  ( -5.543750000000001100, -0.6250000000000004400, -1.082531754730548000 ) ) ;
#1996 = CARTESIAN_POINT ( 'NONE',  ( 6.593750000000000000, 0.4788582131113746100, 0.8294067547305475900 ) ) ;
#1997 = ORIENTED_EDGE ( 'NONE', *, *, #2033, .F. ) ;
#1998 = CARTESIAN_POINT ( 'NONE',  ( 9.331249999999997200, 1.743066579297358300E-016, -1.250000000000000000 ) ) ;
#1999 = DIRECTION ( 'NONE',  ( 1.000000000000000000, 0.0000000000000000000, -0.0000000000000000000 ) ) ;
#2000 = CARTESIAN_POINT ( 'NONE',  ( 8.881249999999999600, -2.031460654743916600E-016, 1.105875672974062900 ) ) ;
#2001 = VERTEX_POINT ( 'NONE', #4259 ) ;
#2002 = LOCAL_TIME ( 20, 27, 25.00000000000000000, #2973 ) ;
#2003 = CARTESIAN_POINT ( 'NONE',  ( -8.262500000000001100, 1.888322127572138500E-015, -1.249999999999999800 ) ) ;
#2004 = CARTESIAN_POINT ( 'NONE',  ( -6.668749999999999300, -0.4788582131113754400, -0.8294067547305463700 ) ) ;
#2005 = EDGE_CURVE ( 'NONE', #4330, #1908, #2536, .T. ) ;
#2006 = CARTESIAN_POINT ( 'NONE',  ( -6.800000000000000700, 1.249999999999999800, 0.0000000000000000000 ) ) ;
#2007 = CARTESIAN_POINT ( 'NONE',  ( -8.656249999999998200, 6.771535515813051300E-017, 1.105875672974062000 ) ) ;
#2008 = ORIENTED_EDGE ( 'NONE', *, *, #827, .F. ) ;
#2009 = CARTESIAN_POINT ( 'NONE',  ( 6.893749999999999800, 0.4788582131113754400, -0.8294067547305471500 ) ) ;
#2010 = ORIENTED_EDGE ( 'NONE', *, *, #2420, .F. ) ;
#2011 = CARTESIAN_POINT ( 'NONE',  ( 7.718749999999999100, 0.6249999999999991100, 1.082531754730548900 ) ) ;
#2012 = CARTESIAN_POINT ( 'NONE',  ( -10.13750000000000300, 0.9577164262227498800, 0.5529378364870308800 ) ) ;
#2013 = CARTESIAN_POINT ( 'NONE',  ( 7.756249999999999600, 6.771535515813057500E-017, -1.105875672974062900 ) ) ;
#2014 = ORIENTED_EDGE ( 'NONE', *, *, #3980, .T. ) ;
#2015 = CARTESIAN_POINT ( 'NONE',  ( 9.106249999999999300, 1.714015469642402100E-015, 1.250000000000000000 ) ) ;
#2016 = UNCERTAINTY_MEASURE_WITH_UNIT (LENGTH_MEASURE( 1.000000000000000100E-005 ), #3243, 'distance_accuracy_value', 'NONE');
#2017 = PERSON ( 'UNSPECIFIED', 'UNSPECIFIED', 'UNSPECIFIED', ('UNSPECIFIED'), ('UNSPECIFIED'), ('UNSPECIFIED') ) ;
#2018 = CARTESIAN_POINT ( 'NONE',  ( 8.281249999999998200, 0.9577164262227506600, -0.5529378364870313200 ) ) ;
#2019 = CARTESIAN_POINT ( 'NONE',  ( -8.656249999999998200, 6.771535515813051300E-017, 1.105875672974062000 ) ) ;
#2020 = CARTESIAN_POINT ( 'NONE',  ( -6.968749999999999100, 0.9577164262227499900, 0.0000000000000000000 ) ) ;
#2021 = CARTESIAN_POINT ( 'NONE',  ( -5.225000000000001400, -1.249999999999999800, 1.530808498934191300E-016 ) ) ;
#2022 = ORIENTED_EDGE ( 'NONE', *, *, #1221, .T. ) ;
#2023 = CARTESIAN_POINT ( 'NONE',  ( -7.081249999999999800, -2.031460654743915200E-016, -1.105875672974062000 ) ) ;
#2024 = CARTESIAN_POINT ( 'NONE',  ( 9.931249999999998600, -0.9577164262227504400, -0.5529378364870317600 ) ) ;
#2025 = DIRECTION ( 'NONE',  ( 0.0000000000000000000, 0.0000000000000000000, -1.000000000000000000 ) ) ;
#2026 = CARTESIAN_POINT ( 'NONE',  ( -6.256250000000000500, 1.250000000000000000, 0.7216878364870319400 ) ) ;
#2027 = ORIENTED_EDGE ( 'NONE', *, *, #2153, .F. ) ;
#2028 = CARTESIAN_POINT ( 'NONE',  ( 5.971727692845873600, 2.385571612819398000, -0.3680687615027723500 ) ) ;
#2029 = CARTESIAN_POINT ( 'NONE',  ( -9.087500000000000400, -0.9577164262227497700, 0.5529378364870313200 ) ) ;
#2030 = CARTESIAN_POINT ( 'NONE',  ( 8.375000000000000000, 0.9577164262227506600, 0.0000000000000000000 ) ) ;
#2031 = ORIENTED_EDGE ( 'NONE', *, *, #1698, .F. ) ;
#2032 = CARTESIAN_POINT ( 'NONE',  ( 8.057596189432334900, 0.3349364905389024500, -1.250000000000000200 ) ) ;
#2033 = EDGE_CURVE ( 'NONE', #616, #1577, #2473, .T. ) ;
#2034 = CARTESIAN_POINT ( 'NONE',  ( 8.431250000000000400, -2.031460654743916600E-016, 1.105875672974062900 ) ) ;
#2035 = CIRCLE ( 'NONE', #3067, 1.250000000000000000 ) ;
#2036 = CARTESIAN_POINT ( 'NONE',  ( -7.981249999999998400, -2.031460654743915200E-016, -1.105875672974062000 ) ) ;
#2037 = CARTESIAN_POINT ( 'NONE',  ( -7.606249999999999300, -0.9577164262227502200, -0.5529378364870306500 ) ) ;
#2038 = CARTESIAN_POINT ( 'NONE',  ( 10.10000000000000000, 0.4788582131113754400, -0.8294067547305471500 ) ) ;
#2039 = CARTESIAN_POINT ( 'NONE',  ( -8.281249999999998200, 0.9577164262227498800, 0.5529378364870308800 ) ) ;
#2040 = CYLINDRICAL_SURFACE ( 'NONE', #3916, 1.250000000000000000 ) ;
#2041 = EDGE_CURVE ( 'NONE', #1307, #3599, #2748, .T. ) ;
#2042 = CARTESIAN_POINT ( 'NONE',  ( 7.193749999999999600, -0.9577164262227506600, -1.172864355864533800E-016 ) ) ;
#2043 = CARTESIAN_POINT ( 'NONE',  ( 9.143749999999998900, -0.6250000000000005600, 1.082531754730548200 ) ) ;
#2044 = CARTESIAN_POINT ( 'NONE',  ( -9.387500000000001100, -2.031460654743915200E-016, -1.105875672974062000 ) ) ;
#2045 = CIRCLE ( 'NONE', #610, 1.300800000000000000 ) ;
#2046 = CARTESIAN_POINT ( 'NONE',  ( 9.087500000000000400, -0.9577164262227504400, -0.5529378364870317600 ) ) ;
#2047 = CARTESIAN_POINT ( 'NONE',  ( 7.137500000000000200, 1.743066579297358300E-016, -1.250000000000000000 ) ) ;
#2048 = CARTESIAN_POINT ( 'NONE',  ( 6.049999999999999800, 0.0000000000000000000, 0.0000000000000000000 ) ) ;
#2049 = CARTESIAN_POINT ( 'NONE',  ( -9.950000000000001100, -1.299038105676658900, -2.250000000000001300 ) ) ;
#2050 =( BOUNDED_CURVE ( )  B_SPLINE_CURVE ( 2, ( #13, #1066, #1448, #4354, #3669, #2551, #2519, #1416, #2204 ),
 .UNSPECIFIED., .F., .T. ) 
 B_SPLINE_CURVE_WITH_KNOTS ( ( 3, 2, 2, 2, 3 ),
 ( 0.5750000000000000700, 0.5833333333333333700, 0.5999999999999999800, 0.6166666666666667000, 0.6250000000000000000 ),
 .UNSPECIFIED. ) 
 CURVE ( )  GEOMETRIC_REPRESENTATION_ITEM ( )  RATIONAL_B_SPLINE_CURVE ( ( 0.9330127018922194100, 0.9330127018922198500, 1.000000000000000000, 0.8660254037844387100, 1.000000000000000000, 0.8660254037844387100, 1.000000000000000000, 0.9330127018922194100, 0.9330127018922194100 ) ) 
 REPRESENTATION_ITEM ( '' )  );
#2051 = VECTOR ( 'NONE', #4117, 1000.000000000000000 ) ;
#2052 = B_SPLINE_CURVE_WITH_KNOTS ( 'NONE', 3,
 ( #1993, #1459, #1028, #4004 ),
 .UNSPECIFIED., .F., .F.,
 ( 4, 4 ),
 ( 2.380746839932733800E-007, 0.001314652396222797500 ),
 .UNSPECIFIED. ) ;
#2053 = CARTESIAN_POINT ( 'NONE',  ( 7.531250000000000000, -2.031460654743916600E-016, 1.105875672974062900 ) ) ;
#2054 = CARTESIAN_POINT ( 'NONE',  ( -9.818749999999999600, -0.4788582131113754400, -0.8294067547305463700 ) ) ;
#2055 = CC_DESIGN_SECURITY_CLASSIFICATION ( #1468, ( #2192 ) ) ;
#2056 = CARTESIAN_POINT ( 'NONE',  ( -8.693749999999999600, 0.4788582131113751100, 0.8294067547305464800 ) ) ;
#2057 = CARTESIAN_POINT ( 'NONE',  ( 6.331250000000000700, -0.9577164262227504400, -0.5529378364870317600 ) ) ;
#2058 = CARTESIAN_POINT ( 'NONE',  ( -9.606916426222740700, 0.6291744576415432300, 0.7220528061771792600 ) ) ;
#2059 = CARTESIAN_POINT ( 'NONE',  ( -5.656250000000000900, -1.249999999999999800, 0.7216878364870323900 ) ) ;
#2060 = ORIENTED_EDGE ( 'NONE', *, *, #733, .T. ) ;
#2061 = CARTESIAN_POINT ( 'NONE',  ( 9.950000000000001100, -0.9577164262227506600, -1.172864355864533800E-016 ) ) ;
#2062 = CARTESIAN_POINT ( 'NONE',  ( -8.281250000000000000, -1.250000000000000000, -0.7216878364870316100 ) ) ;
#2063 = ORIENTED_EDGE ( 'NONE', *, *, #1947, .F. ) ;
#2064 = CARTESIAN_POINT ( 'NONE',  ( 7.306249999999999500, 6.771535515813057500E-017, -1.105875672974062900 ) ) ;
#2065 = VERTEX_POINT ( 'NONE', #1492 ) ;
#2066 = CARTESIAN_POINT ( 'NONE',  ( -8.581249999999998900, -0.9577164262227497700, 0.5529378364870313200 ) ) ;
#2067 = EDGE_CURVE ( 'NONE', #931, #4101, #2045, .T. ) ;
#2068 = CARTESIAN_POINT ( 'NONE',  ( 9.794120274736698700, 1.074241008828757500, 0.08336064525331637900 ) ) ;
#2069 = CARTESIAN_POINT ( 'NONE',  ( -6.931250000000000400, 0.9577164262227498800, 0.5529378364870308800 ) ) ;
#2070 = CARTESIAN_POINT ( 'NONE',  ( -9.950000000000001100, -1.299038105676657800, 2.250000000000000900 ) ) ;
#2071 = DIRECTION ( 'NONE',  ( 1.000000000000000000, 0.0000000000000000000, 0.0000000000000000000 ) ) ;
#2072 = CARTESIAN_POINT ( 'NONE',  ( -5.900000000000000400, -0.9577164262227499900, 1.172864355864533000E-016 ) ) ;
#2073 = AXIS2_PLACEMENT_3D ( 'NONE', #2822, #1019, #2103 ) ;
#2074 = CARTESIAN_POINT ( 'NONE',  ( 9.574999999999999300, -0.4788582131113751100, -0.8294067547305472600 ) ) ;
#2075 = ORIENTED_EDGE ( 'NONE', *, *, #3715, .T. ) ;
#2076 = DIRECTION ( 'NONE',  ( -1.000000000000000000, -0.0000000000000000000, -0.0000000000000000000 ) ) ;
#2077 = DIRECTION ( 'NONE',  ( 0.0000000000000000000, 0.0000000000000000000, -1.000000000000000000 ) ) ;
#2078 = CARTESIAN_POINT ( 'NONE',  ( 8.881249999999997900, -2.033577675846917700E-015, -1.249999999999999800 ) ) ;
#2079 = ORIENTED_EDGE ( 'NONE', *, *, #205, .F. ) ;
#2080 = CARTESIAN_POINT ( 'NONE',  ( 7.156250000000000000, -0.9577164262227508800, 0.5529378364870311000 ) ) ;
#2081 = B_SPLINE_CURVE_WITH_KNOTS ( 'NONE', 3,
 ( #4031, #1884, #1473, #2926, #1835, #2978 ),
 .UNSPECIFIED., .F., .F.,
 ( 4, 2, 4 ),
 ( 0.0000000000000000000, 0.0003834599243708859400, 0.0007669198487417718700 ),
 .UNSPECIFIED. ) ;
#2082 = CARTESIAN_POINT ( 'NONE',  ( -8.918749999999999300, -0.4788582131113754400, -0.8294067547305463700 ) ) ;
#2083 = CARTESIAN_POINT ( 'NONE',  ( 9.312500000000001800, 0.9577164262227503300, 0.5529378364870319900 ) ) ;
#2084 = EDGE_LOOP ( 'NONE', ( #3946, #4225, #342, #4327 ) ) ;
#2085 = DIRECTION ( 'NONE',  ( 0.0000000000000000000, 0.0000000000000000000, 1.000000000000000000 ) ) ;
#2086 = CARTESIAN_POINT ( 'NONE',  ( -5.543750000000001100, -0.6250000000000004400, -1.082531754730548000 ) ) ;
#2087 = CARTESIAN_POINT ( 'NONE',  ( -6.387500000000001100, -0.9577164262227497700, 0.5529378364870313200 ) ) ;
#2088 = CARTESIAN_POINT ( 'NONE',  ( 9.537499999999999600, -0.9577164262227504400, -0.5529378364870317600 ) ) ;
#2089 = CARTESIAN_POINT ( 'NONE',  ( 7.132323573777250100, -0.08627377037917038900, -1.247019180503877100 ) ) ;
#2090 = ADVANCED_FACE ( 'NONE', ( #2152 ), #3663, .T. ) ;
#2091 = CARTESIAN_POINT ( 'NONE',  ( -9.592403810567667200, 0.3349364905389030600, -1.249999999999999800 ) ) ;
#2092 = LINE ( 'NONE', #418, #3924 ) ;
#2093 = DIRECTION ( 'NONE',  ( -1.000000000000000000, -0.0000000000000000000, -0.0000000000000000000 ) ) ;
#2094 = EDGE_CURVE ( 'NONE', #3504, #391, #961, .T. ) ;
#2095 = CARTESIAN_POINT ( 'NONE',  ( -8.562500000000000000, 1.250000000000000000, 0.7216878364870319400 ) ) ;
#2096 = CARTESIAN_POINT ( 'NONE',  ( -7.343750000000000000, 0.4788582131113751100, 0.8294067547305464800 ) ) ;
#2097 = CARTESIAN_POINT ( 'NONE',  ( 9.687499999999998200, 0.9577164262227506600, -0.5529378364870313200 ) ) ;
#2098 = CYLINDRICAL_SURFACE ( 'NONE', #2132, 1.250000000000000000 ) ;
#2099 = CARTESIAN_POINT ( 'NONE',  ( -9.809697796362673500, 1.088906773197468900, 2.250000000000000400 ) ) ;
#2100 = CARTESIAN_POINT ( 'NONE',  ( -6.762500000000001100, -0.9577164262227502200, -0.5529378364870306500 ) ) ;
#2101 = CARTESIAN_POINT ( 'NONE',  ( 8.187500000000001800, -0.9577164262227504400, -0.5529378364870317600 ) ) ;
#2102 = ORIENTED_EDGE ( 'NONE', *, *, #3311, .F. ) ;
#2103 = DIRECTION ( 'NONE',  ( 0.0000000000000000000, 0.0000000000000000000, -1.000000000000000000 ) ) ;
#2104 = CARTESIAN_POINT ( 'NONE',  ( 9.950000000000001100, 0.0000000000000000000, 0.0000000000000000000 ) ) ;
#2105 = CARTESIAN_POINT ( 'NONE',  ( 6.162499999999999600, 0.9577164262227503300, 0.5529378364870319900 ) ) ;
#2106 = CARTESIAN_POINT ( 'NONE',  ( -8.712500000000000400, -4.938688641342514700E-016, -1.249999999999999800 ) ) ;
#2107 = ORIENTED_EDGE ( 'NONE', *, *, #4591, .F. ) ;
#2108 = CARTESIAN_POINT ( 'NONE',  ( -6.406249999999999100, 6.771535515813051300E-017, 1.105875672974062000 ) ) ;
#2109 = CARTESIAN_POINT ( 'NONE',  ( 7.212500000000000400, -0.9577164262227507700, 0.5529378364870311000 ) ) ;
#2110 = AXIS2_PLACEMENT_3D ( 'NONE', #1375, #3540, #4638 ) ;
#2111 = ADVANCED_FACE ( 'NONE', ( #1192 ), #646, .T. ) ;
#2112 = ORIENTED_EDGE ( 'NONE', *, *, #2362, .F. ) ;
#2113 = CARTESIAN_POINT ( 'NONE',  ( -5.412500000000000500, -0.6250000000000001100, -1.082531754730548400 ) ) ;
#2114 = CARTESIAN_POINT ( 'NONE',  ( -6.050000000000000700, -0.6250000000000004400, -1.082531754730548000 ) ) ;
#2115 = CARTESIAN_POINT ( 'NONE',  ( -7.924999999999999800, 0.9577164262227499900, 0.0000000000000000000 ) ) ;
#2116 = CARTESIAN_POINT ( 'NONE',  ( 7.737500000000000700, -0.9577164262227504400, -0.5529378364870317600 ) ) ;
#2117 = ORIENTED_EDGE ( 'NONE', *, *, #1788, .T. ) ;
#2118 = VERTEX_POINT ( 'NONE', #4020 ) ;
#2119 = CARTESIAN_POINT ( 'NONE',  ( 8.974999999999999600, 0.6250000000000001100, -1.082531754730548400 ) ) ;
#2120 = CARTESIAN_POINT ( 'NONE',  ( -9.425000000000000700, 0.6250000000000000000, 1.082531754730548200 ) ) ;
#2121 = CARTESIAN_POINT ( 'NONE',  ( -5.318749999999999600, -0.4788582131113754400, -0.8294067547305463700 ) ) ;
#2122 = VERTEX_POINT ( 'NONE', #3307 ) ;
#2123 = CARTESIAN_POINT ( 'NONE',  ( -6.256249999999999600, -0.9577164262227502200, -0.5529378364870306500 ) ) ;
#2124 = AXIS2_PLACEMENT_3D ( 'NONE', #1331, #1688, #3505 ) ;
#2125 = CARTESIAN_POINT ( 'NONE',  ( 7.662499999999999600, -0.9577164262227507700, 0.5529378364870311000 ) ) ;
#2126 =( BOUNDED_CURVE ( )  B_SPLINE_CURVE ( 2, ( #582, #4600, #3492, #1310, #3156, #4202, #3525, #2032, #2764 ),
 .UNSPECIFIED., .F., .T. ) 
 B_SPLINE_CURVE_WITH_KNOTS ( ( 3, 2, 2, 2, 3 ),
 ( 0.3750000000000000000, 0.3833333333333333600, 0.4000000000000000200, 0.4166666666666666900, 0.4250000000000000400 ),
 .UNSPECIFIED. ) 
 CURVE ( )  GEOMETRIC_REPRESENTATION_ITEM ( )  RATIONAL_B_SPLINE_CURVE ( ( 0.9330127018922194100, 0.9330127018922194100, 1.000000000000000000, 0.8660254037844387100, 1.000000000000000000, 0.8660254037844387100, 1.000000000000000000, 0.9330127018922191900, 0.9330127018922194100 ) ) 
 REPRESENTATION_ITEM ( '' )  );
#2127 = CARTESIAN_POINT ( 'NONE',  ( 5.960165940242676500, 0.8761658796704943100, -2.250000000000001800 ) ) ;
#2128 = EDGE_LOOP ( 'NONE', ( #268, #1620, #4048, #4008, #576, #897, #678, #2131, #1139, #2449, #4665, #2708, #3518, #4498, #100, #3062, #1721, #1042 ) ) ;
#2129 = DIRECTION ( 'NONE',  ( 0.0000000000000000000, 0.0000000000000000000, 1.000000000000000000 ) ) ;
#2130 = CARTESIAN_POINT ( 'NONE',  ( -7.025000000000000400, 0.9577164262227499900, 0.0000000000000000000 ) ) ;
#2131 = ORIENTED_EDGE ( 'NONE', *, *, #4283, .T. ) ;
#2132 = AXIS2_PLACEMENT_3D ( 'NONE', #1581, #162, #2306 ) ;
#2133 = DIRECTION ( 'NONE',  ( -1.000000000000000000, -0.0000000000000000000, -0.0000000000000000000 ) ) ;
#2134 = ORIENTED_EDGE ( 'NONE', *, *, #2537, .T. ) ;
#2135 = CARTESIAN_POINT ( 'NONE',  ( 8.825000000000001100, -1.250000000000000000, -1.530808498934191600E-016 ) ) ;
#2136 = ADVANCED_FACE ( 'NONE', ( #2489 ), #3476, .F. ) ;
#2137 = CARTESIAN_POINT ( 'NONE',  ( 0.0000000000000000000, 0.0000000000000000000, 0.0000000000000000000 ) ) ;
#2138 = CARTESIAN_POINT ( 'NONE',  ( 7.011482200758371700, 9.836705729168091600E-013, -1.129158626981123100 ) ) ;
#2139 = CARTESIAN_POINT ( 'NONE',  ( -7.081249999999999800, 1.743066579297358300E-016, 1.249999999999999600 ) ) ;
#2140 = ORIENTED_EDGE ( 'NONE', *, *, #2505, .T. ) ;
#2141 = CARTESIAN_POINT ( 'NONE',  ( 7.700000000000000200, -0.9577164262227506600, -1.172864355864533800E-016 ) ) ;
#2142 = LINE ( 'NONE', #2285, #3470 ) ;
#2143 = CARTESIAN_POINT ( 'NONE',  ( -7.362500000000000700, -4.938688641342514700E-016, -1.249999999999999800 ) ) ;
#2144 = CARTESIAN_POINT ( 'NONE',  ( -9.673118391101741800, 0.8685211656701086200, -0.5794947653142479300 ) ) ;
#2145 = CARTESIAN_POINT ( 'NONE',  ( -9.950000000000001100, 0.0000000000000000000, 2.250000000000000000 ) ) ;
#2146 = CARTESIAN_POINT ( 'NONE',  ( -6.706250000000000700, 1.250000000000000000, 0.7216878364870319400 ) ) ;
#2147 = LOCAL_TIME ( 20, 27, 25.00000000000000000, #1642 ) ;
#2148 = CARTESIAN_POINT ( 'NONE',  ( -9.612499999999998900, 6.771535515813051300E-017, 1.105875672974062000 ) ) ;
#2149 = DIRECTION ( 'NONE',  ( 1.000000000000000000, 0.0000000000000000000, 0.0000000000000000000 ) ) ;
#2150 = CARTESIAN_POINT ( 'NONE',  ( 9.312500000000003600, -1.250000000000000000, -0.7216878364870325000 ) ) ;
#2151 = CARTESIAN_POINT ( 'NONE',  ( -7.081249999999999800, 1.743066579297358300E-016, 1.249999999999999600 ) ) ;
#2152 = FACE_OUTER_BOUND ( 'NONE', #4078, .T. ) ;
#2153 = EDGE_CURVE ( 'NONE', #2118, #3315, #3412, .T. ) ;
#2154 = CARTESIAN_POINT ( 'NONE',  ( 6.762500000000001100, -0.9577164262227507700, 0.5529378364870311000 ) ) ;
#2155 = CARTESIAN_POINT ( 'NONE',  ( -9.162499999999999600, 6.771535515813051300E-017, 1.105875672974062000 ) ) ;
#2156 = CARTESIAN_POINT ( 'NONE',  ( 9.012499999999999300, -0.9577164262227507700, 0.5529378364870311000 ) ) ;
#2157 = FACE_OUTER_BOUND ( 'NONE', #4437, .T. ) ;
#2158 = ADVANCED_FACE ( 'NONE', ( #1465 ), #2376, .T. ) ;
#2159 = CARTESIAN_POINT ( 'NONE',  ( -5.956250000000000700, -4.938688641342514700E-016, -1.249999999999999800 ) ) ;
#2160 = CARTESIAN_POINT ( 'NONE',  ( -9.462500000000000400, -0.9577164262227502200, -0.5529378364870306500 ) ) ;
#2161 = CARTESIAN_POINT ( 'NONE',  ( 7.662500000000000500, 1.250000000000000000, -0.7216878364870320500 ) ) ;
#2162 = ORIENTED_EDGE ( 'NONE', *, *, #657, .F. ) ;
#2163 = CARTESIAN_POINT ( 'NONE',  ( -6.575000000000000200, 0.9577164262227499900, 0.0000000000000000000 ) ) ;
#2164 = EDGE_LOOP ( 'NONE', ( #3434, #1377, #1848, #3960, #2060, #427 ) ) ;
#2165 = CARTESIAN_POINT ( 'NONE',  ( 8.637499999999999300, -0.9577164262227504400, -0.5529378364870317600 ) ) ;
#2166 = CARTESIAN_POINT ( 'NONE',  ( -6.293749999999999300, -0.9577164262227499900, 1.172864355864533000E-016 ) ) ;
#2167 = ORIENTED_EDGE ( 'NONE', *, *, #3051, .T. ) ;
#2168 = CARTESIAN_POINT ( 'NONE',  ( 8.787499999999999600, -1.250000000000000200, 0.7216878364870317200 ) ) ;
#2169 = CARTESIAN_POINT ( 'NONE',  ( -5.487500000000000700, -0.9577164262227497700, 0.5529378364870313200 ) ) ;
#2170 = CARTESIAN_POINT ( 'NONE',  ( -8.750000000000000000, -0.6250000000000004400, -1.082531754730548000 ) ) ;
#2171 = CARTESIAN_POINT ( 'NONE',  ( -9.312500000000001800, 0.9577164262227496600, -0.5529378364870315400 ) ) ;
#2172 = EDGE_CURVE ( 'NONE', #1176, #2968, #174, .T. ) ;
#2173 = CARTESIAN_POINT ( 'NONE',  ( 8.487500000000000700, 8.838126989374223500E-017, -1.443375672974064300 ) ) ;
#2174 = CARTESIAN_POINT ( 'NONE',  ( -9.749038105676659100, 1.299038105676657800, 2.250000000000000900 ) ) ;
#2175 = DIRECTION ( 'NONE',  ( 0.0000000000000000000, 0.0000000000000000000, 1.000000000000000000 ) ) ;
#2176 = CARTESIAN_POINT ( 'NONE',  ( -7.775000000000000400, -0.4788582131113747800, 0.8294067547305465900 ) ) ;
#2177 = EDGE_CURVE ( 'NONE', #2445, #507, #3290, .T. ) ;
#2178 = CARTESIAN_POINT ( 'NONE',  ( 6.687500000000000900, -2.031460654743916600E-016, 1.105875672974062900 ) ) ;
#2179 = ORIENTED_EDGE ( 'NONE', *, *, #1091, .T. ) ;
#2180 = CARTESIAN_POINT ( 'NONE',  ( -7.493749999999999500, 0.4788582131113742800, -0.8294067547305469200 ) ) ;
#2181 = CARTESIAN_POINT ( 'NONE',  ( -7.212500000000000400, 1.250000000000000000, 0.7216878364870319400 ) ) ;
#2182 = CARTESIAN_POINT ( 'NONE',  ( -6.950000000000001100, -0.6250000000000004400, -1.082531754730548000 ) ) ;
#2183 = ORIENTED_EDGE ( 'NONE', *, *, #950, .T. ) ;
#2184 = AXIS2_PLACEMENT_3D ( 'NONE', #4282, #1376, #991 ) ;
#2185 = CARTESIAN_POINT ( 'NONE',  ( 6.049999999999999800, 0.0000000000000000000, 2.250000000000000000 ) ) ;
#2186 = CARTESIAN_POINT ( 'NONE',  ( 9.968749999999998200, -0.4788582131113751100, -0.8294067547305472600 ) ) ;
#2187 = CARTESIAN_POINT ( 'NONE',  ( 5.849038105676657800, -1.299038105676659100, -2.250000000000001300 ) ) ;
#2188 = CARTESIAN_POINT ( 'NONE',  ( -9.749038105676659100, 1.299038105676657800, 2.250000000000000900 ) ) ;
#2189 = CARTESIAN_POINT ( 'NONE',  ( -9.556250000000000400, -2.651438096812266900E-016, -1.443375672974064100 ) ) ;
#2190 = CARTESIAN_POINT ( 'NONE',  ( -5.150000000000001200, 0.0000000000000000000, 0.0000000000000000000 ) ) ;
#2191 = CARTESIAN_POINT ( 'NONE',  ( -6.237499999999999800, -2.031460654743915200E-016, -1.105875672974062000 ) ) ;
#2192 = PRODUCT_DEFINITION_FORMATION_WITH_SPECIFIED_SOURCE ( 'ANY', '', #4171, .NOT_KNOWN. ) ;
#2193 = LINE ( 'NONE', #3023, #2945 ) ;
#2194 = CARTESIAN_POINT ( 'NONE',  ( 9.631249999999997900, -1.250000000000000200, 0.7216878364870317200 ) ) ;
#2195 = ORIENTED_EDGE ( 'NONE', *, *, #2067, .F. ) ;
#2196 = CARTESIAN_POINT ( 'NONE',  ( -5.581249999999999800, 0.9577164262227498800, 0.5529378364870308800 ) ) ;
#2197 = CARTESIAN_POINT ( 'NONE',  ( -7.137500000000000200, -4.706279764102867600E-015, 1.249999999999999600 ) ) ;
#2198 = VECTOR ( 'NONE', #1505, 1000.000000000000000 ) ;
#2199 = CARTESIAN_POINT ( 'NONE',  ( 8.937500000000001800, 1.743066579297358300E-016, -1.250000000000000000 ) ) ;
#2200 = CARTESIAN_POINT ( 'NONE',  ( -6.612500000000000700, -1.249999999999999600, 0.7216878364870325000 ) ) ;
#2201 = CARTESIAN_POINT ( 'NONE',  ( -8.525000000000000400, -0.4788582131113754400, -0.8294067547305463700 ) ) ;
#2202 = LINE ( 'NONE', #1882, #3876 ) ;
#2203 = CARTESIAN_POINT ( 'NONE',  ( 10.04374999999999900, 0.4788582131113754400, -0.8294067547305471500 ) ) ;
#2204 = CARTESIAN_POINT ( 'NONE',  ( 7.137500000000000200, 1.743066579297358300E-016, -1.250000000000000000 ) ) ;
#2205 = CARTESIAN_POINT ( 'NONE',  ( -10.11875000000000000, -1.249999999999999800, 1.530808498934191300E-016 ) ) ;
#2206 = EDGE_CURVE ( 'NONE', #3732, #1235, #406, .T. ) ;
#2207 = ORIENTED_EDGE ( 'NONE', *, *, #2172, .F. ) ;
#2208 = CARTESIAN_POINT ( 'NONE',  ( 9.635349389820783400, -0.1609548076155795100, 1.227150610179218000 ) ) ;
#2209 = CARTESIAN_POINT ( 'NONE',  ( -6.312500000000000900, -0.9577164262227502200, -0.5529378364870306500 ) ) ;
#2210 = CARTESIAN_POINT ( 'NONE',  ( 9.181249999999998600, -1.250000000000000200, 0.7216878364870317200 ) ) ;
#2211 = CARTESIAN_POINT ( 'NONE',  ( -7.456249999999999800, 0.9577164262227496600, -0.5529378364870315400 ) ) ;
#2212 = ORIENTED_EDGE ( 'NONE', *, *, #984, .T. ) ;
#2213 = CARTESIAN_POINT ( 'NONE',  ( -8.712500000000000400, -4.938688641342514700E-016, -1.249999999999999800 ) ) ;
#2214 = CARTESIAN_POINT ( 'NONE',  ( -9.593750000000000000, -0.6250000000000004400, -1.082531754730548000 ) ) ;
#2215 = DIRECTION ( 'NONE',  ( -1.000000000000000000, 0.0000000000000000000, 0.0000000000000000000 ) ) ;
#2216 = CARTESIAN_POINT ( 'NONE',  ( -7.025000000000000400, 0.9577164262227499900, 0.0000000000000000000 ) ) ;
#2217 = ORIENTED_EDGE ( 'NONE', *, *, #466, .F. ) ;
#2218 = DATE_AND_TIME ( #760, #2002 ) ;
#2219 = CARTESIAN_POINT ( 'NONE',  ( 6.612500000000000700, -1.250000000000000000, -0.7216878364870325000 ) ) ;
#2220 = ADVANCED_FACE ( 'NONE', ( #1525 ), #4426, .F. ) ;
#2221 = AXIS2_PLACEMENT_3D ( 'NONE', #1732, #2882, #1074 ) ;
#2222 = CARTESIAN_POINT ( 'NONE',  ( 6.840040000000000100, -0.8127136422835431500, -0.5066727629378692300 ) ) ;
#2223 = ORIENTED_EDGE ( 'NONE', *, *, #2394, .T. ) ;
#2224 = CARTESIAN_POINT ( 'NONE',  ( -5.825000000000000200, -0.4788582131113754400, -0.8294067547305463700 ) ) ;
#2225 = ORIENTED_EDGE ( 'NONE', *, *, #1393, .F. ) ;
#2226 = CARTESIAN_POINT ( 'NONE',  ( -7.475000000000000500, 0.9577164262227499900, 0.0000000000000000000 ) ) ;
#2227 = CARTESIAN_POINT ( 'NONE',  ( 10.08124999999999700, -1.250000000000000200, 0.7216878364870317200 ) ) ;
#2228 = EDGE_LOOP ( 'NONE', ( #4399, #2556, #1686 ) ) ;
#2229 = CARTESIAN_POINT ( 'NONE',  ( 8.787499999999999600, 0.9577164262227506600, -0.5529378364870313200 ) ) ;
#2230 = CARTESIAN_POINT ( 'NONE',  ( -7.812500000000000000, -4.938688641342514700E-016, -1.249999999999999800 ) ) ;
#2231 = DIRECTION ( 'NONE',  ( 0.0000000000000000000, 0.0000000000000000000, 1.000000000000000000 ) ) ;
#2232 = CARTESIAN_POINT ( 'NONE',  ( -8.599999999999999600, 1.249999999999999800, 0.0000000000000000000 ) ) ;
#2233 = CARTESIAN_POINT ( 'NONE',  ( -8.150000000000000400, -0.9577164262227499900, 1.172864355864533000E-016 ) ) ;
#2234 = EDGE_CURVE ( 'NONE', #803, #3599, #2584, .T. ) ;
#2235 = VERTEX_POINT ( 'NONE', #1871 ) ;
#2236 = CARTESIAN_POINT ( 'NONE',  ( 6.387500000000001100, 1.249999999999999800, 0.7216878364870329400 ) ) ;
#2237 = DIRECTION ( 'NONE',  ( -1.000000000000000000, -0.0000000000000000000, -0.0000000000000000000 ) ) ;
#2238 = CARTESIAN_POINT ( 'NONE',  ( -9.368750000000000400, 0.6250000000000000000, 1.082531754730548200 ) ) ;
#2239 = EDGE_LOOP ( 'NONE', ( #717, #2297, #1428, #2031 ) ) ;
#2240 = CARTESIAN_POINT ( 'NONE',  ( 7.268749999999998900, 0.6249999999999991100, 1.082531754730548900 ) ) ;
#2241 = AXIS2_PLACEMENT_3D ( 'NONE', #4093, #3402, #1222 ) ;
#2242 = CARTESIAN_POINT ( 'NONE',  ( 6.349999999999999600, -0.9577164262227506600, -1.172864355864533800E-016 ) ) ;
#2243 = CARTESIAN_POINT ( 'NONE',  ( 9.650000000000000400, 0.4788582131113754400, -0.8294067547305471500 ) ) ;
#2244 = ORIENTED_EDGE ( 'NONE', *, *, #4434, .T. ) ;
#2245 = CARTESIAN_POINT ( 'NONE',  ( -9.012499999999999300, 1.250000000000000000, 0.7216878364870319400 ) ) ;
#2246 = CARTESIAN_POINT ( 'NONE',  ( 9.862127497258535800, 2.823831770902962200E-011, 1.000372502741466300 ) ) ;
#2247 = CARTESIAN_POINT ( 'NONE',  ( -8.637500000000001100, 1.249999999999999600, -0.7216878364870328300 ) ) ;
#2248 = AXIS2_PLACEMENT_3D ( 'NONE', #1895, #2950, #110 ) ;
#2249 = VECTOR ( 'NONE', #2909, 1000.000000000000000 ) ;
#2250 = CARTESIAN_POINT ( 'NONE',  ( -8.562500000000001800, -0.9577164262227502200, -0.5529378364870306500 ) ) ;
#2251 = CARTESIAN_POINT ( 'NONE',  ( 6.125000000000000000, -1.250000000000000000, -1.530808498934191600E-016 ) ) ;
#2252 = DIRECTION ( 'NONE',  ( 0.0000000000000000000, 0.0000000000000000000, 1.000000000000000000 ) ) ;
#2253 = CARTESIAN_POINT ( 'NONE',  ( -9.706250000000000700, -1.249999999999999800, 0.7216878364870323900 ) ) ;
#2254 = VECTOR ( 'NONE', #1036, 1000.000000000000100 ) ;
#2255 = CARTESIAN_POINT ( 'NONE',  ( 6.929415631740041300, 1.038237833497702900, 0.1919005401875860400 ) ) ;
#2256 = CARTESIAN_POINT ( 'NONE',  ( -9.606916426222747800, 0.2285385710540817600, 0.9577164262223871700 ) ) ;
#2257 = CARTESIAN_POINT ( 'NONE',  ( -5.562500000000000900, 6.771535515813051300E-017, 1.105875672974062000 ) ) ;
#2258 = CARTESIAN_POINT ( 'NONE',  ( 6.556249999999999500, -1.250000000000000000, -0.7216878364870325000 ) ) ;
#2259 = CARTESIAN_POINT ( 'NONE',  ( 9.424999999999998900, -0.4788582131113757200, 0.8294067547305469200 ) ) ;
#2260 = DIRECTION ( 'NONE',  ( -0.7071067811865463500, 8.659560562354948900E-017, -0.7071067811865487900 ) ) ;
#2261 = CARTESIAN_POINT ( 'NONE',  ( 7.776346189432332200, -0.3349364905389017300, 1.250000000000001100 ) ) ;
#2262 = VECTOR ( 'NONE', #3612, 1000.000000000000000 ) ;
#2263 = CARTESIAN_POINT ( 'NONE',  ( -9.950000000000001100, 0.0000000000000000000, 1.300800000000000000 ) ) ;
#2264 = EDGE_CURVE ( 'NONE', #2746, #2122, #2405, .T. ) ;
#2265 = CARTESIAN_POINT ( 'NONE',  ( -8.562500000000001800, 1.250000000000000000, 0.7216878364870319400 ) ) ;
#2266 = CARTESIAN_POINT ( 'NONE',  ( -7.587500000000000400, -2.031460654743915200E-016, -1.105875672974062000 ) ) ;
#2267 = CARTESIAN_POINT ( 'NONE',  ( 7.681249999999998600, -0.9577164262227504400, -0.5529378364870317600 ) ) ;
#2268 = CARTESIAN_POINT ( 'NONE',  ( 9.950000000000001100, 0.0000000000000000000, 0.9125000000000009800 ) ) ;
#2269 = CARTESIAN_POINT ( 'NONE',  ( -6.031250000000000000, -1.250000000000000000, -0.7216878364870315000 ) ) ;
#2270 = EDGE_CURVE ( 'NONE', #3618, #2874, #239, .T. ) ;
#2271 = EDGE_LOOP ( 'NONE', ( #511, #439, #3973, #1817 ) ) ;
#2272 = CARTESIAN_POINT ( 'NONE',  ( 7.831249999999997200, -1.250000000000000200, 0.7216878364870317200 ) ) ;
#2273 = DIRECTION ( 'NONE',  ( -1.000000000000000000, -0.0000000000000000000, -0.0000000000000000000 ) ) ;
#2274 = CARTESIAN_POINT ( 'NONE',  ( 9.162499999999999600, 6.771535515813057500E-017, -1.105875672974062900 ) ) ;
#2275 = CARTESIAN_POINT ( 'NONE',  ( -9.950000000000001100, 0.0000000000000000000, 0.0000000000000000000 ) ) ;
#2276 = CARTESIAN_POINT ( 'NONE',  ( 8.768749999999998900, 0.9577164262227506600, 0.0000000000000000000 ) ) ;
#2277 = ORIENTED_EDGE ( 'NONE', *, *, #3231, .T. ) ;
#2278 = CARTESIAN_POINT ( 'NONE',  ( 9.660151899426313800, -1.162666820842579200, -0.3277156156353237500 ) ) ;
#2279 = CARTESIAN_POINT ( 'NONE',  ( -8.018750000000000700, -0.4788582131113754400, -0.8294067547305463700 ) ) ;
#2280 = CARTESIAN_POINT ( 'NONE',  ( -7.887499999999999300, -1.250000000000000000, -0.7216878364870315000 ) ) ;
#2281 = CARTESIAN_POINT ( 'NONE',  ( -9.781250000000001800, -2.031460654743915200E-016, -1.105875672974062000 ) ) ;
#2282 = ORIENTED_EDGE ( 'NONE', *, *, #2921, .F. ) ;
#2283 = CARTESIAN_POINT ( 'NONE',  ( 8.881249999999999600, -2.031460654743916600E-016, 1.105875672974062900 ) ) ;
#2284 = AXIS2_PLACEMENT_3D ( 'NONE', #2137, #1432, #1415 ) ;
#2285 = CARTESIAN_POINT ( 'NONE',  ( -5.150000000000001200, 0.0000000000000000000, 1.250000000000000000 ) ) ;
#2286 = CARTESIAN_POINT ( 'NONE',  ( -6.368750000000001200, 0.6249999999999990000, -1.082531754730548600 ) ) ;
#2287 = CARTESIAN_POINT ( 'NONE',  ( 8.843750000000000000, -0.6249999999999996700, -1.082531754730548400 ) ) ;
#2288 = DIRECTION ( 'NONE',  ( 0.0000000000000000000, 0.0000000000000000000, -1.000000000000000000 ) ) ;
#2289 = CARTESIAN_POINT ( 'NONE',  ( 9.781250000000001800, -2.031460654743916600E-016, 1.105875672974062900 ) ) ;
#2290 = CARTESIAN_POINT ( 'NONE',  ( 5.960165940242678300, 0.8761658796704929800, 2.250000000000001300 ) ) ;
#2291 = CARTESIAN_POINT ( 'NONE',  ( 8.018749999999998900, 0.6250000000000001100, -1.082531754730548400 ) ) ;
#2292 = CARTESIAN_POINT ( 'NONE',  ( -8.712500000000000400, -2.651438096812266900E-016, -1.443375672974064100 ) ) ;
#2293 = ORIENTED_EDGE ( 'NONE', *, *, #3260, .F. ) ;
#2294 = CARTESIAN_POINT ( 'NONE',  ( -9.968749999999998200, -0.4788582131113747800, 0.8294067547305465900 ) ) ;
#2295 = EDGE_CURVE ( 'NONE', #2571, #4333, #1632, .T. ) ;
#2296 = CARTESIAN_POINT ( 'NONE',  ( 9.556249999999998600, 6.771535515813057500E-017, -1.105875672974062900 ) ) ;
#2297 = ORIENTED_EDGE ( 'NONE', *, *, #2531, .F. ) ;
#2298 = CARTESIAN_POINT ( 'NONE',  ( -6.743750000000000400, 1.249999999999999800, 0.0000000000000000000 ) ) ;
#2299 = CARTESIAN_POINT ( 'NONE',  ( 7.643749999999999800, -0.9577164262227506600, -1.172864355864533800E-016 ) ) ;
#2300 = VECTOR ( 'NONE', #966, 1000.000000000000000 ) ;
#2301 = CARTESIAN_POINT ( 'NONE',  ( -5.450000000000001100, -0.9577164262227499900, 1.172864355864533000E-016 ) ) ;
#2302 = AXIS2_PLACEMENT_3D ( 'NONE', #399, #4067, #414 ) ;
#2303 = CARTESIAN_POINT ( 'NONE',  ( 7.456249999999999800, -1.250000000000000000, -0.7216878364870325000 ) ) ;
#2304 = DIRECTION ( 'NONE',  ( -1.000000000000000000, -0.0000000000000000000, -0.0000000000000000000 ) ) ;
#2305 = CARTESIAN_POINT ( 'NONE',  ( 8.000000000000000000, 0.4788582131113746100, 0.8294067547305475900 ) ) ;
#2306 = DIRECTION ( 'NONE',  ( 0.0000000000000000000, 0.0000000000000000000, 1.000000000000000000 ) ) ;
#2307 = CARTESIAN_POINT ( 'NONE',  ( -9.612500000000000700, 8.715332896486791300E-017, -1.249999999999999600 ) ) ;
#2308 = CYLINDRICAL_SURFACE ( 'NONE', #1990, 1.250000000000000000 ) ;
#2309 = CARTESIAN_POINT ( 'NONE',  ( 5.960744989968461000, -1.511897080250333800, 1.881317441191381800 ) ) ;
#2310 = DIRECTION ( 'NONE',  ( 0.0000000000000000000, 0.0000000000000000000, -1.000000000000000000 ) ) ;
#2311 = CARTESIAN_POINT ( 'NONE',  ( -5.581250000000000700, -1.250000000000000000, -0.7216878364870316100 ) ) ;
#2312 = CARTESIAN_POINT ( 'NONE',  ( -6.162499999999999600, 0.9577164262227496600, -0.5529378364870315400 ) ) ;
#2313 = VECTOR ( 'NONE', #104, 1000.000000000000000 ) ;
#2314 = CARTESIAN_POINT ( 'NONE',  ( 7.343750000000000000, 0.4788582131113754400, -0.8294067547305471500 ) ) ;
#2315 = CARTESIAN_POINT ( 'NONE',  ( 9.331249999999997200, 1.743066579297358300E-016, -1.250000000000000000 ) ) ;
#2316 = CARTESIAN_POINT ( 'NONE',  ( -7.906250000000000000, -1.249999999999999800, 0.7216878364870323900 ) ) ;
#2317 = CYLINDRICAL_SURFACE ( 'NONE', #1287, 1.250000000000000000 ) ;
#2318 = CARTESIAN_POINT ( 'NONE',  ( 6.893749999999999800, 0.4788582131113754400, -0.8294067547305471500 ) ) ;
#2319 = CARTESIAN_POINT ( 'NONE',  ( 8.618750000000000400, 0.6249999999999991100, 1.082531754730548900 ) ) ;
#2320 = DIRECTION ( 'NONE',  ( -1.000000000000000000, -0.0000000000000000000, -0.0000000000000000000 ) ) ;
#2321 = CONICAL_SURFACE ( 'NONE', #2569, 0.9551764262227507900, 0.7853981633974512800 ) ;
#2322 = CARTESIAN_POINT ( 'NONE',  ( 7.625000000000000000, -0.4788582131113757200, 0.8294067547305469200 ) ) ;
#2323 = CARTESIAN_POINT ( 'NONE',  ( 9.181249999999998600, 0.9577164262227506600, -0.5529378364870313200 ) ) ;
#2324 =( BOUNDED_CURVE ( )  B_SPLINE_CURVE ( 2, ( #2456, #674, #1758, #2843, #3585, #348, #2813, #687, #3613 ),
 .UNSPECIFIED., .F., .F. ) 
 B_SPLINE_CURVE_WITH_KNOTS ( ( 3, 2, 2, 2, 3 ),
 ( 0.2500000000000000000, 0.2575757575757575700, 0.2727272727272727100, 0.2878787878787879000, 0.2954545454545454700 ),
 .UNSPECIFIED. ) 
 CURVE ( )  GEOMETRIC_REPRESENTATION_ITEM ( )  RATIONAL_B_SPLINE_CURVE ( ( 0.9330127018922194100, 0.9330127018922194100, 1.000000000000000000, 0.8660254037844387100, 1.000000000000000000, 0.8660254037844387100, 1.000000000000000000, 0.9330127018922194100, 0.9330127018922194100 ) ) 
 REPRESENTATION_ITEM ( '' )  );
#2325 = CARTESIAN_POINT ( 'NONE',  ( -9.950000000000001100, -2.598076211353316500, -2.695659680428813900E-015 ) ) ;
#2326 = CARTESIAN_POINT ( 'NONE',  ( 8.168749999999999300, 0.6249999999999991100, 1.082531754730548900 ) ) ;
#2327 = CARTESIAN_POINT ( 'NONE',  ( -8.131249999999999600, -0.9577164262227497700, 0.5529378364870313200 ) ) ;
#2328 = EDGE_CURVE ( 'NONE', #3775, #2746, #643, .T. ) ;
#2329 = CARTESIAN_POINT ( 'NONE',  ( -6.912500000000000500, -2.651438096812266900E-016, -1.443375672974064100 ) ) ;
#2330 = CARTESIAN_POINT ( 'NONE',  ( -9.293749999999999300, 0.4788582131113742800, -0.8294067547305469200 ) ) ;
#2331 = CARTESIAN_POINT ( 'NONE',  ( 9.443749999999999600, -0.9577164262227506600, -1.172864355864533800E-016 ) ) ;
#2332 = CARTESIAN_POINT ( 'NONE',  ( 7.531249999999998200, 1.743066579297358300E-016, -1.250000000000000000 ) ) ;
#2333 = CARTESIAN_POINT ( 'NONE',  ( -7.006249999999999600, -1.249999999999999800, 0.7216878364870323900 ) ) ;
#2334 = ORIENTED_EDGE ( 'NONE', *, *, #4102, .T. ) ;
#2335 = LOCAL_TIME ( 20, 27, 25.00000000000000000, #877 ) ;
#2336 = AXIS2_PLACEMENT_3D ( 'NONE', #3027, #1576, #1932 ) ;
#2337 = CARTESIAN_POINT ( 'NONE',  ( 7.493749999999999500, 0.4788582131113746100, 0.8294067547305475900 ) ) ;
#2338 = CARTESIAN_POINT ( 'NONE',  ( 5.849038105676657800, -1.299038105676659100, -2.250000000000001300 ) ) ;
#2339 = CARTESIAN_POINT ( 'NONE',  ( -6.968750000000000900, -1.249999999999999800, 1.530808498934191300E-016 ) ) ;
#2340 = DIRECTION ( 'NONE',  ( 0.0000000000000000000, 0.0000000000000000000, -1.000000000000000000 ) ) ;
#2341 = EDGE_LOOP ( 'NONE', ( #1289, #1681, #285 ) ) ;
#2342 = CARTESIAN_POINT ( 'NONE',  ( 8.187500000000000000, -0.9577164262227504400, -0.5529378364870317600 ) ) ;
#2343 = CARTESIAN_POINT ( 'NONE',  ( 9.899053545773631100, -0.9577164262227506600, -0.07820083002084977900 ) ) ;
#2344 = CARTESIAN_POINT ( 'NONE',  ( 8.693749999999999600, 0.4788582131113754400, -0.8294067547305471500 ) ) ;
#2345 = CARTESIAN_POINT ( 'NONE',  ( -7.268749999999998900, -0.4788582131113747800, 0.8294067547305465900 ) ) ;
#2346 = CARTESIAN_POINT ( 'NONE',  ( -5.150000000000001200, -0.6250000000000004400, -1.082531754730548000 ) ) ;
#2347 = CARTESIAN_POINT ( 'NONE',  ( -9.181249999999998600, 0.9577164262227498800, 0.5529378364870308800 ) ) ;
#2348 = CARTESIAN_POINT ( 'NONE',  ( 8.881249999999997900, -2.033577675846917700E-015, -1.249999999999999800 ) ) ;
#2349 = CARTESIAN_POINT ( 'NONE',  ( -9.574999999999999300, -0.4788582131113747800, 0.8294067547305465900 ) ) ;
#2350 = CARTESIAN_POINT ( 'NONE',  ( 7.193749999999999600, -0.9577164262227506600, -1.172864355864533800E-016 ) ) ;
#2351 = ORIENTED_EDGE ( 'NONE', *, *, #9, .F. ) ;
#2352 =( BOUNDED_CURVE ( )  B_SPLINE_CURVE ( 2, ( #1127, #4032, #3305, #1503, #1853, #4411, #2560, #40, #69 ),
 .UNSPECIFIED., .F., .T. ) 
 B_SPLINE_CURVE_WITH_KNOTS ( ( 3, 2, 2, 2, 3 ),
 ( 0.4250000000000000400, 0.4333333333333333500, 0.4500000000000000100, 0.4666666666666666700, 0.4750000000000000300 ),
 .UNSPECIFIED. ) 
 CURVE ( )  GEOMETRIC_REPRESENTATION_ITEM ( )  RATIONAL_B_SPLINE_CURVE ( ( 0.9330127018922194100, 0.9330127018922196300, 1.000000000000000000, 0.8660254037844387100, 1.000000000000000000, 0.8660254037844387100, 1.000000000000000000, 0.9330127018922191900, 0.9330127018922194100 ) ) 
 REPRESENTATION_ITEM ( '' )  );
#2353 = CARTESIAN_POINT ( 'NONE',  ( -9.950000000000001100, 0.0000000000000000000, 2.250000000000000000 ) ) ;
#2354 = ORIENTED_EDGE ( 'NONE', *, *, #3715, .F. ) ;
#2355 = CARTESIAN_POINT ( 'NONE',  ( 9.143749999999998900, 0.4788582131113754400, -0.8294067547305471500 ) ) ;
#2356 = CARTESIAN_POINT ( 'NONE',  ( -7.681250000000000400, 1.249999999999999300, -0.7216878364870328300 ) ) ;
#2357 = CARTESIAN_POINT ( 'NONE',  ( 8.131249999999999600, 1.249999999999999600, 0.7216878364870329400 ) ) ;
#2358 = CARTESIAN_POINT ( 'NONE',  ( -7.681249999999998600, -0.9577164262227497700, 0.5529378364870313200 ) ) ;
#2359 = CARTESIAN_POINT ( 'NONE',  ( -6.650000000000001200, -0.6249999999999995600, 1.082531754730548400 ) ) ;
#2360 = EDGE_LOOP ( 'NONE', ( #3941, #2223, #346, #2803, #486 ) ) ;
#2361 = CARTESIAN_POINT ( 'NONE',  ( -8.056249999999998600, -0.9577164262227502200, -0.5529378364870306500 ) ) ;
#2362 = EDGE_CURVE ( 'NONE', #1123, #553, #916, .T. ) ;
#2363 = CARTESIAN_POINT ( 'NONE',  ( 5.843750000000000000, -0.9577164262227506600, -1.172864355864533800E-016 ) ) ;
#2364 = CARTESIAN_POINT ( 'NONE',  ( -5.337500000000001200, -4.706279764102867600E-015, 1.249999999999999600 ) ) ;
#2365 = CARTESIAN_POINT ( 'NONE',  ( -9.050000000000000700, -0.9577164262227499900, 1.172864355864533000E-016 ) ) ;
#2366 = FACE_BOUND ( 'NONE', #4401, .T. ) ;
#2367 = CARTESIAN_POINT ( 'NONE',  ( 7.868749999999998600, 0.9577164262227506600, 0.0000000000000000000 ) ) ;
#2368 = EDGE_LOOP ( 'NONE', ( #3171, #4135, #4303 ) ) ;
#2369 = CARTESIAN_POINT ( 'NONE',  ( -5.525000000000001200, 0.6249999999999990000, -1.082531754730548600 ) ) ;
#2370 = CARTESIAN_POINT ( 'NONE',  ( 6.406249999999998200, -2.651438096812267400E-016, 1.443375672974064300 ) ) ;
#2371 = CYLINDRICAL_SURFACE ( 'NONE', #2578, 1.250000000000000000 ) ;
#2372 = CARTESIAN_POINT ( 'NONE',  ( -7.868750000000000400, -1.249999999999999800, 1.530808498934191300E-016 ) ) ;
#2373 = B_SPLINE_CURVE_WITH_KNOTS ( 'NONE', 3,
 ( #3291, #3274, #4018, #398, #428, #3634, #382, #2961, #369, #729, #2927, #1098 ),
 .UNSPECIFIED., .F., .F.,
 ( 4, 2, 2, 2, 2, 4 ),
 ( 7.359282866868179300E-005, 0.0005410024056816913200, 0.0007747071941881962500, 0.001008411982694701300, 0.001475821559707710500, 0.001943231136720719900 ),
 .UNSPECIFIED. ) ;
#2374 = CARTESIAN_POINT ( 'NONE',  ( 7.943749999999999600, 0.4788582131113746100, 0.8294067547305475900 ) ) ;
#2375 = B_SPLINE_CURVE_WITH_KNOTS ( 'NONE', 1,
 ( #737, #4355 ),
 .UNSPECIFIED., .F., .F.,
 ( 2, 2 ),
 ( 0.0000000000000000000, 1.000000000000000000 ),
 .UNSPECIFIED. ) ;
#2376 = CONICAL_SURFACE ( 'NONE', #301, 0.9125000000000009800, 0.7853981633974479500 ) ;
#2377 = CARTESIAN_POINT ( 'NONE',  ( -7.831249999999999800, 0.9577164262227498800, 0.5529378364870308800 ) ) ;
#2378 = CARTESIAN_POINT ( 'NONE',  ( -7.381249999999998800, 0.9577164262227498800, 0.5529378364870308800 ) ) ;
#2379 = CARTESIAN_POINT ( 'NONE',  ( -6.950000000000001100, -0.6250000000000004400, -1.082531754730548000 ) ) ;
#2380 = CARTESIAN_POINT ( 'NONE',  ( -7.306250000000000400, 6.771535515813051300E-017, 1.105875672974062000 ) ) ;
#2381 = ORIENTED_EDGE ( 'NONE', *, *, #1213, .T. ) ;
#2382 = CARTESIAN_POINT ( 'NONE',  ( 6.049999999999999800, 1.948557158514987000, -1.124999999999999100 ) ) ;
#2383 = CARTESIAN_POINT ( 'NONE',  ( -9.012499999999999300, -0.9577164262227502200, -0.5529378364870306500 ) ) ;
#2384 = CARTESIAN_POINT ( 'NONE',  ( 10.17500000000000100, 0.9577164262227506600, 0.0000000000000000000 ) ) ;
#2385 = DIRECTION ( 'NONE',  ( -1.000000000000000000, -0.0000000000000000000, -0.0000000000000000000 ) ) ;
#2386 = ORIENTED_EDGE ( 'NONE', *, *, #1070, .T. ) ;
#2387 = CARTESIAN_POINT ( 'NONE',  ( 6.031249999999999100, -1.250000000000000200, 0.7216878364870317200 ) ) ;
#2388 = DIRECTION ( 'NONE',  ( -1.000000000000000000, -0.0000000000000000000, -0.0000000000000000000 ) ) ;
#2389 =( BOUNDED_CURVE ( )  B_SPLINE_CURVE ( 2, ( #4573, #277, #1696, #2796, #2372, #260, #4236, #2404, #4556 ),
 .UNSPECIFIED., .F., .F. ) 
 B_SPLINE_CURVE_WITH_KNOTS ( ( 3, 2, 2, 2, 3 ),
 ( 0.4772727272727272900, 0.4848484848484848600, 0.5000000000000000000, 0.5151515151515151400, 0.5227272727272727100 ),
 .UNSPECIFIED. ) 
 CURVE ( )  GEOMETRIC_REPRESENTATION_ITEM ( )  RATIONAL_B_SPLINE_CURVE ( ( 0.9330127018922194100, 0.9330127018922194100, 1.000000000000000000, 0.8660254037844387100, 1.000000000000000000, 0.8660254037844387100, 1.000000000000000000, 0.9330127018922194100, 0.9330127018922194100 ) ) 
 REPRESENTATION_ITEM ( '' )  );
#2390 = CARTESIAN_POINT ( 'NONE',  ( 8.806250000000000400, 0.9577164262227503300, 0.5529378364870319900 ) ) ;
#2391 = EDGE_LOOP ( 'NONE', ( #1912, #1890, #2022, #2112 ) ) ;
#2392 = CARTESIAN_POINT ( 'NONE',  ( -9.931249999999998600, -0.9577164262227497700, 0.5529378364870313200 ) ) ;
#2393 = CARTESIAN_POINT ( 'NONE',  ( -7.793749999999999300, 0.4788582131113751100, 0.8294067547305464800 ) ) ;
#2394 = EDGE_CURVE ( 'NONE', #2880, #751, #2725, .T. ) ;
#2395 = CARTESIAN_POINT ( 'NONE',  ( 9.275000000000000400, 0.9577164262227506600, 0.0000000000000000000 ) ) ;
#2396 = CARTESIAN_POINT ( 'NONE',  ( -7.793749999999999300, 0.4788582131113751100, 0.8294067547305464800 ) ) ;
#2397 = ORIENTED_EDGE ( 'NONE', *, *, #105, .T. ) ;
#2398 = CARTESIAN_POINT ( 'NONE',  ( 6.218749999999999100, -0.4788582131113757200, 0.8294067547305469200 ) ) ;
#2399 = CARTESIAN_POINT ( 'NONE',  ( 8.431249999999998600, -2.033577675846917700E-015, -1.249999999999999800 ) ) ;
#2400 = CARTESIAN_POINT ( 'NONE',  ( -7.700000000000000200, 1.249999999999999800, 0.0000000000000000000 ) ) ;
#2401 = CARTESIAN_POINT ( 'NONE',  ( -8.112499999999998900, -0.9577164262227502200, -0.5529378364870306500 ) ) ;
#2402 = CARTESIAN_POINT ( 'NONE',  ( 8.487500000000000700, -2.031460654743916600E-016, 1.105875672974062900 ) ) ;
#2403 = VERTEX_POINT ( 'NONE', #84 ) ;
#2404 = CARTESIAN_POINT ( 'NONE',  ( -7.776346189432334000, -0.3349364905389037300, -1.249999999999999600 ) ) ;
#2405 = B_SPLINE_CURVE_WITH_KNOTS ( 'NONE', 3,
 ( #2611, #3083, #3445, #497 ),
 .UNSPECIFIED., .F., .F.,
 ( 4, 4 ),
 ( 2.380746839932584000E-007, 0.001314652396222796000 ),
 .UNSPECIFIED. ) ;
#2406 = CARTESIAN_POINT ( 'NONE',  ( 7.081249999999999800, -2.031460654743916600E-016, 1.105875672974062900 ) ) ;
#2407 = AXIS2_PLACEMENT_3D ( 'NONE', #4544, #3392, #2310 ) ;
#2408 = CARTESIAN_POINT ( 'NONE',  ( -8.318749999999999600, 0.9577164262227499900, 0.0000000000000000000 ) ) ;
#2409 = CARTESIAN_POINT ( 'NONE',  ( -8.768749999999998900, 0.9577164262227499900, 0.0000000000000000000 ) ) ;
#2410 = CARTESIAN_POINT ( 'NONE',  ( 6.031249999999999100, 0.9577164262227506600, -0.5529378364870313200 ) ) ;
#2411 = CARTESIAN_POINT ( 'NONE',  ( 8.618750000000000400, 0.6249999999999991100, 1.082531754730548900 ) ) ;
#2412 = ORIENTED_EDGE ( 'NONE', *, *, #925, .F. ) ;
#2413 = CARTESIAN_POINT ( 'NONE',  ( -6.387500000000001100, 1.249999999999999300, -0.7216878364870328300 ) ) ;
#2414 = CARTESIAN_POINT ( 'NONE',  ( -8.824999999999999300, 0.9577164262227499900, 0.0000000000000000000 ) ) ;
#2415 =( BOUNDED_CURVE ( )  B_SPLINE_CURVE ( 2, ( #3519, #3878, #999, #4608, #2400, #3122, #4261, #1332, #1344 ),
 .UNSPECIFIED., .F., .F. ) 
 B_SPLINE_CURVE_WITH_KNOTS ( ( 3, 2, 2, 2, 3 ),
 ( 0.4318181818181818200, 0.4393939393939393900, 0.4545454545454545300, 0.4696969696969697200, 0.4772727272727272900 ),
 .UNSPECIFIED. ) 
 CURVE ( )  GEOMETRIC_REPRESENTATION_ITEM ( )  RATIONAL_B_SPLINE_CURVE ( ( 0.9330127018922194100, 0.9330127018922194100, 1.000000000000000000, 0.8660254037844387100, 1.000000000000000000, 0.8660254037844387100, 1.000000000000000000, 0.9330127018922194100, 0.9330127018922194100 ) ) 
 REPRESENTATION_ITEM ( '' )  );
#2416 = CARTESIAN_POINT ( 'NONE',  ( 6.031249999999999100, 0.9577164262227506600, -0.5529378364870313200 ) ) ;
#2417 = ORIENTED_EDGE ( 'NONE', *, *, #827, .T. ) ;
#2418 = CARTESIAN_POINT ( 'NONE',  ( 7.041417445726086300, -1.022760222019123600, 0.5658204250194491800 ) ) ;
#2419 = CARTESIAN_POINT ( 'NONE',  ( 7.132323573777250100, -0.08627377037917038900, -1.247019180503877300 ) ) ;
#2420 = EDGE_CURVE ( 'NONE', #3502, #1176, #2780, .T. ) ;
#2421 = CARTESIAN_POINT ( 'NONE',  ( 7.381249999999998800, 0.9577164262227506600, -0.5529378364870313200 ) ) ;
#2422 = CARTESIAN_POINT ( 'NONE',  ( -7.793749999999999300, 0.4788582131113751100, 0.8294067547305464800 ) ) ;
#2423 = CARTESIAN_POINT ( 'NONE',  ( 10.17500000000000100, 0.9577164262227506600, 0.0000000000000000000 ) ) ;
#2424 = CARTESIAN_POINT ( 'NONE',  ( -6.968749999999999100, 0.9577164262227499900, 0.0000000000000000000 ) ) ;
#2425 = CARTESIAN_POINT ( 'NONE',  ( 9.518749999999998900, -0.4788582131113751100, -0.8294067547305472600 ) ) ;
#2426 = VECTOR ( 'NONE', #4055, 1000.000000000000100 ) ;
#2427 = EDGE_CURVE ( 'NONE', #34, #1908, #3128, .T. ) ;
#2428 = CARTESIAN_POINT ( 'NONE',  ( -6.707596189432335300, 0.3349364905389034000, 1.249999999999999600 ) ) ;
#2429 = PLANE ( 'NONE',  #645 ) ;
#2430 = CARTESIAN_POINT ( 'NONE',  ( -7.512500000000001100, 0.9577164262227496600, -0.5529378364870315400 ) ) ;
#2431 = CARTESIAN_POINT ( 'NONE',  ( 8.712499999999998600, 6.771535515813057500E-017, -1.105875672974062900 ) ) ;
#2432 = CARTESIAN_POINT ( 'NONE',  ( 9.293749999999999300, 0.4788582131113746100, 0.8294067547305475900 ) ) ;
#2433 = CARTESIAN_POINT ( 'NONE',  ( -8.206250000000002500, -4.938688641342514700E-016, -1.249999999999999800 ) ) ;
#2434 = CARTESIAN_POINT ( 'NONE',  ( -5.751346189432336300, 0.3349364905389011800, 1.250000000000000900 ) ) ;
#2435 = CARTESIAN_POINT ( 'NONE',  ( 6.915222574571841600, -0.5612831221887303300, -0.8715490428524496100 ) ) ;
#2436 = LINE ( 'NONE', #845, #2051 ) ;
#2437 = CARTESIAN_POINT ( 'NONE',  ( 6.912500000000000500, 6.771535515813057500E-017, -1.105875672974062900 ) ) ;
#2438 = B_SPLINE_CURVE_WITH_KNOTS ( 'NONE', 3,
 ( #2618, #4090, #1913, #449 ),
 .UNSPECIFIED., .F., .F.,
 ( 4, 4 ),
 ( 0.0000000000000000000, 0.0002094663732685147300 ),
 .UNSPECIFIED. ) ;
#2439 = CARTESIAN_POINT ( 'NONE',  ( 8.318749999999999600, 0.9577164262227506600, 0.0000000000000000000 ) ) ;
#2440 = CARTESIAN_POINT ( 'NONE',  ( -9.631249999999997900, 0.9577164262227498800, 0.5529378364870308800 ) ) ;
#2441 = CARTESIAN_POINT ( 'NONE',  ( 9.762500000000001100, 0.9577164262227503300, 0.5529378364870319900 ) ) ;
#2442 = FACE_OUTER_BOUND ( 'NONE', #1276, .T. ) ;
#2443 = CC_DESIGN_APPROVAL ( #841, ( #1468 ) ) ;
#2444 = ADVANCED_FACE ( 'NONE', ( #739 ), #2040, .F. ) ;
#2445 = VERTEX_POINT ( 'NONE', #2683 ) ;
#2446 = CARTESIAN_POINT ( 'NONE',  ( -8.825000000000001100, -1.249999999999999800, 1.530808498934191300E-016 ) ) ;
#2447 = CARTESIAN_POINT ( 'NONE',  ( -6.257596189432336000, 0.3349364905389034000, 1.249999999999999600 ) ) ;
#2448 = CARTESIAN_POINT ( 'NONE',  ( -5.675000000000000700, 0.9577164262227499900, 0.0000000000000000000 ) ) ;
#2449 = ORIENTED_EDGE ( 'NONE', *, *, #3511, .T. ) ;
#2450 = CARTESIAN_POINT ( 'NONE',  ( 9.500000000000000000, -0.9577164262227506600, -1.172864355864533800E-016 ) ) ;
#2451 = CARTESIAN_POINT ( 'NONE',  ( 6.840040000000001900, -0.2069944435875912500, -0.9350797042930306700 ) ) ;
#2452 = DIRECTION ( 'NONE',  ( 1.000000000000000000, 0.0000000000000000000, 0.0000000000000000000 ) ) ;
#2453 = ORIENTED_EDGE ( 'NONE', *, *, #3651, .F. ) ;
#2454 = APPROVAL_PERSON_ORGANIZATION ( #665, #841, #2872 ) ;
#2455 = CARTESIAN_POINT ( 'NONE',  ( 5.975000000000000500, -0.4788582131113751100, -0.8294067547305472600 ) ) ;
#2456 = CARTESIAN_POINT ( 'NONE',  ( -9.106249999999999300, -4.938688641342514700E-016, -1.249999999999999800 ) ) ;
#2457 = VERTEX_POINT ( 'NONE', #534 ) ;
#2458 = CARTESIAN_POINT ( 'NONE',  ( -6.293749999999999300, -0.9577164262227499900, 1.172864355864533000E-016 ) ) ;
#2459 = EDGE_CURVE ( 'NONE', #2457, #3502, #796, .T. ) ;
#2460 = CARTESIAN_POINT ( 'NONE',  ( 9.855439022227198400, 0.1407199709665601900, 1.007060977768829300 ) ) ;
#2461 = CARTESIAN_POINT ( 'NONE',  ( -6.800000000000000700, -0.9577164262227499900, 1.172864355864533000E-016 ) ) ;
#2462 = CARTESIAN_POINT ( 'NONE',  ( 8.112499999999998900, -0.9577164262227507700, 0.5529378364870311000 ) ) ;
#2463 = ADVANCED_FACE ( 'NONE', ( #4195 ), #4142, .T. ) ;
#2464 = CARTESIAN_POINT ( 'NONE',  ( 6.049999999999998900, 2.058803302138242100, 0.9340480779059874300 ) ) ;
#2465 = DIRECTION ( 'NONE',  ( 1.000000000000000000, 0.0000000000000000000, 0.0000000000000000000 ) ) ;
#2466 = ORIENTED_EDGE ( 'NONE', *, *, #2862, .T. ) ;
#2467 = CARTESIAN_POINT ( 'NONE',  ( 5.900000000000000400, -0.9577164262227506600, -1.172864355864533800E-016 ) ) ;
#2468 = CARTESIAN_POINT ( 'NONE',  ( -8.562500000000000000, -0.9577164262227502200, -0.5529378364870306500 ) ) ;
#2469 = CARTESIAN_POINT ( 'NONE',  ( 8.431249999999998600, -2.033577675846917700E-015, -1.249999999999999800 ) ) ;
#2470 = CARTESIAN_POINT ( 'NONE',  ( -7.381249999999998800, 0.9577164262227498800, 0.5529378364870308800 ) ) ;
#2471 = CARTESIAN_POINT ( 'NONE',  ( 7.137499999999999300, -2.031460654743916600E-016, 1.105875672974062900 ) ) ;
#2472 = ORIENTED_EDGE ( 'NONE', *, *, #1365, .F. ) ;
#2473 =( BOUNDED_CURVE ( )  B_SPLINE_CURVE ( 2, ( #4274, #383, #3534, #4634, #3896, #4607, #1443, #2428, #998 ),
 .UNSPECIFIED., .F., .F. ) 
 B_SPLINE_CURVE_WITH_KNOTS ( ( 3, 2, 2, 2, 3 ),
 ( 0.6136363636363636500, 0.6212121212121212200, 0.6363636363636363500, 0.6515151515151514900, 0.6590909090909090600 ),
 .UNSPECIFIED. ) 
 CURVE ( )  GEOMETRIC_REPRESENTATION_ITEM ( )  RATIONAL_B_SPLINE_CURVE ( ( 0.9330127018922194100, 0.9330127018922194100, 1.000000000000000000, 0.8660254037844387100, 1.000000000000000000, 0.8660254037844387100, 1.000000000000000000, 0.9330127018922194100, 0.9330127018922194100 ) ) 
 REPRESENTATION_ITEM ( '' )  );
#2474 = DIRECTION ( 'NONE',  ( 1.000000000000000000, 0.0000000000000000000, 0.0000000000000000000 ) ) ;
#2475 = CARTESIAN_POINT ( 'NONE',  ( 9.500000000000000000, 1.250000000000000000, 0.0000000000000000000 ) ) ;
#2476 = CARTESIAN_POINT ( 'NONE',  ( -6.200000000000001100, 0.4788582131113742800, -0.8294067547305469200 ) ) ;
#2477 = CYLINDRICAL_SURFACE ( 'NONE', #3948, 1.250000000000000000 ) ;
#2478 = CARTESIAN_POINT ( 'NONE',  ( 7.775000000000000400, -0.4788582131113751100, -0.8294067547305472600 ) ) ;
#2479 = CARTESIAN_POINT ( 'NONE',  ( 8.750000000000000000, -0.6250000000000005600, 1.082531754730548200 ) ) ;
#2480 = CARTESIAN_POINT ( 'NONE',  ( -9.574999999999999300, 0.6249999999999990000, -1.082531754730548600 ) ) ;
#2481 = FACE_OUTER_BOUND ( 'NONE', #822, .T. ) ;
#2482 = CARTESIAN_POINT ( 'NONE',  ( -9.899200000000000400, 1.245793954082214500, -0.1024569371599630500 ) ) ;
#2483 = EDGE_CURVE ( 'NONE', #96, #3952, #4022, .T. ) ;
#2484 = CARTESIAN_POINT ( 'NONE',  ( 7.362500000000000700, 6.771535515813057500E-017, -1.105875672974062900 ) ) ;
#2485 = DIRECTION ( 'NONE',  ( 1.000000000000000000, 0.0000000000000000000, 0.0000000000000000000 ) ) ;
#2486 = FACE_OUTER_BOUND ( 'NONE', #4628, .T. ) ;
#2487 = CARTESIAN_POINT ( 'NONE',  ( 7.475000000000000500, 0.9577164262227506600, 0.0000000000000000000 ) ) ;
#2488 = ADVANCED_FACE ( 'NONE', ( #3869 ), #851, .T. ) ;
#2489 = FACE_OUTER_BOUND ( 'NONE', #2084, .T. ) ;
#2490 = CARTESIAN_POINT ( 'NONE',  ( 6.050000000000000700, 0.0000000000000000000, 0.0000000000000000000 ) ) ;
#2491 = CARTESIAN_POINT ( 'NONE',  ( -6.687500000000000900, -2.031460654743915200E-016, -1.105875672974062000 ) ) ;
#2492 = CYLINDRICAL_SURFACE ( 'NONE', #2995, 1.250000000000000000 ) ;
#2493 = CARTESIAN_POINT ( 'NONE',  ( 9.500000000000000000, 1.250000000000000000, 0.0000000000000000000 ) ) ;
#2494 = DIRECTION ( 'NONE',  ( 0.0000000000000000000, -0.4999999999999996100, -0.8660254037844389300 ) ) ;
#2495 = CARTESIAN_POINT ( 'NONE',  ( 6.462500000000001200, 6.771535515813057500E-017, -1.105875672974062900 ) ) ;
#2496 = CARTESIAN_POINT ( 'NONE',  ( -9.350000000000001400, 0.4788582131113742800, -0.8294067547305469200 ) ) ;
#2497 = VERTEX_POINT ( 'NONE', #3094 ) ;
#2498 =( BOUNDED_CURVE ( )  B_SPLINE_CURVE ( 2, ( #4335, #4661, #1779, #4679, #2475, #1746, #330, #3226, #1030 ),
 .UNSPECIFIED., .F., .T. ) 
 B_SPLINE_CURVE_WITH_KNOTS ( ( 3, 2, 2, 2, 3 ),
 ( 0.07500000000000019200, 0.08333333333333332900, 0.1000000000000000100, 0.1166666666666666700, 0.1250000000000000000 ),
 .UNSPECIFIED. ) 
 CURVE ( )  GEOMETRIC_REPRESENTATION_ITEM ( )  RATIONAL_B_SPLINE_CURVE ( ( 0.9330127018922194100, 0.9330127018922209600, 1.000000000000000000, 0.8660254037844387100, 1.000000000000000000, 0.8660254037844387100, 1.000000000000000000, 0.9330127018922194100, 0.9330127018922194100 ) ) 
 REPRESENTATION_ITEM ( '' )  );
#2499 = CARTESIAN_POINT ( 'NONE',  ( 8.112499999999998900, -0.9577164262227507700, 0.5529378364870311000 ) ) ;
#2500 = CARTESIAN_POINT ( 'NONE',  ( -6.368749999999999500, -0.4788582131113747800, 0.8294067547305465900 ) ) ;
#2501 = CARTESIAN_POINT ( 'NONE',  ( -6.217403810567665400, -0.3349364905389030600, 1.249999999999999800 ) ) ;
#2502 = CARTESIAN_POINT ( 'NONE',  ( -8.618750000000002100, 0.6249999999999990000, -1.082531754730548600 ) ) ;
#2503 = CARTESIAN_POINT ( 'NONE',  ( -9.799999999999998900, 0.4788582131113742800, -0.8294067547305469200 ) ) ;
#2504 = ORIENTED_EDGE ( 'NONE', *, *, #2234, .F. ) ;
#2505 = EDGE_CURVE ( 'NONE', #3496, #2704, #3693, .T. ) ;
#2506 = CARTESIAN_POINT ( 'NONE',  ( 7.812500000000000000, -2.651438096812267400E-016, 1.443375672974064300 ) ) ;
#2507 = APPLICATION_PROTOCOL_DEFINITION ( 'international standard', 'config_control_design', 1994, #1810 ) ;
#2508 = CARTESIAN_POINT ( 'NONE',  ( 6.049999999999999800, 0.0000000000000000000, 0.0000000000000000000 ) ) ;
#2509 = ORIENTED_EDGE ( 'NONE', *, *, #4340, .F. ) ;
#2510 = CARTESIAN_POINT ( 'NONE',  ( -9.749038105676659100, -2.598076211353316500, -2.587034311127658300E-015 ) ) ;
#2511 = CARTESIAN_POINT ( 'NONE',  ( -9.606916426222753100, -0.07129973764664798700, 0.9550586895413256700 ) ) ;
#2512 = EDGE_CURVE ( 'NONE', #1063, #2065, #3745, .T. ) ;
#2513 = CARTESIAN_POINT ( 'NONE',  ( 9.087500000000000400, -0.9577164262227504400, -0.5529378364870317600 ) ) ;
#2514 = DIRECTION ( 'NONE',  ( 0.0000000000000000000, 0.0000000000000000000, -1.000000000000000000 ) ) ;
#2515 = CARTESIAN_POINT ( 'NONE',  ( -9.762500000000001100, 0.9577164262227496600, -0.5529378364870315400 ) ) ;
#2516 = VERTEX_POINT ( 'NONE', #848 ) ;
#2517 = CARTESIAN_POINT ( 'NONE',  ( 7.625000000000000900, 0.6250000000000001100, -1.082531754730548400 ) ) ;
#2518 = APPROVAL_STATUS ( 'not_yet_approved' ) ;
#2519 = CARTESIAN_POINT ( 'NONE',  ( 7.175000000000000700, 0.6250000000000001100, -1.082531754730548400 ) ) ;
#2520 = CARTESIAN_POINT ( 'NONE',  ( -6.462500000000001200, 6.771535515813051300E-017, 1.105875672974062000 ) ) ;
#2521 = CC_DESIGN_PERSON_AND_ORGANIZATION_ASSIGNMENT ( #798, #4667, ( #4171 ) ) ;
#2522 = ORIENTED_EDGE ( 'NONE', *, *, #1782, .F. ) ;
#2523 =( BOUNDED_CURVE ( )  B_SPLINE_CURVE ( 2, ( #4373, #2554, #1119, #4025, #1846, #3770, #2637, #4058, #1877 ),
 .UNSPECIFIED., .F., .F. ) 
 B_SPLINE_CURVE_WITH_KNOTS ( ( 3, 2, 2, 2, 3 ),
 ( 0.7500000000000000000, 0.7575757575757575700, 0.7727272727272727100, 0.7878787878787878500, 0.7954545454545454100 ),
 .UNSPECIFIED. ) 
 CURVE ( )  GEOMETRIC_REPRESENTATION_ITEM ( )  RATIONAL_B_SPLINE_CURVE ( ( 0.9330127018922194100, 0.9330127018922194100, 1.000000000000000000, 0.8660254037844387100, 1.000000000000000000, 0.8660254037844387100, 1.000000000000000000, 0.9330127018922194100, 0.9330127018922194100 ) ) 
 REPRESENTATION_ITEM ( '' )  );
#2524 = CARTESIAN_POINT ( 'NONE',  ( 7.887499999999999300, 0.9577164262227506600, -0.5529378364870313200 ) ) ;
#2525 = ADVANCED_FACE ( 'NONE', ( #694 ), #4479, .F. ) ;
#2526 = FACE_OUTER_BOUND ( 'NONE', #3608, .T. ) ;
#2527 = CARTESIAN_POINT ( 'NONE',  ( 9.387499999999999300, 1.743066579297358300E-016, -1.250000000000000000 ) ) ;
#2528 = CARTESIAN_POINT ( 'NONE',  ( -9.626985303483307300, 0.9083737707813716000, 0.4164048461585791400 ) ) ;
#2529 = DIRECTION ( 'NONE',  ( 1.000000000000000000, 0.0000000000000000000, -0.0000000000000000000 ) ) ;
#2530 = CARTESIAN_POINT ( 'NONE',  ( -9.871727692845874800, 2.385571612819398000, 0.3680687615027741200 ) ) ;
#2531 = EDGE_CURVE ( 'NONE', #628, #913, #968, .T. ) ;
#2532 = VECTOR ( 'NONE', #306, 1000.000000000000000 ) ;
#2533 = CARTESIAN_POINT ( 'NONE',  ( 5.909840643572635200, -1.088411935946737900, 2.250000000000000400 ) ) ;
#2534 = CARTESIAN_POINT ( 'NONE',  ( 9.199999999999999300, -0.6250000000000005600, 1.082531754730548200 ) ) ;
#2535 = CARTESIAN_POINT ( 'NONE',  ( -9.860744989968457800, -1.511897080250318400, -1.881317441191410900 ) ) ;
#2536 = LINE ( 'NONE', #2070, #1361 ) ;
#2537 = EDGE_CURVE ( 'NONE', #3603, #560, #3832, .T. ) ;
#2538 = CARTESIAN_POINT ( 'NONE',  ( 9.950000000000001100, 0.0000000000000000000, 0.0000000000000000000 ) ) ;
#2539 = CARTESIAN_POINT ( 'NONE',  ( -7.437499999999999100, 0.9577164262227498800, 0.5529378364870308800 ) ) ;
#2540 = CARTESIAN_POINT ( 'NONE',  ( 9.968749999999998200, 0.6249999999999991100, 1.082531754730548900 ) ) ;
#2541 = CIRCLE ( 'NONE', #3817, 2.249999999999999600 ) ;
#2542 = CARTESIAN_POINT ( 'NONE',  ( 8.843750000000000000, 0.4788582131113746100, 0.8294067547305475900 ) ) ;
#2543 = CARTESIAN_POINT ( 'NONE',  ( -6.218749999999999100, -0.4788582131113754400, -0.8294067547305463700 ) ) ;
#2544 = CARTESIAN_POINT ( 'NONE',  ( -6.481249999999999300, 0.9577164262227498800, 0.5529378364870308800 ) ) ;
#2545 = EDGE_LOOP ( 'NONE', ( #51, #3994, #3213 ) ) ;
#2546 = DIRECTION ( 'NONE',  ( -1.000000000000000000, -0.0000000000000000000, -0.0000000000000000000 ) ) ;
#2547 = CARTESIAN_POINT ( 'NONE',  ( -8.937500000000001800, -2.031460654743915200E-016, -1.105875672974062000 ) ) ;
#2548 = CARTESIAN_POINT ( 'NONE',  ( 6.987500000000000700, -1.250000000000000200, 0.7216878364870317200 ) ) ;
#2549 = ADVANCED_FACE ( 'NONE', ( #2486 ), #4422, .T. ) ;
#2550 = AXIS2_PLACEMENT_3D ( 'NONE', #2769, #980, #3530 ) ;
#2551 = CARTESIAN_POINT ( 'NONE',  ( 7.212500000000000400, 1.250000000000000000, -0.7216878364870320500 ) ) ;
#2552 = ORIENTED_EDGE ( 'NONE', *, *, #2172, .T. ) ;
#2553 = CARTESIAN_POINT ( 'NONE',  ( -8.506249999999999600, 1.250000000000000000, 0.7216878364870319400 ) ) ;
#2554 = CARTESIAN_POINT ( 'NONE',  ( -6.611153810567667900, -0.3349364905389030600, 1.249999999999999800 ) ) ;
#2555 = CARTESIAN_POINT ( 'NONE',  ( -7.212500000000000400, -0.9577164262227502200, -0.5529378364870306500 ) ) ;
#2556 = ORIENTED_EDGE ( 'NONE', *, *, #1037, .F. ) ;
#2557 = CARTESIAN_POINT ( 'NONE',  ( 6.125000000000000000, 0.9577164262227506600, 0.0000000000000000000 ) ) ;
#2558 = CARTESIAN_POINT ( 'NONE',  ( -5.543750000000000200, 0.4788582131113751100, 0.8294067547305464800 ) ) ;
#2559 = ORIENTED_EDGE ( 'NONE', *, *, #2601, .T. ) ;
#2560 = CARTESIAN_POINT ( 'NONE',  ( 7.850000000000001400, -0.6250000000000005600, 1.082531754730548200 ) ) ;
#2561 = CARTESIAN_POINT ( 'NONE',  ( -8.636153810567666500, 0.3349364905389038400, -1.249999999999999600 ) ) ;
#2562 = CARTESIAN_POINT ( 'NONE',  ( -7.400000000000000400, -0.6250000000000004400, -1.082531754730548000 ) ) ;
#2563 = CARTESIAN_POINT ( 'NONE',  ( -7.924999999999999800, 0.9577164262227499900, 0.0000000000000000000 ) ) ;
#2564 = EDGE_CURVE ( 'NONE', #1069, #2740, #1748, .T. ) ;
#2565 = CARTESIAN_POINT ( 'NONE',  ( 6.687500000000000900, 8.838126989374223500E-017, -1.443375672974064300 ) ) ;
#2566 = CARTESIAN_POINT ( 'NONE',  ( -9.031250000000001800, 1.249999999999999600, -0.7216878364870328300 ) ) ;
#2567 = CARTESIAN_POINT ( 'NONE',  ( -5.150000000000001200, 1.530808498934191600E-016, -1.250000000000000000 ) ) ;
#2568 = CARTESIAN_POINT ( 'NONE',  ( -7.962500000000001200, 0.9577164262227496600, -0.5529378364870315400 ) ) ;
#2569 = AXIS2_PLACEMENT_3D ( 'NONE', #3744, #1615, #4527 ) ;
#2570 = CARTESIAN_POINT ( 'NONE',  ( 6.275000000000000400, -0.4788582131113757200, 0.8294067547305469200 ) ) ;
#2571 = VERTEX_POINT ( 'NONE', #1579 ) ;
#2572 = CARTESIAN_POINT ( 'NONE',  ( -7.531250000000000000, -2.031460654743915200E-016, -1.105875672974062000 ) ) ;
#2573 = ADVANCED_FACE ( 'NONE', ( #187 ), #2891, .F. ) ;
#2574 = DIRECTION ( 'NONE',  ( -1.000000000000000000, -0.0000000000000000000, -0.0000000000000000000 ) ) ;
#2575 = CARTESIAN_POINT ( 'NONE',  ( -5.787500000000000500, 1.743066579297358300E-016, 1.249999999999999600 ) ) ;
#2576 = CARTESIAN_POINT ( 'NONE',  ( -7.550000000000000700, -0.6249999999999995600, 1.082531754730548400 ) ) ;
#2577 = EDGE_LOOP ( 'NONE', ( #1623, #89, #715, #2607 ) ) ;
#2578 = AXIS2_PLACEMENT_3D ( 'NONE', #3958, #4613, #709 ) ;
#2579 = CARTESIAN_POINT ( 'NONE',  ( -7.175000000000000700, -0.4788582131113754400, -0.8294067547305463700 ) ) ;
#2580 = CARTESIAN_POINT ( 'NONE',  ( 6.837500000000000400, 1.249999999999999800, 0.7216878364870329400 ) ) ;
#2581 = LINE ( 'NONE', #852, #3465 ) ;
#2582 = CARTESIAN_POINT ( 'NONE',  ( -9.331250000000000700, -9.877377282685031300E-016, 1.249999999999999800 ) ) ;
#2583 = CARTESIAN_POINT ( 'NONE',  ( -10.26875000000000100, 0.6250000000000000000, 1.082531754730548200 ) ) ;
#2584 =( BOUNDED_CURVE ( )  B_SPLINE_CURVE ( 2, ( #1585, #184, #1566, #1229, #867, #2311, #555 ),
 .UNSPECIFIED., .F., .F. ) 
 B_SPLINE_CURVE_WITH_KNOTS ( ( 3, 2, 2, 3 ),
 ( 0.9318181818181818800, 0.9393939393939394500, 0.9545454545454545900, 0.9696969696969697200 ),
 .UNSPECIFIED. ) 
 CURVE ( )  GEOMETRIC_REPRESENTATION_ITEM ( )  RATIONAL_B_SPLINE_CURVE ( ( 0.9330127018922194100, 0.9330127018922198500, 1.000000000000000000, 0.8660254037844387100, 1.000000000000000000, 0.8660254037844387100, 1.000000000000000000 ) ) 
 REPRESENTATION_ITEM ( '' )  );
#2585 = DIRECTION ( 'NONE',  ( -1.000000000000000000, -0.0000000000000000000, -0.0000000000000000000 ) ) ;
#2586 = CARTESIAN_POINT ( 'NONE',  ( -8.731250000000001100, -1.250000000000000000, -0.7216878364870316100 ) ) ;
#2587 = FACE_OUTER_BOUND ( 'NONE', #2962, .T. ) ;
#2588 = CARTESIAN_POINT ( 'NONE',  ( 9.106250000000001100, -2.651438096812267400E-016, 1.443375672974064300 ) ) ;
#2589 = CARTESIAN_POINT ( 'NONE',  ( 9.799999999999998900, 0.4788582131113746100, 0.8294067547305475900 ) ) ;
#2590 = CARTESIAN_POINT ( 'NONE',  ( -9.950000000000001100, 1.593020556330876900E-016, -1.300800000000000000 ) ) ;
#2591 = VECTOR ( 'NONE', #1003, 1000.000000000000000 ) ;
#2592 = CARTESIAN_POINT ( 'NONE',  ( -5.356249999999999300, -0.9577164262227502200, -0.5529378364870306500 ) ) ;
#2593 = CARTESIAN_POINT ( 'NONE',  ( 9.683620422159931400, -0.8642120240481761000, -0.8352885457708945100 ) ) ;
#2594 = CARTESIAN_POINT ( 'NONE',  ( -9.950000000000001100, 2.598076211353316500, 9.161973734447515100E-016 ) ) ;
#2595 = CARTESIAN_POINT ( 'NONE',  ( -8.037500000000001400, 8.838126989374222200E-017, 1.443375672974064100 ) ) ;
#2596 = CARTESIAN_POINT ( 'NONE',  ( -7.662499999999999600, -0.9577164262227502200, -0.5529378364870306500 ) ) ;
#2597 = LINE ( 'NONE', #1171, #3588 ) ;
#2598 = CARTESIAN_POINT ( 'NONE',  ( 7.212500000000000400, 1.250000000000000000, -0.7216878364870320500 ) ) ;
#2599 = CARTESIAN_POINT ( 'NONE',  ( -5.150000000000001200, -0.6250000000000004400, -1.082531754730548000 ) ) ;
#2600 = CARTESIAN_POINT ( 'NONE',  ( -8.318749999999999600, -1.249999999999999800, 1.530808498934191300E-016 ) ) ;
#2601 = EDGE_CURVE ( 'NONE', #3887, #3317, #2952, .T. ) ;
#2602 = CARTESIAN_POINT ( 'NONE',  ( -5.150000000000001200, 0.0000000000000000000, 0.0000000000000000000 ) ) ;
#2603 = CARTESIAN_POINT ( 'NONE',  ( -8.656250000000001800, 1.888322127572138500E-015, -1.249999999999999800 ) ) ;
#2604 = CARTESIAN_POINT ( 'NONE',  ( 6.049999999999998900, -0.2198740743429155300, -2.250000000000001300 ) ) ;
#2605 = CARTESIAN_POINT ( 'NONE',  ( 9.556249999999998600, -2.651438096812267400E-016, 1.443375672974064300 ) ) ;
#2606 = CARTESIAN_POINT ( 'NONE',  ( 8.937500000000001800, -2.031460654743916600E-016, 1.105875672974062900 ) ) ;
#2607 = ORIENTED_EDGE ( 'NONE', *, *, #498, .F. ) ;
#2608 = DIRECTION ( 'NONE',  ( -1.000000000000000000, 0.0000000000000000000, 0.0000000000000000000 ) ) ;
#2609 = CARTESIAN_POINT ( 'NONE',  ( 7.906249999999998200, -1.250000000000000000, -0.7216878364870327200 ) ) ;
#2610 = CARTESIAN_POINT ( 'NONE',  ( -9.809883143657234700, -1.088264711335030800, -2.250000000000001300 ) ) ;
#2611 = CARTESIAN_POINT ( 'NONE',  ( 5.849038105676658700, 1.299038105676657600, 2.250000000000000900 ) ) ;
#2612 = CARTESIAN_POINT ( 'NONE',  ( -7.587500000000000400, 8.838126989374222200E-017, 1.443375672974064100 ) ) ;
#2613 = CARTESIAN_POINT ( 'NONE',  ( -8.637499999999999300, -0.9577164262227497700, 0.5529378364870313200 ) ) ;
#2614 = ORIENTED_EDGE ( 'NONE', *, *, #2531, .T. ) ;
#2615 =( BOUNDED_CURVE ( )  B_SPLINE_CURVE ( 2, ( #1694, #2091, #2480, #1337, #2809, #3184, #2120, #2855, #2839 ),
 .UNSPECIFIED., .F., .F. ) 
 B_SPLINE_CURVE_WITH_KNOTS ( ( 3, 2, 2, 2, 3 ),
 ( 0.06818181818181819100, 0.07575757575757576000, 0.09090909090909091200, 0.1060606060606060600, 0.1136363636363636500 ),
 .UNSPECIFIED. ) 
 CURVE ( )  GEOMETRIC_REPRESENTATION_ITEM ( )  RATIONAL_B_SPLINE_CURVE ( ( 0.9330127018922194100, 0.9330127018922194100, 1.000000000000000000, 0.8660254037844387100, 1.000000000000000000, 0.8660254037844387100, 1.000000000000000000, 0.9330127018922193000, 0.9330127018922194100 ) ) 
 REPRESENTATION_ITEM ( '' )  );
#2616 = VERTEX_POINT ( 'NONE', #530 ) ;
#2617 = CARTESIAN_POINT ( 'NONE',  ( 7.100000000000000500, -0.6249999999999996700, -1.082531754730548400 ) ) ;
#2618 = CARTESIAN_POINT ( 'NONE',  ( 6.840040000000001900, -0.2069944435875912500, -0.9350797042930306700 ) ) ;
#2619 = CARTESIAN_POINT ( 'NONE',  ( -8.768750000000000700, -1.249999999999999800, 1.530808498934191300E-016 ) ) ;
#2620 = VERTEX_POINT ( 'NONE', #917 ) ;
#2621 = DIRECTION ( 'NONE',  ( 0.0000000000000000000, 0.0000000000000000000, 1.000000000000000000 ) ) ;
#2622 = CARTESIAN_POINT ( 'NONE',  ( -9.875000000000000000, 0.6250000000000000000, 1.082531754730548200 ) ) ;
#2623 = CARTESIAN_POINT ( 'NONE',  ( -5.375000000000000000, -0.4788582131113754400, -0.8294067547305463700 ) ) ;
#2624 = CARTESIAN_POINT ( 'NONE',  ( 7.868749999999998600, -1.250000000000000000, -1.530808498934191600E-016 ) ) ;
#2625 = ORIENTED_EDGE ( 'NONE', *, *, #3980, .F. ) ;
#2626 = CARTESIAN_POINT ( 'NONE',  ( 9.312500000000001800, 0.9577164262227503300, 0.5529378364870319900 ) ) ;
#2627 = CARTESIAN_POINT ( 'NONE',  ( 5.909690429310168200, 1.088932293415951800, 2.250000000000000900 ) ) ;
#2628 = CARTESIAN_POINT ( 'NONE',  ( 9.719483213111463000, 2.053622941508838700E-012, -1.143016786888541200 ) ) ;
#2629 = CARTESIAN_POINT ( 'NONE',  ( -8.731249999999999300, 0.9577164262227498800, 0.5529378364870308800 ) ) ;
#2630 = CARTESIAN_POINT ( 'NONE',  ( -9.612500000000000700, -2.651438096812266900E-016, -1.443375672974064100 ) ) ;
#2631 = CARTESIAN_POINT ( 'NONE',  ( -7.062500000000000000, 0.9577164262227496600, -0.5529378364870315400 ) ) ;
#2632 = EDGE_CURVE ( 'NONE', #422, #4683, #216, .T. ) ;
#2633 = ORIENTED_EDGE ( 'NONE', *, *, #1638, .T. ) ;
#2634 = CARTESIAN_POINT ( 'NONE',  ( 8.056249999999998600, -0.9577164262227507700, 0.5529378364870311000 ) ) ;
#2635 = DIRECTION ( 'NONE',  ( 1.000000000000000000, 0.0000000000000000000, 0.0000000000000000000 ) ) ;
#2636 = CARTESIAN_POINT ( 'NONE',  ( -7.493750000000000400, -0.6249999999999995600, 1.082531754730548400 ) ) ;
#2637 = CARTESIAN_POINT ( 'NONE',  ( -6.443750000000000500, -0.6250000000000004400, -1.082531754730548000 ) ) ;
#2638 = ORIENTED_EDGE ( 'NONE', *, *, #2765, .F. ) ;
#2639 = CARTESIAN_POINT ( 'NONE',  ( 6.031074065313648100, -0.4380882898101287600, -2.250000000000001800 ) ) ;
#2640 = AXIS2_PLACEMENT_3D ( 'NONE', #2602, #2585, #2621 ) ;
#2641 = CARTESIAN_POINT ( 'NONE',  ( 7.606249999999998400, 1.250000000000000000, -0.7216878364870320500 ) ) ;
#2642 = CARTESIAN_POINT ( 'NONE',  ( -10.34375000000000000, 1.249999999999999800, 0.0000000000000000000 ) ) ;
#2643 = EDGE_LOOP ( 'NONE', ( #1107, #2614, #2633 ) ) ;
#2644 = CARTESIAN_POINT ( 'NONE',  ( 7.961153810567665800, -0.3349364905389031800, -1.250000000000000000 ) ) ;
#2645 = CARTESIAN_POINT ( 'NONE',  ( -5.562500000000000000, -4.938688641342514700E-016, -1.249999999999999800 ) ) ;
#2646 = CARTESIAN_POINT ( 'NONE',  ( -8.393750000000000700, 0.4788582131113742800, -0.8294067547305469200 ) ) ;
#2647 = CARTESIAN_POINT ( 'NONE',  ( -9.199999999999999300, -0.6250000000000004400, -1.082531754730548000 ) ) ;
#2648 = CIRCLE ( 'NONE', #3795, 2.250000000000000000 ) ;
#2649 = CARTESIAN_POINT ( 'NONE',  ( -6.237499999999999800, -2.031460654743915200E-016, -1.105875672974062000 ) ) ;
#2650 = CARTESIAN_POINT ( 'NONE',  ( 9.518749999999998900, -0.4788582131113751100, -0.8294067547305472600 ) ) ;
#2651 = DIRECTION ( 'NONE',  ( -0.7071067811865477900, 0.0000000000000000000, 0.7071067811865473500 ) ) ;
#2652 = CARTESIAN_POINT ( 'NONE',  ( -5.806250000000000400, 1.250000000000000000, 0.7216878364870319400 ) ) ;
#2653 = VECTOR ( 'NONE', #3945, 1000.000000000000000 ) ;
#2654 = DIRECTION ( 'NONE',  ( 0.0000000000000000000, 0.4999999999999996100, 0.8660254037844388200 ) ) ;
#2655 = CARTESIAN_POINT ( 'NONE',  ( -5.675000000000000700, 0.9577164262227499900, 0.0000000000000000000 ) ) ;
#2656 = CARTESIAN_POINT ( 'NONE',  ( 8.018749999999998900, 0.6250000000000001100, -1.082531754730548400 ) ) ;
#2657 = FACE_OUTER_BOUND ( 'NONE', #3395, .T. ) ;
#2658 = CARTESIAN_POINT ( 'NONE',  ( -9.350000000000001400, -0.6249999999999995600, 1.082531754730548400 ) ) ;
#2659 = CARTESIAN_POINT ( 'NONE',  ( -9.860744989968445400, 2.385217236779677100, -0.3686825588085543300 ) ) ;
#2660 = CARTESIAN_POINT ( 'NONE',  ( 8.901346189432333100, 0.3349364905389024500, -1.250000000000000200 ) ) ;
#2661 = CARTESIAN_POINT ( 'NONE',  ( -9.762500000000001100, -1.249999999999999600, 0.7216878364870325000 ) ) ;
#2662 = CARTESIAN_POINT ( 'NONE',  ( -5.150000000000001200, 0.0000000000000000000, 1.250000000000000000 ) ) ;
#2663 = VECTOR ( 'NONE', #3300, 1000.000000000000000 ) ;
#2664 = CARTESIAN_POINT ( 'NONE',  ( -9.749038105676728300, -1.299038105676761500, 2.250000000000000900 ) ) ;
#2665 = CARTESIAN_POINT ( 'NONE',  ( -9.068749999999997900, -0.4788582131113747800, 0.8294067547305465900 ) ) ;
#2666 = EDGE_CURVE ( 'NONE', #775, #3228, #1575, .T. ) ;
#2667 = CARTESIAN_POINT ( 'NONE',  ( -9.237500000000000700, -1.250000000000000000, -0.7216878364870315000 ) ) ;
#2668 = CARTESIAN_POINT ( 'NONE',  ( -8.956249999999998900, -0.9577164262227502200, -0.5529378364870306500 ) ) ;
#2669 = LINE ( 'NONE', #4260, #1033 ) ;
#2670 = CARTESIAN_POINT ( 'NONE',  ( 9.293749999999999300, 0.4788582131113746100, 0.8294067547305475900 ) ) ;
#2671 = CARTESIAN_POINT ( 'NONE',  ( 7.011482200758371700, 9.836705729168091600E-013, -1.129158626981123100 ) ) ;
#2672 = CARTESIAN_POINT ( 'NONE',  ( -6.781250000000000900, 1.249999999999999600, -0.7216878364870328300 ) ) ;
#2673 = EDGE_CURVE ( 'NONE', #2445, #2457, #2389, .T. ) ;
#2674 = CARTESIAN_POINT ( 'NONE',  ( 8.056249999999998600, -0.9577164262227507700, 0.5529378364870311000 ) ) ;
#2675 = ORIENTED_EDGE ( 'NONE', *, *, #141, .T. ) ;
#2676 = CARTESIAN_POINT ( 'NONE',  ( 8.318749999999999600, -1.250000000000000000, -1.530808498934191600E-016 ) ) ;
#2677 = DIRECTION ( 'NONE',  ( -1.000000000000000000, -0.0000000000000000000, -0.0000000000000000000 ) ) ;
#2678 = CARTESIAN_POINT ( 'NONE',  ( 7.662499999999999600, -0.9577164262227508800, 0.5529378364870311000 ) ) ;
#2679 = CARTESIAN_POINT ( 'NONE',  ( 9.893749999999998900, -0.9577164262227506600, -1.172864355864533800E-016 ) ) ;
#2680 = CARTESIAN_POINT ( 'NONE',  ( 8.281249999999998200, -1.250000000000000200, 0.7216878364870317200 ) ) ;
#2681 = ORIENTED_EDGE ( 'NONE', *, *, #4472, .F. ) ;
#2682 =( BOUNDED_CURVE ( )  B_SPLINE_CURVE ( 2, ( #313, #298, #25, #3990, #651, #4363, #2182, #635, #1370 ),
 .UNSPECIFIED., .F., .F. ) 
 B_SPLINE_CURVE_WITH_KNOTS ( ( 3, 2, 2, 2, 3 ),
 ( 0.5681818181818182300, 0.5757575757575758000, 0.5909090909090909400, 0.6060606060606060800, 0.6136363636363636500 ),
 .UNSPECIFIED. ) 
 CURVE ( )  GEOMETRIC_REPRESENTATION_ITEM ( )  RATIONAL_B_SPLINE_CURVE ( ( 0.9330127018922194100, 0.9330127018922198500, 1.000000000000000000, 0.8660254037844387100, 1.000000000000000000, 0.8660254037844387100, 1.000000000000000000, 0.9330127018922194100, 0.9330127018922194100 ) ) 
 REPRESENTATION_ITEM ( '' )  );
#2683 = CARTESIAN_POINT ( 'NONE',  ( -7.981250000000000200, 1.743066579297358300E-016, 1.249999999999999600 ) ) ;
#2684 = CARTESIAN_POINT ( 'NONE',  ( 8.056249999999998600, 1.250000000000000000, -0.7216878364870320500 ) ) ;
#2685 = CARTESIAN_POINT ( 'NONE',  ( -9.600042994495869000, 0.5592169357623583100, 0.7830116245762669400 ) ) ;
#2686 = CARTESIAN_POINT ( 'NONE',  ( -5.525000000000001200, 0.6249999999999990000, -1.082531754730548600 ) ) ;
#2687 = CARTESIAN_POINT ( 'NONE',  ( -9.743749999999998600, 0.4788582131113742800, -0.8294067547305469200 ) ) ;
#2688 = VERTEX_POINT ( 'NONE', #3884 ) ;
#2689 = CARTESIAN_POINT ( 'NONE',  ( 9.256249999999997900, 0.9577164262227503300, 0.5529378364870319900 ) ) ;
#2690 = ORIENTED_EDGE ( 'NONE', *, *, #4164, .T. ) ;
#2691 = CARTESIAN_POINT ( 'NONE',  ( -9.949999999999999300, -2.058803302138241700, 0.9340480779059852100 ) ) ;
#2692 = CARTESIAN_POINT ( 'NONE',  ( -6.331250000000001600, 1.249999999999999600, -0.7216878364870328300 ) ) ;
#2693 = CARTESIAN_POINT ( 'NONE',  ( 7.568749999999998800, -0.4788582131113757200, 0.8294067547305469200 ) ) ;
#2694 = CARTESIAN_POINT ( 'NONE',  ( -9.837270788819749300, -0.5706636787408743100, 1.052629760049923500 ) ) ;
#2695 = CARTESIAN_POINT ( 'NONE',  ( 7.981249999999998400, 8.838126989374223500E-017, -1.443375672974064300 ) ) ;
#2696 = DIRECTION ( 'NONE',  ( 0.0000000000000000000, 0.0000000000000000000, 1.000000000000000000 ) ) ;
#2697 = CARTESIAN_POINT ( 'NONE',  ( 7.100000000000000500, 0.4788582131113746100, 0.8294067547305475900 ) ) ;
#2698 = CARTESIAN_POINT ( 'NONE',  ( 9.106250000000001100, 6.771535515813057500E-017, -1.105875672974062900 ) ) ;
#2699 = DIRECTION ( 'NONE',  ( 0.0000000000000000000, 0.5000000000000001100, -0.8660254037844386000 ) ) ;
#2700 = CARTESIAN_POINT ( 'NONE',  ( -10.08124999999999900, 0.9577164262227498800, 0.5529378364870308800 ) ) ;
#2701 = CARTESIAN_POINT ( 'NONE',  ( -8.956249999999998900, -0.9577164262227502200, -0.5529378364870306500 ) ) ;
#2702 = CARTESIAN_POINT ( 'NONE',  ( -6.050000000000000700, -0.6250000000000004400, -1.082531754730548000 ) ) ;
#2703 = ORIENTED_EDGE ( 'NONE', *, *, #3904, .F. ) ;
#2704 = VERTEX_POINT ( 'NONE', #4186 ) ;
#2705 = CARTESIAN_POINT ( 'NONE',  ( -6.349999999999999600, -0.9577164262227499900, 1.172864355864533000E-016 ) ) ;
#2706 = EDGE_CURVE ( 'NONE', #289, #608, #1024, .T. ) ;
#2707 = DIRECTION ( 'NONE',  ( 0.0000000000000000000, 0.0000000000000000000, 1.000000000000000000 ) ) ;
#2708 = ORIENTED_EDGE ( 'NONE', *, *, #1452, .T. ) ;
#2709 = CARTESIAN_POINT ( 'NONE',  ( -9.950000000000002800, 1.727238319854174800, -1.508335473232667300 ) ) ;
#2710 = CARTESIAN_POINT ( 'NONE',  ( -6.668750000000001100, 0.6250000000000000000, 1.082531754730548200 ) ) ;
#2711 = CARTESIAN_POINT ( 'NONE',  ( 7.981249999999998400, -2.031460654743916600E-016, 1.105875672974062900 ) ) ;
#2712 = CIRCLE ( 'NONE', #4419, 2.249999999999999600 ) ;
#2713 = CARTESIAN_POINT ( 'NONE',  ( -7.043750000000001100, -0.6249999999999995600, 1.082531754730548400 ) ) ;
#2714 = CARTESIAN_POINT ( 'NONE',  ( 7.250000000000000000, -0.9577164262227506600, -1.172864355864533800E-016 ) ) ;
#2715 = CARTESIAN_POINT ( 'NONE',  ( 9.086153810567664000, 0.3349364905389038400, 1.249999999999999800 ) ) ;
#2716 = CARTESIAN_POINT ( 'NONE',  ( -9.650000000000000400, -0.6250000000000004400, -1.082531754730548000 ) ) ;
#2717 = FACE_OUTER_BOUND ( 'NONE', #3521, .T. ) ;
#2718 = DIRECTION ( 'NONE',  ( 0.0000000000000000000, -0.8660254037844386000, -0.5000000000000001100 ) ) ;
#2719 = VERTEX_POINT ( 'NONE', #3853 ) ;
#2720 = DIRECTION ( 'NONE',  ( -1.000000000000000000, -0.0000000000000000000, -0.0000000000000000000 ) ) ;
#2721 = CARTESIAN_POINT ( 'NONE',  ( -6.893749999999999800, 0.4788582131113751100, 0.8294067547305464800 ) ) ;
#2722 = CARTESIAN_POINT ( 'NONE',  ( -6.012499999999999300, -2.651438096812266900E-016, -1.443375672974064100 ) ) ;
#2723 = CARTESIAN_POINT ( 'NONE',  ( -9.143749999999998900, 0.4788582131113751100, 0.8294067547305464800 ) ) ;
#2724 = CARTESIAN_POINT ( 'NONE',  ( 9.893749999999998900, -0.9577164262227506600, -1.172864355864533800E-016 ) ) ;
#2725 = LINE ( 'NONE', #834, #793 ) ;
#2726 = CARTESIAN_POINT ( 'NONE',  ( 6.481249999999999300, 0.9577164262227506600, -0.5529378364870313200 ) ) ;
#2727 = CARTESIAN_POINT ( 'NONE',  ( -8.900000000000000400, 0.4788582131113742800, -0.8294067547305469200 ) ) ;
#2728 = CARTESIAN_POINT ( 'NONE',  ( 7.081249999999999800, -2.031460654743916600E-016, 1.105875672974062900 ) ) ;
#2729 = CARTESIAN_POINT ( 'NONE',  ( -6.368749999999999500, -0.4788582131113747800, 0.8294067547305465900 ) ) ;
#2730 = CARTESIAN_POINT ( 'NONE',  ( 5.993749999999999500, -0.6250000000000005600, 1.082531754730548200 ) ) ;
#2731 = CARTESIAN_POINT ( 'NONE',  ( 8.993749999999998600, 1.250000000000000000, 0.0000000000000000000 ) ) ;
#2732 = CARTESIAN_POINT ( 'NONE',  ( -7.418750000000001100, -1.249999999999999800, 1.530808498934191300E-016 ) ) ;
#2733 = CARTESIAN_POINT ( 'NONE',  ( -6.593750000000000000, 0.4788582131113742800, -0.8294067547305469200 ) ) ;
#2734 = EDGE_CURVE ( 'NONE', #3996, #4505, #1543, .T. ) ;
#2735 = CARTESIAN_POINT ( 'NONE',  ( -6.162500000000000500, -1.249999999999999800, 0.7216878364870323900 ) ) ;
#2736 = CARTESIAN_POINT ( 'NONE',  ( -7.568749999999998800, -0.4788582131113754400, -0.8294067547305463700 ) ) ;
#2737 = ORIENTED_EDGE ( 'NONE', *, *, #3873, .F. ) ;
#2738 = CARTESIAN_POINT ( 'NONE',  ( 6.368749999999999500, -0.4788582131113751100, -0.8294067547305472600 ) ) ;
#2739 = CARTESIAN_POINT ( 'NONE',  ( -8.262500000000001100, 6.771535515813051300E-017, 1.105875672974062000 ) ) ;
#2740 = VERTEX_POINT ( 'NONE', #3111 ) ;
#2741 = AXIS2_PLACEMENT_3D ( 'NONE', #2538, #3654, #2175 ) ;
#2742 = CARTESIAN_POINT ( 'NONE',  ( 6.331250000000000700, -0.9577164262227504400, -0.5529378364870317600 ) ) ;
#2743 = CARTESIAN_POINT ( 'NONE',  ( -5.487500000000000700, 1.249999999999999300, -0.7216878364870328300 ) ) ;
#2744 = CARTESIAN_POINT ( 'NONE',  ( -9.351346189432334200, 0.3349364905389029500, 1.249999999999999800 ) ) ;
#2745 = CARTESIAN_POINT ( 'NONE',  ( 9.518749999999998900, 0.6249999999999991100, 1.082531754730548900 ) ) ;
#2746 = VERTEX_POINT ( 'NONE', #1292 ) ;
#2747 =( BOUNDED_CURVE ( )  B_SPLINE_CURVE ( 2, ( #2047, #990, #2089 ),
 .UNSPECIFIED., .F., .F. ) 
 B_SPLINE_CURVE_WITH_KNOTS ( ( 3, 3 ),
 ( 0.6250000000000000000, 0.6260745415204440600 ),
 .UNSPECIFIED. ) 
 CURVE ( )  GEOMETRIC_REPRESENTATION_ITEM ( )  RATIONAL_B_SPLINE_CURVE ( ( 0.9330127018922194100, 0.9330127018922194100, 0.9341264868697818400 ) ) 
 REPRESENTATION_ITEM ( '' )  );
#2748 = B_SPLINE_CURVE_WITH_KNOTS ( 'NONE', 1,
 ( #3565, #1716 ),
 .UNSPECIFIED., .F., .F.,
 ( 2, 2 ),
 ( 0.0000000000000000000, 1.000000000000000000 ),
 .UNSPECIFIED. ) ;
#2749 = CARTESIAN_POINT ( 'NONE',  ( -7.193750000000000500, 1.249999999999999800, 0.0000000000000000000 ) ) ;
#2750 = AXIS2_PLACEMENT_3D ( 'NONE', #824, #777, #3329 ) ;
#2751 = ORIENTED_EDGE ( 'NONE', *, *, #2825, .T. ) ;
#2752 = CARTESIAN_POINT ( 'NONE',  ( -7.906250000000000000, 0.9577164262227496600, -0.5529378364870315400 ) ) ;
#2753 = CARTESIAN_POINT ( 'NONE',  ( -6.481249999999999300, 0.9577164262227498800, 0.5529378364870308800 ) ) ;
#2754 = CARTESIAN_POINT ( 'NONE',  ( -5.450000000000001100, 1.249999999999999800, 0.0000000000000000000 ) ) ;
#2755 = CARTESIAN_POINT ( 'NONE',  ( -7.981249999999998400, -2.031460654743915200E-016, -1.105875672974062000 ) ) ;
#2756 = CARTESIAN_POINT ( 'NONE',  ( 6.256249999999999600, -0.9577164262227507700, 0.5529378364870311000 ) ) ;
#2757 = CARTESIAN_POINT ( 'NONE',  ( 9.181249999999998600, -1.250000000000000200, 0.7216878364870317200 ) ) ;
#2758 = CARTESIAN_POINT ( 'NONE',  ( -9.537499999999999600, -0.9577164262227497700, 0.5529378364870313200 ) ) ;
#2759 = CARTESIAN_POINT ( 'NONE',  ( 9.275000000000000400, 0.9577164262227506600, 0.0000000000000000000 ) ) ;
#2760 = EDGE_LOOP ( 'NONE', ( #82, #2690, #169, #1489 ) ) ;
#2761 = CARTESIAN_POINT ( 'NONE',  ( 6.050000000000000700, 0.0000000000000000000, 0.0000000000000000000 ) ) ;
#2762 = ADVANCED_FACE ( 'NONE', ( #3240 ), #3586, .F. ) ;
#2763 = CARTESIAN_POINT ( 'NONE',  ( 9.556249999999998600, -4.938688641342514700E-016, 1.250000000000000000 ) ) ;
#2764 = CARTESIAN_POINT ( 'NONE',  ( 8.037499999999999600, -2.033577675846917700E-015, -1.249999999999999800 ) ) ;
#2765 = EDGE_CURVE ( 'NONE', #1384, #2986, #2126, .T. ) ;
#2766 = EDGE_LOOP ( 'NONE', ( #4053, #1395, #1557, #214 ) ) ;
#2767 = CARTESIAN_POINT ( 'NONE',  ( 7.681249999999998600, -0.9577164262227504400, -0.5529378364870317600 ) ) ;
#2768 = CARTESIAN_POINT ( 'NONE',  ( -9.706250000000000700, 0.9577164262227496600, -0.5529378364870315400 ) ) ;
#2769 = CARTESIAN_POINT ( 'NONE',  ( 6.049999999999999800, 0.0000000000000000000, 0.0000000000000000000 ) ) ;
#2770 = EDGE_LOOP ( 'NONE', ( #1006, #585, #2989, #4294 ) ) ;
#2771 = CARTESIAN_POINT ( 'NONE',  ( -6.668749999999999300, -0.4788582131113754400, -0.8294067547305463700 ) ) ;
#2772 = EDGE_CURVE ( 'NONE', #1967, #4614, #3135, .T. ) ;
#2773 = CARTESIAN_POINT ( 'NONE',  ( -9.949999999999999300, 0.2200258558031233700, -2.250000000000001300 ) ) ;
#2774 = CARTESIAN_POINT ( 'NONE',  ( -9.237500000000000700, 0.9577164262227498800, 0.5529378364870308800 ) ) ;
#2775 = ADVANCED_BREP_SHAPE_REPRESENTATION ( '98952A113_Aluminum Male-Female Threaded Hex Standoff', ( #1750, #2284 ), #3923 ) ;
#2776 = CARTESIAN_POINT ( 'NONE',  ( 9.612499999999998900, 6.771535515813057500E-017, -1.105875672974062900 ) ) ;
#2777 = CARTESIAN_POINT ( 'NONE',  ( -5.150000000000001200, 0.0000000000000000000, 0.0000000000000000000 ) ) ;
#2778 = CARTESIAN_POINT ( 'NONE',  ( -9.950000000000001100, 0.0000000000000000000, 0.0000000000000000000 ) ) ;
#2779 = CARTESIAN_POINT ( 'NONE',  ( 5.960744989968446800, 1.511897080250297600, -1.881317441191444800 ) ) ;
#2780 = LINE ( 'NONE', #2662, #1921 ) ;
#2781 = CARTESIAN_POINT ( 'NONE',  ( 9.556249999999998600, -4.938688641342514700E-016, 1.250000000000000000 ) ) ;
#2782 = B_SPLINE_CURVE_WITH_KNOTS ( 'NONE', 3,
 ( #3605, #4647, #3194, #4305, #3966, #1425 ),
 .UNSPECIFIED., .F., .F.,
 ( 4, 2, 4 ),
 ( 0.001314652396222796500, 0.001969405109320635000, 0.002624157822418473400 ),
 .UNSPECIFIED. ) ;
#2783 = CARTESIAN_POINT ( 'NONE',  ( 8.018750000000000700, -0.4788582131113757200, 0.8294067547305469200 ) ) ;
#2784 = VECTOR ( 'NONE', #564, 1000.000000000000000 ) ;
#2785 = CARTESIAN_POINT ( 'NONE',  ( -8.768749999999998900, 0.9577164262227499900, 0.0000000000000000000 ) ) ;
#2786 = CARTESIAN_POINT ( 'NONE',  ( 9.162499999999999600, 6.771535515813057500E-017, -1.105875672974062900 ) ) ;
#2787 = CC_DESIGN_APPROVAL ( #128, ( #4487 ) ) ;
#2788 = CARTESIAN_POINT ( 'NONE',  ( -7.006249999999998800, 0.9577164262227496600, -0.5529378364870315400 ) ) ;
#2789 = FACE_OUTER_BOUND ( 'NONE', #4582, .T. ) ;
#2790 = CARTESIAN_POINT ( 'NONE',  ( 8.656249999999998200, -4.938688641342514700E-016, 1.250000000000000000 ) ) ;
#2791 = CARTESIAN_POINT ( 'NONE',  ( -8.787500000000001400, 0.9577164262227498800, 0.5529378364870308800 ) ) ;
#2792 = CARTESIAN_POINT ( 'NONE',  ( 10.13750000000000300, 0.9577164262227506600, -0.5529378364870313200 ) ) ;
#2793 = EDGE_CURVE ( 'NONE', #2918, #560, #1800, .T. ) ;
#2794 = CARTESIAN_POINT ( 'NONE',  ( -8.393750000000000700, -0.6249999999999995600, 1.082531754730548400 ) ) ;
#2795 = CARTESIAN_POINT ( 'NONE',  ( -7.812500000000000000, -4.938688641342514700E-016, -1.249999999999999800 ) ) ;
#2796 = CARTESIAN_POINT ( 'NONE',  ( -7.906250000000000000, -1.249999999999999600, 0.7216878364870325000 ) ) ;
#2797 = CARTESIAN_POINT ( 'NONE',  ( 7.756249999999999600, 6.771535515813057500E-017, -1.105875672974062900 ) ) ;
#2798 = VERTEX_POINT ( 'NONE', #2482 ) ;
#2799 = CARTESIAN_POINT ( 'NONE',  ( -9.743749999999998600, 0.4788582131113742800, -0.8294067547305469200 ) ) ;
#2800 = EDGE_CURVE ( 'NONE', #2497, #4678, #1983, .T. ) ;
#2801 = CARTESIAN_POINT ( 'NONE',  ( 9.742277838308195800, 0.5376849756892344600, -0.9928269691239340900 ) ) ;
#2802 = CARTESIAN_POINT ( 'NONE',  ( -7.681249999999998600, -0.9577164262227497700, 0.5529378364870313200 ) ) ;
#2803 = ORIENTED_EDGE ( 'NONE', *, *, #1840, .F. ) ;
#2804 = PERSON_AND_ORGANIZATION ( #2017, #1691 ) ;
#2805 = CARTESIAN_POINT ( 'NONE',  ( -6.442403810567666900, 0.3349364905389027300, -1.250000000000000000 ) ) ;
#2806 = CARTESIAN_POINT ( 'NONE',  ( -6.987500000000000700, 0.9577164262227498800, 0.5529378364870308800 ) ) ;
#2807 = CARTESIAN_POINT ( 'NONE',  ( 9.799999999999998900, 0.4788582131113746100, 0.8294067547305475900 ) ) ;
#2808 = ORIENTED_EDGE ( 'NONE', *, *, #2512, .F. ) ;
#2809 = CARTESIAN_POINT ( 'NONE',  ( -9.500000000000000000, 1.249999999999999800, 0.0000000000000000000 ) ) ;
#2810 = DIRECTION ( 'NONE',  ( 0.0000000000000000000, -0.8660254037844389300, 0.4999999999999996100 ) ) ;
#2811 = CARTESIAN_POINT ( 'NONE',  ( 6.200000000000001100, 0.4788582131113746100, 0.8294067547305475900 ) ) ;
#2812 = B_SPLINE_CURVE_WITH_KNOTS ( 'NONE', 3,
 ( #1624, #207, #2709, #1219 ),
 .UNSPECIFIED., .F., .F.,
 ( 4, 4 ),
 ( 2.380746839933657800E-007, 0.001314652396222797500 ),
 .UNSPECIFIED. ) ;
#2813 = CARTESIAN_POINT ( 'NONE',  ( -8.918750000000001100, 0.6250000000000000000, 1.082531754730548200 ) ) ;
#2814 = CARTESIAN_POINT ( 'NONE',  ( -8.675000000000000700, 0.6249999999999990000, -1.082531754730548600 ) ) ;
#2815 = CARTESIAN_POINT ( 'NONE',  ( -9.293749999999999300, 0.4788582131113742800, -0.8294067547305469200 ) ) ;
#2816 = CARTESIAN_POINT ( 'NONE',  ( 9.831241772677488600, 0.6638480894608578300, 0.8015187474576844800 ) ) ;
#2817 = EDGE_LOOP ( 'NONE', ( #1300, #4578, #559, #1233 ) ) ;
#2818 = CARTESIAN_POINT ( 'NONE',  ( -6.237500000000000700, 1.743066579297358300E-016, 1.249999999999999600 ) ) ;
#2819 = CARTESIAN_POINT ( 'NONE',  ( -7.100000000000000500, 0.4788582131113742800, -0.8294067547305469200 ) ) ;
#2820 = CARTESIAN_POINT ( 'NONE',  ( 9.424999999999998900, -0.4788582131113757200, 0.8294067547305469200 ) ) ;
#2821 = ORIENTED_EDGE ( 'NONE', *, *, #1975, .F. ) ;
#2822 = CARTESIAN_POINT ( 'NONE',  ( 9.950000000000001100, 0.0000000000000000000, 0.0000000000000000000 ) ) ;
#2823 = DIRECTION ( 'NONE',  ( 1.000000000000000000, 0.0000000000000000000, 0.0000000000000000000 ) ) ;
#2824 = CARTESIAN_POINT ( 'NONE',  ( 6.049999999999999800, 0.0000000000000000000, -1.250000000000000000 ) ) ;
#2825 = EDGE_CURVE ( 'NONE', #2118, #475, #1695, .T. ) ;
#2826 = DIRECTION ( 'NONE',  ( 1.000000000000000000, 0.0000000000000000000, 0.0000000000000000000 ) ) ;
#2827 = CARTESIAN_POINT ( 'NONE',  ( -7.156250000000000900, 1.250000000000000000, 0.7216878364870319400 ) ) ;
#2828 = FACE_OUTER_BOUND ( 'NONE', #955, .T. ) ;
#2829 = CARTESIAN_POINT ( 'NONE',  ( -9.950000000000001100, 1.249999999999999800, 0.0000000000000000000 ) ) ;
#2830 = CARTESIAN_POINT ( 'NONE',  ( 10.13750000000000300, 0.9577164262227506600, -0.5529378364870313200 ) ) ;
#2831 = ADVANCED_FACE ( 'NONE', ( #1189 ), #4307, .T. ) ;
#2832 = CIRCLE ( 'NONE', #4657, 0.9551764262227507900 ) ;
#2833 = CARTESIAN_POINT ( 'NONE',  ( 8.693749999999997900, -0.6250000000000005600, 1.082531754730548200 ) ) ;
#2834 = DIRECTION ( 'NONE',  ( -0.0000000000000000000, 0.0000000000000000000, -1.000000000000000000 ) ) ;
#2835 = CARTESIAN_POINT ( 'NONE',  ( -6.912500000000000500, 6.771535515813051300E-017, 1.105875672974062000 ) ) ;
#2836 = FACE_OUTER_BOUND ( 'NONE', #4219, .T. ) ;
#2837 = CARTESIAN_POINT ( 'NONE',  ( 7.625000000000000000, -0.4788582131113757200, 0.8294067547305469200 ) ) ;
#2838 = CARTESIAN_POINT ( 'NONE',  ( 6.992961012353156900, -2.820862747496224700E-014, 1.110637438575908400 ) ) ;
#2839 = CARTESIAN_POINT ( 'NONE',  ( -9.387499999999997500, -4.067155351693835700E-016, 1.249999999999999600 ) ) ;
#2840 = CARTESIAN_POINT ( 'NONE',  ( -8.262500000000001100, 1.888322127572138500E-015, -1.249999999999999800 ) ) ;
#2841 = FACE_OUTER_BOUND ( 'NONE', #940, .T. ) ;
#2842 = CARTESIAN_POINT ( 'NONE',  ( 5.937500000000000000, -0.9577164262227504400, -0.5529378364870317600 ) ) ;
#2843 = CARTESIAN_POINT ( 'NONE',  ( -9.031250000000001800, 1.249999999999999300, -0.7216878364870328300 ) ) ;
#2844 = B_SPLINE_CURVE_WITH_KNOTS ( 'NONE', 3,
 ( #329, #2848, #2127, #3224, #3589, #3953 ),
 .UNSPECIFIED., .F., .F.,
 ( 4, 2, 4 ),
 ( 0.009205846357159285000, 0.009862984922912675100, 0.01052012348866606700 ),
 .UNSPECIFIED. ) ;
#2845 = CARTESIAN_POINT ( 'NONE',  ( -7.006249999999998800, 0.9577164262227496600, -0.5529378364870315400 ) ) ;
#2846 = CARTESIAN_POINT ( 'NONE',  ( 8.037499999999999600, -2.031460654743916600E-016, 1.105875672974062900 ) ) ;
#2847 = EDGE_LOOP ( 'NONE', ( #3482, #1830, #2884, #2293 ) ) ;
#2848 = CARTESIAN_POINT ( 'NONE',  ( 5.909690429310168200, 1.088932293415951800, -2.250000000000001300 ) ) ;
#2849 = CARTESIAN_POINT ( 'NONE',  ( -6.200000000000001100, -0.6249999999999995600, 1.082531754730548400 ) ) ;
#2850 = CARTESIAN_POINT ( 'NONE',  ( -7.137499999999999300, -2.031460654743915200E-016, -1.105875672974062000 ) ) ;
#2851 = ORIENTED_EDGE ( 'NONE', *, *, #3145, .F. ) ;
#2852 = CARTESIAN_POINT ( 'NONE',  ( 7.475000000000000500, 0.9577164262227506600, 0.0000000000000000000 ) ) ;
#2853 = CARTESIAN_POINT ( 'NONE',  ( 9.012499999999999300, 1.250000000000000000, -0.7216878364870320500 ) ) ;
#2854 = ADVANCED_FACE ( 'NONE', ( #3533 ), #3583, .T. ) ;
#2855 = CARTESIAN_POINT ( 'NONE',  ( -9.407596189432334600, 0.3349364905389031800, 1.249999999999999800 ) ) ;
#2856 = ORIENTED_EDGE ( 'NONE', *, *, #3935, .T. ) ;
#2857 = CARTESIAN_POINT ( 'NONE',  ( 6.537499999999999600, 0.9577164262227506600, -0.5529378364870313200 ) ) ;
#2858 = CARTESIAN_POINT ( 'NONE',  ( -9.462500000000000400, -0.9577164262227502200, -0.5529378364870306500 ) ) ;
#2859 =( BOUNDED_CURVE ( )  B_SPLINE_CURVE ( 2, ( #1020, #1739, #686, #3215, #1349, #4235, #276, #1035, #2795 ),
 .UNSPECIFIED., .F., .T. ) 
 B_SPLINE_CURVE_WITH_KNOTS ( ( 3, 2, 2, 2, 3 ),
 ( 0.3863636363636363500, 0.3939393939393939200, 0.4090909090909091200, 0.4242424242424242500, 0.4318181818181818200 ),
 .UNSPECIFIED. ) 
 CURVE ( )  GEOMETRIC_REPRESENTATION_ITEM ( )  RATIONAL_B_SPLINE_CURVE ( ( 0.9330127018922194100, 0.9330127018922194100, 1.000000000000000000, 0.8660254037844387100, 1.000000000000000000, 0.8660254037844387100, 1.000000000000000000, 0.9330127018922194100, 0.9330127018922194100 ) ) 
 REPRESENTATION_ITEM ( '' )  );
#2860 = ORIENTED_EDGE ( 'NONE', *, *, #1703, .F. ) ;
#2861 = B_SPLINE_CURVE_WITH_KNOTS ( 'NONE', 3,
 ( #505, #1170, #3702, #3721, #130, #1205, #2970, #487, #794, #2255, #1515, #113, #4423, #95, #470, #828 ),
 .UNSPECIFIED., .F., .F.,
 ( 4, 2, 2, 2, 2, 2, 2, 4 ),
 ( 0.0002094663732685147300, 0.0006165837796638568900, 0.001023701186059199000, 0.001430818592454541300, 0.001837935998849883400, 0.002245053405245225700, 0.002652170811640567800, 0.003466405624431252000 ),
 .UNSPECIFIED. ) ;
#2862 = EDGE_CURVE ( 'NONE', #3952, #507, #719, .T. ) ;
#2863 = CARTESIAN_POINT ( 'NONE',  ( 8.300000000000000700, 0.4788582131113754400, -0.8294067547305471500 ) ) ;
#2864 = VERTEX_POINT ( 'NONE', #2078 ) ;
#2865 = ORIENTED_EDGE ( 'NONE', *, *, #766, .T. ) ;
#2866 = CARTESIAN_POINT ( 'NONE',  ( -9.708323195763551200, 0.2048111140514503000, -1.059123195763549200 ) ) ;
#2867 = PLANE ( 'NONE',  #1102 ) ;
#2868 = CARTESIAN_POINT ( 'NONE',  ( -6.087500000000000400, 0.9577164262227498800, 0.5529378364870308800 ) ) ;
#2869 = AXIS2_PLACEMENT_3D ( 'NONE', #4076, #1917, #472 ) ;
#2870 = CARTESIAN_POINT ( 'NONE',  ( -9.837500000000000400, -2.031460654743915200E-016, -1.105875672974062000 ) ) ;
#2871 = CARTESIAN_POINT ( 'NONE',  ( 8.300000000000000700, -0.6250000000000005600, 1.082531754730548200 ) ) ;
#2872 = APPROVAL_ROLE ( '' ) ;
#2873 = DIRECTION ( 'NONE',  ( 0.0000000000000000000, 0.0000000000000000000, 1.000000000000000000 ) ) ;
#2874 = VERTEX_POINT ( 'NONE', #2121 ) ;
#2875 = CARTESIAN_POINT ( 'NONE',  ( 7.250000000000000000, -0.9577164262227506600, -1.172864355864533800E-016 ) ) ;
#2876 = CARTESIAN_POINT ( 'NONE',  ( -9.589834526261661600, -0.2894279534310466600, 0.9387743661496448200 ) ) ;
#2877 = CARTESIAN_POINT ( 'NONE',  ( 6.875000000000000900, -0.4788582131113751100, -0.8294067547305472600 ) ) ;
#2878 = ORIENTED_EDGE ( 'NONE', *, *, #1669, .F. ) ;
#2879 = ADVANCED_FACE ( 'NONE', ( #1126 ), #1390, .T. ) ;
#2880 = VERTEX_POINT ( 'NONE', #1740 ) ;
#2881 = CARTESIAN_POINT ( 'NONE',  ( -5.468750000000000000, -0.4788582131113747800, 0.8294067547305465900 ) ) ;
#2882 = DIRECTION ( 'NONE',  ( -1.000000000000000000, -0.0000000000000000000, -0.0000000000000000000 ) ) ;
#2883 = CARTESIAN_POINT ( 'NONE',  ( -6.462500000000000400, -4.938688641342514700E-016, -1.249999999999999800 ) ) ;
#2884 = ORIENTED_EDGE ( 'NONE', *, *, #4366, .T. ) ;
#2885 = CARTESIAN_POINT ( 'NONE',  ( 9.087500000000000400, 1.249999999999999800, 0.7216878364870329400 ) ) ;
#2886 = CYLINDRICAL_SURFACE ( 'NONE', #2550, 1.250000000000000000 ) ;
#2887 = CARTESIAN_POINT ( 'NONE',  ( -7.362500000000000700, -4.938688641342514700E-016, -1.249999999999999800 ) ) ;
#2888 = EDGE_CURVE ( 'NONE', #4505, #1063, #3346, .T. ) ;
#2889 = CARTESIAN_POINT ( 'NONE',  ( -5.150000000000001200, 0.0000000000000000000, 1.250000000000000000 ) ) ;
#2890 = CARTESIAN_POINT ( 'NONE',  ( -6.912500000000000500, 6.771535515813051300E-017, 1.105875672974062000 ) ) ;
#2891 = CYLINDRICAL_SURFACE ( 'NONE', #1523, 1.250000000000000000 ) ;
#2892 =( BOUNDED_CURVE ( )  B_SPLINE_CURVE ( 2, ( #4424, #114, #3366, #131, #471, #2586, #451, #795, #2603 ),
 .UNSPECIFIED., .F., .F. ) 
 B_SPLINE_CURVE_WITH_KNOTS ( ( 3, 2, 2, 2, 3 ),
 ( 0.2954545454545454700, 0.3030303030303030400, 0.3181818181818181800, 0.3333333333333333100, 0.3409090909090909400 ),
 .UNSPECIFIED. ) 
 CURVE ( )  GEOMETRIC_REPRESENTATION_ITEM ( )  RATIONAL_B_SPLINE_CURVE ( ( 0.9330127018922194100, 0.9330127018922194100, 1.000000000000000000, 0.8660254037844387100, 1.000000000000000000, 0.8660254037844387100, 1.000000000000000000, 0.9330127018922191900, 0.9330127018922194100 ) ) 
 REPRESENTATION_ITEM ( '' )  );
#2893 = CARTESIAN_POINT ( 'NONE',  ( 8.750000000000000000, 0.4788582131113754400, -0.8294067547305471500 ) ) ;
#2894 = CARTESIAN_POINT ( 'NONE',  ( 8.918749999999999300, -0.4788582131113757200, 0.8294067547305469200 ) ) ;
#2895 = DIRECTION ( 'NONE',  ( 1.000000000000000000, 0.0000000000000000000, -0.0000000000000000000 ) ) ;
#2896 = CONICAL_SURFACE ( 'NONE', #547, 1.300800000000000000, 0.7853981633974500600 ) ;
#2897 = CARTESIAN_POINT ( 'NONE',  ( -8.018750000000000700, 0.6250000000000000000, 1.082531754730548200 ) ) ;
#2898 = CARTESIAN_POINT ( 'NONE',  ( 9.556249999999998600, -4.938688641342514700E-016, 1.250000000000000000 ) ) ;
#2899 = CARTESIAN_POINT ( 'NONE',  ( -9.574999999999999300, -0.4788582131113747800, 0.8294067547305465900 ) ) ;
#2900 = VECTOR ( 'NONE', #2826, 1000.000000000000000 ) ;
#2901 = CARTESIAN_POINT ( 'NONE',  ( 7.700000000000000200, 1.250000000000000000, 0.0000000000000000000 ) ) ;
#2902 = ADVANCED_FACE ( 'NONE', ( #3813 ), #459, .F. ) ;
#2903 = APPLICATION_CONTEXT ( 'configuration controlled 3d designs of mechanical parts and assemblies' ) ;
#2904 = CARTESIAN_POINT ( 'NONE',  ( 7.587499999999999500, 1.743066579297358300E-016, -1.250000000000000000 ) ) ;
#2905 = CARTESIAN_POINT ( 'NONE',  ( -7.737500000000000700, -0.9577164262227497700, 0.5529378364870313200 ) ) ;
#2906 = CARTESIAN_POINT ( 'NONE',  ( 8.974999999999999600, -0.4788582131113757200, 0.8294067547305469200 ) ) ;
#2907 = ORIENTED_EDGE ( 'NONE', *, *, #1728, .F. ) ;
#2908 = CARTESIAN_POINT ( 'NONE',  ( -5.356249999999999300, -0.9577164262227502200, -0.5529378364870306500 ) ) ;
#2909 = DIRECTION ( 'NONE',  ( -0.7071067811865463500, 0.0000000000000000000, 0.7071067811865487900 ) ) ;
#2910 = CARTESIAN_POINT ( 'NONE',  ( 8.806249999999998600, -1.250000000000000000, -0.7216878364870327200 ) ) ;
#2911 = CARTESIAN_POINT ( 'NONE',  ( -9.500000000000000000, -0.9577164262227499900, 1.172864355864533000E-016 ) ) ;
#2912 = ORIENTED_EDGE ( 'NONE', *, *, #1508, .F. ) ;
#2913 = APPROVAL_PERSON_ORGANIZATION ( #2804, #1714, #1078 ) ;
#2914 = EDGE_CURVE ( 'NONE', #2864, #4237, #67, .T. ) ;
#2915 = CARTESIAN_POINT ( 'NONE',  ( 6.875000000000000900, 0.6249999999999991100, 1.082531754730548900 ) ) ;
#2916 = PERSON_AND_ORGANIZATION_ROLE ( 'creator' ) ;
#2917 = CARTESIAN_POINT ( 'NONE',  ( -9.749038105676728300, -1.299038105676762800, -2.250000000000001300 ) ) ;
#2918 = VERTEX_POINT ( 'NONE', #3596 ) ;
#2919 = CARTESIAN_POINT ( 'NONE',  ( 9.799883691761914800, -0.9515387853642681700, 0.4795861824694071000 ) ) ;
#2920 = CARTESIAN_POINT ( 'NONE',  ( -7.287500000000000500, -0.9577164262227497700, 0.5529378364870313200 ) ) ;
#2921 = EDGE_CURVE ( 'NONE', #781, #3225, #4574, .T. ) ;
#2922 = CARTESIAN_POINT ( 'NONE',  ( 9.893749999999997200, 1.250000000000000000, 0.0000000000000000000 ) ) ;
#2923 = CARTESIAN_POINT ( 'NONE',  ( -5.881249999999999600, -0.9577164262227497700, 0.5529378364870313200 ) ) ;
#2924 = ADVANCED_FACE ( 'NONE', ( #2836 ), #349, .F. ) ;
#2925 = CARTESIAN_POINT ( 'NONE',  ( -5.693749999999999600, 0.4788582131113742800, -0.8294067547305469200 ) ) ;
#2926 = CARTESIAN_POINT ( 'NONE',  ( 6.840039999999997500, -0.4491341882761243900, -0.8553547197524468100 ) ) ;
#2927 = CARTESIAN_POINT ( 'NONE',  ( -9.879267800769323300, 1.238658057285901400, 0.05395406262400565000 ) ) ;
#2928 = DIRECTION ( 'NONE',  ( 0.0000000000000000000, 0.0000000000000000000, 1.000000000000000000 ) ) ;
#2929 = CARTESIAN_POINT ( 'NONE',  ( -6.181250000000001200, 1.743066579297358300E-016, 1.249999999999999600 ) ) ;
#2930 = VERTEX_POINT ( 'NONE', #3610 ) ;
#2931 = CARTESIAN_POINT ( 'NONE',  ( 6.950000000000001100, -0.6250000000000005600, 1.082531754730548200 ) ) ;
#2932 = MECHANICAL_CONTEXT ( 'NONE', #1810, 'mechanical' ) ;
#2933 = CARTESIAN_POINT ( 'NONE',  ( -5.992403810567666700, 0.3349364905389027300, -1.250000000000000000 ) ) ;
#2934 = CARTESIAN_POINT ( 'NONE',  ( -8.356250000000001100, -1.249999999999999800, 0.7216878364870323900 ) ) ;
#2935 = CARTESIAN_POINT ( 'NONE',  ( -9.871727692845873000, -2.385571612819398400, -0.3680687615027755100 ) ) ;
#2936 = CARTESIAN_POINT ( 'NONE',  ( -6.724999999999999600, -0.4788582131113754400, -0.8294067547305463700 ) ) ;
#2937 = VERTEX_POINT ( 'NONE', #4339 ) ;
#2938 = CARTESIAN_POINT ( 'NONE',  ( 6.500000000000000900, 0.4788582131113754400, -0.8294067547305471500 ) ) ;
#2939 = CARTESIAN_POINT ( 'NONE',  ( -5.468750000000000000, -0.4788582131113747800, 0.8294067547305465900 ) ) ;
#2940 = VECTOR ( 'NONE', #3747, 1000.000000000000100 ) ;
#2941 = CARTESIAN_POINT ( 'NONE',  ( -5.581249999999999800, 0.9577164262227498800, 0.5529378364870308800 ) ) ;
#2942 = CARTESIAN_POINT ( 'NONE',  ( -9.687499999999998200, -1.250000000000000000, -0.7216878364870315000 ) ) ;
#2943 = CARTESIAN_POINT ( 'NONE',  ( -6.836153810567666700, 0.3349364905389027300, -1.250000000000000000 ) ) ;
#2944 = CARTESIAN_POINT ( 'NONE',  ( -9.874007504636875200, 0.3578557490570332100, 1.184722314250765700 ) ) ;
#2945 = VECTOR ( 'NONE', #2635, 1000.000000000000000 ) ;
#2946 = CARTESIAN_POINT ( 'NONE',  ( -7.437499999999999100, 0.9577164262227498800, 0.5529378364870308800 ) ) ;
#2947 = ORIENTED_EDGE ( 'NONE', *, *, #4615, .F. ) ;
#2948 = CARTESIAN_POINT ( 'NONE',  ( 6.012499999999999300, -2.651438096812267400E-016, 1.443375672974064300 ) ) ;
#2949 = ADVANCED_FACE ( 'NONE', ( #4081 ), #2371, .T. ) ;
#2950 = DIRECTION ( 'NONE',  ( -1.000000000000000000, -0.0000000000000000000, -0.0000000000000000000 ) ) ;
#2951 = CARTESIAN_POINT ( 'NONE',  ( -8.656250000000001800, -2.651438096812266900E-016, -1.443375672974064100 ) ) ;
#2952 = CIRCLE ( 'NONE', #334, 2.249999999999999600 ) ;
#2953 = EDGE_CURVE ( 'NONE', #751, #4406, #2050, .T. ) ;
#2954 = DIRECTION ( 'NONE',  ( 1.000000000000000000, 0.0000000000000000000, 0.0000000000000000000 ) ) ;
#2955 = CARTESIAN_POINT ( 'NONE',  ( -7.400000000000000400, 0.4788582131113751100, 0.8294067547305464800 ) ) ;
#2956 = CARTESIAN_POINT ( 'NONE',  ( 10.34374999999999800, 1.250000000000000000, 0.0000000000000000000 ) ) ;
#2957 = LINE ( 'NONE', #2567, #921 ) ;
#2958 = CARTESIAN_POINT ( 'NONE',  ( -5.768749999999999800, -0.4788582131113754400, -0.8294067547305463700 ) ) ;
#2959 = CARTESIAN_POINT ( 'NONE',  ( -9.837499999999998600, 1.743066579297358300E-016, 1.249999999999999600 ) ) ;
#2960 = AXIS2_PLACEMENT_3D ( 'NONE', #4630, #1068, #1380 ) ;
#2961 = CARTESIAN_POINT ( 'NONE',  ( -9.791479852977238000, 0.9762425898729489800, 0.6127413515165449600 ) ) ;
#2962 = EDGE_LOOP ( 'NONE', ( #2244, #1539, #2821, #2878 ) ) ;
#2963 = CARTESIAN_POINT ( 'NONE',  ( 9.897103329955282200, -0.6907533428888845700, 0.6921252796246497600 ) ) ;
#2964 = CARTESIAN_POINT ( 'NONE',  ( -7.512500000000001100, -1.249999999999999600, 0.7216878364870325000 ) ) ;
#2965 = CARTESIAN_POINT ( 'NONE',  ( -7.849999999999999600, 0.4788582131113751100, 0.8294067547305464800 ) ) ;
#2966 = CARTESIAN_POINT ( 'NONE',  ( 6.425000000000000700, 0.6249999999999991100, 1.082531754730548900 ) ) ;
#2967 = CARTESIAN_POINT ( 'NONE',  ( 6.049999999999999800, 0.0000000000000000000, 0.0000000000000000000 ) ) ;
#2968 = VERTEX_POINT ( 'NONE', #2887 ) ;
#2969 = CARTESIAN_POINT ( 'NONE',  ( -9.518750000000000700, 0.6249999999999990000, -1.082531754730548600 ) ) ;
#2970 = CARTESIAN_POINT ( 'NONE',  ( 6.900321595773267100, 0.9141585651208837800, -0.4679833590897866100 ) ) ;
#2971 = CARTESIAN_POINT ( 'NONE',  ( 8.487500000000000700, -2.033577675846917700E-015, -1.249999999999999800 ) ) ;
#2972 = ORIENTED_EDGE ( 'NONE', *, *, #4434, .F. ) ;
#2973 = COORDINATED_UNIVERSAL_TIME_OFFSET ( 6, 0, .BEHIND. ) ;
#2974 = CARTESIAN_POINT ( 'NONE',  ( 8.993749999999998600, 1.250000000000000000, 0.0000000000000000000 ) ) ;
#2975 = DIRECTION ( 'NONE',  ( -1.000000000000000000, -0.0000000000000000000, -0.0000000000000000000 ) ) ;
#2976 = DIRECTION ( 'NONE',  ( 0.0000000000000000000, 0.0000000000000000000, 1.000000000000000000 ) ) ;
#2977 = VERTEX_POINT ( 'NONE', #3244 ) ;
#2978 = CARTESIAN_POINT ( 'NONE',  ( 6.840040000000001900, -0.2069944435875912500, -0.9350797042930306700 ) ) ;
#2979 = CARTESIAN_POINT ( 'NONE',  ( 6.050000000000001600, -1.838311014891740800, 1.315951922093996400 ) ) ;
#2980 = CARTESIAN_POINT ( 'NONE',  ( -5.712500000000000400, -1.249999999999999600, 0.7216878364870325000 ) ) ;
#2981 = ORIENTED_EDGE ( 'NONE', *, *, #2914, .T. ) ;
#2982 = CARTESIAN_POINT ( 'NONE',  ( -9.867054413570002700, 0.1775179916179509000, 1.217854413574176000 ) ) ;
#2983 = CARTESIAN_POINT ( 'NONE',  ( -9.012499999999999300, 1.250000000000000000, 0.7216878364870319400 ) ) ;
#2984 = CARTESIAN_POINT ( 'NONE',  ( -6.650000000000000400, 0.4788582131113742800, -0.8294067547305469200 ) ) ;
#2985 =( BOUNDED_CURVE ( )  B_SPLINE_CURVE ( 2, ( #4184, #4553, #2369, #2743, #319, #259, #3568, #1693, #4586 ),
 .UNSPECIFIED., .F., .T. ) 
 B_SPLINE_CURVE_WITH_KNOTS ( ( 3, 2, 2, 2, 3 ),
 ( 0.8863636363636363500, 0.8939393939393939200, 0.9090909090909090600, 0.9242424242424242000, 0.9318181818181818800 ),
 .UNSPECIFIED. ) 
 CURVE ( )  GEOMETRIC_REPRESENTATION_ITEM ( )  RATIONAL_B_SPLINE_CURVE ( ( 0.9330127018922194100, 0.9330127018922194100, 1.000000000000000000, 0.8660254037844387100, 1.000000000000000000, 0.8660254037844387100, 1.000000000000000000, 0.9330127018922188500, 0.9330127018922194100 ) ) 
 REPRESENTATION_ITEM ( '' )  );
#2986 = VERTEX_POINT ( 'NONE', #46 ) ;
#2987 = EDGE_CURVE ( 'NONE', #2740, #2620, #1204, .T. ) ;
#2988 = CARTESIAN_POINT ( 'NONE',  ( 10.00625000000000000, 6.771535515813057500E-017, -1.105875672974062900 ) ) ;
#2989 = ORIENTED_EDGE ( 'NONE', *, *, #322, .F. ) ;
#2990 = DIRECTION ( 'NONE',  ( 0.0000000000000000000, 0.0000000000000000000, -1.000000000000000000 ) ) ;
#2991 = CARTESIAN_POINT ( 'NONE',  ( 6.875000000000000900, -0.4788582131113751100, -0.8294067547305472600 ) ) ;
#2992 = CARTESIAN_POINT ( 'NONE',  ( 8.206249999999998900, 1.714015469642402100E-015, 1.250000000000000000 ) ) ;
#2993 = CARTESIAN_POINT ( 'NONE',  ( -9.606916426222753100, 0.4551734219839013700, 0.8736719208768744000 ) ) ;
#2994 = CARTESIAN_POINT ( 'NONE',  ( 5.849038105676657800, -1.299038105676659100, -2.250000000000001300 ) ) ;
#2995 = AXIS2_PLACEMENT_3D ( 'NONE', #552, #3079, #4459 ) ;
#2996 = CARTESIAN_POINT ( 'NONE',  ( 5.825000000000000200, -0.4788582131113757200, 0.8294067547305469200 ) ) ;
#2997 = ORIENTED_EDGE ( 'NONE', *, *, #3203, .F. ) ;
#2998 = CARTESIAN_POINT ( 'NONE',  ( 8.525000000000000400, -0.4788582131113757200, 0.8294067547305469200 ) ) ;
#2999 = CARTESIAN_POINT ( 'NONE',  ( 7.792403810567667400, 0.3349364905389038400, 1.249999999999999800 ) ) ;
#3000 = CARTESIAN_POINT ( 'NONE',  ( -5.506249999999999600, 6.771535515813051300E-017, 1.105875672974062000 ) ) ;
#3001 = CARTESIAN_POINT ( 'NONE',  ( -7.437500000000000000, -1.250000000000000000, -0.7216878364870315000 ) ) ;
#3002 = ORIENTED_EDGE ( 'NONE', *, *, #2987, .F. ) ;
#3003 = CARTESIAN_POINT ( 'NONE',  ( -6.875000000000000900, -0.4788582131113747800, 0.8294067547305465900 ) ) ;
#3004 = CARTESIAN_POINT ( 'NONE',  ( 8.506249999999999600, -0.9577164262227507700, 0.5529378364870311000 ) ) ;
#3005 = ORIENTED_EDGE ( 'NONE', *, *, #3594, .F. ) ;
#3006 = CARTESIAN_POINT ( 'NONE',  ( 7.112838305733186300, 0.7050551802127321700, -1.018841449468453500 ) ) ;
#3007 = CARTESIAN_POINT ( 'NONE',  ( -9.950000000000001100, 1.299038105676658400, -2.250000000000001300 ) ) ;
#3008 = CARTESIAN_POINT ( 'NONE',  ( -9.837499999999998600, 1.743066579297358300E-016, 1.249999999999999600 ) ) ;
#3009 = CARTESIAN_POINT ( 'NONE',  ( 8.487500000000000700, -2.033577675846917700E-015, -1.249999999999999800 ) ) ;
#3010 = CARTESIAN_POINT ( 'NONE',  ( 8.431249999999998600, 8.838126989374223500E-017, -1.443375672974064300 ) ) ;
#3011 = ORIENTED_EDGE ( 'NONE', *, *, #3084, .F. ) ;
#3012 = CARTESIAN_POINT ( 'NONE',  ( -9.949999999999999300, 2.058803302138242100, -0.9340480779059864300 ) ) ;
#3013 = CARTESIAN_POINT ( 'NONE',  ( -7.137500000000000200, -4.706279764102867600E-015, 1.249999999999999600 ) ) ;
#3014 = CIRCLE ( 'NONE', #415, 2.249999999999999600 ) ;
#3015 = CARTESIAN_POINT ( 'NONE',  ( 5.849038105676658700, 1.299038105676657600, 2.250000000000000900 ) ) ;
#3016 = CARTESIAN_POINT ( 'NONE',  ( -9.950000000000001100, -0.2199459771158370800, 2.250000000000000400 ) ) ;
#3017 = CARTESIAN_POINT ( 'NONE',  ( -8.656249999999998200, 6.771535515813051300E-017, 1.105875672974062000 ) ) ;
#3018 = EDGE_CURVE ( 'NONE', #4061, #2122, #3014, .T. ) ;
#3019 = CARTESIAN_POINT ( 'NONE',  ( -8.000000000000000000, -0.6249999999999995600, 1.082531754730548400 ) ) ;
#3020 = CARTESIAN_POINT ( 'NONE',  ( -7.550000000000000700, 0.4788582131113742800, -0.8294067547305469200 ) ) ;
#3021 = CIRCLE ( 'NONE', #1017, 1.250000000000000000 ) ;
#3022 = CARTESIAN_POINT ( 'NONE',  ( 7.606249999999999300, -0.9577164262227507700, 0.5529378364870311000 ) ) ;
#3023 = CARTESIAN_POINT ( 'NONE',  ( -9.950000000000001100, 1.299038105676658400, -2.250000000000001300 ) ) ;
#3024 = CARTESIAN_POINT ( 'NONE',  ( -6.968750000000000900, -1.249999999999999800, 1.530808498934191300E-016 ) ) ;
#3025 = EDGE_CURVE ( 'NONE', #3056, #2746, #789, .T. ) ;
#3026 = CIRCLE ( 'NONE', #1423, 2.249999999999999600 ) ;
#3027 = CARTESIAN_POINT ( 'NONE',  ( -9.950000000000001100, 0.0000000000000000000, 0.0000000000000000000 ) ) ;
#3028 = DIRECTION ( 'NONE',  ( 1.000000000000000000, 0.0000000000000000000, 0.0000000000000000000 ) ) ;
#3029 = CARTESIAN_POINT ( 'NONE',  ( 8.806249999999998600, -1.250000000000000000, -0.7216878364870325000 ) ) ;
#3030 = CARTESIAN_POINT ( 'NONE',  ( 9.199999999999999300, 0.4788582131113754400, -0.8294067547305471500 ) ) ;
#3031 = CARTESIAN_POINT ( 'NONE',  ( 8.712500000000000400, 1.714015469642402100E-015, 1.250000000000000000 ) ) ;
#3032 = DIRECTION ( 'NONE',  ( 1.000000000000000000, 0.0000000000000000000, 0.0000000000000000000 ) ) ;
#3033 = CARTESIAN_POINT ( 'NONE',  ( -9.481249999999999300, -0.9577164262227497700, 0.5529378364870313200 ) ) ;
#3034 = CARTESIAN_POINT ( 'NONE',  ( -8.525000000000002100, 0.6250000000000000000, 1.082531754730548200 ) ) ;
#3035 = CARTESIAN_POINT ( 'NONE',  ( -9.068749999999997900, -0.4788582131113747800, 0.8294067547305465900 ) ) ;
#3036 = CARTESIAN_POINT ( 'NONE',  ( 8.018750000000000700, -0.4788582131113757200, 0.8294067547305469200 ) ) ;
#3037 = CARTESIAN_POINT ( 'NONE',  ( -9.810229930904663200, -2.492088861051975800, 0.1835754756815190800 ) ) ;
#3038 = CARTESIAN_POINT ( 'NONE',  ( -7.081250000000000700, 8.838126989374222200E-017, 1.443375672974064100 ) ) ;
#3039 = ORIENTED_EDGE ( 'NONE', *, *, #1481, .T. ) ;
#3040 = DIRECTION ( 'NONE',  ( -1.000000000000000000, -0.0000000000000000000, -0.0000000000000000000 ) ) ;
#3041 = CARTESIAN_POINT ( 'NONE',  ( 7.043749999999999300, -0.6249999999999996700, -1.082531754730548400 ) ) ;
#3042 = DIRECTION ( 'NONE',  ( 0.0000000000000000000, 0.0000000000000000000, -1.000000000000000000 ) ) ;
#3043 = EDGE_LOOP ( 'NONE', ( #1785, #959, #3913 ) ) ;
#3044 = CARTESIAN_POINT ( 'NONE',  ( 8.412499999999999600, 0.9577164262227503300, 0.5529378364870319900 ) ) ;
#3045 = CARTESIAN_POINT ( 'NONE',  ( 9.443749999999999600, -0.9577164262227506600, -1.172864355864533800E-016 ) ) ;
#3046 =( BOUNDED_CURVE ( )  B_SPLINE_CURVE ( 2, ( #2106, #3906, #2814, #660, #1367, #2095, #4478, #1954, #902 ),
 .UNSPECIFIED., .F., .F. ) 
 B_SPLINE_CURVE_WITH_KNOTS ( ( 3, 2, 2, 2, 3 ),
 ( 0.2500000000000000000, 0.2575757575757575700, 0.2727272727272727100, 0.2878787878787879000, 0.2954545454545454700 ),
 .UNSPECIFIED. ) 
 CURVE ( )  GEOMETRIC_REPRESENTATION_ITEM ( )  RATIONAL_B_SPLINE_CURVE ( ( 0.9330127018922194100, 0.9330127018922194100, 1.000000000000000000, 0.8660254037844387100, 1.000000000000000000, 0.8660254037844387100, 1.000000000000000000, 0.9330127018922194100, 0.9330127018922194100 ) ) 
 REPRESENTATION_ITEM ( '' )  );
#3047 = CARTESIAN_POINT ( 'NONE',  ( -5.656250000000000000, 0.9577164262227496600, -0.5529378364870315400 ) ) ;
#3048 = CARTESIAN_POINT ( 'NONE',  ( 7.756249999999998800, 3.921899803419055800E-015, 1.250000000000000000 ) ) ;
#3049 = CARTESIAN_POINT ( 'NONE',  ( -9.574999999999999300, 0.6249999999999990000, -1.082531754730548600 ) ) ;
#3050 = CARTESIAN_POINT ( 'NONE',  ( -10.04374999999999900, 0.4788582131113751100, 0.8294067547305464800 ) ) ;
#3051 = EDGE_CURVE ( 'NONE', #4390, #3603, #2092, .T. ) ;
#3052 = CARTESIAN_POINT ( 'NONE',  ( 9.181249999999998600, 0.9577164262227506600, -0.5529378364870313200 ) ) ;
#3053 = CARTESIAN_POINT ( 'NONE',  ( -9.606916426222751300, 1.522772014783827200E-012, 0.9577164262227498800 ) ) ;
#3054 = CARTESIAN_POINT ( 'NONE',  ( -7.193750000000000500, 1.249999999999999800, 0.0000000000000000000 ) ) ;
#3055 = CARTESIAN_POINT ( 'NONE',  ( 8.543749999999999300, -0.9577164262227506600, -1.172864355864533800E-016 ) ) ;
#3056 = VERTEX_POINT ( 'NONE', #2188 ) ;
#3057 = CARTESIAN_POINT ( 'NONE',  ( -5.412500000000000500, -0.9577164262227502200, -0.5529378364870306500 ) ) ;
#3058 = AXIS2_PLACEMENT_3D ( 'NONE', #4533, #3814, #2707 ) ;
#3059 = CARTESIAN_POINT ( 'NONE',  ( 8.581249999999998900, 1.249999999999999800, 0.7216878364870329400 ) ) ;
#3060 = CARTESIAN_POINT ( 'NONE',  ( -5.150000000000001200, 0.0000000000000000000, 0.0000000000000000000 ) ) ;
#3061 = CARTESIAN_POINT ( 'NONE',  ( 7.512500000000001100, 0.9577164262227503300, 0.5529378364870319900 ) ) ;
#3062 = ORIENTED_EDGE ( 'NONE', *, *, #4102, .F. ) ;
#3063 = CARTESIAN_POINT ( 'NONE',  ( 9.631249999999999600, 0.9577164262227506600, -0.5529378364870313200 ) ) ;
#3064 = CARTESIAN_POINT ( 'NONE',  ( -7.756250000000000500, -4.938688641342514700E-016, -1.249999999999999800 ) ) ;
#3065 = CARTESIAN_POINT ( 'NONE',  ( -9.593750000000000000, 0.4788582131113751100, 0.8294067547305464800 ) ) ;
#3066 = CARTESIAN_POINT ( 'NONE',  ( 9.719483213111463000, 2.053622941508838700E-012, -1.143016786888541200 ) ) ;
#3067 = AXIS2_PLACEMENT_3D ( 'NONE', #3590, #1761, #755 ) ;
#3068 = LINE ( 'NONE', #3545, #1742 ) ;
#3069 = CARTESIAN_POINT ( 'NONE',  ( -9.556249999999998600, 6.771535515813051300E-017, 1.105875672974062000 ) ) ;
#3070 = CARTESIAN_POINT ( 'NONE',  ( 8.431249999999998600, -2.031460654743916600E-016, 1.105875672974062900 ) ) ;
#3071 = CARTESIAN_POINT ( 'NONE',  ( -9.860744989968445400, -2.385217236779677100, 0.3686825588085527700 ) ) ;
#3072 = CARTESIAN_POINT ( 'NONE',  ( -7.118750000000001200, 0.6250000000000000000, 1.082531754730548200 ) ) ;
#3073 = LINE ( 'NONE', #679, #344 ) ;
#3074 = CARTESIAN_POINT ( 'NONE',  ( 7.306250000000000400, 6.771535515813057500E-017, -1.105875672974062900 ) ) ;
#3075 = CARTESIAN_POINT ( 'NONE',  ( 8.056249999999998600, 1.250000000000000000, -0.7216878364870320500 ) ) ;
#3076 = FACE_OUTER_BOUND ( 'NONE', #4466, .T. ) ;
#3077 = CARTESIAN_POINT ( 'NONE',  ( -9.312500000000001800, -1.249999999999999600, 0.7216878364870325000 ) ) ;
#3078 = CARTESIAN_POINT ( 'NONE',  ( 8.375000000000000000, 0.9577164262227506600, 0.0000000000000000000 ) ) ;
#3079 = DIRECTION ( 'NONE',  ( 1.000000000000000000, 0.0000000000000000000, 0.0000000000000000000 ) ) ;
#3080 = CARTESIAN_POINT ( 'NONE',  ( -7.643750000000001600, 1.249999999999999800, 0.0000000000000000000 ) ) ;
#3081 = VECTOR ( 'NONE', #2574, 1000.000000000000000 ) ;
#3082 = CARTESIAN_POINT ( 'NONE',  ( -10.00625000000000000, 6.771535515813051300E-017, 1.105875672974062000 ) ) ;
#3083 = CARTESIAN_POINT ( 'NONE',  ( 5.971727692845873600, 1.511542704210576000, 1.881931238497227800 ) ) ;
#3084 = EDGE_CURVE ( 'NONE', #3273, #3056, #3855, .T. ) ;
#3085 = CARTESIAN_POINT ( 'NONE',  ( -7.062500000000000900, -1.249999999999999800, 0.7216878364870323900 ) ) ;
#3086 = CARTESIAN_POINT ( 'NONE',  ( -5.562500000000000000, 6.771535515813051300E-017, 1.105875672974062000 ) ) ;
#3087 = CARTESIAN_POINT ( 'NONE',  ( 6.856249999999998400, 6.771535515813057500E-017, -1.105875672974062900 ) ) ;
#3088 = CARTESIAN_POINT ( 'NONE',  ( -9.749038105676659100, -2.598076211353316500, -2.587034311127658300E-015 ) ) ;
#3089 = CARTESIAN_POINT ( 'NONE',  ( -7.531250000000000900, 8.838126989374222200E-017, 1.443375672974064100 ) ) ;
#3090 = CARTESIAN_POINT ( 'NONE',  ( 6.818750000000000500, -0.4788582131113751100, -0.8294067547305472600 ) ) ;
#3091 = CARTESIAN_POINT ( 'NONE',  ( -9.818750000000001400, 0.6250000000000000000, 1.082531754730548200 ) ) ;
#3092 = ORIENTED_EDGE ( 'NONE', *, *, #3145, .T. ) ;
#3093 = CARTESIAN_POINT ( 'NONE',  ( -9.556249999999998600, -4.938688641342514700E-016, -1.249999999999999800 ) ) ;
#3094 = CARTESIAN_POINT ( 'NONE',  ( -9.749038105676728300, -1.299038105676762800, -2.250000000000001300 ) ) ;
#3095 = CARTESIAN_POINT ( 'NONE',  ( 6.912500000000000500, 6.771535515813057500E-017, -1.105875672974062900 ) ) ;
#3096 = CARTESIAN_POINT ( 'NONE',  ( 8.918749999999999300, -0.4788582131113757200, 0.8294067547305469200 ) ) ;
#3097 = CARTESIAN_POINT ( 'NONE',  ( 8.243749999999998600, -0.6250000000000005600, 1.082531754730548200 ) ) ;
#3098 = ORIENTED_EDGE ( 'NONE', *, *, #603, .F. ) ;
#3099 = CARTESIAN_POINT ( 'NONE',  ( -7.606250000000001100, 1.250000000000000000, 0.7216878364870319400 ) ) ;
#3100 = DIRECTION ( 'NONE',  ( 1.000000000000000000, 0.0000000000000000000, -0.0000000000000000000 ) ) ;
#3101 = CARTESIAN_POINT ( 'NONE',  ( -6.856249999999999300, 6.771535515813051300E-017, 1.105875672974062000 ) ) ;
#3102 = CARTESIAN_POINT ( 'NONE',  ( -5.600000000000000500, -0.6250000000000004400, -1.082531754730548000 ) ) ;
#3103 = CARTESIAN_POINT ( 'NONE',  ( -5.450000000000001100, -0.9577164262227499900, 1.172864355864533000E-016 ) ) ;
#3104 = CARTESIAN_POINT ( 'NONE',  ( 9.593750000000000000, 0.4788582131113754400, -0.8294067547305471500 ) ) ;
#3105 = ORIENTED_EDGE ( 'NONE', *, *, #3756, .T. ) ;
#3106 = CARTESIAN_POINT ( 'NONE',  ( 5.768749999999999800, -0.4788582131113757200, 0.8294067547305469200 ) ) ;
#3107 = CARTESIAN_POINT ( 'NONE',  ( -9.650000000000000400, 0.4788582131113751100, 0.8294067547305464800 ) ) ;
#3108 = CARTESIAN_POINT ( 'NONE',  ( 6.443749999999999600, 0.4788582131113754400, -0.8294067547305471500 ) ) ;
#3109 = VERTEX_POINT ( 'NONE', #2151 ) ;
#3110 = CARTESIAN_POINT ( 'NONE',  ( -9.854249740646023900, -0.1485722688479075600, 1.205049740642528500 ) ) ;
#3111 = CARTESIAN_POINT ( 'NONE',  ( -6.012500000000000200, -4.938688641342514700E-016, -1.249999999999999800 ) ) ;
#3112 =( BOUNDED_CURVE ( )  B_SPLINE_CURVE ( 2, ( #1868, #1819, #4049, #1852, #397, #4395, #2214, #3694, #68 ),
 .UNSPECIFIED., .F., .F. ) 
 B_SPLINE_CURVE_WITH_KNOTS ( ( 3, 2, 2, 2, 3 ),
 ( 0.1136363636363636500, 0.1212121212121212200, 0.1363636363636363500, 0.1515151515151515200, 0.1590909090909090900 ),
 .UNSPECIFIED. ) 
 CURVE ( )  GEOMETRIC_REPRESENTATION_ITEM ( )  RATIONAL_B_SPLINE_CURVE ( ( 0.9330127018922194100, 0.9330127018922194100, 1.000000000000000000, 0.8660254037844387100, 1.000000000000000000, 0.8660254037844387100, 1.000000000000000000, 0.9330127018922194100, 0.9330127018922194100 ) ) 
 REPRESENTATION_ITEM ( '' )  );
#3113 = CARTESIAN_POINT ( 'NONE',  ( 8.656249999999998200, 6.771535515813057500E-017, -1.105875672974062900 ) ) ;
#3114 = DIRECTION ( 'NONE',  ( -0.7071067811865463500, 0.0000000000000000000, 0.7071067811865487900 ) ) ;
#3115 = CARTESIAN_POINT ( 'NONE',  ( -7.043749999999999300, 0.4788582131113742800, -0.8294067547305469200 ) ) ;
#3116 = CARTESIAN_POINT ( 'NONE',  ( -6.725000000000000500, 0.6250000000000000000, 1.082531754730548200 ) ) ;
#3117 = ORIENTED_EDGE ( 'NONE', *, *, #4133, .T. ) ;
#3118 = CARTESIAN_POINT ( 'NONE',  ( -7.231249999999999300, -0.9577164262227497700, 0.5529378364870313200 ) ) ;
#3119 = EDGE_CURVE ( 'NONE', #108, #2497, #4268, .T. ) ;
#3120 = CARTESIAN_POINT ( 'NONE',  ( -5.150000000000001200, 0.0000000000000000000, 1.250000000000000000 ) ) ;
#3121 = ORIENTED_EDGE ( 'NONE', *, *, #791, .T. ) ;
#3122 = CARTESIAN_POINT ( 'NONE',  ( -7.662500000000000500, 1.250000000000000000, 0.7216878364870319400 ) ) ;
#3123 = CARTESIAN_POINT ( 'NONE',  ( -8.974999999999999600, -0.4788582131113754400, -0.8294067547305463700 ) ) ;
#3124 = CARTESIAN_POINT ( 'NONE',  ( 6.256249999999999600, -0.9577164262227507700, 0.5529378364870311000 ) ) ;
#3125 = EDGE_LOOP ( 'NONE', ( #4321, #1945, #3949, #1404 ) ) ;
#3126 = CARTESIAN_POINT ( 'NONE',  ( 7.437500000000000900, -1.250000000000000200, 0.7216878364870317200 ) ) ;
#3127 = CARTESIAN_POINT ( 'NONE',  ( -5.150000000000001200, 0.0000000000000000000, 0.0000000000000000000 ) ) ;
#3128 = B_SPLINE_CURVE_WITH_KNOTS ( 'NONE', 3,
 ( #1582, #2979, #4430, #2309, #1988, #218 ),
 .UNSPECIFIED., .F., .F.,
 ( 4, 2, 4 ),
 ( 0.001314652396222797500, 0.001969405109320582600, 0.002624157822418367100 ),
 .UNSPECIFIED. ) ;
#3129 = CARTESIAN_POINT ( 'NONE',  ( 7.906250000000000000, 0.9577164262227503300, 0.5529378364870319900 ) ) ;
#3130 = VECTOR ( 'NONE', #2651, 1000.000000000000000 ) ;
#3131 = CARTESIAN_POINT ( 'NONE',  ( -9.256249999999997900, 0.9577164262227496600, -0.5529378364870315400 ) ) ;
#3132 = CARTESIAN_POINT ( 'NONE',  ( -7.568749999999998800, -0.4788582131113754400, -0.8294067547305463700 ) ) ;
#3133 = CARTESIAN_POINT ( 'NONE',  ( -5.900000000000000400, 1.249999999999999800, 0.0000000000000000000 ) ) ;
#3134 = CARTESIAN_POINT ( 'NONE',  ( -8.543749999999999300, -0.9577164262227499900, 1.172864355864533000E-016 ) ) ;
#3135 = LINE ( 'NONE', #946, #2653 ) ;
#3136 = DIRECTION ( 'NONE',  ( -1.000000000000000000, 0.0000000000000000000, 0.0000000000000000000 ) ) ;
#3137 = DIRECTION ( 'NONE',  ( -1.000000000000000000, -0.0000000000000000000, -0.0000000000000000000 ) ) ;
#3138 = CARTESIAN_POINT ( 'NONE',  ( -8.412499999999999600, 0.9577164262227496600, -0.5529378364870315400 ) ) ;
#3139 = CONICAL_SURFACE ( 'NONE', #1734, 2.250000000000000000, 1.047197551196600100 ) ;
#3140 = CARTESIAN_POINT ( 'NONE',  ( 5.956249999999999800, 6.771535515813057500E-017, -1.105875672974062900 ) ) ;
#3141 = CARTESIAN_POINT ( 'NONE',  ( 5.910229930904661100, 1.405025455977998900, -2.066424524318479300 ) ) ;
#3142 = ORIENTED_EDGE ( 'NONE', *, *, #1062, .F. ) ;
#3143 = CARTESIAN_POINT ( 'NONE',  ( 7.418750000000000200, 0.9577164262227506600, 0.0000000000000000000 ) ) ;
#3144 = CARTESIAN_POINT ( 'NONE',  ( -9.481250000000001100, -0.9577164262227497700, 0.5529378364870313200 ) ) ;
#3145 = EDGE_CURVE ( 'NONE', #4554, #475, #2438, .T. ) ;
#3146 = CARTESIAN_POINT ( 'NONE',  ( -7.081249999999999800, 1.743066579297358300E-016, 1.249999999999999600 ) ) ;
#3147 = CARTESIAN_POINT ( 'NONE',  ( -6.593750000000000000, 0.4788582131113742800, -0.8294067547305469200 ) ) ;
#3148 = CARTESIAN_POINT ( 'NONE',  ( 6.106249999999999300, 0.9577164262227503300, 0.5529378364870319900 ) ) ;
#3149 = DIRECTION ( 'NONE',  ( 0.0000000000000000000, 0.0000000000000000000, 1.000000000000000000 ) ) ;
#3150 = CARTESIAN_POINT ( 'NONE',  ( -8.750000000000000000, 0.4788582131113751100, 0.8294067547305464800 ) ) ;
#3151 = ORIENTED_EDGE ( 'NONE', *, *, #167, .F. ) ;
#3152 = AXIS2_PLACEMENT_3D ( 'NONE', #3316, #1133, #3686 ) ;
#3153 = CARTESIAN_POINT ( 'NONE',  ( 5.993750000000000400, 0.4788582131113754400, -0.8294067547305471500 ) ) ;
#3154 = DIRECTION ( 'NONE',  ( 1.000000000000000000, 0.0000000000000000000, 0.0000000000000000000 ) ) ;
#3155 = CARTESIAN_POINT ( 'NONE',  ( 6.481249999999999300, -1.250000000000000200, 0.7216878364870317200 ) ) ;
#3156 = CARTESIAN_POINT ( 'NONE',  ( 8.150000000000000400, 1.250000000000000000, 0.0000000000000000000 ) ) ;
#3157 = EDGE_LOOP ( 'NONE', ( #2509, #2063, #2453 ) ) ;
#3158 = B_SPLINE_CURVE_WITH_KNOTS ( 'NONE', 3,
 ( #4348, #2530, #1099, #1458 ),
 .UNSPECIFIED., .F., .F.,
 ( 4, 4 ),
 ( 2.380746839939530700E-007, 0.001314652396222795800 ),
 .UNSPECIFIED. ) ;
#3159 = CARTESIAN_POINT ( 'NONE',  ( 8.468749999999998200, -0.4788582131113757200, 0.8294067547305469200 ) ) ;
#3160 = ORIENTED_EDGE ( 'NONE', *, *, #4671, .T. ) ;
#3161 = CARTESIAN_POINT ( 'NONE',  ( -7.868749999999998600, 0.9577164262227499900, 0.0000000000000000000 ) ) ;
#3162 = CARTESIAN_POINT ( 'NONE',  ( 9.836838201279038100, 0.5447540194663749200, 0.8804375176646551700 ) ) ;
#3163 = CARTESIAN_POINT ( 'NONE',  ( -8.168749999999999300, -0.4788582131113747800, 0.8294067547305465900 ) ) ;
#3164 = CARTESIAN_POINT ( 'NONE',  ( 9.818749999999999600, -0.4788582131113757200, 0.8294067547305469200 ) ) ;
#3165 = CARTESIAN_POINT ( 'NONE',  ( 8.676346189432331700, -0.3349364905389037900, 1.249999999999999800 ) ) ;
#3166 = CARTESIAN_POINT ( 'NONE',  ( -9.762500000000001100, 0.9577164262227496600, -0.5529378364870315400 ) ) ;
#3167 = CARTESIAN_POINT ( 'NONE',  ( 9.012499999999999300, -0.9577164262227507700, 0.5529378364870311000 ) ) ;
#3168 = DIRECTION ( 'NONE',  ( -1.000000000000000000, -0.0000000000000000000, -0.0000000000000000000 ) ) ;
#3169 = CARTESIAN_POINT ( 'NONE',  ( -9.950000000000001100, 0.0000000000000000000, 0.0000000000000000000 ) ) ;
#3170 = EDGE_CURVE ( 'NONE', #3571, #422, #4204, .T. ) ;
#3171 = ORIENTED_EDGE ( 'NONE', *, *, #3409, .F. ) ;
#3172 = CARTESIAN_POINT ( 'NONE',  ( 8.581249999999998900, -0.9577164262227504400, -0.5529378364870317600 ) ) ;
#3173 = CARTESIAN_POINT ( 'NONE',  ( -9.218750000000000000, 0.9577164262227499900, 0.0000000000000000000 ) ) ;
#3174 = CARTESIAN_POINT ( 'NONE',  ( 9.724999999999999600, 0.9577164262227506600, 0.0000000000000000000 ) ) ;
#3175 = EDGE_LOOP ( 'NONE', ( #1391, #3151, #2681 ) ) ;
#3176 = EDGE_CURVE ( 'NONE', #2122, #3775, #3688, .T. ) ;
#3177 = CARTESIAN_POINT ( 'NONE',  ( -8.787499999999999600, -1.250000000000000000, -0.7216878364870316100 ) ) ;
#3178 = CARTESIAN_POINT ( 'NONE',  ( -6.275000000000001200, 0.6250000000000000000, 1.082531754730548200 ) ) ;
#3179 = CARTESIAN_POINT ( 'NONE',  ( -5.825000000000000200, -0.4788582131113754400, -0.8294067547305463700 ) ) ;
#3180 = CYLINDRICAL_SURFACE ( 'NONE', #2110, 0.9551764262227506700 ) ;
#3181 = CARTESIAN_POINT ( 'NONE',  ( 8.862500000000000700, 0.9577164262227503300, 0.5529378364870319900 ) ) ;
#3182 = CARTESIAN_POINT ( 'NONE',  ( 7.017515525978083700, -0.5855137814848395700, 0.9841490449089801400 ) ) ;
#3183 = AXIS2_PLACEMENT_3D ( 'NONE', #2325, #2718, #2699 ) ;
#3184 = CARTESIAN_POINT ( 'NONE',  ( -9.462500000000000400, 1.250000000000000000, 0.7216878364870319400 ) ) ;
#3185 = FACE_OUTER_BOUND ( 'NONE', #3175, .T. ) ;
#3186 = CARTESIAN_POINT ( 'NONE',  ( 6.050000000000000700, 0.4788582131113754400, -0.8294067547305471500 ) ) ;
#3187 = B_SPLINE_CURVE_WITH_KNOTS ( 'NONE', 3,
 ( #2246, #1905, #1854, #1179, #2963, #4397 ),
 .UNSPECIFIED., .F., .F.,
 ( 4, 2, 4 ),
 ( 0.006161908894165786300, 0.006622301760165395600, 0.007082694626165004900 ),
 .UNSPECIFIED. ) ;
#3188 = CARTESIAN_POINT ( 'NONE',  ( -8.750000000000000000, 0.4788582131113751100, 0.8294067547305464800 ) ) ;
#3189 = B_SPLINE_CURVE_WITH_KNOTS ( 'NONE', 3,
 ( #368, #2113, #4646, #1029 ),
 .UNSPECIFIED., .F., .F.,
 ( 4, 4 ),
 ( 0.0000000000000000000, 1.000000000000000000 ),
 .UNSPECIFIED. ) ;
#3190 = VECTOR ( 'NONE', #4059, 1000.000000000000000 ) ;
#3191 = CARTESIAN_POINT ( 'NONE',  ( -6.631249999999999600, -2.031460654743915200E-016, -1.105875672974062000 ) ) ;
#3192 = CARTESIAN_POINT ( 'NONE',  ( 9.862127497258535800, 2.823831770902962200E-011, 1.000372502741466300 ) ) ;
#3193 = VECTOR ( 'NONE', #2260, 1000.000000000000000 ) ;
#3194 = CARTESIAN_POINT ( 'NONE',  ( 6.030756665990564300, -2.168904970561405900, -0.7433463941989694200 ) ) ;
#3195 = CARTESIAN_POINT ( 'NONE',  ( -7.587500000000000400, -2.031460654743915200E-016, -1.105875672974062000 ) ) ;
#3196 = CARTESIAN_POINT ( 'NONE',  ( 8.525000000000000400, -0.4788582131113757200, 0.8294067547305469200 ) ) ;
#3197 = FACE_OUTER_BOUND ( 'NONE', #3737, .T. ) ;
#3198 = CARTESIAN_POINT ( 'NONE',  ( 7.059388542016114900, -1.178511914573586100, 0.1397600538123270100 ) ) ;
#3199 = CARTESIAN_POINT ( 'NONE',  ( 8.581249999999998900, -0.9577164262227504400, -0.5529378364870317600 ) ) ;
#3200 = CARTESIAN_POINT ( 'NONE',  ( -9.012499999999999300, -0.9577164262227502200, -0.5529378364870306500 ) ) ;
#3201 = ORIENTED_EDGE ( 'NONE', *, *, #1544, .F. ) ;
#3202 = CARTESIAN_POINT ( 'NONE',  ( -7.156250000000000000, -0.9577164262227502200, -0.5529378364870306500 ) ) ;
#3203 = EDGE_CURVE ( 'NONE', #4092, #96, #2142, .T. ) ;
#3204 = CARTESIAN_POINT ( 'NONE',  ( 9.462500000000000400, -0.9577164262227507700, 0.5529378364870311000 ) ) ;
#3205 = ORIENTED_EDGE ( 'NONE', *, *, #2264, .T. ) ;
#3206 = SHAPE_DEFINITION_REPRESENTATION ( #20, #2775 ) ;
#3207 = CARTESIAN_POINT ( 'NONE',  ( -9.606916426222740700, 0.6291744576415432300, 0.7220528061771792600 ) ) ;
#3208 = CARTESIAN_POINT ( 'NONE',  ( -6.162500000000002300, -1.249999999999999600, 0.7216878364870325000 ) ) ;
#3209 = CARTESIAN_POINT ( 'NONE',  ( -7.962500000000001200, 0.9577164262227496600, -0.5529378364870315400 ) ) ;
#3210 = AXIS2_PLACEMENT_3D ( 'NONE', #2778, #3154, #3867 ) ;
#3211 = CARTESIAN_POINT ( 'NONE',  ( 8.037499999999999600, -2.031460654743916600E-016, 1.105875672974062900 ) ) ;
#3212 = VERTEX_POINT ( 'NONE', #1147 ) ;
#3213 = ORIENTED_EDGE ( 'NONE', *, *, #402, .T. ) ;
#3214 = CARTESIAN_POINT ( 'NONE',  ( 9.162499999999999600, -2.651438096812267400E-016, 1.443375672974064300 ) ) ;
#3215 = CARTESIAN_POINT ( 'NONE',  ( -7.962500000000001200, -1.249999999999999600, 0.7216878364870325000 ) ) ;
#3216 = ORIENTED_EDGE ( 'NONE', *, *, #2094, .F. ) ;
#3217 = CARTESIAN_POINT ( 'NONE',  ( 6.987500000000000700, 0.9577164262227506600, -0.5529378364870313200 ) ) ;
#3218 = AXIS2_PLACEMENT_3D ( 'NONE', #3646, #4002, #1490 ) ;
#3219 = B_SPLINE_CURVE_WITH_KNOTS ( 'NONE', 3,
 ( #3919, #4629, #1067, #323, #1725, #673 ),
 .UNSPECIFIED., .F., .F.,
 ( 4, 2, 4 ),
 ( 7.907164566167291900E-017, 0.0003805775212854729600, 0.0007611550425708667700 ),
 .UNSPECIFIED. ) ;
#3220 =( BOUNDED_SURFACE ( )  B_SPLINE_SURFACE ( 1, 2, ( 
 ( #2642, #826, #2583, #93, #4024, #1496, #2205, #4040, #4010, #4421, #1188, #1480, #1528, #4371, #4438, #61, #3364, #2253, #4389, #3299, #469, #2189, #2969, #1827, #1148, #3735, #2238, #47, #3700, #450, #808, #1861, #778, #3684, #77, #2566, #435, #3314, #3719, #405, #419, #111, #2619, #3345, #4402, #2951, #1168, #1118, #1132, #2553, #1896, #3330, #1514, #2934, #2600, #4056, #764, #3670, #523, #562, #4132, #859, #485, #4471, #3415, #2316, #1961, #1555, #3401, #4105, #3783, #1220, #1978, #503, #3769, #3089, #2636, #1608, #158, #4452, #4150, #1541, #4518, #4504, #3054, #1574, #3072, #3038, #1930, #2333, #3024, #3800, #875, #190, #4116, #2672, #2298, #1590, #2710, #3451, #1944, #1237, #4488, #4091, #1270, #173, #2286, #2692, #844, #543, #895, #3433, #1254, #910, #1914, #2269, #129, #3383, #1203, #3755, #144, #2652, #4166, #4568, #242, #2059, #971, #941, #1995 ),
 ( #1304, #2012, #3847, #3816, #1675, #987, #1286, #1333, #4535, #4231, #4551, #3166, #4595, #3830, #3107, #273, #2349, #2758, #1625, #956, #3536, #2044, #208, #3507, #257, #2774, #1657, #591, #3485, #2029, #2365, #2383, #3123, #3520, #2727, #1641, #2414, #2791, #3150, #4197, #226, #3879, #928, #607, #577, #624, #4181, #3138, #3469, #4215, #1320, #2739, #3864, #4583, #637, #2401, #1690, #286, #4262, #3209, #2115, #3940, #1360, #667, #3911, #3578, #1015, #1762, #300, #3195, #341, #2430, #1398, #4636, #4246, #3955, #1345, #4306, #1747, #316, #1371, #2850, #2819, #1718, #2130, #2806, #3591, #2835, #4662, #3566, #2461, #2100, #1386, #2491, #3239, #3926, #680, #4276, #3898, #1060, #1733, #2087, #1031, #652, #4291, #4648, #2476, #331, #693, #2868, #3227, #1044, #706, #1706, #2072, #4609, #3179, #1000, #3551, #4622, #2448, #756, #730, #3967, #413, #2169, #4362, #3619, #1086 ) ),
 .UNSPECIFIED., .F., .F., .F. ) 
 B_SPLINE_SURFACE_WITH_KNOTS ( ( 2, 2 ),
 ( 3, 2, 2, 2, 2, 2, 2, 2, 2, 2, 2, 2, 2, 2, 2, 2, 2, 2, 2, 2, 2, 2, 2, 2, 2, 2, 2, 2, 2, 2, 2, 2, 2, 2, 2, 2, 2, 2, 2, 2, 2, 2, 2, 2, 2, 2, 2, 2, 2, 2, 2, 2, 2, 2, 2, 2, 2, 2, 2, 2, 2, 2, 2, 2, 3 ),
 ( 0.0000000000000000000, 1.000000000000000000 ),
 ( 0.0000000000000000000, 0.01515151515151515200, 0.03030303030303030400, 0.04545454545454545600, 0.06060606060606060800, 0.07575757575757576000, 0.09090909090909091200, 0.1060606060606060600, 0.1212121212121212200, 0.1363636363636363500, 0.1515151515151515200, 0.1666666666666666600, 0.1818181818181818200, 0.1969696969696969600, 0.2121212121212121300, 0.2272727272727272700, 0.2424242424242424300, 0.2575757575757575700, 0.2727272727272727100, 0.2878787878787879000, 0.3030303030303030400, 0.3181818181818181800, 0.3333333333333333100, 0.3484848484848485100, 0.3636363636363636500, 0.3787878787878787800, 0.3939393939393939200, 0.4090909090909091200, 0.4242424242424242500, 0.4393939393939393900, 0.4545454545454545300, 0.4696969696969697200, 0.4848484848484848600, 0.5000000000000000000, 0.5151515151515151400, 0.5303030303030302800, 0.5454545454545454100, 0.5606060606060605500, 0.5757575757575758000, 0.5909090909090909400, 0.6060606060606060800, 0.6212121212121212200, 0.6363636363636363500, 0.6515151515151514900, 0.6666666666666666300, 0.6818181818181817700, 0.6969696969696970200, 0.7121212121212121500, 0.7272727272727272900, 0.7424242424242424300, 0.7575757575757575700, 0.7727272727272727100, 0.7878787878787878500, 0.8030303030303029800, 0.8181818181818182300, 0.8333333333333333700, 0.8484848484848485100, 0.8636363636363636500, 0.8787878787878787800, 0.8939393939393939200, 0.9090909090909090600, 0.9242424242424242000, 0.9393939393939394500, 0.9545454545454545900, 0.9696969696969697200 ),
 .UNSPECIFIED. ) 
 GEOMETRIC_REPRESENTATION_ITEM ( )  RATIONAL_B_SPLINE_SURFACE ( (
 ( 1.000000000000000000, 0.8660254037844387100, 1.000000000000000000, 0.8660254037844387100, 1.000000000000000000, 0.8660254037844387100, 1.000000000000000000, 0.8660254037844387100, 1.000000000000000000, 0.8660254037844387100, 1.000000000000000000, 0.8660254037844387100, 1.000000000000000000, 0.8660254037844387100, 1.000000000000000000, 0.8660254037844387100, 1.000000000000000000, 0.8660254037844387100, 1.000000000000000000, 0.8660254037844387100, 1.000000000000000000, 0.8660254037844387100, 1.000000000000000000, 0.8660254037844387100, 1.000000000000000000, 0.8660254037844387100, 1.000000000000000000, 0.8660254037844387100, 1.000000000000000000, 0.8660254037844387100, 1.000000000000000000, 0.8660254037844387100, 1.000000000000000000, 0.8660254037844387100, 1.000000000000000000, 0.8660254037844387100, 1.000000000000000000, 0.8660254037844387100, 1.000000000000000000, 0.8660254037844387100, 1.000000000000000000, 0.8660254037844387100, 1.000000000000000000, 0.8660254037844387100, 1.000000000000000000, 0.8660254037844387100, 1.000000000000000000, 0.8660254037844387100, 1.000000000000000000, 0.8660254037844387100, 1.000000000000000000, 0.8660254037844387100, 1.000000000000000000, 0.8660254037844387100, 1.000000000000000000, 0.8660254037844387100, 1.000000000000000000, 0.8660254037844387100, 1.000000000000000000, 0.8660254037844387100, 1.000000000000000000, 0.8660254037844387100, 1.000000000000000000, 0.8660254037844387100, 1.000000000000000000, 0.8660254037844387100, 1.000000000000000000, 0.8660254037844387100, 1.000000000000000000, 0.8660254037844387100, 1.000000000000000000, 0.8660254037844387100, 1.000000000000000000, 0.8660254037844387100, 1.000000000000000000, 0.8660254037844387100, 1.000000000000000000, 0.8660254037844387100, 1.000000000000000000, 0.8660254037844387100, 1.000000000000000000, 0.8660254037844387100, 1.000000000000000000, 0.8660254037844387100, 1.000000000000000000, 0.8660254037844387100, 1.000000000000000000, 0.8660254037844387100, 1.000000000000000000, 0.8660254037844387100, 1.000000000000000000, 0.8660254037844387100, 1.000000000000000000, 0.8660254037844387100, 1.000000000000000000, 0.8660254037844387100, 1.000000000000000000, 0.8660254037844387100, 1.000000000000000000, 0.8660254037844387100, 1.000000000000000000, 0.8660254037844387100, 1.000000000000000000, 0.8660254037844387100, 1.000000000000000000, 0.8660254037844387100, 1.000000000000000000, 0.8660254037844387100, 1.000000000000000000, 0.8660254037844387100, 1.000000000000000000, 0.8660254037844387100, 1.000000000000000000, 0.8660254037844387100, 1.000000000000000000, 0.8660254037844387100, 1.000000000000000000, 0.8660254037844387100, 1.000000000000000000, 0.8660254037844387100, 1.000000000000000000, 0.8660254037844387100, 1.000000000000000000, 0.8660254037844387100, 1.000000000000000000, 0.8660254037844387100, 1.000000000000000000, 0.8660254037844387100, 1.000000000000000000),
 ( 1.000000000000000000, 0.8660254037844387100, 1.000000000000000000, 0.8660254037844387100, 1.000000000000000000, 0.8660254037844387100, 1.000000000000000000, 0.8660254037844387100, 1.000000000000000000, 0.8660254037844387100, 1.000000000000000000, 0.8660254037844387100, 1.000000000000000000, 0.8660254037844387100, 1.000000000000000000, 0.8660254037844387100, 1.000000000000000000, 0.8660254037844387100, 1.000000000000000000, 0.8660254037844387100, 1.000000000000000000, 0.8660254037844387100, 1.000000000000000000, 0.8660254037844387100, 1.000000000000000000, 0.8660254037844387100, 1.000000000000000000, 0.8660254037844387100, 1.000000000000000000, 0.8660254037844387100, 1.000000000000000000, 0.8660254037844387100, 1.000000000000000000, 0.8660254037844387100, 1.000000000000000000, 0.8660254037844387100, 1.000000000000000000, 0.8660254037844387100, 1.000000000000000000, 0.8660254037844387100, 1.000000000000000000, 0.8660254037844387100, 1.000000000000000000, 0.8660254037844387100, 1.000000000000000000, 0.8660254037844387100, 1.000000000000000000, 0.8660254037844387100, 1.000000000000000000, 0.8660254037844387100, 1.000000000000000000, 0.8660254037844387100, 1.000000000000000000, 0.8660254037844387100, 1.000000000000000000, 0.8660254037844387100, 1.000000000000000000, 0.8660254037844387100, 1.000000000000000000, 0.8660254037844387100, 1.000000000000000000, 0.8660254037844387100, 1.000000000000000000, 0.8660254037844387100, 1.000000000000000000, 0.8660254037844387100, 1.000000000000000000, 0.8660254037844387100, 1.000000000000000000, 0.8660254037844387100, 1.000000000000000000, 0.8660254037844387100, 1.000000000000000000, 0.8660254037844387100, 1.000000000000000000, 0.8660254037844387100, 1.000000000000000000, 0.8660254037844387100, 1.000000000000000000, 0.8660254037844387100, 1.000000000000000000, 0.8660254037844387100, 1.000000000000000000, 0.8660254037844387100, 1.000000000000000000, 0.8660254037844387100, 1.000000000000000000, 0.8660254037844387100, 1.000000000000000000, 0.8660254037844387100, 1.000000000000000000, 0.8660254037844387100, 1.000000000000000000, 0.8660254037844387100, 1.000000000000000000, 0.8660254037844387100, 1.000000000000000000, 0.8660254037844387100, 1.000000000000000000, 0.8660254037844387100, 1.000000000000000000, 0.8660254037844387100, 1.000000000000000000, 0.8660254037844387100, 1.000000000000000000, 0.8660254037844387100, 1.000000000000000000, 0.8660254037844387100, 1.000000000000000000, 0.8660254037844387100, 1.000000000000000000, 0.8660254037844387100, 1.000000000000000000, 0.8660254037844387100, 1.000000000000000000, 0.8660254037844387100, 1.000000000000000000, 0.8660254037844387100, 1.000000000000000000, 0.8660254037844387100, 1.000000000000000000, 0.8660254037844387100, 1.000000000000000000, 0.8660254037844387100, 1.000000000000000000, 0.8660254037844387100, 1.000000000000000000, 0.8660254037844387100, 1.000000000000000000) ) ) 
 REPRESENTATION_ITEM ( '' )  SURFACE ( )  );
#3221 = CARTESIAN_POINT ( 'NONE',  ( -6.481249999999999300, 0.9577164262227498800, 0.5529378364870308800 ) ) ;
#3222 = CARTESIAN_POINT ( 'NONE',  ( 7.100000000000000500, 0.4788582131113746100, 0.8294067547305475900 ) ) ;
#3223 = ADVANCED_FACE ( 'NONE', ( #4415 ), #1460, .F. ) ;
#3224 = CARTESIAN_POINT ( 'NONE',  ( 6.030558591341266700, 0.4426439450768454600, -2.250000000000000900 ) ) ;
#3225 = VERTEX_POINT ( 'NONE', #3313 ) ;
#3226 = CARTESIAN_POINT ( 'NONE',  ( 9.407596189432334600, 0.3349364905389034500, -1.250000000000000000 ) ) ;
#3227 = CARTESIAN_POINT ( 'NONE',  ( -6.050000000000000700, 0.4788582131113751100, 0.8294067547305464800 ) ) ;
#3228 = VERTEX_POINT ( 'NONE', #92 ) ;
#3229 = CARTESIAN_POINT ( 'NONE',  ( 9.050000000000000700, 1.250000000000000000, 0.0000000000000000000 ) ) ;
#3230 = CARTESIAN_POINT ( 'NONE',  ( 6.837500000000000400, 0.0000000000000000000, -0.9551764262227507900 ) ) ;
#3231 = EDGE_CURVE ( 'NONE', #2719, #2874, #247, .T. ) ;
#3232 = CARTESIAN_POINT ( 'NONE',  ( 6.724999999999999600, -0.4788582131113757200, 0.8294067547305469200 ) ) ;
#3233 = CARTESIAN_POINT ( 'NONE',  ( -8.974999999999999600, -0.4788582131113754400, -0.8294067547305463700 ) ) ;
#3234 = ORIENTED_EDGE ( 'NONE', *, *, #1010, .F. ) ;
#3235 = CARTESIAN_POINT ( 'NONE',  ( 6.950000000000000200, 0.4788582131113754400, -0.8294067547305471500 ) ) ;
#3236 = LINE ( 'NONE', #3989, #2249 ) ;
#3237 = CARTESIAN_POINT ( 'NONE',  ( -6.143749999999999800, 0.4788582131113742800, -0.8294067547305469200 ) ) ;
#3238 = CARTESIAN_POINT ( 'NONE',  ( -9.749038105676659100, 1.299038105676657800, 2.250000000000000900 ) ) ;
#3239 = CARTESIAN_POINT ( 'NONE',  ( -6.650000000000000400, 0.4788582131113742800, -0.8294067547305469200 ) ) ;
#3240 = FACE_OUTER_BOUND ( 'NONE', #2770, .T. ) ;
#3241 = CARTESIAN_POINT ( 'NONE',  ( 5.849038105676658700, 1.299038105676658400, -2.250000000000001300 ) ) ;
#3242 = CARTESIAN_POINT ( 'NONE',  ( 8.262500000000001100, -2.651438096812267400E-016, 1.443375672974064300 ) ) ;
#3243 =( LENGTH_UNIT ( ) NAMED_UNIT ( * ) SI_UNIT ( .MILLI., .METRE. ) );
#3244 = CARTESIAN_POINT ( 'NONE',  ( -5.337500000000001200, -4.706279764102867600E-015, 1.249999999999999600 ) ) ;
#3245 = CYLINDRICAL_SURFACE ( 'NONE', #3058, 1.250000000000000000 ) ;
#3246 = CARTESIAN_POINT ( 'NONE',  ( 6.275000000000000400, -0.4788582131113757200, 0.8294067547305469200 ) ) ;
#3247 = CARTESIAN_POINT ( 'NONE',  ( -7.118750000000001200, 0.6250000000000000000, 1.082531754730548200 ) ) ;
#3248 =( BOUNDED_CURVE ( )  B_SPLINE_CURVE ( 2, ( #2971, #3331, #4337, #1461, #3592, #4005, #1444, #1764, #3294 ),
 .UNSPECIFIED., .F., .F. ) 
 B_SPLINE_CURVE_WITH_KNOTS ( ( 3, 2, 2, 2, 3 ),
 ( 0.3250000000000000100, 0.3333333333333333100, 0.3499999999999999800, 0.3666666666666666400, 0.3750000000000000000 ),
 .UNSPECIFIED. ) 
 CURVE ( )  GEOMETRIC_REPRESENTATION_ITEM ( )  RATIONAL_B_SPLINE_CURVE ( ( 0.9330127018922194100, 0.9330127018922196300, 1.000000000000000000, 0.8660254037844387100, 1.000000000000000000, 0.8660254037844387100, 1.000000000000000000, 0.9330127018922194100, 0.9330127018922194100 ) ) 
 REPRESENTATION_ITEM ( '' )  );
#3249 = CARTESIAN_POINT ( 'NONE',  ( 6.837499999999999500, -0.9577164262227504400, -0.5529378364870317600 ) ) ;
#3250 = CONICAL_SURFACE ( 'NONE', #3880, 2.250000000000000000, 1.047197551196600100 ) ;
#3251 = CARTESIAN_POINT ( 'NONE',  ( 7.326346189432332100, -0.3349364905389017300, 1.250000000000001100 ) ) ;
#3252 = CARTESIAN_POINT ( 'NONE',  ( -6.012500000000000200, -4.938688641342514700E-016, -1.249999999999999800 ) ) ;
#3253 = CARTESIAN_POINT ( 'NONE',  ( -6.651346189432334900, 0.3349364905389034000, 1.249999999999999600 ) ) ;
#3254 = EDGE_CURVE ( 'NONE', #1777, #1052, #2193, .T. ) ;
#3255 = CARTESIAN_POINT ( 'NONE',  ( 8.562500000000001800, 1.250000000000000000, -0.7216878364870320500 ) ) ;
#3256 = CARTESIAN_POINT ( 'NONE',  ( -9.950000000000001100, 1.299038105676657800, 2.250000000000000900 ) ) ;
#3257 = VERTEX_POINT ( 'NONE', #3754 ) ;
#3258 = CARTESIAN_POINT ( 'NONE',  ( -6.800000000000000700, -0.9577164262227499900, 1.172864355864533000E-016 ) ) ;
#3259 = ORIENTED_EDGE ( 'NONE', *, *, #17, .F. ) ;
#3260 = EDGE_CURVE ( 'NONE', #4013, #2403, #524, .T. ) ;
#3261 = CARTESIAN_POINT ( 'NONE',  ( 8.937500000000001800, -2.031460654743916600E-016, 1.105875672974062900 ) ) ;
#3262 = ADVANCED_FACE ( 'NONE', ( #2717 ), #642, .F. ) ;
#3263 = CARTESIAN_POINT ( 'NONE',  ( -6.256249999999999600, -0.9577164262227502200, -0.5529378364870306500 ) ) ;
#3264 = ORIENTED_EDGE ( 'NONE', *, *, #3176, .F. ) ;
#3265 = CARTESIAN_POINT ( 'NONE',  ( 7.456249999999999800, -1.250000000000000000, -0.7216878364870327200 ) ) ;
#3266 = CARTESIAN_POINT ( 'NONE',  ( -6.537500000000000500, -1.250000000000000000, -0.7216878364870316100 ) ) ;
#3267 = CARTESIAN_POINT ( 'NONE',  ( -9.987499999999998900, -0.9577164262227497700, 0.5529378364870313200 ) ) ;
#3268 = CARTESIAN_POINT ( 'NONE',  ( 7.550000000000000700, -0.6249999999999996700, -1.082531754730548400 ) ) ;
#3269 = CARTESIAN_POINT ( 'NONE',  ( -9.949999999999999300, -1.838311014891738300, -1.315951922094004600 ) ) ;
#3270 = DIRECTION ( 'NONE',  ( 0.0000000000000000000, 0.0000000000000000000, 1.000000000000000000 ) ) ;
#3271 = CARTESIAN_POINT ( 'NONE',  ( -6.424999999999999800, -0.4788582131113747800, 0.8294067547305465900 ) ) ;
#3272 = CARTESIAN_POINT ( 'NONE',  ( 8.900000000000000400, 0.4788582131113746100, 0.8294067547305475900 ) ) ;
#3273 = VERTEX_POINT ( 'NONE', #806 ) ;
#3274 = CARTESIAN_POINT ( 'NONE',  ( -9.647817457663247600, 0.1515065535959918600, 0.9986174576635169500 ) ) ;
#3275 = CARTESIAN_POINT ( 'NONE',  ( 6.049999999999999800, 0.0000000000000000000, 0.0000000000000000000 ) ) ;
#3276 = CARTESIAN_POINT ( 'NONE',  ( 8.731249999999999300, -1.250000000000000200, 0.7216878364870317200 ) ) ;
#3277 = ORIENTED_EDGE ( 'NONE', *, *, #2483, .F. ) ;
#3278 = CARTESIAN_POINT ( 'NONE',  ( 5.849038105676782200, -1.299038105676844100, 2.250000000000000900 ) ) ;
#3279 = CARTESIAN_POINT ( 'NONE',  ( 6.500000000000000900, -0.6250000000000005600, 1.082531754730548200 ) ) ;
#3280 = ADVANCED_FACE ( 'NONE', ( #3185 ), #584, .T. ) ;
#3281 = PERSON_AND_ORGANIZATION_ROLE ( 'creator' ) ;
#3282 = FACE_OUTER_BOUND ( 'NONE', #2817, .T. ) ;
#3283 = EDGE_CURVE ( 'NONE', #4330, #1588, #3493, .T. ) ;
#3284 = CARTESIAN_POINT ( 'NONE',  ( -7.625000000000000000, -0.4788582131113754400, -0.8294067547305463700 ) ) ;
#3285 = CONICAL_SURFACE ( 'NONE', #3218, 2.250000000000000000, 1.047197551196600100 ) ;
#3286 = CARTESIAN_POINT ( 'NONE',  ( 6.312500000000000900, -0.9577164262227507700, 0.5529378364870311000 ) ) ;
#3287 = CARTESIAN_POINT ( 'NONE',  ( -6.031249999999999100, 0.9577164262227498800, 0.5529378364870308800 ) ) ;
#3288 = CARTESIAN_POINT ( 'NONE',  ( -5.768749999999999800, -0.4788582131113754400, -0.8294067547305463700 ) ) ;
#3289 = AXIS2_PLACEMENT_3D ( 'NONE', #2761, #2385, #1611 ) ;
#3290 = LINE ( 'NONE', #4446, #2313 ) ;
#3291 = CARTESIAN_POINT ( 'NONE',  ( -9.620127303623304400, -1.764666079325818100E-012, 0.9709273036233030400 ) ) ;
#3292 = CARTESIAN_POINT ( 'NONE',  ( -6.575000000000001100, -1.249999999999999800, 1.530808498934191300E-016 ) ) ;
#3293 = CARTESIAN_POINT ( 'NONE',  ( 6.837500000000000400, 0.0000000000000000000, 0.0000000000000000000 ) ) ;
#3294 = CARTESIAN_POINT ( 'NONE',  ( 8.262500000000001100, -4.938688641342514700E-016, 1.250000000000000000 ) ) ;
#3295 = FACE_OUTER_BOUND ( 'NONE', #325, .T. ) ;
#3296 = CARTESIAN_POINT ( 'NONE',  ( 5.975000000000001400, 0.6249999999999991100, 1.082531754730548900 ) ) ;
#3297 = AXIS2_PLACEMENT_3D ( 'NONE', #1194, #4458, #2288 ) ;
#3298 = CARTESIAN_POINT ( 'NONE',  ( -5.787500000000000500, 1.743066579297358300E-016, 1.249999999999999600 ) ) ;
#3299 = CARTESIAN_POINT ( 'NONE',  ( -9.631249999999999600, -1.250000000000000000, -0.7216878364870315000 ) ) ;
#3300 = DIRECTION ( 'NONE',  ( -1.000000000000000000, -0.0000000000000000000, -0.0000000000000000000 ) ) ;
#3301 = CARTESIAN_POINT ( 'NONE',  ( -6.162499999999999600, 0.9577164262227496600, -0.5529378364870315400 ) ) ;
#3302 = CARTESIAN_POINT ( 'NONE',  ( 10.23124999999999900, 8.838126989374223500E-017, -1.443375672974064300 ) ) ;
#3303 = CARTESIAN_POINT ( 'NONE',  ( -6.781249999999999100, -0.9577164262227497700, 0.5529378364870313200 ) ) ;
#3304 = PERSON_AND_ORGANIZATION ( #2017, #1691 ) ;
#3305 = CARTESIAN_POINT ( 'NONE',  ( 8.000000000000000000, -0.6249999999999996700, -1.082531754730548400 ) ) ;
#3306 = CARTESIAN_POINT ( 'NONE',  ( -6.743750000000000400, 1.249999999999999800, 0.0000000000000000000 ) ) ;
#3307 = CARTESIAN_POINT ( 'NONE',  ( 6.049999999999999800, 1.948557158514986300, 1.125000000000000400 ) ) ;
#3308 = CARTESIAN_POINT ( 'NONE',  ( -7.100000000000000500, 0.4788582131113742800, -0.8294067547305469200 ) ) ;
#3309 = EDGE_LOOP ( 'NONE', ( #328, #2162, #3656 ) ) ;
#3310 = COORDINATED_UNIVERSAL_TIME_OFFSET ( 6, 0, .BEHIND. ) ;
#3311 = EDGE_CURVE ( 'NONE', #4013, #2937, #1245, .T. ) ;
#3312 = CARTESIAN_POINT ( 'NONE',  ( 5.862500000000000700, 1.250000000000000000, -0.7216878364870320500 ) ) ;
#3313 = CARTESIAN_POINT ( 'NONE',  ( 6.840040000000000100, -0.8127136422835431500, -0.5066727629378692300 ) ) ;
#3314 = CARTESIAN_POINT ( 'NONE',  ( -8.956250000000000700, 1.250000000000000000, 0.7216878364870319400 ) ) ;
#3315 = VERTEX_POINT ( 'NONE', #4104 ) ;
#3316 = CARTESIAN_POINT ( 'NONE',  ( -5.150000000000001200, 0.0000000000000000000, 0.0000000000000000000 ) ) ;
#3317 = VERTEX_POINT ( 'NONE', #3718 ) ;
#3318 = CARTESIAN_POINT ( 'NONE',  ( -8.112500000000000700, -0.9577164262227502200, -0.5529378364870306500 ) ) ;
#3319 = CARTESIAN_POINT ( 'NONE',  ( 10.11874999999999900, -1.250000000000000000, -1.530808498934191600E-016 ) ) ;
#3320 = CARTESIAN_POINT ( 'NONE',  ( 9.574999999999999300, -0.4788582131113751100, -0.8294067547305472600 ) ) ;
#3321 = CARTESIAN_POINT ( 'NONE',  ( 6.049999999999999800, 0.0000000000000000000, 0.0000000000000000000 ) ) ;
#3322 = DIRECTION ( 'NONE',  ( 0.0000000000000000000, 0.0000000000000000000, 1.000000000000000000 ) ) ;
#3323 = AXIS2_PLACEMENT_3D ( 'NONE', #256, #3137, #3149 ) ;
#3324 = CARTESIAN_POINT ( 'NONE',  ( -8.412499999999999600, 0.9577164262227496600, -0.5529378364870315400 ) ) ;
#3325 =( BOUNDED_CURVE ( )  B_SPLINE_CURVE ( 2, ( #283, #745, #3648, #4349, #2446, #3177, #2170, #4244, #985 ),
 .UNSPECIFIED., .F., .F. ) 
 B_SPLINE_CURVE_WITH_KNOTS ( ( 3, 2, 2, 2, 3 ),
 ( 0.2045454545454545600, 0.2121212121212121300, 0.2272727272727272700, 0.2424242424242424300, 0.2500000000000000000 ),
 .UNSPECIFIED. ) 
 CURVE ( )  GEOMETRIC_REPRESENTATION_ITEM ( )  RATIONAL_B_SPLINE_CURVE ( ( 0.9330127018922193000, 0.9330127018922194100, 1.000000000000000000, 0.8660254037844387100, 1.000000000000000000, 0.8660254037844387100, 1.000000000000000000, 0.9330127018922194100, 0.9330127018922194100 ) ) 
 REPRESENTATION_ITEM ( '' )  );
#3326 = ORIENTED_EDGE ( 'NONE', *, *, #3347, .F. ) ;
#3327 = CARTESIAN_POINT ( 'NONE',  ( 7.025000000000001200, -1.250000000000000000, -1.530808498934191600E-016 ) ) ;
#3328 = ADVANCED_FACE ( 'NONE', ( #1182 ), #76, .T. ) ;
#3329 = DIRECTION ( 'NONE',  ( 0.0000000000000000000, 0.0000000000000000000, 1.000000000000000000 ) ) ;
#3330 = CARTESIAN_POINT ( 'NONE',  ( -8.431250000000000400, 8.838126989374222200E-017, 1.443375672974064100 ) ) ;
#3331 = CARTESIAN_POINT ( 'NONE',  ( 8.467403810567669000, -0.3349364905389042300, -1.249999999999999600 ) ) ;
#3332 = ORIENTED_EDGE ( 'NONE', *, *, #3909, .T. ) ;
#3333 = CARTESIAN_POINT ( 'NONE',  ( 8.712500000000000400, 1.714015469642402100E-015, 1.250000000000000000 ) ) ;
#3334 = CARTESIAN_POINT ( 'NONE',  ( 10.26874999999999900, 0.6250000000000001100, -1.082531754730548400 ) ) ;
#3335 = CARTESIAN_POINT ( 'NONE',  ( 9.762500000000001100, 0.9577164262227503300, 0.5529378364870319900 ) ) ;
#3336 = ORIENTED_EDGE ( 'NONE', *, *, #4309, .T. ) ;
#3337 = CARTESIAN_POINT ( 'NONE',  ( -9.125000000000001800, 0.6249999999999990000, -1.082531754730548600 ) ) ;
#3338 = DIRECTION ( 'NONE',  ( 0.0000000000000000000, 0.0000000000000000000, -1.000000000000000000 ) ) ;
#3339 = CARTESIAN_POINT ( 'NONE',  ( -5.150000000000001200, 0.0000000000000000000, 0.0000000000000000000 ) ) ;
#3340 = CARTESIAN_POINT ( 'NONE',  ( -7.925000000000001600, -1.249999999999999800, 1.530808498934191300E-016 ) ) ;
#3341 = CYLINDRICAL_SURFACE ( 'NONE', #963, 1.250000000000000000 ) ;
#3342 = CARTESIAN_POINT ( 'NONE',  ( -6.575000000000000200, 0.9577164262227499900, 0.0000000000000000000 ) ) ;
#3343 = ORIENTED_EDGE ( 'NONE', *, *, #4256, .T. ) ;
#3344 = CARTESIAN_POINT ( 'NONE',  ( 5.712500000000000400, -1.250000000000000000, -0.7216878364870325000 ) ) ;
#3345 = CARTESIAN_POINT ( 'NONE',  ( -8.731250000000001100, -1.250000000000000000, -0.7216878364870315000 ) ) ;
#3346 = LINE ( 'NONE', #2824, #2532 ) ;
#3347 = EDGE_CURVE ( 'NONE', #2688, #781, #3459, .T. ) ;
#3348 = CARTESIAN_POINT ( 'NONE',  ( 7.132323573777248300, 0.0000000000000000000, 0.0000000000000000000 ) ) ;
#3349 = CARTESIAN_POINT ( 'NONE',  ( -9.950000000000001100, 1.593020556330876900E-016, -1.300800000000000000 ) ) ;
#3350 = CARTESIAN_POINT ( 'NONE',  ( -6.406250000000000000, 6.771535515813051300E-017, 1.105875672974062000 ) ) ;
#3351 = CARTESIAN_POINT ( 'NONE',  ( 9.818749999999999600, 0.6250000000000001100, -1.082531754730548400 ) ) ;
#3352 = FACE_OUTER_BOUND ( 'NONE', #2368, .T. ) ;
#3353 = CARTESIAN_POINT ( 'NONE',  ( 9.350000000000001400, 0.4788582131113746100, 0.8294067547305475900 ) ) ;
#3354 =( BOUNDED_CURVE ( )  B_SPLINE_CURVE ( 2, ( #2364, #561, #1640, #1236, #909, #1960, #1269 ),
 .UNSPECIFIED., .F., .F. ) 
 B_SPLINE_CURVE_WITH_KNOTS ( ( 3, 2, 2, 3 ),
 ( 0.9318181818181818800, 0.9393939393939394500, 0.9545454545454545900, 0.9696969696969697200 ),
 .UNSPECIFIED. ) 
 CURVE ( )  GEOMETRIC_REPRESENTATION_ITEM ( )  RATIONAL_B_SPLINE_CURVE ( ( 0.9330127018922194100, 0.9330127018922198500, 1.000000000000000000, 0.8660254037844387100, 1.000000000000000000, 0.8660254037844387100, 1.000000000000000000 ) ) 
 REPRESENTATION_ITEM ( '' )  );
#3355 = AXIS2_PLACEMENT_3D ( 'NONE', #1223, #4474, #3771 ) ;
#3356 = CIRCLE ( 'NONE', #4621, 0.9551764262227505600 ) ;
#3357 = CARTESIAN_POINT ( 'NONE',  ( -9.931063271846047900, -0.4381540558020901600, -2.250000000000000900 ) ) ;
#3358 = DIRECTION ( 'NONE',  ( 0.0000000000000000000, 0.0000000000000000000, 1.000000000000000000 ) ) ;
#3359 = CARTESIAN_POINT ( 'NONE',  ( -9.462500000000000400, 1.250000000000000000, 0.7216878364870319400 ) ) ;
#3360 = CARTESIAN_POINT ( 'NONE',  ( -8.900000000000000400, 0.4788582131113742800, -0.8294067547305469200 ) ) ;
#3361 = CARTESIAN_POINT ( 'NONE',  ( 8.281249999999998200, 0.9577164262227506600, -0.5529378364870313200 ) ) ;
#3362 = CARTESIAN_POINT ( 'NONE',  ( -9.749038105676728300, -1.299038105676761500, 2.250000000000000900 ) ) ;
#3363 = EDGE_LOOP ( 'NONE', ( #1149, #3326, #2212 ) ) ;
#3364 = CARTESIAN_POINT ( 'NONE',  ( -9.743750000000000400, -0.6249999999999995600, 1.082531754730548400 ) ) ;
#3365 = PLANE ( 'NONE',  #473 ) ;
#3366 = CARTESIAN_POINT ( 'NONE',  ( -8.843750000000001800, -0.6249999999999995600, 1.082531754730548400 ) ) ;
#3367 = CARTESIAN_POINT ( 'NONE',  ( 7.132323573777249200, 0.8265807605201402900, -0.9376909119416410000 ) ) ;
#3368 = ORIENTED_EDGE ( 'NONE', *, *, #3231, .F. ) ;
#3369 = CARTESIAN_POINT ( 'NONE',  ( 6.818749999999999600, 0.6249999999999991100, 1.082531754730548900 ) ) ;
#3370 = CARTESIAN_POINT ( 'NONE',  ( 9.367403810567665800, -0.3349364905389031800, -1.250000000000000000 ) ) ;
#3371 = CLOSED_SHELL ( 'NONE', ( #3717, #2444, #411, #3564, #1336, #2136, #2902, #663, #1109, #2762, #2220, #4281, #3692, #641, #2924, #3262, #3644, #1867, #721, #982, #2573, #1752, #3223, #387, #4652, #37, #2158, #3938, #4394, #365, #2549, #4368, #4301, #4063, #685, #2488, #2949, #4016, #2111, #3624, #4211, #4418, #457, #1797, #621, #2879, #4676, #1438, #3891, #3915, #2831, #1816, #1892, #3280, #3668, #1510, #1396, #1463, #11, #434, #1730, #2090, #1027, #2854, #2463, #1374, #762, #4325, #3328, #805, #3977, #4345, #1049, #2525 ) ) ;
#3372 = CARTESIAN_POINT ( 'NONE',  ( 9.087500000000000400, -0.9577164262227504400, -0.5529378364870317600 ) ) ;
#3373 = CARTESIAN_POINT ( 'NONE',  ( -9.860083767412380200, -2.849800557823526300E-011, 1.210883767412380500 ) ) ;
#3374 = ORIENTED_EDGE ( 'NONE', *, *, #2706, .T. ) ;
#3375 = CARTESIAN_POINT ( 'NONE',  ( -5.843750000000000000, -0.9577164262227499900, 1.172864355864533000E-016 ) ) ;
#3376 = CARTESIAN_POINT ( 'NONE',  ( -8.243749999999998600, 0.4788582131113751100, 0.8294067547305464800 ) ) ;
#3377 = CARTESIAN_POINT ( 'NONE',  ( -7.512500000000001100, -1.249999999999999800, 0.7216878364870323900 ) ) ;
#3378 = CARTESIAN_POINT ( 'NONE',  ( -6.012499999999999300, 6.771535515813051300E-017, 1.105875672974062000 ) ) ;
#3379 = EDGE_LOOP ( 'NONE', ( #1722, #4346, #1047, #1875, #385, #2856 ) ) ;
#3380 = EDGE_CURVE ( 'NONE', #781, #1271, #1121, .T. ) ;
#3381 = CARTESIAN_POINT ( 'NONE',  ( 9.068749999999997900, -0.4788582131113751100, -0.8294067547305472600 ) ) ;
#3382 = ORIENTED_EDGE ( 'NONE', *, *, #570, .T. ) ;
#3383 = CARTESIAN_POINT ( 'NONE',  ( -5.956250000000000700, -2.651438096812266900E-016, -1.443375672974064100 ) ) ;
#3384 = CARTESIAN_POINT ( 'NONE',  ( -8.881249999999997900, 1.743066579297358300E-016, 1.249999999999999600 ) ) ;
#3385 = CARTESIAN_POINT ( 'NONE',  ( 8.543749999999999300, 1.250000000000000000, 0.0000000000000000000 ) ) ;
#3386 = CARTESIAN_POINT ( 'NONE',  ( -9.237500000000000700, -1.250000000000000000, -0.7216878364870316100 ) ) ;
#3387 = CARTESIAN_POINT ( 'NONE',  ( 8.599999999999999600, -0.9577164262227506600, -1.172864355864533800E-016 ) ) ;
#3388 = CARTESIAN_POINT ( 'NONE',  ( 9.125000000000001800, 0.6249999999999991100, 1.082531754730548900 ) ) ;
#3389 = CARTESIAN_POINT ( 'NONE',  ( -5.150000000000001200, 0.0000000000000000000, 1.250000000000000000 ) ) ;
#3390 =( BOUNDED_CURVE ( )  B_SPLINE_CURVE ( 2, ( #1968, #551, #3388, #3460, #1631, #3405, #1209, #1243, #1614 ),
 .UNSPECIFIED., .F., .F. ) 
 B_SPLINE_CURVE_WITH_KNOTS ( ( 3, 2, 2, 2, 3 ),
 ( 0.1749999999999999900, 0.1833333333333333200, 0.2000000000000000100, 0.2166666666666666700, 0.2250000000000000100 ),
 .UNSPECIFIED. ) 
 CURVE ( )  GEOMETRIC_REPRESENTATION_ITEM ( )  RATIONAL_B_SPLINE_CURVE ( ( 0.9330127018922194100, 0.9330127018922194100, 1.000000000000000000, 0.8660254037844387100, 1.000000000000000000, 0.8660254037844387100, 1.000000000000000000, 0.9330127018922194100, 0.9330127018922194100 ) ) 
 REPRESENTATION_ITEM ( '' )  );
#3391 = CARTESIAN_POINT ( 'NONE',  ( -5.956249999999999800, 6.771535515813051300E-017, 1.105875672974062000 ) ) ;
#3392 = DIRECTION ( 'NONE',  ( 1.000000000000000000, 0.0000000000000000000, 0.0000000000000000000 ) ) ;
#3393 = CARTESIAN_POINT ( 'NONE',  ( -8.168749999999999300, -0.4788582131113747800, 0.8294067547305465900 ) ) ;
#3394 = CARTESIAN_POINT ( 'NONE',  ( -8.937500000000001800, 8.838126989374222200E-017, 1.443375672974064100 ) ) ;
#3395 = EDGE_LOOP ( 'NONE', ( #3264, #4241, #4658 ) ) ;
#3396 = AXIS2_PLACEMENT_3D ( 'NONE', #1820, #2529, #55 ) ;
#3397 = CARTESIAN_POINT ( 'NONE',  ( -6.424999999999999800, -0.4788582131113747800, 0.8294067547305465900 ) ) ;
#3398 = CARTESIAN_POINT ( 'NONE',  ( 9.481250000000001100, -0.9577164262227504400, -0.5529378364870317600 ) ) ;
#3399 = ORIENTED_EDGE ( 'NONE', *, *, #3845, .T. ) ;
#3400 = CARTESIAN_POINT ( 'NONE',  ( -9.311153810567669000, -0.3349364905389036800, 1.249999999999999600 ) ) ;
#3401 = CARTESIAN_POINT ( 'NONE',  ( -7.793750000000000200, -0.6250000000000004400, -1.082531754730548000 ) ) ;
#3402 = DIRECTION ( 'NONE',  ( 0.0000000000000000000, 0.8660254037844384900, -0.5000000000000004400 ) ) ;
#3403 = CARTESIAN_POINT ( 'NONE',  ( 6.893749999999998900, -0.6250000000000005600, 1.082531754730548200 ) ) ;
#3404 = CARTESIAN_POINT ( 'NONE',  ( 8.224999999999999600, -0.4788582131113751100, -0.8294067547305472600 ) ) ;
#3405 = CARTESIAN_POINT ( 'NONE',  ( 9.012499999999999300, 1.250000000000000000, -0.7216878364870320500 ) ) ;
#3406 = CARTESIAN_POINT ( 'NONE',  ( -6.106249999999999300, 0.9577164262227496600, -0.5529378364870315400 ) ) ;
#3407 = CARTESIAN_POINT ( 'NONE',  ( -7.326346189432334700, -0.3349364905389037300, -1.249999999999999600 ) ) ;
#3408 = CARTESIAN_POINT ( 'NONE',  ( -8.918749999999999300, -0.4788582131113754400, -0.8294067547305463700 ) ) ;
#3409 = EDGE_CURVE ( 'NONE', #1588, #2001, #4238, .T. ) ;
#3410 = CARTESIAN_POINT ( 'NONE',  ( -8.412499999999999600, -1.249999999999999800, 0.7216878364870323900 ) ) ;
#3411 = CARTESIAN_POINT ( 'NONE',  ( -6.125000000000000000, 0.9577164262227499900, 0.0000000000000000000 ) ) ;
#3412 = CIRCLE ( 'NONE', #1158, 0.9551764262227507900 ) ;
#3413 = CARTESIAN_POINT ( 'NONE',  ( 8.318749999999999600, 0.9577164262227506600, 0.0000000000000000000 ) ) ;
#3414 = CARTESIAN_POINT ( 'NONE',  ( -9.930756665990566400, -2.168904970561405000, 0.7433463941989663100 ) ) ;
#3415 = CARTESIAN_POINT ( 'NONE',  ( -7.943750000000001400, -0.6249999999999995600, 1.082531754730548400 ) ) ;
#3416 = EDGE_CURVE ( 'NONE', #4390, #2918, #4227, .T. ) ;
#3417 = CIRCLE ( 'NONE', #381, 1.250000000000000000 ) ;
#3418 = CARTESIAN_POINT ( 'NONE',  ( 7.906250000000000000, 0.9577164262227503300, 0.5529378364870319900 ) ) ;
#3419 = CARTESIAN_POINT ( 'NONE',  ( -9.767174778784692500, -1.001085082351312200, -0.5195294854691965300 ) ) ;
#3420 = CARTESIAN_POINT ( 'NONE',  ( 8.768749999999998900, -1.250000000000000000, -1.530808498934191600E-016 ) ) ;
#3421 = CARTESIAN_POINT ( 'NONE',  ( 9.162499999999999600, -4.938688641342514700E-016, 1.250000000000000000 ) ) ;
#3422 = CONICAL_SURFACE ( 'NONE', #1876, 2.250000000000000000, 1.047197551196600100 ) ;
#3423 = CARTESIAN_POINT ( 'NONE',  ( 7.475000000000000500, 0.9577164262227506600, 0.0000000000000000000 ) ) ;
#3424 = CARTESIAN_POINT ( 'NONE',  ( 8.956249999999998900, -0.9577164262227508800, 0.5529378364870311000 ) ) ;
#3425 = CARTESIAN_POINT ( 'NONE',  ( 8.226346189432332400, -0.3349364905389028400, 1.250000000000000200 ) ) ;
#3426 = DIRECTION ( 'NONE',  ( 0.0000000000000000000, 0.0000000000000000000, -1.000000000000000000 ) ) ;
#3427 = CARTESIAN_POINT ( 'NONE',  ( -8.768749999999998900, 0.9577164262227499900, 0.0000000000000000000 ) ) ;
#3428 = CARTESIAN_POINT ( 'NONE',  ( -6.087500000000001200, -1.250000000000000000, -0.7216878364870315000 ) ) ;
#3429 = CARTESIAN_POINT ( 'NONE',  ( -9.706250000000000700, 0.9577164262227496600, -0.5529378364870315400 ) ) ;
#3430 = ORIENTED_EDGE ( 'NONE', *, *, #2888, .F. ) ;
#3431 = CARTESIAN_POINT ( 'NONE',  ( 8.356249999999999300, 0.9577164262227503300, 0.5529378364870319900 ) ) ;
#3432 = CARTESIAN_POINT ( 'NONE',  ( 0.0000000000000000000, 0.0000000000000000000, 0.9551764262227506700 ) ) ;
#3433 = CARTESIAN_POINT ( 'NONE',  ( -6.181250000000001200, 8.838126989374222200E-017, 1.443375672974064100 ) ) ;
#3434 = ORIENTED_EDGE ( 'NONE', *, *, #2601, .F. ) ;
#3435 = APPROVAL_DATE_TIME ( #1378, #841 ) ;
#3436 = CARTESIAN_POINT ( 'NONE',  ( 8.168749999999999300, -0.4788582131113751100, -0.8294067547305472600 ) ) ;
#3437 = CARTESIAN_POINT ( 'NONE',  ( 7.567403810567666000, -0.3349364905389031800, -1.250000000000000000 ) ) ;
#3438 = CARTESIAN_POINT ( 'NONE',  ( 6.631249999999998800, 8.838126989374223500E-017, -1.443375672974064300 ) ) ;
#3439 = DIRECTION ( 'NONE',  ( 1.000000000000000000, 0.0000000000000000000, -0.0000000000000000000 ) ) ;
#3440 = ORIENTED_EDGE ( 'NONE', *, *, #1339, .T. ) ;
#3441 = CARTESIAN_POINT ( 'NONE',  ( 7.812500000000000000, 6.771535515813057500E-017, -1.105875672974062900 ) ) ;
#3442 = CARTESIAN_POINT ( 'NONE',  ( 8.918749999999999300, 0.6250000000000001100, -1.082531754730548400 ) ) ;
#3443 = DIRECTION ( 'NONE',  ( 1.000000000000000000, 0.0000000000000000000, 0.0000000000000000000 ) ) ;
#3444 = CARTESIAN_POINT ( 'NONE',  ( -9.968749999999998200, -0.4788582131113747800, 0.8294067547305465900 ) ) ;
#3445 = CARTESIAN_POINT ( 'NONE',  ( 6.050000000000000700, 1.727238319854174100, 1.508335473232667700 ) ) ;
#3446 = CARTESIAN_POINT ( 'NONE',  ( -5.937500000000000900, 1.249999999999999600, -0.7216878364870328300 ) ) ;
#3447 = CARTESIAN_POINT ( 'NONE',  ( -5.637500000000001100, 0.9577164262227498800, 0.5529378364870308800 ) ) ;
#3448 = EDGE_CURVE ( 'NONE', #1777, #3317, #2812, .T. ) ;
#3449 = CARTESIAN_POINT ( 'NONE',  ( 6.143749999999999800, 0.4788582131113746100, 0.8294067547305475900 ) ) ;
#3450 = CARTESIAN_POINT ( 'NONE',  ( -9.181250000000000400, -1.250000000000000000, -0.7216878364870316100 ) ) ;
#3451 = CARTESIAN_POINT ( 'NONE',  ( -6.631250000000000500, 8.838126989374222200E-017, 1.443375672974064100 ) ) ;
#3452 = CARTESIAN_POINT ( 'NONE',  ( 6.743749999999999500, -0.9577164262227506600, -1.172864355864533800E-016 ) ) ;
#3453 = ORIENTED_EDGE ( 'NONE', *, *, #2793, .T. ) ;
#3454 = CARTESIAN_POINT ( 'NONE',  ( 7.382596189432334200, -0.3349364905389017300, 1.250000000000001100 ) ) ;
#3455 = AXIS2_PLACEMENT_3D ( 'NONE', #604, #3136, #954 ) ;
#3456 = CARTESIAN_POINT ( 'NONE',  ( -6.931250000000000400, -1.250000000000000000, -0.7216878364870316100 ) ) ;
#3457 = CARTESIAN_POINT ( 'NONE',  ( 9.481249999999999300, 1.249999999999999600, 0.7216878364870329400 ) ) ;
#3458 = ORIENTED_EDGE ( 'NONE', *, *, #3176, .T. ) ;
#3459 = B_SPLINE_CURVE_WITH_KNOTS ( 'NONE', 3,
 ( #468, #3006, #542, #3768, #502, #2671 ),
 .UNSPECIFIED., .F., .F.,
 ( 4, 2, 4 ),
 ( 1.688468669845340700E-017, 0.0004374497407211043200, 0.0008748994814421918300 ),
 .UNSPECIFIED. ) ;
#3460 = CARTESIAN_POINT ( 'NONE',  ( 9.087500000000000400, 1.249999999999999600, 0.7216878364870329400 ) ) ;
#3461 = CARTESIAN_POINT ( 'NONE',  ( -8.337500000000000400, -1.250000000000000000, -0.7216878364870316100 ) ) ;
#3462 = CARTESIAN_POINT ( 'NONE',  ( -7.343750000000000000, 0.4788582131113751100, 0.8294067547305464800 ) ) ;
#3463 = CARTESIAN_POINT ( 'NONE',  ( -5.675000000000001600, -1.249999999999999800, 1.530808498934191300E-016 ) ) ;
#3464 = AXIS2_PLACEMENT_3D ( 'NONE', #3321, #1504, #4051 ) ;
#3465 = VECTOR ( 'NONE', #1128, 1000.000000000000000 ) ;
#3466 = CARTESIAN_POINT ( 'NONE',  ( -7.493749999999999500, 0.4788582131113742800, -0.8294067547305469200 ) ) ;
#3467 = CARTESIAN_POINT ( 'NONE',  ( 6.293749999999999300, -0.9577164262227506600, -1.172864355864533800E-016 ) ) ;
#3468 = CARTESIAN_POINT ( 'NONE',  ( 7.736153810567663500, 0.3349364905389047900, 1.249999999999998900 ) ) ;
#3469 = CARTESIAN_POINT ( 'NONE',  ( -8.375000000000000000, 0.9577164262227499900, 0.0000000000000000000 ) ) ;
#3470 = VECTOR ( 'NONE', #2237, 1000.000000000000000 ) ;
#3471 = CARTESIAN_POINT ( 'NONE',  ( 7.156250000000000000, -0.9577164262227507700, 0.5529378364870311000 ) ) ;
#3472 = DIRECTION ( 'NONE',  ( -1.000000000000000000, 0.0000000000000000000, 0.0000000000000000000 ) ) ;
#3473 = CARTESIAN_POINT ( 'NONE',  ( 6.256249999999998800, 1.250000000000000000, -0.7216878364870320500 ) ) ;
#3474 = CARTESIAN_POINT ( 'NONE',  ( 9.406249999999998200, 1.250000000000000000, -0.7216878364870320500 ) ) ;
#3475 = CARTESIAN_POINT ( 'NONE',  ( 8.393750000000000700, 0.4788582131113746100, 0.8294067547305475900 ) ) ;
#3476 = CYLINDRICAL_SURFACE ( 'NONE', #4322, 1.250000000000000000 ) ;
#3477 = CARTESIAN_POINT ( 'NONE',  ( -8.806250000000000400, 0.9577164262227496600, -0.5529378364870315400 ) ) ;
#3478 = CARTESIAN_POINT ( 'NONE',  ( -6.556249999999999500, 0.9577164262227496600, -0.5529378364870315400 ) ) ;
#3479 = EDGE_CURVE ( 'NONE', #3315, #1172, #182, .T. ) ;
#3480 = CARTESIAN_POINT ( 'NONE',  ( -6.500000000000000900, -0.6250000000000004400, -1.082531754730548000 ) ) ;
#3481 = CARTESIAN_POINT ( 'NONE',  ( -7.118750000000000400, -0.4788582131113754400, -0.8294067547305463700 ) ) ;
#3482 = ORIENTED_EDGE ( 'NONE', *, *, #1788, .F. ) ;
#3483 = CARTESIAN_POINT ( 'NONE',  ( 6.818750000000000500, -0.4788582131113751100, -0.8294067547305472600 ) ) ;
#3484 = CARTESIAN_POINT ( 'NONE',  ( 6.049999999999999800, 2.598076211353316500, 1.154513300659503200E-015 ) ) ;
#3485 = CARTESIAN_POINT ( 'NONE',  ( -9.125000000000000000, -0.4788582131113747800, 0.8294067547305465900 ) ) ;
#3486 =( BOUNDED_SURFACE ( )  B_SPLINE_SURFACE ( 1, 2, ( 
 ( #165, #2700, #1246, #3082, #3444, #2392, #1297, #1684, #2054, #3907, #2799, #2768, #3841, #2440, #4223, #1701, #948, #3144, #3857, #965, #935, #3529, #2815, #3131, #3173, #1649, #1355, #1667, #294, #1712, #3497, #233, #2082, #4189, #4590, #3477, #2785, #661, #3888, #2019, #630, #2066, #4604, #3513, #250, #617, #3872, #4206, #2408, #1326, #647, #4559, #1313, #4255, #4618, #280, #265, #2036, #996, #2752, #3161, #2377, #2422, #4576, #979, #598, #1338, #4239, #3543, #2572, #2180, #2211, #1108, #2470, #2096, #1382, #393, #4015, #3659, #3202, #326, #1025, #753, #2845, #4631, #1833, #1454, #3562, #4270, #3303, #1815, #1368, #1124, #3191, #3675, #1471, #36, #3221, #52, #2108, #3574, #1487, #2458, #770, #2543, #4029, #4642, #4359, #4000, #3287, #1850, #425, #688, #2923, #4377, #1009, #2958, #1096, #3934, #3643, #310, #2196, #2558, #410, #2939, #4393, #65, #3921, #1727 ),
 ( #2829, #675, #1743, #4286, #904, #3777, #3809, #2942, #874, #2630, #3049, #4414, #1181, #3359, #153, #1230, #854, #3765, #1552, #2667, #2647, #3730, #499, #801, #1537, #2983, #4068, #3394, #1214, #517, #3750, #1567, #1925, #2292, #868, #2247, #2232, #2265, #3034, #4113, #139, #3410, #1940, #3778, #4464, #4086, #4483, #1586, #106, #1872, #87, #2595, #3019, #444, #3340, #2280, #3712, #1162, #1522, #820, #1907, #1888, #4432, #2612, #479, #3377, #463, #3001, #4447, #124, #836, #1200, #4099, #1603, #537, #4530, #4514, #3085, #1265, #1299, #2379, #2329, #4561, #556, #2006, #4546, #3116, #951, #2359, #4144, #4175, #891, #3480, #1636, #4128, #587, #222, #185, #1972, #937, #3843, #2735, #168, #3428, #2702, #2722, #905, #3446, #3133, #1956, #4161, #236, #1248, #571, #3463, #1989, #3102, #3811, #2686, #1651, #2754, #4192, #1618, #4500, #3859, #3499, #2021, #3793, #2346 ) ),
 .UNSPECIFIED., .F., .F., .F. ) 
 B_SPLINE_SURFACE_WITH_KNOTS ( ( 2, 2 ),
 ( 3, 2, 2, 2, 2, 2, 2, 2, 2, 2, 2, 2, 2, 2, 2, 2, 2, 2, 2, 2, 2, 2, 2, 2, 2, 2, 2, 2, 2, 2, 2, 2, 2, 2, 2, 2, 2, 2, 2, 2, 2, 2, 2, 2, 2, 2, 2, 2, 2, 2, 2, 2, 2, 2, 2, 2, 2, 2, 2, 2, 2, 2, 2, 2, 3 ),
 ( 0.0000000000000000000, 1.000000000000000000 ),
 ( 0.0000000000000000000, 0.01515151515151515200, 0.03030303030303030400, 0.04545454545454545600, 0.06060606060606060800, 0.07575757575757576000, 0.09090909090909091200, 0.1060606060606060600, 0.1212121212121212200, 0.1363636363636363500, 0.1515151515151515200, 0.1666666666666666600, 0.1818181818181818200, 0.1969696969696969600, 0.2121212121212121300, 0.2272727272727272700, 0.2424242424242424300, 0.2575757575757575700, 0.2727272727272727100, 0.2878787878787879000, 0.3030303030303030400, 0.3181818181818181800, 0.3333333333333333100, 0.3484848484848485100, 0.3636363636363636500, 0.3787878787878787800, 0.3939393939393939200, 0.4090909090909091200, 0.4242424242424242500, 0.4393939393939393900, 0.4545454545454545300, 0.4696969696969697200, 0.4848484848484848600, 0.5000000000000000000, 0.5151515151515151400, 0.5303030303030302800, 0.5454545454545454100, 0.5606060606060605500, 0.5757575757575758000, 0.5909090909090909400, 0.6060606060606060800, 0.6212121212121212200, 0.6363636363636363500, 0.6515151515151514900, 0.6666666666666666300, 0.6818181818181817700, 0.6969696969696970200, 0.7121212121212121500, 0.7272727272727272900, 0.7424242424242424300, 0.7575757575757575700, 0.7727272727272727100, 0.7878787878787878500, 0.8030303030303029800, 0.8181818181818182300, 0.8333333333333333700, 0.8484848484848485100, 0.8636363636363636500, 0.8787878787878787800, 0.8939393939393939200, 0.9090909090909090600, 0.9242424242424242000, 0.9393939393939394500, 0.9545454545454545900, 0.9696969696969697200 ),
 .UNSPECIFIED. ) 
 GEOMETRIC_REPRESENTATION_ITEM ( )  RATIONAL_B_SPLINE_SURFACE ( (
 ( 1.000000000000000000, 0.8660254037844387100, 1.000000000000000000, 0.8660254037844387100, 1.000000000000000000, 0.8660254037844387100, 1.000000000000000000, 0.8660254037844387100, 1.000000000000000000, 0.8660254037844387100, 1.000000000000000000, 0.8660254037844387100, 1.000000000000000000, 0.8660254037844387100, 1.000000000000000000, 0.8660254037844387100, 1.000000000000000000, 0.8660254037844387100, 1.000000000000000000, 0.8660254037844387100, 1.000000000000000000, 0.8660254037844387100, 1.000000000000000000, 0.8660254037844387100, 1.000000000000000000, 0.8660254037844387100, 1.000000000000000000, 0.8660254037844387100, 1.000000000000000000, 0.8660254037844387100, 1.000000000000000000, 0.8660254037844387100, 1.000000000000000000, 0.8660254037844387100, 1.000000000000000000, 0.8660254037844387100, 1.000000000000000000, 0.8660254037844387100, 1.000000000000000000, 0.8660254037844387100, 1.000000000000000000, 0.8660254037844387100, 1.000000000000000000, 0.8660254037844387100, 1.000000000000000000, 0.8660254037844387100, 1.000000000000000000, 0.8660254037844387100, 1.000000000000000000, 0.8660254037844387100, 1.000000000000000000, 0.8660254037844387100, 1.000000000000000000, 0.8660254037844387100, 1.000000000000000000, 0.8660254037844387100, 1.000000000000000000, 0.8660254037844387100, 1.000000000000000000, 0.8660254037844387100, 1.000000000000000000, 0.8660254037844387100, 1.000000000000000000, 0.8660254037844387100, 1.000000000000000000, 0.8660254037844387100, 1.000000000000000000, 0.8660254037844387100, 1.000000000000000000, 0.8660254037844387100, 1.000000000000000000, 0.8660254037844387100, 1.000000000000000000, 0.8660254037844387100, 1.000000000000000000, 0.8660254037844387100, 1.000000000000000000, 0.8660254037844387100, 1.000000000000000000, 0.8660254037844387100, 1.000000000000000000, 0.8660254037844387100, 1.000000000000000000, 0.8660254037844387100, 1.000000000000000000, 0.8660254037844387100, 1.000000000000000000, 0.8660254037844387100, 1.000000000000000000, 0.8660254037844387100, 1.000000000000000000, 0.8660254037844387100, 1.000000000000000000, 0.8660254037844387100, 1.000000000000000000, 0.8660254037844387100, 1.000000000000000000, 0.8660254037844387100, 1.000000000000000000, 0.8660254037844387100, 1.000000000000000000, 0.8660254037844387100, 1.000000000000000000, 0.8660254037844387100, 1.000000000000000000, 0.8660254037844387100, 1.000000000000000000, 0.8660254037844387100, 1.000000000000000000, 0.8660254037844387100, 1.000000000000000000, 0.8660254037844387100, 1.000000000000000000, 0.8660254037844387100, 1.000000000000000000, 0.8660254037844387100, 1.000000000000000000, 0.8660254037844387100, 1.000000000000000000, 0.8660254037844387100, 1.000000000000000000, 0.8660254037844387100, 1.000000000000000000, 0.8660254037844387100, 1.000000000000000000, 0.8660254037844387100, 1.000000000000000000, 0.8660254037844387100, 1.000000000000000000),
 ( 1.000000000000000000, 0.8660254037844387100, 1.000000000000000000, 0.8660254037844387100, 1.000000000000000000, 0.8660254037844387100, 1.000000000000000000, 0.8660254037844387100, 1.000000000000000000, 0.8660254037844387100, 1.000000000000000000, 0.8660254037844387100, 1.000000000000000000, 0.8660254037844387100, 1.000000000000000000, 0.8660254037844387100, 1.000000000000000000, 0.8660254037844387100, 1.000000000000000000, 0.8660254037844387100, 1.000000000000000000, 0.8660254037844387100, 1.000000000000000000, 0.8660254037844387100, 1.000000000000000000, 0.8660254037844387100, 1.000000000000000000, 0.8660254037844387100, 1.000000000000000000, 0.8660254037844387100, 1.000000000000000000, 0.8660254037844387100, 1.000000000000000000, 0.8660254037844387100, 1.000000000000000000, 0.8660254037844387100, 1.000000000000000000, 0.8660254037844387100, 1.000000000000000000, 0.8660254037844387100, 1.000000000000000000, 0.8660254037844387100, 1.000000000000000000, 0.8660254037844387100, 1.000000000000000000, 0.8660254037844387100, 1.000000000000000000, 0.8660254037844387100, 1.000000000000000000, 0.8660254037844387100, 1.000000000000000000, 0.8660254037844387100, 1.000000000000000000, 0.8660254037844387100, 1.000000000000000000, 0.8660254037844387100, 1.000000000000000000, 0.8660254037844387100, 1.000000000000000000, 0.8660254037844387100, 1.000000000000000000, 0.8660254037844387100, 1.000000000000000000, 0.8660254037844387100, 1.000000000000000000, 0.8660254037844387100, 1.000000000000000000, 0.8660254037844387100, 1.000000000000000000, 0.8660254037844387100, 1.000000000000000000, 0.8660254037844387100, 1.000000000000000000, 0.8660254037844387100, 1.000000000000000000, 0.8660254037844387100, 1.000000000000000000, 0.8660254037844387100, 1.000000000000000000, 0.8660254037844387100, 1.000000000000000000, 0.8660254037844387100, 1.000000000000000000, 0.8660254037844387100, 1.000000000000000000, 0.8660254037844387100, 1.000000000000000000, 0.8660254037844387100, 1.000000000000000000, 0.8660254037844387100, 1.000000000000000000, 0.8660254037844387100, 1.000000000000000000, 0.8660254037844387100, 1.000000000000000000, 0.8660254037844387100, 1.000000000000000000, 0.8660254037844387100, 1.000000000000000000, 0.8660254037844387100, 1.000000000000000000, 0.8660254037844387100, 1.000000000000000000, 0.8660254037844387100, 1.000000000000000000, 0.8660254037844387100, 1.000000000000000000, 0.8660254037844387100, 1.000000000000000000, 0.8660254037844387100, 1.000000000000000000, 0.8660254037844387100, 1.000000000000000000, 0.8660254037844387100, 1.000000000000000000, 0.8660254037844387100, 1.000000000000000000, 0.8660254037844387100, 1.000000000000000000, 0.8660254037844387100, 1.000000000000000000, 0.8660254037844387100, 1.000000000000000000, 0.8660254037844387100, 1.000000000000000000, 0.8660254037844387100, 1.000000000000000000, 0.8660254037844387100, 1.000000000000000000) ) ) 
 REPRESENTATION_ITEM ( '' )  SURFACE ( )  );
#3487 = AXIS2_PLACEMENT_3D ( 'NONE', #1456, #412, #2976 ) ;
#3488 = CARTESIAN_POINT ( 'NONE',  ( 6.181249999999999500, -2.031460654743916600E-016, 1.105875672974062900 ) ) ;
#3489 = CARTESIAN_POINT ( 'NONE',  ( -9.896416395299578300, 1.249999999999999800, -0.05131480146590319100 ) ) ;
#3490 = ORIENTED_EDGE ( 'NONE', *, *, #4011, .F. ) ;
#3491 = CARTESIAN_POINT ( 'NONE',  ( 5.849038105676658700, 1.299038105676658400, -2.250000000000001300 ) ) ;
#3492 = CARTESIAN_POINT ( 'NONE',  ( 8.225000000000001400, 0.6249999999999991100, 1.082531754730548900 ) ) ;
#3493 = B_SPLINE_CURVE_WITH_KNOTS ( 'NONE', 3,
 ( #3362, #3734, #843, #1860 ),
 .UNSPECIFIED., .F., .F.,
 ( 4, 4 ),
 ( 2.380746840544996200E-007, 0.001314652396222798200 ),
 .UNSPECIFIED. ) ;
#3494 = CARTESIAN_POINT ( 'NONE',  ( 7.643749999999999800, -0.9577164262227506600, -1.172864355864533800E-016 ) ) ;
#3495 = B_SPLINE_CURVE_WITH_KNOTS ( 'NONE', 3,
 ( #1081, #3639, #1812, #15, #361, #407, #2919, #1466, #3628, #62, #4041, #3995, #2208, #3983 ),
 .UNSPECIFIED., .F., .F.,
 ( 4, 2, 2, 2, 2, 2, 4 ),
 ( 2.710505431213761100E-019, 0.0002437127155802511800, 0.0004874254311605020900, 0.0007311381467407529000, 0.0009748508623210036400, 0.001462276293481504900, 0.001949701724642006200 ),
 .UNSPECIFIED. ) ;
#3496 = VERTEX_POINT ( 'NONE', #3799 ) ;
#3497 = CARTESIAN_POINT ( 'NONE',  ( -8.993750000000000400, -0.9577164262227499900, 1.172864355864533000E-016 ) ) ;
#3498 = CARTESIAN_POINT ( 'NONE',  ( -7.193749999999999600, -0.9577164262227499900, 1.172864355864533000E-016 ) ) ;
#3499 = CARTESIAN_POINT ( 'NONE',  ( -5.262500000000001100, -1.249999999999999800, 0.7216878364870323900 ) ) ;
#3500 = CARTESIAN_POINT ( 'NONE',  ( -7.343750000000000000, 0.4788582131113751100, 0.8294067547305464800 ) ) ;
#3501 = CARTESIAN_POINT ( 'NONE',  ( 9.856249999999999300, -0.9577164262227507700, 0.5529378364870311000 ) ) ;
#3502 = VERTEX_POINT ( 'NONE', #4517 ) ;
#3503 = CARTESIAN_POINT ( 'NONE',  ( 6.518749999999998900, 0.9577164262227506600, 0.0000000000000000000 ) ) ;
#3504 = VERTEX_POINT ( 'NONE', #1253 ) ;
#3505 = DIRECTION ( 'NONE',  ( 0.0000000000000000000, 0.0000000000000000000, 1.000000000000000000 ) ) ;
#3506 = CARTESIAN_POINT ( 'NONE',  ( -9.749038105676659100, 1.299038105676658400, -2.250000000000001300 ) ) ;
#3507 = CARTESIAN_POINT ( 'NONE',  ( -9.312500000000001800, 0.9577164262227496600, -0.5529378364870315400 ) ) ;
#3508 = CARTESIAN_POINT ( 'NONE',  ( 9.237500000000000700, 0.9577164262227506600, -0.5529378364870313200 ) ) ;
#3509 = EDGE_LOOP ( 'NONE', ( #1666, #4673, #1399, #1561, #1058, #3117 ) ) ;
#3510 = CARTESIAN_POINT ( 'NONE',  ( -8.318749999999999600, -1.249999999999999800, 1.530808498934191300E-016 ) ) ;
#3511 = EDGE_CURVE ( 'NONE', #4333, #1123, #1167, .T. ) ;
#3512 = CARTESIAN_POINT ( 'NONE',  ( 7.268749999999998900, -0.4788582131113751100, -0.8294067547305472600 ) ) ;
#3513 = CARTESIAN_POINT ( 'NONE',  ( -8.506249999999999600, -0.9577164262227502200, -0.5529378364870306500 ) ) ;
#3514 = CARTESIAN_POINT ( 'NONE',  ( 9.650000000000000400, 0.4788582131113754400, -0.8294067547305471500 ) ) ;
#3515 = CARTESIAN_POINT ( 'NONE',  ( -7.043749999999999300, 0.4788582131113742800, -0.8294067547305469200 ) ) ;
#3516 = EDGE_CURVE ( 'NONE', #2977, #2719, #3354, .T. ) ;
#3517 = CARTESIAN_POINT ( 'NONE',  ( 7.156250000000000000, -0.9577164262227507700, 0.5529378364870311000 ) ) ;
#3518 = ORIENTED_EDGE ( 'NONE', *, *, #3347, .T. ) ;
#3519 = CARTESIAN_POINT ( 'NONE',  ( -7.812500000000000000, -4.938688641342514700E-016, -1.249999999999999800 ) ) ;
#3520 = CARTESIAN_POINT ( 'NONE',  ( -8.937500000000001800, -2.031460654743915200E-016, -1.105875672974062000 ) ) ;
#3521 = EDGE_LOOP ( 'NONE', ( #366, #1964, #3900, #572 ) ) ;
#3522 = CARTESIAN_POINT ( 'NONE',  ( 8.750000000000000000, 0.4788582131113754400, -0.8294067547305471500 ) ) ;
#3523 = ORIENTED_EDGE ( 'NONE', *, *, #3018, .T. ) ;
#3524 = CARTESIAN_POINT ( 'NONE',  ( -9.950000000000001100, 2.598076211353316500, 9.161973734447515100E-016 ) ) ;
#3525 = CARTESIAN_POINT ( 'NONE',  ( 8.075000000000001100, 0.6250000000000001100, -1.082531754730548400 ) ) ;
#3526 = B_SPLINE_CURVE_WITH_KNOTS ( 'NONE', 3,
 ( #4084, #4445, #1160, #4034, #461, #122, #2278, #1491, #2593, #4097, #496, #2628 ),
 .UNSPECIFIED., .F., .F.,
 ( 4, 2, 2, 2, 2, 4 ),
 ( 1.470443575558924800E-017, 0.0007009616656029277500, 0.001051442498404384000, 0.001401923331205840500, 0.002102884996808752900, 0.002803846662411665000 ),
 .UNSPECIFIED. ) ;
#3527 = CARTESIAN_POINT ( 'NONE',  ( 6.868503313311777000, 0.1564693257912575200, -1.015538065608561100 ) ) ;
#3528 = LINE ( 'NONE', #4112, #1455 ) ;
#3529 = CARTESIAN_POINT ( 'NONE',  ( -9.331249999999998900, -2.031460654743915200E-016, -1.105875672974062000 ) ) ;
#3530 = DIRECTION ( 'NONE',  ( 0.0000000000000000000, 0.0000000000000000000, -1.000000000000000000 ) ) ;
#3531 = CARTESIAN_POINT ( 'NONE',  ( -8.393750000000000700, 0.4788582131113742800, -0.8294067547305469200 ) ) ;
#3532 = CARTESIAN_POINT ( 'NONE',  ( 9.706250000000000700, 0.9577164262227503300, 0.5529378364870319900 ) ) ;
#3533 = FACE_OUTER_BOUND ( 'NONE', #995, .T. ) ;
#3534 = CARTESIAN_POINT ( 'NONE',  ( -6.875000000000000900, 0.6249999999999990000, -1.082531754730548600 ) ) ;
#3535 = CARTESIAN_POINT ( 'NONE',  ( 9.256249999999999600, -1.250000000000000000, -0.7216878364870327200 ) ) ;
#3536 = CARTESIAN_POINT ( 'NONE',  ( -9.424999999999998900, -0.4788582131113754400, -0.8294067547305463700 ) ) ;
#3537 = CARTESIAN_POINT ( 'NONE',  ( 9.875000000000000000, -0.4788582131113757200, 0.8294067547305469200 ) ) ;
#3538 = DIRECTION ( 'NONE',  ( 0.0000000000000000000, 0.0000000000000000000, 1.000000000000000000 ) ) ;
#3539 = CARTESIAN_POINT ( 'NONE',  ( -8.431250000000000400, 1.743066579297358300E-016, 1.249999999999999600 ) ) ;
#3540 = DIRECTION ( 'NONE',  ( -1.000000000000000000, -0.0000000000000000000, -0.0000000000000000000 ) ) ;
#3541 = CARTESIAN_POINT ( 'NONE',  ( 6.901480445448821200, -0.6272463453701369000, -0.8080333623825544100 ) ) ;
#3542 = CARTESIAN_POINT ( 'NONE',  ( -7.268750000000000700, 0.6249999999999990000, -1.082531754730548600 ) ) ;
#3543 = CARTESIAN_POINT ( 'NONE',  ( -7.568749999999998800, -0.4788582131113754400, -0.8294067547305463700 ) ) ;
#3544 = EDGE_CURVE ( 'NONE', #4505, #1646, #1719, .T. ) ;
#3545 = CARTESIAN_POINT ( 'NONE',  ( 0.0000000000000000000, 1.169753752994699400E-016, -0.9551764262227506700 ) ) ;
#3546 = ORIENTED_EDGE ( 'NONE', *, *, #3985, .F. ) ;
#3547 =( BOUNDED_CURVE ( )  B_SPLINE_CURVE ( 2, ( #2348, #622, #1013, #2910, #270, #3276, #2833, #3165, #2790 ),
 .UNSPECIFIED., .F., .T. ) 
 B_SPLINE_CURVE_WITH_KNOTS ( ( 3, 2, 2, 2, 3 ),
 ( 0.3250000000000000100, 0.3333333333333333100, 0.3499999999999999800, 0.3666666666666666400, 0.3750000000000000000 ),
 .UNSPECIFIED. ) 
 CURVE ( )  GEOMETRIC_REPRESENTATION_ITEM ( )  RATIONAL_B_SPLINE_CURVE ( ( 0.9330127018922194100, 0.9330127018922196300, 1.000000000000000000, 0.8660254037844387100, 1.000000000000000000, 0.8660254037844387100, 1.000000000000000000, 0.9330127018922194100, 0.9330127018922194100 ) ) 
 REPRESENTATION_ITEM ( '' )  );
#3548 = DIRECTION ( 'NONE',  ( 1.000000000000000000, 0.0000000000000000000, 0.0000000000000000000 ) ) ;
#3549 = CARTESIAN_POINT ( 'NONE',  ( 8.468749999999998200, 0.6250000000000001100, -1.082531754730548400 ) ) ;
#3550 = DIRECTION ( 'NONE',  ( 1.000000000000000000, 0.0000000000000000000, -0.0000000000000000000 ) ) ;
#3551 = CARTESIAN_POINT ( 'NONE',  ( -5.750000000000000900, 0.4788582131113742800, -0.8294067547305469200 ) ) ;
#3552 = ORIENTED_EDGE ( 'NONE', *, *, #711, .T. ) ;
#3553 = CARTESIAN_POINT ( 'NONE',  ( 10.06249999999999800, 6.771535515813057500E-017, -1.105875672974062900 ) ) ;
#3554 = CARTESIAN_POINT ( 'NONE',  ( -9.606916426222751300, -0.07129973764664798700, 0.9550586895413256700 ) ) ;
#3555 = CARTESIAN_POINT ( 'NONE',  ( -9.749038105676659100, 1.299038105676658400, -2.250000000000001300 ) ) ;
#3556 = CARTESIAN_POINT ( 'NONE',  ( -5.150000000000001200, 1.530808498934191600E-016, -1.250000000000000000 ) ) ;
#3557 = ORIENTED_EDGE ( 'NONE', *, *, #4037, .F. ) ;
#3558 = CARTESIAN_POINT ( 'NONE',  ( 7.437499999999999100, 0.9577164262227506600, -0.5529378364870313200 ) ) ;
#3559 = B_SPLINE_CURVE_WITH_KNOTS ( 'NONE', 3,
 ( #818, #3016, #3728, #1142, #443, #3695 ),
 .UNSPECIFIED., .F., .F.,
 ( 4, 2, 4 ),
 ( 0.01039684152948947700, 0.01105375319029789200, 0.01171066485110630600 ),
 .UNSPECIFIED. ) ;
#3560 = CARTESIAN_POINT ( 'NONE',  ( -8.712500000000000400, 6.771535515813051300E-017, 1.105875672974062000 ) ) ;
#3561 = ORIENTED_EDGE ( 'NONE', *, *, #3657, .T. ) ;
#3562 = CARTESIAN_POINT ( 'NONE',  ( -6.856249999999998400, 6.771535515813051300E-017, 1.105875672974062000 ) ) ;
#3563 = DIRECTION ( 'NONE',  ( 1.000000000000000000, 0.0000000000000000000, 0.0000000000000000000 ) ) ;
#3564 = ADVANCED_FACE ( 'NONE', ( #2587 ), #1072, .F. ) ;
#3565 = CARTESIAN_POINT ( 'NONE',  ( -5.375000000000000000, -0.4788582131113754400, -0.8294067547305463700 ) ) ;
#3566 = CARTESIAN_POINT ( 'NONE',  ( -6.837499999999999500, -0.9577164262227497700, 0.5529378364870313200 ) ) ;
#3567 = CARTESIAN_POINT ( 'NONE',  ( 9.724999999999999600, 0.9577164262227506600, 0.0000000000000000000 ) ) ;
#3568 = CARTESIAN_POINT ( 'NONE',  ( -5.375000000000000900, 0.6250000000000000000, 1.082531754730548200 ) ) ;
#3569 = CARTESIAN_POINT ( 'NONE',  ( -5.843750000000000900, 1.249999999999999800, 0.0000000000000000000 ) ) ;
#3570 = EDGE_CURVE ( 'NONE', #4222, #1176, #2415, .T. ) ;
#3571 = VERTEX_POINT ( 'NONE', #3053 ) ;
#3572 = CARTESIAN_POINT ( 'NONE',  ( 6.650000000000000400, 0.4788582131113746100, 0.8294067547305475900 ) ) ;
#3573 = CARTESIAN_POINT ( 'NONE',  ( -8.487500000000000700, -2.031460654743915200E-016, -1.105875672974062000 ) ) ;
#3574 = CARTESIAN_POINT ( 'NONE',  ( -6.368749999999999500, -0.4788582131113747800, 0.8294067547305465900 ) ) ;
#3575 = CARTESIAN_POINT ( 'NONE',  ( 9.764871602482937600, 0.9327930241848985100, -0.5952198550475247300 ) ) ;
#3576 = ORIENTED_EDGE ( 'NONE', *, *, #4375, .T. ) ;
#3577 = CARTESIAN_POINT ( 'NONE',  ( 7.381249999999998800, -1.250000000000000200, 0.7216878364870317200 ) ) ;
#3578 = CARTESIAN_POINT ( 'NONE',  ( -7.737500000000000700, -0.9577164262227497700, 0.5529378364870313200 ) ) ;
#3579 = LINE ( 'NONE', #477, #2940 ) ;
#3580 = CARTESIAN_POINT ( 'NONE',  ( 8.000000000000000000, 0.4788582131113746100, 0.8294067547305475900 ) ) ;
#3581 = CARTESIAN_POINT ( 'NONE',  ( 8.412499999999999600, -1.250000000000000000, -0.7216878364870325000 ) ) ;
#3582 = CARTESIAN_POINT ( 'NONE',  ( -5.956250000000000700, -4.938688641342514700E-016, -1.249999999999999800 ) ) ;
#3583 = PLANE ( 'NONE',  #4141 ) ;
#3584 = CARTESIAN_POINT ( 'NONE',  ( 6.387500000000001100, -0.9577164262227504400, -0.5529378364870317600 ) ) ;
#3585 = CARTESIAN_POINT ( 'NONE',  ( -8.993750000000000400, 1.249999999999999800, 0.0000000000000000000 ) ) ;
#3586 = CYLINDRICAL_SURFACE ( 'NONE', #514, 1.250000000000000000 ) ;
#3587 = CARTESIAN_POINT ( 'NONE',  ( 7.062500000000000000, 0.9577164262227503300, 0.5529378364870319900 ) ) ;
#3588 = VECTOR ( 'NONE', #97, 1000.000000000000000 ) ;
#3589 = CARTESIAN_POINT ( 'NONE',  ( 6.049999999999999800, 0.2199237090747416800, -2.250000000000001300 ) ) ;
#3590 = CARTESIAN_POINT ( 'NONE',  ( -9.899200000000000400, 0.0000000000000000000, 0.0000000000000000000 ) ) ;
#3591 = CARTESIAN_POINT ( 'NONE',  ( -6.950000000000000200, 0.4788582131113751100, 0.8294067547305464800 ) ) ;
#3592 = CARTESIAN_POINT ( 'NONE',  ( 8.375000000000000000, -1.250000000000000000, -1.530808498934191600E-016 ) ) ;
#3593 = FACE_OUTER_BOUND ( 'NONE', #713, .T. ) ;
#3594 = EDGE_CURVE ( 'NONE', #3887, #1777, #614, .T. ) ;
#3595 = CARTESIAN_POINT ( 'NONE',  ( 8.599999999999999600, 1.250000000000000000, 0.0000000000000000000 ) ) ;
#3596 = CARTESIAN_POINT ( 'NONE',  ( -9.106249999999999300, -4.938688641342514700E-016, -1.249999999999999800 ) ) ;
#3597 = CARTESIAN_POINT ( 'NONE',  ( 7.287499999999999600, -0.9577164262227504400, -0.5529378364870317600 ) ) ;
#3598 = CARTESIAN_POINT ( 'NONE',  ( -9.237500000000000700, 0.9577164262227498800, 0.5529378364870308800 ) ) ;
#3599 = VERTEX_POINT ( 'NONE', #2086 ) ;
#3600 =( BOUNDED_CURVE ( )  B_SPLINE_CURVE ( 2, ( #198, #1597, #1196, #2661, #1549, #4497, #2716, #134, #2307 ),
 .UNSPECIFIED., .F., .F. ) 
 B_SPLINE_CURVE_WITH_KNOTS ( ( 3, 2, 2, 2, 3 ),
 ( 0.02272727272727272800, 0.03030303030303030400, 0.04545454545454545600, 0.06060606060606060800, 0.06818181818181820500 ),
 .UNSPECIFIED. ) 
 CURVE ( )  GEOMETRIC_REPRESENTATION_ITEM ( )  RATIONAL_B_SPLINE_CURVE ( ( 0.9330127018922194100, 0.9330127018922194100, 1.000000000000000000, 0.8660254037844387100, 1.000000000000000000, 0.8660254037844387100, 1.000000000000000000, 0.9330127018922193000, 0.9330127018922194100 ) ) 
 REPRESENTATION_ITEM ( '' )  );
#3601 = EDGE_CURVE ( 'NONE', #2704, #2930, #558, .T. ) ;
#3602 = CARTESIAN_POINT ( 'NONE',  ( 7.812500000000000000, 6.771535515813057500E-017, -1.105875672974062900 ) ) ;
#3603 = VERTEX_POINT ( 'NONE', #1303 ) ;
#3604 = DIRECTION ( 'NONE',  ( 0.0000000000000000000, 0.0000000000000000000, 1.000000000000000000 ) ) ;
#3605 = CARTESIAN_POINT ( 'NONE',  ( 6.049999999999999800, -1.948557158514986600, -1.125000000000000000 ) ) ;
#3606 = CARTESIAN_POINT ( 'NONE',  ( -8.451346189432333800, 0.3349364905389034000, 1.249999999999999600 ) ) ;
#3607 = CARTESIAN_POINT ( 'NONE',  ( -10.06249999999999800, 6.771535515813051300E-017, 1.105875672974062000 ) ) ;
#3608 = EDGE_LOOP ( 'NONE', ( #838, #1619, #2981, #228 ) ) ;
#3609 = CARTESIAN_POINT ( 'NONE',  ( 9.350000000000001400, -0.6249999999999996700, -1.082531754730548400 ) ) ;
#3610 = CARTESIAN_POINT ( 'NONE',  ( -6.237500000000000700, 1.743066579297358300E-016, 1.249999999999999600 ) ) ;
#3611 = ORIENTED_EDGE ( 'NONE', *, *, #4127, .T. ) ;
#3612 = DIRECTION ( 'NONE',  ( -0.7071067811865477900, 8.659560562354931600E-017, -0.7071067811865473500 ) ) ;
#3613 = CARTESIAN_POINT ( 'NONE',  ( -8.881249999999997900, 1.743066579297358300E-016, 1.249999999999999600 ) ) ;
#3614 = B_SPLINE_CURVE_WITH_KNOTS ( 'NONE', 3,
 ( #810, #2993, #2256, #1531 ),
 .UNSPECIFIED., .F., .F.,
 ( 4, 4 ),
 ( 2.038947042683928600E-016, 0.0006911750978535302200 ),
 .UNSPECIFIED. ) ;
#3615 = CARTESIAN_POINT ( 'NONE',  ( 6.762500000000001100, -0.9577164262227507700, 0.5529378364870311000 ) ) ;
#3616 = CARTESIAN_POINT ( 'NONE',  ( -5.393749999999999800, -0.9577164262227499900, 1.172864355864533000E-016 ) ) ;
#3617 = CARTESIAN_POINT ( 'NONE',  ( -9.654134453536489200, 1.006859764872872100, -0.1945790235149420800 ) ) ;
#3618 = VERTEX_POINT ( 'NONE', #2058 ) ;
#3619 = CARTESIAN_POINT ( 'NONE',  ( -5.412500000000000500, -0.9577164262227502200, -0.5529378364870306500 ) ) ;
#3620 = CARTESIAN_POINT ( 'NONE',  ( -9.950000000000001100, -0.9577164262227499900, 1.172864355864533000E-016 ) ) ;
#3621 = DIRECTION ( 'NONE',  ( 0.0000000000000000000, 0.0000000000000000000, 1.000000000000000000 ) ) ;
#3622 = ORIENTED_EDGE ( 'NONE', *, *, #3601, .T. ) ;
#3623 = CARTESIAN_POINT ( 'NONE',  ( 8.450000000000001100, -0.6249999999999996700, -1.082531754730548400 ) ) ;
#3624 = ADVANCED_FACE ( 'NONE', ( #4639, #2481 ), #2429, .T. ) ;
#3625 = EDGE_LOOP ( 'NONE', ( #492, #2860, #2912 ) ) ;
#3626 =( BOUNDED_CURVE ( )  B_SPLINE_CURVE ( 2, ( #3635, #2561, #2502, #3662, #24, #1780, #1474, #3606, #1836 ),
 .UNSPECIFIED., .F., .T. ) 
 B_SPLINE_CURVE_WITH_KNOTS ( ( 3, 2, 2, 2, 3 ),
 ( 0.3409090909090909400, 0.3484848484848485100, 0.3636363636363636500, 0.3787878787878787800, 0.3863636363636363500 ),
 .UNSPECIFIED. ) 
 CURVE ( )  GEOMETRIC_REPRESENTATION_ITEM ( )  RATIONAL_B_SPLINE_CURVE ( ( 0.9330127018922194100, 0.9330127018922196300, 1.000000000000000000, 0.8660254037844387100, 1.000000000000000000, 0.8660254037844387100, 1.000000000000000000, 0.9330127018922194100, 0.9330127018922194100 ) ) 
 REPRESENTATION_ITEM ( '' )  );
#3627 = EDGE_CURVE ( 'NONE', #596, #4061, #4602, .T. ) ;
#3628 = CARTESIAN_POINT ( 'NONE',  ( 9.761065602825215800, -0.8545912716269953300, 0.6994349169017034500 ) ) ;
#3629 = CARTESIAN_POINT ( 'NONE',  ( -6.650000000000000400, 0.4788582131113742800, -0.8294067547305469200 ) ) ;
#3630 = ORIENTED_EDGE ( 'NONE', *, *, #1115, .T. ) ;
#3631 = CARTESIAN_POINT ( 'NONE',  ( 8.787500000000001400, 0.9577164262227506600, -0.5529378364870313200 ) ) ;
#3632 = CARTESIAN_POINT ( 'NONE',  ( -5.881249999999999600, -0.9577164262227497700, 0.5529378364870313200 ) ) ;
#3633 = CARTESIAN_POINT ( 'NONE',  ( 6.050000000000000700, 1.169753752994699400E-016, -0.9551764262227505600 ) ) ;
#3634 = CARTESIAN_POINT ( 'NONE',  ( -9.743473738875049900, 0.7375529633157772400, 0.8119694926140064200 ) ) ;
#3635 = CARTESIAN_POINT ( 'NONE',  ( -8.656250000000001800, 1.888322127572138500E-015, -1.249999999999999800 ) ) ;
#3636 = CARTESIAN_POINT ( 'NONE',  ( 9.968749999999998200, -0.4788582131113751100, -0.8294067547305472600 ) ) ;
#3637 = CARTESIAN_POINT ( 'NONE',  ( 9.875000000000000000, 0.6250000000000001100, -1.082531754730548400 ) ) ;
#3638 = VECTOR ( 'NONE', #1622, 1000.000000000000000 ) ;
#3639 = CARTESIAN_POINT ( 'NONE',  ( 9.890914556646109200, -0.9716933301609046400, -0.07867704892900918800 ) ) ;
#3640 = CARTESIAN_POINT ( 'NONE',  ( -6.987500000000000700, 0.9577164262227498800, 0.5529378364870308800 ) ) ;
#3641 = CARTESIAN_POINT ( 'NONE',  ( 8.375000000000000000, 0.9577164262227506600, 0.0000000000000000000 ) ) ;
#3642 = LINE ( 'NONE', #1435, #2663 ) ;
#3643 = CARTESIAN_POINT ( 'NONE',  ( -5.656250000000000000, 0.9577164262227496600, -0.5529378364870315400 ) ) ;
#3644 = ADVANCED_FACE ( 'NONE', ( #1979 ), #3341, .F. ) ;
#3645 = CARTESIAN_POINT ( 'NONE',  ( -5.506249999999999600, 6.771535515813051300E-017, 1.105875672974062000 ) ) ;
#3646 = CARTESIAN_POINT ( 'NONE',  ( 6.049999999999999800, 0.0000000000000000000, 0.0000000000000000000 ) ) ;
#3647 = CARTESIAN_POINT ( 'NONE',  ( 6.049999999999999800, 1.948557158514987000, -1.124999999999999100 ) ) ;
#3648 = CARTESIAN_POINT ( 'NONE',  ( -8.900000000000000400, -0.6249999999999995600, 1.082531754730548400 ) ) ;
#3649 = CARTESIAN_POINT ( 'NONE',  ( -9.687499999999998200, 0.9577164262227498800, 0.5529378364870308800 ) ) ;
#3650 = CARTESIAN_POINT ( 'NONE',  ( -5.900000000000000400, -0.9577164262227499900, 1.172864355864533000E-016 ) ) ;
#3651 = EDGE_CURVE ( 'NONE', #775, #4110, #2782, .T. ) ;
#3652 = CARTESIAN_POINT ( 'NONE',  ( 6.912500000000000500, -2.651438096812267400E-016, 1.443375672974064300 ) ) ;
#3653 = ORIENTED_EDGE ( 'NONE', *, *, #3756, .F. ) ;
#3654 = DIRECTION ( 'NONE',  ( -1.000000000000000000, 0.0000000000000000000, 0.0000000000000000000 ) ) ;
#3655 = CARTESIAN_POINT ( 'NONE',  ( -7.062500000000000000, 0.9577164262227496600, -0.5529378364870315400 ) ) ;
#3656 = ORIENTED_EDGE ( 'NONE', *, *, #3516, .F. ) ;
#3657 = EDGE_CURVE ( 'NONE', #4188, #1063, #2498, .T. ) ;
#3658 = CARTESIAN_POINT ( 'NONE',  ( 9.781249999999998200, 8.838126989374223500E-017, -1.443375672974064300 ) ) ;
#3659 = CARTESIAN_POINT ( 'NONE',  ( -7.193749999999999600, -0.9577164262227499900, 1.172864355864533000E-016 ) ) ;
#3660 = ORIENTED_EDGE ( 'NONE', *, *, #1150, .F. ) ;
#3661 = CARTESIAN_POINT ( 'NONE',  ( -8.168750000000001100, 0.6249999999999990000, -1.082531754730548600 ) ) ;
#3662 = CARTESIAN_POINT ( 'NONE',  ( -8.581250000000000700, 1.249999999999999300, -0.7216878364870328300 ) ) ;
#3663 = PLANE ( 'NONE',  #4410 ) ;
#3664 = B_SPLINE_CURVE_WITH_KNOTS ( 'NONE', 3,
 ( #3278, #2533, #3969, #1822, #4364, #2185 ),
 .UNSPECIFIED., .F., .F.,
 ( 4, 2, 4 ),
 ( 0.01300494157530990300, 0.01365009548190225700, 0.01429524938849461100 ),
 .UNSPECIFIED. ) ;
#3665 = AXIS2_PLACEMENT_3D ( 'NONE', #2967, #4420, #1929 ) ;
#3666 = CARTESIAN_POINT ( 'NONE',  ( -7.362500000000000700, 6.771535515813051300E-017, 1.105875672974062000 ) ) ;
#3667 = CARTESIAN_POINT ( 'NONE',  ( 10.11874999999999900, 0.9577164262227506600, 0.0000000000000000000 ) ) ;
#3668 = ADVANCED_FACE ( 'NONE', ( #2366, #3806 ), #2867, .F. ) ;
#3669 = CARTESIAN_POINT ( 'NONE',  ( 7.250000000000000900, 1.250000000000000000, 0.0000000000000000000 ) ) ;
#3670 = CARTESIAN_POINT ( 'NONE',  ( -8.206250000000000700, -2.651438096812266900E-016, -1.443375672974064100 ) ) ;
#3671 = DIRECTION ( 'NONE',  ( 0.0000000000000000000, 0.0000000000000000000, -1.000000000000000000 ) ) ;
#3672 = CARTESIAN_POINT ( 'NONE',  ( -6.125000000000000000, 0.9577164262227499900, 0.0000000000000000000 ) ) ;
#3673 = CARTESIAN_POINT ( 'NONE',  ( 5.937500000000000000, -0.9577164262227504400, -0.5529378364870317600 ) ) ;
#3674 = ORIENTED_EDGE ( 'NONE', *, *, #856, .T. ) ;
#3675 = CARTESIAN_POINT ( 'NONE',  ( -6.593750000000000000, 0.4788582131113742800, -0.8294067547305469200 ) ) ;
#3676 = CARTESIAN_POINT ( 'NONE',  ( 8.750000000000000000, -0.6250000000000005600, 1.082531754730548200 ) ) ;
#3677 = CARTESIAN_POINT ( 'NONE',  ( 6.049999999999999800, 0.0000000000000000000, 0.0000000000000000000 ) ) ;
#3678 = DIRECTION ( 'NONE',  ( 0.0000000000000000000, 0.0000000000000000000, 1.000000000000000000 ) ) ;
#3679 = ORIENTED_EDGE ( 'NONE', *, *, #4283, .F. ) ;
#3680 = CARTESIAN_POINT ( 'NONE',  ( -6.987500000000000700, 0.9577164262227498800, 0.5529378364870308800 ) ) ;
#3681 =( BOUNDED_CURVE ( )  B_SPLINE_CURVE ( 2, ( #3333, #3757, #489, #1878, #846, #862, #4094, #1206, #3009 ),
 .UNSPECIFIED., .F., .F. ) 
 B_SPLINE_CURVE_WITH_KNOTS ( ( 3, 2, 2, 2, 3 ),
 ( 0.2750000000000000200, 0.2833333333333333300, 0.2999999999999999900, 0.3166666666666666500, 0.3250000000000000100 ),
 .UNSPECIFIED. ) 
 CURVE ( )  GEOMETRIC_REPRESENTATION_ITEM ( )  RATIONAL_B_SPLINE_CURVE ( ( 0.9330127018922194100, 0.9330127018922196300, 1.000000000000000000, 0.8660254037844387100, 1.000000000000000000, 0.8660254037844387100, 1.000000000000000000, 0.9330127018922191900, 0.9330127018922194100 ) ) 
 REPRESENTATION_ITEM ( '' )  );
#3682 = CARTESIAN_POINT ( 'NONE',  ( 6.350000000000000500, 1.250000000000000000, 0.0000000000000000000 ) ) ;
#3683 = CYLINDRICAL_SURFACE ( 'NONE', #309, 1.250000000000000000 ) ;
#3684 = CARTESIAN_POINT ( 'NONE',  ( -9.106250000000001100, -2.651438096812266900E-016, -1.443375672974064100 ) ) ;
#3685 = EDGE_CURVE ( 'NONE', #3056, #4548, #1323, .T. ) ;
#3686 = DIRECTION ( 'NONE',  ( 0.0000000000000000000, 0.0000000000000000000, 1.000000000000000000 ) ) ;
#3687 = CARTESIAN_POINT ( 'NONE',  ( -8.224999999999999600, -0.4788582131113747800, 0.8294067547305465900 ) ) ;
#3688 = CIRCLE ( 'NONE', #3665, 2.249999999999999600 ) ;
#3689 = CARTESIAN_POINT ( 'NONE',  ( 6.724999999999999600, -0.4788582131113757200, 0.8294067547305469200 ) ) ;
#3690 = ORIENTED_EDGE ( 'NONE', *, *, #2953, .F. ) ;
#3691 = CARTESIAN_POINT ( 'NONE',  ( 8.974999999999999600, -0.4788582131113757200, 0.8294067547305469200 ) ) ;
#3692 = ADVANCED_FACE ( 'NONE', ( #4187 ), #2308, .F. ) ;
#3693 = LINE ( 'NONE', #1241, #246 ) ;
#3694 = CARTESIAN_POINT ( 'NONE',  ( -9.576346189432333800, -0.3349364905389037300, -1.249999999999999600 ) ) ;
#3695 = CARTESIAN_POINT ( 'NONE',  ( -9.749038105676728300, -1.299038105676761500, 2.250000000000000900 ) ) ;
#3696 = CARTESIAN_POINT ( 'NONE',  ( -7.212500000000000400, -0.9577164262227502200, -0.5529378364870306500 ) ) ;
#3697 = CYLINDRICAL_SURFACE ( 'NONE', #2640, 1.250000000000000000 ) ;
#3698 = CARTESIAN_POINT ( 'NONE',  ( 6.200000000000001100, -0.6249999999999996700, -1.082531754730548400 ) ) ;
#3699 = DIRECTION ( 'NONE',  ( 1.000000000000000000, 0.0000000000000000000, 0.0000000000000000000 ) ) ;
#3700 = CARTESIAN_POINT ( 'NONE',  ( -9.293749999999999300, -0.6249999999999995600, 1.082531754730548400 ) ) ;
#3701 = VECTOR ( 'NONE', #1261, 1000.000000000000000 ) ;
#3702 = CARTESIAN_POINT ( 'NONE',  ( 6.863575555550787600, 0.2728617428865096100, -0.9524048185842497500 ) ) ;
#3703 = CARTESIAN_POINT ( 'NONE',  ( -5.150000000000001200, 1.530808498934191600E-016, -1.250000000000000000 ) ) ;
#3704 = DIRECTION ( 'NONE',  ( 0.0000000000000000000, 0.0000000000000000000, 1.000000000000000000 ) ) ;
#3705 = CARTESIAN_POINT ( 'NONE',  ( 6.050000000000000700, 0.4788582131113754400, -0.8294067547305471500 ) ) ;
#3706 = CARTESIAN_POINT ( 'NONE',  ( 8.675000000000000700, -0.4788582131113751100, -0.8294067547305472600 ) ) ;
#3707 = VERTEX_POINT ( 'NONE', #666 ) ;
#3708 =( BOUNDED_CURVE ( )  B_SPLINE_CURVE ( 2, ( #2575, #4066, #85, #2980, #3710, #4461, #137, #1886, #2645 ),
 .UNSPECIFIED., .F., .F. ) 
 B_SPLINE_CURVE_WITH_KNOTS ( ( 3, 2, 2, 2, 3 ),
 ( 0.8409090909090909400, 0.8484848484848485100, 0.8636363636363636500, 0.8787878787878787800, 0.8863636363636363500 ),
 .UNSPECIFIED. ) 
 CURVE ( )  GEOMETRIC_REPRESENTATION_ITEM ( )  RATIONAL_B_SPLINE_CURVE ( ( 0.9330127018922194100, 0.9330127018922194100, 1.000000000000000000, 0.8660254037844387100, 1.000000000000000000, 0.8660254037844387100, 1.000000000000000000, 0.9330127018922194100, 0.9330127018922194100 ) ) 
 REPRESENTATION_ITEM ( '' )  );
#3709 = CARTESIAN_POINT ( 'NONE',  ( -8.957596189432333500, 0.3349364905389029500, 1.249999999999999800 ) ) ;
#3710 = CARTESIAN_POINT ( 'NONE',  ( -5.675000000000001600, -1.249999999999999800, 1.530808498934191300E-016 ) ) ;
#3711 = CARTESIAN_POINT ( 'NONE',  ( -7.362500000000000700, -4.938688641342514700E-016, -1.249999999999999800 ) ) ;
#3712 = CARTESIAN_POINT ( 'NONE',  ( -7.850000000000001400, -0.6250000000000004400, -1.082531754730548000 ) ) ;
#3713 = CARTESIAN_POINT ( 'NONE',  ( -6.912500000000000500, 6.771535515813051300E-017, 1.105875672974062000 ) ) ;
#3714 = ORIENTED_EDGE ( 'NONE', *, *, #1091, .F. ) ;
#3715 = EDGE_CURVE ( 'NONE', #2930, #2740, #264, .T. ) ;
#3716 = CARTESIAN_POINT ( 'NONE',  ( 6.237500000000000700, 8.838126989374223500E-017, -1.443375672974064300 ) ) ;
#3717 = ADVANCED_FACE ( 'NONE', ( #1021 ), #1305, .F. ) ;
#3718 = CARTESIAN_POINT ( 'NONE',  ( -9.950000000000001100, 1.948557158514987000, -1.124999999999999100 ) ) ;
#3719 = CARTESIAN_POINT ( 'NONE',  ( -8.918750000000001100, 0.6250000000000000000, 1.082531754730548200 ) ) ;
#3720 = ORIENTED_EDGE ( 'NONE', *, *, #3416, .F. ) ;
#3721 = CARTESIAN_POINT ( 'NONE',  ( 6.875607947532403200, 0.5275748373728170700, -0.8526145996734301200 ) ) ;
#3722 = CARTESIAN_POINT ( 'NONE',  ( 7.193749999999998800, 1.250000000000000000, 0.0000000000000000000 ) ) ;
#3723 = AXIS2_PLACEMENT_3D ( 'NONE', #1400, #3956, #401 ) ;
#3724 = CARTESIAN_POINT ( 'NONE',  ( 7.156250000000000000, 1.250000000000000000, -0.7216878364870320500 ) ) ;
#3725 = EDGE_LOOP ( 'NONE', ( #707, #3674, #4272, #1164 ) ) ;
#3726 = CARTESIAN_POINT ( 'NONE',  ( 8.450000000000001100, 0.4788582131113746100, 0.8294067547305475900 ) ) ;
#3727 = CARTESIAN_POINT ( 'NONE',  ( 7.625000000000000900, 0.6250000000000001100, -1.082531754730548400 ) ) ;
#3728 = CARTESIAN_POINT ( 'NONE',  ( -9.931063271846047900, -0.4381540558020904400, 2.250000000000001300 ) ) ;
#3729 = CARTESIAN_POINT ( 'NONE',  ( -7.567403810567666000, -0.3349364905389030600, 1.249999999999999800 ) ) ;
#3730 = CARTESIAN_POINT ( 'NONE',  ( -9.162499999999999600, -2.651438096812266900E-016, -1.443375672974064100 ) ) ;
#3731 = CARTESIAN_POINT ( 'NONE',  ( -8.262500000000001100, 6.771535515813051300E-017, 1.105875672974062000 ) ) ;
#3732 = VERTEX_POINT ( 'NONE', #6 ) ;
#3733 = CARTESIAN_POINT ( 'NONE',  ( 9.593750000000000000, 0.4788582131113754400, -0.8294067547305471500 ) ) ;
#3734 = CARTESIAN_POINT ( 'NONE',  ( -9.871727692845881900, -1.511542704210596200, 1.881931238497192000 ) ) ;
#3735 = CARTESIAN_POINT ( 'NONE',  ( -9.406250000000001800, 1.250000000000000000, 0.7216878364870319400 ) ) ;
#3736 = CARTESIAN_POINT ( 'NONE',  ( 7.011482200758371700, 9.836705729168091600E-013, -1.129158626981123100 ) ) ;
#3737 = EDGE_LOOP ( 'NONE', ( #3011, #4168, #807 ) ) ;
#3738 = CARTESIAN_POINT ( 'NONE',  ( 7.231249999999999300, 1.249999999999999600, 0.7216878364870329400 ) ) ;
#3739 = CARTESIAN_POINT ( 'NONE',  ( 8.693749999999997900, -0.6250000000000005600, 1.082531754730548200 ) ) ;
#3740 = DIRECTION ( 'NONE',  ( 1.000000000000000000, 0.0000000000000000000, 0.0000000000000000000 ) ) ;
#3741 = CARTESIAN_POINT ( 'NONE',  ( 8.862500000000000700, 0.9577164262227503300, 0.5529378364870319900 ) ) ;
#3742 = ORIENTED_EDGE ( 'NONE', *, *, #2270, .T. ) ;
#3743 = CARTESIAN_POINT ( 'NONE',  ( 7.531249999999998200, 1.743066579297358300E-016, -1.250000000000000000 ) ) ;
#3744 = CARTESIAN_POINT ( 'NONE',  ( 6.837500000000000400, 0.0000000000000000000, 0.0000000000000000000 ) ) ;
#3745 =( BOUNDED_CURVE ( )  B_SPLINE_CURVE ( 2, ( #1257, #3370, #3804, #3787, #1546, #1193, #4138, #4457, #3421 ),
 .UNSPECIFIED., .F., .T. ) 
 B_SPLINE_CURVE_WITH_KNOTS ( ( 3, 2, 2, 2, 3 ),
 ( 0.1250000000000000000, 0.1333333333333333300, 0.1499999999999999900, 0.1666666666666666600, 0.1749999999999999900 ),
 .UNSPECIFIED. ) 
 CURVE ( )  GEOMETRIC_REPRESENTATION_ITEM ( )  RATIONAL_B_SPLINE_CURVE ( ( 0.9330127018922194100, 0.9330127018922194100, 1.000000000000000000, 0.8660254037844387100, 1.000000000000000000, 0.8660254037844387100, 1.000000000000000000, 0.9330127018922194100, 0.9330127018922194100 ) ) 
 REPRESENTATION_ITEM ( '' )  );
#3746 = CARTESIAN_POINT ( 'NONE',  ( 7.756249999999997900, 3.921899803419055800E-015, 1.250000000000000000 ) ) ;
#3747 = DIRECTION ( 'NONE',  ( 0.7071067811865454600, 8.659560562354958700E-017, 0.7071067811865496800 ) ) ;
#3748 = CARTESIAN_POINT ( 'NONE',  ( -9.518749999999998900, -0.4788582131113747800, 0.8294067547305465900 ) ) ;
#3749 = EDGE_CURVE ( 'NONE', #3504, #2798, #2035, .T. ) ;
#3750 = CARTESIAN_POINT ( 'NONE',  ( -8.825000000000001100, -1.249999999999999800, 1.530808498934191300E-016 ) ) ;
#3751 = FACE_OUTER_BOUND ( 'NONE', #3043, .T. ) ;
#3752 = CARTESIAN_POINT ( 'NONE',  ( -10.00625000000000000, 6.771535515813051300E-017, 1.105875672974062000 ) ) ;
#3753 = CARTESIAN_POINT ( 'NONE',  ( 8.581249999999998900, -0.9577164262227504400, -0.5529378364870317600 ) ) ;
#3754 = CARTESIAN_POINT ( 'NONE',  ( 9.904783573777244500, -0.7757375938702821800, 0.5616510825354319400 ) ) ;
#3755 = CARTESIAN_POINT ( 'NONE',  ( -5.881250000000000500, 1.249999999999999600, -0.7216878364870328300 ) ) ;
#3756 = EDGE_CURVE ( 'NONE', #1731, #2445, #4194, .T. ) ;
#3757 = CARTESIAN_POINT ( 'NONE',  ( 8.692403810567666900, 0.3349364905389038400, 1.249999999999999800 ) ) ;
#3758 = CARTESIAN_POINT ( 'NONE',  ( 7.531249999999999100, 8.838126989374223500E-017, -1.443375672974064300 ) ) ;
#3759 = CARTESIAN_POINT ( 'NONE',  ( 6.837500000000000400, 0.0000000000000000000, 0.0000000000000000000 ) ) ;
#3760 = CARTESIAN_POINT ( 'NONE',  ( 9.743749999999998600, 0.4788582131113746100, 0.8294067547305475900 ) ) ;
#3761 = CARTESIAN_POINT ( 'NONE',  ( -5.318749999999999600, -0.4788582131113754400, -0.8294067547305463700 ) ) ;
#3762 = CONICAL_SURFACE ( 'NONE', #2741, 0.9125000000000009800, 0.7853981633974479500 ) ;
#3763 = CARTESIAN_POINT ( 'NONE',  ( -7.456250000000000700, -1.249999999999999600, 0.7216878364870325000 ) ) ;
#3764 = CARTESIAN_POINT ( 'NONE',  ( -9.106250000000001100, 6.771535515813051300E-017, 1.105875672974062000 ) ) ;
#3765 = CARTESIAN_POINT ( 'NONE',  ( -9.312500000000003600, -1.249999999999999800, 0.7216878364870323900 ) ) ;
#3766 = CARTESIAN_POINT ( 'NONE',  ( -6.462500000000001200, 6.771535515813051300E-017, 1.105875672974062000 ) ) ;
#3767 = CARTESIAN_POINT ( 'NONE',  ( 8.956249999999998900, -0.9577164262227507700, 0.5529378364870311000 ) ) ;
#3768 = CARTESIAN_POINT ( 'NONE',  ( 7.055525062138317900, 0.2889437086594376900, -1.146111233724207200 ) ) ;
#3769 = CARTESIAN_POINT ( 'NONE',  ( -7.568750000000000500, 0.6250000000000000000, 1.082531754730548200 ) ) ;
#3770 = CARTESIAN_POINT ( 'NONE',  ( -6.481250000000001100, -1.250000000000000000, -0.7216878364870316100 ) ) ;
#3771 = DIRECTION ( 'NONE',  ( 0.0000000000000000000, 0.0000000000000000000, 1.000000000000000000 ) ) ;
#3772 = ORIENTED_EDGE ( 'NONE', *, *, #2888, .T. ) ;
#3773 = CARTESIAN_POINT ( 'NONE',  ( 6.743749999999998600, 1.250000000000000000, 0.0000000000000000000 ) ) ;
#3774 = CARTESIAN_POINT ( 'NONE',  ( 7.849999999999999600, 0.4788582131113754400, -0.8294067547305471500 ) ) ;
#3775 = VERTEX_POINT ( 'NONE', #1385 ) ;
#3776 = CARTESIAN_POINT ( 'NONE',  ( 8.206249999999998900, 1.714015469642402100E-015, 1.250000000000000000 ) ) ;
#3777 = CARTESIAN_POINT ( 'NONE',  ( -9.762500000000001100, -1.249999999999999800, 0.7216878364870323900 ) ) ;
#3778 = CARTESIAN_POINT ( 'NONE',  ( -8.337500000000000400, -1.250000000000000000, -0.7216878364870315000 ) ) ;
#3779 = CARTESIAN_POINT ( 'NONE',  ( -5.750000000000000900, 0.4788582131113742800, -0.8294067547305469200 ) ) ;
#3780 = ORIENTED_EDGE ( 'NONE', *, *, #2564, .F. ) ;
#3781 = EDGE_CURVE ( 'NONE', #2986, #664, #2352, .T. ) ;
#3782 = CARTESIAN_POINT ( 'NONE',  ( 8.131249999999999600, -0.9577164262227504400, -0.5529378364870317600 ) ) ;
#3783 = CARTESIAN_POINT ( 'NONE',  ( -7.718750000000000900, 0.6249999999999990000, -1.082531754730548600 ) ) ;
#3784 = CARTESIAN_POINT ( 'NONE',  ( 7.718750000000000000, -0.4788582131113751100, -0.8294067547305472600 ) ) ;
#3785 = CARTESIAN_POINT ( 'NONE',  ( -9.781250000000000000, -4.067155351693835700E-016, 1.249999999999999600 ) ) ;
#3786 = CARTESIAN_POINT ( 'NONE',  ( 7.306249999999999500, -2.651438096812267400E-016, 1.443375672974064300 ) ) ;
#3787 = CARTESIAN_POINT ( 'NONE',  ( 9.312500000000001800, -1.250000000000000000, -0.7216878364870327200 ) ) ;
#3788 = CARTESIAN_POINT ( 'NONE',  ( 7.400000000000000400, 0.4788582131113754400, -0.8294067547305471500 ) ) ;
#3789 = CARTESIAN_POINT ( 'NONE',  ( -5.375000000000000000, -0.4788582131113754400, -0.8294067547305463700 ) ) ;
#3790 = DIRECTION ( 'NONE',  ( 0.0000000000000000000, 0.0000000000000000000, 1.000000000000000000 ) ) ;
#3791 = DIRECTION ( 'NONE',  ( 1.000000000000000000, 0.0000000000000000000, -0.0000000000000000000 ) ) ;
#3792 = CARTESIAN_POINT ( 'NONE',  ( -9.331249999999998900, -2.031460654743915200E-016, -1.105875672974062000 ) ) ;
#3793 = CARTESIAN_POINT ( 'NONE',  ( -5.187500000000000900, -1.250000000000000000, -0.7216878364870315000 ) ) ;
#3794 = ORIENTED_EDGE ( 'NONE', *, *, #1213, .F. ) ;
#3795 = AXIS2_PLACEMENT_3D ( 'NONE', #4599, #3917, #2077 ) ;
#3796 = CARTESIAN_POINT ( 'NONE',  ( -5.375000000000000000, -0.4788582131113754400, -0.8294067547305463700 ) ) ;
#3797 = CARTESIAN_POINT ( 'NONE',  ( 8.093750000000000000, -0.9577164262227506600, -1.172864355864533800E-016 ) ) ;
#3798 = ORIENTED_EDGE ( 'NONE', *, *, #1698, .T. ) ;
#3799 = CARTESIAN_POINT ( 'NONE',  ( -6.406250000000000000, -4.938688641342514700E-016, -1.249999999999999800 ) ) ;
#3800 = CARTESIAN_POINT ( 'NONE',  ( -6.931250000000001200, -1.250000000000000000, -0.7216878364870315000 ) ) ;
#3801 = CARTESIAN_POINT ( 'NONE',  ( 7.793749999999999300, 0.4788582131113754400, -0.8294067547305471500 ) ) ;
#3802 = CARTESIAN_POINT ( 'NONE',  ( -9.717439483264996600, 5.810221930991196600E-017, -1.068239483264997700 ) ) ;
#3803 = CARTESIAN_POINT ( 'NONE',  ( 6.331249999999999800, 1.249999999999999800, 0.7216878364870329400 ) ) ;
#3804 = CARTESIAN_POINT ( 'NONE',  ( 9.350000000000001400, -0.6249999999999996700, -1.082531754730548400 ) ) ;
#3805 = CARTESIAN_POINT ( 'NONE',  ( 7.550000000000000700, 0.4788582131113746100, 0.8294067547305475900 ) ) ;
#3806 = FACE_OUTER_BOUND ( 'NONE', #2164, .T. ) ;
#3807 = CARTESIAN_POINT ( 'NONE',  ( -8.412499999999999600, -1.249999999999999600, 0.7216878364870325000 ) ) ;
#3808 = CARTESIAN_POINT ( 'NONE',  ( 8.093749999999998200, 1.250000000000000000, 0.0000000000000000000 ) ) ;
#3809 = CARTESIAN_POINT ( 'NONE',  ( -9.725000000000001400, -1.249999999999999800, 1.530808498934191300E-016 ) ) ;
#3810 = EDGE_CURVE ( 'NONE', #1588, #108, #297, .T. ) ;
#3811 = CARTESIAN_POINT ( 'NONE',  ( -5.562500000000000000, -2.651438096812266900E-016, -1.443375672974064100 ) ) ;
#3812 = CARTESIAN_POINT ( 'NONE',  ( -9.856249999999999300, -0.9577164262227502200, -0.5529378364870306500 ) ) ;
#3813 = FACE_OUTER_BOUND ( 'NONE', #1446, .T. ) ;
#3814 = DIRECTION ( 'NONE',  ( -1.000000000000000000, -0.0000000000000000000, -0.0000000000000000000 ) ) ;
#3815 = CARTESIAN_POINT ( 'NONE',  ( -9.256250000000001400, -1.249999999999999600, 0.7216878364870325000 ) ) ;
#3816 = CARTESIAN_POINT ( 'NONE',  ( -10.06249999999999800, 6.771535515813051300E-017, 1.105875672974062000 ) ) ;
#3817 = AXIS2_PLACEMENT_3D ( 'NONE', #367, #2895, #21 ) ;
#3818 = FACE_OUTER_BOUND ( 'NONE', #1763, .T. ) ;
#3819 = CARTESIAN_POINT ( 'NONE',  ( 6.706249999999999800, -0.9577164262227507700, 0.5529378364870311000 ) ) ;
#3820 = CARTESIAN_POINT ( 'NONE',  ( -9.760661200660846900, -0.9161185620756758800, -0.6466407892161436500 ) ) ;
#3821 = CARTESIAN_POINT ( 'NONE',  ( 9.593749999999998200, -0.6250000000000005600, 1.082531754730548200 ) ) ;
#3822 = FACE_OUTER_BOUND ( 'NONE', #2341, .T. ) ;
#3823 = B_SPLINE_CURVE_WITH_KNOTS ( 'NONE', 3,
 ( #4522, #595, #945, #2779, #3141, #3491 ),
 .UNSPECIFIED., .F., .F.,
 ( 4, 2, 4 ),
 ( 0.001314652396222796200, 0.001969405109320636300, 0.002624157822418476900 ),
 .UNSPECIFIED. ) ;
#3824 = CARTESIAN_POINT ( 'NONE',  ( -7.551346189432335300, 0.3349364905389011800, 1.250000000000000900 ) ) ;
#3825 = DIRECTION ( 'NONE',  ( 0.0000000000000000000, 0.0000000000000000000, 1.000000000000000000 ) ) ;
#3826 = CARTESIAN_POINT ( 'NONE',  ( -7.906250000000000000, 0.9577164262227496600, -0.5529378364870315400 ) ) ;
#3827 = CARTESIAN_POINT ( 'NONE',  ( -7.906250000000000000, 0.9577164262227496600, -0.5529378364870315400 ) ) ;
#3828 = ORIENTED_EDGE ( 'NONE', *, *, #2295, .F. ) ;
#3829 = DIRECTION ( 'NONE',  ( -1.000000000000000000, -0.0000000000000000000, -0.0000000000000000000 ) ) ;
#3830 = CARTESIAN_POINT ( 'NONE',  ( -9.687499999999998200, 0.9577164262227498800, 0.5529378364870308800 ) ) ;
#3831 = ORIENTED_EDGE ( 'NONE', *, *, #950, .F. ) ;
#3832 =( BOUNDED_CURVE ( )  B_SPLINE_CURVE ( 2, ( #4109, #1950, #2658, #3077, #133, #3386, #4523, #565, #549 ),
 .UNSPECIFIED., .F., .T. ) 
 B_SPLINE_CURVE_WITH_KNOTS ( ( 3, 2, 2, 2, 3 ),
 ( 0.1136363636363636500, 0.1212121212121212200, 0.1363636363636363500, 0.1515151515151515200, 0.1590909090909090900 ),
 .UNSPECIFIED. ) 
 CURVE ( )  GEOMETRIC_REPRESENTATION_ITEM ( )  RATIONAL_B_SPLINE_CURVE ( ( 0.9330127018922194100, 0.9330127018922194100, 1.000000000000000000, 0.8660254037844387100, 1.000000000000000000, 0.8660254037844387100, 1.000000000000000000, 0.9330127018922194100, 0.9330127018922194100 ) ) 
 REPRESENTATION_ITEM ( '' )  );
#3833 = CARTESIAN_POINT ( 'NONE',  ( 6.631249999999999600, -2.031460654743916600E-016, 1.105875672974062900 ) ) ;
#3834 = CARTESIAN_POINT ( 'NONE',  ( -9.730674669762878500, -0.3002893909577882800, -1.049515836100969800 ) ) ;
#3835 = CARTESIAN_POINT ( 'NONE',  ( -9.518750000000000700, 0.6249999999999990000, -1.082531754730548600 ) ) ;
#3836 = CARTESIAN_POINT ( 'NONE',  ( -9.615767536810022200, -0.02385444456053304900, 0.9665675368099759800 ) ) ;
#3837 = EDGE_LOOP ( 'NONE', ( #312, #3368, #669, #884 ) ) ;
#3838 = EDGE_CURVE ( 'NONE', #3571, #4683, #3236, .T. ) ;
#3839 = CARTESIAN_POINT ( 'NONE',  ( 7.043749999999999300, 0.4788582131113746100, 0.8294067547305475900 ) ) ;
#3840 = ORIENTED_EDGE ( 'NONE', *, *, #1571, .T. ) ;
#3841 = CARTESIAN_POINT ( 'NONE',  ( -9.668749999999999300, 0.9577164262227499900, 0.0000000000000000000 ) ) ;
#3842 = CARTESIAN_POINT ( 'NONE',  ( -7.831249999999999800, 0.9577164262227498800, 0.5529378364870308800 ) ) ;
#3843 = CARTESIAN_POINT ( 'NONE',  ( -6.200000000000001100, -0.6249999999999995600, 1.082531754730548400 ) ) ;
#3844 = CARTESIAN_POINT ( 'NONE',  ( -7.418750000000000200, 0.9577164262227499900, 0.0000000000000000000 ) ) ;
#3845 = EDGE_CURVE ( 'NONE', #4683, #2798, #2373, .T. ) ;
#3846 = CARTESIAN_POINT ( 'NONE',  ( 7.043749999999999300, 0.4788582131113746100, 0.8294067547305475900 ) ) ;
#3847 = CARTESIAN_POINT ( 'NONE',  ( -10.10000000000000000, 0.4788582131113751100, 0.8294067547305464800 ) ) ;
#3848 = CARTESIAN_POINT ( 'NONE',  ( 8.356249999999999300, 0.9577164262227503300, 0.5529378364870319900 ) ) ;
#3849 = ORIENTED_EDGE ( 'NONE', *, *, #269, .T. ) ;
#3850 = CARTESIAN_POINT ( 'NONE',  ( -9.893749999999998900, 1.249999999999999800, 0.0000000000000000000 ) ) ;
#3851 = AXIS2_PLACEMENT_3D ( 'NONE', #2048, #974, #1738 ) ;
#3852 = CARTESIAN_POINT ( 'NONE',  ( 9.602602549156388900, -0.7725424859398312100, 0.9973480607562803500 ) ) ;
#3853 = CARTESIAN_POINT ( 'NONE',  ( -5.150000000000001200, -0.6250000000000004400, -1.082531754730548000 ) ) ;
#3854 = ORIENTED_EDGE ( 'NONE', *, *, #295, .F. ) ;
#3855 = B_SPLINE_CURVE_WITH_KNOTS ( 'NONE', 3,
 ( #1117, #3982, #1844, #1784, #4326, #2174 ),
 .UNSPECIFIED., .F., .F.,
 ( 4, 2, 4 ),
 ( 0.001314652396222795800, 0.001969405109320635500, 0.002624157822418475100 ),
 .UNSPECIFIED. ) ;
#3856 = CARTESIAN_POINT ( 'NONE',  ( 8.731249999999999300, 0.9577164262227506600, -0.5529378364870313200 ) ) ;
#3857 = CARTESIAN_POINT ( 'NONE',  ( -9.443749999999999600, -0.9577164262227499900, 1.172864355864533000E-016 ) ) ;
#3858 = CARTESIAN_POINT ( 'NONE',  ( -6.931250000000000400, 0.9577164262227498800, 0.5529378364870308800 ) ) ;
#3859 = CARTESIAN_POINT ( 'NONE',  ( -5.300000000000000700, -0.6249999999999995600, 1.082531754730548400 ) ) ;
#3860 = ORIENTED_EDGE ( 'NONE', *, *, #1975, .T. ) ;
#3861 = CARTESIAN_POINT ( 'NONE',  ( -7.831249999999999800, 0.9577164262227498800, 0.5529378364870308800 ) ) ;
#3862 =( BOUNDED_CURVE ( )  B_SPLINE_CURVE ( 2, ( #3093, #1291, #3835, #1612, #1982, #4153, #230, #2744, #915 ),
 .UNSPECIFIED., .F., .F. ) 
 B_SPLINE_CURVE_WITH_KNOTS ( ( 3, 2, 2, 2, 3 ),
 ( 0.1590909090909090900, 0.1666666666666666600, 0.1818181818181818200, 0.1969696969696969600, 0.2045454545454545600 ),
 .UNSPECIFIED. ) 
 CURVE ( )  GEOMETRIC_REPRESENTATION_ITEM ( )  RATIONAL_B_SPLINE_CURVE ( ( 0.9330127018922194100, 0.9330127018922194100, 1.000000000000000000, 0.8660254037844387100, 1.000000000000000000, 0.8660254037844387100, 1.000000000000000000, 0.9330127018922191900, 0.9330127018922193000 ) ) 
 REPRESENTATION_ITEM ( '' )  );
#3863 = DIRECTION ( 'NONE',  ( -1.000000000000000000, -0.0000000000000000000, -0.0000000000000000000 ) ) ;
#3864 = CARTESIAN_POINT ( 'NONE',  ( -8.224999999999999600, -0.4788582131113747800, 0.8294067547305465900 ) ) ;
#3865 = FACE_OUTER_BOUND ( 'NONE', #2128, .T. ) ;
#3866 = CARTESIAN_POINT ( 'NONE',  ( 8.337500000000000400, 0.9577164262227506600, -0.5529378364870313200 ) ) ;
#3867 = DIRECTION ( 'NONE',  ( 0.0000000000000000000, 0.0000000000000000000, 1.000000000000000000 ) ) ;
#3868 = CARTESIAN_POINT ( 'NONE',  ( -6.181250000000001200, 1.743066579297358300E-016, 1.249999999999999600 ) ) ;
#3869 = FACE_OUTER_BOUND ( 'NONE', #4620, .T. ) ;
#3870 = CARTESIAN_POINT ( 'NONE',  ( 7.793749999999999300, 0.4788582131113754400, -0.8294067547305471500 ) ) ;
#3871 = LINE ( 'NONE', #3120, #3638 ) ;
#3872 = CARTESIAN_POINT ( 'NONE',  ( -8.393750000000000700, 0.4788582131113742800, -0.8294067547305469200 ) ) ;
#3873 = EDGE_CURVE ( 'NONE', #1869, #2968, #3073, .T. ) ;
#3874 = CARTESIAN_POINT ( 'NONE',  ( 9.537499999999999600, -0.9577164262227504400, -0.5529378364870317600 ) ) ;
#3875 = CARTESIAN_POINT ( 'NONE',  ( -8.731249999999999300, 0.9577164262227498800, 0.5529378364870308800 ) ) ;
#3876 = VECTOR ( 'NONE', #1125, 1000.000000000000000 ) ;
#3877 = CARTESIAN_POINT ( 'NONE',  ( 6.968749999999999100, 0.9577164262227506600, 0.0000000000000000000 ) ) ;
#3878 = CARTESIAN_POINT ( 'NONE',  ( -7.792403810567667400, 0.3349364905389027300, -1.250000000000000000 ) ) ;
#3879 = CARTESIAN_POINT ( 'NONE',  ( -8.637499999999999300, -0.9577164262227497700, 0.5529378364870313200 ) ) ;
#3880 = AXIS2_PLACEMENT_3D ( 'NONE', #1046, #2149, #3621 ) ;
#3881 = CARTESIAN_POINT ( 'NONE',  ( 9.199999999999999300, 0.4788582131113754400, -0.8294067547305471500 ) ) ;
#3882 = CARTESIAN_POINT ( 'NONE',  ( 6.049999999999999800, 0.0000000000000000000, 0.0000000000000000000 ) ) ;
#3883 = DIRECTION ( 'NONE',  ( 1.000000000000000000, 0.0000000000000000000, 0.0000000000000000000 ) ) ;
#3884 = CARTESIAN_POINT ( 'NONE',  ( 7.132323573777249200, 0.8265807605201402900, -0.9376909119416410000 ) ) ;
#3885 = B_SPLINE_CURVE_WITH_KNOTS ( 'NONE', 3,
 ( #581, #2464, #3902, #1389, #1753, #4296 ),
 .UNSPECIFIED., .F., .F.,
 ( 4, 2, 4 ),
 ( 0.001314652396222796000, 0.001969405109320635900, 0.002624157822418476000 ),
 .UNSPECIFIED. ) ;
#3886 = AXIS2_PLACEMENT_3D ( 'NONE', #662, #3563, #1356 ) ;
#3887 = VERTEX_POINT ( 'NONE', #1457 ) ;
#3888 = CARTESIAN_POINT ( 'NONE',  ( -8.693749999999999600, 0.4788582131113751100, 0.8294067547305464800 ) ) ;
#3889 = CARTESIAN_POINT ( 'NONE',  ( 9.777027395018619100, 1.041346784038290000, -0.3368219920271104400 ) ) ;
#3890 = CARTESIAN_POINT ( 'NONE',  ( -8.356249999999999300, 0.9577164262227496600, -0.5529378364870315400 ) ) ;
#3891 = ADVANCED_FACE ( 'NONE', ( #452 ), #3285, .T. ) ;
#3892 = CARTESIAN_POINT ( 'NONE',  ( 9.406250000000001800, -0.9577164262227507700, 0.5529378364870311000 ) ) ;
#3893 = ORIENTED_EDGE ( 'NONE', *, *, #4228, .F. ) ;
#3894 =( BOUNDED_CURVE ( )  B_SPLINE_CURVE ( 2, ( #705, #728, #3939, #3265, #1778, #3577, #354, #3251, #1424 ),
 .UNSPECIFIED., .F., .F. ) 
 B_SPLINE_CURVE_WITH_KNOTS ( ( 3, 2, 2, 2, 3 ),
 ( 0.6250000000000000000, 0.6333333333333333000, 0.6500000000000000200, 0.6666666666666666300, 0.6750000000000000400 ),
 .UNSPECIFIED. ) 
 CURVE ( )  GEOMETRIC_REPRESENTATION_ITEM ( )  RATIONAL_B_SPLINE_CURVE ( ( 0.9330127018922194100, 0.9330127018922194100, 1.000000000000000000, 0.8660254037844387100, 1.000000000000000000, 0.8660254037844387100, 1.000000000000000000, 0.9330127018922189700, 0.9330127018922194100 ) ) 
 REPRESENTATION_ITEM ( '' )  );
#3895 = LOCAL_TIME ( 20, 27, 25.00000000000000000, #4273 ) ;
#3896 = CARTESIAN_POINT ( 'NONE',  ( -6.800000000000000700, 1.249999999999999800, 0.0000000000000000000 ) ) ;
#3897 = CARTESIAN_POINT ( 'NONE',  ( -6.312500000000000900, 1.250000000000000000, 0.7216878364870319400 ) ) ;
#3898 = CARTESIAN_POINT ( 'NONE',  ( -6.500000000000000900, 0.4788582131113751100, 0.8294067547305464800 ) ) ;
#3899 = CARTESIAN_POINT ( 'NONE',  ( 6.106249999999999300, 0.9577164262227503300, 0.5529378364870319900 ) ) ;
#3900 = ORIENTED_EDGE ( 'NONE', *, *, #2420, .T. ) ;
#3901 = CARTESIAN_POINT ( 'NONE',  ( 7.110963936840224000, -0.6753402573851755600, -1.070178961251313100 ) ) ;
#3902 = CARTESIAN_POINT ( 'NONE',  ( 6.030756665990566000, 2.168904970561404100, 0.7433463941989690800 ) ) ;
#3903 = CARTESIAN_POINT ( 'NONE',  ( 6.871918502864663700, -0.7358840057689577400, -0.6674189217852762900 ) ) ;
#3904 = EDGE_CURVE ( 'NONE', #4237, #2235, #454, .T. ) ;
#3905 = CARTESIAN_POINT ( 'NONE',  ( 7.343750000000000000, 0.4788582131113754400, -0.8294067547305471500 ) ) ;
#3906 = CARTESIAN_POINT ( 'NONE',  ( -8.692403810567666900, 0.3349364905389027300, -1.250000000000000000 ) ) ;
#3907 = CARTESIAN_POINT ( 'NONE',  ( -9.781250000000001800, -2.031460654743915200E-016, -1.105875672974062000 ) ) ;
#3908 = CARTESIAN_POINT ( 'NONE',  ( 9.837500000000000400, -2.031460654743916600E-016, 1.105875672974062900 ) ) ;
#3909 = EDGE_CURVE ( 'NONE', #3315, #2118, #2832, .T. ) ;
#3910 = EDGE_LOOP ( 'NONE', ( #726, #2117 ) ) ;
#3911 = CARTESIAN_POINT ( 'NONE',  ( -7.775000000000000400, -0.4788582131113747800, 0.8294067547305465900 ) ) ;
#3912 = CARTESIAN_POINT ( 'NONE',  ( 8.599999999999999600, -0.9577164262227506600, -1.172864355864533800E-016 ) ) ;
#3913 = ORIENTED_EDGE ( 'NONE', *, *, #2632, .T. ) ;
#3914 = CARTESIAN_POINT ( 'NONE',  ( 6.999455662563598000, -0.1517032746996082600, 1.117132088786342700 ) ) ;
#3915 = ADVANCED_FACE ( 'NONE', ( #4251 ), #1745, .T. ) ;
#3916 = AXIS2_PLACEMENT_3D ( 'NONE', #164, #199, #3790 ) ;
#3917 = DIRECTION ( 'NONE',  ( 1.000000000000000000, 0.0000000000000000000, 0.0000000000000000000 ) ) ;
#3918 = CARTESIAN_POINT ( 'NONE',  ( 6.840040000000000100, -0.8127136422835431500, -0.5066727629378692300 ) ) ;
#3919 = CARTESIAN_POINT ( 'NONE',  ( 9.904783573777244500, -0.7757375938702821800, 0.5616510825354319400 ) ) ;
#3920 = CARTESIAN_POINT ( 'NONE',  ( -6.293749999999999300, -0.9577164262227499900, 1.172864355864533000E-016 ) ) ;
#3921 = CARTESIAN_POINT ( 'NONE',  ( -5.356249999999999300, -0.9577164262227502200, -0.5529378364870306500 ) ) ;
#3922 = CARTESIAN_POINT ( 'NONE',  ( 7.137500000000000200, 1.743066579297358300E-016, -1.250000000000000000 ) ) ;
#3923 =( GEOMETRIC_REPRESENTATION_CONTEXT ( 3 ) GLOBAL_UNCERTAINTY_ASSIGNED_CONTEXT ( ( #2016 ) ) GLOBAL_UNIT_ASSIGNED_CONTEXT ( ( #3243, #12, #388 ) ) REPRESENTATION_CONTEXT ( 'NONE', 'WORKASPACE' ) );
#3924 = VECTOR ( 'NONE', #3972, 1000.000000000000000 ) ;
#3925 = ORIENTED_EDGE ( 'NONE', *, *, #1536, .F. ) ;
#3926 = CARTESIAN_POINT ( 'NONE',  ( -6.612500000000000700, 0.9577164262227496600, -0.5529378364870315400 ) ) ;
#3927 = VECTOR ( 'NONE', #671, 1000.000000000000000 ) ;
#3928 = CARTESIAN_POINT ( 'NONE',  ( 9.687499999999998200, 0.9577164262227506600, -0.5529378364870313200 ) ) ;
#3929 = CARTESIAN_POINT ( 'NONE',  ( 7.132323573777250100, -0.08627377037917038900, -1.247019180503877300 ) ) ;
#3930 = CARTESIAN_POINT ( 'NONE',  ( -9.612500000000000700, 8.715332896486791300E-017, -1.249999999999999600 ) ) ;
#3931 = DIRECTION ( 'NONE',  ( -1.000000000000000000, -0.0000000000000000000, -0.0000000000000000000 ) ) ;
#3932 = CARTESIAN_POINT ( 'NONE',  ( 6.424999999999999800, -0.4788582131113751100, -0.8294067547305472600 ) ) ;
#3933 = CARTESIAN_POINT ( 'NONE',  ( -8.450000000000001100, 0.4788582131113742800, -0.8294067547305469200 ) ) ;
#3934 = CARTESIAN_POINT ( 'NONE',  ( -5.693749999999999600, 0.4788582131113742800, -0.8294067547305469200 ) ) ;
#3935 = EDGE_CURVE ( 'NONE', #3317, #2516, #1682, .T. ) ;
#3936 = CARTESIAN_POINT ( 'NONE',  ( 7.962500000000001200, 0.9577164262227503300, 0.5529378364870319900 ) ) ;
#3937 = LINE ( 'NONE', #163, #3701 ) ;
#3938 = ADVANCED_FACE ( 'NONE', ( #1856 ), #3971, .T. ) ;
#3939 = CARTESIAN_POINT ( 'NONE',  ( 7.493749999999998600, -0.6249999999999996700, -1.082531754730548400 ) ) ;
#3940 = CARTESIAN_POINT ( 'NONE',  ( -7.887499999999999300, 0.9577164262227498800, 0.5529378364870308800 ) ) ;
#3941 = ORIENTED_EDGE ( 'NONE', *, *, #1452, .F. ) ;
#3942 = CARTESIAN_POINT ( 'NONE',  ( 8.075000000000001100, -0.4788582131113757200, 0.8294067547305469200 ) ) ;
#3943 = CARTESIAN_POINT ( 'NONE',  ( 7.925000000000001600, -1.250000000000000000, -1.530808498934191600E-016 ) ) ;
#3944 = CARTESIAN_POINT ( 'NONE',  ( -5.806250000000000400, 1.250000000000000000, 0.7216878364870319400 ) ) ;
#3945 = DIRECTION ( 'NONE',  ( -1.000000000000000000, -0.0000000000000000000, -0.0000000000000000000 ) ) ;
#3946 = ORIENTED_EDGE ( 'NONE', *, *, #2673, .T. ) ;
#3947 = CARTESIAN_POINT ( 'NONE',  ( 6.500000000000000900, 0.4788582131113754400, -0.8294067547305471500 ) ) ;
#3948 = AXIS2_PLACEMENT_3D ( 'NONE', #3275, #41, #2514 ) ;
#3949 = ORIENTED_EDGE ( 'NONE', *, *, #295, .T. ) ;
#3950 = CARTESIAN_POINT ( 'NONE',  ( 7.175000000000000700, -0.4788582131113757200, 0.8294067547305469200 ) ) ;
#3951 = EDGE_LOOP ( 'NONE', ( #2397, #4156 ) ) ;
#3952 = VERTEX_POINT ( 'NONE', #783 ) ;
#3953 = CARTESIAN_POINT ( 'NONE',  ( 6.049999999999999800, 0.0000000000000000000, -2.250000000000000000 ) ) ;
#3954 = CARTESIAN_POINT ( 'NONE',  ( -5.150000000000001200, 0.0000000000000000000, 0.0000000000000000000 ) ) ;
#3955 = CARTESIAN_POINT ( 'NONE',  ( -7.362500000000000700, 6.771535515813051300E-017, 1.105875672974062000 ) ) ;
#3956 = DIRECTION ( 'NONE',  ( -0.0000000000000000000, 0.0000000000000000000, 1.000000000000000000 ) ) ;
#3957 = CARTESIAN_POINT ( 'NONE',  ( 8.675000000000000700, 0.6249999999999991100, 1.082531754730548900 ) ) ;
#3958 = CARTESIAN_POINT ( 'NONE',  ( 6.049999999999999800, 0.0000000000000000000, 0.0000000000000000000 ) ) ;
#3959 = EDGE_CURVE ( 'NONE', #3257, #3225, #1570, .T. ) ;
#3960 = ORIENTED_EDGE ( 'NONE', *, *, #1251, .F. ) ;
#3961 = CARTESIAN_POINT ( 'NONE',  ( -8.900000000000000400, 0.4788582131113742800, -0.8294067547305469200 ) ) ;
#3962 = CARTESIAN_POINT ( 'NONE',  ( 7.587500000000000400, -2.031460654743916600E-016, 1.105875672974062900 ) ) ;
#3963 = EDGE_LOOP ( 'NONE', ( #1090, #704, #1938, #1997 ) ) ;
#3964 = CARTESIAN_POINT ( 'NONE',  ( -6.406249999999999100, 6.771535515813051300E-017, 1.105875672974062000 ) ) ;
#3965 = DIRECTION ( 'NONE',  ( -1.000000000000000000, -0.0000000000000000000, -0.0000000000000000000 ) ) ;
#3966 = CARTESIAN_POINT ( 'NONE',  ( 5.910229930904660200, -2.492088861051975800, -0.1835754756815242100 ) ) ;
#3967 = CARTESIAN_POINT ( 'NONE',  ( -5.562500000000000000, 6.771535515813051300E-017, 1.105875672974062000 ) ) ;
#3968 = ORIENTED_EDGE ( 'NONE', *, *, #1417, .F. ) ;
#3969 = CARTESIAN_POINT ( 'NONE',  ( 5.961110639853282000, -0.8717004449691944100, 2.250000000000001300 ) ) ;
#3970 = CARTESIAN_POINT ( 'NONE',  ( 7.887499999999999300, -1.250000000000000200, 0.7216878364870317200 ) ) ;
#3971 = CYLINDRICAL_SURFACE ( 'NONE', #3297, 1.250000000000000000 ) ;
#3972 = DIRECTION ( 'NONE',  ( -1.000000000000000000, -0.0000000000000000000, -0.0000000000000000000 ) ) ;
#3973 = ORIENTED_EDGE ( 'NONE', *, *, #3203, .T. ) ;
#3974 = CARTESIAN_POINT ( 'NONE',  ( 7.325000000000000200, -0.4788582131113751100, -0.8294067547305472600 ) ) ;
#3975 = DIRECTION ( 'NONE',  ( 0.0000000000000000000, 0.0000000000000000000, 1.000000000000000000 ) ) ;
#3976 = CARTESIAN_POINT ( 'NONE',  ( 8.862500000000000700, 0.9577164262227503300, 0.5529378364870319900 ) ) ;
#3977 = ADVANCED_FACE ( 'NONE', ( #400 ), #3220, .T. ) ;
#3978 = CARTESIAN_POINT ( 'NONE',  ( -9.650000000000000400, 0.4788582131113751100, 0.8294067547305464800 ) ) ;
#3979 = FACE_OUTER_BOUND ( 'NONE', #3963, .T. ) ;
#3980 = EDGE_CURVE ( 'NONE', #1577, #2704, #742, .T. ) ;
#3981 = CARTESIAN_POINT ( 'NONE',  ( 7.737500000000001600, 1.249999999999999800, 0.7216878364870329400 ) ) ;
#3982 = CARTESIAN_POINT ( 'NONE',  ( -9.949999999999999300, 1.838311014891732300, 1.315951922094013200 ) ) ;
#3983 = CARTESIAN_POINT ( 'NONE',  ( 9.612500000000000700, 1.507752591092214600E-014, 1.250000000000000000 ) ) ;
#3984 = CARTESIAN_POINT ( 'NONE',  ( -7.849999999999999600, 0.4788582131113751100, 0.8294067547305464800 ) ) ;
#3985 = EDGE_CURVE ( 'NONE', #3732, #4092, #3626, .T. ) ;
#3986 = CARTESIAN_POINT ( 'NONE',  ( 8.000000000000000000, 0.4788582131113746100, 0.8294067547305475900 ) ) ;
#3987 = CARTESIAN_POINT ( 'NONE',  ( 8.881249999999999600, -2.031460654743916600E-016, 1.105875672974062900 ) ) ;
#3988 = CARTESIAN_POINT ( 'NONE',  ( -6.218749999999999100, -0.4788582131113754400, -0.8294067547305463700 ) ) ;
#3989 = CARTESIAN_POINT ( 'NONE',  ( -9.950000000000001100, 0.0000000000000000000, 1.300800000000000000 ) ) ;
#3990 = CARTESIAN_POINT ( 'NONE',  ( -7.062500000000000900, -1.249999999999999600, 0.7216878364870325000 ) ) ;
#3991 = AXIS2_PLACEMENT_3D ( 'NONE', #1527, #3699, #2990 ) ;
#3992 = EDGE_LOOP ( 'NONE', ( #3840, #3630, #4585, #3893 ) ) ;
#3993 = CARTESIAN_POINT ( 'NONE',  ( 7.587500000000000400, 8.838126989374223500E-017, -1.443375672974064300 ) ) ;
#3994 = ORIENTED_EDGE ( 'NONE', *, *, #1840, .T. ) ;
#3995 = CARTESIAN_POINT ( 'NONE',  ( 9.658623822619144800, -0.3156812988487945300, 1.172695774324105100 ) ) ;
#3996 = VERTEX_POINT ( 'NONE', #2898 ) ;
#3997 = CARTESIAN_POINT ( 'NONE',  ( -7.812500000000000000, 6.771535515813051300E-017, 1.105875672974062000 ) ) ;
#3998 = CC_DESIGN_PERSON_AND_ORGANIZATION_ASSIGNMENT ( #3304, #2916, ( #4487 ) ) ;
#3999 = CARTESIAN_POINT ( 'NONE',  ( 5.900000000000000400, -0.9577164262227506600, -1.172864355864533800E-016 ) ) ;
#4000 = CARTESIAN_POINT ( 'NONE',  ( -6.068749999999999600, 0.9577164262227499900, 0.0000000000000000000 ) ) ;
#4001 = CARTESIAN_POINT ( 'NONE',  ( -5.975000000000000500, -0.4788582131113747800, 0.8294067547305465900 ) ) ;
#4002 = DIRECTION ( 'NONE',  ( -1.000000000000000000, 0.0000000000000000000, 0.0000000000000000000 ) ) ;
#4003 = CARTESIAN_POINT ( 'NONE',  ( -6.668750000000001100, 0.6250000000000000000, 1.082531754730548200 ) ) ;
#4004 = CARTESIAN_POINT ( 'NONE',  ( 6.049999999999999800, -1.948557158514987200, 1.124999999999998900 ) ) ;
#4005 = CARTESIAN_POINT ( 'NONE',  ( 8.337500000000000400, -1.250000000000000200, 0.7216878364870317200 ) ) ;
#4006 = VERTEX_POINT ( 'NONE', #1412 ) ;
#4007 = CARTESIAN_POINT ( 'NONE',  ( 6.087500000000001200, -1.250000000000000200, 0.7216878364870317200 ) ) ;
#4008 = ORIENTED_EDGE ( 'NONE', *, *, #1311, .T. ) ;
#4009 = CARTESIAN_POINT ( 'NONE',  ( -9.606916426222751300, 1.522772014783827200E-012, 0.9577164262227498800 ) ) ;
#4010 = CARTESIAN_POINT ( 'NONE',  ( -10.04375000000000100, -0.6250000000000004400, -1.082531754730548000 ) ) ;
#4011 = EDGE_CURVE ( 'NONE', #149, #4006, #395, .T. ) ;
#4012 = CARTESIAN_POINT ( 'NONE',  ( -6.875000000000000900, -0.4788582131113747800, 0.8294067547305465900 ) ) ;
#4013 = VERTEX_POINT ( 'NONE', #1805 ) ;
#4014 = CARTESIAN_POINT ( 'NONE',  ( 6.612500000000000700, 0.9577164262227503300, 0.5529378364870319900 ) ) ;
#4015 = CARTESIAN_POINT ( 'NONE',  ( -7.231249999999999300, -0.9577164262227497700, 0.5529378364870313200 ) ) ;
#4016 = ADVANCED_FACE ( 'NONE', ( #2526 ), #2477, .T. ) ;
#4017 = CARTESIAN_POINT ( 'NONE',  ( -6.068749999999999600, 0.9577164262227499900, 0.0000000000000000000 ) ) ;
#4018 = CARTESIAN_POINT ( 'NONE',  ( -9.674328768026391900, 0.3100792068354176200, 0.9889337738653214400 ) ) ;
#4019 = CARTESIAN_POINT ( 'NONE',  ( -6.650000000000001200, -0.6249999999999995600, 1.082531754730548400 ) ) ;
#4020 = CARTESIAN_POINT ( 'NONE',  ( 6.837500000000000400, 1.169753752994699600E-016, -0.9551764262227509000 ) ) ;
#4021 = CARTESIAN_POINT ( 'NONE',  ( -7.775000000000000400, -0.4788582131113747800, 0.8294067547305465900 ) ) ;
#4022 =( BOUNDED_CURVE ( )  B_SPLINE_CURVE ( 2, ( #1278, #1262, #1616, #3807, #4158, #3461, #1633, #4173, #2003 ),
 .UNSPECIFIED., .F., .T. ) 
 B_SPLINE_CURVE_WITH_KNOTS ( ( 3, 2, 2, 2, 3 ),
 ( 0.2954545454545454700, 0.3030303030303030400, 0.3181818181818181800, 0.3333333333333333100, 0.3409090909090909400 ),
 .UNSPECIFIED. ) 
 CURVE ( )  GEOMETRIC_REPRESENTATION_ITEM ( )  RATIONAL_B_SPLINE_CURVE ( ( 0.9330127018922194100, 0.9330127018922194100, 1.000000000000000000, 0.8660254037844387100, 1.000000000000000000, 0.8660254037844387100, 1.000000000000000000, 0.9330127018922191900, 0.9330127018922194100 ) ) 
 REPRESENTATION_ITEM ( '' )  );
#4023 = CARTESIAN_POINT ( 'NONE',  ( 7.362500000000001600, -2.651438096812267400E-016, 1.443375672974064300 ) ) ;
#4024 = CARTESIAN_POINT ( 'NONE',  ( -10.19375000000000000, -0.6249999999999995600, 1.082531754730548400 ) ) ;
#4025 = CARTESIAN_POINT ( 'NONE',  ( -6.556250000000001200, -1.249999999999999600, 0.7216878364870325000 ) ) ;
#4026 = CARTESIAN_POINT ( 'NONE',  ( -6.087500000000000400, 0.9577164262227498800, 0.5529378364870308800 ) ) ;
#4027 = CARTESIAN_POINT ( 'NONE',  ( 6.200000000000001100, 0.4788582131113746100, 0.8294067547305475900 ) ) ;
#4028 = LINE ( 'NONE', #66, #3081 ) ;
#4029 = CARTESIAN_POINT ( 'NONE',  ( -6.181249999999999500, -2.031460654743915200E-016, -1.105875672974062000 ) ) ;
#4030 = CARTESIAN_POINT ( 'NONE',  ( 7.700000000000000200, 1.250000000000000000, 0.0000000000000000000 ) ) ;
#4031 = CARTESIAN_POINT ( 'NONE',  ( 6.840040000000000100, -0.8127136422835431500, -0.5066727629378692300 ) ) ;
#4032 = CARTESIAN_POINT ( 'NONE',  ( 8.017403810567666200, -0.3349364905389042300, -1.249999999999999600 ) ) ;
#4033 = CYLINDRICAL_SURFACE ( 'NONE', #2124, 0.9551764262227506700 ) ;
#4034 = CARTESIAN_POINT ( 'NONE',  ( 9.643432167217767400, -1.216827991556988000, 0.1382527587315007500 ) ) ;
#4035 = CARTESIAN_POINT ( 'NONE',  ( -9.886262356319390300, 0.6819564405340536900, 1.035950621809123700 ) ) ;
#4036 = CARTESIAN_POINT ( 'NONE',  ( -8.300000000000000700, 0.4788582131113751100, 0.8294067547305464800 ) ) ;
#4037 = EDGE_CURVE ( 'NONE', #2516, #3273, #3158, .T. ) ;
#4038 = CARTESIAN_POINT ( 'NONE',  ( 9.743749999999998600, 0.4788582131113746100, 0.8294067547305475900 ) ) ;
#4039 = ORIENTED_EDGE ( 'NONE', *, *, #3479, .F. ) ;
#4040 = CARTESIAN_POINT ( 'NONE',  ( -10.08124999999999900, -1.250000000000000000, -0.7216878364870315000 ) ) ;
#4041 = CARTESIAN_POINT ( 'NONE',  ( 9.702935296630382600, -0.5937183623083842600, 1.008781948021401800 ) ) ;
#4042 = CARTESIAN_POINT ( 'NONE',  ( -7.025000000000000400, 0.9577164262227499900, 0.0000000000000000000 ) ) ;
#4043 = ORIENTED_EDGE ( 'NONE', *, *, #2800, .F. ) ;
#4044 = PERSON_AND_ORGANIZATION ( #2017, #1691 ) ;
#4045 = CARTESIAN_POINT ( 'NONE',  ( 9.856249999999999300, 1.250000000000000000, -0.7216878364870320500 ) ) ;
#4046 = CARTESIAN_POINT ( 'NONE',  ( 9.237500000000000700, 0.9577164262227506600, -0.5529378364870313200 ) ) ;
#4047 = CARTESIAN_POINT ( 'NONE',  ( -9.142403810567667900, 0.3349364905389027300, -1.250000000000000000 ) ) ;
#4048 = ORIENTED_EDGE ( 'NONE', *, *, #3544, .T. ) ;
#4049 = CARTESIAN_POINT ( 'NONE',  ( -9.743750000000000400, -0.6249999999999995600, 1.082531754730548400 ) ) ;
#4050 = CARTESIAN_POINT ( 'NONE',  ( -8.001346189432334600, 0.3349364905389034000, 1.249999999999999600 ) ) ;
#4051 = DIRECTION ( 'NONE',  ( 0.0000000000000000000, 0.0000000000000000000, -1.000000000000000000 ) ) ;
#4052 = CARTESIAN_POINT ( 'NONE',  ( -7.700000000000000200, -0.9577164262227499900, 1.172864355864533000E-016 ) ) ;
#4053 = ORIENTED_EDGE ( 'NONE', *, *, #925, .T. ) ;
#4054 = CARTESIAN_POINT ( 'NONE',  ( 6.575000000000001100, -1.250000000000000000, -1.530808498934191600E-016 ) ) ;
#4055 = DIRECTION ( 'NONE',  ( 0.7071067811865454600, 0.0000000000000000000, -0.7071067811865496800 ) ) ;
#4056 = CARTESIAN_POINT ( 'NONE',  ( -8.281250000000000000, -1.250000000000000000, -0.7216878364870315000 ) ) ;
#4057 = CARTESIAN_POINT ( 'NONE',  ( 9.218750000000000000, 0.9577164262227506600, 0.0000000000000000000 ) ) ;
#4058 = CARTESIAN_POINT ( 'NONE',  ( -6.426346189432333500, -0.3349364905389037300, -1.249999999999999600 ) ) ;
#4059 = DIRECTION ( 'NONE',  ( 1.000000000000000000, 0.0000000000000000000, 0.0000000000000000000 ) ) ;
#4060 = CARTESIAN_POINT ( 'NONE',  ( 8.918749999999999300, 0.6250000000000001100, -1.082531754730548400 ) ) ;
#4061 = VERTEX_POINT ( 'NONE', #3647 ) ;
#4062 = CARTESIAN_POINT ( 'NONE',  ( 8.562500000000000000, -0.9577164262227508800, 0.5529378364870311000 ) ) ;
#4063 = ADVANCED_FACE ( 'NONE', ( #1798 ), #394, .T. ) ;
#4064 = CARTESIAN_POINT ( 'NONE',  ( 9.612500000000000700, 0.0000000000000000000, 0.0000000000000000000 ) ) ;
#4065 = CARTESIAN_POINT ( 'NONE',  ( -5.431250000000000400, -0.9577164262227497700, 0.5529378364870313200 ) ) ;
#4066 = CARTESIAN_POINT ( 'NONE',  ( -5.767403810567667000, -0.3349364905389030600, 1.249999999999999800 ) ) ;
#4067 = DIRECTION ( 'NONE',  ( 1.000000000000000000, 0.0000000000000000000, 0.0000000000000000000 ) ) ;
#4068 = CARTESIAN_POINT ( 'NONE',  ( -8.974999999999999600, 0.6250000000000000000, 1.082531754730548200 ) ) ;
#4069 = ORIENTED_EDGE ( 'NONE', *, *, #504, .T. ) ;
#4070 = CARTESIAN_POINT ( 'NONE',  ( -8.599999999999999600, -0.9577164262227499900, 1.172864355864533000E-016 ) ) ;
#4071 = CARTESIAN_POINT ( 'NONE',  ( 6.537500000000000500, -1.250000000000000200, 0.7216878364870317200 ) ) ;
#4072 = ORIENTED_EDGE ( 'NONE', *, *, #350, .F. ) ;
#4073 = CARTESIAN_POINT ( 'NONE',  ( 9.181249999999998600, 0.9577164262227506600, -0.5529378364870313200 ) ) ;
#4074 = EDGE_CURVE ( 'NONE', #1646, #2065, #2581, .T. ) ;
#4075 = DIRECTION ( 'NONE',  ( -1.000000000000000000, 0.0000000000000000000, 0.0000000000000000000 ) ) ;
#4076 = CARTESIAN_POINT ( 'NONE',  ( 6.837500000000000400, 0.0000000000000000000, 0.0000000000000000000 ) ) ;
#4077 = CARTESIAN_POINT ( 'NONE',  ( 7.381249999999998800, -1.250000000000000200, 0.7216878364870317200 ) ) ;
#4078 = EDGE_LOOP ( 'NONE', ( #1790, #3205, #339, #842, #4494, #1155 ) ) ;
#4079 = CARTESIAN_POINT ( 'NONE',  ( 9.724999999999999600, 0.9577164262227506600, 0.0000000000000000000 ) ) ;
#4080 = CARTESIAN_POINT ( 'NONE',  ( -9.087500000000000400, 1.249999999999999300, -0.7216878364870328300 ) ) ;
#4081 = FACE_OUTER_BOUND ( 'NONE', #1145, .T. ) ;
#4082 =( BOUNDED_CURVE ( )  B_SPLINE_CURVE ( 2, ( #2143, #38, #4677, #1802, #1834, #2181, #1422, #4379, #2197 ),
 .UNSPECIFIED., .F., .F. ) 
 B_SPLINE_CURVE_WITH_KNOTS ( ( 3, 2, 2, 2, 3 ),
 ( 0.5227272727272727100, 0.5303030303030302800, 0.5454545454545454100, 0.5606060606060605500, 0.5681818181818182300 ),
 .UNSPECIFIED. ) 
 CURVE ( )  GEOMETRIC_REPRESENTATION_ITEM ( )  RATIONAL_B_SPLINE_CURVE ( ( 0.9330127018922194100, 0.9330127018922194100, 1.000000000000000000, 0.8660254037844387100, 1.000000000000000000, 0.8660254037844387100, 1.000000000000000000, 0.9330127018922188500, 0.9330127018922194100 ) ) 
 REPRESENTATION_ITEM ( '' )  );
#4083 = CARTESIAN_POINT ( 'NONE',  ( -5.806249999999999500, -0.9577164262227502200, -0.5529378364870306500 ) ) ;
#4084 = CARTESIAN_POINT ( 'NONE',  ( 9.612500000000002500, -0.8919068644530674400, 0.8757865865275046300 ) ) ;
#4085 = CARTESIAN_POINT ( 'NONE',  ( -9.895832988688269400, 0.8938993095205417500, 0.8735715735710420900 ) ) ;
#4086 = CARTESIAN_POINT ( 'NONE',  ( -8.262500000000001100, -2.651438096812266900E-016, -1.443375672974064100 ) ) ;
#4087 = CARTESIAN_POINT ( 'NONE',  ( -8.224999999999999600, -0.4788582131113747800, 0.8294067547305465900 ) ) ;
#4088 = CARTESIAN_POINT ( 'NONE',  ( 9.106250000000001100, 6.771535515813057500E-017, -1.105875672974062900 ) ) ;
#4089 = CARTESIAN_POINT ( 'NONE',  ( -6.406250000000000000, -4.938688641342514700E-016, -1.249999999999999800 ) ) ;
#4090 = CARTESIAN_POINT ( 'NONE',  ( 6.843465241461132100, -0.1387433442545043000, -0.9536963080561918800 ) ) ;
#4091 = CARTESIAN_POINT ( 'NONE',  ( -6.481250000000002000, -1.250000000000000000, -0.7216878364870315000 ) ) ;
#4092 = VERTEX_POINT ( 'NONE', #4431 ) ;
#4093 = CARTESIAN_POINT ( 'NONE',  ( -5.234375000000000000, -0.5519291065556879400, -0.9559692547305470600 ) ) ;
#4094 = CARTESIAN_POINT ( 'NONE',  ( 8.525000000000002100, 0.6250000000000001100, -1.082531754730548400 ) ) ;
#4095 = CARTESIAN_POINT ( 'NONE',  ( 8.093749999999998200, 1.250000000000000000, 0.0000000000000000000 ) ) ;
#4096 = CARTESIAN_POINT ( 'NONE',  ( 8.824999999999999300, 0.9577164262227506600, 0.0000000000000000000 ) ) ;
#4097 = CARTESIAN_POINT ( 'NONE',  ( 9.700826178001930700, -0.4696431222849804000, -1.087995277822074500 ) ) ;
#4098 = CARTESIAN_POINT ( 'NONE',  ( -8.506249999999999600, -0.9577164262227502200, -0.5529378364870306500 ) ) ;
#4099 = CARTESIAN_POINT ( 'NONE',  ( -7.250000000000000900, 1.249999999999999800, 0.0000000000000000000 ) ) ;
#4100 = CARTESIAN_POINT ( 'NONE',  ( -6.275000000000000400, -0.4788582131113754400, -0.8294067547305463700 ) ) ;
#4101 = VERTEX_POINT ( 'NONE', #2263 ) ;
#4102 = EDGE_CURVE ( 'NONE', #2403, #3257, #3187, .T. ) ;
#4103 = CARTESIAN_POINT ( 'NONE',  ( 8.693749999999999600, 0.4788582131113754400, -0.8294067547305471500 ) ) ;
#4104 = CARTESIAN_POINT ( 'NONE',  ( 6.837500000000000400, 0.0000000000000000000, 0.9551764262227507900 ) ) ;
#4105 = CARTESIAN_POINT ( 'NONE',  ( -7.756250000000000500, -2.651438096812266900E-016, -1.443375672974064100 ) ) ;
#4106 = ORIENTED_EDGE ( 'NONE', *, *, #2394, .F. ) ;
#4107 = CARTESIAN_POINT ( 'NONE',  ( -5.862500000000000700, -0.9577164262227502200, -0.5529378364870306500 ) ) ;
#4108 = CARTESIAN_POINT ( 'NONE',  ( 6.931249999999999500, -1.250000000000000200, 0.7216878364870317200 ) ) ;
#4109 = CARTESIAN_POINT ( 'NONE',  ( -9.387499999999997500, -4.067155351693835700E-016, 1.249999999999999600 ) ) ;
#4110 = VERTEX_POINT ( 'NONE', #1870 ) ;
#4111 = CARTESIAN_POINT ( 'NONE',  ( -5.581249999999999800, 0.9577164262227498800, 0.5529378364870308800 ) ) ;
#4112 = CARTESIAN_POINT ( 'NONE',  ( -5.150000000000001200, 1.530808498934191600E-016, -1.250000000000000000 ) ) ;
#4113 = CARTESIAN_POINT ( 'NONE',  ( -8.487500000000000700, 8.838126989374222200E-017, 1.443375672974064100 ) ) ;
#4114 = CARTESIAN_POINT ( 'NONE',  ( -9.406250000000001800, -0.9577164262227502200, -0.5529378364870306500 ) ) ;
#4115 = CARTESIAN_POINT ( 'NONE',  ( 8.468749999999998200, -0.4788582131113757200, 0.8294067547305469200 ) ) ;
#4116 = CARTESIAN_POINT ( 'NONE',  ( -6.818750000000001400, 0.6249999999999990000, -1.082531754730548600 ) ) ;
#4117 = DIRECTION ( 'NONE',  ( 1.000000000000000000, 0.0000000000000000000, 0.0000000000000000000 ) ) ;
#4118 = ORIENTED_EDGE ( 'NONE', *, *, #402, .F. ) ;
#4119 = CARTESIAN_POINT ( 'NONE',  ( -5.787500000000000500, -2.031460654743915200E-016, -1.105875672974062000 ) ) ;
#4120 = CARTESIAN_POINT ( 'NONE',  ( 8.168749999999999300, 0.6249999999999991100, 1.082531754730548900 ) ) ;
#4121 = CARTESIAN_POINT ( 'NONE',  ( 7.924999999999999800, 0.9577164262227506600, 0.0000000000000000000 ) ) ;
#4122 = ORIENTED_EDGE ( 'NONE', *, *, #2734, .F. ) ;
#4123 = CARTESIAN_POINT ( 'NONE',  ( 9.856249999999999300, -0.9577164262227508800, 0.5529378364870311000 ) ) ;
#4124 = CARTESIAN_POINT ( 'NONE',  ( 8.356249999999999300, -1.250000000000000000, -0.7216878364870327200 ) ) ;
#4125 = CARTESIAN_POINT ( 'NONE',  ( 6.049999999999999800, 0.0000000000000000000, 2.250000000000000000 ) ) ;
#4126 = CARTESIAN_POINT ( 'NONE',  ( -8.618750000000000400, -0.4788582131113747800, 0.8294067547305465900 ) ) ;
#4127 = EDGE_CURVE ( 'NONE', #1097, #4378, #3526, .T. ) ;
#4128 = CARTESIAN_POINT ( 'NONE',  ( -6.425000000000000700, 0.6249999999999990000, -1.082531754730548600 ) ) ;
#4129 = LINE ( 'NONE', #4412, #125 ) ;
#4130 = CARTESIAN_POINT ( 'NONE',  ( -6.087500000000000400, 0.9577164262227498800, 0.5529378364870308800 ) ) ;
#4131 = CARTESIAN_POINT ( 'NONE',  ( 7.456249999999999800, 0.9577164262227503300, 0.5529378364870319900 ) ) ;
#4132 = CARTESIAN_POINT ( 'NONE',  ( -8.093750000000000000, 1.249999999999999800, 0.0000000000000000000 ) ) ;
#4133 = EDGE_CURVE ( 'NONE', #4548, #4330, #3559, .T. ) ;
#4134 = CARTESIAN_POINT ( 'NONE',  ( 7.381249999999998800, 0.9577164262227506600, -0.5529378364870313200 ) ) ;
#4135 = ORIENTED_EDGE ( 'NONE', *, *, #3810, .T. ) ;
#4136 = CARTESIAN_POINT ( 'NONE',  ( -9.899200000000000400, 1.245793954082214500, -0.1024569371599630500 ) ) ;
#4137 = CARTESIAN_POINT ( 'NONE',  ( 8.656249999999998200, -2.651438096812267400E-016, 1.443375672974064300 ) ) ;
#4138 = CARTESIAN_POINT ( 'NONE',  ( 9.199999999999999300, -0.6250000000000005600, 1.082531754730548200 ) ) ;
#4139 = CARTESIAN_POINT ( 'NONE',  ( 7.325000000000000200, -0.4788582131113751100, -0.8294067547305472600 ) ) ;
#4140 = CARTESIAN_POINT ( 'NONE',  ( 9.481249999999999300, -0.9577164262227504400, -0.5529378364870317600 ) ) ;
#4141 = AXIS2_PLACEMENT_3D ( 'NONE', #291, #2810, #2494 ) ;
#4142 = PLANE ( 'NONE',  #3183 ) ;
#4143 = CARTESIAN_POINT ( 'NONE',  ( -8.356249999999999300, 0.9577164262227496600, -0.5529378364870315400 ) ) ;
#4144 = CARTESIAN_POINT ( 'NONE',  ( -6.612500000000000700, -1.249999999999999800, 0.7216878364870323900 ) ) ;
#4145 = CARTESIAN_POINT ( 'NONE',  ( -9.481250000000001100, -0.9577164262227497700, 0.5529378364870313200 ) ) ;
#4146 = ORIENTED_EDGE ( 'NONE', *, *, #2987, .T. ) ;
#4147 = CARTESIAN_POINT ( 'NONE',  ( 8.618750000000000400, -0.4788582131113751100, -0.8294067547305472600 ) ) ;
#4148 = CC_DESIGN_PERSON_AND_ORGANIZATION_ASSIGNMENT ( #210, #359, ( #2192 ) ) ;
#4149 = CARTESIAN_POINT ( 'NONE',  ( 7.568749999999998800, 0.6250000000000001100, -1.082531754730548400 ) ) ;
#4150 = CARTESIAN_POINT ( 'NONE',  ( -7.343750000000000900, -0.6250000000000004400, -1.082531754730548000 ) ) ;
#4151 = CARTESIAN_POINT ( 'NONE',  ( 7.531250000000000000, -2.031460654743916600E-016, 1.105875672974062900 ) ) ;
#4152 = CARTESIAN_POINT ( 'NONE',  ( -6.687500000000000900, 1.743066579297358300E-016, 1.249999999999999600 ) ) ;
#4153 = CARTESIAN_POINT ( 'NONE',  ( -9.406250000000001800, 1.250000000000000000, 0.7216878364870319400 ) ) ;
#4154 = CARTESIAN_POINT ( 'NONE',  ( 6.950000000000000200, 0.4788582131113754400, -0.8294067547305471500 ) ) ;
#4155 = CARTESIAN_POINT ( 'NONE',  ( 9.406250000000001800, -0.9577164262227508800, 0.5529378364870311000 ) ) ;
#4156 = ORIENTED_EDGE ( 'NONE', *, *, #1544, .T. ) ;
#4157 = CALENDAR_DATE ( 2021, 9, 7 ) ;
#4158 = CARTESIAN_POINT ( 'NONE',  ( -8.375000000000000000, -1.249999999999999800, 1.530808498934191300E-016 ) ) ;
#4159 = CARTESIAN_POINT ( 'NONE',  ( -7.343750000000000900, -0.6250000000000004400, -1.082531754730548000 ) ) ;
#4160 = CARTESIAN_POINT ( 'NONE',  ( -8.806250000000000400, 0.9577164262227496600, -0.5529378364870315400 ) ) ;
#4161 = CARTESIAN_POINT ( 'NONE',  ( -5.825000000000001100, 0.6250000000000000000, 1.082531754730548200 ) ) ;
#4162 = CARTESIAN_POINT ( 'NONE',  ( -5.937500000000000000, -0.9577164262227497700, 0.5529378364870313200 ) ) ;
#4163 = ORIENTED_EDGE ( 'NONE', *, *, #3838, .T. ) ;
#4164 = EDGE_CURVE ( 'NONE', #3315, #1045, #3579, .T. ) ;
#4165 = CARTESIAN_POINT ( 'NONE',  ( 6.781249999999999100, -0.9577164262227504400, -0.5529378364870317600 ) ) ;
#4166 = CARTESIAN_POINT ( 'NONE',  ( -5.768750000000001600, 0.6250000000000000000, 1.082531754730548200 ) ) ;
#4167 = CARTESIAN_POINT ( 'NONE',  ( 6.518749999999998900, 0.9577164262227506600, 0.0000000000000000000 ) ) ;
#4168 = ORIENTED_EDGE ( 'NONE', *, *, #733, .F. ) ;
#4169 = CARTESIAN_POINT ( 'NONE',  ( -9.785246812949658600, -1.142005426663329900, -0.09427770554069669900 ) ) ;
#4170 = CARTESIAN_POINT ( 'NONE',  ( 9.351346189432332400, 0.3349364905389034500, -1.250000000000000000 ) ) ;
#4171 = PRODUCT ( '98952A113_Aluminum Male-Female Threaded Hex Standoff', '98952A113_Aluminum Male-Female Threaded Hex Standoff', '', ( #2932 ) ) ;
#4172 = CARTESIAN_POINT ( 'NONE',  ( 9.904783573777253400, -0.9450302765529221500, -0.1553657924228656900 ) ) ;
#4173 = CARTESIAN_POINT ( 'NONE',  ( -8.282596189432334600, -0.3349364905389026200, -1.249999999999999800 ) ) ;
#4174 = CARTESIAN_POINT ( 'NONE',  ( -6.781249999999999100, -0.9577164262227497700, 0.5529378364870313200 ) ) ;
#4175 = CARTESIAN_POINT ( 'NONE',  ( -6.575000000000001100, -1.249999999999999800, 1.530808498934191300E-016 ) ) ;
#4176 = ORIENTED_EDGE ( 'NONE', *, *, #2564, .T. ) ;
#4177 = CARTESIAN_POINT ( 'NONE',  ( -6.818750000000000500, -0.4788582131113747800, 0.8294067547305465900 ) ) ;
#4178 = CARTESIAN_POINT ( 'NONE',  ( 7.231249999999999300, -0.9577164262227504400, -0.5529378364870317600 ) ) ;
#4179 = ORIENTED_EDGE ( 'NONE', *, *, #711, .F. ) ;
#4180 = CARTESIAN_POINT ( 'NONE',  ( -9.143750000000000700, -0.6250000000000004400, -1.082531754730548000 ) ) ;
#4181 = CARTESIAN_POINT ( 'NONE',  ( -8.450000000000001100, 0.4788582131113742800, -0.8294067547305469200 ) ) ;
#4182 = CARTESIAN_POINT ( 'NONE',  ( 8.318749999999999600, 0.9577164262227506600, 0.0000000000000000000 ) ) ;
#4183 = ORIENTED_EDGE ( 'NONE', *, *, #689, .T. ) ;
#4184 = CARTESIAN_POINT ( 'NONE',  ( -5.562500000000000000, -4.938688641342514700E-016, -1.249999999999999800 ) ) ;
#4185 = CARTESIAN_POINT ( 'NONE',  ( 6.368749999999999500, 0.6249999999999991100, 1.082531754730548900 ) ) ;
#4186 = CARTESIAN_POINT ( 'NONE',  ( -6.462500000000000400, -4.938688641342514700E-016, -1.249999999999999800 ) ) ;
#4187 = FACE_OUTER_BOUND ( 'NONE', #3125, .T. ) ;
#4188 = VERTEX_POINT ( 'NONE', #1521 ) ;
#4189 = CARTESIAN_POINT ( 'NONE',  ( -8.881249999999999600, -2.031460654743915200E-016, -1.105875672974062000 ) ) ;
#4190 = CARTESIAN_POINT ( 'NONE',  ( -6.518749999999998900, 0.9577164262227499900, 0.0000000000000000000 ) ) ;
#4191 = EDGE_CURVE ( 'NONE', #2497, #3887, #993, .T. ) ;
#4192 = CARTESIAN_POINT ( 'NONE',  ( -5.412500000000000500, 1.250000000000000000, 0.7216878364870319400 ) ) ;
#4193 = CARTESIAN_POINT ( 'NONE',  ( -7.156250000000000000, -0.9577164262227502200, -0.5529378364870306500 ) ) ;
#4194 =( BOUNDED_CURVE ( )  B_SPLINE_CURVE ( 2, ( #692, #1397, #3661, #786, #4396, #4361, #2897, #4050, #1111 ),
 .UNSPECIFIED., .F., .T. ) 
 B_SPLINE_CURVE_WITH_KNOTS ( ( 3, 2, 2, 2, 3 ),
 ( 0.4318181818181818200, 0.4393939393939393900, 0.4545454545454545300, 0.4696969696969697200, 0.4772727272727272900 ),
 .UNSPECIFIED. ) 
 CURVE ( )  GEOMETRIC_REPRESENTATION_ITEM ( )  RATIONAL_B_SPLINE_CURVE ( ( 0.9330127018922194100, 0.9330127018922194100, 1.000000000000000000, 0.8660254037844387100, 1.000000000000000000, 0.8660254037844387100, 1.000000000000000000, 0.9330127018922194100, 0.9330127018922194100 ) ) 
 REPRESENTATION_ITEM ( '' )  );
#4195 = FACE_OUTER_BOUND ( 'NONE', #4344, .T. ) ;
#4196 = DIRECTION ( 'NONE',  ( -0.0000000000000000000, 0.0000000000000000000, -1.000000000000000000 ) ) ;
#4197 = CARTESIAN_POINT ( 'NONE',  ( -8.712499999999998600, 6.771535515813051300E-017, 1.105875672974062000 ) ) ;
#4198 = FACE_OUTER_BOUND ( 'NONE', #2271, .T. ) ;
#4199 = CARTESIAN_POINT ( 'NONE',  ( 8.243749999999998600, 0.4788582131113754400, -0.8294067547305471500 ) ) ;
#4200 = CARTESIAN_POINT ( 'NONE',  ( -9.748197503620739100, -0.7049827987175555400, -0.8560761040703162000 ) ) ;
#4201 = CARTESIAN_POINT ( 'NONE',  ( 6.068749999999999600, -1.250000000000000000, -1.530808498934191600E-016 ) ) ;
#4202 = CARTESIAN_POINT ( 'NONE',  ( 8.112500000000000700, 1.250000000000000000, -0.7216878364870320500 ) ) ;
#4203 = LINE ( 'NONE', #700, #2262 ) ;
#4204 = B_SPLINE_CURVE_WITH_KNOTS ( 'NONE', 3,
 ( #4009, #404, #4451, #4470 ),
 .UNSPECIFIED., .F., .F.,
 ( 4, 4 ),
 ( 0.0006911750978535302200, 0.0007628015341986900700 ),
 .UNSPECIFIED. ) ;
#4205 = CARTESIAN_POINT ( 'NONE',  ( 8.843750000000000000, 0.4788582131113746100, 0.8294067547305475900 ) ) ;
#4206 = CARTESIAN_POINT ( 'NONE',  ( -8.356249999999999300, 0.9577164262227496600, -0.5529378364870315400 ) ) ;
#4207 = CARTESIAN_POINT ( 'NONE',  ( -7.756249999999999600, 6.771535515813051300E-017, 1.105875672974062000 ) ) ;
#4208 = CARTESIAN_POINT ( 'NONE',  ( 9.758748680138342700, 0.8534189163221119800, -0.7139290594387026600 ) ) ;
#4209 = CARTESIAN_POINT ( 'NONE',  ( -6.781249999999999100, -0.9577164262227497700, 0.5529378364870313200 ) ) ;
#4210 = ORIENTED_EDGE ( 'NONE', *, *, #322, .T. ) ;
#4211 = ADVANCED_FACE ( 'NONE', ( #579 ), #176, .T. ) ;
#4212 = CARTESIAN_POINT ( 'NONE',  ( 7.118750000000000400, -0.4788582131113757200, 0.8294067547305469200 ) ) ;
#4213 = CARTESIAN_POINT ( 'NONE',  ( 8.636153810567666500, 0.3349364905389027300, 1.250000000000000000 ) ) ;
#4214 = CARTESIAN_POINT ( 'NONE',  ( -6.425000000000000700, 0.6249999999999990000, -1.082531754730548600 ) ) ;
#4215 = CARTESIAN_POINT ( 'NONE',  ( -8.337500000000000400, 0.9577164262227498800, 0.5529378364870308800 ) ) ;
#4216 = ORIENTED_EDGE ( 'NONE', *, *, #539, .T. ) ;
#4217 = CARTESIAN_POINT ( 'NONE',  ( 8.262500000000001100, 6.771535515813057500E-017, -1.105875672974062900 ) ) ;
#4218 = CARTESIAN_POINT ( 'NONE',  ( 7.005849932539280000, -0.3038401461461406300, 1.092111535963866000 ) ) ;
#4219 = EDGE_LOOP ( 'NONE', ( #2737, #1828, #1770, #3142 ) ) ;
#4220 = EDGE_CURVE ( 'NONE', #2620, #1275, #3708, .T. ) ;
#4221 = CARTESIAN_POINT ( 'NONE',  ( 7.868749999999998600, 0.9577164262227506600, 0.0000000000000000000 ) ) ;
#4222 = VERTEX_POINT ( 'NONE', #2230 ) ;
#4223 = CARTESIAN_POINT ( 'NONE',  ( -9.593750000000000000, 0.4788582131113751100, 0.8294067547305464800 ) ) ;
#4224 = CARTESIAN_POINT ( 'NONE',  ( -5.150000000000001200, 0.0000000000000000000, 1.250000000000000000 ) ) ;
#4225 = ORIENTED_EDGE ( 'NONE', *, *, #4315, .T. ) ;
#4226 = CARTESIAN_POINT ( 'NONE',  ( -8.806250000000000400, 0.9577164262227496600, -0.5529378364870315400 ) ) ;
#4227 =( BOUNDED_CURVE ( )  B_SPLINE_CURVE ( 2, ( #2582, #3400, #894, #3815, #1994, #3450, #4180, #4534, #4550 ),
 .UNSPECIFIED., .F., .F. ) 
 B_SPLINE_CURVE_WITH_KNOTS ( ( 3, 2, 2, 2, 3 ),
 ( 0.2045454545454545600, 0.2121212121212121300, 0.2272727272727272700, 0.2424242424242424300, 0.2500000000000000000 ),
 .UNSPECIFIED. ) 
 CURVE ( )  GEOMETRIC_REPRESENTATION_ITEM ( )  RATIONAL_B_SPLINE_CURVE ( ( 0.9330127018922193000, 0.9330127018922194100, 1.000000000000000000, 0.8660254037844387100, 1.000000000000000000, 0.8660254037844387100, 1.000000000000000000, 0.9330127018922194100, 0.9330127018922194100 ) ) 
 REPRESENTATION_ITEM ( '' )  );
#4228 = EDGE_CURVE ( 'NONE', #391, #4101, #4129, .T. ) ;
#4229 = CARTESIAN_POINT ( 'NONE',  ( 6.593750000000000000, 0.4788582131113746100, 0.8294067547305475900 ) ) ;
#4230 = CARTESIAN_POINT ( 'NONE',  ( -6.462500000000000400, -4.938688641342514700E-016, -1.249999999999999800 ) ) ;
#4231 = CARTESIAN_POINT ( 'NONE',  ( -9.837500000000000400, -2.031460654743915200E-016, -1.105875672974062000 ) ) ;
#4232 = CARTESIAN_POINT ( 'NONE',  ( 5.806249999999999500, -0.9577164262227507700, 0.5529378364870311000 ) ) ;
#4233 = CARTESIAN_POINT ( 'NONE',  ( -8.411153810567666900, -0.3349364905389030600, 1.249999999999999800 ) ) ;
#4234 = AXIS2_PLACEMENT_3D ( 'NONE', #1680, #1999, #960 ) ;
#4235 = CARTESIAN_POINT ( 'NONE',  ( -7.887500000000000200, -1.250000000000000000, -0.7216878364870316100 ) ) ;
#4236 = CARTESIAN_POINT ( 'NONE',  ( -7.793750000000000200, -0.6250000000000004400, -1.082531754730548000 ) ) ;
#4237 = VERTEX_POINT ( 'NONE', #1923 ) ;
#4238 = B_SPLINE_CURVE_WITH_KNOTS ( 'NONE', 3,
 ( #522, #2691, #3414, #3071, #3037, #3088 ),
 .UNSPECIFIED., .F., .F.,
 ( 4, 2, 4 ),
 ( 0.001314652396222798200, 0.001969405109320638500, 0.002624157822418478600 ),
 .UNSPECIFIED. ) ;
#4239 = CARTESIAN_POINT ( 'NONE',  ( -7.606249999999999300, -0.9577164262227502200, -0.5529378364870306500 ) ) ;
#4240 = CARTESIAN_POINT ( 'NONE',  ( 10.02499999999999900, -0.4788582131113751100, -0.8294067547305472600 ) ) ;
#4241 = ORIENTED_EDGE ( 'NONE', *, *, #2264, .F. ) ;
#4242 = CARTESIAN_POINT ( 'NONE',  ( -7.193749999999999600, -0.9577164262227499900, 1.172864355864533000E-016 ) ) ;
#4243 = CARTESIAN_POINT ( 'NONE',  ( 9.368749999999998600, -0.4788582131113757200, 0.8294067547305469200 ) ) ;
#4244 = CARTESIAN_POINT ( 'NONE',  ( -8.732596189432335600, -0.3349364905389037300, -1.249999999999999600 ) ) ;
#4245 = CARTESIAN_POINT ( 'NONE',  ( -9.950000000000001100, 0.0000000000000000000, 0.0000000000000000000 ) ) ;
#4246 = CARTESIAN_POINT ( 'NONE',  ( -7.400000000000000400, 0.4788582131113751100, 0.8294067547305464800 ) ) ;
#4247 = FACE_OUTER_BOUND ( 'NONE', #2360, .T. ) ;
#4248 = CARTESIAN_POINT ( 'NONE',  ( 9.050000000000000700, -0.9577164262227506600, -1.172864355864533800E-016 ) ) ;
#4249 = CARTESIAN_POINT ( 'NONE',  ( 7.087982786773385300, -1.078924666717664000, -0.6175322113324416300 ) ) ;
#4250 = DIRECTION ( 'NONE',  ( 0.0000000000000000000, 0.0000000000000000000, -1.000000000000000000 ) ) ;
#4251 = FACE_OUTER_BOUND ( 'NONE', #3157, .T. ) ;
#4252 = CARTESIAN_POINT ( 'NONE',  ( -8.057596189432334900, 0.3349364905389034000, 1.249999999999999600 ) ) ;
#4253 = CARTESIAN_POINT ( 'NONE',  ( 8.768749999999998900, 0.9577164262227506600, 0.0000000000000000000 ) ) ;
#4254 = CONICAL_SURFACE ( 'NONE', #4508, 2.250000000000000000, 1.047197551196600100 ) ;
#4255 = CARTESIAN_POINT ( 'NONE',  ( -8.131249999999999600, -0.9577164262227497700, 0.5529378364870313200 ) ) ;
#4256 = EDGE_CURVE ( 'NONE', #3502, #1869, #1661, .T. ) ;
#4257 = CARTESIAN_POINT ( 'NONE',  ( 9.387500000000001100, -2.031460654743916600E-016, 1.105875672974062900 ) ) ;
#4258 = CARTESIAN_POINT ( 'NONE',  ( 9.443749999999999600, -0.9577164262227506600, -1.172864355864533800E-016 ) ) ;
#4259 = CARTESIAN_POINT ( 'NONE',  ( -9.749038105676659100, -2.598076211353316500, -2.587034311127658300E-015 ) ) ;
#4260 = CARTESIAN_POINT ( 'NONE',  ( 6.049999999999999800, 1.530808498934191600E-016, 1.250000000000000000 ) ) ;
#4261 = CARTESIAN_POINT ( 'NONE',  ( -7.625000000000000900, 0.6250000000000000000, 1.082531754730548200 ) ) ;
#4262 = CARTESIAN_POINT ( 'NONE',  ( -8.000000000000000000, 0.4788582131113742800, -0.8294067547305469200 ) ) ;
#4263 = CARTESIAN_POINT ( 'NONE',  ( 5.918749999999999300, -0.4788582131113751100, -0.8294067547305472600 ) ) ;
#4264 = CARTESIAN_POINT ( 'NONE',  ( 9.950000000000001100, 1.250000000000000000, 0.0000000000000000000 ) ) ;
#4265 = CARTESIAN_POINT ( 'NONE',  ( -5.881250000000000500, 1.249999999999999300, -0.7216878364870328300 ) ) ;
#4266 = CARTESIAN_POINT ( 'NONE',  ( -5.150000000000001200, 0.0000000000000000000, 0.0000000000000000000 ) ) ;
#4267 = CARTESIAN_POINT ( 'NONE',  ( 7.400000000000000400, 0.4788582131113754400, -0.8294067547305471500 ) ) ;
#4268 = B_SPLINE_CURVE_WITH_KNOTS ( 'NONE', 3,
 ( #360, #3269, #29, #2535, #389, #2917 ),
 .UNSPECIFIED., .F., .F.,
 ( 4, 2, 4 ),
 ( 0.001314652396222794100, 0.001969405109320602500, 0.002624157822418411400 ),
 .UNSPECIFIED. ) ;
#4269 = CARTESIAN_POINT ( 'NONE',  ( -8.675000000000000700, -0.4788582131113747800, 0.8294067547305465900 ) ) ;
#4270 = CARTESIAN_POINT ( 'NONE',  ( -6.818750000000000500, -0.4788582131113747800, 0.8294067547305465900 ) ) ;
#4271 = CARTESIAN_POINT ( 'NONE',  ( 9.875000000000000000, -0.4788582131113757200, 0.8294067547305469200 ) ) ;
#4272 = ORIENTED_EDGE ( 'NONE', *, *, #977, .F. ) ;
#4273 = COORDINATED_UNIVERSAL_TIME_OFFSET ( 6, 0, .BEHIND. ) ;
#4274 = CARTESIAN_POINT ( 'NONE',  ( -6.912500000000000500, -4.938688641342514700E-016, -1.249999999999999800 ) ) ;
#4275 = CARTESIAN_POINT ( 'NONE',  ( -6.087500000000001200, -1.250000000000000000, -0.7216878364870316100 ) ) ;
#4276 = CARTESIAN_POINT ( 'NONE',  ( -6.537499999999999600, 0.9577164262227498800, 0.5529378364870308800 ) ) ;
#4277 = CARTESIAN_POINT ( 'NONE',  ( 7.512500000000001100, 0.9577164262227503300, 0.5529378364870319900 ) ) ;
#4278 = ORIENTED_EDGE ( 'NONE', *, *, #1316, .F. ) ;
#4279 = ORIENTED_EDGE ( 'NONE', *, *, #2765, .T. ) ;
#4280 = CARTESIAN_POINT ( 'NONE',  ( -8.243750000000000400, -0.6250000000000004400, -1.082531754730548000 ) ) ;
#4281 = ADVANCED_FACE ( 'NONE', ( #1973 ), #3683, .F. ) ;
#4282 = CARTESIAN_POINT ( 'NONE',  ( 6.049999999999999800, 0.0000000000000000000, 0.0000000000000000000 ) ) ;
#4283 = EDGE_CURVE ( 'NONE', #731, #2571, #4312, .T. ) ;
#4284 = CARTESIAN_POINT ( 'NONE',  ( 7.175000000000000700, -0.4788582131113757200, 0.8294067547305469200 ) ) ;
#4285 = CARTESIAN_POINT ( 'NONE',  ( -9.087500000000000400, -0.9577164262227497700, 0.5529378364870313200 ) ) ;
#4286 = CARTESIAN_POINT ( 'NONE',  ( -9.837500000000000400, 8.838126989374222200E-017, 1.443375672974064100 ) ) ;
#4287 = CARTESIAN_POINT ( 'NONE',  ( 8.224999999999999600, -0.4788582131113751100, -0.8294067547305472600 ) ) ;
#4288 = AXIS2_PLACEMENT_3D ( 'NONE', #1829, #2954, #3671 ) ;
#4289 = ORIENTED_EDGE ( 'NONE', *, *, #3749, .F. ) ;
#4290 = DIRECTION ( 'NONE',  ( 1.000000000000000000, 0.0000000000000000000, -0.0000000000000000000 ) ) ;
#4291 = CARTESIAN_POINT ( 'NONE',  ( -6.275000000000000400, -0.4788582131113754400, -0.8294067547305463700 ) ) ;
#4292 = CARTESIAN_POINT ( 'NONE',  ( 7.812500000000000000, 6.771535515813057500E-017, -1.105875672974062900 ) ) ;
#4293 = CARTESIAN_POINT ( 'NONE',  ( 10.11874999999999900, 0.9577164262227506600, 0.0000000000000000000 ) ) ;
#4294 = ORIENTED_EDGE ( 'NONE', *, *, #856, .F. ) ;
#4295 = CARTESIAN_POINT ( 'NONE',  ( 9.275000000000000400, -1.250000000000000000, -1.530808498934191600E-016 ) ) ;
#4296 = CARTESIAN_POINT ( 'NONE',  ( 5.849038105676658700, 2.598076211353316500, 9.161973734447515100E-016 ) ) ;
#4297 = CARTESIAN_POINT ( 'NONE',  ( -5.150000000000001200, 0.0000000000000000000, 0.0000000000000000000 ) ) ;
#4298 = CARTESIAN_POINT ( 'NONE',  ( 5.825000000000000200, -0.4788582131113757200, 0.8294067547305469200 ) ) ;
#4299 = ORIENTED_EDGE ( 'NONE', *, *, #3627, .F. ) ;
#4300 = CARTESIAN_POINT ( 'NONE',  ( 8.712499999999998600, 6.771535515813057500E-017, -1.105875672974062900 ) ) ;
#4301 = ADVANCED_FACE ( 'NONE', ( #3282 ), #1016, .T. ) ;
#4302 = VECTOR ( 'NONE', #374, 1000.000000000000000 ) ;
#4303 = ORIENTED_EDGE ( 'NONE', *, *, #689, .F. ) ;
#4304 = CARTESIAN_POINT ( 'NONE',  ( -8.487500000000000700, 1.743066579297358300E-016, 1.249999999999999600 ) ) ;
#4305 = CARTESIAN_POINT ( 'NONE',  ( 5.960744989968444200, -2.385217236779676700, -0.3686825588085569400 ) ) ;
#4306 = CARTESIAN_POINT ( 'NONE',  ( -7.287499999999999600, -0.9577164262227497700, 0.5529378364870313200 ) ) ;
#4307 = CONICAL_SURFACE ( 'NONE', #2184, 2.250000000000000000, 1.047197551196600100 ) ;
#4308 = CARTESIAN_POINT ( 'NONE',  ( 7.132323573777248300, 0.0000000000000000000, 0.0000000000000000000 ) ) ;
#4309 = EDGE_CURVE ( 'NONE', #108, #3887, #2712, .T. ) ;
#4310 = CARTESIAN_POINT ( 'NONE',  ( 9.537499999999999600, 1.249999999999999800, 0.7216878364870329400 ) ) ;
#4311 = CARTESIAN_POINT ( 'NONE',  ( -9.620127303623304400, -1.764666079325818100E-012, 0.9709273036233030400 ) ) ;
#4312 =( BOUNDED_CURVE ( )  B_SPLINE_CURVE ( 2, ( #3776, #1565, #2326, #2357, #3808, #2684, #2291, #1584, #554 ),
 .UNSPECIFIED., .F., .T. ) 
 B_SPLINE_CURVE_WITH_KNOTS ( ( 3, 2, 2, 2, 3 ),
 ( 0.4750000000000000300, 0.4833333333333333400, 0.5000000000000000000, 0.5166666666666667200, 0.5250000000000000200 ),
 .UNSPECIFIED. ) 
 CURVE ( )  GEOMETRIC_REPRESENTATION_ITEM ( )  RATIONAL_B_SPLINE_CURVE ( ( 0.9330127018922194100, 0.9330127018922196300, 1.000000000000000000, 0.8660254037844387100, 1.000000000000000000, 0.8660254037844387100, 1.000000000000000000, 0.9330127018922194100, 0.9330127018922194100 ) ) 
 REPRESENTATION_ITEM ( '' )  );
#4313 = CARTESIAN_POINT ( 'NONE',  ( 8.993750000000000400, -0.9577164262227506600, -1.172864355864533800E-016 ) ) ;
#4314 = CARTESIAN_POINT ( 'NONE',  ( -8.824999999999999300, 0.9577164262227499900, 0.0000000000000000000 ) ) ;
#4315 = EDGE_CURVE ( 'NONE', #2457, #4222, #3528, .T. ) ;
#4316 = CARTESIAN_POINT ( 'NONE',  ( 9.125000000000000000, -0.4788582131113751100, -0.8294067547305472600 ) ) ;
#4317 = ORIENTED_EDGE ( 'NONE', *, *, #1221, .F. ) ;
#4318 = CARTESIAN_POINT ( 'NONE',  ( -5.806249999999999500, -0.9577164262227502200, -0.5529378364870306500 ) ) ;
#4319 = CARTESIAN_POINT ( 'NONE',  ( -9.682912898986350200, 0.7383882091153635100, -0.7515215883709258600 ) ) ;
#4320 = CARTESIAN_POINT ( 'NONE',  ( -6.781250000000000900, 1.249999999999999300, -0.7216878364870328300 ) ) ;
#4321 = ORIENTED_EDGE ( 'NONE', *, *, #2505, .F. ) ;
#4322 = AXIS2_PLACEMENT_3D ( 'NONE', #462, #2546, #3358 ) ;
#4323 = CARTESIAN_POINT ( 'NONE',  ( -9.724999999999999600, 0.9577164262227499900, 0.0000000000000000000 ) ) ;
#4324 = CARTESIAN_POINT ( 'NONE',  ( 7.850000000000001400, -0.6250000000000005600, 1.082531754730548200 ) ) ;
#4325 = ADVANCED_FACE ( 'NONE', ( #3751 ), #1354, .F. ) ;
#4326 = CARTESIAN_POINT ( 'NONE',  ( -9.810229930904657900, 1.405025455977997800, 2.066424524318479300 ) ) ;
#4327 = ORIENTED_EDGE ( 'NONE', *, *, #2177, .F. ) ;
#4328 = CARTESIAN_POINT ( 'NONE',  ( 6.237499999999999800, -2.031460654743916600E-016, 1.105875672974062900 ) ) ;
#4329 = CARTESIAN_POINT ( 'NONE',  ( -9.199999999999999300, 0.4788582131113751100, 0.8294067547305464800 ) ) ;
#4330 = VERTEX_POINT ( 'NONE', #2664 ) ;
#4331 = CARTESIAN_POINT ( 'NONE',  ( 7.362500000000000700, 6.771535515813057500E-017, -1.105875672974062900 ) ) ;
#4332 = CARTESIAN_POINT ( 'NONE',  ( -5.843750000000000000, -0.9577164262227499900, 1.172864355864533000E-016 ) ) ;
#4333 = VERTEX_POINT ( 'NONE', #3048 ) ;
#4334 = CARTESIAN_POINT ( 'NONE',  ( -9.717439483264996600, 5.810221930991196600E-017, -1.068239483264997700 ) ) ;
#4335 = CARTESIAN_POINT ( 'NONE',  ( 9.612500000000000700, 1.507752591092214600E-014, 1.250000000000000000 ) ) ;
#4336 = CARTESIAN_POINT ( 'NONE',  ( -6.631250000000000500, 1.743066579297358300E-016, 1.249999999999999600 ) ) ;
#4337 = CARTESIAN_POINT ( 'NONE',  ( 8.450000000000001100, -0.6249999999999996700, -1.082531754730548400 ) ) ;
#4338 = CARTESIAN_POINT ( 'NONE',  ( 8.525000000000002100, 0.6250000000000001100, -1.082531754730548400 ) ) ;
#4339 = CARTESIAN_POINT ( 'NONE',  ( 9.950000000000001100, 1.324149351578077400E-016, -0.9125000000000009800 ) ) ;
#4340 = EDGE_CURVE ( 'NONE', #34, #775, #736, .T. ) ;
#4341 = CARTESIAN_POINT ( 'NONE',  ( -9.950000000000001100, -2.169875997175800800, -0.7416645267673347400 ) ) ;
#4342 = CARTESIAN_POINT ( 'NONE',  ( -7.325000000000000200, -0.4788582131113747800, 0.8294067547305465900 ) ) ;
#4343 = CARTESIAN_POINT ( 'NONE',  ( 7.437499999999999100, 0.9577164262227506600, -0.5529378364870313200 ) ) ;
#4344 = EDGE_LOOP ( 'NONE', ( #1547, #1542, #1737, #1715, #4183, #1663 ) ) ;
#4345 = ADVANCED_FACE ( 'NONE', ( #1628 ), #3486, .T. ) ;
#4346 = ORIENTED_EDGE ( 'NONE', *, *, #3627, .T. ) ;
#4347 = CARTESIAN_POINT ( 'NONE',  ( 8.825000000000001100, -1.250000000000000000, -1.530808498934191600E-016 ) ) ;
#4348 = CARTESIAN_POINT ( 'NONE',  ( -9.749038105676659100, 2.598076211353316500, 1.069665190136675600E-015 ) ) ;
#4349 = CARTESIAN_POINT ( 'NONE',  ( -8.862500000000000700, -1.249999999999999600, 0.7216878364870325000 ) ) ;
#4350 = ORIENTED_EDGE ( 'NONE', *, *, #3935, .F. ) ;
#4351 = CARTESIAN_POINT ( 'NONE',  ( -9.537499999999999600, -0.9577164262227497700, 0.5529378364870313200 ) ) ;
#4352 = CARTESIAN_POINT ( 'NONE',  ( 9.125000000000001800, 0.6249999999999991100, 1.082531754730548900 ) ) ;
#4353 = AXIS2_PLACEMENT_3D ( 'NONE', #1560, #1902, #1548 ) ;
#4354 = CARTESIAN_POINT ( 'NONE',  ( 7.287500000000000500, 1.249999999999999600, 0.7216878364870329400 ) ) ;
#4355 = CARTESIAN_POINT ( 'NONE',  ( -5.375000000000000000, -0.4788582131113754400, -0.8294067547305463700 ) ) ;
#4356 = CARTESIAN_POINT ( 'NONE',  ( -8.412499999999999600, 0.9577164262227496600, -0.5529378364870315400 ) ) ;
#4357 = VECTOR ( 'NONE', #3829, 1000.000000000000000 ) ;
#4358 = CARTESIAN_POINT ( 'NONE',  ( 10.00625000000000000, -2.651438096812267400E-016, 1.443375672974064300 ) ) ;
#4359 = CARTESIAN_POINT ( 'NONE',  ( -6.106249999999999300, 0.9577164262227496600, -0.5529378364870315400 ) ) ;
#4360 = CARTESIAN_POINT ( 'NONE',  ( -6.106249999999999300, -1.249999999999999600, 0.7216878364870325000 ) ) ;
#4361 = CARTESIAN_POINT ( 'NONE',  ( -8.056250000000000400, 1.250000000000000000, 0.7216878364870319400 ) ) ;
#4362 = CARTESIAN_POINT ( 'NONE',  ( -5.450000000000001100, -0.9577164262227499900, 1.172864355864533000E-016 ) ) ;
#4363 = CARTESIAN_POINT ( 'NONE',  ( -6.987500000000000700, -1.250000000000000000, -0.7216878364870316100 ) ) ;
#4364 = CARTESIAN_POINT ( 'NONE',  ( 6.049999999999998900, -0.2198740743429332400, 2.250000000000001300 ) ) ;
#4365 =( BOUNDED_CURVE ( )  B_SPLINE_CURVE ( 2, ( #279, #644, #3542, #232, #2749, #2827, #3247, #1419, #2139 ),
 .UNSPECIFIED., .F., .F. ) 
 B_SPLINE_CURVE_WITH_KNOTS ( ( 3, 2, 2, 2, 3 ),
 ( 0.6136363636363636500, 0.6212121212121212200, 0.6363636363636363500, 0.6515151515151514900, 0.6590909090909090600 ),
 .UNSPECIFIED. ) 
 CURVE ( )  GEOMETRIC_REPRESENTATION_ITEM ( )  RATIONAL_B_SPLINE_CURVE ( ( 0.9330127018922194100, 0.9330127018922194100, 1.000000000000000000, 0.8660254037844387100, 1.000000000000000000, 0.8660254037844387100, 1.000000000000000000, 0.9330127018922194100, 0.9330127018922194100 ) ) 
 REPRESENTATION_ITEM ( '' )  );
#4366 = EDGE_CURVE ( 'NONE', #4378, #2403, #1352, .T. ) ;
#4367 = CARTESIAN_POINT ( 'NONE',  ( 5.600000000000000500, -0.6250000000000005600, 1.082531754730548200 ) ) ;
#4368 = ADVANCED_FACE ( 'NONE', ( #2828 ), #1511, .T. ) ;
#4369 = APPLICATION_PROTOCOL_DEFINITION ( 'international standard', 'config_control_design', 1994, #2903 ) ;
#4370 = CARTESIAN_POINT ( 'NONE',  ( -5.825000000000001100, 0.6250000000000000000, 1.082531754730548200 ) ) ;
#4371 = CARTESIAN_POINT ( 'NONE',  ( -9.856250000000001100, 1.250000000000000000, 0.7216878364870319400 ) ) ;
#4372 = EDGE_LOOP ( 'NONE', ( #3336, #4670, #94 ) ) ;
#4373 = CARTESIAN_POINT ( 'NONE',  ( -6.631250000000000500, 1.743066579297358300E-016, 1.249999999999999600 ) ) ;
#4374 = CARTESIAN_POINT ( 'NONE',  ( -6.612500000000000700, 0.9577164262227496600, -0.5529378364870315400 ) ) ;
#4375 = EDGE_CURVE ( 'NONE', #2118, #119, #3068, .T. ) ;
#4376 = CARTESIAN_POINT ( 'NONE',  ( 10.04374999999999900, -0.6250000000000005600, 1.082531754730548200 ) ) ;
#4377 = CARTESIAN_POINT ( 'NONE',  ( -5.843750000000000000, -0.9577164262227499900, 1.172864355864533000E-016 ) ) ;
#4378 = VERTEX_POINT ( 'NONE', #648 ) ;
#4379 = CARTESIAN_POINT ( 'NONE',  ( -7.157596189432334600, 0.3349364905389011800, 1.250000000000000900 ) ) ;
#4380 = CARTESIAN_POINT ( 'NONE',  ( 8.618750000000000400, -0.4788582131113751100, -0.8294067547305472600 ) ) ;
#4381 = DIRECTION ( 'NONE',  ( -1.000000000000000000, -0.0000000000000000000, -0.0000000000000000000 ) ) ;
#4382 = CARTESIAN_POINT ( 'NONE',  ( -6.856250000000001100, -4.938688641342514700E-016, -1.249999999999999800 ) ) ;
#4383 = CARTESIAN_POINT ( 'NONE',  ( -7.382596189432334200, -0.3349364905389037300, -1.249999999999999600 ) ) ;
#4384 = AXIS2_PLACEMENT_3D ( 'NONE', #2104, #2465, #698 ) ;
#4385 = CARTESIAN_POINT ( 'NONE',  ( -6.800000000000000700, -0.9577164262227499900, 1.172864355864533000E-016 ) ) ;
#4386 = ORIENTED_EDGE ( 'NONE', *, *, #4220, .F. ) ;
#4387 = CARTESIAN_POINT ( 'NONE',  ( 6.050000000000000700, -0.6250000000000005600, 1.082531754730548200 ) ) ;
#4388 = CARTESIAN_POINT ( 'NONE',  ( -6.012500000000000200, -4.938688641342514700E-016, -1.249999999999999800 ) ) ;
#4389 = CARTESIAN_POINT ( 'NONE',  ( -9.668750000000001100, -1.249999999999999800, 1.530808498934191300E-016 ) ) ;
#4390 = VERTEX_POINT ( 'NONE', #1713 ) ;
#4391 = CARTESIAN_POINT ( 'NONE',  ( -8.187500000000000000, -0.9577164262227497700, 0.5529378364870313200 ) ) ;
#4392 = CARTESIAN_POINT ( 'NONE',  ( 9.256249999999997900, -1.250000000000000000, -0.7216878364870325000 ) ) ;
#4393 = CARTESIAN_POINT ( 'NONE',  ( -5.431250000000000400, -0.9577164262227497700, 0.5529378364870313200 ) ) ;
#4394 = ADVANCED_FACE ( 'NONE', ( #4247 ), #2886, .T. ) ;
#4395 = CARTESIAN_POINT ( 'NONE',  ( -9.631250000000001400, -1.250000000000000000, -0.7216878364870316100 ) ) ;
#4396 = CARTESIAN_POINT ( 'NONE',  ( -8.093750000000000000, 1.249999999999999800, 0.0000000000000000000 ) ) ;
#4397 = CARTESIAN_POINT ( 'NONE',  ( 9.904783573777244500, -0.7757375938702821800, 0.5616510825354319400 ) ) ;
#4398 = CARTESIAN_POINT ( 'NONE',  ( -7.287499999999999600, -0.9577164262227497700, 0.5529378364870313200 ) ) ;
#4399 = ORIENTED_EDGE ( 'NONE', *, *, #1756, .F. ) ;
#4400 = CARTESIAN_POINT ( 'NONE',  ( 9.706250000000000700, 0.9577164262227503300, 0.5529378364870319900 ) ) ;
#4401 = EDGE_LOOP ( 'NONE', ( #1901, #2195 ) ) ;
#4402 = CARTESIAN_POINT ( 'NONE',  ( -8.693749999999999600, -0.6250000000000004400, -1.082531754730548000 ) ) ;
#4403 = EDGE_CURVE ( 'NONE', #628, #2977, #518, .T. ) ;
#4404 = CARTESIAN_POINT ( 'NONE',  ( -6.912500000000000500, -4.938688641342514700E-016, -1.249999999999999800 ) ) ;
#4405 = CARTESIAN_POINT ( 'NONE',  ( -8.000000000000000000, 0.4788582131113742800, -0.8294067547305469200 ) ) ;
#4406 = VERTEX_POINT ( 'NONE', #3922 ) ;
#4407 = CARTESIAN_POINT ( 'NONE',  ( 9.218750000000000000, -1.250000000000000000, -1.530808498934191600E-016 ) ) ;
#4408 = CARTESIAN_POINT ( 'NONE',  ( 8.900000000000000400, 0.4788582131113746100, 0.8294067547305475900 ) ) ;
#4409 = CARTESIAN_POINT ( 'NONE',  ( 7.132323573777248300, 0.0000000000000000000, -1.250000000000000000 ) ) ;
#4410 = AXIS2_PLACEMENT_3D ( 'NONE', #2594, #819, #56 ) ;
#4411 = CARTESIAN_POINT ( 'NONE',  ( 7.887500000000000200, -1.250000000000000200, 0.7216878364870317200 ) ) ;
#4412 = CARTESIAN_POINT ( 'NONE',  ( -9.950000000000001100, 0.0000000000000000000, 1.300800000000000000 ) ) ;
#4413 = CARTESIAN_POINT ( 'NONE',  ( -7.437500000000000900, -1.250000000000000000, -0.7216878364870316100 ) ) ;
#4414 = CARTESIAN_POINT ( 'NONE',  ( -9.537499999999999600, 1.249999999999999600, -0.7216878364870328300 ) ) ;
#4415 = FACE_OUTER_BOUND ( 'NONE', #4617, .T. ) ;
#4416 = CARTESIAN_POINT ( 'NONE',  ( -6.762500000000001100, -0.9577164262227502200, -0.5529378364870306500 ) ) ;
#4417 = CARTESIAN_POINT ( 'NONE',  ( 9.668749999999999300, 0.9577164262227506600, 0.0000000000000000000 ) ) ;
#4418 = ADVANCED_FACE ( 'NONE', ( #3865 ), #825, .T. ) ;
#4419 = AXIS2_PLACEMENT_3D ( 'NONE', #220, #3100, #3426 ) ;
#4420 = DIRECTION ( 'NONE',  ( 1.000000000000000000, 0.0000000000000000000, -0.0000000000000000000 ) ) ;
#4421 = CARTESIAN_POINT ( 'NONE',  ( -10.00625000000000100, -2.651438096812266900E-016, -1.443375672974064100 ) ) ;
#4422 = CYLINDRICAL_SURFACE ( 'NONE', #1, 1.250000000000000000 ) ;
#4423 = CARTESIAN_POINT ( 'NONE',  ( 6.953746543859215200, 0.8276703429973278900, 0.6938897749374369800 ) ) ;
#4424 = CARTESIAN_POINT ( 'NONE',  ( -8.881249999999997900, 1.743066579297358300E-016, 1.249999999999999600 ) ) ;
#4425 = CARTESIAN_POINT ( 'NONE',  ( 6.012499999999999300, 6.771535515813057500E-017, -1.105875672974062900 ) ) ;
#4426 = CYLINDRICAL_SURFACE ( 'NONE', #771, 1.250000000000000000 ) ;
#4427 = CARTESIAN_POINT ( 'NONE',  ( -9.810229930904663200, 2.492088861051975800, -0.1835754756815207400 ) ) ;
#4428 = CARTESIAN_POINT ( 'NONE',  ( 9.612500000000002500, -0.8919068644530674400, 0.8757865865275046300 ) ) ;
#4429 =( BOUNDED_CURVE ( )  B_SPLINE_CURVE ( 2, ( #177, #3437, #4537, #914, #1629, #3126, #879, #3454, #1660 ),
 .UNSPECIFIED., .F., .F. ) 
 B_SPLINE_CURVE_WITH_KNOTS ( ( 3, 2, 2, 2, 3 ),
 ( 0.5250000000000000200, 0.5333333333333333300, 0.5500000000000000400, 0.5666666666666666500, 0.5750000000000000700 ),
 .UNSPECIFIED. ) 
 CURVE ( )  GEOMETRIC_REPRESENTATION_ITEM ( )  RATIONAL_B_SPLINE_CURVE ( ( 0.9330127018922194100, 0.9330127018922194100, 1.000000000000000000, 0.8660254037844387100, 1.000000000000000000, 0.8660254037844387100, 1.000000000000000000, 0.9330127018922189700, 0.9330127018922194100 ) ) 
 REPRESENTATION_ITEM ( '' )  );
#4430 = CARTESIAN_POINT ( 'NONE',  ( 6.030756665990569600, -1.728209346468588800, 1.506653605800999400 ) ) ;
#4431 = CARTESIAN_POINT ( 'NONE',  ( -8.431250000000000400, 1.743066579297358300E-016, 1.249999999999999600 ) ) ;
#4432 = CARTESIAN_POINT ( 'NONE',  ( -7.625000000000000900, 0.6250000000000000000, 1.082531754730548200 ) ) ;
#4433 = CARTESIAN_POINT ( 'NONE',  ( -8.675000000000000700, -0.4788582131113747800, 0.8294067547305465900 ) ) ;
#4434 = EDGE_CURVE ( 'NONE', #3109, #149, #4680, .T. ) ;
#4435 = CARTESIAN_POINT ( 'NONE',  ( 7.062500000000000900, -1.250000000000000000, -0.7216878364870325000 ) ) ;
#4436 = CARTESIAN_POINT ( 'NONE',  ( 6.837500000000000400, 0.0000000000000000000, -0.9551764262227507900 ) ) ;
#4437 = EDGE_LOOP ( 'NONE', ( #4106, #1678, #1598, #4525 ) ) ;
#4438 = CARTESIAN_POINT ( 'NONE',  ( -9.818750000000001400, 0.6250000000000000000, 1.082531754730548200 ) ) ;
#4439 = CARTESIAN_POINT ( 'NONE',  ( -9.886327469348145800, 0.8137911558024189000, 0.9735331301074010600 ) ) ;
#4440 = CARTESIAN_POINT ( 'NONE',  ( 6.593749999999999100, -0.6249999999999996700, -1.082531754730548400 ) ) ;
#4441 = CARTESIAN_POINT ( 'NONE',  ( -9.749038105676659100, 2.598076211353316500, 1.069665190136675600E-015 ) ) ;
#4442 = CARTESIAN_POINT ( 'NONE',  ( 7.587499999999999500, 1.743066579297358300E-016, -1.250000000000000000 ) ) ;
#4443 = ORIENTED_EDGE ( 'NONE', *, *, #3283, .T. ) ;
#4444 = CARTESIAN_POINT ( 'NONE',  ( -5.543750000000000200, 0.4788582131113751100, 0.8294067547305464800 ) ) ;
#4445 = CARTESIAN_POINT ( 'NONE',  ( 9.621197873300054900, -1.051160553565883200, 0.7011872006878987500 ) ) ;
#4446 = CARTESIAN_POINT ( 'NONE',  ( -5.150000000000001200, 0.0000000000000000000, 1.250000000000000000 ) ) ;
#4447 = CARTESIAN_POINT ( 'NONE',  ( -7.400000000000000400, -0.6250000000000004400, -1.082531754730548000 ) ) ;
#4448 = CARTESIAN_POINT ( 'NONE',  ( -8.824999999999999300, 0.9577164262227499900, 0.0000000000000000000 ) ) ;
#4449 = ORIENTED_EDGE ( 'NONE', *, *, #167, .T. ) ;
#4450 = CARTESIAN_POINT ( 'NONE',  ( 8.168749999999999300, -0.4788582131113751100, -0.8294067547305472600 ) ) ;
#4451 = CARTESIAN_POINT ( 'NONE',  ( -9.606916426222749500, -0.04744919882972121300, 0.9568392473007604200 ) ) ;
#4452 = CARTESIAN_POINT ( 'NONE',  ( -7.381250000000000500, -1.250000000000000000, -0.7216878364870315000 ) ) ;
#4453 = DIRECTION ( 'NONE',  ( 0.0000000000000000000, 0.8660254037844388200, -0.4999999999999996100 ) ) ;
#4454 = DIRECTION ( 'NONE',  ( -1.000000000000000000, -0.0000000000000000000, -0.0000000000000000000 ) ) ;
#4455 = CARTESIAN_POINT ( 'NONE',  ( -5.525000000000000400, -0.4788582131113747800, 0.8294067547305465900 ) ) ;
#4456 = CARTESIAN_POINT ( 'NONE',  ( 8.881249999999997900, 8.838126989374223500E-017, -1.443375672974064300 ) ) ;
#4457 = CARTESIAN_POINT ( 'NONE',  ( 9.182596189432331400, -0.3349364905389037900, 1.249999999999999800 ) ) ;
#4458 = DIRECTION ( 'NONE',  ( 1.000000000000000000, 0.0000000000000000000, 0.0000000000000000000 ) ) ;
#4459 = DIRECTION ( 'NONE',  ( 0.0000000000000000000, 0.0000000000000000000, -1.000000000000000000 ) ) ;
#4460 = CARTESIAN_POINT ( 'NONE',  ( 6.049999999999998000, 0.2199237090747426800, 2.250000000000001300 ) ) ;
#4461 = CARTESIAN_POINT ( 'NONE',  ( -5.637500000000001100, -1.250000000000000000, -0.7216878364870316100 ) ) ;
#4462 = CARTESIAN_POINT ( 'NONE',  ( -8.206250000000000700, 6.771535515813051300E-017, 1.105875672974062000 ) ) ;
#4463 = EDGE_CURVE ( 'NONE', #1967, #4390, #3862, .T. ) ;
#4464 = CARTESIAN_POINT ( 'NONE',  ( -8.300000000000000700, -0.6250000000000004400, -1.082531754730548000 ) ) ;
#4465 = ORIENTED_EDGE ( 'NONE', *, *, #498, .T. ) ;
#4466 = EDGE_LOOP ( 'NONE', ( #3440, #3092, #3121, #237, #4118, #3690, #3925, #4317, #4570, #2638, #3234, #375, #2703, #4278, #2808, #1329, #209 ) ) ;
#4467 = CARTESIAN_POINT ( 'NONE',  ( -5.675000000000000700, 0.9577164262227499900, 0.0000000000000000000 ) ) ;
#4468 = CARTESIAN_POINT ( 'NONE',  ( 9.143749999999998900, 0.4788582131113754400, -0.8294067547305471500 ) ) ;
#4469 = VERTEX_POINT ( 'NONE', #3868 ) ;
#4470 = CARTESIAN_POINT ( 'NONE',  ( -9.606916426222751300, -0.07129973764664798700, 0.9550586895413256700 ) ) ;
#4471 = CARTESIAN_POINT ( 'NONE',  ( -7.981250000000000200, 8.838126989374222200E-017, 1.443375672974064100 ) ) ;
#4472 = EDGE_CURVE ( 'NONE', #4061, #1052, #3823, .T. ) ;
#4473 = DIRECTION ( 'NONE',  ( 0.0000000000000000000, 0.0000000000000000000, 1.000000000000000000 ) ) ;
#4474 = DIRECTION ( 'NONE',  ( 1.000000000000000000, 0.0000000000000000000, 0.0000000000000000000 ) ) ;
#4475 = CARTESIAN_POINT ( 'NONE',  ( 7.418749999999999300, -1.250000000000000000, -1.530808498934191600E-016 ) ) ;
#4476 = CARTESIAN_POINT ( 'NONE',  ( -5.150000000000001200, 1.530808498934191600E-016, -1.250000000000000000 ) ) ;
#4477 = CARTESIAN_POINT ( 'NONE',  ( 9.612499999999998900, 6.771535515813057500E-017, -1.105875672974062900 ) ) ;
#4478 = CARTESIAN_POINT ( 'NONE',  ( -8.525000000000002100, 0.6250000000000000000, 1.082531754730548200 ) ) ;
#4479 = CYLINDRICAL_SURFACE ( 'NONE', #1855, 1.250000000000000000 ) ;
#4480 = CARTESIAN_POINT ( 'NONE',  ( -5.768749999999999800, -0.4788582131113754400, -0.8294067547305463700 ) ) ;
#4481 = CARTESIAN_POINT ( 'NONE',  ( -5.150000000000001200, 0.0000000000000000000, 0.0000000000000000000 ) ) ;
#4482 = CARTESIAN_POINT ( 'NONE',  ( -9.293749999999999300, 0.4788582131113742800, -0.8294067547305469200 ) ) ;
#4483 = CARTESIAN_POINT ( 'NONE',  ( -8.225000000000001400, 0.6249999999999990000, -1.082531754730548600 ) ) ;
#4484 = CARTESIAN_POINT ( 'NONE',  ( -5.712500000000000400, 0.9577164262227496600, -0.5529378364870315400 ) ) ;
#4485 = CONICAL_SURFACE ( 'NONE', #3210, 2.250000000000000000, 1.047197551196600100 ) ;
#4486 = CARTESIAN_POINT ( 'NONE',  ( 7.868749999999998600, 0.9577164262227506600, 0.0000000000000000000 ) ) ;
#4487 = PRODUCT_DEFINITION ( 'UNKNOWN', '', #2192, #4491 ) ;
#4488 = CARTESIAN_POINT ( 'NONE',  ( -6.518749999999999800, -1.249999999999999800, 1.530808498934191300E-016 ) ) ;
#4489 = FACE_OUTER_BOUND ( 'NONE', #3379, .T. ) ;
#4490 = CARTESIAN_POINT ( 'NONE',  ( 7.418750000000000200, 0.9577164262227506600, 0.0000000000000000000 ) ) ;
#4491 = DESIGN_CONTEXT ( 'detailed design', #2903, 'design' ) ;
#4492 = CARTESIAN_POINT ( 'NONE',  ( -5.487499999999999800, -0.9577164262227497700, 0.5529378364870313200 ) ) ;
#4493 = CARTESIAN_POINT ( 'NONE',  ( 7.756249999999999600, -2.651438096812267400E-016, 1.443375672974064300 ) ) ;
#4494 = ORIENTED_EDGE ( 'NONE', *, *, #4037, .T. ) ;
#4495 = CARTESIAN_POINT ( 'NONE',  ( 8.300000000000000700, 0.4788582131113754400, -0.8294067547305471500 ) ) ;
#4496 = CARTESIAN_POINT ( 'NONE',  ( 9.031250000000000000, -0.9577164262227504400, -0.5529378364870317600 ) ) ;
#4497 = CARTESIAN_POINT ( 'NONE',  ( -9.687500000000001800, -1.250000000000000000, -0.7216878364870316100 ) ) ;
#4498 = ORIENTED_EDGE ( 'NONE', *, *, #2921, .T. ) ;
#4499 = CARTESIAN_POINT ( 'NONE',  ( -9.443749999999999600, -0.9577164262227499900, 1.172864355864533000E-016 ) ) ;
#4500 = CARTESIAN_POINT ( 'NONE',  ( -5.337500000000001200, 8.838126989374222200E-017, 1.443375672974064100 ) ) ;
#4501 = CARTESIAN_POINT ( 'NONE',  ( -9.631249999999997900, 0.9577164262227498800, 0.5529378364870308800 ) ) ;
#4502 = EDGE_CURVE ( 'NONE', #1097, #3996, #204, .T. ) ;
#4503 = CARTESIAN_POINT ( 'NONE',  ( 7.381249999999998800, 0.9577164262227506600, -0.5529378364870313200 ) ) ;
#4504 = CARTESIAN_POINT ( 'NONE',  ( -7.231250000000001100, 1.249999999999999600, -0.7216878364870328300 ) ) ;
#4505 = VERTEX_POINT ( 'NONE', #1998 ) ;
#4506 = CALENDAR_DATE ( 2021, 9, 7 ) ;
#4507 = CARTESIAN_POINT ( 'NONE',  ( 8.093750000000000000, -0.9577164262227506600, -1.172864355864533800E-016 ) ) ;
#4508 = AXIS2_PLACEMENT_3D ( 'NONE', #1153, #3028, #3704 ) ;
#4509 = CARTESIAN_POINT ( 'NONE',  ( 6.856249999999998400, -2.651438096812267400E-016, 1.443375672974064300 ) ) ;
#4510 = ORIENTED_EDGE ( 'NONE', *, *, #4463, .F. ) ;
#4511 = CARTESIAN_POINT ( 'NONE',  ( 7.212500000000000400, -0.9577164262227508800, 0.5529378364870311000 ) ) ;
#4512 = CARTESIAN_POINT ( 'NONE',  ( 9.331249999999998900, -2.031460654743916600E-016, 1.105875672974062900 ) ) ;
#4513 = CARTESIAN_POINT ( 'NONE',  ( -8.281249999999998200, 0.9577164262227498800, 0.5529378364870308800 ) ) ;
#4514 = CARTESIAN_POINT ( 'NONE',  ( -7.100000000000000500, -0.6249999999999995600, 1.082531754730548400 ) ) ;
#4515 = CARTESIAN_POINT ( 'NONE',  ( -6.387500000000001100, -0.9577164262227497700, 0.5529378364870313200 ) ) ;
#4516 = CARTESIAN_POINT ( 'NONE',  ( 8.543749999999999300, -0.9577164262227506600, -1.172864355864533800E-016 ) ) ;
#4517 = CARTESIAN_POINT ( 'NONE',  ( -7.531249999999999100, -4.706279764102867600E-015, 1.249999999999999600 ) ) ;
#4518 = CARTESIAN_POINT ( 'NONE',  ( -7.268750000000000700, 0.6249999999999990000, -1.082531754730548600 ) ) ;
#4519 =( BOUNDED_SURFACE ( )  B_SPLINE_SURFACE ( 1, 2, ( 
 ( #4264, #670, #3637, #1447, #1783, #1430, #28, #373, #708, #386, #1751, #4310, #2493, #696, #1034, #1077, #3609, #2150, #4295, #734, #2534, #3214, #4352, #2885, #3229, #2853, #2119, #1064, #1048, #4666, #2135, #684, #2479, #1088, #3957, #4651, #3595, #3255, #4338, #2173, #3623, #3581, #343, #1388, #2871, #3242, #4684, #333, #1402, #1766, #1414, #1796, #10, #720, #3943, #3970, #4324, #2506, #358, #3981, #2901, #2161, #2517, #3993, #3268, #1809, #44, #403, #1477, #4023, #1462, #447, #1165, #2598, #417, #747, #2617, #4435, #3327, #2548, #2931, #3652, #2915, #2580, #1842, #1146, #1509, #2565, #1101, #2219, #4054, #4071, #3279, #75, #2966, #2236, #3682, #91, #433, #3716, #3698, #1526, #2251, #4007, #4387, #2948, #3296, #792, #776, #3312, #1859, #1874, #1825, #3344, #1891, #1116, #4367 ),
 ( #3667, #1494, #2203, #2988, #2186, #761, #109, #59, #804, #1131, #4038, #4400, #4417, #1186, #3733, #2296, #2650, #3398, #2331, #872, #1572, #1540, #2670, #2689, #1217, #3052, #4468, #4088, #3381, #1252, #1911, #3767, #1202, #2283, #482, #520, #142, #893, #4103, #501, #4147, #3753, #4516, #3004, #4115, #3070, #467, #3431, #3413, #3361, #188, #1234, #4450, #3782, #3797, #2634, #3036, #1942, #541, #1928, #4486, #157, #1589, #1606, #823, #2267, #127, #3022, #840, #1554, #857, #4131, #1958, #4503, #2314, #1976, #171, #4178, #2042, #3517, #4212, #1639, #3846, #1330, #3877, #4593, #2009, #3087, #3483, #4165, #1302, #1268, #575, #907, #4229, #1655, #3503, #2726, #224, #927, #2738, #2057, #3467, #2756, #2398, #255, #3449, #3148, #1285, #2410, #1318, #969, #590, #4549, #2363, #4566, #3106 ) ),
 .UNSPECIFIED., .F., .F., .F. ) 
 B_SPLINE_SURFACE_WITH_KNOTS ( ( 2, 2 ),
 ( 3, 2, 2, 2, 2, 2, 2, 2, 2, 2, 2, 2, 2, 2, 2, 2, 2, 2, 2, 2, 2, 2, 2, 2, 2, 2, 2, 2, 2, 2, 2, 2, 2, 2, 2, 2, 2, 2, 2, 2, 2, 2, 2, 2, 2, 2, 2, 2, 2, 2, 2, 2, 2, 2, 2, 2, 2, 2, 3 ),
 ( 0.0000000000000000000, 1.000000000000000000 ),
 ( 0.0000000000000000000, 0.01666666666666666600, 0.03333333333333333300, 0.05000000000000000300, 0.06666666666666666600, 0.08333333333333332900, 0.1000000000000000100, 0.1166666666666666700, 0.1333333333333333300, 0.1499999999999999900, 0.1666666666666666600, 0.1833333333333333200, 0.2000000000000000100, 0.2166666666666666700, 0.2333333333333333400, 0.2500000000000000000, 0.2666666666666666600, 0.2833333333333333300, 0.2999999999999999900, 0.3166666666666666500, 0.3333333333333333100, 0.3499999999999999800, 0.3666666666666666400, 0.3833333333333333600, 0.4000000000000000200, 0.4166666666666666900, 0.4333333333333333500, 0.4500000000000000100, 0.4666666666666666700, 0.4833333333333333400, 0.5000000000000000000, 0.5166666666666667200, 0.5333333333333333300, 0.5500000000000000400, 0.5666666666666666500, 0.5833333333333333700, 0.5999999999999999800, 0.6166666666666667000, 0.6333333333333333000, 0.6500000000000000200, 0.6666666666666666300, 0.6833333333333333500, 0.6999999999999999600, 0.7166666666666666700, 0.7333333333333332800, 0.7500000000000000000, 0.7666666666666667200, 0.7833333333333333300, 0.8000000000000000400, 0.8166666666666666500, 0.8333333333333333700, 0.8499999999999999800, 0.8666666666666667000, 0.8833333333333333000, 0.9000000000000000200, 0.9166666666666666300, 0.9333333333333333500, 0.9499999999999999600, 0.9666666666666666700 ),
 .UNSPECIFIED. ) 
 GEOMETRIC_REPRESENTATION_ITEM ( )  RATIONAL_B_SPLINE_SURFACE ( (
 ( 1.000000000000000000, 0.8660254037844387100, 1.000000000000000000, 0.8660254037844387100, 1.000000000000000000, 0.8660254037844387100, 1.000000000000000000, 0.8660254037844387100, 1.000000000000000000, 0.8660254037844387100, 1.000000000000000000, 0.8660254037844387100, 1.000000000000000000, 0.8660254037844387100, 1.000000000000000000, 0.8660254037844387100, 1.000000000000000000, 0.8660254037844387100, 1.000000000000000000, 0.8660254037844387100, 1.000000000000000000, 0.8660254037844387100, 1.000000000000000000, 0.8660254037844387100, 1.000000000000000000, 0.8660254037844387100, 1.000000000000000000, 0.8660254037844387100, 1.000000000000000000, 0.8660254037844387100, 1.000000000000000000, 0.8660254037844387100, 1.000000000000000000, 0.8660254037844387100, 1.000000000000000000, 0.8660254037844387100, 1.000000000000000000, 0.8660254037844387100, 1.000000000000000000, 0.8660254037844387100, 1.000000000000000000, 0.8660254037844387100, 1.000000000000000000, 0.8660254037844387100, 1.000000000000000000, 0.8660254037844387100, 1.000000000000000000, 0.8660254037844387100, 1.000000000000000000, 0.8660254037844387100, 1.000000000000000000, 0.8660254037844387100, 1.000000000000000000, 0.8660254037844387100, 1.000000000000000000, 0.8660254037844387100, 1.000000000000000000, 0.8660254037844387100, 1.000000000000000000, 0.8660254037844387100, 1.000000000000000000, 0.8660254037844387100, 1.000000000000000000, 0.8660254037844387100, 1.000000000000000000, 0.8660254037844387100, 1.000000000000000000, 0.8660254037844387100, 1.000000000000000000, 0.8660254037844387100, 1.000000000000000000, 0.8660254037844387100, 1.000000000000000000, 0.8660254037844387100, 1.000000000000000000, 0.8660254037844387100, 1.000000000000000000, 0.8660254037844387100, 1.000000000000000000, 0.8660254037844387100, 1.000000000000000000, 0.8660254037844387100, 1.000000000000000000, 0.8660254037844387100, 1.000000000000000000, 0.8660254037844387100, 1.000000000000000000, 0.8660254037844387100, 1.000000000000000000, 0.8660254037844387100, 1.000000000000000000, 0.8660254037844387100, 1.000000000000000000, 0.8660254037844387100, 1.000000000000000000, 0.8660254037844387100, 1.000000000000000000, 0.8660254037844387100, 1.000000000000000000, 0.8660254037844387100, 1.000000000000000000, 0.8660254037844387100, 1.000000000000000000, 0.8660254037844387100, 1.000000000000000000, 0.8660254037844387100, 1.000000000000000000, 0.8660254037844387100, 1.000000000000000000, 0.8660254037844387100, 1.000000000000000000, 0.8660254037844387100, 1.000000000000000000, 0.8660254037844387100, 1.000000000000000000, 0.8660254037844387100, 1.000000000000000000),
 ( 1.000000000000000000, 0.8660254037844387100, 1.000000000000000000, 0.8660254037844387100, 1.000000000000000000, 0.8660254037844387100, 1.000000000000000000, 0.8660254037844387100, 1.000000000000000000, 0.8660254037844387100, 1.000000000000000000, 0.8660254037844387100, 1.000000000000000000, 0.8660254037844387100, 1.000000000000000000, 0.8660254037844387100, 1.000000000000000000, 0.8660254037844387100, 1.000000000000000000, 0.8660254037844387100, 1.000000000000000000, 0.8660254037844387100, 1.000000000000000000, 0.8660254037844387100, 1.000000000000000000, 0.8660254037844387100, 1.000000000000000000, 0.8660254037844387100, 1.000000000000000000, 0.8660254037844387100, 1.000000000000000000, 0.8660254037844387100, 1.000000000000000000, 0.8660254037844387100, 1.000000000000000000, 0.8660254037844387100, 1.000000000000000000, 0.8660254037844387100, 1.000000000000000000, 0.8660254037844387100, 1.000000000000000000, 0.8660254037844387100, 1.000000000000000000, 0.8660254037844387100, 1.000000000000000000, 0.8660254037844387100, 1.000000000000000000, 0.8660254037844387100, 1.000000000000000000, 0.8660254037844387100, 1.000000000000000000, 0.8660254037844387100, 1.000000000000000000, 0.8660254037844387100, 1.000000000000000000, 0.8660254037844387100, 1.000000000000000000, 0.8660254037844387100, 1.000000000000000000, 0.8660254037844387100, 1.000000000000000000, 0.8660254037844387100, 1.000000000000000000, 0.8660254037844387100, 1.000000000000000000, 0.8660254037844387100, 1.000000000000000000, 0.8660254037844387100, 1.000000000000000000, 0.8660254037844387100, 1.000000000000000000, 0.8660254037844387100, 1.000000000000000000, 0.8660254037844387100, 1.000000000000000000, 0.8660254037844387100, 1.000000000000000000, 0.8660254037844387100, 1.000000000000000000, 0.8660254037844387100, 1.000000000000000000, 0.8660254037844387100, 1.000000000000000000, 0.8660254037844387100, 1.000000000000000000, 0.8660254037844387100, 1.000000000000000000, 0.8660254037844387100, 1.000000000000000000, 0.8660254037844387100, 1.000000000000000000, 0.8660254037844387100, 1.000000000000000000, 0.8660254037844387100, 1.000000000000000000, 0.8660254037844387100, 1.000000000000000000, 0.8660254037844387100, 1.000000000000000000, 0.8660254037844387100, 1.000000000000000000, 0.8660254037844387100, 1.000000000000000000, 0.8660254037844387100, 1.000000000000000000, 0.8660254037844387100, 1.000000000000000000, 0.8660254037844387100, 1.000000000000000000, 0.8660254037844387100, 1.000000000000000000, 0.8660254037844387100, 1.000000000000000000, 0.8660254037844387100, 1.000000000000000000, 0.8660254037844387100, 1.000000000000000000) ) ) 
 REPRESENTATION_ITEM ( '' )  SURFACE ( )  );
#4520 = CARTESIAN_POINT ( 'NONE',  ( 8.281249999999998200, 0.9577164262227506600, -0.5529378364870313200 ) ) ;
#4521 = ORIENTED_EDGE ( 'NONE', *, *, #631, .T. ) ;
#4522 = CARTESIAN_POINT ( 'NONE',  ( 6.049999999999999800, 1.948557158514987000, -1.124999999999999100 ) ) ;
#4523 = CARTESIAN_POINT ( 'NONE',  ( -9.199999999999999300, -0.6250000000000004400, -1.082531754730548000 ) ) ;
#4524 = CARTESIAN_POINT ( 'NONE',  ( 7.737500000000000700, -0.9577164262227504400, -0.5529378364870317600 ) ) ;
#4525 = ORIENTED_EDGE ( 'NONE', *, *, #1536, .T. ) ;
#4526 = CARTESIAN_POINT ( 'NONE',  ( 8.993750000000000400, -0.9577164262227506600, -1.172864355864533800E-016 ) ) ;
#4527 = DIRECTION ( 'NONE',  ( 0.0000000000000000000, 0.0000000000000000000, -1.000000000000000000 ) ) ;
#4528 = CARTESIAN_POINT ( 'NONE',  ( -9.606916426222740700, 0.6291744576415432300, 0.7220528061771792600 ) ) ;
#4529 = EDGE_CURVE ( 'NONE', #2122, #596, #3885, .T. ) ;
#4530 = CARTESIAN_POINT ( 'NONE',  ( -7.137500000000001100, 8.838126989374222200E-017, 1.443375672974064100 ) ) ;
#4531 = VECTOR ( 'NONE', #2823, 1000.000000000000000 ) ;
#4532 = CARTESIAN_POINT ( 'NONE',  ( -9.518749999999998900, -0.4788582131113747800, 0.8294067547305465900 ) ) ;
#4533 = CARTESIAN_POINT ( 'NONE',  ( -5.150000000000001200, 0.0000000000000000000, 0.0000000000000000000 ) ) ;
#4534 = CARTESIAN_POINT ( 'NONE',  ( -9.126346189432336300, -0.3349364905389037300, -1.249999999999999600 ) ) ;
#4535 = CARTESIAN_POINT ( 'NONE',  ( -9.875000000000000000, -0.4788582131113754400, -0.8294067547305463700 ) ) ;
#4536 = CARTESIAN_POINT ( 'NONE',  ( 6.481249999999999300, 0.9577164262227506600, -0.5529378364870313200 ) ) ;
#4537 = CARTESIAN_POINT ( 'NONE',  ( 7.550000000000000700, -0.6249999999999996700, -1.082531754730548400 ) ) ;
#4538 = CARTESIAN_POINT ( 'NONE',  ( 9.576346189432333800, -0.3349364905389037900, 1.249999999999999800 ) ) ;
#4539 = VECTOR ( 'NONE', #2677, 1000.000000000000000 ) ;
#4540 = CARTESIAN_POINT ( 'NONE',  ( -9.611364953461157200, -0.04762200562092119800, 0.9612872530373347500 ) ) ;
#4541 = B_SPLINE_CURVE_WITH_KNOTS ( 'NONE', 3,
 ( #2338, #1644, #640, #1679 ),
 .UNSPECIFIED., .F., .F.,
 ( 4, 4 ),
 ( 2.380746839933657300E-007, 0.001314652396222796500 ),
 .UNSPECIFIED. ) ;
#4542 = CARTESIAN_POINT ( 'NONE',  ( 8.956249999999998900, 1.250000000000000000, -0.7216878364870320500 ) ) ;
#4543 = FACE_OUTER_BOUND ( 'NONE', #335, .T. ) ;
#4544 = CARTESIAN_POINT ( 'NONE',  ( 6.049999999999999800, 0.0000000000000000000, 0.0000000000000000000 ) ) ;
#4545 = CARTESIAN_POINT ( 'NONE',  ( -7.531250000000000000, -2.031460654743915200E-016, -1.105875672974062000 ) ) ;
#4546 = CARTESIAN_POINT ( 'NONE',  ( -6.762500000000002000, 1.250000000000000000, 0.7216878364870319400 ) ) ;
#4547 = CARTESIAN_POINT ( 'NONE',  ( -8.581249999999998900, -0.9577164262227497700, 0.5529378364870313200 ) ) ;
#4548 = VERTEX_POINT ( 'NONE', #2353 ) ;
#4549 = CARTESIAN_POINT ( 'NONE',  ( 5.881249999999999600, -0.9577164262227504400, -0.5529378364870317600 ) ) ;
#4550 = CARTESIAN_POINT ( 'NONE',  ( -9.106249999999999300, -4.938688641342514700E-016, -1.249999999999999800 ) ) ;
#4551 = CARTESIAN_POINT ( 'NONE',  ( -9.799999999999998900, 0.4788582131113742800, -0.8294067547305469200 ) ) ;
#4552 = CARTESIAN_POINT ( 'NONE',  ( 8.468749999999998200, -0.4788582131113757200, 0.8294067547305469200 ) ) ;
#4553 = CARTESIAN_POINT ( 'NONE',  ( -5.542403810567666500, 0.3349364905389027300, -1.250000000000000000 ) ) ;
#4554 = VERTEX_POINT ( 'NONE', #2451 ) ;
#4555 = CARTESIAN_POINT ( 'NONE',  ( 6.106249999999998400, -1.250000000000000000, -0.7216878364870325000 ) ) ;
#4556 = CARTESIAN_POINT ( 'NONE',  ( -7.756250000000000500, -4.938688641342514700E-016, -1.249999999999999800 ) ) ;
#4557 = CARTESIAN_POINT ( 'NONE',  ( 8.206250000000000700, 6.771535515813057500E-017, -1.105875672974062900 ) ) ;
#4558 = ORIENTED_EDGE ( 'NONE', *, *, #1185, .F. ) ;
#4559 = CARTESIAN_POINT ( 'NONE',  ( -8.206250000000000700, 6.771535515813051300E-017, 1.105875672974062000 ) ) ;
#4560 = CARTESIAN_POINT ( 'NONE',  ( -6.443749999999999600, 0.4788582131113751100, 0.8294067547305464800 ) ) ;
#4561 = CARTESIAN_POINT ( 'NONE',  ( -6.875000000000000900, 0.6249999999999990000, -1.082531754730548600 ) ) ;
#4562 = CARTESIAN_POINT ( 'NONE',  ( -8.018750000000000700, -0.4788582131113754400, -0.8294067547305463700 ) ) ;
#4563 = CARTESIAN_POINT ( 'NONE',  ( 9.556249999999998600, 6.771535515813057500E-017, -1.105875672974062900 ) ) ;
#4564 = ORIENTED_EDGE ( 'NONE', *, *, #2706, .F. ) ;
#4565 = EDGE_CURVE ( 'NONE', #3228, #4061, #2648, .T. ) ;
#4566 = CARTESIAN_POINT ( 'NONE',  ( 5.806249999999999500, -0.9577164262227507700, 0.5529378364870311000 ) ) ;
#4567 = CARTESIAN_POINT ( 'NONE',  ( -5.150000000000001200, 0.0000000000000000000, 0.0000000000000000000 ) ) ;
#4568 = CARTESIAN_POINT ( 'NONE',  ( -5.731250000000001100, 8.838126989374222200E-017, 1.443375672974064100 ) ) ;
#4569 = CARTESIAN_POINT ( 'NONE',  ( 5.768749999999999800, -0.4788582131113757200, 0.8294067547305469200 ) ) ;
#4570 = ORIENTED_EDGE ( 'NONE', *, *, #3781, .F. ) ;
#4571 = CARTESIAN_POINT ( 'NONE',  ( -5.150000000000001200, 0.0000000000000000000, 1.250000000000000000 ) ) ;
#4572 = CARTESIAN_POINT ( 'NONE',  ( -7.061153810567666300, -0.3349364905389030600, 1.249999999999999800 ) ) ;
#4573 = CARTESIAN_POINT ( 'NONE',  ( -7.981250000000000200, 1.743066579297358300E-016, 1.249999999999999600 ) ) ;
#4574 = B_SPLINE_CURVE_WITH_KNOTS ( 'NONE', 3,
 ( #2138, #1363, #345, #2435, #3541, #3903, #1710, #3918 ),
 .UNSPECIFIED., .F., .F.,
 ( 4, 2, 2, 4 ),
 ( 0.0008748994814421918300, 0.001416116117278842700, 0.001686724435197168400, 0.001957332753115494000 ),
 .UNSPECIFIED. ) ;
#4575 = CARTESIAN_POINT ( 'NONE',  ( 8.356249999999999300, 0.9577164262227503300, 0.5529378364870319900 ) ) ;
#4576 = CARTESIAN_POINT ( 'NONE',  ( -7.756249999999999600, 6.771535515813051300E-017, 1.105875672974062000 ) ) ;
#4577 = CARTESIAN_POINT ( 'NONE',  ( -7.418750000000000200, 0.9577164262227499900, 0.0000000000000000000 ) ) ;
#4578 = ORIENTED_EDGE ( 'NONE', *, *, #4074, .T. ) ;
#4579 = CARTESIAN_POINT ( 'NONE',  ( -6.743749999999999500, -0.9577164262227499900, 1.172864355864533000E-016 ) ) ;
#4580 =( BOUNDED_SURFACE ( )  B_SPLINE_SURFACE ( 1, 2, ( 
 ( #4293, #1076, #1429, #1765, #3636, #2024, #2724, #3501, #3164, #983, #602, #3532, #1342, #574, #3104, #4563, #2425, #1357, #4258, #3892, #4243, #1736, #2432, #1169, #4057, #4073, #1005, #1405, #1771, #4627, #4313, #4669, #2894, #3987, #2542, #1106, #2276, #1987, #2344, #1502, #4380, #3199, #3055, #159, #4552, #1980, #578, #3848, #4182, #4520, #4199, #878, #3436, #1610, #4507, #2674, #211, #2711, #1272, #3418, #2367, #1659, #3801, #2013, #3784, #1591, #2299, #544, #2693, #4151, #2337, #1255, #4490, #4134, #227, #3074, #1238, #896, #2350, #3471, #1306, #2728, #526, #191, #1963, #563, #2318, #175, #3090, #912, #3452, #3819, #929, #3833, #1996, #1627, #4167, #4536, #3108, #1288, #1643, #2742, #593, #3124, #942, #3488, #609, #3899, #4623, #2416, #3153, #3140, #4263, #303, #1720, #4232, #4569 ),
 ( #2384, #2792, #4597, #3553, #958, #1001, #2061, #1372, #3537, #1346, #2807, #274, #3567, #3928, #1735, #2776, #2074, #2088, #2450, #244, #2820, #625, #1334, #639, #2759, #3508, #3881, #1692, #1707, #2046, #4248, #3167, #973, #1321, #4611, #3181, #1362, #989, #3522, #2431, #288, #653, #3912, #668, #3196, #2402, #4584, #1018, #2030, #3866, #1677, #4217, #258, #2101, #4637, #2462, #3942, #3211, #3580, #695, #1749, #1387, #318, #4292, #2478, #2116, #4649, #682, #2837, #1032, #332, #4277, #2852, #3558, #4267, #2484, #3974, #3597, #2875, #1379, #4284, #1418, #1022, #1786, #292, #3217, #347, #2437, #712, #336, #658, #2154, #3232, #1366, #3572, #1741, #1053, #2857, #3947, #2495, #3932, #3584, #1038, #4655, #3246, #4328, #2811, #2105, #1392, #4672, #3186, #4640, #2455, #2842, #2467, #1757, #4298 ) ),
 .UNSPECIFIED., .F., .F., .F. ) 
 B_SPLINE_SURFACE_WITH_KNOTS ( ( 2, 2 ),
 ( 3, 2, 2, 2, 2, 2, 2, 2, 2, 2, 2, 2, 2, 2, 2, 2, 2, 2, 2, 2, 2, 2, 2, 2, 2, 2, 2, 2, 2, 2, 2, 2, 2, 2, 2, 2, 2, 2, 2, 2, 2, 2, 2, 2, 2, 2, 2, 2, 2, 2, 2, 2, 2, 2, 2, 2, 2, 2, 3 ),
 ( 0.0000000000000000000, 1.000000000000000000 ),
 ( 0.0000000000000000000, 0.01666666666666666600, 0.03333333333333333300, 0.05000000000000000300, 0.06666666666666666600, 0.08333333333333332900, 0.1000000000000000100, 0.1166666666666666700, 0.1333333333333333300, 0.1499999999999999900, 0.1666666666666666600, 0.1833333333333333200, 0.2000000000000000100, 0.2166666666666666700, 0.2333333333333333400, 0.2500000000000000000, 0.2666666666666666600, 0.2833333333333333300, 0.2999999999999999900, 0.3166666666666666500, 0.3333333333333333100, 0.3499999999999999800, 0.3666666666666666400, 0.3833333333333333600, 0.4000000000000000200, 0.4166666666666666900, 0.4333333333333333500, 0.4500000000000000100, 0.4666666666666666700, 0.4833333333333333400, 0.5000000000000000000, 0.5166666666666667200, 0.5333333333333333300, 0.5500000000000000400, 0.5666666666666666500, 0.5833333333333333700, 0.5999999999999999800, 0.6166666666666667000, 0.6333333333333333000, 0.6500000000000000200, 0.6666666666666666300, 0.6833333333333333500, 0.6999999999999999600, 0.7166666666666666700, 0.7333333333333332800, 0.7500000000000000000, 0.7666666666666667200, 0.7833333333333333300, 0.8000000000000000400, 0.8166666666666666500, 0.8333333333333333700, 0.8499999999999999800, 0.8666666666666667000, 0.8833333333333333000, 0.9000000000000000200, 0.9166666666666666300, 0.9333333333333333500, 0.9499999999999999600, 0.9666666666666666700 ),
 .UNSPECIFIED. ) 
 GEOMETRIC_REPRESENTATION_ITEM ( )  RATIONAL_B_SPLINE_SURFACE ( (
 ( 1.000000000000000000, 0.8660254037844387100, 1.000000000000000000, 0.8660254037844387100, 1.000000000000000000, 0.8660254037844387100, 1.000000000000000000, 0.8660254037844387100, 1.000000000000000000, 0.8660254037844387100, 1.000000000000000000, 0.8660254037844387100, 1.000000000000000000, 0.8660254037844387100, 1.000000000000000000, 0.8660254037844387100, 1.000000000000000000, 0.8660254037844387100, 1.000000000000000000, 0.8660254037844387100, 1.000000000000000000, 0.8660254037844387100, 1.000000000000000000, 0.8660254037844387100, 1.000000000000000000, 0.8660254037844387100, 1.000000000000000000, 0.8660254037844387100, 1.000000000000000000, 0.8660254037844387100, 1.000000000000000000, 0.8660254037844387100, 1.000000000000000000, 0.8660254037844387100, 1.000000000000000000, 0.8660254037844387100, 1.000000000000000000, 0.8660254037844387100, 1.000000000000000000, 0.8660254037844387100, 1.000000000000000000, 0.8660254037844387100, 1.000000000000000000, 0.8660254037844387100, 1.000000000000000000, 0.8660254037844387100, 1.000000000000000000, 0.8660254037844387100, 1.000000000000000000, 0.8660254037844387100, 1.000000000000000000, 0.8660254037844387100, 1.000000000000000000, 0.8660254037844387100, 1.000000000000000000, 0.8660254037844387100, 1.000000000000000000, 0.8660254037844387100, 1.000000000000000000, 0.8660254037844387100, 1.000000000000000000, 0.8660254037844387100, 1.000000000000000000, 0.8660254037844387100, 1.000000000000000000, 0.8660254037844387100, 1.000000000000000000, 0.8660254037844387100, 1.000000000000000000, 0.8660254037844387100, 1.000000000000000000, 0.8660254037844387100, 1.000000000000000000, 0.8660254037844387100, 1.000000000000000000, 0.8660254037844387100, 1.000000000000000000, 0.8660254037844387100, 1.000000000000000000, 0.8660254037844387100, 1.000000000000000000, 0.8660254037844387100, 1.000000000000000000, 0.8660254037844387100, 1.000000000000000000, 0.8660254037844387100, 1.000000000000000000, 0.8660254037844387100, 1.000000000000000000, 0.8660254037844387100, 1.000000000000000000, 0.8660254037844387100, 1.000000000000000000, 0.8660254037844387100, 1.000000000000000000, 0.8660254037844387100, 1.000000000000000000, 0.8660254037844387100, 1.000000000000000000, 0.8660254037844387100, 1.000000000000000000, 0.8660254037844387100, 1.000000000000000000, 0.8660254037844387100, 1.000000000000000000, 0.8660254037844387100, 1.000000000000000000, 0.8660254037844387100, 1.000000000000000000, 0.8660254037844387100, 1.000000000000000000, 0.8660254037844387100, 1.000000000000000000, 0.8660254037844387100, 1.000000000000000000, 0.8660254037844387100, 1.000000000000000000),
 ( 1.000000000000000000, 0.8660254037844387100, 1.000000000000000000, 0.8660254037844387100, 1.000000000000000000, 0.8660254037844387100, 1.000000000000000000, 0.8660254037844387100, 1.000000000000000000, 0.8660254037844387100, 1.000000000000000000, 0.8660254037844387100, 1.000000000000000000, 0.8660254037844387100, 1.000000000000000000, 0.8660254037844387100, 1.000000000000000000, 0.8660254037844387100, 1.000000000000000000, 0.8660254037844387100, 1.000000000000000000, 0.8660254037844387100, 1.000000000000000000, 0.8660254037844387100, 1.000000000000000000, 0.8660254037844387100, 1.000000000000000000, 0.8660254037844387100, 1.000000000000000000, 0.8660254037844387100, 1.000000000000000000, 0.8660254037844387100, 1.000000000000000000, 0.8660254037844387100, 1.000000000000000000, 0.8660254037844387100, 1.000000000000000000, 0.8660254037844387100, 1.000000000000000000, 0.8660254037844387100, 1.000000000000000000, 0.8660254037844387100, 1.000000000000000000, 0.8660254037844387100, 1.000000000000000000, 0.8660254037844387100, 1.000000000000000000, 0.8660254037844387100, 1.000000000000000000, 0.8660254037844387100, 1.000000000000000000, 0.8660254037844387100, 1.000000000000000000, 0.8660254037844387100, 1.000000000000000000, 0.8660254037844387100, 1.000000000000000000, 0.8660254037844387100, 1.000000000000000000, 0.8660254037844387100, 1.000000000000000000, 0.8660254037844387100, 1.000000000000000000, 0.8660254037844387100, 1.000000000000000000, 0.8660254037844387100, 1.000000000000000000, 0.8660254037844387100, 1.000000000000000000, 0.8660254037844387100, 1.000000000000000000, 0.8660254037844387100, 1.000000000000000000, 0.8660254037844387100, 1.000000000000000000, 0.8660254037844387100, 1.000000000000000000, 0.8660254037844387100, 1.000000000000000000, 0.8660254037844387100, 1.000000000000000000, 0.8660254037844387100, 1.000000000000000000, 0.8660254037844387100, 1.000000000000000000, 0.8660254037844387100, 1.000000000000000000, 0.8660254037844387100, 1.000000000000000000, 0.8660254037844387100, 1.000000000000000000, 0.8660254037844387100, 1.000000000000000000, 0.8660254037844387100, 1.000000000000000000, 0.8660254037844387100, 1.000000000000000000, 0.8660254037844387100, 1.000000000000000000, 0.8660254037844387100, 1.000000000000000000, 0.8660254037844387100, 1.000000000000000000, 0.8660254037844387100, 1.000000000000000000, 0.8660254037844387100, 1.000000000000000000, 0.8660254037844387100, 1.000000000000000000, 0.8660254037844387100, 1.000000000000000000, 0.8660254037844387100, 1.000000000000000000, 0.8660254037844387100, 1.000000000000000000, 0.8660254037844387100, 1.000000000000000000) ) ) 
 REPRESENTATION_ITEM ( '' )  SURFACE ( )  );
#4581 = CARTESIAN_POINT ( 'NONE',  ( 6.049999999999999800, 0.0000000000000000000, -1.250000000000000000 ) ) ;
#4582 = EDGE_LOOP ( 'NONE', ( #952, #203, #4633, #4558 ) ) ;
#4583 = CARTESIAN_POINT ( 'NONE',  ( -8.187500000000001800, -0.9577164262227497700, 0.5529378364870313200 ) ) ;
#4584 = CARTESIAN_POINT ( 'NONE',  ( 8.450000000000001100, 0.4788582131113746100, 0.8294067547305475900 ) ) ;
#4585 = ORIENTED_EDGE ( 'NONE', *, *, #2067, .T. ) ;
#4586 = CARTESIAN_POINT ( 'NONE',  ( -5.337500000000001200, -4.706279764102867600E-015, 1.249999999999999600 ) ) ;
#4587 = CARTESIAN_POINT ( 'NONE',  ( -6.856250000000001100, -4.938688641342514700E-016, -1.249999999999999800 ) ) ;
#4588 = CARTESIAN_POINT ( 'NONE',  ( 6.049999999999999800, 0.0000000000000000000, -1.250000000000000000 ) ) ;
#4589 = CARTESIAN_POINT ( 'NONE',  ( 7.231250000000001100, -0.9577164262227504400, -0.5529378364870317600 ) ) ;
#4590 = CARTESIAN_POINT ( 'NONE',  ( -8.843750000000000000, 0.4788582131113742800, -0.8294067547305469200 ) ) ;
#4591 = EDGE_CURVE ( 'NONE', #1069, #803, #1513, .T. ) ;
#4592 = CARTESIAN_POINT ( 'NONE',  ( -8.468749999999998200, -0.4788582131113754400, -0.8294067547305463700 ) ) ;
#4593 = CARTESIAN_POINT ( 'NONE',  ( 6.931250000000000400, 0.9577164262227506600, -0.5529378364870313200 ) ) ;
#4594 = CARTESIAN_POINT ( 'NONE',  ( 9.293749999999997500, -0.6249999999999996700, -1.082531754730548400 ) ) ;
#4595 = CARTESIAN_POINT ( 'NONE',  ( -9.724999999999999600, 0.9577164262227499900, 0.0000000000000000000 ) ) ;
#4596 = FACE_OUTER_BOUND ( 'NONE', #3363, .T. ) ;
#4597 = CARTESIAN_POINT ( 'NONE',  ( 10.10000000000000000, 0.4788582131113754400, -0.8294067547305471500 ) ) ;
#4598 = CARTESIAN_POINT ( 'NONE',  ( 7.075303424059359100, -1.189910833870573100, -0.3147668891894296300 ) ) ;
#4599 = CARTESIAN_POINT ( 'NONE',  ( 6.049999999999999800, 0.0000000000000000000, 0.0000000000000000000 ) ) ;
#4600 = CARTESIAN_POINT ( 'NONE',  ( 8.242403810567667600, 0.3349364905389027300, 1.250000000000000000 ) ) ;
#4601 = CIRCLE ( 'NONE', #957, 1.300800000000000000 ) ;
#4602 = B_SPLINE_CURVE_WITH_KNOTS ( 'NONE', 3,
 ( #1359, #2028, #1717, #2382 ),
 .UNSPECIFIED., .F., .F.,
 ( 4, 4 ),
 ( 2.380746839933179500E-007, 0.001314652396222796200 ),
 .UNSPECIFIED. ) ;
#4603 = CARTESIAN_POINT ( 'NONE',  ( 8.056249999999998600, -0.9577164262227508800, 0.5529378364870311000 ) ) ;
#4604 = CARTESIAN_POINT ( 'NONE',  ( -8.543749999999999300, -0.9577164262227499900, 1.172864355864533000E-016 ) ) ;
#4605 = CARTESIAN_POINT ( 'NONE',  ( 9.747239796930793800, 0.6551035642419791300, -0.9134529069516991200 ) ) ;
#4606 = CARTESIAN_POINT ( 'NONE',  ( -6.518749999999998900, 0.9577164262227499900, 0.0000000000000000000 ) ) ;
#4607 = CARTESIAN_POINT ( 'NONE',  ( -6.762500000000002000, 1.250000000000000000, 0.7216878364870319400 ) ) ;
#4608 = CARTESIAN_POINT ( 'NONE',  ( -7.737500000000001600, 1.249999999999999300, -0.7216878364870328300 ) ) ;
#4609 = CARTESIAN_POINT ( 'NONE',  ( -5.862500000000000700, -0.9577164262227502200, -0.5529378364870306500 ) ) ;
#4610 = ORIENTED_EDGE ( 'NONE', *, *, #376, .F. ) ;
#4611 = CARTESIAN_POINT ( 'NONE',  ( 8.900000000000000400, 0.4788582131113746100, 0.8294067547305475900 ) ) ;
#4612 = CARTESIAN_POINT ( 'NONE',  ( 7.053578513015003700, -1.144724897035521300, 0.2900614830002505300 ) ) ;
#4613 = DIRECTION ( 'NONE',  ( 1.000000000000000000, 0.0000000000000000000, 0.0000000000000000000 ) ) ;
#4614 = VERTEX_POINT ( 'NONE', #3930 ) ;
#4615 = EDGE_CURVE ( 'NONE', #4614, #3603, #2615, .T. ) ;
#4616 = CARTESIAN_POINT ( 'NONE',  ( 8.693749999999999600, 0.4788582131113754400, -0.8294067547305471500 ) ) ;
#4617 = EDGE_LOOP ( 'NONE', ( #992, #876, #2183, #4163, #3399, #4289, #1981, #1626, #57 ) ) ;
#4618 = CARTESIAN_POINT ( 'NONE',  ( -8.093750000000000000, -0.9577164262227499900, 1.172864355864533000E-016 ) ) ;
#4619 = CARTESIAN_POINT ( 'NONE',  ( 9.818709749206906400, 0.8628604546491226400, 0.6038236335553798200 ) ) ;
#4620 = EDGE_LOOP ( 'NONE', ( #2351, #3828, #4069, #1658 ) ) ;
#4621 = AXIS2_PLACEMENT_3D ( 'NONE', #2490, #3965, #3604 ) ;
#4622 = CARTESIAN_POINT ( 'NONE',  ( -5.712500000000000400, 0.9577164262227496600, -0.5529378364870315400 ) ) ;
#4623 = CARTESIAN_POINT ( 'NONE',  ( 6.068749999999999600, 0.9577164262227506600, 0.0000000000000000000 ) ) ;
#4624 = AXIS2_PLACEMENT_3D ( 'NONE', #4266, #2093, #2873 ) ;
#4625 = CARTESIAN_POINT ( 'NONE',  ( -5.918750000000001100, 0.6249999999999990000, -1.082531754730548600 ) ) ;
#4626 = CARTESIAN_POINT ( 'NONE',  ( -8.075000000000001100, 0.6250000000000000000, 1.082531754730548200 ) ) ;
#4627 = CARTESIAN_POINT ( 'NONE',  ( 9.031249999999998200, -0.9577164262227504400, -0.5529378364870317600 ) ) ;
#4628 = EDGE_LOOP ( 'NONE', ( #3679, #2417, #4279, #831 ) ) ;
#4629 = CARTESIAN_POINT ( 'NONE',  ( 9.904783573777251600, -0.8502630295937659800, 0.4587185253162751600 ) ) ;
#4630 = CARTESIAN_POINT ( 'NONE',  ( -9.950000000000001100, -1.299038105676658900, -2.250000000000001300 ) ) ;
#4631 = CARTESIAN_POINT ( 'NONE',  ( -6.968749999999999100, 0.9577164262227499900, 0.0000000000000000000 ) ) ;
#4632 = CARTESIAN_POINT ( 'NONE',  ( 9.987499999999998900, -0.9577164262227504400, -0.5529378364870317600 ) ) ;
#4633 = ORIENTED_EDGE ( 'NONE', *, *, #1811, .T. ) ;
#4634 = CARTESIAN_POINT ( 'NONE',  ( -6.837500000000000400, 1.249999999999999300, -0.7216878364870328300 ) ) ;
#4635 = CARTESIAN_POINT ( 'NONE',  ( -9.860167181272958100, 0.8761464452660363600, 2.250000000000001300 ) ) ;
#4636 = CARTESIAN_POINT ( 'NONE',  ( -7.437499999999999100, 0.9577164262227498800, 0.5529378364870308800 ) ) ;
#4637 = CARTESIAN_POINT ( 'NONE',  ( 8.150000000000000400, -0.9577164262227506600, -1.172864355864533800E-016 ) ) ;
#4638 = DIRECTION ( 'NONE',  ( 0.0000000000000000000, 0.0000000000000000000, 1.000000000000000000 ) ) ;
#4639 = FACE_BOUND ( 'NONE', #3951, .T. ) ;
#4640 = CARTESIAN_POINT ( 'NONE',  ( 6.012499999999999300, 6.771535515813057500E-017, -1.105875672974062900 ) ) ;
#4641 = CARTESIAN_POINT ( 'NONE',  ( -8.599999999999999600, -0.9577164262227499900, 1.172864355864533000E-016 ) ) ;
#4642 = CARTESIAN_POINT ( 'NONE',  ( -6.143749999999999800, 0.4788582131113742800, -0.8294067547305469200 ) ) ;
#4643 = EDGE_CURVE ( 'NONE', #2516, #596, #1568, .T. ) ;
#4644 = CARTESIAN_POINT ( 'NONE',  ( 8.187500000000001800, -0.9577164262227504400, -0.5529378364870317600 ) ) ;
#4645 = FACE_OUTER_BOUND ( 'NONE', #3837, .T. ) ;
#4646 = CARTESIAN_POINT ( 'NONE',  ( -5.281250000000000900, -0.6250000000000001100, -1.082531754730548400 ) ) ;
#4647 = CARTESIAN_POINT ( 'NONE',  ( 6.049999999999998900, -2.058803302138242600, -0.9340480779059878700 ) ) ;
#4648 = CARTESIAN_POINT ( 'NONE',  ( -6.237499999999999800, -2.031460654743915200E-016, -1.105875672974062000 ) ) ;
#4649 = CARTESIAN_POINT ( 'NONE',  ( 7.700000000000000200, -0.9577164262227506600, -1.172864355864533800E-016 ) ) ;
#4650 = ORIENTED_EDGE ( 'NONE', *, *, #4256, .F. ) ;
#4651 = CARTESIAN_POINT ( 'NONE',  ( 8.637500000000001100, 1.249999999999999800, 0.7216878364870329400 ) ) ;
#4652 = ADVANCED_FACE ( 'NONE', ( #5 ), #638, .T. ) ;
#4653 = CARTESIAN_POINT ( 'NONE',  ( 6.837500000000000400, 0.0000000000000000000, 0.0000000000000000000 ) ) ;
#4654 =( BOUNDED_CURVE ( )  B_SPLINE_CURVE ( 2, ( #4172, #2343, #2679, #4123, #197, #2289, #3760, #148, #181, #3063, #1596, #217, #1260, #4140, #3045, #4155, #567, #4512, #1986, #885, #865, #2323, #2355, #2698, #1953, #4496, #4526, #3424, #3096, #2000, #4205, #2390, #4253, #3856, #4616, #3113, #1324, #3172, #583, #994, #3159, #2034, #3475, #4575, #2439, #2018, #1665, #4557, #947, #597, #1699, #4603, #2783, #1294, #2374, #3129, #4221, #615, #3870, #2797, #933, #2767, #3494, #962, #248, #2053, #1683, #1353, #3143, #2421, #3905, #2064, #3512, #4589, #1711, #2080, #293, #2406, #3839, #262, #629, #978, #1312, #3527, #1648 ),
 .UNSPECIFIED., .F., .F. ) 
 B_SPLINE_CURVE_WITH_KNOTS ( ( 3, 2, 2, 2, 2, 2, 2, 2, 2, 2, 2, 2, 2, 2, 2, 2, 2, 2, 2, 2, 2, 2, 2, 2, 2, 2, 2, 2, 2, 2, 2, 2, 2, 2, 2, 2, 2, 2, 2, 2, 2, 2, 3 ),
 ( 0.04733649381272454800, 0.05000000000000000300, 0.06666666666666666600, 0.08333333333333332900, 0.1000000000000000100, 0.1166666666666666700, 0.1333333333333333300, 0.1499999999999999900, 0.1666666666666666600, 0.1833333333333332900, 0.2000000000000000100, 0.2166666666666666700, 0.2333333333333333400, 0.2500000000000000600, 0.2666666666666666600, 0.2833333333333333300, 0.2999999999999999900, 0.3166666666666666500, 0.3333333333333333100, 0.3499999999999999800, 0.3666666666666666400, 0.3833333333333333600, 0.4000000000000000200, 0.4166666666666666900, 0.4333333333333333500, 0.4499999999999999600, 0.4666666666666666700, 0.4833333333333333400, 0.5000000000000000000, 0.5166666666666668300, 0.5333333333333334400, 0.5500000000000000400, 0.5666666666666666500, 0.5833333333333333700, 0.5999999999999999800, 0.6166666666666667000, 0.6333333333333333000, 0.6500000000000000200, 0.6666666666666666300, 0.6833333333333333500, 0.6999999999999999600, 0.7166666666666666700, 0.7284011136923256300 ),
 .UNSPECIFIED. ) 
 CURVE ( )  GEOMETRIC_REPRESENTATION_ITEM ( )  RATIONAL_B_SPLINE_CURVE ( ( 0.9640221895668035200, 0.9785894700425272800, 1.000000000000000000, 0.8660254037844387100, 1.000000000000000000, 0.8660254037844387100, 1.000000000000000000, 0.8660254037844387100, 1.000000000000000000, 0.8660254037844387100, 1.000000000000000000, 0.8660254037844387100, 1.000000000000000000, 0.8660254037844387100, 1.000000000000000000, 0.8660254037844387100, 1.000000000000000000, 0.8660254037844387100, 1.000000000000000000, 0.8660254037844387100, 1.000000000000000000, 0.8660254037844387100, 1.000000000000000000, 0.8660254037844387100, 1.000000000000000000, 0.8660254037844387100, 1.000000000000000000, 0.8660254037844387100, 1.000000000000000000, 0.8660254037844387100, 1.000000000000000000, 0.8660254037844387100, 1.000000000000000000, 0.8660254037844387100, 1.000000000000000000, 0.8660254037844387100, 1.000000000000000000, 0.8660254037844387100, 1.000000000000000000, 0.8660254037844387100, 1.000000000000000000, 0.8660254037844387100, 1.000000000000000000, 0.8660254037844387100, 1.000000000000000000, 0.8660254037844387100, 1.000000000000000000, 0.8660254037844387100, 1.000000000000000000, 0.8660254037844387100, 1.000000000000000000, 0.8660254037844387100, 1.000000000000000000, 0.8660254037844387100, 1.000000000000000000, 0.8660254037844387100, 1.000000000000000000, 0.8660254037844387100, 1.000000000000000000, 0.8660254037844387100, 1.000000000000000000, 0.8660254037844387100, 1.000000000000000000, 0.8660254037844387100, 1.000000000000000000, 0.8660254037844387100, 1.000000000000000000, 0.8660254037844387100, 1.000000000000000000, 0.8660254037844387100, 1.000000000000000000, 0.8660254037844387100, 1.000000000000000000, 0.8660254037844387100, 1.000000000000000000, 0.8660254037844387100, 1.000000000000000000, 0.8660254037844387100, 1.000000000000000000, 0.8660254037844387100, 1.000000000000000000, 0.8660254037844387100, 1.000000000000000000, 0.9056729318754664900, 0.9441709818301009500 ) ) 
 REPRESENTATION_ITEM ( '' )  );
#4655 = CARTESIAN_POINT ( 'NONE',  ( 6.312500000000000900, -0.9577164262227507700, 0.5529378364870311000 ) ) ;
#4656 = CARTESIAN_POINT ( 'NONE',  ( -9.500000000000000000, -0.9577164262227499900, 1.172864355864533000E-016 ) ) ;
#4657 = AXIS2_PLACEMENT_3D ( 'NONE', #3759, #2975, #81 ) ;
#4658 = ORIENTED_EDGE ( 'NONE', *, *, #2328, .F. ) ;
#4659 = CARTESIAN_POINT ( 'NONE',  ( 7.924999999999999800, 0.9577164262227506600, 0.0000000000000000000 ) ) ;
#4660 = ORIENTED_EDGE ( 'NONE', *, *, #2483, .T. ) ;
#4661 = CARTESIAN_POINT ( 'NONE',  ( 9.592403810567665400, 0.3349364905389101100, 1.249999999999996200 ) ) ;
#4662 = CARTESIAN_POINT ( 'NONE',  ( -6.875000000000000900, -0.4788582131113747800, 0.8294067547305465900 ) ) ;
#4663 = CARTESIAN_POINT ( 'NONE',  ( 6.992961012353156900, -2.820862747496224700E-014, 1.110637438575908400 ) ) ;
#4664 = VERTEX_POINT ( 'NONE', #2419 ) ;
#4665 = ORIENTED_EDGE ( 'NONE', *, *, #112, .T. ) ;
#4666 = CARTESIAN_POINT ( 'NONE',  ( 8.862500000000000700, -1.250000000000000000, -0.7216878364870325000 ) ) ;
#4667 = PERSON_AND_ORGANIZATION_ROLE ( 'design_owner' ) ;
#4668 = CARTESIAN_POINT ( 'NONE',  ( -8.150000000000000400, 1.249999999999999800, 0.0000000000000000000 ) ) ;
#4669 = CARTESIAN_POINT ( 'NONE',  ( 8.956249999999998900, -0.9577164262227507700, 0.5529378364870311000 ) ) ;
#4670 = ORIENTED_EDGE ( 'NONE', *, *, #4191, .F. ) ;
#4671 = EDGE_CURVE ( 'NONE', #507, #4222, #2859, .T. ) ;
#4672 = CARTESIAN_POINT ( 'NONE',  ( 6.087500000000000400, 0.9577164262227506600, -0.5529378364870313200 ) ) ;
#4673 = ORIENTED_EDGE ( 'NONE', *, *, #1037, .T. ) ;
#4674 = CARTESIAN_POINT ( 'NONE',  ( -9.424999999999998900, -0.4788582131113754400, -0.8294067547305463700 ) ) ;
#4675 = CARTESIAN_POINT ( 'NONE',  ( 7.849999999999999600, 0.4788582131113754400, -0.8294067547305471500 ) ) ;
#4676 = ADVANCED_FACE ( 'NONE', ( #784 ), #3180, .T. ) ;
#4677 = CARTESIAN_POINT ( 'NONE',  ( -7.325000000000001100, 0.6249999999999990000, -1.082531754730548600 ) ) ;
#4678 = VERTEX_POINT ( 'NONE', #2187 ) ;
#4679 = CARTESIAN_POINT ( 'NONE',  ( 9.537499999999999600, 1.249999999999999600, 0.7216878364870329400 ) ) ;
#4680 =( BOUNDED_CURVE ( )  B_SPLINE_CURVE ( 2, ( #3146, #4572, #2713, #932, #2339, #3456, #245, #611, #4587 ),
 .UNSPECIFIED., .F., .T. ) 
 B_SPLINE_CURVE_WITH_KNOTS ( ( 3, 2, 2, 2, 3 ),
 ( 0.6590909090909090600, 0.6666666666666666300, 0.6818181818181817700, 0.6969696969696970200, 0.7045454545454545900 ),
 .UNSPECIFIED. ) 
 CURVE ( )  GEOMETRIC_REPRESENTATION_ITEM ( )  RATIONAL_B_SPLINE_CURVE ( ( 0.9330127018922194100, 0.9330127018922194100, 1.000000000000000000, 0.8660254037844387100, 1.000000000000000000, 0.8660254037844387100, 1.000000000000000000, 0.9330127018922194100, 0.9330127018922194100 ) ) 
 REPRESENTATION_ITEM ( '' )  );
#4681 = CARTESIAN_POINT ( 'NONE',  ( -9.237500000000000700, 0.9577164262227498800, 0.5529378364870308800 ) ) ;
#4682 = CARTESIAN_POINT ( 'NONE',  ( -5.937500000000000000, -0.9577164262227497700, 0.5529378364870313200 ) ) ;
#4683 = VERTEX_POINT ( 'NONE', #4311 ) ;
#4684 = CARTESIAN_POINT ( 'NONE',  ( 8.225000000000001400, 0.6249999999999991100, 1.082531754730548900 ) ) ;
ENDSEC;
END-ISO-10303-21;
