ISO-10303-21;
HEADER;
FILE_DESCRIPTION (( 'STEP AP203' ),
    '1' );
FILE_NAME ('98952A107_Aluminum Male-Female Threaded Hex Standoff.STEP',
    '2021-07-10T01:25:45',
    ( 'Administrator' ),
    ( 'Managed by Terraform' ),
    'SwSTEP 2.0',
    'SolidWorks 2017',
    '' );
FILE_SCHEMA (( 'CONFIG_CONTROL_DESIGN' ));
ENDSEC;

DATA;
#1 = CARTESIAN_POINT ( 'NONE',  ( 6.649999999999999500, 0.4788582131113754400, -0.8294067547305471500 ) ) ;
#2 = CARTESIAN_POINT ( 'NONE',  ( 3.893750000000000700, 0.4788582131113754400, -0.8294067547305471500 ) ) ;
#3 = CARTESIAN_POINT ( 'NONE',  ( 6.312500000000000900, -1.250000000000000000, -0.7216878364870325000 ) ) ;
#4 = CARTESIAN_POINT ( 'NONE',  ( -2.374999999999999600, -0.4788582131113754400, -0.8294067547305463700 ) ) ;
#5 =( BOUNDED_CURVE ( )  B_SPLINE_CURVE ( 2, ( #4224, #1677, #4585, #208, #3110, #2797, #627, #925, #2028 ),
 .UNSPECIFIED., .F., .F. ) 
 B_SPLINE_CURVE_WITH_KNOTS ( ( 3, 2, 2, 2, 3 ),
 ( 0.5227272727272727100, 0.5303030303030302800, 0.5454545454545454100, 0.5606060606060605500, 0.5681818181818182300 ),
 .UNSPECIFIED. ) 
 CURVE ( )  GEOMETRIC_REPRESENTATION_ITEM ( )  RATIONAL_B_SPLINE_CURVE ( ( 0.9330127018922194100, 0.9330127018922194100, 1.000000000000000000, 0.8660254037844387100, 1.000000000000000000, 0.8660254037844387100, 1.000000000000000000, 0.9330127018922188500, 0.9330127018922194100 ) ) 
 REPRESENTATION_ITEM ( '' )  );
#6 = CARTESIAN_POINT ( 'NONE',  ( -6.143749999999998900, 0.4788582131113751100, 0.8294067547305464800 ) ) ;
#7 = CIRCLE ( 'NONE', #485, 2.250000000000000000 ) ;
#8 = CARTESIAN_POINT ( 'NONE',  ( -5.806249999999998600, 0.9577164262227496600, -0.5529378364870315400 ) ) ;
#9 = DIRECTION ( 'NONE',  ( 0.0000000000000000000, 0.0000000000000000000, 1.000000000000000000 ) ) ;
#10 = CARTESIAN_POINT ( 'NONE',  ( -4.099999999999999600, -0.6249999999999995600, 1.082531754730548400 ) ) ;
#11 = AXIS2_PLACEMENT_3D ( 'NONE', #198, #597, #562 ) ;
#12 = CARTESIAN_POINT ( 'NONE',  ( 5.186153810567665400, 0.3349364905389038400, 1.249999999999999800 ) ) ;
#13 = EDGE_LOOP ( 'NONE', ( #692, #378, #914, #266 ) ) ;
#14 = FACE_BOUND ( 'NONE', #2063, .T. ) ;
#15 = CARTESIAN_POINT ( 'NONE',  ( -6.649999999999998600, 0.4788582131113751100, 0.8294067547305464800 ) ) ;
#16 = APPROVAL_PERSON_ORGANIZATION ( #2725, #4320, #4103 ) ;
#17 = CARTESIAN_POINT ( 'NONE',  ( 6.387500000000001100, -2.031460654743916600E-016, 1.105875672974062900 ) ) ;
#18 = CARTESIAN_POINT ( 'NONE',  ( 3.106250000000000200, 0.9577164262227503300, 0.5529378364870319900 ) ) ;
#19 = CARTESIAN_POINT ( 'NONE',  ( 4.625000000000000000, 0.6250000000000001100, -1.082531754730548400 ) ) ;
#20 = CARTESIAN_POINT ( 'NONE',  ( -3.162499999999998800, 0.9577164262227496600, -0.5529378364870315400 ) ) ;
#21 = CARTESIAN_POINT ( 'NONE',  ( -5.956249999999999800, -0.9577164262227502200, -0.5529378364870306500 ) ) ;
#22 = CARTESIAN_POINT ( 'NONE',  ( -6.856249999999998400, -0.9577164262227502200, -0.5529378364870306500 ) ) ;
#23 = CARTESIAN_POINT ( 'NONE',  ( -3.762499999999999700, 1.250000000000000000, 0.7216878364870319400 ) ) ;
#24 = CARTESIAN_POINT ( 'NONE',  ( -6.462500000000000400, -0.9577164262227502200, -0.5529378364870306500 ) ) ;
#25 = CARTESIAN_POINT ( 'NONE',  ( -3.743749999999999500, 1.249999999999999800, 0.0000000000000000000 ) ) ;
#26 = CARTESIAN_POINT ( 'NONE',  ( -4.456249999999999800, -1.249999999999999600, 0.7216878364870325000 ) ) ;
#27 = DIRECTION ( 'NONE',  ( -1.000000000000000000, -0.0000000000000000000, -0.0000000000000000000 ) ) ;
#28 = EDGE_CURVE ( 'NONE', #1367, #2395, #4439, .T. ) ;
#29 = CARTESIAN_POINT ( 'NONE',  ( 3.593750000000000400, 0.4788582131113746100, 0.8294067547305475900 ) ) ;
#30 = CARTESIAN_POINT ( 'NONE',  ( -4.549999999999999800, -0.6249999999999995600, 1.082531754730548400 ) ) ;
#31 = ORIENTED_EDGE ( 'NONE', *, *, #4626, .F. ) ;
#32 = CARTESIAN_POINT ( 'NONE',  ( 4.587499999999999500, 8.838126989374223500E-017, -1.443375672974064300 ) ) ;
#33 = CARTESIAN_POINT ( 'NONE',  ( 3.050000000000000300, 0.0000000000000000000, 0.0000000000000000000 ) ) ;
#34 = VECTOR ( 'NONE', #2358, 1000.000000000000000 ) ;
#35 = CARTESIAN_POINT ( 'NONE',  ( -6.518749999999998900, -0.4788582131113747800, 0.8294067547305465900 ) ) ;
#36 =( BOUNDED_CURVE ( )  B_SPLINE_CURVE ( 2, ( #855, #2313, #2683, #4117, #867, #3418, #3759, #3940, #2093 ),
 .UNSPECIFIED., .F., .F. ) 
 B_SPLINE_CURVE_WITH_KNOTS ( ( 3, 2, 2, 2, 3 ),
 ( 0.3863636363636363500, 0.3939393939393939200, 0.4090909090909091200, 0.4242424242424242500, 0.4318181818181818200 ),
 .UNSPECIFIED. ) 
 CURVE ( )  GEOMETRIC_REPRESENTATION_ITEM ( )  RATIONAL_B_SPLINE_CURVE ( ( 0.9330127018922194100, 0.9330127018922194100, 1.000000000000000000, 0.8660254037844387100, 1.000000000000000000, 0.8660254037844387100, 1.000000000000000000, 0.9330127018922194100, 0.9330127018922194100 ) ) 
 REPRESENTATION_ITEM ( '' )  );
#37 = AXIS2_PLACEMENT_3D ( 'NONE', #839, #3417, #823 ) ;
#38 = CARTESIAN_POINT ( 'NONE',  ( -5.956249999999999800, -0.9577164262227502200, -0.5529378364870306500 ) ) ;
#39 = CARTESIAN_POINT ( 'NONE',  ( -6.781249999999999100, -4.067155351693835700E-016, 1.249999999999999600 ) ) ;
#40 = CARTESIAN_POINT ( 'NONE',  ( -4.662499999999999600, 1.250000000000000000, 0.7216878364870319400 ) ) ;
#41 = CARTESIAN_POINT ( 'NONE',  ( -6.687499999999999100, 0.9577164262227498800, 0.5529378364870308800 ) ) ;
#42 = CARTESIAN_POINT ( 'NONE',  ( -2.693750000000000100, -0.6249999999999995600, 1.082531754730548400 ) ) ;
#43 = ORIENTED_EDGE ( 'NONE', *, *, #3240, .T. ) ;
#44 = CARTESIAN_POINT ( 'NONE',  ( 3.050000000000000300, 0.0000000000000000000, 0.0000000000000000000 ) ) ;
#45 = ORIENTED_EDGE ( 'NONE', *, *, #984, .T. ) ;
#46 = CARTESIAN_POINT ( 'NONE',  ( 5.131249999999999600, -0.9577164262227504400, -0.5529378364870317600 ) ) ;
#47 = CARTESIAN_POINT ( 'NONE',  ( -4.587499999999998600, 1.743066579297358300E-016, 1.249999999999999600 ) ) ;
#48 = CARTESIAN_POINT ( 'NONE',  ( 5.150000000000000400, -0.9577164262227506600, -1.172864355864533800E-016 ) ) ;
#49 = ORIENTED_EDGE ( 'NONE', *, *, #818, .T. ) ;
#50 = CARTESIAN_POINT ( 'NONE',  ( -4.981249999999999300, -2.031460654743915200E-016, -1.105875672974062000 ) ) ;
#51 = CARTESIAN_POINT ( 'NONE',  ( -4.081249999999999800, -2.031460654743915200E-016, -1.105875672974062000 ) ) ;
#52 = ORIENTED_EDGE ( 'NONE', *, *, #2985, .F. ) ;
#53 = CARTESIAN_POINT ( 'NONE',  ( -5.862499999999999800, 0.9577164262227496600, -0.5529378364870315400 ) ) ;
#54 = CARTESIAN_POINT ( 'NONE',  ( -7.024999999999999500, -0.4788582131113747800, 0.8294067547305465900 ) ) ;
#55 = EDGE_CURVE ( 'NONE', #4446, #4250, #3490, .T. ) ;
#56 = DIRECTION ( 'NONE',  ( 0.0000000000000000000, 0.8660254037844384900, -0.5000000000000004400 ) ) ;
#57 = CARTESIAN_POINT ( 'NONE',  ( 4.306249999999999500, 6.771535515813057500E-017, -1.105875672974062900 ) ) ;
#58 = DIRECTION ( 'NONE',  ( 1.000000000000000000, 0.0000000000000000000, 0.0000000000000000000 ) ) ;
#59 = DIRECTION ( 'NONE',  ( -1.000000000000000000, -0.0000000000000000000, -0.0000000000000000000 ) ) ;
#60 = CARTESIAN_POINT ( 'NONE',  ( -6.606916426222750400, -0.02368343920621232900, 0.9577164262227875200 ) ) ;
#61 = CIRCLE ( 'NONE', #189, 0.9551764262227507900 ) ;
#62 = FACE_OUTER_BOUND ( 'NONE', #4680, .T. ) ;
#63 = CARTESIAN_POINT ( 'NONE',  ( -3.068749999999999600, 0.9577164262227499900, 0.0000000000000000000 ) ) ;
#64 = CARTESIAN_POINT ( 'NONE',  ( -2.918749999999999300, -0.4788582131113747800, 0.8294067547305465900 ) ) ;
#65 = CARTESIAN_POINT ( 'NONE',  ( 6.293750000000000200, 0.4788582131113746100, 0.8294067547305475900 ) ) ;
#66 = EDGE_LOOP ( 'NONE', ( #252, #1753, #2423, #1931, #1616, #328 ) ) ;
#67 = CARTESIAN_POINT ( 'NONE',  ( -2.374999999999999600, -0.4788582131113754400, -0.8294067547305463700 ) ) ;
#68 = APPROVAL_DATE_TIME ( #1417, #4320 ) ;
#69 = EDGE_CURVE ( 'NONE', #1859, #877, #1628, .T. ) ;
#70 = CARTESIAN_POINT ( 'NONE',  ( -4.962499999999999500, 0.9577164262227496600, -0.5529378364870315400 ) ) ;
#71 = CARTESIAN_POINT ( 'NONE',  ( -4.326346189432333800, -0.3349364905389037300, -1.249999999999999600 ) ) ;
#72 = CARTESIAN_POINT ( 'NONE',  ( 4.137500000000001100, -2.031460654743916600E-016, 1.105875672974062900 ) ) ;
#73 = APPROVAL_ROLE ( '' ) ;
#74 = EDGE_LOOP ( 'NONE', ( #4033, #4088, #2458, #2429, #2820, #4154 ) ) ;
#75 = CARTESIAN_POINT ( 'NONE',  ( -3.143749999999999800, 0.4788582131113742800, -0.8294067547305469200 ) ) ;
#76 = CARTESIAN_POINT ( 'NONE',  ( -4.381249999999999600, 0.9577164262227498800, 0.5529378364870308800 ) ) ;
#77 = CARTESIAN_POINT ( 'NONE',  ( 4.756249999999999600, 6.771535515813057500E-017, -1.105875672974062900 ) ) ;
#78 = VERTEX_POINT ( 'NONE', #2315 ) ;
#79 = CARTESIAN_POINT ( 'NONE',  ( -4.924999999999998900, 0.9577164262227499900, 0.0000000000000000000 ) ) ;
#80 = CARTESIAN_POINT ( 'NONE',  ( 3.612500000000000700, 0.9577164262227503300, 0.5529378364870319900 ) ) ;
#81 = VECTOR ( 'NONE', #3350, 1000.000000000000000 ) ;
#82 = EDGE_CURVE ( 'NONE', #2332, #2600, #4492, .T. ) ;
#83 = DIRECTION ( 'NONE',  ( 0.0000000000000000000, 0.0000000000000000000, 1.000000000000000000 ) ) ;
#84 = B_SPLINE_CURVE_WITH_KNOTS ( 'NONE', 3,
 ( #1710, #232, #2399, #4442, #3748, #510 ),
 .UNSPECIFIED., .F., .F.,
 ( 4, 2, 4 ),
 ( 0.01425964850679406100, 0.01490467242710028600, 0.01554969634740651300 ),
 .UNSPECIFIED. ) ;
#85 = CARTESIAN_POINT ( 'NONE',  ( -5.899999999999998600, 0.4788582131113742800, -0.8294067547305469200 ) ) ;
#86 = CARTESIAN_POINT ( 'NONE',  ( 3.050000000000000700, 0.4788582131113754400, -0.8294067547305471500 ) ) ;
#87 = CARTESIAN_POINT ( 'NONE',  ( -4.756249999999999600, 6.771535515813051300E-017, 1.105875672974062000 ) ) ;
#88 = AXIS2_PLACEMENT_3D ( 'NONE', #1744, #4298, #681 ) ;
#89 = CARTESIAN_POINT ( 'NONE',  ( -4.418749999999999300, 0.9577164262227499900, 0.0000000000000000000 ) ) ;
#90 = CARTESIAN_POINT ( 'NONE',  ( 4.156250000000000000, -0.9577164262227508800, 0.5529378364870311000 ) ) ;
#91 = CARTESIAN_POINT ( 'NONE',  ( 4.474999999999999600, 0.9577164262227506600, 0.0000000000000000000 ) ) ;
#92 = CARTESIAN_POINT ( 'NONE',  ( -4.117403810567664900, -0.3349364905389052800, 1.249999999999998200 ) ) ;
#93 = CARTESIAN_POINT ( 'NONE',  ( -5.337499999999999500, 0.9577164262227498800, 0.5529378364870308800 ) ) ;
#94 = ORIENTED_EDGE ( 'NONE', *, *, #285, .T. ) ;
#95 = ORIENTED_EDGE ( 'NONE', *, *, #117, .F. ) ;
#96 = CC_DESIGN_PERSON_AND_ORGANIZATION_ASSIGNMENT ( #2384, #4407, ( #2096 ) ) ;
#97 = CARTESIAN_POINT ( 'NONE',  ( -5.636153810567665600, 0.3349364905389038400, -1.249999999999999600 ) ) ;
#98 = CARTESIAN_POINT ( 'NONE',  ( -4.887499999999999300, 0.9577164262227498800, 0.5529378364870308800 ) ) ;
#99 = CARTESIAN_POINT ( 'NONE',  ( 4.025000000000000400, 0.9577164262227506600, 0.0000000000000000000 ) ) ;
#100 = CARTESIAN_POINT ( 'NONE',  ( -3.368749999999999500, -0.4788582131113747800, 0.8294067547305465900 ) ) ;
#101 = CARTESIAN_POINT ( 'NONE',  ( -4.493749999999999500, 0.4788582131113742800, -0.8294067547305469200 ) ) ;
#102 = CARTESIAN_POINT ( 'NONE',  ( 5.243750000000000400, 0.4788582131113754400, -0.8294067547305471500 ) ) ;
#103 = CARTESIAN_POINT ( 'NONE',  ( -6.181249999999999500, -1.250000000000000000, -0.7216878364870316100 ) ) ;
#104 = CARTESIAN_POINT ( 'NONE',  ( 3.030756665990565600, 2.168904970561404100, 0.7433463941989690800 ) ) ;
#105 = CARTESIAN_POINT ( 'NONE',  ( -5.674999999999999800, -0.4788582131113747800, 0.8294067547305465900 ) ) ;
#106 = DATE_AND_TIME ( #1908, #1070 ) ;
#107 = EDGE_CURVE ( 'NONE', #723, #1450, #4669, .T. ) ;
#108 = CARTESIAN_POINT ( 'NONE',  ( 3.050000000000000300, 1.948557158514987000, -1.124999999999999100 ) ) ;
#109 = ORIENTED_EDGE ( 'NONE', *, *, #1898, .F. ) ;
#110 = CONICAL_SURFACE ( 'NONE', #2273, 2.250000000000000000, 1.047197551196600100 ) ;
#111 = DIRECTION ( 'NONE',  ( -1.000000000000000000, -0.0000000000000000000, -0.0000000000000000000 ) ) ;
#112 = ADVANCED_FACE ( 'NONE', ( #241 ), #3279, .T. ) ;
#113 = CARTESIAN_POINT ( 'NONE',  ( -5.862499999999998000, 0.9577164262227496600, -0.5529378364870315400 ) ) ;
#114 = CARTESIAN_POINT ( 'NONE',  ( 3.612500000000000700, 0.9577164262227503300, 0.5529378364870319900 ) ) ;
#115 = CARTESIAN_POINT ( 'NONE',  ( -2.468749999999999600, -0.4788582131113747800, 0.8294067547305465900 ) ) ;
#116 = CARTESIAN_POINT ( 'NONE',  ( 5.018750000000000700, -0.4788582131113757200, 0.8294067547305469200 ) ) ;
#117 = EDGE_CURVE ( 'NONE', #1611, #498, #2412, .T. ) ;
#118 = DIRECTION ( 'NONE',  ( -1.000000000000000000, -0.0000000000000000000, -0.0000000000000000000 ) ) ;
#120 = VERTEX_POINT ( 'NONE', #188 ) ;
#119 = CARTESIAN_POINT ( 'NONE',  ( -6.124999999999999100, -0.4788582131113747800, 0.8294067547305465900 ) ) ;
#121 = CARTESIAN_POINT ( 'NONE',  ( 6.706250000000000700, 0.9577164262227503300, 0.5529378364870319900 ) ) ;
#122 = CARTESIAN_POINT ( 'NONE',  ( 4.212500000000000400, -0.9577164262227507700, 0.5529378364870311000 ) ) ;
#123 = CARTESIAN_POINT ( 'NONE',  ( -5.242403810567664900, 0.3349364905389038400, -1.249999999999999600 ) ) ;
#124 = CARTESIAN_POINT ( 'NONE',  ( -2.600000000000000100, -0.6250000000000004400, -1.082531754730548000 ) ) ;
#125 = CARTESIAN_POINT ( 'NONE',  ( -6.631249999999998800, 0.9577164262227498800, 0.5529378364870308800 ) ) ;
#126 = ORIENTED_EDGE ( 'NONE', *, *, #307, .F. ) ;
#127 = CARTESIAN_POINT ( 'NONE',  ( -6.237499999999998000, 0.9577164262227498800, 0.5529378364870308800 ) ) ;
#128 = CARTESIAN_POINT ( 'NONE',  ( 4.700000000000000200, -0.9577164262227506600, -1.172864355864533800E-016 ) ) ;
#129 = VERTEX_POINT ( 'NONE', #1934 ) ;
#130 = CARTESIAN_POINT ( 'NONE',  ( 3.968750000000000000, 0.9577164262227506600, 0.0000000000000000000 ) ) ;
#131 = EDGE_CURVE ( 'NONE', #4380, #1384, #4211, .T. ) ;
#132 = CARTESIAN_POINT ( 'NONE',  ( -3.124999999999999100, 0.9577164262227499900, 0.0000000000000000000 ) ) ;
#133 = PLANE ( 'NONE',  #843 ) ;
#134 = DIRECTION ( 'NONE',  ( 0.0000000000000000000, 0.0000000000000000000, 1.000000000000000000 ) ) ;
#135 = DIRECTION ( 'NONE',  ( -0.7071067811865463500, 0.0000000000000000000, 0.7071067811865487900 ) ) ;
#136 = CARTESIAN_POINT ( 'NONE',  ( -6.755368987055534900, 0.8007161885370760500, 0.7670645261278477000 ) ) ;
#137 = CARTESIAN_POINT ( 'NONE',  ( -6.143749999999998900, 0.4788582131113751100, 0.8294067547305464800 ) ) ;
#138 = ORIENTED_EDGE ( 'NONE', *, *, #2456, .T. ) ;
#139 = ORIENTED_EDGE ( 'NONE', *, *, #3430, .F. ) ;
#140 = CARTESIAN_POINT ( 'NONE',  ( -6.537499999999998800, -0.9577164262227497700, 0.5529378364870313200 ) ) ;
#141 = CARTESIAN_POINT ( 'NONE',  ( 4.850000000000000500, 0.4788582131113754400, -0.8294067547305471500 ) ) ;
#142 = CARTESIAN_POINT ( 'NONE',  ( -3.368750000000000400, 0.6249999999999990000, -1.082531754730548600 ) ) ;
#143 = CARTESIAN_POINT ( 'NONE',  ( 3.050000000000000300, 0.0000000000000000000, 0.0000000000000000000 ) ) ;
#144 = CARTESIAN_POINT ( 'NONE',  ( 5.224999999999999600, 0.6249999999999991100, 1.082531754730548900 ) ) ;
#145 = ORIENTED_EDGE ( 'NONE', *, *, #3570, .T. ) ;
#146 = CARTESIAN_POINT ( 'NONE',  ( -3.237499999999998900, -2.031460654743915200E-016, -1.105875672974062000 ) ) ;
#147 = DIRECTION ( 'NONE',  ( 0.0000000000000000000, 0.0000000000000000000, 1.000000000000000000 ) ) ;
#148 = ORIENTED_EDGE ( 'NONE', *, *, #1858, .F. ) ;
#149 = CARTESIAN_POINT ( 'NONE',  ( 2.849038105676658700, 2.598076211353316500, 9.161973734447515100E-016 ) ) ;
#150 = CARTESIAN_POINT ( 'NONE',  ( 5.843750000000000000, -0.6249999999999996700, -1.082531754730548400 ) ) ;
#151 = CARTESIAN_POINT ( 'NONE',  ( -5.206249999999999800, 6.771535515813051300E-017, 1.105875672974062000 ) ) ;
#152 = CARTESIAN_POINT ( 'NONE',  ( -4.287499999999999600, -0.9577164262227497700, 0.5529378364870313200 ) ) ;
#153 = CARTESIAN_POINT ( 'NONE',  ( 6.481250000000001100, 1.249999999999999800, 0.7216878364870329400 ) ) ;
#154 = CARTESIAN_POINT ( 'NONE',  ( -5.356249999999999300, -1.249999999999999600, 0.7216878364870325000 ) ) ;
#155 = CARTESIAN_POINT ( 'NONE',  ( -2.356249999999999700, -0.9577164262227502200, -0.5529378364870306500 ) ) ;
#156 = DIRECTION ( 'NONE',  ( 0.0000000000000000000, 0.0000000000000000000, -1.000000000000000000 ) ) ;
#157 = CARTESIAN_POINT ( 'NONE',  ( 4.137499999999998400, 1.743066579297358300E-016, -1.250000000000000000 ) ) ;
#158 = EDGE_CURVE ( 'NONE', #3203, #2449, #765, .T. ) ;
#159 = ORIENTED_EDGE ( 'NONE', *, *, #1498, .T. ) ;
#160 = CARTESIAN_POINT ( 'NONE',  ( -3.331249999999999400, -0.9577164262227497700, 0.5529378364870313200 ) ) ;
#161 = DIRECTION ( 'NONE',  ( -1.000000000000000000, -0.0000000000000000000, -0.0000000000000000000 ) ) ;
#162 = DIRECTION ( 'NONE',  ( 1.000000000000000000, 0.0000000000000000000, 0.0000000000000000000 ) ) ;
#163 = CARTESIAN_POINT ( 'NONE',  ( -6.743473738875082700, 0.7375529633159888500, 0.8119694926138665300 ) ) ;
#164 = CARTESIAN_POINT ( 'NONE',  ( -5.993749999999999500, -0.9577164262227499900, 1.172864355864533000E-016 ) ) ;
#165 = ORIENTED_EDGE ( 'NONE', *, *, #1327, .F. ) ;
#166 = CARTESIAN_POINT ( 'NONE',  ( 6.968749999999999100, 0.6249999999999991100, 1.082531754730548900 ) ) ;
#167 = CARTESIAN_POINT ( 'NONE',  ( 4.812500000000000000, 1.714015469642402100E-015, 1.250000000000000000 ) ) ;
#168 = CARTESIAN_POINT ( 'NONE',  ( -2.317403810567665500, -0.3349364905389052800, 1.249999999999998200 ) ) ;
#169 = CARTESIAN_POINT ( 'NONE',  ( 3.837499999999999900, 0.0000000000000000000, 0.0000000000000000000 ) ) ;
#170 = EDGE_LOOP ( 'NONE', ( #2582, #1059, #1891, #1914 ) ) ;
#171 = CARTESIAN_POINT ( 'NONE',  ( -3.912499999999999600, 6.771535515813051300E-017, 1.105875672974062000 ) ) ;
#172 = CARTESIAN_POINT ( 'NONE',  ( -4.287499999999999600, 1.249999999999999300, -0.7216878364870328300 ) ) ;
#173 = VERTEX_POINT ( 'NONE', #3851 ) ;
#174 = DIRECTION ( 'NONE',  ( -1.000000000000000000, -0.0000000000000000000, -0.0000000000000000000 ) ) ;
#175 = CARTESIAN_POINT ( 'NONE',  ( -4.193749999999999600, -0.9577164262227499900, 1.172864355864533000E-016 ) ) ;
#176 = FACE_OUTER_BOUND ( 'NONE', #572, .T. ) ;
#177 = CARTESIAN_POINT ( 'NONE',  ( 3.050000000000000300, 0.0000000000000000000, 0.0000000000000000000 ) ) ;
#178 = CARTESIAN_POINT ( 'NONE',  ( -5.918749999999999300, -0.4788582131113754400, -0.8294067547305463700 ) ) ;
#179 = FACE_OUTER_BOUND ( 'NONE', #3231, .T. ) ;
#180 = CARTESIAN_POINT ( 'NONE',  ( -6.860165872166925600, 0.8761743652342970400, 2.250000000000001300 ) ) ;
#181 = CARTESIAN_POINT ( 'NONE',  ( 6.904783573777248100, -0.8502630295937443300, 0.4587185253163148000 ) ) ;
#182 = EDGE_CURVE ( 'NONE', #4250, #3078, #2759, .T. ) ;
#183 = CARTESIAN_POINT ( 'NONE',  ( -2.974999999999999200, -0.4788582131113747800, 0.8294067547305465900 ) ) ;
#184 = CARTESIAN_POINT ( 'NONE',  ( 7.081249999999999800, 0.9577164262227506600, -0.5529378364870313200 ) ) ;
#185 = CARTESIAN_POINT ( 'NONE',  ( 5.787499999999999600, -1.250000000000000200, 0.7216878364870317200 ) ) ;
#186 = CARTESIAN_POINT ( 'NONE',  ( -4.081249999999999800, -2.031460654743915200E-016, -1.105875672974062000 ) ) ;
#187 = CARTESIAN_POINT ( 'NONE',  ( -6.626985303483312600, 0.9083737707813792600, 0.4164048461585651000 ) ) ;
#188 = CARTESIAN_POINT ( 'NONE',  ( 4.531249999999999100, 1.743066579297358300E-016, -1.250000000000000000 ) ) ;
#189 = AXIS2_PLACEMENT_3D ( 'NONE', #1929, #1919, #1188 ) ;
#190 = CARTESIAN_POINT ( 'NONE',  ( 4.081249999999999800, 8.838126989374223500E-017, -1.443375672974064300 ) ) ;
#191 = ORIENTED_EDGE ( 'NONE', *, *, #4426, .F. ) ;
#192 = ADVANCED_FACE ( 'NONE', ( #3548 ), #2290, .F. ) ;
#193 = CARTESIAN_POINT ( 'NONE',  ( 4.531250000000000900, -2.031460654743916600E-016, 1.105875672974062900 ) ) ;
#194 = ORIENTED_EDGE ( 'NONE', *, *, #329, .T. ) ;
#195 = B_SPLINE_CURVE_WITH_KNOTS ( 'NONE', 3,
 ( #4184, #4546, #4200, #1265 ),
 .UNSPECIFIED., .F., .F.,
 ( 4, 4 ),
 ( 2.380746839934211100E-007, 0.001314652396222794100 ),
 .UNSPECIFIED. ) ;
#196 = CARTESIAN_POINT ( 'NONE',  ( 4.132323573777248300, 0.8265807605201338500, -0.9376909119416467800 ) ) ;
#197 = CARTESIAN_POINT ( 'NONE',  ( 3.840039999999998300, -0.6565632889428213400, -0.7087156434662801300 ) ) ;
#198 = CARTESIAN_POINT ( 'NONE',  ( 3.050000000000000300, 0.0000000000000000000, 0.0000000000000000000 ) ) ;
#199 = CARTESIAN_POINT ( 'NONE',  ( 6.862127497258535800, 2.821246222143669400E-011, 1.000372502741462500 ) ) ;
#200 = EDGE_CURVE ( 'NONE', #3323, #1257, #1980, .T. ) ;
#201 = CARTESIAN_POINT ( 'NONE',  ( 6.836838201279039900, 0.5447540194663594800, 0.8804375176646666000 ) ) ;
#202 = CARTESIAN_POINT ( 'NONE',  ( -6.931250000000000400, 1.249999999999999600, -0.7216878364870328300 ) ) ;
#203 = CARTESIAN_POINT ( 'NONE',  ( -6.730674669762875000, -0.3002893909577876200, -1.049515836100969300 ) ) ;
#204 = CARTESIAN_POINT ( 'NONE',  ( 6.621197873300052300, -1.051160553565826200, 0.7011872006879863500 ) ) ;
#205 = CARTESIAN_POINT ( 'NONE',  ( -3.743749999999999500, -0.9577164262227499900, 1.172864355864533000E-016 ) ) ;
#206 = CARTESIAN_POINT ( 'NONE',  ( 6.293750000000000200, -0.6249999999999996700, -1.082531754730548400 ) ) ;
#207 = FACE_OUTER_BOUND ( 'NONE', #978, .T. ) ;
#208 = CARTESIAN_POINT ( 'NONE',  ( -4.681249999999999500, 1.249999999999999300, -0.7216878364870328300 ) ) ;
#209 = DATE_AND_TIME ( #3839, #3117 ) ;
#210 = CARTESIAN_POINT ( 'NONE',  ( 3.781250000000000000, -0.9577164262227504400, -0.5529378364870317600 ) ) ;
#211 = CARTESIAN_POINT ( 'NONE',  ( -4.306250000000000400, -4.938688641342514700E-016, -1.249999999999999800 ) ) ;
#212 = ORIENTED_EDGE ( 'NONE', *, *, #4302, .F. ) ;
#213 = VECTOR ( 'NONE', #4605, 1000.000000000000000 ) ;
#214 = CARTESIAN_POINT ( 'NONE',  ( 4.110963936840223100, -0.6753402573851691200, -1.070178961251316600 ) ) ;
#215 = DIRECTION ( 'NONE',  ( 0.0000000000000000000, 0.0000000000000000000, 1.000000000000000000 ) ) ;
#216 =( BOUNDED_CURVE ( )  B_SPLINE_CURVE ( 2, ( #4128, #1590, #3107, #1237, #923, #4519, #1655, #4477, #879 ),
 .UNSPECIFIED., .F., .F. ) 
 B_SPLINE_CURVE_WITH_KNOTS ( ( 3, 2, 2, 2, 3 ),
 ( 0.1136363636363636500, 0.1212121212121212200, 0.1363636363636363500, 0.1515151515151515200, 0.1590909090909090900 ),
 .UNSPECIFIED. ) 
 CURVE ( )  GEOMETRIC_REPRESENTATION_ITEM ( )  RATIONAL_B_SPLINE_CURVE ( ( 0.9330127018922194100, 0.9330127018922194100, 1.000000000000000000, 0.8660254037844387100, 1.000000000000000000, 0.8660254037844387100, 1.000000000000000000, 0.9330127018922194100, 0.9330127018922194100 ) ) 
 REPRESENTATION_ITEM ( '' )  );
#217 = CARTESIAN_POINT ( 'NONE',  ( 6.777027395018608400, 1.041346784038286600, -0.3368219920271015600 ) ) ;
#218 = CARTESIAN_POINT ( 'NONE',  ( 5.562499999999999100, -0.9577164262227507700, 0.5529378364870311000 ) ) ;
#219 = ADVANCED_FACE ( 'NONE', ( #1491 ), #1314, .F. ) ;
#220 = CARTESIAN_POINT ( 'NONE',  ( 4.287499999999999600, 1.249999999999999600, 0.7216878364870329400 ) ) ;
#221 = CARTESIAN_POINT ( 'NONE',  ( 6.893749999999999800, -0.9577164262227506600, -1.172864355864533800E-016 ) ) ;
#222 = AXIS2_PLACEMENT_3D ( 'NONE', #1932, #1577, #1591 ) ;
#223 = CARTESIAN_POINT ( 'NONE',  ( -6.331250000000000700, -9.877377282685031300E-016, 1.249999999999999800 ) ) ;
#224 = CARTESIAN_POINT ( 'NONE',  ( -4.643749999999999800, -0.9577164262227499900, 1.172864355864533000E-016 ) ) ;
#225 = CARTESIAN_POINT ( 'NONE',  ( -4.737500000000001600, 1.249999999999999300, -0.7216878364870328300 ) ) ;
#226 = CARTESIAN_POINT ( 'NONE',  ( 3.124999999999999600, -1.250000000000000000, -1.530808498934191600E-016 ) ) ;
#227 = CARTESIAN_POINT ( 'NONE',  ( 6.331250000000000700, 8.838126989374223500E-017, -1.443375672974064300 ) ) ;
#228 = CARTESIAN_POINT ( 'NONE',  ( 2.960744989968454400, -1.511897080250314900, 1.881317441191413100 ) ) ;
#229 = ORIENTED_EDGE ( 'NONE', *, *, #3502, .T. ) ;
#230 = CARTESIAN_POINT ( 'NONE',  ( 3.106250000000000200, 0.9577164262227503300, 0.5529378364870319900 ) ) ;
#231 = B_SPLINE_CURVE_WITH_KNOTS ( 'NONE', 3,
 ( #2058, #4594, #1700, #2756, #3509, #2444 ),
 .UNSPECIFIED., .F., .F.,
 ( 4, 2, 4 ),
 ( 0.01307709545963059100, 0.01372269771330019600, 0.01436829996696980000 ),
 .UNSPECIFIED. ) ;
#232 = CARTESIAN_POINT ( 'NONE',  ( -6.949999999999997500, 0.2198669158027810900, -2.250000000000001300 ) ) ;
#233 = EDGE_CURVE ( 'NONE', #491, #679, #1825, .T. ) ;
#234 = CARTESIAN_POINT ( 'NONE',  ( 3.256249999999999600, 1.250000000000000000, -0.7216878364870320500 ) ) ;
#235 = DIRECTION ( 'NONE',  ( -0.0000000000000000000, 0.0000000000000000000, 1.000000000000000000 ) ) ;
#236 = CARTESIAN_POINT ( 'NONE',  ( -6.899200000000000400, 1.245793954082217400, -0.1024569371599316200 ) ) ;
#237 = ORIENTED_EDGE ( 'NONE', *, *, #2141, .F. ) ;
#238 = CARTESIAN_POINT ( 'NONE',  ( 5.112500000000000700, -0.9577164262227508800, 0.5529378364870311000 ) ) ;
#239 = ORIENTED_EDGE ( 'NONE', *, *, #3331, .F. ) ;
#240 = CARTESIAN_POINT ( 'NONE',  ( 7.118750000000000400, 0.9577164262227506600, 0.0000000000000000000 ) ) ;
#241 = FACE_OUTER_BOUND ( 'NONE', #1145, .T. ) ;
#242 = CARTESIAN_POINT ( 'NONE',  ( 6.660151899426307600, -1.162666820842597900, -0.3277156156352600300 ) ) ;
#243 = CARTESIAN_POINT ( 'NONE',  ( -5.412499999999999600, -1.249999999999999800, 0.7216878364870323900 ) ) ;
#244 = CARTESIAN_POINT ( 'NONE',  ( 6.931250000000000400, -0.9577164262227504400, -0.5529378364870317600 ) ) ;
#245 = CARTESIAN_POINT ( 'NONE',  ( 3.983693916357427400, -0.1768218887815205800, -1.101370342580334500 ) ) ;
#246 = CARTESIAN_POINT ( 'NONE',  ( 5.468750000000000000, 0.6250000000000001100, -1.082531754730548400 ) ) ;
#247 = DIRECTION ( 'NONE',  ( 0.0000000000000000000, 0.0000000000000000000, -1.000000000000000000 ) ) ;
#248 = FACE_OUTER_BOUND ( 'NONE', #1073, .T. ) ;
#249 = CARTESIAN_POINT ( 'NONE',  ( 4.081249999999999800, -2.031460654743916600E-016, 1.105875672974062900 ) ) ;
#250 = CARTESIAN_POINT ( 'NONE',  ( -6.749038105676658200, 1.299038105676657800, 2.250000000000000900 ) ) ;
#251 = CARTESIAN_POINT ( 'NONE',  ( 4.087982786773384400, -1.078924666717658000, -0.6175322113324504000 ) ) ;
#252 = ORIENTED_EDGE ( 'NONE', *, *, #1858, .T. ) ;
#253 = ORIENTED_EDGE ( 'NONE', *, *, #4560, .T. ) ;
#254 = CARTESIAN_POINT ( 'NONE',  ( 6.387499999999999300, -2.031460654743916600E-016, 1.105875672974062900 ) ) ;
#255 = EDGE_CURVE ( 'NONE', #4038, #4100, #2570, .T. ) ;
#256 = CARTESIAN_POINT ( 'NONE',  ( 5.825000000000000200, 0.9577164262227506600, 0.0000000000000000000 ) ) ;
#257 = CARTESIAN_POINT ( 'NONE',  ( 6.368750000000000400, -0.4788582131113757200, 0.8294067547305469200 ) ) ;
#258 = ORIENTED_EDGE ( 'NONE', *, *, #3636, .T. ) ;
#259 = CARTESIAN_POINT ( 'NONE',  ( -4.999999999999999100, -0.6249999999999995600, 1.082531754730548400 ) ) ;
#260 = CARTESIAN_POINT ( 'NONE',  ( 3.312499999999999600, 1.250000000000000000, -0.7216878364870320500 ) ) ;
#261 = AXIS2_PLACEMENT_3D ( 'NONE', #4505, #161, #147 ) ;
#262 = CARTESIAN_POINT ( 'NONE',  ( 4.756249999999999600, -2.651438096812267400E-016, 1.443375672974064300 ) ) ;
#263 = CARTESIAN_POINT ( 'NONE',  ( 3.050000000000000300, 0.0000000000000000000, 0.0000000000000000000 ) ) ;
#264 = CARTESIAN_POINT ( 'NONE',  ( 4.381249999999999600, 0.9577164262227506600, -0.5529378364870313200 ) ) ;
#265 = CARTESIAN_POINT ( 'NONE',  ( -4.606249999999999300, 1.250000000000000000, 0.7216878364870319400 ) ) ;
#266 = ORIENTED_EDGE ( 'NONE', *, *, #3862, .F. ) ;
#267 = B_SPLINE_CURVE_WITH_KNOTS ( 'NONE', 3,
 ( #3679, #60, #4365, #1490 ),
 .UNSPECIFIED., .F., .F.,
 ( 4, 4 ),
 ( 0.0006911750978535134100, 0.0007628015341986750000 ),
 .UNSPECIFIED. ) ;
#268 = CARTESIAN_POINT ( 'NONE',  ( 6.904783573777248900, -0.9031866828125473300, 0.3425710391031731000 ) ) ;
#269 = CARTESIAN_POINT ( 'NONE',  ( 6.649999999999999500, 0.4788582131113754400, -0.8294067547305471500 ) ) ;
#270 = CARTESIAN_POINT ( 'NONE',  ( 4.850000000000000500, 0.4788582131113754400, -0.8294067547305471500 ) ) ;
#271 = CARTESIAN_POINT ( 'NONE',  ( 5.993750000000000400, -0.9577164262227506600, -1.172864355864533800E-016 ) ) ;
#272 = FACE_OUTER_BOUND ( 'NONE', #418, .T. ) ;
#273 = CARTESIAN_POINT ( 'NONE',  ( -4.212499999999999500, -0.9577164262227502200, -0.5529378364870306500 ) ) ;
#274 = DIRECTION ( 'NONE',  ( 0.0000000000000000000, 0.0000000000000000000, 1.000000000000000000 ) ) ;
#275 = CARTESIAN_POINT ( 'NONE',  ( -5.450000000000000200, -0.6249999999999995600, 1.082531754730548400 ) ) ;
#276 = CARTESIAN_POINT ( 'NONE',  ( 2.787500000000000100, 8.838126989374223500E-017, -1.443375672974064300 ) ) ;
#277 =( BOUNDED_CURVE ( )  B_SPLINE_CURVE ( 2, ( #1693, #590, #4599, #4256, #2778, #4204, #640, #610, #2434 ),
 .UNSPECIFIED., .F., .F. ) 
 B_SPLINE_CURVE_WITH_KNOTS ( ( 3, 2, 2, 2, 3 ),
 ( 0.7954545454545454100, 0.8030303030303029800, 0.8181818181818182300, 0.8333333333333333700, 0.8409090909090909400 ),
 .UNSPECIFIED. ) 
 CURVE ( )  GEOMETRIC_REPRESENTATION_ITEM ( )  RATIONAL_B_SPLINE_CURVE ( ( 0.9330127018922194100, 0.9330127018922194100, 1.000000000000000000, 0.8660254037844387100, 1.000000000000000000, 0.8660254037844387100, 1.000000000000000000, 0.9330127018922194100, 0.9330127018922194100 ) ) 
 REPRESENTATION_ITEM ( '' )  );
#278 = CARTESIAN_POINT ( 'NONE',  ( 3.893750000000000300, -0.6250000000000005600, 1.082531754730548200 ) ) ;
#279 = CARTESIAN_POINT ( 'NONE',  ( 3.837499999999999900, 0.0000000000000000000, -0.9551764262227507900 ) ) ;
#280 = ORIENTED_EDGE ( 'NONE', *, *, #536, .T. ) ;
#281 = CARTESIAN_POINT ( 'NONE',  ( 6.275000000000000400, 0.9577164262227506600, 0.0000000000000000000 ) ) ;
#282 = CARTESIAN_POINT ( 'NONE',  ( -6.031250000000000000, 1.249999999999999600, -0.7216878364870328300 ) ) ;
#283 =( BOUNDED_CURVE ( )  B_SPLINE_CURVE ( 2, ( #2112, #3609, #1413, #3262, #745, #3227, #1763, #4301, #3958 ),
 .UNSPECIFIED., .F., .F. ) 
 B_SPLINE_CURVE_WITH_KNOTS ( ( 3, 2, 2, 2, 3 ),
 ( 0.5250000000000000200, 0.5333333333333333300, 0.5500000000000000400, 0.5666666666666666500, 0.5750000000000000700 ),
 .UNSPECIFIED. ) 
 CURVE ( )  GEOMETRIC_REPRESENTATION_ITEM ( )  RATIONAL_B_SPLINE_CURVE ( ( 0.9330127018922194100, 0.9330127018922194100, 1.000000000000000000, 0.8660254037844387100, 1.000000000000000000, 0.8660254037844387100, 1.000000000000000000, 0.9330127018922189700, 0.9330127018922194100 ) ) 
 REPRESENTATION_ITEM ( '' )  );
#284 = CARTESIAN_POINT ( 'NONE',  ( -6.749038105676658200, 1.299038105676657800, 2.250000000000000900 ) ) ;
#285 = EDGE_CURVE ( 'NONE', #1240, #1384, #3952, .T. ) ;
#286 = CARTESIAN_POINT ( 'NONE',  ( 3.837499999999999900, 0.0000000000000000000, -0.9551764262227507900 ) ) ;
#287 = CARTESIAN_POINT ( 'NONE',  ( 5.599999999999999600, 1.250000000000000000, 0.0000000000000000000 ) ) ;
#288 = CARTESIAN_POINT ( 'NONE',  ( 6.904783573777248100, -0.9610615824945876200, 0.09727145262181927100 ) ) ;
#289 = CARTESIAN_POINT ( 'NONE',  ( 6.724999999999999600, 0.9577164262227506600, 0.0000000000000000000 ) ) ;
#290 = CARTESIAN_POINT ( 'NONE',  ( -4.306250000000000400, -4.938688641342514700E-016, -1.249999999999999800 ) ) ;
#291 = ORIENTED_EDGE ( 'NONE', *, *, #4531, .T. ) ;
#292 = ORIENTED_EDGE ( 'NONE', *, *, #2036, .F. ) ;
#293 = CARTESIAN_POINT ( 'NONE',  ( 5.768750000000000700, 0.9577164262227506600, 0.0000000000000000000 ) ) ;
#294 = AXIS2_PLACEMENT_3D ( 'NONE', #1505, #3321, #4044 ) ;
#295 = CARTESIAN_POINT ( 'NONE',  ( -4.249999999999999100, -0.9577164262227499900, 1.172864355864533000E-016 ) ) ;
#296 = ORIENTED_EDGE ( 'NONE', *, *, #698, .F. ) ;
#297 = DIRECTION ( 'NONE',  ( -1.000000000000000000, -0.0000000000000000000, -0.0000000000000000000 ) ) ;
#298 = CARTESIAN_POINT ( 'NONE',  ( -5.899999999999999500, -0.6249999999999995600, 1.082531754730548400 ) ) ;
#299 = CARTESIAN_POINT ( 'NONE',  ( 7.118750000000000400, 0.9577164262227506600, 0.0000000000000000000 ) ) ;
#300 = CARTESIAN_POINT ( 'NONE',  ( -2.562499999999999600, -4.938688641342514700E-016, -1.249999999999999800 ) ) ;
#301 = ADVANCED_FACE ( 'NONE', ( #2749 ), #1601, .T. ) ;
#302 = CARTESIAN_POINT ( 'NONE',  ( 5.637500000000001100, -0.9577164262227504400, -0.5529378364870317600 ) ) ;
#304 = EDGE_LOOP ( 'NONE', ( #2225, #595, #3610 ) ) ;
#303 = CARTESIAN_POINT ( 'NONE',  ( -5.468750000000000000, 0.6250000000000000000, 1.082531754730548200 ) ) ;
#305 = AXIS2_PLACEMENT_3D ( 'NONE', #3086, #3796, #3151 ) ;
#306 = B_SPLINE_CURVE_WITH_KNOTS ( 'NONE', 3,
 ( #3817, #3871, #1653, #2004, #1297, #3092 ),
 .UNSPECIFIED., .F., .F.,
 ( 4, 2, 4 ),
 ( 0.001314652396222797800, 0.001969405109320638500, 0.002624157822418479000 ),
 .UNSPECIFIED. ) ;
#307 = EDGE_CURVE ( 'NONE', #4447, #4380, #3883, .T. ) ;
#308 = CONICAL_SURFACE ( 'NONE', #4595, 2.250000000000000000, 1.047197551196600100 ) ;
#309 = CARTESIAN_POINT ( 'NONE',  ( -3.912499999999999200, -4.938688641342514700E-016, -1.249999999999999800 ) ) ;
#310 = CARTESIAN_POINT ( 'NONE',  ( 0.0000000000000000000, 1.169753752994699400E-016, -0.9551764262227506700 ) ) ;
#311 = CARTESIAN_POINT ( 'NONE',  ( 5.412499999999999600, -1.250000000000000000, -0.7216878364870325000 ) ) ;
#312 = CARTESIAN_POINT ( 'NONE',  ( 3.929415631740039000, 1.038237833497704700, 0.1919005401875865400 ) ) ;
#313 = ORIENTED_EDGE ( 'NONE', *, *, #3622, .T. ) ;
#314 = CARTESIAN_POINT ( 'NONE',  ( -3.462499999999999500, 6.771535515813051300E-017, 1.105875672974062000 ) ) ;
#315 = DIRECTION ( 'NONE',  ( 1.000000000000000000, 0.0000000000000000000, 0.0000000000000000000 ) ) ;
#316 = CARTESIAN_POINT ( 'NONE',  ( -4.324999999999999300, -0.4788582131113747800, 0.8294067547305465900 ) ) ;
#317 = CARTESIAN_POINT ( 'NONE',  ( 6.949999999999999300, 0.0000000000000000000, 0.9125000000000000900 ) ) ;
#318 = CARTESIAN_POINT ( 'NONE',  ( -5.637500000000001100, 1.249999999999999600, -0.7216878364870328300 ) ) ;
#319 = CARTESIAN_POINT ( 'NONE',  ( 5.993750000000000400, -0.9577164262227506600, -1.172864355864533800E-016 ) ) ;
#320 = CARTESIAN_POINT ( 'NONE',  ( 2.881250000000000100, -0.9577164262227504400, -0.5529378364870317600 ) ) ;
#321 = CARTESIAN_POINT ( 'NONE',  ( -4.868749999999999500, -1.249999999999999800, 1.530808498934191300E-016 ) ) ;
#322 = CARTESIAN_POINT ( 'NONE',  ( -3.462499999999999900, -4.938688641342514700E-016, -1.249999999999999800 ) ) ;
#323 = ORIENTED_EDGE ( 'NONE', *, *, #4094, .F. ) ;
#324 = CARTESIAN_POINT ( 'NONE',  ( -5.431249999999999500, 1.743066579297358300E-016, 1.249999999999999600 ) ) ;
#325 = CARTESIAN_POINT ( 'NONE',  ( 4.999999999999999100, -0.6249999999999996700, -1.082531754730548400 ) ) ;
#326 = CARTESIAN_POINT ( 'NONE',  ( 3.875607947532404100, 0.5275748373728181800, -0.8526145996734310100 ) ) ;
#327 = CARTESIAN_POINT ( 'NONE',  ( -2.937499999999998700, -0.9577164262227497700, 0.5529378364870313200 ) ) ;
#328 = ORIENTED_EDGE ( 'NONE', *, *, #2355, .T. ) ;
#329 = EDGE_CURVE ( 'NONE', #3329, #910, #786, .T. ) ;
#330 = ADVANCED_FACE ( 'NONE', ( #1775 ), #2644, .T. ) ;
#331 = CARTESIAN_POINT ( 'NONE',  ( -6.256249999999999600, 0.9577164262227496600, -0.5529378364870315400 ) ) ;
#332 = CARTESIAN_POINT ( 'NONE',  ( -6.518749999999998900, -0.4788582131113747800, 0.8294067547305465900 ) ) ;
#333 = CARTESIAN_POINT ( 'NONE',  ( -2.731249999999999700, -4.706279764102867600E-015, 1.249999999999999600 ) ) ;
#334 = CARTESIAN_POINT ( 'NONE',  ( -3.199999999999999700, -0.6249999999999995600, 1.082531754730548400 ) ) ;
#335 = CARTESIAN_POINT ( 'NONE',  ( 5.693749999999999600, 0.4788582131113754400, -0.8294067547305471500 ) ) ;
#336 = AXIS2_PLACEMENT_3D ( 'NONE', #3150, #3863, #965 ) ;
#337 = CARTESIAN_POINT ( 'NONE',  ( -2.525000000000000400, 0.6249999999999990000, -1.082531754730548600 ) ) ;
#338 = CARTESIAN_POINT ( 'NONE',  ( 6.500000000000000000, -0.9577164262227506600, -1.172864355864533800E-016 ) ) ;
#339 = CARTESIAN_POINT ( 'NONE',  ( -5.168749999999999300, 0.6249999999999990000, -1.082531754730548600 ) ) ;
#340 = CARTESIAN_POINT ( 'NONE',  ( -3.442403810567666000, 0.3349364905389027300, -1.250000000000000000 ) ) ;
#341 = LINE ( 'NONE', #2356, #2717 ) ;
#342 = PERSON_AND_ORGANIZATION ( #4603, #566 ) ;
#343 = CARTESIAN_POINT ( 'NONE',  ( 4.011482200758375200, 9.916886791815769500E-013, -1.129158626981126700 ) ) ;
#344 = CARTESIAN_POINT ( 'NONE',  ( 6.012499999999999300, 1.250000000000000000, -0.7216878364870320500 ) ) ;
#345 = DIRECTION ( 'NONE',  ( 0.0000000000000000000, 0.0000000000000000000, -1.000000000000000000 ) ) ;
#346 =( GEOMETRIC_REPRESENTATION_CONTEXT ( 3 ) GLOBAL_UNCERTAINTY_ASSIGNED_CONTEXT ( ( #1543 ) ) GLOBAL_UNIT_ASSIGNED_CONTEXT ( ( #1518, #3408, #3726 ) ) REPRESENTATION_CONTEXT ( 'NONE', 'WORKASPACE' ) );
#347 = ORIENTED_EDGE ( 'NONE', *, *, #371, .T. ) ;
#348 = VECTOR ( 'NONE', #4619, 1000.000000000000000 ) ;
#349 = CARTESIAN_POINT ( 'NONE',  ( -6.600042994495865400, 0.5592169357623446600, 0.7830116245762747100 ) ) ;
#350 = CARTESIAN_POINT ( 'NONE',  ( -5.581249999999999800, -0.9577164262227497700, 0.5529378364870313200 ) ) ;
#351 = CARTESIAN_POINT ( 'NONE',  ( -3.274999999999999900, 0.6250000000000000000, 1.082531754730548200 ) ) ;
#352 = CARTESIAN_POINT ( 'NONE',  ( 6.576346189432333000, -0.3349364905389037900, 1.249999999999999800 ) ) ;
#353 = CARTESIAN_POINT ( 'NONE',  ( 5.037500000000000500, -2.031460654743916600E-016, 1.105875672974062900 ) ) ;
#354 = CARTESIAN_POINT ( 'NONE',  ( -3.968750000000000000, -1.249999999999999800, 1.530808498934191300E-016 ) ) ;
#355 = CARTESIAN_POINT ( 'NONE',  ( 6.575000000000000200, -0.4788582131113751100, -0.8294067547305472600 ) ) ;
#356 = ORIENTED_EDGE ( 'NONE', *, *, #1170, .F. ) ;
#357 = EDGE_CURVE ( 'NONE', #977, #646, #3996, .T. ) ;
#358 = CARTESIAN_POINT ( 'NONE',  ( 3.818750000000000500, -0.4788582131113751100, -0.8294067547305472600 ) ) ;
#359 = DIRECTION ( 'NONE',  ( 0.0000000000000000000, 0.0000000000000000000, -1.000000000000000000 ) ) ;
#360 = CARTESIAN_POINT ( 'NONE',  ( 6.349999999999999600, -0.6249999999999996700, -1.082531754730548400 ) ) ;
#361 = DIRECTION ( 'NONE',  ( 1.000000000000000000, 0.0000000000000000000, 0.0000000000000000000 ) ) ;
#362 = CARTESIAN_POINT ( 'NONE',  ( -2.150000000000000800, 0.0000000000000000000, 0.0000000000000000000 ) ) ;
#363 = CARTESIAN_POINT ( 'NONE',  ( -5.618749999999999500, -0.4788582131113747800, 0.8294067547305465900 ) ) ;
#364 = CARTESIAN_POINT ( 'NONE',  ( -6.218749999999999100, 0.9577164262227499900, 0.0000000000000000000 ) ) ;
#365 = CARTESIAN_POINT ( 'NONE',  ( -2.637500000000000200, -1.250000000000000000, -0.7216878364870315000 ) ) ;
#366 = ORIENTED_EDGE ( 'NONE', *, *, #4513, .T. ) ;
#367 = ORIENTED_EDGE ( 'NONE', *, *, #3091, .F. ) ;
#368 = CARTESIAN_POINT ( 'NONE',  ( -6.837499999999998600, -2.031460654743915200E-016, -1.105875672974062000 ) ) ;
#369 = VECTOR ( 'NONE', #802, 1000.000000000000000 ) ;
#370 = CARTESIAN_POINT ( 'NONE',  ( -6.612499999999999800, 6.771535515813051300E-017, 1.105875672974062000 ) ) ;
#371 = EDGE_CURVE ( 'NONE', #3722, #3881, #3756, .T. ) ;
#372 = CARTESIAN_POINT ( 'NONE',  ( 6.537499999999999600, 1.249999999999999600, 0.7216878364870329400 ) ) ;
#373 = VECTOR ( 'NONE', #3826, 1000.000000000000000 ) ;
#374 = CARTESIAN_POINT ( 'NONE',  ( 5.281250000000000000, 0.9577164262227506600, -0.5529378364870313200 ) ) ;
#375 = CARTESIAN_POINT ( 'NONE',  ( -5.732596189432333800, -0.3349364905389037300, -1.249999999999999600 ) ) ;
#376 = CARTESIAN_POINT ( 'NONE',  ( 4.737500000000000700, 1.249999999999999800, 0.7216878364870329400 ) ) ;
#377 = DIRECTION ( 'NONE',  ( -1.000000000000000000, 0.0000000000000000000, 0.0000000000000000000 ) ) ;
#378 = ORIENTED_EDGE ( 'NONE', *, *, #755, .T. ) ;
#379 = ORIENTED_EDGE ( 'NONE', *, *, #1135, .F. ) ;
#380 = CARTESIAN_POINT ( 'NONE',  ( -5.431250000000000400, -2.031460654743915200E-016, -1.105875672974062000 ) ) ;
#381 = VERTEX_POINT ( 'NONE', #290 ) ;
#382 = CARTESIAN_POINT ( 'NONE',  ( -7.118749999999999500, 0.9577164262227499900, 0.0000000000000000000 ) ) ;
#383 = CARTESIAN_POINT ( 'NONE',  ( -3.387499999999999700, 1.249999999999999600, -0.7216878364870328300 ) ) ;
#384 = PRODUCT_DEFINITION_SHAPE ( 'NONE', 'NONE',  #2283 ) ;
#385 = CARTESIAN_POINT ( 'NONE',  ( -5.524999999999999500, -0.4788582131113754400, -0.8294067547305463700 ) ) ;
#386 = CARTESIAN_POINT ( 'NONE',  ( -2.656249999999999600, -1.249999999999999800, 0.7216878364870323900 ) ) ;
#387 = ORIENTED_EDGE ( 'NONE', *, *, #1797, .F. ) ;
#388 = EDGE_CURVE ( 'NONE', #1358, #4617, #3108, .T. ) ;
#389 = DIRECTION ( 'NONE',  ( 0.0000000000000000000, 0.0000000000000000000, 1.000000000000000000 ) ) ;
#390 = CARTESIAN_POINT ( 'NONE',  ( 3.293750000000000200, -0.9577164262227506600, -1.172864355864533800E-016 ) ) ;
#391 = DIRECTION ( 'NONE',  ( 0.0000000000000000000, 0.0000000000000000000, -1.000000000000000000 ) ) ;
#392 = CARTESIAN_POINT ( 'NONE',  ( 4.662499999999999600, 1.250000000000000000, -0.7216878364870320500 ) ) ;
#393 = CARTESIAN_POINT ( 'NONE',  ( 4.493749999999999500, -0.6249999999999996700, -1.082531754730548400 ) ) ;
#394 = CARTESIAN_POINT ( 'NONE',  ( -2.150000000000000800, 1.530808498934191600E-016, -1.250000000000000000 ) ) ;
#395 = CARTESIAN_POINT ( 'NONE',  ( -6.481249999999999300, -0.9577164262227497700, 0.5529378364870313200 ) ) ;
#396 = VECTOR ( 'NONE', #3424, 1000.000000000000000 ) ;
#397 = CARTESIAN_POINT ( 'NONE',  ( -6.668749999999999300, 0.9577164262227499900, 0.0000000000000000000 ) ) ;
#398 = CARTESIAN_POINT ( 'NONE',  ( -2.150000000000000800, 0.0000000000000000000, 0.0000000000000000000 ) ) ;
#399 = CARTESIAN_POINT ( 'NONE',  ( -4.774999999999999500, 0.6249999999999990000, -1.082531754730548600 ) ) ;
#400 = CARTESIAN_POINT ( 'NONE',  ( -5.749999999999999100, 0.4788582131113751100, 0.8294067547305464800 ) ) ;
#401 = CONICAL_SURFACE ( 'NONE', #4455, 0.9551764262227507900, 0.7853981633974498300 ) ;
#402 = CARTESIAN_POINT ( 'NONE',  ( -6.499999999999999100, -0.9577164262227499900, 1.172864355864533000E-016 ) ) ;
#403 = LINE ( 'NONE', #1060, #687 ) ;
#404 = ORIENTED_EDGE ( 'NONE', *, *, #3906, .F. ) ;
#405 = CARTESIAN_POINT ( 'NONE',  ( 5.243750000000000400, 0.4788582131113754400, -0.8294067547305471500 ) ) ;
#406 = CARTESIAN_POINT ( 'NONE',  ( -4.437500000000000000, -1.250000000000000000, -0.7216878364870316100 ) ) ;
#407 = CARTESIAN_POINT ( 'NONE',  ( -6.899199999999999600, 0.9545412095701117900, 0.8070632436385807300 ) ) ;
#408 = DIRECTION ( 'NONE',  ( -1.000000000000000000, -0.0000000000000000000, -0.0000000000000000000 ) ) ;
#409 = CC_DESIGN_APPROVAL ( #4320, ( #3079 ) ) ;
#410 = CARTESIAN_POINT ( 'NONE',  ( -3.593749999999999600, 0.4788582131113742800, -0.8294067547305469200 ) ) ;
#411 = CARTESIAN_POINT ( 'NONE',  ( -2.956250000000000300, 6.771535515813051300E-017, 1.105875672974062000 ) ) ;
#412 = DIRECTION ( 'NONE',  ( 0.0000000000000000000, 0.0000000000000000000, 1.000000000000000000 ) ) ;
#413 = ORIENTED_EDGE ( 'NONE', *, *, #4560, .F. ) ;
#414 = CARTESIAN_POINT ( 'NONE',  ( 4.112838305733189900, 0.7050551802127329500, -1.018841449468453900 ) ) ;
#415 = EDGE_LOOP ( 'NONE', ( #3254, #2498, #3285, #808 ) ) ;
#416 = CARTESIAN_POINT ( 'NONE',  ( -6.124999999999999100, -0.4788582131113747800, 0.8294067547305465900 ) ) ;
#418 = EDGE_LOOP ( 'NONE', ( #1727, #825, #2251, #296 ) ) ;
#417 = CARTESIAN_POINT ( 'NONE',  ( -5.074999999999999300, -0.4788582131113754400, -0.8294067547305463700 ) ) ;
#419 = DIRECTION ( 'NONE',  ( 0.0000000000000000000, 0.5000000000000003300, 0.8660254037844383700 ) ) ;
#420 = EDGE_CURVE ( 'NONE', #1782, #4038, #1956, .T. ) ;
#421 = CARTESIAN_POINT ( 'NONE',  ( 6.949999999999999300, 0.0000000000000000000, 0.9125000000000000900 ) ) ;
#422 = CARTESIAN_POINT ( 'NONE',  ( -5.937499999999999100, -9.877377282685031300E-016, 1.249999999999999800 ) ) ;
#423 = ORIENTED_EDGE ( 'NONE', *, *, #4360, .T. ) ;
#424 = DIRECTION ( 'NONE',  ( -1.000000000000000000, 0.0000000000000000000, 0.0000000000000000000 ) ) ;
#425 = ORIENTED_EDGE ( 'NONE', *, *, #2597, .T. ) ;
#426 = CARTESIAN_POINT ( 'NONE',  ( -3.031249999999999100, 0.9577164262227498800, 0.5529378364870308800 ) ) ;
#427 = AXIS2_PLACEMENT_3D ( 'NONE', #3985, #58, #2160 ) ;
#428 = CARTESIAN_POINT ( 'NONE',  ( -2.843750000000000000, -0.9577164262227499900, 1.172864355864533000E-016 ) ) ;
#429 = CYLINDRICAL_SURFACE ( 'NONE', #3702, 1.250000000000000000 ) ;
#430 = CARTESIAN_POINT ( 'NONE',  ( 4.493750000000000400, 0.4788582131113746100, 0.8294067547305475900 ) ) ;
#431 = CARTESIAN_POINT ( 'NONE',  ( -4.699999999999999300, -0.9577164262227499900, 1.172864355864533000E-016 ) ) ;
#432 =( BOUNDED_CURVE ( )  B_SPLINE_CURVE ( 2, ( #47, #4394, #30, #2586, #1430, #406, #769, #3651, #2541 ),
 .UNSPECIFIED., .F., .F. ) 
 B_SPLINE_CURVE_WITH_KNOTS ( ( 3, 2, 2, 2, 3 ),
 ( 0.4772727272727272900, 0.4848484848484848600, 0.5000000000000000000, 0.5151515151515151400, 0.5227272727272727100 ),
 .UNSPECIFIED. ) 
 CURVE ( )  GEOMETRIC_REPRESENTATION_ITEM ( )  RATIONAL_B_SPLINE_CURVE ( ( 0.9330127018922194100, 0.9330127018922194100, 1.000000000000000000, 0.8660254037844387100, 1.000000000000000000, 0.8660254037844387100, 1.000000000000000000, 0.9330127018922194100, 0.9330127018922194100 ) ) 
 REPRESENTATION_ITEM ( '' )  );
#433 = CARTESIAN_POINT ( 'NONE',  ( 3.800000000000000300, -0.9577164262227506600, -1.172864355864533800E-016 ) ) ;
#434 = CARTESIAN_POINT ( 'NONE',  ( -6.556249999999998600, -4.938688641342514700E-016, -1.249999999999999800 ) ) ;
#435 = APPLICATION_CONTEXT ( 'configuration controlled 3d designs of mechanical parts and assemblies' ) ;
#436 =( BOUNDED_CURVE ( )  B_SPLINE_CURVE ( 2, ( #1972, #935, #4502, #1958, #1986, #1277, #4528, #2340, #1262 ),
 .UNSPECIFIED., .F., .F. ) 
 B_SPLINE_CURVE_WITH_KNOTS ( ( 3, 2, 2, 2, 3 ),
 ( 0.3750000000000000000, 0.3833333333333333600, 0.4000000000000000200, 0.4166666666666666900, 0.4250000000000000400 ),
 .UNSPECIFIED. ) 
 CURVE ( )  GEOMETRIC_REPRESENTATION_ITEM ( )  RATIONAL_B_SPLINE_CURVE ( ( 0.9330127018922194100, 0.9330127018922194100, 1.000000000000000000, 0.8660254037844387100, 1.000000000000000000, 0.8660254037844387100, 1.000000000000000000, 0.9330127018922191900, 0.9330127018922194100 ) ) 
 REPRESENTATION_ITEM ( '' )  );
#437 = DIRECTION ( 'NONE',  ( 0.0000000000000000000, 0.0000000000000000000, 1.000000000000000000 ) ) ;
#438 = ORIENTED_EDGE ( 'NONE', *, *, #507, .T. ) ;
#439 = CARTESIAN_POINT ( 'NONE',  ( -5.749999999999999100, 0.4788582131113751100, 0.8294067547305464800 ) ) ;
#440 = CARTESIAN_POINT ( 'NONE',  ( -4.043749999999999300, 0.4788582131113742800, -0.8294067547305469200 ) ) ;
#441 = CARTESIAN_POINT ( 'NONE',  ( -4.006249999999999600, 0.9577164262227496600, -0.5529378364870315400 ) ) ;
#442 = CARTESIAN_POINT ( 'NONE',  ( 4.306250000000000400, 6.771535515813057500E-017, -1.105875672974062900 ) ) ;
#443 = CARTESIAN_POINT ( 'NONE',  ( -5.449999999999999300, 0.4788582131113742800, -0.8294067547305469200 ) ) ;
#444 = EDGE_CURVE ( 'NONE', #2231, #679, #4387, .T. ) ;
#445 = CARTESIAN_POINT ( 'NONE',  ( 2.975000000000000100, -0.4788582131113751100, -0.8294067547305472600 ) ) ;
#446 = CARTESIAN_POINT ( 'NONE',  ( -5.581249999999999800, 1.249999999999999300, -0.7216878364870328300 ) ) ;
#447 = CARTESIAN_POINT ( 'NONE',  ( -2.582596189432334400, -0.3349364905389037300, -1.249999999999999600 ) ) ;
#448 = CYLINDRICAL_SURFACE ( 'NONE', #1537, 1.250000000000000000 ) ;
#449 = PERSON_AND_ORGANIZATION ( #4603, #566 ) ;
#450 = CARTESIAN_POINT ( 'NONE',  ( -5.824999999999999300, 0.9577164262227499900, 0.0000000000000000000 ) ) ;
#451 = CARTESIAN_POINT ( 'NONE',  ( 3.012500000000000200, 6.771535515813057500E-017, -1.105875672974062900 ) ) ;
#452 = CARTESIAN_POINT ( 'NONE',  ( -3.481249999999999700, 0.9577164262227498800, 0.5529378364870308800 ) ) ;
#453 = CARTESIAN_POINT ( 'NONE',  ( -5.093749999999999100, -0.9577164262227499900, 1.172864355864533000E-016 ) ) ;
#454 = CARTESIAN_POINT ( 'NONE',  ( 5.993750000000000400, -0.9577164262227506600, -1.172864355864533800E-016 ) ) ;
#455 = VERTEX_POINT ( 'NONE', #2748 ) ;
#456 = FACE_OUTER_BOUND ( 'NONE', #1395, .T. ) ;
#457 = CALENDAR_DATE ( 2021, 9, 7 ) ;
#458 = AXIS2_PLACEMENT_3D ( 'NONE', #263, #3162, #3178 ) ;
#459 = EDGE_CURVE ( 'NONE', #1843, #2866, #2616, .T. ) ;
#460 = DIRECTION ( 'NONE',  ( 1.000000000000000000, 0.0000000000000000000, 0.0000000000000000000 ) ) ;
#461 = CARTESIAN_POINT ( 'NONE',  ( -5.187499999999999100, -0.9577164262227497700, 0.5529378364870313200 ) ) ;
#462 = CARTESIAN_POINT ( 'NONE',  ( 4.962499999999999500, 0.9577164262227503300, 0.5529378364870319900 ) ) ;
#463 =( BOUNDED_CURVE ( )  B_SPLINE_CURVE ( 2, ( #1813, #3686, #3304, #1161, #1133, #2584, #2944, #4013, #3334 ),
 .UNSPECIFIED., .F., .F. ) 
 B_SPLINE_CURVE_WITH_KNOTS ( ( 3, 2, 2, 2, 3 ),
 ( 0.2954545454545454700, 0.3030303030303030400, 0.3181818181818181800, 0.3333333333333333100, 0.3409090909090909400 ),
 .UNSPECIFIED. ) 
 CURVE ( )  GEOMETRIC_REPRESENTATION_ITEM ( )  RATIONAL_B_SPLINE_CURVE ( ( 0.9330127018922194100, 0.9330127018922194100, 1.000000000000000000, 0.8660254037844387100, 1.000000000000000000, 0.8660254037844387100, 1.000000000000000000, 0.9330127018922191900, 0.9330127018922194100 ) ) 
 REPRESENTATION_ITEM ( '' )  );
#464 = EDGE_LOOP ( 'NONE', ( #1113, #2937, #4282, #2755 ) ) ;
#465 = CARTESIAN_POINT ( 'NONE',  ( -5.187499999999999100, -0.9577164262227497700, 0.5529378364870313200 ) ) ;
#466 = CARTESIAN_POINT ( 'NONE',  ( 4.400000000000000400, 0.4788582131113754400, -0.8294067547305471500 ) ) ;
#467 = CARTESIAN_POINT ( 'NONE',  ( -2.768749999999999400, -0.4788582131113754400, -0.8294067547305463700 ) ) ;
#468 = CARTESIAN_POINT ( 'NONE',  ( -4.043749999999999300, 0.4788582131113742800, -0.8294067547305469200 ) ) ;
#469 = CARTESIAN_POINT ( 'NONE',  ( 4.718750000000000900, -0.4788582131113751100, -0.8294067547305472600 ) ) ;
#470 = ADVANCED_FACE ( 'NONE', ( #3385 ), #3842, .T. ) ;
#471 = DIRECTION ( 'NONE',  ( 0.0000000000000000000, 0.0000000000000000000, 1.000000000000000000 ) ) ;
#472 = CARTESIAN_POINT ( 'NONE',  ( -3.932596189432334500, -0.3349364905389037300, -1.249999999999999600 ) ) ;
#473 = CARTESIAN_POINT ( 'NONE',  ( -4.399999999999999500, 0.4788582131113751100, 0.8294067547305464800 ) ) ;
#474 = ORIENTED_EDGE ( 'NONE', *, *, #2719, .T. ) ;
#475 = CARTESIAN_POINT ( 'NONE',  ( 6.142403810567666200, 0.3349364905389027300, 1.250000000000000000 ) ) ;
#476 = CARTESIAN_POINT ( 'NONE',  ( 4.925000000000000700, 0.9577164262227506600, 0.0000000000000000000 ) ) ;
#477 = EDGE_LOOP ( 'NONE', ( #1193, #31, #1733, #1860 ) ) ;
#478 = VECTOR ( 'NONE', #1224, 1000.000000000000000 ) ;
#479 = MECHANICAL_CONTEXT ( 'NONE', #4087, 'mechanical' ) ;
#480 =( BOUNDED_SURFACE ( )  B_SPLINE_SURFACE ( 1, 2, ( 
 ( #3235, #3634, #2552, #3601, #1404, #1438, #3980, #3948, #4341, #368, #1811, #1119, #1840, #41, #2941, #2596, #2911, #764, #4386, #24, #3657, #2580, #739, #2219, #3671, #1483, #3315, #1455, #416, #4021, #1468, #2924, #2204, #1088, #3995, #53, #3286, #2957, #400, #752, #3646, #778, #2566, #3302, #385, #4358, #2187, #1103, #4010, #1824, #4373, #2071, #721, #2184, #3064, #569, #3581, #686, #1651, #4305, #673, #2499, #2001, #905, #3103, #3212, #2858, #4649, #4165, #3596, #1388, #3459, #1400, #3474, #4612, #1749, #316, #1263, #295, #273, #4287, #4664, #2118, #3924, #3943, #2482, #3800, #171, #3230, #652, #2844, #2132, #2721, #3815, #1041, #1372, #2738, #2460, #2825, #1765, #1024, #3088, #1278, #554, #4529, #1635, #4629, #1732, #918, #3192, #1987, #2369, #183, #1007, #4180, #3910, #2097, #3559, #4271, #720, #2872, #2166, #2215, #2890, #1100, #2183, #3978, #4322, #4355 ),
 ( #382, #1778, #3612, #3299, #2148, #3655, #2577, #22, #2919, #3667, #2517, #750, #397, #3264, #2549, #1808, #332, #4368, #1465, #4007, #2563, #1420, #760, #1820, #364, #1069, #3643, #704, #3961, #2200, #3248, #38, #1084, #3630, #1837, #8, #1054, #4679, #2531, #2938, #3311, #350, #1435, #1115, #1478, #3281, #1792, #4019, #4338, #2908, #4383, #736, #1451, #3990, #453, #2274, #1867, #775, #2968, #2995, #2652, #4438, #4031, #3384, #3370, #3326, #1183, #3344, #4411, #1538, #101, #1130, #89, #76, #4078, #4456, #1896, #1168, #3729, #2255, #3682, #51, #468, #441, #2635, #4091, #2591, #3693, #3717, #1155, #2607, #2244, #2622, #3009, #817, #2954, #1143, #1912, #4399, #1494, #4424, #1524, #789, #2982, #833, #1554, #1851, #805, #2228, #3706, #1879, #411, #64, #1510, #428, #3357, #4049, #4066, #886, #1955, #3755, #4108, #4139, #1630, #115, #4470, #3441, #155, #1570 ) ),
 .UNSPECIFIED., .F., .F., .F. ) 
 B_SPLINE_SURFACE_WITH_KNOTS ( ( 2, 2 ),
 ( 3, 2, 2, 2, 2, 2, 2, 2, 2, 2, 2, 2, 2, 2, 2, 2, 2, 2, 2, 2, 2, 2, 2, 2, 2, 2, 2, 2, 2, 2, 2, 2, 2, 2, 2, 2, 2, 2, 2, 2, 2, 2, 2, 2, 2, 2, 2, 2, 2, 2, 2, 2, 2, 2, 2, 2, 2, 2, 2, 2, 2, 2, 2, 2, 3 ),
 ( 0.0000000000000000000, 1.000000000000000000 ),
 ( 0.0000000000000000000, 0.01515151515151515200, 0.03030303030303030400, 0.04545454545454545600, 0.06060606060606060800, 0.07575757575757576000, 0.09090909090909091200, 0.1060606060606060600, 0.1212121212121212200, 0.1363636363636363500, 0.1515151515151515200, 0.1666666666666666600, 0.1818181818181818200, 0.1969696969696969600, 0.2121212121212121300, 0.2272727272727272700, 0.2424242424242424300, 0.2575757575757575700, 0.2727272727272727100, 0.2878787878787879000, 0.3030303030303030400, 0.3181818181818181800, 0.3333333333333333100, 0.3484848484848485100, 0.3636363636363636500, 0.3787878787878787800, 0.3939393939393939200, 0.4090909090909091200, 0.4242424242424242500, 0.4393939393939393900, 0.4545454545454545300, 0.4696969696969697200, 0.4848484848484848600, 0.5000000000000000000, 0.5151515151515151400, 0.5303030303030302800, 0.5454545454545454100, 0.5606060606060605500, 0.5757575757575758000, 0.5909090909090909400, 0.6060606060606060800, 0.6212121212121212200, 0.6363636363636363500, 0.6515151515151514900, 0.6666666666666666300, 0.6818181818181817700, 0.6969696969696970200, 0.7121212121212121500, 0.7272727272727272900, 0.7424242424242424300, 0.7575757575757575700, 0.7727272727272727100, 0.7878787878787878500, 0.8030303030303029800, 0.8181818181818182300, 0.8333333333333333700, 0.8484848484848485100, 0.8636363636363636500, 0.8787878787878787800, 0.8939393939393939200, 0.9090909090909090600, 0.9242424242424242000, 0.9393939393939394500, 0.9545454545454545900, 0.9696969696969697200 ),
 .UNSPECIFIED. ) 
 GEOMETRIC_REPRESENTATION_ITEM ( )  RATIONAL_B_SPLINE_SURFACE ( (
 ( 1.000000000000000000, 0.8660254037844387100, 1.000000000000000000, 0.8660254037844387100, 1.000000000000000000, 0.8660254037844387100, 1.000000000000000000, 0.8660254037844387100, 1.000000000000000000, 0.8660254037844387100, 1.000000000000000000, 0.8660254037844387100, 1.000000000000000000, 0.8660254037844387100, 1.000000000000000000, 0.8660254037844387100, 1.000000000000000000, 0.8660254037844387100, 1.000000000000000000, 0.8660254037844387100, 1.000000000000000000, 0.8660254037844387100, 1.000000000000000000, 0.8660254037844387100, 1.000000000000000000, 0.8660254037844387100, 1.000000000000000000, 0.8660254037844387100, 1.000000000000000000, 0.8660254037844387100, 1.000000000000000000, 0.8660254037844387100, 1.000000000000000000, 0.8660254037844387100, 1.000000000000000000, 0.8660254037844387100, 1.000000000000000000, 0.8660254037844387100, 1.000000000000000000, 0.8660254037844387100, 1.000000000000000000, 0.8660254037844387100, 1.000000000000000000, 0.8660254037844387100, 1.000000000000000000, 0.8660254037844387100, 1.000000000000000000, 0.8660254037844387100, 1.000000000000000000, 0.8660254037844387100, 1.000000000000000000, 0.8660254037844387100, 1.000000000000000000, 0.8660254037844387100, 1.000000000000000000, 0.8660254037844387100, 1.000000000000000000, 0.8660254037844387100, 1.000000000000000000, 0.8660254037844387100, 1.000000000000000000, 0.8660254037844387100, 1.000000000000000000, 0.8660254037844387100, 1.000000000000000000, 0.8660254037844387100, 1.000000000000000000, 0.8660254037844387100, 1.000000000000000000, 0.8660254037844387100, 1.000000000000000000, 0.8660254037844387100, 1.000000000000000000, 0.8660254037844387100, 1.000000000000000000, 0.8660254037844387100, 1.000000000000000000, 0.8660254037844387100, 1.000000000000000000, 0.8660254037844387100, 1.000000000000000000, 0.8660254037844387100, 1.000000000000000000, 0.8660254037844387100, 1.000000000000000000, 0.8660254037844387100, 1.000000000000000000, 0.8660254037844387100, 1.000000000000000000, 0.8660254037844387100, 1.000000000000000000, 0.8660254037844387100, 1.000000000000000000, 0.8660254037844387100, 1.000000000000000000, 0.8660254037844387100, 1.000000000000000000, 0.8660254037844387100, 1.000000000000000000, 0.8660254037844387100, 1.000000000000000000, 0.8660254037844387100, 1.000000000000000000, 0.8660254037844387100, 1.000000000000000000, 0.8660254037844387100, 1.000000000000000000, 0.8660254037844387100, 1.000000000000000000, 0.8660254037844387100, 1.000000000000000000, 0.8660254037844387100, 1.000000000000000000, 0.8660254037844387100, 1.000000000000000000, 0.8660254037844387100, 1.000000000000000000, 0.8660254037844387100, 1.000000000000000000, 0.8660254037844387100, 1.000000000000000000, 0.8660254037844387100, 1.000000000000000000, 0.8660254037844387100, 1.000000000000000000, 0.8660254037844387100, 1.000000000000000000, 0.8660254037844387100, 1.000000000000000000),
 ( 1.000000000000000000, 0.8660254037844387100, 1.000000000000000000, 0.8660254037844387100, 1.000000000000000000, 0.8660254037844387100, 1.000000000000000000, 0.8660254037844387100, 1.000000000000000000, 0.8660254037844387100, 1.000000000000000000, 0.8660254037844387100, 1.000000000000000000, 0.8660254037844387100, 1.000000000000000000, 0.8660254037844387100, 1.000000000000000000, 0.8660254037844387100, 1.000000000000000000, 0.8660254037844387100, 1.000000000000000000, 0.8660254037844387100, 1.000000000000000000, 0.8660254037844387100, 1.000000000000000000, 0.8660254037844387100, 1.000000000000000000, 0.8660254037844387100, 1.000000000000000000, 0.8660254037844387100, 1.000000000000000000, 0.8660254037844387100, 1.000000000000000000, 0.8660254037844387100, 1.000000000000000000, 0.8660254037844387100, 1.000000000000000000, 0.8660254037844387100, 1.000000000000000000, 0.8660254037844387100, 1.000000000000000000, 0.8660254037844387100, 1.000000000000000000, 0.8660254037844387100, 1.000000000000000000, 0.8660254037844387100, 1.000000000000000000, 0.8660254037844387100, 1.000000000000000000, 0.8660254037844387100, 1.000000000000000000, 0.8660254037844387100, 1.000000000000000000, 0.8660254037844387100, 1.000000000000000000, 0.8660254037844387100, 1.000000000000000000, 0.8660254037844387100, 1.000000000000000000, 0.8660254037844387100, 1.000000000000000000, 0.8660254037844387100, 1.000000000000000000, 0.8660254037844387100, 1.000000000000000000, 0.8660254037844387100, 1.000000000000000000, 0.8660254037844387100, 1.000000000000000000, 0.8660254037844387100, 1.000000000000000000, 0.8660254037844387100, 1.000000000000000000, 0.8660254037844387100, 1.000000000000000000, 0.8660254037844387100, 1.000000000000000000, 0.8660254037844387100, 1.000000000000000000, 0.8660254037844387100, 1.000000000000000000, 0.8660254037844387100, 1.000000000000000000, 0.8660254037844387100, 1.000000000000000000, 0.8660254037844387100, 1.000000000000000000, 0.8660254037844387100, 1.000000000000000000, 0.8660254037844387100, 1.000000000000000000, 0.8660254037844387100, 1.000000000000000000, 0.8660254037844387100, 1.000000000000000000, 0.8660254037844387100, 1.000000000000000000, 0.8660254037844387100, 1.000000000000000000, 0.8660254037844387100, 1.000000000000000000, 0.8660254037844387100, 1.000000000000000000, 0.8660254037844387100, 1.000000000000000000, 0.8660254037844387100, 1.000000000000000000, 0.8660254037844387100, 1.000000000000000000, 0.8660254037844387100, 1.000000000000000000, 0.8660254037844387100, 1.000000000000000000, 0.8660254037844387100, 1.000000000000000000, 0.8660254037844387100, 1.000000000000000000, 0.8660254037844387100, 1.000000000000000000, 0.8660254037844387100, 1.000000000000000000, 0.8660254037844387100, 1.000000000000000000, 0.8660254037844387100, 1.000000000000000000, 0.8660254037844387100, 1.000000000000000000, 0.8660254037844387100, 1.000000000000000000) ) ) 
 REPRESENTATION_ITEM ( '' )  SURFACE ( )  );
#481 = LINE ( 'NONE', #3477, #2813 ) ;
#482 = DIRECTION ( 'NONE',  ( 0.7071067811865464600, 8.659560562354947600E-017, 0.7071067811865486800 ) ) ;
#483 = CARTESIAN_POINT ( 'NONE',  ( 3.987499999999999400, 0.9577164262227506600, -0.5529378364870313200 ) ) ;
#484 = CARTESIAN_POINT ( 'NONE',  ( -3.256249999999999600, 1.250000000000000000, 0.7216878364870319400 ) ) ;
#485 = AXIS2_PLACEMENT_3D ( 'NONE', #3266, #4384, #412 ) ;
#486 = ORIENTED_EDGE ( 'NONE', *, *, #581, .T. ) ;
#487 = CARTESIAN_POINT ( 'NONE',  ( 3.031061295880028700, -0.4381666455065027500, -2.250000000000001800 ) ) ;
#488 = EDGE_CURVE ( 'NONE', #758, #1843, #2978, .T. ) ;
#489 = CARTESIAN_POINT ( 'NONE',  ( 6.106249999999999300, 6.771535515813057500E-017, -1.105875672974062900 ) ) ;
#490 = DIRECTION ( 'NONE',  ( 0.0000000000000000000, 0.0000000000000000000, -1.000000000000000000 ) ) ;
#491 = VERTEX_POINT ( 'NONE', #4210 ) ;
#492 = CARTESIAN_POINT ( 'NONE',  ( -3.950000000000000200, -0.6250000000000004400, -1.082531754730548000 ) ) ;
#493 = CARTESIAN_POINT ( 'NONE',  ( -2.600000000000000100, 0.4788582131113751100, 0.8294067547305464800 ) ) ;
#494 = CARTESIAN_POINT ( 'NONE',  ( 3.050000000000000300, 0.0000000000000000000, -1.250000000000000000 ) ) ;
#495 = CARTESIAN_POINT ( 'NONE',  ( 3.500000000000000000, 0.4788582131113754400, -0.8294067547305471500 ) ) ;
#496 = ORIENTED_EDGE ( 'NONE', *, *, #1743, .F. ) ;
#497 = CARTESIAN_POINT ( 'NONE',  ( -5.224999999999999600, 0.6249999999999990000, -1.082531754730548600 ) ) ;
#498 = VERTEX_POINT ( 'NONE', #196 ) ;
#499 = APPROVAL_STATUS ( 'not_yet_approved' ) ;
#500 = CARTESIAN_POINT ( 'NONE',  ( -6.068749999999999600, -0.4788582131113747800, 0.8294067547305465900 ) ) ;
#501 = CARTESIAN_POINT ( 'NONE',  ( -5.937499999999999100, -2.031460654743915200E-016, -1.105875672974062000 ) ) ;
#502 = CARTESIAN_POINT ( 'NONE',  ( 3.537500000000000100, 0.9577164262227506600, -0.5529378364870313200 ) ) ;
#503 = CARTESIAN_POINT ( 'NONE',  ( 3.049999999999999400, -0.2199590526674727000, -2.250000000000001300 ) ) ;
#504 = CARTESIAN_POINT ( 'NONE',  ( 4.625000000000000900, -0.4788582131113757200, 0.8294067547305469200 ) ) ;
#505 = FACE_OUTER_BOUND ( 'NONE', #1096, .T. ) ;
#506 = CARTESIAN_POINT ( 'NONE',  ( -4.250000000000000000, 1.249999999999999800, 0.0000000000000000000 ) ) ;
#507 = EDGE_CURVE ( 'NONE', #3203, #1480, #2117, .T. ) ;
#508 = CARTESIAN_POINT ( 'NONE',  ( 5.974999999999999600, 0.6250000000000001100, -1.082531754730548400 ) ) ;
#509 = CARTESIAN_POINT ( 'NONE',  ( -2.150000000000000800, 0.0000000000000000000, 1.250000000000000000 ) ) ;
#510 = CARTESIAN_POINT ( 'NONE',  ( -6.749038105676658200, 1.299038105676658400, -2.250000000000001300 ) ) ;
#511 = CARTESIAN_POINT ( 'NONE',  ( 4.999999999999999100, -0.6249999999999996700, -1.082531754730548400 ) ) ;
#512 = LINE ( 'NONE', #3955, #4130 ) ;
#513 = CARTESIAN_POINT ( 'NONE',  ( -6.874007504638529800, 0.3578557491000375300, 1.184722314242792500 ) ) ;
#514 = ORIENTED_EDGE ( 'NONE', *, *, #1409, .F. ) ;
#515 = CARTESIAN_POINT ( 'NONE',  ( -4.024999999999999500, 0.9577164262227499900, 0.0000000000000000000 ) ) ;
#516 = CARTESIAN_POINT ( 'NONE',  ( 4.100000000000000500, 0.4788582131113746100, 0.8294067547305475900 ) ) ;
#517 = CARTESIAN_POINT ( 'NONE',  ( -3.293749999999999700, 1.249999999999999800, 0.0000000000000000000 ) ) ;
#518 = CARTESIAN_POINT ( 'NONE',  ( -2.150000000000000800, 1.530808498934191600E-016, -1.250000000000000000 ) ) ;
#519 = DIRECTION ( 'NONE',  ( 1.000000000000000000, 0.0000000000000000000, 0.0000000000000000000 ) ) ;
#520 = CARTESIAN_POINT ( 'NONE',  ( -6.293750000000000200, -0.6249999999999995600, 1.082531754730548400 ) ) ;
#521 =( BOUNDED_CURVE ( )  B_SPLINE_CURVE ( 2, ( #4604, #340, #2472, #998, #3549, #4261, #2837, #662, #1742 ),
 .UNSPECIFIED., .F., .F. ) 
 B_SPLINE_CURVE_WITH_KNOTS ( ( 3, 2, 2, 2, 3 ),
 ( 0.7045454545454545900, 0.7121212121212121500, 0.7272727272727272900, 0.7424242424242424300, 0.7500000000000000000 ),
 .UNSPECIFIED. ) 
 CURVE ( )  GEOMETRIC_REPRESENTATION_ITEM ( )  RATIONAL_B_SPLINE_CURVE ( ( 0.9330127018922194100, 0.9330127018922194100, 1.000000000000000000, 0.8660254037844387100, 1.000000000000000000, 0.8660254037844387100, 1.000000000000000000, 0.9330127018922194100, 0.9330127018922194100 ) ) 
 REPRESENTATION_ITEM ( '' )  );
#522 = CARTESIAN_POINT ( 'NONE',  ( -2.899999999999999900, -0.9577164262227499900, 1.172864355864533000E-016 ) ) ;
#523 = ORIENTED_EDGE ( 'NONE', *, *, #444, .T. ) ;
#524 = DIRECTION ( 'NONE',  ( 0.0000000000000000000, 0.0000000000000000000, 1.000000000000000000 ) ) ;
#525 = CARTESIAN_POINT ( 'NONE',  ( -5.262500000000000200, 1.888322127572138500E-015, -1.249999999999999800 ) ) ;
#526 = ORIENTED_EDGE ( 'NONE', *, *, #3648, .T. ) ;
#527 = CARTESIAN_POINT ( 'NONE',  ( -6.647817457663256500, 0.1515065535960404600, 0.9986174576635297200 ) ) ;
#528 = ORIENTED_EDGE ( 'NONE', *, *, #1562, .F. ) ;
#529 = CARTESIAN_POINT ( 'NONE',  ( -6.899200000000000400, 0.9545412095701117900, 0.8070632436385807300 ) ) ;
#530 = ORIENTED_EDGE ( 'NONE', *, *, #4392, .F. ) ;
#531 = CARTESIAN_POINT ( 'NONE',  ( -4.212499999999999500, -0.9577164262227502200, -0.5529378364870306500 ) ) ;
#532 = CARTESIAN_POINT ( 'NONE',  ( 6.931250000000000400, 1.249999999999999800, 0.7216878364870329400 ) ) ;
#533 = CARTESIAN_POINT ( 'NONE',  ( 6.106249999999998400, 1.714015469642402100E-015, 1.250000000000000000 ) ) ;
#534 = LINE ( 'NONE', #3688, #3810 ) ;
#535 = CARTESIAN_POINT ( 'NONE',  ( -3.575000000000000200, -1.249999999999999800, 1.530808498934191300E-016 ) ) ;
#536 = EDGE_CURVE ( 'NONE', #2866, #129, #84, .T. ) ;
#537 = ORIENTED_EDGE ( 'NONE', *, *, #3709, .T. ) ;
#538 = CARTESIAN_POINT ( 'NONE',  ( -7.193749999999999600, -0.6249999999999995600, 1.082531754730548400 ) ) ;
#539 = CARTESIAN_POINT ( 'NONE',  ( -2.562499999999999600, 6.771535515813051300E-017, 1.105875672974062000 ) ) ;
#540 = FACE_OUTER_BOUND ( 'NONE', #1675, .T. ) ;
#541 = CARTESIAN_POINT ( 'NONE',  ( -3.181249999999999500, -2.031460654743915200E-016, -1.105875672974062000 ) ) ;
#542 = CARTESIAN_POINT ( 'NONE',  ( -6.616626828245782300, 0.7914465658370764000, 0.5935335990669918800 ) ) ;
#543 = CARTESIAN_POINT ( 'NONE',  ( 4.832596189432334400, -0.3349364905389028400, 1.250000000000000200 ) ) ;
#544 = CARTESIAN_POINT ( 'NONE',  ( 5.282596189432333700, -0.3349364905389037900, 1.249999999999999800 ) ) ;
#545 = VERTEX_POINT ( 'NONE', #3050 ) ;
#546 = CARTESIAN_POINT ( 'NONE',  ( -6.293749999999999300, 0.4788582131113742800, -0.8294067547305469200 ) ) ;
#547 = CARTESIAN_POINT ( 'NONE',  ( -5.281249999999998200, -1.250000000000000000, -0.7216878364870316100 ) ) ;
#548 = AXIS2_PLACEMENT_3D ( 'NONE', #2378, #895, #1977 ) ;
#549 = DIRECTION ( 'NONE',  ( 0.0000000000000000000, 0.0000000000000000000, 1.000000000000000000 ) ) ;
#550 = EDGE_CURVE ( 'NONE', #4402, #3265, #868, .T. ) ;
#551 = CARTESIAN_POINT ( 'NONE',  ( 5.187499999999999100, 1.249999999999999600, 0.7216878364870329400 ) ) ;
#552 = ORIENTED_EDGE ( 'NONE', *, *, #107, .F. ) ;
#553 = CARTESIAN_POINT ( 'NONE',  ( 4.606249999999999300, 1.250000000000000000, -0.7216878364870320500 ) ) ;
#554 = CARTESIAN_POINT ( 'NONE',  ( -3.312499999999999600, -0.9577164262227502200, -0.5529378364870306500 ) ) ;
#555 = CARTESIAN_POINT ( 'NONE',  ( 5.917403810567665600, -0.3349364905389031800, -1.250000000000000000 ) ) ;
#556 = CARTESIAN_POINT ( 'NONE',  ( -3.256249999999999600, -0.9577164262227502200, -0.5529378364870306500 ) ) ;
#557 = CARTESIAN_POINT ( 'NONE',  ( -6.949999999999999300, 0.0000000000000000000, 2.250000000000000000 ) ) ;
#558 = ORIENTED_EDGE ( 'NONE', *, *, #357, .F. ) ;
#559 = DIRECTION ( 'NONE',  ( 1.000000000000000000, 0.0000000000000000000, 0.0000000000000000000 ) ) ;
#560 = CARTESIAN_POINT ( 'NONE',  ( -6.791479852977293100, 0.9762425898731849100, 0.6127413515162805100 ) ) ;
#561 = CARTESIAN_POINT ( 'NONE',  ( -5.581249999999999800, -0.9577164262227497700, 0.5529378364870313200 ) ) ;
#562 = DIRECTION ( 'NONE',  ( 0.0000000000000000000, 0.0000000000000000000, -1.000000000000000000 ) ) ;
#563 = CARTESIAN_POINT ( 'NONE',  ( -6.856249999999999300, 1.250000000000000000, 0.7216878364870319400 ) ) ;
#564 = CARTESIAN_POINT ( 'NONE',  ( -6.950000000000002000, 2.058803302138243500, -0.9340480779059862100 ) ) ;
#565 = CYLINDRICAL_SURFACE ( 'NONE', #2302, 1.250000000000000000 ) ;
#566 = ORGANIZATION ( 'UNSPECIFIED', 'UNSPECIFIED', '' ) ;
#567 = ADVANCED_FACE ( 'NONE', ( #2409 ), #2925, .F. ) ;
#568 = CARTESIAN_POINT ( 'NONE',  ( 4.643750000000000700, 1.250000000000000000, 0.0000000000000000000 ) ) ;
#569 = CARTESIAN_POINT ( 'NONE',  ( -5.112499999999998000, -0.9577164262227502200, -0.5529378364870306500 ) ) ;
#570 = AXIS2_PLACEMENT_3D ( 'NONE', #3526, #1740, #3889 ) ;
#571 = ORIENTED_EDGE ( 'NONE', *, *, #3698, .F. ) ;
#572 = EDGE_LOOP ( 'NONE', ( #367, #3572, #3884, #4162 ) ) ;
#573 = CARTESIAN_POINT ( 'NONE',  ( -2.768749999999999400, -0.4788582131113754400, -0.8294067547305463700 ) ) ;
#574 = CARTESIAN_POINT ( 'NONE',  ( 3.050000000000000300, 0.0000000000000000000, 0.0000000000000000000 ) ) ;
#575 = CARTESIAN_POINT ( 'NONE',  ( 6.612499999999998000, 0.0000000000000000000, 0.0000000000000000000 ) ) ;
#576 = CARTESIAN_POINT ( 'NONE',  ( 5.206250000000000700, -2.651438096812267400E-016, 1.443375672974064300 ) ) ;
#577 = CARTESIAN_POINT ( 'NONE',  ( 4.306249999999999500, 6.771535515813057500E-017, -1.105875672974062900 ) ) ;
#578 = AXIS2_PLACEMENT_3D ( 'NONE', #2909, #2201, #3632 ) ;
#579 = B_SPLINE_CURVE_WITH_KNOTS ( 'NONE', 3,
 ( #1042, #1421, #1352, #4630 ),
 .UNSPECIFIED., .F., .F.,
 ( 4, 4 ),
 ( 1.670278458870048800E-016, 0.0006911750978535134100 ),
 .UNSPECIFIED. ) ;
#580 = CARTESIAN_POINT ( 'NONE',  ( 5.243750000000000400, -0.6250000000000005600, 1.082531754730548200 ) ) ;
#581 = EDGE_CURVE ( 'NONE', #881, #4419, #36, .T. ) ;
#582 = CARTESIAN_POINT ( 'NONE',  ( -4.156250000000000000, 1.250000000000000000, 0.7216878364870319400 ) ) ;
#583 = CARTESIAN_POINT ( 'NONE',  ( 4.737500000000001600, 1.249999999999999600, 0.7216878364870329400 ) ) ;
#584 = CARTESIAN_POINT ( 'NONE',  ( 6.855439022227199300, 0.1407199709665326900, 1.007060977768831500 ) ) ;
#585 = ORIENTED_EDGE ( 'NONE', *, *, #2246, .F. ) ;
#586 = CARTESIAN_POINT ( 'NONE',  ( 4.531249999999999100, 1.743066579297358300E-016, -1.250000000000000000 ) ) ;
#587 = CARTESIAN_POINT ( 'NONE',  ( -3.368749999999999500, -0.4788582131113747800, 0.8294067547305465900 ) ) ;
#588 = CARTESIAN_POINT ( 'NONE',  ( -4.812500000000000000, -4.938688641342514700E-016, -1.249999999999999800 ) ) ;
#589 = CARTESIAN_POINT ( 'NONE',  ( 4.831249999999999800, -1.250000000000000200, 0.7216878364870317200 ) ) ;
#590 = CARTESIAN_POINT ( 'NONE',  ( -2.992403810567665800, 0.3349364905389027300, -1.250000000000000000 ) ) ;
#591 = ADVANCED_FACE ( 'NONE', ( #1198 ), #3148, .T. ) ;
#592 = CARTESIAN_POINT ( 'NONE',  ( 3.181250000000000400, -2.031460654743916600E-016, 1.105875672974062900 ) ) ;
#593 = EDGE_LOOP ( 'NONE', ( #4647, #649, #4146 ) ) ;
#594 = CARTESIAN_POINT ( 'NONE',  ( -6.749038105676828700, -1.299038105676914900, -2.250000000000001300 ) ) ;
#595 = ORIENTED_EDGE ( 'NONE', *, *, #459, .F. ) ;
#596 = CARTESIAN_POINT ( 'NONE',  ( 3.840039999999999200, -0.8127136422835467000, -0.5066727629378633400 ) ) ;
#597 = DIRECTION ( 'NONE',  ( 1.000000000000000000, 0.0000000000000000000, 0.0000000000000000000 ) ) ;
#598 = CARTESIAN_POINT ( 'NONE',  ( 3.050000000000000300, 0.0000000000000000000, -2.250000000000000000 ) ) ;
#599 = CARTESIAN_POINT ( 'NONE',  ( -5.974999999999999600, 0.6250000000000000000, 1.082531754730548200 ) ) ;
#600 = CARTESIAN_POINT ( 'NONE',  ( 5.262499999999999300, 6.771535515813057500E-017, -1.105875672974062900 ) ) ;
#601 = FACE_OUTER_BOUND ( 'NONE', #2859, .T. ) ;
#602 = EDGE_CURVE ( 'NONE', #173, #2700, #3055, .T. ) ;
#603 = EDGE_LOOP ( 'NONE', ( #2265, #537, #3751, #558 ) ) ;
#604 = CARTESIAN_POINT ( 'NONE',  ( 6.818750000000000500, -0.4788582131113757200, 0.8294067547305469200 ) ) ;
#605 = CARTESIAN_POINT ( 'NONE',  ( 6.719483213111459500, 2.053593890399181800E-012, -1.143016786888536400 ) ) ;
#606 = CARTESIAN_POINT ( 'NONE',  ( -4.756249999999999600, 6.771535515813051300E-017, 1.105875672974062000 ) ) ;
#607 = CARTESIAN_POINT ( 'NONE',  ( 3.500000000000000000, -0.6250000000000005600, 1.082531754730548200 ) ) ;
#608 = ORIENTED_EDGE ( 'NONE', *, *, #3648, .F. ) ;
#609 = CARTESIAN_POINT ( 'NONE',  ( 5.543750000000000200, 1.250000000000000000, 0.0000000000000000000 ) ) ;
#610 = CARTESIAN_POINT ( 'NONE',  ( -2.807596189432334500, 0.3349364905389034000, 1.249999999999999600 ) ) ;
#611 = CARTESIAN_POINT ( 'NONE',  ( 5.131249999999999600, -0.9577164262227504400, -0.5529378364870317600 ) ) ;
#612 = B_SPLINE_CURVE_WITH_KNOTS ( 'NONE', 3,
 ( #199, #2032, #4572, #4230, #2365, #2421 ),
 .UNSPECIFIED., .F., .F.,
 ( 4, 2, 4 ),
 ( 0.006161908894165897400, 0.006622301760165535300, 0.007082694626165173200 ),
 .UNSPECIFIED. ) ;
#613 = CARTESIAN_POINT ( 'NONE',  ( 3.293749999999999700, 1.250000000000000000, 0.0000000000000000000 ) ) ;
#614 = ORIENTED_EDGE ( 'NONE', *, *, #55, .F. ) ;
#615 = PLANE ( 'NONE',  #3600 ) ;
#616 = CARTESIAN_POINT ( 'NONE',  ( 6.904783573777241800, -0.7757375938702593100, 0.5616510825354632500 ) ) ;
#617 = EDGE_CURVE ( 'NONE', #2587, #724, #920, .T. ) ;
#618 = CARTESIAN_POINT ( 'NONE',  ( -6.899200000000000400, 0.9545412095701117900, 0.8070632436385807300 ) ) ;
#619 = ADVANCED_FACE ( 'NONE', ( #1661 ), #2050, .F. ) ;
#620 = CARTESIAN_POINT ( 'NONE',  ( 6.200000000000000200, 0.4788582131113754400, -0.8294067547305471500 ) ) ;
#621 = CARTESIAN_POINT ( 'NONE',  ( 6.631249999999999600, 0.9577164262227506600, -0.5529378364870313200 ) ) ;
#622 = CARTESIAN_POINT ( 'NONE',  ( 6.655643539359888700, -1.193755557603707800, -0.2121491926504684400 ) ) ;
#623 = CARTESIAN_POINT ( 'NONE',  ( -6.424999999999998900, 0.6250000000000000000, 1.082531754730548200 ) ) ;
#624 = CARTESIAN_POINT ( 'NONE',  ( 6.631249999999999600, 0.9577164262227506600, -0.5529378364870313200 ) ) ;
#625 = CARTESIAN_POINT ( 'NONE',  ( 3.954827998209636600, -0.3463419213384172900, -1.030212376155811300 ) ) ;
#626 = CARTESIAN_POINT ( 'NONE',  ( 5.581249999999999800, 1.249999999999999800, 0.7216878364870329400 ) ) ;
#627 = CARTESIAN_POINT ( 'NONE',  ( -4.568749999999999600, 0.6250000000000000000, 1.082531754730548200 ) ) ;
#628 = CARTESIAN_POINT ( 'NONE',  ( 5.093750000000000000, -0.9577164262227506600, -1.172864355864533800E-016 ) ) ;
#629 = CARTESIAN_POINT ( 'NONE',  ( -6.406249999999999100, 1.250000000000000000, 0.7216878364870319400 ) ) ;
#630 = CARTESIAN_POINT ( 'NONE',  ( -3.892403810567665700, 0.3349364905389027300, -1.250000000000000000 ) ) ;
#631 = FACE_OUTER_BOUND ( 'NONE', #2115, .T. ) ;
#632 = EDGE_CURVE ( 'NONE', #910, #1648, #3201, .T. ) ;
#633 = CARTESIAN_POINT ( 'NONE',  ( 5.431249999999999500, -2.033577675846917700E-015, -1.249999999999999800 ) ) ;
#634 = CARTESIAN_POINT ( 'NONE',  ( -6.606916426222748700, 1.522772014783827600E-012, 0.9577164262227501100 ) ) ;
#635 = DIRECTION ( 'NONE',  ( 1.000000000000000000, 0.0000000000000000000, 0.0000000000000000000 ) ) ;
#636 = CARTESIAN_POINT ( 'NONE',  ( 5.074999999999999300, -0.4788582131113757200, 0.8294067547305469200 ) ) ;
#637 = CARTESIAN_POINT ( 'NONE',  ( -5.937500000000000000, 8.838126989374222200E-017, 1.443375672974064100 ) ) ;
#638 = CARTESIAN_POINT ( 'NONE',  ( 3.012499999999999300, -2.651438096812267400E-016, 1.443375672974064300 ) ) ;
#639 = CARTESIAN_POINT ( 'NONE',  ( 5.731249999999999300, -1.250000000000000200, 0.7216878364870317200 ) ) ;
#640 = CARTESIAN_POINT ( 'NONE',  ( -2.825000000000000200, 0.6250000000000000000, 1.082531754730548200 ) ) ;
#641 = CARTESIAN_POINT ( 'NONE',  ( 5.168749999999999300, -0.4788582131113751100, -0.8294067547305472600 ) ) ;
#642 = CARTESIAN_POINT ( 'NONE',  ( -4.493749999999999500, -0.6249999999999995600, 1.082531754730548400 ) ) ;
#643 = AXIS2_PLACEMENT_3D ( 'NONE', #4432, #1547, #83 ) ;
#644 = B_SPLINE_CURVE_WITH_KNOTS ( 'NONE', 3,
 ( #1252, #1945, #4158, #2697 ),
 .UNSPECIFIED., .F., .F.,
 ( 4, 4 ),
 ( 2.380746839933350800E-007, 0.001314652396222797100 ),
 .UNSPECIFIED. ) ;
#645 = CARTESIAN_POINT ( 'NONE',  ( -3.799999999999999800, 1.249999999999999800, 0.0000000000000000000 ) ) ;
#646 = VERTEX_POINT ( 'NONE', #3448 ) ;
#647 = CARTESIAN_POINT ( 'NONE',  ( 3.881226030497608300, 0.6434793476429863100, -0.7761034904522468000 ) ) ;
#648 = CARTESIAN_POINT ( 'NONE',  ( 6.875000000000000000, -0.4788582131113757200, 0.8294067547305469200 ) ) ;
#649 = ORIENTED_EDGE ( 'NONE', *, *, #3850, .T. ) ;
#650 = CARTESIAN_POINT ( 'NONE',  ( 4.774999999999999500, -0.4788582131113751100, -0.8294067547305472600 ) ) ;
#651 = CARTESIAN_POINT ( 'NONE',  ( 6.031250000000000000, -0.9577164262227504400, -0.5529378364870317600 ) ) ;
#652 = CARTESIAN_POINT ( 'NONE',  ( -3.837499999999999500, -0.9577164262227497700, 0.5529378364870313200 ) ) ;
#653 = CARTESIAN_POINT ( 'NONE',  ( -2.656249999999999600, -1.249999999999999600, 0.7216878364870325000 ) ) ;
#654 = CARTESIAN_POINT ( 'NONE',  ( -6.349999999999999600, -0.6249999999999995600, 1.082531754730548400 ) ) ;
#655 = CARTESIAN_POINT ( 'NONE',  ( 6.443749999999999600, -0.9577164262227506600, -1.172864355864533800E-016 ) ) ;
#656 = ORIENTED_EDGE ( 'NONE', *, *, #4177, .T. ) ;
#657 = CARTESIAN_POINT ( 'NONE',  ( 3.406249999999999600, -2.651438096812267400E-016, 1.443375672974064300 ) ) ;
#658 = CARTESIAN_POINT ( 'NONE',  ( 6.181249999999999500, -1.250000000000000200, 0.7216878364870317200 ) ) ;
#659 = VECTOR ( 'NONE', #3953, 1000.000000000000000 ) ;
#660 = CARTESIAN_POINT ( 'NONE',  ( 5.975000000000000500, -0.4788582131113757200, 0.8294067547305469200 ) ) ;
#661 = CARTESIAN_POINT ( 'NONE',  ( -4.568749999999999600, 0.6250000000000000000, 1.082531754730548200 ) ) ;
#662 = CARTESIAN_POINT ( 'NONE',  ( -3.257596189432334200, 0.3349364905389034000, 1.249999999999999600 ) ) ;
#663 = ORIENTED_EDGE ( 'NONE', *, *, #1308, .F. ) ;
#664 = DIRECTION ( 'NONE',  ( 1.000000000000000000, 0.0000000000000000000, 0.0000000000000000000 ) ) ;
#665 = ORIENTED_EDGE ( 'NONE', *, *, #4538, .F. ) ;
#666 = CARTESIAN_POINT ( 'NONE',  ( 5.974999999999999600, 0.6250000000000001100, -1.082531754730548400 ) ) ;
#667 = CARTESIAN_POINT ( 'NONE',  ( 3.893818115678295800, 0.8372341061889357900, -0.5837434714177611700 ) ) ;
#668 = CARTESIAN_POINT ( 'NONE',  ( 7.137499999999999300, 0.9577164262227506600, -0.5529378364870313200 ) ) ;
#669 = CARTESIAN_POINT ( 'NONE',  ( -6.799999999999999800, -0.6249999999999995600, 1.082531754730548400 ) ) ;
#670 = EDGE_CURVE ( 'NONE', #3104, #933, #2589, .T. ) ;
#671 = ADVANCED_FACE ( 'NONE', ( #2181 ), #2535, .T. ) ;
#672 = CARTESIAN_POINT ( 'NONE',  ( 5.543750000000000200, -0.9577164262227506600, -1.172864355864533800E-016 ) ) ;
#673 = CARTESIAN_POINT ( 'NONE',  ( -4.924999999999998900, 0.9577164262227499900, 0.0000000000000000000 ) ) ;
#674 = ORIENTED_EDGE ( 'NONE', *, *, #1619, .T. ) ;
#675 = CARTESIAN_POINT ( 'NONE',  ( -5.524999999999999500, 0.6250000000000000000, 1.082531754730548200 ) ) ;
#676 = CARTESIAN_POINT ( 'NONE',  ( 6.818750000000000500, -0.4788582131113757200, 0.8294067547305469200 ) ) ;
#677 = CARTESIAN_POINT ( 'NONE',  ( 6.762500000000001100, 0.9577164262227503300, 0.5529378364870319900 ) ) ;
#678 = CARTESIAN_POINT ( 'NONE',  ( -6.368749999999999500, 0.6250000000000000000, 1.082531754730548200 ) ) ;
#679 = VERTEX_POINT ( 'NONE', #3624 ) ;
#680 = B_SPLINE_CURVE_WITH_KNOTS ( 'NONE', 3,
 ( #529, #1626, #2361, #1994, #3068, #513, #1594, #3808 ),
 .UNSPECIFIED., .F., .F.,
 ( 4, 2, 2, 4 ),
 ( 2.114944704655175700E-017, 0.0002670804978444136900, 0.0005341609956888062500, 0.001068321991377591900 ),
 .UNSPECIFIED. ) ;
#681 = DIRECTION ( 'NONE',  ( 0.0000000000000000000, 0.0000000000000000000, -1.000000000000000000 ) ) ;
#682 = CARTESIAN_POINT ( 'NONE',  ( 5.112499999999999800, 1.250000000000000000, -0.7216878364870320500 ) ) ;
#683 = DIRECTION ( 'NONE',  ( -1.000000000000000000, -0.0000000000000000000, -0.0000000000000000000 ) ) ;
#684 = CARTESIAN_POINT ( 'NONE',  ( -5.168749999999999300, 0.6249999999999990000, -1.082531754730548600 ) ) ;
#685 = CONICAL_SURFACE ( 'NONE', #1083, 0.9551764262227507900, 0.7853981633974498300 ) ;
#686 = CARTESIAN_POINT ( 'NONE',  ( -5.037499999999999600, -2.031460654743915200E-016, -1.105875672974062000 ) ) ;
#687 = VECTOR ( 'NONE', #2521, 1000.000000000000000 ) ;
#688 = CARTESIAN_POINT ( 'NONE',  ( 6.406250000000000000, 1.250000000000000000, -0.7216878364870320500 ) ) ;
#689 = CARTESIAN_POINT ( 'NONE',  ( -6.799999999999999800, -0.6249999999999995600, 1.082531754730548400 ) ) ;
#690 = CARTESIAN_POINT ( 'NONE',  ( 5.881250000000000500, -2.031460654743916600E-016, 1.105875672974062900 ) ) ;
#691 = CARTESIAN_POINT ( 'NONE',  ( -6.620127303623303500, -1.764637028216163400E-012, 0.9709273036233038200 ) ) ;
#692 = ORIENTED_EDGE ( 'NONE', *, *, #2235, .F. ) ;
#693 = VERTEX_POINT ( 'NONE', #3986 ) ;
#694 = ADVANCED_FACE ( 'NONE', ( #3869 ), #1355, .T. ) ;
#695 = CARTESIAN_POINT ( 'NONE',  ( 6.012499999999999300, -0.9577164262227507700, 0.5529378364870311000 ) ) ;
#696 = CARTESIAN_POINT ( 'NONE',  ( -6.143749999999999800, -0.6250000000000004400, -1.082531754730548000 ) ) ;
#697 = CARTESIAN_POINT ( 'NONE',  ( -3.875000000000000000, 0.6249999999999990000, -1.082531754730548600 ) ) ;
#698 = EDGE_CURVE ( 'NONE', #2600, #4260, #3618, .T. ) ;
#699 = CARTESIAN_POINT ( 'NONE',  ( -6.556249999999998600, -4.938688641342514700E-016, -1.249999999999999800 ) ) ;
#700 = CARTESIAN_POINT ( 'NONE',  ( 4.774999999999999500, 0.6249999999999991100, 1.082531754730548900 ) ) ;
#701 = CARTESIAN_POINT ( 'NONE',  ( -2.637499999999999300, 0.9577164262227498800, 0.5529378364870308800 ) ) ;
#702 =( BOUNDED_CURVE ( )  B_SPLINE_CURVE ( 2, ( #3725, #841, #2267, #1862, #1874, #4086, #1191, #3018, #434 ),
 .UNSPECIFIED., .F., .F. ) 
 B_SPLINE_CURVE_WITH_KNOTS ( ( 3, 2, 2, 2, 3 ),
 ( 0.1136363636363636500, 0.1212121212121212200, 0.1363636363636363500, 0.1515151515151515200, 0.1590909090909090900 ),
 .UNSPECIFIED. ) 
 CURVE ( )  GEOMETRIC_REPRESENTATION_ITEM ( )  RATIONAL_B_SPLINE_CURVE ( ( 0.9330127018922194100, 0.9330127018922194100, 1.000000000000000000, 0.8660254037844387100, 1.000000000000000000, 0.8660254037844387100, 1.000000000000000000, 0.9330127018922194100, 0.9330127018922194100 ) ) 
 REPRESENTATION_ITEM ( '' )  );
#703 = CARTESIAN_POINT ( 'NONE',  ( 6.890914556646104700, -0.9716933301609093100, -0.07867704892895649400 ) ) ;
#704 = CARTESIAN_POINT ( 'NONE',  ( -6.106249999999998400, 6.771535515813051300E-017, 1.105875672974062000 ) ) ;
#705 = ORIENTED_EDGE ( 'NONE', *, *, #838, .F. ) ;
#706 = CARTESIAN_POINT ( 'NONE',  ( 6.481250000000001100, 1.249999999999999600, 0.7216878364870329400 ) ) ;
#707 = CARTESIAN_POINT ( 'NONE',  ( -4.399999999999999500, -0.6250000000000004400, -1.082531754730548000 ) ) ;
#708 = CARTESIAN_POINT ( 'NONE',  ( 5.956249999999999800, -0.9577164262227507700, 0.5529378364870311000 ) ) ;
#709 = CARTESIAN_POINT ( 'NONE',  ( 2.918750000000000200, -0.4788582131113751100, -0.8294067547305472600 ) ) ;
#710 = CARTESIAN_POINT ( 'NONE',  ( -7.062499999999999100, 6.771535515813051300E-017, 1.105875672974062000 ) ) ;
#711 = EDGE_CURVE ( 'NONE', #2189, #4274, #534, .T. ) ;
#712 = CARTESIAN_POINT ( 'NONE',  ( 6.904783573777241800, -0.7757375938702593100, 0.5616510825354632500 ) ) ;
#713 = CARTESIAN_POINT ( 'NONE',  ( 3.481250000000000600, 0.9577164262227506600, -0.5529378364870313200 ) ) ;
#714 = CARTESIAN_POINT ( 'NONE',  ( -6.481250000000001100, 1.249999999999999300, -0.7216878364870328300 ) ) ;
#715 = CARTESIAN_POINT ( 'NONE',  ( -3.687499999999999600, -2.031460654743915200E-016, -1.105875672974062000 ) ) ;
#716 = ORIENTED_EDGE ( 'NONE', *, *, #255, .F. ) ;
#717 = CARTESIAN_POINT ( 'NONE',  ( -2.449999999999999700, -0.9577164262227499900, 1.172864355864533000E-016 ) ) ;
#718 = VECTOR ( 'NONE', #482, 1000.000000000000000 ) ;
#719 = CARTESIAN_POINT ( 'NONE',  ( -6.406250000000000000, -0.9577164262227502200, -0.5529378364870306500 ) ) ;
#720 = CARTESIAN_POINT ( 'NONE',  ( -2.712499999999999500, 0.9577164262227496600, -0.5529378364870315400 ) ) ;
#721 = CARTESIAN_POINT ( 'NONE',  ( -5.224999999999998800, -0.4788582131113747800, 0.8294067547305465900 ) ) ;
#722 = CARTESIAN_POINT ( 'NONE',  ( -3.124999999999999600, -1.249999999999999800, 1.530808498934191300E-016 ) ) ;
#723 = VERTEX_POINT ( 'NONE', #782 ) ;
#724 = VERTEX_POINT ( 'NONE', #3337 ) ;
#725 = CARTESIAN_POINT ( 'NONE',  ( -2.375000000000000400, 0.6250000000000000000, 1.082531754730548200 ) ) ;
#726 = CARTESIAN_POINT ( 'NONE',  ( 5.862499999999999800, 0.9577164262227503300, 0.5529378364870319900 ) ) ;
#727 = CARTESIAN_POINT ( 'NONE',  ( -3.443749999999999600, -0.6250000000000004400, -1.082531754730548000 ) ) ;
#729 = VERTEX_POINT ( 'NONE', #2239 ) ;
#728 = CARTESIAN_POINT ( 'NONE',  ( 6.537499999999999600, -0.9577164262227504400, -0.5529378364870317600 ) ) ;
#730 = CARTESIAN_POINT ( 'NONE',  ( 3.406250000000000900, 6.771535515813057500E-017, -1.105875672974062900 ) ) ;
#731 = CARTESIAN_POINT ( 'NONE',  ( 6.462500000000000400, 1.250000000000000000, -0.7216878364870320500 ) ) ;
#732 = CARTESIAN_POINT ( 'NONE',  ( 4.756249999999998800, 3.921899803419055800E-015, 1.250000000000000000 ) ) ;
#733 = CARTESIAN_POINT ( 'NONE',  ( -2.487499999999999800, -0.9577164262227497700, 0.5529378364870313200 ) ) ;
#734 = ORIENTED_EDGE ( 'NONE', *, *, #357, .T. ) ;
#735 = CARTESIAN_POINT ( 'NONE',  ( 6.719483213111459500, 2.053593890399181800E-012, -1.143016786888536400 ) ) ;
#736 = CARTESIAN_POINT ( 'NONE',  ( -5.206249999999999800, 6.771535515813051300E-017, 1.105875672974062000 ) ) ;
#737 = CARTESIAN_POINT ( 'NONE',  ( 3.050000000000000300, 0.0000000000000000000, -1.250000000000000000 ) ) ;
#738 = CARTESIAN_POINT ( 'NONE',  ( -2.562499999999999600, -2.651438096812266900E-016, -1.443375672974064100 ) ) ;
#739 = CARTESIAN_POINT ( 'NONE',  ( -6.349999999999998800, 0.4788582131113742800, -0.8294067547305469200 ) ) ;
#740 = CARTESIAN_POINT ( 'NONE',  ( -6.687499999999999100, 0.9577164262227498800, 0.5529378364870308800 ) ) ;
#741 = LINE ( 'NONE', #1486, #3732 ) ;
#742 = CARTESIAN_POINT ( 'NONE',  ( 3.743750000000000400, -0.9577164262227506600, -1.172864355864533800E-016 ) ) ;
#743 = CARTESIAN_POINT ( 'NONE',  ( -2.150000000000000800, 0.0000000000000000000, 1.250000000000000000 ) ) ;
#744 = CARTESIAN_POINT ( 'NONE',  ( 4.250000000000000000, 1.250000000000000000, 0.0000000000000000000 ) ) ;
#745 = CARTESIAN_POINT ( 'NONE',  ( 4.474999999999999600, -1.250000000000000000, -1.530808498934191600E-016 ) ) ;
#746 = CC_DESIGN_PERSON_AND_ORGANIZATION_ASSIGNMENT ( #342, #2630, ( #2283 ) ) ;
#747 = VECTOR ( 'NONE', #2883, 1000.000000000000000 ) ;
#748 = FACE_OUTER_BOUND ( 'NONE', #4198, .T. ) ;
#749 = CARTESIAN_POINT ( 'NONE',  ( 6.612499999999998000, 3.186906729148669700E-014, 1.250000000000000000 ) ) ;
#750 = CARTESIAN_POINT ( 'NONE',  ( -6.706249999999999800, 0.9577164262227496600, -0.5529378364870315400 ) ) ;
#751 = CARTESIAN_POINT ( 'NONE',  ( -3.162500000000000100, -1.249999999999999800, 0.7216878364870323900 ) ) ;
#752 = CARTESIAN_POINT ( 'NONE',  ( -5.712499999999999500, 6.771535515813051300E-017, 1.105875672974062000 ) ) ;
#753 = CARTESIAN_POINT ( 'NONE',  ( -6.462500000000000400, -0.9577164262227502200, -0.5529378364870306500 ) ) ;
#754 = CARTESIAN_POINT ( 'NONE',  ( -6.556249999999999500, -2.651438096812266900E-016, -1.443375672974064100 ) ) ;
#755 = EDGE_CURVE ( 'NONE', #1786, #1244, #2870, .T. ) ;
#756 = CARTESIAN_POINT ( 'NONE',  ( 2.956250000000000700, 6.771535515813057500E-017, -1.105875672974062900 ) ) ;
#757 = CARTESIAN_POINT ( 'NONE',  ( 4.437500000000000000, -1.250000000000000200, 0.7216878364870317200 ) ) ;
#758 = VERTEX_POINT ( 'NONE', #844 ) ;
#759 = CARTESIAN_POINT ( 'NONE',  ( -5.168749999999999300, -0.4788582131113747800, 0.8294067547305465900 ) ) ;
#760 = CARTESIAN_POINT ( 'NONE',  ( -6.293749999999999300, 0.4788582131113742800, -0.8294067547305469200 ) ) ;
#761 = CARTESIAN_POINT ( 'NONE',  ( -5.993750000000000400, 1.249999999999999800, 0.0000000000000000000 ) ) ;
#762 = CARTESIAN_POINT ( 'NONE',  ( -4.025000000000000400, -1.249999999999999800, 1.530808498934191300E-016 ) ) ;
#763 = ORIENTED_EDGE ( 'NONE', *, *, #3802, .F. ) ;
#764 = CARTESIAN_POINT ( 'NONE',  ( -6.537499999999998800, -0.9577164262227497700, 0.5529378364870313200 ) ) ;
#765 = LINE ( 'NONE', #3506, #1098 ) ;
#766 = CARTESIAN_POINT ( 'NONE',  ( -3.331250000000000300, 1.249999999999999600, -0.7216878364870328300 ) ) ;
#767 = VECTOR ( 'NONE', #2312, 1000.000000000000000 ) ;
#768 = CARTESIAN_POINT ( 'NONE',  ( 4.943750000000000500, 0.4788582131113746100, 0.8294067547305475900 ) ) ;
#769 = CARTESIAN_POINT ( 'NONE',  ( -4.399999999999999500, -0.6250000000000004400, -1.082531754730548000 ) ) ;
#770 = DIRECTION ( 'NONE',  ( 0.0000000000000000000, 0.0000000000000000000, 1.000000000000000000 ) ) ;
#771 = CARTESIAN_POINT ( 'NONE',  ( 2.849038105676658300, 1.299038105676658400, -2.250000000000001300 ) ) ;
#772 = VERTEX_POINT ( 'NONE', #1180 ) ;
#773 = ORIENTED_EDGE ( 'NONE', *, *, #1586, .F. ) ;
#774 = CARTESIAN_POINT ( 'NONE',  ( -3.631249999999999600, -2.031460654743915200E-016, -1.105875672974062000 ) ) ;
#775 = CARTESIAN_POINT ( 'NONE',  ( -4.981249999999998400, -2.031460654743915200E-016, -1.105875672974062000 ) ) ;
#776 = DIRECTION ( 'NONE',  ( 0.0000000000000000000, 0.0000000000000000000, 1.000000000000000000 ) ) ;
#777 = CARTESIAN_POINT ( 'NONE',  ( -2.149999999999999900, -0.6250000000000004400, -1.082531754730548000 ) ) ;
#778 = CARTESIAN_POINT ( 'NONE',  ( -5.637499999999999300, -0.9577164262227497700, 0.5529378364870313200 ) ) ;
#779 = CARTESIAN_POINT ( 'NONE',  ( -5.787499999999998800, 0.9577164262227498800, 0.5529378364870308800 ) ) ;
#780 = ORIENTED_EDGE ( 'NONE', *, *, #4345, .F. ) ;
#781 = EDGE_CURVE ( 'NONE', #3488, #1999, #2626, .T. ) ;
#782 = CARTESIAN_POINT ( 'NONE',  ( 6.612499999999998900, -0.8919068644530042700, 0.8757865865275686900 ) ) ;
#783 = CARTESIAN_POINT ( 'NONE',  ( -6.612499999999998900, 8.715332896486791300E-017, -1.249999999999999600 ) ) ;
#784 = ORIENTED_EDGE ( 'NONE', *, *, #2597, .F. ) ;
#785 = CARTESIAN_POINT ( 'NONE',  ( -2.318749999999999600, -0.4788582131113754400, -0.8294067547305463700 ) ) ;
#786 = B_SPLINE_CURVE_WITH_KNOTS ( 'NONE', 3,
 ( #1157, #1541, #104, #1529, #2260, #4059 ),
 .UNSPECIFIED., .F., .F.,
 ( 4, 2, 4 ),
 ( 0.001314652396222796200, 0.001969405109320635900, 0.002624157822418475600 ),
 .UNSPECIFIED. ) ;
#787 = CARTESIAN_POINT ( 'NONE',  ( -4.831249999999999800, -1.250000000000000000, -0.7216878364870316100 ) ) ;
#788 = CARTESIAN_POINT ( 'NONE',  ( -4.868749999999999500, 0.9577164262227499900, 0.0000000000000000000 ) ) ;
#789 = CARTESIAN_POINT ( 'NONE',  ( -3.293749999999999300, -0.9577164262227499900, 1.172864355864533000E-016 ) ) ;
#790 = CARTESIAN_POINT ( 'NONE',  ( 4.906250000000000900, 0.9577164262227503300, 0.5529378364870319900 ) ) ;
#791 = EDGE_CURVE ( 'NONE', #679, #2231, #3332, .T. ) ;
#792 = CIRCLE ( 'NONE', #4064, 1.250000000000000000 ) ;
#793 = CARTESIAN_POINT ( 'NONE',  ( -5.599999999999998800, -0.9577164262227499900, 1.172864355864533000E-016 ) ) ;
#794 = FACE_OUTER_BOUND ( 'NONE', #1552, .T. ) ;
#795 = CARTESIAN_POINT ( 'NONE',  ( -4.306250000000000400, -4.938688641342514700E-016, -1.249999999999999800 ) ) ;
#796 = CARTESIAN_POINT ( 'NONE',  ( 3.050000000000000700, 0.4788582131113754400, -0.8294067547305471500 ) ) ;
#797 = ORIENTED_EDGE ( 'NONE', *, *, #2945, .F. ) ;
#798 = ORIENTED_EDGE ( 'NONE', *, *, #2437, .F. ) ;
#799 = CARTESIAN_POINT ( 'NONE',  ( -3.649999999999999500, 0.4788582131113742800, -0.8294067547305469200 ) ) ;
#800 = CARTESIAN_POINT ( 'NONE',  ( -5.451346189432334700, 0.3349364905389034000, 1.249999999999999600 ) ) ;
#801 = DIRECTION ( 'NONE',  ( 0.0000000000000000000, 0.0000000000000000000, 1.000000000000000000 ) ) ;
#802 = DIRECTION ( 'NONE',  ( -0.7071067811865463500, 8.659560562354948900E-017, -0.7071067811865487900 ) ) ;
#803 = CARTESIAN_POINT ( 'NONE',  ( -5.787499999999999600, 0.9577164262227498800, 0.5529378364870308800 ) ) ;
#804 = CARTESIAN_POINT ( 'NONE',  ( -4.193749999999999600, -0.9577164262227499900, 1.172864355864533000E-016 ) ) ;
#805 = CARTESIAN_POINT ( 'NONE',  ( -3.106249999999999700, 0.9577164262227496600, -0.5529378364870315400 ) ) ;
#806 = CARTESIAN_POINT ( 'NONE',  ( 5.656250000000000000, 6.771535515813057500E-017, -1.105875672974062900 ) ) ;
#808 = ORIENTED_EDGE ( 'NONE', *, *, #3779, .T. ) ;
#807 = CARTESIAN_POINT ( 'NONE',  ( -5.375000000000000000, 0.9577164262227499900, 0.0000000000000000000 ) ) ;
#809 = CARTESIAN_POINT ( 'NONE',  ( -3.106249999999999700, -1.249999999999999600, 0.7216878364870325000 ) ) ;
#810 = CARTESIAN_POINT ( 'NONE',  ( 2.825000000000000200, -0.4788582131113757200, 0.8294067547305469200 ) ) ;
#811 = DIRECTION ( 'NONE',  ( 0.0000000000000000000, 0.0000000000000000000, -1.000000000000000000 ) ) ;
#812 = VERTEX_POINT ( 'NONE', #3988 ) ;
#813 = CARTESIAN_POINT ( 'NONE',  ( -6.124999999999999100, -0.4788582131113747800, 0.8294067547305465900 ) ) ;
#814 = CARTESIAN_POINT ( 'NONE',  ( 3.725000000000000500, -0.4788582131113757200, 0.8294067547305469200 ) ) ;
#815 = CARTESIAN_POINT ( 'NONE',  ( -3.556249999999999500, 0.9577164262227496600, -0.5529378364870315400 ) ) ;
#816 = ORIENTED_EDGE ( 'NONE', *, *, #182, .T. ) ;
#817 = CARTESIAN_POINT ( 'NONE',  ( -3.593749999999999600, 0.4788582131113742800, -0.8294067547305469200 ) ) ;
#818 = EDGE_CURVE ( 'NONE', #933, #4352, #1382, .T. ) ;
#819 = CARTESIAN_POINT ( 'NONE',  ( 5.918750000000000200, -0.4788582131113757200, 0.8294067547305469200 ) ) ;
#820 = CARTESIAN_POINT ( 'NONE',  ( -6.311153810567666300, -0.3349364905389036800, 1.249999999999999600 ) ) ;
#821 = CARTESIAN_POINT ( 'NONE',  ( -4.137499999999998400, -4.706279764102867600E-015, 1.249999999999999600 ) ) ;
#822 = CARTESIAN_POINT ( 'NONE',  ( -5.937499999999999100, -2.031460654743915200E-016, -1.105875672974062000 ) ) ;
#823 = DIRECTION ( 'NONE',  ( 0.0000000000000000000, 0.0000000000000000000, -1.000000000000000000 ) ) ;
#824 = CARTESIAN_POINT ( 'NONE',  ( 4.774999999999999500, -0.4788582131113751100, -0.8294067547305472600 ) ) ;
#825 = ORIENTED_EDGE ( 'NONE', *, *, #1260, .T. ) ;
#826 = CC_DESIGN_APPROVAL ( #2021, ( #2096 ) ) ;
#827 = CARTESIAN_POINT ( 'NONE',  ( -2.150000000000000800, 0.0000000000000000000, 0.0000000000000000000 ) ) ;
#828 = APPROVAL_STATUS ( 'not_yet_approved' ) ;
#829 = ORIENTED_EDGE ( 'NONE', *, *, #2338, .T. ) ;
#830 = CARTESIAN_POINT ( 'NONE',  ( -5.487499999999998000, -2.031460654743915200E-016, -1.105875672974062000 ) ) ;
#831 = CARTESIAN_POINT ( 'NONE',  ( 4.625000000000000900, -0.4788582131113757200, 0.8294067547305469200 ) ) ;
#832 = CARTESIAN_POINT ( 'NONE',  ( -3.106249999999999700, 0.9577164262227496600, -0.5529378364870315400 ) ) ;
#833 = CARTESIAN_POINT ( 'NONE',  ( -3.218749999999999600, -0.4788582131113754400, -0.8294067547305463700 ) ) ;
#834 = CARTESIAN_POINT ( 'NONE',  ( 5.356249999999999300, 0.9577164262227503300, 0.5529378364870319900 ) ) ;
#835 =( BOUNDED_CURVE ( )  B_SPLINE_CURVE ( 2, ( #4507, #4494, #150, #2699, #1624, #4520, #3080, #1608, #4479 ),
 .UNSPECIFIED., .F., .F. ) 
 B_SPLINE_CURVE_WITH_KNOTS ( ( 3, 2, 2, 2, 3 ),
 ( 0.3250000000000000100, 0.3333333333333333100, 0.3499999999999999800, 0.3666666666666666400, 0.3750000000000000000 ),
 .UNSPECIFIED. ) 
 CURVE ( )  GEOMETRIC_REPRESENTATION_ITEM ( )  RATIONAL_B_SPLINE_CURVE ( ( 0.9330127018922194100, 0.9330127018922196300, 1.000000000000000000, 0.8660254037844387100, 1.000000000000000000, 0.8660254037844387100, 1.000000000000000000, 0.9330127018922194100, 0.9330127018922194100 ) ) 
 REPRESENTATION_ITEM ( '' )  );
#836 = CARTESIAN_POINT ( 'NONE',  ( -6.126346189432332800, -0.3349364905389037300, -1.249999999999999600 ) ) ;
#837 = CARTESIAN_POINT ( 'NONE',  ( -5.262499999999998400, 6.771535515813051300E-017, 1.105875672974062000 ) ) ;
#838 = EDGE_CURVE ( 'NONE', #2935, #3146, #283, .T. ) ;
#839 = CARTESIAN_POINT ( 'NONE',  ( 6.949999999999999300, 0.0000000000000000000, 0.0000000000000000000 ) ) ;
#840 = CARTESIAN_POINT ( 'NONE',  ( 4.100000000000000500, 0.4788582131113746100, 0.8294067547305475900 ) ) ;
#841 = CARTESIAN_POINT ( 'NONE',  ( -6.761153810567666500, -0.3349364905389033400, 1.249999999999999600 ) ) ;
#842 = APPROVAL_ROLE ( '' ) ;
#843 = AXIS2_PLACEMENT_3D ( 'NONE', #1219, #3757, #2311 ) ;
#844 = CARTESIAN_POINT ( 'NONE',  ( -6.949999999999999300, -1.948557158514986600, -1.125000000000000000 ) ) ;
#845 = CARTESIAN_POINT ( 'NONE',  ( 7.231249999999999300, 8.838126989374223500E-017, -1.443375672974064300 ) ) ;
#846 = DIRECTION ( 'NONE',  ( 0.0000000000000000000, 0.0000000000000000000, -1.000000000000000000 ) ) ;
#847 = CARTESIAN_POINT ( 'NONE',  ( 4.831250000000000700, 0.9577164262227506600, -0.5529378364870313200 ) ) ;
#848 = LINE ( 'NONE', #743, #4022 ) ;
#849 = CONICAL_SURFACE ( 'NONE', #1606, 2.250000000000000000, 1.047197551196600100 ) ;
#850 = ADVANCED_FACE ( 'NONE', ( #4045 ), #3933, .F. ) ;
#851 = EDGE_CURVE ( 'NONE', #4402, #3488, #267, .T. ) ;
#852 = CARTESIAN_POINT ( 'NONE',  ( -2.974999999999999200, -0.4788582131113747800, 0.8294067547305465900 ) ) ;
#853 = CARTESIAN_POINT ( 'NONE',  ( 5.937499999999999100, 1.743066579297358300E-016, -1.250000000000000000 ) ) ;
#854 = CARTESIAN_POINT ( 'NONE',  ( 3.762500000000000200, -0.9577164262227507700, 0.5529378364870311000 ) ) ;
#855 = CARTESIAN_POINT ( 'NONE',  ( -5.037499999999999600, 1.743066579297358300E-016, 1.249999999999999600 ) ) ;
#856 = CARTESIAN_POINT ( 'NONE',  ( -2.150000000000000800, 1.530808498934191600E-016, -1.250000000000000000 ) ) ;
#857 = CARTESIAN_POINT ( 'NONE',  ( -5.506249999999998800, -0.9577164262227502200, -0.5529378364870306500 ) ) ;
#858 = CARTESIAN_POINT ( 'NONE',  ( -6.349999999999998800, 0.4788582131113742800, -0.8294067547305469200 ) ) ;
#859 = CARTESIAN_POINT ( 'NONE',  ( 4.325000000000001100, -0.4788582131113751100, -0.8294067547305472600 ) ) ;
#860 = CARTESIAN_POINT ( 'NONE',  ( -2.656249999999999600, 0.9577164262227496600, -0.5529378364870315400 ) ) ;
#861 = CARTESIAN_POINT ( 'NONE',  ( 3.030756665990565100, 1.728209346468570800, -1.506653605801031600 ) ) ;
#862 = CARTESIAN_POINT ( 'NONE',  ( 0.0000000000000000000, 0.0000000000000000000, 0.9551764262227506700 ) ) ;
#863 = EDGE_CURVE ( 'NONE', #4100, #4419, #4270, .T. ) ;
#864 = CARTESIAN_POINT ( 'NONE',  ( -4.325000000000000200, 0.6249999999999990000, -1.082531754730548600 ) ) ;
#865 = EDGE_LOOP ( 'NONE', ( #1301, #2407 ) ) ;
#866 = CARTESIAN_POINT ( 'NONE',  ( 4.756249999999998800, 3.921899803419055800E-015, 1.250000000000000000 ) ) ;
#867 = CARTESIAN_POINT ( 'NONE',  ( -4.924999999999999800, -1.249999999999999800, 1.530808498934191300E-016 ) ) ;
#868 = LINE ( 'NONE', #4478, #1880 ) ;
#869 = CARTESIAN_POINT ( 'NONE',  ( -6.899200000000000400, 1.245793954082217400, -0.1024569371599316200 ) ) ;
#870 = CARTESIAN_POINT ( 'NONE',  ( -5.468750000000000000, -0.4788582131113754400, -0.8294067547305463700 ) ) ;
#871 = VECTOR ( 'NONE', #1644, 1000.000000000000000 ) ;
#872 = CARTESIAN_POINT ( 'NONE',  ( -3.874999999999999600, -0.4788582131113747800, 0.8294067547305465900 ) ) ;
#873 = CARTESIAN_POINT ( 'NONE',  ( 3.125000000000000000, 0.9577164262227506600, 0.0000000000000000000 ) ) ;
#874 = CARTESIAN_POINT ( 'NONE',  ( 3.050000000000000300, 0.0000000000000000000, -2.250000000000000000 ) ) ;
#875 = CARTESIAN_POINT ( 'NONE',  ( -3.500000000000000000, -0.6250000000000004400, -1.082531754730548000 ) ) ;
#876 = EDGE_LOOP ( 'NONE', ( #1485, #2534, #194, #148, #3954, #4489 ) ) ;
#877 = VERTEX_POINT ( 'NONE', #785 ) ;
#878 = CARTESIAN_POINT ( 'NONE',  ( -3.874999999999999600, -0.4788582131113747800, 0.8294067547305465900 ) ) ;
#879 = CARTESIAN_POINT ( 'NONE',  ( -6.162499999999999600, -4.938688641342514700E-016, -1.249999999999999800 ) ) ;
#880 = CARTESIAN_POINT ( 'NONE',  ( 4.887499999999999300, -1.250000000000000200, 0.7216878364870317200 ) ) ;
#881 = VERTEX_POINT ( 'NONE', #3340 ) ;
#882 = CARTESIAN_POINT ( 'NONE',  ( -6.968749999999999100, -0.4788582131113747800, 0.8294067547305465900 ) ) ;
#883 = CARTESIAN_POINT ( 'NONE',  ( -4.099999999999999600, 0.4788582131113742800, -0.8294067547305469200 ) ) ;
#884 = CARTESIAN_POINT ( 'NONE',  ( 6.856249999999998400, 1.250000000000000000, -0.7216878364870320500 ) ) ;
#885 = ORIENTED_EDGE ( 'NONE', *, *, #891, .F. ) ;
#886 = CARTESIAN_POINT ( 'NONE',  ( -2.693750000000000100, 0.4788582131113742800, -0.8294067547305469200 ) ) ;
#887 = CARTESIAN_POINT ( 'NONE',  ( 6.949999999999999300, 1.324149351578075700E-016, -0.9125000000000000900 ) ) ;
#888 = ADVANCED_FACE ( 'NONE', ( #2344 ), #308, .T. ) ;
#889 = CARTESIAN_POINT ( 'NONE',  ( -7.006249999999998800, -2.651438096812266900E-016, -1.443375672974064100 ) ) ;
#890 = CARTESIAN_POINT ( 'NONE',  ( -3.462499999999999500, 6.771535515813051300E-017, 1.105875672974062000 ) ) ;
#891 = EDGE_CURVE ( 'NONE', #4501, #4617, #2116, .T. ) ;
#892 = CARTESIAN_POINT ( 'NONE',  ( -4.381249999999999600, 0.9577164262227498800, 0.5529378364870308800 ) ) ;
#893 = CARTESIAN_POINT ( 'NONE',  ( 3.050000000000000300, 0.0000000000000000000, -1.250000000000000000 ) ) ;
#894 = FACE_OUTER_BOUND ( 'NONE', #1741, .T. ) ;
#895 = DIRECTION ( 'NONE',  ( -1.000000000000000000, -0.0000000000000000000, -0.0000000000000000000 ) ) ;
#896 = CARTESIAN_POINT ( 'NONE',  ( -6.668749999999999300, 0.9577164262227499900, 0.0000000000000000000 ) ) ;
#897 = AXIS2_PLACEMENT_3D ( 'NONE', #2989, #3738, #811 ) ;
#898 = ORIENTED_EDGE ( 'NONE', *, *, #2295, .F. ) ;
#899 = ORIENTED_EDGE ( 'NONE', *, *, #2881, .T. ) ;
#900 = LOCAL_TIME ( 20, 25, 45.00000000000000000, #1967 ) ;
#901 = CARTESIAN_POINT ( 'NONE',  ( -5.226346189432335100, -0.3349364905389037300, -1.249999999999999600 ) ) ;
#902 = CARTESIAN_POINT ( 'NONE',  ( 2.910229930904659800, 1.405025455977998900, -2.066424524318479300 ) ) ;
#903 = CARTESIAN_POINT ( 'NONE',  ( 5.074999999999999300, 0.6250000000000001100, -1.082531754730548400 ) ) ;
#904 = DIRECTION ( 'NONE',  ( 1.000000000000000000, 0.0000000000000000000, 0.0000000000000000000 ) ) ;
#905 = CARTESIAN_POINT ( 'NONE',  ( -4.812499999999999100, 6.771535515813051300E-017, 1.105875672974062000 ) ) ;
#906 = CARTESIAN_POINT ( 'NONE',  ( 5.862499999999998000, -1.250000000000000000, -0.7216878364870327200 ) ) ;
#907 = CARTESIAN_POINT ( 'NONE',  ( -4.906249999999999100, 0.9577164262227496600, -0.5529378364870315400 ) ) ;
#908 = CARTESIAN_POINT ( 'NONE',  ( 3.050000000000000300, 0.0000000000000000000, -1.250000000000000000 ) ) ;
#909 = CARTESIAN_POINT ( 'NONE',  ( -5.187499999999999100, 1.249999999999999300, -0.7216878364870328300 ) ) ;
#910 = VERTEX_POINT ( 'NONE', #4017 ) ;
#911 = CARTESIAN_POINT ( 'NONE',  ( -6.743749999999998600, 0.4788582131113742800, -0.8294067547305469200 ) ) ;
#912 = CARTESIAN_POINT ( 'NONE',  ( -6.949999999999999300, 0.0000000000000000000, -2.250000000000000000 ) ) ;
#913 = DIRECTION ( 'NONE',  ( 1.000000000000000000, 0.0000000000000000000, 0.0000000000000000000 ) ) ;
#914 = ORIENTED_EDGE ( 'NONE', *, *, #4475, .F. ) ;
#915 = DIRECTION ( 'NONE',  ( -1.000000000000000000, 0.0000000000000000000, 0.0000000000000000000 ) ) ;
#916 = EDGE_CURVE ( 'NONE', #1526, #4352, #1724, .T. ) ;
#917 = CARTESIAN_POINT ( 'NONE',  ( -7.306250000000000400, 1.250000000000000000, 0.7216878364870319400 ) ) ;
#918 = CARTESIAN_POINT ( 'NONE',  ( -3.124999999999999100, 0.9577164262227499900, 0.0000000000000000000 ) ) ;
#919 = CARTESIAN_POINT ( 'NONE',  ( 7.043749999999999300, 0.4788582131113754400, -0.8294067547305471500 ) ) ;
#920 = LINE ( 'NONE', #2330, #979 ) ;
#921 = CARTESIAN_POINT ( 'NONE',  ( 6.700826178001932500, -0.4696431222850054900, -1.087995277822064300 ) ) ;
#922 = CARTESIAN_POINT ( 'NONE',  ( -2.693750000000000100, 0.4788582131113742800, -0.8294067547305469200 ) ) ;
#923 = CARTESIAN_POINT ( 'NONE',  ( -6.274999999999999500, -1.249999999999999800, 1.530808498934191300E-016 ) ) ;
#924 = CARTESIAN_POINT ( 'NONE',  ( 6.068749999999999600, 0.6249999999999991100, 1.082531754730548900 ) ) ;
#925 = CARTESIAN_POINT ( 'NONE',  ( -4.551346189432333500, 0.3349364905389011800, 1.250000000000000900 ) ) ;
#926 = CARTESIAN_POINT ( 'NONE',  ( 3.406250000000000900, 6.771535515813057500E-017, -1.105875672974062900 ) ) ;
#927 = ORIENTED_EDGE ( 'NONE', *, *, #3523, .T. ) ;
#928 = B_SPLINE_CURVE_WITH_KNOTS ( 'NONE', 3,
 ( #1341, #3181, #1773, #2491, #3879, #4245 ),
 .UNSPECIFIED., .F., .F.,
 ( 4, 2, 4 ),
 ( 0.001314652396222796500, 0.001969405109320635000, 0.002624157822418473400 ),
 .UNSPECIFIED. ) ;
#929 = CARTESIAN_POINT ( 'NONE',  ( -3.087499999999999900, -1.250000000000000000, -0.7216878364870316100 ) ) ;
#930 = CARTESIAN_POINT ( 'NONE',  ( -6.106249999999998400, -4.938688641342514700E-016, -1.249999999999999800 ) ) ;
#931 = EDGE_CURVE ( 'NONE', #381, #3365, #2233, .T. ) ;
#932 = CARTESIAN_POINT ( 'NONE',  ( 6.783099131312385000, 1.070574895075088400, -0.1961711860374287500 ) ) ;
#933 = VERTEX_POINT ( 'NONE', #4379 ) ;
#934 = ADVANCED_FACE ( 'NONE', ( #179 ), #3998, .F. ) ;
#935 = CARTESIAN_POINT ( 'NONE',  ( 5.636153810567665600, 0.3349364905389027300, 1.250000000000000000 ) ) ;
#936 = CARTESIAN_POINT ( 'NONE',  ( -6.742562570092768000, -0.5769592326026302700, -0.9405474473965942400 ) ) ;
#937 = CARTESIAN_POINT ( 'NONE',  ( 6.673854363283403800, -1.023205526085123800, -0.6481756901792415900 ) ) ;
#938 = CARTESIAN_POINT ( 'NONE',  ( -3.143749999999999800, 0.4788582131113742800, -0.8294067547305469200 ) ) ;
#939 = CARTESIAN_POINT ( 'NONE',  ( -4.662499999999999600, 1.250000000000000000, 0.7216878364870319400 ) ) ;
#940 = CARTESIAN_POINT ( 'NONE',  ( 4.681249999999999500, 1.249999999999999800, 0.7216878364870329400 ) ) ;
#941 = CARTESIAN_POINT ( 'NONE',  ( 3.143750000000000700, 0.4788582131113746100, 0.8294067547305475900 ) ) ;
#942 = DIRECTION ( 'NONE',  ( -0.0000000000000000000, 0.8660254037844386000, 0.5000000000000003300 ) ) ;
#943 = CARTESIAN_POINT ( 'NONE',  ( 6.349999999999999600, -0.6249999999999996700, -1.082531754730548400 ) ) ;
#944 = CARTESIAN_POINT ( 'NONE',  ( -2.150000000000000800, 0.0000000000000000000, 0.0000000000000000000 ) ) ;
#945 = CARTESIAN_POINT ( 'NONE',  ( -6.012499999999999300, 1.250000000000000000, 0.7216878364870319400 ) ) ;
#946 = CARTESIAN_POINT ( 'NONE',  ( 5.225000000000000500, -0.4788582131113751100, -0.8294067547305472600 ) ) ;
#947 = FACE_OUTER_BOUND ( 'NONE', #415, .T. ) ;
#948 = APPROVAL_PERSON_ORGANIZATION ( #449, #4611, #73 ) ;
#949 = CARTESIAN_POINT ( 'NONE',  ( 4.362499999999998900, 3.921899803419055800E-015, 1.250000000000000000 ) ) ;
#950 = CARTESIAN_POINT ( 'NONE',  ( -6.854249740646026500, -0.1485722688479072200, 1.205049740642530000 ) ) ;
#951 = AXIS2_PLACEMENT_3D ( 'NONE', #3149, #2438, #3794 ) ;
#952 = ORIENTED_EDGE ( 'NONE', *, *, #4499, .F. ) ;
#953 = CONICAL_SURFACE ( 'NONE', #3809, 2.250000000000000000, 1.047197551196600100 ) ;
#954 = CARTESIAN_POINT ( 'NONE',  ( 5.732596189432334700, -0.3349364905389028400, 1.250000000000000200 ) ) ;
#955 = CARTESIAN_POINT ( 'NONE',  ( -4.006249999999999600, 0.9577164262227496600, -0.5529378364870315400 ) ) ;
#956 = CARTESIAN_POINT ( 'NONE',  ( 3.875000000000000000, 0.6249999999999991100, 1.082531754730548900 ) ) ;
#957 = CARTESIAN_POINT ( 'NONE',  ( 5.843750000000000000, -0.6249999999999996700, -1.082531754730548400 ) ) ;
#958 = DIRECTION ( 'NONE',  ( 0.0000000000000000000, -0.8660254037844389300, 0.4999999999999996100 ) ) ;
#959 = ADVANCED_FACE ( 'NONE', ( #1253 ), #1829, .F. ) ;
#960 = CARTESIAN_POINT ( 'NONE',  ( 4.943750000000000500, 0.4788582131113746100, 0.8294067547305475900 ) ) ;
#961 = AXIS2_PLACEMENT_3D ( 'NONE', #3113, #2817, #2142 ) ;
#962 = B_SPLINE_CURVE_WITH_KNOTS ( 'NONE', 3,
 ( #2372, #204, #1689, #3461, #3492, #622, #242, #937, #3105, #921, #1280, #605 ),
 .UNSPECIFIED., .F., .F.,
 ( 4, 2, 2, 2, 2, 4 ),
 ( 6.886177612592567600E-018, 0.0007009616656029466200, 0.001051442498404416400, 0.001401923331205886300, 0.002102884996808825800, 0.002803846662411765700 ),
 .UNSPECIFIED. ) ;
#963 = CARTESIAN_POINT ( 'NONE',  ( 5.281249999999998200, -1.250000000000000200, 0.7216878364870317200 ) ) ;
#964 = CARTESIAN_POINT ( 'NONE',  ( 3.143749999999999800, -0.6249999999999996700, -1.082531754730548400 ) ) ;
#965 = DIRECTION ( 'NONE',  ( 0.0000000000000000000, 0.0000000000000000000, 1.000000000000000000 ) ) ;
#966 = CARTESIAN_POINT ( 'NONE',  ( 7.174999999999999800, 0.9577164262227506600, 0.0000000000000000000 ) ) ;
#967 = CARTESIAN_POINT ( 'NONE',  ( 5.262499999999999300, 6.771535515813057500E-017, -1.105875672974062900 ) ) ;
#968 = CARTESIAN_POINT ( 'NONE',  ( 6.556250000000000400, 6.771535515813057500E-017, -1.105875672974062900 ) ) ;
#969 = DIRECTION ( 'NONE',  ( -1.000000000000000000, -0.0000000000000000000, -0.0000000000000000000 ) ) ;
#970 = CARTESIAN_POINT ( 'NONE',  ( -5.712499999999999500, -2.651438096812266900E-016, -1.443375672974064100 ) ) ;
#971 = CARTESIAN_POINT ( 'NONE',  ( 3.199999999999999700, -0.6249999999999996700, -1.082531754730548400 ) ) ;
#972 = DIRECTION ( 'NONE',  ( 0.0000000000000000000, 0.0000000000000000000, 1.000000000000000000 ) ) ;
#973 = CARTESIAN_POINT ( 'NONE',  ( 4.568749999999999600, 0.6250000000000001100, -1.082531754730548400 ) ) ;
#974 = CARTESIAN_POINT ( 'NONE',  ( -6.949999999999999300, -1.299038105676658900, -2.250000000000001300 ) ) ;
#975 = CARTESIAN_POINT ( 'NONE',  ( 4.268749999999999800, -0.4788582131113751100, -0.8294067547305472600 ) ) ;
#977 = VERTEX_POINT ( 'NONE', #2224 ) ;
#976 = CARTESIAN_POINT ( 'NONE',  ( -6.293750000000000200, -0.6249999999999995600, 1.082531754730548400 ) ) ;
#978 = EDGE_LOOP ( 'NONE', ( #3563, #1414, #4027, #1235, #1208, #3313 ) ) ;
#979 = VECTOR ( 'NONE', #3760, 1000.000000000000000 ) ;
#980 = CARTESIAN_POINT ( 'NONE',  ( 3.050000000000001200, 1.727238319854174300, 1.508335473232667500 ) ) ;
#981 = CARTESIAN_POINT ( 'NONE',  ( 4.120753277141796300, -0.3896487084294035800, -1.214432536149096000 ) ) ;
#982 = CARTESIAN_POINT ( 'NONE',  ( 5.750000000000000000, 0.4788582131113754400, -0.8294067547305471500 ) ) ;
#983 = FACE_OUTER_BOUND ( 'NONE', #2069, .T. ) ;
#984 = EDGE_CURVE ( 'NONE', #1131, #2651, #3038, .T. ) ;
#985 = ADVANCED_FACE ( 'NONE', ( #4050 ), #2056, .T. ) ;
#986 = CARTESIAN_POINT ( 'NONE',  ( 5.750000000000000000, 0.4788582131113754400, -0.8294067547305471500 ) ) ;
#987 = CARTESIAN_POINT ( 'NONE',  ( 6.293750000000000200, 0.4788582131113746100, 0.8294067547305475900 ) ) ;
#988 = CARTESIAN_POINT ( 'NONE',  ( -2.581250000000000300, -1.250000000000000000, -0.7216878364870316100 ) ) ;
#989 = CARTESIAN_POINT ( 'NONE',  ( -4.924999999999999800, -1.249999999999999800, 1.530808498934191300E-016 ) ) ;
#990 = CARTESIAN_POINT ( 'NONE',  ( 2.899999999999999900, 1.250000000000000000, 0.0000000000000000000 ) ) ;
#991 = ORIENTED_EDGE ( 'NONE', *, *, #2856, .T. ) ;
#992 = ORIENTED_EDGE ( 'NONE', *, *, #3062, .T. ) ;
#993 = CARTESIAN_POINT ( 'NONE',  ( 4.868749999999999500, -1.250000000000000000, -1.530808498934191600E-016 ) ) ;
#994 = DIRECTION ( 'NONE',  ( 1.000000000000000000, 0.0000000000000000000, -0.0000000000000000000 ) ) ;
#995 = CARTESIAN_POINT ( 'NONE',  ( 3.931250000000000800, 0.9577164262227506600, -0.5529378364870313200 ) ) ;
#996 = CARTESIAN_POINT ( 'NONE',  ( -5.656250000000000000, -2.651438096812266900E-016, -1.443375672974064100 ) ) ;
#997 = B_SPLINE_CURVE_WITH_KNOTS ( 'NONE', 3,
 ( #2299, #527, #1947, #3096, #3067, #163, #136, #560, #3434, #1223, #2359, #869 ),
 .UNSPECIFIED., .F., .F.,
 ( 4, 2, 2, 2, 2, 4 ),
 ( 7.359282866869374600E-005, 0.0005410024056818560100, 0.0007747071941884370500, 0.001008411982695018300, 0.001475821559708180000, 0.001943231136721341800 ),
 .UNSPECIFIED. ) ;
#998 = CARTESIAN_POINT ( 'NONE',  ( -3.387499999999999300, 1.249999999999999300, -0.7216878364870328300 ) ) ;
#999 = VERTEX_POINT ( 'NONE', #618 ) ;
#1000 = CARTESIAN_POINT ( 'NONE',  ( 3.049999999999999400, 0.2200441247746835200, 2.250000000000000400 ) ) ;
#1001 = CARTESIAN_POINT ( 'NONE',  ( 3.947628315504590400, 0.9046413460377987800, 0.5787140223639002400 ) ) ;
#1002 = CARTESIAN_POINT ( 'NONE',  ( 6.087500000000000400, -0.9577164262227504400, -0.5529378364870317600 ) ) ;
#1003 = CARTESIAN_POINT ( 'NONE',  ( -6.837499999999998600, 1.743066579297358300E-016, 1.249999999999999600 ) ) ;
#1005 = ORIENTED_EDGE ( 'NONE', *, *, #1513, .T. ) ;
#1004 = CARTESIAN_POINT ( 'NONE',  ( 5.562500000000000000, -0.9577164262227508800, 0.5529378364870311000 ) ) ;
#1006 = CARTESIAN_POINT ( 'NONE',  ( 5.656250000000000000, 6.771535515813057500E-017, -1.105875672974062900 ) ) ;
#1007 = CARTESIAN_POINT ( 'NONE',  ( -2.937499999999998700, -0.9577164262227497700, 0.5529378364870313200 ) ) ;
#1008 = CARTESIAN_POINT ( 'NONE',  ( -2.150000000000000800, 1.530808498934191600E-016, -1.250000000000000000 ) ) ;
#1009 = CARTESIAN_POINT ( 'NONE',  ( -6.087500000000000400, 1.249999999999999600, -0.7216878364870328300 ) ) ;
#1010 = CARTESIAN_POINT ( 'NONE',  ( 3.649999999999999900, -0.6249999999999996700, -1.082531754730548400 ) ) ;
#1011 = CARTESIAN_POINT ( 'NONE',  ( 3.743749999999999500, 1.250000000000000000, 0.0000000000000000000 ) ) ;
#1012 = ADVANCED_FACE ( 'NONE', ( #1386 ), #2258, .T. ) ;
#1013 = CARTESIAN_POINT ( 'NONE',  ( 5.825000000000000200, 0.9577164262227506600, 0.0000000000000000000 ) ) ;
#1014 = CARTESIAN_POINT ( 'NONE',  ( -5.506249999999999600, 1.250000000000000000, 0.7216878364870319400 ) ) ;
#1015 = CARTESIAN_POINT ( 'NONE',  ( -3.762499999999999700, 1.250000000000000000, 0.7216878364870319400 ) ) ;
#1016 = LINE ( 'NONE', #1963, #4312 ) ;
#1017 = EDGE_CURVE ( 'NONE', #1257, #693, #1659, .T. ) ;
#1018 = CARTESIAN_POINT ( 'NONE',  ( 5.712499999999999500, -2.651438096812267400E-016, 1.443375672974064300 ) ) ;
#1019 = CARTESIAN_POINT ( 'NONE',  ( -6.556249999999998600, -4.938688641342514700E-016, -1.249999999999999800 ) ) ;
#1020 = DIRECTION ( 'NONE',  ( 0.0000000000000000000, 0.0000000000000000000, -1.000000000000000000 ) ) ;
#1021 = CARTESIAN_POINT ( 'NONE',  ( -5.056250000000000400, 1.250000000000000000, 0.7216878364870319400 ) ) ;
#1022 = VERTEX_POINT ( 'NONE', #2419 ) ;
#1023 = CARTESIAN_POINT ( 'NONE',  ( 6.106250000000001100, 6.771535515813057500E-017, -1.105875672974062900 ) ) ;
#1024 = CARTESIAN_POINT ( 'NONE',  ( -3.424999999999999400, -0.4788582131113747800, 0.8294067547305465900 ) ) ;
#1025 = CARTESIAN_POINT ( 'NONE',  ( 4.812500000000000000, 1.714015469642402100E-015, 1.250000000000000000 ) ) ;
#1026 = CARTESIAN_POINT ( 'NONE',  ( -5.037499999999999600, 8.838126989374222200E-017, 1.443375672974064100 ) ) ;
#1027 = CARTESIAN_POINT ( 'NONE',  ( 3.349999999999999600, 1.250000000000000000, 0.0000000000000000000 ) ) ;
#1028 = CARTESIAN_POINT ( 'NONE',  ( 5.131250000000000500, 1.249999999999999600, 0.7216878364870329400 ) ) ;
#1029 = CARTESIAN_POINT ( 'NONE',  ( 6.875000000000000000, -0.4788582131113757200, 0.8294067547305469200 ) ) ;
#1030 = CARTESIAN_POINT ( 'NONE',  ( -6.331250000000000700, 8.838126989374222200E-017, 1.443375672974064100 ) ) ;
#1031 = B_SPLINE_CURVE_WITH_KNOTS ( 'NONE', 3,
 ( #4316, #2526, #3662, #1093 ),
 .UNSPECIFIED., .F., .F.,
 ( 4, 4 ),
 ( 2.380746839933081600E-007, 0.001314652396222795800 ),
 .UNSPECIFIED. ) ;
#1032 = EDGE_CURVE ( 'NONE', #2587, #772, #3569, .T. ) ;
#1033 = CARTESIAN_POINT ( 'NONE',  ( -6.950000000000000200, 1.838311014891731700, 1.315951922094013700 ) ) ;
#1034 = ORIENTED_EDGE ( 'NONE', *, *, #3906, .T. ) ;
#1035 = CARTESIAN_POINT ( 'NONE',  ( -6.518749999999998900, 0.6249999999999990000, -1.082531754730548600 ) ) ;
#1036 = CARTESIAN_POINT ( 'NONE',  ( 5.299999999999999800, -0.6250000000000005600, 1.082531754730548200 ) ) ;
#1037 = CARTESIAN_POINT ( 'NONE',  ( -3.087499999999999500, 0.9577164262227498800, 0.5529378364870308800 ) ) ;
#1038 = DIRECTION ( 'NONE',  ( -1.000000000000000000, -0.0000000000000000000, -0.0000000000000000000 ) ) ;
#1039 = ADVANCED_FACE ( 'NONE', ( #1101 ), #4175, .T. ) ;
#1040 = ORIENTED_EDGE ( 'NONE', *, *, #4142, .F. ) ;
#1041 = CARTESIAN_POINT ( 'NONE',  ( -3.649999999999999500, 0.4788582131113742800, -0.8294067547305469200 ) ) ;
#1042 = CARTESIAN_POINT ( 'NONE',  ( -6.606916426222742400, 0.6291744576415586600, 0.7220528061771663800 ) ) ;
#1043 = CARTESIAN_POINT ( 'NONE',  ( -5.112499999999999800, 1.250000000000000000, 0.7216878364870319400 ) ) ;
#1044 = CARTESIAN_POINT ( 'NONE',  ( 5.468750000000000900, -0.4788582131113757200, 0.8294067547305469200 ) ) ;
#1045 = LINE ( 'NONE', #2999, #2479 ) ;
#1046 = CARTESIAN_POINT ( 'NONE',  ( 5.487500000000000700, -2.031460654743916600E-016, 1.105875672974062900 ) ) ;
#1047 = CARTESIAN_POINT ( 'NONE',  ( -4.531250000000000000, 8.838126989374222200E-017, 1.443375672974064100 ) ) ;
#1048 = CARTESIAN_POINT ( 'NONE',  ( -3.725000000000000100, 0.6250000000000000000, 1.082531754730548200 ) ) ;
#1049 = CARTESIAN_POINT ( 'NONE',  ( -3.724999999999999600, -0.4788582131113754400, -0.8294067547305463700 ) ) ;
#1050 = CARTESIAN_POINT ( 'NONE',  ( 3.863575555550785800, 0.2728617428865093800, -0.9524048185842513000 ) ) ;
#1051 = CARTESIAN_POINT ( 'NONE',  ( -2.562499999999999600, 6.771535515813051300E-017, 1.105875672974062000 ) ) ;
#1052 = EDGE_CURVE ( 'NONE', #3866, #1328, #4276, .T. ) ;
#1053 = DIRECTION ( 'NONE',  ( 1.000000000000000000, 0.0000000000000000000, 0.0000000000000000000 ) ) ;
#1054 = CARTESIAN_POINT ( 'NONE',  ( -5.768749999999999800, 0.9577164262227499900, 0.0000000000000000000 ) ) ;
#1055 = ORIENTED_EDGE ( 'NONE', *, *, #3132, .F. ) ;
#1056 = CARTESIAN_POINT ( 'NONE',  ( -2.693750000000000100, -0.6249999999999995600, 1.082531754730548400 ) ) ;
#1057 = CARTESIAN_POINT ( 'NONE',  ( -4.737500000000000700, 1.249999999999999600, -0.7216878364870328300 ) ) ;
#1058 = CARTESIAN_POINT ( 'NONE',  ( 5.768750000000000700, 0.9577164262227506600, 0.0000000000000000000 ) ) ;
#1059 = ORIENTED_EDGE ( 'NONE', *, *, #891, .T. ) ;
#1060 = CARTESIAN_POINT ( 'NONE',  ( -6.949999999999999300, 0.0000000000000000000, 1.300800000000000000 ) ) ;
#1061 = CARTESIAN_POINT ( 'NONE',  ( 6.312500000000000900, 0.9577164262227503300, 0.5529378364870319900 ) ) ;
#1062 = CARTESIAN_POINT ( 'NONE',  ( -3.256249999999999600, 1.250000000000000000, 0.7216878364870319400 ) ) ;
#1063 = CARTESIAN_POINT ( 'NONE',  ( 6.592403810567666300, 0.3349364905389178900, 1.249999999999991600 ) ) ;
#1064 = CARTESIAN_POINT ( 'NONE',  ( 3.443750000000000100, 0.4788582131113754400, -0.8294067547305471500 ) ) ;
#1065 = CARTESIAN_POINT ( 'NONE',  ( 6.724999999999999600, -1.250000000000000000, -1.530808498934191600E-016 ) ) ;
#1066 = CARTESIAN_POINT ( 'NONE',  ( -5.467403810567666300, -0.3349364905389030600, 1.249999999999999800 ) ) ;
#1067 = CARTESIAN_POINT ( 'NONE',  ( -3.049999999999999800, 0.4788582131113751100, 0.8294067547305464800 ) ) ;
#1068 = FACE_OUTER_BOUND ( 'NONE', #4060, .T. ) ;
#1069 = CARTESIAN_POINT ( 'NONE',  ( -6.181249999999999500, 0.9577164262227498800, 0.5529378364870308800 ) ) ;
#1070 = LOCAL_TIME ( 20, 25, 45.00000000000000000, #2018 ) ;
#1071 = DIRECTION ( 'NONE',  ( 0.0000000000000000000, 0.0000000000000000000, -1.000000000000000000 ) ) ;
#1072 = CARTESIAN_POINT ( 'NONE',  ( -3.087499999999999900, -1.250000000000000000, -0.7216878364870315000 ) ) ;
#1073 = EDGE_LOOP ( 'NONE', ( #3798, #313, #4206, #3767 ) ) ;
#1074 = FACE_OUTER_BOUND ( 'NONE', #13, .T. ) ;
#1075 = CARTESIAN_POINT ( 'NONE',  ( -2.806249999999999500, 1.250000000000000000, 0.7216878364870319400 ) ) ;
#1076 = CARTESIAN_POINT ( 'NONE',  ( 6.500000000000000000, -0.9577164262227506600, -1.172864355864533800E-016 ) ) ;
#1077 = EDGE_CURVE ( 'NONE', #381, #4447, #3790, .T. ) ;
#1078 = CARTESIAN_POINT ( 'NONE',  ( 4.906250000000000900, 0.9577164262227503300, 0.5529378364870319900 ) ) ;
#1079 = CARTESIAN_POINT ( 'NONE',  ( 2.909699168166649300, 1.088902021129108300, 2.250000000000001300 ) ) ;
#1080 = CARTESIAN_POINT ( 'NONE',  ( 6.949999999999999300, 1.250000000000000000, 0.0000000000000000000 ) ) ;
#1081 = CARTESIAN_POINT ( 'NONE',  ( 4.531249999999999100, 1.743066579297358300E-016, -1.250000000000000000 ) ) ;
#1082 = CARTESIAN_POINT ( 'NONE',  ( -6.368749999999999500, -0.4788582131113754400, -0.8294067547305463700 ) ) ;
#1083 = AXIS2_PLACEMENT_3D ( 'NONE', #169, #519, #4527 ) ;
#1084 = CARTESIAN_POINT ( 'NONE',  ( -5.918749999999999300, -0.4788582131113754400, -0.8294067547305463700 ) ) ;
#1085 = ORIENTED_EDGE ( 'NONE', *, *, #2087, .T. ) ;
#1086 = CARTESIAN_POINT ( 'NONE',  ( 6.331249999999999800, 1.743066579297358300E-016, -1.250000000000000000 ) ) ;
#1087 = CARTESIAN_POINT ( 'NONE',  ( -2.449999999999999700, 1.249999999999999800, 0.0000000000000000000 ) ) ;
#1088 = CARTESIAN_POINT ( 'NONE',  ( -5.937499999999999100, -2.031460654743915200E-016, -1.105875672974062000 ) ) ;
#1089 = CARTESIAN_POINT ( 'NONE',  ( -2.543750000000000200, -0.6250000000000004400, -1.082531754730548000 ) ) ;
#1090 = EDGE_CURVE ( 'NONE', #3443, #1197, #1721, .T. ) ;
#1091 = CARTESIAN_POINT ( 'NONE',  ( 6.500000000000000000, 1.250000000000000000, 0.0000000000000000000 ) ) ;
#1092 = CARTESIAN_POINT ( 'NONE',  ( 3.031249999999999600, 0.9577164262227506600, -0.5529378364870313200 ) ) ;
#1093 = CARTESIAN_POINT ( 'NONE',  ( -6.949999999999999300, 1.948557158514986300, 1.125000000000000400 ) ) ;
#1094 = EDGE_LOOP ( 'NONE', ( #2217, #1948, #1682, #2342 ) ) ;
#1095 = CARTESIAN_POINT ( 'NONE',  ( 4.137500000000000200, 8.838126989374223500E-017, -1.443375672974064300 ) ) ;
#1096 = EDGE_LOOP ( 'NONE', ( #4262, #2137, #4657, #2199 ) ) ;
#1097 = DIRECTION ( 'NONE',  ( 0.0000000000000000000, 0.0000000000000000000, 1.000000000000000000 ) ) ;
#1098 = VECTOR ( 'NONE', #1306, 1000.000000000000000 ) ;
#1099 = CARTESIAN_POINT ( 'NONE',  ( 6.635349389820780700, -0.1609548076155640800, 1.227150610179220700 ) ) ;
#1100 = CARTESIAN_POINT ( 'NONE',  ( -2.524999999999999500, -0.4788582131113747800, 0.8294067547305465900 ) ) ;
#1101 = FACE_OUTER_BOUND ( 'NONE', #66, .T. ) ;
#1102 = CARTESIAN_POINT ( 'NONE',  ( -3.500000000000000000, -0.6250000000000004400, -1.082531754730548000 ) ) ;
#1103 = CARTESIAN_POINT ( 'NONE',  ( -5.412499999999998800, 0.9577164262227496600, -0.5529378364870315400 ) ) ;
#1104 = CARTESIAN_POINT ( 'NONE',  ( -4.118750000000000400, 0.6250000000000000000, 1.082531754730548200 ) ) ;
#1105 = EDGE_CURVE ( 'NONE', #2102, #2700, #2238, .T. ) ;
#1106 = ORIENTED_EDGE ( 'NONE', *, *, #3768, .T. ) ;
#1107 = DIRECTION ( 'NONE',  ( -1.000000000000000000, -0.0000000000000000000, -0.0000000000000000000 ) ) ;
#1108 = ORIENTED_EDGE ( 'NONE', *, *, #4345, .T. ) ;
#1109 = CARTESIAN_POINT ( 'NONE',  ( 4.606250000000000200, -0.9577164262227507700, 0.5529378364870311000 ) ) ;
#1110 = CARTESIAN_POINT ( 'NONE',  ( 2.960167543624091300, 0.8761424448715332500, 2.250000000000000900 ) ) ;
#1111 = CARTESIAN_POINT ( 'NONE',  ( 4.362499999999999800, -2.651438096812267400E-016, 1.443375672974064300 ) ) ;
#1112 = CARTESIAN_POINT ( 'NONE',  ( -2.150000000000000800, 0.0000000000000000000, 0.0000000000000000000 ) ) ;
#1113 = ORIENTED_EDGE ( 'NONE', *, *, #1363, .T. ) ;
#1114 = CARTESIAN_POINT ( 'NONE',  ( -5.131249999999999600, -0.9577164262227497700, 0.5529378364870313200 ) ) ;
#1115 = CARTESIAN_POINT ( 'NONE',  ( -5.506249999999998800, -0.9577164262227502200, -0.5529378364870306500 ) ) ;
#1116 = CARTESIAN_POINT ( 'NONE',  ( 3.050000000000000300, -1.948557158514986600, -1.125000000000000000 ) ) ;
#1117 = CARTESIAN_POINT ( 'NONE',  ( -4.474999999999999600, -1.249999999999999800, 1.530808498934191300E-016 ) ) ;
#1118 = ORIENTED_EDGE ( 'NONE', *, *, #1985, .T. ) ;
#1119 = CARTESIAN_POINT ( 'NONE',  ( -6.762499999999999300, 0.9577164262227496600, -0.5529378364870315400 ) ) ;
#1120 = CARTESIAN_POINT ( 'NONE',  ( -3.518749999999999800, -1.249999999999999800, 1.530808498934191300E-016 ) ) ;
#1121 =( BOUNDED_CURVE ( )  B_SPLINE_CURVE ( 2, ( #422, #1788, #4332, #4349, #4001, #2901, #3273, #375, #2175 ),
 .UNSPECIFIED., .F., .F. ) 
 B_SPLINE_CURVE_WITH_KNOTS ( ( 3, 2, 2, 2, 3 ),
 ( 0.2045454545454545600, 0.2121212121212121300, 0.2272727272727272700, 0.2424242424242424300, 0.2500000000000000000 ),
 .UNSPECIFIED. ) 
 CURVE ( )  GEOMETRIC_REPRESENTATION_ITEM ( )  RATIONAL_B_SPLINE_CURVE ( ( 0.9330127018922193000, 0.9330127018922194100, 1.000000000000000000, 0.8660254037844387100, 1.000000000000000000, 0.8660254037844387100, 1.000000000000000000, 0.9330127018922194100, 0.9330127018922194100 ) ) 
 REPRESENTATION_ITEM ( '' )  );
#1122 = CARTESIAN_POINT ( 'NONE',  ( -4.343750000000000000, -0.6250000000000004400, -1.082531754730548000 ) ) ;
#1123 = CARTESIAN_POINT ( 'NONE',  ( 4.456249999999999800, 0.9577164262227503300, 0.5529378364870319900 ) ) ;
#1124 = CARTESIAN_POINT ( 'NONE',  ( -6.606916426222750400, -0.07129973764664984700, 0.9550586895413256700 ) ) ;
#1125 = DIRECTION ( 'NONE',  ( -1.000000000000000000, 0.0000000000000000000, 0.0000000000000000000 ) ) ;
#1126 = DIRECTION ( 'NONE',  ( 0.0000000000000000000, 0.0000000000000000000, 1.000000000000000000 ) ) ;
#1127 = VECTOR ( 'NONE', #1697, 1000.000000000000000 ) ;
#1128 = CYLINDRICAL_SURFACE ( 'NONE', #1361, 1.250000000000000000 ) ;
#1129 = CARTESIAN_POINT ( 'NONE',  ( -3.181249999999999000, -2.031460654743915200E-016, -1.105875672974062000 ) ) ;
#1130 = CARTESIAN_POINT ( 'NONE',  ( -4.456249999999999800, 0.9577164262227496600, -0.5529378364870315400 ) ) ;
#1131 = VERTEX_POINT ( 'NONE', #1273 ) ;
#1132 = CARTESIAN_POINT ( 'NONE',  ( -4.587499999999999500, -2.031460654743915200E-016, -1.105875672974062000 ) ) ;
#1133 = CARTESIAN_POINT ( 'NONE',  ( -5.768749999999999800, -1.249999999999999800, 1.530808498934191300E-016 ) ) ;
#1134 = CARTESIAN_POINT ( 'NONE',  ( 7.025000000000000400, -0.4788582131113751100, -0.8294067547305472600 ) ) ;
#1135 = EDGE_CURVE ( 'NONE', #1381, #1328, #2207, .T. ) ;
#1136 = ORIENTED_EDGE ( 'NONE', *, *, #3290, .T. ) ;
#1137 = CARTESIAN_POINT ( 'NONE',  ( 2.843750000000000900, -0.9577164262227506600, -1.172864355864533800E-016 ) ) ;
#1138 = CARTESIAN_POINT ( 'NONE',  ( -5.543750000000000200, 1.249999999999999800, 0.0000000000000000000 ) ) ;
#1139 = CARTESIAN_POINT ( 'NONE',  ( 4.343750000000000000, -0.6250000000000005600, 1.082531754730548200 ) ) ;
#1140 = ORIENTED_EDGE ( 'NONE', *, *, #2456, .F. ) ;
#1141 = CARTESIAN_POINT ( 'NONE',  ( -2.993749999999999900, 0.4788582131113751100, 0.8294067547305464800 ) ) ;
#1142 = AXIS2_PLACEMENT_3D ( 'NONE', #827, #2240, #3338 ) ;
#1143 = CARTESIAN_POINT ( 'NONE',  ( -3.518749999999999400, 0.9577164262227499900, 0.0000000000000000000 ) ) ;
#1144 = CARTESIAN_POINT ( 'NONE',  ( 4.381249999999999600, 0.9577164262227506600, -0.5529378364870313200 ) ) ;
#1145 = EDGE_LOOP ( 'NONE', ( #4396, #1437, #1373 ) ) ;
#1146 = VECTOR ( 'NONE', #3308, 1000.000000000000000 ) ;
#1147 = CARTESIAN_POINT ( 'NONE',  ( -4.474999999999999600, 0.9577164262227499900, 0.0000000000000000000 ) ) ;
#1148 = CARTESIAN_POINT ( 'NONE',  ( -3.181249999999999900, 1.743066579297358300E-016, 1.249999999999999600 ) ) ;
#1149 = CARTESIAN_POINT ( 'NONE',  ( 2.862500000000000700, -0.9577164262227507700, 0.5529378364870311000 ) ) ;
#1150 = LINE ( 'NONE', #3241, #2983 ) ;
#1151 = CARTESIAN_POINT ( 'NONE',  ( 2.768750000000000300, -0.4788582131113757200, 0.8294067547305469200 ) ) ;
#1152 = CARTESIAN_POINT ( 'NONE',  ( -4.961153810567664900, -0.3349364905389030600, 1.249999999999999800 ) ) ;
#1153 = CARTESIAN_POINT ( 'NONE',  ( -5.375000000000000000, 0.9577164262227499900, 0.0000000000000000000 ) ) ;
#1154 = CARTESIAN_POINT ( 'NONE',  ( -3.818749999999999600, -0.4788582131113747800, 0.8294067547305465900 ) ) ;
#1155 = CARTESIAN_POINT ( 'NONE',  ( -3.781249999999999100, -0.9577164262227497700, 0.5529378364870313200 ) ) ;
#1156 = CARTESIAN_POINT ( 'NONE',  ( 5.843750000000000000, 0.4788582131113746100, 0.8294067547305475900 ) ) ;
#1157 = CARTESIAN_POINT ( 'NONE',  ( 3.050000000000000300, 1.948557158514986300, 1.125000000000000400 ) ) ;
#1158 = CARTESIAN_POINT ( 'NONE',  ( -5.149999999999999500, -0.9577164262227499900, 1.172864355864533000E-016 ) ) ;
#1159 = ORIENTED_EDGE ( 'NONE', *, *, #3636, .F. ) ;
#1160 = EDGE_CURVE ( 'NONE', #3616, #2587, #1362, .T. ) ;
#1161 = CARTESIAN_POINT ( 'NONE',  ( -5.806249999999999500, -1.249999999999999600, 0.7216878364870325000 ) ) ;
#1162 = CARTESIAN_POINT ( 'NONE',  ( 3.462499999999999900, 6.771535515813057500E-017, -1.105875672974062900 ) ) ;
#1163 = ORIENTED_EDGE ( 'NONE', *, *, #1077, .T. ) ;
#1164 = CARTESIAN_POINT ( 'NONE',  ( -2.675000000000000300, -1.249999999999999800, 1.530808498934191300E-016 ) ) ;
#1165 = CARTESIAN_POINT ( 'NONE',  ( -5.712499999999998600, 6.771535515813051300E-017, 1.105875672974062000 ) ) ;
#1166 = CARTESIAN_POINT ( 'NONE',  ( 2.900000000000000800, -0.9577164262227506600, -1.172864355864533800E-016 ) ) ;
#1167 = CARTESIAN_POINT ( 'NONE',  ( -3.218749999999999600, -0.4788582131113754400, -0.8294067547305463700 ) ) ;
#1168 = CARTESIAN_POINT ( 'NONE',  ( -4.231249999999999300, -0.9577164262227497700, 0.5529378364870313200 ) ) ;
#1169 = CARTESIAN_POINT ( 'NONE',  ( 6.143749999999999800, 0.4788582131113754400, -0.8294067547305471500 ) ) ;
#1170 = EDGE_CURVE ( 'NONE', #3993, #4323, #1150, .T. ) ;
#1171 = DIRECTION ( 'NONE',  ( -1.000000000000000000, 0.0000000000000000000, 0.0000000000000000000 ) ) ;
#1172 = CYLINDRICAL_SURFACE ( 'NONE', #3008, 1.250000000000000000 ) ;
#1173 = CARTESIAN_POINT ( 'NONE',  ( -4.624999999999999100, -0.4788582131113754400, -0.8294067547305463700 ) ) ;
#1174 = CALENDAR_DATE ( 2021, 9, 7 ) ;
#1175 = CARTESIAN_POINT ( 'NONE',  ( 4.287499999999999600, -0.9577164262227504400, -0.5529378364870317600 ) ) ;
#1176 = ORIENTED_EDGE ( 'NONE', *, *, #2719, .F. ) ;
#1177 = CARTESIAN_POINT ( 'NONE',  ( -3.631250000000000100, 1.743066579297358300E-016, 1.249999999999999600 ) ) ;
#1178 = PERSON_AND_ORGANIZATION ( #4603, #566 ) ;
#1179 = PERSON_AND_ORGANIZATION_ROLE ( 'design_supplier' ) ;
#1180 = CARTESIAN_POINT ( 'NONE',  ( -6.949999999999999300, 0.0000000000000000000, 2.250000000000000000 ) ) ;
#1181 = CARTESIAN_POINT ( 'NONE',  ( 3.237499999999999400, -2.031460654743916600E-016, 1.105875672974062900 ) ) ;
#1182 = CARTESIAN_POINT ( 'NONE',  ( -4.081249999999999800, -2.031460654743915200E-016, -1.105875672974062000 ) ) ;
#1183 = CARTESIAN_POINT ( 'NONE',  ( -4.643749999999999800, -0.9577164262227499900, 1.172864355864533000E-016 ) ) ;
#1184 = CARTESIAN_POINT ( 'NONE',  ( 4.681249999999999500, -0.9577164262227504400, -0.5529378364870317600 ) ) ;
#1185 = CARTESIAN_POINT ( 'NONE',  ( 6.949999999999999300, 0.0000000000000000000, 0.0000000000000000000 ) ) ;
#1187 = ORIENTED_EDGE ( 'NONE', *, *, #2295, .T. ) ;
#1186 = CARTESIAN_POINT ( 'NONE',  ( -4.249999999999999100, -0.9577164262227499900, 1.172864355864533000E-016 ) ) ;
#1188 = DIRECTION ( 'NONE',  ( 0.0000000000000000000, 0.0000000000000000000, 1.000000000000000000 ) ) ;
#1189 = CARTESIAN_POINT ( 'NONE',  ( 4.850000000000000500, 0.4788582131113754400, -0.8294067547305471500 ) ) ;
#1190 = AXIS2_PLACEMENT_3D ( 'NONE', #2618, #1864, #437 ) ;
#1191 = CARTESIAN_POINT ( 'NONE',  ( -6.593750000000000000, -0.6250000000000004400, -1.082531754730548000 ) ) ;
#1192 = SECURITY_CLASSIFICATION_LEVEL ( 'unclassified' ) ;
#1193 = ORIENTED_EDGE ( 'NONE', *, *, #1649, .F. ) ;
#1194 = CARTESIAN_POINT ( 'NONE',  ( -4.512499999999999300, 0.9577164262227496600, -0.5529378364870315400 ) ) ;
#1195 = CARTESIAN_POINT ( 'NONE',  ( 5.037500000000000500, -2.031460654743916600E-016, 1.105875672974062900 ) ) ;
#1196 = CARTESIAN_POINT ( 'NONE',  ( -5.318749999999999600, -1.249999999999999800, 1.530808498934191300E-016 ) ) ;
#1197 = VERTEX_POINT ( 'NONE', #4297 ) ;
#1198 = FACE_OUTER_BOUND ( 'NONE', #3046, .T. ) ;
#1199 = CARTESIAN_POINT ( 'NONE',  ( 4.568749999999999600, -0.4788582131113757200, 0.8294067547305469200 ) ) ;
#1200 = CARTESIAN_POINT ( 'NONE',  ( 4.437500000000000900, 0.9577164262227506600, -0.5529378364870313200 ) ) ;
#1201 = CARTESIAN_POINT ( 'NONE',  ( -4.006249999999999600, -1.249999999999999600, 0.7216878364870325000 ) ) ;
#1202 = CARTESIAN_POINT ( 'NONE',  ( -3.762499999999999300, -0.9577164262227502200, -0.5529378364870306500 ) ) ;
#1203 = CARTESIAN_POINT ( 'NONE',  ( 5.656250000000000000, -4.938688641342514700E-016, 1.250000000000000000 ) ) ;
#1204 = CARTESIAN_POINT ( 'NONE',  ( 3.125000000000000000, 0.9577164262227506600, 0.0000000000000000000 ) ) ;
#1205 = CARTESIAN_POINT ( 'NONE',  ( -2.318749999999999600, -0.4788582131113754400, -0.8294067547305463700 ) ) ;
#1206 = CARTESIAN_POINT ( 'NONE',  ( -2.637500000000000200, -1.250000000000000000, -0.7216878364870316100 ) ) ;
#1207 = CARTESIAN_POINT ( 'NONE',  ( -5.393749999999998900, 0.4788582131113742800, -0.8294067547305469200 ) ) ;
#1208 = ORIENTED_EDGE ( 'NONE', *, *, #2641, .T. ) ;
#1209 = ORIENTED_EDGE ( 'NONE', *, *, #4055, .T. ) ;
#1210 = CARTESIAN_POINT ( 'NONE',  ( -6.049999999999998900, -0.9577164262227499900, 1.172864355864533000E-016 ) ) ;
#1211 = CARTESIAN_POINT ( 'NONE',  ( 3.350000000000000100, -0.9577164262227506600, -1.172864355864533800E-016 ) ) ;
#1212 = CARTESIAN_POINT ( 'NONE',  ( 6.068749999999999600, 0.6249999999999991100, 1.082531754730548900 ) ) ;
#1213 = DIRECTION ( 'NONE',  ( 1.000000000000000000, 0.0000000000000000000, -0.0000000000000000000 ) ) ;
#1214 = CARTESIAN_POINT ( 'NONE',  ( -6.930756665990564600, 2.168904970561405400, -0.7433463941989673100 ) ) ;
#1215 = ORIENTED_EDGE ( 'NONE', *, *, #3073, .F. ) ;
#1216 = CARTESIAN_POINT ( 'NONE',  ( -6.668749999999999300, -1.249999999999999800, 1.530808498934191300E-016 ) ) ;
#1217 = CARTESIAN_POINT ( 'NONE',  ( -3.987499999999999400, 0.9577164262227498800, 0.5529378364870308800 ) ) ;
#1218 = EDGE_CURVE ( 'NONE', #724, #3329, #4279, .T. ) ;
#1219 = CARTESIAN_POINT ( 'NONE',  ( 3.050000000000000300, 2.598076211353316500, 1.154513300659503200E-015 ) ) ;
#1220 = CARTESIAN_POINT ( 'NONE',  ( -6.682912898986352000, 0.7383882091153584100, -0.7515215883709319700 ) ) ;
#1221 = VERTEX_POINT ( 'NONE', #322 ) ;
#1222 = CARTESIAN_POINT ( 'NONE',  ( 2.971727692845874000, 2.385571612819398000, -0.3680687615027724600 ) ) ;
#1223 = CARTESIAN_POINT ( 'NONE',  ( -6.859787909239496900, 1.202472428561302900, 0.2074323610920907100 ) ) ;
#1224 = DIRECTION ( 'NONE',  ( -1.000000000000000000, -0.0000000000000000000, -0.0000000000000000000 ) ) ;
#1225 = CARTESIAN_POINT ( 'NONE',  ( -5.243749999999999500, 0.4788582131113751100, 0.8294067547305464800 ) ) ;
#1226 = AXIS2_PLACEMENT_3D ( 'NONE', #2657, #3048, #524 ) ;
#1227 = CYLINDRICAL_SURFACE ( 'NONE', #3166, 1.250000000000000000 ) ;
#1228 = CARTESIAN_POINT ( 'NONE',  ( -3.837499999999999500, -0.9577164262227497700, 0.5529378364870313200 ) ) ;
#1229 = CARTESIAN_POINT ( 'NONE',  ( 3.800000000000000300, -0.9577164262227506600, -1.172864355864533800E-016 ) ) ;
#1230 = CARTESIAN_POINT ( 'NONE',  ( 5.918749999999999300, 0.6250000000000001100, -1.082531754730548400 ) ) ;
#1231 = CARTESIAN_POINT ( 'NONE',  ( 2.849038105676658700, -2.598076211353316500, -2.766540139720356900E-015 ) ) ;
#1232 = CONICAL_SURFACE ( 'NONE', #961, 0.9125000000000000900, 0.7853981633974453900 ) ;
#1233 = CARTESIAN_POINT ( 'NONE',  ( 4.212500000000000400, -0.9577164262227508800, 0.5529378364870311000 ) ) ;
#1234 = CARTESIAN_POINT ( 'NONE',  ( -4.362499999999999800, -4.938688641342514700E-016, -1.249999999999999800 ) ) ;
#1235 = ORIENTED_EDGE ( 'NONE', *, *, #1841, .F. ) ;
#1236 = CARTESIAN_POINT ( 'NONE',  ( 3.050000000000000300, 0.0000000000000000000, 2.250000000000000000 ) ) ;
#1237 = CARTESIAN_POINT ( 'NONE',  ( -6.312500000000000900, -1.249999999999999600, 0.7216878364870325000 ) ) ;
#1238 = CARTESIAN_POINT ( 'NONE',  ( 3.850316728204654600, -6.797959659259696400E-015, -0.9679931544274051900 ) ) ;
#1239 = CARTESIAN_POINT ( 'NONE',  ( -6.818749999999999600, -0.4788582131113754400, -0.8294067547305463700 ) ) ;
#1240 = VERTEX_POINT ( 'NONE', #4281 ) ;
#1241 = CARTESIAN_POINT ( 'NONE',  ( -4.249999999999999100, -0.9577164262227499900, 1.172864355864533000E-016 ) ) ;
#1242 = CARTESIAN_POINT ( 'NONE',  ( 6.593750000000000000, -0.6250000000000005600, 1.082531754730548200 ) ) ;
#1243 = CARTESIAN_POINT ( 'NONE',  ( -5.431249999999999500, 1.743066579297358300E-016, 1.249999999999999600 ) ) ;
#1244 = VERTEX_POINT ( 'NONE', #3168 ) ;
#1245 = CARTESIAN_POINT ( 'NONE',  ( -3.649999999999999900, -0.6249999999999995600, 1.082531754730548400 ) ) ;
#1246 = ORIENTED_EDGE ( 'NONE', *, *, #2881, .F. ) ;
#1247 = EDGE_CURVE ( 'NONE', #1384, #3881, #2970, .T. ) ;
#1248 = CARTESIAN_POINT ( 'NONE',  ( 4.342403810567664600, 0.3349364905389047900, 1.249999999999998900 ) ) ;
#1249 = CARTESIAN_POINT ( 'NONE',  ( -4.157596189432334600, 0.3349364905389011800, 1.250000000000000900 ) ) ;
#1250 = ORIENTED_EDGE ( 'NONE', *, *, #82, .T. ) ;
#1251 = CARTESIAN_POINT ( 'NONE',  ( -4.718749999999999100, -0.4788582131113747800, 0.8294067547305465900 ) ) ;
#1252 = CARTESIAN_POINT ( 'NONE',  ( 2.849038105676658700, -2.598076211353316500, -2.766540139720356900E-015 ) ) ;
#1253 = FACE_OUTER_BOUND ( 'NONE', #1094, .T. ) ;
#1254 = DIRECTION ( 'NONE',  ( 0.0000000000000000000, 0.0000000000000000000, 1.000000000000000000 ) ) ;
#1255 = CARTESIAN_POINT ( 'NONE',  ( 5.375000000000000000, -1.250000000000000000, -1.530808498934191600E-016 ) ) ;
#1256 = CARTESIAN_POINT ( 'NONE',  ( -5.806249999999998600, 0.9577164262227496600, -0.5529378364870315400 ) ) ;
#1257 = VERTEX_POINT ( 'NONE', #4315 ) ;
#1258 = CARTESIAN_POINT ( 'NONE',  ( -3.237499999999999400, 1.743066579297358300E-016, 1.249999999999999600 ) ) ;
#1259 = CARTESIAN_POINT ( 'NONE',  ( 2.960744989968446800, 1.511897080250297600, -1.881317441191444800 ) ) ;
#1260 = EDGE_CURVE ( 'NONE', #2332, #2905, #2123, .T. ) ;
#1261 =( BOUNDED_CURVE ( )  B_SPLINE_CURVE ( 2, ( #712, #3257, #3982, #1427, #2898, #1796, #3967, #1785, #1, #2539, #355, #728, #1076, #1441, #2173, #17, #2913, #2068, #2034, #4625, #620, #3525, #2789, #1713, #2443, #3154, #4251, #2037, #3172, #1730, #256, #1699, #986, #4233, #4217, #2076, #1687, #1004, #2457, #1369, #4577, #3556, #2806, #2426, #4609, #967, #2057, #3538, #3853, #238, #636, #1330, #3867, #4593, #1347, #3888, #270, #2823, #650, #3190, #3907, #3013, #504, #4459, #1882, #2325, #91, #1200, #1540, #4427, #3428, #2292, #2679, #1233, #4095, #1557, #3744, #4068, #1587, #3045, #4081, #4112, #1926, #2257, #2638 ),
 .UNSPECIFIED., .F., .F. ) 
 B_SPLINE_CURVE_WITH_KNOTS ( ( 3, 2, 2, 2, 2, 2, 2, 2, 2, 2, 2, 2, 2, 2, 2, 2, 2, 2, 2, 2, 2, 2, 2, 2, 2, 2, 2, 2, 2, 2, 2, 2, 2, 2, 2, 2, 2, 2, 2, 2, 2, 2, 3 ),
 ( 0.05993748394791022900, 0.06666666666666666600, 0.08333333333333332900, 0.1000000000000000100, 0.1166666666666666700, 0.1333333333333333300, 0.1499999999999999900, 0.1666666666666666600, 0.1833333333333333200, 0.2000000000000000100, 0.2166666666666666700, 0.2333333333333333400, 0.2500000000000000000, 0.2666666666666666600, 0.2833333333333333300, 0.2999999999999999900, 0.3166666666666666500, 0.3333333333333333100, 0.3499999999999999800, 0.3666666666666666400, 0.3833333333333333600, 0.4000000000000000200, 0.4166666666666666900, 0.4333333333333333500, 0.4500000000000000100, 0.4666666666666666700, 0.4833333333333333400, 0.5000000000000000000, 0.5166666666666668300, 0.5333333333333333300, 0.5500000000000001600, 0.5666666666666666500, 0.5833333333333333700, 0.5999999999999999800, 0.6166666666666667000, 0.6333333333333333000, 0.6500000000000000200, 0.6666666666666666300, 0.6833333333333333500, 0.6999999999999999600, 0.7166666666666666700, 0.7333333333333332800, 0.7411398817380114900 ),
 .UNSPECIFIED. ) 
 CURVE ( )  GEOMETRIC_REPRESENTATION_ITEM ( )  RATIONAL_B_SPLINE_CURVE ( ( 0.9354949502797556000, 0.9459076277436324600, 1.000000000000000000, 0.8660254037844387100, 1.000000000000000000, 0.8660254037844387100, 1.000000000000000000, 0.8660254037844387100, 1.000000000000000000, 0.8660254037844387100, 1.000000000000000000, 0.8660254037844387100, 1.000000000000000000, 0.8660254037844387100, 1.000000000000000000, 0.8660254037844387100, 1.000000000000000000, 0.8660254037844387100, 1.000000000000000000, 0.8660254037844387100, 1.000000000000000000, 0.8660254037844387100, 1.000000000000000000, 0.8660254037844387100, 1.000000000000000000, 0.8660254037844387100, 1.000000000000000000, 0.8660254037844387100, 1.000000000000000000, 0.8660254037844387100, 1.000000000000000000, 0.8660254037844387100, 1.000000000000000000, 0.8660254037844387100, 1.000000000000000000, 0.8660254037844387100, 1.000000000000000000, 0.8660254037844387100, 1.000000000000000000, 0.8660254037844387100, 1.000000000000000000, 0.8660254037844387100, 1.000000000000000000, 0.8660254037844387100, 1.000000000000000000, 0.8660254037844387100, 1.000000000000000000, 0.8660254037844387100, 1.000000000000000000, 0.8660254037844387100, 1.000000000000000000, 0.8660254037844387100, 1.000000000000000000, 0.8660254037844387100, 1.000000000000000000, 0.8660254037844387100, 1.000000000000000000, 0.8660254037844387100, 1.000000000000000000, 0.8660254037844387100, 1.000000000000000000, 0.8660254037844387100, 1.000000000000000000, 0.8660254037844387100, 1.000000000000000000, 0.8660254037844387100, 1.000000000000000000, 0.8660254037844387100, 1.000000000000000000, 0.8660254037844387100, 1.000000000000000000, 0.8660254037844387100, 1.000000000000000000, 0.8660254037844387100, 1.000000000000000000, 0.8660254037844387100, 1.000000000000000000, 0.8660254037844387100, 1.000000000000000000, 0.8660254037844387100, 1.000000000000000000, 0.8660254037844387100, 1.000000000000000000, 0.9372472497787603900, 0.9332803854129752000 ) ) 
 REPRESENTATION_ITEM ( '' )  );
#1262 = CARTESIAN_POINT ( 'NONE',  ( 5.431249999999999500, -2.033577675846917700E-015, -1.249999999999999800 ) ) ;
#1263 = CARTESIAN_POINT ( 'NONE',  ( -4.287499999999999600, -0.9577164262227497700, 0.5529378364870313200 ) ) ;
#1264 = CARTESIAN_POINT ( 'NONE',  ( -3.087499999999999500, 0.9577164262227498800, 0.5529378364870308800 ) ) ;
#1265 = CARTESIAN_POINT ( 'NONE',  ( -6.949999999999999300, -1.948557158514986600, -1.125000000000000000 ) ) ;
#1266 = CARTESIAN_POINT ( 'NONE',  ( -3.668749999999999700, -0.4788582131113754400, -0.8294067547305463700 ) ) ;
#1267 = CARTESIAN_POINT ( 'NONE',  ( 4.718750000000000000, 0.6249999999999991100, 1.082531754730548900 ) ) ;
#1268 = CARTESIAN_POINT ( 'NONE',  ( -5.112499999999999800, 1.250000000000000000, 0.7216878364870319400 ) ) ;
#1269 = ORIENTED_EDGE ( 'NONE', *, *, #1426, .T. ) ;
#1270 = CARTESIAN_POINT ( 'NONE',  ( -7.006249999999998800, 6.771535515813051300E-017, 1.105875672974062000 ) ) ;
#1271 = ORIENTED_EDGE ( 'NONE', *, *, #4280, .F. ) ;
#1272 = CARTESIAN_POINT ( 'NONE',  ( 5.226346189432334200, -0.3349364905389028400, 1.250000000000000200 ) ) ;
#1273 = CARTESIAN_POINT ( 'NONE',  ( -6.749038105676828700, -1.299038105676913800, 2.250000000000000900 ) ) ;
#1274 = CARTESIAN_POINT ( 'NONE',  ( 3.999455662563594900, -0.1517032746996076800, 1.117132088786344100 ) ) ;
#1275 = DIRECTION ( 'NONE',  ( 1.000000000000000000, 0.0000000000000000000, -0.0000000000000000000 ) ) ;
#1276 = CARTESIAN_POINT ( 'NONE',  ( 5.112499999999999800, 1.250000000000000000, -0.7216878364870320500 ) ) ;
#1277 = CARTESIAN_POINT ( 'NONE',  ( 5.506249999999999600, 1.250000000000000000, -0.7216878364870320500 ) ) ;
#1278 = CARTESIAN_POINT ( 'NONE',  ( -3.349999999999999200, -0.9577164262227499900, 1.172864355864533000E-016 ) ) ;
#1279 = CARTESIAN_POINT ( 'NONE',  ( 6.518749999999999800, -0.4788582131113751100, -0.8294067547305472600 ) ) ;
#1280 = CARTESIAN_POINT ( 'NONE',  ( 6.709670993628441800, -0.2358776235425662500, -1.152829006371979000 ) ) ;
#1281 = CARTESIAN_POINT ( 'NONE',  ( -2.656249999999999600, 0.9577164262227496600, -0.5529378364870315400 ) ) ;
#1282 = DIRECTION ( 'NONE',  ( 0.0000000000000000000, 0.0000000000000000000, -1.000000000000000000 ) ) ;
#1283 = DIRECTION ( 'NONE',  ( 0.0000000000000000000, 0.0000000000000000000, -1.000000000000000000 ) ) ;
#1284 = CARTESIAN_POINT ( 'NONE',  ( 4.943750000000000500, -0.6249999999999996700, -1.082531754730548400 ) ) ;
#1285 = FACE_OUTER_BOUND ( 'NONE', #3844, .T. ) ;
#1286 = CARTESIAN_POINT ( 'NONE',  ( 3.030756665990566900, -1.728209346468579500, 1.506653605801015100 ) ) ;
#1287 = COORDINATED_UNIVERSAL_TIME_OFFSET ( 6, 0, .BEHIND. ) ;
#1288 = CARTESIAN_POINT ( 'NONE',  ( 3.218750000000000400, -0.4788582131113757200, 0.8294067547305469200 ) ) ;
#1289 = B_SPLINE_CURVE_WITH_KNOTS ( 'NONE', 3,
 ( #3544, #3480, #1286, #228, #2065, #3897 ),
 .UNSPECIFIED., .F., .F.,
 ( 4, 2, 4 ),
 ( 0.001314652396222797100, 0.001969405109320609900, 0.002624157822418422700 ),
 .UNSPECIFIED. ) ;
#1290 = ORIENTED_EDGE ( 'NONE', *, *, #3779, .F. ) ;
#1291 = LINE ( 'NONE', #279, #348 ) ;
#1292 = DIRECTION ( 'NONE',  ( 0.0000000000000000000, 0.0000000000000000000, 1.000000000000000000 ) ) ;
#1293 = CARTESIAN_POINT ( 'NONE',  ( 5.562500000000000000, 1.250000000000000000, -0.7216878364870320500 ) ) ;
#1294 = CARTESIAN_POINT ( 'NONE',  ( 6.794120274736703100, 1.074241008828754400, 0.08336064525332823000 ) ) ;
#1295 = CARTESIAN_POINT ( 'NONE',  ( -6.781250000000000000, 8.838126989374222200E-017, 1.443375672974064100 ) ) ;
#1296 = CARTESIAN_POINT ( 'NONE',  ( -6.767174778784690800, -1.001085082351310900, -0.5195294854691969700 ) ) ;
#1297 = CARTESIAN_POINT ( 'NONE',  ( -6.810229930904660600, -2.492088861051975800, 0.1835754756815188000 ) ) ;
#1298 = CARTESIAN_POINT ( 'NONE',  ( -3.481249999999999700, 0.9577164262227498800, 0.5529378364870308800 ) ) ;
#1299 = CARTESIAN_POINT ( 'NONE',  ( -4.607596189432333800, 0.3349364905389034000, 1.249999999999999600 ) ) ;
#1300 = CARTESIAN_POINT ( 'NONE',  ( 5.768749999999999800, -1.250000000000000000, -1.530808498934191600E-016 ) ) ;
#1301 = ORIENTED_EDGE ( 'NONE', *, *, #2836, .T. ) ;
#1302 = CARTESIAN_POINT ( 'NONE',  ( 3.631250000000000500, -2.031460654743916600E-016, 1.105875672974062900 ) ) ;
#1303 = CARTESIAN_POINT ( 'NONE',  ( -6.949999999999999300, -1.948557158514986600, -1.125000000000000000 ) ) ;
#1304 = CARTESIAN_POINT ( 'NONE',  ( 3.050000000000000300, 1.530808498934191600E-016, 1.250000000000000000 ) ) ;
#1305 = DIRECTION ( 'NONE',  ( 1.000000000000000000, 0.0000000000000000000, 0.0000000000000000000 ) ) ;
#1306 = DIRECTION ( 'NONE',  ( 1.000000000000000000, 0.0000000000000000000, 0.0000000000000000000 ) ) ;
#1307 = CARTESIAN_POINT ( 'NONE',  ( 6.837499999999999500, -2.031460654743916600E-016, 1.105875672974062900 ) ) ;
#1308 = EDGE_CURVE ( 'NONE', #933, #2395, #928, .T. ) ;
#1309 = ADVANCED_FACE ( 'NONE', ( #248 ), #1320, .F. ) ;
#1310 = ORIENTED_EDGE ( 'NONE', *, *, #69, .T. ) ;
#1311 = CARTESIAN_POINT ( 'NONE',  ( 4.137499999999998400, 1.743066579297358300E-016, -1.250000000000000000 ) ) ;
#1312 = ORIENTED_EDGE ( 'NONE', *, *, #2555, .F. ) ;
#1313 = CARTESIAN_POINT ( 'NONE',  ( 6.781250000000000000, -2.031460654743916600E-016, 1.105875672974062900 ) ) ;
#1314 = CYLINDRICAL_SURFACE ( 'NONE', #1190, 1.250000000000000000 ) ;
#1315 = CARTESIAN_POINT ( 'NONE',  ( -4.456249999999999800, 0.9577164262227496600, -0.5529378364870315400 ) ) ;
#1316 = CARTESIAN_POINT ( 'NONE',  ( 6.856249999999999300, -0.9577164262227507700, 0.5529378364870311000 ) ) ;
#1317 =( BOUNDED_CURVE ( )  B_SPLINE_CURVE ( 2, ( #1391, #3617, #3268, #352, #2488 ),
 .UNSPECIFIED., .F., .F. ) 
 B_SPLINE_CURVE_WITH_KNOTS ( ( 3, 2, 3 ),
 ( 0.1622836050446081200, 0.1666666666666666600, 0.1749999999999999900 ),
 .UNSPECIFIED. ) 
 CURVE ( )  GEOMETRIC_REPRESENTATION_ITEM ( )  RATIONAL_B_SPLINE_CURVE ( ( 0.9480652107220835000, 0.9647668653398070400, 1.000000000000000000, 0.9330127018922194100, 0.9330127018922194100 ) ) 
 REPRESENTATION_ITEM ( '' )  );
#1318 = CARTESIAN_POINT ( 'NONE',  ( 4.418750000000000200, -1.250000000000000000, -1.530808498934191600E-016 ) ) ;
#1319 = CARTESIAN_POINT ( 'NONE',  ( -2.787500000000000100, 1.743066579297358300E-016, 1.249999999999999600 ) ) ;
#1320 = CYLINDRICAL_SURFACE ( 'NONE', #2264, 1.250000000000000000 ) ;
#1321 = CARTESIAN_POINT ( 'NONE',  ( 4.456249999999999800, 0.9577164262227503300, 0.5529378364870319900 ) ) ;
#1322 = B_SPLINE_CURVE_WITH_KNOTS ( 'NONE', 3,
 ( #616, #181, #268, #288, #2840, #2111 ),
 .UNSPECIFIED., .F., .F.,
 ( 4, 2, 4 ),
 ( 7.356685249266401800E-017, 0.0003805775212854658000, 0.0007611550425708580900 ),
 .UNSPECIFIED. ) ;
#1323 = CARTESIAN_POINT ( 'NONE',  ( 3.840039999999999700, -0.7449740885300099000, -0.6153284150366333800 ) ) ;
#1324 = DIRECTION ( 'NONE',  ( 1.000000000000000000, 0.0000000000000000000, 0.0000000000000000000 ) ) ;
#1325 = ORIENTED_EDGE ( 'NONE', *, *, #2437, .T. ) ;
#1326 = CARTESIAN_POINT ( 'NONE',  ( -4.531249999999999100, -4.706279764102867600E-015, 1.249999999999999600 ) ) ;
#1327 = EDGE_CURVE ( 'NONE', #1221, #646, #521, .T. ) ;
#1328 = VERTEX_POINT ( 'NONE', #2140 ) ;
#1329 = CARTESIAN_POINT ( 'NONE',  ( 6.275000000000000400, 0.9577164262227506600, 0.0000000000000000000 ) ) ;
#1330 = CARTESIAN_POINT ( 'NONE',  ( 5.037500000000000500, -2.031460654743916600E-016, 1.105875672974062900 ) ) ;
#1331 = CARTESIAN_POINT ( 'NONE',  ( 6.443749999999999600, -0.9577164262227506600, -1.172864355864533800E-016 ) ) ;
#1332 = EDGE_LOOP ( 'NONE', ( #3374, #3442, #4111, #2875 ) ) ;
#1333 = EDGE_LOOP ( 'NONE', ( #2961, #4336, #2382 ) ) ;
#1334 = CARTESIAN_POINT ( 'NONE',  ( -6.312500000000000900, -1.249999999999999800, 0.7216878364870323900 ) ) ;
#1335 = CARTESIAN_POINT ( 'NONE',  ( 3.049999999999999800, -0.6250000000000005600, 1.082531754730548200 ) ) ;
#1336 = CARTESIAN_POINT ( 'NONE',  ( 4.343750000000000000, -0.6250000000000005600, 1.082531754730548200 ) ) ;
#1337 = CARTESIAN_POINT ( 'NONE',  ( 4.132323573777248300, 0.0000000000000000000, -1.250000000000000000 ) ) ;
#1338 = ADVANCED_FACE ( 'NONE', ( #601 ), #1936, .F. ) ;
#1339 = CARTESIAN_POINT ( 'NONE',  ( 5.018750000000000700, -0.4788582131113757200, 0.8294067547305469200 ) ) ;
#1340 = CARTESIAN_POINT ( 'NONE',  ( -5.131249999999999600, 1.249999999999999600, -0.7216878364870328300 ) ) ;
#1341 = CARTESIAN_POINT ( 'NONE',  ( 3.050000000000000300, -1.948557158514986600, -1.125000000000000000 ) ) ;
#1342 = EDGE_CURVE ( 'NONE', #1450, #1381, #2703, .T. ) ;
#1343 = DIRECTION ( 'NONE',  ( 0.0000000000000000000, 0.0000000000000000000, 1.000000000000000000 ) ) ;
#1344 = DIRECTION ( 'NONE',  ( 1.000000000000000000, 0.0000000000000000000, -0.0000000000000000000 ) ) ;
#1345 = CARTESIAN_POINT ( 'NONE',  ( 5.675000000000000700, -0.4788582131113751100, -0.8294067547305472600 ) ) ;
#1346 = LINE ( 'NONE', #4476, #2953 ) ;
#1347 = CARTESIAN_POINT ( 'NONE',  ( 4.925000000000000700, 0.9577164262227506600, 0.0000000000000000000 ) ) ;
#1348 = CARTESIAN_POINT ( 'NONE',  ( 4.132323573777249200, -0.08627377037916150700, -1.247019180503877900 ) ) ;
#1349 = AXIS2_PLACEMENT_3D ( 'NONE', #1573, #2997, #4487 ) ;
#1350 = CIRCLE ( 'NONE', #88, 2.249999999999999600 ) ;
#1351 = FACE_OUTER_BOUND ( 'NONE', #304, .T. ) ;
#1352 = CARTESIAN_POINT ( 'NONE',  ( -6.606916426222750400, 0.2285385710540883100, 0.9577164262223861700 ) ) ;
#1353 = CARTESIAN_POINT ( 'NONE',  ( -6.687500000000000000, -1.250000000000000000, -0.7216878364870315000 ) ) ;
#1354 = CARTESIAN_POINT ( 'NONE',  ( 3.612500000000000700, -1.250000000000000000, -0.7216878364870325000 ) ) ;
#1355 =( BOUNDED_SURFACE ( )  B_SPLINE_SURFACE ( 1, 2, ( 
 ( #1080, #4284, #4350, #3574, #2902, #3204, #1065, #4333, #1431, #3275, #3971, #2143, #1789, #731, #1774, #2110, #360, #3, #4660, #3639, #1445, #3243, #3607, #4299, #2494, #344, #666, #1800, #2177, #4642, #2884, #1411, #2474, #1018, #3956, #4317, #287, #1383, #2512, #2161, #4674, #311, #2839, #2527, #1036, #2542, #2854, #3921, #1745, #682, #3225, #3590, #325, #1396, #3936, #1761, #2128, #2867, #700, #376, #2573, #392, #19, #32, #2931, #4002, #2915, #757, #3307, #1111, #2558, #1817, #744, #4364, #3293, #1095, #3652, #1462, #2195, #2345, #3035, #4221, #956, #2041, #4582, #3583, #2447, #1390, #1010, #1354, #3895, #1717, #607, #3928, #1751, #4290, #1027, #260, #3542, #2121, #971, #3912, #226, #4652, #1335, #638, #3856, #2485, #990, #3175, #2794, #276, #2775, #2847, #4254, #2081, #2431 ),
 ( #299, #2464, #4615, #2811, #3141, #244, #3514, #1316, #676, #1691, #3195, #2100, #1376, #624, #3562, #2829, #1736, #3215, #655, #3158, #3530, #3873, #4273, #1702, #4237, #4632, #2061, #4597, #3233, #4667, #319, #708, #3252, #690, #2520, #1768, #1058, #2874, #335, #3599, #3615, #2862, #3946, #2502, #1044, #2136, #1403, #4308, #1787, #374, #405, #3319, #2222, #46, #2946, #2914, #3623, #1460, #768, #1078, #4393, #1815, #4331, #4376, #2208, #2882, #3306, #1109, #3291, #1429, #2585, #1123, #3677, #1487, #4348, #57, #3984, #3661, #1830, #4000, #4363, #3970, #4028, #3650, #1798, #2159, #2, #2540, #358, #1846, #742, #2602, #1474, #2193, #29, #2571, #3258, #713, #1064, #730, #4014, #2900, #390, #3272, #3638, #1443, #2174, #18, #2556, #1092, #2929, #756, #4405, #1861, #1137, #2614, #1151 ) ),
 .UNSPECIFIED., .F., .F., .F. ) 
 B_SPLINE_SURFACE_WITH_KNOTS ( ( 2, 2 ),
 ( 3, 2, 2, 2, 2, 2, 2, 2, 2, 2, 2, 2, 2, 2, 2, 2, 2, 2, 2, 2, 2, 2, 2, 2, 2, 2, 2, 2, 2, 2, 2, 2, 2, 2, 2, 2, 2, 2, 2, 2, 2, 2, 2, 2, 2, 2, 2, 2, 2, 2, 2, 2, 2, 2, 2, 2, 2, 2, 3 ),
 ( 0.0000000000000000000, 1.000000000000000000 ),
 ( 0.0000000000000000000, 0.01666666666666666600, 0.03333333333333333300, 0.05000000000000000300, 0.06666666666666666600, 0.08333333333333332900, 0.1000000000000000100, 0.1166666666666666700, 0.1333333333333333300, 0.1499999999999999900, 0.1666666666666666600, 0.1833333333333333200, 0.2000000000000000100, 0.2166666666666666700, 0.2333333333333333400, 0.2500000000000000000, 0.2666666666666666600, 0.2833333333333333300, 0.2999999999999999900, 0.3166666666666666500, 0.3333333333333333100, 0.3499999999999999800, 0.3666666666666666400, 0.3833333333333333600, 0.4000000000000000200, 0.4166666666666666900, 0.4333333333333333500, 0.4500000000000000100, 0.4666666666666666700, 0.4833333333333333400, 0.5000000000000000000, 0.5166666666666667200, 0.5333333333333333300, 0.5500000000000000400, 0.5666666666666666500, 0.5833333333333333700, 0.5999999999999999800, 0.6166666666666667000, 0.6333333333333333000, 0.6500000000000000200, 0.6666666666666666300, 0.6833333333333333500, 0.6999999999999999600, 0.7166666666666666700, 0.7333333333333332800, 0.7500000000000000000, 0.7666666666666667200, 0.7833333333333333300, 0.8000000000000000400, 0.8166666666666666500, 0.8333333333333333700, 0.8499999999999999800, 0.8666666666666667000, 0.8833333333333333000, 0.9000000000000000200, 0.9166666666666666300, 0.9333333333333333500, 0.9499999999999999600, 0.9666666666666666700 ),
 .UNSPECIFIED. ) 
 GEOMETRIC_REPRESENTATION_ITEM ( )  RATIONAL_B_SPLINE_SURFACE ( (
 ( 1.000000000000000000, 0.8660254037844387100, 1.000000000000000000, 0.8660254037844387100, 1.000000000000000000, 0.8660254037844387100, 1.000000000000000000, 0.8660254037844387100, 1.000000000000000000, 0.8660254037844387100, 1.000000000000000000, 0.8660254037844387100, 1.000000000000000000, 0.8660254037844387100, 1.000000000000000000, 0.8660254037844387100, 1.000000000000000000, 0.8660254037844387100, 1.000000000000000000, 0.8660254037844387100, 1.000000000000000000, 0.8660254037844387100, 1.000000000000000000, 0.8660254037844387100, 1.000000000000000000, 0.8660254037844387100, 1.000000000000000000, 0.8660254037844387100, 1.000000000000000000, 0.8660254037844387100, 1.000000000000000000, 0.8660254037844387100, 1.000000000000000000, 0.8660254037844387100, 1.000000000000000000, 0.8660254037844387100, 1.000000000000000000, 0.8660254037844387100, 1.000000000000000000, 0.8660254037844387100, 1.000000000000000000, 0.8660254037844387100, 1.000000000000000000, 0.8660254037844387100, 1.000000000000000000, 0.8660254037844387100, 1.000000000000000000, 0.8660254037844387100, 1.000000000000000000, 0.8660254037844387100, 1.000000000000000000, 0.8660254037844387100, 1.000000000000000000, 0.8660254037844387100, 1.000000000000000000, 0.8660254037844387100, 1.000000000000000000, 0.8660254037844387100, 1.000000000000000000, 0.8660254037844387100, 1.000000000000000000, 0.8660254037844387100, 1.000000000000000000, 0.8660254037844387100, 1.000000000000000000, 0.8660254037844387100, 1.000000000000000000, 0.8660254037844387100, 1.000000000000000000, 0.8660254037844387100, 1.000000000000000000, 0.8660254037844387100, 1.000000000000000000, 0.8660254037844387100, 1.000000000000000000, 0.8660254037844387100, 1.000000000000000000, 0.8660254037844387100, 1.000000000000000000, 0.8660254037844387100, 1.000000000000000000, 0.8660254037844387100, 1.000000000000000000, 0.8660254037844387100, 1.000000000000000000, 0.8660254037844387100, 1.000000000000000000, 0.8660254037844387100, 1.000000000000000000, 0.8660254037844387100, 1.000000000000000000, 0.8660254037844387100, 1.000000000000000000, 0.8660254037844387100, 1.000000000000000000, 0.8660254037844387100, 1.000000000000000000, 0.8660254037844387100, 1.000000000000000000, 0.8660254037844387100, 1.000000000000000000, 0.8660254037844387100, 1.000000000000000000, 0.8660254037844387100, 1.000000000000000000, 0.8660254037844387100, 1.000000000000000000, 0.8660254037844387100, 1.000000000000000000, 0.8660254037844387100, 1.000000000000000000, 0.8660254037844387100, 1.000000000000000000, 0.8660254037844387100, 1.000000000000000000, 0.8660254037844387100, 1.000000000000000000),
 ( 1.000000000000000000, 0.8660254037844387100, 1.000000000000000000, 0.8660254037844387100, 1.000000000000000000, 0.8660254037844387100, 1.000000000000000000, 0.8660254037844387100, 1.000000000000000000, 0.8660254037844387100, 1.000000000000000000, 0.8660254037844387100, 1.000000000000000000, 0.8660254037844387100, 1.000000000000000000, 0.8660254037844387100, 1.000000000000000000, 0.8660254037844387100, 1.000000000000000000, 0.8660254037844387100, 1.000000000000000000, 0.8660254037844387100, 1.000000000000000000, 0.8660254037844387100, 1.000000000000000000, 0.8660254037844387100, 1.000000000000000000, 0.8660254037844387100, 1.000000000000000000, 0.8660254037844387100, 1.000000000000000000, 0.8660254037844387100, 1.000000000000000000, 0.8660254037844387100, 1.000000000000000000, 0.8660254037844387100, 1.000000000000000000, 0.8660254037844387100, 1.000000000000000000, 0.8660254037844387100, 1.000000000000000000, 0.8660254037844387100, 1.000000000000000000, 0.8660254037844387100, 1.000000000000000000, 0.8660254037844387100, 1.000000000000000000, 0.8660254037844387100, 1.000000000000000000, 0.8660254037844387100, 1.000000000000000000, 0.8660254037844387100, 1.000000000000000000, 0.8660254037844387100, 1.000000000000000000, 0.8660254037844387100, 1.000000000000000000, 0.8660254037844387100, 1.000000000000000000, 0.8660254037844387100, 1.000000000000000000, 0.8660254037844387100, 1.000000000000000000, 0.8660254037844387100, 1.000000000000000000, 0.8660254037844387100, 1.000000000000000000, 0.8660254037844387100, 1.000000000000000000, 0.8660254037844387100, 1.000000000000000000, 0.8660254037844387100, 1.000000000000000000, 0.8660254037844387100, 1.000000000000000000, 0.8660254037844387100, 1.000000000000000000, 0.8660254037844387100, 1.000000000000000000, 0.8660254037844387100, 1.000000000000000000, 0.8660254037844387100, 1.000000000000000000, 0.8660254037844387100, 1.000000000000000000, 0.8660254037844387100, 1.000000000000000000, 0.8660254037844387100, 1.000000000000000000, 0.8660254037844387100, 1.000000000000000000, 0.8660254037844387100, 1.000000000000000000, 0.8660254037844387100, 1.000000000000000000, 0.8660254037844387100, 1.000000000000000000, 0.8660254037844387100, 1.000000000000000000, 0.8660254037844387100, 1.000000000000000000, 0.8660254037844387100, 1.000000000000000000, 0.8660254037844387100, 1.000000000000000000, 0.8660254037844387100, 1.000000000000000000, 0.8660254037844387100, 1.000000000000000000, 0.8660254037844387100, 1.000000000000000000, 0.8660254037844387100, 1.000000000000000000, 0.8660254037844387100, 1.000000000000000000, 0.8660254037844387100, 1.000000000000000000) ) ) 
 REPRESENTATION_ITEM ( '' )  SURFACE ( )  );
#1356 = CARTESIAN_POINT ( 'NONE',  ( 3.668749999999999700, 0.6250000000000001100, -1.082531754730548400 ) ) ;
#1357 = CARTESIAN_POINT ( 'NONE',  ( -2.150000000000000800, 0.0000000000000000000, 0.0000000000000000000 ) ) ;
#1358 = VERTEX_POINT ( 'NONE', #4346 ) ;
#1359 = CARTESIAN_POINT ( 'NONE',  ( 3.443750000000000100, 0.4788582131113754400, -0.8294067547305471500 ) ) ;
#1360 = CARTESIAN_POINT ( 'NONE',  ( -4.381249999999999600, -1.250000000000000000, -0.7216878364870315000 ) ) ;
#1361 = AXIS2_PLACEMENT_3D ( 'NONE', #2559, #361, #4003 ) ;
#1362 = B_SPLINE_CURVE_WITH_KNOTS ( 'NONE', 3,
 ( #2750, #1033, #3202, #3535, #2106, #284 ),
 .UNSPECIFIED., .F., .F.,
 ( 4, 2, 4 ),
 ( 0.001314652396222795800, 0.001969405109320635500, 0.002624157822418475100 ),
 .UNSPECIFIED. ) ;
#1363 = EDGE_CURVE ( 'NONE', #1622, #1257, #1261, .T. ) ;
#1364 = DIRECTION ( 'NONE',  ( -1.000000000000000000, -0.0000000000000000000, -0.0000000000000000000 ) ) ;
#1365 = CARTESIAN_POINT ( 'NONE',  ( -3.012499999999999700, -4.938688641342514700E-016, -1.249999999999999800 ) ) ;
#1366 = DIRECTION ( 'NONE',  ( -1.000000000000000000, -0.0000000000000000000, -0.0000000000000000000 ) ) ;
#1367 = VERTEX_POINT ( 'NONE', #1916 ) ;
#1368 = ADVANCED_FACE ( 'NONE', ( #540 ), #4104, .T. ) ;
#1369 = CARTESIAN_POINT ( 'NONE',  ( 5.487499999999999800, -2.031460654743916600E-016, 1.105875672974062900 ) ) ;
#1370 = VERTEX_POINT ( 'NONE', #2693 ) ;
#1371 = CARTESIAN_POINT ( 'NONE',  ( 5.581249999999999800, -0.9577164262227504400, -0.5529378364870317600 ) ) ;
#1372 = CARTESIAN_POINT ( 'NONE',  ( -3.612499999999999400, 0.9577164262227496600, -0.5529378364870315400 ) ) ;
#1373 = ORIENTED_EDGE ( 'NONE', *, *, #2583, .T. ) ;
#1374 = CARTESIAN_POINT ( 'NONE',  ( -3.443749999999999600, -0.6250000000000004400, -1.082531754730548000 ) ) ;
#1375 = CARTESIAN_POINT ( 'NONE',  ( -2.506249999999999600, 6.771535515813051300E-017, 1.105875672974062000 ) ) ;
#1376 = CARTESIAN_POINT ( 'NONE',  ( 6.668750000000000200, 0.9577164262227506600, 0.0000000000000000000 ) ) ;
#1377 = CARTESIAN_POINT ( 'NONE',  ( 3.968750000000000000, -1.250000000000000000, -1.530808498934191600E-016 ) ) ;
#1378 = CARTESIAN_POINT ( 'NONE',  ( 6.106249999999998400, 1.714015469642402100E-015, 1.250000000000000000 ) ) ;
#1379 = CARTESIAN_POINT ( 'NONE',  ( 5.562499999999999100, -0.9577164262227507700, 0.5529378364870311000 ) ) ;
#1381 = VERTEX_POINT ( 'NONE', #3719 ) ;
#1380 = CARTESIAN_POINT ( 'NONE',  ( -4.981249999999998400, 8.838126989374222200E-017, 1.443375672974064100 ) ) ;
#1382 = CIRCLE ( 'NONE', #3973, 2.249999999999999600 ) ;
#1383 = CARTESIAN_POINT ( 'NONE',  ( 5.562499999999999100, 1.250000000000000000, -0.7216878364870320500 ) ) ;
#1384 = VERTEX_POINT ( 'NONE', #3731 ) ;
#1385 = CARTESIAN_POINT ( 'NONE',  ( 6.349999999999999600, 0.4788582131113746100, 0.8294067547305475900 ) ) ;
#1386 = FACE_OUTER_BOUND ( 'NONE', #2625, .T. ) ;
#1387 = EDGE_CURVE ( 'NONE', #2285, #1786, #4156, .T. ) ;
#1388 = CARTESIAN_POINT ( 'NONE',  ( -4.549999999999998900, 0.4788582131113742800, -0.8294067547305469200 ) ) ;
#1389 = CARTESIAN_POINT ( 'NONE',  ( -4.812500000000000000, -2.651438096812266900E-016, -1.443375672974064100 ) ) ;
#1390 = CARTESIAN_POINT ( 'NONE',  ( 3.687500000000000000, 8.838126989374223500E-017, -1.443375672974064300 ) ) ;
#1391 = CARTESIAN_POINT ( 'NONE',  ( 6.612499999999998900, -0.8919068644530042700, 0.8757865865275686900 ) ) ;
#1392 = ADVANCED_FACE ( 'NONE', ( #2928 ), #3336, .F. ) ;
#1393 = CARTESIAN_POINT ( 'NONE',  ( 7.062500000000000000, 6.771535515813057500E-017, -1.105875672974062900 ) ) ;
#1394 = CARTESIAN_POINT ( 'NONE',  ( -6.218749999999999100, -1.249999999999999800, 1.530808498934191300E-016 ) ) ;
#1395 = EDGE_LOOP ( 'NONE', ( #2348, #2022, #3594, #571 ) ) ;
#1396 = CARTESIAN_POINT ( 'NONE',  ( 4.962499999999999500, -1.250000000000000000, -0.7216878364870325000 ) ) ;
#1397 = CARTESIAN_POINT ( 'NONE',  ( -3.818750000000000100, 0.6249999999999990000, -1.082531754730548600 ) ) ;
#1398 = CARTESIAN_POINT ( 'NONE',  ( -3.199999999999999700, 0.4788582131113742800, -0.8294067547305469200 ) ) ;
#1399 = CARTESIAN_POINT ( 'NONE',  ( -6.632596189432332400, -0.3349364905389034000, -1.249999999999999800 ) ) ;
#1400 = CARTESIAN_POINT ( 'NONE',  ( -4.474999999999999600, 0.9577164262227499900, 0.0000000000000000000 ) ) ;
#1401 = CARTESIAN_POINT ( 'NONE',  ( -6.749038105676658200, 1.299038105676657800, 2.250000000000000900 ) ) ;
#1402 = CARTESIAN_POINT ( 'NONE',  ( -3.950000000000000200, -0.6250000000000004400, -1.082531754730548000 ) ) ;
#1403 = CARTESIAN_POINT ( 'NONE',  ( 5.393749999999999800, 0.4788582131113746100, 0.8294067547305475900 ) ) ;
#1404 = CARTESIAN_POINT ( 'NONE',  ( -7.024999999999999500, -0.4788582131113747800, 0.8294067547305465900 ) ) ;
#1405 = CARTESIAN_POINT ( 'NONE',  ( 5.299999999999999800, 0.4788582131113754400, -0.8294067547305471500 ) ) ;
#1406 = CARTESIAN_POINT ( 'NONE',  ( -5.881249999999999600, 8.838126989374222200E-017, 1.443375672974064100 ) ) ;
#1407 = CYLINDRICAL_SURFACE ( 'NONE', #2214, 1.250000000000000000 ) ;
#1408 = PERSON_AND_ORGANIZATION ( #4603, #566 ) ;
#1409 = EDGE_CURVE ( 'NONE', #2514, #4446, #3206, .T. ) ;
#1410 = CARTESIAN_POINT ( 'NONE',  ( 4.132323573777249200, -0.08627377037916150700, -1.247019180503877900 ) ) ;
#1411 = CARTESIAN_POINT ( 'NONE',  ( 5.787499999999998800, -1.250000000000000200, 0.7216878364870317200 ) ) ;
#1412 = CARTESIAN_POINT ( 'NONE',  ( 3.981278187595672000, 0.2728896424017869800, 1.098954613818432500 ) ) ;
#1413 = CARTESIAN_POINT ( 'NONE',  ( 4.549999999999999800, -0.6249999999999996700, -1.082531754730548400 ) ) ;
#1414 = ORIENTED_EDGE ( 'NONE', *, *, #2985, .T. ) ;
#1415 = ADVANCED_FACE ( 'NONE', ( #4215 ), #429, .T. ) ;
#1416 = FACE_OUTER_BOUND ( 'NONE', #3631, .T. ) ;
#1417 = DATE_AND_TIME ( #3846, #2268 ) ;
#1418 = CARTESIAN_POINT ( 'NONE',  ( -5.581249999999999800, -0.9577164262227497700, 0.5529378364870313200 ) ) ;
#1419 =( BOUNDED_CURVE ( )  B_SPLINE_CURVE ( 2, ( #1234, #2709, #864, #172, #506, #1636, #3075, #1249, #2722 ),
 .UNSPECIFIED., .F., .F. ) 
 B_SPLINE_CURVE_WITH_KNOTS ( ( 3, 2, 2, 2, 3 ),
 ( 0.5227272727272727100, 0.5303030303030302800, 0.5454545454545454100, 0.5606060606060605500, 0.5681818181818182300 ),
 .UNSPECIFIED. ) 
 CURVE ( )  GEOMETRIC_REPRESENTATION_ITEM ( )  RATIONAL_B_SPLINE_CURVE ( ( 0.9330127018922194100, 0.9330127018922194100, 1.000000000000000000, 0.8660254037844387100, 1.000000000000000000, 0.8660254037844387100, 1.000000000000000000, 0.9330127018922188500, 0.9330127018922194100 ) ) 
 REPRESENTATION_ITEM ( '' )  );
#1420 = CARTESIAN_POINT ( 'NONE',  ( -6.331249999999999800, -2.031460654743915200E-016, -1.105875672974062000 ) ) ;
#1421 = CARTESIAN_POINT ( 'NONE',  ( -6.606916426222748700, 0.4551734219838806700, 0.8736719208768859400 ) ) ;
#1422 = CARTESIAN_POINT ( 'NONE',  ( -3.462499999999999900, -2.651438096812266900E-016, -1.443375672974064100 ) ) ;
#1423 = CARTESIAN_POINT ( 'NONE',  ( 5.018749999999999800, 0.6250000000000001100, -1.082531754730548400 ) ) ;
#1424 = CARTESIAN_POINT ( 'NONE',  ( 2.843750000000000900, -0.9577164262227506600, -1.172864355864533800E-016 ) ) ;
#1425 = CARTESIAN_POINT ( 'NONE',  ( -7.174999999999998900, 0.9577164262227499900, 0.0000000000000000000 ) ) ;
#1426 = EDGE_CURVE ( 'NONE', #2102, #120, #1845, .T. ) ;
#1427 = CARTESIAN_POINT ( 'NONE',  ( 6.837499999999999500, -2.031460654743916600E-016, 1.105875672974062900 ) ) ;
#1428 = ORIENTED_EDGE ( 'NONE', *, *, #1562, .T. ) ;
#1429 = CARTESIAN_POINT ( 'NONE',  ( 4.531250000000000900, -2.031460654743916600E-016, 1.105875672974062900 ) ) ;
#1430 = CARTESIAN_POINT ( 'NONE',  ( -4.474999999999999600, -1.249999999999999800, 1.530808498934191300E-016 ) ) ;
#1431 = CARTESIAN_POINT ( 'NONE',  ( 6.649999999999999500, -0.6250000000000005600, 1.082531754730548200 ) ) ;
#1432 = CARTESIAN_POINT ( 'NONE',  ( 3.900321595773265800, 0.9141585651208848900, -0.4679833590897866700 ) ) ;
#1433 = CARTESIAN_POINT ( 'NONE',  ( -2.712499999999999500, 0.9577164262227496600, -0.5529378364870315400 ) ) ;
#1434 = CARTESIAN_POINT ( 'NONE',  ( -6.068749999999999600, -0.4788582131113747800, 0.8294067547305465900 ) ) ;
#1435 = CARTESIAN_POINT ( 'NONE',  ( -5.543749999999999300, -0.9577164262227499900, 1.172864355864533000E-016 ) ) ;
#1436 = CARTESIAN_POINT ( 'NONE',  ( -2.787500000000000100, 8.838126989374222200E-017, 1.443375672974064100 ) ) ;
#1437 = ORIENTED_EDGE ( 'NONE', *, *, #1971, .F. ) ;
#1438 = CARTESIAN_POINT ( 'NONE',  ( -6.987499999999998000, -0.9577164262227497700, 0.5529378364870313200 ) ) ;
#1439 = VECTOR ( 'NONE', #3053, 1000.000000000000000 ) ;
#1440 = CARTESIAN_POINT ( 'NONE',  ( -6.912499999999999600, -0.9577164262227502200, -0.5529378364870306500 ) ) ;
#1441 = CARTESIAN_POINT ( 'NONE',  ( 6.462500000000001200, -0.9577164262227508800, 0.5529378364870311000 ) ) ;
#1442 = FACE_OUTER_BOUND ( 'NONE', #4340, .T. ) ;
#1443 = CARTESIAN_POINT ( 'NONE',  ( 3.181250000000000400, -2.031460654743916600E-016, 1.105875672974062900 ) ) ;
#1444 = CARTESIAN_POINT ( 'NONE',  ( -5.692403810567664200, 0.3349364905389027300, -1.250000000000000000 ) ) ;
#1445 = CARTESIAN_POINT ( 'NONE',  ( 6.200000000000000200, -0.6250000000000005600, 1.082531754730548200 ) ) ;
#1446 = CARTESIAN_POINT ( 'NONE',  ( 4.981250000000000200, 1.743066579297358300E-016, -1.250000000000000000 ) ) ;
#1447 = ORIENTED_EDGE ( 'NONE', *, *, #1885, .T. ) ;
#1448 = AXIS2_PLACEMENT_3D ( 'NONE', #3186, #315, #3228 ) ;
#1449 = CARTESIAN_POINT ( 'NONE',  ( -6.106249999999998400, 6.771535515813051300E-017, 1.105875672974062000 ) ) ;
#1450 = VERTEX_POINT ( 'NONE', #2406 ) ;
#1451 = CARTESIAN_POINT ( 'NONE',  ( -5.168749999999999300, -0.4788582131113747800, 0.8294067547305465900 ) ) ;
#1452 = DIRECTION ( 'NONE',  ( -1.000000000000000000, -0.0000000000000000000, -0.0000000000000000000 ) ) ;
#1453 = CARTESIAN_POINT ( 'NONE',  ( -4.549999999999999800, -0.6249999999999995600, 1.082531754730548400 ) ) ;
#1454 = AXIS2_PLACEMENT_3D ( 'NONE', #3475, #4580, #2024 ) ;
#1455 = CARTESIAN_POINT ( 'NONE',  ( -6.162499999999999600, 6.771535515813051300E-017, 1.105875672974062000 ) ) ;
#1456 = EDGE_CURVE ( 'NONE', #129, #1526, #3437, .T. ) ;
#1457 = ORIENTED_EDGE ( 'NONE', *, *, #1032, .F. ) ;
#1458 = CARTESIAN_POINT ( 'NONE',  ( -6.574999999999999300, -0.4788582131113747800, 0.8294067547305465900 ) ) ;
#1459 = ORIENTED_EDGE ( 'NONE', *, *, #2324, .T. ) ;
#1460 = CARTESIAN_POINT ( 'NONE',  ( 4.981249999999999300, -2.031460654743916600E-016, 1.105875672974062900 ) ) ;
#1461 = CARTESIAN_POINT ( 'NONE',  ( -5.674999999999999800, 0.6249999999999990000, -1.082531754730548600 ) ) ;
#1462 = CARTESIAN_POINT ( 'NONE',  ( 4.062500000000000000, -1.250000000000000000, -0.7216878364870325000 ) ) ;
#1463 =( BOUNDED_CURVE ( )  B_SPLINE_CURVE ( 2, ( #3261, #1066, #3625, #1790, #2072, #2855, #3226, #4606, #2513 ),
 .UNSPECIFIED., .F., .F. ) 
 B_SPLINE_CURVE_WITH_KNOTS ( ( 3, 2, 2, 2, 3 ),
 ( 0.2954545454545454700, 0.3030303030303030400, 0.3181818181818181800, 0.3333333333333333100, 0.3409090909090909400 ),
 .UNSPECIFIED. ) 
 CURVE ( )  GEOMETRIC_REPRESENTATION_ITEM ( )  RATIONAL_B_SPLINE_CURVE ( ( 0.9330127018922194100, 0.9330127018922194100, 1.000000000000000000, 0.8660254037844387100, 1.000000000000000000, 0.8660254037844387100, 1.000000000000000000, 0.9330127018922191900, 0.9330127018922194100 ) ) 
 REPRESENTATION_ITEM ( '' )  );
#1464 = CARTESIAN_POINT ( 'NONE',  ( -5.918749999999999300, -0.4788582131113754400, -0.8294067547305463700 ) ) ;
#1465 = CARTESIAN_POINT ( 'NONE',  ( -6.443749999999998800, -0.9577164262227499900, 1.172864355864533000E-016 ) ) ;
#1466 = CARTESIAN_POINT ( 'NONE',  ( -6.031250000000000000, 1.249999999999999300, -0.7216878364870328300 ) ) ;
#1467 = CARTESIAN_POINT ( 'NONE',  ( -2.899999999999999900, 1.249999999999999800, 0.0000000000000000000 ) ) ;
#1468 = CARTESIAN_POINT ( 'NONE',  ( -6.049999999999998900, -0.9577164262227499900, 1.172864355864533000E-016 ) ) ;
#1469 = LINE ( 'NONE', #4229, #2023 ) ;
#1470 = CARTESIAN_POINT ( 'NONE',  ( -3.556249999999999900, -1.249999999999999800, 0.7216878364870323900 ) ) ;
#1471 = CONICAL_SURFACE ( 'NONE', #305, 2.250000000000000000, 1.047197551196600100 ) ;
#1472 = AXIS2_PLACEMENT_3D ( 'NONE', #575, #3478, #2376 ) ;
#1473 = ORIENTED_EDGE ( 'NONE', *, *, #3091, .T. ) ;
#1474 = CARTESIAN_POINT ( 'NONE',  ( 3.668750000000000600, -0.4788582131113757200, 0.8294067547305469200 ) ) ;
#1475 = CARTESIAN_POINT ( 'NONE',  ( 4.961153810567664900, -0.3349364905389031800, -1.250000000000000000 ) ) ;
#1476 = CARTESIAN_POINT ( 'NONE',  ( 2.960167543624091300, 0.8761424448715357000, -2.250000000000001800 ) ) ;
#1477 = CARTESIAN_POINT ( 'NONE',  ( -4.156249999999999100, -0.9577164262227502200, -0.5529378364870306500 ) ) ;
#1478 = CARTESIAN_POINT ( 'NONE',  ( -5.468750000000000000, -0.4788582131113754400, -0.8294067547305463700 ) ) ;
#1479 = DIRECTION ( 'NONE',  ( 0.0000000000000000000, 0.0000000000000000000, 1.000000000000000000 ) ) ;
#1480 = VERTEX_POINT ( 'NONE', #1634 ) ;
#1481 = CARTESIAN_POINT ( 'NONE',  ( -2.375000000000000400, 0.6250000000000000000, 1.082531754730548200 ) ) ;
#1482 = ORIENTED_EDGE ( 'NONE', *, *, #3187, .F. ) ;
#1483 = CARTESIAN_POINT ( 'NONE',  ( -6.237499999999998000, 0.9577164262227498800, 0.5529378364870308800 ) ) ;
#1485 = ORIENTED_EDGE ( 'NONE', *, *, #617, .T. ) ;
#1484 = CARTESIAN_POINT ( 'NONE',  ( -3.293749999999999700, 1.249999999999999800, 0.0000000000000000000 ) ) ;
#1486 = CARTESIAN_POINT ( 'NONE',  ( -2.150000000000000800, 1.530808498934191600E-016, -1.250000000000000000 ) ) ;
#1487 = CARTESIAN_POINT ( 'NONE',  ( 4.381249999999999600, 0.9577164262227506600, -0.5529378364870313200 ) ) ;
#1488 = CARTESIAN_POINT ( 'NONE',  ( -5.637499999999999300, 1.249999999999999300, -0.7216878364870328300 ) ) ;
#1489 = EDGE_LOOP ( 'NONE', ( #2192, #3076, #3031, #2922 ) ) ;
#1490 = CARTESIAN_POINT ( 'NONE',  ( -6.606916426222750400, -0.07129973764664984700, 0.9550586895413256700 ) ) ;
#1491 = FACE_OUTER_BOUND ( 'NONE', #3034, .T. ) ;
#1492 = ORIENTED_EDGE ( 'NONE', *, *, #2054, .T. ) ;
#1493 = CARTESIAN_POINT ( 'NONE',  ( -3.406249999999999600, 6.771535515813051300E-017, 1.105875672974062000 ) ) ;
#1494 = CARTESIAN_POINT ( 'NONE',  ( -3.406249999999999600, 6.771535515813051300E-017, 1.105875672974062000 ) ) ;
#1495 = CARTESIAN_POINT ( 'NONE',  ( -5.956249999999999800, 1.250000000000000000, 0.7216878364870319400 ) ) ;
#1496 = CARTESIAN_POINT ( 'NONE',  ( 4.095401817343214300, 0.5714422847364800700, -1.079662092869018400 ) ) ;
#1497 = CARTESIAN_POINT ( 'NONE',  ( -6.087499999999999500, -0.9577164262227497700, 0.5529378364870313200 ) ) ;
#1498 = EDGE_CURVE ( 'NONE', #3146, #4323, #2349, .T. ) ;
#1499 = ORIENTED_EDGE ( 'NONE', *, *, #1665, .F. ) ;
#1500 = ORIENTED_EDGE ( 'NONE', *, *, #851, .F. ) ;
#1501 = CARTESIAN_POINT ( 'NONE',  ( -2.150000000000000800, 0.0000000000000000000, 0.0000000000000000000 ) ) ;
#1502 = CARTESIAN_POINT ( 'NONE',  ( 6.612500000000000700, 6.771535515813057500E-017, -1.105875672974062900 ) ) ;
#1503 = DIRECTION ( 'NONE',  ( 1.000000000000000000, 0.0000000000000000000, 0.0000000000000000000 ) ) ;
#1504 = DIRECTION ( 'NONE',  ( 0.0000000000000000000, 0.0000000000000000000, -1.000000000000000000 ) ) ;
#1505 = CARTESIAN_POINT ( 'NONE',  ( -6.949999999999999300, 0.0000000000000000000, 0.0000000000000000000 ) ) ;
#1506 = AXIS2_PLACEMENT_3D ( 'NONE', #362, #683, #2604 ) ;
#1507 = CARTESIAN_POINT ( 'NONE',  ( -4.981250000000000200, 1.743066579297358300E-016, 1.249999999999999600 ) ) ;
#1508 = ORIENTED_EDGE ( 'NONE', *, *, #1409, .T. ) ;
#1509 = CARTESIAN_POINT ( 'NONE',  ( -4.231249999999999300, -0.9577164262227497700, 0.5529378364870313200 ) ) ;
#1510 = CARTESIAN_POINT ( 'NONE',  ( -2.881250000000000100, -0.9577164262227497700, 0.5529378364870313200 ) ) ;
#1511 = CARTESIAN_POINT ( 'NONE',  ( 5.693749999999999600, 0.4788582131113754400, -0.8294067547305471500 ) ) ;
#1512 = ORIENTED_EDGE ( 'NONE', *, *, #3698, .T. ) ;
#1513 = EDGE_CURVE ( 'NONE', #2189, #3203, #436, .T. ) ;
#1514 = CARTESIAN_POINT ( 'NONE',  ( -4.849999999999999600, 0.4788582131113751100, 0.8294067547305464800 ) ) ;
#1515 = CARTESIAN_POINT ( 'NONE',  ( -2.956249999999999800, -4.938688641342514700E-016, -1.249999999999999800 ) ) ;
#1516 = CARTESIAN_POINT ( 'NONE',  ( 3.837500000000000800, -0.9577164262227504400, -0.5529378364870317600 ) ) ;
#1517 = CARTESIAN_POINT ( 'NONE',  ( -5.618749999999999500, 0.6249999999999990000, -1.082531754730548600 ) ) ;
#1518 =( LENGTH_UNIT ( ) NAMED_UNIT ( * ) SI_UNIT ( .MILLI., .METRE. ) );
#1519 = CIRCLE ( 'NONE', #2889, 2.250000000000000000 ) ;
#1520 = LINE ( 'NONE', #4450, #2672 ) ;
#1521 = CARTESIAN_POINT ( 'NONE',  ( -4.699999999999999300, -0.9577164262227499900, 1.172864355864533000E-016 ) ) ;
#1522 = CARTESIAN_POINT ( 'NONE',  ( 4.549999999999999800, 0.4788582131113746100, 0.8294067547305475900 ) ) ;
#1523 = CARTESIAN_POINT ( 'NONE',  ( -4.493749999999999500, 0.4788582131113742800, -0.8294067547305469200 ) ) ;
#1524 = CARTESIAN_POINT ( 'NONE',  ( -3.331249999999999400, -0.9577164262227497700, 0.5529378364870313200 ) ) ;
#1525 = CARTESIAN_POINT ( 'NONE',  ( 4.193750000000000500, -0.9577164262227506600, -1.172864355864533800E-016 ) ) ;
#1526 = VERTEX_POINT ( 'NONE', #4164 ) ;
#1527 = ORIENTED_EDGE ( 'NONE', *, *, #3349, .F. ) ;
#1528 =( BOUNDED_CURVE ( )  B_SPLINE_CURVE ( 2, ( #3770, #2281, #3735, #4070, #1886, #1563, #4462, #121, #3032, #2594, #4403, #3140, #4536, #3010, #4067, #2984, #2291, #1913, #65, #3730, #1881, #2256, #1169, #489, #4412, #3026, #454, #3718, #819, #2245, #1156, #4032, #2623, #4092, #1511, #806, #1852, #4400, #3386, #4440, #2996, #2276, #3371, #834, #1897, #1539, #102, #4457, #3694, #3743, #4079, #4051, #116, #1868, #2653, #790, #2663, #847, #2229, #77, #469, #1184, #1555, #3399, #1199, #2608, #430, #2969, #3345, #1144, #4425, #442, #3358, #3707, #1525, #90, #2636, #1941, #3100, #4514, #130, #4140, #1957, #4109, #4484 ),
 .UNSPECIFIED., .F., .F. ) 
 B_SPLINE_CURVE_WITH_KNOTS ( ( 3, 2, 2, 2, 2, 2, 2, 2, 2, 2, 2, 2, 2, 2, 2, 2, 2, 2, 2, 2, 2, 2, 2, 2, 2, 2, 2, 2, 2, 2, 2, 2, 2, 2, 2, 2, 2, 2, 2, 2, 2, 2, 3 ),
 ( 0.04733649381272545000, 0.05000000000000000300, 0.06666666666666666600, 0.08333333333333332900, 0.1000000000000000100, 0.1166666666666666700, 0.1333333333333333300, 0.1499999999999999900, 0.1666666666666666900, 0.1833333333333333200, 0.2000000000000000100, 0.2166666666666666700, 0.2333333333333333400, 0.2500000000000000000, 0.2666666666666666600, 0.2833333333333333300, 0.2999999999999999300, 0.3166666666666666500, 0.3333333333333332600, 0.3499999999999999800, 0.3666666666666665900, 0.3833333333333333000, 0.4000000000000000200, 0.4166666666666666300, 0.4333333333333333500, 0.4499999999999999600, 0.4666666666666666700, 0.4833333333333332800, 0.5000000000000000000, 0.5166666666666667200, 0.5333333333333333300, 0.5500000000000000400, 0.5666666666666666500, 0.5833333333333333700, 0.5999999999999999800, 0.6166666666666667000, 0.6333333333333333000, 0.6500000000000000200, 0.6666666666666666300, 0.6833333333333333500, 0.6999999999999999600, 0.7166666666666666700, 0.7284011136923259600 ),
 .UNSPECIFIED. ) 
 CURVE ( )  GEOMETRIC_REPRESENTATION_ITEM ( )  RATIONAL_B_SPLINE_CURVE ( ( 0.9640221895668135100, 0.9785894700425346000, 1.000000000000000000, 0.8660254037844387100, 1.000000000000000000, 0.8660254037844387100, 1.000000000000000000, 0.8660254037844387100, 1.000000000000000000, 0.8660254037844387100, 1.000000000000000000, 0.8660254037844387100, 1.000000000000000000, 0.8660254037844387100, 1.000000000000000000, 0.8660254037844387100, 1.000000000000000000, 0.8660254037844387100, 1.000000000000000000, 0.8660254037844387100, 1.000000000000000000, 0.8660254037844387100, 1.000000000000000000, 0.8660254037844387100, 1.000000000000000000, 0.8660254037844387100, 1.000000000000000000, 0.8660254037844387100, 1.000000000000000000, 0.8660254037844387100, 1.000000000000000000, 0.8660254037844387100, 1.000000000000000000, 0.8660254037844387100, 1.000000000000000000, 0.8660254037844387100, 1.000000000000000000, 0.8660254037844387100, 1.000000000000000000, 0.8660254037844387100, 1.000000000000000000, 0.8660254037844387100, 1.000000000000000000, 0.8660254037844387100, 1.000000000000000000, 0.8660254037844387100, 1.000000000000000000, 0.8660254037844387100, 1.000000000000000000, 0.8660254037844387100, 1.000000000000000000, 0.8660254037844387100, 1.000000000000000000, 0.8660254037844387100, 1.000000000000000000, 0.8660254037844387100, 1.000000000000000000, 0.8660254037844387100, 1.000000000000000000, 0.8660254037844387100, 1.000000000000000000, 0.8660254037844387100, 1.000000000000000000, 0.8660254037844387100, 1.000000000000000000, 0.8660254037844387100, 1.000000000000000000, 0.8660254037844387100, 1.000000000000000000, 0.8660254037844387100, 1.000000000000000000, 0.8660254037844387100, 1.000000000000000000, 0.8660254037844387100, 1.000000000000000000, 0.8660254037844387100, 1.000000000000000000, 0.8660254037844387100, 1.000000000000000000, 0.8660254037844387100, 1.000000000000000000, 0.8660254037844387100, 1.000000000000000000, 0.9056729318754638300, 0.9441709818301029500 ) ) 
 REPRESENTATION_ITEM ( '' )  );
#1529 = CARTESIAN_POINT ( 'NONE',  ( 2.960744989968447300, 2.385217236779677100, 0.3686825588085558300 ) ) ;
#1530 = CARTESIAN_POINT ( 'NONE',  ( -6.199999999999999300, 0.4788582131113751100, 0.8294067547305464800 ) ) ;
#1531 = DIRECTION ( 'NONE',  ( 1.000000000000000000, 0.0000000000000000000, 0.0000000000000000000 ) ) ;
#1532 = CARTESIAN_POINT ( 'NONE',  ( 4.250000000000000000, -0.9577164262227506600, -1.172864355864533800E-016 ) ) ;
#1533 = ORIENTED_EDGE ( 'NONE', *, *, #1160, .F. ) ;
#1534 = CARTESIAN_POINT ( 'NONE',  ( -5.337499999999999500, 0.9577164262227498800, 0.5529378364870308800 ) ) ;
#1535 = CARTESIAN_POINT ( 'NONE',  ( 4.887500000000001100, 0.9577164262227506600, -0.5529378364870313200 ) ) ;
#1536 = CARTESIAN_POINT ( 'NONE',  ( -4.456249999999998900, 0.9577164262227496600, -0.5529378364870315400 ) ) ;
#1537 = AXIS2_PLACEMENT_3D ( 'NONE', #3193, #2098, #2483 ) ;
#1538 = CARTESIAN_POINT ( 'NONE',  ( -4.531249999999998200, -2.031460654743915200E-016, -1.105875672974062000 ) ) ;
#1539 = CARTESIAN_POINT ( 'NONE',  ( 5.281250000000000000, 0.9577164262227506600, -0.5529378364870313200 ) ) ;
#1540 = CARTESIAN_POINT ( 'NONE',  ( 4.400000000000000400, 0.4788582131113754400, -0.8294067547305471500 ) ) ;
#1541 = CARTESIAN_POINT ( 'NONE',  ( 3.050000000000000700, 2.058803302138242100, 0.9340480779059872100 ) ) ;
#1542 = CARTESIAN_POINT ( 'NONE',  ( -6.387499999999998400, -2.031460654743915200E-016, -1.105875672974062000 ) ) ;
#1543 = UNCERTAINTY_MEASURE_WITH_UNIT (LENGTH_MEASURE( 1.000000000000000100E-005 ), #1518, 'distance_accuracy_value', 'NONE');
#1544 = DIRECTION ( 'NONE',  ( 1.000000000000000000, 0.0000000000000000000, 0.0000000000000000000 ) ) ;
#1545 = CARTESIAN_POINT ( 'NONE',  ( 2.900000000000000800, -0.9577164262227506600, -1.172864355864533800E-016 ) ) ;
#1546 = ORIENTED_EDGE ( 'NONE', *, *, #4392, .T. ) ;
#1547 = DIRECTION ( 'NONE',  ( -1.000000000000000000, 0.0000000000000000000, 0.0000000000000000000 ) ) ;
#1548 = CARTESIAN_POINT ( 'NONE',  ( -6.949999999999999300, 0.0000000000000000000, 0.0000000000000000000 ) ) ;
#1549 = CARTESIAN_POINT ( 'NONE',  ( -5.449999999999999300, 0.4788582131113742800, -0.8294067547305469200 ) ) ;
#1550 = CARTESIAN_POINT ( 'NONE',  ( 7.343750000000000000, 1.250000000000000000, 0.0000000000000000000 ) ) ;
#1551 = DIRECTION ( 'NONE',  ( 0.0000000000000000000, 0.0000000000000000000, 1.000000000000000000 ) ) ;
#1552 = EDGE_LOOP ( 'NONE', ( #52, #3209, #43, #4397 ) ) ;
#1553 = EDGE_LOOP ( 'NONE', ( #2048, #3716, #1823, #3197, #1106, #2469, #3892, #3416, #523 ) ) ;
#1554 = CARTESIAN_POINT ( 'NONE',  ( -3.181249999999999500, -2.031460654743915200E-016, -1.105875672974062000 ) ) ;
#1555 = CARTESIAN_POINT ( 'NONE',  ( 4.643750000000000700, -0.9577164262227506600, -1.172864355864533800E-016 ) ) ;
#1556 = ADVANCED_FACE ( 'NONE', ( #1442 ), #4296, .T. ) ;
#1557 = CARTESIAN_POINT ( 'NONE',  ( 4.137500000000000200, -2.031460654743916600E-016, 1.105875672974062900 ) ) ;
#1558 =( BOUNDED_CURVE ( )  B_SPLINE_CURVE ( 2, ( #588, #3125, #2411, #225, #2006, #939, #3494, #1299, #2026 ),
 .UNSPECIFIED., .F., .F. ) 
 B_SPLINE_CURVE_WITH_KNOTS ( ( 3, 2, 2, 2, 3 ),
 ( 0.4318181818181818200, 0.4393939393939393900, 0.4545454545454545300, 0.4696969696969697200, 0.4772727272727272900 ),
 .UNSPECIFIED. ) 
 CURVE ( )  GEOMETRIC_REPRESENTATION_ITEM ( )  RATIONAL_B_SPLINE_CURVE ( ( 0.9330127018922194100, 0.9330127018922194100, 1.000000000000000000, 0.8660254037844387100, 1.000000000000000000, 0.8660254037844387100, 1.000000000000000000, 0.9330127018922194100, 0.9330127018922194100 ) ) 
 REPRESENTATION_ITEM ( '' )  );
#1559 = ORIENTED_EDGE ( 'NONE', *, *, #1814, .F. ) ;
#1560 = CARTESIAN_POINT ( 'NONE',  ( -4.061153810567665400, -0.3349364905389030600, 1.249999999999999800 ) ) ;
#1561 = CARTESIAN_POINT ( 'NONE',  ( -5.299999999999998900, 0.4788582131113751100, 0.8294067547305464800 ) ) ;
#1562 = EDGE_CURVE ( 'NONE', #3365, #1240, #1419, .T. ) ;
#1563 = CARTESIAN_POINT ( 'NONE',  ( 6.781250000000000000, -2.031460654743916600E-016, 1.105875672974062900 ) ) ;
#1564 = CARTESIAN_POINT ( 'NONE',  ( 3.687500000000000900, -2.031460654743916600E-016, 1.105875672974062900 ) ) ;
#1565 = VERTEX_POINT ( 'NONE', #4503 ) ;
#1566 = PERSON_AND_ORGANIZATION_ROLE ( 'classification_officer' ) ;
#1567 = CARTESIAN_POINT ( 'NONE',  ( -6.589834526261658900, -0.2894279534310522100, 0.9387743661496413800 ) ) ;
#1568 = CARTESIAN_POINT ( 'NONE',  ( 3.875000000000000400, -0.4788582131113751100, -0.8294067547305472600 ) ) ;
#1569 = CARTESIAN_POINT ( 'NONE',  ( -3.386153810567665600, 0.3349364905389027300, -1.250000000000000000 ) ) ;
#1570 = CARTESIAN_POINT ( 'NONE',  ( -2.318749999999999600, -0.4788582131113754400, -0.8294067547305463700 ) ) ;
#1571 = CARTESIAN_POINT ( 'NONE',  ( -3.612500000000000700, -1.249999999999999600, 0.7216878364870325000 ) ) ;
#1572 = EDGE_CURVE ( 'NONE', #4323, #3395, #3621, .T. ) ;
#1573 = CARTESIAN_POINT ( 'NONE',  ( 3.837499999999999900, 0.0000000000000000000, 0.0000000000000000000 ) ) ;
#1574 = CARTESIAN_POINT ( 'NONE',  ( -3.274999999999999500, -0.4788582131113754400, -0.8294067547305463700 ) ) ;
#1575 = CARTESIAN_POINT ( 'NONE',  ( -6.612499999999998900, 8.715332896486791300E-017, -1.249999999999999600 ) ) ;
#1576 = CARTESIAN_POINT ( 'NONE',  ( 4.700000000000000200, -0.9577164262227506600, -1.172864355864533800E-016 ) ) ;
#1577 = DIRECTION ( 'NONE',  ( -1.000000000000000000, -0.0000000000000000000, -0.0000000000000000000 ) ) ;
#1578 = VECTOR ( 'NONE', #1904, 1000.000000000000000 ) ;
#1579 = CARTESIAN_POINT ( 'NONE',  ( 5.467403810567666300, -0.3349364905389042300, -1.249999999999999600 ) ) ;
#1580 = FACE_OUTER_BOUND ( 'NONE', #1332, .T. ) ;
#1581 = CARTESIAN_POINT ( 'NONE',  ( -6.331249999999999800, -2.031460654743915200E-016, -1.105875672974062000 ) ) ;
#1582 = CARTESIAN_POINT ( 'NONE',  ( -4.774999999999999500, -0.4788582131113747800, 0.8294067547305465900 ) ) ;
#1583 = CARTESIAN_POINT ( 'NONE',  ( 3.425000000000000300, -0.4788582131113751100, -0.8294067547305472600 ) ) ;
#1584 = CARTESIAN_POINT ( 'NONE',  ( 6.031250000000000000, 1.249999999999999600, 0.7216878364870329400 ) ) ;
#1585 = DIRECTION ( 'NONE',  ( 1.000000000000000000, 0.0000000000000000000, 0.0000000000000000000 ) ) ;
#1586 = EDGE_CURVE ( 'NONE', #2651, #2887, #231, .T. ) ;
#1587 = CARTESIAN_POINT ( 'NONE',  ( 4.025000000000000400, 0.9577164262227506600, 0.0000000000000000000 ) ) ;
#1588 = CARTESIAN_POINT ( 'NONE',  ( -2.712499999999999500, 0.9577164262227496600, -0.5529378364870315400 ) ) ;
#1589 = CARTESIAN_POINT ( 'NONE',  ( 5.937499999999999100, 1.743066579297358300E-016, -1.250000000000000000 ) ) ;
#1590 = CARTESIAN_POINT ( 'NONE',  ( -6.367403810567665800, -0.3349364905389033400, 1.249999999999999600 ) ) ;
#1591 = DIRECTION ( 'NONE',  ( 0.0000000000000000000, 0.0000000000000000000, 1.000000000000000000 ) ) ;
#1592 = CARTESIAN_POINT ( 'NONE',  ( 5.262499999999999300, -4.938688641342514700E-016, 1.250000000000000000 ) ) ;
#1593 = ORIENTED_EDGE ( 'NONE', *, *, #1827, .T. ) ;
#1594 = CARTESIAN_POINT ( 'NONE',  ( -6.867054413570849100, 0.1775179916395357200, 1.217854413575025100 ) ) ;
#1595 = ORIENTED_EDGE ( 'NONE', *, *, #4036, .T. ) ;
#1596 = CARTESIAN_POINT ( 'NONE',  ( -3.762499999999999300, -0.9577164262227502200, -0.5529378364870306500 ) ) ;
#1597 = CARTESIAN_POINT ( 'NONE',  ( 6.706249999999999800, -1.250000000000000000, -0.7216878364870325000 ) ) ;
#1598 = CARTESIAN_POINT ( 'NONE',  ( 5.901346189432334000, 0.3349364905389024500, -1.250000000000000200 ) ) ;
#1599 = CARTESIAN_POINT ( 'NONE',  ( -2.225000000000000500, -1.249999999999999800, 1.530808498934191300E-016 ) ) ;
#1600 = EDGE_CURVE ( 'NONE', #129, #4458, #2436, .T. ) ;
#1601 = CYLINDRICAL_SURFACE ( 'NONE', #2917, 1.250000000000000000 ) ;
#1602 = CARTESIAN_POINT ( 'NONE',  ( -6.810229930904661400, 2.492088861051975400, -0.1835754756815208600 ) ) ;
#1603 =( BOUNDED_CURVE ( )  B_SPLINE_CURVE ( 2, ( #2453, #1746, #1397, #4624, #4300, #3591, #3575, #3903, #3938 ),
 .UNSPECIFIED., .F., .F. ) 
 B_SPLINE_CURVE_WITH_KNOTS ( ( 3, 2, 2, 2, 3 ),
 ( 0.7045454545454545900, 0.7121212121212121500, 0.7272727272727272900, 0.7424242424242424300, 0.7500000000000000000 ),
 .UNSPECIFIED. ) 
 CURVE ( )  GEOMETRIC_REPRESENTATION_ITEM ( )  RATIONAL_B_SPLINE_CURVE ( ( 0.9330127018922194100, 0.9330127018922194100, 1.000000000000000000, 0.8660254037844387100, 1.000000000000000000, 0.8660254037844387100, 1.000000000000000000, 0.9330127018922194100, 0.9330127018922194100 ) ) 
 REPRESENTATION_ITEM ( '' )  );
#1604 = CARTESIAN_POINT ( 'NONE',  ( -3.049999999999999800, 0.4788582131113751100, 0.8294067547305464800 ) ) ;
#1605 = CARTESIAN_POINT ( 'NONE',  ( -3.931249999999999000, 0.9577164262227498800, 0.5529378364870308800 ) ) ;
#1606 = AXIS2_PLACEMENT_3D ( 'NONE', #1548, #3036, #801 ) ;
#1607 = DIRECTION ( 'NONE',  ( 0.0000000000000000000, 0.0000000000000000000, 1.000000000000000000 ) ) ;
#1608 = CARTESIAN_POINT ( 'NONE',  ( 5.676346189432334400, -0.3349364905389037900, 1.249999999999999800 ) ) ;
#1609 = ORIENTED_EDGE ( 'NONE', *, *, #581, .F. ) ;
#1610 = CARTESIAN_POINT ( 'NONE',  ( -6.256249999999999600, 0.9577164262227496600, -0.5529378364870315400 ) ) ;
#1611 = VERTEX_POINT ( 'NONE', #2389 ) ;
#1612 = CARTESIAN_POINT ( 'NONE',  ( 7.193749999999999600, -0.6249999999999996700, -1.082531754730548400 ) ) ;
#1613 = CARTESIAN_POINT ( 'NONE',  ( -2.506249999999999600, 6.771535515813051300E-017, 1.105875672974062000 ) ) ;
#1614 = CARTESIAN_POINT ( 'NONE',  ( -2.318749999999999600, -0.4788582131113754400, -0.8294067547305463700 ) ) ;
#1615 = CARTESIAN_POINT ( 'NONE',  ( 6.725359077169459400, 0.1412509017649517000, -1.137140922830285800 ) ) ;
#1616 = ORIENTED_EDGE ( 'NONE', *, *, #1600, .T. ) ;
#1617 = CARTESIAN_POINT ( 'NONE',  ( 4.551346189432333500, 0.3349364905389034500, -1.250000000000000000 ) ) ;
#1618 = CARTESIAN_POINT ( 'NONE',  ( -3.012499999999999300, 6.771535515813051300E-017, 1.105875672974062000 ) ) ;
#1619 = EDGE_CURVE ( 'NONE', #729, #491, #2086, .T. ) ;
#1620 = CARTESIAN_POINT ( 'NONE',  ( -3.443749999999999200, 0.4788582131113751100, 0.8294067547305464800 ) ) ;
#1621 = CARTESIAN_POINT ( 'NONE',  ( -6.654134453536489200, 1.006859764872871000, -0.1945790235149546200 ) ) ;
#1622 = VERTEX_POINT ( 'NONE', #2079 ) ;
#1623 = CARTESIAN_POINT ( 'NONE',  ( 5.037499999999999600, -2.033577675846917700E-015, -1.249999999999999800 ) ) ;
#1624 = CARTESIAN_POINT ( 'NONE',  ( 5.768749999999999800, -1.250000000000000000, -1.530808498934191600E-016 ) ) ;
#1625 = ADVANCED_FACE ( 'NONE', ( #3218 ), #4574, .T. ) ;
#1626 = CARTESIAN_POINT ( 'NONE',  ( -6.895832988687855500, 0.8938993095131532200, 0.8735715735791438300 ) ) ;
#1627 = AXIS2_PLACEMENT_3D ( 'NONE', #1838, #3991, #2939 ) ;
#1628 = B_SPLINE_CURVE_WITH_KNOTS ( 'NONE', 1,
 ( #3407, #1205 ),
 .UNSPECIFIED., .F., .F.,
 ( 2, 2 ),
 ( 0.0000000000000000000, 1.000000000000000000 ),
 .UNSPECIFIED. ) ;
#1629 = CARTESIAN_POINT ( 'NONE',  ( 3.031249999999999600, -1.250000000000000200, 0.7216878364870317200 ) ) ;
#1630 = CARTESIAN_POINT ( 'NONE',  ( -2.506249999999999600, 6.771535515813051300E-017, 1.105875672974062000 ) ) ;
#1631 = CARTESIAN_POINT ( 'NONE',  ( 5.150000000000000400, 1.250000000000000000, 0.0000000000000000000 ) ) ;
#1632 = FACE_OUTER_BOUND ( 'NONE', #1637, .T. ) ;
#1633 = CIRCLE ( 'NONE', #3388, 1.250000000000000000 ) ;
#1634 = CARTESIAN_POINT ( 'NONE',  ( 5.206249999999999800, 1.714015469642402100E-015, 1.250000000000000000 ) ) ;
#1635 = CARTESIAN_POINT ( 'NONE',  ( -3.237499999999998900, -2.031460654743915200E-016, -1.105875672974062000 ) ) ;
#1636 = CARTESIAN_POINT ( 'NONE',  ( -4.212499999999999500, 1.250000000000000000, 0.7216878364870319400 ) ) ;
#1637 = EDGE_LOOP ( 'NONE', ( #139, #4500, #829, #1527 ) ) ;
#1638 = ORIENTED_EDGE ( 'NONE', *, *, #3456, .F. ) ;
#1639 = CARTESIAN_POINT ( 'NONE',  ( 6.556249999999998600, -4.938688641342514700E-016, 1.250000000000000000 ) ) ;
#1640 = CARTESIAN_POINT ( 'NONE',  ( -3.068749999999999600, 0.9577164262227499900, 0.0000000000000000000 ) ) ;
#1641 = DIRECTION ( 'NONE',  ( 1.000000000000000000, 0.0000000000000000000, 0.0000000000000000000 ) ) ;
#1642 = CARTESIAN_POINT ( 'NONE',  ( 4.906249999999999100, -1.250000000000000000, -0.7216878364870325000 ) ) ;
#1643 = CARTESIAN_POINT ( 'NONE',  ( -6.706249999999999800, 0.9577164262227496600, -0.5529378364870315400 ) ) ;
#1644 = DIRECTION ( 'NONE',  ( -1.000000000000000000, -0.0000000000000000000, -0.0000000000000000000 ) ) ;
#1645 = CARTESIAN_POINT ( 'NONE',  ( 3.050000000000000300, -1.948557158514987200, 1.124999999999998900 ) ) ;
#1646 = CARTESIAN_POINT ( 'NONE',  ( 5.712499999999997700, 1.714015469642402100E-015, 1.250000000000000000 ) ) ;
#1647 = DIRECTION ( 'NONE',  ( 0.0000000000000000000, 0.0000000000000000000, -1.000000000000000000 ) ) ;
#1648 = VERTEX_POINT ( 'NONE', #108 ) ;
#1649 = EDGE_CURVE ( 'NONE', #1611, #3146, #1045, .T. ) ;
#1650 = CARTESIAN_POINT ( 'NONE',  ( 4.174999999999999800, 0.6250000000000001100, -1.082531754730548400 ) ) ;
#1651 = CARTESIAN_POINT ( 'NONE',  ( -4.999999999999999100, 0.4788582131113742800, -0.8294067547305469200 ) ) ;
#1652 = CARTESIAN_POINT ( 'NONE',  ( 6.406250000000000000, -0.9577164262227507700, 0.5529378364870311000 ) ) ;
#1653 = CARTESIAN_POINT ( 'NONE',  ( -6.930756665990564600, -2.168904970561405000, 0.7433463941989665300 ) ) ;
#1654 = CARTESIAN_POINT ( 'NONE',  ( -4.531249999999998200, -2.031460654743915200E-016, -1.105875672974062000 ) ) ;
#1655 = CARTESIAN_POINT ( 'NONE',  ( -6.200000000000000200, -0.6250000000000004400, -1.082531754730548000 ) ) ;
#1656 = CARTESIAN_POINT ( 'NONE',  ( 5.431250000000000400, 8.838126989374223500E-017, -1.443375672974064300 ) ) ;
#1657 = CARTESIAN_POINT ( 'NONE',  ( 4.006250000000000500, 0.9577164262227503300, 0.5529378364870319900 ) ) ;
#1658 = ORIENTED_EDGE ( 'NONE', *, *, #3862, .T. ) ;
#1659 = B_SPLINE_CURVE_WITH_KNOTS ( 'NONE', 3,
 ( #596, #1323, #197, #4522, #2362, #2782 ),
 .UNSPECIFIED., .F., .F.,
 ( 4, 2, 4 ),
 ( 0.0000000000000000000, 0.0003834599243708723300, 0.0007669198487417446600 ),
 .UNSPECIFIED. ) ;
#1660 = CARTESIAN_POINT ( 'NONE',  ( -6.809815848291863800, -1.088497829318912500, -2.250000000000001300 ) ) ;
#1661 = FACE_OUTER_BOUND ( 'NONE', #4553, .T. ) ;
#1662 = CARTESIAN_POINT ( 'NONE',  ( 6.387500000000000200, 1.743066579297358300E-016, -1.250000000000000000 ) ) ;
#1663 = CARTESIAN_POINT ( 'NONE',  ( -3.012499999999999700, -4.938688641342514700E-016, -1.249999999999999800 ) ) ;
#1664 = CARTESIAN_POINT ( 'NONE',  ( -6.893749999999999800, 1.249999999999999800, 0.0000000000000000000 ) ) ;
#1665 = EDGE_CURVE ( 'NONE', #772, #1131, #2765, .T. ) ;
#1666 = CARTESIAN_POINT ( 'NONE',  ( -6.087500000000000400, 1.249999999999999300, -0.7216878364870328300 ) ) ;
#1667 = CARTESIAN_POINT ( 'NONE',  ( 6.862127497258535800, 2.821246222143669400E-011, 1.000372502741462500 ) ) ;
#1668 = CARTESIAN_POINT ( 'NONE',  ( 6.312500000000000900, 0.9577164262227503300, 0.5529378364870319900 ) ) ;
#1669 = ORIENTED_EDGE ( 'NONE', *, *, #3999, .T. ) ;
#1670 = EDGE_LOOP ( 'NONE', ( #2818, #1848, #4119, #4524, #1500 ) ) ;
#1671 = CARTESIAN_POINT ( 'NONE',  ( -6.832251231117297200, -0.6965972679447390800, 0.9678071659230838000 ) ) ;
#1672 = CARTESIAN_POINT ( 'NONE',  ( 5.487499999999998900, -2.033577675846917700E-015, -1.249999999999999800 ) ) ;
#1673 = CARTESIAN_POINT ( 'NONE',  ( -2.881250000000000100, -0.9577164262227497700, 0.5529378364870313200 ) ) ;
#1674 =( BOUNDED_CURVE ( )  B_SPLINE_CURVE ( 2, ( #3773, #1579, #4118, #3761, #1255, #2314, #3465, #544, #1592 ),
 .UNSPECIFIED., .F., .F. ) 
 B_SPLINE_CURVE_WITH_KNOTS ( ( 3, 2, 2, 2, 3 ),
 ( 0.3250000000000000100, 0.3333333333333333100, 0.3499999999999999800, 0.3666666666666666400, 0.3750000000000000000 ),
 .UNSPECIFIED. ) 
 CURVE ( )  GEOMETRIC_REPRESENTATION_ITEM ( )  RATIONAL_B_SPLINE_CURVE ( ( 0.9330127018922194100, 0.9330127018922196300, 1.000000000000000000, 0.8660254037844387100, 1.000000000000000000, 0.8660254037844387100, 1.000000000000000000, 0.9330127018922194100, 0.9330127018922194100 ) ) 
 REPRESENTATION_ITEM ( '' )  );
#1675 = EDGE_LOOP ( 'NONE', ( #2545, #665, #3673, #1546, #4042, #2880, #552, #138 ) ) ;
#1676 = CARTESIAN_POINT ( 'NONE',  ( 4.268749999999999800, 0.6249999999999991100, 1.082531754730548900 ) ) ;
#1677 = CARTESIAN_POINT ( 'NONE',  ( -4.736153810567666200, 0.3349364905389027300, -1.250000000000000000 ) ) ;
#1678 = ADVANCED_FACE ( 'NONE', ( #3668 ), #2415, .T. ) ;
#1679 = CARTESIAN_POINT ( 'NONE',  ( 4.418750000000001100, 0.9577164262227506600, 0.0000000000000000000 ) ) ;
#1680 = CARTESIAN_POINT ( 'NONE',  ( -6.949999999999998400, -0.2198351193233854800, -2.250000000000001300 ) ) ;
#1681 = CARTESIAN_POINT ( 'NONE',  ( 6.237499999999999800, -1.250000000000000200, 0.7216878364870317200 ) ) ;
#1682 = ORIENTED_EDGE ( 'NONE', *, *, #3401, .T. ) ;
#1683 = CARTESIAN_POINT ( 'NONE',  ( 3.992961012353156500, -2.820862747496224700E-014, 1.110637438575908100 ) ) ;
#1684 = CARTESIAN_POINT ( 'NONE',  ( 5.524999999999999500, 0.6250000000000001100, -1.082531754730548400 ) ) ;
#1685 = CARTESIAN_POINT ( 'NONE',  ( -6.162499999999999600, -4.938688641342514700E-016, -1.249999999999999800 ) ) ;
#1686 = CARTESIAN_POINT ( 'NONE',  ( 5.937500000000000000, -2.031460654743916600E-016, 1.105875672974062900 ) ) ;
#1687 = CARTESIAN_POINT ( 'NONE',  ( 5.599999999999999600, -0.9577164262227506600, -1.172864355864533800E-016 ) ) ;
#1688 = CARTESIAN_POINT ( 'NONE',  ( -6.760661200660849500, -0.9161185620756754400, -0.6466407892161441000 ) ) ;
#1689 = CARTESIAN_POINT ( 'NONE',  ( 6.630475784996626500, -1.156861088608947200, 0.4839290336956614800 ) ) ;
#1690 = CARTESIAN_POINT ( 'NONE',  ( -5.224999999999999600, 0.6249999999999990000, -1.082531754730548600 ) ) ;
#1691 = CARTESIAN_POINT ( 'NONE',  ( 6.781250000000000000, -2.031460654743916600E-016, 1.105875672974062900 ) ) ;
#1692 = CARTESIAN_POINT ( 'NONE',  ( 4.118750000000000400, 0.6250000000000001100, -1.082531754730548400 ) ) ;
#1693 = CARTESIAN_POINT ( 'NONE',  ( -3.012499999999999700, -4.938688641342514700E-016, -1.249999999999999800 ) ) ;
#1694 = CARTESIAN_POINT ( 'NONE',  ( 3.068750000000000100, 0.9577164262227506600, 0.0000000000000000000 ) ) ;
#1695 = AXIS2_PLACEMENT_3D ( 'NONE', #2757, #969, #4517 ) ;
#1696 = B_SPLINE_CURVE_WITH_KNOTS ( 'NONE', 3,
 ( #2707, #1615, #1925, #3115, #3485, #2404, #4541, #217, #932, #1294, #3829, #2386, #2753, #3813, #201, #4557, #584, #1667 ),
 .UNSPECIFIED., .F., .F.,
 ( 4, 2, 2, 2, 2, 2, 2, 2, 4 ),
 ( 0.002803846662411765700, 0.003223604441381032100, 0.003643362220350298600, 0.004063119999319565100, 0.004482877778288831500, 0.004902635557258098000, 0.005322393336227364400, 0.005742151115196630900, 0.006161908894165897400 ),
 .UNSPECIFIED. ) ;
#1697 = DIRECTION ( 'NONE',  ( -1.000000000000000000, -0.0000000000000000000, -0.0000000000000000000 ) ) ;
#1698 = CARTESIAN_POINT ( 'NONE',  ( 6.462500000000001200, -0.9577164262227507700, 0.5529378364870311000 ) ) ;
#1699 = CARTESIAN_POINT ( 'NONE',  ( 5.787500000000000500, 0.9577164262227506600, -0.5529378364870313200 ) ) ;
#1700 = CARTESIAN_POINT ( 'NONE',  ( 2.961124240019809200, -0.8716169406321469000, 2.250000000000001300 ) ) ;
#1701 = CARTESIAN_POINT ( 'NONE',  ( -5.787499999999998800, -1.250000000000000000, -0.7216878364870315000 ) ) ;
#1702 = CARTESIAN_POINT ( 'NONE',  ( 6.256250000000000500, 0.9577164262227503300, 0.5529378364870319900 ) ) ;
#1703 = CARTESIAN_POINT ( 'NONE',  ( 5.393749999999998900, -0.6249999999999996700, -1.082531754730548400 ) ) ;
#1704 = CARTESIAN_POINT ( 'NONE',  ( 3.856250000000000200, 6.771535515813057500E-017, -1.105875672974062900 ) ) ;
#1705 = CARTESIAN_POINT ( 'NONE',  ( -4.906249999999999100, -1.249999999999999800, 0.7216878364870323900 ) ) ;
#1706 = ORIENTED_EDGE ( 'NONE', *, *, #3934, .F. ) ;
#1707 = CARTESIAN_POINT ( 'NONE',  ( -6.871727692845891700, -1.511542704210625800, 1.881931238497141200 ) ) ;
#1708 = CARTESIAN_POINT ( 'NONE',  ( 3.846891302134194400, -0.06973547535386753800, -0.9645677283569448200 ) ) ;
#1709 = CARTESIAN_POINT ( 'NONE',  ( 5.525000000000000400, -0.4788582131113757200, 0.8294067547305469200 ) ) ;
#1710 = CARTESIAN_POINT ( 'NONE',  ( -6.949999999999999300, 0.0000000000000000000, -2.250000000000000000 ) ) ;
#1711 = AXIS2_PLACEMENT_3D ( 'NONE', #3463, #2744, #1283 ) ;
#1712 = ORIENTED_EDGE ( 'NONE', *, *, #2973, .F. ) ;
#1713 = CARTESIAN_POINT ( 'NONE',  ( 6.087500000000000400, -0.9577164262227504400, -0.5529378364870317600 ) ) ;
#1714 = CARTESIAN_POINT ( 'NONE',  ( -6.814958600153350000, -1.012707647217610400, 0.6500533284173440900 ) ) ;
#1715 = VECTOR ( 'NONE', #1038, 1000.000000000000000 ) ;
#1716 = CARTESIAN_POINT ( 'NONE',  ( -5.074999999999999300, 0.6250000000000000000, 1.082531754730548200 ) ) ;
#1717 = CARTESIAN_POINT ( 'NONE',  ( 3.537500000000000100, -1.250000000000000200, 0.7216878364870317200 ) ) ;
#1718 = AXIS2_PLACEMENT_3D ( 'NONE', #574, #1641, #1282 ) ;
#1719 = CARTESIAN_POINT ( 'NONE',  ( 3.631250000000000100, 8.838126989374223500E-017, -1.443375672974064300 ) ) ;
#1720 = CARTESIAN_POINT ( 'NONE',  ( 6.331249999999999800, 1.743066579297358300E-016, -1.250000000000000000 ) ) ;
#1721 = LINE ( 'NONE', #3811, #871 ) ;
#1722 = CARTESIAN_POINT ( 'NONE',  ( 5.243750000000000400, 0.4788582131113754400, -0.8294067547305471500 ) ) ;
#1723 = CARTESIAN_POINT ( 'NONE',  ( -4.193749999999999600, 1.249999999999999800, 0.0000000000000000000 ) ) ;
#1724 = B_SPLINE_CURVE_WITH_KNOTS ( 'NONE', 3,
 ( #771, #4395, #1476, #4029, #2965, #2575 ),
 .UNSPECIFIED., .F., .F.,
 ( 4, 2, 4 ),
 ( 0.009061423888515877900, 0.009718576332483793600, 0.01037572877645170900 ),
 .UNSPECIFIED. ) ;
#1725 = VERTEX_POINT ( 'NONE', #525 ) ;
#1726 = DIRECTION ( 'NONE',  ( -1.000000000000000000, -0.0000000000000000000, -0.0000000000000000000 ) ) ;
#1727 = ORIENTED_EDGE ( 'NONE', *, *, #82, .F. ) ;
#1728 = CARTESIAN_POINT ( 'NONE',  ( 3.912697888677608500, 1.016429038570493000, -0.2166046447749444800 ) ) ;
#1729 = CARTESIAN_POINT ( 'NONE',  ( 7.062500000000000000, 6.771535515813057500E-017, -1.105875672974062900 ) ) ;
#1730 = CARTESIAN_POINT ( 'NONE',  ( 5.862499999999998000, 0.9577164262227503300, 0.5529378364870319900 ) ) ;
#1731 = CARTESIAN_POINT ( 'NONE',  ( 5.881250000000000500, -2.031460654743916600E-016, 1.105875672974062900 ) ) ;
#1732 = CARTESIAN_POINT ( 'NONE',  ( -3.162499999999999600, 0.9577164262227496600, -0.5529378364870315400 ) ) ;
#1733 = ORIENTED_EDGE ( 'NONE', *, *, #2816, .T. ) ;
#1734 = CARTESIAN_POINT ( 'NONE',  ( -2.543750000000000200, -0.6250000000000004400, -1.082531754730548000 ) ) ;
#1735 = CARTESIAN_POINT ( 'NONE',  ( -6.537499999999999600, 1.249999999999999600, -0.7216878364870328300 ) ) ;
#1736 = CARTESIAN_POINT ( 'NONE',  ( 6.518749999999999800, -0.4788582131113751100, -0.8294067547305472600 ) ) ;
#1737 = CARTESIAN_POINT ( 'NONE',  ( 3.931249999999999900, -1.250000000000000200, 0.7216878364870317200 ) ) ;
#1738 = CARTESIAN_POINT ( 'NONE',  ( 7.137499999999999300, 0.9577164262227506600, -0.5529378364870313200 ) ) ;
#1739 = CARTESIAN_POINT ( 'NONE',  ( -4.793749999999999300, -0.6250000000000004400, -1.082531754730548000 ) ) ;
#1740 = DIRECTION ( 'NONE',  ( 1.000000000000000000, 0.0000000000000000000, 0.0000000000000000000 ) ) ;
#1741 = EDGE_LOOP ( 'NONE', ( #1834, #4016, #4451, #404 ) ) ;
#1742 = CARTESIAN_POINT ( 'NONE',  ( -3.237499999999999400, 1.743066579297358300E-016, 1.249999999999999600 ) ) ;
#1743 = EDGE_CURVE ( 'NONE', #1565, #4250, #216, .T. ) ;
#1744 = CARTESIAN_POINT ( 'NONE',  ( -6.949999999999999300, 0.0000000000000000000, 0.0000000000000000000 ) ) ;
#1745 = CARTESIAN_POINT ( 'NONE',  ( 5.150000000000000400, 1.250000000000000000, 0.0000000000000000000 ) ) ;
#1746 = CARTESIAN_POINT ( 'NONE',  ( -3.836153810567665800, 0.3349364905389027300, -1.250000000000000000 ) ) ;
#1747 = ADVANCED_FACE ( 'NONE', ( #3282 ), #2694, .F. ) ;
#1748 = AXIS2_PLACEMENT_3D ( 'NONE', #3865, #2841, #1020 ) ;
#1749 = CARTESIAN_POINT ( 'NONE',  ( -4.362499999999998900, 6.771535515813051300E-017, 1.105875672974062000 ) ) ;
#1750 = CARTESIAN_POINT ( 'NONE',  ( -6.574999999999999300, 0.6249999999999990000, -1.082531754730548600 ) ) ;
#1751 = CARTESIAN_POINT ( 'NONE',  ( 3.425000000000000300, 0.6249999999999991100, 1.082531754730548900 ) ) ;
#1752 = CARTESIAN_POINT ( 'NONE',  ( -2.449999999999999700, 1.249999999999999800, 0.0000000000000000000 ) ) ;
#1753 = ORIENTED_EDGE ( 'NONE', *, *, #632, .T. ) ;
#1754 = ORIENTED_EDGE ( 'NONE', *, *, #2897, .F. ) ;
#1755 = CARTESIAN_POINT ( 'NONE',  ( 5.675000000000000700, -0.4788582131113751100, -0.8294067547305472600 ) ) ;
#1756 = CARTESIAN_POINT ( 'NONE',  ( -5.056250000000000400, 1.250000000000000000, 0.7216878364870319400 ) ) ;
#1757 = EDGE_CURVE ( 'NONE', #2395, #3104, #644, .T. ) ;
#1758 = CARTESIAN_POINT ( 'NONE',  ( 6.182596189432334000, -0.3349364905389037900, 1.249999999999999800 ) ) ;
#1759 = DIRECTION ( 'NONE',  ( 0.0000000000000000000, 0.0000000000000000000, 1.000000000000000000 ) ) ;
#1760 =( BOUNDED_CURVE ( )  B_SPLINE_CURVE ( 2, ( #2119, #4650, #4665, #2462, #3944, #3962, #1374, #2809, #2827 ),
 .UNSPECIFIED., .F., .F. ) 
 B_SPLINE_CURVE_WITH_KNOTS ( ( 3, 2, 2, 2, 3 ),
 ( 0.7500000000000000000, 0.7575757575757575700, 0.7727272727272727100, 0.7878787878787878500, 0.7954545454545454100 ),
 .UNSPECIFIED. ) 
 CURVE ( )  GEOMETRIC_REPRESENTATION_ITEM ( )  RATIONAL_B_SPLINE_CURVE ( ( 0.9330127018922194100, 0.9330127018922194100, 1.000000000000000000, 0.8660254037844387100, 1.000000000000000000, 0.8660254037844387100, 1.000000000000000000, 0.9330127018922194100, 0.9330127018922194100 ) ) 
 REPRESENTATION_ITEM ( '' )  );
#1761 = CARTESIAN_POINT ( 'NONE',  ( 4.887499999999999300, -1.250000000000000200, 0.7216878364870317200 ) ) ;
#1762 = CARTESIAN_POINT ( 'NONE',  ( -4.081249999999999800, 1.743066579297358300E-016, 1.249999999999999600 ) ) ;
#1763 = CARTESIAN_POINT ( 'NONE',  ( 4.399999999999999500, -0.6250000000000005600, 1.082531754730548200 ) ) ;
#1764 = CARTESIAN_POINT ( 'NONE',  ( 4.587499999999998600, 1.743066579297358300E-016, -1.250000000000000000 ) ) ;
#1765 = CARTESIAN_POINT ( 'NONE',  ( -3.462499999999999500, 6.771535515813051300E-017, 1.105875672974062000 ) ) ;
#1766 = ORIENTED_EDGE ( 'NONE', *, *, #4658, .T. ) ;
#1767 = CARTESIAN_POINT ( 'NONE',  ( -3.837499999999999900, 1.249999999999999600, -0.7216878364870328300 ) ) ;
#1768 = CARTESIAN_POINT ( 'NONE',  ( 5.806250000000000400, 0.9577164262227503300, 0.5529378364870319900 ) ) ;
#1769 = ADVANCED_FACE ( 'NONE', ( #983 ), #3555, .T. ) ;
#1770 = CARTESIAN_POINT ( 'NONE',  ( 5.112500000000000700, -0.9577164262227507700, 0.5529378364870311000 ) ) ;
#1772 = ORIENTED_EDGE ( 'NONE', *, *, #2788, .T. ) ;
#1771 = CARTESIAN_POINT ( 'NONE',  ( -5.993750000000000400, 1.249999999999999800, 0.0000000000000000000 ) ) ;
#1773 = CARTESIAN_POINT ( 'NONE',  ( 3.030756665990564300, -2.168904970561405900, -0.7433463941989694200 ) ) ;
#1774 = CARTESIAN_POINT ( 'NONE',  ( 6.424999999999998900, 0.6250000000000001100, -1.082531754730548400 ) ) ;
#1775 = FACE_OUTER_BOUND ( 'NONE', #2062, .T. ) ;
#1776 = AXIS2_PLACEMENT_3D ( 'NONE', #2130, #377, #1097 ) ;
#1777 = CARTESIAN_POINT ( 'NONE',  ( -5.468750000000000000, -0.4788582131113754400, -0.8294067547305463700 ) ) ;
#1778 = CARTESIAN_POINT ( 'NONE',  ( -7.081249999999999800, 0.9577164262227498800, 0.5529378364870308800 ) ) ;
#1779 = CARTESIAN_POINT ( 'NONE',  ( -5.918749999999999300, 0.6250000000000000000, 1.082531754730548200 ) ) ;
#1780 = CARTESIAN_POINT ( 'NONE',  ( -2.862499999999999800, 1.250000000000000000, 0.7216878364870319400 ) ) ;
#1781 = AXIS2_PLACEMENT_3D ( 'NONE', #1821, #4369, #2216 ) ;
#1782 = VERTEX_POINT ( 'NONE', #1991 ) ;
#1783 = CARTESIAN_POINT ( 'NONE',  ( 5.599999999999999600, -0.9577164262227506600, -1.172864355864533800E-016 ) ) ;
#1784 = CARTESIAN_POINT ( 'NONE',  ( -6.987499999999998000, -0.9577164262227497700, 0.5529378364870313200 ) ) ;
#1785 = CARTESIAN_POINT ( 'NONE',  ( 6.687500000000000000, 0.9577164262227506600, -0.5529378364870313200 ) ) ;
#1786 = VERTEX_POINT ( 'NONE', #3819 ) ;
#1787 = CARTESIAN_POINT ( 'NONE',  ( 5.318750000000000500, 0.9577164262227506600, 0.0000000000000000000 ) ) ;
#1788 = CARTESIAN_POINT ( 'NONE',  ( -5.917403810567665600, -0.3349364905389036800, 1.249999999999999600 ) ) ;
#1789 = CARTESIAN_POINT ( 'NONE',  ( 6.500000000000000000, 1.250000000000000000, 0.0000000000000000000 ) ) ;
#1790 = CARTESIAN_POINT ( 'NONE',  ( -5.412499999999999600, -1.249999999999999600, 0.7216878364870325000 ) ) ;
#1791 = CARTESIAN_POINT ( 'NONE',  ( -5.993749999999999500, -0.9577164262227499900, 1.172864355864533000E-016 ) ) ;
#1792 = CARTESIAN_POINT ( 'NONE',  ( -5.393749999999998900, 0.4788582131113742800, -0.8294067547305469200 ) ) ;
#1793 = CARTESIAN_POINT ( 'NONE',  ( -5.712499999999998600, -4.938688641342514700E-016, -1.249999999999999800 ) ) ;
#1794 = CARTESIAN_POINT ( 'NONE',  ( -3.725000000000000100, 0.6250000000000000000, 1.082531754730548200 ) ) ;
#1795 = CARTESIAN_POINT ( 'NONE',  ( -3.481250000000000200, -1.250000000000000000, -0.7216878364870315000 ) ) ;
#1796 = CARTESIAN_POINT ( 'NONE',  ( 6.762500000000001100, 0.9577164262227503300, 0.5529378364870319900 ) ) ;
#1797 = EDGE_CURVE ( 'NONE', #2849, #1381, #2294, .T. ) ;
#1798 = CARTESIAN_POINT ( 'NONE',  ( 3.968750000000000000, 0.9577164262227506600, 0.0000000000000000000 ) ) ;
#1799 = CARTESIAN_POINT ( 'NONE',  ( 3.837499999999999900, 0.0000000000000000000, 0.0000000000000000000 ) ) ;
#1800 = CARTESIAN_POINT ( 'NONE',  ( 5.937500000000000000, 8.838126989374223500E-017, -1.443375672974064300 ) ) ;
#1801 = CARTESIAN_POINT ( 'NONE',  ( 4.868749999999999500, -1.250000000000000000, -1.530808498934191600E-016 ) ) ;
#1802 = CARTESIAN_POINT ( 'NONE',  ( -3.537499999999998800, 0.9577164262227498800, 0.5529378364870308800 ) ) ;
#1803 = ORIENTED_EDGE ( 'NONE', *, *, #550, .F. ) ;
#1804 = LINE ( 'NONE', #286, #747 ) ;
#1805 =( BOUNDED_CURVE ( )  B_SPLINE_CURVE ( 2, ( #1081, #2574, #393, #3339, #2588, #2932, #1139, #2196, #3640 ),
 .UNSPECIFIED., .F., .F. ) 
 B_SPLINE_CURVE_WITH_KNOTS ( ( 3, 2, 2, 2, 3 ),
 ( 0.6250000000000000000, 0.6333333333333333000, 0.6500000000000000200, 0.6666666666666666300, 0.6750000000000000400 ),
 .UNSPECIFIED. ) 
 CURVE ( )  GEOMETRIC_REPRESENTATION_ITEM ( )  RATIONAL_B_SPLINE_CURVE ( ( 0.9330127018922194100, 0.9330127018922194100, 1.000000000000000000, 0.8660254037844387100, 1.000000000000000000, 0.8660254037844387100, 1.000000000000000000, 0.9330127018922189700, 0.9330127018922194100 ) ) 
 REPRESENTATION_ITEM ( '' )  );
#1806 = CARTESIAN_POINT ( 'NONE',  ( -5.693749999999998800, 0.4788582131113751100, 0.8294067547305464800 ) ) ;
#1807 = AXIS2_PLACEMENT_3D ( 'NONE', #1989, #2390, #3138 ) ;
#1808 = CARTESIAN_POINT ( 'NONE',  ( -6.556249999999999500, 6.771535515813051300E-017, 1.105875672974062000 ) ) ;
#1809 = CARTESIAN_POINT ( 'NONE',  ( 2.971727692845873600, -1.511542704210577300, -1.881931238497227500 ) ) ;
#1810 = CARTESIAN_POINT ( 'NONE',  ( -3.912499999999999600, -2.651438096812266900E-016, -1.443375672974064100 ) ) ;
#1811 = CARTESIAN_POINT ( 'NONE',  ( -6.799999999999998900, 0.4788582131113742800, -0.8294067547305469200 ) ) ;
#1812 = CARTESIAN_POINT ( 'NONE',  ( -4.006249999999999600, -1.249999999999999800, 0.7216878364870323900 ) ) ;
#1813 = CARTESIAN_POINT ( 'NONE',  ( -5.881249999999998800, 1.743066579297358300E-016, 1.249999999999999600 ) ) ;
#1814 = EDGE_CURVE ( 'NONE', #491, #2226, #3841, .T. ) ;
#1815 = CARTESIAN_POINT ( 'NONE',  ( 4.831250000000000700, 0.9577164262227506600, -0.5529378364870313200 ) ) ;
#1816 = DIRECTION ( 'NONE',  ( -1.000000000000000000, -0.0000000000000000000, -0.0000000000000000000 ) ) ;
#1817 = CARTESIAN_POINT ( 'NONE',  ( 4.287499999999999600, 1.249999999999999800, 0.7216878364870329400 ) ) ;
#1818 = DIRECTION ( 'NONE',  ( -1.000000000000000000, -0.0000000000000000000, -0.0000000000000000000 ) ) ;
#1819 = CARTESIAN_POINT ( 'NONE',  ( -5.281249999999998200, 0.9577164262227498800, 0.5529378364870308800 ) ) ;
#1820 = CARTESIAN_POINT ( 'NONE',  ( -6.256249999999999600, 0.9577164262227496600, -0.5529378364870315400 ) ) ;
#1821 = CARTESIAN_POINT ( 'NONE',  ( 3.050000000000000300, 0.0000000000000000000, 0.0000000000000000000 ) ) ;
#1822 = CARTESIAN_POINT ( 'NONE',  ( -3.049999999999999800, -0.6250000000000004400, -1.082531754730548000 ) ) ;
#1823 = ORIENTED_EDGE ( 'NONE', *, *, #2654, .T. ) ;
#1824 = CARTESIAN_POINT ( 'NONE',  ( -5.337499999999999500, 0.9577164262227498800, 0.5529378364870308800 ) ) ;
#1825 = LINE ( 'NONE', #2979, #369 ) ;
#1826 = CARTESIAN_POINT ( 'NONE',  ( -3.181250000000000400, 8.838126989374222200E-017, 1.443375672974064100 ) ) ;
#1827 = EDGE_CURVE ( 'NONE', #1022, #173, #3153, .T. ) ;
#1828 = CARTESIAN_POINT ( 'NONE',  ( -4.381249999999999600, -1.250000000000000000, -0.7216878364870316100 ) ) ;
#1829 = CYLINDRICAL_SURFACE ( 'NONE', #4506, 1.250000000000000000 ) ;
#1830 = CARTESIAN_POINT ( 'NONE',  ( 4.193750000000000500, -0.9577164262227506600, -1.172864355864533800E-016 ) ) ;
#1831 = CARTESIAN_POINT ( 'NONE',  ( -6.874999999999999100, 0.6250000000000000000, 1.082531754730548200 ) ) ;
#1832 = DIRECTION ( 'NONE',  ( 0.0000000000000000000, 0.0000000000000000000, -1.000000000000000000 ) ) ;
#1833 = AXIS2_PLACEMENT_3D ( 'NONE', #3065, #1976, #3406 ) ;
#1834 = ORIENTED_EDGE ( 'NONE', *, *, #3709, .F. ) ;
#1835 = CARTESIAN_POINT ( 'NONE',  ( -4.606249999999999300, -0.9577164262227502200, -0.5529378364870306500 ) ) ;
#1836 = EDGE_LOOP ( 'NONE', ( #3547, #1159, #3695 ) ) ;
#1837 = CARTESIAN_POINT ( 'NONE',  ( -5.843749999999999100, 0.4788582131113742800, -0.8294067547305469200 ) ) ;
#1838 = CARTESIAN_POINT ( 'NONE',  ( -6.949999999999999300, 0.0000000000000000000, 0.0000000000000000000 ) ) ;
#1839 = CARTESIAN_POINT ( 'NONE',  ( -2.187500000000000000, -1.250000000000000000, -0.7216878364870315000 ) ) ;
#1840 = CARTESIAN_POINT ( 'NONE',  ( -6.724999999999999600, 0.9577164262227499900, 0.0000000000000000000 ) ) ;
#1841 = EDGE_CURVE ( 'NONE', #545, #3925, #3712, .T. ) ;
#1842 = CARTESIAN_POINT ( 'NONE',  ( -2.843750000000000000, 1.249999999999999800, 0.0000000000000000000 ) ) ;
#1843 = VERTEX_POINT ( 'NONE', #2392 ) ;
#1844 = PLANE ( 'NONE',  #4663 ) ;
#1845 =( BOUNDED_CURVE ( )  B_SPLINE_CURVE ( 2, ( #4125, #3063, #3444, #2720, #568, #553, #4515, #1617, #586 ),
 .UNSPECIFIED., .F., .F. ) 
 B_SPLINE_CURVE_WITH_KNOTS ( ( 3, 2, 2, 2, 3 ),
 ( 0.5750000000000000700, 0.5833333333333333700, 0.5999999999999999800, 0.6166666666666667000, 0.6250000000000000000 ),
 .UNSPECIFIED. ) 
 CURVE ( )  GEOMETRIC_REPRESENTATION_ITEM ( )  RATIONAL_B_SPLINE_CURVE ( ( 0.9330127018922194100, 0.9330127018922198500, 1.000000000000000000, 0.8660254037844387100, 1.000000000000000000, 0.8660254037844387100, 1.000000000000000000, 0.9330127018922194100, 0.9330127018922194100 ) ) 
 REPRESENTATION_ITEM ( '' )  );
#1846 = CARTESIAN_POINT ( 'NONE',  ( 3.781250000000000000, -0.9577164262227504400, -0.5529378364870317600 ) ) ;
#1847 = PLANE ( 'NONE',  #2595 ) ;
#1848 = ORIENTED_EDGE ( 'NONE', *, *, #2973, .T. ) ;
#1849 = CARTESIAN_POINT ( 'NONE',  ( -2.150000000000000800, 1.530808498934191600E-016, -1.250000000000000000 ) ) ;
#1850 = CARTESIAN_POINT ( 'NONE',  ( -4.343749999999999100, 0.4788582131113751100, 0.8294067547305464800 ) ) ;
#1851 = CARTESIAN_POINT ( 'NONE',  ( -3.143749999999999800, 0.4788582131113742800, -0.8294067547305469200 ) ) ;
#1852 = CARTESIAN_POINT ( 'NONE',  ( 5.618750000000000400, -0.4788582131113751100, -0.8294067547305472600 ) ) ;
#1853 = CARTESIAN_POINT ( 'NONE',  ( 4.033942666681579900, 0.1429200144276501500, -1.151619092904206500 ) ) ;
#1854 = FACE_OUTER_BOUND ( 'NONE', #2487, .T. ) ;
#1855 = CARTESIAN_POINT ( 'NONE',  ( -6.274999999999999500, 0.9577164262227499900, 0.0000000000000000000 ) ) ;
#1856 = CARTESIAN_POINT ( 'NONE',  ( -4.493749999999999500, -0.6249999999999995600, 1.082531754730548400 ) ) ;
#1857 = CARTESIAN_POINT ( 'NONE',  ( 2.768750000000000300, -0.4788582131113757200, 0.8294067547305469200 ) ) ;
#1858 = EDGE_CURVE ( 'NONE', #2280, #910, #481, .T. ) ;
#1859 = VERTEX_POINT ( 'NONE', #4548 ) ;
#1860 = ORIENTED_EDGE ( 'NONE', *, *, #838, .T. ) ;
#1861 = CARTESIAN_POINT ( 'NONE',  ( 2.881250000000000100, -0.9577164262227504400, -0.5529378364870317600 ) ) ;
#1862 = CARTESIAN_POINT ( 'NONE',  ( -6.706249999999999800, -1.249999999999999600, 0.7216878364870325000 ) ) ;
#1863 = APPROVAL_STATUS ( 'not_yet_approved' ) ;
#1864 = DIRECTION ( 'NONE',  ( -1.000000000000000000, -0.0000000000000000000, -0.0000000000000000000 ) ) ;
#1865 = CARTESIAN_POINT ( 'NONE',  ( -3.518749999999999400, 0.9577164262227499900, 0.0000000000000000000 ) ) ;
#1866 = AXIS2_PLACEMENT_3D ( 'NONE', #1939, #3041, #1551 ) ;
#1867 = CARTESIAN_POINT ( 'NONE',  ( -5.018749999999998900, -0.4788582131113754400, -0.8294067547305463700 ) ) ;
#1868 = CARTESIAN_POINT ( 'NONE',  ( 4.981249999999999300, -2.031460654743916600E-016, 1.105875672974062900 ) ) ;
#1870 = ORIENTED_EDGE ( 'NONE', *, *, #3187, .T. ) ;
#1869 = CARTESIAN_POINT ( 'NONE',  ( -6.349999999999998800, 0.4788582131113742800, -0.8294067547305469200 ) ) ;
#1871 = CARTESIAN_POINT ( 'NONE',  ( -2.234375000000000000, -0.5519291065556879400, -0.9559692547305470600 ) ) ;
#1872 = CARTESIAN_POINT ( 'NONE',  ( 4.587499999999999500, -2.031460654743916600E-016, 1.105875672974062900 ) ) ;
#1873 = AXIS2_PLACEMENT_3D ( 'NONE', #2401, #1275, #3505 ) ;
#1874 = CARTESIAN_POINT ( 'NONE',  ( -6.668749999999999300, -1.249999999999999800, 1.530808498934191300E-016 ) ) ;
#1875 = ORIENTED_EDGE ( 'NONE', *, *, #131, .F. ) ;
#1876 = CARTESIAN_POINT ( 'NONE',  ( -6.574999999999999300, -0.4788582131113747800, 0.8294067547305465900 ) ) ;
#1877 = CARTESIAN_POINT ( 'NONE',  ( 4.737500000000000700, -0.9577164262227504400, -0.5529378364870317600 ) ) ;
#1878 = CARTESIAN_POINT ( 'NONE',  ( -3.443749999999999200, 0.4788582131113751100, 0.8294067547305464800 ) ) ;
#1879 = CARTESIAN_POINT ( 'NONE',  ( -2.993749999999999900, 0.4788582131113751100, 0.8294067547305464800 ) ) ;
#1880 = VECTOR ( 'NONE', #135, 1000.000000000000000 ) ;
#1881 = CARTESIAN_POINT ( 'NONE',  ( 6.218750000000000000, 0.9577164262227506600, 0.0000000000000000000 ) ) ;
#1882 = CARTESIAN_POINT ( 'NONE',  ( 4.549999999999999800, 0.4788582131113746100, 0.8294067547305475900 ) ) ;
#1883 = CARTESIAN_POINT ( 'NONE',  ( -3.968750000000000000, -1.249999999999999800, 1.530808498934191300E-016 ) ) ;
#1884 = CARTESIAN_POINT ( 'NONE',  ( -5.974999999999999600, -0.4788582131113754400, -0.8294067547305463700 ) ) ;
#1885 = EDGE_CURVE ( 'NONE', #4419, #3737, #1558, .T. ) ;
#1886 = CARTESIAN_POINT ( 'NONE',  ( 6.818750000000000500, -0.4788582131113757200, 0.8294067547305469200 ) ) ;
#1887 = CARTESIAN_POINT ( 'NONE',  ( 4.325000000000001100, -0.4788582131113751100, -0.8294067547305472600 ) ) ;
#1888 = EDGE_LOOP ( 'NONE', ( #3216, #3994, #1609, #4035 ) ) ;
#1889 = DIRECTION ( 'NONE',  ( 1.000000000000000000, 0.0000000000000000000, -0.0000000000000000000 ) ) ;
#1890 = DIRECTION ( 'NONE',  ( 1.000000000000000000, 0.0000000000000000000, 0.0000000000000000000 ) ) ;
#1891 = ORIENTED_EDGE ( 'NONE', *, *, #388, .F. ) ;
#1892 = CARTESIAN_POINT ( 'NONE',  ( -5.037499999999999600, -2.031460654743915200E-016, -1.105875672974062000 ) ) ;
#1893 = CARTESIAN_POINT ( 'NONE',  ( 4.174999999999999800, -0.4788582131113757200, 0.8294067547305469200 ) ) ;
#1894 = CARTESIAN_POINT ( 'NONE',  ( -2.918749999999999300, -0.4788582131113747800, 0.8294067547305465900 ) ) ;
#1895 = ORIENTED_EDGE ( 'NONE', *, *, #4573, .T. ) ;
#1896 = CARTESIAN_POINT ( 'NONE',  ( -4.268749999999999800, -0.4788582131113747800, 0.8294067547305465900 ) ) ;
#1897 = CARTESIAN_POINT ( 'NONE',  ( 5.318750000000000500, 0.9577164262227506600, 0.0000000000000000000 ) ) ;
#1898 = EDGE_CURVE ( 'NONE', #999, #729, #680, .T. ) ;
#1899 = CARTESIAN_POINT ( 'NONE',  ( -6.256249999999999600, -1.249999999999999600, 0.7216878364870325000 ) ) ;
#1900 = CARTESIAN_POINT ( 'NONE',  ( -4.062500000000000000, -1.249999999999999600, 0.7216878364870325000 ) ) ;
#1901 = CARTESIAN_POINT ( 'NONE',  ( -6.312500000000000900, 0.9577164262227496600, -0.5529378364870315400 ) ) ;
#1902 = CARTESIAN_POINT ( 'NONE',  ( -6.424999999999998900, 0.6250000000000000000, 1.082531754730548200 ) ) ;
#1903 = CARTESIAN_POINT ( 'NONE',  ( 3.912500000000000500, 6.771535515813057500E-017, -1.105875672974062900 ) ) ;
#1904 = DIRECTION ( 'NONE',  ( -1.000000000000000000, -0.0000000000000000000, -0.0000000000000000000 ) ) ;
#1905 = ADVANCED_FACE ( 'NONE', ( #4390 ), #2232, .T. ) ;
#1906 = PERSON_AND_ORGANIZATION_ROLE ( 'design_owner' ) ;
#1907 = FACE_OUTER_BOUND ( 'NONE', #603, .T. ) ;
#1908 = CALENDAR_DATE ( 2021, 9, 7 ) ;
#1909 = CARTESIAN_POINT ( 'NONE',  ( -4.587499999999999500, -2.031460654743915200E-016, -1.105875672974062000 ) ) ;
#1910 = CARTESIAN_POINT ( 'NONE',  ( 7.268749999999998900, 0.6250000000000001100, -1.082531754730548400 ) ) ;
#1911 = CARTESIAN_POINT ( 'NONE',  ( -3.406249999999999600, -4.938688641342514700E-016, -1.249999999999999800 ) ) ;
#1912 = CARTESIAN_POINT ( 'NONE',  ( -3.481249999999999700, 0.9577164262227498800, 0.5529378364870308800 ) ) ;
#1913 = CARTESIAN_POINT ( 'NONE',  ( 6.331249999999999800, -2.031460654743916600E-016, 1.105875672974062900 ) ) ;
#1914 = ORIENTED_EDGE ( 'NONE', *, *, #3570, .F. ) ;
#1915 = CIRCLE ( 'NONE', #3356, 0.9551764262227505600 ) ;
#1916 = CARTESIAN_POINT ( 'NONE',  ( -6.749038105676658200, -2.598076211353316500, -2.828161786633107200E-015 ) ) ;
#1917 = CARTESIAN_POINT ( 'NONE',  ( -4.025000000000000400, -1.249999999999999800, 1.530808498934191300E-016 ) ) ;
#1918 = CARTESIAN_POINT ( 'NONE',  ( -4.999999999999999100, 0.4788582131113742800, -0.8294067547305469200 ) ) ;
#1919 = DIRECTION ( 'NONE',  ( -1.000000000000000000, -0.0000000000000000000, -0.0000000000000000000 ) ) ;
#1920 = CARTESIAN_POINT ( 'NONE',  ( 3.387500000000000200, -0.9577164262227504400, -0.5529378364870317600 ) ) ;
#1921 = CARTESIAN_POINT ( 'NONE',  ( -5.524999999999999500, -0.4788582131113754400, -0.8294067547305463700 ) ) ;
#1922 = CARTESIAN_POINT ( 'NONE',  ( 4.250000000000000000, -0.9577164262227506600, -1.172864355864533800E-016 ) ) ;
#1923 = CARTESIAN_POINT ( 'NONE',  ( -2.581249999999998900, 0.9577164262227498800, 0.5529378364870308800 ) ) ;
#1924 = CARTESIAN_POINT ( 'NONE',  ( -6.949999999999999300, 0.0000000000000000000, 0.0000000000000000000 ) ) ;
#1925 = CARTESIAN_POINT ( 'NONE',  ( 6.731168952028749400, 0.2786923676627731700, -1.105510441590917800 ) ) ;
#1926 = CARTESIAN_POINT ( 'NONE',  ( 3.875000000000000400, -0.4788582131113751100, -0.8294067547305472600 ) ) ;
#1927 = CARTESIAN_POINT ( 'NONE',  ( -2.524999999999999500, -0.4788582131113747800, 0.8294067547305465900 ) ) ;
#1928 = ORIENTED_EDGE ( 'NONE', *, *, #617, .F. ) ;
#1929 = CARTESIAN_POINT ( 'NONE',  ( 3.837499999999999900, 0.0000000000000000000, 0.0000000000000000000 ) ) ;
#1930 = CARTESIAN_POINT ( 'NONE',  ( 4.625000000000000900, -0.4788582131113757200, 0.8294067547305469200 ) ) ;
#1931 = ORIENTED_EDGE ( 'NONE', *, *, #1456, .F. ) ;
#1932 = CARTESIAN_POINT ( 'NONE',  ( -2.150000000000000800, 0.0000000000000000000, 0.0000000000000000000 ) ) ;
#1933 = CARTESIAN_POINT ( 'NONE',  ( 3.050000000000000300, 0.0000000000000000000, 0.0000000000000000000 ) ) ;
#1934 = CARTESIAN_POINT ( 'NONE',  ( -6.749038105676658200, 1.299038105676658400, -2.250000000000001300 ) ) ;
#1935 = CARTESIAN_POINT ( 'NONE',  ( -5.618749999999999500, -0.4788582131113747800, 0.8294067547305465900 ) ) ;
#1936 = CYLINDRICAL_SURFACE ( 'NONE', #2329, 1.250000000000000000 ) ;
#1937 = CARTESIAN_POINT ( 'NONE',  ( -5.974999999999999600, -0.4788582131113754400, -0.8294067547305463700 ) ) ;
#1938 = CARTESIAN_POINT ( 'NONE',  ( 3.312500000000000000, -0.9577164262227507700, 0.5529378364870311000 ) ) ;
#1939 = CARTESIAN_POINT ( 'NONE',  ( -6.899199999999999600, 0.0000000000000000000, 0.0000000000000000000 ) ) ;
#1940 = CARTESIAN_POINT ( 'NONE',  ( 2.961124240019814100, -0.8716169406321125900, -2.250000000000000900 ) ) ;
#1941 = CARTESIAN_POINT ( 'NONE',  ( 4.081249999999999800, -2.031460654743916600E-016, 1.105875672974062900 ) ) ;
#1942 = ORIENTED_EDGE ( 'NONE', *, *, #28, .F. ) ;
#1943 = ORIENTED_EDGE ( 'NONE', *, *, #1572, .T. ) ;
#1944 = CARTESIAN_POINT ( 'NONE',  ( 5.431250000000000400, -2.031460654743916600E-016, 1.105875672974062900 ) ) ;
#1945 = CARTESIAN_POINT ( 'NONE',  ( 2.971727692845874000, -2.385571612819397600, 0.3680687615027709000 ) ) ;
#1946 = CARTESIAN_POINT ( 'NONE',  ( -6.949999999999999300, 0.0000000000000000000, 0.0000000000000000000 ) ) ;
#1947 = CARTESIAN_POINT ( 'NONE',  ( -6.674328768026408700, 0.3100792068355199800, 0.9889337738653227700 ) ) ;
#1948 = ORIENTED_EDGE ( 'NONE', *, *, #3934, .T. ) ;
#1949 = CARTESIAN_POINT ( 'NONE',  ( -5.843749999999999100, 0.4788582131113742800, -0.8294067547305469200 ) ) ;
#1950 =( BOUNDED_CURVE ( )  B_SPLINE_CURVE ( 2, ( #1258, #3847, #2801, #1983, #3504, #929, #2420, #4525, #1663 ),
 .UNSPECIFIED., .F., .F. ) 
 B_SPLINE_CURVE_WITH_KNOTS ( ( 3, 2, 2, 2, 3 ),
 ( 0.7500000000000000000, 0.7575757575757575700, 0.7727272727272727100, 0.7878787878787878500, 0.7954545454545454100 ),
 .UNSPECIFIED. ) 
 CURVE ( )  GEOMETRIC_REPRESENTATION_ITEM ( )  RATIONAL_B_SPLINE_CURVE ( ( 0.9330127018922194100, 0.9330127018922194100, 1.000000000000000000, 0.8660254037844387100, 1.000000000000000000, 0.8660254037844387100, 1.000000000000000000, 0.9330127018922194100, 0.9330127018922194100 ) ) 
 REPRESENTATION_ITEM ( '' )  );
#1951 = CARTESIAN_POINT ( 'NONE',  ( -4.474999999999999600, 0.9577164262227499900, 0.0000000000000000000 ) ) ;
#1952 = CARTESIAN_POINT ( 'NONE',  ( 6.556249999999999500, -2.651438096812267400E-016, 1.443375672974064300 ) ) ;
#1953 = CARTESIAN_POINT ( 'NONE',  ( -2.543750000000000200, 0.4788582131113751100, 0.8294067547305464800 ) ) ;
#1954 = ORIENTED_EDGE ( 'NONE', *, *, #3830, .T. ) ;
#1955 = CARTESIAN_POINT ( 'NONE',  ( -2.656249999999999600, 0.9577164262227496600, -0.5529378364870315400 ) ) ;
#1956 =( BOUNDED_CURVE ( )  B_SPLINE_CURVE ( 2, ( #2478, #3208, #684, #2455, #4645, #1021, #2074, #3577, #3923 ),
 .UNSPECIFIED., .F., .F. ) 
 B_SPLINE_CURVE_WITH_KNOTS ( ( 3, 2, 2, 2, 3 ),
 ( 0.4318181818181818200, 0.4393939393939393900, 0.4545454545454545300, 0.4696969696969697200, 0.4772727272727272900 ),
 .UNSPECIFIED. ) 
 CURVE ( )  GEOMETRIC_REPRESENTATION_ITEM ( )  RATIONAL_B_SPLINE_CURVE ( ( 0.9330127018922194100, 0.9330127018922194100, 1.000000000000000000, 0.8660254037844387100, 1.000000000000000000, 0.8660254037844387100, 1.000000000000000000, 0.9330127018922194100, 0.9330127018922194100 ) ) 
 REPRESENTATION_ITEM ( '' )  );
#1957 = CARTESIAN_POINT ( 'NONE',  ( 3.893750000000000700, 0.4788582131113754400, -0.8294067547305471500 ) ) ;
#1958 = CARTESIAN_POINT ( 'NONE',  ( 5.581249999999999800, 1.249999999999999600, 0.7216878364870329400 ) ) ;
#1959 = CARTESIAN_POINT ( 'NONE',  ( -2.750000000000000000, 0.4788582131113742800, -0.8294067547305469200 ) ) ;
#1960 = CARTESIAN_POINT ( 'NONE',  ( -3.818749999999999600, -0.4788582131113747800, 0.8294067547305465900 ) ) ;
#1961 = CARTESIAN_POINT ( 'NONE',  ( 4.924999999999999800, -1.250000000000000000, -1.530808498934191600E-016 ) ) ;
#1962 = FACE_OUTER_BOUND ( 'NONE', #3498, .T. ) ;
#1963 = CARTESIAN_POINT ( 'NONE',  ( 3.050000000000000300, 1.530808498934191600E-016, 1.250000000000000000 ) ) ;
#1964 = FACE_OUTER_BOUND ( 'NONE', #3145, .T. ) ;
#1965 = CARTESIAN_POINT ( 'NONE',  ( -6.931249999999999500, -0.9577164262227497700, 0.5529378364870313200 ) ) ;
#1966 = ORIENTED_EDGE ( 'NONE', *, *, #1619, .F. ) ;
#1967 = COORDINATED_UNIVERSAL_TIME_OFFSET ( 6, 0, .BEHIND. ) ;
#1968 = CARTESIAN_POINT ( 'NONE',  ( 6.743749999999999500, -0.6249999999999996700, -1.082531754730548400 ) ) ;
#1969 = CARTESIAN_POINT ( 'NONE',  ( -2.149999999999999900, -0.6250000000000004400, -1.082531754730548000 ) ) ;
#1970 = CARTESIAN_POINT ( 'NONE',  ( 5.057596189432334000, 0.3349364905389024500, -1.250000000000000200 ) ) ;
#1971 = EDGE_CURVE ( 'NONE', #498, #3323, #2835, .T. ) ;
#1972 = CARTESIAN_POINT ( 'NONE',  ( 5.656250000000000000, -4.938688641342514700E-016, 1.250000000000000000 ) ) ;
#1973 = CARTESIAN_POINT ( 'NONE',  ( -2.150000000000000800, 0.0000000000000000000, 0.0000000000000000000 ) ) ;
#1974 = CARTESIAN_POINT ( 'NONE',  ( -4.831249999999999800, 0.9577164262227498800, 0.5529378364870308800 ) ) ;
#1975 = CARTESIAN_POINT ( 'NONE',  ( -6.717439483264997500, 8.715332896486790000E-017, -1.068239483264996800 ) ) ;
#1976 = DIRECTION ( 'NONE',  ( 1.000000000000000000, 0.0000000000000000000, -0.0000000000000000000 ) ) ;
#1977 = DIRECTION ( 'NONE',  ( 0.0000000000000000000, 0.0000000000000000000, 1.000000000000000000 ) ) ;
#1978 = ORIENTED_EDGE ( 'NONE', *, *, #1017, .F. ) ;
#1979 = CARTESIAN_POINT ( 'NONE',  ( -5.281249999999999100, 0.9577164262227498800, 0.5529378364870308800 ) ) ;
#1980 = B_SPLINE_CURVE_WITH_KNOTS ( 'NONE', 3,
 ( #2432, #245, #625, #2790, #2769, #4046, #3353, #4409 ),
 .UNSPECIFIED., .F., .F.,
 ( 4, 2, 2, 4 ),
 ( 0.0008748994814421824000, 0.001416116117278841400, 0.001686724435197171000, 0.001957332753115500500 ),
 .UNSPECIFIED. ) ;
#1981 = CARTESIAN_POINT ( 'NONE',  ( -6.809686571713796400, 1.088945656521775900, 2.250000000000000400 ) ) ;
#1982 = EDGE_LOOP ( 'NONE', ( #4218, #413, #1593, #2659 ) ) ;
#1983 = CARTESIAN_POINT ( 'NONE',  ( -3.162500000000000100, -1.249999999999999600, 0.7216878364870325000 ) ) ;
#1984 = DIRECTION ( 'NONE',  ( 0.0000000000000000000, 0.0000000000000000000, -1.000000000000000000 ) ) ;
#1985 = EDGE_CURVE ( 'NONE', #2094, #2977, #463, .T. ) ;
#1986 = CARTESIAN_POINT ( 'NONE',  ( 5.543750000000000200, 1.250000000000000000, 0.0000000000000000000 ) ) ;
#1987 = CARTESIAN_POINT ( 'NONE',  ( -3.049999999999999800, 0.4788582131113751100, 0.8294067547305464800 ) ) ;
#1988 = CARTESIAN_POINT ( 'NONE',  ( -3.162499999999999600, 0.9577164262227496600, -0.5529378364870315400 ) ) ;
#1989 = CARTESIAN_POINT ( 'NONE',  ( 0.0000000000000000000, 0.0000000000000000000, 0.0000000000000000000 ) ) ;
#1990 = CARTESIAN_POINT ( 'NONE',  ( -3.706249999999999400, -0.9577164262227502200, -0.5529378364870306500 ) ) ;
#1991 = CARTESIAN_POINT ( 'NONE',  ( -5.206249999999999800, -4.938688641342514700E-016, -1.249999999999999800 ) ) ;
#1992 = CARTESIAN_POINT ( 'NONE',  ( 4.231250000000000200, 1.249999999999999600, 0.7216878364870329400 ) ) ;
#1993 = CARTESIAN_POINT ( 'NONE',  ( 5.918749999999999300, 0.6250000000000001100, -1.082531754730548400 ) ) ;
#1994 = CARTESIAN_POINT ( 'NONE',  ( -6.886262356322375500, 0.6819564406090379300, 1.035950621764226000 ) ) ;
#1995 = DIRECTION ( 'NONE',  ( 0.0000000000000000000, -0.5000000000000002200, 0.8660254037844384900 ) ) ;
#1996 = CARTESIAN_POINT ( 'NONE',  ( 3.050000000000000300, 1.530808498934191600E-016, 1.250000000000000000 ) ) ;
#1997 = CARTESIAN_POINT ( 'NONE',  ( 4.774999999999999500, 0.6249999999999991100, 1.082531754730548900 ) ) ;
#1998 = CARTESIAN_POINT ( 'NONE',  ( 5.674999999999999800, 0.6249999999999991100, 1.082531754730548900 ) ) ;
#1999 = VERTEX_POINT ( 'NONE', #67 ) ;
#2000 = CARTESIAN_POINT ( 'NONE',  ( -7.118749999999999500, -1.249999999999999800, 1.530808498934191300E-016 ) ) ;
#2001 = CARTESIAN_POINT ( 'NONE',  ( -4.849999999999999600, 0.4788582131113751100, 0.8294067547305464800 ) ) ;
#2002 = EDGE_LOOP ( 'NONE', ( #2248, #145, #2298, #3101 ) ) ;
#2003 = CARTESIAN_POINT ( 'NONE',  ( -6.801902329772172400, -1.136707772803447800, 0.3556225198439965700 ) ) ;
#2004 = CARTESIAN_POINT ( 'NONE',  ( -6.860744989968445400, -2.385217236779677100, 0.3686825588085527200 ) ) ;
#2005 = CARTESIAN_POINT ( 'NONE',  ( -3.893749999999999800, 0.4788582131113751100, 0.8294067547305464800 ) ) ;
#2006 = CARTESIAN_POINT ( 'NONE',  ( -4.699999999999999300, 1.249999999999999800, 0.0000000000000000000 ) ) ;
#2007 = CARTESIAN_POINT ( 'NONE',  ( 4.164420627188759400, 1.249999999999999600, -0.5644440429244232900 ) ) ;
#2008 = CARTESIAN_POINT ( 'NONE',  ( 5.056250000000000400, 1.250000000000000000, -0.7216878364870320500 ) ) ;
#2009 = DIRECTION ( 'NONE',  ( -1.000000000000000000, 0.0000000000000000000, -0.0000000000000000000 ) ) ;
#2010 = CARTESIAN_POINT ( 'NONE',  ( 4.756249999999999600, 6.771535515813057500E-017, -1.105875672974062900 ) ) ;
#2011 = B_SPLINE_CURVE_WITH_KNOTS ( 'NONE', 1,
 ( #1614, #3778 ),
 .UNSPECIFIED., .F., .F.,
 ( 2, 2 ),
 ( 0.0000000000000000000, 1.000000000000000000 ),
 .UNSPECIFIED. ) ;
#2012 = CARTESIAN_POINT ( 'NONE',  ( 5.411153810567665100, -0.3349364905389042300, -1.249999999999999600 ) ) ;
#2013 = CARTESIAN_POINT ( 'NONE',  ( 3.850316728204654600, -6.797959659259696400E-015, -0.9679931544274051900 ) ) ;
#2014 = DIRECTION ( 'NONE',  ( -1.000000000000000000, -0.0000000000000000000, -0.0000000000000000000 ) ) ;
#2015 = DIRECTION ( 'NONE',  ( 1.000000000000000000, 0.0000000000000000000, 0.0000000000000000000 ) ) ;
#2016 = CARTESIAN_POINT ( 'NONE',  ( 5.975000000000000500, -0.4788582131113757200, 0.8294067547305469200 ) ) ;
#2017 = FACE_OUTER_BOUND ( 'NONE', #3352, .T. ) ;
#2018 = COORDINATED_UNIVERSAL_TIME_OFFSET ( 6, 0, .BEHIND. ) ;
#2019 = ADVANCED_FACE ( 'NONE', ( #894 ), #1407, .F. ) ;
#2020 = CARTESIAN_POINT ( 'NONE',  ( -6.785246812949655000, -1.142005426663329700, -0.09427770554069808700 ) ) ;
#2021 = APPROVAL ( #1863, 'UNSPECIFIED' ) ;
#2022 = ORIENTED_EDGE ( 'NONE', *, *, #131, .T. ) ;
#2023 = VECTOR ( 'NONE', #3551, 1000.000000000000000 ) ;
#2024 = DIRECTION ( 'NONE',  ( 0.0000000000000000000, 0.0000000000000000000, 1.000000000000000000 ) ) ;
#2025 = CARTESIAN_POINT ( 'NONE',  ( -3.031249999999999100, 0.9577164262227498800, 0.5529378364870308800 ) ) ;
#2026 = CARTESIAN_POINT ( 'NONE',  ( -4.587499999999998600, 1.743066579297358300E-016, 1.249999999999999600 ) ) ;
#2027 = CARTESIAN_POINT ( 'NONE',  ( 4.381249999999999600, -1.250000000000000200, 0.7216878364870317200 ) ) ;
#2028 = CARTESIAN_POINT ( 'NONE',  ( -4.531249999999999100, -4.706279764102867600E-015, 1.249999999999999600 ) ) ;
#2029 = CARTESIAN_POINT ( 'NONE',  ( 4.831250000000000700, 0.9577164262227506600, -0.5529378364870313200 ) ) ;
#2030 = CARTESIAN_POINT ( 'NONE',  ( -6.930756665990568200, -1.728209346468596800, -1.506653605800988500 ) ) ;
#2031 = CARTESIAN_POINT ( 'NONE',  ( 4.699999999999999300, 1.250000000000000000, 0.0000000000000000000 ) ) ;
#2032 = CARTESIAN_POINT ( 'NONE',  ( 6.869463457050409600, -0.1543425136061150300, 0.9930365429539427200 ) ) ;
#2033 = CARTESIAN_POINT ( 'NONE',  ( -2.150000000000000800, 1.530808498934191600E-016, -1.250000000000000000 ) ) ;
#2034 = CARTESIAN_POINT ( 'NONE',  ( 6.275000000000000400, 0.9577164262227506600, 0.0000000000000000000 ) ) ;
#2035 = ORIENTED_EDGE ( 'NONE', *, *, #1827, .F. ) ;
#2036 = EDGE_CURVE ( 'NONE', #4347, #381, #2728, .T. ) ;
#2037 = CARTESIAN_POINT ( 'NONE',  ( 5.937500000000000000, -2.031460654743916600E-016, 1.105875672974062900 ) ) ;
#2038 = CARTESIAN_POINT ( 'NONE',  ( 6.593750000000000000, 0.4788582131113754400, -0.8294067547305471500 ) ) ;
#2039 = CARTESIAN_POINT ( 'NONE',  ( 5.712499999999997700, 1.714015469642402100E-015, 1.250000000000000000 ) ) ;
#2040 = CARTESIAN_POINT ( 'NONE',  ( -2.356249999999999700, -0.9577164262227502200, -0.5529378364870306500 ) ) ;
#2041 = CARTESIAN_POINT ( 'NONE',  ( 3.837499999999999900, 1.249999999999999800, 0.7216878364870329400 ) ) ;
#2042 = DIRECTION ( 'NONE',  ( -1.000000000000000000, -0.0000000000000000000, -0.0000000000000000000 ) ) ;
#2043 = CARTESIAN_POINT ( 'NONE',  ( 6.106249999999999300, -2.651438096812267400E-016, 1.443375672974064300 ) ) ;
#2044 = CARTESIAN_POINT ( 'NONE',  ( -3.687500000000000000, 1.743066579297358300E-016, 1.249999999999999600 ) ) ;
#2045 = ADVANCED_FACE ( 'NONE', ( #3116 ), #3689, .T. ) ;
#2046 = CARTESIAN_POINT ( 'NONE',  ( 5.206250000000000700, 6.771535515813057500E-017, -1.105875672974062900 ) ) ;
#2047 = ORIENTED_EDGE ( 'NONE', *, *, #3746, .T. ) ;
#2048 = ORIENTED_EDGE ( 'NONE', *, *, #233, .F. ) ;
#2049 = B_SPLINE_CURVE_WITH_KNOTS ( 'NONE', 3,
 ( #1683, #1274, #2751, #3470, #2439, #3812, #2052, #4589, #4555, #2400, #251, #214, #981, #3259 ),
 .UNSPECIFIED., .F., .F.,
 ( 4, 2, 2, 2, 2, 2, 4 ),
 ( 0.003466405624431294100, 0.003919050460591351000, 0.004371695296751407400, 0.004824340132911463800, 0.005276984969071520300, 0.006182274641391633100, 0.007087564313711746900 ),
 .UNSPECIFIED. ) ;
#2050 = CYLINDRICAL_SURFACE ( 'NONE', #3000, 1.250000000000000000 ) ;
#2051 = CARTESIAN_POINT ( 'NONE',  ( 3.068750000000000100, -1.250000000000000000, -1.530808498934191600E-016 ) ) ;
#2052 = CARTESIAN_POINT ( 'NONE',  ( 4.041417445726087200, -1.022760222019125000, 0.5658204250194505100 ) ) ;
#2053 = CARTESIAN_POINT ( 'NONE',  ( -6.896416395303665700, 1.249999999999999600, -0.05131480154458158800 ) ) ;
#2054 = EDGE_CURVE ( 'NONE', #3383, #1221, #741, .T. ) ;
#2055 = CARTESIAN_POINT ( 'NONE',  ( 6.237499999999999800, 0.9577164262227506600, -0.5529378364870313200 ) ) ;
#2056 = CONICAL_SURFACE ( 'NONE', #1748, 2.250000000000000000, 1.047197551196600100 ) ;
#2057 = CARTESIAN_POINT ( 'NONE',  ( 5.225000000000000500, -0.4788582131113751100, -0.8294067547305472600 ) ) ;
#2058 = CARTESIAN_POINT ( 'NONE',  ( 2.849038105676720900, -1.299038105676751300, 2.250000000000000900 ) ) ;
#2059 = CARTESIAN_POINT ( 'NONE',  ( -2.281250000000000000, -0.6250000000000001100, -1.082531754730548400 ) ) ;
#2060 = CARTESIAN_POINT ( 'NONE',  ( -5.187499999999999100, 1.249999999999999600, -0.7216878364870328300 ) ) ;
#2061 = CARTESIAN_POINT ( 'NONE',  ( 6.143749999999999800, 0.4788582131113754400, -0.8294067547305471500 ) ) ;
#2062 = EDGE_LOOP ( 'NONE', ( #1312, #4207, #4097, #387 ) ) ;
#2063 = EDGE_LOOP ( 'NONE', ( #3703, #2762 ) ) ;
#2064 = CARTESIAN_POINT ( 'NONE',  ( 4.981249999999998400, 8.838126989374223500E-017, -1.443375672974064300 ) ) ;
#2065 = CARTESIAN_POINT ( 'NONE',  ( 2.910229930904671300, -1.405025455978020600, 2.066424524318439800 ) ) ;
#2066 = CARTESIAN_POINT ( 'NONE',  ( 3.556250000000000400, 0.9577164262227503300, 0.5529378364870319900 ) ) ;
#2067 = CARTESIAN_POINT ( 'NONE',  ( -4.756249999999999600, -2.651438096812266900E-016, -1.443375672974064100 ) ) ;
#2068 = CARTESIAN_POINT ( 'NONE',  ( 6.312500000000000900, 0.9577164262227503300, 0.5529378364870319900 ) ) ;
#2069 = EDGE_LOOP ( 'NONE', ( #526, #4268, #3974 ) ) ;
#2070 = EDGE_CURVE ( 'NONE', #977, #812, #4326, .T. ) ;
#2071 = CARTESIAN_POINT ( 'NONE',  ( -5.262499999999998400, 6.771535515813051300E-017, 1.105875672974062000 ) ) ;
#2072 = CARTESIAN_POINT ( 'NONE',  ( -5.375000000000000000, -1.249999999999999800, 1.530808498934191300E-016 ) ) ;
#2073 = CARTESIAN_POINT ( 'NONE',  ( 5.487500000000000700, -2.031460654743916600E-016, 1.105875672974062900 ) ) ;
#2074 = CARTESIAN_POINT ( 'NONE',  ( -5.018749999999999800, 0.6250000000000000000, 1.082531754730548200 ) ) ;
#2075 = ADVANCED_FACE ( 'NONE', ( #505 ), #1844, .T. ) ;
#2077 = ORIENTED_EDGE ( 'NONE', *, *, #4538, .T. ) ;
#2076 = CARTESIAN_POINT ( 'NONE',  ( 5.637499999999999300, -0.9577164262227504400, -0.5529378364870317600 ) ) ;
#2078 =( BOUNDED_CURVE ( )  B_SPLINE_CURVE ( 2, ( #4490, #475, #3723, #2681, #2296, #4444, #508, #2642, #853 ),
 .UNSPECIFIED., .F., .F. ) 
 B_SPLINE_CURVE_WITH_KNOTS ( ( 3, 2, 2, 2, 3 ),
 ( 0.1749999999999999900, 0.1833333333333333200, 0.2000000000000000100, 0.2166666666666666700, 0.2250000000000000100 ),
 .UNSPECIFIED. ) 
 CURVE ( )  GEOMETRIC_REPRESENTATION_ITEM ( )  RATIONAL_B_SPLINE_CURVE ( ( 0.9330127018922194100, 0.9330127018922194100, 1.000000000000000000, 0.8660254037844387100, 1.000000000000000000, 0.8660254037844387100, 1.000000000000000000, 0.9330127018922194100, 0.9330127018922194100 ) ) 
 REPRESENTATION_ITEM ( '' )  );
#2079 = CARTESIAN_POINT ( 'NONE',  ( 6.904783573777241800, -0.7757375938702593100, 0.5616510825354632500 ) ) ;
#2080 = CARTESIAN_POINT ( 'NONE',  ( -6.912499999999999600, 1.250000000000000000, 0.7216878364870319400 ) ) ;
#2081 = CARTESIAN_POINT ( 'NONE',  ( 2.637500000000000200, -1.250000000000000200, 0.7216878364870317200 ) ) ;
#2082 = CARTESIAN_POINT ( 'NONE',  ( 3.556249999999999900, -1.250000000000000000, -0.7216878364870325000 ) ) ;
#2083 = CONICAL_SURFACE ( 'NONE', #1627, 1.300800000000000000, 0.7853981633974500600 ) ;
#2084 = CARTESIAN_POINT ( 'NONE',  ( 4.793750000000000200, 0.4788582131113754400, -0.8294067547305471500 ) ) ;
#2085 = CARTESIAN_POINT ( 'NONE',  ( -5.731249999999999300, -1.250000000000000000, -0.7216878364870315000 ) ) ;
#2086 = B_SPLINE_CURVE_WITH_KNOTS ( 'NONE', 3,
 ( #2427, #950, #3816, #2739, #1671, #1714, #2003, #2020, #4544, #1296, #1688, #3833, #936, #203, #4234, #3155 ),
 .UNSPECIFIED., .F., .F.,
 ( 4, 2, 2, 2, 2, 2, 2, 4 ),
 ( 0.001068321991377591900, 0.001515383780994559300, 0.001962445570611526900, 0.002856569149845461300, 0.003303630939462428100, 0.003750692729079395700, 0.004197754518696363400, 0.004644816308313330100 ),
 .UNSPECIFIED. ) ;
#2087 = EDGE_CURVE ( 'NONE', #4352, #1648, #1519, .T. ) ;
#2088 = CARTESIAN_POINT ( 'NONE',  ( -3.707596189432334400, 0.3349364905389034000, 1.249999999999999600 ) ) ;
#2089 = FACE_OUTER_BOUND ( 'NONE', #74, .T. ) ;
#2090 = CARTESIAN_POINT ( 'NONE',  ( -6.949999999999999300, -1.948557158514987200, 1.124999999999998900 ) ) ;
#2091 = CARTESIAN_POINT ( 'NONE',  ( 3.992961012353156500, -2.820862747496224700E-014, 1.110637438575908100 ) ) ;
#2092 = CARTESIAN_POINT ( 'NONE',  ( 7.025000000000000400, -0.4788582131113751100, -0.8294067547305472600 ) ) ;
#2093 = CARTESIAN_POINT ( 'NONE',  ( -4.812500000000000000, -4.938688641342514700E-016, -1.249999999999999800 ) ) ;
#2094 = VERTEX_POINT ( 'NONE', #2601 ) ;
#2095 = CARTESIAN_POINT ( 'NONE',  ( 5.843750000000000000, 0.4788582131113746100, 0.8294067547305475900 ) ) ;
#2096 = PRODUCT_DEFINITION_FORMATION_WITH_SPECIFIED_SOURCE ( 'ANY', '', #4244, .NOT_KNOWN. ) ;
#2097 = CARTESIAN_POINT ( 'NONE',  ( -2.824999999999999300, -0.4788582131113754400, -0.8294067547305463700 ) ) ;
#2098 = DIRECTION ( 'NONE',  ( -1.000000000000000000, -0.0000000000000000000, -0.0000000000000000000 ) ) ;
#2099 = CARTESIAN_POINT ( 'NONE',  ( -6.462500000000000400, 1.250000000000000000, 0.7216878364870319400 ) ) ;
#2100 = CARTESIAN_POINT ( 'NONE',  ( 6.706250000000000700, 0.9577164262227503300, 0.5529378364870319900 ) ) ;
#2101 = CARTESIAN_POINT ( 'NONE',  ( 3.818750000000000100, 0.6249999999999991100, 1.082531754730548900 ) ) ;
#2102 = VERTEX_POINT ( 'NONE', #866 ) ;
#2103 = ADVANCED_FACE ( 'NONE', ( #2259 ), #2987, .T. ) ;
#2104 = CARTESIAN_POINT ( 'NONE',  ( 6.687500000000000000, 0.9577164262227506600, -0.5529378364870313200 ) ) ;
#2105 = CARTESIAN_POINT ( 'NONE',  ( -4.343750000000000000, -0.6250000000000004400, -1.082531754730548000 ) ) ;
#2106 = CARTESIAN_POINT ( 'NONE',  ( -6.810229930904660600, 1.405025455977997800, 2.066424524318479300 ) ) ;
#2107 = EDGE_LOOP ( 'NONE', ( #1875, #3200, #347, #3914 ) ) ;
#2108 = CARTESIAN_POINT ( 'NONE',  ( -6.950000000000001100, -1.727238319854199600, 1.508335473232622400 ) ) ;
#2109 =( BOUNDED_CURVE ( )  B_SPLINE_CURVE ( 2, ( #2678, #4161, #1245, #1571, #535, #3061, #875, #2716, #3043 ),
 .UNSPECIFIED., .F., .F. ) 
 B_SPLINE_CURVE_WITH_KNOTS ( ( 3, 2, 2, 2, 3 ),
 ( 0.6590909090909090600, 0.6666666666666666300, 0.6818181818181817700, 0.6969696969696970200, 0.7045454545454545900 ),
 .UNSPECIFIED. ) 
 CURVE ( )  GEOMETRIC_REPRESENTATION_ITEM ( )  RATIONAL_B_SPLINE_CURVE ( ( 0.9330127018922194100, 0.9330127018922194100, 1.000000000000000000, 0.8660254037844387100, 1.000000000000000000, 0.8660254037844387100, 1.000000000000000000, 0.9330127018922194100, 0.9330127018922194100 ) ) 
 REPRESENTATION_ITEM ( '' )  );
#2110 = CARTESIAN_POINT ( 'NONE',  ( 6.387499999999999300, 8.838126989374223500E-017, -1.443375672974064300 ) ) ;
#2111 = CARTESIAN_POINT ( 'NONE',  ( 6.904783573777249800, -0.9450302765529308100, -0.1553657924228126200 ) ) ;
#2112 = CARTESIAN_POINT ( 'NONE',  ( 4.587499999999998600, 1.743066579297358300E-016, -1.250000000000000000 ) ) ;
#2113 = CARTESIAN_POINT ( 'NONE',  ( -6.724999999999999600, -1.249999999999999800, 1.530808498934191300E-016 ) ) ;
#2114 = EDGE_CURVE ( 'NONE', #3993, #3395, #4362, .T. ) ;
#2115 = EDGE_LOOP ( 'NONE', ( #45, #4381, #4065, #1928, #4408, #3335 ) ) ;
#2116 = LINE ( 'NONE', #394, #4153 ) ;
#2117 =( BOUNDED_CURVE ( )  B_SPLINE_CURVE ( 2, ( #2781, #2012, #2380, #3825, #3147, #963, #580, #1272, #4554 ),
 .UNSPECIFIED., .F., .F. ) 
 B_SPLINE_CURVE_WITH_KNOTS ( ( 3, 2, 2, 2, 3 ),
 ( 0.4250000000000000400, 0.4333333333333333500, 0.4500000000000000100, 0.4666666666666666700, 0.4750000000000000300 ),
 .UNSPECIFIED. ) 
 CURVE ( )  GEOMETRIC_REPRESENTATION_ITEM ( )  RATIONAL_B_SPLINE_CURVE ( ( 0.9330127018922194100, 0.9330127018922196300, 1.000000000000000000, 0.8660254037844387100, 1.000000000000000000, 0.8660254037844387100, 1.000000000000000000, 0.9330127018922191900, 0.9330127018922194100 ) ) 
 REPRESENTATION_ITEM ( '' )  );
#2118 = CARTESIAN_POINT ( 'NONE',  ( -4.099999999999999600, 0.4788582131113742800, -0.8294067547305469200 ) ) ;
#2119 = CARTESIAN_POINT ( 'NONE',  ( -3.631250000000000100, 1.743066579297358300E-016, 1.249999999999999600 ) ) ;
#2120 = CARTESIAN_POINT ( 'NONE',  ( -5.862499999999999800, -1.249999999999999800, 0.7216878364870323900 ) ) ;
#2121 = CARTESIAN_POINT ( 'NONE',  ( 3.237499999999999400, 8.838126989374223500E-017, -1.443375672974064300 ) ) ;
#2122 = CARTESIAN_POINT ( 'NONE',  ( 5.206249999999999800, 1.714015469642402100E-015, 1.250000000000000000 ) ) ;
#2123 = LINE ( 'NONE', #3571, #659 ) ;
#2124 = CARTESIAN_POINT ( 'NONE',  ( 5.375000000000000000, 0.9577164262227506600, 0.0000000000000000000 ) ) ;
#2125 = CARTESIAN_POINT ( 'NONE',  ( -4.943750000000000500, -0.6249999999999995600, 1.082531754730548400 ) ) ;
#2126 = CARTESIAN_POINT ( 'NONE',  ( 2.971727692845874000, 1.511542704210576200, 1.881931238497227800 ) ) ;
#2127 = CARTESIAN_POINT ( 'NONE',  ( -2.543750000000000200, -0.6250000000000004400, -1.082531754730548000 ) ) ;
#2128 = CARTESIAN_POINT ( 'NONE',  ( 4.850000000000000500, -0.6250000000000005600, 1.082531754730548200 ) ) ;
#2129 = CARTESIAN_POINT ( 'NONE',  ( -6.949999999999999300, 1.948557158514987000, -1.124999999999999100 ) ) ;
#2130 = CARTESIAN_POINT ( 'NONE',  ( -6.949999999999999300, 0.0000000000000000000, 0.0000000000000000000 ) ) ;
#2131 = ADVANCED_FACE ( 'NONE', ( #2442, #2509 ), #133, .T. ) ;
#2132 = CARTESIAN_POINT ( 'NONE',  ( -3.762499999999999300, -0.9577164262227502200, -0.5529378364870306500 ) ) ;
#2133 = ORIENTED_EDGE ( 'NONE', *, *, #4110, .F. ) ;
#2134 = CARTESIAN_POINT ( 'NONE',  ( -2.543750000000000200, -0.6250000000000004400, -1.082531754730548000 ) ) ;
#2135 = CARTESIAN_POINT ( 'NONE',  ( -3.649999999999999900, -0.6249999999999995600, 1.082531754730548400 ) ) ;
#2136 = CARTESIAN_POINT ( 'NONE',  ( 5.431250000000000400, -2.031460654743916600E-016, 1.105875672974062900 ) ) ;
#2137 = ORIENTED_EDGE ( 'NONE', *, *, #69, .F. ) ;
#2138 = CARTESIAN_POINT ( 'NONE',  ( 5.150000000000000400, -0.9577164262227506600, -1.172864355864533800E-016 ) ) ;
#2139 = CARTESIAN_POINT ( 'NONE',  ( -5.243750000000000400, -0.6250000000000004400, -1.082531754730548000 ) ) ;
#2140 = CARTESIAN_POINT ( 'NONE',  ( 6.162499999999999600, -4.938688641342514700E-016, 1.250000000000000000 ) ) ;
#2141 = EDGE_CURVE ( 'NONE', #1328, #2203, #2078, .T. ) ;
#2142 = DIRECTION ( 'NONE',  ( 0.0000000000000000000, 0.0000000000000000000, 1.000000000000000000 ) ) ;
#2143 = CARTESIAN_POINT ( 'NONE',  ( 6.537499999999999600, 1.249999999999999800, 0.7216878364870329400 ) ) ;
#2144 = CARTESIAN_POINT ( 'NONE',  ( -3.012499999999999700, 6.771535515813051300E-017, 1.105875672974062000 ) ) ;
#2145 = CARTESIAN_POINT ( 'NONE',  ( 6.799883691761905900, -0.9515387853642497400, 0.4795861824694459500 ) ) ;
#2146 = AXIS2_PLACEMENT_3D ( 'NONE', #3789, #3805, #134 ) ;
#2147 = CIRCLE ( 'NONE', #4208, 2.249999999999999600 ) ;
#2148 = CARTESIAN_POINT ( 'NONE',  ( -6.968749999999999100, -0.4788582131113747800, 0.8294067547305465900 ) ) ;
#2149 = LOCAL_TIME ( 20, 25, 45.00000000000000000, #3969 ) ;
#2150 = CARTESIAN_POINT ( 'NONE',  ( -5.881249999999998800, 1.743066579297358300E-016, 1.249999999999999600 ) ) ;
#2151 = CARTESIAN_POINT ( 'NONE',  ( -4.325000000000000200, 0.6249999999999990000, -1.082531754730548600 ) ) ;
#2152 = EDGE_LOOP ( 'NONE', ( #49, #1085, #258, #2167, #1108, #3450 ) ) ;
#2153 = FACE_OUTER_BOUND ( 'NONE', #2107, .T. ) ;
#2154 = CARTESIAN_POINT ( 'NONE',  ( 2.806250000000000400, -0.9577164262227507700, 0.5529378364870311000 ) ) ;
#2155 = CARTESIAN_POINT ( 'NONE',  ( -3.856249999999999700, -2.651438096812266900E-016, -1.443375672974064100 ) ) ;
#2156 = AXIS2_PLACEMENT_3D ( 'NONE', #4551, #994, #247 ) ;
#2157 = EDGE_CURVE ( 'NONE', #4437, #2203, #3247, .T. ) ;
#2158 = CARTESIAN_POINT ( 'NONE',  ( 6.424999999999998900, 0.6250000000000001100, -1.082531754730548400 ) ) ;
#2159 = CARTESIAN_POINT ( 'NONE',  ( 3.931250000000000800, 0.9577164262227506600, -0.5529378364870313200 ) ) ;
#2160 = DIRECTION ( 'NONE',  ( 0.0000000000000000000, 0.0000000000000000000, -1.000000000000000000 ) ) ;
#2161 = CARTESIAN_POINT ( 'NONE',  ( 5.487499999999999800, 8.838126989374223500E-017, -1.443375672974064300 ) ) ;
#2162 = CARTESIAN_POINT ( 'NONE',  ( 4.906249999999999100, -1.250000000000000000, -0.7216878364870327200 ) ) ;
#2163 = CARTESIAN_POINT ( 'NONE',  ( -2.412499999999999600, -0.9577164262227502200, -0.5529378364870306500 ) ) ;
#2164 =( BOUNDED_CURVE ( )  B_SPLINE_CURVE ( 2, ( #3552, #4318, #2868, #2528, #3608, #3957, #2495, #2475, #3205 ),
 .UNSPECIFIED., .F., .F. ) 
 B_SPLINE_CURVE_WITH_KNOTS ( ( 3, 2, 2, 2, 3 ),
 ( 0.8863636363636363500, 0.8939393939393939200, 0.9090909090909090600, 0.9242424242424242000, 0.9318181818181818800 ),
 .UNSPECIFIED. ) 
 CURVE ( )  GEOMETRIC_REPRESENTATION_ITEM ( )  RATIONAL_B_SPLINE_CURVE ( ( 0.9330127018922194100, 0.9330127018922194100, 1.000000000000000000, 0.8660254037844387100, 1.000000000000000000, 0.8660254037844387100, 1.000000000000000000, 0.9330127018922188500, 0.9330127018922194100 ) ) 
 REPRESENTATION_ITEM ( '' )  );
#2165 = CARTESIAN_POINT ( 'NONE',  ( 6.839850374870553500, -0.9966826850013241800, 0.2422437329179738500 ) ) ;
#2166 = CARTESIAN_POINT ( 'NONE',  ( -2.637499999999999300, 0.9577164262227498800, 0.5529378364870308800 ) ) ;
#2167 = ORIENTED_EDGE ( 'NONE', *, *, #2734, .T. ) ;
#2168 = CARTESIAN_POINT ( 'NONE',  ( 3.050000000000000700, -1.727238319854175400, -1.508335473232667700 ) ) ;
#2169 = CARTESIAN_POINT ( 'NONE',  ( -2.712499999999999500, -1.249999999999999800, 0.7216878364870323900 ) ) ;
#2170 = CARTESIAN_POINT ( 'NONE',  ( 6.126346189432332800, -0.3349364905389028400, 1.250000000000000200 ) ) ;
#2171 = CARTESIAN_POINT ( 'NONE',  ( -6.724999999999999600, 0.9577164262227499900, 0.0000000000000000000 ) ) ;
#2172 =( BOUNDED_CURVE ( )  B_SPLINE_CURVE ( 2, ( #2122, #12, #4310, #1028, #3584, #4653, #1423, #3964, #2876 ),
 .UNSPECIFIED., .F., .F. ) 
 B_SPLINE_CURVE_WITH_KNOTS ( ( 3, 2, 2, 2, 3 ),
 ( 0.4750000000000000300, 0.4833333333333333400, 0.5000000000000000000, 0.5166666666666667200, 0.5250000000000000200 ),
 .UNSPECIFIED. ) 
 CURVE ( )  GEOMETRIC_REPRESENTATION_ITEM ( )  RATIONAL_B_SPLINE_CURVE ( ( 0.9330127018922194100, 0.9330127018922196300, 1.000000000000000000, 0.8660254037844387100, 1.000000000000000000, 0.8660254037844387100, 1.000000000000000000, 0.9330127018922194100, 0.9330127018922194100 ) ) 
 REPRESENTATION_ITEM ( '' )  );
#2173 = CARTESIAN_POINT ( 'NONE',  ( 6.424999999999999800, -0.4788582131113757200, 0.8294067547305469200 ) ) ;
#2174 = CARTESIAN_POINT ( 'NONE',  ( 3.143750000000000700, 0.4788582131113746100, 0.8294067547305475900 ) ) ;
#2175 = CARTESIAN_POINT ( 'NONE',  ( -5.712499999999999500, -4.938688641342514700E-016, -1.249999999999999800 ) ) ;
#2176 = ORIENTED_EDGE ( 'NONE', *, *, #55, .T. ) ;
#2177 = CARTESIAN_POINT ( 'NONE',  ( 5.899999999999999500, -0.6249999999999996700, -1.082531754730548400 ) ) ;
#2178 = DIRECTION ( 'NONE',  ( 0.0000000000000000000, 0.0000000000000000000, 1.000000000000000000 ) ) ;
#2179 = ORIENTED_EDGE ( 'NONE', *, *, #2275, .T. ) ;
#2180 = CARTESIAN_POINT ( 'NONE',  ( -2.974999999999999200, -0.4788582131113747800, 0.8294067547305465900 ) ) ;
#2181 = FACE_OUTER_BOUND ( 'NONE', #4535, .T. ) ;
#2182 = CARTESIAN_POINT ( 'NONE',  ( -5.543749999999999300, -0.9577164262227499900, 1.172864355864533000E-016 ) ) ;
#2183 = CARTESIAN_POINT ( 'NONE',  ( -2.487499999999998900, -0.9577164262227497700, 0.5529378364870313200 ) ) ;
#2184 = CARTESIAN_POINT ( 'NONE',  ( -5.187499999999999100, -0.9577164262227497700, 0.5529378364870313200 ) ) ;
#2185 = CARTESIAN_POINT ( 'NONE',  ( -3.875000000000000000, 0.6249999999999990000, -1.082531754730548600 ) ) ;
#2186 = AXIS2_PLACEMENT_3D ( 'NONE', #2955, #3283, #776 ) ;
#2187 = CARTESIAN_POINT ( 'NONE',  ( -5.449999999999999300, 0.4788582131113742800, -0.8294067547305469200 ) ) ;
#2188 = CARTESIAN_POINT ( 'NONE',  ( -2.918750000000000200, 0.6249999999999990000, -1.082531754730548600 ) ) ;
#2189 = VERTEX_POINT ( 'NONE', #1203 ) ;
#2190 = DIRECTION ( 'NONE',  ( 0.0000000000000000000, 0.0000000000000000000, -1.000000000000000000 ) ) ;
#2192 = ORIENTED_EDGE ( 'NONE', *, *, #1426, .F. ) ;
#2191 = CARTESIAN_POINT ( 'NONE',  ( 6.462499999999999500, 1.250000000000000000, -0.7216878364870320500 ) ) ;
#2193 = CARTESIAN_POINT ( 'NONE',  ( 3.631250000000000500, -2.031460654743916600E-016, 1.105875672974062900 ) ) ;
#2194 = CARTESIAN_POINT ( 'NONE',  ( -5.599999999999999600, 1.249999999999999800, 0.0000000000000000000 ) ) ;
#2195 = CARTESIAN_POINT ( 'NONE',  ( 4.025000000000000400, -1.250000000000000000, -1.530808498934191600E-016 ) ) ;
#2196 = CARTESIAN_POINT ( 'NONE',  ( 4.326346189432333800, -0.3349364905389017300, 1.250000000000001100 ) ) ;
#2197 = CARTESIAN_POINT ( 'NONE',  ( 3.050000000000000300, 0.0000000000000000000, 0.0000000000000000000 ) ) ;
#2198 = AXIS2_PLACEMENT_3D ( 'NONE', #33, #2964, #2300 ) ;
#2199 = ORIENTED_EDGE ( 'NONE', *, *, #3317, .F. ) ;
#2200 = CARTESIAN_POINT ( 'NONE',  ( -6.031249999999999100, -0.9577164262227497700, 0.5529378364870313200 ) ) ;
#2201 = DIRECTION ( 'NONE',  ( -1.000000000000000000, -0.0000000000000000000, -0.0000000000000000000 ) ) ;
#2202 = CARTESIAN_POINT ( 'NONE',  ( -2.412499999999999600, 1.250000000000000000, 0.7216878364870319400 ) ) ;
#2203 = VERTEX_POINT ( 'NONE', #1589 ) ;
#2204 = CARTESIAN_POINT ( 'NONE',  ( -5.974999999999999600, -0.4788582131113754400, -0.8294067547305463700 ) ) ;
#2205 = CARTESIAN_POINT ( 'NONE',  ( -2.618750000000000400, -1.249999999999999800, 1.530808498934191300E-016 ) ) ;
#2206 = CARTESIAN_POINT ( 'NONE',  ( -2.976346189432334200, -0.3349364905389037300, -1.249999999999999600 ) ) ;
#2207 =( BOUNDED_CURVE ( )  B_SPLINE_CURVE ( 2, ( #1662, #4191, #943, #3503, #3843, #1681, #2524, #1758, #3901 ),
 .UNSPECIFIED., .F., .F. ) 
 B_SPLINE_CURVE_WITH_KNOTS ( ( 3, 2, 2, 2, 3 ),
 ( 0.1250000000000000000, 0.1333333333333333300, 0.1499999999999999900, 0.1666666666666666600, 0.1749999999999999900 ),
 .UNSPECIFIED. ) 
 CURVE ( )  GEOMETRIC_REPRESENTATION_ITEM ( )  RATIONAL_B_SPLINE_CURVE ( ( 0.9330127018922194100, 0.9330127018922194100, 1.000000000000000000, 0.8660254037844387100, 1.000000000000000000, 0.8660254037844387100, 1.000000000000000000, 0.9330127018922194100, 0.9330127018922194100 ) ) 
 REPRESENTATION_ITEM ( '' )  );
#2208 = CARTESIAN_POINT ( 'NONE',  ( 4.718750000000000900, -0.4788582131113751100, -0.8294067547305472600 ) ) ;
#2209 = CARTESIAN_POINT ( 'NONE',  ( 2.849038105676659200, 1.299038105676657600, 2.250000000000000900 ) ) ;
#2210 = CARTESIAN_POINT ( 'NONE',  ( 4.793749999999999300, -0.6250000000000005600, 1.082531754730548200 ) ) ;
#2211 = DIRECTION ( 'NONE',  ( -1.000000000000000000, -0.0000000000000000000, -0.0000000000000000000 ) ) ;
#2212 = LINE ( 'NONE', #3099, #1127 ) ;
#2213 = CARTESIAN_POINT ( 'NONE',  ( -4.681249999999999500, -0.9577164262227497700, 0.5529378364870313200 ) ) ;
#2214 = AXIS2_PLACEMENT_3D ( 'NONE', #1501, #3675, #2569 ) ;
#2215 = CARTESIAN_POINT ( 'NONE',  ( -2.600000000000000100, 0.4788582131113751100, 0.8294067547305464800 ) ) ;
#2216 = DIRECTION ( 'NONE',  ( 0.0000000000000000000, 0.0000000000000000000, -1.000000000000000000 ) ) ;
#2217 = ORIENTED_EDGE ( 'NONE', *, *, #863, .F. ) ;
#2218 = CARTESIAN_POINT ( 'NONE',  ( 4.132323573777248300, 0.8265807605201338500, -0.9376909119416467800 ) ) ;
#2219 = CARTESIAN_POINT ( 'NONE',  ( -6.312500000000000900, 0.9577164262227496600, -0.5529378364870315400 ) ) ;
#2220 = CARTESIAN_POINT ( 'NONE',  ( -2.768750000000000300, 0.6250000000000000000, 1.082531754730548200 ) ) ;
#2221 = ORIENTED_EDGE ( 'NONE', *, *, #1327, .T. ) ;
#2222 = CARTESIAN_POINT ( 'NONE',  ( 5.168749999999999300, -0.4788582131113751100, -0.8294067547305472600 ) ) ;
#2223 = CARTESIAN_POINT ( 'NONE',  ( -6.886327469351681600, 0.8137911558613639700, 0.9735331300733688400 ) ) ;
#2224 = CARTESIAN_POINT ( 'NONE',  ( -3.181249999999999900, 1.743066579297358300E-016, 1.249999999999999600 ) ) ;
#2225 = ORIENTED_EDGE ( 'NONE', *, *, #4142, .T. ) ;
#2226 = VERTEX_POINT ( 'NONE', #4098 ) ;
#2227 = CARTESIAN_POINT ( 'NONE',  ( -3.781249999999999600, -0.9577164262227497700, 0.5529378364870313200 ) ) ;
#2228 = CARTESIAN_POINT ( 'NONE',  ( -3.068749999999999600, 0.9577164262227499900, 0.0000000000000000000 ) ) ;
#2229 = CARTESIAN_POINT ( 'NONE',  ( 4.793750000000000200, 0.4788582131113754400, -0.8294067547305471500 ) ) ;
#2230 = CARTESIAN_POINT ( 'NONE',  ( -2.299999999999999800, -0.6249999999999995600, 1.082531754730548400 ) ) ;
#2231 = VERTEX_POINT ( 'NONE', #2669 ) ;
#2232 =( BOUNDED_SURFACE ( )  B_SPLINE_SURFACE ( 1, 2, ( 
 ( #4202, #4565, #3409, #1270, #882, #1965, #4480, #3435, #1239, #3750, #911, #1643, #896, #125, #4495, #3774, #4133, #2730, #2347, #2673, #3082, #1581, #546, #1610, #2316, #4509, #137, #4120, #500, #4173, #164, #3451, #178, #2688, #1949, #1256, #3097, #3762, #3054, #3793, #1935, #561, #3037, #857, #870, #4160, #1207, #4149, #3421, #1979, #1225, #151, #2713, #2331, #2701, #4521, #2282, #2807, #3489, #907, #4533, #1974, #3093, #606, #1251, #3446, #224, #3462, #2774, #1654, #3513, #1315, #2727, #892, #4185, #2357, #4168, #3788, #175, #3139, #3834, #186, #4157, #955, #4547, #1605, #2005, #2391, #1960, #4144, #205, #1990, #1266, #2343, #4518, #2758, #4201, #1298, #1620, #4504, #587, #160, #2710, #556, #3124, #541, #938, #3804, #1640, #2025, #3493, #3077, #2373, #1673, #2742, #3476, #573, #3106, #922, #1281, #3818, #4564, #2410, #1375, #3911, #3541, #3232, #2040, #2430 ),
 ( #2463, #2080, #2793, #4651, #689, #4631, #3598, #1353, #2828, #3174, #1750, #1735, #3855, #2099, #623, #4272, #654, #1334, #3561, #3872, #3157, #4220, #2501, #1009, #2484, #3927, #3529, #637, #298, #2120, #2810, #1701, #2846, #970, #4289, #318, #4581, #4596, #675, #2861, #275, #243, #3214, #4236, #3894, #3194, #1690, #2060, #2446, #1043, #1716, #1026, #259, #3582, #989, #4614, #4253, #1389, #399, #1057, #3251, #40, #2892, #2579, #1453, #3314, #1117, #2533, #707, #3992, #2151, #3979, #3614, #4681, #2940, #3656, #10, #3963, #762, #4357, #1402, #1810, #2185, #1767, #3945, #23, #1794, #3267, #2135, #4325, #2565, #4009, #1102, #1422, #4307, #383, #4666, #2519, #351, #2921, #334, #751, #722, #1072, #1822, #3301, #2873, #3633, #1467, #1780, #3284, #1436, #4339, #2169, #2551, #365, #2910, #738, #3645, #4371, #1087, #2202, #1481, #4020, #2230, #2956, #3328, #1839, #777 ) ),
 .UNSPECIFIED., .F., .F., .F. ) 
 B_SPLINE_SURFACE_WITH_KNOTS ( ( 2, 2 ),
 ( 3, 2, 2, 2, 2, 2, 2, 2, 2, 2, 2, 2, 2, 2, 2, 2, 2, 2, 2, 2, 2, 2, 2, 2, 2, 2, 2, 2, 2, 2, 2, 2, 2, 2, 2, 2, 2, 2, 2, 2, 2, 2, 2, 2, 2, 2, 2, 2, 2, 2, 2, 2, 2, 2, 2, 2, 2, 2, 2, 2, 2, 2, 2, 2, 3 ),
 ( 0.0000000000000000000, 1.000000000000000000 ),
 ( 0.0000000000000000000, 0.01515151515151515200, 0.03030303030303030400, 0.04545454545454545600, 0.06060606060606060800, 0.07575757575757576000, 0.09090909090909091200, 0.1060606060606060600, 0.1212121212121212200, 0.1363636363636363500, 0.1515151515151515200, 0.1666666666666666600, 0.1818181818181818200, 0.1969696969696969600, 0.2121212121212121300, 0.2272727272727272700, 0.2424242424242424300, 0.2575757575757575700, 0.2727272727272727100, 0.2878787878787879000, 0.3030303030303030400, 0.3181818181818181800, 0.3333333333333333100, 0.3484848484848485100, 0.3636363636363636500, 0.3787878787878787800, 0.3939393939393939200, 0.4090909090909091200, 0.4242424242424242500, 0.4393939393939393900, 0.4545454545454545300, 0.4696969696969697200, 0.4848484848484848600, 0.5000000000000000000, 0.5151515151515151400, 0.5303030303030302800, 0.5454545454545454100, 0.5606060606060605500, 0.5757575757575758000, 0.5909090909090909400, 0.6060606060606060800, 0.6212121212121212200, 0.6363636363636363500, 0.6515151515151514900, 0.6666666666666666300, 0.6818181818181817700, 0.6969696969696970200, 0.7121212121212121500, 0.7272727272727272900, 0.7424242424242424300, 0.7575757575757575700, 0.7727272727272727100, 0.7878787878787878500, 0.8030303030303029800, 0.8181818181818182300, 0.8333333333333333700, 0.8484848484848485100, 0.8636363636363636500, 0.8787878787878787800, 0.8939393939393939200, 0.9090909090909090600, 0.9242424242424242000, 0.9393939393939394500, 0.9545454545454545900, 0.9696969696969697200 ),
 .UNSPECIFIED. ) 
 GEOMETRIC_REPRESENTATION_ITEM ( )  RATIONAL_B_SPLINE_SURFACE ( (
 ( 1.000000000000000000, 0.8660254037844387100, 1.000000000000000000, 0.8660254037844387100, 1.000000000000000000, 0.8660254037844387100, 1.000000000000000000, 0.8660254037844387100, 1.000000000000000000, 0.8660254037844387100, 1.000000000000000000, 0.8660254037844387100, 1.000000000000000000, 0.8660254037844387100, 1.000000000000000000, 0.8660254037844387100, 1.000000000000000000, 0.8660254037844387100, 1.000000000000000000, 0.8660254037844387100, 1.000000000000000000, 0.8660254037844387100, 1.000000000000000000, 0.8660254037844387100, 1.000000000000000000, 0.8660254037844387100, 1.000000000000000000, 0.8660254037844387100, 1.000000000000000000, 0.8660254037844387100, 1.000000000000000000, 0.8660254037844387100, 1.000000000000000000, 0.8660254037844387100, 1.000000000000000000, 0.8660254037844387100, 1.000000000000000000, 0.8660254037844387100, 1.000000000000000000, 0.8660254037844387100, 1.000000000000000000, 0.8660254037844387100, 1.000000000000000000, 0.8660254037844387100, 1.000000000000000000, 0.8660254037844387100, 1.000000000000000000, 0.8660254037844387100, 1.000000000000000000, 0.8660254037844387100, 1.000000000000000000, 0.8660254037844387100, 1.000000000000000000, 0.8660254037844387100, 1.000000000000000000, 0.8660254037844387100, 1.000000000000000000, 0.8660254037844387100, 1.000000000000000000, 0.8660254037844387100, 1.000000000000000000, 0.8660254037844387100, 1.000000000000000000, 0.8660254037844387100, 1.000000000000000000, 0.8660254037844387100, 1.000000000000000000, 0.8660254037844387100, 1.000000000000000000, 0.8660254037844387100, 1.000000000000000000, 0.8660254037844387100, 1.000000000000000000, 0.8660254037844387100, 1.000000000000000000, 0.8660254037844387100, 1.000000000000000000, 0.8660254037844387100, 1.000000000000000000, 0.8660254037844387100, 1.000000000000000000, 0.8660254037844387100, 1.000000000000000000, 0.8660254037844387100, 1.000000000000000000, 0.8660254037844387100, 1.000000000000000000, 0.8660254037844387100, 1.000000000000000000, 0.8660254037844387100, 1.000000000000000000, 0.8660254037844387100, 1.000000000000000000, 0.8660254037844387100, 1.000000000000000000, 0.8660254037844387100, 1.000000000000000000, 0.8660254037844387100, 1.000000000000000000, 0.8660254037844387100, 1.000000000000000000, 0.8660254037844387100, 1.000000000000000000, 0.8660254037844387100, 1.000000000000000000, 0.8660254037844387100, 1.000000000000000000, 0.8660254037844387100, 1.000000000000000000, 0.8660254037844387100, 1.000000000000000000, 0.8660254037844387100, 1.000000000000000000, 0.8660254037844387100, 1.000000000000000000, 0.8660254037844387100, 1.000000000000000000, 0.8660254037844387100, 1.000000000000000000, 0.8660254037844387100, 1.000000000000000000, 0.8660254037844387100, 1.000000000000000000, 0.8660254037844387100, 1.000000000000000000, 0.8660254037844387100, 1.000000000000000000, 0.8660254037844387100, 1.000000000000000000),
 ( 1.000000000000000000, 0.8660254037844387100, 1.000000000000000000, 0.8660254037844387100, 1.000000000000000000, 0.8660254037844387100, 1.000000000000000000, 0.8660254037844387100, 1.000000000000000000, 0.8660254037844387100, 1.000000000000000000, 0.8660254037844387100, 1.000000000000000000, 0.8660254037844387100, 1.000000000000000000, 0.8660254037844387100, 1.000000000000000000, 0.8660254037844387100, 1.000000000000000000, 0.8660254037844387100, 1.000000000000000000, 0.8660254037844387100, 1.000000000000000000, 0.8660254037844387100, 1.000000000000000000, 0.8660254037844387100, 1.000000000000000000, 0.8660254037844387100, 1.000000000000000000, 0.8660254037844387100, 1.000000000000000000, 0.8660254037844387100, 1.000000000000000000, 0.8660254037844387100, 1.000000000000000000, 0.8660254037844387100, 1.000000000000000000, 0.8660254037844387100, 1.000000000000000000, 0.8660254037844387100, 1.000000000000000000, 0.8660254037844387100, 1.000000000000000000, 0.8660254037844387100, 1.000000000000000000, 0.8660254037844387100, 1.000000000000000000, 0.8660254037844387100, 1.000000000000000000, 0.8660254037844387100, 1.000000000000000000, 0.8660254037844387100, 1.000000000000000000, 0.8660254037844387100, 1.000000000000000000, 0.8660254037844387100, 1.000000000000000000, 0.8660254037844387100, 1.000000000000000000, 0.8660254037844387100, 1.000000000000000000, 0.8660254037844387100, 1.000000000000000000, 0.8660254037844387100, 1.000000000000000000, 0.8660254037844387100, 1.000000000000000000, 0.8660254037844387100, 1.000000000000000000, 0.8660254037844387100, 1.000000000000000000, 0.8660254037844387100, 1.000000000000000000, 0.8660254037844387100, 1.000000000000000000, 0.8660254037844387100, 1.000000000000000000, 0.8660254037844387100, 1.000000000000000000, 0.8660254037844387100, 1.000000000000000000, 0.8660254037844387100, 1.000000000000000000, 0.8660254037844387100, 1.000000000000000000, 0.8660254037844387100, 1.000000000000000000, 0.8660254037844387100, 1.000000000000000000, 0.8660254037844387100, 1.000000000000000000, 0.8660254037844387100, 1.000000000000000000, 0.8660254037844387100, 1.000000000000000000, 0.8660254037844387100, 1.000000000000000000, 0.8660254037844387100, 1.000000000000000000, 0.8660254037844387100, 1.000000000000000000, 0.8660254037844387100, 1.000000000000000000, 0.8660254037844387100, 1.000000000000000000, 0.8660254037844387100, 1.000000000000000000, 0.8660254037844387100, 1.000000000000000000, 0.8660254037844387100, 1.000000000000000000, 0.8660254037844387100, 1.000000000000000000, 0.8660254037844387100, 1.000000000000000000, 0.8660254037844387100, 1.000000000000000000, 0.8660254037844387100, 1.000000000000000000, 0.8660254037844387100, 1.000000000000000000, 0.8660254037844387100, 1.000000000000000000, 0.8660254037844387100, 1.000000000000000000, 0.8660254037844387100, 1.000000000000000000, 0.8660254037844387100, 1.000000000000000000) ) ) 
 REPRESENTATION_ITEM ( '' )  SURFACE ( )  );
#2233 = LINE ( 'NONE', #2950, #1146 ) ;
#2234 = CARTESIAN_POINT ( 'NONE',  ( -6.162499999999999600, 6.771535515813051300E-017, 1.105875672974062000 ) ) ;
#2235 = EDGE_CURVE ( 'NONE', #1786, #2285, #61, .T. ) ;
#2236 = CARTESIAN_POINT ( 'NONE',  ( 4.362499999999999800, 6.771535515813057500E-017, -1.105875672974062900 ) ) ;
#2237 = ORIENTED_EDGE ( 'NONE', *, *, #3471, .F. ) ;
#2238 = LINE ( 'NONE', #1996, #3090 ) ;
#2239 = CARTESIAN_POINT ( 'NONE',  ( -6.860083767412379400, -2.849725024938423400E-011, 1.210883767412380500 ) ) ;
#2240 = DIRECTION ( 'NONE',  ( -1.000000000000000000, -0.0000000000000000000, -0.0000000000000000000 ) ) ;
#2241 = DIRECTION ( 'NONE',  ( 0.0000000000000000000, 0.0000000000000000000, 1.000000000000000000 ) ) ;
#2242 = CARTESIAN_POINT ( 'NONE',  ( -4.868749999999999500, -1.249999999999999800, 1.530808498934191300E-016 ) ) ;
#2243 = CARTESIAN_POINT ( 'NONE',  ( -3.256249999999999600, -0.9577164262227502200, -0.5529378364870306500 ) ) ;
#2244 = CARTESIAN_POINT ( 'NONE',  ( -3.706249999999999400, -0.9577164262227502200, -0.5529378364870306500 ) ) ;
#2245 = CARTESIAN_POINT ( 'NONE',  ( 5.881250000000000500, -2.031460654743916600E-016, 1.105875672974062900 ) ) ;
#2246 = EDGE_CURVE ( 'NONE', #4617, #1565, #3487, .T. ) ;
#2247 = CARTESIAN_POINT ( 'NONE',  ( -5.037499999999999600, -2.031460654743915200E-016, -1.105875672974062000 ) ) ;
#2248 = ORIENTED_EDGE ( 'NONE', *, *, #4280, .T. ) ;
#2249 = DIRECTION ( 'NONE',  ( 0.0000000000000000000, 0.0000000000000000000, -1.000000000000000000 ) ) ;
#2250 = CARTESIAN_POINT ( 'NONE',  ( 3.875000000000000400, -0.4788582131113751100, -0.8294067547305472600 ) ) ;
#2251 = ORIENTED_EDGE ( 'NONE', *, *, #2387, .T. ) ;
#2252 = APPLICATION_PROTOCOL_DEFINITION ( 'international standard', 'config_control_design', 1994, #4087 ) ;
#2253 = CARTESIAN_POINT ( 'NONE',  ( 4.925000000000000700, 0.9577164262227506600, 0.0000000000000000000 ) ) ;
#2254 = CARTESIAN_POINT ( 'NONE',  ( -4.568749999999999600, -0.4788582131113754400, -0.8294067547305463700 ) ) ;
#2255 = CARTESIAN_POINT ( 'NONE',  ( -4.156249999999999100, -0.9577164262227502200, -0.5529378364870306500 ) ) ;
#2256 = CARTESIAN_POINT ( 'NONE',  ( 6.181250000000002100, 0.9577164262227506600, -0.5529378364870313200 ) ) ;
#2257 = CARTESIAN_POINT ( 'NONE',  ( 3.858770018230707400, -0.6861078149480127600, -0.7097511413207217000 ) ) ;
#2258 =( BOUNDED_SURFACE ( )  B_SPLINE_SURFACE ( 1, 2, ( 
 ( #966, #668, #4197, #1729, #2092, #3576, #3852, #2477, #648, #1307, #3537, #4591, #289, #2787, #269, #3207, #2405, #2803, #3185, #1698, #3521, #254, #1385, #1668, #1329, #2055, #4266, #3152, #2821, #1002, #2441, #4231, #2016, #1686, #2424, #3904, #4214, #3171, #982, #4249, #1345, #4558, #3885, #218, #1709, #2073, #3134, #4607, #2454, #3553, #2770, #600, #946, #4575, #48, #2980, #3411, #1195, #3006, #3397, #2253, #1535, #141, #2691, #2661, #1877, #128, #3753, #831, #3741, #1522, #2287, #3023, #2676, #466, #4106, #859, #2633, #1922, #4453, #1893, #3381, #516, #3412, #99, #483, #4422, #3057, #1568, #3423, #1229, #2648, #814, #4467, #2271, #114, #2304, #502, #4076, #3040, #1583, #3728, #1211, #1938, #4122, #1181, #4482, #2319, #873, #4062, #86, #451, #2992, #3368, #1166, #3714, #4435 ),
 ( #1550, #4090, #1910, #845, #1612, #4510, #4151, #2705, #3071, #2350, #166, #532, #3776, #884, #3766, #4498, #1968, #1597, #4137, #3439, #1242, #1952, #2334, #153, #3821, #3109, #2393, #227, #206, #3874, #2796, #2776, #4223, #2043, #924, #2745, #4566, #2448, #1993, #4203, #957, #4550, #1300, #639, #2760, #3807, #4584, #626, #609, #2377, #246, #1656, #1703, #4188, #3516, #4238, #3126, #576, #3479, #2433, #2413, #2008, #3176, #2064, #1284, #1642, #993, #589, #3495, #262, #1267, #940, #3836, #3161, #973, #2812, #3857, #3531, #1318, #2027, #1336, #4598, #1676, #3142, #4171, #4534, #1692, #190, #3913, #4618, #1377, #1737, #278, #3543, #2101, #3896, #1011, #4255, #1356, #1719, #3565, #2082, #4634, #2465, #2830, #657, #3196, #4275, #613, #234, #4226, #4587, #964, #4539, #2051, #1629, #4212 ) ),
 .UNSPECIFIED., .F., .F., .F. ) 
 B_SPLINE_SURFACE_WITH_KNOTS ( ( 2, 2 ),
 ( 3, 2, 2, 2, 2, 2, 2, 2, 2, 2, 2, 2, 2, 2, 2, 2, 2, 2, 2, 2, 2, 2, 2, 2, 2, 2, 2, 2, 2, 2, 2, 2, 2, 2, 2, 2, 2, 2, 2, 2, 2, 2, 2, 2, 2, 2, 2, 2, 2, 2, 2, 2, 2, 2, 2, 2, 2, 2, 3 ),
 ( 0.0000000000000000000, 1.000000000000000000 ),
 ( 0.0000000000000000000, 0.01666666666666666600, 0.03333333333333333300, 0.05000000000000000300, 0.06666666666666666600, 0.08333333333333332900, 0.1000000000000000100, 0.1166666666666666700, 0.1333333333333333300, 0.1499999999999999900, 0.1666666666666666600, 0.1833333333333333200, 0.2000000000000000100, 0.2166666666666666700, 0.2333333333333333400, 0.2500000000000000000, 0.2666666666666666600, 0.2833333333333333300, 0.2999999999999999900, 0.3166666666666666500, 0.3333333333333333100, 0.3499999999999999800, 0.3666666666666666400, 0.3833333333333333600, 0.4000000000000000200, 0.4166666666666666900, 0.4333333333333333500, 0.4500000000000000100, 0.4666666666666666700, 0.4833333333333333400, 0.5000000000000000000, 0.5166666666666667200, 0.5333333333333333300, 0.5500000000000000400, 0.5666666666666666500, 0.5833333333333333700, 0.5999999999999999800, 0.6166666666666667000, 0.6333333333333333000, 0.6500000000000000200, 0.6666666666666666300, 0.6833333333333333500, 0.6999999999999999600, 0.7166666666666666700, 0.7333333333333332800, 0.7500000000000000000, 0.7666666666666667200, 0.7833333333333333300, 0.8000000000000000400, 0.8166666666666666500, 0.8333333333333333700, 0.8499999999999999800, 0.8666666666666667000, 0.8833333333333333000, 0.9000000000000000200, 0.9166666666666666300, 0.9333333333333333500, 0.9499999999999999600, 0.9666666666666666700 ),
 .UNSPECIFIED. ) 
 GEOMETRIC_REPRESENTATION_ITEM ( )  RATIONAL_B_SPLINE_SURFACE ( (
 ( 1.000000000000000000, 0.8660254037844387100, 1.000000000000000000, 0.8660254037844387100, 1.000000000000000000, 0.8660254037844387100, 1.000000000000000000, 0.8660254037844387100, 1.000000000000000000, 0.8660254037844387100, 1.000000000000000000, 0.8660254037844387100, 1.000000000000000000, 0.8660254037844387100, 1.000000000000000000, 0.8660254037844387100, 1.000000000000000000, 0.8660254037844387100, 1.000000000000000000, 0.8660254037844387100, 1.000000000000000000, 0.8660254037844387100, 1.000000000000000000, 0.8660254037844387100, 1.000000000000000000, 0.8660254037844387100, 1.000000000000000000, 0.8660254037844387100, 1.000000000000000000, 0.8660254037844387100, 1.000000000000000000, 0.8660254037844387100, 1.000000000000000000, 0.8660254037844387100, 1.000000000000000000, 0.8660254037844387100, 1.000000000000000000, 0.8660254037844387100, 1.000000000000000000, 0.8660254037844387100, 1.000000000000000000, 0.8660254037844387100, 1.000000000000000000, 0.8660254037844387100, 1.000000000000000000, 0.8660254037844387100, 1.000000000000000000, 0.8660254037844387100, 1.000000000000000000, 0.8660254037844387100, 1.000000000000000000, 0.8660254037844387100, 1.000000000000000000, 0.8660254037844387100, 1.000000000000000000, 0.8660254037844387100, 1.000000000000000000, 0.8660254037844387100, 1.000000000000000000, 0.8660254037844387100, 1.000000000000000000, 0.8660254037844387100, 1.000000000000000000, 0.8660254037844387100, 1.000000000000000000, 0.8660254037844387100, 1.000000000000000000, 0.8660254037844387100, 1.000000000000000000, 0.8660254037844387100, 1.000000000000000000, 0.8660254037844387100, 1.000000000000000000, 0.8660254037844387100, 1.000000000000000000, 0.8660254037844387100, 1.000000000000000000, 0.8660254037844387100, 1.000000000000000000, 0.8660254037844387100, 1.000000000000000000, 0.8660254037844387100, 1.000000000000000000, 0.8660254037844387100, 1.000000000000000000, 0.8660254037844387100, 1.000000000000000000, 0.8660254037844387100, 1.000000000000000000, 0.8660254037844387100, 1.000000000000000000, 0.8660254037844387100, 1.000000000000000000, 0.8660254037844387100, 1.000000000000000000, 0.8660254037844387100, 1.000000000000000000, 0.8660254037844387100, 1.000000000000000000, 0.8660254037844387100, 1.000000000000000000, 0.8660254037844387100, 1.000000000000000000, 0.8660254037844387100, 1.000000000000000000, 0.8660254037844387100, 1.000000000000000000, 0.8660254037844387100, 1.000000000000000000, 0.8660254037844387100, 1.000000000000000000, 0.8660254037844387100, 1.000000000000000000, 0.8660254037844387100, 1.000000000000000000, 0.8660254037844387100, 1.000000000000000000),
 ( 1.000000000000000000, 0.8660254037844387100, 1.000000000000000000, 0.8660254037844387100, 1.000000000000000000, 0.8660254037844387100, 1.000000000000000000, 0.8660254037844387100, 1.000000000000000000, 0.8660254037844387100, 1.000000000000000000, 0.8660254037844387100, 1.000000000000000000, 0.8660254037844387100, 1.000000000000000000, 0.8660254037844387100, 1.000000000000000000, 0.8660254037844387100, 1.000000000000000000, 0.8660254037844387100, 1.000000000000000000, 0.8660254037844387100, 1.000000000000000000, 0.8660254037844387100, 1.000000000000000000, 0.8660254037844387100, 1.000000000000000000, 0.8660254037844387100, 1.000000000000000000, 0.8660254037844387100, 1.000000000000000000, 0.8660254037844387100, 1.000000000000000000, 0.8660254037844387100, 1.000000000000000000, 0.8660254037844387100, 1.000000000000000000, 0.8660254037844387100, 1.000000000000000000, 0.8660254037844387100, 1.000000000000000000, 0.8660254037844387100, 1.000000000000000000, 0.8660254037844387100, 1.000000000000000000, 0.8660254037844387100, 1.000000000000000000, 0.8660254037844387100, 1.000000000000000000, 0.8660254037844387100, 1.000000000000000000, 0.8660254037844387100, 1.000000000000000000, 0.8660254037844387100, 1.000000000000000000, 0.8660254037844387100, 1.000000000000000000, 0.8660254037844387100, 1.000000000000000000, 0.8660254037844387100, 1.000000000000000000, 0.8660254037844387100, 1.000000000000000000, 0.8660254037844387100, 1.000000000000000000, 0.8660254037844387100, 1.000000000000000000, 0.8660254037844387100, 1.000000000000000000, 0.8660254037844387100, 1.000000000000000000, 0.8660254037844387100, 1.000000000000000000, 0.8660254037844387100, 1.000000000000000000, 0.8660254037844387100, 1.000000000000000000, 0.8660254037844387100, 1.000000000000000000, 0.8660254037844387100, 1.000000000000000000, 0.8660254037844387100, 1.000000000000000000, 0.8660254037844387100, 1.000000000000000000, 0.8660254037844387100, 1.000000000000000000, 0.8660254037844387100, 1.000000000000000000, 0.8660254037844387100, 1.000000000000000000, 0.8660254037844387100, 1.000000000000000000, 0.8660254037844387100, 1.000000000000000000, 0.8660254037844387100, 1.000000000000000000, 0.8660254037844387100, 1.000000000000000000, 0.8660254037844387100, 1.000000000000000000, 0.8660254037844387100, 1.000000000000000000, 0.8660254037844387100, 1.000000000000000000, 0.8660254037844387100, 1.000000000000000000, 0.8660254037844387100, 1.000000000000000000, 0.8660254037844387100, 1.000000000000000000, 0.8660254037844387100, 1.000000000000000000, 0.8660254037844387100, 1.000000000000000000, 0.8660254037844387100, 1.000000000000000000) ) ) 
 REPRESENTATION_ITEM ( '' )  SURFACE ( )  );
#2259 = FACE_OUTER_BOUND ( 'NONE', #2417, .T. ) ;
#2260 = CARTESIAN_POINT ( 'NONE',  ( 2.910229930904659800, 2.492088861051976200, 0.1835754756815226600 ) ) ;
#2261 = CARTESIAN_POINT ( 'NONE',  ( -5.749999999999999100, 0.4788582131113751100, 0.8294067547305464800 ) ) ;
#2262 = APPROVAL_DATE_TIME ( #209, #4611 ) ;
#2263 = CARTESIAN_POINT ( 'NONE',  ( 2.937499999999999600, -0.9577164262227504400, -0.5529378364870317600 ) ) ;
#2264 = AXIS2_PLACEMENT_3D ( 'NONE', #3222, #1364, #3919 ) ;
#2265 = ORIENTED_EDGE ( 'NONE', *, *, #2070, .T. ) ;
#2266 = CYLINDRICAL_SURFACE ( 'NONE', #548, 1.250000000000000000 ) ;
#2267 = CARTESIAN_POINT ( 'NONE',  ( -6.743749999999999500, -0.6249999999999995600, 1.082531754730548400 ) ) ;
#2268 = LOCAL_TIME ( 20, 25, 45.00000000000000000, #4135 ) ;
#2269 = APPLICATION_PROTOCOL_DEFINITION ( 'international standard', 'config_control_design', 1994, #435 ) ;
#2270 = CARTESIAN_POINT ( 'NONE',  ( -4.999999999999999100, 0.4788582131113742800, -0.8294067547305469200 ) ) ;
#2271 = CARTESIAN_POINT ( 'NONE',  ( 3.650000000000000400, 0.4788582131113746100, 0.8294067547305475900 ) ) ;
#2272 = CARTESIAN_POINT ( 'NONE',  ( -2.843750000000000000, -0.9577164262227499900, 1.172864355864533000E-016 ) ) ;
#2273 = AXIS2_PLACEMENT_3D ( 'NONE', #3320, #3292, #391 ) ;
#2274 = CARTESIAN_POINT ( 'NONE',  ( -5.056250000000000400, -0.9577164262227502200, -0.5529378364870306500 ) ) ;
#2275 = EDGE_CURVE ( 'NONE', #1370, #693, #1528, .T. ) ;
#2276 = CARTESIAN_POINT ( 'NONE',  ( 5.431250000000000400, -2.031460654743916600E-016, 1.105875672974062900 ) ) ;
#2277 = DIRECTION ( 'NONE',  ( 1.000000000000000000, 0.0000000000000000000, 0.0000000000000000000 ) ) ;
#2278 = CARTESIAN_POINT ( 'NONE',  ( 3.050000000000000300, 0.0000000000000000000, 0.0000000000000000000 ) ) ;
#2280 = VERTEX_POINT ( 'NONE', #2307 ) ;
#2279 = CARTESIAN_POINT ( 'NONE',  ( -5.712499999999999500, 6.771535515813051300E-017, 1.105875672974062000 ) ) ;
#2281 = CARTESIAN_POINT ( 'NONE',  ( 6.899053545773629300, -0.9577164262227505500, -0.07820083002082267600 ) ) ;
#2282 = CARTESIAN_POINT ( 'NONE',  ( -5.018749999999998900, -0.4788582131113754400, -0.8294067547305463700 ) ) ;
#2283 = PRODUCT_DEFINITION ( 'UNKNOWN', '', #2096, #4469 ) ;
#2284 = CARTESIAN_POINT ( 'NONE',  ( -2.750000000000000000, -0.6249999999999995600, 1.082531754730548400 ) ) ;
#2285 = VERTEX_POINT ( 'NONE', #2353 ) ;
#2286 = CARTESIAN_POINT ( 'NONE',  ( -6.087499999999999500, -0.9577164262227497700, 0.5529378364870313200 ) ) ;
#2287 = CARTESIAN_POINT ( 'NONE',  ( 4.512500000000000200, 0.9577164262227503300, 0.5529378364870319900 ) ) ;
#2288 = CARTESIAN_POINT ( 'NONE',  ( -2.318749999999999600, -0.4788582131113754400, -0.8294067547305463700 ) ) ;
#2289 = ORIENTED_EDGE ( 'NONE', *, *, #1170, .T. ) ;
#2290 = CYLINDRICAL_SURFACE ( 'NONE', #3491, 1.250000000000000000 ) ;
#2291 = CARTESIAN_POINT ( 'NONE',  ( 6.368750000000000400, -0.4788582131113757200, 0.8294067547305469200 ) ) ;
#2292 = CARTESIAN_POINT ( 'NONE',  ( 4.287499999999999600, -0.9577164262227504400, -0.5529378364870317600 ) ) ;
#2293 = CARTESIAN_POINT ( 'NONE',  ( -4.212499999999999500, -0.9577164262227502200, -0.5529378364870306500 ) ) ;
#2294 = LINE ( 'NONE', #893, #767 ) ;
#2295 = EDGE_CURVE ( 'NONE', #3169, #173, #3947, .T. ) ;
#2296 = CARTESIAN_POINT ( 'NONE',  ( 6.049999999999999800, 1.250000000000000000, 0.0000000000000000000 ) ) ;
#2297 = CARTESIAN_POINT ( 'NONE',  ( 3.650000000000000400, 0.4788582131113746100, 0.8294067547305475900 ) ) ;
#2298 = ORIENTED_EDGE ( 'NONE', *, *, #4588, .F. ) ;
#2299 = CARTESIAN_POINT ( 'NONE',  ( -6.620127303623303500, -1.764637028216163400E-012, 0.9709273036233038200 ) ) ;
#2300 = DIRECTION ( 'NONE',  ( 0.0000000000000000000, 0.0000000000000000000, -1.000000000000000000 ) ) ;
#2301 = ORIENTED_EDGE ( 'NONE', *, *, #3389, .F. ) ;
#2302 = AXIS2_PLACEMENT_3D ( 'NONE', #4196, #2015, #1647 ) ;
#2303 = CARTESIAN_POINT ( 'NONE',  ( -6.499999999999999100, -0.9577164262227499900, 1.172864355864533000E-016 ) ) ;
#2304 = CARTESIAN_POINT ( 'NONE',  ( 3.575000000000000200, 0.9577164262227506600, 0.0000000000000000000 ) ) ;
#2305 = CARTESIAN_POINT ( 'NONE',  ( -5.243750000000000400, -0.6250000000000004400, -1.082531754730548000 ) ) ;
#2306 = CARTESIAN_POINT ( 'NONE',  ( 2.909890482895496300, -1.088239287467910500, -2.250000000000001300 ) ) ;
#2307 = CARTESIAN_POINT ( 'NONE',  ( -6.749038105676658200, 2.598076211353316500, 8.695047892799115500E-016 ) ) ;
#2308 = CLOSED_SHELL ( 'NONE', ( #2804, #2664, #192, #3887, #1338, #3602, #2779, #2857, #619, #567, #4620, #2019, #3831, #3219, #850, #959, #2450, #1309, #2480, #219, #1392, #934, #2504, #3496, #2367, #4241, #3245, #330, #2396, #3163, #4648, #1415, #3915, #2831, #1678, #301, #2346, #3524, #4567, #2131, #591, #1012, #1625, #694, #1368, #2103, #2425, #112, #888, #3472, #4216, #2045, #985, #3783, #3578, #1769, #4670, #4267, #3136, #671, #3387, #470, #3189, #3859, #4592, #3941, #1039, #2877, #4292, #2075, #1556, #1905, #4102, #1747 ) ) ;
#2309 = ORIENTED_EDGE ( 'NONE', *, *, #2583, .F. ) ;
#2310 = CARTESIAN_POINT ( 'NONE',  ( -3.949999999999999700, 0.4788582131113751100, 0.8294067547305464800 ) ) ;
#2311 = DIRECTION ( 'NONE',  ( -0.0000000000000000000, 0.0000000000000000000, -1.000000000000000000 ) ) ;
#2312 = DIRECTION ( 'NONE',  ( 1.000000000000000000, 0.0000000000000000000, 0.0000000000000000000 ) ) ;
#2313 = CARTESIAN_POINT ( 'NONE',  ( -5.017403810567664400, -0.3349364905389030600, 1.249999999999999800 ) ) ;
#2314 = CARTESIAN_POINT ( 'NONE',  ( 5.337500000000000400, -1.250000000000000200, 0.7216878364870317200 ) ) ;
#2315 = CARTESIAN_POINT ( 'NONE',  ( 3.049999999999999800, 0.0000000000000000000, 0.9551764262227505600 ) ) ;
#2316 = CARTESIAN_POINT ( 'NONE',  ( -6.218749999999999100, 0.9577164262227499900, 0.0000000000000000000 ) ) ;
#2317 = FACE_OUTER_BOUND ( 'NONE', #2724, .T. ) ;
#2318 = CARTESIAN_POINT ( 'NONE',  ( -4.962499999999999500, 0.9577164262227496600, -0.5529378364870315400 ) ) ;
#2319 = CARTESIAN_POINT ( 'NONE',  ( 3.162500000000000500, 0.9577164262227503300, 0.5529378364870319900 ) ) ;
#2320 = CARTESIAN_POINT ( 'NONE',  ( -5.937499999999999100, -9.877377282685031300E-016, 1.249999999999999800 ) ) ;
#2321 = CARTESIAN_POINT ( 'NONE',  ( -2.262499999999999700, -1.249999999999999600, 0.7216878364870325000 ) ) ;
#2322 = CARTESIAN_POINT ( 'NONE',  ( 5.242403810567665800, 0.3349364905389027300, 1.250000000000000000 ) ) ;
#2323 = FACE_OUTER_BOUND ( 'NONE', #593, .T. ) ;
#2324 = EDGE_CURVE ( 'NONE', #3881, #1221, #2109, .T. ) ;
#2325 = CARTESIAN_POINT ( 'NONE',  ( 4.512500000000000200, 0.9577164262227503300, 0.5529378364870319900 ) ) ;
#2326 = CARTESIAN_POINT ( 'NONE',  ( -3.537499999999999600, 0.9577164262227498800, 0.5529378364870308800 ) ) ;
#2327 = ORIENTED_EDGE ( 'NONE', *, *, #1077, .F. ) ;
#2328 = CARTESIAN_POINT ( 'NONE',  ( -6.645940763313573600, 1.017654452957923400, 0.01853017176939763700 ) ) ;
#2329 = AXIS2_PLACEMENT_3D ( 'NONE', #3288, #27, #389 ) ;
#2330 = CARTESIAN_POINT ( 'NONE',  ( -6.949999999999999300, 1.299038105676657800, 2.250000000000000900 ) ) ;
#2331 = CARTESIAN_POINT ( 'NONE',  ( -5.131249999999998800, -0.9577164262227497700, 0.5529378364870313200 ) ) ;
#2332 = VERTEX_POINT ( 'NONE', #887 ) ;
#2333 = CARTESIAN_POINT ( 'NONE',  ( -4.399999999999999500, 0.4788582131113751100, 0.8294067547305464800 ) ) ;
#2334 = CARTESIAN_POINT ( 'NONE',  ( 6.518749999999998900, 0.6249999999999991100, 1.082531754730548900 ) ) ;
#2335 = CARTESIAN_POINT ( 'NONE',  ( -2.356249999999999700, -0.9577164262227502200, -0.5529378364870306500 ) ) ;
#2336 = AXIS2_PLACEMENT_3D ( 'NONE', #3792, #958, #3517 ) ;
#2337 = EDGE_LOOP ( 'NONE', ( #3274, #3900, #656, #3084, #3296, #280 ) ) ;
#2338 = EDGE_CURVE ( 'NONE', #1786, #78, #4178, .T. ) ;
#2339 = ORIENTED_EDGE ( 'NONE', *, *, #2246, .T. ) ;
#2340 = CARTESIAN_POINT ( 'NONE',  ( 5.451346189432333800, 0.3349364905389024500, -1.250000000000000200 ) ) ;
#2341 = CARTESIAN_POINT ( 'NONE',  ( -3.574999999999999300, 0.9577164262227499900, 0.0000000000000000000 ) ) ;
#2342 = ORIENTED_EDGE ( 'NONE', *, *, #1885, .F. ) ;
#2343 = CARTESIAN_POINT ( 'NONE',  ( -3.631249999999999600, -2.031460654743915200E-016, -1.105875672974062000 ) ) ;
#2344 = FACE_OUTER_BOUND ( 'NONE', #1333, .T. ) ;
#2345 = CARTESIAN_POINT ( 'NONE',  ( 3.987499999999999400, -1.250000000000000200, 0.7216878364870317200 ) ) ;
#2346 = ADVANCED_FACE ( 'NONE', ( #947 ), #3588, .T. ) ;
#2347 = CARTESIAN_POINT ( 'NONE',  ( -6.443749999999998800, -0.9577164262227499900, 1.172864355864533000E-016 ) ) ;
#2348 = ORIENTED_EDGE ( 'NONE', *, *, #307, .T. ) ;
#2349 =( BOUNDED_CURVE ( )  B_SPLINE_CURVE ( 2, ( #949, #1248, #3785, #220, #3799, #2771, #1650, #3508, #1311 ),
 .UNSPECIFIED., .F., .F. ) 
 B_SPLINE_CURVE_WITH_KNOTS ( ( 3, 2, 2, 2, 3 ),
 ( 0.5750000000000000700, 0.5833333333333333700, 0.5999999999999999800, 0.6166666666666667000, 0.6250000000000000000 ),
 .UNSPECIFIED. ) 
 CURVE ( )  GEOMETRIC_REPRESENTATION_ITEM ( )  RATIONAL_B_SPLINE_CURVE ( ( 0.9330127018922194100, 0.9330127018922198500, 1.000000000000000000, 0.8660254037844387100, 1.000000000000000000, 0.8660254037844387100, 1.000000000000000000, 0.9330127018922194100, 0.9330127018922194100 ) ) 
 REPRESENTATION_ITEM ( '' )  );
#2350 = CARTESIAN_POINT ( 'NONE',  ( 7.006249999999998800, -2.651438096812267400E-016, 1.443375672974064300 ) ) ;
#2351 = CARTESIAN_POINT ( 'NONE',  ( -2.393749999999999800, -0.9577164262227499900, 1.172864355864533000E-016 ) ) ;
#2352 = CARTESIAN_POINT ( 'NONE',  ( 0.0000000000000000000, 0.0000000000000000000, 0.0000000000000000000 ) ) ;
#2353 = CARTESIAN_POINT ( 'NONE',  ( 3.837499999999999900, 1.169753752994699600E-016, -0.9551764262227509000 ) ) ;
#2354 = CARTESIAN_POINT ( 'NONE',  ( -2.487499999999998900, -0.9577164262227497700, 0.5529378364870313200 ) ) ;
#2355 = EDGE_CURVE ( 'NONE', #4458, #2280, #4637, .T. ) ;
#2356 = CARTESIAN_POINT ( 'NONE',  ( -2.150000000000000800, 0.0000000000000000000, 1.250000000000000000 ) ) ;
#2357 = CARTESIAN_POINT ( 'NONE',  ( -4.306249999999999500, 6.771535515813051300E-017, 1.105875672974062000 ) ) ;
#2358 = DIRECTION ( 'NONE',  ( -1.000000000000000000, -0.0000000000000000000, -0.0000000000000000000 ) ) ;
#2359 = CARTESIAN_POINT ( 'NONE',  ( -6.879267800787880900, 1.238658057310897400, 0.05395406247270488600 ) ) ;
#2360 = ORIENTED_EDGE ( 'NONE', *, *, #2641, .F. ) ;
#2361 = CARTESIAN_POINT ( 'NONE',  ( -6.892571587180112800, 0.8271837178762047000, 0.9325636733645864500 ) ) ;
#2362 = CARTESIAN_POINT ( 'NONE',  ( 3.840039999999999700, -0.3320098115452788700, -0.9074056071957473700 ) ) ;
#2363 = CARTESIAN_POINT ( 'NONE',  ( 5.262499999999999300, -4.938688641342514700E-016, 1.250000000000000000 ) ) ;
#2364 = ORIENTED_EDGE ( 'NONE', *, *, #233, .T. ) ;
#2365 = CARTESIAN_POINT ( 'NONE',  ( 6.897103329955526400, -0.6907533428922842900, 0.6921252796209211900 ) ) ;
#2366 = CARTESIAN_POINT ( 'NONE',  ( 5.262499999999999300, -4.938688641342514700E-016, 1.250000000000000000 ) ) ;
#2367 = ADVANCED_FACE ( 'NONE', ( #2017 ), #685, .T. ) ;
#2368 = CARTESIAN_POINT ( 'NONE',  ( 5.393749999999999800, 0.4788582131113746100, 0.8294067547305475900 ) ) ;
#2369 = CARTESIAN_POINT ( 'NONE',  ( -3.012499999999999300, 6.771535515813051300E-017, 1.105875672974062000 ) ) ;
#2370 = CARTESIAN_POINT ( 'NONE',  ( -3.687499999999999600, -2.031460654743915200E-016, -1.105875672974062000 ) ) ;
#2371 = AXIS2_PLACEMENT_3D ( 'NONE', #2768, #1344, #3849 ) ;
#2372 = CARTESIAN_POINT ( 'NONE',  ( 6.612499999999998900, -0.8919068644530042700, 0.8757865865275686900 ) ) ;
#2373 = CARTESIAN_POINT ( 'NONE',  ( -2.918749999999999300, -0.4788582131113747800, 0.8294067547305465900 ) ) ;
#2374 = CARTESIAN_POINT ( 'NONE',  ( -6.749038105676828700, -1.299038105676913800, 2.250000000000000900 ) ) ;
#2375 =( BOUNDED_CURVE ( )  B_SPLINE_CURVE ( 2, ( #3001, #97, #1517, #446, #1138, #4420, #3394, #800, #2629 ),
 .UNSPECIFIED., .F., .F. ) 
 B_SPLINE_CURVE_WITH_KNOTS ( ( 3, 2, 2, 2, 3 ),
 ( 0.3409090909090909400, 0.3484848484848485100, 0.3636363636363636500, 0.3787878787878787800, 0.3863636363636363500 ),
 .UNSPECIFIED. ) 
 CURVE ( )  GEOMETRIC_REPRESENTATION_ITEM ( )  RATIONAL_B_SPLINE_CURVE ( ( 0.9330127018922194100, 0.9330127018922196300, 1.000000000000000000, 0.8660254037844387100, 1.000000000000000000, 0.8660254037844387100, 1.000000000000000000, 0.9330127018922194100, 0.9330127018922194100 ) ) 
 REPRESENTATION_ITEM ( '' )  );
#2376 = DIRECTION ( 'NONE',  ( 0.0000000000000000000, 0.0000000000000000000, -1.000000000000000000 ) ) ;
#2377 = CARTESIAN_POINT ( 'NONE',  ( 5.506249999999999600, 1.250000000000000000, -0.7216878364870320500 ) ) ;
#2378 = CARTESIAN_POINT ( 'NONE',  ( -2.150000000000000800, 0.0000000000000000000, 0.0000000000000000000 ) ) ;
#2379 = CARTESIAN_POINT ( 'NONE',  ( 4.606250000000000200, -0.9577164262227507700, 0.5529378364870311000 ) ) ;
#2380 = CARTESIAN_POINT ( 'NONE',  ( 5.393749999999998900, -0.6249999999999996700, -1.082531754730548400 ) ) ;
#2381 = CARTESIAN_POINT ( 'NONE',  ( -4.101346189432334200, 0.3349364905389034000, 1.249999999999999600 ) ) ;
#2382 = ORIENTED_EDGE ( 'NONE', *, *, #4177, .F. ) ;
#2383 = CYLINDRICAL_SURFACE ( 'NONE', #427, 1.250000000000000000 ) ;
#2384 = PERSON_AND_ORGANIZATION ( #4603, #566 ) ;
#2385 = CARTESIAN_POINT ( 'NONE',  ( -6.949999999999999300, 0.0000000000000000000, 0.0000000000000000000 ) ) ;
#2386 = CARTESIAN_POINT ( 'NONE',  ( 6.812181999227189700, 0.9425652511443880500, 0.4839673559460082600 ) ) ;
#2387 = EDGE_CURVE ( 'NONE', #2905, #4260, #1696, .T. ) ;
#2388 = CARTESIAN_POINT ( 'NONE',  ( -6.968749999999999100, 0.6249999999999990000, -1.082531754730548600 ) ) ;
#2389 = CARTESIAN_POINT ( 'NONE',  ( 4.306250000000000400, 3.921899803419055800E-015, 1.250000000000000000 ) ) ;
#2390 = DIRECTION ( 'NONE',  ( -1.000000000000000000, -0.0000000000000000000, -0.0000000000000000000 ) ) ;
#2391 = CARTESIAN_POINT ( 'NONE',  ( -3.856249999999999300, 6.771535515813051300E-017, 1.105875672974062000 ) ) ;
#2392 = CARTESIAN_POINT ( 'NONE',  ( -6.749038105676828700, -1.299038105676914900, -2.250000000000001300 ) ) ;
#2393 = CARTESIAN_POINT ( 'NONE',  ( 6.368749999999999500, 0.6250000000000001100, -1.082531754730548400 ) ) ;
#2394 = CARTESIAN_POINT ( 'NONE',  ( 6.311153810567666300, -0.3349364905389031800, -1.250000000000000000 ) ) ;
#2395 = VERTEX_POINT ( 'NONE', #1231 ) ;
#2396 = ADVANCED_FACE ( 'NONE', ( #1285 ), #565, .T. ) ;
#2397 = CARTESIAN_POINT ( 'NONE',  ( 4.043750000000000200, 0.4788582131113746100, 0.8294067547305475900 ) ) ;
#2398 = B_SPLINE_CURVE_WITH_KNOTS ( 'NONE', 3,
 ( #3280, #703, #3942, #4337, #2165, #4303, #2145, #4354, #3960, #4678, #4662, #3611, #1099, #749 ),
 .UNSPECIFIED., .F., .F.,
 ( 4, 2, 2, 2, 2, 2, 4 ),
 ( 5.262849574256341100E-019, 0.0002437127155802450000, 0.0004874254311604894600, 0.0007311381467407340300, 0.0009748508623209784900, 0.001462276293481467400, 0.001949701724641956300 ),
 .UNSPECIFIED. ) ;
#2399 = CARTESIAN_POINT ( 'NONE',  ( -6.930567311566466800, 0.4425821731785532500, -2.250000000000001800 ) ) ;
#2400 = CARTESIAN_POINT ( 'NONE',  ( 4.075303424059358200, -1.189910833870570400, -0.3147668891894401800 ) ) ;
#2401 = CARTESIAN_POINT ( 'NONE',  ( -6.949999999999999300, 0.0000000000000000000, 0.0000000000000000000 ) ) ;
#2402 = EDGE_CURVE ( 'NONE', #2094, #3078, #341, .T. ) ;
#2403 = CARTESIAN_POINT ( 'NONE',  ( -5.957596189432334400, 0.3349364905389029500, 1.249999999999999800 ) ) ;
#2404 = CARTESIAN_POINT ( 'NONE',  ( 6.758748680138346300, 0.8534189163221139700, -0.7139290594386995500 ) ) ;
#2405 = CARTESIAN_POINT ( 'NONE',  ( 6.575000000000000200, -0.4788582131113751100, -0.8294067547305472600 ) ) ;
#2406 = CARTESIAN_POINT ( 'NONE',  ( 6.612499999999998000, 3.186906729148669700E-014, 1.250000000000000000 ) ) ;
#2407 = ORIENTED_EDGE ( 'NONE', *, *, #3349, .T. ) ;
#2408 = CARTESIAN_POINT ( 'NONE',  ( 4.134908697206269900, -0.04318837989550004800, -1.250000000000000000 ) ) ;
#2409 = FACE_OUTER_BOUND ( 'NONE', #170, .T. ) ;
#2410 = CARTESIAN_POINT ( 'NONE',  ( -2.543750000000000200, 0.4788582131113751100, 0.8294067547305464800 ) ) ;
#2411 = CARTESIAN_POINT ( 'NONE',  ( -4.774999999999999500, 0.6249999999999990000, -1.082531754730548600 ) ) ;
#2412 =( BOUNDED_CURVE ( )  B_SPLINE_CURVE ( 2, ( #3806, #3820, #4170, #1992, #4187, #2007, #4549 ),
 .UNSPECIFIED., .F., .F. ) 
 B_SPLINE_CURVE_WITH_KNOTS ( ( 3, 2, 2, 3 ),
 ( 0.6750000000000000400, 0.6833333333333333500, 0.6999999999999999600, 0.7134272288873714200 ),
 .UNSPECIFIED. ) 
 CURVE ( )  GEOMETRIC_REPRESENTATION_ITEM ( )  RATIONAL_B_SPLINE_CURVE ( ( 0.9330127018922194100, 0.9330127018922198500, 1.000000000000000000, 0.8660254037844387100, 1.000000000000000000, 0.8920655458912295500, 0.9580423662006929400 ) ) 
 REPRESENTATION_ITEM ( '' )  );
#2413 = CARTESIAN_POINT ( 'NONE',  ( 5.093749999999999100, 1.250000000000000000, 0.0000000000000000000 ) ) ;
#2414 = CARTESIAN_POINT ( 'NONE',  ( 6.256249999999999600, -1.250000000000000000, -0.7216878364870327200 ) ) ;
#2415 = CYLINDRICAL_SURFACE ( 'NONE', #1718, 1.250000000000000000 ) ;
#2416 = CARTESIAN_POINT ( 'NONE',  ( 3.743750000000000400, -0.9577164262227506600, -1.172864355864533800E-016 ) ) ;
#2417 = EDGE_LOOP ( 'NONE', ( #2077, #1250 ) ) ;
#2418 = CARTESIAN_POINT ( 'NONE',  ( -6.749038105676828700, -1.299038105676914900, -2.250000000000001300 ) ) ;
#2419 = CARTESIAN_POINT ( 'NONE',  ( 4.981250000000000200, 1.743066579297358300E-016, -1.250000000000000000 ) ) ;
#2420 = CARTESIAN_POINT ( 'NONE',  ( -3.049999999999999800, -0.6250000000000004400, -1.082531754730548000 ) ) ;
#2421 = CARTESIAN_POINT ( 'NONE',  ( 6.904783573777241800, -0.7757375938702593100, 0.5616510825354632500 ) ) ;
#2422 = CARTESIAN_POINT ( 'NONE',  ( -4.776346189432333100, -0.3349364905389037300, -1.249999999999999600 ) ) ;
#2423 = ORIENTED_EDGE ( 'NONE', *, *, #4232, .T. ) ;
#2424 = CARTESIAN_POINT ( 'NONE',  ( 5.899999999999999500, 0.4788582131113746100, 0.8294067547305475900 ) ) ;
#2425 = ADVANCED_FACE ( 'NONE', ( #1632 ), #2777, .T. ) ;
#2426 = CARTESIAN_POINT ( 'NONE',  ( 5.337500000000000400, 0.9577164262227506600, -0.5529378364870313200 ) ) ;
#2427 = CARTESIAN_POINT ( 'NONE',  ( -6.860083767412379400, -2.849725024938423400E-011, 1.210883767412380500 ) ) ;
#2428 = AXIS2_PLACEMENT_3D ( 'NONE', #2766, #942, #1995 ) ;
#2429 = ORIENTED_EDGE ( 'NONE', *, *, #984, .F. ) ;
#2430 = CARTESIAN_POINT ( 'NONE',  ( -2.318749999999999600, -0.4788582131113754400, -0.8294067547305463700 ) ) ;
#2431 = CARTESIAN_POINT ( 'NONE',  ( 2.600000000000000100, -0.6250000000000005600, 1.082531754730548200 ) ) ;
#2432 = CARTESIAN_POINT ( 'NONE',  ( 4.011482200758375200, 9.916886791815769500E-013, -1.129158626981126700 ) ) ;
#2433 = CARTESIAN_POINT ( 'NONE',  ( 5.131249999999999600, 1.249999999999999800, 0.7216878364870329400 ) ) ;
#2434 = CARTESIAN_POINT ( 'NONE',  ( -2.787500000000000100, 1.743066579297358300E-016, 1.249999999999999600 ) ) ;
#2435 = CARTESIAN_POINT ( 'NONE',  ( 4.343750000000000000, 0.4788582131113754400, -0.8294067547305471500 ) ) ;
#2436 = B_SPLINE_CURVE_WITH_KNOTS ( 'NONE', 3,
 ( #4610, #3137, #4562, #4578 ),
 .UNSPECIFIED., .F., .F.,
 ( 4, 4 ),
 ( 2.380746839937375300E-007, 0.001314652396222797800 ),
 .UNSPECIFIED. ) ;
#2437 = EDGE_CURVE ( 'NONE', #2203, #4274, #3324, .T. ) ;
#2438 = DIRECTION ( 'NONE',  ( 0.0000000000000000000, 0.8660254037844388200, -0.4999999999999996100 ) ) ;
#2439 = CARTESIAN_POINT ( 'NONE',  ( 4.022955069469569300, -0.7160320824091261900, 0.9005400212847027900 ) ) ;
#2440 = CARTESIAN_POINT ( 'NONE',  ( -6.781249999999999100, -4.067155351693835700E-016, 1.249999999999999600 ) ) ;
#2441 = CARTESIAN_POINT ( 'NONE',  ( 6.049999999999999800, -0.9577164262227506600, -1.172864355864533800E-016 ) ) ;
#2442 = FACE_BOUND ( 'NONE', #865, .T. ) ;
#2443 = CARTESIAN_POINT ( 'NONE',  ( 6.049999999999999800, -0.9577164262227506600, -1.172864355864533800E-016 ) ) ;
#2444 = CARTESIAN_POINT ( 'NONE',  ( 3.050000000000000300, 0.0000000000000000000, 2.250000000000000000 ) ) ;
#2445 = CYLINDRICAL_SURFACE ( 'NONE', #4034, 1.250000000000000000 ) ;
#2446 = CARTESIAN_POINT ( 'NONE',  ( -5.150000000000000400, 1.249999999999999800, 0.0000000000000000000 ) ) ;
#2447 = CARTESIAN_POINT ( 'NONE',  ( 3.725000000000000100, 0.6250000000000001100, -1.082531754730548400 ) ) ;
#2448 = CARTESIAN_POINT ( 'NONE',  ( 5.956249999999999800, 1.250000000000000000, -0.7216878364870320500 ) ) ;
#2449 = VERTEX_POINT ( 'NONE', #1672 ) ;
#2450 = ADVANCED_FACE ( 'NONE', ( #1854 ), #3359, .F. ) ;
#2451 = CARTESIAN_POINT ( 'NONE',  ( 3.818750000000000500, -0.4788582131113751100, -0.8294067547305472600 ) ) ;
#2452 = CARTESIAN_POINT ( 'NONE',  ( -4.643750000000000700, 1.249999999999999800, 0.0000000000000000000 ) ) ;
#2453 = CARTESIAN_POINT ( 'NONE',  ( -3.856249999999999700, -4.938688641342514700E-016, -1.249999999999999800 ) ) ;
#2454 = CARTESIAN_POINT ( 'NONE',  ( 5.375000000000000000, 0.9577164262227506600, 0.0000000000000000000 ) ) ;
#2455 = CARTESIAN_POINT ( 'NONE',  ( -5.131250000000000500, 1.249999999999999300, -0.7216878364870328300 ) ) ;
#2456 = EDGE_CURVE ( 'NONE', #723, #2905, #962, .T. ) ;
#2457 = CARTESIAN_POINT ( 'NONE',  ( 5.525000000000000400, -0.4788582131113757200, 0.8294067547305469200 ) ) ;
#2458 = ORIENTED_EDGE ( 'NONE', *, *, #3951, .T. ) ;
#2459 = CARTESIAN_POINT ( 'NONE',  ( 6.068750000000000500, -0.4788582131113751100, -0.8294067547305472600 ) ) ;
#2460 = CARTESIAN_POINT ( 'NONE',  ( -3.537499999999999600, 0.9577164262227498800, 0.5529378364870308800 ) ) ;
#2461 = ORIENTED_EDGE ( 'NONE', *, *, #420, .F. ) ;
#2462 = CARTESIAN_POINT ( 'NONE',  ( -3.556249999999999900, -1.249999999999999600, 0.7216878364870325000 ) ) ;
#2463 = CARTESIAN_POINT ( 'NONE',  ( -6.949999999999999300, 1.249999999999999800, 0.0000000000000000000 ) ) ;
#2464 = CARTESIAN_POINT ( 'NONE',  ( 7.081249999999999800, 0.9577164262227506600, -0.5529378364870313200 ) ) ;
#2465 = CARTESIAN_POINT ( 'NONE',  ( 3.481250000000000200, -1.250000000000000200, 0.7216878364870317200 ) ) ;
#2466 = CARTESIAN_POINT ( 'NONE',  ( 6.106249999999998400, 1.714015469642402100E-015, 1.250000000000000000 ) ) ;
#2467 = CARTESIAN_POINT ( 'NONE',  ( 6.387499999999999300, -2.031460654743916600E-016, 1.105875672974062900 ) ) ;
#2469 = ORIENTED_EDGE ( 'NONE', *, *, #3030, .F. ) ;
#2468 = CARTESIAN_POINT ( 'NONE',  ( -5.693749999999999600, -0.6250000000000004400, -1.082531754730548000 ) ) ;
#2470 = B_SPLINE_CURVE_WITH_KNOTS ( 'NONE', 3,
 ( #2511, #1707, #2108, #4659 ),
 .UNSPECIFIED., .F., .F.,
 ( 4, 4 ),
 ( 2.380746841445236000E-007, 0.001314652396222797800 ),
 .UNSPECIFIED. ) ;
#2471 = VECTOR ( 'NONE', #1366, 1000.000000000000000 ) ;
#2472 = CARTESIAN_POINT ( 'NONE',  ( -3.425000000000000300, 0.6249999999999990000, -1.082531754730548600 ) ) ;
#2473 = CARTESIAN_POINT ( 'NONE',  ( -6.406250000000000000, 1.250000000000000000, 0.7216878364870319400 ) ) ;
#2474 = CARTESIAN_POINT ( 'NONE',  ( 5.750000000000000000, -0.6250000000000005600, 1.082531754730548200 ) ) ;
#2475 = CARTESIAN_POINT ( 'NONE',  ( -2.751346189432334600, 0.3349364905389011800, 1.250000000000000900 ) ) ;
#2476 = EDGE_LOOP ( 'NONE', ( #2708, #3511, #423, #3540 ) ) ;
#2477 = CARTESIAN_POINT ( 'NONE',  ( 6.912500000000000500, -0.9577164262227507700, 0.5529378364870311000 ) ) ;
#2478 = CARTESIAN_POINT ( 'NONE',  ( -5.206249999999999800, -4.938688641342514700E-016, -1.249999999999999800 ) ) ;
#2479 = VECTOR ( 'NONE', #4491, 1000.000000000000000 ) ;
#2480 = ADVANCED_FACE ( 'NONE', ( #4465 ), #3464, .F. ) ;
#2481 = CARTESIAN_POINT ( 'NONE',  ( 6.218750000000000000, 0.9577164262227506600, 0.0000000000000000000 ) ) ;
#2482 = CARTESIAN_POINT ( 'NONE',  ( -3.987499999999999400, 0.9577164262227498800, 0.5529378364870308800 ) ) ;
#2483 = DIRECTION ( 'NONE',  ( 0.0000000000000000000, 0.0000000000000000000, 1.000000000000000000 ) ) ;
#2484 = CARTESIAN_POINT ( 'NONE',  ( -6.049999999999999800, 1.249999999999999800, 0.0000000000000000000 ) ) ;
#2485 = CARTESIAN_POINT ( 'NONE',  ( 2.937499999999999600, 1.249999999999999800, 0.7216878364870329400 ) ) ;
#2486 = ORIENTED_EDGE ( 'NONE', *, *, #1052, .F. ) ;
#2487 = EDGE_LOOP ( 'NONE', ( #3322, #2723, #1895, #3436 ) ) ;
#2488 = CARTESIAN_POINT ( 'NONE',  ( 6.556249999999998600, -4.938688641342514700E-016, 1.250000000000000000 ) ) ;
#2489 = CARTESIAN_POINT ( 'NONE',  ( 5.750000000000000000, 0.4788582131113754400, -0.8294067547305471500 ) ) ;
#2490 = CARTESIAN_POINT ( 'NONE',  ( -4.268749999999999800, 0.6249999999999990000, -1.082531754730548600 ) ) ;
#2491 = CARTESIAN_POINT ( 'NONE',  ( 2.960744989968446800, -2.385217236779676700, -0.3686825588085571000 ) ) ;
#2492 = ORIENTED_EDGE ( 'NONE', *, *, #2507, .T. ) ;
#2493 = EDGE_CURVE ( 'NONE', #3297, #1367, #306, .T. ) ;
#2494 = CARTESIAN_POINT ( 'NONE',  ( 6.049999999999999800, 1.250000000000000000, 0.0000000000000000000 ) ) ;
#2495 = CARTESIAN_POINT ( 'NONE',  ( -2.768750000000000300, 0.6250000000000000000, 1.082531754730548200 ) ) ;
#2496 = CARTESIAN_POINT ( 'NONE',  ( -3.312499999999999600, -0.9577164262227502200, -0.5529378364870306500 ) ) ;
#2497 = CARTESIAN_POINT ( 'NONE',  ( -2.150000000000000800, 0.0000000000000000000, 1.250000000000000000 ) ) ;
#2498 = ORIENTED_EDGE ( 'NONE', *, *, #507, .F. ) ;
#2499 = CARTESIAN_POINT ( 'NONE',  ( -4.887499999999999300, 0.9577164262227498800, 0.5529378364870308800 ) ) ;
#2500 = CARTESIAN_POINT ( 'NONE',  ( 6.351346189432334200, 0.3349364905389034500, -1.250000000000000000 ) ) ;
#2501 = CARTESIAN_POINT ( 'NONE',  ( -6.124999999999999100, 0.6249999999999990000, -1.082531754730548600 ) ) ;
#2502 = CARTESIAN_POINT ( 'NONE',  ( 5.506250000000000500, -0.9577164262227507700, 0.5529378364870311000 ) ) ;
#2503 = CARTESIAN_POINT ( 'NONE',  ( -2.412499999999999600, 1.250000000000000000, 0.7216878364870319400 ) ) ;
#2504 = ADVANCED_FACE ( 'NONE', ( #4576 ), #3781, .F. ) ;
#2505 = CARTESIAN_POINT ( 'NONE',  ( 6.724999999999999600, 0.9577164262227506600, 0.0000000000000000000 ) ) ;
#2506 = CARTESIAN_POINT ( 'NONE',  ( -5.618749999999999500, 0.6249999999999990000, -1.082531754730548600 ) ) ;
#2507 = EDGE_CURVE ( 'NONE', #1367, #758, #195, .T. ) ;
#2508 = CARTESIAN_POINT ( 'NONE',  ( -3.837499999999999900, 1.249999999999999300, -0.7216878364870328300 ) ) ;
#2509 = FACE_OUTER_BOUND ( 'NONE', #2152, .T. ) ;
#2510 = SHAPE_DEFINITION_REPRESENTATION ( #384, #3835 ) ;
#2511 = CARTESIAN_POINT ( 'NONE',  ( -6.749038105676828700, -1.299038105676913800, 2.250000000000000900 ) ) ;
#2512 = CARTESIAN_POINT ( 'NONE',  ( 5.524999999999999500, 0.6250000000000001100, -1.082531754730548400 ) ) ;
#2513 = CARTESIAN_POINT ( 'NONE',  ( -5.262500000000000200, 1.888322127572138500E-015, -1.249999999999999800 ) ) ;
#2514 = VERTEX_POINT ( 'NONE', #223 ) ;
#2515 = EDGE_LOOP ( 'NONE', ( #2949, #2237, #4485 ) ) ;
#2516 = CARTESIAN_POINT ( 'NONE',  ( -5.656250000000000900, 1.888322127572138500E-015, -1.249999999999999800 ) ) ;
#2517 = CARTESIAN_POINT ( 'NONE',  ( -6.743749999999998600, 0.4788582131113742800, -0.8294067547305469200 ) ) ;
#2518 = CARTESIAN_POINT ( 'NONE',  ( -2.149999999999999900, -0.6250000000000004400, -1.082531754730548000 ) ) ;
#2519 = CARTESIAN_POINT ( 'NONE',  ( -3.312499999999999600, 1.250000000000000000, 0.7216878364870319400 ) ) ;
#2520 = CARTESIAN_POINT ( 'NONE',  ( 5.843750000000000000, 0.4788582131113746100, 0.8294067547305475900 ) ) ;
#2521 = DIRECTION ( 'NONE',  ( -0.7071067811865463500, 0.0000000000000000000, 0.7071067811865487900 ) ) ;
#2522 = CARTESIAN_POINT ( 'NONE',  ( 6.799999999999999800, 0.4788582131113746100, 0.8294067547305475900 ) ) ;
#2523 = CARTESIAN_POINT ( 'NONE',  ( -5.956249999999999800, 1.250000000000000000, 0.7216878364870319400 ) ) ;
#2524 = CARTESIAN_POINT ( 'NONE',  ( 6.200000000000000200, -0.6250000000000005600, 1.082531754730548200 ) ) ;
#2525 = ORIENTED_EDGE ( 'NONE', *, *, #3331, .T. ) ;
#2526 = CARTESIAN_POINT ( 'NONE',  ( -6.871727692845873000, 2.385571612819398000, 0.3680687615027740700 ) ) ;
#2527 = CARTESIAN_POINT ( 'NONE',  ( 5.337500000000000400, -1.250000000000000200, 0.7216878364870317200 ) ) ;
#2528 = CARTESIAN_POINT ( 'NONE',  ( -2.881250000000000100, 1.249999999999999300, -0.7216878364870328300 ) ) ;
#2529 = CARTESIAN_POINT ( 'NONE',  ( -2.750000000000000000, 0.4788582131113742800, -0.8294067547305469200 ) ) ;
#2530 = CARTESIAN_POINT ( 'NONE',  ( -6.443749999999998800, -0.9577164262227499900, 1.172864355864533000E-016 ) ) ;
#2531 = CARTESIAN_POINT ( 'NONE',  ( -5.693749999999998800, 0.4788582131113751100, 0.8294067547305464800 ) ) ;
#2532 = DIRECTION ( 'NONE',  ( -1.000000000000000000, -0.0000000000000000000, -0.0000000000000000000 ) ) ;
#2533 = CARTESIAN_POINT ( 'NONE',  ( -4.437500000000000000, -1.250000000000000000, -0.7216878364870315000 ) ) ;
#2534 = ORIENTED_EDGE ( 'NONE', *, *, #1218, .T. ) ;
#2535 = CONICAL_SURFACE ( 'NONE', #3558, 2.250000000000000000, 1.047197551196600100 ) ;
#2536 = CARTESIAN_POINT ( 'NONE',  ( 5.074999999999999300, -0.4788582131113757200, 0.8294067547305469200 ) ) ;
#2537 = CARTESIAN_POINT ( 'NONE',  ( -3.631250000000000100, 8.838126989374222200E-017, 1.443375672974064100 ) ) ;
#2538 =( BOUNDED_CURVE ( )  B_SPLINE_CURVE ( 2, ( #4101, #123, #497, #909, #4131, #1268, #3420, #4159, #4172 ),
 .UNSPECIFIED., .F., .F. ) 
 B_SPLINE_CURVE_WITH_KNOTS ( ( 3, 2, 2, 2, 3 ),
 ( 0.3409090909090909400, 0.3484848484848485100, 0.3636363636363636500, 0.3787878787878787800, 0.3863636363636363500 ),
 .UNSPECIFIED. ) 
 CURVE ( )  GEOMETRIC_REPRESENTATION_ITEM ( )  RATIONAL_B_SPLINE_CURVE ( ( 0.9330127018922194100, 0.9330127018922196300, 1.000000000000000000, 0.8660254037844387100, 1.000000000000000000, 0.8660254037844387100, 1.000000000000000000, 0.9330127018922194100, 0.9330127018922194100 ) ) 
 REPRESENTATION_ITEM ( '' )  );
#2539 = CARTESIAN_POINT ( 'NONE',  ( 6.612500000000000700, 6.771535515813057500E-017, -1.105875672974062900 ) ) ;
#2540 = CARTESIAN_POINT ( 'NONE',  ( 3.856250000000000200, 6.771535515813057500E-017, -1.105875672974062900 ) ) ;
#2541 = CARTESIAN_POINT ( 'NONE',  ( -4.362499999999999800, -4.938688641342514700E-016, -1.249999999999999800 ) ) ;
#2542 = CARTESIAN_POINT ( 'NONE',  ( 5.262499999999999300, -2.651438096812267400E-016, 1.443375672974064300 ) ) ;
#2543 = CARTESIAN_POINT ( 'NONE',  ( 6.949999999999999300, 0.0000000000000000000, 0.0000000000000000000 ) ) ;
#2544 = CARTESIAN_POINT ( 'NONE',  ( -2.899999999999999900, -0.9577164262227499900, 1.172864355864533000E-016 ) ) ;
#2545 = ORIENTED_EDGE ( 'NONE', *, *, #1260, .F. ) ;
#2546 = ORIENTED_EDGE ( 'NONE', *, *, #4330, .F. ) ;
#2547 = CARTESIAN_POINT ( 'NONE',  ( -5.656250000000000000, 6.771535515813051300E-017, 1.105875672974062000 ) ) ;
#2548 = VERTEX_POINT ( 'NONE', #4532 ) ;
#2549 = CARTESIAN_POINT ( 'NONE',  ( -6.593749999999999100, 0.4788582131113751100, 0.8294067547305464800 ) ) ;
#2550 = CARTESIAN_POINT ( 'NONE',  ( 3.050000000000000300, 0.0000000000000000000, 0.0000000000000000000 ) ) ;
#2551 = CARTESIAN_POINT ( 'NONE',  ( -2.675000000000000300, -1.249999999999999800, 1.530808498934191300E-016 ) ) ;
#2552 = CARTESIAN_POINT ( 'NONE',  ( -7.099999999999998800, 0.4788582131113751100, 0.8294067547305464800 ) ) ;
#2553 = ORIENTED_EDGE ( 'NONE', *, *, #851, .T. ) ;
#2554 = CARTESIAN_POINT ( 'NONE',  ( -2.581250000000000300, -1.250000000000000000, -0.7216878364870315000 ) ) ;
#2555 = EDGE_CURVE ( 'NONE', #4370, #2849, #2674, .T. ) ;
#2556 = CARTESIAN_POINT ( 'NONE',  ( 3.068750000000000100, 0.9577164262227506600, 0.0000000000000000000 ) ) ;
#2557 = CARTESIAN_POINT ( 'NONE',  ( -5.524999999999999500, 0.6250000000000000000, 1.082531754730548200 ) ) ;
#2558 = CARTESIAN_POINT ( 'NONE',  ( 4.325000000000000200, 0.6249999999999991100, 1.082531754730548900 ) ) ;
#2559 = CARTESIAN_POINT ( 'NONE',  ( 3.050000000000000300, 0.0000000000000000000, 0.0000000000000000000 ) ) ;
#2560 = CARTESIAN_POINT ( 'NONE',  ( -2.524999999999999500, -0.4788582131113747800, 0.8294067547305465900 ) ) ;
#2561 = CARTESIAN_POINT ( 'NONE',  ( -5.843749999999999100, 0.4788582131113742800, -0.8294067547305469200 ) ) ;
#2562 = CIRCLE ( 'NONE', #4372, 0.9551764262227505600 ) ;
#2563 = CARTESIAN_POINT ( 'NONE',  ( -6.368749999999999500, -0.4788582131113754400, -0.8294067547305463700 ) ) ;
#2564 = CARTESIAN_POINT ( 'NONE',  ( -6.106249999999998400, -4.938688641342514700E-016, -1.249999999999999800 ) ) ;
#2565 = CARTESIAN_POINT ( 'NONE',  ( -3.575000000000000200, -1.249999999999999800, 1.530808498934191300E-016 ) ) ;
#2566 = CARTESIAN_POINT ( 'NONE',  ( -5.599999999999998800, -0.9577164262227499900, 1.172864355864533000E-016 ) ) ;
#2567 = LINE ( 'NONE', #3701, #1578 ) ;
#2568 = CARTESIAN_POINT ( 'NONE',  ( -3.931249999999999900, -1.250000000000000000, -0.7216878364870315000 ) ) ;
#2569 = DIRECTION ( 'NONE',  ( 0.0000000000000000000, 0.0000000000000000000, 1.000000000000000000 ) ) ;
#2570 =( BOUNDED_CURVE ( )  B_SPLINE_CURVE ( 2, ( #1507, #1152, #3690, #2966, #2242, #787, #3342, #2422, #4583 ),
 .UNSPECIFIED., .F., .F. ) 
 B_SPLINE_CURVE_WITH_KNOTS ( ( 3, 2, 2, 2, 3 ),
 ( 0.4772727272727272900, 0.4848484848484848600, 0.5000000000000000000, 0.5151515151515151400, 0.5227272727272727100 ),
 .UNSPECIFIED. ) 
 CURVE ( )  GEOMETRIC_REPRESENTATION_ITEM ( )  RATIONAL_B_SPLINE_CURVE ( ( 0.9330127018922194100, 0.9330127018922194100, 1.000000000000000000, 0.8660254037844387100, 1.000000000000000000, 0.8660254037844387100, 1.000000000000000000, 0.9330127018922194100, 0.9330127018922194100 ) ) 
 REPRESENTATION_ITEM ( '' )  );
#2571 = CARTESIAN_POINT ( 'NONE',  ( 3.556250000000000400, 0.9577164262227503300, 0.5529378364870319900 ) ) ;
#2572 = CARTESIAN_POINT ( 'NONE',  ( -5.487499999999998900, 1.743066579297358300E-016, 1.249999999999999600 ) ) ;
#2573 = CARTESIAN_POINT ( 'NONE',  ( 4.699999999999999300, 1.250000000000000000, 0.0000000000000000000 ) ) ;
#2574 = CARTESIAN_POINT ( 'NONE',  ( 4.511153810567664700, -0.3349364905389031800, -1.250000000000000000 ) ) ;
#2575 = CARTESIAN_POINT ( 'NONE',  ( 3.050000000000000300, 0.0000000000000000000, -2.250000000000000000 ) ) ;
#2576 = CARTESIAN_POINT ( 'NONE',  ( -5.243749999999999500, 0.4788582131113751100, 0.8294067547305464800 ) ) ;
#2577 = CARTESIAN_POINT ( 'NONE',  ( -6.893749999999998900, -0.9577164262227499900, 1.172864355864533000E-016 ) ) ;
#2578 = CARTESIAN_POINT ( 'NONE',  ( 3.049999999999999800, 0.0000000000000000000, 0.0000000000000000000 ) ) ;
#2579 = CARTESIAN_POINT ( 'NONE',  ( -4.587499999999999500, 8.838126989374222200E-017, 1.443375672974064100 ) ) ;
#2580 = CARTESIAN_POINT ( 'NONE',  ( -6.387499999999998400, -2.031460654743915200E-016, -1.105875672974062000 ) ) ;
#2582 = ORIENTED_EDGE ( 'NONE', *, *, #3676, .T. ) ;
#2581 = CARTESIAN_POINT ( 'NONE',  ( -6.762499999999999300, 0.9577164262227496600, -0.5529378364870315400 ) ) ;
#2583 = EDGE_CURVE ( 'NONE', #498, #3993, #792, .T. ) ;
#2584 = CARTESIAN_POINT ( 'NONE',  ( -5.731249999999999300, -1.250000000000000000, -0.7216878364870316100 ) ) ;
#2585 = CARTESIAN_POINT ( 'NONE',  ( 4.493750000000000400, 0.4788582131113746100, 0.8294067547305475900 ) ) ;
#2586 = CARTESIAN_POINT ( 'NONE',  ( -4.512499999999999300, -1.249999999999999600, 0.7216878364870325000 ) ) ;
#2587 = VERTEX_POINT ( 'NONE', #1401 ) ;
#2588 = CARTESIAN_POINT ( 'NONE',  ( 4.418750000000000200, -1.250000000000000000, -1.530808498934191600E-016 ) ) ;
#2589 = CIRCLE ( 'NONE', #1833, 2.249999999999999600 ) ;
#2590 = CARTESIAN_POINT ( 'NONE',  ( -3.668749999999999700, -0.4788582131113754400, -0.8294067547305463700 ) ) ;
#2591 = CARTESIAN_POINT ( 'NONE',  ( -3.893749999999999800, 0.4788582131113751100, 0.8294067547305464800 ) ) ;
#2592 = VECTOR ( 'NONE', #635, 1000.000000000000000 ) ;
#2593 = CARTESIAN_POINT ( 'NONE',  ( -6.086153810567665800, 0.3349364905389027300, -1.250000000000000000 ) ) ;
#2594 = CARTESIAN_POINT ( 'NONE',  ( 6.631249999999999600, 0.9577164262227506600, -0.5529378364870313200 ) ) ;
#2595 = AXIS2_PLACEMENT_3D ( 'NONE', #2603, #3653, #2903 ) ;
#2596 = CARTESIAN_POINT ( 'NONE',  ( -6.612499999999999800, 6.771535515813051300E-017, 1.105875672974062000 ) ) ;
#2597 = EDGE_CURVE ( 'NONE', #3722, #3383, #1760, .T. ) ;
#2598 = CARTESIAN_POINT ( 'NONE',  ( -6.837499999999998600, -2.031460654743915200E-016, -1.105875672974062000 ) ) ;
#2599 = ORIENTED_EDGE ( 'NONE', *, *, #4110, .T. ) ;
#2600 = VERTEX_POINT ( 'NONE', #317 ) ;
#2601 = CARTESIAN_POINT ( 'NONE',  ( -5.881249999999998800, 1.743066579297358300E-016, 1.249999999999999600 ) ) ;
#2602 = CARTESIAN_POINT ( 'NONE',  ( 3.706250000000000700, -0.9577164262227507700, 0.5529378364870311000 ) ) ;
#2603 = CARTESIAN_POINT ( 'NONE',  ( -6.949999999999999300, -2.598076211353316500, -2.695659680428813900E-015 ) ) ;
#2604 = DIRECTION ( 'NONE',  ( 0.0000000000000000000, 0.0000000000000000000, 1.000000000000000000 ) ) ;
#2605 = VERTEX_POINT ( 'NONE', #3613 ) ;
#2606 = CARTESIAN_POINT ( 'NONE',  ( -4.793749999999999300, 0.4788582131113751100, 0.8294067547305464800 ) ) ;
#2607 = CARTESIAN_POINT ( 'NONE',  ( -3.743749999999999500, -0.9577164262227499900, 1.172864355864533000E-016 ) ) ;
#2608 = CARTESIAN_POINT ( 'NONE',  ( 4.531250000000000900, -2.031460654743916600E-016, 1.105875672974062900 ) ) ;
#2609 = ORIENTED_EDGE ( 'NONE', *, *, #3768, .F. ) ;
#2610 = CARTESIAN_POINT ( 'NONE',  ( -4.887499999999999300, 0.9577164262227498800, 0.5529378364870308800 ) ) ;
#2611 = DIRECTION ( 'NONE',  ( -1.000000000000000000, 0.0000000000000000000, 0.0000000000000000000 ) ) ;
#2612 = CARTESIAN_POINT ( 'NONE',  ( 4.887500000000001100, 0.9577164262227506600, -0.5529378364870313200 ) ) ;
#2613 = EDGE_CURVE ( 'NONE', #2605, #1859, #3534, .T. ) ;
#2614 = CARTESIAN_POINT ( 'NONE',  ( 2.806250000000000400, -0.9577164262227507700, 0.5529378364870311000 ) ) ;
#2615 = DIRECTION ( 'NONE',  ( 0.0000000000000000000, 0.0000000000000000000, -1.000000000000000000 ) ) ;
#2616 = B_SPLINE_CURVE_WITH_KNOTS ( 'NONE', 3,
 ( #594, #1660, #3466, #3501, #1680, #912 ),
 .UNSPECIFIED., .F., .F.,
 ( 4, 2, 4 ),
 ( 0.01296978722894588300, 0.01361471786786997200, 0.01425964850679406100 ),
 .UNSPECIFIED. ) ;
#2617 = FACE_OUTER_BOUND ( 'NONE', #3081, .T. ) ;
#2618 = CARTESIAN_POINT ( 'NONE',  ( -2.150000000000000800, 0.0000000000000000000, 0.0000000000000000000 ) ) ;
#2619 = FACE_OUTER_BOUND ( 'NONE', #1670, .T. ) ;
#2620 = CARTESIAN_POINT ( 'NONE',  ( -5.093749999999999100, -0.9577164262227499900, 1.172864355864533000E-016 ) ) ;
#2621 = AXIS2_PLACEMENT_3D ( 'NONE', #4283, #664, #1343 ) ;
#2622 = CARTESIAN_POINT ( 'NONE',  ( -3.668749999999999700, -0.4788582131113754400, -0.8294067547305463700 ) ) ;
#2623 = CARTESIAN_POINT ( 'NONE',  ( 5.768750000000000700, 0.9577164262227506600, 0.0000000000000000000 ) ) ;
#2624 = EDGE_LOOP ( 'NONE', ( #2179, #3595, #2972, #3052, #4385, #4627, #705, #1055, #3160, #898, #1290, #3059, #798, #237, #379, #3674, #797 ) ) ;
#2625 = EDGE_LOOP ( 'NONE', ( #1595, #4257, #1669, #1473, #3663, #1005, #438, #4150, #253, #1269, #3627, #4677, #3684, #3021, #3932, #530, #4646, #1140 ) ) ;
#2626 =( BOUNDED_CURVE ( )  B_SPLINE_CURVE ( 2, ( #4105, #1567, #1876, #140, #2303, #4421, #3740, #4466, #858, #2632, #4452, #127, #2991, #3005, #813, #2286, #1210, #4121, #1937, #501, #85, #113, #450, #803, #439, #1165, #2660, #3367, #3354, #3713, #1921, #830, #1549, #3380, #1153, #1534, #3752, #4075, #4481, #465, #3039, #4434, #3727, #1892, #2270, #2318, #2675, #98, #4089, #3704, #1582, #3022, #1521, #4061, #2647, #1909, #3396, #1194, #1951, #2704, #2333, #4497, #3438, #152, #1241, #531, #3775, #3070, #883, #2690, #515, #4136, #3056, #3422, #872, #1228, #3765, #1596, #1049, #715, #799, #2869, #4676, #1802, #4286, #314, #3278, #3244, #3626, #2496, #4351, #3295, #1398, #20, #2904, #1037, #1067, #2144, #2180, #327, #2544, #3939, #3641, #4319, #2529, #1433, #3592, #701, #2886, #1051, #2560, #733, #717, #2163, #4 ),
 .UNSPECIFIED., .F., .F. ) 
 B_SPLINE_CURVE_WITH_KNOTS ( ( 3, 2, 2, 2, 2, 2, 2, 2, 2, 2, 2, 2, 2, 2, 2, 2, 2, 2, 2, 2, 2, 2, 2, 2, 2, 2, 2, 2, 2, 2, 2, 2, 2, 2, 2, 2, 2, 2, 2, 2, 2, 2, 2, 2, 2, 2, 2, 2, 2, 2, 2, 2, 2, 2, 2, 2, 2, 3 ),
 ( 0.1146902593422109200, 0.1212121212121212200, 0.1363636363636363500, 0.1515151515151515200, 0.1666666666666666600, 0.1818181818181818200, 0.1969696969696969600, 0.2121212121212121300, 0.2272727272727272700, 0.2424242424242424300, 0.2575757575757575700, 0.2727272727272727100, 0.2878787878787879000, 0.3030303030303030400, 0.3181818181818181800, 0.3333333333333332600, 0.3484848484848485100, 0.3636363636363636500, 0.3787878787878787800, 0.3939393939393939200, 0.4090909090909091700, 0.4242424242424242000, 0.4393939393939393400, 0.4545454545454544700, 0.4696969696969698300, 0.4848484848484848600, 0.5000000000000000000, 0.5151515151515151400, 0.5303030303030302800, 0.5454545454545454100, 0.5606060606060605500, 0.5757575757575758000, 0.5909090909090909400, 0.6060606060606060800, 0.6212121212121212200, 0.6363636363636363500, 0.6515151515151514900, 0.6666666666666666300, 0.6818181818181817700, 0.6969696969696970200, 0.7121212121212121500, 0.7272727272727272900, 0.7424242424242424300, 0.7575757575757575700, 0.7727272727272728200, 0.7878787878787878500, 0.8030303030303029800, 0.8181818181818182300, 0.8333333333333333700, 0.8484848484848485100, 0.8636363636363636500, 0.8787878787878786700, 0.8939393939393939200, 0.9090909090909090600, 0.9242424242424242000, 0.9393939393939394500, 0.9545454545454545900, 0.9696969696969697200 ),
 .UNSPECIFIED. ) 
 CURVE ( )  GEOMETRIC_REPRESENTATION_ITEM ( )  RATIONAL_B_SPLINE_CURVE ( ( 0.9343090916567786700, 0.9423315885007367300, 1.000000000000000000, 0.8660254037844387100, 1.000000000000000000, 0.8660254037844387100, 1.000000000000000000, 0.8660254037844387100, 1.000000000000000000, 0.8660254037844387100, 1.000000000000000000, 0.8660254037844387100, 1.000000000000000000, 0.8660254037844387100, 1.000000000000000000, 0.8660254037844387100, 1.000000000000000000, 0.8660254037844387100, 1.000000000000000000, 0.8660254037844387100, 1.000000000000000000, 0.8660254037844387100, 1.000000000000000000, 0.8660254037844387100, 1.000000000000000000, 0.8660254037844387100, 1.000000000000000000, 0.8660254037844387100, 1.000000000000000000, 0.8660254037844387100, 1.000000000000000000, 0.8660254037844387100, 1.000000000000000000, 0.8660254037844387100, 1.000000000000000000, 0.8660254037844387100, 1.000000000000000000, 0.8660254037844387100, 1.000000000000000000, 0.8660254037844387100, 1.000000000000000000, 0.8660254037844387100, 1.000000000000000000, 0.8660254037844387100, 1.000000000000000000, 0.8660254037844387100, 1.000000000000000000, 0.8660254037844387100, 1.000000000000000000, 0.8660254037844387100, 1.000000000000000000, 0.8660254037844387100, 1.000000000000000000, 0.8660254037844387100, 1.000000000000000000, 0.8660254037844387100, 1.000000000000000000, 0.8660254037844387100, 1.000000000000000000, 0.8660254037844387100, 1.000000000000000000, 0.8660254037844387100, 1.000000000000000000, 0.8660254037844387100, 1.000000000000000000, 0.8660254037844387100, 1.000000000000000000, 0.8660254037844387100, 1.000000000000000000, 0.8660254037844387100, 1.000000000000000000, 0.8660254037844387100, 1.000000000000000000, 0.8660254037844387100, 1.000000000000000000, 0.8660254037844387100, 1.000000000000000000, 0.8660254037844387100, 1.000000000000000000, 0.8660254037844387100, 1.000000000000000000, 0.8660254037844387100, 1.000000000000000000, 0.8660254037844387100, 1.000000000000000000, 0.8660254037844387100, 1.000000000000000000, 0.8660254037844387100, 1.000000000000000000, 0.8660254037844387100, 1.000000000000000000, 0.8660254037844387100, 1.000000000000000000, 0.8660254037844387100, 1.000000000000000000, 0.8660254037844387100, 1.000000000000000000, 0.8660254037844387100, 1.000000000000000000, 0.8660254037844387100, 1.000000000000000000, 0.8660254037844387100, 1.000000000000000000, 0.8660254037844387100, 1.000000000000000000, 0.8660254037844387100, 1.000000000000000000, 0.8660254037844387100, 1.000000000000000000, 0.8660254037844387100, 1.000000000000000000, 0.8660254037844387100, 1.000000000000000000, 0.8660254037844387100, 1.000000000000000000 ) ) 
 REPRESENTATION_ITEM ( '' )  );
#2627 = CARTESIAN_POINT ( 'NONE',  ( -5.824999999999999300, 0.9577164262227499900, 0.0000000000000000000 ) ) ;
#2628 = CARTESIAN_POINT ( 'NONE',  ( 3.425000000000000300, -0.4788582131113751100, -0.8294067547305472600 ) ) ;
#2629 = CARTESIAN_POINT ( 'NONE',  ( -5.431249999999999500, 1.743066579297358300E-016, 1.249999999999999600 ) ) ;
#2630 = PERSON_AND_ORGANIZATION_ROLE ( 'creator' ) ;
#2631 = ORIENTED_EDGE ( 'NONE', *, *, #2054, .F. ) ;
#2632 = CARTESIAN_POINT ( 'NONE',  ( -6.312500000000000900, 0.9577164262227496600, -0.5529378364870315400 ) ) ;
#2633 = CARTESIAN_POINT ( 'NONE',  ( 4.287499999999999600, -0.9577164262227504400, -0.5529378364870317600 ) ) ;
#2634 = CARTESIAN_POINT ( 'NONE',  ( -4.118749999999999500, -0.4788582131113754400, -0.8294067547305463700 ) ) ;
#2635 = CARTESIAN_POINT ( 'NONE',  ( -3.968750000000000000, 0.9577164262227499900, 0.0000000000000000000 ) ) ;
#2636 = CARTESIAN_POINT ( 'NONE',  ( 4.118750000000001200, -0.4788582131113757200, 0.8294067547305469200 ) ) ;
#2637 = ORIENTED_EDGE ( 'NONE', *, *, #670, .F. ) ;
#2638 = CARTESIAN_POINT ( 'NONE',  ( 3.840039999999999700, -0.8127136422835467000, -0.5066727629378633400 ) ) ;
#2639 = CARTESIAN_POINT ( 'NONE',  ( -4.099999999999999600, -0.6249999999999995600, 1.082531754730548400 ) ) ;
#2640 = CARTESIAN_POINT ( 'NONE',  ( -5.899999999999998600, 0.4788582131113742800, -0.8294067547305469200 ) ) ;
#2641 = EDGE_CURVE ( 'NONE', #545, #2605, #4486, .T. ) ;
#2642 = CARTESIAN_POINT ( 'NONE',  ( 5.957596189432334400, 0.3349364905389034500, -1.250000000000000000 ) ) ;
#2643 = ORIENTED_EDGE ( 'NONE', *, *, #4588, .T. ) ;
#2644 = CYLINDRICAL_SURFACE ( 'NONE', #1448, 1.250000000000000000 ) ;
#2645 = CARTESIAN_POINT ( 'NONE',  ( -2.150000000000000800, 1.530808498934191600E-016, -1.250000000000000000 ) ) ;
#2646 = AXIS2_PLACEMENT_3D ( 'NONE', #44, #2611, #2249 ) ;
#2647 = CARTESIAN_POINT ( 'NONE',  ( -4.624999999999999100, -0.4788582131113754400, -0.8294067547305463700 ) ) ;
#2648 = CARTESIAN_POINT ( 'NONE',  ( 3.762500000000000200, -0.9577164262227507700, 0.5529378364870311000 ) ) ;
#2649 = CARTESIAN_POINT ( 'NONE',  ( -2.806249999999999500, -0.9577164262227502200, -0.5529378364870306500 ) ) ;
#2650 = ORIENTED_EDGE ( 'NONE', *, *, #200, .F. ) ;
#2651 = VERTEX_POINT ( 'NONE', #3893 ) ;
#2652 = CARTESIAN_POINT ( 'NONE',  ( -4.868749999999999500, 0.9577164262227499900, 0.0000000000000000000 ) ) ;
#2653 = CARTESIAN_POINT ( 'NONE',  ( 4.943750000000000500, 0.4788582131113746100, 0.8294067547305475900 ) ) ;
#2654 = EDGE_CURVE ( 'NONE', #2226, #4402, #579, .T. ) ;
#2655 = CARTESIAN_POINT ( 'NONE',  ( -6.143749999999999800, -0.6250000000000004400, -1.082531754730548000 ) ) ;
#2656 = CARTESIAN_POINT ( 'NONE',  ( -5.524999999999999500, -0.4788582131113754400, -0.8294067547305463700 ) ) ;
#2657 = CARTESIAN_POINT ( 'NONE',  ( 4.132323573777248300, 0.0000000000000000000, 0.0000000000000000000 ) ) ;
#2658 = CARTESIAN_POINT ( 'NONE',  ( 4.025000000000000400, 0.9577164262227506600, 0.0000000000000000000 ) ) ;
#2659 = ORIENTED_EDGE ( 'NONE', *, *, #602, .T. ) ;
#2660 = CARTESIAN_POINT ( 'NONE',  ( -5.674999999999999800, -0.4788582131113747800, 0.8294067547305465900 ) ) ;
#2661 = CARTESIAN_POINT ( 'NONE',  ( 4.774999999999999500, -0.4788582131113751100, -0.8294067547305472600 ) ) ;
#2662 = CARTESIAN_POINT ( 'NONE',  ( -3.218750000000000400, 0.6250000000000000000, 1.082531754730548200 ) ) ;
#2663 = CARTESIAN_POINT ( 'NONE',  ( 4.868749999999999500, 0.9577164262227506600, 0.0000000000000000000 ) ) ;
#2664 = ADVANCED_FACE ( 'NONE', ( #1907 ), #448, .F. ) ;
#2665 = CARTESIAN_POINT ( 'NONE',  ( -6.331250000000000700, -9.877377282685031300E-016, 1.249999999999999800 ) ) ;
#2666 = VECTOR ( 'NONE', #1544, 1000.000000000000000 ) ;
#2667 = CARTESIAN_POINT ( 'NONE',  ( -3.893750000000000300, -0.6250000000000004400, -1.082531754730548000 ) ) ;
#2668 = CARTESIAN_POINT ( 'NONE',  ( -2.824999999999999300, -0.4788582131113754400, -0.8294067547305463700 ) ) ;
#2669 = CARTESIAN_POINT ( 'NONE',  ( -6.949999999999999300, 0.0000000000000000000, 1.300800000000000000 ) ) ;
#2670 = CARTESIAN_POINT ( 'NONE',  ( 3.312500000000000000, -0.9577164262227507700, 0.5529378364870311000 ) ) ;
#2671 = LINE ( 'NONE', #2645, #3528 ) ;
#2672 = VECTOR ( 'NONE', #1890, 1000.000000000000000 ) ;
#2673 = CARTESIAN_POINT ( 'NONE',  ( -6.406249999999999100, -0.9577164262227502200, -0.5529378364870306500 ) ) ;
#2674 =( BOUNDED_CURVE ( )  B_SPLINE_CURVE ( 2, ( #1639, #4563, #4167, #706, #2860, #688, #3250, #2500, #3560 ),
 .UNSPECIFIED., .F., .F. ) 
 B_SPLINE_CURVE_WITH_KNOTS ( ( 3, 2, 2, 2, 3 ),
 ( 0.1749999999999999900, 0.1833333333333333200, 0.2000000000000000100, 0.2166666666666666700, 0.2250000000000000100 ),
 .UNSPECIFIED. ) 
 CURVE ( )  GEOMETRIC_REPRESENTATION_ITEM ( )  RATIONAL_B_SPLINE_CURVE ( ( 0.9330127018922194100, 0.9330127018922194100, 1.000000000000000000, 0.8660254037844387100, 1.000000000000000000, 0.8660254037844387100, 1.000000000000000000, 0.9330127018922194100, 0.9330127018922194100 ) ) 
 REPRESENTATION_ITEM ( '' )  );
#2675 = CARTESIAN_POINT ( 'NONE',  ( -4.924999999999998900, 0.9577164262227499900, 0.0000000000000000000 ) ) ;
#2676 = CARTESIAN_POINT ( 'NONE',  ( 4.437500000000000900, 0.9577164262227506600, -0.5529378364870313200 ) ) ;
#2677 = CARTESIAN_POINT ( 'NONE',  ( -2.299999999999999800, -0.6249999999999995600, 1.082531754730548400 ) ) ;
#2678 = CARTESIAN_POINT ( 'NONE',  ( -3.687500000000000000, 1.743066579297358300E-016, 1.249999999999999600 ) ) ;
#2679 = CARTESIAN_POINT ( 'NONE',  ( 4.250000000000000000, -0.9577164262227506600, -1.172864355864533800E-016 ) ) ;
#2680 = CARTESIAN_POINT ( 'NONE',  ( -2.374999999999999600, -0.4788582131113754400, -0.8294067547305463700 ) ) ;
#2681 = CARTESIAN_POINT ( 'NONE',  ( 6.087500000000000400, 1.249999999999999600, 0.7216878364870329400 ) ) ;
#2682 = CARTESIAN_POINT ( 'NONE',  ( -6.708323195763549400, 0.2048111140514479500, -1.059123195763547900 ) ) ;
#2683 = CARTESIAN_POINT ( 'NONE',  ( -4.999999999999999100, -0.6249999999999995600, 1.082531754730548400 ) ) ;
#2684 = CC_DESIGN_PERSON_AND_ORGANIZATION_ASSIGNMENT ( #1408, #1906, ( #4244 ) ) ;
#2685 = PLANE ( 'NONE',  #2336 ) ;
#2686 = ORIENTED_EDGE ( 'NONE', *, *, #3951, .F. ) ;
#2687 = CARTESIAN_POINT ( 'NONE',  ( -6.949999999999999300, -2.598076211353316500, -2.695659680428813900E-015 ) ) ;
#2688 = CARTESIAN_POINT ( 'NONE',  ( -5.881249999999999600, -2.031460654743915200E-016, -1.105875672974062000 ) ) ;
#2689 = VERTEX_POINT ( 'NONE', #3926 ) ;
#2690 = CARTESIAN_POINT ( 'NONE',  ( -4.062499999999999100, 0.9577164262227496600, -0.5529378364870315400 ) ) ;
#2691 = CARTESIAN_POINT ( 'NONE',  ( 4.812500000000000900, 6.771535515813057500E-017, -1.105875672974062900 ) ) ;
#2692 = CARTESIAN_POINT ( 'NONE',  ( 3.050000000000000300, 1.948557158514987000, -1.124999999999999100 ) ) ;
#2693 = CARTESIAN_POINT ( 'NONE',  ( 6.904783573777249800, -0.9450302765529308100, -0.1553657924228126200 ) ) ;
#2694 = CYLINDRICAL_SURFACE ( 'NONE', #261, 1.250000000000000000 ) ;
#2695 = EDGE_CURVE ( 'NONE', #1782, #1725, #3522, .T. ) ;
#2696 = CARTESIAN_POINT ( 'NONE',  ( -6.387500000000000200, -4.067155351693835700E-016, 1.249999999999999600 ) ) ;
#2697 = CARTESIAN_POINT ( 'NONE',  ( 3.050000000000000300, -1.948557158514987200, 1.124999999999998900 ) ) ;
#2698 = CARTESIAN_POINT ( 'NONE',  ( 3.050000000000001600, 2.169875997175800400, -0.7416645267673323000 ) ) ;
#2699 = CARTESIAN_POINT ( 'NONE',  ( 5.806249999999999500, -1.250000000000000000, -0.7216878364870327200 ) ) ;
#2700 = VERTEX_POINT ( 'NONE', #1025 ) ;
#2701 = CARTESIAN_POINT ( 'NONE',  ( -5.093749999999999100, -0.9577164262227499900, 1.172864355864533000E-016 ) ) ;
#2702 = EDGE_LOOP ( 'NONE', ( #2923, #763, #3579, #1325 ) ) ;
#2703 =( BOUNDED_CURVE ( )  B_SPLINE_CURVE ( 2, ( #4329, #1063, #2927, #372, #1091, #2191, #2158, #3271, #3649 ),
 .UNSPECIFIED., .F., .F. ) 
 B_SPLINE_CURVE_WITH_KNOTS ( ( 3, 2, 2, 2, 3 ),
 ( 0.07500000000000040000, 0.08333333333333332900, 0.1000000000000000100, 0.1166666666666666700, 0.1250000000000000000 ),
 .UNSPECIFIED. ) 
 CURVE ( )  GEOMETRIC_REPRESENTATION_ITEM ( )  RATIONAL_B_SPLINE_CURVE ( ( 0.9330127018922193000, 0.9330127018922225200, 1.000000000000000000, 0.8660254037844387100, 1.000000000000000000, 0.8660254037844387100, 1.000000000000000000, 0.9330127018922194100, 0.9330127018922194100 ) ) 
 REPRESENTATION_ITEM ( '' )  );
#2704 = CARTESIAN_POINT ( 'NONE',  ( -4.437499999999999100, 0.9577164262227498800, 0.5529378364870308800 ) ) ;
#2705 = CARTESIAN_POINT ( 'NONE',  ( 7.081249999999999800, -1.250000000000000200, 0.7216878364870317200 ) ) ;
#2706 = CARTESIAN_POINT ( 'NONE',  ( -2.337499999999999900, -4.706279764102867600E-015, 1.249999999999999600 ) ) ;
#2707 = CARTESIAN_POINT ( 'NONE',  ( 6.719483213111459500, 2.053593890399181800E-012, -1.143016786888536400 ) ) ;
#2708 = ORIENTED_EDGE ( 'NONE', *, *, #1513, .F. ) ;
#2709 = CARTESIAN_POINT ( 'NONE',  ( -4.342403810567666300, 0.3349364905389027300, -1.250000000000000000 ) ) ;
#2710 = CARTESIAN_POINT ( 'NONE',  ( -3.293749999999999300, -0.9577164262227499900, 1.172864355864533000E-016 ) ) ;
#2711 = VERTEX_POINT ( 'NONE', #1793 ) ;
#2712 = CARTESIAN_POINT ( 'NONE',  ( -2.150000000000000800, 0.0000000000000000000, 0.0000000000000000000 ) ) ;
#2713 = CARTESIAN_POINT ( 'NONE',  ( -5.168749999999999300, -0.4788582131113747800, 0.8294067547305465900 ) ) ;
#2714 = CARTESIAN_POINT ( 'NONE',  ( -5.393749999999998900, -0.6249999999999995600, 1.082531754730548400 ) ) ;
#2715 = DIRECTION ( 'NONE',  ( -1.000000000000000000, -0.0000000000000000000, -0.0000000000000000000 ) ) ;
#2716 = CARTESIAN_POINT ( 'NONE',  ( -3.482596189432334300, -0.3349364905389037300, -1.249999999999999600 ) ) ;
#2717 = VECTOR ( 'NONE', #174, 1000.000000000000000 ) ;
#2718 = CIRCLE ( 'NONE', #4343, 0.9125000000000000900 ) ;
#2719 = EDGE_CURVE ( 'NONE', #772, #3616, #7, .T. ) ;
#2720 = CARTESIAN_POINT ( 'NONE',  ( 4.681249999999999500, 1.249999999999999600, 0.7216878364870329400 ) ) ;
#2721 = CARTESIAN_POINT ( 'NONE',  ( -3.724999999999999600, -0.4788582131113754400, -0.8294067547305463700 ) ) ;
#2722 = CARTESIAN_POINT ( 'NONE',  ( -4.137499999999998400, -4.706279764102867600E-015, 1.249999999999999600 ) ) ;
#2723 = ORIENTED_EDGE ( 'NONE', *, *, #420, .T. ) ;
#2724 = EDGE_LOOP ( 'NONE', ( #1499, #2525, #2301 ) ) ;
#2725 = PERSON_AND_ORGANIZATION ( #4603, #566 ) ;
#2726 = DIRECTION ( 'NONE',  ( -1.000000000000000000, -0.0000000000000000000, -0.0000000000000000000 ) ) ;
#2727 = CARTESIAN_POINT ( 'NONE',  ( -4.418749999999999300, 0.9577164262227499900, 0.0000000000000000000 ) ) ;
#2728 =( BOUNDED_CURVE ( )  B_SPLINE_CURVE ( 2, ( #4053, #4026, #1856, #26, #4375, #1828, #1122, #71, #795 ),
 .UNSPECIFIED., .F., .T. ) 
 B_SPLINE_CURVE_WITH_KNOTS ( ( 3, 2, 2, 2, 3 ),
 ( 0.5681818181818182300, 0.5757575757575758000, 0.5909090909090909400, 0.6060606060606060800, 0.6136363636363636500 ),
 .UNSPECIFIED. ) 
 CURVE ( )  GEOMETRIC_REPRESENTATION_ITEM ( )  RATIONAL_B_SPLINE_CURVE ( ( 0.9330127018922194100, 0.9330127018922198500, 1.000000000000000000, 0.8660254037844387100, 1.000000000000000000, 0.8660254037844387100, 1.000000000000000000, 0.9330127018922194100, 0.9330127018922194100 ) ) 
 REPRESENTATION_ITEM ( '' )  );
#2729 = DIRECTION ( 'NONE',  ( 0.0000000000000000000, 0.0000000000000000000, -1.000000000000000000 ) ) ;
#2730 = CARTESIAN_POINT ( 'NONE',  ( -6.481249999999999300, -0.9577164262227497700, 0.5529378364870313200 ) ) ;
#2731 = CARTESIAN_POINT ( 'NONE',  ( -6.949999999999997500, 0.2198669158027807800, 2.250000000000001300 ) ) ;
#2732 = CARTESIAN_POINT ( 'NONE',  ( 4.587499999999998600, 1.743066579297358300E-016, -1.250000000000000000 ) ) ;
#2733 = CARTESIAN_POINT ( 'NONE',  ( 5.507596189432332400, 0.3349364905389024500, -1.250000000000000200 ) ) ;
#2734 = EDGE_CURVE ( 'NONE', #3329, #2887, #2147, .T. ) ;
#2735 = CARTESIAN_POINT ( 'NONE',  ( -6.860744989968446300, 2.385217236779677600, -0.3686825588085540000 ) ) ;
#2736 = ORIENTED_EDGE ( 'NONE', *, *, #4263, .T. ) ;
#2737 = CARTESIAN_POINT ( 'NONE',  ( 5.356249999999999300, 0.9577164262227503300, 0.5529378364870319900 ) ) ;
#2738 = CARTESIAN_POINT ( 'NONE',  ( -3.574999999999999300, 0.9577164262227499900, 0.0000000000000000000 ) ) ;
#2739 = CARTESIAN_POINT ( 'NONE',  ( -6.837270788819751900, -0.5706636787408743100, 1.052629760049925000 ) ) ;
#2740 = VERTEX_POINT ( 'NONE', #4356 ) ;
#2741 = CARTESIAN_POINT ( 'NONE',  ( 5.750000000000000000, -0.6250000000000005600, 1.082531754730548200 ) ) ;
#2742 = CARTESIAN_POINT ( 'NONE',  ( -2.843750000000000000, -0.9577164262227499900, 1.172864355864533000E-016 ) ) ;
#2743 = DIRECTION ( 'NONE',  ( 1.000000000000000000, 0.0000000000000000000, 0.0000000000000000000 ) ) ;
#2744 = DIRECTION ( 'NONE',  ( 1.000000000000000000, 0.0000000000000000000, 0.0000000000000000000 ) ) ;
#2745 = CARTESIAN_POINT ( 'NONE',  ( 6.031250000000000000, 1.249999999999999800, 0.7216878364870329400 ) ) ;
#2746 = CARTESIAN_POINT ( 'NONE',  ( 5.056250000000000400, -0.9577164262227507700, 0.5529378364870311000 ) ) ;
#2747 =( BOUNDED_CURVE ( )  B_SPLINE_CURVE ( 2, ( #2706, #168, #2677, #2321, #1599, #3025, #1969 ),
 .UNSPECIFIED., .F., .F. ) 
 B_SPLINE_CURVE_WITH_KNOTS ( ( 3, 2, 2, 3 ),
 ( 0.9318181818181818800, 0.9393939393939394500, 0.9545454545454545900, 0.9696969696969697200 ),
 .UNSPECIFIED. ) 
 CURVE ( )  GEOMETRIC_REPRESENTATION_ITEM ( )  RATIONAL_B_SPLINE_CURVE ( ( 0.9330127018922194100, 0.9330127018922198500, 1.000000000000000000, 0.8660254037844387100, 1.000000000000000000, 0.8660254037844387100, 1.000000000000000000 ) ) 
 REPRESENTATION_ITEM ( '' )  );
#2748 = CARTESIAN_POINT ( 'NONE',  ( 2.849038105676658300, -1.299038105676658900, -2.250000000000001300 ) ) ;
#2749 = FACE_OUTER_BOUND ( 'NONE', #1982, .T. ) ;
#2750 = CARTESIAN_POINT ( 'NONE',  ( -6.949999999999999300, 1.948557158514986300, 1.125000000000000400 ) ) ;
#2751 = CARTESIAN_POINT ( 'NONE',  ( 4.005849932539280900, -0.3038401461461414700, 1.092111535963867100 ) ) ;
#2752 = CARTESIAN_POINT ( 'NONE',  ( -6.818749999999999600, 0.6250000000000000000, 1.082531754730548200 ) ) ;
#2753 = CARTESIAN_POINT ( 'NONE',  ( 6.818709749206906400, 0.8628604546491099900, 0.6038236335553883700 ) ) ;
#2754 = CARTESIAN_POINT ( 'NONE',  ( -6.893749999999999800, 1.249999999999999800, 0.0000000000000000000 ) ) ;
#2755 = ORIENTED_EDGE ( 'NONE', *, *, #4416, .F. ) ;
#2756 = CARTESIAN_POINT ( 'NONE',  ( 3.031061295880026900, -0.4381666455065208500, 2.250000000000000900 ) ) ;
#2757 = CARTESIAN_POINT ( 'NONE',  ( -6.949999999999999300, 0.0000000000000000000, 0.0000000000000000000 ) ) ;
#2758 = CARTESIAN_POINT ( 'NONE',  ( -3.556249999999999500, 0.9577164262227496600, -0.5529378364870315400 ) ) ;
#2759 =( BOUNDED_CURVE ( )  B_SPLINE_CURVE ( 2, ( #1685, #3828, #4195, #1666, #4556, #945, #599, #2403, #3133 ),
 .UNSPECIFIED., .F., .F. ) 
 B_SPLINE_CURVE_WITH_KNOTS ( ( 3, 2, 2, 2, 3 ),
 ( 0.1590909090909090900, 0.1666666666666666600, 0.1818181818181818200, 0.1969696969696969600, 0.2045454545454545600 ),
 .UNSPECIFIED. ) 
 CURVE ( )  GEOMETRIC_REPRESENTATION_ITEM ( )  RATIONAL_B_SPLINE_CURVE ( ( 0.9330127018922194100, 0.9330127018922194100, 1.000000000000000000, 0.8660254037844387100, 1.000000000000000000, 0.8660254037844387100, 1.000000000000000000, 0.9330127018922191900, 0.9330127018922193000 ) ) 
 REPRESENTATION_ITEM ( '' )  );
#2760 = CARTESIAN_POINT ( 'NONE',  ( 5.693749999999999600, -0.6250000000000005600, 1.082531754730548200 ) ) ;
#2761 = CARTESIAN_POINT ( 'NONE',  ( 6.293750000000000200, -0.6249999999999996700, -1.082531754730548400 ) ) ;
#2762 = ORIENTED_EDGE ( 'NONE', *, *, #791, .F. ) ;
#2763 = CARTESIAN_POINT ( 'NONE',  ( 3.593750000000000400, 0.4788582131113746100, 0.8294067547305475900 ) ) ;
#2764 = AXIS2_PLACEMENT_3D ( 'NONE', #1933, #3051, #2729 ) ;
#2765 = B_SPLINE_CURVE_WITH_KNOTS ( 'NONE', 3,
 ( #557, #4186, #4145, #3447, #3771, #2374 ),
 .UNSPECIFIED., .F., .F.,
 ( 4, 2, 4 ),
 ( 0.01059288338688064100, 0.01124992096629829300, 0.01190695854571594500 ),
 .UNSPECIFIED. ) ;
#2766 = CARTESIAN_POINT ( 'NONE',  ( -6.949999999999999300, 2.598076211353316500, 9.161973734447515100E-016 ) ) ;
#2767 = CARTESIAN_POINT ( 'NONE',  ( -4.118750000000000400, 0.6250000000000000000, 1.082531754730548200 ) ) ;
#2768 = CARTESIAN_POINT ( 'NONE',  ( 3.050000000000000300, 0.0000000000000000000, 0.0000000000000000000 ) ) ;
#2769 = CARTESIAN_POINT ( 'NONE',  ( 3.901480445448821700, -0.6272463453701362400, -0.8080333623825560800 ) ) ;
#2770 = CARTESIAN_POINT ( 'NONE',  ( 5.299999999999999800, 0.4788582131113754400, -0.8294067547305471500 ) ) ;
#2771 = CARTESIAN_POINT ( 'NONE',  ( 4.212499999999999500, 1.250000000000000000, -0.7216878364870320500 ) ) ;
#2772 = CARTESIAN_POINT ( 'NONE',  ( 6.856249999999999300, -0.9577164262227507700, 0.5529378364870311000 ) ) ;
#2773 = CC_DESIGN_APPROVAL ( #4611, ( #2283 ) ) ;
#2774 = CARTESIAN_POINT ( 'NONE',  ( -4.568749999999999600, -0.4788582131113754400, -0.8294067547305463700 ) ) ;
#2775 = CARTESIAN_POINT ( 'NONE',  ( 2.750000000000000000, -0.6249999999999996700, -1.082531754730548400 ) ) ;
#2776 = CARTESIAN_POINT ( 'NONE',  ( 6.181249999999999500, -1.250000000000000200, 0.7216878364870317200 ) ) ;
#2777 = CYLINDRICAL_SURFACE ( 'NONE', #1807, 0.9551764262227506700 ) ;
#2778 = CARTESIAN_POINT ( 'NONE',  ( -2.899999999999999900, 1.249999999999999800, 0.0000000000000000000 ) ) ;
#2779 = ADVANCED_FACE ( 'NONE', ( #2617 ), #1172, .F. ) ;
#2780 = CARTESIAN_POINT ( 'NONE',  ( 2.993750000000000800, 0.4788582131113754400, -0.8294067547305471500 ) ) ;
#2781 = CARTESIAN_POINT ( 'NONE',  ( 5.431249999999999500, -2.033577675846917700E-015, -1.249999999999999800 ) ) ;
#2782 = CARTESIAN_POINT ( 'NONE',  ( 3.840039999999999700, -0.2069944435876241400, -0.9350797042930229000 ) ) ;
#2783 = ORIENTED_EDGE ( 'NONE', *, *, #1090, .F. ) ;
#2784 = FACE_OUTER_BOUND ( 'NONE', #2515, .T. ) ;
#2785 = CYLINDRICAL_SURFACE ( 'NONE', #3239, 0.9551764262227506700 ) ;
#2786 = CARTESIAN_POINT ( 'NONE',  ( -6.801346189432334400, 0.3349364905389031800, 1.249999999999999800 ) ) ;
#2787 = CARTESIAN_POINT ( 'NONE',  ( 6.687500000000000000, 0.9577164262227506600, -0.5529378364870313200 ) ) ;
#2788 = EDGE_CURVE ( 'NONE', #455, #933, #3918, .T. ) ;
#2789 = CARTESIAN_POINT ( 'NONE',  ( 6.125000000000000000, -0.4788582131113751100, -0.8294067547305472600 ) ) ;
#2790 = CARTESIAN_POINT ( 'NONE',  ( 3.915222574571843400, -0.5612831221887323300, -0.8715490428524497200 ) ) ;
#2791 = CARTESIAN_POINT ( 'NONE',  ( 6.931250000000000400, -0.9577164262227504400, -0.5529378364870317600 ) ) ;
#2792 = CARTESIAN_POINT ( 'NONE',  ( 5.824999999999999300, -1.250000000000000000, -1.530808498934191600E-016 ) ) ;
#2793 = CARTESIAN_POINT ( 'NONE',  ( -6.874999999999999100, 0.6250000000000000000, 1.082531754730548200 ) ) ;
#2794 = CARTESIAN_POINT ( 'NONE',  ( 2.825000000000000200, 0.6250000000000001100, -1.082531754730548400 ) ) ;
#2795 = CARTESIAN_POINT ( 'NONE',  ( -2.150000000000000800, 0.0000000000000000000, 0.0000000000000000000 ) ) ;
#2796 = CARTESIAN_POINT ( 'NONE',  ( 6.218749999999999100, -1.250000000000000000, -1.530808498934191600E-016 ) ) ;
#2797 = CARTESIAN_POINT ( 'NONE',  ( -4.606249999999999300, 1.250000000000000000, 0.7216878364870319400 ) ) ;
#2798 = CARTESIAN_POINT ( 'NONE',  ( 4.193750000000000500, -0.9577164262227506600, -1.172864355864533800E-016 ) ) ;
#2799 = B_SPLINE_CURVE_WITH_KNOTS ( 'NONE', 3,
 ( #2853, #1000, #4377, #1110, #1079, #2209 ),
 .UNSPECIFIED., .F., .F.,
 ( 4, 2, 4 ),
 ( 0.01436829996696980000, 0.01501415191595073000, 0.01566000386493166000 ),
 .UNSPECIFIED. ) ;
#2800 = CARTESIAN_POINT ( 'NONE',  ( -4.268749999999999800, 0.6249999999999990000, -1.082531754730548600 ) ) ;
#2801 = CARTESIAN_POINT ( 'NONE',  ( -3.199999999999999700, -0.6249999999999995600, 1.082531754730548400 ) ) ;
#2802 = CARTESIAN_POINT ( 'NONE',  ( -4.812500000000000000, -4.938688641342514700E-016, -1.249999999999999800 ) ) ;
#2803 = CARTESIAN_POINT ( 'NONE',  ( 6.537499999999999600, -0.9577164262227504400, -0.5529378364870317600 ) ) ;
#2804 = ADVANCED_FACE ( 'NONE', ( #207 ), #3003, .F. ) ;
#2805 = VERTEX_POINT ( 'NONE', #39 ) ;
#2806 = CARTESIAN_POINT ( 'NONE',  ( 5.375000000000000000, 0.9577164262227506600, 0.0000000000000000000 ) ) ;
#2807 = CARTESIAN_POINT ( 'NONE',  ( -4.981249999999998400, -2.031460654743915200E-016, -1.105875672974062000 ) ) ;
#2808 = VECTOR ( 'NONE', #2014, 1000.000000000000000 ) ;
#2809 = CARTESIAN_POINT ( 'NONE',  ( -3.426346189432333900, -0.3349364905389037300, -1.249999999999999600 ) ) ;
#2810 = CARTESIAN_POINT ( 'NONE',  ( -5.824999999999999300, -1.249999999999999800, 1.530808498934191300E-016 ) ) ;
#2811 = CARTESIAN_POINT ( 'NONE',  ( 7.006249999999999600, 6.771535515813057500E-017, -1.105875672974062900 ) ) ;
#2812 = CARTESIAN_POINT ( 'NONE',  ( 4.531250000000000000, 8.838126989374223500E-017, -1.443375672974064300 ) ) ;
#2813 = VECTOR ( 'NONE', #3049, 1000.000000000000000 ) ;
#2814 = CARTESIAN_POINT ( 'NONE',  ( 3.481250000000000600, 0.9577164262227506600, -0.5529378364870313200 ) ) ;
#2815 = CARTESIAN_POINT ( 'NONE',  ( -5.356249999999999300, -1.249999999999999800, 0.7216878364870323900 ) ) ;
#2816 = EDGE_CURVE ( 'NONE', #120, #2935, #4304, .T. ) ;
#2817 = DIRECTION ( 'NONE',  ( -1.000000000000000000, 0.0000000000000000000, 0.0000000000000000000 ) ) ;
#2818 = ORIENTED_EDGE ( 'NONE', *, *, #2654, .F. ) ;
#2819 =( BOUNDED_CURVE ( )  B_SPLINE_CURVE ( 2, ( #2907, #349, #3310, #3246, #35, #395, #2530, #719, #1082, #3263, #3642, #331, #2888, #3629, #6, #1449, #1434, #3654, #1791, #21, #1464, #3977, #2561, #2871, #4367, #3989, #1806, #2547, #363, #1418, #2182, #4005, #1777, #380, #4321, #2918, #3298, #1819, #2576, #2936, #759, #1114, #2620, #2967, #3355, #50, #2981, #4410, #788, #4018, #2606, #87, #3343, #2213, #4423, #1835, #2254, #3369, #1523, #1536, #3692, #3681, #1850, #3382, #4398, #1509, #804, #1477, #2634, #1182, #440, #3715, #4048, #4063, #4382, #4030, #1154, #2227, #3705, #2951, #2590, #774, #410, #815, #1865, #452, #1878, #1493, #100, #2993, #3325, #2243, #1167, #1129, #75, #832, #63, #426, #1141, #4077, #1894, #4436, #2272, #2649, #467, #3007, #3453, #860, #4454, #1923, #1953, #1613, #3440, #3024, #2351, #2335, #2288 ),
 .UNSPECIFIED., .F., .F. ) 
 B_SPLINE_CURVE_WITH_KNOTS ( ( 3, 2, 2, 2, 2, 2, 2, 2, 2, 2, 2, 2, 2, 2, 2, 2, 2, 2, 2, 2, 2, 2, 2, 2, 2, 2, 2, 2, 2, 2, 2, 2, 2, 2, 2, 2, 2, 2, 2, 2, 2, 2, 2, 2, 2, 2, 2, 2, 2, 2, 2, 2, 2, 2, 2, 2, 2, 2, 3 ),
 ( 0.1031989281347436800, 0.1060606060606060600, 0.1212121212121212200, 0.1363636363636363500, 0.1515151515151515200, 0.1666666666666666600, 0.1818181818181818200, 0.1969696969696969600, 0.2121212121212121300, 0.2272727272727272700, 0.2424242424242424300, 0.2575757575757575700, 0.2727272727272727100, 0.2878787878787878500, 0.3030303030303030400, 0.3181818181818181800, 0.3333333333333333100, 0.3484848484848485100, 0.3636363636363636500, 0.3787878787878787800, 0.3939393939393938700, 0.4090909090909090600, 0.4242424242424243100, 0.4393939393939393900, 0.4545454545454545300, 0.4696969696969697200, 0.4848484848484848600, 0.5000000000000000000, 0.5151515151515151400, 0.5303030303030302800, 0.5454545454545454100, 0.5606060606060605500, 0.5757575757575758000, 0.5909090909090910500, 0.6060606060606059700, 0.6212121212121211000, 0.6363636363636362400, 0.6515151515151513800, 0.6666666666666665200, 0.6818181818181816600, 0.6969696969696970200, 0.7121212121212121500, 0.7272727272727272900, 0.7424242424242424300, 0.7575757575757575700, 0.7727272727272727100, 0.7878787878787878500, 0.8030303030303029800, 0.8181818181818181200, 0.8333333333333334800, 0.8484848484848484000, 0.8636363636363635400, 0.8787878787878786700, 0.8939393939393938100, 0.9090909090909089500, 0.9242424242424240900, 0.9393939393939394500, 0.9545454545454545900, 0.9696969696969697200 ),
 .UNSPECIFIED. ) 
 CURVE ( )  GEOMETRIC_REPRESENTATION_ITEM ( )  RATIONAL_B_SPLINE_CURVE ( ( 0.9589505627323027200, 0.9746961184553177800, 1.000000000000000000, 0.8660254037844387100, 1.000000000000000000, 0.8660254037844387100, 1.000000000000000000, 0.8660254037844387100, 1.000000000000000000, 0.8660254037844387100, 1.000000000000000000, 0.8660254037844387100, 1.000000000000000000, 0.8660254037844387100, 1.000000000000000000, 0.8660254037844387100, 1.000000000000000000, 0.8660254037844387100, 1.000000000000000000, 0.8660254037844387100, 1.000000000000000000, 0.8660254037844387100, 1.000000000000000000, 0.8660254037844387100, 1.000000000000000000, 0.8660254037844387100, 1.000000000000000000, 0.8660254037844387100, 1.000000000000000000, 0.8660254037844387100, 1.000000000000000000, 0.8660254037844387100, 1.000000000000000000, 0.8660254037844387100, 1.000000000000000000, 0.8660254037844387100, 1.000000000000000000, 0.8660254037844387100, 1.000000000000000000, 0.8660254037844387100, 1.000000000000000000, 0.8660254037844387100, 1.000000000000000000, 0.8660254037844387100, 1.000000000000000000, 0.8660254037844387100, 1.000000000000000000, 0.8660254037844387100, 1.000000000000000000, 0.8660254037844387100, 1.000000000000000000, 0.8660254037844387100, 1.000000000000000000, 0.8660254037844387100, 1.000000000000000000, 0.8660254037844387100, 1.000000000000000000, 0.8660254037844387100, 1.000000000000000000, 0.8660254037844387100, 1.000000000000000000, 0.8660254037844387100, 1.000000000000000000, 0.8660254037844387100, 1.000000000000000000, 0.8660254037844387100, 1.000000000000000000, 0.8660254037844387100, 1.000000000000000000, 0.8660254037844387100, 1.000000000000000000, 0.8660254037844387100, 1.000000000000000000, 0.8660254037844387100, 1.000000000000000000, 0.8660254037844387100, 1.000000000000000000, 0.8660254037844387100, 1.000000000000000000, 0.8660254037844387100, 1.000000000000000000, 0.8660254037844387100, 1.000000000000000000, 0.8660254037844387100, 1.000000000000000000, 0.8660254037844387100, 1.000000000000000000, 0.8660254037844387100, 1.000000000000000000, 0.8660254037844387100, 1.000000000000000000, 0.8660254037844387100, 1.000000000000000000, 0.8660254037844387100, 1.000000000000000000, 0.8660254037844387100, 1.000000000000000000, 0.8660254037844387100, 1.000000000000000000, 0.8660254037844387100, 1.000000000000000000, 0.8660254037844387100, 1.000000000000000000, 0.8660254037844387100, 1.000000000000000000, 0.8660254037844387100, 1.000000000000000000, 0.8660254037844387100, 1.000000000000000000, 0.8660254037844387100, 1.000000000000000000, 0.8660254037844387100, 1.000000000000000000, 0.8660254037844387100, 1.000000000000000000, 0.8660254037844387100, 1.000000000000000000 ) ) 
 REPRESENTATION_ITEM ( '' )  );
#2820 = ORIENTED_EDGE ( 'NONE', *, *, #3389, .T. ) ;
#2821 = CARTESIAN_POINT ( 'NONE',  ( 6.125000000000000000, -0.4788582131113751100, -0.8294067547305472600 ) ) ;
#2822 = CARTESIAN_POINT ( 'NONE',  ( -6.687500000000000000, -1.250000000000000000, -0.7216878364870316100 ) ) ;
#2823 = CARTESIAN_POINT ( 'NONE',  ( 4.812500000000000900, 6.771535515813057500E-017, -1.105875672974062900 ) ) ;
#2824 = CARTESIAN_POINT ( 'NONE',  ( 5.956249999999999800, -0.9577164262227507700, 0.5529378364870311000 ) ) ;
#2825 = CARTESIAN_POINT ( 'NONE',  ( -3.499999999999999100, 0.4788582131113751100, 0.8294067547305464800 ) ) ;
#2826 = ORIENTED_EDGE ( 'NONE', *, *, #1797, .T. ) ;
#2827 = CARTESIAN_POINT ( 'NONE',  ( -3.406249999999999600, -4.938688641342514700E-016, -1.249999999999999800 ) ) ;
#2828 = CARTESIAN_POINT ( 'NONE',  ( -6.649999999999999500, -0.6250000000000004400, -1.082531754730548000 ) ) ;
#2829 = CARTESIAN_POINT ( 'NONE',  ( 6.556250000000000400, 6.771535515813057500E-017, -1.105875672974062900 ) ) ;
#2830 = CARTESIAN_POINT ( 'NONE',  ( 3.443749999999999600, -0.6250000000000005600, 1.082531754730548200 ) ) ;
#2831 = ADVANCED_FACE ( 'NONE', ( #4413 ), #4239, .T. ) ;
#2832 = CARTESIAN_POINT ( 'NONE',  ( 6.237499999999999800, 0.9577164262227506600, -0.5529378364870313200 ) ) ;
#2833 = CARTESIAN_POINT ( 'NONE',  ( -4.681249999999999500, 1.249999999999999600, -0.7216878364870328300 ) ) ;
#2834 = ORIENTED_EDGE ( 'NONE', *, *, #1743, .T. ) ;
#2835 = B_SPLINE_CURVE_WITH_KNOTS ( 'NONE', 3,
 ( #2218, #414, #1496, #3683, #1853, #3670 ),
 .UNSPECIFIED., .F., .F.,
 ( 4, 2, 4 ),
 ( 8.337789629609880800E-018, 0.0004374497407210953700, 0.0008748994814421824000 ),
 .UNSPECIFIED. ) ;
#2836 = EDGE_CURVE ( 'NONE', #78, #2990, #2562, .T. ) ;
#2837 = CARTESIAN_POINT ( 'NONE',  ( -3.274999999999999900, 0.6250000000000000000, 1.082531754730548200 ) ) ;
#2838 = CARTESIAN_POINT ( 'NONE',  ( -3.406249999999999600, -4.938688641342514700E-016, -1.249999999999999800 ) ) ;
#2839 = CARTESIAN_POINT ( 'NONE',  ( 5.375000000000000000, -1.250000000000000000, -1.530808498934191600E-016 ) ) ;
#2840 = CARTESIAN_POINT ( 'NONE',  ( 6.904783573777251600, -0.9656457507091629200, -0.02996980312991266700 ) ) ;
#2841 = DIRECTION ( 'NONE',  ( -1.000000000000000000, 0.0000000000000000000, 0.0000000000000000000 ) ) ;
#2842 = CARTESIAN_POINT ( 'NONE',  ( -6.649999999999999500, -0.6250000000000004400, -1.082531754730548000 ) ) ;
#2843 = CARTESIAN_POINT ( 'NONE',  ( 5.618750000000000400, -0.4788582131113751100, -0.8294067547305472600 ) ) ;
#2844 = CARTESIAN_POINT ( 'NONE',  ( -3.799999999999999400, -0.9577164262227499900, 1.172864355864533000E-016 ) ) ;
#2845 = FACE_OUTER_BOUND ( 'NONE', #2337, .T. ) ;
#2846 = CARTESIAN_POINT ( 'NONE',  ( -5.750000000000000000, -0.6250000000000004400, -1.082531754730548000 ) ) ;
#2847 = CARTESIAN_POINT ( 'NONE',  ( 2.712499999999999500, -1.250000000000000000, -0.7216878364870325000 ) ) ;
#2848 = CARTESIAN_POINT ( 'NONE',  ( -2.542403810567665600, 0.3349364905389027300, -1.250000000000000000 ) ) ;
#2849 = VERTEX_POINT ( 'NONE', #1086 ) ;
#2850 = CARTESIAN_POINT ( 'NONE',  ( 5.525000000000000400, -0.4788582131113757200, 0.8294067547305469200 ) ) ;
#2851 = CARTESIAN_POINT ( 'NONE',  ( -5.843750000000000000, -0.6249999999999995600, 1.082531754730548400 ) ) ;
#2852 = APPROVAL_DATE_TIME ( #106, #2021 ) ;
#2853 = CARTESIAN_POINT ( 'NONE',  ( 3.050000000000000300, 0.0000000000000000000, 2.250000000000000000 ) ) ;
#2854 = CARTESIAN_POINT ( 'NONE',  ( 5.224999999999999600, 0.6249999999999991100, 1.082531754730548900 ) ) ;
#2855 = CARTESIAN_POINT ( 'NONE',  ( -5.337500000000000400, -1.250000000000000000, -0.7216878364870316100 ) ) ;
#2856 = EDGE_CURVE ( 'NONE', #4543, #2548, #3837, .T. ) ;
#2857 = ADVANCED_FACE ( 'NONE', ( #1068 ), #1227, .F. ) ;
#2858 = CARTESIAN_POINT ( 'NONE',  ( -4.699999999999999300, -0.9577164262227499900, 1.172864355864533000E-016 ) ) ;
#2859 = EDGE_LOOP ( 'NONE', ( #3044, #4430, #3868, #3427 ) ) ;
#2860 = CARTESIAN_POINT ( 'NONE',  ( 6.443749999999999600, 1.250000000000000000, 0.0000000000000000000 ) ) ;
#2861 = CARTESIAN_POINT ( 'NONE',  ( -5.487499999999999800, 8.838126989374222200E-017, 1.443375672974064100 ) ) ;
#2862 = CARTESIAN_POINT ( 'NONE',  ( 5.581249999999999800, -0.9577164262227504400, -0.5529378364870317600 ) ) ;
#2863 = CARTESIAN_POINT ( 'NONE',  ( -6.606916426222750400, -0.07129973764664984700, 0.9550586895413256700 ) ) ;
#2864 = CARTESIAN_POINT ( 'NONE',  ( 6.162499999999999600, 6.771535515813057500E-017, -1.105875672974062900 ) ) ;
#2866 = VERTEX_POINT ( 'NONE', #3327 ) ;
#2865 = CARTESIAN_POINT ( 'NONE',  ( -4.831249999999999800, -1.250000000000000000, -0.7216878364870315000 ) ) ;
#2867 = CARTESIAN_POINT ( 'NONE',  ( 4.812500000000000000, -2.651438096812267400E-016, 1.443375672974064300 ) ) ;
#2868 = CARTESIAN_POINT ( 'NONE',  ( -2.918750000000000200, 0.6249999999999990000, -1.082531754730548600 ) ) ;
#2869 = CARTESIAN_POINT ( 'NONE',  ( -3.612499999999999400, 0.9577164262227496600, -0.5529378364870315400 ) ) ;
#2870 = LINE ( 'NONE', #2962, #718 ) ;
#2871 = CARTESIAN_POINT ( 'NONE',  ( -5.806249999999998600, 0.9577164262227496600, -0.5529378364870315400 ) ) ;
#2872 = CARTESIAN_POINT ( 'NONE',  ( -2.674999999999999400, 0.9577164262227499900, 0.0000000000000000000 ) ) ;
#2873 = CARTESIAN_POINT ( 'NONE',  ( -2.975000000000000100, 0.6249999999999990000, -1.082531754730548600 ) ) ;
#2874 = CARTESIAN_POINT ( 'NONE',  ( 5.731249999999999300, 0.9577164262227506600, -0.5529378364870313200 ) ) ;
#2875 = ORIENTED_EDGE ( 'NONE', *, *, #2338, .F. ) ;
#2876 = CARTESIAN_POINT ( 'NONE',  ( 4.981250000000000200, 1.743066579297358300E-016, -1.250000000000000000 ) ) ;
#2877 = ADVANCED_FACE ( 'NONE', ( #4126 ), #2083, .F. ) ;
#2878 = CARTESIAN_POINT ( 'NONE',  ( 6.424999999999999800, -0.4788582131113757200, 0.8294067547305469200 ) ) ;
#2879 = CARTESIAN_POINT ( 'NONE',  ( -2.881250000000000100, 1.249999999999999600, -0.7216878364870328300 ) ) ;
#2880 = ORIENTED_EDGE ( 'NONE', *, *, #2945, .T. ) ;
#2881 = EDGE_CURVE ( 'NONE', #4446, #2094, #3665, .T. ) ;
#2882 = CARTESIAN_POINT ( 'NONE',  ( 4.681249999999999500, -0.9577164262227504400, -0.5529378364870317600 ) ) ;
#2883 = DIRECTION ( 'NONE',  ( 0.7071067811865464600, 0.0000000000000000000, -0.7071067811865486800 ) ) ;
#2884 = CARTESIAN_POINT ( 'NONE',  ( 5.824999999999999300, -1.250000000000000000, -1.530808498934191600E-016 ) ) ;
#2885 = CARTESIAN_POINT ( 'NONE',  ( -2.150000000000000800, 0.0000000000000000000, 1.250000000000000000 ) ) ;
#2886 = CARTESIAN_POINT ( 'NONE',  ( -2.600000000000000100, 0.4788582131113751100, 0.8294067547305464800 ) ) ;
#2887 = VERTEX_POINT ( 'NONE', #1236 ) ;
#2888 = CARTESIAN_POINT ( 'NONE',  ( -6.218749999999999100, 0.9577164262227499900, 0.0000000000000000000 ) ) ;
#2889 = AXIS2_PLACEMENT_3D ( 'NONE', #3363, #1531, #2190 ) ;
#2890 = CARTESIAN_POINT ( 'NONE',  ( -2.562499999999999600, 6.771535515813051300E-017, 1.105875672974062000 ) ) ;
#2891 = DIRECTION ( 'NONE',  ( 0.0000000000000000000, 0.0000000000000000000, 1.000000000000000000 ) ) ;
#2892 = CARTESIAN_POINT ( 'NONE',  ( -4.625000000000000000, 0.6250000000000000000, 1.082531754730548200 ) ) ;
#2893 = CARTESIAN_POINT ( 'NONE',  ( -2.357596189432334300, 0.3349364905389011800, 1.250000000000000900 ) ) ;
#2894 = CARTESIAN_POINT ( 'NONE',  ( 5.000000000000000000, 0.4788582131113746100, 0.8294067547305475900 ) ) ;
#2895 = CARTESIAN_POINT ( 'NONE',  ( -3.893750000000000300, -0.6250000000000004400, -1.082531754730548000 ) ) ;
#2896 = AXIS2_PLACEMENT_3D ( 'NONE', #1924, #1213, #1984 ) ;
#2897 = EDGE_CURVE ( 'NONE', #4370, #1450, #1346, .T. ) ;
#2898 = CARTESIAN_POINT ( 'NONE',  ( 6.799999999999999800, 0.4788582131113746100, 0.8294067547305475900 ) ) ;
#2899 = DATE_AND_TIME ( #1174, #2149 ) ;
#2900 = CARTESIAN_POINT ( 'NONE',  ( 3.331250000000000700, -0.9577164262227504400, -0.5529378364870317600 ) ) ;
#2901 = CARTESIAN_POINT ( 'NONE',  ( -5.787499999999999600, -1.250000000000000000, -0.7216878364870316100 ) ) ;
#2902 = CARTESIAN_POINT ( 'NONE',  ( 6.799999999999999800, -0.6249999999999996700, -1.082531754730548400 ) ) ;
#2903 = DIRECTION ( 'NONE',  ( 0.0000000000000000000, 0.5000000000000001100, -0.8660254037844386000 ) ) ;
#2904 = CARTESIAN_POINT ( 'NONE',  ( -3.124999999999999100, 0.9577164262227499900, 0.0000000000000000000 ) ) ;
#2905 = VERTEX_POINT ( 'NONE', #735 ) ;
#2906 = FACE_OUTER_BOUND ( 'NONE', #2702, .T. ) ;
#2907 = CARTESIAN_POINT ( 'NONE',  ( -6.606916426222742400, 0.6291744576415586600, 0.7220528061771663800 ) ) ;
#2908 = CARTESIAN_POINT ( 'NONE',  ( -5.281249999999999100, 0.9577164262227498800, 0.5529378364870308800 ) ) ;
#2909 = CARTESIAN_POINT ( 'NONE',  ( -2.150000000000000800, 0.0000000000000000000, 0.0000000000000000000 ) ) ;
#2910 = CARTESIAN_POINT ( 'NONE',  ( -2.600000000000000100, -0.6250000000000004400, -1.082531754730548000 ) ) ;
#2911 = CARTESIAN_POINT ( 'NONE',  ( -6.574999999999999300, -0.4788582131113747800, 0.8294067547305465900 ) ) ;
#2912 = CARTESIAN_POINT ( 'NONE',  ( -2.956250000000000300, -2.651438096812266900E-016, -1.443375672974064100 ) ) ;
#2913 = CARTESIAN_POINT ( 'NONE',  ( 6.349999999999999600, 0.4788582131113746100, 0.8294067547305475900 ) ) ;
#2914 = CARTESIAN_POINT ( 'NONE',  ( 5.056250000000000400, -0.9577164262227507700, 0.5529378364870311000 ) ) ;
#2915 = CARTESIAN_POINT ( 'NONE',  ( 4.474999999999999600, -1.250000000000000000, -1.530808498934191600E-016 ) ) ;
#2916 = DIRECTION ( 'NONE',  ( 1.000000000000000000, 0.0000000000000000000, 0.0000000000000000000 ) ) ;
#2917 = AXIS2_PLACEMENT_3D ( 'NONE', #2278, #460, #3720 ) ;
#2918 = CARTESIAN_POINT ( 'NONE',  ( -5.356249999999999300, 0.9577164262227496600, -0.5529378364870315400 ) ) ;
#2919 = CARTESIAN_POINT ( 'NONE',  ( -6.818749999999999600, -0.4788582131113754400, -0.8294067547305463700 ) ) ;
#2920 = DIRECTION ( 'NONE',  ( -1.000000000000000000, -0.0000000000000000000, -0.0000000000000000000 ) ) ;
#2921 = CARTESIAN_POINT ( 'NONE',  ( -3.237499999999999400, 8.838126989374222200E-017, 1.443375672974064100 ) ) ;
#2922 = ORIENTED_EDGE ( 'NONE', *, *, #2816, .F. ) ;
#2923 = ORIENTED_EDGE ( 'NONE', *, *, #711, .F. ) ;
#2924 = CARTESIAN_POINT ( 'NONE',  ( -6.012499999999998400, -0.9577164262227502200, -0.5529378364870306500 ) ) ;
#2925 = CYLINDRICAL_SURFACE ( 'NONE', #222, 1.250000000000000000 ) ;
#2926 = CARTESIAN_POINT ( 'NONE',  ( -6.949999999999998400, -0.9577164262227499900, 1.172864355864533000E-016 ) ) ;
#2927 = CARTESIAN_POINT ( 'NONE',  ( 6.574999999999999300, 0.6249999999999991100, 1.082531754730548900 ) ) ;
#2928 = FACE_OUTER_BOUND ( 'NONE', #2002, .T. ) ;
#2929 = CARTESIAN_POINT ( 'NONE',  ( 2.993750000000000800, 0.4788582131113754400, -0.8294067547305471500 ) ) ;
#2930 = DIRECTION ( 'NONE',  ( 1.000000000000000000, 0.0000000000000000000, 0.0000000000000000000 ) ) ;
#2931 = CARTESIAN_POINT ( 'NONE',  ( 4.549999999999999800, -0.6249999999999996700, -1.082531754730548400 ) ) ;
#2932 = CARTESIAN_POINT ( 'NONE',  ( 4.381249999999999600, -1.250000000000000200, 0.7216878364870317200 ) ) ;
#2933 = CARTESIAN_POINT ( 'NONE',  ( -6.949999999999999300, -1.299038105676657800, 2.250000000000000900 ) ) ;
#2934 = PRODUCT_RELATED_PRODUCT_CATEGORY ( 'detail', '', ( #4244 ) ) ;
#2935 = VERTEX_POINT ( 'NONE', #1764 ) ;
#2936 = CARTESIAN_POINT ( 'NONE',  ( -5.206249999999998000, 6.771535515813051300E-017, 1.105875672974062000 ) ) ;
#2937 = ORIENTED_EDGE ( 'NONE', *, *, #1017, .T. ) ;
#2938 = CARTESIAN_POINT ( 'NONE',  ( -5.656250000000000000, 6.771535515813051300E-017, 1.105875672974062000 ) ) ;
#2939 = DIRECTION ( 'NONE',  ( 0.0000000000000000000, 0.0000000000000000000, 1.000000000000000000 ) ) ;
#2940 = CARTESIAN_POINT ( 'NONE',  ( -4.174999999999999800, 0.6250000000000000000, 1.082531754730548200 ) ) ;
#2941 = CARTESIAN_POINT ( 'NONE',  ( -6.649999999999998600, 0.4788582131113751100, 0.8294067547305464800 ) ) ;
#2942 = CARTESIAN_POINT ( 'NONE',  ( -3.668749999999999700, 0.6250000000000000000, 1.082531754730548200 ) ) ;
#2943 = ORIENTED_EDGE ( 'NONE', *, *, #916, .F. ) ;
#2944 = CARTESIAN_POINT ( 'NONE',  ( -5.693749999999999600, -0.6250000000000004400, -1.082531754730548000 ) ) ;
#2945 = EDGE_CURVE ( 'NONE', #1370, #1450, #2398, .T. ) ;
#2946 = CARTESIAN_POINT ( 'NONE',  ( 5.093750000000000000, -0.9577164262227506600, -1.172864355864533800E-016 ) ) ;
#2947 = CARTESIAN_POINT ( 'NONE',  ( -5.712499999999999500, -4.938688641342514700E-016, -1.249999999999999800 ) ) ;
#2948 = CARTESIAN_POINT ( 'NONE',  ( -6.837499999999998600, 1.743066579297358300E-016, 1.249999999999999600 ) ) ;
#2949 = ORIENTED_EDGE ( 'NONE', *, *, #4302, .T. ) ;
#2950 = CARTESIAN_POINT ( 'NONE',  ( -2.150000000000000800, 1.530808498934191600E-016, -1.250000000000000000 ) ) ;
#2951 = CARTESIAN_POINT ( 'NONE',  ( -3.706249999999999400, -0.9577164262227502200, -0.5529378364870306500 ) ) ;
#2952 = AXIS2_PLACEMENT_3D ( 'NONE', #4441, #118, #3402 ) ;
#2953 = VECTOR ( 'NONE', #1053, 1000.000000000000000 ) ;
#2954 = CARTESIAN_POINT ( 'NONE',  ( -3.556249999999999500, 0.9577164262227496600, -0.5529378364870315400 ) ) ;
#2955 = CARTESIAN_POINT ( 'NONE',  ( -2.150000000000000800, 0.0000000000000000000, 0.0000000000000000000 ) ) ;
#2956 = CARTESIAN_POINT ( 'NONE',  ( -2.262499999999999700, -1.249999999999999800, 0.7216878364870323900 ) ) ;
#2957 = CARTESIAN_POINT ( 'NONE',  ( -5.787499999999998800, 0.9577164262227498800, 0.5529378364870308800 ) ) ;
#2958 = FACE_OUTER_BOUND ( 'NONE', #1888, .T. ) ;
#2959 = CARTESIAN_POINT ( 'NONE',  ( -4.099999999999999600, 0.4788582131113742800, -0.8294067547305469200 ) ) ;
#2960 = LINE ( 'NONE', #3294, #3249 ) ;
#2961 = ORIENTED_EDGE ( 'NONE', *, *, #818, .F. ) ;
#2962 = CARTESIAN_POINT ( 'NONE',  ( 3.837499999999999900, 1.169753752994699600E-016, 0.9551764262227507900 ) ) ;
#2963 = CARTESIAN_POINT ( 'NONE',  ( -5.507596189432333300, 0.3349364905389034000, 1.249999999999999600 ) ) ;
#2964 = DIRECTION ( 'NONE',  ( 1.000000000000000000, 0.0000000000000000000, 0.0000000000000000000 ) ) ;
#2965 = CARTESIAN_POINT ( 'NONE',  ( 3.049999999999999800, 0.2200441247746854100, -2.250000000000001300 ) ) ;
#2966 = CARTESIAN_POINT ( 'NONE',  ( -4.906249999999999100, -1.249999999999999600, 0.7216878364870325000 ) ) ;
#2967 = CARTESIAN_POINT ( 'NONE',  ( -5.056250000000000400, -0.9577164262227502200, -0.5529378364870306500 ) ) ;
#2968 = CARTESIAN_POINT ( 'NONE',  ( -4.943749999999999600, 0.4788582131113742800, -0.8294067547305469200 ) ) ;
#2969 = CARTESIAN_POINT ( 'NONE',  ( 4.456249999999999800, 0.9577164262227503300, 0.5529378364870319900 ) ) ;
#2970 =( BOUNDED_CURVE ( )  B_SPLINE_CURVE ( 2, ( #309, #630, #697, #2508, #645, #1015, #1048, #2088, #3605 ),
 .UNSPECIFIED., .F., .F. ) 
 B_SPLINE_CURVE_WITH_KNOTS ( ( 3, 2, 2, 2, 3 ),
 ( 0.6136363636363636500, 0.6212121212121212200, 0.6363636363636363500, 0.6515151515151514900, 0.6590909090909090600 ),
 .UNSPECIFIED. ) 
 CURVE ( )  GEOMETRIC_REPRESENTATION_ITEM ( )  RATIONAL_B_SPLINE_CURVE ( ( 0.9330127018922194100, 0.9330127018922194100, 1.000000000000000000, 0.8660254037844387100, 1.000000000000000000, 0.8660254037844387100, 1.000000000000000000, 0.9330127018922194100, 0.9330127018922194100 ) ) 
 REPRESENTATION_ITEM ( '' )  );
#2972 = ORIENTED_EDGE ( 'NONE', *, *, #4475, .T. ) ;
#2971 = CARTESIAN_POINT ( 'NONE',  ( -5.862499999999999800, 0.9577164262227496600, -0.5529378364870315400 ) ) ;
#2973 = EDGE_CURVE ( 'NONE', #2226, #877, #2819, .T. ) ;
#2974 = CARTESIAN_POINT ( 'NONE',  ( -3.161153810567666000, -0.3349364905389030600, 1.249999999999999800 ) ) ;
#2975 = CARTESIAN_POINT ( 'NONE',  ( 3.237499999999999400, -2.031460654743916600E-016, 1.105875672974062900 ) ) ;
#2976 = DIRECTION ( 'NONE',  ( -0.0000000000000000000, 0.0000000000000000000, -1.000000000000000000 ) ) ;
#2977 = VERTEX_POINT ( 'NONE', #2516 ) ;
#2978 = B_SPLINE_CURVE_WITH_KNOTS ( 'NONE', 3,
 ( #1303, #3112, #2030, #4570, #4537, #2418 ),
 .UNSPECIFIED., .F., .F.,
 ( 4, 2, 4 ),
 ( 0.001314652396222794100, 0.001969405109320556500, 0.002624157822418319400 ),
 .UNSPECIFIED. ) ;
#2979 = CARTESIAN_POINT ( 'NONE',  ( -6.949999999999999300, 1.593020556330876900E-016, -1.300800000000000000 ) ) ;
#2980 = CARTESIAN_POINT ( 'NONE',  ( 5.112500000000000700, -0.9577164262227507700, 0.5529378364870311000 ) ) ;
#2981 = CARTESIAN_POINT ( 'NONE',  ( -4.943749999999999600, 0.4788582131113742800, -0.8294067547305469200 ) ) ;
#2982 = CARTESIAN_POINT ( 'NONE',  ( -3.256249999999999600, -0.9577164262227502200, -0.5529378364870306500 ) ) ;
#2983 = VECTOR ( 'NONE', #3587, 1000.000000000000000 ) ;
#2984 = CARTESIAN_POINT ( 'NONE',  ( 6.406250000000000900, -0.9577164262227508800, 0.5529378364870311000 ) ) ;
#2985 = EDGE_CURVE ( 'NONE', #2548, #2689, #3305, .T. ) ;
#2986 = CARTESIAN_POINT ( 'NONE',  ( -4.549999999999998900, 0.4788582131113742800, -0.8294067547305469200 ) ) ;
#2987 = PLANE ( 'NONE',  #37 ) ;
#2988 = CARTESIAN_POINT ( 'NONE',  ( 3.200000000000000600, 0.4788582131113746100, 0.8294067547305475900 ) ) ;
#2989 = CARTESIAN_POINT ( 'NONE',  ( 3.050000000000000300, 0.0000000000000000000, 0.0000000000000000000 ) ) ;
#2990 = VERTEX_POINT ( 'NONE', #3072 ) ;
#2991 = CARTESIAN_POINT ( 'NONE',  ( -6.199999999999999300, 0.4788582131113751100, 0.8294067547305464800 ) ) ;
#2992 = CARTESIAN_POINT ( 'NONE',  ( 2.975000000000000100, -0.4788582131113751100, -0.8294067547305472600 ) ) ;
#2993 = CARTESIAN_POINT ( 'NONE',  ( -3.331249999999999400, -0.9577164262227497700, 0.5529378364870313200 ) ) ;
#2994 = ORIENTED_EDGE ( 'NONE', *, *, #3062, .F. ) ;
#2995 = CARTESIAN_POINT ( 'NONE',  ( -4.906249999999999100, 0.9577164262227496600, -0.5529378364870315400 ) ) ;
#2996 = CARTESIAN_POINT ( 'NONE',  ( 5.468750000000000900, -0.4788582131113757200, 0.8294067547305469200 ) ) ;
#2997 = DIRECTION ( 'NONE',  ( -1.000000000000000000, -0.0000000000000000000, -0.0000000000000000000 ) ) ;
#2998 = CARTESIAN_POINT ( 'NONE',  ( -4.362499999999998900, 6.771535515813051300E-017, 1.105875672974062000 ) ) ;
#2999 = CARTESIAN_POINT ( 'NONE',  ( 3.050000000000000300, 1.530808498934191600E-016, 1.250000000000000000 ) ) ;
#3000 = AXIS2_PLACEMENT_3D ( 'NONE', #2712, #3791, #1607 ) ;
#3001 = CARTESIAN_POINT ( 'NONE',  ( -5.656250000000000900, 1.888322127572138500E-015, -1.249999999999999800 ) ) ;
#3002 = CARTESIAN_POINT ( 'NONE',  ( 0.0000000000000000000, 0.0000000000000000000, 0.0000000000000000000 ) ) ;
#3003 = CYLINDRICAL_SURFACE ( 'NONE', #578, 1.250000000000000000 ) ;
#3004 = PERSON_AND_ORGANIZATION ( #4603, #566 ) ;
#3005 = CARTESIAN_POINT ( 'NONE',  ( -6.162499999999999600, 6.771535515813051300E-017, 1.105875672974062000 ) ) ;
#3006 = CARTESIAN_POINT ( 'NONE',  ( 5.000000000000000000, 0.4788582131113746100, 0.8294067547305475900 ) ) ;
#3007 = CARTESIAN_POINT ( 'NONE',  ( -2.731249999999999700, -2.031460654743915200E-016, -1.105875672974062000 ) ) ;
#3008 = AXIS2_PLACEMENT_3D ( 'NONE', #3644, #2532, #9 ) ;
#3009 = CARTESIAN_POINT ( 'NONE',  ( -3.631249999999999600, -2.031460654743915200E-016, -1.105875672974062000 ) ) ;
#3010 = CARTESIAN_POINT ( 'NONE',  ( 6.481250000000001100, -0.9577164262227504400, -0.5529378364870317600 ) ) ;
#3011 = ORIENTED_EDGE ( 'NONE', *, *, #2734, .F. ) ;
#3012 = CYLINDRICAL_SURFACE ( 'NONE', #336, 1.250000000000000000 ) ;
#3013 = CARTESIAN_POINT ( 'NONE',  ( 4.662499999999999600, -0.9577164262227508800, 0.5529378364870311000 ) ) ;
#3014 = CARTESIAN_POINT ( 'NONE',  ( -4.324999999999999300, -0.4788582131113747800, 0.8294067547305465900 ) ) ;
#3015 = CARTESIAN_POINT ( 'NONE',  ( -6.500000000000000000, 1.249999999999999800, 0.0000000000000000000 ) ) ;
#3016 = CARTESIAN_POINT ( 'NONE',  ( 4.400000000000000400, 0.4788582131113754400, -0.8294067547305471500 ) ) ;
#3017 = CC_DESIGN_PERSON_AND_ORGANIZATION_ASSIGNMENT ( #3976, #1179, ( #2096 ) ) ;
#3018 = CARTESIAN_POINT ( 'NONE',  ( -6.576346189432333000, -0.3349364905389037300, -1.249999999999999600 ) ) ;
#3019 = CARTESIAN_POINT ( 'NONE',  ( -2.767403810567665700, -0.3349364905389030600, 1.249999999999999800 ) ) ;
#3020 =( BOUNDED_CURVE ( )  B_SPLINE_CURVE ( 2, ( #1720, #2394, #2761, #2414, #3217, #658, #3253, #2170, #1378 ),
 .UNSPECIFIED., .F., .F. ) 
 B_SPLINE_CURVE_WITH_KNOTS ( ( 3, 2, 2, 2, 3 ),
 ( 0.2250000000000000100, 0.2333333333333333400, 0.2500000000000000000, 0.2666666666666666600, 0.2750000000000000200 ),
 .UNSPECIFIED. ) 
 CURVE ( )  GEOMETRIC_REPRESENTATION_ITEM ( )  RATIONAL_B_SPLINE_CURVE ( ( 0.9330127018922194100, 0.9330127018922194100, 1.000000000000000000, 0.8660254037844387100, 1.000000000000000000, 0.8660254037844387100, 1.000000000000000000, 0.9330127018922191900, 0.9330127018922194100 ) ) 
 REPRESENTATION_ITEM ( '' )  );
#3021 = ORIENTED_EDGE ( 'NONE', *, *, #200, .T. ) ;
#3022 = CARTESIAN_POINT ( 'NONE',  ( -4.737499999999998900, -0.9577164262227497700, 0.5529378364870313200 ) ) ;
#3023 = CARTESIAN_POINT ( 'NONE',  ( 4.474999999999999600, 0.9577164262227506600, 0.0000000000000000000 ) ) ;
#3024 = CARTESIAN_POINT ( 'NONE',  ( -2.431249999999999500, -0.9577164262227497700, 0.5529378364870313200 ) ) ;
#3025 = CARTESIAN_POINT ( 'NONE',  ( -2.187500000000000000, -1.250000000000000000, -0.7216878364870316100 ) ) ;
#3026 = CARTESIAN_POINT ( 'NONE',  ( 6.031250000000000000, -0.9577164262227504400, -0.5529378364870317600 ) ) ;
#3027 = CARTESIAN_POINT ( 'NONE',  ( -6.106249999999998400, -4.938688641342514700E-016, -1.249999999999999800 ) ) ;
#3028 = CARTESIAN_POINT ( 'NONE',  ( -4.043750000000000200, -0.6249999999999995600, 1.082531754730548400 ) ) ;
#3029 = CARTESIAN_POINT ( 'NONE',  ( -3.424999999999999400, -0.4788582131113747800, 0.8294067547305465900 ) ) ;
#3030 = EDGE_CURVE ( 'NONE', #999, #4047, #3177, .T. ) ;
#3031 = ORIENTED_EDGE ( 'NONE', *, *, #3132, .T. ) ;
#3032 = CARTESIAN_POINT ( 'NONE',  ( 6.668750000000000200, 0.9577164262227506600, 0.0000000000000000000 ) ) ;
#3033 = CARTESIAN_POINT ( 'NONE',  ( 4.474999999999999600, 0.9577164262227506600, 0.0000000000000000000 ) ) ;
#3034 = EDGE_LOOP ( 'NONE', ( #885, #4222, #1870, #585 ) ) ;
#3035 = CARTESIAN_POINT ( 'NONE',  ( 3.950000000000000200, -0.6250000000000005600, 1.082531754730548200 ) ) ;
#3036 = DIRECTION ( 'NONE',  ( 1.000000000000000000, 0.0000000000000000000, 0.0000000000000000000 ) ) ;
#3037 = CARTESIAN_POINT ( 'NONE',  ( -5.543749999999999300, -0.9577164262227499900, 1.172864355864533000E-016 ) ) ;
#3038 = LINE ( 'NONE', #2933, #2592 ) ;
#3039 = CARTESIAN_POINT ( 'NONE',  ( -5.149999999999999500, -0.9577164262227499900, 1.172864355864533000E-016 ) ) ;
#3040 = CARTESIAN_POINT ( 'NONE',  ( 3.462499999999999900, 6.771535515813057500E-017, -1.105875672974062900 ) ) ;
#3041 = DIRECTION ( 'NONE',  ( -1.000000000000000000, -0.0000000000000000000, -0.0000000000000000000 ) ) ;
#3042 = CARTESIAN_POINT ( 'NONE',  ( 3.050000000000001200, 1.838311014891733000, -1.315951922094012300 ) ) ;
#3043 = CARTESIAN_POINT ( 'NONE',  ( -3.462499999999999900, -4.938688641342514700E-016, -1.249999999999999800 ) ) ;
#3044 = ORIENTED_EDGE ( 'NONE', *, *, #2036, .T. ) ;
#3045 = CARTESIAN_POINT ( 'NONE',  ( 3.987500000000000300, 0.9577164262227506600, -0.5529378364870313200 ) ) ;
#3046 = EDGE_LOOP ( 'NONE', ( #1754, #3277, #3234 ) ) ;
#3047 = CARTESIAN_POINT ( 'NONE',  ( -3.837499999999999500, -0.9577164262227497700, 0.5529378364870313200 ) ) ;
#3048 = DIRECTION ( 'NONE',  ( -1.000000000000000000, -0.0000000000000000000, -0.0000000000000000000 ) ) ;
#3049 = DIRECTION ( 'NONE',  ( 1.000000000000000000, 0.0000000000000000000, 0.0000000000000000000 ) ) ;
#3050 = CARTESIAN_POINT ( 'NONE',  ( -2.731249999999999700, -4.706279764102867600E-015, 1.249999999999999600 ) ) ;
#3051 = DIRECTION ( 'NONE',  ( -1.000000000000000000, 0.0000000000000000000, 0.0000000000000000000 ) ) ;
#3052 = ORIENTED_EDGE ( 'NONE', *, *, #3223, .T. ) ;
#3053 = DIRECTION ( 'NONE',  ( 1.000000000000000000, 0.0000000000000000000, 0.0000000000000000000 ) ) ;
#3054 = CARTESIAN_POINT ( 'NONE',  ( -5.693749999999998800, 0.4788582131113751100, 0.8294067547305464800 ) ) ;
#3055 =( BOUNDED_CURVE ( )  B_SPLINE_CURVE ( 2, ( #1623, #3433, #511, #4147, #1961, #880, #4493, #543, #3419 ),
 .UNSPECIFIED., .F., .F. ) 
 B_SPLINE_CURVE_WITH_KNOTS ( ( 3, 2, 2, 2, 3 ),
 ( 0.4250000000000000400, 0.4333333333333333500, 0.4500000000000000100, 0.4666666666666666700, 0.4750000000000000300 ),
 .UNSPECIFIED. ) 
 CURVE ( )  GEOMETRIC_REPRESENTATION_ITEM ( )  RATIONAL_B_SPLINE_CURVE ( ( 0.9330127018922194100, 0.9330127018922196300, 1.000000000000000000, 0.8660254037844387100, 1.000000000000000000, 0.8660254037844387100, 1.000000000000000000, 0.9330127018922191900, 0.9330127018922194100 ) ) 
 REPRESENTATION_ITEM ( '' )  );
#3056 = CARTESIAN_POINT ( 'NONE',  ( -3.949999999999999700, 0.4788582131113751100, 0.8294067547305464800 ) ) ;
#3057 = CARTESIAN_POINT ( 'NONE',  ( 3.912500000000000500, 6.771535515813057500E-017, -1.105875672974062900 ) ) ;
#3058 = CARTESIAN_POINT ( 'NONE',  ( 6.086153810567665800, 0.3349364905389038400, 1.249999999999999800 ) ) ;
#3059 = ORIENTED_EDGE ( 'NONE', *, *, #4360, .F. ) ;
#3060 = CARTESIAN_POINT ( 'NONE',  ( -6.162499999999999600, -4.938688641342514700E-016, -1.249999999999999800 ) ) ;
#3061 = CARTESIAN_POINT ( 'NONE',  ( -3.537499999999999600, -1.250000000000000000, -0.7216878364870316100 ) ) ;
#3062 = EDGE_CURVE ( 'NONE', #3383, #977, #4058, .T. ) ;
#3063 = CARTESIAN_POINT ( 'NONE',  ( 4.736153810567665300, 0.3349364905389047900, 1.249999999999998900 ) ) ;
#3064 = CARTESIAN_POINT ( 'NONE',  ( -5.149999999999999500, -0.9577164262227499900, 1.172864355864533000E-016 ) ) ;
#3065 = CARTESIAN_POINT ( 'NONE',  ( 3.050000000000000300, 0.0000000000000000000, 0.0000000000000000000 ) ) ;
#3066 = CIRCLE ( 'NONE', #897, 2.249999999999999600 ) ;
#3067 = CARTESIAN_POINT ( 'NONE',  ( -6.720197309083610900, 0.6030815610117239400, 0.8883533541739809800 ) ) ;
#3068 = CARTESIAN_POINT ( 'NONE',  ( -6.883319447726837100, 0.6028836786998018600, 1.080486302605243800 ) ) ;
#3069 = ORIENTED_EDGE ( 'NONE', *, *, #3317, .T. ) ;
#3070 = CARTESIAN_POINT ( 'NONE',  ( -4.137499999999998400, -2.031460654743915200E-016, -1.105875672974062000 ) ) ;
#3071 = CARTESIAN_POINT ( 'NONE',  ( 7.043749999999999300, -0.6250000000000005600, 1.082531754730548200 ) ) ;
#3072 = CARTESIAN_POINT ( 'NONE',  ( 3.049999999999999800, 1.169753752994699400E-016, -0.9551764262227505600 ) ) ;
#3073 = EDGE_CURVE ( 'NONE', #3443, #1782, #3784, .T. ) ;
#3074 = CARTESIAN_POINT ( 'NONE',  ( -7.081249999999999800, -1.250000000000000000, -0.7216878364870315000 ) ) ;
#3075 = CARTESIAN_POINT ( 'NONE',  ( -4.174999999999999800, 0.6250000000000000000, 1.082531754730548200 ) ) ;
#3076 = ORIENTED_EDGE ( 'NONE', *, *, #1105, .T. ) ;
#3077 = CARTESIAN_POINT ( 'NONE',  ( -2.956250000000000300, 6.771535515813051300E-017, 1.105875672974062000 ) ) ;
#3078 = VERTEX_POINT ( 'NONE', #2320 ) ;
#3079 = SECURITY_CLASSIFICATION ( '', '', #1192 ) ;
#3080 = CARTESIAN_POINT ( 'NONE',  ( 5.693749999999999600, -0.6250000000000005600, 1.082531754730548200 ) ) ;
#3081 = EDGE_LOOP ( 'NONE', ( #3763, #3696, #3764, #2783 ) ) ;
#3082 = CARTESIAN_POINT ( 'NONE',  ( -6.368749999999999500, -0.4788582131113754400, -0.8294067547305463700 ) ) ;
#3083 = CARTESIAN_POINT ( 'NONE',  ( -4.231250000000000200, 1.249999999999999300, -0.7216878364870328300 ) ) ;
#3084 = ORIENTED_EDGE ( 'NONE', *, *, #4658, .F. ) ;
#3085 = CARTESIAN_POINT ( 'NONE',  ( -5.206249999999999800, -4.938688641342514700E-016, -1.249999999999999800 ) ) ;
#3086 = CARTESIAN_POINT ( 'NONE',  ( -6.949999999999999300, 0.0000000000000000000, 0.0000000000000000000 ) ) ;
#3087 = CYLINDRICAL_SURFACE ( 'NONE', #3848, 1.250000000000000000 ) ;
#3088 = CARTESIAN_POINT ( 'NONE',  ( -3.387499999999999700, -0.9577164262227497700, 0.5529378364870313200 ) ) ;
#3089 = CARTESIAN_POINT ( 'NONE',  ( -2.449999999999999700, -0.9577164262227499900, 1.172864355864533000E-016 ) ) ;
#3090 = VECTOR ( 'NONE', #913, 1000.000000000000000 ) ;
#3091 = EDGE_CURVE ( 'NONE', #3866, #4437, #4193, .T. ) ;
#3092 = CARTESIAN_POINT ( 'NONE',  ( -6.749038105676658200, -2.598076211353316500, -2.828161786633107200E-015 ) ) ;
#3093 = CARTESIAN_POINT ( 'NONE',  ( -4.793749999999999300, 0.4788582131113751100, 0.8294067547305464800 ) ) ;
#3094 = CARTESIAN_POINT ( 'NONE',  ( -6.699517761122453200, 0.4074446530185608700, -0.9892399818412385100 ) ) ;
#3095 = DIRECTION ( 'NONE',  ( 0.0000000000000000000, 0.0000000000000000000, -1.000000000000000000 ) ) ;
#3096 = CARTESIAN_POINT ( 'NONE',  ( -6.709164128936079100, 0.5310791520560266300, 0.9204843409992239400 ) ) ;
#3097 = CARTESIAN_POINT ( 'NONE',  ( -5.768749999999999800, 0.9577164262227499900, 0.0000000000000000000 ) ) ;
#3098 = AXIS2_PLACEMENT_3D ( 'NONE', #4406, #1889, #2615 ) ;
#3099 = CARTESIAN_POINT ( 'NONE',  ( -2.150000000000000800, 0.0000000000000000000, 1.250000000000000000 ) ) ;
#3100 = CARTESIAN_POINT ( 'NONE',  ( 4.043750000000000200, 0.4788582131113746100, 0.8294067547305475900 ) ) ;
#3101 = ORIENTED_EDGE ( 'NONE', *, *, #3030, .T. ) ;
#3102 = CARTESIAN_POINT ( 'NONE',  ( -7.343750000000000000, 1.249999999999999800, 0.0000000000000000000 ) ) ;
#3103 = CARTESIAN_POINT ( 'NONE',  ( -4.774999999999999500, -0.4788582131113747800, 0.8294067547305465900 ) ) ;
#3104 = VERTEX_POINT ( 'NONE', #1645 ) ;
#3105 = CARTESIAN_POINT ( 'NONE',  ( 6.683620422159927800, -0.8642120240482069600, -0.8352885457708652000 ) ) ;
#3106 = CARTESIAN_POINT ( 'NONE',  ( -2.731249999999999300, -2.031460654743915200E-016, -1.105875672974062000 ) ) ;
#3107 = CARTESIAN_POINT ( 'NONE',  ( -6.349999999999999600, -0.6249999999999995600, 1.082531754730548400 ) ) ;
#3108 =( BOUNDED_CURVE ( )  B_SPLINE_CURVE ( 2, ( #1003, #3554, #669, #4608, #2113, #2822, #2842, #1399, #3905 ),
 .UNSPECIFIED., .F., .F. ) 
 B_SPLINE_CURVE_WITH_KNOTS ( ( 3, 2, 2, 2, 3 ),
 ( 0.02272727272727272800, 0.03030303030303030400, 0.04545454545454545600, 0.06060606060606060800, 0.06818181818181820500 ),
 .UNSPECIFIED. ) 
 CURVE ( )  GEOMETRIC_REPRESENTATION_ITEM ( )  RATIONAL_B_SPLINE_CURVE ( ( 0.9330127018922194100, 0.9330127018922194100, 1.000000000000000000, 0.8660254037844387100, 1.000000000000000000, 0.8660254037844387100, 1.000000000000000000, 0.9330127018922193000, 0.9330127018922194100 ) ) 
 REPRESENTATION_ITEM ( '' )  );
#3109 = CARTESIAN_POINT ( 'NONE',  ( 6.406249999999999100, 1.250000000000000000, -0.7216878364870320500 ) ) ;
#3110 = CARTESIAN_POINT ( 'NONE',  ( -4.643750000000000700, 1.249999999999999800, 0.0000000000000000000 ) ) ;
#3111 = CARTESIAN_POINT ( 'NONE',  ( 3.968750000000000000, 0.9577164262227506600, 0.0000000000000000000 ) ) ;
#3112 = CARTESIAN_POINT ( 'NONE',  ( -6.949999999999998400, -1.838311014891745900, -1.315951922093991700 ) ) ;
#3113 = CARTESIAN_POINT ( 'NONE',  ( 6.949999999999999300, 0.0000000000000000000, 0.0000000000000000000 ) ) ;
#3114 = CARTESIAN_POINT ( 'NONE',  ( 3.843465241461130300, -0.1387433442545267800, -0.9536963080561894300 ) ) ;
#3115 = CARTESIAN_POINT ( 'NONE',  ( 6.742277838308197600, 0.5376849756892356800, -0.9928269691239340900 ) ) ;
#3116 = FACE_OUTER_BOUND ( 'NONE', #4080, .T. ) ;
#3117 = LOCAL_TIME ( 20, 25, 45.00000000000000000, #1287 ) ;
#3118 = EDGE_CURVE ( 'NONE', #646, #3347, #1950, .T. ) ;
#3119 = CARTESIAN_POINT ( 'NONE',  ( -6.856249999999998400, 1.250000000000000000, 0.7216878364870319400 ) ) ;
#3120 = CARTESIAN_POINT ( 'NONE',  ( 6.968750000000000000, -0.4788582131113751100, -0.8294067547305472600 ) ) ;
#3121 = EDGE_LOOP ( 'NONE', ( #1803, #2553, #4134 ) ) ;
#3122 = FACE_OUTER_BOUND ( 'NONE', #1489, .T. ) ;
#3123 = CARTESIAN_POINT ( 'NONE',  ( 5.937499999999999100, 1.743066579297358300E-016, -1.250000000000000000 ) ) ;
#3124 = CARTESIAN_POINT ( 'NONE',  ( -3.218749999999999600, -0.4788582131113754400, -0.8294067547305463700 ) ) ;
#3125 = CARTESIAN_POINT ( 'NONE',  ( -4.792403810567665600, 0.3349364905389027300, -1.250000000000000000 ) ) ;
#3126 = CARTESIAN_POINT ( 'NONE',  ( 5.243750000000000400, -0.6250000000000005600, 1.082531754730548200 ) ) ;
#3127 = CARTESIAN_POINT ( 'NONE',  ( 3.368750000000000400, -0.4788582131113751100, -0.8294067547305472600 ) ) ;
#3128 = B_SPLINE_CURVE_WITH_KNOTS ( 'NONE', 3,
 ( #874, #503, #487, #1940, #2306, #4152 ),
 .UNSPECIFIED., .F., .F.,
 ( 4, 2, 4 ),
 ( 0.01037572877645170900, 0.01103262715618035100, 0.01168952553590899300 ),
 .UNSPECIFIED. ) ;
#3129 = CARTESIAN_POINT ( 'NONE',  ( -6.949999999999999300, 0.0000000000000000000, 0.0000000000000000000 ) ) ;
#3130 = CARTESIAN_POINT ( 'NONE',  ( -4.081249999999999800, 1.743066579297358300E-016, 1.249999999999999600 ) ) ;
#3131 = CARTESIAN_POINT ( 'NONE',  ( 3.840039999999999700, -0.2069944435876241400, -0.9350797042930229000 ) ) ;
#3132 = EDGE_CURVE ( 'NONE', #2700, #2935, #3379, .T. ) ;
#3133 = CARTESIAN_POINT ( 'NONE',  ( -5.937499999999999100, -9.877377282685031300E-016, 1.249999999999999800 ) ) ;
#3134 = CARTESIAN_POINT ( 'NONE',  ( 5.450000000000000200, 0.4788582131113746100, 0.8294067547305475900 ) ) ;
#3135 = ORIENTED_EDGE ( 'NONE', *, *, #1985, .F. ) ;
#3136 = ADVANCED_FACE ( 'NONE', ( #2317 ), #953, .T. ) ;
#3137 = CARTESIAN_POINT ( 'NONE',  ( -6.871727692845873900, 1.511542704210577100, -1.881931238497227300 ) ) ;
#3138 = DIRECTION ( 'NONE',  ( 0.0000000000000000000, 0.0000000000000000000, 1.000000000000000000 ) ) ;
#3139 = CARTESIAN_POINT ( 'NONE',  ( -4.156249999999999100, -0.9577164262227502200, -0.5529378364870306500 ) ) ;
#3140 = CARTESIAN_POINT ( 'NONE',  ( 6.556250000000000400, 6.771535515813057500E-017, -1.105875672974062900 ) ) ;
#3141 = CARTESIAN_POINT ( 'NONE',  ( 6.968750000000000000, -0.4788582131113751100, -0.8294067547305472600 ) ) ;
#3142 = CARTESIAN_POINT ( 'NONE',  ( 4.231250000000000200, 1.249999999999999800, 0.7216878364870329400 ) ) ;
#3143 = DIRECTION ( 'NONE',  ( 0.0000000000000000000, 0.0000000000000000000, 1.000000000000000000 ) ) ;
#3144 = CARTESIAN_POINT ( 'NONE',  ( 2.956250000000000700, 6.771535515813057500E-017, -1.105875672974062900 ) ) ;
#3145 = EDGE_LOOP ( 'NONE', ( #3393, #1954, #1187, #2035 ) ) ;
#3146 = VERTEX_POINT ( 'NONE', #3795 ) ;
#3147 = CARTESIAN_POINT ( 'NONE',  ( 5.318749999999999600, -1.250000000000000000, -1.530808498934191600E-016 ) ) ;
#3148 = CYLINDRICAL_SURFACE ( 'NONE', #3156, 1.250000000000000000 ) ;
#3149 = CARTESIAN_POINT ( 'NONE',  ( -6.949999999999999300, 1.299038105676658400, -2.250000000000001300 ) ) ;
#3150 = CARTESIAN_POINT ( 'NONE',  ( -2.150000000000000800, 0.0000000000000000000, 0.0000000000000000000 ) ) ;
#3151 = DIRECTION ( 'NONE',  ( 0.0000000000000000000, 0.0000000000000000000, 1.000000000000000000 ) ) ;
#3152 = CARTESIAN_POINT ( 'NONE',  ( 6.162499999999999600, 6.771535515813057500E-017, -1.105875672974062900 ) ) ;
#3153 = LINE ( 'NONE', #908, #4496 ) ;
#3154 = CARTESIAN_POINT ( 'NONE',  ( 6.012499999999999300, -0.9577164262227508800, 0.5529378364870311000 ) ) ;
#3155 = CARTESIAN_POINT ( 'NONE',  ( -6.717439483264997500, 8.715332896486790000E-017, -1.068239483264996800 ) ) ;
#3156 = AXIS2_PLACEMENT_3D ( 'NONE', #177, #559, #3095 ) ;
#3157 = CARTESIAN_POINT ( 'NONE',  ( -6.200000000000000200, -0.6250000000000004400, -1.082531754730548000 ) ) ;
#3158 = CARTESIAN_POINT ( 'NONE',  ( 6.406250000000000000, -0.9577164262227507700, 0.5529378364870311000 ) ) ;
#3159 = ORIENTED_EDGE ( 'NONE', *, *, #2070, .F. ) ;
#3160 = ORIENTED_EDGE ( 'NONE', *, *, #602, .F. ) ;
#3161 = CARTESIAN_POINT ( 'NONE',  ( 4.606249999999999300, 1.250000000000000000, -0.7216878364870320500 ) ) ;
#3162 = DIRECTION ( 'NONE',  ( 1.000000000000000000, 0.0000000000000000000, 0.0000000000000000000 ) ) ;
#3163 = ADVANCED_FACE ( 'NONE', ( #3122 ), #3309, .T. ) ;
#3164 = CARTESIAN_POINT ( 'NONE',  ( 4.568749999999999600, -0.4788582131113757200, 0.8294067547305469200 ) ) ;
#3165 = CARTESIAN_POINT ( 'NONE',  ( -6.256249999999999600, -1.249999999999999800, 0.7216878364870323900 ) ) ;
#3166 = AXIS2_PLACEMENT_3D ( 'NONE', #398, #1452, #1479 ) ;
#3167 = B_SPLINE_CURVE_WITH_KNOTS ( 'NONE', 3,
 ( #2863, #3929, #4291, #691 ),
 .UNSPECIFIED., .F., .F.,
 ( 4, 4 ),
 ( 1.485659280659861400E-017, 7.359282866869374600E-005 ),
 .UNSPECIFIED. ) ;
#3168 = CARTESIAN_POINT ( 'NONE',  ( 3.992961012353156500, -2.820862747496224700E-014, 1.110637438575908100 ) ) ;
#3169 = VERTEX_POINT ( 'NONE', #2363 ) ;
#3170 = CARTESIAN_POINT ( 'NONE',  ( 5.881249999999999600, -2.033577675846917700E-015, -1.249999999999999800 ) ) ;
#3171 = CARTESIAN_POINT ( 'NONE',  ( 5.787499999999999600, 0.9577164262227506600, -0.5529378364870313200 ) ) ;
#3172 = CARTESIAN_POINT ( 'NONE',  ( 5.899999999999999500, 0.4788582131113746100, 0.8294067547305475900 ) ) ;
#3173 = CARTESIAN_POINT ( 'NONE',  ( 6.331250000000000700, -2.031460654743916600E-016, 1.105875672974062900 ) ) ;
#3174 = CARTESIAN_POINT ( 'NONE',  ( -6.612499999999999800, -2.651438096812266900E-016, -1.443375672974064100 ) ) ;
#3175 = CARTESIAN_POINT ( 'NONE',  ( 2.862499999999999800, 1.250000000000000000, -0.7216878364870320500 ) ) ;
#3176 = CARTESIAN_POINT ( 'NONE',  ( 5.018749999999999800, 0.6250000000000001100, -1.082531754730548400 ) ) ;
#3177 = CIRCLE ( 'NONE', #1866, 1.250000000000000000 ) ;
#3178 = DIRECTION ( 'NONE',  ( 0.0000000000000000000, 0.0000000000000000000, -1.000000000000000000 ) ) ;
#3179 = CARTESIAN_POINT ( 'NONE',  ( 4.643750000000000700, -0.9577164262227506600, -1.172864355864533800E-016 ) ) ;
#3180 = CARTESIAN_POINT ( 'NONE',  ( -4.456249999999999800, -1.249999999999999800, 0.7216878364870323900 ) ) ;
#3181 = CARTESIAN_POINT ( 'NONE',  ( 3.050000000000000700, -2.058803302138242600, -0.9340480779059878700 ) ) ;
#3182 = CIRCLE ( 'NONE', #3098, 2.249999999999999600 ) ;
#3183 = LINE ( 'NONE', #518, #4472 ) ;
#3184 = CARTESIAN_POINT ( 'NONE',  ( 3.918382729840870700, 1.041868571852498000, -0.07931136255823412200 ) ) ;
#3185 = CARTESIAN_POINT ( 'NONE',  ( 6.500000000000000000, -0.9577164262227506600, -1.172864355864533800E-016 ) ) ;
#3186 = CARTESIAN_POINT ( 'NONE',  ( 3.050000000000000300, 0.0000000000000000000, 0.0000000000000000000 ) ) ;
#3187 = EDGE_CURVE ( 'NONE', #2514, #1565, #2212, .T. ) ;
#3188 = ORIENTED_EDGE ( 'NONE', *, *, #2114, .F. ) ;
#3189 = ADVANCED_FACE ( 'NONE', ( #631 ), #615, .T. ) ;
#3190 = CARTESIAN_POINT ( 'NONE',  ( 4.737500000000001600, -0.9577164262227504400, -0.5529378364870317600 ) ) ;
#3191 = CARTESIAN_POINT ( 'NONE',  ( 5.731249999999999300, 0.9577164262227506600, -0.5529378364870313200 ) ) ;
#3192 = CARTESIAN_POINT ( 'NONE',  ( -3.087499999999999500, 0.9577164262227498800, 0.5529378364870308800 ) ) ;
#3193 = CARTESIAN_POINT ( 'NONE',  ( -2.150000000000000800, 0.0000000000000000000, 0.0000000000000000000 ) ) ;
#3194 = CARTESIAN_POINT ( 'NONE',  ( -5.262499999999999300, -2.651438096812266900E-016, -1.443375672974064100 ) ) ;
#3195 = CARTESIAN_POINT ( 'NONE',  ( 6.743749999999999500, 0.4788582131113746100, 0.8294067547305475900 ) ) ;
#3196 = CARTESIAN_POINT ( 'NONE',  ( 3.368750000000000400, 0.6249999999999991100, 1.082531754730548900 ) ) ;
#3197 = ORIENTED_EDGE ( 'NONE', *, *, #550, .T. ) ;
#3198 = CARTESIAN_POINT ( 'NONE',  ( 5.937500000000000000, -2.031460654743916600E-016, 1.105875672974062900 ) ) ;
#3199 = CARTESIAN_POINT ( 'NONE',  ( -6.181249999999999500, -1.250000000000000000, -0.7216878364870315000 ) ) ;
#3200 = ORIENTED_EDGE ( 'NONE', *, *, #4426, .T. ) ;
#3201 = B_SPLINE_CURVE_WITH_KNOTS ( 'NONE', 3,
 ( #149, #1222, #2698, #4129 ),
 .UNSPECIFIED., .F., .F.,
 ( 4, 4 ),
 ( 2.380746839933796800E-007, 0.001314652396222796000 ),
 .UNSPECIFIED. ) ;
#3202 = CARTESIAN_POINT ( 'NONE',  ( -6.930756665990563700, 1.728209346468570400, 1.506653605801032500 ) ) ;
#3203 = VERTEX_POINT ( 'NONE', #633 ) ;
#3204 = CARTESIAN_POINT ( 'NONE',  ( 6.762499999999999300, -1.250000000000000000, -0.7216878364870325000 ) ) ;
#3205 = CARTESIAN_POINT ( 'NONE',  ( -2.731249999999999700, -4.706279764102867600E-015, 1.249999999999999600 ) ) ;
#3206 =( BOUNDED_CURVE ( )  B_SPLINE_CURVE ( 2, ( #2665, #820, #520, #1899, #4473, #103, #2655, #836, #3027 ),
 .UNSPECIFIED., .F., .F. ) 
 B_SPLINE_CURVE_WITH_KNOTS ( ( 3, 2, 2, 2, 3 ),
 ( 0.2045454545454545600, 0.2121212121212121300, 0.2272727272727272700, 0.2424242424242424300, 0.2500000000000000000 ),
 .UNSPECIFIED. ) 
 CURVE ( )  GEOMETRIC_REPRESENTATION_ITEM ( )  RATIONAL_B_SPLINE_CURVE ( ( 0.9330127018922193000, 0.9330127018922194100, 1.000000000000000000, 0.8660254037844387100, 1.000000000000000000, 0.8660254037844387100, 1.000000000000000000, 0.9330127018922194100, 0.9330127018922194100 ) ) 
 REPRESENTATION_ITEM ( '' )  );
#3207 = CARTESIAN_POINT ( 'NONE',  ( 6.612500000000000700, 6.771535515813057500E-017, -1.105875672974062900 ) ) ;
#3208 = CARTESIAN_POINT ( 'NONE',  ( -5.186153810567664600, 0.3349364905389027300, -1.250000000000000000 ) ) ;
#3209 = ORIENTED_EDGE ( 'NONE', *, *, #2856, .F. ) ;
#3210 = CARTESIAN_POINT ( 'NONE',  ( 5.506250000000000500, -0.9577164262227507700, 0.5529378364870311000 ) ) ;
#3211 = VECTOR ( 'NONE', #1818, 1000.000000000000000 ) ;
#3212 = CARTESIAN_POINT ( 'NONE',  ( -4.737499999999998900, -0.9577164262227497700, 0.5529378364870313200 ) ) ;
#3213 = DIRECTION ( 'NONE',  ( -1.000000000000000000, -0.0000000000000000000, -0.0000000000000000000 ) ) ;
#3214 = CARTESIAN_POINT ( 'NONE',  ( -5.375000000000000000, -1.249999999999999800, 1.530808498934191300E-016 ) ) ;
#3215 = CARTESIAN_POINT ( 'NONE',  ( 6.481250000000001100, -0.9577164262227504400, -0.5529378364870317600 ) ) ;
#3216 = ORIENTED_EDGE ( 'NONE', *, *, #255, .T. ) ;
#3217 = CARTESIAN_POINT ( 'NONE',  ( 6.218749999999999100, -1.250000000000000000, -1.530808498934191600E-016 ) ) ;
#3218 = FACE_OUTER_BOUND ( 'NONE', #464, .T. ) ;
#3219 = ADVANCED_FACE ( 'NONE', ( #2153 ), #3012, .F. ) ;
#3220 = CARTESIAN_POINT ( 'NONE',  ( 6.649999999999999500, 0.4788582131113754400, -0.8294067547305471500 ) ) ;
#3221 = CARTESIAN_POINT ( 'NONE',  ( -6.518749999999998900, 0.6249999999999990000, -1.082531754730548600 ) ) ;
#3222 = CARTESIAN_POINT ( 'NONE',  ( -2.150000000000000800, 0.0000000000000000000, 0.0000000000000000000 ) ) ;
#3223 = EDGE_CURVE ( 'NONE', #1244, #3395, #2049, .T. ) ;
#3224 = CARTESIAN_POINT ( 'NONE',  ( -6.351346189432334200, 0.3349364905389029500, 1.249999999999999800 ) ) ;
#3225 = CARTESIAN_POINT ( 'NONE',  ( 5.074999999999999300, 0.6250000000000001100, -1.082531754730548400 ) ) ;
#3226 = CARTESIAN_POINT ( 'NONE',  ( -5.299999999999999800, -0.6250000000000004400, -1.082531754730548000 ) ) ;
#3227 = CARTESIAN_POINT ( 'NONE',  ( 4.437500000000000000, -1.250000000000000200, 0.7216878364870317200 ) ) ;
#3228 = DIRECTION ( 'NONE',  ( 0.0000000000000000000, 0.0000000000000000000, -1.000000000000000000 ) ) ;
#3229 = AXIS2_PLACEMENT_3D ( 'NONE', #3797, #1585, #156 ) ;
#3230 = CARTESIAN_POINT ( 'NONE',  ( -3.874999999999999600, -0.4788582131113747800, 0.8294067547305465900 ) ) ;
#3231 = EDGE_LOOP ( 'NONE', ( #674, #2364, #4227, #323 ) ) ;
#3232 = CARTESIAN_POINT ( 'NONE',  ( -2.393749999999999800, -0.9577164262227499900, 1.172864355864533000E-016 ) ) ;
#3233 = CARTESIAN_POINT ( 'NONE',  ( 6.068750000000000500, -0.4788582131113751100, -0.8294067547305472600 ) ) ;
#3234 = ORIENTED_EDGE ( 'NONE', *, *, #107, .T. ) ;
#3235 = CARTESIAN_POINT ( 'NONE',  ( -7.174999999999998900, 0.9577164262227499900, 0.0000000000000000000 ) ) ;
#3236 = CARTESIAN_POINT ( 'NONE',  ( 6.462500000000001200, -0.9577164262227507700, 0.5529378364870311000 ) ) ;
#3237 = CARTESIAN_POINT ( 'NONE',  ( -5.206250000000000700, -2.651438096812266900E-016, -1.443375672974064100 ) ) ;
#3238 =( BOUNDED_CURVE ( )  B_SPLINE_CURVE ( 2, ( #699, #3920, #1035, #714, #3880, #2473, #4264, #3224, #3589 ),
 .UNSPECIFIED., .F., .F. ) 
 B_SPLINE_CURVE_WITH_KNOTS ( ( 3, 2, 2, 2, 3 ),
 ( 0.1590909090909090900, 0.1666666666666666600, 0.1818181818181818200, 0.1969696969696969600, 0.2045454545454545600 ),
 .UNSPECIFIED. ) 
 CURVE ( )  GEOMETRIC_REPRESENTATION_ITEM ( )  RATIONAL_B_SPLINE_CURVE ( ( 0.9330127018922194100, 0.9330127018922194100, 1.000000000000000000, 0.8660254037844387100, 1.000000000000000000, 0.8660254037844387100, 1.000000000000000000, 0.9330127018922191900, 0.9330127018922193000 ) ) 
 REPRESENTATION_ITEM ( '' )  );
#3239 = AXIS2_PLACEMENT_3D ( 'NONE', #2352, #2715, #549 ) ;
#3240 = EDGE_CURVE ( 'NONE', #4543, #2740, #1469, .T. ) ;
#3241 = CARTESIAN_POINT ( 'NONE',  ( 3.050000000000000300, 0.0000000000000000000, -1.250000000000000000 ) ) ;
#3242 = CARTESIAN_POINT ( 'NONE',  ( -4.362499999999999800, -4.938688641342514700E-016, -1.249999999999999800 ) ) ;
#3243 = CARTESIAN_POINT ( 'NONE',  ( 6.162499999999999600, -2.651438096812267400E-016, 1.443375672974064300 ) ) ;
#3244 = CARTESIAN_POINT ( 'NONE',  ( -3.387499999999999300, -0.9577164262227497700, 0.5529378364870313200 ) ) ;
#3245 = ADVANCED_FACE ( 'NONE', ( #272 ), #1232, .T. ) ;
#3246 = CARTESIAN_POINT ( 'NONE',  ( -6.556249999999999500, 6.771535515813051300E-017, 1.105875672974062000 ) ) ;
#3247 = LINE ( 'NONE', #494, #2666 ) ;
#3248 = CARTESIAN_POINT ( 'NONE',  ( -5.993749999999999500, -0.9577164262227499900, 1.172864355864533000E-016 ) ) ;
#3249 = VECTOR ( 'NONE', #59, 1000.000000000000000 ) ;
#3250 = CARTESIAN_POINT ( 'NONE',  ( 6.368749999999999500, 0.6250000000000001100, -1.082531754730548400 ) ) ;
#3251 = CARTESIAN_POINT ( 'NONE',  ( -4.699999999999999300, 1.249999999999999800, 0.0000000000000000000 ) ) ;
#3252 = CARTESIAN_POINT ( 'NONE',  ( 5.918750000000000200, -0.4788582131113757200, 0.8294067547305469200 ) ) ;
#3253 = CARTESIAN_POINT ( 'NONE',  ( 6.143749999999999800, -0.6250000000000005600, 1.082531754730548200 ) ) ;
#3254 = ORIENTED_EDGE ( 'NONE', *, *, #3830, .F. ) ;
#3255 = CARTESIAN_POINT ( 'NONE',  ( 6.349999999999999600, 0.4788582131113746100, 0.8294067547305475900 ) ) ;
#3256 = CARTESIAN_POINT ( 'NONE',  ( -3.818750000000000100, 0.6249999999999990000, -1.082531754730548600 ) ) ;
#3257 = CARTESIAN_POINT ( 'NONE',  ( 6.888862027087006900, -0.6558700936709854800, 0.7272088978396943300 ) ) ;
#3258 = CARTESIAN_POINT ( 'NONE',  ( 3.518750000000000300, 0.9577164262227506600, 0.0000000000000000000 ) ) ;
#3259 = CARTESIAN_POINT ( 'NONE',  ( 4.132323573777249200, -0.08627377037916150700, -1.247019180503877900 ) ) ;
#3260 =( BOUNDED_CURVE ( )  B_SPLINE_CURVE ( 2, ( #236, #2053, #1664, #563, #2752, #2786, #2440 ),
 .UNSPECIFIED., .F., .F. ) 
 B_SPLINE_CURVE_WITH_KNOTS ( ( 3, 2, 2, 3 ),
 ( 0.08967863054749983200, 0.09090909090909091200, 0.1060606060606060600, 0.1136363636363636500 ),
 .UNSPECIFIED. ) 
 CURVE ( )  GEOMETRIC_REPRESENTATION_ITEM ( )  RATIONAL_B_SPLINE_CURVE ( ( 0.9800069020319381900, 0.9891198716131743800, 1.000000000000000000, 0.8660254037844387100, 1.000000000000000000, 0.9330127018922193000, 0.9330127018922194100 ) ) 
 REPRESENTATION_ITEM ( '' )  );
#3261 = CARTESIAN_POINT ( 'NONE',  ( -5.487499999999998900, 1.743066579297358300E-016, 1.249999999999999600 ) ) ;
#3262 = CARTESIAN_POINT ( 'NONE',  ( 4.512499999999999300, -1.250000000000000000, -0.7216878364870327200 ) ) ;
#3263 = CARTESIAN_POINT ( 'NONE',  ( -6.331249999999998000, -2.031460654743915200E-016, -1.105875672974062000 ) ) ;
#3264 = CARTESIAN_POINT ( 'NONE',  ( -6.631249999999998800, 0.9577164262227498800, 0.5529378364870308800 ) ) ;
#3265 = VERTEX_POINT ( 'NONE', #3573 ) ;
#3266 = CARTESIAN_POINT ( 'NONE',  ( -6.949999999999999300, 0.0000000000000000000, 0.0000000000000000000 ) ) ;
#3267 = CARTESIAN_POINT ( 'NONE',  ( -3.687500000000000000, 8.838126989374222200E-017, 1.443375672974064100 ) ) ;
#3268 = CARTESIAN_POINT ( 'NONE',  ( 6.593750000000000000, -0.6250000000000005600, 1.082531754730548200 ) ) ;
#3269 = CARTESIAN_POINT ( 'NONE',  ( 7.099999999999999600, 0.4788582131113754400, -0.8294067547305471500 ) ) ;
#3270 = CARTESIAN_POINT ( 'NONE',  ( -2.993749999999999900, -0.6250000000000004400, -1.082531754730548000 ) ) ;
#3271 = CARTESIAN_POINT ( 'NONE',  ( 6.407596189432334600, 0.3349364905389034500, -1.250000000000000000 ) ) ;
#3272 = CARTESIAN_POINT ( 'NONE',  ( 3.256250000000000100, -0.9577164262227507700, 0.5529378364870311000 ) ) ;
#3273 = CARTESIAN_POINT ( 'NONE',  ( -5.750000000000000000, -0.6250000000000004400, -1.082531754730548000 ) ) ;
#3274 = ORIENTED_EDGE ( 'NONE', *, *, #1456, .T. ) ;
#3275 = CARTESIAN_POINT ( 'NONE',  ( 6.612499999999999800, -2.651438096812267400E-016, 1.443375672974064300 ) ) ;
#3276 = DIRECTION ( 'NONE',  ( -1.000000000000000000, -0.0000000000000000000, -0.0000000000000000000 ) ) ;
#3277 = ORIENTED_EDGE ( 'NONE', *, *, #4036, .F. ) ;
#3278 = CARTESIAN_POINT ( 'NONE',  ( -3.424999999999999400, -0.4788582131113747800, 0.8294067547305465900 ) ) ;
#3279 = CONICAL_SURFACE ( 'NONE', #1711, 0.9551764262227507900, 0.7853981633974498300 ) ;
#3280 = CARTESIAN_POINT ( 'NONE',  ( 6.904783573777249800, -0.9450302765529308100, -0.1553657924228126200 ) ) ;
#3281 = CARTESIAN_POINT ( 'NONE',  ( -5.431250000000000400, -2.031460654743915200E-016, -1.105875672974062000 ) ) ;
#3282 = FACE_OUTER_BOUND ( 'NONE', #3824, .T. ) ;
#3283 = DIRECTION ( 'NONE',  ( -1.000000000000000000, 0.0000000000000000000, 0.0000000000000000000 ) ) ;
#3284 = CARTESIAN_POINT ( 'NONE',  ( -2.825000000000000200, 0.6250000000000000000, 1.082531754730548200 ) ) ;
#3285 = ORIENTED_EDGE ( 'NONE', *, *, #158, .T. ) ;
#3286 = CARTESIAN_POINT ( 'NONE',  ( -5.824999999999999300, 0.9577164262227499900, 0.0000000000000000000 ) ) ;
#3287 = CARTESIAN_POINT ( 'NONE',  ( -7.099999999999998800, 0.4788582131113751100, 0.8294067547305464800 ) ) ;
#3289 = ORIENTED_EDGE ( 'NONE', *, *, #3550, .T. ) ;
#3288 = CARTESIAN_POINT ( 'NONE',  ( -2.150000000000000800, 0.0000000000000000000, 0.0000000000000000000 ) ) ;
#3290 = EDGE_CURVE ( 'NONE', #3323, #3993, #1804, .T. ) ;
#3291 = CARTESIAN_POINT ( 'NONE',  ( 4.568749999999999600, -0.4788582131113757200, 0.8294067547305469200 ) ) ;
#3292 = DIRECTION ( 'NONE',  ( -1.000000000000000000, 0.0000000000000000000, 0.0000000000000000000 ) ) ;
#3293 = CARTESIAN_POINT ( 'NONE',  ( 4.174999999999999800, 0.6250000000000001100, -1.082531754730548400 ) ) ;
#3294 = CARTESIAN_POINT ( 'NONE',  ( -2.150000000000000800, 0.0000000000000000000, 1.250000000000000000 ) ) ;
#3295 = CARTESIAN_POINT ( 'NONE',  ( -3.237499999999998900, -2.031460654743915200E-016, -1.105875672974062000 ) ) ;
#3296 = ORIENTED_EDGE ( 'NONE', *, *, #459, .T. ) ;
#3297 = VERTEX_POINT ( 'NONE', #2090 ) ;
#3298 = CARTESIAN_POINT ( 'NONE',  ( -5.318749999999998800, 0.9577164262227499900, 0.0000000000000000000 ) ) ;
#3299 = CARTESIAN_POINT ( 'NONE',  ( -7.006249999999998800, 6.771535515813051300E-017, 1.105875672974062000 ) ) ;
#3300 = DIRECTION ( 'NONE',  ( 1.000000000000000000, 0.0000000000000000000, -0.0000000000000000000 ) ) ;
#3301 = CARTESIAN_POINT ( 'NONE',  ( -3.012499999999999300, -2.651438096812266900E-016, -1.443375672974064100 ) ) ;
#3302 = CARTESIAN_POINT ( 'NONE',  ( -5.562499999999999100, -0.9577164262227502200, -0.5529378364870306500 ) ) ;
#3303 = CARTESIAN_POINT ( 'NONE',  ( -4.043750000000000200, -0.6249999999999995600, 1.082531754730548400 ) ) ;
#3304 = CARTESIAN_POINT ( 'NONE',  ( -5.843750000000000000, -0.6249999999999995600, 1.082531754730548400 ) ) ;
#3305 = LINE ( 'NONE', #3666, #396 ) ;
#3306 = CARTESIAN_POINT ( 'NONE',  ( 4.643750000000000700, -0.9577164262227506600, -1.172864355864533800E-016 ) ) ;
#3307 = CARTESIAN_POINT ( 'NONE',  ( 4.399999999999999500, -0.6250000000000005600, 1.082531754730548200 ) ) ;
#3308 = DIRECTION ( 'NONE',  ( -1.000000000000000000, -0.0000000000000000000, -0.0000000000000000000 ) ) ;
#3309 = CYLINDRICAL_SURFACE ( 'NONE', #11, 1.250000000000000000 ) ;
#3310 = CARTESIAN_POINT ( 'NONE',  ( -6.593749999999999100, 0.4788582131113751100, 0.8294067547305464800 ) ) ;
#3311 = CARTESIAN_POINT ( 'NONE',  ( -5.618749999999999500, -0.4788582131113747800, 0.8294067547305465900 ) ) ;
#3312 = CARTESIAN_POINT ( 'NONE',  ( -6.068749999999999600, 0.6249999999999990000, -1.082531754730548600 ) ) ;
#3313 = ORIENTED_EDGE ( 'NONE', *, *, #2613, .T. ) ;
#3314 = CARTESIAN_POINT ( 'NONE',  ( -4.512499999999998400, -1.249999999999999800, 0.7216878364870323900 ) ) ;
#3315 = CARTESIAN_POINT ( 'NONE',  ( -6.199999999999999300, 0.4788582131113751100, 0.8294067547305464800 ) ) ;
#3316 = CARTESIAN_POINT ( 'NONE',  ( -6.424999999999998900, -0.4788582131113754400, -0.8294067547305463700 ) ) ;
#3317 = EDGE_CURVE ( 'NONE', #1999, #2605, #4209, .T. ) ;
#3318 = EDGE_LOOP ( 'NONE', ( #614, #899, #4418, #3481 ) ) ;
#3319 = CARTESIAN_POINT ( 'NONE',  ( 5.206250000000000700, 6.771535515813057500E-017, -1.105875672974062900 ) ) ;
#3320 = CARTESIAN_POINT ( 'NONE',  ( 3.050000000000000300, 0.0000000000000000000, 0.0000000000000000000 ) ) ;
#3321 = DIRECTION ( 'NONE',  ( -1.000000000000000000, -0.0000000000000000000, -0.0000000000000000000 ) ) ;
#3322 = ORIENTED_EDGE ( 'NONE', *, *, #2695, .F. ) ;
#3323 = VERTEX_POINT ( 'NONE', #343 ) ;
#3324 =( BOUNDED_CURVE ( )  B_SPLINE_CURVE ( 2, ( #3123, #555, #3512, #906, #2792, #185, #2741, #954, #2039 ),
 .UNSPECIFIED., .F., .F. ) 
 B_SPLINE_CURVE_WITH_KNOTS ( ( 3, 2, 2, 2, 3 ),
 ( 0.2250000000000000100, 0.2333333333333333400, 0.2500000000000000000, 0.2666666666666666600, 0.2750000000000000200 ),
 .UNSPECIFIED. ) 
 CURVE ( )  GEOMETRIC_REPRESENTATION_ITEM ( )  RATIONAL_B_SPLINE_CURVE ( ( 0.9330127018922194100, 0.9330127018922194100, 1.000000000000000000, 0.8660254037844387100, 1.000000000000000000, 0.8660254037844387100, 1.000000000000000000, 0.9330127018922191900, 0.9330127018922194100 ) ) 
 REPRESENTATION_ITEM ( '' )  );
#3325 = CARTESIAN_POINT ( 'NONE',  ( -3.293749999999999300, -0.9577164262227499900, 1.172864355864533000E-016 ) ) ;
#3326 = CARTESIAN_POINT ( 'NONE',  ( -4.681249999999999500, -0.9577164262227497700, 0.5529378364870313200 ) ) ;
#3327 = CARTESIAN_POINT ( 'NONE',  ( -6.949999999999999300, 0.0000000000000000000, -2.250000000000000000 ) ) ;
#3328 = CARTESIAN_POINT ( 'NONE',  ( -2.225000000000000500, -1.249999999999999800, 1.530808498934191300E-016 ) ) ;
#3329 = VERTEX_POINT ( 'NONE', #4641 ) ;
#3330 = AXIS2_PLACEMENT_3D ( 'NONE', #143, #3742, #846 ) ;
#3331 = EDGE_CURVE ( 'NONE', #772, #3297, #1350, .T. ) ;
#3332 = CIRCLE ( 'NONE', #1776, 1.300800000000000000 ) ;
#3333 = CARTESIAN_POINT ( 'NONE',  ( -4.024999999999999500, 0.9577164262227499900, 0.0000000000000000000 ) ) ;
#3334 = CARTESIAN_POINT ( 'NONE',  ( -5.656250000000000900, 1.888322127572138500E-015, -1.249999999999999800 ) ) ;
#3335 = ORIENTED_EDGE ( 'NONE', *, *, #1665, .T. ) ;
#3336 = CYLINDRICAL_SURFACE ( 'NONE', #2952, 1.250000000000000000 ) ;
#3337 = CARTESIAN_POINT ( 'NONE',  ( 2.849038105676659200, 1.299038105676657600, 2.250000000000000900 ) ) ;
#3338 = DIRECTION ( 'NONE',  ( 0.0000000000000000000, 0.0000000000000000000, 1.000000000000000000 ) ) ;
#3339 = CARTESIAN_POINT ( 'NONE',  ( 4.456249999999999800, -1.250000000000000000, -0.7216878364870327200 ) ) ;
#3340 = CARTESIAN_POINT ( 'NONE',  ( -5.037499999999999600, 1.743066579297358300E-016, 1.249999999999999600 ) ) ;
#3341 = CC_DESIGN_SECURITY_CLASSIFICATION ( #3079, ( #2096 ) ) ;
#3342 = CARTESIAN_POINT ( 'NONE',  ( -4.793749999999999300, -0.6250000000000004400, -1.082531754730548000 ) ) ;
#3343 = CARTESIAN_POINT ( 'NONE',  ( -4.718749999999999100, -0.4788582131113747800, 0.8294067547305465900 ) ) ;
#3344 = CARTESIAN_POINT ( 'NONE',  ( -4.606249999999999300, -0.9577164262227502200, -0.5529378364870306500 ) ) ;
#3345 = CARTESIAN_POINT ( 'NONE',  ( 4.418750000000001100, 0.9577164262227506600, 0.0000000000000000000 ) ) ;
#3346 = CARTESIAN_POINT ( 'NONE',  ( -4.737499999999998900, -0.9577164262227497700, 0.5529378364870313200 ) ) ;
#3347 = VERTEX_POINT ( 'NONE', #1365 ) ;
#3348 = CARTESIAN_POINT ( 'NONE',  ( 3.012500000000000200, 6.771535515813057500E-017, -1.105875672974062900 ) ) ;
#3349 = EDGE_CURVE ( 'NONE', #2990, #78, #1915, .T. ) ;
#3350 = DIRECTION ( 'NONE',  ( -0.7071067811865495700, 0.0000000000000000000, 0.7071067811865454600 ) ) ;
#3351 = PLANE ( 'NONE',  #4633 ) ;
#3352 = EDGE_LOOP ( 'NONE', ( #3772, #4148, #1658, #2546, #1978, #2650, #1136, #3787, #3431 ) ) ;
#3353 = CARTESIAN_POINT ( 'NONE',  ( 3.856439681959726400, -0.7797779700409449600, -0.5905010601226666800 ) ) ;
#3354 = CARTESIAN_POINT ( 'NONE',  ( -5.599999999999998800, -0.9577164262227499900, 1.172864355864533000E-016 ) ) ;
#3355 = CARTESIAN_POINT ( 'NONE',  ( -5.018749999999998900, -0.4788582131113754400, -0.8294067547305463700 ) ) ;
#3356 = AXIS2_PLACEMENT_3D ( 'NONE', #4247, #1726, #1759 ) ;
#3357 = CARTESIAN_POINT ( 'NONE',  ( -2.806249999999999500, -0.9577164262227502200, -0.5529378364870306500 ) ) ;
#3358 = CARTESIAN_POINT ( 'NONE',  ( 4.268749999999999800, -0.4788582131113751100, -0.8294067547305472600 ) ) ;
#3359 = CYLINDRICAL_SURFACE ( 'NONE', #4309, 1.250000000000000000 ) ;
#3360 = CARTESIAN_POINT ( 'NONE',  ( -3.931249999999999900, -1.250000000000000000, -0.7216878364870316100 ) ) ;
#3361 = CARTESIAN_POINT ( 'NONE',  ( -4.512499999999998400, 0.9577164262227496600, -0.5529378364870315400 ) ) ;
#3362 = CIRCLE ( 'NONE', #2896, 2.249999999999999600 ) ;
#3363 = CARTESIAN_POINT ( 'NONE',  ( 3.050000000000000300, 0.0000000000000000000, 0.0000000000000000000 ) ) ;
#3364 = CC_DESIGN_DATE_AND_TIME_ASSIGNMENT ( #2899, #3378, ( #2283 ) ) ;
#3365 = VERTEX_POINT ( 'NONE', #3242 ) ;
#3366 = FACE_OUTER_BOUND ( 'NONE', #4295, .T. ) ;
#3367 = CARTESIAN_POINT ( 'NONE',  ( -5.637499999999999300, -0.9577164262227497700, 0.5529378364870313200 ) ) ;
#3368 = CARTESIAN_POINT ( 'NONE',  ( 2.937499999999999600, -0.9577164262227504400, -0.5529378364870317600 ) ) ;
#3369 = CARTESIAN_POINT ( 'NONE',  ( -4.531249999999999100, -2.031460654743915200E-016, -1.105875672974062000 ) ) ;
#3370 = CARTESIAN_POINT ( 'NONE',  ( -4.718749999999999100, -0.4788582131113747800, 0.8294067547305465900 ) ) ;
#3371 = CARTESIAN_POINT ( 'NONE',  ( 5.393749999999999800, 0.4788582131113746100, 0.8294067547305475900 ) ) ;
#3372 = CARTESIAN_POINT ( 'NONE',  ( -3.856249999999999700, -4.938688641342514700E-016, -1.249999999999999800 ) ) ;
#3374 = ORIENTED_EDGE ( 'NONE', *, *, #2235, .T. ) ;
#3373 = CARTESIAN_POINT ( 'NONE',  ( -5.224999999999998800, -0.4788582131113747800, 0.8294067547305465900 ) ) ;
#3375 = EDGE_CURVE ( 'NONE', #4501, #2514, #3238, .T. ) ;
#3376 = CARTESIAN_POINT ( 'NONE',  ( -6.592403810567665400, 0.3349364905389030600, -1.249999999999999800 ) ) ;
#3377 = CARTESIAN_POINT ( 'NONE',  ( 3.087499999999999900, 0.9577164262227506600, -0.5529378364870313200 ) ) ;
#3378 = DATE_TIME_ROLE ( 'creation_date' ) ;
#3379 =( BOUNDED_CURVE ( )  B_SPLINE_CURVE ( 2, ( #167, #4107, #1997, #583, #2031, #4571, #4213, #3483, #2732 ),
 .UNSPECIFIED., .F., .F. ) 
 B_SPLINE_CURVE_WITH_KNOTS ( ( 3, 2, 2, 2, 3 ),
 ( 0.4750000000000000300, 0.4833333333333333400, 0.5000000000000000000, 0.5166666666666667200, 0.5250000000000000200 ),
 .UNSPECIFIED. ) 
 CURVE ( )  GEOMETRIC_REPRESENTATION_ITEM ( )  RATIONAL_B_SPLINE_CURVE ( ( 0.9330127018922194100, 0.9330127018922196300, 1.000000000000000000, 0.8660254037844387100, 1.000000000000000000, 0.8660254037844387100, 1.000000000000000000, 0.9330127018922194100, 0.9330127018922194100 ) ) 
 REPRESENTATION_ITEM ( '' )  );
#3380 = CARTESIAN_POINT ( 'NONE',  ( -5.412499999999997900, 0.9577164262227496600, -0.5529378364870315400 ) ) ;
#3381 = CARTESIAN_POINT ( 'NONE',  ( 4.137500000000001100, -2.031460654743916600E-016, 1.105875672974062900 ) ) ;
#3382 = CARTESIAN_POINT ( 'NONE',  ( -4.306249999999999500, 6.771535515813051300E-017, 1.105875672974062000 ) ) ;
#3383 = VERTEX_POINT ( 'NONE', #2838 ) ;
#3384 = CARTESIAN_POINT ( 'NONE',  ( -4.756249999999999600, 6.771535515813051300E-017, 1.105875672974062000 ) ) ;
#3385 = FACE_OUTER_BOUND ( 'NONE', #876, .T. ) ;
#3386 = CARTESIAN_POINT ( 'NONE',  ( 5.543750000000000200, -0.9577164262227506600, -1.172864355864533800E-016 ) ) ;
#3387 = ADVANCED_FACE ( 'NONE', ( #2784 ), #4471, .T. ) ;
#3388 = AXIS2_PLACEMENT_3D ( 'NONE', #4043, #1125, #770 ) ;
#3389 = EDGE_CURVE ( 'NONE', #1131, #3297, #2470, .T. ) ;
#3390 = CARTESIAN_POINT ( 'NONE',  ( -4.287499999999999600, -0.9577164262227497700, 0.5529378364870313200 ) ) ;
#3391 = CARTESIAN_POINT ( 'NONE',  ( -6.462499999999999500, 1.250000000000000000, 0.7216878364870319400 ) ) ;
#3392 = CARTESIAN_POINT ( 'NONE',  ( 4.512500000000000200, 0.9577164262227503300, 0.5529378364870319900 ) ) ;
#3393 = ORIENTED_EDGE ( 'NONE', *, *, #4025, .F. ) ;
#3394 = CARTESIAN_POINT ( 'NONE',  ( -5.468750000000000000, 0.6250000000000000000, 1.082531754730548200 ) ) ;
#3395 = VERTEX_POINT ( 'NONE', #1410 ) ;
#3396 = CARTESIAN_POINT ( 'NONE',  ( -4.549999999999998900, 0.4788582131113742800, -0.8294067547305469200 ) ) ;
#3397 = CARTESIAN_POINT ( 'NONE',  ( 4.962499999999999500, 0.9577164262227503300, 0.5529378364870319900 ) ) ;
#3398 = CARTESIAN_POINT ( 'NONE',  ( -5.411153810567666000, -0.3349364905389030600, 1.249999999999999800 ) ) ;
#3399 = CARTESIAN_POINT ( 'NONE',  ( 4.606250000000000200, -0.9577164262227508800, 0.5529378364870311000 ) ) ;
#3400 = ORIENTED_EDGE ( 'NONE', *, *, #488, .T. ) ;
#3401 = EDGE_CURVE ( 'NONE', #4347, #3737, #512, .T. ) ;
#3402 = DIRECTION ( 'NONE',  ( 0.0000000000000000000, 0.0000000000000000000, 1.000000000000000000 ) ) ;
#3403 = CARTESIAN_POINT ( 'NONE',  ( -3.499999999999999100, 0.4788582131113751100, 0.8294067547305464800 ) ) ;
#3404 = CARTESIAN_POINT ( 'NONE',  ( -6.537499999999999600, 1.249999999999999300, -0.7216878364870328300 ) ) ;
#3405 = CARTESIAN_POINT ( 'NONE',  ( 3.275000000000000400, -0.4788582131113757200, 0.8294067547305469200 ) ) ;
#3406 = DIRECTION ( 'NONE',  ( 0.0000000000000000000, 0.0000000000000000000, -1.000000000000000000 ) ) ;
#3407 = CARTESIAN_POINT ( 'NONE',  ( -2.149999999999999900, -0.6250000000000004400, -1.082531754730548000 ) ) ;
#3408 =( NAMED_UNIT ( * ) PLANE_ANGLE_UNIT ( ) SI_UNIT ( $, .RADIAN. ) );
#3409 = CARTESIAN_POINT ( 'NONE',  ( -7.043749999999998400, 0.4788582131113751100, 0.8294067547305464800 ) ) ;
#3410 = MANIFOLD_SOLID_BREP ( 'Extrude8', #2308 ) ;
#3411 = CARTESIAN_POINT ( 'NONE',  ( 5.074999999999999300, -0.4788582131113757200, 0.8294067547305469200 ) ) ;
#3412 = CARTESIAN_POINT ( 'NONE',  ( 4.062500000000000000, 0.9577164262227503300, 0.5529378364870319900 ) ) ;
#3413 = CARTESIAN_POINT ( 'NONE',  ( 2.849038105676658300, 1.299038105676658400, -2.250000000000001300 ) ) ;
#3414 = DIRECTION ( 'NONE',  ( -1.000000000000000000, -0.0000000000000000000, -0.0000000000000000000 ) ) ;
#3415 = CARTESIAN_POINT ( 'NONE',  ( 3.050000000000000300, 0.0000000000000000000, 0.0000000000000000000 ) ) ;
#3416 = ORIENTED_EDGE ( 'NONE', *, *, #4094, .T. ) ;
#3417 = DIRECTION ( 'NONE',  ( 1.000000000000000000, 0.0000000000000000000, 0.0000000000000000000 ) ) ;
#3418 = CARTESIAN_POINT ( 'NONE',  ( -4.887499999999999300, -1.250000000000000000, -0.7216878364870316100 ) ) ;
#3419 = CARTESIAN_POINT ( 'NONE',  ( 4.812500000000000000, 1.714015469642402100E-015, 1.250000000000000000 ) ) ;
#3420 = CARTESIAN_POINT ( 'NONE',  ( -5.074999999999999300, 0.6250000000000000000, 1.082531754730548200 ) ) ;
#3421 = CARTESIAN_POINT ( 'NONE',  ( -5.318749999999998800, 0.9577164262227499900, 0.0000000000000000000 ) ) ;
#3422 = CARTESIAN_POINT ( 'NONE',  ( -3.912499999999999600, 6.771535515813051300E-017, 1.105875672974062000 ) ) ;
#3423 = CARTESIAN_POINT ( 'NONE',  ( 3.837500000000000800, -0.9577164262227504400, -0.5529378364870317600 ) ) ;
#3424 = DIRECTION ( 'NONE',  ( -1.000000000000000000, -0.0000000000000000000, -0.0000000000000000000 ) ) ;
#3425 = ORIENTED_EDGE ( 'NONE', *, *, #4232, .F. ) ;
#3426 = CARTESIAN_POINT ( 'NONE',  ( 6.862127497258535800, 2.821246222143669400E-011, 1.000372502741462500 ) ) ;
#3427 = ORIENTED_EDGE ( 'NONE', *, *, #3401, .F. ) ;
#3428 = CARTESIAN_POINT ( 'NONE',  ( 4.325000000000001100, -0.4788582131113751100, -0.8294067547305472600 ) ) ;
#3429 = CARTESIAN_POINT ( 'NONE',  ( -3.649999999999999500, 0.4788582131113742800, -0.8294067547305469200 ) ) ;
#3430 = EDGE_CURVE ( 'NONE', #2285, #2990, #3975, .T. ) ;
#3431 = ORIENTED_EDGE ( 'NONE', *, *, #3223, .F. ) ;
#3432 = CARTESIAN_POINT ( 'NONE',  ( -6.574999999999999300, 0.6249999999999990000, -1.082531754730548600 ) ) ;
#3433 = CARTESIAN_POINT ( 'NONE',  ( 5.017403810567665300, -0.3349364905389042300, -1.249999999999999600 ) ) ;
#3434 = CARTESIAN_POINT ( 'NONE',  ( -6.815230097854903400, 1.070346096795872400, 0.4872683675951569600 ) ) ;
#3435 = CARTESIAN_POINT ( 'NONE',  ( -6.856249999999998400, -0.9577164262227502200, -0.5529378364870306500 ) ) ;
#3436 = ORIENTED_EDGE ( 'NONE', *, *, #3746, .F. ) ;
#3437 = LINE ( 'NONE', #3458, #4391 ) ;
#3438 = CARTESIAN_POINT ( 'NONE',  ( -4.324999999999999300, -0.4788582131113747800, 0.8294067547305465900 ) ) ;
#3439 = CARTESIAN_POINT ( 'NONE',  ( 6.631249999999999600, -1.250000000000000200, 0.7216878364870317200 ) ) ;
#3440 = CARTESIAN_POINT ( 'NONE',  ( -2.468749999999999600, -0.4788582131113747800, 0.8294067547305465900 ) ) ;
#3441 = CARTESIAN_POINT ( 'NONE',  ( -2.393749999999999800, -0.9577164262227499900, 1.172864355864533000E-016 ) ) ;
#3442 = ORIENTED_EDGE ( 'NONE', *, *, #3430, .T. ) ;
#3443 = VERTEX_POINT ( 'NONE', #324 ) ;
#3444 = CARTESIAN_POINT ( 'NONE',  ( 4.718750000000000000, 0.6249999999999991100, 1.082531754730548900 ) ) ;
#3445 = CARTESIAN_POINT ( 'NONE',  ( -3.912499999999999600, 6.771535515813051300E-017, 1.105875672974062000 ) ) ;
#3446 = CARTESIAN_POINT ( 'NONE',  ( -4.681249999999999500, -0.9577164262227497700, 0.5529378364870313200 ) ) ;
#3447 = CARTESIAN_POINT ( 'NONE',  ( -6.861101550231286000, -0.8717536559149702300, 2.250000000000000900 ) ) ;
#3448 = CARTESIAN_POINT ( 'NONE',  ( -3.237499999999999400, 1.743066579297358300E-016, 1.249999999999999600 ) ) ;
#3449 = DIRECTION ( 'NONE',  ( 1.000000000000000000, 0.0000000000000000000, 0.0000000000000000000 ) ) ;
#3450 = ORIENTED_EDGE ( 'NONE', *, *, #670, .T. ) ;
#3451 = CARTESIAN_POINT ( 'NONE',  ( -5.956249999999999800, -0.9577164262227502200, -0.5529378364870306500 ) ) ;
#3452 = CARTESIAN_POINT ( 'NONE',  ( -6.949999999999999300, 0.0000000000000000000, 2.250000000000000000 ) ) ;
#3453 = CARTESIAN_POINT ( 'NONE',  ( -2.693750000000000100, 0.4788582131113742800, -0.8294067547305469200 ) ) ;
#3454 = ORIENTED_EDGE ( 'NONE', *, *, #931, .F. ) ;
#3455 = CARTESIAN_POINT ( 'NONE',  ( 5.037499999999999600, -2.033577675846917700E-015, -1.249999999999999800 ) ) ;
#3456 = EDGE_CURVE ( 'NONE', #2887, #724, #2799, .T. ) ;
#3457 =( BOUNDED_CURVE ( )  B_SPLINE_CURVE ( 2, ( #2947, #1444, #1461, #1488, #2194, #4015, #2557, #2963, #2572 ),
 .UNSPECIFIED., .F., .F. ) 
 B_SPLINE_CURVE_WITH_KNOTS ( ( 3, 2, 2, 2, 3 ),
 ( 0.2500000000000000000, 0.2575757575757575700, 0.2727272727272727100, 0.2878787878787879000, 0.2954545454545454700 ),
 .UNSPECIFIED. ) 
 CURVE ( )  GEOMETRIC_REPRESENTATION_ITEM ( )  RATIONAL_B_SPLINE_CURVE ( ( 0.9330127018922194100, 0.9330127018922194100, 1.000000000000000000, 0.8660254037844387100, 1.000000000000000000, 0.8660254037844387100, 1.000000000000000000, 0.9330127018922194100, 0.9330127018922194100 ) ) 
 REPRESENTATION_ITEM ( '' )  );
#3458 = CARTESIAN_POINT ( 'NONE',  ( -6.949999999999999300, 1.299038105676658400, -2.250000000000001300 ) ) ;
#3459 = CARTESIAN_POINT ( 'NONE',  ( -4.512499999999998400, 0.9577164262227496600, -0.5529378364870315400 ) ) ;
#3460 = CARTESIAN_POINT ( 'NONE',  ( -3.387499999999999700, -0.9577164262227497700, 0.5529378364870313200 ) ) ;
#3461 = CARTESIAN_POINT ( 'NONE',  ( 6.643432167217762100, -1.216827991556980200, 0.1382527587315876800 ) ) ;
#3462 = CARTESIAN_POINT ( 'NONE',  ( -4.606249999999999300, -0.9577164262227502200, -0.5529378364870306500 ) ) ;
#3463 = CARTESIAN_POINT ( 'NONE',  ( 3.837499999999999900, 0.0000000000000000000, 0.0000000000000000000 ) ) ;
#3464 = CYLINDRICAL_SURFACE ( 'NONE', #1454, 1.250000000000000000 ) ;
#3465 = CARTESIAN_POINT ( 'NONE',  ( 5.299999999999999800, -0.6250000000000005600, 1.082531754730548200 ) ) ;
#3466 = CARTESIAN_POINT ( 'NONE',  ( -6.861101550231286000, -0.8717536559149684500, -2.250000000000001800 ) ) ;
#3467 = CARTESIAN_POINT ( 'NONE',  ( -4.193749999999999600, 1.249999999999999800, 0.0000000000000000000 ) ) ;
#3468 = EDGE_LOOP ( 'NONE', ( #109, #2643, #4012, #2339, #2834, #816, #3289, #927, #366, #2047, #486, #1447, #229, #1428, #94, #3628, #1459, #2221, #4508, #1034, #4602, #1209, #2599, #1310, #1712, #1559, #1966 ) ) ;
#3469 = ORIENTED_EDGE ( 'NONE', *, *, #3850, .F. ) ;
#3470 = CARTESIAN_POINT ( 'NONE',  ( 4.017515525978082800, -0.5855137814848395700, 0.9841490449089813600 ) ) ;
#3471 = EDGE_CURVE ( 'NONE', #2280, #3616, #1031, .T. ) ;
#3472 = ADVANCED_FACE ( 'NONE', ( #3845 ), #110, .T. ) ;
#3473 = CARTESIAN_POINT ( 'NONE',  ( -7.268749999999998900, 0.6250000000000000000, 1.082531754730548200 ) ) ;
#3474 = CARTESIAN_POINT ( 'NONE',  ( -4.437499999999998200, 0.9577164262227498800, 0.5529378364870308800 ) ) ;
#3475 = CARTESIAN_POINT ( 'NONE',  ( -2.150000000000000800, 0.0000000000000000000, 0.0000000000000000000 ) ) ;
#3476 = CARTESIAN_POINT ( 'NONE',  ( -2.806249999999999500, -0.9577164262227502200, -0.5529378364870306500 ) ) ;
#3477 = CARTESIAN_POINT ( 'NONE',  ( -6.949999999999999300, 2.598076211353316500, 9.161973734447515100E-016 ) ) ;
#3478 = DIRECTION ( 'NONE',  ( -1.000000000000000000, 0.0000000000000000000, 0.0000000000000000000 ) ) ;
#3479 = CARTESIAN_POINT ( 'NONE',  ( 5.168749999999999300, 0.6249999999999991100, 1.082531754730548900 ) ) ;
#3480 = CARTESIAN_POINT ( 'NONE',  ( 3.050000000000001600, -1.838311014891737200, 1.315951922094003700 ) ) ;
#3481 = ORIENTED_EDGE ( 'NONE', *, *, #182, .F. ) ;
#3482 = CARTESIAN_POINT ( 'NONE',  ( 3.293750000000000200, -0.9577164262227506600, -1.172864355864533800E-016 ) ) ;
#3483 = CARTESIAN_POINT ( 'NONE',  ( 4.607596189432333800, 0.3349364905389034500, -1.250000000000000000 ) ) ;
#3484 = CARTESIAN_POINT ( 'NONE',  ( 5.487499999999998900, -2.033577675846917700E-015, -1.249999999999999800 ) ) ;
#3485 = CARTESIAN_POINT ( 'NONE',  ( 6.747239796930794700, 0.6551035642419835700, -0.9134529069516951200 ) ) ;
#3486 = CARTESIAN_POINT ( 'NONE',  ( -6.818749999999999600, 0.6250000000000000000, 1.082531754730548200 ) ) ;
#3487 =( BOUNDED_CURVE ( )  B_SPLINE_CURVE ( 2, ( #1575, #3376, #3432, #3404, #3015, #3391, #1902, #4115, #2696 ),
 .UNSPECIFIED., .F., .T. ) 
 B_SPLINE_CURVE_WITH_KNOTS ( ( 3, 2, 2, 2, 3 ),
 ( 0.06818181818181819100, 0.07575757575757576000, 0.09090909090909091200, 0.1060606060606060600, 0.1136363636363636500 ),
 .UNSPECIFIED. ) 
 CURVE ( )  GEOMETRIC_REPRESENTATION_ITEM ( )  RATIONAL_B_SPLINE_CURVE ( ( 0.9330127018922194100, 0.9330127018922194100, 1.000000000000000000, 0.8660254037844387100, 1.000000000000000000, 0.8660254037844387100, 1.000000000000000000, 0.9330127018922193000, 0.9330127018922194100 ) ) 
 REPRESENTATION_ITEM ( '' )  );
#3488 = VERTEX_POINT ( 'NONE', #1124 ) ;
#3489 = CARTESIAN_POINT ( 'NONE',  ( -4.943749999999999600, 0.4788582131113742800, -0.8294067547305469200 ) ) ;
#3490 = LINE ( 'NONE', #856, #478 ) ;
#3491 = AXIS2_PLACEMENT_3D ( 'NONE', #2795, #2042, #972 ) ;
#3492 = CARTESIAN_POINT ( 'NONE',  ( 6.647386284014421800, -1.220526532847257900, 0.01932407967646110700 ) ) ;
#3493 = CARTESIAN_POINT ( 'NONE',  ( -2.993749999999999900, 0.4788582131113751100, 0.8294067547305464800 ) ) ;
#3494 = CARTESIAN_POINT ( 'NONE',  ( -4.625000000000000000, 0.6250000000000000000, 1.082531754730548200 ) ) ;
#3495 = CARTESIAN_POINT ( 'NONE',  ( 4.793749999999999300, -0.6250000000000005600, 1.082531754730548200 ) ) ;
#3496 = ADVANCED_FACE ( 'NONE', ( #1074 ), #401, .T. ) ;
#3497 = CARTESIAN_POINT ( 'NONE',  ( 3.031249999999999600, 0.9577164262227506600, -0.5529378364870313200 ) ) ;
#3498 = EDGE_LOOP ( 'NONE', ( #4559, #2943, #3425 ) ) ;
#3499 = ORIENTED_EDGE ( 'NONE', *, *, #781, .T. ) ;
#3500 = B_SPLINE_CURVE_WITH_KNOTS ( 'NONE', 3,
 ( #2692, #3042, #861, #1259, #902, #3413 ),
 .UNSPECIFIED., .F., .F.,
 ( 4, 2, 4 ),
 ( 0.001314652396222796000, 0.001969405109320636300, 0.002624157822418476900 ),
 .UNSPECIFIED. ) ;
#3501 = CARTESIAN_POINT ( 'NONE',  ( -6.931079852724608700, -0.4380555448224334200, -2.250000000000000900 ) ) ;
#3502 = EDGE_CURVE ( 'NONE', #3737, #3365, #432, .T. ) ;
#3503 = CARTESIAN_POINT ( 'NONE',  ( 6.312500000000000900, -1.250000000000000000, -0.7216878364870327200 ) ) ;
#3504 = CARTESIAN_POINT ( 'NONE',  ( -3.124999999999999600, -1.249999999999999800, 1.530808498934191300E-016 ) ) ;
#3505 = DIRECTION ( 'NONE',  ( 0.0000000000000000000, 0.0000000000000000000, -1.000000000000000000 ) ) ;
#3506 = CARTESIAN_POINT ( 'NONE',  ( 3.050000000000000300, 0.0000000000000000000, -1.250000000000000000 ) ) ;
#3507 = ORIENTED_EDGE ( 'NONE', *, *, #3240, .F. ) ;
#3508 = CARTESIAN_POINT ( 'NONE',  ( 4.157596189432333700, 0.3349364905389034500, -1.250000000000000000 ) ) ;
#3509 = CARTESIAN_POINT ( 'NONE',  ( 3.049999999999999800, -0.2199590526674826400, 2.250000000000001300 ) ) ;
#3510 = CC_DESIGN_PERSON_AND_ORGANIZATION_ASSIGNMENT ( #1178, #1566, ( #3079 ) ) ;
#3511 = ORIENTED_EDGE ( 'NONE', *, *, #711, .T. ) ;
#3512 = CARTESIAN_POINT ( 'NONE',  ( 5.899999999999999500, -0.6249999999999996700, -1.082531754730548400 ) ) ;
#3513 = CARTESIAN_POINT ( 'NONE',  ( -4.493749999999999500, 0.4788582131113742800, -0.8294067547305469200 ) ) ;
#3514 = CARTESIAN_POINT ( 'NONE',  ( 6.893749999999999800, -0.9577164262227506600, -1.172864355864533800E-016 ) ) ;
#3515 =( BOUNDED_CURVE ( )  B_SPLINE_CURVE ( 2, ( #1446, #1475, #4334, #2162, #1801, #3678, #2210, #3987, #732 ),
 .UNSPECIFIED., .F., .F. ) 
 B_SPLINE_CURVE_WITH_KNOTS ( ( 3, 2, 2, 2, 3 ),
 ( 0.5250000000000000200, 0.5333333333333333300, 0.5500000000000000400, 0.5666666666666666500, 0.5750000000000000700 ),
 .UNSPECIFIED. ) 
 CURVE ( )  GEOMETRIC_REPRESENTATION_ITEM ( )  RATIONAL_B_SPLINE_CURVE ( ( 0.9330127018922194100, 0.9330127018922194100, 1.000000000000000000, 0.8660254037844387100, 1.000000000000000000, 0.8660254037844387100, 1.000000000000000000, 0.9330127018922189700, 0.9330127018922194100 ) ) 
 REPRESENTATION_ITEM ( '' )  );
#3516 = CARTESIAN_POINT ( 'NONE',  ( 5.318749999999999600, -1.250000000000000000, -1.530808498934191600E-016 ) ) ;
#3517 = DIRECTION ( 'NONE',  ( 0.0000000000000000000, -0.4999999999999995600, -0.8660254037844388200 ) ) ;
#3518 = CARTESIAN_POINT ( 'NONE',  ( 3.256250000000000100, -0.9577164262227507700, 0.5529378364870311000 ) ) ;
#3519 = DIRECTION ( 'NONE',  ( 0.0000000000000000000, 0.0000000000000000000, 1.000000000000000000 ) ) ;
#3520 = CARTESIAN_POINT ( 'NONE',  ( -6.930567311566465900, 0.4425821731785538600, 2.250000000000000900 ) ) ;
#3521 = CARTESIAN_POINT ( 'NONE',  ( 6.424999999999999800, -0.4788582131113757200, 0.8294067547305469200 ) ) ;
#3522 = LINE ( 'NONE', #1008, #4073 ) ;
#3523 = EDGE_CURVE ( 'NONE', #2711, #1197, #3457, .T. ) ;
#3524 = ADVANCED_FACE ( 'NONE', ( #2906 ), #2383, .T. ) ;
#3525 = CARTESIAN_POINT ( 'NONE',  ( 6.162499999999999600, 6.771535515813057500E-017, -1.105875672974062900 ) ) ;
#3526 = CARTESIAN_POINT ( 'NONE',  ( 6.949999999999999300, 0.0000000000000000000, 0.0000000000000000000 ) ) ;
#3527 = CARTESIAN_POINT ( 'NONE',  ( 6.481250000000001100, -0.9577164262227504400, -0.5529378364870317600 ) ) ;
#3528 = VECTOR ( 'NONE', #111, 1000.000000000000000 ) ;
#3529 = CARTESIAN_POINT ( 'NONE',  ( -5.974999999999999600, 0.6250000000000000000, 1.082531754730548200 ) ) ;
#3530 = CARTESIAN_POINT ( 'NONE',  ( 6.368750000000000400, -0.4788582131113757200, 0.8294067547305469200 ) ) ;
#3531 = CARTESIAN_POINT ( 'NONE',  ( 4.456249999999999800, -1.250000000000000000, -0.7216878364870325000 ) ) ;
#3532 = CARTESIAN_POINT ( 'NONE',  ( 4.681249999999999500, -0.9577164262227504400, -0.5529378364870317600 ) ) ;
#3533 = CARTESIAN_POINT ( 'NONE',  ( -5.581249999999999800, 1.249999999999999600, -0.7216878364870328300 ) ) ;
#3534 = B_SPLINE_CURVE_WITH_KNOTS ( 'NONE', 3,
 ( #1734, #4235, #2059, #2518 ),
 .UNSPECIFIED., .F., .F.,
 ( 4, 4 ),
 ( 0.0000000000000000000, 1.000000000000000000 ),
 .UNSPECIFIED. ) ;
#3535 = CARTESIAN_POINT ( 'NONE',  ( -6.860744989968445400, 1.511897080250296900, 1.881317441191445500 ) ) ;
#3536 = CARTESIAN_POINT ( 'NONE',  ( 5.637499999999999300, 1.249999999999999600, 0.7216878364870329400 ) ) ;
#3537 = CARTESIAN_POINT ( 'NONE',  ( 6.799999999999999800, 0.4788582131113746100, 0.8294067547305475900 ) ) ;
#3538 = CARTESIAN_POINT ( 'NONE',  ( 5.187500000000000000, -0.9577164262227504400, -0.5529378364870317600 ) ) ;
#3539 = CARTESIAN_POINT ( 'NONE',  ( 6.706250000000000700, 0.9577164262227503300, 0.5529378364870319900 ) ) ;
#3540 = ORIENTED_EDGE ( 'NONE', *, *, #158, .F. ) ;
#3541 = CARTESIAN_POINT ( 'NONE',  ( -2.431249999999999500, -0.9577164262227497700, 0.5529378364870313200 ) ) ;
#3542 = CARTESIAN_POINT ( 'NONE',  ( 3.274999999999999900, 0.6250000000000001100, -1.082531754730548400 ) ) ;
#3543 = CARTESIAN_POINT ( 'NONE',  ( 3.856249999999999700, -2.651438096812267400E-016, 1.443375672974064300 ) ) ;
#3544 = CARTESIAN_POINT ( 'NONE',  ( 3.050000000000000300, -1.948557158514987200, 1.124999999999998900 ) ) ;
#3545 = CARTESIAN_POINT ( 'NONE',  ( 3.668750000000000600, -0.4788582131113757200, 0.8294067547305469200 ) ) ;
#3547 = ORIENTED_EDGE ( 'NONE', *, *, #329, .F. ) ;
#3546 = CARTESIAN_POINT ( 'NONE',  ( -4.418750000000000200, -1.249999999999999800, 1.530808498934191300E-016 ) ) ;
#3548 = FACE_OUTER_BOUND ( 'NONE', #3564, .T. ) ;
#3549 = CARTESIAN_POINT ( 'NONE',  ( -3.349999999999999600, 1.249999999999999800, 0.0000000000000000000 ) ) ;
#3550 = EDGE_CURVE ( 'NONE', #3078, #2711, #1121, .T. ) ;
#3551 = DIRECTION ( 'NONE',  ( -1.000000000000000000, -0.0000000000000000000, -0.0000000000000000000 ) ) ;
#3552 = CARTESIAN_POINT ( 'NONE',  ( -2.956249999999999800, -4.938688641342514700E-016, -1.249999999999999800 ) ) ;
#3553 = CARTESIAN_POINT ( 'NONE',  ( 5.337500000000000400, 0.9577164262227506600, -0.5529378364870313200 ) ) ;
#3554 = CARTESIAN_POINT ( 'NONE',  ( -6.817403810567666000, -0.3349364905389030600, 1.249999999999999800 ) ) ;
#3555 = CONICAL_SURFACE ( 'NONE', #2146, 2.250000000000000000, 1.047197551196600100 ) ;
#3556 = CARTESIAN_POINT ( 'NONE',  ( 5.412500000000000500, 0.9577164262227503300, 0.5529378364870319900 ) ) ;
#3557 = CARTESIAN_POINT ( 'NONE',  ( 5.693749999999999600, 0.4788582131113754400, -0.8294067547305471500 ) ) ;
#3558 = AXIS2_PLACEMENT_3D ( 'NONE', #1946, #162, #1254 ) ;
#3559 = CARTESIAN_POINT ( 'NONE',  ( -2.787499999999999200, -2.031460654743915200E-016, -1.105875672974062000 ) ) ;
#3560 = CARTESIAN_POINT ( 'NONE',  ( 6.331249999999999800, 1.743066579297358300E-016, -1.250000000000000000 ) ) ;
#3561 = CARTESIAN_POINT ( 'NONE',  ( -6.274999999999999500, -1.249999999999999800, 1.530808498934191300E-016 ) ) ;
#3562 = CARTESIAN_POINT ( 'NONE',  ( 6.593750000000000000, 0.4788582131113754400, -0.8294067547305471500 ) ) ;
#3563 = ORIENTED_EDGE ( 'NONE', *, *, #3593, .F. ) ;
#3564 = EDGE_LOOP ( 'NONE', ( #425, #1492, #4228, #4540 ) ) ;
#3565 = CARTESIAN_POINT ( 'NONE',  ( 3.593749999999999600, -0.6249999999999996700, -1.082531754730548400 ) ) ;
#3566 = CARTESIAN_POINT ( 'NONE',  ( -2.337499999999999900, -4.706279764102867600E-015, 1.249999999999999600 ) ) ;
#3567 = CARTESIAN_POINT ( 'NONE',  ( 5.899999999999999500, 0.4788582131113746100, 0.8294067547305475900 ) ) ;
#3568 = CARTESIAN_POINT ( 'NONE',  ( -5.431250000000000400, 8.838126989374222200E-017, 1.443375672974064100 ) ) ;
#3569 = B_SPLINE_CURVE_WITH_KNOTS ( 'NONE', 3,
 ( #250, #1981, #180, #3520, #2731, #3452 ),
 .UNSPECIFIED., .F., .F.,
 ( 4, 2, 4 ),
 ( 0.009278618163037337700, 0.009935750774958989500, 0.01059288338688064100 ),
 .UNSPECIFIED. ) ;
#3570 = EDGE_CURVE ( 'NONE', #2805, #1358, #848, .T. ) ;
#3571 = CARTESIAN_POINT ( 'NONE',  ( 6.949999999999999300, 1.117490204221959900E-016, -0.9125000000000000900 ) ) ;
#3572 = ORIENTED_EDGE ( 'NONE', *, *, #1052, .T. ) ;
#3573 = CARTESIAN_POINT ( 'NONE',  ( -6.620127303623303500, -1.764637028216163400E-012, 0.9709273036233038200 ) ) ;
#3574 = CARTESIAN_POINT ( 'NONE',  ( 6.837499999999999500, 8.838126989374223500E-017, -1.443375672974064300 ) ) ;
#3575 = CARTESIAN_POINT ( 'NONE',  ( -3.668749999999999700, 0.6250000000000000000, 1.082531754730548200 ) ) ;
#3576 = CARTESIAN_POINT ( 'NONE',  ( 6.987499999999999800, -0.9577164262227504400, -0.5529378364870317600 ) ) ;
#3577 = CARTESIAN_POINT ( 'NONE',  ( -5.001346189432333700, 0.3349364905389034000, 1.249999999999999600 ) ) ;
#3578 = ADVANCED_FACE ( 'NONE', ( #14, #1416 ), #3351, .F. ) ;
#3579 = ORIENTED_EDGE ( 'NONE', *, *, #2157, .T. ) ;
#3580 = CARTESIAN_POINT ( 'NONE',  ( 6.181250000000001200, 0.9577164262227506600, -0.5529378364870313200 ) ) ;
#3581 = CARTESIAN_POINT ( 'NONE',  ( -5.074999999999999300, -0.4788582131113754400, -0.8294067547305463700 ) ) ;
#3582 = CARTESIAN_POINT ( 'NONE',  ( -4.962499999999999500, -1.249999999999999800, 0.7216878364870323900 ) ) ;
#3583 = CARTESIAN_POINT ( 'NONE',  ( 3.762499999999999700, 1.250000000000000000, -0.7216878364870320500 ) ) ;
#3584 = CARTESIAN_POINT ( 'NONE',  ( 5.093749999999999100, 1.250000000000000000, 0.0000000000000000000 ) ) ;
#3585 = CARTESIAN_POINT ( 'NONE',  ( 6.537499999999999600, -0.9577164262227504400, -0.5529378364870317600 ) ) ;
#3586 = CARTESIAN_POINT ( 'NONE',  ( -6.443749999999999600, 1.249999999999999800, 0.0000000000000000000 ) ) ;
#3587 = DIRECTION ( 'NONE',  ( 1.000000000000000000, 0.0000000000000000000, 0.0000000000000000000 ) ) ;
#3588 = CYLINDRICAL_SURFACE ( 'NONE', #3229, 1.250000000000000000 ) ;
#3589 = CARTESIAN_POINT ( 'NONE',  ( -6.331250000000000700, -9.877377282685031300E-016, 1.249999999999999800 ) ) ;
#3590 = CARTESIAN_POINT ( 'NONE',  ( 5.037499999999999600, 8.838126989374223500E-017, -1.443375672974064300 ) ) ;
#3591 = CARTESIAN_POINT ( 'NONE',  ( -3.706249999999999400, 1.250000000000000000, 0.7216878364870319400 ) ) ;
#3592 = CARTESIAN_POINT ( 'NONE',  ( -2.674999999999999400, 0.9577164262227499900, 0.0000000000000000000 ) ) ;
#3593 = EDGE_CURVE ( 'NONE', #2548, #1859, #4246, .T. ) ;
#3594 = ORIENTED_EDGE ( 'NONE', *, *, #285, .F. ) ;
#3595 = ORIENTED_EDGE ( 'NONE', *, *, #4330, .T. ) ;
#3596 = CARTESIAN_POINT ( 'NONE',  ( -4.587499999999999500, -2.031460654743915200E-016, -1.105875672974062000 ) ) ;
#3597 = CARTESIAN_POINT ( 'NONE',  ( -2.711153810567664900, -0.3349364905389052800, 1.249999999999998200 ) ) ;
#3598 = CARTESIAN_POINT ( 'NONE',  ( -6.724999999999999600, -1.249999999999999800, 1.530808498934191300E-016 ) ) ;
#3599 = CARTESIAN_POINT ( 'NONE',  ( 5.656250000000000000, 6.771535515813057500E-017, -1.105875672974062900 ) ) ;
#3600 = AXIS2_PLACEMENT_3D ( 'NONE', #4192, #235, #1305 ) ;
#3601 = CARTESIAN_POINT ( 'NONE',  ( -7.062499999999999100, 6.771535515813051300E-017, 1.105875672974062000 ) ) ;
#3602 = ADVANCED_FACE ( 'NONE', ( #2958 ), #3909, .F. ) ;
#3603 = CARTESIAN_POINT ( 'NONE',  ( 5.412500000000000500, 0.9577164262227503300, 0.5529378364870319900 ) ) ;
#3604 = CARTESIAN_POINT ( 'NONE',  ( -5.018749999999999800, 0.6250000000000000000, 1.082531754730548200 ) ) ;
#3605 = CARTESIAN_POINT ( 'NONE',  ( -3.687500000000000000, 1.743066579297358300E-016, 1.249999999999999600 ) ) ;
#3606 = ORIENTED_EDGE ( 'NONE', *, *, #1218, .F. ) ;
#3607 = CARTESIAN_POINT ( 'NONE',  ( 6.124999999999999100, 0.6249999999999991100, 1.082531754730548900 ) ) ;
#3608 = CARTESIAN_POINT ( 'NONE',  ( -2.843750000000000000, 1.249999999999999800, 0.0000000000000000000 ) ) ;
#3609 = CARTESIAN_POINT ( 'NONE',  ( 4.567403810567665100, -0.3349364905389031800, -1.250000000000000000 ) ) ;
#3610 = ORIENTED_EDGE ( 'NONE', *, *, #488, .F. ) ;
#3611 = CARTESIAN_POINT ( 'NONE',  ( 6.658623822619144800, -0.3156812988487713900, 1.172695774324111300 ) ) ;
#3612 = CARTESIAN_POINT ( 'NONE',  ( -7.043749999999998400, 0.4788582131113751100, 0.8294067547305464800 ) ) ;
#3613 = CARTESIAN_POINT ( 'NONE',  ( -2.543750000000000200, -0.6250000000000004400, -1.082531754730548000 ) ) ;
#3614 = CARTESIAN_POINT ( 'NONE',  ( -4.250000000000000000, 1.249999999999999800, 0.0000000000000000000 ) ) ;
#3615 = CARTESIAN_POINT ( 'NONE',  ( 5.618750000000000400, -0.4788582131113751100, -0.8294067547305472600 ) ) ;
#3616 = VERTEX_POINT ( 'NONE', #4072 ) ;
#3617 = CARTESIAN_POINT ( 'NONE',  ( 6.602602549156387100, -0.7725424859397913600, 0.9973480607563031100 ) ) ;
#3618 = LINE ( 'NONE', #421, #81 ) ;
#3619 = CARTESIAN_POINT ( 'NONE',  ( 6.200000000000000200, 0.4788582131113754400, -0.8294067547305471500 ) ) ;
#3620 = CARTESIAN_POINT ( 'NONE',  ( -3.068750000000000100, -1.249999999999999800, 1.530808498934191300E-016 ) ) ;
#3621 =( BOUNDED_CURVE ( )  B_SPLINE_CURVE ( 2, ( #157, #2408, #1348 ),
 .UNSPECIFIED., .F., .F. ) 
 B_SPLINE_CURVE_WITH_KNOTS ( ( 3, 3 ),
 ( 0.6250000000000000000, 0.6260745415204439500 ),
 .UNSPECIFIED. ) 
 CURVE ( )  GEOMETRIC_REPRESENTATION_ITEM ( )  RATIONAL_B_SPLINE_CURVE ( ( 0.9330127018922194100, 0.9330127018922194100, 0.9341264868697816100 ) ) 
 REPRESENTATION_ITEM ( '' )  );
#3622 = EDGE_CURVE ( 'NONE', #2977, #3443, #2375, .T. ) ;
#3623 = CARTESIAN_POINT ( 'NONE',  ( 5.018750000000000700, -0.4788582131113757200, 0.8294067547305469200 ) ) ;
#3624 = CARTESIAN_POINT ( 'NONE',  ( -6.949999999999999300, 1.593020556330876900E-016, -1.300800000000000000 ) ) ;
#3625 = CARTESIAN_POINT ( 'NONE',  ( -5.450000000000000200, -0.6249999999999995600, 1.082531754730548400 ) ) ;
#3626 = CARTESIAN_POINT ( 'NONE',  ( -3.349999999999999200, -0.9577164262227499900, 1.172864355864533000E-016 ) ) ;
#3627 = ORIENTED_EDGE ( 'NONE', *, *, #4626, .T. ) ;
#3628 = ORIENTED_EDGE ( 'NONE', *, *, #1247, .T. ) ;
#3629 = CARTESIAN_POINT ( 'NONE',  ( -6.181249999999999500, 0.9577164262227498800, 0.5529378364870308800 ) ) ;
#3630 = CARTESIAN_POINT ( 'NONE',  ( -5.881249999999999600, -2.031460654743915200E-016, -1.105875672974062000 ) ) ;
#3631 = EDGE_LOOP ( 'NONE', ( #608, #1040, #3469, #239, #474, #212 ) ) ;
#3632 = DIRECTION ( 'NONE',  ( 0.0000000000000000000, 0.0000000000000000000, 1.000000000000000000 ) ) ;
#3633 = CARTESIAN_POINT ( 'NONE',  ( -2.937499999999999600, 1.249999999999999600, -0.7216878364870328300 ) ) ;
#3634 = CARTESIAN_POINT ( 'NONE',  ( -7.137499999999998400, 0.9577164262227498800, 0.5529378364870308800 ) ) ;
#3635 = CARTESIAN_POINT ( 'NONE',  ( -3.218750000000000400, 0.6250000000000000000, 1.082531754730548200 ) ) ;
#3636 = EDGE_CURVE ( 'NONE', #1648, #3329, #3066, .T. ) ;
#3637 = CARTESIAN_POINT ( 'NONE',  ( -6.593750000000000000, -0.6250000000000004400, -1.082531754730548000 ) ) ;
#3638 = CARTESIAN_POINT ( 'NONE',  ( 3.218750000000000400, -0.4788582131113757200, 0.8294067547305469200 ) ) ;
#3639 = CARTESIAN_POINT ( 'NONE',  ( 6.237499999999999800, -1.250000000000000200, 0.7216878364870317200 ) ) ;
#3640 = CARTESIAN_POINT ( 'NONE',  ( 4.306250000000000400, 3.921899803419055800E-015, 1.250000000000000000 ) ) ;
#3641 = CARTESIAN_POINT ( 'NONE',  ( -2.824999999999999300, -0.4788582131113754400, -0.8294067547305463700 ) ) ;
#3642 = CARTESIAN_POINT ( 'NONE',  ( -6.293749999999999300, 0.4788582131113742800, -0.8294067547305469200 ) ) ;
#3643 = CARTESIAN_POINT ( 'NONE',  ( -6.143749999999998900, 0.4788582131113751100, 0.8294067547305464800 ) ) ;
#3644 = CARTESIAN_POINT ( 'NONE',  ( -2.150000000000000800, 0.0000000000000000000, 0.0000000000000000000 ) ) ;
#3645 = CARTESIAN_POINT ( 'NONE',  ( -2.525000000000000400, 0.6249999999999990000, -1.082531754730548600 ) ) ;
#3646 = CARTESIAN_POINT ( 'NONE',  ( -5.674999999999999800, -0.4788582131113747800, 0.8294067547305465900 ) ) ;
#3647 = CARTESIAN_POINT ( 'NONE',  ( -6.799999999999998900, 0.4788582131113742800, -0.8294067547305469200 ) ) ;
#3648 = EDGE_CURVE ( 'NONE', #2866, #4458, #3182, .T. ) ;
#3649 = CARTESIAN_POINT ( 'NONE',  ( 6.387500000000000200, 1.743066579297358300E-016, -1.250000000000000000 ) ) ;
#3650 = CARTESIAN_POINT ( 'NONE',  ( 4.006250000000000500, 0.9577164262227503300, 0.5529378364870319900 ) ) ;
#3651 = CARTESIAN_POINT ( 'NONE',  ( -4.382596189432334200, -0.3349364905389037300, -1.249999999999999600 ) ) ;
#3652 = CARTESIAN_POINT ( 'NONE',  ( 4.099999999999999600, -0.6249999999999996700, -1.082531754730548400 ) ) ;
#3653 = DIRECTION ( 'NONE',  ( 0.0000000000000000000, -0.8660254037844386000, -0.5000000000000001100 ) ) ;
#3654 = CARTESIAN_POINT ( 'NONE',  ( -6.031249999999999100, -0.9577164262227497700, 0.5529378364870313200 ) ) ;
#3655 = CARTESIAN_POINT ( 'NONE',  ( -6.931249999999999500, -0.9577164262227497700, 0.5529378364870313200 ) ) ;
#3656 = CARTESIAN_POINT ( 'NONE',  ( -4.137500000000000200, 8.838126989374222200E-017, 1.443375672974064100 ) ) ;
#3657 = CARTESIAN_POINT ( 'NONE',  ( -6.424999999999998900, -0.4788582131113754400, -0.8294067547305463700 ) ) ;
#3658 = CARTESIAN_POINT ( 'NONE',  ( -3.706250000000000300, 1.250000000000000000, 0.7216878364870319400 ) ) ;
#3659 =( BOUNDED_CURVE ( )  B_SPLINE_CURVE ( 2, ( #3749, #3019, #2284, #3739, #1164, #1206, #124, #447, #4433 ),
 .UNSPECIFIED., .F., .F. ) 
 B_SPLINE_CURVE_WITH_KNOTS ( ( 3, 2, 2, 2, 3 ),
 ( 0.8409090909090909400, 0.8484848484848485100, 0.8636363636363636500, 0.8787878787878787800, 0.8863636363636363500 ),
 .UNSPECIFIED. ) 
 CURVE ( )  GEOMETRIC_REPRESENTATION_ITEM ( )  RATIONAL_B_SPLINE_CURVE ( ( 0.9330127018922194100, 0.9330127018922194100, 1.000000000000000000, 0.8660254037844387100, 1.000000000000000000, 0.8660254037844387100, 1.000000000000000000, 0.9330127018922194100, 0.9330127018922194100 ) ) 
 REPRESENTATION_ITEM ( '' )  );
#3660 = CARTESIAN_POINT ( 'NONE',  ( -3.068750000000000100, -1.249999999999999800, 1.530808498934191300E-016 ) ) ;
#3661 = CARTESIAN_POINT ( 'NONE',  ( 4.231250000000001100, -0.9577164262227504400, -0.5529378364870317600 ) ) ;
#3662 = CARTESIAN_POINT ( 'NONE',  ( -6.950000000000000200, 2.169875997175799900, 0.7416645267673339600 ) ) ;
#3663 = ORIENTED_EDGE ( 'NONE', *, *, #3802, .T. ) ;
#3664 = CARTESIAN_POINT ( 'NONE',  ( -2.150000000000000800, 0.0000000000000000000, 0.0000000000000000000 ) ) ;
#3665 =( BOUNDED_CURVE ( )  B_SPLINE_CURVE ( 2, ( #2564, #2593, #3312, #1466, #761, #1495, #1779, #4324, #2150 ),
 .UNSPECIFIED., .F., .F. ) 
 B_SPLINE_CURVE_WITH_KNOTS ( ( 3, 2, 2, 2, 3 ),
 ( 0.2500000000000000000, 0.2575757575757575700, 0.2727272727272727100, 0.2878787878787879000, 0.2954545454545454700 ),
 .UNSPECIFIED. ) 
 CURVE ( )  GEOMETRIC_REPRESENTATION_ITEM ( )  RATIONAL_B_SPLINE_CURVE ( ( 0.9330127018922194100, 0.9330127018922194100, 1.000000000000000000, 0.8660254037844387100, 1.000000000000000000, 0.8660254037844387100, 1.000000000000000000, 0.9330127018922194100, 0.9330127018922194100 ) ) 
 REPRESENTATION_ITEM ( '' )  );
#3666 = CARTESIAN_POINT ( 'NONE',  ( -2.150000000000000800, 1.530808498934191600E-016, -1.250000000000000000 ) ) ;
#3667 = CARTESIAN_POINT ( 'NONE',  ( -6.781249999999999100, -2.031460654743915200E-016, -1.105875672974062000 ) ) ;
#3668 = FACE_OUTER_BOUND ( 'NONE', #477, .T. ) ;
#3669 = CARTESIAN_POINT ( 'NONE',  ( 2.849038105676658300, -1.299038105676658900, -2.250000000000001300 ) ) ;
#3670 = CARTESIAN_POINT ( 'NONE',  ( 4.011482200758375200, 9.916886791815769500E-013, -1.129158626981126700 ) ) ;
#3671 = CARTESIAN_POINT ( 'NONE',  ( -6.274999999999999500, 0.9577164262227499900, 0.0000000000000000000 ) ) ;
#3672 = CARTESIAN_POINT ( 'NONE',  ( -3.781249999999999600, 1.249999999999999600, -0.7216878364870328300 ) ) ;
#3673 = ORIENTED_EDGE ( 'NONE', *, *, #698, .T. ) ;
#3674 = ORIENTED_EDGE ( 'NONE', *, *, #1342, .F. ) ;
#3675 = DIRECTION ( 'NONE',  ( -1.000000000000000000, -0.0000000000000000000, -0.0000000000000000000 ) ) ;
#3676 = EDGE_CURVE ( 'NONE', #2805, #4501, #702, .T. ) ;
#3677 = CARTESIAN_POINT ( 'NONE',  ( 4.418750000000001100, 0.9577164262227506600, 0.0000000000000000000 ) ) ;
#3678 = CARTESIAN_POINT ( 'NONE',  ( 4.831249999999999800, -1.250000000000000200, 0.7216878364870317200 ) ) ;
#3679 = CARTESIAN_POINT ( 'NONE',  ( -6.606916426222748700, 1.522772014783827600E-012, 0.9577164262227501100 ) ) ;
#3680 = EDGE_LOOP ( 'NONE', ( #3454, #1163, #1512, #528 ) ) ;
#3681 = CARTESIAN_POINT ( 'NONE',  ( -4.381249999999999600, 0.9577164262227498800, 0.5529378364870308800 ) ) ;
#3682 = CARTESIAN_POINT ( 'NONE',  ( -4.118749999999999500, -0.4788582131113754400, -0.8294067547305463700 ) ) ;
#3683 = CARTESIAN_POINT ( 'NONE',  ( 4.055525062138320500, 0.2889437086594469600, -1.146111233724209400 ) ) ;
#3684 = ORIENTED_EDGE ( 'NONE', *, *, #1971, .T. ) ;
#3685 = CARTESIAN_POINT ( 'NONE',  ( -6.237499999999998000, 0.9577164262227498800, 0.5529378364870308800 ) ) ;
#3686 = CARTESIAN_POINT ( 'NONE',  ( -5.861153810567665300, -0.3349364905389030600, 1.249999999999999800 ) ) ;
#3687 = CARTESIAN_POINT ( 'NONE',  ( 6.575000000000000200, -0.4788582131113751100, -0.8294067547305472600 ) ) ;
#3688 = CARTESIAN_POINT ( 'NONE',  ( 3.050000000000000300, 1.530808498934191600E-016, 1.250000000000000000 ) ) ;
#3689 = CONICAL_SURFACE ( 'NONE', #2646, 2.250000000000000000, 1.047197551196600100 ) ;
#3690 = CARTESIAN_POINT ( 'NONE',  ( -4.943750000000000500, -0.6249999999999995600, 1.082531754730548400 ) ) ;
#3691 = CYLINDRICAL_SURFACE ( 'NONE', #458, 1.250000000000000000 ) ;
#3692 = CARTESIAN_POINT ( 'NONE',  ( -4.418749999999999300, 0.9577164262227499900, 0.0000000000000000000 ) ) ;
#3693 = CARTESIAN_POINT ( 'NONE',  ( -3.856249999999999300, 6.771535515813051300E-017, 1.105875672974062000 ) ) ;
#3694 = CARTESIAN_POINT ( 'NONE',  ( 5.168749999999999300, -0.4788582131113751100, -0.8294067547305472600 ) ) ;
#3695 = ORIENTED_EDGE ( 'NONE', *, *, #632, .F. ) ;
#3696 = ORIENTED_EDGE ( 'NONE', *, *, #2695, .T. ) ;
#3697 = CARTESIAN_POINT ( 'NONE',  ( -4.437499999999998200, 0.9577164262227498800, 0.5529378364870308800 ) ) ;
#3698 = EDGE_CURVE ( 'NONE', #4447, #1240, #2567, .T. ) ;
#3699 = CARTESIAN_POINT ( 'NONE',  ( -3.031249999999999600, -1.250000000000000000, -0.7216878364870316100 ) ) ;
#3700 = CARTESIAN_POINT ( 'NONE',  ( 4.062500000000000000, 0.9577164262227503300, 0.5529378364870319900 ) ) ;
#3701 = CARTESIAN_POINT ( 'NONE',  ( -2.150000000000000800, 0.0000000000000000000, 1.250000000000000000 ) ) ;
#3702 = AXIS2_PLACEMENT_3D ( 'NONE', #3415, #2277, #490 ) ;
#3703 = ORIENTED_EDGE ( 'NONE', *, *, #444, .F. ) ;
#3704 = CARTESIAN_POINT ( 'NONE',  ( -4.812499999999999100, 6.771535515813051300E-017, 1.105875672974062000 ) ) ;
#3705 = CARTESIAN_POINT ( 'NONE',  ( -3.743749999999999500, -0.9577164262227499900, 1.172864355864533000E-016 ) ) ;
#3706 = CARTESIAN_POINT ( 'NONE',  ( -3.031249999999999100, 0.9577164262227498800, 0.5529378364870308800 ) ) ;
#3707 = CARTESIAN_POINT ( 'NONE',  ( 4.231250000000001100, -0.9577164262227504400, -0.5529378364870317600 ) ) ;
#3708 = ORIENTED_EDGE ( 'NONE', *, *, #3550, .F. ) ;
#3709 = EDGE_CURVE ( 'NONE', #812, #3347, #2671, .T. ) ;
#3710 = CARTESIAN_POINT ( 'NONE',  ( -5.562499999999999100, -0.9577164262227502200, -0.5529378364870306500 ) ) ;
#3711 = CARTESIAN_POINT ( 'NONE',  ( 4.549999999999999800, 0.4788582131113746100, 0.8294067547305475900 ) ) ;
#3712 = LINE ( 'NONE', #509, #34 ) ;
#3713 = CARTESIAN_POINT ( 'NONE',  ( -5.562500000000000000, -0.9577164262227502200, -0.5529378364870306500 ) ) ;
#3714 = CARTESIAN_POINT ( 'NONE',  ( 2.862500000000000700, -0.9577164262227507700, 0.5529378364870311000 ) ) ;
#3715 = CARTESIAN_POINT ( 'NONE',  ( -4.006249999999999600, 0.9577164262227496600, -0.5529378364870315400 ) ) ;
#3716 = ORIENTED_EDGE ( 'NONE', *, *, #1814, .T. ) ;
#3717 = CARTESIAN_POINT ( 'NONE',  ( -3.818749999999999600, -0.4788582131113747800, 0.8294067547305465900 ) ) ;
#3718 = CARTESIAN_POINT ( 'NONE',  ( 5.956249999999999800, -0.9577164262227508800, 0.5529378364870311000 ) ) ;
#3719 = CARTESIAN_POINT ( 'NONE',  ( 6.387500000000000200, 1.743066579297358300E-016, -1.250000000000000000 ) ) ;
#3720 = DIRECTION ( 'NONE',  ( 0.0000000000000000000, 0.0000000000000000000, -1.000000000000000000 ) ) ;
#3721 = CARTESIAN_POINT ( 'NONE',  ( -5.412499999999998800, 0.9577164262227496600, -0.5529378364870315400 ) ) ;
#3722 = VERTEX_POINT ( 'NONE', #1177 ) ;
#3723 = CARTESIAN_POINT ( 'NONE',  ( 6.124999999999999100, 0.6249999999999991100, 1.082531754730548900 ) ) ;
#3724 = CARTESIAN_POINT ( 'NONE',  ( 3.987499999999999400, 0.9577164262227506600, -0.5529378364870313200 ) ) ;
#3725 = CARTESIAN_POINT ( 'NONE',  ( -6.781249999999999100, -4.067155351693835700E-016, 1.249999999999999600 ) ) ;
#3726 =( NAMED_UNIT ( * ) SI_UNIT ( $, .STERADIAN. ) SOLID_ANGLE_UNIT ( ) );
#3727 = CARTESIAN_POINT ( 'NONE',  ( -5.074999999999999300, -0.4788582131113754400, -0.8294067547305463700 ) ) ;
#3728 = CARTESIAN_POINT ( 'NONE',  ( 3.387500000000000200, -0.9577164262227504400, -0.5529378364870317600 ) ) ;
#3729 = CARTESIAN_POINT ( 'NONE',  ( -4.193749999999999600, -0.9577164262227499900, 1.172864355864533000E-016 ) ) ;
#3730 = CARTESIAN_POINT ( 'NONE',  ( 6.256250000000000500, 0.9577164262227503300, 0.5529378364870319900 ) ) ;
#3731 = CARTESIAN_POINT ( 'NONE',  ( -3.912499999999999200, -4.938688641342514700E-016, -1.249999999999999800 ) ) ;
#3732 = VECTOR ( 'NONE', #1107, 1000.000000000000000 ) ;
#3733 = CARTESIAN_POINT ( 'NONE',  ( -3.912499999999999200, -4.938688641342514700E-016, -1.249999999999999800 ) ) ;
#3734 = CARTESIAN_POINT ( 'NONE',  ( -5.487499999999999800, -2.031460654743915200E-016, -1.105875672974062000 ) ) ;
#3735 = CARTESIAN_POINT ( 'NONE',  ( 6.893749999999999800, -0.9577164262227506600, -1.172864355864533800E-016 ) ) ;
#3736 = CARTESIAN_POINT ( 'NONE',  ( 4.812500000000000900, 6.771535515813057500E-017, -1.105875672974062900 ) ) ;
#3737 = VERTEX_POINT ( 'NONE', #4449 ) ;
#3738 = DIRECTION ( 'NONE',  ( 1.000000000000000000, 0.0000000000000000000, -0.0000000000000000000 ) ) ;
#3739 = CARTESIAN_POINT ( 'NONE',  ( -2.712499999999999500, -1.249999999999999600, 0.7216878364870325000 ) ) ;
#3740 = CARTESIAN_POINT ( 'NONE',  ( -6.424999999999998900, -0.4788582131113754400, -0.8294067547305463700 ) ) ;
#3741 = CARTESIAN_POINT ( 'NONE',  ( 4.587499999999999500, -2.031460654743916600E-016, 1.105875672974062900 ) ) ;
#3742 = DIRECTION ( 'NONE',  ( -1.000000000000000000, 0.0000000000000000000, 0.0000000000000000000 ) ) ;
#3743 = CARTESIAN_POINT ( 'NONE',  ( 5.131250000000000500, -0.9577164262227504400, -0.5529378364870317600 ) ) ;
#3744 = CARTESIAN_POINT ( 'NONE',  ( 4.100000000000000500, 0.4788582131113746100, 0.8294067547305475900 ) ) ;
#3745 = CARTESIAN_POINT ( 'NONE',  ( -2.674999999999999400, 0.9577164262227499900, 0.0000000000000000000 ) ) ;
#3746 = EDGE_CURVE ( 'NONE', #1725, #881, #2538, .T. ) ;
#3747 = CARTESIAN_POINT ( 'NONE',  ( 4.737500000000000700, -0.9577164262227504400, -0.5529378364870317600 ) ) ;
#3748 = CARTESIAN_POINT ( 'NONE',  ( -6.809686571713798200, 1.088945656521775700, -2.250000000000001300 ) ) ;
#3749 = CARTESIAN_POINT ( 'NONE',  ( -2.787500000000000100, 1.743066579297358300E-016, 1.249999999999999600 ) ) ;
#3750 = CARTESIAN_POINT ( 'NONE',  ( -6.781249999999999100, -2.031460654743915200E-016, -1.105875672974062000 ) ) ;
#3751 = ORIENTED_EDGE ( 'NONE', *, *, #3118, .F. ) ;
#3752 = CARTESIAN_POINT ( 'NONE',  ( -5.299999999999998900, 0.4788582131113751100, 0.8294067547305464800 ) ) ;
#3753 = CARTESIAN_POINT ( 'NONE',  ( 4.662499999999999600, -0.9577164262227507700, 0.5529378364870311000 ) ) ;
#3754 = CARTESIAN_POINT ( 'NONE',  ( 5.956249999999999800, 1.250000000000000000, -0.7216878364870320500 ) ) ;
#3755 = CARTESIAN_POINT ( 'NONE',  ( -2.618749999999999500, 0.9577164262227499900, 0.0000000000000000000 ) ) ;
#3756 = LINE ( 'NONE', #3886, #1715 ) ;
#3757 = DIRECTION ( 'NONE',  ( 1.000000000000000000, 0.0000000000000000000, -0.0000000000000000000 ) ) ;
#3758 = CARTESIAN_POINT ( 'NONE',  ( -6.606916426222742400, 0.6291744576415586600, 0.7220528061771663800 ) ) ;
#3759 = CARTESIAN_POINT ( 'NONE',  ( -4.850000000000000500, -0.6250000000000004400, -1.082531754730548000 ) ) ;
#3760 = DIRECTION ( 'NONE',  ( 1.000000000000000000, 0.0000000000000000000, 0.0000000000000000000 ) ) ;
#3761 = CARTESIAN_POINT ( 'NONE',  ( 5.412499999999999600, -1.250000000000000000, -0.7216878364870327200 ) ) ;
#3762 = CARTESIAN_POINT ( 'NONE',  ( -5.731249999999999300, 0.9577164262227498800, 0.5529378364870308800 ) ) ;
#3763 = ORIENTED_EDGE ( 'NONE', *, *, #3073, .T. ) ;
#3764 = ORIENTED_EDGE ( 'NONE', *, *, #4513, .F. ) ;
#3765 = CARTESIAN_POINT ( 'NONE',  ( -3.799999999999999400, -0.9577164262227499900, 1.172864355864533000E-016 ) ) ;
#3766 = CARTESIAN_POINT ( 'NONE',  ( 6.818749999999999600, 0.6250000000000001100, -1.082531754730548400 ) ) ;
#3767 = ORIENTED_EDGE ( 'NONE', *, *, #3523, .F. ) ;
#3768 = EDGE_CURVE ( 'NONE', #3265, #4047, #997, .T. ) ;
#3769 = CARTESIAN_POINT ( 'NONE',  ( -2.862499999999999800, -0.9577164262227502200, -0.5529378364870306500 ) ) ;
#3770 = CARTESIAN_POINT ( 'NONE',  ( 6.904783573777249800, -0.9450302765529308100, -0.1553657924228126200 ) ) ;
#3771 = CARTESIAN_POINT ( 'NONE',  ( -6.809815848291863800, -1.088497829318915100, 2.250000000000001300 ) ) ;
#3772 = ORIENTED_EDGE ( 'NONE', *, *, #755, .F. ) ;
#3773 = CARTESIAN_POINT ( 'NONE',  ( 5.487499999999998900, -2.033577675846917700E-015, -1.249999999999999800 ) ) ;
#3774 = CARTESIAN_POINT ( 'NONE',  ( -6.556249999999999500, 6.771535515813051300E-017, 1.105875672974062000 ) ) ;
#3775 = CARTESIAN_POINT ( 'NONE',  ( -4.174999999999999800, -0.4788582131113754400, -0.8294067547305463700 ) ) ;
#3776 = CARTESIAN_POINT ( 'NONE',  ( 6.893749999999999800, 1.250000000000000000, 0.0000000000000000000 ) ) ;
#3777 = CARTESIAN_POINT ( 'NONE',  ( 5.881249999999999600, -2.033577675846917700E-015, -1.249999999999999800 ) ) ;
#3778 = CARTESIAN_POINT ( 'NONE',  ( -2.374999999999999600, -0.4788582131113754400, -0.8294067547305463700 ) ) ;
#3779 = EDGE_CURVE ( 'NONE', #2449, #3169, #1674, .T. ) ;
#3780 = CARTESIAN_POINT ( 'NONE',  ( -6.949999999999999300, 1.948557158514987000, -1.124999999999999100 ) ) ;
#3781 = CONICAL_SURFACE ( 'NONE', #1695, 1.300800000000000000, 0.7853981633974500600 ) ;
#3782 = CONICAL_SURFACE ( 'NONE', #3330, 2.250000000000000000, 1.047197551196600100 ) ;
#3783 = ADVANCED_FACE ( 'NONE', ( #1962 ), #4366, .T. ) ;
#3784 =( BOUNDED_CURVE ( )  B_SPLINE_CURVE ( 2, ( #1243, #3398, #2714, #154, #1196, #547, #2305, #901, #3085 ),
 .UNSPECIFIED., .F., .F. ) 
 B_SPLINE_CURVE_WITH_KNOTS ( ( 3, 2, 2, 2, 3 ),
 ( 0.3863636363636363500, 0.3939393939393939200, 0.4090909090909091200, 0.4242424242424242500, 0.4318181818181818200 ),
 .UNSPECIFIED. ) 
 CURVE ( )  GEOMETRIC_REPRESENTATION_ITEM ( )  RATIONAL_B_SPLINE_CURVE ( ( 0.9330127018922194100, 0.9330127018922194100, 1.000000000000000000, 0.8660254037844387100, 1.000000000000000000, 0.8660254037844387100, 1.000000000000000000, 0.9330127018922194100, 0.9330127018922194100 ) ) 
 REPRESENTATION_ITEM ( '' )  );
#3785 = CARTESIAN_POINT ( 'NONE',  ( 4.325000000000000200, 0.6249999999999991100, 1.082531754730548900 ) ) ;
#3786 = CARTESIAN_POINT ( 'NONE',  ( -3.799999999999999400, -0.9577164262227499900, 1.172864355864533000E-016 ) ) ;
#3787 = ORIENTED_EDGE ( 'NONE', *, *, #2114, .T. ) ;
#3788 = CARTESIAN_POINT ( 'NONE',  ( -4.231249999999999300, -0.9577164262227497700, 0.5529378364870313200 ) ) ;
#3789 = CARTESIAN_POINT ( 'NONE',  ( -6.949999999999999300, 0.0000000000000000000, 0.0000000000000000000 ) ) ;
#3790 =( BOUNDED_CURVE ( )  B_SPLINE_CURVE ( 2, ( #211, #3861, #2800, #3083, #3467, #582, #2767, #2381, #3130 ),
 .UNSPECIFIED., .F., .F. ) 
 B_SPLINE_CURVE_WITH_KNOTS ( ( 3, 2, 2, 2, 3 ),
 ( 0.6136363636363636500, 0.6212121212121212200, 0.6363636363636363500, 0.6515151515151514900, 0.6590909090909090600 ),
 .UNSPECIFIED. ) 
 CURVE ( )  GEOMETRIC_REPRESENTATION_ITEM ( )  RATIONAL_B_SPLINE_CURVE ( ( 0.9330127018922194100, 0.9330127018922194100, 1.000000000000000000, 0.8660254037844387100, 1.000000000000000000, 0.8660254037844387100, 1.000000000000000000, 0.9330127018922194100, 0.9330127018922194100 ) ) 
 REPRESENTATION_ITEM ( '' )  );
#3791 = DIRECTION ( 'NONE',  ( -1.000000000000000000, -0.0000000000000000000, -0.0000000000000000000 ) ) ;
#3792 = CARTESIAN_POINT ( 'NONE',  ( -6.949999999999999300, -1.299038105676657800, 2.250000000000000900 ) ) ;
#3793 = CARTESIAN_POINT ( 'NONE',  ( -5.656250000000000000, 6.771535515813051300E-017, 1.105875672974062000 ) ) ;
#3794 = DIRECTION ( 'NONE',  ( 0.0000000000000000000, 0.4999999999999996100, 0.8660254037844388200 ) ) ;
#3795 = CARTESIAN_POINT ( 'NONE',  ( 4.362499999999998900, 3.921899803419055800E-015, 1.250000000000000000 ) ) ;
#3796 = DIRECTION ( 'NONE',  ( 1.000000000000000000, 0.0000000000000000000, 0.0000000000000000000 ) ) ;
#3797 = CARTESIAN_POINT ( 'NONE',  ( 3.050000000000000300, 0.0000000000000000000, 0.0000000000000000000 ) ) ;
#3798 = ORIENTED_EDGE ( 'NONE', *, *, #4263, .F. ) ;
#3799 = CARTESIAN_POINT ( 'NONE',  ( 4.250000000000000000, 1.250000000000000000, 0.0000000000000000000 ) ) ;
#3800 = CARTESIAN_POINT ( 'NONE',  ( -3.949999999999999700, 0.4788582131113751100, 0.8294067547305464800 ) ) ;
#3801 = CARTESIAN_POINT ( 'NONE',  ( -3.199999999999999700, 0.4788582131113742800, -0.8294067547305469200 ) ) ;
#3802 = EDGE_CURVE ( 'NONE', #4437, #2189, #835, .T. ) ;
#3803 = VERTEX_POINT ( 'NONE', #1238 ) ;
#3804 = CARTESIAN_POINT ( 'NONE',  ( -3.106249999999999700, 0.9577164262227496600, -0.5529378364870315400 ) ) ;
#3805 = DIRECTION ( 'NONE',  ( 1.000000000000000000, 0.0000000000000000000, 0.0000000000000000000 ) ) ;
#3806 = CARTESIAN_POINT ( 'NONE',  ( 4.306250000000000400, 3.921899803419055800E-015, 1.250000000000000000 ) ) ;
#3807 = CARTESIAN_POINT ( 'NONE',  ( 5.656250000000000000, -2.651438096812267400E-016, 1.443375672974064300 ) ) ;
#3808 = CARTESIAN_POINT ( 'NONE',  ( -6.860083767412379400, -2.849725024938423400E-011, 1.210883767412380500 ) ) ;
#3809 = AXIS2_PLACEMENT_3D ( 'NONE', #2385, #1324, #1292 ) ;
#3810 = VECTOR ( 'NONE', #1503, 1000.000000000000000 ) ;
#3811 = CARTESIAN_POINT ( 'NONE',  ( -2.150000000000000800, 0.0000000000000000000, 1.250000000000000000 ) ) ;
#3812 = CARTESIAN_POINT ( 'NONE',  ( 4.035061308019528800, -0.9337489790480166800, 0.6924963480640965500 ) ) ;
#3813 = CARTESIAN_POINT ( 'NONE',  ( 6.831241772677490300, 0.6638480894608389500, 0.8015187474576939100 ) ) ;
#3814 = CARTESIAN_POINT ( 'NONE',  ( -7.231249999999999300, 8.838126989374222200E-017, 1.443375672974064100 ) ) ;
#3815 = CARTESIAN_POINT ( 'NONE',  ( -3.687499999999999600, -2.031460654743915200E-016, -1.105875672974062000 ) ) ;
#3816 = CARTESIAN_POINT ( 'NONE',  ( -6.848322879055920100, -0.2972419308619576000, 1.171203295906760000 ) ) ;
#3817 = CARTESIAN_POINT ( 'NONE',  ( -6.949999999999999300, -1.948557158514987200, 1.124999999999998900 ) ) ;
#3818 = CARTESIAN_POINT ( 'NONE',  ( -2.618749999999999500, 0.9577164262227499900, 0.0000000000000000000 ) ) ;
#3819 = CARTESIAN_POINT ( 'NONE',  ( 3.837499999999999900, 0.0000000000000000000, 0.9551764262227507900 ) ) ;
#3820 = CARTESIAN_POINT ( 'NONE',  ( 4.286153810567665100, 0.3349364905389047900, 1.249999999999998900 ) ) ;
#3821 = CARTESIAN_POINT ( 'NONE',  ( 6.443749999999999600, 1.250000000000000000, 0.0000000000000000000 ) ) ;
#3822 = ORIENTED_EDGE ( 'NONE', *, *, #3676, .F. ) ;
#3823 = CARTESIAN_POINT ( 'NONE',  ( 4.231250000000001100, -0.9577164262227504400, -0.5529378364870317600 ) ) ;
#3824 = EDGE_LOOP ( 'NONE', ( #3507, #4181, #2133 ) ) ;
#3825 = CARTESIAN_POINT ( 'NONE',  ( 5.356249999999999300, -1.250000000000000000, -0.7216878364870327200 ) ) ;
#3826 = DIRECTION ( 'NONE',  ( 1.000000000000000000, 0.0000000000000000000, 0.0000000000000000000 ) ) ;
#3827 = PLANE ( 'NONE',  #4176 ) ;
#3828 = CARTESIAN_POINT ( 'NONE',  ( -6.142403810567666200, 0.3349364905389027300, -1.250000000000000000 ) ) ;
#3829 = CARTESIAN_POINT ( 'NONE',  ( 6.799823364430578100, 1.047896730665509600, 0.2251218007758042600 ) ) ;
#3830 = EDGE_CURVE ( 'NONE', #1480, #3169, #1016, .T. ) ;
#3831 = ADVANCED_FACE ( 'NONE', ( #3366 ), #2266, .F. ) ;
#3832 = CARTESIAN_POINT ( 'NONE',  ( -6.743749999999999500, -0.6249999999999995600, 1.082531754730548400 ) ) ;
#3833 = CARTESIAN_POINT ( 'NONE',  ( -6.748197503620741800, -0.7049827987175554300, -0.8560761040703168700 ) ) ;
#3834 = CARTESIAN_POINT ( 'NONE',  ( -4.118749999999999500, -0.4788582131113754400, -0.8294067547305463700 ) ) ;
#3835 = ADVANCED_BREP_SHAPE_REPRESENTATION ( '98952A107_Aluminum Male-Female Threaded Hex Standoff', ( #3410, #4545 ), #346 ) ;
#3836 = CARTESIAN_POINT ( 'NONE',  ( 4.643750000000000700, 1.250000000000000000, 0.0000000000000000000 ) ) ;
#3837 = CIRCLE ( 'NONE', #2186, 1.250000000000000000 ) ;
#3838 = DIRECTION ( 'NONE',  ( -1.000000000000000000, -0.0000000000000000000, -0.0000000000000000000 ) ) ;
#3839 = CALENDAR_DATE ( 2021, 9, 7 ) ;
#3840 = CARTESIAN_POINT ( 'NONE',  ( 4.718750000000000900, -0.4788582131113751100, -0.8294067547305472600 ) ) ;
#3841 = B_SPLINE_CURVE_WITH_KNOTS ( 'NONE', 3,
 ( #1975, #2682, #3094, #1220, #4169, #1621, #2328, #187, #542, #3758 ),
 .UNSPECIFIED., .F., .F.,
 ( 4, 2, 2, 2, 4 ),
 ( 0.004644816308313330100, 0.005257505507934195600, 0.005870194707555061900, 0.006482883907175928200, 0.007095573106796793600 ),
 .UNSPECIFIED. ) ;
#3842 = PLANE ( 'NONE',  #2428 ) ;
#3843 = CARTESIAN_POINT ( 'NONE',  ( 6.274999999999999500, -1.250000000000000000, -1.530808498934191600E-016 ) ) ;
#3844 = EDGE_LOOP ( 'NONE', ( #95, #4623, #159, #356, #2309 ) ) ;
#3845 = FACE_OUTER_BOUND ( 'NONE', #4616, .T. ) ;
#3846 = CALENDAR_DATE ( 2021, 9, 7 ) ;
#3847 = CARTESIAN_POINT ( 'NONE',  ( -3.217403810567665900, -0.3349364905389030600, 1.249999999999999800 ) ) ;
#3848 = AXIS2_PLACEMENT_3D ( 'NONE', #1357, #3838, #3143 ) ;
#3849 = DIRECTION ( 'NONE',  ( 0.0000000000000000000, 0.0000000000000000000, -1.000000000000000000 ) ) ;
#3850 = EDGE_CURVE ( 'NONE', #3297, #758, #4182, .T. ) ;
#3851 = CARTESIAN_POINT ( 'NONE',  ( 5.037499999999999600, -2.033577675846917700E-015, -1.249999999999999800 ) ) ;
#3852 = CARTESIAN_POINT ( 'NONE',  ( 6.949999999999999300, -0.9577164262227506600, -1.172864355864533800E-016 ) ) ;
#3853 = CARTESIAN_POINT ( 'NONE',  ( 5.150000000000000400, -0.9577164262227506600, -1.172864355864533800E-016 ) ) ;
#3854 = DIRECTION ( 'NONE',  ( 0.0000000000000000000, 0.0000000000000000000, 1.000000000000000000 ) ) ;
#3855 = CARTESIAN_POINT ( 'NONE',  ( -6.500000000000000000, 1.249999999999999800, 0.0000000000000000000 ) ) ;
#3856 = CARTESIAN_POINT ( 'NONE',  ( 2.975000000000000100, 0.6249999999999991100, 1.082531754730548900 ) ) ;
#3857 = CARTESIAN_POINT ( 'NONE',  ( 4.493749999999999500, -0.6249999999999996700, -1.082531754730548400 ) ) ;
#3858 = DIRECTION ( 'NONE',  ( 0.0000000000000000000, 0.0000000000000000000, -1.000000000000000000 ) ) ;
#3859 = ADVANCED_FACE ( 'NONE', ( #2089 ), #2685, .T. ) ;
#3860 = CARTESIAN_POINT ( 'NONE',  ( 4.156250000000000000, -0.9577164262227507700, 0.5529378364870311000 ) ) ;
#3861 = CARTESIAN_POINT ( 'NONE',  ( -4.286153810567666000, 0.3349364905389027300, -1.250000000000000000 ) ) ;
#3862 = EDGE_CURVE ( 'NONE', #2285, #3803, #1291, .T. ) ;
#3863 = DIRECTION ( 'NONE',  ( -1.000000000000000000, -0.0000000000000000000, -0.0000000000000000000 ) ) ;
#3864 = CARTESIAN_POINT ( 'NONE',  ( 5.692403810567664200, 0.3349364905389038400, 1.249999999999999800 ) ) ;
#3865 = CARTESIAN_POINT ( 'NONE',  ( 3.050000000000000300, 0.0000000000000000000, 0.0000000000000000000 ) ) ;
#3866 = VERTEX_POINT ( 'NONE', #2466 ) ;
#3867 = CARTESIAN_POINT ( 'NONE',  ( 5.000000000000000000, 0.4788582131113746100, 0.8294067547305475900 ) ) ;
#3868 = ORIENTED_EDGE ( 'NONE', *, *, #3502, .F. ) ;
#3869 = FACE_OUTER_BOUND ( 'NONE', #2624, .T. ) ;
#3870 = AXIS2_PLACEMENT_3D ( 'NONE', #3129, #4174, #3519 ) ;
#3871 = CARTESIAN_POINT ( 'NONE',  ( -6.950000000000000200, -2.058803302138241700, 0.9340480779059852100 ) ) ;
#3872 = CARTESIAN_POINT ( 'NONE',  ( -6.237499999999999800, -1.250000000000000000, -0.7216878364870315000 ) ) ;
#3873 = CARTESIAN_POINT ( 'NONE',  ( 6.331250000000000700, -2.031460654743916600E-016, 1.105875672974062900 ) ) ;
#3874 = CARTESIAN_POINT ( 'NONE',  ( 6.256249999999999600, -1.250000000000000000, -0.7216878364870325000 ) ) ;
#3875 = CARTESIAN_POINT ( 'NONE',  ( -4.981250000000000200, 1.743066579297358300E-016, 1.249999999999999600 ) ) ;
#3876 = CARTESIAN_POINT ( 'NONE',  ( 4.981249999999999300, -2.031460654743916600E-016, 1.105875672974062900 ) ) ;
#3877 = CARTESIAN_POINT ( 'NONE',  ( -5.093749999999999100, 1.249999999999999800, 0.0000000000000000000 ) ) ;
#3878 = B_SPLINE_CURVE_WITH_KNOTS ( 'NONE', 3,
 ( #4285, #4643, #1050, #326, #647, #667, #1432, #1728, #3184, #312, #3972, #1001, #4265, #4675, #1412, #2091 ),
 .UNSPECIFIED., .F., .F.,
 ( 4, 2, 2, 2, 2, 2, 2, 4 ),
 ( 0.0002094663732685489700, 0.0006165837796638919100, 0.001023701186059235000, 0.001430818592454578200, 0.001837935998849921600, 0.002245053405245264800, 0.002652170811640608200, 0.003466405624431294100 ),
 .UNSPECIFIED. ) ;
#3879 = CARTESIAN_POINT ( 'NONE',  ( 2.910229930904659800, -2.492088861051975800, -0.1835754756815241600 ) ) ;
#3880 = CARTESIAN_POINT ( 'NONE',  ( -6.443749999999999600, 1.249999999999999800, 0.0000000000000000000 ) ) ;
#3881 = VERTEX_POINT ( 'NONE', #2044 ) ;
#3882 = CARTESIAN_POINT ( 'NONE',  ( 4.137499999999998400, 1.743066579297358300E-016, -1.250000000000000000 ) ) ;
#3883 =( BOUNDED_CURVE ( )  B_SPLINE_CURVE ( 2, ( #4082, #1560, #3028, #1201, #1883, #3360, #2667, #4428, #3372 ),
 .UNSPECIFIED., .F., .F. ) 
 B_SPLINE_CURVE_WITH_KNOTS ( ( 3, 2, 2, 2, 3 ),
 ( 0.6590909090909090600, 0.6666666666666666300, 0.6818181818181817700, 0.6969696969696970200, 0.7045454545454545900 ),
 .UNSPECIFIED. ) 
 CURVE ( )  GEOMETRIC_REPRESENTATION_ITEM ( )  RATIONAL_B_SPLINE_CURVE ( ( 0.9330127018922194100, 0.9330127018922194100, 1.000000000000000000, 0.8660254037844387100, 1.000000000000000000, 0.8660254037844387100, 1.000000000000000000, 0.9330127018922194100, 0.9330127018922194100 ) ) 
 REPRESENTATION_ITEM ( '' )  );
#3884 = ORIENTED_EDGE ( 'NONE', *, *, #2141, .T. ) ;
#3885 = CARTESIAN_POINT ( 'NONE',  ( 5.599999999999999600, -0.9577164262227506600, -1.172864355864533800E-016 ) ) ;
#3886 = CARTESIAN_POINT ( 'NONE',  ( -2.150000000000000800, 0.0000000000000000000, 1.250000000000000000 ) ) ;
#3887 = ADVANCED_FACE ( 'NONE', ( #456 ), #3087, .F. ) ;
#3888 = CARTESIAN_POINT ( 'NONE',  ( 4.887499999999999300, 0.9577164262227506600, -0.5529378364870313200 ) ) ;
#3889 = DIRECTION ( 'NONE',  ( 0.0000000000000000000, 0.0000000000000000000, -1.000000000000000000 ) ) ;
#3890 = CARTESIAN_POINT ( 'NONE',  ( 6.256250000000000500, 0.9577164262227503300, 0.5529378364870319900 ) ) ;
#3891 = CC_DESIGN_DATE_AND_TIME_ASSIGNMENT ( #4183, #4464, ( #3079 ) ) ;
#3892 = ORIENTED_EDGE ( 'NONE', *, *, #1898, .T. ) ;
#3893 = CARTESIAN_POINT ( 'NONE',  ( 2.849038105676720900, -1.299038105676751300, 2.250000000000000900 ) ) ;
#3894 = CARTESIAN_POINT ( 'NONE',  ( -5.299999999999999800, -0.6250000000000004400, -1.082531754730548000 ) ) ;
#3895 = CARTESIAN_POINT ( 'NONE',  ( 3.575000000000000200, -1.250000000000000000, -1.530808498934191600E-016 ) ) ;
#3896 = CARTESIAN_POINT ( 'NONE',  ( 3.781249999999999600, 1.249999999999999800, 0.7216878364870329400 ) ) ;
#3897 = CARTESIAN_POINT ( 'NONE',  ( 2.849038105676720900, -1.299038105676751300, 2.250000000000000900 ) ) ;
#3898 = CARTESIAN_POINT ( 'NONE',  ( 4.906250000000000900, 0.9577164262227503300, 0.5529378364870319900 ) ) ;
#3899 = CARTESIAN_POINT ( 'NONE',  ( -4.231250000000000200, 1.249999999999999600, -0.7216878364870328300 ) ) ;
#3900 = ORIENTED_EDGE ( 'NONE', *, *, #916, .T. ) ;
#3901 = CARTESIAN_POINT ( 'NONE',  ( 6.162499999999999600, -4.938688641342514700E-016, 1.250000000000000000 ) ) ;
#3902 = CARTESIAN_POINT ( 'NONE',  ( -2.374999999999999600, -0.4788582131113754400, -0.8294067547305463700 ) ) ;
#3903 = CARTESIAN_POINT ( 'NONE',  ( -3.651346189432334000, 0.3349364905389034000, 1.249999999999999600 ) ) ;
#3904 = CARTESIAN_POINT ( 'NONE',  ( 5.862499999999999800, 0.9577164262227503300, 0.5529378364870319900 ) ) ;
#3905 = CARTESIAN_POINT ( 'NONE',  ( -6.612499999999998900, 8.715332896486791300E-017, -1.249999999999999600 ) ) ;
#3906 = EDGE_CURVE ( 'NONE', #3347, #3925, #277, .T. ) ;
#3907 = CARTESIAN_POINT ( 'NONE',  ( 4.700000000000000200, -0.9577164262227506600, -1.172864355864533800E-016 ) ) ;
#3908 = CARTESIAN_POINT ( 'NONE',  ( 6.143749999999999800, 0.4788582131113754400, -0.8294067547305471500 ) ) ;
#3909 = CYLINDRICAL_SURFACE ( 'NONE', #1142, 1.250000000000000000 ) ;
#3910 = CARTESIAN_POINT ( 'NONE',  ( -2.862499999999999800, -0.9577164262227502200, -0.5529378364870306500 ) ) ;
#3911 = CARTESIAN_POINT ( 'NONE',  ( -2.468749999999999600, -0.4788582131113747800, 0.8294067547305465900 ) ) ;
#3912 = CARTESIAN_POINT ( 'NONE',  ( 3.162500000000000100, -1.250000000000000000, -0.7216878364870325000 ) ) ;
#3913 = CARTESIAN_POINT ( 'NONE',  ( 4.043750000000000200, -0.6249999999999996700, -1.082531754730548400 ) ) ;
#3914 = ORIENTED_EDGE ( 'NONE', *, *, #1247, .F. ) ;
#3915 = ADVANCED_FACE ( 'NONE', ( #176 ), #3691, .T. ) ;
#3916 = CARTESIAN_POINT ( 'NONE',  ( 6.837499999999999500, -2.031460654743916600E-016, 1.105875672974062900 ) ) ;
#3917 = CARTESIAN_POINT ( 'NONE',  ( -6.481250000000001100, 1.249999999999999600, -0.7216878364870328300 ) ) ;
#3918 = B_SPLINE_CURVE_WITH_KNOTS ( 'NONE', 3,
 ( #3669, #1809, #2168, #1116 ),
 .UNSPECIFIED., .F., .F.,
 ( 4, 4 ),
 ( 2.380746839933201000E-007, 0.001314652396222796500 ),
 .UNSPECIFIED. ) ;
#3919 = DIRECTION ( 'NONE',  ( 0.0000000000000000000, 0.0000000000000000000, 1.000000000000000000 ) ) ;
#3920 = CARTESIAN_POINT ( 'NONE',  ( -6.536153810567665100, 0.3349364905389027300, -1.250000000000000000 ) ) ;
#3921 = CARTESIAN_POINT ( 'NONE',  ( 5.187499999999999100, 1.249999999999999800, 0.7216878364870329400 ) ) ;
#3922 = DIRECTION ( 'NONE',  ( 1.000000000000000000, 0.0000000000000000000, -0.0000000000000000000 ) ) ;
#3923 = CARTESIAN_POINT ( 'NONE',  ( -4.981250000000000200, 1.743066579297358300E-016, 1.249999999999999600 ) ) ;
#3924 = CARTESIAN_POINT ( 'NONE',  ( -4.062499999999999100, 0.9577164262227496600, -0.5529378364870315400 ) ) ;
#3925 = VERTEX_POINT ( 'NONE', #1319 ) ;
#3926 = CARTESIAN_POINT ( 'NONE',  ( -2.562499999999999600, -4.938688641342514700E-016, -1.249999999999999800 ) ) ;
#3927 = CARTESIAN_POINT ( 'NONE',  ( -6.012499999999999300, 1.250000000000000000, 0.7216878364870319400 ) ) ;
#3928 = CARTESIAN_POINT ( 'NONE',  ( 3.462499999999999900, -2.651438096812267400E-016, 1.443375672974064300 ) ) ;
#3929 = CARTESIAN_POINT ( 'NONE',  ( -6.611364953461158900, -0.04762200562092624300, 0.9612872530373360900 ) ) ;
#3930 = CARTESIAN_POINT ( 'NONE',  ( 5.787499999999999600, 0.9577164262227506600, -0.5529378364870313200 ) ) ;
#3932 = ORIENTED_EDGE ( 'NONE', *, *, #1363, .F. ) ;
#3931 = CARTESIAN_POINT ( 'NONE',  ( -6.068749999999999600, 0.6249999999999990000, -1.082531754730548600 ) ) ;
#3933 = CYLINDRICAL_SURFACE ( 'NONE', #1506, 1.250000000000000000 ) ;
#3934 = EDGE_CURVE ( 'NONE', #4100, #4347, #5, .T. ) ;
#3935 = DIRECTION ( 'NONE',  ( -1.000000000000000000, -0.0000000000000000000, -0.0000000000000000000 ) ) ;
#3936 = CARTESIAN_POINT ( 'NONE',  ( 4.924999999999999800, -1.250000000000000000, -1.530808498934191600E-016 ) ) ;
#3937 =( BOUNDED_CURVE ( )  B_SPLINE_CURVE ( 2, ( #407, #2223, #1831, #4378, #2948 ),
 .UNSPECIFIED., .F., .F. ) 
 B_SPLINE_CURVE_WITH_KNOTS ( ( 3, 2, 3 ),
 ( 0.01010266485948947700, 0.01515151515151515200, 0.02272727272727272800 ),
 .UNSPECIFIED. ) 
 CURVE ( )  GEOMETRIC_REPRESENTATION_ITEM ( )  RATIONAL_B_SPLINE_CURVE ( ( 0.9404654928176873200, 0.9553564331710207000, 1.000000000000000000, 0.9330127018922194100, 0.9330127018922194100 ) ) 
 REPRESENTATION_ITEM ( '' )  );
#3938 = CARTESIAN_POINT ( 'NONE',  ( -3.631250000000000100, 1.743066579297358300E-016, 1.249999999999999600 ) ) ;
#3939 = CARTESIAN_POINT ( 'NONE',  ( -2.862499999999999800, -0.9577164262227502200, -0.5529378364870306500 ) ) ;
#3940 = CARTESIAN_POINT ( 'NONE',  ( -4.832596189432333500, -0.3349364905389037300, -1.249999999999999600 ) ) ;
#3941 = ADVANCED_FACE ( 'NONE', ( #2845 ), #4240, .T. ) ;
#3942 = CARTESIAN_POINT ( 'NONE',  ( 6.878767278149343400, -0.9869409367266119800, 0.0002147552249735000700 ) ) ;
#3943 = CARTESIAN_POINT ( 'NONE',  ( -4.024999999999999500, 0.9577164262227499900, 0.0000000000000000000 ) ) ;
#3944 = CARTESIAN_POINT ( 'NONE',  ( -3.518749999999999800, -1.249999999999999800, 1.530808498934191300E-016 ) ) ;
#3945 = CARTESIAN_POINT ( 'NONE',  ( -3.799999999999999800, 1.249999999999999800, 0.0000000000000000000 ) ) ;
#3946 = CARTESIAN_POINT ( 'NONE',  ( 5.543750000000000200, -0.9577164262227506600, -1.172864355864533800E-016 ) ) ;
#3947 =( BOUNDED_CURVE ( )  B_SPLINE_CURVE ( 2, ( #2366, #2322, #144, #551, #1631, #1276, #903, #1970, #3455 ),
 .UNSPECIFIED., .F., .F. ) 
 B_SPLINE_CURVE_WITH_KNOTS ( ( 3, 2, 2, 2, 3 ),
 ( 0.3750000000000000000, 0.3833333333333333600, 0.4000000000000000200, 0.4166666666666666900, 0.4250000000000000400 ),
 .UNSPECIFIED. ) 
 CURVE ( )  GEOMETRIC_REPRESENTATION_ITEM ( )  RATIONAL_B_SPLINE_CURVE ( ( 0.9330127018922194100, 0.9330127018922194100, 1.000000000000000000, 0.8660254037844387100, 1.000000000000000000, 0.8660254037844387100, 1.000000000000000000, 0.9330127018922191900, 0.9330127018922194100 ) ) 
 REPRESENTATION_ITEM ( '' )  );
#3948 = CARTESIAN_POINT ( 'NONE',  ( -6.912499999999999600, -0.9577164262227502200, -0.5529378364870306500 ) ) ;
#3949 = CARTESIAN_POINT ( 'NONE',  ( 5.187500000000000000, -0.9577164262227504400, -0.5529378364870317600 ) ) ;
#3950 = CARTESIAN_POINT ( 'NONE',  ( -5.543750000000000200, 1.249999999999999800, 0.0000000000000000000 ) ) ;
#3951 = EDGE_CURVE ( 'NONE', #3104, #2651, #1289, .T. ) ;
#3952 =( BOUNDED_CURVE ( )  B_SPLINE_CURVE ( 2, ( #821, #92, #2639, #1900, #1917, #4460, #492, #472, #3733 ),
 .UNSPECIFIED., .F., .F. ) 
 B_SPLINE_CURVE_WITH_KNOTS ( ( 3, 2, 2, 2, 3 ),
 ( 0.5681818181818182300, 0.5757575757575758000, 0.5909090909090909400, 0.6060606060606060800, 0.6136363636363636500 ),
 .UNSPECIFIED. ) 
 CURVE ( )  GEOMETRIC_REPRESENTATION_ITEM ( )  RATIONAL_B_SPLINE_CURVE ( ( 0.9330127018922194100, 0.9330127018922198500, 1.000000000000000000, 0.8660254037844387100, 1.000000000000000000, 0.8660254037844387100, 1.000000000000000000, 0.9330127018922194100, 0.9330127018922194100 ) ) 
 REPRESENTATION_ITEM ( '' )  );
#3953 = DIRECTION ( 'NONE',  ( -0.7071067811865495700, 8.659560562354908200E-017, -0.7071067811865454600 ) ) ;
#3954 = ORIENTED_EDGE ( 'NONE', *, *, #3471, .T. ) ;
#3955 = CARTESIAN_POINT ( 'NONE',  ( -2.150000000000000800, 0.0000000000000000000, 1.250000000000000000 ) ) ;
#3956 = CARTESIAN_POINT ( 'NONE',  ( 5.674999999999999800, 0.6249999999999991100, 1.082531754730548900 ) ) ;
#3957 = CARTESIAN_POINT ( 'NONE',  ( -2.806249999999999500, 1.250000000000000000, 0.7216878364870319400 ) ) ;
#3958 = CARTESIAN_POINT ( 'NONE',  ( 4.362499999999998900, 3.921899803419055800E-015, 1.250000000000000000 ) ) ;
#3959 = ORIENTED_EDGE ( 'NONE', *, *, #2402, .F. ) ;
#3960 = CARTESIAN_POINT ( 'NONE',  ( 6.761065602825212300, -0.8545912716269681300, 0.6994349169017317600 ) ) ;
#3961 = CARTESIAN_POINT ( 'NONE',  ( -6.068749999999999600, -0.4788582131113747800, 0.8294067547305465900 ) ) ;
#3962 = CARTESIAN_POINT ( 'NONE',  ( -3.481250000000000200, -1.250000000000000000, -0.7216878364870316100 ) ) ;
#3963 = CARTESIAN_POINT ( 'NONE',  ( -4.062500000000000000, -1.249999999999999800, 0.7216878364870323900 ) ) ;
#3964 = CARTESIAN_POINT ( 'NONE',  ( 5.001346189432333700, 0.3349364905389034500, -1.250000000000000000 ) ) ;
#3965 = CARTESIAN_POINT ( 'NONE',  ( 6.087500000000000400, -0.9577164262227504400, -0.5529378364870317600 ) ) ;
#3966 = CARTESIAN_POINT ( 'NONE',  ( -7.137499999999998400, 0.9577164262227498800, 0.5529378364870308800 ) ) ;
#3967 = CARTESIAN_POINT ( 'NONE',  ( 6.724999999999999600, 0.9577164262227506600, 0.0000000000000000000 ) ) ;
#3968 = VECTOR ( 'NONE', #4008, 1000.000000000000000 ) ;
#3969 = COORDINATED_UNIVERSAL_TIME_OFFSET ( 6, 0, .BEHIND. ) ;
#3970 = CARTESIAN_POINT ( 'NONE',  ( 4.081249999999999800, -2.031460654743916600E-016, 1.105875672974062900 ) ) ;
#3971 = CARTESIAN_POINT ( 'NONE',  ( 6.574999999999999300, 0.6249999999999991100, 1.082531754730548900 ) ) ;
#3972 = CARTESIAN_POINT ( 'NONE',  ( 3.935486443587580000, 1.009854182432120300, 0.3282655212878958800 ) ) ;
#3973 = AXIS2_PLACEMENT_3D ( 'NONE', #4644, #3922, #345 ) ;
#3974 = ORIENTED_EDGE ( 'NONE', *, *, #536, .F. ) ;
#3975 = LINE ( 'NONE', #310, #213 ) ;
#3976 = PERSON_AND_ORGANIZATION ( #4603, #566 ) ;
#3977 = CARTESIAN_POINT ( 'NONE',  ( -5.881249999999999600, -2.031460654743915200E-016, -1.105875672974062000 ) ) ;
#3978 = CARTESIAN_POINT ( 'NONE',  ( -2.449999999999999700, -0.9577164262227499900, 1.172864355864533000E-016 ) ) ;
#3979 = CARTESIAN_POINT ( 'NONE',  ( -4.287499999999999600, 1.249999999999999600, -0.7216878364870328300 ) ) ;
#3980 = CARTESIAN_POINT ( 'NONE',  ( -6.949999999999998400, -0.9577164262227499900, 1.172864355864533000E-016 ) ) ;
#3981 = CARTESIAN_POINT ( 'NONE',  ( -6.874999999999999100, -0.4788582131113754400, -0.8294067547305463700 ) ) ;
#3982 = CARTESIAN_POINT ( 'NONE',  ( 6.875000000000000000, -0.4788582131113757200, 0.8294067547305469200 ) ) ;
#3983 = ORIENTED_EDGE ( 'NONE', *, *, #3999, .F. ) ;
#3984 = CARTESIAN_POINT ( 'NONE',  ( 4.268749999999999800, -0.4788582131113751100, -0.8294067547305472600 ) ) ;
#3985 = CARTESIAN_POINT ( 'NONE',  ( 3.050000000000000300, 0.0000000000000000000, 0.0000000000000000000 ) ) ;
#3986 = CARTESIAN_POINT ( 'NONE',  ( 3.840039999999999700, -0.2069944435876241400, -0.9350797042930229000 ) ) ;
#3987 = CARTESIAN_POINT ( 'NONE',  ( 4.776346189432333100, -0.3349364905389017300, 1.250000000000001100 ) ) ;
#3988 = CARTESIAN_POINT ( 'NONE',  ( -2.956249999999999800, -4.938688641342514700E-016, -1.249999999999999800 ) ) ;
#3989 = CARTESIAN_POINT ( 'NONE',  ( -5.731249999999999300, 0.9577164262227498800, 0.5529378364870308800 ) ) ;
#3990 = CARTESIAN_POINT ( 'NONE',  ( -5.131249999999998800, -0.9577164262227497700, 0.5529378364870313200 ) ) ;
#3991 = DIRECTION ( 'NONE',  ( -1.000000000000000000, -0.0000000000000000000, -0.0000000000000000000 ) ) ;
#3992 = CARTESIAN_POINT ( 'NONE',  ( -4.362499999999999800, -2.651438096812266900E-016, -1.443375672974064100 ) ) ;
#3993 = VERTEX_POINT ( 'NONE', #1337 ) ;
#3994 = ORIENTED_EDGE ( 'NONE', *, *, #863, .T. ) ;
#3995 = CARTESIAN_POINT ( 'NONE',  ( -5.899999999999998600, 0.4788582131113742800, -0.8294067547305469200 ) ) ;
#3996 = LINE ( 'NONE', #2497, #2471 ) ;
#3997 = CARTESIAN_POINT ( 'NONE',  ( -3.106249999999999700, -1.249999999999999800, 0.7216878364870323900 ) ) ;
#3998 = CONICAL_SURFACE ( 'NONE', #294, 1.300800000000000000, 0.7853981633974500600 ) ;
#3999 = EDGE_CURVE ( 'NONE', #2849, #3866, #3020, .T. ) ;
#4000 = CARTESIAN_POINT ( 'NONE',  ( 4.156250000000000000, -0.9577164262227507700, 0.5529378364870311000 ) ) ;
#4001 = CARTESIAN_POINT ( 'NONE',  ( -5.824999999999999300, -1.249999999999999800, 1.530808498934191300E-016 ) ) ;
#4002 = CARTESIAN_POINT ( 'NONE',  ( 4.512499999999998400, -1.250000000000000000, -0.7216878364870325000 ) ) ;
#4003 = DIRECTION ( 'NONE',  ( 0.0000000000000000000, 0.0000000000000000000, -1.000000000000000000 ) ) ;
#4004 = EDGE_LOOP ( 'NONE', ( #1766, #1772, #4143, #1942, #2492, #3400 ) ) ;
#4005 = CARTESIAN_POINT ( 'NONE',  ( -5.506249999999998800, -0.9577164262227502200, -0.5529378364870306500 ) ) ;
#4006 = ORIENTED_EDGE ( 'NONE', *, *, #1757, .F. ) ;
#4007 = CARTESIAN_POINT ( 'NONE',  ( -6.406249999999999100, -0.9577164262227502200, -0.5529378364870306500 ) ) ;
#4008 = DIRECTION ( 'NONE',  ( 1.000000000000000000, 0.0000000000000000000, 0.0000000000000000000 ) ) ;
#4009 = CARTESIAN_POINT ( 'NONE',  ( -3.537500000000000100, -1.250000000000000000, -0.7216878364870315000 ) ) ;
#4010 = CARTESIAN_POINT ( 'NONE',  ( -5.375000000000000000, 0.9577164262227499900, 0.0000000000000000000 ) ) ;
#4011 = CARTESIAN_POINT ( 'NONE',  ( -3.406249999999999600, -2.651438096812266900E-016, -1.443375672974064100 ) ) ;
#4012 = ORIENTED_EDGE ( 'NONE', *, *, #388, .T. ) ;
#4013 = CARTESIAN_POINT ( 'NONE',  ( -5.676346189432333500, -0.3349364905389026200, -1.249999999999999800 ) ) ;
#4014 = CARTESIAN_POINT ( 'NONE',  ( 3.368750000000000400, -0.4788582131113751100, -0.8294067547305472600 ) ) ;
#4015 = CARTESIAN_POINT ( 'NONE',  ( -5.562500000000000000, 1.250000000000000000, 0.7216878364870319400 ) ) ;
#4016 = ORIENTED_EDGE ( 'NONE', *, *, #4499, .T. ) ;
#4017 = CARTESIAN_POINT ( 'NONE',  ( 2.849038105676658700, 2.598076211353316500, 9.161973734447515100E-016 ) ) ;
#4018 = CARTESIAN_POINT ( 'NONE',  ( -4.831249999999999800, 0.9577164262227498800, 0.5529378364870308800 ) ) ;
#4019 = CARTESIAN_POINT ( 'NONE',  ( -5.356249999999999300, 0.9577164262227496600, -0.5529378364870315400 ) ) ;
#4020 = CARTESIAN_POINT ( 'NONE',  ( -2.337500000000000400, 8.838126989374222200E-017, 1.443375672974064100 ) ) ;
#4021 = CARTESIAN_POINT ( 'NONE',  ( -6.087499999999999500, -0.9577164262227497700, 0.5529378364870313200 ) ) ;
#4022 = VECTOR ( 'NONE', #1816, 1000.000000000000000 ) ;
#4023 = CARTESIAN_POINT ( 'NONE',  ( -3.143749999999999800, -0.6249999999999995600, 1.082531754730548400 ) ) ;
#4024 = CYLINDRICAL_SURFACE ( 'NONE', #2198, 1.250000000000000000 ) ;
#4025 = EDGE_CURVE ( 'NONE', #1480, #1022, #2172, .T. ) ;
#4026 = CARTESIAN_POINT ( 'NONE',  ( -4.511153810567664700, -0.3349364905389052800, 1.249999999999998200 ) ) ;
#4027 = ORIENTED_EDGE ( 'NONE', *, *, #4673, .F. ) ;
#4028 = CARTESIAN_POINT ( 'NONE',  ( 4.043750000000000200, 0.4788582131113746100, 0.8294067547305475900 ) ) ;
#4029 = CARTESIAN_POINT ( 'NONE',  ( 3.030542437486636800, 0.4427569879791569100, -2.250000000000000900 ) ) ;
#4030 = CARTESIAN_POINT ( 'NONE',  ( -3.856249999999999300, 6.771535515813051300E-017, 1.105875672974062000 ) ) ;
#4031 = CARTESIAN_POINT ( 'NONE',  ( -4.793749999999999300, 0.4788582131113751100, 0.8294067547305464800 ) ) ;
#4032 = CARTESIAN_POINT ( 'NONE',  ( 5.806250000000000400, 0.9577164262227503300, 0.5529378364870319900 ) ) ;
#4033 = ORIENTED_EDGE ( 'NONE', *, *, #28, .T. ) ;
#4034 = AXIS2_PLACEMENT_3D ( 'NONE', #1112, #3276, #2178 ) ;
#4035 = ORIENTED_EDGE ( 'NONE', *, *, #4573, .F. ) ;
#4036 = EDGE_CURVE ( 'NONE', #723, #4370, #1317, .T. ) ;
#4038 = VERTEX_POINT ( 'NONE', #3875 ) ;
#4037 = CARTESIAN_POINT ( 'NONE',  ( -5.112499999999998000, -0.9577164262227502200, -0.5529378364870306500 ) ) ;
#4039 = CARTESIAN_POINT ( 'NONE',  ( -3.143749999999999800, -0.6249999999999995600, 1.082531754730548400 ) ) ;
#4040 = CARTESIAN_POINT ( 'NONE',  ( 6.049999999999999800, -0.9577164262227506600, -1.172864355864533800E-016 ) ) ;
#4041 = DIRECTION ( 'NONE',  ( 1.000000000000000000, 0.0000000000000000000, -0.0000000000000000000 ) ) ;
#4042 = ORIENTED_EDGE ( 'NONE', *, *, #4416, .T. ) ;
#4043 = CARTESIAN_POINT ( 'NONE',  ( -2.150000000000000800, 0.0000000000000000000, 0.0000000000000000000 ) ) ;
#4044 = DIRECTION ( 'NONE',  ( 0.0000000000000000000, 0.0000000000000000000, 1.000000000000000000 ) ) ;
#4045 = FACE_OUTER_BOUND ( 'NONE', #3680, .T. ) ;
#4046 = CARTESIAN_POINT ( 'NONE',  ( 3.871918502864665000, -0.7358840057689596300, -0.6674189217852757300 ) ) ;
#4047 = VERTEX_POINT ( 'NONE', #4189 ) ;
#4048 = CARTESIAN_POINT ( 'NONE',  ( -3.968750000000000000, 0.9577164262227499900, 0.0000000000000000000 ) ) ;
#4049 = CARTESIAN_POINT ( 'NONE',  ( -2.768749999999999400, -0.4788582131113754400, -0.8294067547305463700 ) ) ;
#4050 = FACE_OUTER_BOUND ( 'NONE', #1836, .T. ) ;
#4051 = CARTESIAN_POINT ( 'NONE',  ( 5.056250000000000400, -0.9577164262227508800, 0.5529378364870311000 ) ) ;
#4052 = CARTESIAN_POINT ( 'NONE',  ( -4.774999999999999500, -0.4788582131113747800, 0.8294067547305465900 ) ) ;
#4053 = CARTESIAN_POINT ( 'NONE',  ( -4.531249999999999100, -4.706279764102867600E-015, 1.249999999999999600 ) ) ;
#4054 = CARTESIAN_POINT ( 'NONE',  ( 3.350000000000000100, -0.9577164262227506600, -1.172864355864533800E-016 ) ) ;
#4055 = EDGE_CURVE ( 'NONE', #2689, #2740, #4353, .T. ) ;
#4056 = CARTESIAN_POINT ( 'NONE',  ( -6.949999999999999300, 2.598076211353316500, 1.154513300659503200E-015 ) ) ;
#4057 = DIRECTION ( 'NONE',  ( 1.000000000000000000, 0.0000000000000000000, 0.0000000000000000000 ) ) ;
#4058 =( BOUNDED_CURVE ( )  B_SPLINE_CURVE ( 2, ( #1911, #1569, #142, #4468, #517, #484, #2662, #4123, #4483 ),
 .UNSPECIFIED., .F., .F. ) 
 B_SPLINE_CURVE_WITH_KNOTS ( ( 3, 2, 2, 2, 3 ),
 ( 0.7954545454545454100, 0.8030303030303029800, 0.8181818181818182300, 0.8333333333333333700, 0.8409090909090909400 ),
 .UNSPECIFIED. ) 
 CURVE ( )  GEOMETRIC_REPRESENTATION_ITEM ( )  RATIONAL_B_SPLINE_CURVE ( ( 0.9330127018922194100, 0.9330127018922194100, 1.000000000000000000, 0.8660254037844387100, 1.000000000000000000, 0.8660254037844387100, 1.000000000000000000, 0.9330127018922194100, 0.9330127018922194100 ) ) 
 REPRESENTATION_ITEM ( '' )  );
#4059 = CARTESIAN_POINT ( 'NONE',  ( 2.849038105676658700, 2.598076211353316500, 9.161973734447515100E-016 ) ) ;
#4060 = EDGE_LOOP ( 'NONE', ( #1118, #2736, #3708, #3959 ) ) ;
#4061 = CARTESIAN_POINT ( 'NONE',  ( -4.662499999999998800, -0.9577164262227502200, -0.5529378364870306500 ) ) ;
#4062 = CARTESIAN_POINT ( 'NONE',  ( 3.087499999999999900, 0.9577164262227506600, -0.5529378364870313200 ) ) ;
#4063 = CARTESIAN_POINT ( 'NONE',  ( -3.931249999999999000, 0.9577164262227498800, 0.5529378364870308800 ) ) ;
#4064 = AXIS2_PLACEMENT_3D ( 'NONE', #4613, #3213, #274 ) ;
#4065 = ORIENTED_EDGE ( 'NONE', *, *, #3456, .T. ) ;
#4066 = CARTESIAN_POINT ( 'NONE',  ( -2.731249999999999300, -2.031460654743915200E-016, -1.105875672974062000 ) ) ;
#4067 = CARTESIAN_POINT ( 'NONE',  ( 6.443749999999999600, -0.9577164262227506600, -1.172864355864533800E-016 ) ) ;
#4068 = CARTESIAN_POINT ( 'NONE',  ( 4.062500000000000000, 0.9577164262227503300, 0.5529378364870319900 ) ) ;
#4069 = CARTESIAN_POINT ( 'NONE',  ( -6.049999999999998900, -0.9577164262227499900, 1.172864355864533000E-016 ) ) ;
#4070 = CARTESIAN_POINT ( 'NONE',  ( 6.856250000000001100, -0.9577164262227508800, 0.5529378364870311000 ) ) ;
#4071 = CARTESIAN_POINT ( 'NONE',  ( 4.662499999999999600, -0.9577164262227507700, 0.5529378364870311000 ) ) ;
#4072 = CARTESIAN_POINT ( 'NONE',  ( -6.949999999999999300, 1.948557158514986300, 1.125000000000000400 ) ) ;
#4073 = VECTOR ( 'NONE', #297, 1000.000000000000000 ) ;
#4074 = APPROVAL_PERSON_ORGANIZATION ( #3004, #2021, #842 ) ;
#4075 = CARTESIAN_POINT ( 'NONE',  ( -5.262499999999999300, 6.771535515813051300E-017, 1.105875672974062000 ) ) ;
#4076 = CARTESIAN_POINT ( 'NONE',  ( 3.500000000000000000, 0.4788582131113754400, -0.8294067547305471500 ) ) ;
#4077 = CARTESIAN_POINT ( 'NONE',  ( -2.956250000000000300, 6.771535515813051300E-017, 1.105875672974062000 ) ) ;
#4078 = CARTESIAN_POINT ( 'NONE',  ( -4.343749999999999100, 0.4788582131113751100, 0.8294067547305464800 ) ) ;
#4079 = CARTESIAN_POINT ( 'NONE',  ( 5.093750000000000000, -0.9577164262227506600, -1.172864355864533800E-016 ) ) ;
#4080 = EDGE_LOOP ( 'NONE', ( #3011, #3606, #1638 ) ) ;
#4081 = CARTESIAN_POINT ( 'NONE',  ( 3.950000000000000200, 0.4788582131113754400, -0.8294067547305471500 ) ) ;
#4082 = CARTESIAN_POINT ( 'NONE',  ( -4.081249999999999800, 1.743066579297358300E-016, 1.249999999999999600 ) ) ;
#4083 = CARTESIAN_POINT ( 'NONE',  ( -4.662499999999998800, -0.9577164262227502200, -0.5529378364870306500 ) ) ;
#4084 = EDGE_CURVE ( 'NONE', #3488, #3265, #3167, .T. ) ;
#4085 = CARTESIAN_POINT ( 'NONE',  ( 3.725000000000000500, -0.4788582131113757200, 0.8294067547305469200 ) ) ;
#4086 = CARTESIAN_POINT ( 'NONE',  ( -6.631249999999999600, -1.250000000000000000, -0.7216878364870316100 ) ) ;
#4087 = APPLICATION_CONTEXT ( 'configuration controlled 3d designs of mechanical parts and assemblies' ) ;
#4088 = ORIENTED_EDGE ( 'NONE', *, *, #1757, .T. ) ;
#4089 = CARTESIAN_POINT ( 'NONE',  ( -4.849999999999999600, 0.4788582131113751100, 0.8294067547305464800 ) ) ;
#4090 = CARTESIAN_POINT ( 'NONE',  ( 7.306250000000000400, 1.250000000000000000, -0.7216878364870320500 ) ) ;
#4091 = CARTESIAN_POINT ( 'NONE',  ( -3.931249999999999000, 0.9577164262227498800, 0.5529378364870308800 ) ) ;
#4092 = CARTESIAN_POINT ( 'NONE',  ( 5.731249999999999300, 0.9577164262227506600, -0.5529378364870313200 ) ) ;
#4093 = AXIS2_PLACEMENT_3D ( 'NONE', #974, #3858, #2009 ) ;
#4094 = EDGE_CURVE ( 'NONE', #729, #2231, #403, .T. ) ;
#4095 = CARTESIAN_POINT ( 'NONE',  ( 4.174999999999999800, -0.4788582131113757200, 0.8294067547305469200 ) ) ;
#4096 = CARTESIAN_POINT ( 'NONE',  ( -4.174999999999999800, -0.4788582131113754400, -0.8294067547305463700 ) ) ;
#4097 = ORIENTED_EDGE ( 'NONE', *, *, #1342, .T. ) ;
#4098 = CARTESIAN_POINT ( 'NONE',  ( -6.606916426222742400, 0.6291744576415586600, 0.7220528061771663800 ) ) ;
#4099 = CARTESIAN_POINT ( 'NONE',  ( 3.537500000000000100, 0.9577164262227506600, -0.5529378364870313200 ) ) ;
#4100 = VERTEX_POINT ( 'NONE', #4682 ) ;
#4101 = CARTESIAN_POINT ( 'NONE',  ( -5.262500000000000200, 1.888322127572138500E-015, -1.249999999999999800 ) ) ;
#4102 = ADVANCED_FACE ( 'NONE', ( #2619 ), #480, .T. ) ;
#4103 = APPROVAL_ROLE ( '' ) ;
#4104 = CONICAL_SURFACE ( 'NONE', #4448, 0.9125000000000000900, 0.7853981633974453900 ) ;
#4105 = CARTESIAN_POINT ( 'NONE',  ( -6.606916426222750400, -0.07129973764664984700, 0.9550586895413256700 ) ) ;
#4106 = CARTESIAN_POINT ( 'NONE',  ( 4.362499999999999800, 6.771535515813057500E-017, -1.105875672974062900 ) ) ;
#4107 = CARTESIAN_POINT ( 'NONE',  ( 4.792403810567664700, 0.3349364905389038400, 1.249999999999999800 ) ) ;
#4108 = CARTESIAN_POINT ( 'NONE',  ( -2.581249999999998900, 0.9577164262227498800, 0.5529378364870308800 ) ) ;
#4109 = CARTESIAN_POINT ( 'NONE',  ( 3.868503313311778800, 0.1564693257912473900, -1.015538065608566900 ) ) ;
#4110 = EDGE_CURVE ( 'NONE', #2740, #1859, #2747, .T. ) ;
#4111 = ORIENTED_EDGE ( 'NONE', *, *, #2836, .F. ) ;
#4112 = CARTESIAN_POINT ( 'NONE',  ( 3.912500000000000100, 6.771535515813057500E-017, -1.105875672974062900 ) ) ;
#4113 = EDGE_LOOP ( 'NONE', ( #780, #773, #2686 ) ) ;
#4114 = CARTESIAN_POINT ( 'NONE',  ( -2.787499999999999200, -2.031460654743915200E-016, -1.105875672974062000 ) ) ;
#4115 = CARTESIAN_POINT ( 'NONE',  ( -6.407596189432333700, 0.3349364905389031800, 1.249999999999999800 ) ) ;
#4116 = CARTESIAN_POINT ( 'NONE',  ( 4.437500000000000900, 0.9577164262227506600, -0.5529378364870313200 ) ) ;
#4117 = CARTESIAN_POINT ( 'NONE',  ( -4.962499999999999500, -1.249999999999999600, 0.7216878364870325000 ) ) ;
#4118 = CARTESIAN_POINT ( 'NONE',  ( 5.450000000000000200, -0.6249999999999996700, -1.082531754730548400 ) ) ;
#4119 = ORIENTED_EDGE ( 'NONE', *, *, #4163, .T. ) ;
#4120 = CARTESIAN_POINT ( 'NONE',  ( -6.106249999999998400, 6.771535515813051300E-017, 1.105875672974062000 ) ) ;
#4121 = CARTESIAN_POINT ( 'NONE',  ( -6.012499999999998400, -0.9577164262227502200, -0.5529378364870306500 ) ) ;
#4122 = CARTESIAN_POINT ( 'NONE',  ( 3.275000000000000400, -0.4788582131113757200, 0.8294067547305469200 ) ) ;
#4123 = CARTESIAN_POINT ( 'NONE',  ( -3.201346189432334300, 0.3349364905389034000, 1.249999999999999600 ) ) ;
#4124 = CARTESIAN_POINT ( 'NONE',  ( -6.749038105676658200, 2.598076211353316500, 8.695047892799115500E-016 ) ) ;
#4125 = CARTESIAN_POINT ( 'NONE',  ( 4.756249999999998800, 3.921899803419055800E-015, 1.250000000000000000 ) ) ;
#4126 = FACE_OUTER_BOUND ( 'NONE', #3121, .T. ) ;
#4127 = CARTESIAN_POINT ( 'NONE',  ( 5.468750000000000900, -0.4788582131113757200, 0.8294067547305469200 ) ) ;
#4128 = CARTESIAN_POINT ( 'NONE',  ( -6.387500000000000200, -4.067155351693835700E-016, 1.249999999999999600 ) ) ;
#4129 = CARTESIAN_POINT ( 'NONE',  ( 3.050000000000000300, 1.948557158514987000, -1.124999999999999100 ) ) ;
#4130 = VECTOR ( 'NONE', #3935, 1000.000000000000000 ) ;
#4131 = CARTESIAN_POINT ( 'NONE',  ( -5.150000000000000400, 1.249999999999999800, 0.0000000000000000000 ) ) ;
#4132 = FACE_OUTER_BOUND ( 'NONE', #4113, .T. ) ;
#4133 = CARTESIAN_POINT ( 'NONE',  ( -6.518749999999998900, -0.4788582131113747800, 0.8294067547305465900 ) ) ;
#4134 = ORIENTED_EDGE ( 'NONE', *, *, #4084, .T. ) ;
#4135 = COORDINATED_UNIVERSAL_TIME_OFFSET ( 6, 0, .BEHIND. ) ;
#4136 = CARTESIAN_POINT ( 'NONE',  ( -3.987500000000000300, 0.9577164262227498800, 0.5529378364870308800 ) ) ;
#4137 = CARTESIAN_POINT ( 'NONE',  ( 6.668749999999999300, -1.250000000000000000, -1.530808498934191600E-016 ) ) ;
#4138 = CARTESIAN_POINT ( 'NONE',  ( 5.993750000000000400, 1.250000000000000000, 0.0000000000000000000 ) ) ;
#4139 = CARTESIAN_POINT ( 'NONE',  ( -2.543750000000000200, 0.4788582131113751100, 0.8294067547305464800 ) ) ;
#4140 = CARTESIAN_POINT ( 'NONE',  ( 3.931250000000000800, 0.9577164262227506600, -0.5529378364870313200 ) ) ;
#4141 = CARTESIAN_POINT ( 'NONE',  ( -3.724999999999999600, -0.4788582131113754400, -0.8294067547305463700 ) ) ;
#4142 = EDGE_CURVE ( 'NONE', #758, #2866, #3362, .T. ) ;
#4143 = ORIENTED_EDGE ( 'NONE', *, *, #1308, .T. ) ;
#4144 = CARTESIAN_POINT ( 'NONE',  ( -3.781249999999999100, -0.9577164262227497700, 0.5529378364870313200 ) ) ;
#4145 = CARTESIAN_POINT ( 'NONE',  ( -6.931079852724607800, -0.4380555448224347500, 2.250000000000001300 ) ) ;
#4146 = ORIENTED_EDGE ( 'NONE', *, *, #2507, .F. ) ;
#4147 = CARTESIAN_POINT ( 'NONE',  ( 4.962499999999999500, -1.250000000000000000, -0.7216878364870327200 ) ) ;
#4148 = ORIENTED_EDGE ( 'NONE', *, *, #1387, .F. ) ;
#4149 = CARTESIAN_POINT ( 'NONE',  ( -5.356249999999999300, 0.9577164262227496600, -0.5529378364870315400 ) ) ;
#4150 = ORIENTED_EDGE ( 'NONE', *, *, #4025, .T. ) ;
#4151 = CARTESIAN_POINT ( 'NONE',  ( 7.118749999999999500, -1.250000000000000000, -1.530808498934191600E-016 ) ) ;
#4152 = CARTESIAN_POINT ( 'NONE',  ( 2.849038105676658300, -1.299038105676658900, -2.250000000000001300 ) ) ;
#4153 = VECTOR ( 'NONE', #408, 1000.000000000000000 ) ;
#4154 = ORIENTED_EDGE ( 'NONE', *, *, #2493, .T. ) ;
#4155 = CARTESIAN_POINT ( 'NONE',  ( -2.937499999999998700, -0.9577164262227497700, 0.5529378364870313200 ) ) ;
#4156 = CIRCLE ( 'NONE', #1349, 0.9551764262227507900 ) ;
#4157 = CARTESIAN_POINT ( 'NONE',  ( -4.043749999999999300, 0.4788582131113742800, -0.8294067547305469200 ) ) ;
#4158 = CARTESIAN_POINT ( 'NONE',  ( 3.050000000000002000, -2.169875997175799900, 0.7416645267673313000 ) ) ;
#4159 = CARTESIAN_POINT ( 'NONE',  ( -5.057596189432334000, 0.3349364905389034000, 1.249999999999999600 ) ) ;
#4160 = CARTESIAN_POINT ( 'NONE',  ( -5.431250000000000400, -2.031460654743915200E-016, -1.105875672974062000 ) ) ;
#4161 = CARTESIAN_POINT ( 'NONE',  ( -3.667403810567666100, -0.3349364905389030600, 1.249999999999999800 ) ) ;
#4162 = ORIENTED_EDGE ( 'NONE', *, *, #2157, .F. ) ;
#4163 = EDGE_CURVE ( 'NONE', #877, #1999, #2011, .T. ) ;
#4164 = CARTESIAN_POINT ( 'NONE',  ( 2.849038105676658300, 1.299038105676658400, -2.250000000000001300 ) ) ;
#4165 = CARTESIAN_POINT ( 'NONE',  ( -4.624999999999999100, -0.4788582131113754400, -0.8294067547305463700 ) ) ;
#4166 = CARTESIAN_POINT ( 'NONE',  ( -3.312499999999999600, -0.9577164262227502200, -0.5529378364870306500 ) ) ;
#4167 = CARTESIAN_POINT ( 'NONE',  ( 6.518749999999998900, 0.6249999999999991100, 1.082531754730548900 ) ) ;
#4168 = CARTESIAN_POINT ( 'NONE',  ( -4.268749999999999800, -0.4788582131113747800, 0.8294067547305465900 ) ) ;
#4169 = CARTESIAN_POINT ( 'NONE',  ( -6.673118391101743500, 0.8685211656701030700, -0.5794947653142562500 ) ) ;
#4170 = CARTESIAN_POINT ( 'NONE',  ( 4.268749999999999800, 0.6249999999999991100, 1.082531754730548900 ) ) ;
#4171 = CARTESIAN_POINT ( 'NONE',  ( 4.193749999999999600, 1.250000000000000000, 0.0000000000000000000 ) ) ;
#4172 = CARTESIAN_POINT ( 'NONE',  ( -5.037499999999999600, 1.743066579297358300E-016, 1.249999999999999600 ) ) ;
#4173 = CARTESIAN_POINT ( 'NONE',  ( -6.031249999999999100, -0.9577164262227497700, 0.5529378364870313200 ) ) ;
#4174 = DIRECTION ( 'NONE',  ( -1.000000000000000000, 0.0000000000000000000, 0.0000000000000000000 ) ) ;
#4175 = PLANE ( 'NONE',  #951 ) ;
#4176 = AXIS2_PLACEMENT_3D ( 'NONE', #944, #915, #215 ) ;
#4177 = EDGE_CURVE ( 'NONE', #4352, #455, #3128, .T. ) ;
#4178 = LINE ( 'NONE', #862, #4639 ) ;
#4179 = CARTESIAN_POINT ( 'NONE',  ( -7.156250000000000000, -1.249999999999999800, 0.7216878364870323900 ) ) ;
#4180 = CARTESIAN_POINT ( 'NONE',  ( -2.899999999999999900, -0.9577164262227499900, 1.172864355864533000E-016 ) ) ;
#4181 = ORIENTED_EDGE ( 'NONE', *, *, #4531, .F. ) ;
#4182 = CIRCLE ( 'NONE', #2156, 2.249999999999999600 ) ;
#4183 = DATE_AND_TIME ( #457, #900 ) ;
#4184 = CARTESIAN_POINT ( 'NONE',  ( -6.749038105676658200, -2.598076211353316500, -2.828161786633107200E-015 ) ) ;
#4185 = CARTESIAN_POINT ( 'NONE',  ( -4.343749999999999100, 0.4788582131113751100, 0.8294067547305464800 ) ) ;
#4186 = CARTESIAN_POINT ( 'NONE',  ( -6.949999999999998400, -0.2198351193233860900, 2.250000000000000400 ) ) ;
#4187 = CARTESIAN_POINT ( 'NONE',  ( 4.193749999999999600, 1.250000000000000000, 0.0000000000000000000 ) ) ;
#4188 = CARTESIAN_POINT ( 'NONE',  ( 5.356249999999999300, -1.250000000000000000, -0.7216878364870325000 ) ) ;
#4189 = CARTESIAN_POINT ( 'NONE',  ( -6.899200000000000400, 1.245793954082217400, -0.1024569371599316200 ) ) ;
#4190 = CARTESIAN_POINT ( 'NONE',  ( 3.518750000000000300, 0.9577164262227506600, 0.0000000000000000000 ) ) ;
#4191 = CARTESIAN_POINT ( 'NONE',  ( 6.367403810567665800, -0.3349364905389031800, -1.250000000000000000 ) ) ;
#4192 = CARTESIAN_POINT ( 'NONE',  ( -6.949999999999999300, 1.299038105676657800, 2.250000000000000900 ) ) ;
#4193 =( BOUNDED_CURVE ( )  B_SPLINE_CURVE ( 2, ( #533, #3058, #1212, #1584, #4138, #3754, #1230, #1598, #3777 ),
 .UNSPECIFIED., .F., .F. ) 
 B_SPLINE_CURVE_WITH_KNOTS ( ( 3, 2, 2, 2, 3 ),
 ( 0.2750000000000000200, 0.2833333333333333300, 0.2999999999999999900, 0.3166666666666666500, 0.3250000000000000100 ),
 .UNSPECIFIED. ) 
 CURVE ( )  GEOMETRIC_REPRESENTATION_ITEM ( )  RATIONAL_B_SPLINE_CURVE ( ( 0.9330127018922194100, 0.9330127018922196300, 1.000000000000000000, 0.8660254037844387100, 1.000000000000000000, 0.8660254037844387100, 1.000000000000000000, 0.9330127018922191900, 0.9330127018922194100 ) ) 
 REPRESENTATION_ITEM ( '' )  );
#4194 = CARTESIAN_POINT ( 'NONE',  ( 5.712499999999997700, 1.714015469642402100E-015, 1.250000000000000000 ) ) ;
#4195 = CARTESIAN_POINT ( 'NONE',  ( -6.124999999999999100, 0.6249999999999990000, -1.082531754730548600 ) ) ;
#4196 = CARTESIAN_POINT ( 'NONE',  ( 3.050000000000000300, 0.0000000000000000000, 0.0000000000000000000 ) ) ;
#4197 = CARTESIAN_POINT ( 'NONE',  ( 7.099999999999999600, 0.4788582131113754400, -0.8294067547305471500 ) ) ;
#4198 = EDGE_LOOP ( 'NONE', ( #291, #991, #4523 ) ) ;
#4199 = CARTESIAN_POINT ( 'NONE',  ( 7.006249999999999600, 6.771535515813057500E-017, -1.105875672974062900 ) ) ;
#4200 = CARTESIAN_POINT ( 'NONE',  ( -6.949999999999999300, -2.169875997175800800, -0.7416645267673349600 ) ) ;
#4201 = CARTESIAN_POINT ( 'NONE',  ( -3.518749999999999400, 0.9577164262227499900, 0.0000000000000000000 ) ) ;
#4202 = CARTESIAN_POINT ( 'NONE',  ( -7.118749999999999500, 0.9577164262227499900, 0.0000000000000000000 ) ) ;
#4203 = CARTESIAN_POINT ( 'NONE',  ( 5.881249999999999600, 8.838126989374223500E-017, -1.443375672974064300 ) ) ;
#4204 = CARTESIAN_POINT ( 'NONE',  ( -2.862499999999999800, 1.250000000000000000, 0.7216878364870319400 ) ) ;
#4205 = CARTESIAN_POINT ( 'NONE',  ( 5.281250000000000000, 0.9577164262227506600, -0.5529378364870313200 ) ) ;
#4206 = ORIENTED_EDGE ( 'NONE', *, *, #1090, .T. ) ;
#4207 = ORIENTED_EDGE ( 'NONE', *, *, #2897, .T. ) ;
#4208 = AXIS2_PLACEMENT_3D ( 'NONE', #2550, #3300, #1071 ) ;
#4209 = B_SPLINE_CURVE_WITH_KNOTS ( 'NONE', 1,
 ( #3902, #2127 ),
 .UNSPECIFIED., .F., .F.,
 ( 2, 2 ),
 ( 0.0000000000000000000, 1.000000000000000000 ),
 .UNSPECIFIED. ) ;
#4210 = CARTESIAN_POINT ( 'NONE',  ( -6.717439483264997500, 8.715332896486790000E-017, -1.068239483264996800 ) ) ;
#4211 = LINE ( 'NONE', #2033, #2808 ) ;
#4212 = CARTESIAN_POINT ( 'NONE',  ( 2.993749999999999900, -0.6250000000000005600, 1.082531754730548200 ) ) ;
#4213 = CARTESIAN_POINT ( 'NONE',  ( 4.625000000000000000, 0.6250000000000001100, -1.082531754730548400 ) ) ;
#4214 = CARTESIAN_POINT ( 'NONE',  ( 5.825000000000000200, 0.9577164262227506600, 0.0000000000000000000 ) ) ;
#4215 = FACE_OUTER_BOUND ( 'NONE', #2476, .T. ) ;
#4216 = ADVANCED_FACE ( 'NONE', ( #4132 ), #3782, .T. ) ;
#4217 = CARTESIAN_POINT ( 'NONE',  ( 5.675000000000000700, -0.4788582131113751100, -0.8294067547305472600 ) ) ;
#4218 = ORIENTED_EDGE ( 'NONE', *, *, #1105, .F. ) ;
#4219 = CARTESIAN_POINT ( 'NONE',  ( 6.668750000000000200, 0.9577164262227506600, 0.0000000000000000000 ) ) ;
#4220 = CARTESIAN_POINT ( 'NONE',  ( -6.162499999999999600, -2.651438096812266900E-016, -1.443375672974064100 ) ) ;
#4221 = CARTESIAN_POINT ( 'NONE',  ( 3.912499999999999600, -2.651438096812267400E-016, 1.443375672974064300 ) ) ;
#4222 = ORIENTED_EDGE ( 'NONE', *, *, #3375, .T. ) ;
#4223 = CARTESIAN_POINT ( 'NONE',  ( 6.143749999999999800, -0.6250000000000005600, 1.082531754730548200 ) ) ;
#4224 = CARTESIAN_POINT ( 'NONE',  ( -4.756249999999998800, -4.938688641342514700E-016, -1.249999999999999800 ) ) ;
#4225 = CARTESIAN_POINT ( 'NONE',  ( 3.893750000000000700, 0.4788582131113754400, -0.8294067547305471500 ) ) ;
#4226 = CARTESIAN_POINT ( 'NONE',  ( 3.218750000000000400, 0.6250000000000001100, -1.082531754730548400 ) ) ;
#4227 = ORIENTED_EDGE ( 'NONE', *, *, #791, .T. ) ;
#4228 = ORIENTED_EDGE ( 'NONE', *, *, #2324, .F. ) ;
#4229 = CARTESIAN_POINT ( 'NONE',  ( -2.150000000000000800, 0.0000000000000000000, 1.250000000000000000 ) ) ;
#4230 = CARTESIAN_POINT ( 'NONE',  ( 6.890164424956770600, -0.5742714105815748300, 0.7994647829357810500 ) ) ;
#4231 = CARTESIAN_POINT ( 'NONE',  ( 6.012499999999999300, -0.9577164262227507700, 0.5529378364870311000 ) ) ;
#4232 = EDGE_CURVE ( 'NONE', #1648, #1526, #3500, .T. ) ;
#4233 = CARTESIAN_POINT ( 'NONE',  ( 5.712500000000000400, 6.771535515813057500E-017, -1.105875672974062900 ) ) ;
#4234 = CARTESIAN_POINT ( 'NONE',  ( -6.724091377582023000, -0.1494448135171091400, -1.074891377582020400 ) ) ;
#4235 = CARTESIAN_POINT ( 'NONE',  ( -2.412500000000000100, -0.6250000000000001100, -1.082531754730548400 ) ) ;
#4236 = CARTESIAN_POINT ( 'NONE',  ( -5.337500000000000400, -1.250000000000000000, -0.7216878364870315000 ) ) ;
#4237 = CARTESIAN_POINT ( 'NONE',  ( 6.218750000000000000, 0.9577164262227506600, 0.0000000000000000000 ) ) ;
#4238 = CARTESIAN_POINT ( 'NONE',  ( 5.281249999999999100, -1.250000000000000200, 0.7216878364870317200 ) ) ;
#4239 = CYLINDRICAL_SURFACE ( 'NONE', #1781, 1.250000000000000000 ) ;
#4240 = PLANE ( 'NONE',  #4093 ) ;
#4241 = ADVANCED_FACE ( 'NONE', ( #1580 ), #2785, .T. ) ;
#4242 = CARTESIAN_POINT ( 'NONE',  ( 3.706250000000000700, -0.9577164262227507700, 0.5529378364870311000 ) ) ;
#4243 = CARTESIAN_POINT ( 'NONE',  ( -5.918749999999999300, 0.6250000000000000000, 1.082531754730548200 ) ) ;
#4244 = PRODUCT ( '98952A107_Aluminum Male-Female Threaded Hex Standoff', '98952A107_Aluminum Male-Female Threaded Hex Standoff', '', ( #479 ) ) ;
#4245 = CARTESIAN_POINT ( 'NONE',  ( 2.849038105676658700, -2.598076211353316500, -2.766540139720356900E-015 ) ) ;
#4246 = CIRCLE ( 'NONE', #643, 1.250000000000000000 ) ;
#4247 = CARTESIAN_POINT ( 'NONE',  ( 3.049999999999999800, 0.0000000000000000000, 0.0000000000000000000 ) ) ;
#4248 = CARTESIAN_POINT ( 'NONE',  ( 5.599999999999999600, 1.250000000000000000, 0.0000000000000000000 ) ) ;
#4249 = CARTESIAN_POINT ( 'NONE',  ( 5.712500000000000400, 6.771535515813057500E-017, -1.105875672974062900 ) ) ;
#4250 = VERTEX_POINT ( 'NONE', #3060 ) ;
#4251 = CARTESIAN_POINT ( 'NONE',  ( 5.975000000000000500, -0.4788582131113757200, 0.8294067547305469200 ) ) ;
#4252 = CARTESIAN_POINT ( 'NONE',  ( 6.743749999999999500, 0.4788582131113746100, 0.8294067547305475900 ) ) ;
#4253 = CARTESIAN_POINT ( 'NONE',  ( -4.850000000000000500, -0.6250000000000004400, -1.082531754730548000 ) ) ;
#4254 = CARTESIAN_POINT ( 'NONE',  ( 2.675000000000000300, -1.250000000000000000, -1.530808498934191600E-016 ) ) ;
#4255 = CARTESIAN_POINT ( 'NONE',  ( 3.706250000000000300, 1.250000000000000000, -0.7216878364870320500 ) ) ;
#4256 = CARTESIAN_POINT ( 'NONE',  ( -2.937500000000000000, 1.249999999999999300, -0.7216878364870328300 ) ) ;
#4257 = ORIENTED_EDGE ( 'NONE', *, *, #2555, .T. ) ;
#4258 = CARTESIAN_POINT ( 'NONE',  ( 4.868749999999999500, 0.9577164262227506600, 0.0000000000000000000 ) ) ;
#4259 = CARTESIAN_POINT ( 'NONE',  ( -4.156250000000000000, 1.250000000000000000, 0.7216878364870319400 ) ) ;
#4260 = VERTEX_POINT ( 'NONE', #3426 ) ;
#4261 = CARTESIAN_POINT ( 'NONE',  ( -3.312499999999999600, 1.250000000000000000, 0.7216878364870319400 ) ) ;
#4262 = ORIENTED_EDGE ( 'NONE', *, *, #4163, .F. ) ;
#4263 = EDGE_CURVE ( 'NONE', #2977, #2711, #3183, .T. ) ;
#4264 = CARTESIAN_POINT ( 'NONE',  ( -6.368749999999999500, 0.6250000000000000000, 1.082531754730548200 ) ) ;
#4265 = CARTESIAN_POINT ( 'NONE',  ( 3.953746543859215600, 0.8276703429973294400, 0.6938897749374369800 ) ) ;
#4266 = CARTESIAN_POINT ( 'NONE',  ( 6.200000000000000200, 0.4788582131113754400, -0.8294067547305471500 ) ) ;
#4267 = ADVANCED_FACE ( 'NONE', ( #2323 ), #1471, .T. ) ;
#4268 = ORIENTED_EDGE ( 'NONE', *, *, #1600, .F. ) ;
#4269 = CARTESIAN_POINT ( 'NONE',  ( 5.918750000000000200, -0.4788582131113757200, 0.8294067547305469200 ) ) ;
#4270 = LINE ( 'NONE', #1849, #3211 ) ;
#4271 = CARTESIAN_POINT ( 'NONE',  ( -2.750000000000000000, 0.4788582131113742800, -0.8294067547305469200 ) ) ;
#4272 = CARTESIAN_POINT ( 'NONE',  ( -6.387499999999999300, 8.838126989374222200E-017, 1.443375672974064100 ) ) ;
#4273 = CARTESIAN_POINT ( 'NONE',  ( 6.293750000000000200, 0.4788582131113746100, 0.8294067547305475900 ) ) ;
#4274 = VERTEX_POINT ( 'NONE', #4194 ) ;
#4275 = CARTESIAN_POINT ( 'NONE',  ( 3.331250000000000300, 1.249999999999999800, 0.7216878364870329400 ) ) ;
#4276 = LINE ( 'NONE', #1304, #373 ) ;
#4277 = CARTESIAN_POINT ( 'NONE',  ( 7.174999999999999800, 0.9577164262227506600, 0.0000000000000000000 ) ) ;
#4278 = CARTESIAN_POINT ( 'NONE',  ( -5.806249999999999500, -1.249999999999999800, 0.7216878364870323900 ) ) ;
#4279 = B_SPLINE_CURVE_WITH_KNOTS ( 'NONE', 3,
 ( #4638, #2126, #980, #4656 ),
 .UNSPECIFIED., .F., .F.,
 ( 4, 4 ),
 ( 2.380746839933201000E-007, 0.001314652396222796200 ),
 .UNSPECIFIED. ) ;
#4280 = EDGE_CURVE ( 'NONE', #4047, #2805, #3260, .T. ) ;
#4281 = CARTESIAN_POINT ( 'NONE',  ( -4.137499999999998400, -4.706279764102867600E-015, 1.249999999999999600 ) ) ;
#4282 = ORIENTED_EDGE ( 'NONE', *, *, #2275, .F. ) ;
#4283 = CARTESIAN_POINT ( 'NONE',  ( -6.949999999999999300, 0.0000000000000000000, 0.0000000000000000000 ) ) ;
#4284 = CARTESIAN_POINT ( 'NONE',  ( 6.912499999999999600, 1.250000000000000000, -0.7216878364870320500 ) ) ;
#4285 = CARTESIAN_POINT ( 'NONE',  ( 3.850316728204654600, -6.797959659259696400E-015, -0.9679931544274051900 ) ) ;
#4286 = CARTESIAN_POINT ( 'NONE',  ( -3.499999999999999100, 0.4788582131113751100, 0.8294067547305464800 ) ) ;
#4287 = CARTESIAN_POINT ( 'NONE',  ( -4.174999999999999800, -0.4788582131113754400, -0.8294067547305463700 ) ) ;
#4288 = ORIENTED_EDGE ( 'NONE', *, *, #3375, .F. ) ;
#4289 = CARTESIAN_POINT ( 'NONE',  ( -5.674999999999999800, 0.6249999999999990000, -1.082531754730548600 ) ) ;
#4290 = CARTESIAN_POINT ( 'NONE',  ( 3.387499999999999700, 1.249999999999999800, 0.7216878364870329400 ) ) ;
#4291 = CARTESIAN_POINT ( 'NONE',  ( -6.615767536810022200, -0.02385444456054121000, 0.9665675368099785300 ) ) ;
#4292 = ADVANCED_FACE ( 'NONE', ( #748 ), #3827, .T. ) ;
#4293 = CARTESIAN_POINT ( 'NONE',  ( 5.712500000000000400, 6.771535515813057500E-017, -1.105875672974062900 ) ) ;
#4294 = CARTESIAN_POINT ( 'NONE',  ( -5.281249999999999100, -1.250000000000000000, -0.7216878364870315000 ) ) ;
#4295 = EDGE_LOOP ( 'NONE', ( #2631, #992, #734, #165 ) ) ;
#4296 =( BOUNDED_SURFACE ( )  B_SPLINE_SURFACE ( 1, 2, ( 
 ( #3102, #917, #3473, #3814, #538, #4179, #2000, #3074, #4542, #889, #2388, #202, #2754, #3119, #3486, #1295, #3832, #4561, #1216, #4361, #3637, #754, #3221, #3917, #3586, #629, #678, #1030, #976, #3165, #1394, #3199, #696, #4622, #3931, #282, #1771, #2523, #4243, #1406, #2851, #4278, #4655, #2085, #2468, #996, #2506, #3533, #3950, #1014, #303, #3568, #4672, #2815, #4314, #4294, #2139, #3237, #339, #1340, #3877, #1756, #3604, #1380, #2125, #1705, #321, #2865, #1739, #2067, #4601, #2833, #2452, #265, #661, #1047, #642, #3180, #3546, #1360, #2105, #4636, #2490, #3899, #1723, #4259, #1104, #4328, #3303, #1812, #354, #2568, #2895, #2155, #3256, #3672, #25, #3658, #2942, #2537, #4342, #1470, #1120, #1795, #727, #4011, #4684, #766, #1484, #1062, #3635, #1826, #4023, #3997, #3620, #4374, #3270, #2912, #2188, #2879, #1842, #1075, #2220, #4388, #42, #386, #2205, #2554, #1089 ),
 ( #1425, #3966, #3287, #710, #54, #1784, #2926, #1440, #3981, #2598, #3647, #2581, #2171, #740, #15, #370, #1458, #4359, #402, #753, #3316, #1542, #1869, #1901, #1855, #3685, #1530, #2234, #119, #1497, #4069, #4414, #1884, #822, #2640, #2971, #2627, #779, #2261, #2279, #105, #4443, #793, #3710, #2656, #3734, #443, #3721, #807, #93, #1561, #837, #3373, #461, #1158, #4037, #417, #2247, #1918, #70, #79, #2610, #1514, #4429, #4052, #3346, #431, #4083, #1173, #1132, #2986, #3361, #1147, #3697, #473, #2998, #3014, #3390, #1186, #2293, #4096, #4461, #2959, #4401, #3333, #1217, #2310, #3445, #878, #3047, #3786, #1202, #4141, #2370, #3429, #4488, #2341, #2326, #3403, #890, #3029, #3460, #4516, #4166, #1574, #146, #3801, #1988, #132, #1264, #1604, #1618, #852, #4155, #522, #3769, #2668, #4114, #1959, #1588, #3745, #4530, #493, #539, #1927, #2354, #3089, #4474, #2680 ) ),
 .UNSPECIFIED., .F., .F., .F. ) 
 B_SPLINE_SURFACE_WITH_KNOTS ( ( 2, 2 ),
 ( 3, 2, 2, 2, 2, 2, 2, 2, 2, 2, 2, 2, 2, 2, 2, 2, 2, 2, 2, 2, 2, 2, 2, 2, 2, 2, 2, 2, 2, 2, 2, 2, 2, 2, 2, 2, 2, 2, 2, 2, 2, 2, 2, 2, 2, 2, 2, 2, 2, 2, 2, 2, 2, 2, 2, 2, 2, 2, 2, 2, 2, 2, 2, 2, 3 ),
 ( 0.0000000000000000000, 1.000000000000000000 ),
 ( 0.0000000000000000000, 0.01515151515151515200, 0.03030303030303030400, 0.04545454545454545600, 0.06060606060606060800, 0.07575757575757576000, 0.09090909090909091200, 0.1060606060606060600, 0.1212121212121212200, 0.1363636363636363500, 0.1515151515151515200, 0.1666666666666666600, 0.1818181818181818200, 0.1969696969696969600, 0.2121212121212121300, 0.2272727272727272700, 0.2424242424242424300, 0.2575757575757575700, 0.2727272727272727100, 0.2878787878787879000, 0.3030303030303030400, 0.3181818181818181800, 0.3333333333333333100, 0.3484848484848485100, 0.3636363636363636500, 0.3787878787878787800, 0.3939393939393939200, 0.4090909090909091200, 0.4242424242424242500, 0.4393939393939393900, 0.4545454545454545300, 0.4696969696969697200, 0.4848484848484848600, 0.5000000000000000000, 0.5151515151515151400, 0.5303030303030302800, 0.5454545454545454100, 0.5606060606060605500, 0.5757575757575758000, 0.5909090909090909400, 0.6060606060606060800, 0.6212121212121212200, 0.6363636363636363500, 0.6515151515151514900, 0.6666666666666666300, 0.6818181818181817700, 0.6969696969696970200, 0.7121212121212121500, 0.7272727272727272900, 0.7424242424242424300, 0.7575757575757575700, 0.7727272727272727100, 0.7878787878787878500, 0.8030303030303029800, 0.8181818181818182300, 0.8333333333333333700, 0.8484848484848485100, 0.8636363636363636500, 0.8787878787878787800, 0.8939393939393939200, 0.9090909090909090600, 0.9242424242424242000, 0.9393939393939394500, 0.9545454545454545900, 0.9696969696969697200 ),
 .UNSPECIFIED. ) 
 GEOMETRIC_REPRESENTATION_ITEM ( )  RATIONAL_B_SPLINE_SURFACE ( (
 ( 1.000000000000000000, 0.8660254037844387100, 1.000000000000000000, 0.8660254037844387100, 1.000000000000000000, 0.8660254037844387100, 1.000000000000000000, 0.8660254037844387100, 1.000000000000000000, 0.8660254037844387100, 1.000000000000000000, 0.8660254037844387100, 1.000000000000000000, 0.8660254037844387100, 1.000000000000000000, 0.8660254037844387100, 1.000000000000000000, 0.8660254037844387100, 1.000000000000000000, 0.8660254037844387100, 1.000000000000000000, 0.8660254037844387100, 1.000000000000000000, 0.8660254037844387100, 1.000000000000000000, 0.8660254037844387100, 1.000000000000000000, 0.8660254037844387100, 1.000000000000000000, 0.8660254037844387100, 1.000000000000000000, 0.8660254037844387100, 1.000000000000000000, 0.8660254037844387100, 1.000000000000000000, 0.8660254037844387100, 1.000000000000000000, 0.8660254037844387100, 1.000000000000000000, 0.8660254037844387100, 1.000000000000000000, 0.8660254037844387100, 1.000000000000000000, 0.8660254037844387100, 1.000000000000000000, 0.8660254037844387100, 1.000000000000000000, 0.8660254037844387100, 1.000000000000000000, 0.8660254037844387100, 1.000000000000000000, 0.8660254037844387100, 1.000000000000000000, 0.8660254037844387100, 1.000000000000000000, 0.8660254037844387100, 1.000000000000000000, 0.8660254037844387100, 1.000000000000000000, 0.8660254037844387100, 1.000000000000000000, 0.8660254037844387100, 1.000000000000000000, 0.8660254037844387100, 1.000000000000000000, 0.8660254037844387100, 1.000000000000000000, 0.8660254037844387100, 1.000000000000000000, 0.8660254037844387100, 1.000000000000000000, 0.8660254037844387100, 1.000000000000000000, 0.8660254037844387100, 1.000000000000000000, 0.8660254037844387100, 1.000000000000000000, 0.8660254037844387100, 1.000000000000000000, 0.8660254037844387100, 1.000000000000000000, 0.8660254037844387100, 1.000000000000000000, 0.8660254037844387100, 1.000000000000000000, 0.8660254037844387100, 1.000000000000000000, 0.8660254037844387100, 1.000000000000000000, 0.8660254037844387100, 1.000000000000000000, 0.8660254037844387100, 1.000000000000000000, 0.8660254037844387100, 1.000000000000000000, 0.8660254037844387100, 1.000000000000000000, 0.8660254037844387100, 1.000000000000000000, 0.8660254037844387100, 1.000000000000000000, 0.8660254037844387100, 1.000000000000000000, 0.8660254037844387100, 1.000000000000000000, 0.8660254037844387100, 1.000000000000000000, 0.8660254037844387100, 1.000000000000000000, 0.8660254037844387100, 1.000000000000000000, 0.8660254037844387100, 1.000000000000000000, 0.8660254037844387100, 1.000000000000000000, 0.8660254037844387100, 1.000000000000000000, 0.8660254037844387100, 1.000000000000000000, 0.8660254037844387100, 1.000000000000000000, 0.8660254037844387100, 1.000000000000000000, 0.8660254037844387100, 1.000000000000000000, 0.8660254037844387100, 1.000000000000000000, 0.8660254037844387100, 1.000000000000000000),
 ( 1.000000000000000000, 0.8660254037844387100, 1.000000000000000000, 0.8660254037844387100, 1.000000000000000000, 0.8660254037844387100, 1.000000000000000000, 0.8660254037844387100, 1.000000000000000000, 0.8660254037844387100, 1.000000000000000000, 0.8660254037844387100, 1.000000000000000000, 0.8660254037844387100, 1.000000000000000000, 0.8660254037844387100, 1.000000000000000000, 0.8660254037844387100, 1.000000000000000000, 0.8660254037844387100, 1.000000000000000000, 0.8660254037844387100, 1.000000000000000000, 0.8660254037844387100, 1.000000000000000000, 0.8660254037844387100, 1.000000000000000000, 0.8660254037844387100, 1.000000000000000000, 0.8660254037844387100, 1.000000000000000000, 0.8660254037844387100, 1.000000000000000000, 0.8660254037844387100, 1.000000000000000000, 0.8660254037844387100, 1.000000000000000000, 0.8660254037844387100, 1.000000000000000000, 0.8660254037844387100, 1.000000000000000000, 0.8660254037844387100, 1.000000000000000000, 0.8660254037844387100, 1.000000000000000000, 0.8660254037844387100, 1.000000000000000000, 0.8660254037844387100, 1.000000000000000000, 0.8660254037844387100, 1.000000000000000000, 0.8660254037844387100, 1.000000000000000000, 0.8660254037844387100, 1.000000000000000000, 0.8660254037844387100, 1.000000000000000000, 0.8660254037844387100, 1.000000000000000000, 0.8660254037844387100, 1.000000000000000000, 0.8660254037844387100, 1.000000000000000000, 0.8660254037844387100, 1.000000000000000000, 0.8660254037844387100, 1.000000000000000000, 0.8660254037844387100, 1.000000000000000000, 0.8660254037844387100, 1.000000000000000000, 0.8660254037844387100, 1.000000000000000000, 0.8660254037844387100, 1.000000000000000000, 0.8660254037844387100, 1.000000000000000000, 0.8660254037844387100, 1.000000000000000000, 0.8660254037844387100, 1.000000000000000000, 0.8660254037844387100, 1.000000000000000000, 0.8660254037844387100, 1.000000000000000000, 0.8660254037844387100, 1.000000000000000000, 0.8660254037844387100, 1.000000000000000000, 0.8660254037844387100, 1.000000000000000000, 0.8660254037844387100, 1.000000000000000000, 0.8660254037844387100, 1.000000000000000000, 0.8660254037844387100, 1.000000000000000000, 0.8660254037844387100, 1.000000000000000000, 0.8660254037844387100, 1.000000000000000000, 0.8660254037844387100, 1.000000000000000000, 0.8660254037844387100, 1.000000000000000000, 0.8660254037844387100, 1.000000000000000000, 0.8660254037844387100, 1.000000000000000000, 0.8660254037844387100, 1.000000000000000000, 0.8660254037844387100, 1.000000000000000000, 0.8660254037844387100, 1.000000000000000000, 0.8660254037844387100, 1.000000000000000000, 0.8660254037844387100, 1.000000000000000000, 0.8660254037844387100, 1.000000000000000000, 0.8660254037844387100, 1.000000000000000000, 0.8660254037844387100, 1.000000000000000000, 0.8660254037844387100, 1.000000000000000000, 0.8660254037844387100, 1.000000000000000000) ) ) 
 REPRESENTATION_ITEM ( '' )  SURFACE ( )  );
#4297 = CARTESIAN_POINT ( 'NONE',  ( -5.487499999999998900, 1.743066579297358300E-016, 1.249999999999999600 ) ) ;
#4298 = DIRECTION ( 'NONE',  ( 1.000000000000000000, 0.0000000000000000000, -0.0000000000000000000 ) ) ;
#4299 = CARTESIAN_POINT ( 'NONE',  ( 6.087500000000000400, 1.249999999999999800, 0.7216878364870329400 ) ) ;
#4300 = CARTESIAN_POINT ( 'NONE',  ( -3.743749999999999500, 1.249999999999999800, 0.0000000000000000000 ) ) ;
#4301 = CARTESIAN_POINT ( 'NONE',  ( 4.382596189432333300, -0.3349364905389017300, 1.250000000000001100 ) ) ;
#4302 = EDGE_CURVE ( 'NONE', #4458, #3616, #4579, .T. ) ;
#4303 = CARTESIAN_POINT ( 'NONE',  ( 6.813357242151518300, -0.9728130104448550200, 0.4007262382190799900 ) ) ;
#4304 = LINE ( 'NONE', #737, #3968 ) ;
#4305 = CARTESIAN_POINT ( 'NONE',  ( -4.962499999999999500, 0.9577164262227496600, -0.5529378364870315400 ) ) ;
#4306 = CARTESIAN_POINT ( 'NONE',  ( -2.618750000000000400, -1.249999999999999800, 1.530808498934191300E-016 ) ) ;
#4307 = CARTESIAN_POINT ( 'NONE',  ( -3.425000000000000300, 0.6249999999999990000, -1.082531754730548600 ) ) ;
#4308 = CARTESIAN_POINT ( 'NONE',  ( 5.356249999999999300, 0.9577164262227503300, 0.5529378364870319900 ) ) ;
#4309 = AXIS2_PLACEMENT_3D ( 'NONE', #1973, #2726, #3854 ) ;
#4310 = CARTESIAN_POINT ( 'NONE',  ( 5.168749999999999300, 0.6249999999999991100, 1.082531754730548900 ) ) ;
#4311 = ORIENTED_EDGE ( 'NONE', *, *, #1135, .T. ) ;
#4312 = VECTOR ( 'NONE', #3449, 1000.000000000000000 ) ;
#4313 = CARTESIAN_POINT ( 'NONE',  ( 5.450000000000000200, 0.4788582131113746100, 0.8294067547305475900 ) ) ;
#4314 = CARTESIAN_POINT ( 'NONE',  ( -5.318749999999999600, -1.249999999999999800, 1.530808498934191300E-016 ) ) ;
#4315 = CARTESIAN_POINT ( 'NONE',  ( 3.840039999999999200, -0.8127136422835467000, -0.5066727629378633400 ) ) ;
#4316 = CARTESIAN_POINT ( 'NONE',  ( -6.749038105676658200, 2.598076211353316500, 8.695047892799115500E-016 ) ) ;
#4317 = CARTESIAN_POINT ( 'NONE',  ( 5.637500000000001100, 1.249999999999999800, 0.7216878364870329400 ) ) ;
#4318 = CARTESIAN_POINT ( 'NONE',  ( -2.936153810567665900, 0.3349364905389027300, -1.250000000000000000 ) ) ;
#4319 = CARTESIAN_POINT ( 'NONE',  ( -2.787499999999999200, -2.031460654743915200E-016, -1.105875672974062000 ) ) ;
#4320 = APPROVAL ( #499, 'UNSPECIFIED' ) ;
#4321 = CARTESIAN_POINT ( 'NONE',  ( -5.393749999999998900, 0.4788582131113742800, -0.8294067547305469200 ) ) ;
#4322 = CARTESIAN_POINT ( 'NONE',  ( -2.412499999999999600, -0.9577164262227502200, -0.5529378364870306500 ) ) ;
#4323 = VERTEX_POINT ( 'NONE', #3882 ) ;
#4324 = CARTESIAN_POINT ( 'NONE',  ( -5.901346189432333100, 0.3349364905389034000, 1.249999999999999600 ) ) ;
#4325 = CARTESIAN_POINT ( 'NONE',  ( -3.612500000000000700, -1.249999999999999800, 0.7216878364870323900 ) ) ;
#4326 =( BOUNDED_CURVE ( )  B_SPLINE_CURVE ( 2, ( #1148, #2974, #4039, #809, #3660, #3699, #4389, #2206, #1515 ),
 .UNSPECIFIED., .F., .F. ) 
 B_SPLINE_CURVE_WITH_KNOTS ( ( 3, 2, 2, 2, 3 ),
 ( 0.8409090909090909400, 0.8484848484848485100, 0.8636363636363636500, 0.8787878787878787800, 0.8863636363636363500 ),
 .UNSPECIFIED. ) 
 CURVE ( )  GEOMETRIC_REPRESENTATION_ITEM ( )  RATIONAL_B_SPLINE_CURVE ( ( 0.9330127018922194100, 0.9330127018922194100, 1.000000000000000000, 0.8660254037844387100, 1.000000000000000000, 0.8660254037844387100, 1.000000000000000000, 0.9330127018922194100, 0.9330127018922194100 ) ) 
 REPRESENTATION_ITEM ( '' )  );
#4327 = CARTESIAN_POINT ( 'NONE',  ( 5.262499999999999300, 6.771535515813057500E-017, -1.105875672974062900 ) ) ;
#4328 = CARTESIAN_POINT ( 'NONE',  ( -4.081249999999999800, 8.838126989374222200E-017, 1.443375672974064100 ) ) ;
#4329 = CARTESIAN_POINT ( 'NONE',  ( 6.612499999999998000, 3.186906729148669700E-014, 1.250000000000000000 ) ) ;
#4330 = EDGE_CURVE ( 'NONE', #693, #3803, #4569, .T. ) ;
#4331 = CARTESIAN_POINT ( 'NONE',  ( 4.793750000000000200, 0.4788582131113754400, -0.8294067547305471500 ) ) ;
#4332 = CARTESIAN_POINT ( 'NONE',  ( -5.899999999999999500, -0.6249999999999995600, 1.082531754730548400 ) ) ;
#4333 = CARTESIAN_POINT ( 'NONE',  ( 6.687500000000000000, -1.250000000000000200, 0.7216878364870317200 ) ) ;
#4334 = CARTESIAN_POINT ( 'NONE',  ( 4.943750000000000500, -0.6249999999999996700, -1.082531754730548400 ) ) ;
#4335 = EDGE_LOOP ( 'NONE', ( #3188, #2289, #1943 ) ) ;
#4336 = ORIENTED_EDGE ( 'NONE', *, *, #2788, .F. ) ;
#4337 = CARTESIAN_POINT ( 'NONE',  ( 6.853179531218198200, -0.9995984707103818800, 0.1607889819679464400 ) ) ;
#4338 = CARTESIAN_POINT ( 'NONE',  ( -5.318749999999998800, 0.9577164262227499900, 0.0000000000000000000 ) ) ;
#4339 = CARTESIAN_POINT ( 'NONE',  ( -2.750000000000000000, -0.6249999999999995600, 1.082531754730548400 ) ) ;
#4340 = EDGE_LOOP ( 'NONE', ( #4661, #3499, #3069, #2360, #952, #3159, #2994, #784, #191, #126, #2327, #292, #1706, #716, #2461, #1215, #4511, #3135, #1246, #514, #4288, #3822, #1271, #2609 ) ) ;
#4341 = CARTESIAN_POINT ( 'NONE',  ( -6.874999999999999100, -0.4788582131113754400, -0.8294067547305463700 ) ) ;
#4342 = CARTESIAN_POINT ( 'NONE',  ( -3.593749999999999600, -0.6249999999999995600, 1.082531754730548400 ) ) ;
#4343 = AXIS2_PLACEMENT_3D ( 'NONE', #2543, #2916, #1504 ) ;
#4344 =( BOUNDED_CURVE ( )  B_SPLINE_CURVE ( 2, ( #1646, #3864, #1998, #3536, #4248, #1293, #1684, #2733, #3484 ),
 .UNSPECIFIED., .F., .F. ) 
 B_SPLINE_CURVE_WITH_KNOTS ( ( 3, 2, 2, 2, 3 ),
 ( 0.2750000000000000200, 0.2833333333333333300, 0.2999999999999999900, 0.3166666666666666500, 0.3250000000000000100 ),
 .UNSPECIFIED. ) 
 CURVE ( )  GEOMETRIC_REPRESENTATION_ITEM ( )  RATIONAL_B_SPLINE_CURVE ( ( 0.9330127018922194100, 0.9330127018922196300, 1.000000000000000000, 0.8660254037844387100, 1.000000000000000000, 0.8660254037844387100, 1.000000000000000000, 0.9330127018922191900, 0.9330127018922194100 ) ) 
 REPRESENTATION_ITEM ( '' )  );
#4345 = EDGE_CURVE ( 'NONE', #2887, #3104, #4640, .T. ) ;
#4347 = VERTEX_POINT ( 'NONE', #1326 ) ;
#4346 = CARTESIAN_POINT ( 'NONE',  ( -6.837499999999998600, 1.743066579297358300E-016, 1.249999999999999600 ) ) ;
#4348 = CARTESIAN_POINT ( 'NONE',  ( 4.343750000000000000, 0.4788582131113754400, -0.8294067547305471500 ) ) ;
#4349 = CARTESIAN_POINT ( 'NONE',  ( -5.862499999999998000, -1.249999999999999600, 0.7216878364870325000 ) ) ;
#4350 = CARTESIAN_POINT ( 'NONE',  ( 6.874999999999999100, 0.6250000000000001100, -1.082531754730548400 ) ) ;
#4351 = CARTESIAN_POINT ( 'NONE',  ( -3.274999999999999500, -0.4788582131113754400, -0.8294067547305463700 ) ) ;
#4352 = VERTEX_POINT ( 'NONE', #598 ) ;
#4353 =( BOUNDED_CURVE ( )  B_SPLINE_CURVE ( 2, ( #300, #2848, #337, #4668, #1752, #2503, #725, #2893, #3566 ),
 .UNSPECIFIED., .F., .F. ) 
 B_SPLINE_CURVE_WITH_KNOTS ( ( 3, 2, 2, 2, 3 ),
 ( 0.8863636363636363500, 0.8939393939393939200, 0.9090909090909090600, 0.9242424242424242000, 0.9318181818181818800 ),
 .UNSPECIFIED. ) 
 CURVE ( )  GEOMETRIC_REPRESENTATION_ITEM ( )  RATIONAL_B_SPLINE_CURVE ( ( 0.9330127018922194100, 0.9330127018922194100, 1.000000000000000000, 0.8660254037844387100, 1.000000000000000000, 0.8660254037844387100, 1.000000000000000000, 0.9330127018922188500, 0.9330127018922194100 ) ) 
 REPRESENTATION_ITEM ( '' )  );
#4354 = CARTESIAN_POINT ( 'NONE',  ( 6.773750975642648200, -0.8923063171963687700, 0.6288397429115577500 ) ) ;
#4355 = CARTESIAN_POINT ( 'NONE',  ( -2.374999999999999600, -0.4788582131113754400, -0.8294067547305463700 ) ) ;
#4356 = CARTESIAN_POINT ( 'NONE',  ( -2.337499999999999900, -4.706279764102867600E-015, 1.249999999999999600 ) ) ;
#4357 = CARTESIAN_POINT ( 'NONE',  ( -3.987499999999999400, -1.250000000000000000, -0.7216878364870315000 ) ) ;
#4358 = CARTESIAN_POINT ( 'NONE',  ( -5.487499999999999800, -2.031460654743915200E-016, -1.105875672974062000 ) ) ;
#4359 = CARTESIAN_POINT ( 'NONE',  ( -6.537499999999998800, -0.9577164262227497700, 0.5529378364870313200 ) ) ;
#4360 = EDGE_CURVE ( 'NONE', #4274, #2449, #4344, .T. ) ;
#4361 = CARTESIAN_POINT ( 'NONE',  ( -6.631249999999999600, -1.250000000000000000, -0.7216878364870315000 ) ) ;
#4362 = CIRCLE ( 'NONE', #1226, 1.250000000000000000 ) ;
#4363 = CARTESIAN_POINT ( 'NONE',  ( 4.118750000000001200, -0.4788582131113757200, 0.8294067547305469200 ) ) ;
#4364 = CARTESIAN_POINT ( 'NONE',  ( 4.212499999999999500, 1.250000000000000000, -0.7216878364870320500 ) ) ;
#4365 = CARTESIAN_POINT ( 'NONE',  ( -6.606916426222750400, -0.04744919882972246200, 0.9568392473007605300 ) ) ;
#4366 = CONICAL_SURFACE ( 'NONE', #2764, 2.250000000000000000, 1.047197551196600100 ) ;
#4367 = CARTESIAN_POINT ( 'NONE',  ( -5.768749999999999800, 0.9577164262227499900, 0.0000000000000000000 ) ) ;
#4368 = CARTESIAN_POINT ( 'NONE',  ( -6.481249999999999300, -0.9577164262227497700, 0.5529378364870313200 ) ) ;
#4369 = DIRECTION ( 'NONE',  ( 1.000000000000000000, 0.0000000000000000000, 0.0000000000000000000 ) ) ;
#4370 = VERTEX_POINT ( 'NONE', #4590 ) ;
#4371 = CARTESIAN_POINT ( 'NONE',  ( -2.487500000000000300, 1.249999999999999600, -0.7216878364870328300 ) ) ;
#4372 = AXIS2_PLACEMENT_3D ( 'NONE', #2578, #2920, #2891 ) ;
#4373 = CARTESIAN_POINT ( 'NONE',  ( -5.299999999999998900, 0.4788582131113751100, 0.8294067547305464800 ) ) ;
#4374 = CARTESIAN_POINT ( 'NONE',  ( -3.031249999999999600, -1.250000000000000000, -0.7216878364870315000 ) ) ;
#4375 = CARTESIAN_POINT ( 'NONE',  ( -4.418750000000000200, -1.249999999999999800, 1.530808498934191300E-016 ) ) ;
#4376 = CARTESIAN_POINT ( 'NONE',  ( 4.756249999999999600, 6.771535515813057500E-017, -1.105875672974062900 ) ) ;
#4377 = CARTESIAN_POINT ( 'NONE',  ( 3.030542437486637700, 0.4427569879791550800, 2.250000000000001300 ) ) ;
#4378 = CARTESIAN_POINT ( 'NONE',  ( -6.857596189432333000, 0.3349364905389034000, 1.249999999999999600 ) ) ;
#4379 = CARTESIAN_POINT ( 'NONE',  ( 3.050000000000000300, -1.948557158514986600, -1.125000000000000000 ) ) ;
#4380 = VERTEX_POINT ( 'NONE', #4526 ) ;
#4381 = ORIENTED_EDGE ( 'NONE', *, *, #1586, .T. ) ;
#4382 = CARTESIAN_POINT ( 'NONE',  ( -3.893749999999999800, 0.4788582131113751100, 0.8294067547305464800 ) ) ;
#4383 = CARTESIAN_POINT ( 'NONE',  ( -5.243749999999999500, 0.4788582131113751100, 0.8294067547305464800 ) ) ;
#4384 = DIRECTION ( 'NONE',  ( -1.000000000000000000, 0.0000000000000000000, 0.0000000000000000000 ) ) ;
#4385 = ORIENTED_EDGE ( 'NONE', *, *, #1572, .F. ) ;
#4386 = CARTESIAN_POINT ( 'NONE',  ( -6.499999999999999100, -0.9577164262227499900, 1.172864355864533000E-016 ) ) ;
#4387 = CIRCLE ( 'NONE', #3870, 1.300800000000000000 ) ;
#4388 = CARTESIAN_POINT ( 'NONE',  ( -2.731249999999999700, 8.838126989374222200E-017, 1.443375672974064100 ) ) ;
#4389 = CARTESIAN_POINT ( 'NONE',  ( -2.993749999999999900, -0.6250000000000004400, -1.082531754730548000 ) ) ;
#4390 = FACE_OUTER_BOUND ( 'NONE', #3468, .T. ) ;
#4391 = VECTOR ( 'NONE', #904, 1000.000000000000000 ) ;
#4392 = EDGE_CURVE ( 'NONE', #4260, #1622, #612, .T. ) ;
#4393 = CARTESIAN_POINT ( 'NONE',  ( 4.868749999999999500, 0.9577164262227506600, 0.0000000000000000000 ) ) ;
#4394 = CARTESIAN_POINT ( 'NONE',  ( -4.567403810567665100, -0.3349364905389030600, 1.249999999999999800 ) ) ;
#4395 = CARTESIAN_POINT ( 'NONE',  ( 2.909699168166647100, 1.088902021129111200, -2.250000000000001300 ) ) ;
#4396 = ORIENTED_EDGE ( 'NONE', *, *, #3290, .F. ) ;
#4397 = ORIENTED_EDGE ( 'NONE', *, *, #4055, .F. ) ;
#4398 = CARTESIAN_POINT ( 'NONE',  ( -4.268749999999999800, -0.4788582131113747800, 0.8294067547305465900 ) ) ;
#4399 = CARTESIAN_POINT ( 'NONE',  ( -3.443749999999999200, 0.4788582131113751100, 0.8294067547305464800 ) ) ;
#4400 = CARTESIAN_POINT ( 'NONE',  ( 5.581249999999999800, -0.9577164262227504400, -0.5529378364870317600 ) ) ;
#4401 = CARTESIAN_POINT ( 'NONE',  ( -4.062499999999999100, 0.9577164262227496600, -0.5529378364870315400 ) ) ;
#4402 = VERTEX_POINT ( 'NONE', #634 ) ;
#4403 = CARTESIAN_POINT ( 'NONE',  ( 6.593750000000000000, 0.4788582131113754400, -0.8294067547305471500 ) ) ;
#4404 = CARTESIAN_POINT ( 'NONE',  ( 6.949999999999999300, -0.9577164262227506600, -1.172864355864533800E-016 ) ) ;
#4405 = CARTESIAN_POINT ( 'NONE',  ( 2.918750000000000200, -0.4788582131113751100, -0.8294067547305472600 ) ) ;
#4406 = CARTESIAN_POINT ( 'NONE',  ( -6.949999999999999300, 0.0000000000000000000, 0.0000000000000000000 ) ) ;
#4407 = PERSON_AND_ORGANIZATION_ROLE ( 'creator' ) ;
#4408 = ORIENTED_EDGE ( 'NONE', *, *, #1032, .T. ) ;
#4409 = CARTESIAN_POINT ( 'NONE',  ( 3.840039999999999200, -0.8127136422835467000, -0.5066727629378633400 ) ) ;
#4410 = CARTESIAN_POINT ( 'NONE',  ( -4.906249999999999100, 0.9577164262227496600, -0.5529378364870315400 ) ) ;
#4411 = CARTESIAN_POINT ( 'NONE',  ( -4.568749999999999600, -0.4788582131113754400, -0.8294067547305463700 ) ) ;
#4412 = CARTESIAN_POINT ( 'NONE',  ( 6.068750000000000500, -0.4788582131113751100, -0.8294067547305472600 ) ) ;
#4413 = FACE_OUTER_BOUND ( 'NONE', #4335, .T. ) ;
#4414 = CARTESIAN_POINT ( 'NONE',  ( -6.012499999999998400, -0.9577164262227502200, -0.5529378364870306500 ) ) ;
#4415 = FACE_OUTER_BOUND ( 'NONE', #4004, .T. ) ;
#4416 = EDGE_CURVE ( 'NONE', #1622, #1370, #1322, .T. ) ;
#4417 = CARTESIAN_POINT ( 'NONE',  ( 3.950000000000000200, 0.4788582131113754400, -0.8294067547305471500 ) ) ;
#4418 = ORIENTED_EDGE ( 'NONE', *, *, #2402, .T. ) ;
#4419 = VERTEX_POINT ( 'NONE', #2802 ) ;
#4420 = CARTESIAN_POINT ( 'NONE',  ( -5.506249999999999600, 1.250000000000000000, 0.7216878364870319400 ) ) ;
#4421 = CARTESIAN_POINT ( 'NONE',  ( -6.462499999999999500, -0.9577164262227502200, -0.5529378364870306500 ) ) ;
#4422 = CARTESIAN_POINT ( 'NONE',  ( 3.950000000000000200, 0.4788582131113754400, -0.8294067547305471500 ) ) ;
#4423 = CARTESIAN_POINT ( 'NONE',  ( -4.643749999999999800, -0.9577164262227499900, 1.172864355864533000E-016 ) ) ;
#4424 = CARTESIAN_POINT ( 'NONE',  ( -3.368749999999999500, -0.4788582131113747800, 0.8294067547305465900 ) ) ;
#4425 = CARTESIAN_POINT ( 'NONE',  ( 4.343750000000000000, 0.4788582131113754400, -0.8294067547305471500 ) ) ;
#4426 = EDGE_CURVE ( 'NONE', #4380, #3722, #1603, .T. ) ;
#4427 = CARTESIAN_POINT ( 'NONE',  ( 4.362499999999999800, 6.771535515813057500E-017, -1.105875672974062900 ) ) ;
#4428 = CARTESIAN_POINT ( 'NONE',  ( -3.876346189432334100, -0.3349364905389037300, -1.249999999999999600 ) ) ;
#4430 = ORIENTED_EDGE ( 'NONE', *, *, #931, .T. ) ;
#4429 = CARTESIAN_POINT ( 'NONE',  ( -4.812499999999999100, 6.771535515813051300E-017, 1.105875672974062000 ) ) ;
#4431 = CARTESIAN_POINT ( 'NONE',  ( 3.575000000000000200, 0.9577164262227506600, 0.0000000000000000000 ) ) ;
#4432 = CARTESIAN_POINT ( 'NONE',  ( -2.150000000000000800, 0.0000000000000000000, 0.0000000000000000000 ) ) ;
#4433 = CARTESIAN_POINT ( 'NONE',  ( -2.562499999999999600, -4.938688641342514700E-016, -1.249999999999999800 ) ) ;
#4434 = CARTESIAN_POINT ( 'NONE',  ( -5.112499999999998000, -0.9577164262227502200, -0.5529378364870306500 ) ) ;
#4435 = CARTESIAN_POINT ( 'NONE',  ( 2.825000000000000200, -0.4788582131113757200, 0.8294067547305469200 ) ) ;
#4436 = CARTESIAN_POINT ( 'NONE',  ( -2.881250000000000100, -0.9577164262227497700, 0.5529378364870313200 ) ) ;
#4437 = VERTEX_POINT ( 'NONE', #3170 ) ;
#4438 = CARTESIAN_POINT ( 'NONE',  ( -4.831249999999999800, 0.9577164262227498800, 0.5529378364870308800 ) ) ;
#4439 = LINE ( 'NONE', #2687, #1439 ) ;
#4440 = CARTESIAN_POINT ( 'NONE',  ( 5.506250000000000500, -0.9577164262227508800, 0.5529378364870311000 ) ) ;
#4441 = CARTESIAN_POINT ( 'NONE',  ( -2.150000000000000800, 0.0000000000000000000, 0.0000000000000000000 ) ) ;
#4442 = CARTESIAN_POINT ( 'NONE',  ( -6.860165872166923900, 0.8761743652342955900, -2.250000000000000900 ) ) ;
#4443 = CARTESIAN_POINT ( 'NONE',  ( -5.637499999999999300, -0.9577164262227497700, 0.5529378364870313200 ) ) ;
#4444 = CARTESIAN_POINT ( 'NONE',  ( 6.012499999999999300, 1.250000000000000000, -0.7216878364870320500 ) ) ;
#4445 = CARTESIAN_POINT ( 'NONE',  ( 4.174999999999999800, -0.4788582131113757200, 0.8294067547305469200 ) ) ;
#4446 = VERTEX_POINT ( 'NONE', #930 ) ;
#4447 = VERTEX_POINT ( 'NONE', #1762 ) ;
#4448 = AXIS2_PLACEMENT_3D ( 'NONE', #1185, #1171, #471 ) ;
#4449 = CARTESIAN_POINT ( 'NONE',  ( -4.587499999999998600, 1.743066579297358300E-016, 1.249999999999999600 ) ) ;
#4450 = CARTESIAN_POINT ( 'NONE',  ( -6.949999999999999300, -1.299038105676658900, -2.250000000000001300 ) ) ;
#4451 = ORIENTED_EDGE ( 'NONE', *, *, #1841, .T. ) ;
#4452 = CARTESIAN_POINT ( 'NONE',  ( -6.274999999999999500, 0.9577164262227499900, 0.0000000000000000000 ) ) ;
#4453 = CARTESIAN_POINT ( 'NONE',  ( 4.212500000000000400, -0.9577164262227507700, 0.5529378364870311000 ) ) ;
#4454 = CARTESIAN_POINT ( 'NONE',  ( -2.618749999999999500, 0.9577164262227499900, 0.0000000000000000000 ) ) ;
#4455 = AXIS2_PLACEMENT_3D ( 'NONE', #1799, #2930, #359 ) ;
#4456 = CARTESIAN_POINT ( 'NONE',  ( -4.306249999999999500, 6.771535515813051300E-017, 1.105875672974062000 ) ) ;
#4457 = CARTESIAN_POINT ( 'NONE',  ( 5.206249999999999800, 6.771535515813057500E-017, -1.105875672974062900 ) ) ;
#4458 = VERTEX_POINT ( 'NONE', #2129 ) ;
#4459 = CARTESIAN_POINT ( 'NONE',  ( 4.587499999999999500, -2.031460654743916600E-016, 1.105875672974062900 ) ) ;
#4460 = CARTESIAN_POINT ( 'NONE',  ( -3.987500000000000300, -1.250000000000000000, -0.7216878364870316100 ) ) ;
#4461 = CARTESIAN_POINT ( 'NONE',  ( -4.137499999999998400, -2.031460654743915200E-016, -1.105875672974062000 ) ) ;
#4462 = CARTESIAN_POINT ( 'NONE',  ( 6.743749999999999500, 0.4788582131113746100, 0.8294067547305475900 ) ) ;
#4463 = CARTESIAN_POINT ( 'NONE',  ( 3.162500000000000500, 0.9577164262227503300, 0.5529378364870319900 ) ) ;
#4464 = DATE_TIME_ROLE ( 'classification_date' ) ;
#4465 = FACE_OUTER_BOUND ( 'NONE', #3318, .T. ) ;
#4466 = CARTESIAN_POINT ( 'NONE',  ( -6.387499999999999300, -2.031460654743915200E-016, -1.105875672974062000 ) ) ;
#4467 = CARTESIAN_POINT ( 'NONE',  ( 3.687500000000000900, -2.031460654743916600E-016, 1.105875672974062900 ) ) ;
#4468 = CARTESIAN_POINT ( 'NONE',  ( -3.331249999999999400, 1.249999999999999300, -0.7216878364870328300 ) ) ;
#4469 = DESIGN_CONTEXT ( 'detailed design', #435, 'design' ) ;
#4470 = CARTESIAN_POINT ( 'NONE',  ( -2.431249999999999500, -0.9577164262227497700, 0.5529378364870313200 ) ) ;
#4471 = CONICAL_SURFACE ( 'NONE', #2621, 2.250000000000000000, 1.047197551196600100 ) ;
#4472 = VECTOR ( 'NONE', #4512, 1000.000000000000000 ) ;
#4473 = CARTESIAN_POINT ( 'NONE',  ( -6.218749999999999100, -1.249999999999999800, 1.530808498934191300E-016 ) ) ;
#4474 = CARTESIAN_POINT ( 'NONE',  ( -2.412499999999999600, -0.9577164262227502200, -0.5529378364870306500 ) ) ;
#4475 = EDGE_CURVE ( 'NONE', #3803, #1244, #3878, .T. ) ;
#4476 = CARTESIAN_POINT ( 'NONE',  ( 3.050000000000000300, 1.530808498934191600E-016, 1.250000000000000000 ) ) ;
#4477 = CARTESIAN_POINT ( 'NONE',  ( -6.182596189432334000, -0.3349364905389037300, -1.249999999999999600 ) ) ;
#4478 = CARTESIAN_POINT ( 'NONE',  ( -6.949999999999999300, 0.0000000000000000000, 1.300800000000000000 ) ) ;
#4479 = CARTESIAN_POINT ( 'NONE',  ( 5.656250000000000000, -4.938688641342514700E-016, 1.250000000000000000 ) ) ;
#4480 = CARTESIAN_POINT ( 'NONE',  ( -6.893749999999998900, -0.9577164262227499900, 1.172864355864533000E-016 ) ) ;
#4481 = CARTESIAN_POINT ( 'NONE',  ( -5.224999999999998800, -0.4788582131113747800, 0.8294067547305465900 ) ) ;
#4482 = CARTESIAN_POINT ( 'NONE',  ( 3.200000000000000600, 0.4788582131113746100, 0.8294067547305475900 ) ) ;
#4483 = CARTESIAN_POINT ( 'NONE',  ( -3.181249999999999900, 1.743066579297358300E-016, 1.249999999999999600 ) ) ;
#4484 = CARTESIAN_POINT ( 'NONE',  ( 3.840039999999999200, -0.2069944435876241400, -0.9350797042930229000 ) ) ;
#4485 = ORIENTED_EDGE ( 'NONE', *, *, #2355, .F. ) ;
#4486 =( BOUNDED_CURVE ( )  B_SPLINE_CURVE ( 2, ( #333, #3597, #1056, #653, #4306, #988, #2134 ),
 .UNSPECIFIED., .F., .F. ) 
 B_SPLINE_CURVE_WITH_KNOTS ( ( 3, 2, 2, 3 ),
 ( 0.9318181818181818800, 0.9393939393939394500, 0.9545454545454545900, 0.9696969696969697200 ),
 .UNSPECIFIED. ) 
 CURVE ( )  GEOMETRIC_REPRESENTATION_ITEM ( )  RATIONAL_B_SPLINE_CURVE ( ( 0.9330127018922194100, 0.9330127018922198500, 1.000000000000000000, 0.8660254037844387100, 1.000000000000000000, 0.8660254037844387100, 1.000000000000000000 ) ) 
 REPRESENTATION_ITEM ( '' )  );
#4487 = DIRECTION ( 'NONE',  ( 0.0000000000000000000, 0.0000000000000000000, 1.000000000000000000 ) ) ;
#4488 = CARTESIAN_POINT ( 'NONE',  ( -3.612499999999999400, 0.9577164262227496600, -0.5529378364870315400 ) ) ;
#4489 = ORIENTED_EDGE ( 'NONE', *, *, #1160, .T. ) ;
#4490 = CARTESIAN_POINT ( 'NONE',  ( 6.162499999999999600, -4.938688641342514700E-016, 1.250000000000000000 ) ) ;
#4491 = DIRECTION ( 'NONE',  ( 1.000000000000000000, 0.0000000000000000000, 0.0000000000000000000 ) ) ;
#4492 = CIRCLE ( 'NONE', #570, 0.9125000000000000900 ) ;
#4493 = CARTESIAN_POINT ( 'NONE',  ( 4.850000000000000500, -0.6250000000000005600, 1.082531754730548200 ) ) ;
#4494 = CARTESIAN_POINT ( 'NONE',  ( 5.861153810567666200, -0.3349364905389042300, -1.249999999999999600 ) ) ;
#4495 = CARTESIAN_POINT ( 'NONE',  ( -6.593749999999999100, 0.4788582131113751100, 0.8294067547305464800 ) ) ;
#4496 = VECTOR ( 'NONE', #2743, 1000.000000000000000 ) ;
#4497 = CARTESIAN_POINT ( 'NONE',  ( -4.362499999999998900, 6.771535515813051300E-017, 1.105875672974062000 ) ) ;
#4498 = CARTESIAN_POINT ( 'NONE',  ( 6.781250000000000000, 8.838126989374223500E-017, -1.443375672974064300 ) ) ;
#4499 = EDGE_CURVE ( 'NONE', #812, #545, #2164, .T. ) ;
#4500 = ORIENTED_EDGE ( 'NONE', *, *, #1387, .T. ) ;
#4501 = VERTEX_POINT ( 'NONE', #1019 ) ;
#4502 = CARTESIAN_POINT ( 'NONE',  ( 5.618749999999999500, 0.6249999999999991100, 1.082531754730548900 ) ) ;
#4503 = CARTESIAN_POINT ( 'NONE',  ( -6.387500000000000200, -4.067155351693835700E-016, 1.249999999999999600 ) ) ;
#4504 = CARTESIAN_POINT ( 'NONE',  ( -3.406249999999999600, 6.771535515813051300E-017, 1.105875672974062000 ) ) ;
#4505 = CARTESIAN_POINT ( 'NONE',  ( -2.150000000000000800, 0.0000000000000000000, 0.0000000000000000000 ) ) ;
#4506 = AXIS2_PLACEMENT_3D ( 'NONE', #3664, #2211, #1126 ) ;
#4507 = CARTESIAN_POINT ( 'NONE',  ( 5.881249999999999600, -2.033577675846917700E-015, -1.249999999999999800 ) ) ;
#4508 = ORIENTED_EDGE ( 'NONE', *, *, #3118, .T. ) ;
#4509 = CARTESIAN_POINT ( 'NONE',  ( -6.181249999999999500, 0.9577164262227498800, 0.5529378364870308800 ) ) ;
#4510 = CARTESIAN_POINT ( 'NONE',  ( 7.156250000000000000, -1.250000000000000000, -0.7216878364870325000 ) ) ;
#4511 = ORIENTED_EDGE ( 'NONE', *, *, #3622, .F. ) ;
#4512 = DIRECTION ( 'NONE',  ( -1.000000000000000000, -0.0000000000000000000, -0.0000000000000000000 ) ) ;
#4513 = EDGE_CURVE ( 'NONE', #1197, #1725, #1463, .T. ) ;
#4514 = CARTESIAN_POINT ( 'NONE',  ( 4.006250000000000500, 0.9577164262227503300, 0.5529378364870319900 ) ) ;
#4515 = CARTESIAN_POINT ( 'NONE',  ( 4.568749999999999600, 0.6250000000000001100, -1.082531754730548400 ) ) ;
#4516 = CARTESIAN_POINT ( 'NONE',  ( -3.349999999999999200, -0.9577164262227499900, 1.172864355864533000E-016 ) ) ;
#4517 = DIRECTION ( 'NONE',  ( 0.0000000000000000000, 0.0000000000000000000, 1.000000000000000000 ) ) ;
#4518 = CARTESIAN_POINT ( 'NONE',  ( -3.593749999999999600, 0.4788582131113742800, -0.8294067547305469200 ) ) ;
#4519 = CARTESIAN_POINT ( 'NONE',  ( -6.237499999999999800, -1.250000000000000000, -0.7216878364870316100 ) ) ;
#4520 = CARTESIAN_POINT ( 'NONE',  ( 5.731249999999999300, -1.250000000000000200, 0.7216878364870317200 ) ) ;
#4521 = CARTESIAN_POINT ( 'NONE',  ( -5.056250000000000400, -0.9577164262227502200, -0.5529378364870306500 ) ) ;
#4522 = CARTESIAN_POINT ( 'NONE',  ( 3.840039999999998300, -0.4491341882761457100, -0.8553547197524347100 ) ) ;
#4523 = ORIENTED_EDGE ( 'NONE', *, *, #3593, .T. ) ;
#4524 = ORIENTED_EDGE ( 'NONE', *, *, #781, .F. ) ;
#4525 = CARTESIAN_POINT ( 'NONE',  ( -3.032596189432333200, -0.3349364905389037300, -1.249999999999999600 ) ) ;
#4526 = CARTESIAN_POINT ( 'NONE',  ( -3.856249999999999700, -4.938688641342514700E-016, -1.249999999999999800 ) ) ;
#4527 = DIRECTION ( 'NONE',  ( 0.0000000000000000000, 0.0000000000000000000, -1.000000000000000000 ) ) ;
#4528 = CARTESIAN_POINT ( 'NONE',  ( 5.468750000000000000, 0.6250000000000001100, -1.082531754730548400 ) ) ;
#4529 = CARTESIAN_POINT ( 'NONE',  ( -3.274999999999999500, -0.4788582131113754400, -0.8294067547305463700 ) ) ;
#4530 = CARTESIAN_POINT ( 'NONE',  ( -2.637499999999999300, 0.9577164262227498800, 0.5529378364870308800 ) ) ;
#4531 = EDGE_CURVE ( 'NONE', #1859, #4543, #1633, .T. ) ;
#4532 = CARTESIAN_POINT ( 'NONE',  ( -2.150000000000000800, 1.530808498934191600E-016, -1.250000000000000000 ) ) ;
#4533 = CARTESIAN_POINT ( 'NONE',  ( -4.868749999999999500, 0.9577164262227499900, 0.0000000000000000000 ) ) ;
#4534 = CARTESIAN_POINT ( 'NONE',  ( 4.156250000000000000, 1.250000000000000000, -0.7216878364870320500 ) ) ;
#4535 = EDGE_LOOP ( 'NONE', ( #1533, #1176, #1457 ) ) ;
#4536 = CARTESIAN_POINT ( 'NONE',  ( 6.518749999999999800, -0.4788582131113751100, -0.8294067547305472600 ) ) ;
#4537 = CARTESIAN_POINT ( 'NONE',  ( -6.810229930904689900, -1.405025455978061500, -2.066424524318370100 ) ) ;
#4538 = EDGE_CURVE ( 'NONE', #2600, #2332, #2718, .T. ) ;
#4539 = CARTESIAN_POINT ( 'NONE',  ( 3.106249999999999700, -1.250000000000000000, -0.7216878364870325000 ) ) ;
#4540 = ORIENTED_EDGE ( 'NONE', *, *, #371, .F. ) ;
#4541 = CARTESIAN_POINT ( 'NONE',  ( 6.764871602482932300, 0.9327930241848970700, -0.5952198550475160700 ) ) ;
#4542 = CARTESIAN_POINT ( 'NONE',  ( -7.043749999999999300, -0.6250000000000004400, -1.082531754730548000 ) ) ;
#4543 = VERTEX_POINT ( 'NONE', #2885 ) ;
#4544 = CARTESIAN_POINT ( 'NONE',  ( -6.779584858249396700, -1.113900450003477500, -0.2433317439651025700 ) ) ;
#4545 = AXIS2_PLACEMENT_3D ( 'NONE', #3002, #2241, #4057 ) ;
#4546 = CARTESIAN_POINT ( 'NONE',  ( -6.871727692845873000, -2.385571612819398000, -0.3680687615027755100 ) ) ;
#4547 = CARTESIAN_POINT ( 'NONE',  ( -3.968750000000000000, 0.9577164262227499900, 0.0000000000000000000 ) ) ;
#4548 = CARTESIAN_POINT ( 'NONE',  ( -2.149999999999999900, -0.6250000000000004400, -1.082531754730548000 ) ) ;
#4549 = CARTESIAN_POINT ( 'NONE',  ( 4.132323573777248300, 0.8265807605201338500, -0.9376909119416467800 ) ) ;
#4550 = CARTESIAN_POINT ( 'NONE',  ( 5.806249999999999500, -1.250000000000000000, -0.7216878364870325000 ) ) ;
#4551 = CARTESIAN_POINT ( 'NONE',  ( -6.949999999999999300, 0.0000000000000000000, 0.0000000000000000000 ) ) ;
#4552 = CARTESIAN_POINT ( 'NONE',  ( 4.118750000000001200, -0.4788582131113757200, 0.8294067547305469200 ) ) ;
#4553 = EDGE_LOOP ( 'NONE', ( #1508, #2176, #496, #1482 ) ) ;
#4554 = CARTESIAN_POINT ( 'NONE',  ( 5.206249999999999800, 1.714015469642402100E-015, 1.250000000000000000 ) ) ;
#4555 = CARTESIAN_POINT ( 'NONE',  ( 4.059388542016117500, -1.178511914573585800, 0.1397600538123201000 ) ) ;
#4556 = CARTESIAN_POINT ( 'NONE',  ( -6.049999999999999800, 1.249999999999999800, 0.0000000000000000000 ) ) ;
#4557 = CARTESIAN_POINT ( 'NONE',  ( 6.848879644629446000, 0.2816525894803593700, 0.9838918042860737000 ) ) ;
#4558 = CARTESIAN_POINT ( 'NONE',  ( 5.637500000000001100, -0.9577164262227504400, -0.5529378364870317600 ) ) ;
#4559 = ORIENTED_EDGE ( 'NONE', *, *, #2087, .F. ) ;
#4560 = EDGE_CURVE ( 'NONE', #1022, #2102, #3515, .T. ) ;
#4561 = CARTESIAN_POINT ( 'NONE',  ( -6.706249999999999800, -1.249999999999999800, 0.7216878364870323900 ) ) ;
#4562 = CARTESIAN_POINT ( 'NONE',  ( -6.950000000000000200, 1.727238319854175000, -1.508335473232666800 ) ) ;
#4563 = CARTESIAN_POINT ( 'NONE',  ( 6.536153810567665100, 0.3349364905389027300, 1.250000000000000000 ) ) ;
#4564 = CARTESIAN_POINT ( 'NONE',  ( -2.581249999999998900, 0.9577164262227498800, 0.5529378364870308800 ) ) ;
#4565 = CARTESIAN_POINT ( 'NONE',  ( -7.081249999999999800, 0.9577164262227498800, 0.5529378364870308800 ) ) ;
#4566 = CARTESIAN_POINT ( 'NONE',  ( 5.993750000000000400, 1.250000000000000000, 0.0000000000000000000 ) ) ;
#4567 = ADVANCED_FACE ( 'NONE', ( #62 ), #1128, .T. ) ;
#4568 = CARTESIAN_POINT ( 'NONE',  ( 4.493750000000000400, 0.4788582131113746100, 0.8294067547305475900 ) ) ;
#4569 = B_SPLINE_CURVE_WITH_KNOTS ( 'NONE', 3,
 ( #3131, #3114, #1708, #2013 ),
 .UNSPECIFIED., .F., .F.,
 ( 4, 4 ),
 ( 0.0000000000000000000, 0.0002094663732685489700 ),
 .UNSPECIFIED. ) ;
#4570 = CARTESIAN_POINT ( 'NONE',  ( -6.860744989968465800, -1.511897080250348600, -1.881317441191358200 ) ) ;
#4571 = CARTESIAN_POINT ( 'NONE',  ( 4.662499999999999600, 1.250000000000000000, -0.7216878364870320500 ) ) ;
#4572 = CARTESIAN_POINT ( 'NONE',  ( 6.876866423836766300, -0.3064558150286971200, 0.9492383797375022500 ) ) ;
#4573 = EDGE_CURVE ( 'NONE', #4038, #881, #2960, .T. ) ;
#4574 =( BOUNDED_SURFACE ( )  B_SPLINE_SURFACE ( 1, 2, ( 
 ( #240, #184, #919, #4199, #3120, #2791, #221, #2772, #604, #1313, #4252, #3539, #4219, #621, #2038, #968, #1279, #3527, #1331, #1652, #257, #3173, #987, #3890, #2481, #3580, #3908, #1023, #2459, #651, #271, #2824, #4269, #1731, #2095, #4628, #293, #3191, #3557, #1006, #2843, #1371, #672, #3210, #4127, #1944, #2368, #2737, #4586, #4205, #1722, #2046, #641, #611, #628, #2746, #1339, #3876, #960, #3898, #4258, #2029, #2084, #2010, #3840, #3532, #3179, #2379, #3164, #193, #4568, #1321, #1679, #264, #2435, #577, #975, #3823, #2798, #3860, #4552, #249, #2397, #1657, #3111, #995, #4225, #1704, #2451, #210, #2416, #4242, #3545, #1302, #2763, #2066, #4190, #2814, #1359, #926, #3127, #4600, #3482, #3518, #1288, #592, #941, #230, #1694, #3497, #2780, #3144, #709, #320, #1424, #2154, #1857 ),
 ( #4277, #1738, #3269, #1393, #1134, #4671, #4404, #4621, #1029, #3916, #2522, #677, #2505, #2104, #3220, #1502, #3687, #3585, #338, #3236, #2878, #2467, #3255, #1061, #281, #2832, #3619, #2864, #4635, #3965, #4040, #695, #660, #3198, #3567, #726, #1013, #3930, #2489, #4293, #1755, #302, #1783, #1379, #2850, #1046, #4313, #3603, #2124, #4654, #1405, #4327, #4683, #3949, #2138, #1770, #2536, #353, #2894, #462, #476, #2612, #1189, #3736, #824, #3747, #1576, #4071, #1930, #1872, #3711, #3392, #3033, #4116, #3016, #2236, #1887, #1175, #1532, #122, #4445, #72, #840, #3700, #2658, #3724, #4417, #1903, #2250, #1516, #433, #854, #4085, #1564, #2297, #80, #4431, #4099, #495, #1162, #2628, #1920, #4054, #2670, #3405, #2975, #2988, #4463, #1204, #3377, #796, #3348, #445, #2263, #1545, #1149, #810 ) ),
 .UNSPECIFIED., .F., .F., .F. ) 
 B_SPLINE_SURFACE_WITH_KNOTS ( ( 2, 2 ),
 ( 3, 2, 2, 2, 2, 2, 2, 2, 2, 2, 2, 2, 2, 2, 2, 2, 2, 2, 2, 2, 2, 2, 2, 2, 2, 2, 2, 2, 2, 2, 2, 2, 2, 2, 2, 2, 2, 2, 2, 2, 2, 2, 2, 2, 2, 2, 2, 2, 2, 2, 2, 2, 2, 2, 2, 2, 2, 2, 3 ),
 ( 0.0000000000000000000, 1.000000000000000000 ),
 ( 0.0000000000000000000, 0.01666666666666666600, 0.03333333333333333300, 0.05000000000000000300, 0.06666666666666666600, 0.08333333333333332900, 0.1000000000000000100, 0.1166666666666666700, 0.1333333333333333300, 0.1499999999999999900, 0.1666666666666666600, 0.1833333333333333200, 0.2000000000000000100, 0.2166666666666666700, 0.2333333333333333400, 0.2500000000000000000, 0.2666666666666666600, 0.2833333333333333300, 0.2999999999999999900, 0.3166666666666666500, 0.3333333333333333100, 0.3499999999999999800, 0.3666666666666666400, 0.3833333333333333600, 0.4000000000000000200, 0.4166666666666666900, 0.4333333333333333500, 0.4500000000000000100, 0.4666666666666666700, 0.4833333333333333400, 0.5000000000000000000, 0.5166666666666667200, 0.5333333333333333300, 0.5500000000000000400, 0.5666666666666666500, 0.5833333333333333700, 0.5999999999999999800, 0.6166666666666667000, 0.6333333333333333000, 0.6500000000000000200, 0.6666666666666666300, 0.6833333333333333500, 0.6999999999999999600, 0.7166666666666666700, 0.7333333333333332800, 0.7500000000000000000, 0.7666666666666667200, 0.7833333333333333300, 0.8000000000000000400, 0.8166666666666666500, 0.8333333333333333700, 0.8499999999999999800, 0.8666666666666667000, 0.8833333333333333000, 0.9000000000000000200, 0.9166666666666666300, 0.9333333333333333500, 0.9499999999999999600, 0.9666666666666666700 ),
 .UNSPECIFIED. ) 
 GEOMETRIC_REPRESENTATION_ITEM ( )  RATIONAL_B_SPLINE_SURFACE ( (
 ( 1.000000000000000000, 0.8660254037844387100, 1.000000000000000000, 0.8660254037844387100, 1.000000000000000000, 0.8660254037844387100, 1.000000000000000000, 0.8660254037844387100, 1.000000000000000000, 0.8660254037844387100, 1.000000000000000000, 0.8660254037844387100, 1.000000000000000000, 0.8660254037844387100, 1.000000000000000000, 0.8660254037844387100, 1.000000000000000000, 0.8660254037844387100, 1.000000000000000000, 0.8660254037844387100, 1.000000000000000000, 0.8660254037844387100, 1.000000000000000000, 0.8660254037844387100, 1.000000000000000000, 0.8660254037844387100, 1.000000000000000000, 0.8660254037844387100, 1.000000000000000000, 0.8660254037844387100, 1.000000000000000000, 0.8660254037844387100, 1.000000000000000000, 0.8660254037844387100, 1.000000000000000000, 0.8660254037844387100, 1.000000000000000000, 0.8660254037844387100, 1.000000000000000000, 0.8660254037844387100, 1.000000000000000000, 0.8660254037844387100, 1.000000000000000000, 0.8660254037844387100, 1.000000000000000000, 0.8660254037844387100, 1.000000000000000000, 0.8660254037844387100, 1.000000000000000000, 0.8660254037844387100, 1.000000000000000000, 0.8660254037844387100, 1.000000000000000000, 0.8660254037844387100, 1.000000000000000000, 0.8660254037844387100, 1.000000000000000000, 0.8660254037844387100, 1.000000000000000000, 0.8660254037844387100, 1.000000000000000000, 0.8660254037844387100, 1.000000000000000000, 0.8660254037844387100, 1.000000000000000000, 0.8660254037844387100, 1.000000000000000000, 0.8660254037844387100, 1.000000000000000000, 0.8660254037844387100, 1.000000000000000000, 0.8660254037844387100, 1.000000000000000000, 0.8660254037844387100, 1.000000000000000000, 0.8660254037844387100, 1.000000000000000000, 0.8660254037844387100, 1.000000000000000000, 0.8660254037844387100, 1.000000000000000000, 0.8660254037844387100, 1.000000000000000000, 0.8660254037844387100, 1.000000000000000000, 0.8660254037844387100, 1.000000000000000000, 0.8660254037844387100, 1.000000000000000000, 0.8660254037844387100, 1.000000000000000000, 0.8660254037844387100, 1.000000000000000000, 0.8660254037844387100, 1.000000000000000000, 0.8660254037844387100, 1.000000000000000000, 0.8660254037844387100, 1.000000000000000000, 0.8660254037844387100, 1.000000000000000000, 0.8660254037844387100, 1.000000000000000000, 0.8660254037844387100, 1.000000000000000000, 0.8660254037844387100, 1.000000000000000000, 0.8660254037844387100, 1.000000000000000000, 0.8660254037844387100, 1.000000000000000000, 0.8660254037844387100, 1.000000000000000000, 0.8660254037844387100, 1.000000000000000000, 0.8660254037844387100, 1.000000000000000000),
 ( 1.000000000000000000, 0.8660254037844387100, 1.000000000000000000, 0.8660254037844387100, 1.000000000000000000, 0.8660254037844387100, 1.000000000000000000, 0.8660254037844387100, 1.000000000000000000, 0.8660254037844387100, 1.000000000000000000, 0.8660254037844387100, 1.000000000000000000, 0.8660254037844387100, 1.000000000000000000, 0.8660254037844387100, 1.000000000000000000, 0.8660254037844387100, 1.000000000000000000, 0.8660254037844387100, 1.000000000000000000, 0.8660254037844387100, 1.000000000000000000, 0.8660254037844387100, 1.000000000000000000, 0.8660254037844387100, 1.000000000000000000, 0.8660254037844387100, 1.000000000000000000, 0.8660254037844387100, 1.000000000000000000, 0.8660254037844387100, 1.000000000000000000, 0.8660254037844387100, 1.000000000000000000, 0.8660254037844387100, 1.000000000000000000, 0.8660254037844387100, 1.000000000000000000, 0.8660254037844387100, 1.000000000000000000, 0.8660254037844387100, 1.000000000000000000, 0.8660254037844387100, 1.000000000000000000, 0.8660254037844387100, 1.000000000000000000, 0.8660254037844387100, 1.000000000000000000, 0.8660254037844387100, 1.000000000000000000, 0.8660254037844387100, 1.000000000000000000, 0.8660254037844387100, 1.000000000000000000, 0.8660254037844387100, 1.000000000000000000, 0.8660254037844387100, 1.000000000000000000, 0.8660254037844387100, 1.000000000000000000, 0.8660254037844387100, 1.000000000000000000, 0.8660254037844387100, 1.000000000000000000, 0.8660254037844387100, 1.000000000000000000, 0.8660254037844387100, 1.000000000000000000, 0.8660254037844387100, 1.000000000000000000, 0.8660254037844387100, 1.000000000000000000, 0.8660254037844387100, 1.000000000000000000, 0.8660254037844387100, 1.000000000000000000, 0.8660254037844387100, 1.000000000000000000, 0.8660254037844387100, 1.000000000000000000, 0.8660254037844387100, 1.000000000000000000, 0.8660254037844387100, 1.000000000000000000, 0.8660254037844387100, 1.000000000000000000, 0.8660254037844387100, 1.000000000000000000, 0.8660254037844387100, 1.000000000000000000, 0.8660254037844387100, 1.000000000000000000, 0.8660254037844387100, 1.000000000000000000, 0.8660254037844387100, 1.000000000000000000, 0.8660254037844387100, 1.000000000000000000, 0.8660254037844387100, 1.000000000000000000, 0.8660254037844387100, 1.000000000000000000, 0.8660254037844387100, 1.000000000000000000, 0.8660254037844387100, 1.000000000000000000, 0.8660254037844387100, 1.000000000000000000, 0.8660254037844387100, 1.000000000000000000, 0.8660254037844387100, 1.000000000000000000, 0.8660254037844387100, 1.000000000000000000, 0.8660254037844387100, 1.000000000000000000) ) ) 
 REPRESENTATION_ITEM ( '' )  SURFACE ( )  );
#4575 = CARTESIAN_POINT ( 'NONE',  ( 5.187500000000000000, -0.9577164262227504400, -0.5529378364870317600 ) ) ;
#4576 = FACE_OUTER_BOUND ( 'NONE', #1553, .T. ) ;
#4577 = CARTESIAN_POINT ( 'NONE',  ( 5.450000000000000200, 0.4788582131113746100, 0.8294067547305475900 ) ) ;
#4578 = CARTESIAN_POINT ( 'NONE',  ( -6.949999999999999300, 1.948557158514987000, -1.124999999999999100 ) ) ;
#4579 = CIRCLE ( 'NONE', #1873, 2.249999999999999600 ) ;
#4580 = DIRECTION ( 'NONE',  ( -1.000000000000000000, -0.0000000000000000000, -0.0000000000000000000 ) ) ;
#4581 = CARTESIAN_POINT ( 'NONE',  ( -5.599999999999999600, 1.249999999999999800, 0.0000000000000000000 ) ) ;
#4582 = CARTESIAN_POINT ( 'NONE',  ( 3.799999999999999800, 1.250000000000000000, 0.0000000000000000000 ) ) ;
#4583 = CARTESIAN_POINT ( 'NONE',  ( -4.756249999999998800, -4.938688641342514700E-016, -1.249999999999999800 ) ) ;
#4584 = CARTESIAN_POINT ( 'NONE',  ( 5.618749999999999500, 0.6249999999999991100, 1.082531754730548900 ) ) ;
#4585 = CARTESIAN_POINT ( 'NONE',  ( -4.718750000000000000, 0.6249999999999990000, -1.082531754730548600 ) ) ;
#4586 = CARTESIAN_POINT ( 'NONE',  ( 5.318750000000000500, 0.9577164262227506600, 0.0000000000000000000 ) ) ;
#4587 = CARTESIAN_POINT ( 'NONE',  ( 3.181250000000000400, 8.838126989374223500E-017, -1.443375672974064300 ) ) ;
#4588 = EDGE_CURVE ( 'NONE', #999, #1358, #3937, .T. ) ;
#4589 = CARTESIAN_POINT ( 'NONE',  ( 4.053578513015004600, -1.144724897035522800, 0.2900614830002502000 ) ) ;
#4590 = CARTESIAN_POINT ( 'NONE',  ( 6.556249999999998600, -4.938688641342514700E-016, 1.250000000000000000 ) ) ;
#4591 = CARTESIAN_POINT ( 'NONE',  ( 6.762500000000001100, 0.9577164262227503300, 0.5529378364870319900 ) ) ;
#4592 = ADVANCED_FACE ( 'NONE', ( #4415 ), #1847, .T. ) ;
#4593 = CARTESIAN_POINT ( 'NONE',  ( 4.962499999999999500, 0.9577164262227503300, 0.5529378364870319900 ) ) ;
#4594 = CARTESIAN_POINT ( 'NONE',  ( 2.909890482895484400, -1.088239287467952100, 2.250000000000000400 ) ) ;
#4595 = AXIS2_PLACEMENT_3D ( 'NONE', #2197, #424, #1832 ) ;
#4596 = CARTESIAN_POINT ( 'NONE',  ( -5.562499999999999100, 1.250000000000000000, 0.7216878364870319400 ) ) ;
#4597 = CARTESIAN_POINT ( 'NONE',  ( 6.106250000000001100, 6.771535515813057500E-017, -1.105875672974062900 ) ) ;
#4598 = CARTESIAN_POINT ( 'NONE',  ( 4.306249999999999500, -2.651438096812267400E-016, 1.443375672974064300 ) ) ;
#4599 = CARTESIAN_POINT ( 'NONE',  ( -2.975000000000000100, 0.6249999999999990000, -1.082531754730548600 ) ) ;
#4600 = CARTESIAN_POINT ( 'NONE',  ( 3.331250000000000700, -0.9577164262227504400, -0.5529378364870317600 ) ) ;
#4602 = ORIENTED_EDGE ( 'NONE', *, *, #4673, .T. ) ;
#4601 = CARTESIAN_POINT ( 'NONE',  ( -4.718750000000000000, 0.6249999999999990000, -1.082531754730548600 ) ) ;
#4603 = PERSON ( 'UNSPECIFIED', 'UNSPECIFIED', 'UNSPECIFIED', ('UNSPECIFIED'), ('UNSPECIFIED'), ('UNSPECIFIED') ) ;
#4604 = CARTESIAN_POINT ( 'NONE',  ( -3.462499999999999900, -4.938688641342514700E-016, -1.249999999999999800 ) ) ;
#4605 = DIRECTION ( 'NONE',  ( -1.000000000000000000, -0.0000000000000000000, -0.0000000000000000000 ) ) ;
#4606 = CARTESIAN_POINT ( 'NONE',  ( -5.282596189432333700, -0.3349364905389026200, -1.249999999999999800 ) ) ;
#4607 = CARTESIAN_POINT ( 'NONE',  ( 5.412500000000000500, 0.9577164262227503300, 0.5529378364870319900 ) ) ;
#4608 = CARTESIAN_POINT ( 'NONE',  ( -6.762499999999999300, -1.249999999999999600, 0.7216878364870325000 ) ) ;
#4609 = CARTESIAN_POINT ( 'NONE',  ( 5.299999999999999800, 0.4788582131113754400, -0.8294067547305471500 ) ) ;
#4610 = CARTESIAN_POINT ( 'NONE',  ( -6.749038105676658200, 1.299038105676658400, -2.250000000000001300 ) ) ;
#4611 = APPROVAL ( #828, 'UNSPECIFIED' ) ;
#4612 = CARTESIAN_POINT ( 'NONE',  ( -4.399999999999999500, 0.4788582131113751100, 0.8294067547305464800 ) ) ;
#4613 = CARTESIAN_POINT ( 'NONE',  ( 4.132323573777248300, 0.0000000000000000000, 0.0000000000000000000 ) ) ;
#4614 = CARTESIAN_POINT ( 'NONE',  ( -4.887499999999999300, -1.250000000000000000, -0.7216878364870315000 ) ) ;
#4615 = CARTESIAN_POINT ( 'NONE',  ( 7.043749999999999300, 0.4788582131113754400, -0.8294067547305471500 ) ) ;
#4616 = EDGE_LOOP ( 'NONE', ( #2637, #4006, #663 ) ) ;
#4617 = VERTEX_POINT ( 'NONE', #783 ) ;
#4618 = CARTESIAN_POINT ( 'NONE',  ( 4.006249999999999600, -1.250000000000000000, -0.7216878364870325000 ) ) ;
#4619 = DIRECTION ( 'NONE',  ( 0.7071067811865464600, 0.0000000000000000000, -0.7071067811865486800 ) ) ;
#4620 = ADVANCED_FACE ( 'NONE', ( #794 ), #2445, .F. ) ;
#4621 = CARTESIAN_POINT ( 'NONE',  ( 6.912500000000000500, -0.9577164262227507700, 0.5529378364870311000 ) ) ;
#4622 = CARTESIAN_POINT ( 'NONE',  ( -6.106249999999999300, -2.651438096812266900E-016, -1.443375672974064100 ) ) ;
#4623 = ORIENTED_EDGE ( 'NONE', *, *, #1649, .T. ) ;
#4624 = CARTESIAN_POINT ( 'NONE',  ( -3.781250000000000000, 1.249999999999999300, -0.7216878364870328300 ) ) ;
#4625 = CARTESIAN_POINT ( 'NONE',  ( 6.237499999999999800, 0.9577164262227506600, -0.5529378364870313200 ) ) ;
#4626 = EDGE_CURVE ( 'NONE', #120, #1611, #1805, .T. ) ;
#4627 = ORIENTED_EDGE ( 'NONE', *, *, #1498, .F. ) ;
#4628 = CARTESIAN_POINT ( 'NONE',  ( 5.806250000000000400, 0.9577164262227503300, 0.5529378364870319900 ) ) ;
#4629 = CARTESIAN_POINT ( 'NONE',  ( -3.199999999999999700, 0.4788582131113742800, -0.8294067547305469200 ) ) ;
#4630 = CARTESIAN_POINT ( 'NONE',  ( -6.606916426222748700, 1.522772014783827600E-012, 0.9577164262227501100 ) ) ;
#4631 = CARTESIAN_POINT ( 'NONE',  ( -6.762499999999999300, -1.249999999999999800, 0.7216878364870323900 ) ) ;
#4632 = CARTESIAN_POINT ( 'NONE',  ( 6.181250000000001200, 0.9577164262227506600, -0.5529378364870313200 ) ) ;
#4633 = AXIS2_PLACEMENT_3D ( 'NONE', #4056, #4041, #2976 ) ;
#4634 = CARTESIAN_POINT ( 'NONE',  ( 3.518749999999999800, -1.250000000000000000, -1.530808498934191600E-016 ) ) ;
#4635 = CARTESIAN_POINT ( 'NONE',  ( 6.125000000000000000, -0.4788582131113751100, -0.8294067547305472600 ) ) ;
#4636 = CARTESIAN_POINT ( 'NONE',  ( -4.306249999999999500, -2.651438096812266900E-016, -1.443375672974064100 ) ) ;
#4637 = B_SPLINE_CURVE_WITH_KNOTS ( 'NONE', 3,
 ( #3780, #564, #1214, #2735, #1602, #4124 ),
 .UNSPECIFIED., .F., .F.,
 ( 4, 2, 4 ),
 ( 0.001314652396222797800, 0.001969405109320637600, 0.002624157822418477300 ),
 .UNSPECIFIED. ) ;
#4638 = CARTESIAN_POINT ( 'NONE',  ( 2.849038105676659200, 1.299038105676657600, 2.250000000000000900 ) ) ;
#4639 = VECTOR ( 'NONE', #3414, 1000.000000000000000 ) ;
#4640 = CIRCLE ( 'NONE', #2371, 2.249999999999999600 ) ;
#4641 = CARTESIAN_POINT ( 'NONE',  ( 3.050000000000000300, 1.948557158514986300, 1.125000000000000400 ) ) ;
#4642 = CARTESIAN_POINT ( 'NONE',  ( 5.862499999999999800, -1.250000000000000000, -0.7216878364870325000 ) ) ;
#4643 = CARTESIAN_POINT ( 'NONE',  ( 3.856974362820864100, 0.1355373915955966600, -0.9746507890436158000 ) ) ;
#4644 = CARTESIAN_POINT ( 'NONE',  ( 3.050000000000000300, 0.0000000000000000000, 0.0000000000000000000 ) ) ;
#4645 = CARTESIAN_POINT ( 'NONE',  ( -5.093749999999999100, 1.249999999999999800, 0.0000000000000000000 ) ) ;
#4646 = ORIENTED_EDGE ( 'NONE', *, *, #2387, .F. ) ;
#4647 = ORIENTED_EDGE ( 'NONE', *, *, #2493, .F. ) ;
#4648 = ADVANCED_FACE ( 'NONE', ( #1964 ), #4024, .T. ) ;
#4649 = CARTESIAN_POINT ( 'NONE',  ( -4.662499999999998800, -0.9577164262227502200, -0.5529378364870306500 ) ) ;
#4650 = CARTESIAN_POINT ( 'NONE',  ( -3.611153810567665700, -0.3349364905389030600, 1.249999999999999800 ) ) ;
#4651 = CARTESIAN_POINT ( 'NONE',  ( -6.837499999999999500, 8.838126989374222200E-017, 1.443375672974064100 ) ) ;
#4652 = CARTESIAN_POINT ( 'NONE',  ( 3.087499999999999900, -1.250000000000000200, 0.7216878364870317200 ) ) ;
#4653 = CARTESIAN_POINT ( 'NONE',  ( 5.056250000000000400, 1.250000000000000000, -0.7216878364870320500 ) ) ;
#4654 = CARTESIAN_POINT ( 'NONE',  ( 5.337500000000000400, 0.9577164262227506600, -0.5529378364870313200 ) ) ;
#4655 = CARTESIAN_POINT ( 'NONE',  ( -5.768749999999999800, -1.249999999999999800, 1.530808498934191300E-016 ) ) ;
#4656 = CARTESIAN_POINT ( 'NONE',  ( 3.050000000000000300, 1.948557158514986300, 1.125000000000000400 ) ) ;
#4657 = ORIENTED_EDGE ( 'NONE', *, *, #2613, .F. ) ;
#4658 = EDGE_CURVE ( 'NONE', #1843, #455, #1520, .T. ) ;
#4659 = CARTESIAN_POINT ( 'NONE',  ( -6.949999999999999300, -1.948557158514987200, 1.124999999999998900 ) ) ;
#4660 = CARTESIAN_POINT ( 'NONE',  ( 6.274999999999999500, -1.250000000000000000, -1.530808498934191600E-016 ) ) ;
#4661 = ORIENTED_EDGE ( 'NONE', *, *, #4084, .F. ) ;
#4662 = CARTESIAN_POINT ( 'NONE',  ( 6.702935296630384300, -0.5937183623083559500, 1.008781948021418400 ) ) ;
#4663 = AXIS2_PLACEMENT_3D ( 'NONE', #1871, #56, #419 ) ;
#4664 = CARTESIAN_POINT ( 'NONE',  ( -4.137499999999998400, -2.031460654743915200E-016, -1.105875672974062000 ) ) ;
#4665 = CARTESIAN_POINT ( 'NONE',  ( -3.593749999999999600, -0.6249999999999995600, 1.082531754730548400 ) ) ;
#4666 = CARTESIAN_POINT ( 'NONE',  ( -3.349999999999999600, 1.249999999999999800, 0.0000000000000000000 ) ) ;
#4667 = CARTESIAN_POINT ( 'NONE',  ( 6.031250000000000000, -0.9577164262227504400, -0.5529378364870317600 ) ) ;
#4668 = CARTESIAN_POINT ( 'NONE',  ( -2.487500000000000300, 1.249999999999999300, -0.7216878364870328300 ) ) ;
#4669 = CIRCLE ( 'NONE', #1472, 1.250000000000000000 ) ;
#4670 = ADVANCED_FACE ( 'NONE', ( #1351 ), #849, .T. ) ;
#4671 = CARTESIAN_POINT ( 'NONE',  ( 6.987499999999999800, -0.9577164262227504400, -0.5529378364870317600 ) ) ;
#4672 = CARTESIAN_POINT ( 'NONE',  ( -5.393749999999998900, -0.6249999999999995600, 1.082531754730548400 ) ) ;
#4673 = EDGE_CURVE ( 'NONE', #3925, #2689, #3659, .T. ) ;
#4674 = CARTESIAN_POINT ( 'NONE',  ( 5.450000000000000200, -0.6249999999999996700, -1.082531754730548400 ) ) ;
#4675 = CARTESIAN_POINT ( 'NONE',  ( 3.970984910727940200, 0.5392661737914471500, 0.9842111779789554100 ) ) ;
#4676 = CARTESIAN_POINT ( 'NONE',  ( -3.574999999999999300, 0.9577164262227499900, 0.0000000000000000000 ) ) ;
#4677 = ORIENTED_EDGE ( 'NONE', *, *, #117, .T. ) ;
#4678 = CARTESIAN_POINT ( 'NONE',  ( 6.723941643233266600, -0.7167927722212494900, 0.8989071734194467000 ) ) ;
#4679 = CARTESIAN_POINT ( 'NONE',  ( -5.731249999999999300, 0.9577164262227498800, 0.5529378364870308800 ) ) ;
#4680 = EDGE_LOOP ( 'NONE', ( #2486, #3983, #2826, #4311 ) ) ;
#4681 = CARTESIAN_POINT ( 'NONE',  ( -4.212499999999999500, 1.250000000000000000, 0.7216878364870319400 ) ) ;
#4682 = CARTESIAN_POINT ( 'NONE',  ( -4.756249999999998800, -4.938688641342514700E-016, -1.249999999999999800 ) ) ;
#4683 = CARTESIAN_POINT ( 'NONE',  ( 5.225000000000000500, -0.4788582131113751100, -0.8294067547305472600 ) ) ;
#4684 = CARTESIAN_POINT ( 'NONE',  ( -3.368750000000000400, 0.6249999999999990000, -1.082531754730548600 ) ) ;
ENDSEC;
END-ISO-10303-21;
